sample_id,contract_key,chain_scope,event_time,label,raw_fast,raw_deep,calibrated_fast,final_score,prediction,deep_executed,mc_variance,local_ms,deep_ms,latency_ms
ethereum:0xd0d6d6c5fe4a677d343cc433536bb717bae167dd:1709109539:0:0x93b2eb77faa8887d2e4d1579b0c63b962c38d246e66583d1d189193abe629c61,ethereum:0xd0d6d6c5fe4a677d343cc433536bb717bae167dd,ethereum,1497902038,0,0.4489120841026306,0.5621482729911804,0.09441922710305614,0.2389628323550472,0,True,0.0,2.53995,4.260763,8.025968
ethereum:0xd0d6d6c5fe4a677d343cc433536bb717bae167dd:1709109539:1:0x7532eff1e0b5c89978d9e831b966ca08e562f13d6fa67c09940633537a5dfdae,ethereum:0xd0d6d6c5fe4a677d343cc433536bb717bae167dd,ethereum,1497902112,0,0.4663925766944885,0.5925175547599792,0.11171726959156247,0.29605166592171045,0,True,0.0,1.83529,4.365966,6.98181
ethereum:0xd0d6d6c5fe4a677d343cc433536bb717bae167dd:1709109539:2:0x7532eff1e0b5c89978d9e831b966ca08e562f13d6fa67c09940633537a5dfdae,ethereum:0xd0d6d6c5fe4a677d343cc433536bb717bae167dd,ethereum,1497902112,0,0.4663925766944885,0.5925175547599792,0.11171726959156247,0.29605166592171045,0,True,0.0,1.895697,4.073066,6.737212
ethereum:0xd0d6d6c5fe4a677d343cc433536bb717bae167dd:1709109539:3:0x7532eff1e0b5c89978d9e831b966ca08e562f13d6fa67c09940633537a5dfdae,ethereum:0xd0d6d6c5fe4a677d343cc433536bb717bae167dd,ethereum,1497902112,0,0.4663925766944885,0.592517614364624,0.11171726959156247,0.2960517556799052,0,True,0.0,1.894221,15.869264,18.527613
ethereum:0xd0d6d6c5fe4a677d343cc433536bb717bae167dd:1709109539:4:0x7532eff1e0b5c89978d9e831b966ca08e562f13d6fa67c09940633537a5dfdae,ethereum:0xd0d6d6c5fe4a677d343cc433536bb717bae167dd,ethereum,1497902112,0,0.4663925766944885,0.592517614364624,0.11171726959156247,0.2960517556799052,0,True,0.0,2.17114,4.364625,7.357146
ethereum:0xd0d6d6c5fe4a677d343cc433536bb717bae167dd:1709109539:5:0x7532eff1e0b5c89978d9e831b966ca08e562f13d6fa67c09940633537a5dfdae,ethereum:0xd0d6d6c5fe4a677d343cc433536bb717bae167dd,ethereum,1497902112,0,0.4663925766944885,0.5925175547599792,0.11171726959156247,0.29605166592171045,0,True,0.0,2.145135,3.859299,6.805053
ethereum:0xd0d6d6c5fe4a677d343cc433536bb717bae167dd:1709109539:6:0x7532eff1e0b5c89978d9e831b966ca08e562f13d6fa67c09940633537a5dfdae,ethereum:0xd0d6d6c5fe4a677d343cc433536bb717bae167dd,ethereum,1497902112,0,0.4663925766944885,0.5925175547599792,0.11171726959156247,0.29605166592171045,0,True,0.0,2.100854,3.876365,6.763389
ethereum:0xd0d6d6c5fe4a677d343cc433536bb717bae167dd:1709109539:7:0x7532eff1e0b5c89978d9e831b966ca08e562f13d6fa67c09940633537a5dfdae,ethereum:0xd0d6d6c5fe4a677d343cc433536bb717bae167dd,ethereum,1497902112,0,0.4663925766944885,0.5925175547599792,0.11171726959156247,0.29605166592171045,0,True,0.0,2.13703,4.25526,7.218098
ethereum:0xd0d6d6c5fe4a677d343cc433536bb717bae167dd:1709109539:8:0x7532eff1e0b5c89978d9e831b966ca08e562f13d6fa67c09940633537a5dfdae,ethereum:0xd0d6d6c5fe4a677d343cc433536bb717bae167dd,ethereum,1497902112,0,0.4663925766944885,0.592517614364624,0.11171726959156247,0.2960517556799052,0,True,0.0,1.908711,3.724631,6.345293
ethereum:0xd0d6d6c5fe4a677d343cc433536bb717bae167dd:1709109539:9:0x7532eff1e0b5c89978d9e831b966ca08e562f13d6fa67c09940633537a5dfdae,ethereum:0xd0d6d6c5fe4a677d343cc433536bb717bae167dd,ethereum,1497902112,0,0.4663925766944885,0.5925175547599792,0.11171726959156247,0.29605166592171045,0,True,0.0,2.02968,3.743919,6.468504
ethereum:0xd0d6d6c5fe4a677d343cc433536bb717bae167dd:1709109539:10:0x7532eff1e0b5c89978d9e831b966ca08e562f13d6fa67c09940633537a5dfdae,ethereum:0xd0d6d6c5fe4a677d343cc433536bb717bae167dd,ethereum,1497902112,0,0.4663925766944885,0.5925175547599792,0.11171726959156247,0.29605166592171045,0,True,0.0,1.776504,3.75906,6.191091
ethereum:0xd0d6d6c5fe4a677d343cc433536bb717bae167dd:1709109539:11:0x7532eff1e0b5c89978d9e831b966ca08e562f13d6fa67c09940633537a5dfdae,ethereum:0xd0d6d6c5fe4a677d343cc433536bb717bae167dd,ethereum,1497902112,0,0.4663925766944885,0.592517614364624,0.11171726959156247,0.2960517556799052,0,True,0.0,1.757439,15.526353,18.010308
ethereum:0xd0d6d6c5fe4a677d343cc433536bb717bae167dd:1709109539:12:0x7532eff1e0b5c89978d9e831b966ca08e562f13d6fa67c09940633537a5dfdae,ethereum:0xd0d6d6c5fe4a677d343cc433536bb717bae167dd,ethereum,1497902112,0,0.4663925766944885,0.592517614364624,0.11171726959156247,0.2960517556799052,0,True,0.0,2.15587,4.413894,7.4901
ethereum:0xd0d6d6c5fe4a677d343cc433536bb717bae167dd:1709109539:13:0x7532eff1e0b5c89978d9e831b966ca08e562f13d6fa67c09940633537a5dfdae,ethereum:0xd0d6d6c5fe4a677d343cc433536bb717bae167dd,ethereum,1497902112,0,0.4663925766944885,0.5925175547599792,0.11171726959156247,0.29605166592171045,0,True,0.0,2.08258,3.644923,6.412957
ethereum:0xd0d6d6c5fe4a677d343cc433536bb717bae167dd:1709109539:14:0x7532eff1e0b5c89978d9e831b966ca08e562f13d6fa67c09940633537a5dfdae,ethereum:0xd0d6d6c5fe4a677d343cc433536bb717bae167dd,ethereum,1497902112,0,0.4663925766944885,0.5925175547599792,0.11171726959156247,0.29605166592171045,0,True,0.0,2.398433,3.718417,6.823992
ethereum:0xd0d6d6c5fe4a677d343cc433536bb717bae167dd:1709109539:15:0x7532eff1e0b5c89978d9e831b966ca08e562f13d6fa67c09940633537a5dfdae,ethereum:0xd0d6d6c5fe4a677d343cc433536bb717bae167dd,ethereum,1497902112,0,0.4663925766944885,0.5925175547599792,0.11171726959156247,0.29605166592171045,0,True,0.0,1.859065,3.498671,6.045511
ethereum:0xd0d6d6c5fe4a677d343cc433536bb717bae167dd:1709109539:16:0x7532eff1e0b5c89978d9e831b966ca08e562f13d6fa67c09940633537a5dfdae,ethereum:0xd0d6d6c5fe4a677d343cc433536bb717bae167dd,ethereum,1497902112,0,0.4663925766944885,0.592517614364624,0.11171726959156247,0.2960517556799052,0,True,0.0,1.898587,3.936952,6.598862
ethereum:0xd0d6d6c5fe4a677d343cc433536bb717bae167dd:1709109539:17:0x7532eff1e0b5c89978d9e831b966ca08e562f13d6fa67c09940633537a5dfdae,ethereum:0xd0d6d6c5fe4a677d343cc433536bb717bae167dd,ethereum,1497902112,0,0.4663925766944885,0.5925175547599792,0.11171726959156247,0.29605166592171045,0,True,0.0,1.9114,3.728593,6.384089
ethereum:0xd0d6d6c5fe4a677d343cc433536bb717bae167dd:1709109539:18:0x7532eff1e0b5c89978d9e831b966ca08e562f13d6fa67c09940633537a5dfdae,ethereum:0xd0d6d6c5fe4a677d343cc433536bb717bae167dd,ethereum,1497902112,0,0.4663925766944885,0.5925175547599792,0.11171726959156247,0.29605166592171045,0,True,0.0,1.978845,3.836932,6.666814
ethereum:0xd0d6d6c5fe4a677d343cc433536bb717bae167dd:1709109539:19:0x7532eff1e0b5c89978d9e831b966ca08e562f13d6fa67c09940633537a5dfdae,ethereum:0xd0d6d6c5fe4a677d343cc433536bb717bae167dd,ethereum,1497902112,0,0.4663925766944885,0.592517614364624,0.11171726959156247,0.2960517556799052,0,True,0.0,1.88223,3.484344,6.052858
ethereum:0xd0d6d6c5fe4a677d343cc433536bb717bae167dd:1709109539:20:0x7532eff1e0b5c89978d9e831b966ca08e562f13d6fa67c09940633537a5dfdae,ethereum:0xd0d6d6c5fe4a677d343cc433536bb717bae167dd,ethereum,1497902112,0,0.4663925766944885,0.592517614364624,0.11171726959156247,0.2960517556799052,0,True,0.0,13.354438,4.340929,18.443155
ethereum:0xd0d6d6c5fe4a677d343cc433536bb717bae167dd:1709109539:21:0x7532eff1e0b5c89978d9e831b966ca08e562f13d6fa67c09940633537a5dfdae,ethereum:0xd0d6d6c5fe4a677d343cc433536bb717bae167dd,ethereum,1497902112,0,0.4663925766944885,0.5925175547599792,0.11171726959156247,0.29605166592171045,0,True,0.0,2.054766,3.730637,6.60336
ethereum:0xd0d6d6c5fe4a677d343cc433536bb717bae167dd:1709109539:22:0x7532eff1e0b5c89978d9e831b966ca08e562f13d6fa67c09940633537a5dfdae,ethereum:0xd0d6d6c5fe4a677d343cc433536bb717bae167dd,ethereum,1497902112,0,0.4663925766944885,0.5925175547599792,0.11171726959156247,0.29605166592171045,0,True,0.0,1.969421,4.091538,6.839454
ethereum:0xd0d6d6c5fe4a677d343cc433536bb717bae167dd:1709109539:23:0x7532eff1e0b5c89978d9e831b966ca08e562f13d6fa67c09940633537a5dfdae,ethereum:0xd0d6d6c5fe4a677d343cc433536bb717bae167dd,ethereum,1497902112,0,0.4663925766944885,0.592517614364624,0.11171726959156247,0.2960517556799052,0,True,0.0,1.824649,3.814647,6.333512
ethereum:0xd0d6d6c5fe4a677d343cc433536bb717bae167dd:1709109539:24:0x7532eff1e0b5c89978d9e831b966ca08e562f13d6fa67c09940633537a5dfdae,ethereum:0xd0d6d6c5fe4a677d343cc433536bb717bae167dd,ethereum,1497902112,0,0.4663925766944885,0.592517614364624,0.11171726959156247,0.2960517556799052,0,True,0.0,1.869506,3.588351,6.113166
ethereum:0xd0d6d6c5fe4a677d343cc433536bb717bae167dd:1709109539:25:0x7532eff1e0b5c89978d9e831b966ca08e562f13d6fa67c09940633537a5dfdae,ethereum:0xd0d6d6c5fe4a677d343cc433536bb717bae167dd,ethereum,1497902112,0,0.4663925766944885,0.5925175547599792,0.11171726959156247,0.29605166592171045,0,True,0.0,1.718329,3.688012,6.062044
ethereum:0xd0d6d6c5fe4a677d343cc433536bb717bae167dd:1709109539:26:0x7532eff1e0b5c89978d9e831b966ca08e562f13d6fa67c09940633537a5dfdae,ethereum:0xd0d6d6c5fe4a677d343cc433536bb717bae167dd,ethereum,1497902112,0,0.4663925766944885,0.5925175547599792,0.11171726959156247,0.29605166592171045,0,True,0.0,1.700783,3.853317,6.224436
ethereum:0xd0d6d6c5fe4a677d343cc433536bb717bae167dd:1709109539:27:0x7532eff1e0b5c89978d9e831b966ca08e562f13d6fa67c09940633537a5dfdae,ethereum:0xd0d6d6c5fe4a677d343cc433536bb717bae167dd,ethereum,1497902112,0,0.4663925766944885,0.592517614364624,0.11171726959156247,0.2960517556799052,0,True,0.0,1.837493,3.725248,6.22992
ethereum:0xd0d6d6c5fe4a677d343cc433536bb717bae167dd:1709109539:28:0x7532eff1e0b5c89978d9e831b966ca08e562f13d6fa67c09940633537a5dfdae,ethereum:0xd0d6d6c5fe4a677d343cc433536bb717bae167dd,ethereum,1497902112,0,0.4663925766944885,0.592517614364624,0.11171726959156247,0.2960517556799052,0,True,0.0,1.820872,15.675324,18.19791
ethereum:0xd0d6d6c5fe4a677d343cc433536bb717bae167dd:1709109539:29:0x7532eff1e0b5c89978d9e831b966ca08e562f13d6fa67c09940633537a5dfdae,ethereum:0xd0d6d6c5fe4a677d343cc433536bb717bae167dd,ethereum,1497902112,0,0.4663925766944885,0.5925175547599792,0.11171726959156247,0.29605166592171045,0,True,0.0,2.041434,4.217451,7.129785
ethereum:0xea610b1153477720748dc13ed378003941d84fab:1709108495:0:0x372eb7f382f696d778277919b1ac444d217016ef71363ca7c1596088ae489835,ethereum:0xea610b1153477720748dc13ed378003941d84fab,ethereum,1503680140,0,0.9897298812866211,0.7182673215866089,0.9999709562026756,0.9940678617294184,1,True,0.0,1.890134,3.46822,6.044154
ethereum:0xea610b1153477720748dc13ed378003941d84fab:1709108495:1:0x542b6be8351fcbe9d6640e2b036031d539c974f8f0fdb47173e6441aba12e04a,ethereum:0xea610b1153477720748dc13ed378003941d84fab,ethereum,1503680158,0,0.9732891917228699,0.7167133688926697,0.99961328877116,0.9832481626451227,1,True,0.0,2.077649,3.950793,6.776492
ethereum:0xea610b1153477720748dc13ed378003941d84fab:1709108495:2:0x9197348892979d96fd48d1c7f443e63930fc9c8fddae5f450736bd69622e159d,ethereum:0xea610b1153477720748dc13ed378003941d84fab,ethereum,1503680158,0,0.9350897669792175,0.7129307389259338,0.995444992187775,0.9548596398310404,1,True,0.0,2.003723,4.403578,7.485466
ethereum:0xea610b1153477720748dc13ed378003941d84fab:1709108495:3:0x2e27f7c2f5a300e98ef4e8a56f83725a45744b188a446442a664921c65910f94,ethereum:0xea610b1153477720748dc13ed378003941d84fab,ethereum,1503753517,0,0.8660783767700195,0.7074301242828369,0.9628430697004863,0.8958810297878858,1,True,0.0,2.073749,4.10944,7.073954
ethereum:0xea610b1153477720748dc13ed378003941d84fab:1709108495:4:0xd909b41e4379e1129c4207548964178c114303f6e0a7faf61682f86b8cd4e65c,ethereum:0xea610b1153477720748dc13ed378003941d84fab,ethereum,1503757927,0,0.7880620956420898,0.7023190259933472,0.8558652541329583,0.8205470837621999,1,True,0.0,1.849521,3.810539,6.424762
ethereum:0xea610b1153477720748dc13ed378003941d84fab:1709108495:5:0x10c1194d503110df92a0db09f03c1aa312be011d479f0cc5101e90154befabdd,ethereum:0xea610b1153477720748dc13ed378003941d84fab,ethereum,1503838528,0,0.7318438291549683,0.6918237209320068,0.7227161095135399,0.7510060620751611,1,True,0.0,1.762574,4.987282,7.64935
ethereum:0xea610b1153477720748dc13ed378003941d84fab:1709108495:6:0xcb5f07f781b2e300efbc5d4ac9f498ed18b21d5275710b408b18a098d0664ac3,ethereum:0xea610b1153477720748dc13ed378003941d84fab,ethereum,1503934501,0,0.7095659971237183,0.6904653906822205,0.6599814441276207,0.726110712840275,1,True,0.0,2.357195,15.937381,19.531297
ethereum:0xea610b1153477720748dc13ed378003941d84fab:1709108495:7:0x7ebd9ac383a45d14c30494e85c9f3e276e58a6b4481cdfad746bfb7e5a858152,ethereum:0xea610b1153477720748dc13ed378003941d84fab,ethereum,1504110024,0,0.7132917642593384,0.6898728013038635,0.6707383588554824,0.7289831854207595,1,True,0.0,3.096306,3.717891,7.593984
ethereum:0xea610b1153477720748dc13ed378003941d84fab:1709108495:8:0x57a92ed9cb9cfafd802889224702c4e718acc74c8af7d07275091047daa30343,ethereum:0xea610b1153477720748dc13ed378003941d84fab,ethereum,1504232468,0,0.8779133558273315,0.7094784379005432,0.9717276835382742,0.9074219541638131,1,True,0.0,1.839317,4.323728,6.943063
ethereum:0xea610b1153477720748dc13ed378003941d84fab:1709108495:9:0xf9116edd65c335970bef3261464ce387abce48d2545862b2ed3197e8efa93e5c,ethereum:0xea610b1153477720748dc13ed378003941d84fab,ethereum,1504234105,0,0.9241591095924377,0.7138829827308655,0.992905605981571,0.9469323516064756,1,True,0.0,1.87767,5.198423,7.921857
ethereum:0xea610b1153477720748dc13ed378003941d84fab:1709108495:10:0x8db6e71ea4245f7b9a65af5b4a344d03157fcf2a92ffeaa0498fb843ead2e628,ethereum:0xea610b1153477720748dc13ed378003941d84fab,ethereum,1504250385,0,0.9447954297065735,0.7154536247253418,0.9971158183424488,0.9629172545970519,1,True,0.0,1.742312,3.785032,6.284003
ethereum:0xea610b1153477720748dc13ed378003941d84fab:1709108495:11:0xdc76dc28a10e896cff26aba99085b20a2325e328c404fdbcc21d75896f0b6a3b,ethereum:0xea610b1153477720748dc13ed378003941d84fab,ethereum,1504253176,0,0.9561443328857422,0.7165876030921936,0.9984839107027933,0.971372338395583,1,True,0.0,2.106828,3.830597,6.665318
ethereum:0xea610b1153477720748dc13ed378003941d84fab:1709108495:12:0xd6c2eff77beb54dde0e0f4dd909fb6f8be18d2e61ccdb87e6a2f51b3f3ef5c89,ethereum:0xea610b1153477720748dc13ed378003941d84fab,ethereum,1504260573,0,0.9631133079528809,0.717051088809967,0.9990613645298805,0.9763471832687096,1,True,0.0,2.089914,3.645104,6.525313
ethereum:0xea610b1153477720748dc13ed378003941d84fab:1709108495:13:0xd17a2f5f5158e9180e3bb2a3cbeb4bceaa9316e07561eb5c51382bb88b4258e3,ethereum:0xea610b1153477720748dc13ed378003941d84fab,ethereum,1504264885,0,0.9562642574310303,0.7151105999946594,0.9984954077890691,0.9711036509292055,1,True,0.0,2.056571,4.02435,7.044239
ethereum:0xea610b1153477720748dc13ed378003941d84fab:1709108495:14:0xa8d0fb0da5dde45d1bda4ecbb96f35b382ce2187cd185325cea94042d8628a1e,ethereum:0xea610b1153477720748dc13ed378003941d84fab,ethereum,1504269711,0,0.9622817039489746,0.7155227065086365,0.9990017336673161,0.9754587892510757,1,True,0.0,1.919996,15.44548,18.25677
ethereum:0xea610b1153477720748dc13ed378003941d84fab:1709108495:15:0xb6eb118e28d66a041b33c81f358fa80cdff1ee32547ea99fada64032e79c7bcf,ethereum:0xea610b1153477720748dc13ed378003941d84fab,ethereum,1504269773,0,0.9665148854255676,0.7159565687179565,0.9992811224994074,0.9784947415881992,1,True,0.0,2.003734,5.959327,8.939243
ethereum:0xea610b1153477720748dc13ed378003941d84fab:1709108495:16:0x104aff3897afa321d7fded6bf498a5ff8728d60550df3a9dc4b02110ca571b7e,ethereum:0xea610b1153477720748dc13ed378003941d84fab,ethereum,1504269812,0,0.9696338772773743,0.7163131237030029,0.9994505113686912,0.9807031291111027,1,True,0.0,1.853574,3.865308,6.528654
ethereum:0xea610b1153477720748dc13ed378003941d84fab:1709108495:17:0x83888a794f8a1b66b5cde602b661459228d65c4923ce70881fafeeeaa33430cf,ethereum:0xea610b1153477720748dc13ed378003941d84fab,ethereum,1504270083,0,0.9556918144226074,0.7151264548301697,0.9984400097853876,0.9706982516539282,1,True,0.0,1.824741,4.954988,7.58523
ethereum:0xea610b1153477720748dc13ed378003941d84fab:1709108495:18:0x6b2e0667ac33434fd92201ea788c79a7245ad4d8b9fc48d4a447d724f96b3b57,ethereum:0xea610b1153477720748dc13ed378003941d84fab,ethereum,1504277661,0,0.960355818271637,0.7153937816619873,0.99885428747399,0.9740751246663119,1,True,0.0,2.165852,3.646822,6.618283
ethereum:0xea610b1153477720748dc13ed378003941d84fab:1709108495:19:0x6cc113504896662cee764e753547001e3dcfd8075e1cc9be30c7aae5ad559127,ethereum:0xea610b1153477720748dc13ed378003941d84fab,ethereum,1504279571,0,0.9547484517097473,0.7150840163230896,0.9983458277204234,0.9700122241519363,1,True,0.0,2.019648,3.755266,6.721333
ethereum:0xea610b1153477720748dc13ed378003941d84fab:1709108495:20:0x7f73aabd241f785d79a93d4a9b9f523886bfa48eaade2ff2b5228bc7f89e6c69,ethereum:0xea610b1153477720748dc13ed378003941d84fab,ethereum,1504279571,0,0.9546170830726624,0.7150671482086182,0.998332423942257,0.9699138084108643,1,True,0.0,1.852433,3.830417,6.520675
ethereum:0xea610b1153477720748dc13ed378003941d84fab:1709108495:21:0x183a2326df7c73694b160b295e53d6d89ad6270e52e91294090e240412a4abb3,ethereum:0xea610b1153477720748dc13ed378003941d84fab,ethereum,1504283126,0,0.9524761438369751,0.7147428393363953,0.9981038269398967,0.9682896052379416,1,True,0.0,1.932232,3.576202,6.420084
ethereum:0xea610b1153477720748dc13ed378003941d84fab:1709108495:22:0x9c7dfdcdfcb53eed00fb63cff1fed885713838d0c97b6ef04b95219c7265fca7,ethereum:0xea610b1153477720748dc13ed378003941d84fab,ethereum,1504308592,0,0.9474344253540039,0.714287519454956,0.9974862404286854,0.964496269473076,1,True,0.0,13.51911,4.951529,19.507018
ethereum:0xea610b1153477720748dc13ed378003941d84fab:1709108495:23:0xae6837e200c9ea6fa7499ce0dd5a409c7c1f1b7f9bbd2f8a653d8885ad377a17,ethereum:0xea610b1153477720748dc13ed378003941d84fab,ethereum,1504336603,0,0.9525812864303589,0.7147055268287659,0.9981155066021413,0.9683557649739142,1,True,0.0,1.879717,3.885363,6.656179
ethereum:0xea610b1153477720748dc13ed378003941d84fab:1709108495:24:0x08a07af64a0db5cfc8eac4d1b67c6eb1367984784df57ab88b67d2bf2ae36502,ethereum:0xea610b1153477720748dc13ed378003941d84fab,ethereum,1504426514,0,0.9566704630851746,0.7151433229446411,0.9985339257340258,0.9714015406650082,1,True,0.0,1.770137,5.153935,7.776053
ethereum:0xea610b1153477720748dc13ed378003941d84fab:1709108495:25:0x7f5fbf0807fbd72ebc476f9d489762b69e79669199178e43d838215867cd32d2,ethereum:0xea610b1153477720748dc13ed378003941d84fab,ethereum,1504480212,0,0.9599841237068176,0.7153604626655579,0.9988242909291124,0.9738051934932666,1,True,0.0,2.138375,3.486032,6.47094
ethereum:0xea610b1153477720748dc13ed378003941d84fab:1709108495:26:0x055973cd9eaef6b6b7a139da9ef01829904884fe677fc5fe3551fd48466c0bd5,ethereum:0xea610b1153477720748dc13ed378003941d84fab,ethereum,1504501111,0,0.9627150297164917,0.7154556512832642,0.9990331039815015,0.9757493821247991,1,True,0.0,1.974944,3.637151,6.470698
ethereum:0xea610b1153477720748dc13ed378003941d84fab:1709108495:27:0x487bb72e91b1a8374390c30a25a3cc8ab6922e4b6b5b0faa6bf50a4bc3e685f3,ethereum:0xea610b1153477720748dc13ed378003941d84fab,ethereum,1504563923,0,0.9649989008903503,0.715648889541626,0.9991878735816773,0.9773847503430404,1,True,0.0,2.005976,4.391022,7.545058
ethereum:0xea610b1153477720748dc13ed378003941d84fab:1709108495:28:0x8d0026e6b40d9384f57a594d4d3510545533a61dad6588dbedf99532972f3e9d,ethereum:0xea610b1153477720748dc13ed378003941d84fab,ethereum,1504598385,0,0.9655800461769104,0.7162743210792542,0.9992244936524096,0.9779056662012817,1,True,0.0,1.90237,3.547947,6.422605
ethereum:0xea610b1153477720748dc13ed378003941d84fab:1709108495:29:0x2b5f7453ba20ff35071c4b06ff2359d620fddb926ef84f169ee240d17a5a24b6,ethereum:0xea610b1153477720748dc13ed378003941d84fab,ethereum,1504606195,0,0.9673860669136047,0.7163048982620239,0.9993314155826333,0.9791583241899434,1,True,0.0,1.92508,4.254352,7.116195
ethereum:0x7b22938ca841aa392c93dbb7f4c42178e3d65e88:1709135003:0:0x64b3040a1187f315a206adaee457c11667d6e3d4d42b652cc61ed866d2e22c28,ethereum:0x7b22938ca841aa392c93dbb7f4c42178e3d65e88,ethereum,1505752812,0,0.9897298812866211,0.7182673215866089,0.9999709562026756,0.9940678617294184,1,True,0.0,2.381331,4.572166,18.867775
ethereum:0x7b22938ca841aa392c93dbb7f4c42178e3d65e88:1709135003:1:0x930c0bdc73288294cb3cd07a8d0f6ff8b1c7e9e5ab8b86c065de1a70c4d0f8a4,ethereum:0x7b22938ca841aa392c93dbb7f4c42178e3d65e88,ethereum,1505822241,0,0.9387516975402832,0.7153142690658569,0.9961351543517701,0.9584394842083281,1,True,0.0,1.945637,4.287269,7.145834
ethereum:0x7b22938ca841aa392c93dbb7f4c42178e3d65e88:1709135003:2:0xc8d2d1c6ff5b14d9049ccc9a08cc4e4c7b2670646603110c21223e10d96c5465,ethereum:0x7b22938ca841aa392c93dbb7f4c42178e3d65e88,ethereum,1505823665,0,0.8908965587615967,0.7122026085853577,0.979679625255989,0.9199038245921632,1,True,0.0,1.945159,3.979212,6.662762
ethereum:0x7b22938ca841aa392c93dbb7f4c42178e3d65e88:1709135003:3:0xb58fce8284ec448f7f88995c8dda77c661c927a73dfafcb0b80cac2f1a36c569,ethereum:0x7b22938ca841aa392c93dbb7f4c42178e3d65e88,ethereum,1505825077,0,0.84833824634552,0.7078811526298523,0.9462654459280131,0.8809615702695158,1,True,0.0,2.162808,3.886593,6.822435
ethereum:0x7b22938ca841aa392c93dbb7f4c42178e3d65e88:1709135003:4:0x16a5ac78dd83b8d84d0f6dbfe00f0439ea1cffcfb5ddc091ca43c43d0a473a75,ethereum:0x7b22938ca841aa392c93dbb7f4c42178e3d65e88,ethereum,1505831838,0,0.8129739165306091,0.7050004601478577,0.8999903631517555,0.8466797884105014,1,True,0.0,2.464986,3.72082,7.187065
ethereum:0x7b22938ca841aa392c93dbb7f4c42178e3d65e88:1709135003:5:0xaed15ca7bbe27b8c16f5041cba384d7b294b2964989866df7f428f02025c9a1f,ethereum:0x7b22938ca841aa392c93dbb7f4c42178e3d65e88,ethereum,1505902278,0,0.8055126070976257,0.7038686275482178,0.8877963580624596,0.8385980788516006,1,True,0.0,1.882946,4.065758,6.774384
ethereum:0x7b22938ca841aa392c93dbb7f4c42178e3d65e88:1709135003:6:0x283c26eb08b6544528acfdeb63cdb723f37564ac0f126e4272b90958162af3f0,ethereum:0x7b22938ca841aa392c93dbb7f4c42178e3d65e88,ethereum,1505902976,0,0.7770041227340698,0.7026917934417725,0.8331812059367971,0.8106073846546473,1,True,0.0,1.937081,3.916163,6.644404
ethereum:0x7b22938ca841aa392c93dbb7f4c42178e3d65e88:1709135003:7:0x63bd281b0e5d6563e3171a7434bd6eb338ec0c550b7b38375a4124c67c37220e,ethereum:0x7b22938ca841aa392c93dbb7f4c42178e3d65e88,ethereum,1505903322,0,0.7745641469955444,0.702472448348999,0.827925901669359,0.8080195212230697,1,True,0.0,1.811429,3.87084,6.461537
ethereum:0x7b22938ca841aa392c93dbb7f4c42178e3d65e88:1709135003:8:0xadf8493c29cfb9566336acf6ec3e1c548e28c9f5d06526ec72aa50e049bb44bc,ethereum:0x7b22938ca841aa392c93dbb7f4c42178e3d65e88,ethereum,1505904231,0,0.7690123915672302,0.7012369632720947,0.8156396261440618,0.8011224853522511,1,True,0.0,2.184188,3.996626,17.517312
ethereum:0x7b22938ca841aa392c93dbb7f4c42178e3d65e88:1709135003:9:0xf6a3310810d688c1694fb270eadcac05a94b3aa2a58c69ab495ff1e01a5900fe,ethereum:0x7b22938ca841aa392c93dbb7f4c42178e3d65e88,ethereum,1505904310,0,0.7618468403816223,0.6983389258384705,0.7991237530019096,0.7903037204221106,1,True,0.0,2.442073,4.584376,7.826205
ethereum:0x7b22938ca841aa392c93dbb7f4c42178e3d65e88:1709135003:10:0xf120a59f19cece37c1bf0322216ba98bde2202ca902e9307ce957fa243538dc8,ethereum:0x7b22938ca841aa392c93dbb7f4c42178e3d65e88,ethereum,1505911924,0,0.7404420375823975,0.6964160203933716,0.745704170565317,0.7665376108720011,1,True,0.0,2.098788,4.063071,6.967158
ethereum:0x7b22938ca841aa392c93dbb7f4c42178e3d65e88:1709135003:11:0x42194ba12d6341703e909c1d1dbae7ea001129bebfe90046ab866af753f84859,ethereum:0x7b22938ca841aa392c93dbb7f4c42178e3d65e88,ethereum,1505912735,0,0.7239004373550415,0.6955684423446655,0.700819909629661,0.7487626725373844,1,True,0.0,1.935423,3.842023,6.544358
ethereum:0x7b22938ca841aa392c93dbb7f4c42178e3d65e88:1709135003:12:0x7446151571c093417c2606b3fe9c85839efe56f30623537e544d3937d3cca051,ethereum:0x7b22938ca841aa392c93dbb7f4c42178e3d65e88,ethereum,1505913256,0,0.710884690284729,0.6947049498558044,0.6637988933410834,0.7342983437070746,1,True,0.0,1.956477,3.688519,6.479654
ethereum:0x7b22938ca841aa392c93dbb7f4c42178e3d65e88:1709135003:13:0xbc35d71bdd4f945ba450dd65c26ff0e516540115dedeebd0172039484472b836,ethereum:0x7b22938ca841aa392c93dbb7f4c42178e3d65e88,ethereum,1505913256,0,0.7004762291908264,0.6937546133995056,0.6334031163183019,0.7221919773490714,1,True,0.0,2.229046,3.882264,7.098901
ethereum:0x7b22938ca841aa392c93dbb7f4c42178e3d65e88:1709135003:14:0xc755a5027251ffa28c9c265553a368a78ec61045d952420c75ce276e8df4880b,ethereum:0x7b22938ca841aa392c93dbb7f4c42178e3d65e88,ethereum,1505913256,0,0.6925082802772522,0.6931721568107605,0.6098049875751426,0.7130901403419202,1,True,0.0,1.799352,3.780744,6.394736
ethereum:0x7b22938ca841aa392c93dbb7f4c42178e3d65e88:1709135003:15:0xca81ad64f9f9ac42af1025da0a634eb664d0a902013a2fe5c04ab1e4d95907fa,ethereum:0x7b22938ca841aa392c93dbb7f4c42178e3d65e88,ethereum,1505913256,0,0.6861355304718018,0.6924216151237488,0.5907990641831754,0.7052860529914022,1,True,0.0,1.919384,4.100895,6.932756
ethereum:0x7b22938ca841aa392c93dbb7f4c42178e3d65e88:1709135003:16:0x0b2edbab61d7e7f2840195d939fef8d5b060519ba77bd888a648d274688354df,ethereum:0x7b22938ca841aa392c93dbb7f4c42178e3d65e88,ethereum,1505913271,0,0.6806811690330505,0.6918280124664307,0.574480400308444,0.6986531378648945,1,True,0.0,2.210233,4.312173,18.640813
ethereum:0x7b22938ca841aa392c93dbb7f4c42178e3d65e88:1709135003:17:0x35efefc87142dbeeabe261db8c034956b18b00e9cecb605a4da96a137c895463,ethereum:0x7b22938ca841aa392c93dbb7f4c42178e3d65e88,ethereum,1505913332,0,0.6761783361434937,0.6911717653274536,0.5609963063804363,0.6928646689918714,1,True,0.0,1.825977,4.12698,6.744813
ethereum:0x7b22938ca841aa392c93dbb7f4c42178e3d65e88:1709135003:18:0x9775e8ea545ed8950f6e7ca6df161218ce9c976cb25bb2190c999eb8d93f21c5,ethereum:0x7b22938ca841aa392c93dbb7f4c42178e3d65e88,ethereum,1505913332,0,0.6724454760551453,0.6909244060516357,0.5498229910443773,0.6885661792414359,1,True,0.0,1.79569,4.578963,7.249682
ethereum:0x7b22938ca841aa392c93dbb7f4c42178e3d65e88:1709135003:19:0xc7da7ad64ff0a2836db0e63cdd442ccafd7cca58ecd7cbe8c99229188ab72cba,ethereum:0x7b22938ca841aa392c93dbb7f4c42178e3d65e88,ethereum,1505913332,0,0.6693288683891296,0.6901089549064636,0.5405053839058469,0.6838963592404924,1,True,0.0,2.651221,3.970155,7.497095
ethereum:0x7b22938ca841aa392c93dbb7f4c42178e3d65e88:1709135003:20:0x5ad44fbca2ef830636f4b69594fbc3adff74558e8e0f59f8999f81af47c559d4,ethereum:0x7b22938ca841aa392c93dbb7f4c42178e3d65e88,ethereum,1505913379,0,0.6668258905410767,0.6896836161613464,0.5330337283750692,0.6805385542361498,1,True,0.0,1.934111,4.12131,7.06763
ethereum:0x7b22938ca841aa392c93dbb7f4c42178e3d65e88:1709135003:21:0x6132bd75c7d7284ef74a36a1e41be028e3354625bc588ee5d44bc72e077ce124,ethereum:0x7b22938ca841aa392c93dbb7f4c42178e3d65e88,ethereum,1505913379,0,0.6647374629974365,0.6893581748008728,0.5268095816430379,0.6777828433396408,1,True,0.0,2.077991,4.346964,7.284634
ethereum:0x7b22938ca841aa392c93dbb7f4c42178e3d65e88:1709135003:22:0xa6b7ca5ed430fa11f129e4641aafce428555396ef11699bdce0c0e83c346cf1a,ethereum:0x7b22938ca841aa392c93dbb7f4c42178e3d65e88,ethereum,1505913756,0,0.6630280017852783,0.6892641186714172,0.5217228939709053,0.6758307770813853,1,True,0.0,1.864201,3.888945,6.733698
ethereum:0x7b22938ca841aa392c93dbb7f4c42178e3d65e88:1709135003:23:0x4d9032304072d905a1f2eb39fb4b6c4470a4ee2d32defef7ab20c65b8a889eb5,ethereum:0x7b22938ca841aa392c93dbb7f4c42178e3d65e88,ethereum,1505914155,0,0.6616038680076599,0.688926637172699,0.5174914384422175,0.6737396554948528,1,True,0.0,1.929109,15.372664,18.231199
ethereum:0x7b22938ca841aa392c93dbb7f4c42178e3d65e88:1709135003:24:0xce4e8afe8bf2416d40d8c9ca4b4f9da83f6f2cbcb30c86eb49ec979b89fa564a,ethereum:0x7b22938ca841aa392c93dbb7f4c42178e3d65e88,ethereum,1505914155,0,0.6604419946670532,0.6888629198074341,0.5140437844463005,0.6724104898262183,1,True,0.0,2.006749,4.43276,7.4317
ethereum:0x7b22938ca841aa392c93dbb7f4c42178e3d65e88:1709135003:25:0x44a66ecdb936a5245bb2b30dcb7cbb34d4d36e65c946c519ba9e6fa5f706c7a9,ethereum:0x7b22938ca841aa392c93dbb7f4c42178e3d65e88,ethereum,1505914802,0,0.6595630645751953,0.6887016892433167,0.5114386185027346,0.6712015458953025,1,True,0.0,2.866524,3.9528,7.698797
ethereum:0x7b22938ca841aa392c93dbb7f4c42178e3d65e88:1709135003:26:0x5f16bcaabbb1850d9678a4bff05513d279a955e9c95cc70c13b554ef4ed93668,ethereum:0x7b22938ca841aa392c93dbb7f4c42178e3d65e88,ethereum,1505915194,0,0.6588721871376038,0.6886657476425171,0.5093926858681078,0.6704137801120217,1,True,0.0,1.967481,3.972936,6.878168
ethereum:0x7b22938ca841aa392c93dbb7f4c42178e3d65e88:1709135003:27:0x1d6b039eb7a1c0294af33edb4cc77fa48dd05870017a9ad555a59fa647f38ac5,ethereum:0x7b22938ca841aa392c93dbb7f4c42178e3d65e88,ethereum,1505915364,0,0.6584076881408691,0.6886210441589355,0.5080180826158993,0.6698470447984648,1,True,0.0,1.814417,4.644805,7.406388
ethereum:0x7b22938ca841aa392c93dbb7f4c42178e3d65e88:1709135003:28:0x6287557f0e3b436675d978aca0761fbbab228ac2f24ea398d4374451b207594d,ethereum:0x7b22938ca841aa392c93dbb7f4c42178e3d65e88,ethereum,1505915413,0,0.6583275198936462,0.6885351538658142,0.5077809170052622,0.669608525218408,1,True,0.0,1.806974,4.130933,6.912919
ethereum:0x7b22938ca841aa392c93dbb7f4c42178e3d65e88:1709135003:29:0x0a53a6da8be8da8c06618cd5bd00d8a053361319db10e89f1a9e6f8b08fd19cd,ethereum:0x7b22938ca841aa392c93dbb7f4c42178e3d65e88,ethereum,1505916858,0,0.6583474278450012,0.6885172724723816,0.5078398094947381,0.6695971951395941,1,True,0.0,1.852705,4.217885,6.979899
ethereum:0x4daeb4a06f70f4b1a5c329115731fe4b89c0b227:1709104163:0:0x4f586ab50b939c0593fd23c27b0cb4d5b1019d4755f6d5b428f47b2a0fdd03e2,ethereum:0x4daeb4a06f70f4b1a5c329115731fe4b89c0b227,ethereum,1512385638,0,0.9897298812866211,0.7182673215866089,0.9999709562026756,0.9940678617294184,1,True,0.0,1.970095,3.837417,6.514588
ethereum:0x4daeb4a06f70f4b1a5c329115731fe4b89c0b227:1709104163:1:0xf19532746748b0bef29a8f520843230578f51bfe01d0c25b3336289c4f2eba82,ethereum:0x4daeb4a06f70f4b1a5c329115731fe4b89c0b227,ethereum,1512385926,0,0.9652714729309082,0.7149142622947693,0.9992051859747634,0.9774362587030725,1,True,0.0,1.893912,15.85403,18.516652
ethereum:0x4daeb4a06f70f4b1a5c329115731fe4b89c0b227:1709104163:2:0x76345d99d1df810ca5e577a1f43307be017c45faca0b683dcd5eb85da711ce55,ethereum:0x4daeb4a06f70f4b1a5c329115731fe4b89c0b227,ethereum,1512644806,0,0.9016309976577759,0.711010754108429,0.9849796628058082,0.9278387517649915,1,True,0.0,2.213888,4.122034,7.141105
ethereum:0x4daeb4a06f70f4b1a5c329115731fe4b89c0b227:1709104163:3:0xc01779b8f7210e83f169909854218b821c2e0c5b86ded1d8680eaee40673c676,ethereum:0x4daeb4a06f70f4b1a5c329115731fe4b89c0b227,ethereum,1512652195,0,0.8293214440345764,0.7043834924697876,0.9236935484730515,0.860832750765485,1,True,0.0,1.959786,4.114388,6.821239
ethereum:0x4daeb4a06f70f4b1a5c329115731fe4b89c0b227:1709104163:4:0x73a3224a047f7d81753e3cf8463736ccf79b223abbb78a25d71eb0975e7970a8,ethereum:0x4daeb4a06f70f4b1a5c329115731fe4b89c0b227,ethereum,1512652414,0,0.7306594848632812,0.692608118057251,0.7194894826978324,0.7510070935844343,1,True,0.0,1.941675,4.909264,7.595734
ethereum:0x4daeb4a06f70f4b1a5c329115731fe4b89c0b227:1709104163:5:0xcbc115ad45b9d69d374ff84fd7fc2fe63ff5ee2b070d8b6b026cf2f5156b817c,ethereum:0x4daeb4a06f70f4b1a5c329115731fe4b89c0b227,ethereum,1512652471,0,0.6779900789260864,0.6814271211624146,0.5664217750979441,0.6777390885291832,1,True,0.0,1.80602,3.652226,6.169359
ethereum:0x4daeb4a06f70f4b1a5c329115731fe4b89c0b227:1709104163:6:0xebf570f9903130b18152112f4378d05e0f4c9201a4e53ed72676aafd388ff933,ethereum:0x4daeb4a06f70f4b1a5c329115731fe4b89c0b227,ethereum,1512653041,0,0.6447136402130127,0.6796806454658508,0.46791370917963576,0.6390101003227259,1,True,0.0,1.719464,4.910066,7.372095
ethereum:0x4daeb4a06f70f4b1a5c329115731fe4b89c0b227:1709104163:7:0xb1a98fdda020aa475304e2cf47d509da1326963cde677b8acf32f0801d03e995,ethereum:0x4daeb4a06f70f4b1a5c329115731fe4b89c0b227,ethereum,1512728717,0,0.620944082736969,0.6758849620819092,0.4010879994155275,0.6062995887940301,1,True,0.0,2.149486,4.092826,7.00532
ethereum:0x4daeb4a06f70f4b1a5c329115731fe4b89c0b227:1709104163:8:0xd6e68614cd48d976e8fde062a954039b78d9a63bac4576ba322378b2b533a3e2,ethereum:0x4daeb4a06f70f4b1a5c329115731fe4b89c0b227,ethereum,1512764129,0,0.6072341799736023,0.6706927418708801,0.36471428075074425,0.5815143142111676,1,True,0.0,1.980024,3.880119,6.665031
ethereum:0x4daeb4a06f70f4b1a5c329115731fe4b89c0b227:1709104163:9:0x6ef5963a1ec0f94c807d8c435c01bf71f4a27f3a964addd136987ce230328b12,ethereum:0x4daeb4a06f70f4b1a5c329115731fe4b89c0b227,ethereum,1512769467,0,0.5998005867004395,0.6687098145484924,0.34577407247376807,0.5696126721477363,1,True,0.0,1.94586,15.681025,18.995777
ethereum:0x4daeb4a06f70f4b1a5c329115731fe4b89c0b227:1709104163:10:0x4b38d583d94010ac19c10724618b6b5683f44f6f2d3ed2c792bd675236c9e81a,ethereum:0x4daeb4a06f70f4b1a5c329115731fe4b89c0b227,ethereum,1512981891,0,0.597811222076416,0.6680695414543152,0.34080416531164887,0.5662121303666917,1,True,0.0,2.148094,3.861206,6.874733
ethereum:0x4daeb4a06f70f4b1a5c329115731fe4b89c0b227:1709104163:11:0xa848dceb7617b09ea409f2a09ea63552cff6eaa1f3e5da94dfc5f6cd9af56f75,ethereum:0x4daeb4a06f70f4b1a5c329115731fe4b89c0b227,ethereum,1513107873,0,0.5989696383476257,0.6682421565055847,0.34369300172597766,0.5678058106455769,1,True,0.0,1.784883,4.081794,6.665247
ethereum:0x4daeb4a06f70f4b1a5c329115731fe4b89c0b227:1709104163:12:0x780ab5710e30aaf3fd719b2f2d6a205f77a9d8d5a168ef369fc8731ed912d6fc,ethereum:0x4daeb4a06f70f4b1a5c329115731fe4b89c0b227,ethereum,1513372468,0,0.6065258383750916,0.6684457063674927,0.36288485172366425,0.5764244869860188,1,True,0.0,1.938079,3.90651,6.635201
ethereum:0x4daeb4a06f70f4b1a5c329115731fe4b89c0b227:1709104163:13:0xc6c8236cac8fd945ca0960f26ce5257eac32c0ba05401578b869b4b2abfcf666,ethereum:0x4daeb4a06f70f4b1a5c329115731fe4b89c0b227,ethereum,1513634222,0,0.6088752150535583,0.6673142910003662,0.3689720638316799,0.5768140179153181,1,True,0.0,1.782413,3.523607,6.054734
ethereum:0x4daeb4a06f70f4b1a5c329115731fe4b89c0b227:1709104163:14:0xd78bbdd201016c539e5830fcaadad3c95eed55665664626db5b0aac615a9ba2c,ethereum:0x4daeb4a06f70f4b1a5c329115731fe4b89c0b227,ethereum,1513969838,0,0.611478328704834,0.6674139499664307,0.37578114575117866,0.5798470080866359,1,True,0.0,1.888568,3.640683,6.280447
ethereum:0x4daeb4a06f70f4b1a5c329115731fe4b89c0b227:1709104163:15:0x4890e6772d0c9e16ade8e76c4ca69f08aa5125126a59e73f698ec49e9c224bfe,ethereum:0x4daeb4a06f70f4b1a5c329115731fe4b89c0b227,ethereum,1515533685,0,0.6133379340171814,0.6674011945724487,0.380686086670107,0.581853758967341,1,True,0.0,1.716406,3.604536,6.051686
ethereum:0x4daeb4a06f70f4b1a5c329115731fe4b89c0b227:1709104163:16:0xca2e2d444862c40d5c2c209adac9e8a236e00b0b08e73b2407ca89c0b6e13088,ethereum:0x4daeb4a06f70f4b1a5c329115731fe4b89c0b227,ethereum,1515560920,0,0.6151328086853027,0.6668787598609924,0.3854518453581275,0.5828174140371042,1,True,0.0,1.795882,3.83159,6.424144
ethereum:0x4daeb4a06f70f4b1a5c329115731fe4b89c0b227:1709104163:17:0xda048b2e0bb63e4610b1aeff91037d23cb983fc3b1ef90db584b2c1716bc8884,ethereum:0x4daeb4a06f70f4b1a5c329115731fe4b89c0b227,ethereum,1515657985,0,0.6169835925102234,0.6668601632118225,0.3903979384901532,0.5848065162619879,1,True,0.0,2.063669,15.314335,18.338465
ethereum:0x4daeb4a06f70f4b1a5c329115731fe4b89c0b227:1709104163:18:0x862fe48d7ff686218485bd1202e69c5ec44631f1d4c04930a62b790965472884,ethereum:0x4daeb4a06f70f4b1a5c329115731fe4b89c0b227,ethereum,1515676093,0,0.6187300086021423,0.6668440699577332,0.3950942595371867,0.586687088894283,1,True,0.0,2.139252,3.935475,7.046211
ethereum:0x4daeb4a06f70f4b1a5c329115731fe4b89c0b227:1709104163:19:0x3400d86244b801e7111ec3e5f38d788e8b40cbe77e078ce807141d457896203a,ethereum:0x4daeb4a06f70f4b1a5c329115731fe4b89c0b227,ethereum,1515683971,0,0.6204841136932373,0.6668309569358826,0.3998391964954207,0.5885825800011554,1,True,0.0,2.748666,3.897495,7.457511
ethereum:0x4daeb4a06f70f4b1a5c329115731fe4b89c0b227:1709104163:20:0xc33da8da6b5c93503937ff772351b5b5e7cba5ffbe34a43d39ee229a4ed61eeb,ethereum:0x4daeb4a06f70f4b1a5c329115731fe4b89c0b227,ethereum,1515740051,0,0.6221861839294434,0.6668304204940796,0.4044696175340342,0.5904457678334675,1,True,0.0,3.574896,3.753346,8.417585
ethereum:0x4daeb4a06f70f4b1a5c329115731fe4b89c0b227:1709104163:21:0xe0f0c2ef8e9bc1b767c89dce6d1dc727fac5353a9edaf74fc3c8fe790a77dd45,ethereum:0x4daeb4a06f70f4b1a5c329115731fe4b89c0b227,ethereum,1515741013,0,0.6241142153739929,0.6668359041213989,0.40974530821931493,0.5925687016072616,1,True,0.0,1.958075,4.358383,7.113665
ethereum:0x4daeb4a06f70f4b1a5c329115731fe4b89c0b227:1709104163:22:0x89419e5d536c8473a657b5f801b7fd2b73fe2bd58280a81e2572b3532b4bbca4,ethereum:0x4daeb4a06f70f4b1a5c329115731fe4b89c0b227,ethereum,1515755364,0,0.6292318105697632,0.6671298742294312,0.4239001398270003,0.5987351252350297,1,True,0.0,1.751688,4.040185,6.586839
ethereum:0x4daeb4a06f70f4b1a5c329115731fe4b89c0b227:1709104163:23:0x735e618471d035dee42ef275f7aef075409781bdf7ce20c70d4de636bbda3781,ethereum:0x4daeb4a06f70f4b1a5c329115731fe4b89c0b227,ethereum,1515774529,0,0.6310213208198547,0.6669374704360962,0.42889958051910004,0.6003353432339626,1,True,0.0,1.836852,3.725009,6.394861
ethereum:0x4daeb4a06f70f4b1a5c329115731fe4b89c0b227:1709104163:24:0xd55e227ce0325fdf1f286106cd738ca753ad37549aa5574c268fb53702ec00ef,ethereum:0x4daeb4a06f70f4b1a5c329115731fe4b89c0b227,ethereum,1515780439,0,0.6327412128448486,0.6669723987579346,0.43372778811043217,0.6022887360248816,1,True,0.0,2.264921,3.61581,6.707184
ethereum:0x4daeb4a06f70f4b1a5c329115731fe4b89c0b227:1709104163:25:0x5771ed9f2914212e704508d8be3601165e96d4cb13b2b18f3235fc7e6afb752d,ethereum:0x4daeb4a06f70f4b1a5c329115731fe4b89c0b227,ethereum,1515830839,0,0.6371347308158875,0.6660089492797852,0.4461605754064211,0.6053084731002293,1,True,0.0,1.983316,15.562303,18.453972
ethereum:0x4daeb4a06f70f4b1a5c329115731fe4b89c0b227:1709104163:26:0x204b1a03f4518f4b513c80c3a5d457fc885798369113c16fd88af2b03c2841d1,ethereum:0x4daeb4a06f70f4b1a5c329115731fe4b89c0b227,ethereum,1515831455,0,0.6386289000511169,0.6660254001617432,0.45041971726540697,0.6069837492312853,1,True,0.0,2.475409,4.110457,7.622049
ethereum:0x4daeb4a06f70f4b1a5c329115731fe4b89c0b227:1709104163:27:0x8919cf1a4cffed93b002dc8a19c84d0d3d9c9179d39fa0b2d7a61afc94544785,ethereum:0x4daeb4a06f70f4b1a5c329115731fe4b89c0b227,ethereum,1515838606,0,0.6410709619522095,0.6662273406982422,0.4574128075597077,0.6100494655171596,1,True,0.0,1.85904,3.566493,6.422089
ethereum:0x4daeb4a06f70f4b1a5c329115731fe4b89c0b227:1709104163:28:0x6fb72dd1dedcc20d7cff8566a5dfeac11798713aa3bf30d87da0648189afbc14,ethereum:0x4daeb4a06f70f4b1a5c329115731fe4b89c0b227,ethereum,1515840540,0,0.6424046158790588,0.6662281155586243,0.46124798173075104,0.6115193902799115,1,True,0.0,1.779707,3.940131,6.58022
ethereum:0x4daeb4a06f70f4b1a5c329115731fe4b89c0b227:1709104163:29:0x7070507bef0212c49002a59737914252155df538dee2d6a266d2eef5f4c495c9,ethereum:0x4daeb4a06f70f4b1a5c329115731fe4b89c0b227,ethereum,1515841884,0,0.6435529589653015,0.6662297248840332,0.46455904649333546,0.6127871433149339,1,True,0.0,1.811911,3.601755,6.286621
ethereum:0x6c37bf4f042712c978a73e3fd56d1f5738dd7c43:1709102579:0:0x9653093844123e8aa199d4e5abaaa1f39d5c2a1cb5f74d25fbaae6e8cd4d8c44,ethereum:0x6c37bf4f042712c978a73e3fd56d1f5738dd7c43,ethereum,1517173396,0,0.9897298812866211,0.7182673215866089,0.9999709562026756,0.9940678617294184,1,True,0.0,1.73718,4.675144,7.059386
ethereum:0x6c37bf4f042712c978a73e3fd56d1f5738dd7c43:1709102579:1:0x9653093844123e8aa199d4e5abaaa1f39d5c2a1cb5f74d25fbaae6e8cd4d8c44,ethereum:0x6c37bf4f042712c978a73e3fd56d1f5738dd7c43,ethereum,1517173396,0,0.9897298812866211,0.7182673215866089,0.9999709562026756,0.9940678617294184,1,True,0.0,1.968688,3.750715,6.532571
ethereum:0x6c37bf4f042712c978a73e3fd56d1f5738dd7c43:1709102579:2:0x9653093844123e8aa199d4e5abaaa1f39d5c2a1cb5f74d25fbaae6e8cd4d8c44,ethereum:0x6c37bf4f042712c978a73e3fd56d1f5738dd7c43,ethereum,1517173396,0,0.9897298812866211,0.7182673215866089,0.9999709562026756,0.9940678617294184,1,True,0.0,1.829012,3.698861,6.154275
ethereum:0x6c37bf4f042712c978a73e3fd56d1f5738dd7c43:1709102579:3:0x9653093844123e8aa199d4e5abaaa1f39d5c2a1cb5f74d25fbaae6e8cd4d8c44,ethereum:0x6c37bf4f042712c978a73e3fd56d1f5738dd7c43,ethereum,1517173396,0,0.9897298812866211,0.7182673215866089,0.9999709562026756,0.9940678617294184,1,True,0.0,2.163582,15.527695,18.418142
ethereum:0x6c37bf4f042712c978a73e3fd56d1f5738dd7c43:1709102579:4:0x9653093844123e8aa199d4e5abaaa1f39d5c2a1cb5f74d25fbaae6e8cd4d8c44,ethereum:0x6c37bf4f042712c978a73e3fd56d1f5738dd7c43,ethereum,1517173396,0,0.9897298812866211,0.7182673215866089,0.9999709562026756,0.9940678617294184,1,True,0.0,2.285615,3.85974,6.955637
ethereum:0x6c37bf4f042712c978a73e3fd56d1f5738dd7c43:1709102579:5:0x9653093844123e8aa199d4e5abaaa1f39d5c2a1cb5f74d25fbaae6e8cd4d8c44,ethereum:0x6c37bf4f042712c978a73e3fd56d1f5738dd7c43,ethereum,1517173396,0,0.9897298812866211,0.7182673215866089,0.9999709562026756,0.9940678617294184,1,True,0.0,2.084471,3.647381,6.402916
ethereum:0x6c37bf4f042712c978a73e3fd56d1f5738dd7c43:1709102579:6:0x7b27a177ea64c68d0a156151fef2f83dd68da1ef96a8807a99419df71ebb01a3,ethereum:0x6c37bf4f042712c978a73e3fd56d1f5738dd7c43,ethereum,1517791857,0,0.9387516975402832,0.7153142690658569,0.9961351543517701,0.9584394842083281,1,True,0.0,2.085888,3.822513,6.914186
ethereum:0x6c37bf4f042712c978a73e3fd56d1f5738dd7c43:1709102579:7:0x2b07201b4b07da61acbb7c4e54b27f479919948ad438cdf4f604a3e70e29cfce,ethereum:0x6c37bf4f042712c978a73e3fd56d1f5738dd7c43,ethereum,1517792376,0,0.8721689581871033,0.7107041478157043,0.9676203802283452,0.9035224161329718,1,True,0.0,2.057485,4.218428,7.140219
ethereum:0x6c37bf4f042712c978a73e3fd56d1f5738dd7c43:1709102579:8:0x4ad1352fbbda82e22ca55590d383b70840316e8641e2114307809d8279fbd26c,ethereum:0x6c37bf4f042712c978a73e3fd56d1f5738dd7c43,ethereum,1517798418,0,0.8219046592712402,0.7056882381439209,0.913446624633515,0.8554875363790734,1,True,0.0,1.993722,3.757931,6.5555
ethereum:0x6c37bf4f042712c978a73e3fd56d1f5738dd7c43:1709102579:9:0xd5c9eb1deefb53965cc124c8343c79faf106ed779364225c0babe94742a24fdc,ethereum:0x6c37bf4f042712c978a73e3fd56d1f5738dd7c43,ethereum,1517799842,0,0.7866048216819763,0.7047984600067139,0.8529833453208039,0.8222301285140773,1,True,0.0,1.814267,4.021289,6.52337
ethereum:0x6c37bf4f042712c978a73e3fd56d1f5738dd7c43:1709102579:10:0x4b1be228826240c4659b8c46242465a7e44193d87b344ba1735593a64c891f8f,ethereum:0x6c37bf4f042712c978a73e3fd56d1f5738dd7c43,ethereum,1517802972,0,0.7633099555969238,0.7039620280265808,0.8025550651323352,0.7993410863933821,1,True,0.0,1.838571,4.364791,7.097413
ethereum:0x6c37bf4f042712c978a73e3fd56d1f5738dd7c43:1709102579:11:0x5533905613e55c39bab6fee02eaa910388151a4179f48830751020941aaf43b8,ethereum:0x6c37bf4f042712c978a73e3fd56d1f5738dd7c43,ethereum,1517808207,0,0.7467263340950012,0.7033706903457642,0.7619826145624532,0.7827440258421057,1,True,0.0,1.9217,15.99162,18.805033
ethereum:0x6c37bf4f042712c978a73e3fd56d1f5738dd7c43:1709102579:12:0xafd958c83cbcce9ad32b3ded535a7fc882c44886a4eefb75c3b33edfb29c9dea,ethereum:0x6c37bf4f042712c978a73e3fd56d1f5738dd7c43,ethereum,1517808838,0,0.7342506647109985,0.7028761506080627,0.7292297800086327,0.7700248546437222,1,True,0.0,2.21868,3.848736,6.928583
ethereum:0x6c37bf4f042712c978a73e3fd56d1f5738dd7c43:1709102579:13:0x56fdd030d0119527727bc43bd6b6007b3f3455665e617832f9a4178065512034,ethereum:0x6c37bf4f042712c978a73e3fd56d1f5738dd7c43,ethereum,1517838994,0,0.7248222231864929,0.7024243474006653,0.7033905612383066,0.7602025071472693,1,True,0.0,2.618378,3.659368,7.055198
ethereum:0x6c37bf4f042712c978a73e3fd56d1f5738dd7c43:1709102579:14:0xb70b2b386058e994deb1f9c1265549bdf22547e74f8ec1570024bb3121557c67,ethereum:0x6c37bf4f042712c978a73e3fd56d1f5738dd7c43,ethereum,1517839216,0,0.717624843120575,0.7020476460456848,0.6831296224793213,0.7525996300717293,1,True,0.0,1.965415,3.488938,6.274833
ethereum:0x6c37bf4f042712c978a73e3fd56d1f5738dd7c43:1709102579:15:0xbc71c704b682c77efc5ae22760727b4397fecb24821de0b2649b3e8db0bcd6f8,ethereum:0x6c37bf4f042712c978a73e3fd56d1f5738dd7c43,ethereum,1517839398,0,0.7120823860168457,0.7017261385917664,0.6672565363032332,0.7466622122750635,1,True,0.0,1.831013,3.860289,6.546706
ethereum:0x6c37bf4f042712c978a73e3fd56d1f5738dd7c43:1709102579:16:0xd1e509ffa87e6257d1db66251fecffed4d93e535d45f22f0787da31af8fde9cb,ethereum:0x6c37bf4f042712c978a73e3fd56d1f5738dd7c43,ethereum,1517840113,0,0.7077534794807434,0.7012434601783752,0.6547172527558852,0.7416347639430508,1,True,0.0,2.069203,3.781697,6.682324
ethereum:0x6c37bf4f042712c978a73e3fd56d1f5738dd7c43:1709102579:17:0x28c28a0a83cc6fa06ae90f03cdde8de754d15fb2da0faed719b593e2cf59ddf4,ethereum:0x6c37bf4f042712c978a73e3fd56d1f5738dd7c43,ethereum,1517879994,0,0.7054238319396973,0.7010291814804077,0.6479235816763054,0.7389913210882761,1,True,0.0,2.19181,4.138333,7.171251
ethereum:0x6c37bf4f042712c978a73e3fd56d1f5738dd7c43:1709102579:18:0x713b4290c1bd3dd66fc39d8cefe600ee14c7f4aeea05b46521ab04a1deacb05f,ethereum:0x6c37bf4f042712c978a73e3fd56d1f5738dd7c43,ethereum,1517879994,0,0.7037328481674194,0.7007911801338196,0.6429742181642942,0.7369354180566265,1,True,0.0,1.822143,3.818172,6.474037
ethereum:0x6c37bf4f042712c978a73e3fd56d1f5738dd7c43:1709102579:19:0x5bec5bd440ba1e1c935c18f8fd34e19c358d8cc160853b862b6ed7acf10c7282,ethereum:0x6c37bf4f042712c978a73e3fd56d1f5738dd7c43,ethereum,1517879995,0,0.7024971842765808,0.700502336025238,0.6393484900930733,0.7352441397217799,1,True,0.0,1.914905,4.093022,6.803456
ethereum:0x6c37bf4f042712c978a73e3fd56d1f5738dd7c43:1709102579:20:0x7c73ada2da04696b01433b95239a0829b0b96475d3bfad0a931c95b4a1963abd,ethereum:0x6c37bf4f042712c978a73e3fd56d1f5738dd7c43,ethereum,1517879995,0,0.7017366886138916,0.7001391649246216,0.6371133994955313,0.7339005566371309,1,True,0.0,2.234916,4.291042,18.552256
ethereum:0x6c37bf4f042712c978a73e3fd56d1f5738dd7c43:1709102579:21:0xbd5a7d76cd3bab4569dd382fda4c19c839a309f967958ce2f91095e9291b10b8,ethereum:0x6c37bf4f042712c978a73e3fd56d1f5738dd7c43,ethereum,1517880025,0,0.7012941837310791,0.7000594735145569,0.6358116544491407,0.7333313671430219,1,True,0.0,1.825958,3.783871,6.419886
ethereum:0x6c37bf4f042712c978a73e3fd56d1f5738dd7c43:1709102579:22:0x11c10a20f0d9fe4d0a91158ed356d8a610c785469814efe31b7226b8cb0dd919,ethereum:0x6c37bf4f042712c978a73e3fd56d1f5738dd7c43,ethereum,1517880592,0,0.7010584473609924,0.6998636722564697,0.6351178125836779,0.7327786317915417,1,True,0.0,2.289875,4.321621,7.451334
ethereum:0x6c37bf4f042712c978a73e3fd56d1f5738dd7c43:1709102579:23:0x56cf8a618c424a847f0da166272e97a035c27f55dc983a97a0fe6257f1e7ab62,ethereum:0x6c37bf4f042712c978a73e3fd56d1f5738dd7c43,ethereum,1517880766,0,0.7010019421577454,0.6998270153999329,0.634951464160397,0.7326627841344925,1,True,0.0,2.066555,3.637414,6.776049
ethereum:0x6c37bf4f042712c978a73e3fd56d1f5738dd7c43:1709102579:24:0x61e73298c430e974b2cd24043f8a873bc2352136a2de2b6b0eb8804d8c51e060,ethereum:0x6c37bf4f042712c978a73e3fd56d1f5738dd7c43,ethereum,1517881242,0,0.7010869383811951,0.6997268199920654,0.6352016832928055,0.7325843978687226,1,True,0.0,1.819493,3.634708,6.338341
ethereum:0x6c37bf4f042712c978a73e3fd56d1f5738dd7c43:1709102579:25:0xc20006cd4b5a5edcfbe0cf01a4cc1f972d9576d3ce6889e857689f5aee7f1d4d,ethereum:0x6c37bf4f042712c978a73e3fd56d1f5738dd7c43,ethereum,1517881491,0,0.7012845873832703,0.699631929397583,0.6357834144276998,0.7326268486185895,1,True,0.0,2.20309,4.024027,7.199499
ethereum:0x6c37bf4f042712c978a73e3fd56d1f5738dd7c43:1709102579:26:0x7bb12d90113ebf045775f355db48c01c4ffca023d50681bfa6f963ed48f53bc3,ethereum:0x6c37bf4f042712c978a73e3fd56d1f5738dd7c43,ethereum,1517881748,0,0.7015514373779297,0.6995339393615723,0.6365685424033837,0.7327332852149562,1,True,0.0,1.859558,3.68969,6.493168
ethereum:0x6c37bf4f042712c978a73e3fd56d1f5738dd7c43:1709102579:27:0x42ba8dad917055b18811c6ec87760c99d2dd9a992d83f1744fba8add58ed9ec2,ethereum:0x6c37bf4f042712c978a73e3fd56d1f5738dd7c43,ethereum,1517881897,0,0.7018803954124451,0.6994999647140503,0.6375359585551456,0.733005725361711,1,True,0.0,1.985712,3.802601,6.676541
ethereum:0x6c37bf4f042712c978a73e3fd56d1f5738dd7c43:1709102579:28:0xf48c9bae6f5aa13768e48f0d84e54c782bbc0e74a7f75b8fe9316d9dd8a17e33,ethereum:0x6c37bf4f042712c978a73e3fd56d1f5738dd7c43,ethereum,1517881969,0,0.702264130115509,0.6994692087173462,0.638663832922817,0.7333379803281449,1,True,0.0,13.323973,4.070279,18.410694
ethereum:0x6c37bf4f042712c978a73e3fd56d1f5738dd7c43:1709102579:29:0xdca213444385689a018726a17a9c7c29390aa1adc68f98a783d7e73dd19a2927,ethereum:0x6c37bf4f042712c978a73e3fd56d1f5738dd7c43,ethereum,1517881980,0,0.7027006149291992,0.699437141418457,0.63994591034376,0.733720665767169,1,True,0.0,1.816729,3.895955,6.567398
ethereum:0x509a38b7a1cc0dcd83aa9d06214663d9ec7c7f4a:1709250143:0:0xdcd51859657f01cba8aa5107074cf1a1b9675c7dd326d3d84f8a1d45155360b6,ethereum:0x509a38b7a1cc0dcd83aa9d06214663d9ec7c7f4a,ethereum,1518102013,0,0.9897298812866211,0.7182673215866089,0.9999709562026756,0.9940678617294184,1,True,0.0,1.844237,3.504529,6.032524
ethereum:0x509a38b7a1cc0dcd83aa9d06214663d9ec7c7f4a:1709250143:1:0x2139eb294d820299db57af22b4b501364c141be200c6f3ce693be889f9e52694,ethereum:0x509a38b7a1cc0dcd83aa9d06214663d9ec7c7f4a,ethereum,1518102030,0,0.9652714729309082,0.7149142622947693,0.9992051859747634,0.9774362587030725,1,True,0.0,1.744102,4.054155,6.459104
ethereum:0x509a38b7a1cc0dcd83aa9d06214663d9ec7c7f4a:1709250143:2:0x052464a69f7a6bd0c568def214efab734381e038db0927915f741482acf43407,ethereum:0x509a38b7a1cc0dcd83aa9d06214663d9ec7c7f4a,ethereum,1518102080,0,0.9016309976577759,0.711010754108429,0.9849796628058082,0.9278387517649915,1,True,0.0,1.908925,4.049727,6.642173
ethereum:0x509a38b7a1cc0dcd83aa9d06214663d9ec7c7f4a:1709250143:3:0x0bf43ecae1f572be3375727fea11dd36a147e699191812e63235834849f051f7,ethereum:0x509a38b7a1cc0dcd83aa9d06214663d9ec7c7f4a,ethereum,1518102080,0,0.8293214440345764,0.7043834924697876,0.9236935484730515,0.860832750765485,1,True,0.0,1.866779,3.733775,6.285864
ethereum:0x509a38b7a1cc0dcd83aa9d06214663d9ec7c7f4a:1709250143:4:0x0c3eccd486d43caa3f77f0cddcf226f969c9cdd12995771ae16d09e58ab0a134,ethereum:0x509a38b7a1cc0dcd83aa9d06214663d9ec7c7f4a,ethereum,1518102080,0,0.7617093920707703,0.697593092918396,0.7987998768179615,0.7891448141130993,1,True,0.0,2.744488,4.652735,8.175224
ethereum:0x509a38b7a1cc0dcd83aa9d06214663d9ec7c7f4a:1709250143:5:0x11a4ee5824e51b8716839d31ce131ee7f46004ba0705bc8e412c88583d438862,ethereum:0x509a38b7a1cc0dcd83aa9d06214663d9ec7c7f4a,ethereum,1518102080,0,0.6945951581001282,0.6879898309707642,0.6160066873781407,0.7065286021623134,1,True,0.0,2.176042,4.031242,7.169242
ethereum:0x509a38b7a1cc0dcd83aa9d06214663d9ec7c7f4a:1709250143:6:0x1bd3a8d2af0098c6ee617e753a37aa744c6f469863a6a4d36909265bfedafa8b,ethereum:0x509a38b7a1cc0dcd83aa9d06214663d9ec7c7f4a,ethereum,1518102080,0,0.6525152325630188,0.6852478981018066,0.49065366899207635,0.6575383017790528,1,True,0.0,13.275271,4.169751,18.326351
ethereum:0x509a38b7a1cc0dcd83aa9d06214663d9ec7c7f4a:1709250143:7:0x25899b00ee227b99ad882cba56a0cd2057d7b722712c87df536be45749e47734,ethereum:0x509a38b7a1cc0dcd83aa9d06214663d9ec7c7f4a,ethereum,1518102080,0,0.6267980933189392,0.6805449724197388,0.4171418164656135,0.6214254502757101,1,True,0.0,1.807467,4.539994,7.182137
ethereum:0x509a38b7a1cc0dcd83aa9d06214663d9ec7c7f4a:1709250143:8:0x2e853055c46d816f2605a6c1b1fce54b64a33e2736948557c7741e9eefac5cd0,ethereum:0x509a38b7a1cc0dcd83aa9d06214663d9ec7c7f4a,ethereum,1518102080,0,0.6133540868759155,0.67745441198349,0.38072883841380917,0.601109434698629,1,True,0.0,1.771305,3.658432,6.228717
ethereum:0x509a38b7a1cc0dcd83aa9d06214663d9ec7c7f4a:1709250143:9:0x39d092cb62944d1578497b4ac2e1829667f37c986660fd52f8369e676772a2f9,ethereum:0x509a38b7a1cc0dcd83aa9d06214663d9ec7c7f4a,ethereum,1518102080,0,0.6065877676010132,0.6742289066314697,0.36304459230861824,0.587615530185954,1,True,0.0,1.747147,3.99249,6.468158
ethereum:0x509a38b7a1cc0dcd83aa9d06214663d9ec7c7f4a:1709250143:10:0x3b174a408578c67899409d7515aabd77e60527a381c0148e82fe27bce8f99a4d,ethereum:0x509a38b7a1cc0dcd83aa9d06214663d9ec7c7f4a,ethereum,1518102080,0,0.6049234867095947,0.6735318899154663,0.35876537954038124,0.5844728617285481,1,True,0.0,1.824425,3.60937,6.143969
ethereum:0x509a38b7a1cc0dcd83aa9d06214663d9ec7c7f4a:1709250143:11:0x454a574b8326f8901ebb4b03683a018248b3d2082270d3b24d88f42983df23ce,ethereum:0x509a38b7a1cc0dcd83aa9d06214663d9ec7c7f4a,ethereum,1518102080,0,0.6049562096595764,0.6724861860275269,0.35884924287275277,0.5824936069408064,1,True,0.0,1.889353,3.695288,6.296103
ethereum:0x509a38b7a1cc0dcd83aa9d06214663d9ec7c7f4a:1709250143:12:0x4713fbfff410ecf245e5de2b68c3f6db19548a7ebca8c6203fb350c52432ca84,ethereum:0x509a38b7a1cc0dcd83aa9d06214663d9ec7c7f4a,ethereum,1518102080,0,0.6071265935897827,0.6720299124717712,0.3644360898526982,0.5839684353100936,1,True,0.0,1.985908,3.539494,6.270541
ethereum:0x509a38b7a1cc0dcd83aa9d06214663d9ec7c7f4a:1709250143:13:0x47aa646a455188c7751bf67ff6b2d3d2b92c286e730e139db8e565a8d427a865,ethereum:0x509a38b7a1cc0dcd83aa9d06214663d9ec7c7f4a,ethereum,1518102080,0,0.6100481748580933,0.6723485589027405,0.3720319242000239,0.5877494259354821,1,True,0.0,2.140436,3.541981,6.456547
ethereum:0x509a38b7a1cc0dcd83aa9d06214663d9ec7c7f4a:1709250143:14:0x63374ba7489201d74e2f7a38af2b89733ea969f47f0445363db2678375319298,ethereum:0x509a38b7a1cc0dcd83aa9d06214663d9ec7c7f4a,ethereum,1518102080,0,0.6130157709121704,0.6726332306861877,0.3798339428535873,0.5915138027318334,1,True,0.0,2.102178,15.737417,18.691558
ethereum:0x509a38b7a1cc0dcd83aa9d06214663d9ec7c7f4a:1709250143:15:0x842967d45564b16af5ed720fa6737f36dd6af0c8e7fc916b2b181c2d1dece871,ethereum:0x509a38b7a1cc0dcd83aa9d06214663d9ec7c7f4a,ethereum,1518102080,0,0.6154652237892151,0.6728960871696472,0.38633783381808645,0.5946731636708893,1,True,0.0,2.0621,4.078212,7.078777
ethereum:0x509a38b7a1cc0dcd83aa9d06214663d9ec7c7f4a:1709250143:16:0x89fa41eece1c53f01544a8027eab8fef7fcf174065869c75f3d7ab4acce3d4db,ethereum:0x509a38b7a1cc0dcd83aa9d06214663d9ec7c7f4a,ethereum,1518102080,0,0.6178121566772461,0.6731140613555908,0.3926225517015731,0.5976344937198322,1,True,0.0,1.984693,3.692885,6.543407
ethereum:0x509a38b7a1cc0dcd83aa9d06214663d9ec7c7f4a:1709250143:17:0x89fa8b0d5163dabea2c09203f1abd8cc40bc74132fed8c1408d0f88132a6a530,ethereum:0x509a38b7a1cc0dcd83aa9d06214663d9ec7c7f4a,ethereum,1518102080,0,0.6201075911521912,0.6733344197273254,0.3988183527285164,0.6005434994152148,1,True,0.0,2.100091,3.935705,6.830462
ethereum:0x509a38b7a1cc0dcd83aa9d06214663d9ec7c7f4a:1709250143:18:0x9006b3cdd33dfa2dcd513a91c3fa7b99292e46817533edeb7f9395f63d782423,ethereum:0x509a38b7a1cc0dcd83aa9d06214663d9ec7c7f4a,ethereum,1518102080,0,0.6222241520881653,0.6738812923431396,0.40457319918126755,0.6038774809080615,1,True,0.0,1.829668,4.1184,6.753582
ethereum:0x509a38b7a1cc0dcd83aa9d06214663d9ec7c7f4a:1709250143:19:0xa02717f5def534fe31ae709ab1a0687662a020870ce4f514675f9f45ff4d45d6,ethereum:0x509a38b7a1cc0dcd83aa9d06214663d9ec7c7f4a,ethereum,1518102080,0,0.6243028044700623,0.6745114922523499,0.4102630609244706,0.6073246269906684,1,True,0.0,1.829085,4.203146,6.834114
ethereum:0x509a38b7a1cc0dcd83aa9d06214663d9ec7c7f4a:1709250143:20:0xa043ac3582880391d2f4461f52174400f74fe808df2e74f93b516366ca3fb67c,ethereum:0x509a38b7a1cc0dcd83aa9d06214663d9ec7c7f4a,ethereum,1518102080,0,0.6262243986129761,0.6751335263252258,0.4155557184526692,0.6105819074247294,1,True,0.0,1.880315,3.82121,6.537978
ethereum:0x509a38b7a1cc0dcd83aa9d06214663d9ec7c7f4a:1709250143:21:0xa577eef6680df6e87ce5ca0b6f69244b1c22c706ea438c60036fcd31b7f06e31,ethereum:0x509a38b7a1cc0dcd83aa9d06214663d9ec7c7f4a,ethereum,1518102080,0,0.6283156275749207,0.675208330154419,0.42135033636863006,0.6129854251521344,1,True,0.0,1.922168,4.05941,6.822133
ethereum:0x509a38b7a1cc0dcd83aa9d06214663d9ec7c7f4a:1709250143:22:0xa65df7a1135cda4c401e484fa59951a66e6e91dd3aba0510ca8dde715a5e9bba,ethereum:0x509a38b7a1cc0dcd83aa9d06214663d9ec7c7f4a,ethereum,1518102080,0,0.6307579278945923,0.6754980683326721,0.4281621611777027,0.6161730217012183,1,True,0.0,2.225703,15.776325,18.939026
ethereum:0x509a38b7a1cc0dcd83aa9d06214663d9ec7c7f4a:1709250143:23:0xad2ddc0ad09ad23035ab53490fc4ab800fff40753bd4b6be7d4252e1cf7c7cfb,ethereum:0x509a38b7a1cc0dcd83aa9d06214663d9ec7c7f4a,ethereum,1518102080,0,0.6329553723335266,0.6755897402763367,0.43433055628984457,0.6187215478785953,1,True,0.0,2.216751,4.193776,7.508515
ethereum:0x509a38b7a1cc0dcd83aa9d06214663d9ec7c7f4a:1709250143:24:0xb02fa13a94a8c9774c3fed78e94452618253702156766fd00fcab793bb0c5daa,ethereum:0x509a38b7a1cc0dcd83aa9d06214663d9ec7c7f4a,ethereum,1518102080,0,0.6350357532501221,0.6751134991645813,0.44020355790326443,0.6200788945201335,1,True,0.0,2.053098,3.957585,6.986118
ethereum:0x509a38b7a1cc0dcd83aa9d06214663d9ec7c7f4a:1709250143:25:0xb91913250dcd55129577e94a4cacf279a4d571e3ba4f36254097eaf963cc5201,ethereum:0x509a38b7a1cc0dcd83aa9d06214663d9ec7c7f4a,ethereum,1518102080,0,0.6370384693145752,0.6751843094825745,0.4458867047526521,0.622379201541186,1,True,0.0,1.831979,5.071287,7.760301
ethereum:0x509a38b7a1cc0dcd83aa9d06214663d9ec7c7f4a:1709250143:26:0xc29afd5a8b6794db9a75885be7b390bc3e0c1f702b57e5cf128d912391927a01,ethereum:0x509a38b7a1cc0dcd83aa9d06214663d9ec7c7f4a,ethereum,1518102080,0,0.6389679908752441,0.6752505898475647,0.45138839669607106,0.6245914855761417,1,True,0.0,2.169096,5.776726,8.89427
ethereum:0x509a38b7a1cc0dcd83aa9d06214663d9ec7c7f4a:1709250143:27:0xc6751f7dce556e216bc29062a90c004d14a3533895aa720c9b77e78127805026,ethereum:0x509a38b7a1cc0dcd83aa9d06214663d9ec7c7f4a,ethereum,1518102080,0,0.640832245349884,0.6753605604171753,0.4567275147752115,0.6268141183165192,1,True,0.0,2.02211,3.961308,6.997339
ethereum:0x509a38b7a1cc0dcd83aa9d06214663d9ec7c7f4a:1709250143:28:0xc7151fafe716b687b6a6dee88b73da94624f50cc8c0064c35e0ca38109b1f327,ethereum:0x509a38b7a1cc0dcd83aa9d06214663d9ec7c7f4a,ethereum,1518102080,0,0.6426334381103516,0.6754176616668701,0.4619071136106492,0.6288696021769468,1,True,0.0,2.098175,4.201525,7.369666
ethereum:0x509a38b7a1cc0dcd83aa9d06214663d9ec7c7f4a:1709250143:29:0xcd9a91cf4fa1a296bb092ec724ae64bff44ea2d66f2252e0436a730fcdf0f345,ethereum:0x509a38b7a1cc0dcd83aa9d06214663d9ec7c7f4a,ethereum,1518102080,0,0.6442902088165283,0.6754795908927917,0.4666889653121512,0.6307774506868937,1,True,0.0,1.936127,15.311419,18.186941
ethereum:0x7025bab2ec90410de37f488d1298204cd4d6b29d:1709166275:0:0x89c226b53033c99393d67462112aa061d69bb76b2fe684d88f6ae672974c2b97,ethereum:0x7025bab2ec90410de37f488d1298204cd4d6b29d,ethereum,1519160898,0,0.9897298812866211,0.7182673215866089,0.9999709562026756,0.9940678617294184,1,True,0.0,2.030066,4.124278,6.979905
ethereum:0x7025bab2ec90410de37f488d1298204cd4d6b29d:1709166275:1:0xd0f1d47ac88be7a2de20cf66f20fc48c213a3857411c751025c4d8c51b42247c,ethereum:0x7025bab2ec90410de37f488d1298204cd4d6b29d,ethereum,1519231967,0,0.9387516975402832,0.7153142690658569,0.9961351543517701,0.9584394842083281,1,True,0.0,1.960373,4.126436,6.846762
ethereum:0x7025bab2ec90410de37f488d1298204cd4d6b29d:1709166275:2:0xe77dd136a12a1db5df5b5b3b70e6c9041225c655b649ca6ff67e3b463c19318a,ethereum:0x7025bab2ec90410de37f488d1298204cd4d6b29d,ethereum,1519232067,0,0.8721689581871033,0.7107041478157043,0.9676203802283452,0.9035224161329718,1,True,0.0,2.381725,3.799524,6.899723
ethereum:0x7025bab2ec90410de37f488d1298204cd4d6b29d:1709166275:3:0x59c8454ca68f6855bd3ea154857d80db9b46e165634831181133005e974f87e4,ethereum:0x7025bab2ec90410de37f488d1298204cd4d6b29d,ethereum,1519232119,0,0.8219046592712402,0.7056882381439209,0.913446624633515,0.8554875363790734,1,True,0.0,1.931806,3.633747,6.220983
ethereum:0x7025bab2ec90410de37f488d1298204cd4d6b29d:1709166275:4:0x5a522bab26d4d9920c03ac35dcd0c3a9ea407b9ef537445b8d9821753c539fab,ethereum:0x7025bab2ec90410de37f488d1298204cd4d6b29d,ethereum,1519232228,0,0.7866048216819763,0.7047984600067139,0.8529833453208039,0.8222301285140773,1,True,0.0,1.913667,3.555841,6.3388
ethereum:0x7025bab2ec90410de37f488d1298204cd4d6b29d:1709166275:5:0x99cc4062c1fc6d581cc8ef1f24b76d54075ace3fc14ab7ccad4eeb2c343d6a47,ethereum:0x7025bab2ec90410de37f488d1298204cd4d6b29d,ethereum,1519232254,0,0.7633099555969238,0.7039620280265808,0.8025550651323352,0.7993410863933821,1,True,0.0,2.062153,3.896548,6.829267
ethereum:0x7025bab2ec90410de37f488d1298204cd4d6b29d:1709166275:6:0x1161bedc8e4169c24ef5e791c27fb60acf0b6b94806dffb2f17034a4f156f064,ethereum:0x7025bab2ec90410de37f488d1298204cd4d6b29d,ethereum,1519232280,0,0.7467263340950012,0.7033706903457642,0.7619826145624532,0.7827440258421057,1,True,0.0,1.90974,3.509238,6.180992
ethereum:0x7025bab2ec90410de37f488d1298204cd4d6b29d:1709166275:7:0xe108bacb29e4a8bc9a207e61bd2f17b5593ea701926e9cf64ceedb34e185a274,ethereum:0x7025bab2ec90410de37f488d1298204cd4d6b29d,ethereum,1519232280,0,0.7449091076850891,0.7030133008956909,0.7573233100141578,0.7804917188322354,1,True,0.0,1.863929,4.094617,6.753553
ethereum:0x7025bab2ec90410de37f488d1298204cd4d6b29d:1709166275:8:0x0a2ce9c5379acd4ab702325f4e91b544e7b8432f130468c4cac36fc62973fd9c,ethereum:0x7025bab2ec90410de37f488d1298204cd4d6b29d,ethereum,1519232292,0,0.7338563203811646,0.7026194930076599,0.728166619467687,0.7692634566809959,1,True,0.0,13.253222,5.988401,20.142704
ethereum:0x7025bab2ec90410de37f488d1298204cd4d6b29d:1709166275:9:0x6fdeeaf858b62453e653f5ecb223ac2ec98dd68f1b8893a68203b30a65ef9cdc,ethereum:0x7025bab2ec90410de37f488d1298204cd4d6b29d,ethereum,1519232297,0,0.7254421710968018,0.7022660970687866,0.7051152380781144,0.7605653780058391,1,True,0.0,1.86661,3.715139,6.365776
ethereum:0x7025bab2ec90410de37f488d1298204cd4d6b29d:1709166275:10:0xdbf65f4493b91617e26626580ed4beb8174729c9012f4e7c4a64804cce836696,ethereum:0x7025bab2ec90410de37f488d1298204cd4d6b29d,ethereum,1519232415,0,0.718939483165741,0.7018964290618896,0.6868616413620985,0.7536514852734633,1,True,0.0,1.878041,4.171721,6.830243
ethereum:0x7025bab2ec90410de37f488d1298204cd4d6b29d:1709166275:11:0xcd411422b5eafd47250032eb2a149e6ea8b41718fa453db850b7f9e74bebb838,ethereum:0x7025bab2ec90410de37f488d1298204cd4d6b29d,ethereum,1519232437,0,0.7138852477073669,0.7014898657798767,0.6724434003395622,0.7480618363255976,1,True,0.0,3.14702,3.87751,7.899478
ethereum:0x7025bab2ec90410de37f488d1298204cd4d6b29d:1709166275:12:0x7656e52da5b4e3ca5e3234c11dde327bb944f5fd99512a3812cd3f8834029ec4,ethereum:0x7025bab2ec90410de37f488d1298204cd4d6b29d,ethereum,1519232456,0,0.7108713984489441,0.7011498212814331,0.6637604693967404,0.7445600306958216,1,True,0.0,1.983633,3.931117,6.734993
ethereum:0x7025bab2ec90410de37f488d1298204cd4d6b29d:1709166275:13:0xccf13b6626ca5ae3cf51463eca40057a3929a90d7dc6587514980e0a3c6a6f26,ethereum:0x7025bab2ec90410de37f488d1298204cd4d6b29d,ethereum,1519232482,0,0.7086225152015686,0.7008190155029297,0.6572436634453765,0.7418157952032367,1,True,0.0,1.992431,4.502469,7.393654
ethereum:0x7025bab2ec90410de37f488d1298204cd4d6b29d:1709166275:14:0xf40118fb58aa7d9acace58ef026909df38c564c9300b4228ffdf64522aba8c07,ethereum:0x7025bab2ec90410de37f488d1298204cd4d6b29d,ethereum,1519232486,0,0.7069299817085266,0.7005447745323181,0.6523192228402981,0.7397042789591267,1,True,0.0,1.83592,4.627489,7.324069
ethereum:0x7025bab2ec90410de37f488d1298204cd4d6b29d:1709166275:15:0xf259d99fe57516f567e939ed3fff71682f23c6410e4a74693ce9eb34b5aca9f0,ethereum:0x7025bab2ec90410de37f488d1298204cd4d6b29d,ethereum,1519232497,0,0.7057982683181763,0.700329601764679,0.6490175082095939,0.7382384050586869,1,True,0.0,2.038918,15.607105,18.634045
ethereum:0x7025bab2ec90410de37f488d1298204cd4d6b29d:1709166275:16:0xf5b55864126dc0689d4944644700e1fc9579a53229017fb266bf6a7424ba74df,ethereum:0x7025bab2ec90410de37f488d1298204cd4d6b29d,ethereum,1519232547,0,0.7050364017486572,0.7000413537025452,0.6467909114436272,0.7370192112647518,1,True,0.0,2.174532,3.734288,6.799732
ethereum:0x7025bab2ec90410de37f488d1298204cd4d6b29d:1709166275:17:0xb8c4095278c8ac732d4d4530215db736beb61309184f6f6743f4543db127f363,ethereum:0x7025bab2ec90410de37f488d1298204cd4d6b29d,ethereum,1519232551,0,0.7045268416404724,0.6998668909072876,0.645299996491571,0.7362320783762263,1,True,0.0,1.907967,3.62573,6.384917
ethereum:0x7025bab2ec90410de37f488d1298204cd4d6b29d:1709166275:18:0x2adff90320574ff9f0c246cdc9aabbc6e30a7ea6bfbd01c55d8da82fb9f65936,ethereum:0x7025bab2ec90410de37f488d1298204cd4d6b29d,ethereum,1519232561,0,0.7042327523231506,0.6997571587562561,0.6444389171111479,0.735762778601714,1,True,0.0,3.158414,5.143367,9.757194
ethereum:0x7025bab2ec90410de37f488d1298204cd4d6b29d:1709166275:19:0xaaf749036b3e57636772754449407ca91a73ba2c3770f19ba2f0c9ce69e7899f,ethereum:0x7025bab2ec90410de37f488d1298204cd4d6b29d,ethereum,1519232561,0,0.7041089534759521,0.6997159719467163,0.6440763086055409,0.7355732095212545,1,True,0.0,2.320046,4.453449,8.076302
ethereum:0x7025bab2ec90410de37f488d1298204cd4d6b29d:1709166275:20:0x3c3f2d253a469019c0eb821b6cba11ee75536b6ccc8a81378fc98589a36bbab0,ethereum:0x7025bab2ec90410de37f488d1298204cd4d6b29d,ethereum,1519232663,0,0.7041147947311401,0.6996555328369141,0.6440934194627567,0.7354814029164483,1,True,0.0,2.108346,3.862217,7.205141
ethereum:0x7025bab2ec90410de37f488d1298204cd4d6b29d:1709166275:21:0xdc6f26577159190bafacdfb62407569e845bde35cdcb3425a2687a1d99981345,ethereum:0x7025bab2ec90410de37f488d1298204cd4d6b29d,ethereum,1519232663,0,0.7042062878608704,0.6995078921318054,0.6443614088593111,0.7353339343925747,1,True,0.0,2.268815,4.218671,7.612918
ethereum:0x7025bab2ec90410de37f488d1298204cd4d6b29d:1709166275:22:0x0e0a798ae672ad91857050e24a12d998bd80028fb589de3ea9dcaa9c2d00cdc7,ethereum:0x7025bab2ec90410de37f488d1298204cd4d6b29d,ethereum,1519232671,0,0.7043602466583252,0.6994506120681763,0.6448122685265882,0.7353946142641231,1,True,0.0,2.101939,4.017064,7.225828
ethereum:0x7025bab2ec90410de37f488d1298204cd4d6b29d:1709166275:23:0x17f6c7ff0c87192cf2ac112b3dd748b87c9645210e39416b79d199ea9f075704,ethereum:0x7025bab2ec90410de37f488d1298204cd4d6b29d,ethereum,1519232750,0,0.7045854926109314,0.6993316411972046,0.6454716708365271,0.7354267020496686,1,True,0.0,13.088736,4.228705,18.448118
ethereum:0x7025bab2ec90410de37f488d1298204cd4d6b29d:1709166275:24:0xd22c8b4affd58f9a1b2dc862e3855d87b6d9623f22c8123b7d3ff18293b6d61c,ethereum:0x7025bab2ec90410de37f488d1298204cd4d6b29d,ethereum,1519232750,0,0.7048782110214233,0.6992090344429016,0.6463282073705471,0.7355202527596303,1,True,0.0,1.949114,3.705117,6.560695
ethereum:0x7025bab2ec90410de37f488d1298204cd4d6b29d:1709166275:25:0xcfa175220775887968a8c681c993f04234aebd0907a002efc2676ede15f8d2b4,ethereum:0x7025bab2ec90410de37f488d1298204cd4d6b29d,ethereum,1519232833,0,0.7052268981933594,0.6991629600524902,0.647347935377408,0.7357931634204666,1,True,0.0,1.910152,4.298439,7.142666
ethereum:0x7025bab2ec90410de37f488d1298204cd4d6b29d:1709166275:26:0x2bed9de3e7ede47add8c6c192106ba0fc1669fb1cb7fe544147113665f1ef637,ethereum:0x7025bab2ec90410de37f488d1298204cd4d6b29d,ethereum,1519232845,0,0.705672562122345,0.6991263628005981,0.6486503374430226,0.7361779786626109,1,True,0.0,2.056555,15.505889,18.572073
ethereum:0x7025bab2ec90410de37f488d1298204cd4d6b29d:1709166275:27:0x39258ae0482fdfe0574bdcd5808907f265609437f92ad95e5e02c80e6e56f3bc,ethereum:0x7025bab2ec90410de37f488d1298204cd4d6b29d,ethereum,1519232931,0,0.7084968090057373,0.699065625667572,0.6568784907184868,0.7388913903764421,1,True,0.0,3.582607,3.792914,8.319282
ethereum:0x7025bab2ec90410de37f488d1298204cd4d6b29d:1709166275:28:0xdc2ddbe315aea32ecc8ddce64a05fdf9137c7bd05907d60af3b29ccb5e7deb7a,ethereum:0x7025bab2ec90410de37f488d1298204cd4d6b29d,ethereum,1519233033,0,0.7089592218399048,0.6990349292755127,0.6582213251430837,0.7393022824043367,1,True,0.0,1.836619,4.886358,7.625824
ethereum:0x7025bab2ec90410de37f488d1298204cd4d6b29d:1709166275:29:0x39dc28744a58c5f2e4fcf0ea25e8bc56df31f4347a65c72a9e54c839bf65ffbb,ethereum:0x7025bab2ec90410de37f488d1298204cd4d6b29d,ethereum,1519233072,0,0.7094433307647705,0.6989957690238953,0.6596257958949304,0.7397212558500778,1,True,0.0,2.080615,3.987241,6.982572
ethereum:0x996dc5dfc819408dd98cd92c9a76f64b0738dc3d:1709203343:0:0x62b3752c559be1bb9324432940c19bd005f25dabdc6ecbf3f0864c56d11994f9,ethereum:0x996dc5dfc819408dd98cd92c9a76f64b0738dc3d,ethereum,1519383631,0,0.9897298812866211,0.7182673215866089,0.9999709562026756,0.9940678617294184,1,True,0.0,2.051474,4.286665,7.079661
ethereum:0x996dc5dfc819408dd98cd92c9a76f64b0738dc3d:1709203343:1:0x326370b4c2a516d52cc088b8a0b5650e1bb5788875f0e91f25cd2cf0943a51c5,ethereum:0x996dc5dfc819408dd98cd92c9a76f64b0738dc3d,ethereum,1519383633,0,0.9732891917228699,0.7167134284973145,0.99961328877116,0.9832481710809915,1,True,0.0,1.877331,3.914806,6.492594
ethereum:0x996dc5dfc819408dd98cd92c9a76f64b0738dc3d:1709203343:2:0x6116fa68cc523a58cd990e8c2ae2fe3c6d29ca7d2aac74e7056404c01af82a86,ethereum:0x996dc5dfc819408dd98cd92c9a76f64b0738dc3d,ethereum,1519383633,0,0.9350897669792175,0.7129307389259338,0.995444992187775,0.9548596398310404,1,True,0.0,1.951624,3.93314,6.690132
ethereum:0x996dc5dfc819408dd98cd92c9a76f64b0738dc3d:1709203343:3:0x774f4420d82c129b4eff8f653daae131b38304a3b760c2999c3eff6db8f66dee,ethereum:0x996dc5dfc819408dd98cd92c9a76f64b0738dc3d,ethereum,1519383633,0,0.8660783767700195,0.7074301242828369,0.9628430697004863,0.8958810297878858,1,True,0.0,2.06279,4.600188,7.487113
ethereum:0x996dc5dfc819408dd98cd92c9a76f64b0738dc3d:1709203343:4:0x83dc0378eb52732ee8fe491e87d56557491caefc40338f08491d9f4399cf30a0,ethereum:0x996dc5dfc819408dd98cd92c9a76f64b0738dc3d,ethereum,1519383633,0,0.7879557013511658,0.6998016238212585,0.8556559629521752,0.8173393117518648,1,True,0.0,2.222848,4.151246,18.751684
ethereum:0x996dc5dfc819408dd98cd92c9a76f64b0738dc3d:1709203343:5:0xba7d958572043c493cab9d1ad73fc58727b3f500c278655689fabac08315044f,ethereum:0x996dc5dfc819408dd98cd92c9a76f64b0738dc3d,ethereum,1519383633,0,0.7060757279396057,0.691021203994751,0.6498276292505757,0.7234312084157473,1,True,0.0,1.931768,3.980654,6.67866
ethereum:0x996dc5dfc819408dd98cd92c9a76f64b0738dc3d:1709203343:6:0xbb52a5db94d3dde4ad319c0cbbc09bb413d012a3a3860f1b5a1ad3161f32a529,ethereum:0x996dc5dfc819408dd98cd92c9a76f64b0738dc3d,ethereum,1519383633,0,0.6575503945350647,0.687522292137146,0.5054831283821196,0.6669684523464936,1,True,0.0,1.947595,3.799454,6.520909
ethereum:0x996dc5dfc819408dd98cd92c9a76f64b0738dc3d:1709203343:7:0xc3ae3ad59c176845928ebb0bbb961c66940c773f29a4b1d3ec4cf4c3ffb96aec,ethereum:0x996dc5dfc819408dd98cd92c9a76f64b0738dc3d,ethereum,1519383633,0,0.6293811202049255,0.6823460459709167,0.4243163123648581,0.6275809942902296,1,True,0.0,2.293635,4.296312,18.852592
ethereum:0x996dc5dfc819408dd98cd92c9a76f64b0738dc3d:1709203343:8:0x058b6dbdf46e3eabf801037cbf87de85af8aac1cdba19abbb17281434baf3f28,ethereum:0x996dc5dfc819408dd98cd92c9a76f64b0738dc3d,ethereum,1519383644,0,0.6149886250495911,0.6786845922470093,0.38506787623498007,0.6052208697876866,1,True,0.0,1.92729,3.998162,6.706714
ethereum:0x996dc5dfc819408dd98cd92c9a76f64b0738dc3d:1709203343:9:0x0de8d2559fd47bb5d095d110c2a2289ee4ec7c177843afae6033c533bee969df,ethereum:0x996dc5dfc819408dd98cd92c9a76f64b0738dc3d,ethereum,1519383644,0,0.6078050136566162,0.6761237978935242,0.3661922712496005,0.592576090356734,1,True,0.0,2.110829,3.632917,6.493956
ethereum:0x996dc5dfc819408dd98cd92c9a76f64b0738dc3d:1709203343:10:0x41052803e6e3252ea19f531686878d8a102642a13d7f1e1975693f6d6b5f5a0f,ethereum:0x996dc5dfc819408dd98cd92c9a76f64b0738dc3d,ethereum,1519383644,0,0.6056221723556519,0.674176037311554,0.36055838676970253,0.5864696215510126,1,True,0.0,2.148213,3.826501,6.752028
ethereum:0x996dc5dfc819408dd98cd92c9a76f64b0738dc3d:1709203343:11:0x4113827c319ce2ca76291c042e6dbb855c07a02ef307b5ba0f55af591c1d29fb,ethereum:0x996dc5dfc819408dd98cd92c9a76f64b0738dc3d,ethereum,1519383644,0,0.6053079962730408,0.673306405544281,0.35975150872682765,0.5844546188430108,1,True,0.0,2.012529,3.785525,6.618707
ethereum:0x996dc5dfc819408dd98cd92c9a76f64b0738dc3d:1709203343:12:0x42f13d5b71062d4c8656b9e98858e2854dba8c192f5926da62e2170c26bd22f5,ethereum:0x996dc5dfc819408dd98cd92c9a76f64b0738dc3d,ethereum,1519383644,0,0.60673987865448,0.6736243963241577,0.363437114195426,0.5866166982790009,1,True,0.0,1.932634,5.408013,8.159808
ethereum:0x996dc5dfc819408dd98cd92c9a76f64b0738dc3d:1709203343:13:0x75f52fa49c0b82ac8907d796b061ae27af29529835134b68731f56b780e6469e,ethereum:0x996dc5dfc819408dd98cd92c9a76f64b0738dc3d,ethereum,1519383644,0,0.6091975569725037,0.6734810471534729,0.369811580263549,0.5890016223652939,1,True,0.0,3.012357,4.078722,8.207363
ethereum:0x996dc5dfc819408dd98cd92c9a76f64b0738dc3d:1709203343:14:0x799aad1845522d0a962085d7bf320e4d2529681ed02637126038c1c495257dd0,ethereum:0x996dc5dfc819408dd98cd92c9a76f64b0738dc3d,ethereum,1519383644,0,0.6119589805603027,0.6736375689506531,0.3770457050748016,0.5922921085877819,1,True,0.0,2.04698,15.606855,18.580584
ethereum:0x996dc5dfc819408dd98cd92c9a76f64b0738dc3d:1709203343:15:0x889a4c52297bb34f337228d24cafc69fbf68d7d10f8425cb0d3bd29b56c4d874,ethereum:0x996dc5dfc819408dd98cd92c9a76f64b0738dc3d,ethereum,1519383644,0,0.6143152713775635,0.6737663745880127,0.38327730782124364,0.5950904292781303,1,True,0.0,2.336817,5.048345,8.427723
ethereum:0x996dc5dfc819408dd98cd92c9a76f64b0738dc3d:1709203343:16:0x9b8a1f471e2cbb50a49fa3329f9dc29c7078595360240b03c5be629dd49cbb04,ethereum:0x996dc5dfc819408dd98cd92c9a76f64b0738dc3d,ethereum,1519383644,0,0.616567075252533,0.673888623714447,0.3892820322112769,0.5977627441039729,1,True,0.0,1.953693,3.751244,6.622076
ethereum:0x996dc5dfc819408dd98cd92c9a76f64b0738dc3d:1709203343:17:0xaa58ad49c4225d61fa5ec37c87987d27eb83f5cb55b5642eea9440e4f2fb5c6b,ethereum:0x996dc5dfc819408dd98cd92c9a76f64b0738dc3d,ethereum,1519383644,0,0.618718683719635,0.6740076541900635,0.3950637155823072,0.6003200613512533,1,True,0.0,1.870726,3.738398,6.425792
ethereum:0x996dc5dfc819408dd98cd92c9a76f64b0738dc3d:1709203343:18:0xb43fee3f0727720eaf71af3fbf7e0056dc384bbb372ec555d1f07040e241b8b7,ethereum:0x996dc5dfc819408dd98cd92c9a76f64b0738dc3d,ethereum,1519383644,0,0.6207736134529114,0.6747788190841675,0.40062496068123865,0.604012305545645,1,True,0.0,1.836534,3.755219,6.400418
ethereum:0x996dc5dfc819408dd98cd92c9a76f64b0738dc3d:1709203343:19:0xca1b702d68356d3eaceff16cbeeedf087123c4a5f4e519125df2b22d5d6f3228,ethereum:0x996dc5dfc819408dd98cd92c9a76f64b0738dc3d,ethereum,1519383644,0,0.622783899307251,0.6748858690261841,0.40610171408418694,0.6063906461435425,1,True,0.0,1.793713,3.686134,6.267449
ethereum:0x996dc5dfc819408dd98cd92c9a76f64b0738dc3d:1709203343:20:0xe61852e79824942d002079e7605e0ea842efbe25d6522c410857db02983bbc96,ethereum:0x996dc5dfc819408dd98cd92c9a76f64b0738dc3d,ethereum,1519383644,0,0.6247206926345825,0.6749863624572754,0.4114114082082753,0.6086766199005326,1,True,0.0,1.847526,3.717464,6.378702
ethereum:0x996dc5dfc819408dd98cd92c9a76f64b0738dc3d:1709203343:21:0xf04390b7caa997d15d411f7d46b30cf708cfe78579291e95b2dcf7d932176248,ethereum:0x996dc5dfc819408dd98cd92c9a76f64b0738dc3d,ethereum,1519383644,0,0.6268928647041321,0.6750954389572144,0.41740409253531147,0.6112330473886213,1,True,0.0,2.012745,4.937229,7.88587
ethereum:0x996dc5dfc819408dd98cd92c9a76f64b0738dc3d:1709203343:22:0x0f0175285939a864d9526e47208bafc055451e77c6eb6733af5cca0613f0c5cc,ethereum:0x996dc5dfc819408dd98cd92c9a76f64b0738dc3d,ethereum,1519383661,0,0.6293301582336426,0.67524254322052,0.42417424561037254,0.6141474414947891,1,True,0.0,1.970987,15.818057,18.734105
ethereum:0x996dc5dfc819408dd98cd92c9a76f64b0738dc3d:1709203343:23:0xe27356b34ea2001d477b610872c2b0232d52929caeb4f31491a3c88fc2563507,ethereum:0x996dc5dfc819408dd98cd92c9a76f64b0738dc3d,ethereum,1519383661,0,0.6314954161643982,0.675367534160614,0.43022824754449973,0.6167250107011027,1,True,0.0,2.133419,3.819004,6.944284
ethereum:0x996dc5dfc819408dd98cd92c9a76f64b0738dc3d:1709203343:24:0xeb45f4d35f4eae0d4404fc8fef6220ed81952b57f5080e4e51b556eb94211a76,ethereum:0x996dc5dfc819408dd98cd92c9a76f64b0738dc3d,ethereum,1519383661,0,0.6335399150848389,0.6754882335662842,0.4359775339822296,0.6191631375889994,1,True,0.0,2.089744,3.87409,6.883878
ethereum:0x996dc5dfc819408dd98cd92c9a76f64b0738dc3d:1709203343:25:0x00df47a0760aba0ee992f6eea1860e7097b7bc20116a7e1b4bf838c4547c601d,ethereum:0x996dc5dfc819408dd98cd92c9a76f64b0738dc3d,ethereum,1519383679,0,0.6354944705963135,0.6756177544593811,0.4415027629758119,0.621519754505016,1,True,0.0,1.848094,3.913058,6.601846
ethereum:0x996dc5dfc819408dd98cd92c9a76f64b0738dc3d:1709203343:26:0x0bf4cb1e43ffafbcabbdf75dd7f3439765f0ff4cff2bb7a9ab11bb02b44537ea,ethereum:0x996dc5dfc819408dd98cd92c9a76f64b0738dc3d,ethereum,1519383679,0,0.6373785734176636,0.6764249801635742,0.4468546105234523,0.625065472592747,1,True,0.0,2.828792,3.952515,7.698636
ethereum:0x996dc5dfc819408dd98cd92c9a76f64b0738dc3d:1709203343:27:0x1bbf1b77c8f28f94265ebfc90d5e4062277c1b4579a61d9b8f8aeb3a9c393311,ethereum:0x996dc5dfc819408dd98cd92c9a76f64b0738dc3d,ethereum,1519383679,0,0.6391966938972473,0.6765414476394653,0.45204216380497647,0.6272458052772552,1,True,0.0,2.041819,3.638709,6.537761
ethereum:0x996dc5dfc819408dd98cd92c9a76f64b0738dc3d:1709203343:28:0x2152e0ad8d163980ffe979bcbba35f36e746866c5890bbaa31b2092fbd0f0e19,ethereum:0x996dc5dfc819408dd98cd92c9a76f64b0738dc3d,ethereum,1519383679,0,0.640947699546814,0.6766541004180908,0.45705890819515543,0.6293457753206706,1,True,0.0,2.217826,3.578511,6.640176
ethereum:0x996dc5dfc819408dd98cd92c9a76f64b0738dc3d:1709203343:29:0x27e29f829831c931c1ab31840a3e46eafa811a7d9a0b1d455cedc4b1028b894c,ethereum:0x996dc5dfc819408dd98cd92c9a76f64b0738dc3d,ethereum,1519383679,0,0.6425085067749023,0.6767463684082031,0.46154720389173776,0.6312018442431104,1,True,0.0,2.0051,3.741992,6.645693
ethereum:0x47da5456bc2e1ce391b645ce80f2e97192e4976a:1709218919:0:0xed435b0455f6a5ec31c180d7da518fee67a9ecbb04b8c2e5094a25ae5309b3a2,ethereum:0x47da5456bc2e1ce391b645ce80f2e97192e4976a,ethereum,1520481179,0,0.9897298812866211,0.7182673215866089,0.9999709562026756,0.9940678617294184,1,True,0.0,2.001596,14.554761,17.287406
ethereum:0x47da5456bc2e1ce391b645ce80f2e97192e4976a:1709218919:1:0x3a6111e496f6482c64a284ec5545bba4f4a53fb718732cc65c5d24646a8a9dad,ethereum:0x47da5456bc2e1ce391b645ce80f2e97192e4976a,ethereum,1520483522,0,0.9732891917228699,0.7167134284973145,0.99961328877116,0.9832481710809915,1,True,0.0,2.367932,5.066647,8.2935
ethereum:0x5b09a0371c1da44a8e24d36bf5deb1141a84d875:1709241383:0:0x0391c084a9a0167176a33dfa88c30f958ab8be3da81492b1d6d0b036635abe41,ethereum:0x5b09a0371c1da44a8e24d36bf5deb1141a84d875,ethereum,1520594078,0,0.9897298812866211,0.7182673215866089,0.9999709562026756,0.9940678617294184,1,True,0.0,2.084413,4.071025,6.963385
ethereum:0x765f0c16d1ddc279295c1a7c24b0883f62d33f75:1709046731:0:0x7033e98a940901b88ecb973f45fe33ad658b775746012f0dade43e30cf717a04,ethereum:0x765f0c16d1ddc279295c1a7c24b0883f62d33f75,ethereum,1521393799,0,0.9897298812866211,0.7182673215866089,0.9999709562026756,0.9940678617294184,1,True,0.0,2.148949,5.173457,8.080968
ethereum:0x765f0c16d1ddc279295c1a7c24b0883f62d33f75:1709046731:1:0x7033e98a940901b88ecb973f45fe33ad658b775746012f0dade43e30cf717a04,ethereum:0x765f0c16d1ddc279295c1a7c24b0883f62d33f75,ethereum,1521393799,0,0.9897298812866211,0.7182673215866089,0.9999709562026756,0.9940678617294184,1,True,0.0,2.554075,4.658591,8.124769
ethereum:0x765f0c16d1ddc279295c1a7c24b0883f62d33f75:1709046731:2:0x7033e98a940901b88ecb973f45fe33ad658b775746012f0dade43e30cf717a04,ethereum:0x765f0c16d1ddc279295c1a7c24b0883f62d33f75,ethereum,1521393799,0,0.9897298812866211,0.7182673215866089,0.9999709562026756,0.9940678617294184,1,True,0.0,2.216275,5.112926,8.197961
ethereum:0x765f0c16d1ddc279295c1a7c24b0883f62d33f75:1709046731:3:0x7033e98a940901b88ecb973f45fe33ad658b775746012f0dade43e30cf717a04,ethereum:0x765f0c16d1ddc279295c1a7c24b0883f62d33f75,ethereum,1521393799,0,0.9897298812866211,0.7182673215866089,0.9999709562026756,0.9940678617294184,1,True,0.0,2.092173,4.303652,7.175287
ethereum:0x765f0c16d1ddc279295c1a7c24b0883f62d33f75:1709046731:4:0x7033e98a940901b88ecb973f45fe33ad658b775746012f0dade43e30cf717a04,ethereum:0x765f0c16d1ddc279295c1a7c24b0883f62d33f75,ethereum,1521393799,0,0.9897298812866211,0.7182673215866089,0.9999709562026756,0.9940678617294184,1,True,0.0,1.951038,15.986764,18.811289
ethereum:0x765f0c16d1ddc279295c1a7c24b0883f62d33f75:1709046731:5:0x7033e98a940901b88ecb973f45fe33ad658b775746012f0dade43e30cf717a04,ethereum:0x765f0c16d1ddc279295c1a7c24b0883f62d33f75,ethereum,1521393799,0,0.9897298812866211,0.7182673215866089,0.9999709562026756,0.9940678617294184,1,True,0.0,2.198068,4.079856,7.135569
ethereum:0x765f0c16d1ddc279295c1a7c24b0883f62d33f75:1709046731:6:0x7033e98a940901b88ecb973f45fe33ad658b775746012f0dade43e30cf717a04,ethereum:0x765f0c16d1ddc279295c1a7c24b0883f62d33f75,ethereum,1521393799,0,0.9897298812866211,0.7182673215866089,0.9999709562026756,0.9940678617294184,1,True,0.0,2.401392,4.605117,7.877234
ethereum:0x765f0c16d1ddc279295c1a7c24b0883f62d33f75:1709046731:7:0x7033e98a940901b88ecb973f45fe33ad658b775746012f0dade43e30cf717a04,ethereum:0x765f0c16d1ddc279295c1a7c24b0883f62d33f75,ethereum,1521393799,0,0.9897298812866211,0.7182673215866089,0.9999709562026756,0.9940678617294184,1,True,0.0,2.084639,4.51368,7.448496
ethereum:0x765f0c16d1ddc279295c1a7c24b0883f62d33f75:1709046731:8:0x7033e98a940901b88ecb973f45fe33ad658b775746012f0dade43e30cf717a04,ethereum:0x765f0c16d1ddc279295c1a7c24b0883f62d33f75,ethereum,1521393799,0,0.9897298812866211,0.7182673215866089,0.9999709562026756,0.9940678617294184,1,True,0.0,2.05254,4.070357,6.972843
ethereum:0x765f0c16d1ddc279295c1a7c24b0883f62d33f75:1709046731:9:0x7033e98a940901b88ecb973f45fe33ad658b775746012f0dade43e30cf717a04,ethereum:0x765f0c16d1ddc279295c1a7c24b0883f62d33f75,ethereum,1521393799,0,0.9897298812866211,0.7182673215866089,0.9999709562026756,0.9940678617294184,1,True,0.0,2.238813,4.942523,8.010554
ethereum:0x765f0c16d1ddc279295c1a7c24b0883f62d33f75:1709046731:10:0x7033e98a940901b88ecb973f45fe33ad658b775746012f0dade43e30cf717a04,ethereum:0x765f0c16d1ddc279295c1a7c24b0883f62d33f75,ethereum,1521393799,0,0.9897298812866211,0.7182673215866089,0.9999709562026756,0.9940678617294184,1,True,0.0,2.146195,4.245126,7.199465
ethereum:0x765f0c16d1ddc279295c1a7c24b0883f62d33f75:1709046731:11:0x7033e98a940901b88ecb973f45fe33ad658b775746012f0dade43e30cf717a04,ethereum:0x765f0c16d1ddc279295c1a7c24b0883f62d33f75,ethereum,1521393799,0,0.9897298812866211,0.7182673215866089,0.9999709562026756,0.9940678617294184,1,True,0.0,2.231817,4.131548,7.154869
ethereum:0x765f0c16d1ddc279295c1a7c24b0883f62d33f75:1709046731:12:0x7033e98a940901b88ecb973f45fe33ad658b775746012f0dade43e30cf717a04,ethereum:0x765f0c16d1ddc279295c1a7c24b0883f62d33f75,ethereum,1521393799,0,0.9897298812866211,0.7182673215866089,0.9999709562026756,0.9940678617294184,1,True,0.0,13.469268,4.336965,18.684643
ethereum:0x765f0c16d1ddc279295c1a7c24b0883f62d33f75:1709046731:13:0x7033e98a940901b88ecb973f45fe33ad658b775746012f0dade43e30cf717a04,ethereum:0x765f0c16d1ddc279295c1a7c24b0883f62d33f75,ethereum,1521393799,0,0.9897298812866211,0.7182673215866089,0.9999709562026756,0.9940678617294184,1,True,0.0,2.03905,3.962941,6.78471
ethereum:0x765f0c16d1ddc279295c1a7c24b0883f62d33f75:1709046731:14:0x7033e98a940901b88ecb973f45fe33ad658b775746012f0dade43e30cf717a04,ethereum:0x765f0c16d1ddc279295c1a7c24b0883f62d33f75,ethereum,1521393799,0,0.9897298812866211,0.7182673215866089,0.9999709562026756,0.9940678617294184,1,True,0.0,2.161185,4.232206,7.184678
ethereum:0x765f0c16d1ddc279295c1a7c24b0883f62d33f75:1709046731:15:0x7033e98a940901b88ecb973f45fe33ad658b775746012f0dade43e30cf717a04,ethereum:0x765f0c16d1ddc279295c1a7c24b0883f62d33f75,ethereum,1521393799,0,0.9897298812866211,0.7182673215866089,0.9999709562026756,0.9940678617294184,1,True,0.0,2.144427,4.780878,7.735143
ethereum:0x765f0c16d1ddc279295c1a7c24b0883f62d33f75:1709046731:16:0x7033e98a940901b88ecb973f45fe33ad658b775746012f0dade43e30cf717a04,ethereum:0x765f0c16d1ddc279295c1a7c24b0883f62d33f75,ethereum,1521393799,0,0.9897298812866211,0.7182673215866089,0.9999709562026756,0.9940678617294184,1,True,0.0,2.110541,4.051275,6.958207
ethereum:0x765f0c16d1ddc279295c1a7c24b0883f62d33f75:1709046731:17:0x7033e98a940901b88ecb973f45fe33ad658b775746012f0dade43e30cf717a04,ethereum:0x765f0c16d1ddc279295c1a7c24b0883f62d33f75,ethereum,1521393799,0,0.9897298812866211,0.7182673215866089,0.9999709562026756,0.9940678617294184,1,True,0.0,2.050553,4.33356,7.184129
ethereum:0x765f0c16d1ddc279295c1a7c24b0883f62d33f75:1709046731:18:0x7033e98a940901b88ecb973f45fe33ad658b775746012f0dade43e30cf717a04,ethereum:0x765f0c16d1ddc279295c1a7c24b0883f62d33f75,ethereum,1521393799,0,0.9897298812866211,0.7182673215866089,0.9999709562026756,0.9940678617294184,1,True,0.0,2.123615,4.288237,7.256478
ethereum:0x765f0c16d1ddc279295c1a7c24b0883f62d33f75:1709046731:19:0x7033e98a940901b88ecb973f45fe33ad658b775746012f0dade43e30cf717a04,ethereum:0x765f0c16d1ddc279295c1a7c24b0883f62d33f75,ethereum,1521393799,0,0.9897298812866211,0.7182673215866089,0.9999709562026756,0.9940678617294184,1,True,0.0,2.120501,4.438489,7.388108
ethereum:0x765f0c16d1ddc279295c1a7c24b0883f62d33f75:1709046731:20:0x7033e98a940901b88ecb973f45fe33ad658b775746012f0dade43e30cf717a04,ethereum:0x765f0c16d1ddc279295c1a7c24b0883f62d33f75,ethereum,1521393799,0,0.9897298812866211,0.7182673215866089,0.9999709562026756,0.9940678617294184,1,True,0.0,13.652105,4.578033,19.085477
ethereum:0x765f0c16d1ddc279295c1a7c24b0883f62d33f75:1709046731:21:0x7033e98a940901b88ecb973f45fe33ad658b775746012f0dade43e30cf717a04,ethereum:0x765f0c16d1ddc279295c1a7c24b0883f62d33f75,ethereum,1521393799,0,0.9897298812866211,0.7182673215866089,0.9999709562026756,0.9940678617294184,1,True,0.0,2.054198,3.978155,6.784548
ethereum:0x765f0c16d1ddc279295c1a7c24b0883f62d33f75:1709046731:22:0x7033e98a940901b88ecb973f45fe33ad658b775746012f0dade43e30cf717a04,ethereum:0x765f0c16d1ddc279295c1a7c24b0883f62d33f75,ethereum,1521393799,0,0.9897298812866211,0.7182673215866089,0.9999709562026756,0.9940678617294184,1,True,0.0,1.942999,4.096424,6.748436
ethereum:0x765f0c16d1ddc279295c1a7c24b0883f62d33f75:1709046731:23:0x7033e98a940901b88ecb973f45fe33ad658b775746012f0dade43e30cf717a04,ethereum:0x765f0c16d1ddc279295c1a7c24b0883f62d33f75,ethereum,1521393799,0,0.9897298812866211,0.7182673215866089,0.9999709562026756,0.9940678617294184,1,True,0.0,1.928701,3.924641,6.642907
ethereum:0x765f0c16d1ddc279295c1a7c24b0883f62d33f75:1709046731:24:0x7033e98a940901b88ecb973f45fe33ad658b775746012f0dade43e30cf717a04,ethereum:0x765f0c16d1ddc279295c1a7c24b0883f62d33f75,ethereum,1521393799,0,0.9897298812866211,0.7182673215866089,0.9999709562026756,0.9940678617294184,1,True,0.0,1.983903,3.938937,6.602136
ethereum:0x765f0c16d1ddc279295c1a7c24b0883f62d33f75:1709046731:25:0x7033e98a940901b88ecb973f45fe33ad658b775746012f0dade43e30cf717a04,ethereum:0x765f0c16d1ddc279295c1a7c24b0883f62d33f75,ethereum,1521393799,0,0.9897298812866211,0.7182673215866089,0.9999709562026756,0.9940678617294184,1,True,0.0,1.851069,3.656681,6.15492
ethereum:0x765f0c16d1ddc279295c1a7c24b0883f62d33f75:1709046731:26:0x7033e98a940901b88ecb973f45fe33ad658b775746012f0dade43e30cf717a04,ethereum:0x765f0c16d1ddc279295c1a7c24b0883f62d33f75,ethereum,1521393799,0,0.9897298812866211,0.7182673215866089,0.9999709562026756,0.9940678617294184,1,True,0.0,1.814247,3.691583,6.194436
ethereum:0x765f0c16d1ddc279295c1a7c24b0883f62d33f75:1709046731:27:0x7033e98a940901b88ecb973f45fe33ad658b775746012f0dade43e30cf717a04,ethereum:0x765f0c16d1ddc279295c1a7c24b0883f62d33f75,ethereum,1521393799,0,0.9897298812866211,0.7182673215866089,0.9999709562026756,0.9940678617294184,1,True,0.0,2.038441,15.515608,18.308248
ethereum:0x765f0c16d1ddc279295c1a7c24b0883f62d33f75:1709046731:28:0x7033e98a940901b88ecb973f45fe33ad658b775746012f0dade43e30cf717a04,ethereum:0x765f0c16d1ddc279295c1a7c24b0883f62d33f75,ethereum,1521393799,0,0.9897298812866211,0.7182673215866089,0.9999709562026756,0.9940678617294184,1,True,0.0,2.02229,3.894565,6.688018
ethereum:0x765f0c16d1ddc279295c1a7c24b0883f62d33f75:1709046731:29:0x7033e98a940901b88ecb973f45fe33ad658b775746012f0dade43e30cf717a04,ethereum:0x765f0c16d1ddc279295c1a7c24b0883f62d33f75,ethereum,1521393799,0,0.9897298812866211,0.7182673215866089,0.9999709562026756,0.9940678617294184,1,True,0.0,2.016321,3.912853,6.576045
ethereum:0x4f3afec4e5a3f2a6a1a411def7d7dfe50ee057bf:1709092283:0:0xe2f568d84ef620bf4c07c0886ea863d62bbe7cbb18ecd50d6d5ffa7d86ef0ca5,ethereum:0x4f3afec4e5a3f2a6a1a411def7d7dfe50ee057bf,ethereum,1521795475,0,0.9897298812866211,0.7182673215866089,0.9999709562026756,0.9940678617294184,1,True,0.0,2.094456,3.73456,6.712381
ethereum:0x4f3afec4e5a3f2a6a1a411def7d7dfe50ee057bf:1709092283:1:0x3d83df28fd8ebe09796fe0f3014fca2ff9bea2e30df0750b675897bef2b459f5,ethereum:0x4f3afec4e5a3f2a6a1a411def7d7dfe50ee057bf,ethereum,1521798517,0,0.9652714729309082,0.7149142622947693,0.9992051859747634,0.9774362587030725,1,True,0.0,2.057048,4.152065,6.951579
ethereum:0x4f3afec4e5a3f2a6a1a411def7d7dfe50ee057bf:1709092283:2:0x3d83df28fd8ebe09796fe0f3014fca2ff9bea2e30df0750b675897bef2b459f5,ethereum:0x4f3afec4e5a3f2a6a1a411def7d7dfe50ee057bf,ethereum,1521798517,0,0.9652714729309082,0.7149142622947693,0.9992051859747634,0.9774362587030725,1,True,0.0,1.893665,3.826563,6.526948
ethereum:0x4f3afec4e5a3f2a6a1a411def7d7dfe50ee057bf:1709092283:3:0x3d83df28fd8ebe09796fe0f3014fca2ff9bea2e30df0750b675897bef2b459f5,ethereum:0x4f3afec4e5a3f2a6a1a411def7d7dfe50ee057bf,ethereum,1521798517,0,0.9652714729309082,0.7149142622947693,0.9992051859747634,0.9774362587030725,1,True,0.0,1.938651,3.974082,6.625224
ethereum:0x4f3afec4e5a3f2a6a1a411def7d7dfe50ee057bf:1709092283:4:0x3d83df28fd8ebe09796fe0f3014fca2ff9bea2e30df0750b675897bef2b459f5,ethereum:0x4f3afec4e5a3f2a6a1a411def7d7dfe50ee057bf,ethereum,1521798517,0,0.9652714729309082,0.7149142622947693,0.9992051859747634,0.9774362587030725,1,True,0.0,1.914742,3.851646,6.520158
ethereum:0x4f3afec4e5a3f2a6a1a411def7d7dfe50ee057bf:1709092283:5:0x3d83df28fd8ebe09796fe0f3014fca2ff9bea2e30df0750b675897bef2b459f5,ethereum:0x4f3afec4e5a3f2a6a1a411def7d7dfe50ee057bf,ethereum,1521798517,0,0.9652714729309082,0.7149142622947693,0.9992051859747634,0.9774362587030725,1,True,0.0,1.876351,4.06863,6.738214
ethereum:0x4f3afec4e5a3f2a6a1a411def7d7dfe50ee057bf:1709092283:6:0x3d83df28fd8ebe09796fe0f3014fca2ff9bea2e30df0750b675897bef2b459f5,ethereum:0x4f3afec4e5a3f2a6a1a411def7d7dfe50ee057bf,ethereum,1521798517,0,0.9652714729309082,0.7149142622947693,0.9992051859747634,0.9774362587030725,1,True,0.0,13.24205,4.57793,18.725866
ethereum:0x4f3afec4e5a3f2a6a1a411def7d7dfe50ee057bf:1709092283:7:0xef4076ea974093117af687447d0917190840e5e1dd9d94dc916400c9986d29b2,ethereum:0x4f3afec4e5a3f2a6a1a411def7d7dfe50ee057bf,ethereum,1521799626,0,0.8600606322288513,0.7050986289978027,0.957676224876323,0.8887894208738728,1,True,0.0,2.013645,4.218457,7.029986
ethereum:0x4f3afec4e5a3f2a6a1a411def7d7dfe50ee057bf:1709092283:8:0xef4076ea974093117af687447d0917190840e5e1dd9d94dc916400c9986d29b2,ethereum:0x4f3afec4e5a3f2a6a1a411def7d7dfe50ee057bf,ethereum,1521799626,0,0.8600606322288513,0.7050986289978027,0.957676224876323,0.8887894208738728,1,True,0.0,1.84241,4.150263,6.676501
ethereum:0x4f3afec4e5a3f2a6a1a411def7d7dfe50ee057bf:1709092283:9:0xef4076ea974093117af687447d0917190840e5e1dd9d94dc916400c9986d29b2,ethereum:0x4f3afec4e5a3f2a6a1a411def7d7dfe50ee057bf,ethereum,1521799626,0,0.8600606322288513,0.7050986289978027,0.957676224876323,0.8887894208738728,1,True,0.0,1.884609,4.087194,6.664068
ethereum:0x4f3afec4e5a3f2a6a1a411def7d7dfe50ee057bf:1709092283:10:0xef4076ea974093117af687447d0917190840e5e1dd9d94dc916400c9986d29b2,ethereum:0x4f3afec4e5a3f2a6a1a411def7d7dfe50ee057bf,ethereum,1521799626,0,0.8600606322288513,0.7050986289978027,0.957676224876323,0.8887894208738728,1,True,0.0,2.097086,4.047978,6.792009
ethereum:0x4f3afec4e5a3f2a6a1a411def7d7dfe50ee057bf:1709092283:11:0xef4076ea974093117af687447d0917190840e5e1dd9d94dc916400c9986d29b2,ethereum:0x4f3afec4e5a3f2a6a1a411def7d7dfe50ee057bf,ethereum,1521799626,0,0.8600606322288513,0.7050986289978027,0.957676224876323,0.8887894208738728,1,True,0.0,1.908677,4.122228,6.808931
ethereum:0x4f3afec4e5a3f2a6a1a411def7d7dfe50ee057bf:1709092283:12:0xef4076ea974093117af687447d0917190840e5e1dd9d94dc916400c9986d29b2,ethereum:0x4f3afec4e5a3f2a6a1a411def7d7dfe50ee057bf,ethereum,1521799626,0,0.8600606322288513,0.7050986289978027,0.957676224876323,0.8887894208738728,1,True,0.0,1.767357,4.007822,6.459017
ethereum:0x4f3afec4e5a3f2a6a1a411def7d7dfe50ee057bf:1709092283:13:0xef4076ea974093117af687447d0917190840e5e1dd9d94dc916400c9986d29b2,ethereum:0x4f3afec4e5a3f2a6a1a411def7d7dfe50ee057bf,ethereum,1521799626,0,0.8600606322288513,0.7050986289978027,0.957676224876323,0.8887894208738728,1,True,0.0,1.947909,4.137339,6.911724
ethereum:0x4f3afec4e5a3f2a6a1a411def7d7dfe50ee057bf:1709092283:14:0x347d5362f7ae3d9a8653d11e7a7a47f225012a7b3af03803a159b9752e95e343,ethereum:0x4f3afec4e5a3f2a6a1a411def7d7dfe50ee057bf,ethereum,1521964028,0,0.8090337514877319,0.701256275177002,0.8936595936920904,0.8389079830810235,1,True,0.0,12.847654,4.30729,18.054619
ethereum:0x4f3afec4e5a3f2a6a1a411def7d7dfe50ee057bf:1709092283:15:0x347d5362f7ae3d9a8653d11e7a7a47f225012a7b3af03803a159b9752e95e343,ethereum:0x4f3afec4e5a3f2a6a1a411def7d7dfe50ee057bf,ethereum,1521964028,0,0.8090337514877319,0.701256275177002,0.8936595936920904,0.8389079830810235,1,True,0.0,1.885342,3.744523,6.381573
ethereum:0x4f3afec4e5a3f2a6a1a411def7d7dfe50ee057bf:1709092283:16:0x347d5362f7ae3d9a8653d11e7a7a47f225012a7b3af03803a159b9752e95e343,ethereum:0x4f3afec4e5a3f2a6a1a411def7d7dfe50ee057bf,ethereum,1521964028,0,0.8090337514877319,0.701256275177002,0.8936595936920904,0.8389079830810235,1,True,0.0,1.790887,4.833377,7.412033
ethereum:0x4f3afec4e5a3f2a6a1a411def7d7dfe50ee057bf:1709092283:17:0x347d5362f7ae3d9a8653d11e7a7a47f225012a7b3af03803a159b9752e95e343,ethereum:0x4f3afec4e5a3f2a6a1a411def7d7dfe50ee057bf,ethereum,1521964028,0,0.8090337514877319,0.701256275177002,0.8936595936920904,0.8389079830810235,1,True,0.0,1.908206,4.008876,6.683808
ethereum:0x4f3afec4e5a3f2a6a1a411def7d7dfe50ee057bf:1709092283:18:0x347d5362f7ae3d9a8653d11e7a7a47f225012a7b3af03803a159b9752e95e343,ethereum:0x4f3afec4e5a3f2a6a1a411def7d7dfe50ee057bf,ethereum,1521964028,0,0.8090337514877319,0.701256275177002,0.8936595936920904,0.8389079830810235,1,True,0.0,1.866388,4.281746,6.845377
ethereum:0x4f3afec4e5a3f2a6a1a411def7d7dfe50ee057bf:1709092283:19:0x952584882c50a878450744b2ceaf00f3d1003839bddd5e0187fc1ef268382b34,ethereum:0x4f3afec4e5a3f2a6a1a411def7d7dfe50ee057bf,ethereum,1522036619,0,0.6967310309410095,0.6929811835289001,0.6223395554997163,0.7170900197397866,1,True,0.0,2.791399,4.609845,8.246679
ethereum:0x4f3afec4e5a3f2a6a1a411def7d7dfe50ee057bf:1709092283:20:0xc3a1cdb8fe74596967d80c9707896b2c24bafc1ec014937d5de1159cd76afb86,ethereum:0x4f3afec4e5a3f2a6a1a411def7d7dfe50ee057bf,ethereum,1522036998,0,0.6580181121826172,0.6910854578018188,0.5068658001202822,0.6738706829739518,1,True,0.0,1.809239,3.785503,6.455072
ethereum:0x4f3afec4e5a3f2a6a1a411def7d7dfe50ee057bf:1709092283:21:0xc3a1cdb8fe74596967d80c9707896b2c24bafc1ec014937d5de1159cd76afb86,ethereum:0x4f3afec4e5a3f2a6a1a411def7d7dfe50ee057bf,ethereum,1522036998,0,0.6580181121826172,0.6910853981971741,0.5068658001202822,0.6738705759275184,1,True,0.0,1.933603,3.832536,6.522637
ethereum:0x5b09a0371c1da44a8e24d36bf5deb1141a84d875:1709241383:1:0x9973f18cdef9a1d84506a7cb1b394a7f8ab05b0fe578dd755593cdde78cc27b1,ethereum:0x5b09a0371c1da44a8e24d36bf5deb1141a84d875,ethereum,1522193116,0,0.9387516975402832,0.7153142690658569,0.9961351543517701,0.9584394842083281,1,True,0.0,13.543083,4.123955,18.50001
ethereum:0x5b09a0371c1da44a8e24d36bf5deb1141a84d875:1709241383:2:0x0221082f62a0b220c261211a9f041d3e2137946a96f4660a69d9a6da06150f8e,ethereum:0x5b09a0371c1da44a8e24d36bf5deb1141a84d875,ethereum,1522193146,0,0.8721689581871033,0.7107041478157043,0.9676203802283452,0.9035224161329718,1,True,0.0,1.842989,3.925066,6.448853
ethereum:0x5b09a0371c1da44a8e24d36bf5deb1141a84d875:1709241383:3:0x191314f72a9bd20f9cb49c8ee3ba0b04c989882e07a8cf5b54ccd963d53a09e1,ethereum:0x5b09a0371c1da44a8e24d36bf5deb1141a84d875,ethereum,1522193146,0,0.8219046592712402,0.7056882381439209,0.913446624633515,0.8554875363790734,1,True,0.0,1.866185,3.708726,6.325031
ethereum:0x5b09a0371c1da44a8e24d36bf5deb1141a84d875:1709241383:4:0x1baa222d38d2e6e79200b11a24c1af92e0b33dc59503ab93cb6e114f5e4e595e,ethereum:0x5b09a0371c1da44a8e24d36bf5deb1141a84d875,ethereum,1522193146,0,0.7866048216819763,0.7047984600067139,0.8529833453208039,0.8222301285140773,1,True,0.0,1.80014,3.50074,5.981181
ethereum:0x5b09a0371c1da44a8e24d36bf5deb1141a84d875:1709241383:5:0x1c704f7ab1a5f1fcffef6a2f29d9e69ba88372ab58c2386d9932cf73372e4330,ethereum:0x5b09a0371c1da44a8e24d36bf5deb1141a84d875,ethereum,1522193146,0,0.7633099555969238,0.7039620280265808,0.8025550651323352,0.7993410863933821,1,True,0.0,2.137064,4.308821,7.568693
ethereum:0x5b09a0371c1da44a8e24d36bf5deb1141a84d875:1709241383:6:0x2083a1cf4195244d804b9ad2367cec7b9e2ddd1c256c55b7f547721c8428ade9,ethereum:0x5b09a0371c1da44a8e24d36bf5deb1141a84d875,ethereum,1522193146,0,0.7467263340950012,0.7033706903457642,0.7619826145624532,0.7827440258421057,1,True,0.0,2.010649,3.722059,6.480382
ethereum:0x5b09a0371c1da44a8e24d36bf5deb1141a84d875:1709241383:7:0x24f698a085f319b792631da4063a169007d00e5fce8fc1295b076ce71fe6ad6d,ethereum:0x5b09a0371c1da44a8e24d36bf5deb1141a84d875,ethereum,1522193146,0,0.7342506647109985,0.7028761506080627,0.7292297800086327,0.7700248546437222,1,True,0.0,2.259052,3.88309,7.09283
ethereum:0x5b09a0371c1da44a8e24d36bf5deb1141a84d875:1709241383:8:0x29cb702f0adf64c3962ffbc8b6c6473701b58320d97c5dab8fd7dcdbb7780944,ethereum:0x5b09a0371c1da44a8e24d36bf5deb1141a84d875,ethereum,1522193146,0,0.7248222231864929,0.7024243474006653,0.7033905612383066,0.7602025071472693,1,True,0.0,1.868133,3.677167,6.359322
ethereum:0x5b09a0371c1da44a8e24d36bf5deb1141a84d875:1709241383:9:0x3a78dbdf6bb065b082ad655ec34f82ced41f3f155747d1104a9eeff56ceaeebb,ethereum:0x5b09a0371c1da44a8e24d36bf5deb1141a84d875,ethereum,1522193146,0,0.717624843120575,0.70204758644104,0.6831296224793213,0.7525995375109806,1,True,0.0,12.963891,4.361327,18.249073
ethereum:0x5b09a0371c1da44a8e24d36bf5deb1141a84d875:1709241383:10:0x3c2d70066e90d96fcc5381ee2a9d30d3ae87a67129b0e57f1e924fddef458474,ethereum:0x5b09a0371c1da44a8e24d36bf5deb1141a84d875,ethereum,1522193146,0,0.7120823860168457,0.7017261385917664,0.6672565363032332,0.7466622122750635,1,True,0.0,2.032506,3.932413,6.937834
ethereum:0x5b09a0371c1da44a8e24d36bf5deb1141a84d875:1709241383:11:0x428c46d49142c24f3b3efc5517cc3edb52a177b482b7091dccef454161e9876d,ethereum:0x5b09a0371c1da44a8e24d36bf5deb1141a84d875,ethereum,1522193146,0,0.7077534794807434,0.7012434601783752,0.6547172527558852,0.7416347639430508,1,True,0.0,1.742724,4.155108,6.714921
ethereum:0x5b09a0371c1da44a8e24d36bf5deb1141a84d875:1709241383:12:0x43a38f588b08ed1594957ed40a60ed437703de9ed94265c8f9f0c9a2d359103b,ethereum:0x5b09a0371c1da44a8e24d36bf5deb1141a84d875,ethereum,1522193146,0,0.7054238319396973,0.7010291814804077,0.6479235816763054,0.7389913210882761,1,True,0.0,1.989191,3.601824,6.42587
ethereum:0x5b09a0371c1da44a8e24d36bf5deb1141a84d875:1709241383:13:0x4a2d5b1ab138ca7cc2896644841f681bdd98cc113c7b2c5c08b20d9ea6ce0742,ethereum:0x5b09a0371c1da44a8e24d36bf5deb1141a84d875,ethereum,1522193146,0,0.7037328481674194,0.7007912397384644,0.6429742181642942,0.7369355141967461,1,True,0.0,1.816131,3.8881,6.47795
ethereum:0x5b09a0371c1da44a8e24d36bf5deb1141a84d875:1709241383:14:0x4f11431e178e515762a1d3aab25efb801484717a8aa8c92420e965bf2bee23dd,ethereum:0x5b09a0371c1da44a8e24d36bf5deb1141a84d875,ethereum,1522193146,0,0.7024971842765808,0.700502336025238,0.6393484900930733,0.7352441397217799,1,True,0.0,1.963255,5.232648,8.001597
ethereum:0x5b09a0371c1da44a8e24d36bf5deb1141a84d875:1709241383:15:0x5062657bb0136822dd331b8f40b53d62e2b98ab478dfff05c948a83466b43b1c,ethereum:0x5b09a0371c1da44a8e24d36bf5deb1141a84d875,ethereum,1522193146,0,0.7017366290092468,0.7001391649246216,0.6371132242128454,0.733900497413844,1,True,0.0,2.070101,3.598631,6.572973
ethereum:0x5b09a0371c1da44a8e24d36bf5deb1141a84d875:1709241383:16:0x507b8db83357c6bb557a01b2e86d8f950e90315e78396cd5dcd4c0ff07637ddd,ethereum:0x5b09a0371c1da44a8e24d36bf5deb1141a84d875,ethereum,1522193146,0,0.7012941837310791,0.7000594735145569,0.6358116544491407,0.7333313671430219,1,True,0.0,1.941403,4.055668,6.841463
ethereum:0x5b09a0371c1da44a8e24d36bf5deb1141a84d875:1709241383:17:0x576d445d452757c8641944b056a82d3890387eeb4b66363cb7d5db39a0b9a67b,ethereum:0x5b09a0371c1da44a8e24d36bf5deb1141a84d875,ethereum,1522193146,0,0.7010584473609924,0.6998636722564697,0.6351178125836779,0.7327786317915417,1,True,0.0,13.130229,4.748024,18.998117
ethereum:0x5b09a0371c1da44a8e24d36bf5deb1141a84d875:1709241383:18:0x57dbacfa96c1c58cd050e32803603ffa6e50185e76e54e23147b03178765cd09,ethereum:0x5b09a0371c1da44a8e24d36bf5deb1141a84d875,ethereum,1522193146,0,0.7010019421577454,0.6998270153999329,0.634951464160397,0.7326627841344925,1,True,0.0,1.902519,3.90358,6.742759
ethereum:0x5b09a0371c1da44a8e24d36bf5deb1141a84d875:1709241383:19:0x5bca44e1fd466ad5050183a7076b4b1857dbd9b0a6414a907d66fb16c4926343,ethereum:0x5b09a0371c1da44a8e24d36bf5deb1141a84d875,ethereum,1522193146,0,0.7010869383811951,0.6997268199920654,0.6352016832928055,0.7325843978687226,1,True,0.0,1.917421,4.016683,6.788105
ethereum:0x5b09a0371c1da44a8e24d36bf5deb1141a84d875:1709241383:20:0x5eda0ba94b9dd9810da0d78c1ff8f371dbda8dfe26dafc7d4b286e1faea9342a,ethereum:0x5b09a0371c1da44a8e24d36bf5deb1141a84d875,ethereum,1522193146,0,0.7012845873832703,0.699631929397583,0.6357834144276998,0.7326268486185895,1,True,0.0,2.144864,3.926631,7.216048
ethereum:0x5b09a0371c1da44a8e24d36bf5deb1141a84d875:1709241383:21:0x7888b5758109714eb1cda45541bd1927db3c46254068afa8aafe857cbac5c7b4,ethereum:0x5b09a0371c1da44a8e24d36bf5deb1141a84d875,ethereum,1522193146,0,0.7015514373779297,0.6995339393615723,0.6365685424033837,0.7327332852149562,1,True,0.0,2.360269,4.300573,7.584055
ethereum:0x5b09a0371c1da44a8e24d36bf5deb1141a84d875:1709241383:22:0x79da63c2d0ce6894f5059e1c1cdccdaec3e955167ec0e00b6e3b944d9ee01f79,ethereum:0x5b09a0371c1da44a8e24d36bf5deb1141a84d875,ethereum,1522193146,0,0.7018803954124451,0.6994999647140503,0.6375359585551456,0.733005725361711,1,True,0.0,1.841093,3.588457,6.25685
ethereum:0x5b09a0371c1da44a8e24d36bf5deb1141a84d875:1709241383:23:0x7d25269b4b7897ac87d54a86219c7036133c4ec2535c018178b9d7d8b6e24bc3,ethereum:0x5b09a0371c1da44a8e24d36bf5deb1141a84d875,ethereum,1522193146,0,0.702264130115509,0.6994692087173462,0.638663832922817,0.7333379803281449,1,True,0.0,1.908802,4.69831,7.541976
ethereum:0x5b09a0371c1da44a8e24d36bf5deb1141a84d875:1709241383:24:0x814d42c27468faaf5d5edd68bd188dbc602270192502a3cb2f761e6cec032ab5,ethereum:0x5b09a0371c1da44a8e24d36bf5deb1141a84d875,ethereum,1522193146,0,0.7027006149291992,0.6994370818138123,0.63994591034376,0.7337205691264551,1,True,0.0,1.978948,4.30916,7.395615
ethereum:0x5b09a0371c1da44a8e24d36bf5deb1141a84d875:1709241383:25:0x83fe56128545682363c0bcb59b2f5c75d5ab2d622c81f4e2e6443ba5e3511e85,ethereum:0x5b09a0371c1da44a8e24d36bf5deb1141a84d875,ethereum,1522193146,0,0.7031804323196411,0.6994125247001648,0.6413542173274234,0.7341585899838011,1,True,0.0,2.31122,4.418163,18.059719
ethereum:0x5b09a0371c1da44a8e24d36bf5deb1141a84d875:1709241383:26:0x855ecf1574b529790cae9120fce8de2bb10a4a953cf8bac5307f2962f6ee8e36,ethereum:0x5b09a0371c1da44a8e24d36bf5deb1141a84d875,ethereum,1522193146,0,0.7037480473518372,0.699381947517395,0.6430187696033953,0.7346742755697521,1,True,0.0,2.11785,4.046119,7.150921
ethereum:0x5b09a0371c1da44a8e24d36bf5deb1141a84d875:1709241383:27:0x8c63d87d3c4042d92d1a90fc820272418224b9c4a91491957ba3653c8c54c36f,ethereum:0x5b09a0371c1da44a8e24d36bf5deb1141a84d875,ethereum,1522193146,0,0.7043929100036621,0.6993734836578369,0.6449079057895108,0.7353025638331204,1,True,0.0,2.168929,3.855488,6.947753
ethereum:0x5b09a0371c1da44a8e24d36bf5deb1141a84d875:1709241383:28:0x8cbe3ff864b9de5f1693c6ec95596fb82276d51506fb93d4bf80821ff5175825,ethereum:0x5b09a0371c1da44a8e24d36bf5deb1141a84d875,ethereum,1522193146,0,0.7050576210021973,0.6993314027786255,0.6468529673218137,0.7358962547438161,1,True,0.0,3.147199,5.538465,9.779806
ethereum:0x5b09a0371c1da44a8e24d36bf5deb1141a84d875:1709241383:29:0x92e5ccd7ba5a274a5185130a2bf2b6ea5c0508580ffc1d3016e85bf73ad6b821,ethereum:0x5b09a0371c1da44a8e24d36bf5deb1141a84d875,ethereum,1522193146,0,0.7057382464408875,0.6993241310119629,0.6488422030014709,0.7365618416543898,1,True,0.0,3.055227,4.029683,8.396547
ethereum:0x4f3afec4e5a3f2a6a1a411def7d7dfe50ee057bf:1709092283:22:0x19e570ed69bb0dc1ad93af5d0676749bb2467be38dded1e9413c527e366610a0,ethereum:0x4f3afec4e5a3f2a6a1a411def7d7dfe50ee057bf,ethereum,1522211744,0,0.6490901112556458,0.6896626949310303,0.48063129196589954,0.6619823601718017,1,True,0.0,2.254228,4.440416,7.510463
ethereum:0x4f3afec4e5a3f2a6a1a411def7d7dfe50ee057bf:1709092283:23:0xcd5a20a8e761b1adec97deea9cf8c332a1f9a5da3468ae99b4e95f547231cbea,ethereum:0x4f3afec4e5a3f2a6a1a411def7d7dfe50ee057bf,ethereum,1522227835,0,0.6363664269447327,0.6897727847099304,0.4439764900096018,0.6488591281659226,1,True,0.0,1.940455,3.724416,6.504901
ethereum:0x4f3afec4e5a3f2a6a1a411def7d7dfe50ee057bf:1709092283:24:0x10b5ccdc029093fc40a31d892a43d345331c8c0a49aced136306bef4970b6a1a,ethereum:0x4f3afec4e5a3f2a6a1a411def7d7dfe50ee057bf,ethereum,1522593180,0,0.629718542098999,0.6892480850219727,0.42525746129144965,0.64090101712387,1,True,0.0,13.36848,4.918721,19.20456
ethereum:0x4f3afec4e5a3f2a6a1a411def7d7dfe50ee057bf:1709092283:25:0x3c1830387bad87574846f8a3e66be31915c2903e1713bbc4cdb4370667aa06d6,ethereum:0x4f3afec4e5a3f2a6a1a411def7d7dfe50ee057bf,ethereum,1522609219,0,0.6254976391792297,0.6887773275375366,0.4135503593721154,0.635575630575995,1,True,0.0,2.267241,4.405916,7.576813
ethereum:0x4f3afec4e5a3f2a6a1a411def7d7dfe50ee057bf:1709092283:26:0x1291860767a2d73677ab1d675ad5841e38229bfb3762e001d2812fc2ac6ba968,ethereum:0x4f3afec4e5a3f2a6a1a411def7d7dfe50ee057bf,ethereum,1522659388,0,0.6155129671096802,0.6882615089416504,0.3864651700310521,0.6240702949378502,1,True,0.0,2.015695,4.041579,6.90152
ethereum:0x4f3afec4e5a3f2a6a1a411def7d7dfe50ee057bf:1709092283:27:0x1291860767a2d73677ab1d675ad5841e38229bfb3762e001d2812fc2ac6ba968,ethereum:0x4f3afec4e5a3f2a6a1a411def7d7dfe50ee057bf,ethereum,1522659388,0,0.6155129671096802,0.6882615089416504,0.3864651700310521,0.6240702949378502,1,True,0.0,1.94541,3.881599,6.614616
ethereum:0x4f3afec4e5a3f2a6a1a411def7d7dfe50ee057bf:1709092283:28:0x415e25eacd4e5cd84fb0ddd485320823e52accb4189ab92427565bf934007d5b,ethereum:0x4f3afec4e5a3f2a6a1a411def7d7dfe50ee057bf,ethereum,1522663064,0,0.603491485118866,0.6867051124572754,0.3551062564515182,0.6083623128440471,1,True,0.0,1.902436,3.712805,6.433825
ethereum:0x4f3afec4e5a3f2a6a1a411def7d7dfe50ee057bf:1709092283:29:0x415e25eacd4e5cd84fb0ddd485320823e52accb4189ab92427565bf934007d5b,ethereum:0x4f3afec4e5a3f2a6a1a411def7d7dfe50ee057bf,ethereum,1522663064,0,0.603491485118866,0.6867051124572754,0.3551062564515182,0.6083623128440471,1,True,0.0,2.215356,3.837757,6.848889
ethereum:0x8db90e3e7d04c875a51997092f9178fcac9defdb:1709225027:0:0x8526fab7a37abe796e6c66d608e89a4e359da74e2062aa2bb5f445408bd9a8cb,ethereum:0x8db90e3e7d04c875a51997092f9178fcac9defdb,ethereum,1524232567,0,0.9897298812866211,0.7182673215866089,0.9999709562026756,0.9940678617294184,1,True,0.0,1.997052,3.597376,6.298443
ethereum:0x8db90e3e7d04c875a51997092f9178fcac9defdb:1709225027:1:0xda90c5e4782a23897a0e206c0c22139e51ad69c028bca41b7e5aa47a099a2efb,ethereum:0x8db90e3e7d04c875a51997092f9178fcac9defdb,ethereum,1524233138,0,0.9387516975402832,0.7153142690658569,0.9961351543517701,0.9584394842083281,1,True,0.0,1.823829,3.765368,6.399715
ethereum:0x8db90e3e7d04c875a51997092f9178fcac9defdb:1709225027:2:0x40a4a099bfc371b99e1bdc5e8a153d8726bb07a4d1d7332bfd369c8f06d6d575,ethereum:0x8db90e3e7d04c875a51997092f9178fcac9defdb,ethereum,1524367090,0,0.8623139262199402,0.709467351436615,0.9596641357533802,0.8942891522869996,1,True,0.0,13.595719,5.77785,20.289988
ethereum:0x8db90e3e7d04c875a51997092f9178fcac9defdb:1709225027:3:0x2a91d2121043b1326d00075d597c6423302313c3fffd5b9ffa8e129d9cd0627b,ethereum:0x8db90e3e7d04c875a51997092f9178fcac9defdb,ethereum,1524369076,0,0.7940673828125,0.7026340961456299,0.8673925517396861,0.8265515726887476,1,True,0.0,1.925906,4.126776,6.871976
ethereum:0x8db90e3e7d04c875a51997092f9178fcac9defdb:1709225027:4:0x73d2c3593d29da848e7377cbea176085c8ce86ff56148b862d2591942cca1324,ethereum:0x8db90e3e7d04c875a51997092f9178fcac9defdb,ethereum,1524369076,0,0.7510855197906494,0.7009217739105225,0.7729941474909865,0.7834671759354211,1,True,0.0,1.93961,3.793537,6.514855
ethereum:0x8db90e3e7d04c875a51997092f9178fcac9defdb:1709225027:5:0x571c2d3416577a93e6a06439eb2a8b99d42023c0e955c228d7a064b2bd537bf7,ethereum:0x8db90e3e7d04c875a51997092f9178fcac9defdb,ethereum,1524369553,0,0.7478158473968506,0.7005818486213684,0.7647568703733938,0.7798197162532902,1,True,0.0,2.141304,3.8769,6.708779
ethereum:0x8db90e3e7d04c875a51997092f9178fcac9defdb:1709225027:6:0x5e14c657beeca80b455613dea0678707ce07fccdd39c7a0cfe69a36d3e38529a,ethereum:0x8db90e3e7d04c875a51997092f9178fcac9defdb,ethereum,1524374797,0,0.7486295104026794,0.6999648213386536,0.7668191999676334,0.7797288241047298,1,True,0.0,2.072336,4.03245,7.003478
ethereum:0x8db90e3e7d04c875a51997092f9178fcac9defdb:1709225027:7:0x0a17c65a89182f592e2e56c7f2eac2fb06d251a7929cafa0657583119813633d,ethereum:0x8db90e3e7d04c875a51997092f9178fcac9defdb,ethereum,1524377131,0,0.7288356423377991,0.6984432935714722,0.7144937826762124,0.7580860875155114,1,True,0.0,1.920172,3.823105,6.519457
ethereum:0x8db90e3e7d04c875a51997092f9178fcac9defdb:1709225027:8:0x1085578f8fc23d99ca1a85f2b80413542e4489b472f3f95f1fe532ad296ad389,ethereum:0x8db90e3e7d04c875a51997092f9178fcac9defdb,ethereum,1524377131,0,0.714827835559845,0.6974581480026245,0.6751463918140845,0.7426447217422696,1,True,0.0,1.833336,4.061462,6.627331
ethereum:0x8db90e3e7d04c875a51997092f9178fcac9defdb:1709225027:9:0x11303f13326e3a9a3f2aa882419fd6f76b79437303a7b525c1dbbb5d79f97cd3,ethereum:0x8db90e3e7d04c875a51997092f9178fcac9defdb,ethereum,1524377131,0,0.7051163911819458,0.6957060098648071,0.6470248288911393,0.7300882329023429,1,True,0.0,1.877191,3.961879,6.662404
ethereum:0x8db90e3e7d04c875a51997092f9178fcac9defdb:1709225027:10:0x2cda1d0ff19afc8d80244d64976ede6aa150cfa30d6fb1dbaf126cf2098e5b41,ethereum:0x8db90e3e7d04c875a51997092f9178fcac9defdb,ethereum,1524377131,0,0.6979201436042786,0.6953171491622925,0.6258582532059924,0.7221733289106008,1,True,0.0,13.351889,4.516413,18.702933
ethereum:0x8db90e3e7d04c875a51997092f9178fcac9defdb:1709225027:11:0x2e66f71d917a45ef61b985fbde75846250cc701b5c313d8c73537d4555b3e0df,ethereum:0x8db90e3e7d04c875a51997092f9178fcac9defdb,ethereum,1524377131,0,0.6924290657043457,0.6949779987335205,0.6095693303751496,0.71603558673463,1,True,0.0,1.888396,4.231323,6.962129
ethereum:0x8db90e3e7d04c875a51997092f9178fcac9defdb:1709225027:12:0x3df71d4d176c0324591f6183a7f6c42a98b65d9775aaf095353ed9017107001f,ethereum:0x8db90e3e7d04c875a51997092f9178fcac9defdb,ethereum,1524377131,0,0.6948248744010925,0.6937719583511353,0.6166885305454227,0.7164605477548085,1,True,0.0,1.966837,3.949909,6.752603
ethereum:0x8db90e3e7d04c875a51997092f9178fcac9defdb:1709225027:13:0x5edd4233f33d2cd684c99dc6280809b6e7653ebbc0c960ce07c57309b0bf6eb4,ethereum:0x8db90e3e7d04c875a51997092f9178fcac9defdb,ethereum,1524377131,0,0.6902879476547241,0.6926767230033875,0.6031933979193835,0.7099819050272623,1,True,0.0,2.1954,4.017057,6.970788
ethereum:0x8db90e3e7d04c875a51997092f9178fcac9defdb:1709225027:14:0xeb60f10f991d40f69787d8432ae2b07fc9a9572c935b20173b6582f5f3a3c4bb,ethereum:0x8db90e3e7d04c875a51997092f9178fcac9defdb,ethereum,1524377131,0,0.6866564750671387,0.6923862099647522,0.5923557516988185,0.7057612289427102,1,True,0.0,1.922803,3.743168,6.417687
ethereum:0x8db90e3e7d04c875a51997092f9178fcac9defdb:1709225027:15:0xfc382049b0677d35907702d8cafb5f05536cf2da120e1bf9cd1068b699965404,ethereum:0x8db90e3e7d04c875a51997092f9178fcac9defdb,ethereum,1524377131,0,0.6837136149406433,0.6921271085739136,0.5835568332057635,0.7022918249362138,1,True,0.0,3.164407,4.382498,8.494353
ethereum:0x8db90e3e7d04c875a51997092f9178fcac9defdb:1709225027:16:0xfdde411d7ca5e8379e0a9e0ec761802a27a77ac154ba8b6b78471b8c976c8ce1,ethereum:0x8db90e3e7d04c875a51997092f9178fcac9defdb,ethereum,1524377131,0,0.6814918518066406,0.6919187903404236,0.5769075196225663,0.6996453868097071,1,True,0.0,1.85951,3.856247,6.529409
ethereum:0x8db90e3e7d04c875a51997092f9178fcac9defdb:1709225027:17:0x27da15745526c830addb50cbcec3f3be8efdebd2b12f9c0712f343946558aeb0,ethereum:0x8db90e3e7d04c875a51997092f9178fcac9defdb,ethereum,1524377152,0,0.6797539591789246,0.6917368173599243,0.5717040235170727,0.6975392005314532,1,True,0.0,1.84025,15.426625,18.17043
ethereum:0x8db90e3e7d04c875a51997092f9178fcac9defdb:1709225027:18:0x53da1439c77e7119ca4d8e7d0b83d68a9633b823f6268c51ada24dd09821f989,ethereum:0x8db90e3e7d04c875a51997092f9178fcac9defdb,ethereum,1524377152,0,0.6787241697311401,0.6915847659111023,0.5686201868679083,0.696213227971951,1,True,0.0,2.064125,4.987035,7.982312
ethereum:0x8db90e3e7d04c875a51997092f9178fcac9defdb:1709225027:19:0x6a23d330ec1bb0a48a8c69c0a81d39ce5a6c4ae699bca1c60601b2782484ecec,ethereum:0x8db90e3e7d04c875a51997092f9178fcac9defdb,ethereum,1524377152,0,0.6782459616661072,0.6914569735527039,0.5671880795254363,0.695497976660517,1,True,0.0,2.328195,3.803514,6.981776
ethereum:0x8db90e3e7d04c875a51997092f9178fcac9defdb:1709225027:20:0x8f552a1a153fcda339d925f94c534478852197d08e89be77b0dabc417e383462,ethereum:0x8db90e3e7d04c875a51997092f9178fcac9defdb,ethereum,1524377152,0,0.6780110001564026,0.6913959980010986,0.5664844288842085,0.6951495030678476,1,True,0.0,1.962809,4.249489,7.166014
ethereum:0x8db90e3e7d04c875a51997092f9178fcac9defdb:1709225027:21:0x9bd612964c0abe5c6e35200f0c9444f790beb8f623dcd2a066b86cdf0859897e,ethereum:0x8db90e3e7d04c875a51997092f9178fcac9defdb,ethereum,1524377152,0,0.6779266595840454,0.6908431649208069,0.5662318503225476,0.6941038831351287,1,True,0.0,1.900436,3.851867,6.598626
ethereum:0x8db90e3e7d04c875a51997092f9178fcac9defdb:1709225027:22:0xbbf67f29d128492469264a0955ed17cbbcc80dd3f60b38ded5f8359d3715c572,ethereum:0x8db90e3e7d04c875a51997092f9178fcac9defdb,ethereum,1524377152,0,0.677996814250946,0.690740704536438,0.5664419456886669,0.6939988394908086,1,True,0.0,1.847641,5.338998,8.126296
ethereum:0x8db90e3e7d04c875a51997092f9178fcac9defdb:1709225027:23:0x8d4a6433e9e14bc5c65dc1c6a1b6965b395e67ef1077b44be726701fbc67d7ea,ethereum:0x8db90e3e7d04c875a51997092f9178fcac9defdb,ethereum,1524377331,0,0.6781955361366272,0.6906465291976929,0.5670370677389737,0.6940413979757107,1,True,0.0,2.277337,4.120921,7.316412
ethereum:0x8db90e3e7d04c875a51997092f9178fcac9defdb:1709225027:24:0x0658736c962f89879a27761f3fd0131d152a325ed2993b4d08005350bd593842,ethereum:0x8db90e3e7d04c875a51997092f9178fcac9defdb,ethereum,1524377333,0,0.6785138845443726,0.6902102828025818,0.5679904398817861,0.6936150330203168,1,True,0.0,2.162314,4.14024,7.26306
ethereum:0x8db90e3e7d04c875a51997092f9178fcac9defdb:1709225027:25:0x14cdecb8cc9c0ea0b62d2ef360ee133b8feeb7ee08e48798b81a5391355589ad,ethereum:0x8db90e3e7d04c875a51997092f9178fcac9defdb,ethereum,1524377333,0,0.678916871547699,0.6901667714118958,0.5691972722607019,0.6939577026875196,1,True,0.0,2.010295,15.525078,18.545317
ethereum:0x8db90e3e7d04c875a51997092f9178fcac9defdb:1709225027:26:0x228f11262ea1f68cb3bd511793863d4b01d2f7a4f89e2eeacb9b365959dbe670,ethereum:0x8db90e3e7d04c875a51997092f9178fcac9defdb,ethereum,1524377333,0,0.6793485283851624,0.6901257634162903,0.5704899361301236,0.6943345203691597,1,True,0.0,1.959522,3.891599,6.886938
ethereum:0x8db90e3e7d04c875a51997092f9178fcac9defdb:1709225027:27:0x266e92167acc56921e0681fffbe4c864fd54edce0a56630f0850e571bfd069f2,ethereum:0x8db90e3e7d04c875a51997092f9178fcac9defdb,ethereum,1524377333,0,0.679740846157074,0.6900815367698669,0.5716647564878494,0.6946650166010273,1,True,0.0,2.301616,4.89666,8.180904
ethereum:0x8db90e3e7d04c875a51997092f9178fcac9defdb:1709225027:28:0x29c20596b74771a5653ce2139cfb0bf99c7db701988cb7f64f8024add1530c35,ethereum:0x8db90e3e7d04c875a51997092f9178fcac9defdb,ethereum,1524377333,0,0.6801950335502625,0.6900509595870972,0.5730247901478059,0.6950833747651505,1,True,0.0,1.805445,3.651541,6.331471
ethereum:0x8db90e3e7d04c875a51997092f9178fcac9defdb:1709225027:29:0x2decc6e72dccf1d72fe489c060bf4d819d43a0391f604ede253d20bb32c27f5e,ethereum:0x8db90e3e7d04c875a51997092f9178fcac9defdb,ethereum,1524377333,0,0.6806915998458862,0.6900231838226318,0.5745116315713151,0.6955505755967075,1,True,0.0,1.909383,4.181609,6.982659
ethereum:0x47da5456bc2e1ce391b645ce80f2e97192e4976a:1709218919:2:0x1af56d3cc730208d469130ed80ecdaa230bbb46533a0d98ec198c5d4af36aa40,ethereum:0x47da5456bc2e1ce391b645ce80f2e97192e4976a,ethereum,1525831398,0,0.45742642879486084,0.5847094058990479,0.10253605032813795,0.2767093393658872,0,True,0.0,2.294481,3.62766,6.655785
ethereum:0x47da5456bc2e1ce391b645ce80f2e97192e4976a:1709218919:3:0x2b2a77088e32e987f4a6611c568c986d750a103217036ae87f0df9d071b70c25,ethereum:0x47da5456bc2e1ce391b645ce80f2e97192e4976a,ethereum,1525831492,0,0.46627727150917053,0.5952394008636475,0.11159492327848204,0.3000675701584665,0,True,0.0,1.856287,3.982151,6.756358
ethereum:0x95efd1fe6099f65a7ed524def487483221094947:1709082863:0:0x48c057431a4696d5fa8623ecd0135d59e67950258eb23ec0782250b2bea8fc78,ethereum:0x95efd1fe6099f65a7ed524def487483221094947,ethereum,1526171705,0,0.9897298812866211,0.7182673215866089,0.9999709562026756,0.9940678617294184,1,True,0.0,2.131501,4.141669,7.02479
ethereum:0x97cb5cc1b2e10cc56dc16ab9179f06dfedbe41a2:1709079599:0:0xb4a2b0766e7a9c80ecfb7c43ced3baed0cd71b85c077f960b2afbd813b9cb592,ethereum:0x97cb5cc1b2e10cc56dc16ab9179f06dfedbe41a2,ethereum,1526312347,0,0.4489120841026306,0.5621482729911804,0.09441922710305614,0.2389628323550472,0,True,0.0,1.924066,15.320269,18.166378
ethereum:0x97cb5cc1b2e10cc56dc16ab9179f06dfedbe41a2:1709079599:1:0x87c8b7668268935e4fd9804ca3ad9a5696aa27978c416d10d963d903474159ae,ethereum:0x97cb5cc1b2e10cc56dc16ab9179f06dfedbe41a2,ethereum,1526314916,0,0.4663925766944885,0.5925175547599792,0.11171726959156247,0.29605166592171045,0,True,0.0,1.923123,4.097124,6.79677
ethereum:0x97cb5cc1b2e10cc56dc16ab9179f06dfedbe41a2:1709079599:2:0xeb94d50a2ec431a8ba214a91442d2ff02b823bd414cef6a7ef41564618fd0426,ethereum:0x97cb5cc1b2e10cc56dc16ab9179f06dfedbe41a2,ethereum,1526316104,0,0.46212467551231384,0.5918848514556885,0.10726369594665809,0.29131323311839685,0,True,0.0,1.768963,3.517718,5.984212
ethereum:0x97cb5cc1b2e10cc56dc16ab9179f06dfedbe41a2:1709079599:3:0x5cab6d808b69a7834a75355804ddf64208f9bf6cb7d1b2272a6506ed4ac29d72,ethereum:0x97cb5cc1b2e10cc56dc16ab9179f06dfedbe41a2,ethereum,1526316148,0,0.4663925766944885,0.592517614364624,0.11171726959156247,0.2960517556799052,0,True,0.0,1.841065,3.58674,6.10521
ethereum:0x97cb5cc1b2e10cc56dc16ab9179f06dfedbe41a2:1709079599:4:0x7c4e4832850b94ebff21aa1312daa374172e30245c33f44ee13cd2cb92d8cf19,ethereum:0x97cb5cc1b2e10cc56dc16ab9179f06dfedbe41a2,ethereum,1526318570,0,0.47449561953544617,0.6011525988578796,0.12060369885717802,0.3167117348786798,0,True,0.0,1.947715,4.089527,6.824164
ethereum:0x97cb5cc1b2e10cc56dc16ab9179f06dfedbe41a2:1709079599:5:0xdb1dab7789befa5d1a5d047816089b83f33d6ab7002abcea6954ed24fb46ac6b,ethereum:0x97cb5cc1b2e10cc56dc16ab9179f06dfedbe41a2,ethereum,1526318668,0,0.4829447269439697,0.6083832383155823,0.13049530728903488,0.3362406385671087,0,True,0.0,1.802706,3.788389,6.310703
ethereum:0x97cb5cc1b2e10cc56dc16ab9179f06dfedbe41a2:1709079599:6:0x7751f6a577eb248b140f7ecf2b2f0522471080c78a5ffe8e870e570ca2c38341,ethereum:0x97cb5cc1b2e10cc56dc16ab9179f06dfedbe41a2,ethereum,1526318750,0,0.4899844229221344,0.6157962679862976,0.1392461744046616,0.355347708992379,0,True,0.0,1.888986,3.715599,6.395385
ethereum:0x97cb5cc1b2e10cc56dc16ab9179f06dfedbe41a2:1709079599:7:0x1505a4eebce4156ccaf86a3ab1ac2c956cc875924a3aea7dc9d52efd8d771396,ethereum:0x97cb5cc1b2e10cc56dc16ab9179f06dfedbe41a2,ethereum,1526319183,0,0.496135413646698,0.6172914505004883,0.14728569797633,0.3639235464575522,0,True,0.0,1.803213,3.991993,6.542388
ethereum:0x97cb5cc1b2e10cc56dc16ab9179f06dfedbe41a2:1709079599:8:0x1ebaefc0b98233b49cd7e5dcfb6d7ae8c4d8a560ac641106d56b3800ec5970a8,ethereum:0x97cb5cc1b2e10cc56dc16ab9179f06dfedbe41a2,ethereum,1526319283,0,0.5016865134239197,0.6186227202415466,0.15486582904111948,0.3717091095566937,0,True,0.0,2.36654,17.012386,20.320334
ethereum:0x97cb5cc1b2e10cc56dc16ab9179f06dfedbe41a2:1709079599:9:0xc6fc19676abc02aa7fba37200987d5d4aea880891d7872d64bf8f56e881a8b50,ethereum:0x97cb5cc1b2e10cc56dc16ab9179f06dfedbe41a2,ethereum,1526319549,0,0.5072682499885559,0.6219878196716309,0.1628066879099733,0.3831527786207972,0,True,0.0,2.12272,3.754355,6.84956
ethereum:0x97cb5cc1b2e10cc56dc16ab9179f06dfedbe41a2:1709079599:10:0xadb7d9045756e7fd2bebed9dbd877eff8162d9a54db832e407375661a298a4d2,ethereum:0x97cb5cc1b2e10cc56dc16ab9179f06dfedbe41a2,ethereum,1526319609,0,0.5123960375785828,0.6251698136329651,0.17039018035353848,0.39396235298011123,0,True,0.0,1.998035,4.159728,6.998354
ethereum:0x97cb5cc1b2e10cc56dc16ab9179f06dfedbe41a2:1709079599:11:0x18fcc08ac343a6c4c2646c0a2697eb889300c0adea70f2f440042b09b55b2c61,ethereum:0x97cb5cc1b2e10cc56dc16ab9179f06dfedbe41a2,ethereum,1526319802,0,0.5165591835975647,0.6261605024337769,0.1767542985974408,0.39997746334945056,0,True,0.0,2.01388,3.818727,6.685655
ethereum:0x97cb5cc1b2e10cc56dc16ab9179f06dfedbe41a2:1709079599:12:0x458ae96e6d1492056a31067ef525f42dd398bf804d85d6d74f91c6c750d74f01,ethereum:0x97cb5cc1b2e10cc56dc16ab9179f06dfedbe41a2,ethereum,1526319882,0,0.5204152464866638,0.6270414590835571,0.18281739228129268,0.4055138257145912,0,True,0.0,1.876865,3.899885,6.61819
ethereum:0x97cb5cc1b2e10cc56dc16ab9179f06dfedbe41a2:1709079599:13:0x82cdddc4dbca9ff3b0d103d328a4123300c2e58399e3b306e1c39b79e6e742de,ethereum:0x97cb5cc1b2e10cc56dc16ab9179f06dfedbe41a2,ethereum,1526319948,0,0.5249752402305603,0.630033552646637,0.1901993741311786,0.4156343496375042,0,True,0.0,2.810013,3.484888,7.337163
ethereum:0x97cb5cc1b2e10cc56dc16ab9179f06dfedbe41a2:1709079599:14:0xf371bfac01417d4e2900faabcd68c8f31303f13aebe421fc979e8a46a0e2175e,ethereum:0x97cb5cc1b2e10cc56dc16ab9179f06dfedbe41a2,ethereum,1526320033,0,0.5293200612068176,0.6309717297554016,0.19744972506736044,0.4218622011121004,0,True,0.0,1.899153,3.487265,6.151141
ethereum:0x97cb5cc1b2e10cc56dc16ab9179f06dfedbe41a2:1709079599:15:0xf9889906292d7e87214ceefa0460c16240345bdada0d6eaa0b4b5251aef84531,ethereum:0x97cb5cc1b2e10cc56dc16ab9179f06dfedbe41a2,ethereum,1526320076,0,0.5333892107009888,0.6318239569664001,0.20443423639910957,0.4276749105707575,0,True,0.0,2.004726,3.638719,6.377601
ethereum:0x97cb5cc1b2e10cc56dc16ab9179f06dfedbe41a2:1709079599:16:0xe0b2ddf5fdc9fa7bac001b2a23accbb567baf71e6262015a42ab86d9327a22f7,ethereum:0x97cb5cc1b2e10cc56dc16ab9179f06dfedbe41a2,ethereum,1526320176,0,0.5371465682983398,0.6374465227127075,0.21105212006587237,0.44202331166024134,0,True,0.0,2.036142,15.173625,18.098706
ethereum:0x97cb5cc1b2e10cc56dc16ab9179f06dfedbe41a2:1709079599:17:0x3efc22182fd88f42c9cd77f6cc2848e25163cac59225a5020f42202a0b902bab,ethereum:0x97cb5cc1b2e10cc56dc16ab9179f06dfedbe41a2,ethereum,1526320266,0,0.5408225059509277,0.6376943588256836,0.21768459273270538,0.44637462459186206,0,True,0.0,2.036022,3.881722,6.81548
ethereum:0x97cb5cc1b2e10cc56dc16ab9179f06dfedbe41a2:1709079599:18:0x5fda0868ff4146d110c7f57602e6176397df7bd1ccb361e00d80b8125641e0ca,ethereum:0x97cb5cc1b2e10cc56dc16ab9179f06dfedbe41a2,ethereum,1526320881,0,0.5443052649497986,0.6385564208030701,0.22411372645743546,0.45168288454925803,0,True,0.0,2.11635,3.619016,6.794181
ethereum:0x97cb5cc1b2e10cc56dc16ab9179f06dfedbe41a2:1709079599:19:0xc2479c73bf7fb970563a36bb6d6e5e73e8bded639b176a4e92bc35ae1395b583,ethereum:0x97cb5cc1b2e10cc56dc16ab9179f06dfedbe41a2,ethereum,1526320953,0,0.5476124286651611,0.6391121745109558,0.2303502774967157,0.45624619495320995,0,True,0.0,1.837394,4.277624,6.914133
ethereum:0x97cb5cc1b2e10cc56dc16ab9179f06dfedbe41a2:1709079599:20:0x0cc8c8a7bb649938df1a89c4024803f267085d578ea3b99e7962e07534cf67b6,ethereum:0x97cb5cc1b2e10cc56dc16ab9179f06dfedbe41a2,ethereum,1526321021,0,0.5507718920707703,0.6409748196601868,0.23642856054729383,0.46312465524055724,0,True,0.0,2.773547,3.980325,7.735943
ethereum:0x97cb5cc1b2e10cc56dc16ab9179f06dfedbe41a2:1709079599:21:0x9655a4beb25513212f3f92ff9a30ec3baff5447cd774c92f6e35d6d970f83a0c,ethereum:0x97cb5cc1b2e10cc56dc16ab9179f06dfedbe41a2,ethereum,1526321113,0,0.5537858605384827,0.6414421796798706,0.24233683939859343,0.4672356566796035,0,True,0.0,1.845242,3.59567,6.240821
ethereum:0x97cb5cc1b2e10cc56dc16ab9179f06dfedbe41a2:1709079599:22:0xf28924d314d2c624a3436fabc37dd4b9ea08662848152d2b6dc8e822d2f24b30,ethereum:0x97cb5cc1b2e10cc56dc16ab9179f06dfedbe41a2,ethereum,1526321220,0,0.5566423535346985,0.6418700814247131,0.24803571061689325,0.47111192780577743,0,True,0.0,1.802317,3.781229,6.437209
ethereum:0x97cb5cc1b2e10cc56dc16ab9179f06dfedbe41a2:1709079599:23:0x9d574c344523ff8ca4c84aaf0f3e7e86109755274b42a52ef842ba1c88d6d0c7,ethereum:0x97cb5cc1b2e10cc56dc16ab9179f06dfedbe41a2,ethereum,1526321273,0,0.5593889355659485,0.6437933444976807,0.25360656081435395,0.47771269820866513,0,True,0.0,2.023727,3.648203,6.504504
ethereum:0x97cb5cc1b2e10cc56dc16ab9179f06dfedbe41a2:1709079599:24:0x6e85a5d7ac90f443aa0b782fcee99e1f2ca9c266d2d9ae69b2a70aba0ff9d342,ethereum:0x97cb5cc1b2e10cc56dc16ab9179f06dfedbe41a2,ethereum,1526321406,0,0.562109112739563,0.6441713571548462,0.25921209087785996,0.4813657679451113,0,True,0.0,1.969403,15.415817,18.272834
ethereum:0x97cb5cc1b2e10cc56dc16ab9179f06dfedbe41a2:1709079599:25:0x5dceedba533840b33ae2512167cc66c49d6646a5427acb662caff560b15332cd,ethereum:0x97cb5cc1b2e10cc56dc16ab9179f06dfedbe41a2,ethereum,1526321687,0,0.5648056268692017,0.6445403099060059,0.2648555086299874,0.48498236992185073,0,True,0.0,2.010512,3.819033,6.77768
ethereum:0x97cb5cc1b2e10cc56dc16ab9179f06dfedbe41a2:1709079599:26:0xf1da1847ec8d41ed7ed40f698a8306d172dab3529aada6347abab2fcb6d4dd40,ethereum:0x97cb5cc1b2e10cc56dc16ab9179f06dfedbe41a2,ethereum,1526321826,0,0.5674257874488831,0.6448904275894165,0.27042168894173557,0.4884863968869041,0,True,0.0,2.346654,3.921788,7.13362
ethereum:0x97cb5cc1b2e10cc56dc16ab9179f06dfedbe41a2:1709079599:27:0x7f0d6f43c6ce626d92c715fd153e8e5ba80b856256c7cc09370fecde25047944,ethereum:0x97cb5cc1b2e10cc56dc16ab9179f06dfedbe41a2,ethereum,1526321892,0,0.5699485540390015,0.6452184915542603,0.27585772498959704,0.49184817237342143,0,True,0.0,2.152094,3.753924,6.792451
ethereum:0x97cb5cc1b2e10cc56dc16ab9179f06dfedbe41a2:1709079599:28:0x0957f690e34f593e7631cb558f32c2628652e7ff280124bfea4cd6115b97a0c3,ethereum:0x97cb5cc1b2e10cc56dc16ab9179f06dfedbe41a2,ethereum,1526321955,0,0.5770699977874756,0.6459832191467285,0.2916073758575343,0.5010564522763429,0,True,0.0,1.832257,4.633109,7.393779
ethereum:0x97cb5cc1b2e10cc56dc16ab9179f06dfedbe41a2:1709079599:29:0xfbfa17c0f5db8d683cef7154d9e24466e486f471a0c0d29a2f472fc0d4f66b5d,ethereum:0x97cb5cc1b2e10cc56dc16ab9179f06dfedbe41a2,ethereum,1526322052,0,0.5795114636421204,0.6462460160255432,0.29714346467658526,0.5042228845925434,0,True,0.0,1.780629,3.932933,6.595511
ethereum:0x47da5456bc2e1ce391b645ce80f2e97192e4976a:1709218919:4:0xff05da0e036e450b72287436e45dd46c20048cae4449f1613efcab39b7eb1265,ethereum:0x47da5456bc2e1ce391b645ce80f2e97192e4976a,ethereum,1526617558,0,0.4437316358089447,0.49783408641815186,0.08975405407493078,0.16358903602521022,0,True,0.0,1.811535,3.83526,6.429302
ethereum:0x47da5456bc2e1ce391b645ce80f2e97192e4976a:1709218919:5:0xc10d61d96e68d86fbce5c4f9da3e47005ae6eb1ba7627f347166e22a00f98f95,ethereum:0x47da5456bc2e1ce391b645ce80f2e97192e4976a,ethereum,1526617813,0,0.4570964276790619,0.5283911824226379,0.10221074744002077,0.20410830021589782,0,True,0.0,2.09288,3.649128,6.54205
ethereum:0x93b1e78a3e652cd2e71c4a767595b77282344932:1709057171:0:0x486d42a0d383255938a81dec36a33bca6a7b62b2725df65fd3a0be43e2f4ab75,ethereum:0x93b1e78a3e652cd2e71c4a767595b77282344932,ethereum,1527151560,0,0.9897298812866211,0.7182673215866089,0.9999709562026756,0.9940678617294184,1,True,0.0,2.00699,15.77264,18.560422
ethereum:0x93b1e78a3e652cd2e71c4a767595b77282344932:1709057171:1:0x486d42a0d383255938a81dec36a33bca6a7b62b2725df65fd3a0be43e2f4ab75,ethereum:0x93b1e78a3e652cd2e71c4a767595b77282344932,ethereum,1527151560,0,0.9897298812866211,0.7182673215866089,0.9999709562026756,0.9940678617294184,1,True,0.0,2.228491,3.845427,6.84631
ethereum:0x93b1e78a3e652cd2e71c4a767595b77282344932:1709057171:2:0x486d42a0d383255938a81dec36a33bca6a7b62b2725df65fd3a0be43e2f4ab75,ethereum:0x93b1e78a3e652cd2e71c4a767595b77282344932,ethereum,1527151560,0,0.9897298812866211,0.7182673215866089,0.9999709562026756,0.9940678617294184,1,True,0.0,2.012969,3.708592,6.705907
ethereum:0x93b1e78a3e652cd2e71c4a767595b77282344932:1709057171:3:0x486d42a0d383255938a81dec36a33bca6a7b62b2725df65fd3a0be43e2f4ab75,ethereum:0x93b1e78a3e652cd2e71c4a767595b77282344932,ethereum,1527151560,0,0.9897298812866211,0.7182673215866089,0.9999709562026756,0.9940678617294184,1,True,0.0,1.937692,3.831232,6.460088
ethereum:0x93b1e78a3e652cd2e71c4a767595b77282344932:1709057171:4:0x486d42a0d383255938a81dec36a33bca6a7b62b2725df65fd3a0be43e2f4ab75,ethereum:0x93b1e78a3e652cd2e71c4a767595b77282344932,ethereum,1527151560,0,0.9897298812866211,0.7182673215866089,0.9999709562026756,0.9940678617294184,1,True,0.0,2.097848,3.841734,6.674897
ethereum:0x93b1e78a3e652cd2e71c4a767595b77282344932:1709057171:5:0x486d42a0d383255938a81dec36a33bca6a7b62b2725df65fd3a0be43e2f4ab75,ethereum:0x93b1e78a3e652cd2e71c4a767595b77282344932,ethereum,1527151560,0,0.9897298812866211,0.7182673215866089,0.9999709562026756,0.9940678617294184,1,True,0.0,1.882704,3.617705,6.228864
ethereum:0x93b1e78a3e652cd2e71c4a767595b77282344932:1709057171:6:0x486d42a0d383255938a81dec36a33bca6a7b62b2725df65fd3a0be43e2f4ab75,ethereum:0x93b1e78a3e652cd2e71c4a767595b77282344932,ethereum,1527151560,0,0.9897298812866211,0.7182673215866089,0.9999709562026756,0.9940678617294184,1,True,0.0,1.813786,3.906964,6.387504
ethereum:0xd31695a1d35e489252ce57b129fd4b1b05e6acac:1709168843:0:0xb86be2ebdbdfc9fd5bc228b8f728968968f196138a6bb03bbb366846b9e83589,ethereum:0xd31695a1d35e489252ce57b129fd4b1b05e6acac,ethereum,1527284510,0,0.9897298812866211,0.7182673215866089,0.9999709562026756,0.9940678617294184,1,True,0.0,1.841817,3.694876,6.267244
ethereum:0xd31695a1d35e489252ce57b129fd4b1b05e6acac:1709168843:1:0xa3ad99d08bd72392db14c73ae3d19597fb403118d54ca3ad62ffb1739b0272b5,ethereum:0xd31695a1d35e489252ce57b129fd4b1b05e6acac,ethereum,1527285912,0,0.9387516975402832,0.7153142690658569,0.9961351543517701,0.9584394842083281,1,True,0.0,1.856998,3.789436,6.427659
ethereum:0x8fc01e6cbdffaf09b54f423f9bb1f856b22e47b2:1709070227:0:0x4bda21bac83836b5c2e5b9e75e15c7bf059ea5698b72eb6e4531a463374f9f65,ethereum:0x8fc01e6cbdffaf09b54f423f9bb1f856b22e47b2,ethereum,1527820662,0,0.9897298812866211,0.7182673215866089,0.9999709562026756,0.9940678617294184,1,True,0.0,13.043768,4.427405,18.292142
ethereum:0x8fc01e6cbdffaf09b54f423f9bb1f856b22e47b2:1709070227:1:0xac50f507fcbde566ad1fcd045003aeddbde78c3f2c343fbd41db110b2ce3de33,ethereum:0x8fc01e6cbdffaf09b54f423f9bb1f856b22e47b2,ethereum,1527844302,0,0.9652714729309082,0.7149142622947693,0.9992051859747634,0.9774362587030725,1,True,0.0,2.28634,4.649982,7.69937
ethereum:0x8fc01e6cbdffaf09b54f423f9bb1f856b22e47b2:1709070227:2:0x0116b89bf8b1ad4833186d5d1cd75c0c2594a0ee94692404494c68e4ef66f8a6,ethereum:0x8fc01e6cbdffaf09b54f423f9bb1f856b22e47b2,ethereum,1527848569,0,0.9016309976577759,0.711010754108429,0.9849796628058082,0.9278387517649915,1,True,0.0,2.250243,4.167859,7.293577
ethereum:0x8fc01e6cbdffaf09b54f423f9bb1f856b22e47b2:1709070227:3:0x92a4502f3c94d0ddceafc2ab7ffc309dfff77c41d95c9a25de5d72dab4d46f81,ethereum:0x8fc01e6cbdffaf09b54f423f9bb1f856b22e47b2,ethereum,1527850141,0,0.8293214440345764,0.7043834924697876,0.9236935484730515,0.860832750765485,1,True,0.0,2.16007,6.143397,9.112173
ethereum:0x8fc01e6cbdffaf09b54f423f9bb1f856b22e47b2:1709070227:4:0xee5588effe7285f665b2533819ec4472762d343de6ca301f71791bc6ed1f9299,ethereum:0x8fc01e6cbdffaf09b54f423f9bb1f856b22e47b2,ethereum,1527850324,0,0.761709451675415,0.697593092918396,0.7988000173240895,0.7891448723006516,1,True,0.0,2.045052,4.007494,6.917256
ethereum:0x8fc01e6cbdffaf09b54f423f9bb1f856b22e47b2:1709070227:5:0x61eb185d60b198b27b7657feffa393a87d011da98a6c96addb4ab6ba2c9e4aa1,ethereum:0x8fc01e6cbdffaf09b54f423f9bb1f856b22e47b2,ethereum,1527852418,0,0.6945951581001282,0.6879898309707642,0.6160066873781407,0.7065286021623134,1,True,0.0,1.983172,3.78355,6.602586
ethereum:0x8fc01e6cbdffaf09b54f423f9bb1f856b22e47b2:1709070227:6:0xc61c0b0e34d6d20b30b1eb50484adcdace51cd2c5d3a14ff2e57927d3fb9de5d,ethereum:0x8fc01e6cbdffaf09b54f423f9bb1f856b22e47b2,ethereum,1527852539,0,0.6525152325630188,0.6852478981018066,0.49065366899207635,0.6575383017790528,1,True,0.0,1.935879,3.883368,6.568003
ethereum:0x8fc01e6cbdffaf09b54f423f9bb1f856b22e47b2:1709070227:7:0x64e807694d0368ede877249852a607bf8c3bbe492c935b89fc42bb4181a170bb,ethereum:0x8fc01e6cbdffaf09b54f423f9bb1f856b22e47b2,ethereum,1527853435,0,0.6267980933189392,0.6805449724197388,0.4171418164656135,0.6214254502757101,1,True,0.0,1.957904,15.497215,18.573487
ethereum:0x8fc01e6cbdffaf09b54f423f9bb1f856b22e47b2:1709070227:8:0x4bb88b4247b5000b74be77e4d78d78b16bd9a8f67d6c9509583817ebc8de2b5f,ethereum:0x8fc01e6cbdffaf09b54f423f9bb1f856b22e47b2,ethereum,1527854427,0,0.6133540868759155,0.67745441198349,0.38072883841380917,0.601109434698629,1,True,0.0,2.362685,4.073105,7.387968
ethereum:0x8fc01e6cbdffaf09b54f423f9bb1f856b22e47b2:1709070227:9:0xa421402259efb8f2efc83e957ca2de5e1e64b93ef67a562078ec44d41fd13aba,ethereum:0x8fc01e6cbdffaf09b54f423f9bb1f856b22e47b2,ethereum,1527855437,0,0.6065877676010132,0.6742289066314697,0.36304459230861824,0.587615530185954,1,True,0.0,1.974676,4.032636,6.906451
ethereum:0x8fc01e6cbdffaf09b54f423f9bb1f856b22e47b2:1709070227:10:0x3f7aadbd0f76e3dd702915afd2b0392c240e49fc71c6449d0b3c0d15f99a40c0,ethereum:0x8fc01e6cbdffaf09b54f423f9bb1f856b22e47b2,ethereum,1527857996,0,0.6049234867095947,0.6735318899154663,0.35876537954038124,0.5844728617285481,1,True,0.0,2.035521,3.866155,7.120147
ethereum:0x8fc01e6cbdffaf09b54f423f9bb1f856b22e47b2:1709070227:11:0x17f1a252c0debe29be00fd960463d25d492145bfc458d74d2794b6a6319784c5,ethereum:0x8fc01e6cbdffaf09b54f423f9bb1f856b22e47b2,ethereum,1527858117,0,0.5986704230308533,0.6723429560661316,0.34294544214173783,0.57540798327802,1,True,0.0,1.893642,3.67399,6.414062
ethereum:0x8fc01e6cbdffaf09b54f423f9bb1f856b22e47b2:1709070227:12:0x1bad28f6a0d8106e87e13f885ca06d3a412e53a36453c9fc50d5ad7b8ed6457b,ethereum:0x8fc01e6cbdffaf09b54f423f9bb1f856b22e47b2,ethereum,1527864834,0,0.5988040566444397,0.6708068251609802,0.3432791936464876,0.5725817326219894,1,True,0.0,1.9247,4.13472,6.841126
ethereum:0x8fc01e6cbdffaf09b54f423f9bb1f856b22e47b2:1709070227:13:0xaf33e875dd3378a6a0374e19e2bcf0b2cf4aded21a1866cd4aae50ede592e1be,ethereum:0x8fc01e6cbdffaf09b54f423f9bb1f856b22e47b2,ethereum,1527865440,0,0.6007059812545776,0.6705673933029175,0.34804997514652447,0.5741829736742992,1,True,0.0,1.891491,3.743096,6.492112
ethereum:0x8fc01e6cbdffaf09b54f423f9bb1f856b22e47b2:1709070227:14:0x5c1fd8271fb762d685c87acc625b4864ad03e882f0243144446b1d2ec5fd1810,ethereum:0x8fc01e6cbdffaf09b54f423f9bb1f856b22e47b2,ethereum,1527867737,0,0.6034156084060669,0.6706404089927673,0.35491296654196364,0.5772656815508378,1,True,0.0,1.985891,4.242412,7.106173
ethereum:0x8fc01e6cbdffaf09b54f423f9bb1f856b22e47b2:1709070227:15:0x4abc3c845ff88a7ed13516c0a6580f4345847f146d6765ac83bb8290bfdc3913,ethereum:0x8fc01e6cbdffaf09b54f423f9bb1f856b22e47b2,ethereum,1527867847,0,0.606419026851654,0.6708511710166931,0.36260943335366275,0.580933386098406,1,True,0.0,2.112753,15.928239,18.985346
ethereum:0x8fc01e6cbdffaf09b54f423f9bb1f856b22e47b2:1709070227:16:0x8112569b2f521a60db5830152cba012ff159400f24853c3aeaadf20b55e529da,ethereum:0x8fc01e6cbdffaf09b54f423f9bb1f856b22e47b2,ethereum,1527868247,0,0.6038544774055481,0.6708810329437256,0.3560317798073468,0.5782059383955304,1,True,0.0,2.148729,4.183919,7.313659
ethereum:0x8fc01e6cbdffaf09b54f423f9bb1f856b22e47b2:1709070227:17:0xcd2593e71fee6aff6683b7817cdcb11a68ad052ab80b393b56deafa3c12ca5e7,ethereum:0x8fc01e6cbdffaf09b54f423f9bb1f856b22e47b2,ethereum,1527868427,0,0.6065348982810974,0.6710810661315918,0.36290821845436405,0.5815014203675827,1,True,0.0,1.973003,3.84174,6.71715
ethereum:0x8fc01e6cbdffaf09b54f423f9bb1f856b22e47b2:1709070227:18:0x858c74cc40ab3fe1f31b9cc6eb5e5df709439726d4f95c9e188e619c1a1e1d8b,ethereum:0x8fc01e6cbdffaf09b54f423f9bb1f856b22e47b2,ethereum,1527868788,0,0.6090906858444214,0.6712817549705505,0.3695331270431855,0.5846626113505615,1,True,0.0,2.549499,4.470134,8.041847
ethereum:0x8fc01e6cbdffaf09b54f423f9bb1f856b22e47b2:1709070227:19:0xef7ec687f05b98e480e666021d4767e2d1126bad607223b589307808aab387ff,ethereum:0x8fc01e6cbdffaf09b54f423f9bb1f856b22e47b2,ethereum,1527870434,0,0.6115719676017761,0.6714828014373779,0.3760273257380203,0.5877432136102115,1,True,0.0,2.304611,4.058467,7.574774
ethereum:0x8fc01e6cbdffaf09b54f423f9bb1f856b22e47b2:1709070227:20:0xbff30434733b62666d92048d059cac96086e101d387aee447da179eea930b8ac,ethereum:0x8fc01e6cbdffaf09b54f423f9bb1f856b22e47b2,ethereum,1527872219,0,0.6138567328453064,0.671619713306427,0.3820604427587206,0.5904871994653321,1,True,0.0,2.044166,5.183558,8.302261
ethereum:0x8fc01e6cbdffaf09b54f423f9bb1f856b22e47b2:1709070227:21:0xc1b277640307dd773d5f5041b088821acd2dd986082c6e69b6fa8d80993f58dc,ethereum:0x8fc01e6cbdffaf09b54f423f9bb1f856b22e47b2,ethereum,1527873524,0,0.6160661578178406,0.671760618686676,0.3879421476211487,0.5931568231750387,1,True,0.0,2.80478,4.957327,8.875973
ethereum:0x8fc01e6cbdffaf09b54f423f9bb1f856b22e47b2:1709070227:22:0xc744dfbfbfdd0e6509dc2c8b62ba8c9d97d43f6d9cd27f3e6caa23f6dcb01710,ethereum:0x8fc01e6cbdffaf09b54f423f9bb1f856b22e47b2,ethereum,1527874054,0,0.6181141138076782,0.6718863844871521,0.39343484900345593,0.5956219056335107,1,True,0.0,2.354044,16.374554,19.877051
ethereum:0x8fc01e6cbdffaf09b54f423f9bb1f856b22e47b2:1709070227:23:0x48c6cfc571fff509db933d6aaa531bcf96a9033fd164e05c263f1a0f29e6e86c,ethereum:0x8fc01e6cbdffaf09b54f423f9bb1f856b22e47b2,ethereum,1527874535,0,0.6203485727310181,0.6720199584960938,0.3994715661618018,0.5983042949417385,1,True,0.0,2.852077,4.525292,8.578003
ethereum:0x8fc01e6cbdffaf09b54f423f9bb1f856b22e47b2:1709070227:24:0x96ac928d1bbf05245df5430122fd7d9c745292b7b978d5a8a2e9da2e1832260f,ethereum:0x8fc01e6cbdffaf09b54f423f9bb1f856b22e47b2,ethereum,1527874679,0,0.6229281425476074,0.6722087860107422,0.4064960436463607,0.6014663272990639,1,True,0.0,2.144273,4.148283,7.463205
ethereum:0x8fc01e6cbdffaf09b54f423f9bb1f856b22e47b2:1709070227:25:0x7103ad080bc560c9019f8ac8786e0b8f0250efd66af86078df2ff9f45b749b6a,ethereum:0x8fc01e6cbdffaf09b54f423f9bb1f856b22e47b2,ethereum,1527875054,0,0.6252942085266113,0.6723781824111938,0.41298981983906646,0.6043587562017193,1,True,0.0,2.313369,4.109747,7.434973
ethereum:0x8fc01e6cbdffaf09b54f423f9bb1f856b22e47b2:1709070227:26:0x4258b9a799e4145f57a8bd7b9dcddc2c53c5806675e83d8cbfa6b482a2321fd4,ethereum:0x8fc01e6cbdffaf09b54f423f9bb1f856b22e47b2,ethereum,1527875077,0,0.6275423765182495,0.6734791398048401,0.41920356938938536,0.6088824703920032,1,True,0.0,2.089747,3.786292,6.86842
ethereum:0x8fc01e6cbdffaf09b54f423f9bb1f856b22e47b2:1709070227:27:0x42815a7a30fea7df9a03fb9d182e38bbd21df728468719f257d6e6a752aa56e0,ethereum:0x8fc01e6cbdffaf09b54f423f9bb1f856b22e47b2,ethereum,1527875101,0,0.6297047734260559,0.6736133694648743,0.425219039666025,0.6114819478317141,1,True,0.0,2.113881,3.917234,7.184831
ethereum:0x8fc01e6cbdffaf09b54f423f9bb1f856b22e47b2:1709070227:28:0x3a27ce02a88afd57eec0f2e2093472b8c35e6e00a30b812bd9a54c4be60d76dc,ethereum:0x8fc01e6cbdffaf09b54f423f9bb1f856b22e47b2,ethereum,1527876951,0,0.6317862868309021,0.673740029335022,0.43104427319280897,0.6139787917449343,1,True,0.0,1.944596,3.84957,6.726155
ethereum:0x8fc01e6cbdffaf09b54f423f9bb1f856b22e47b2:1709070227:29:0xf2bc4d8d6c69f2d1d8f1db39e3d9944a2357da2e09d964c0a28434354ff03529,ethereum:0x8fc01e6cbdffaf09b54f423f9bb1f856b22e47b2,ethereum,1527877394,0,0.6337962746620178,0.673861026763916,0.43670063699746897,0.6163867902554854,1,True,0.0,2.060739,15.483903,18.592094
ethereum:0xd31695a1d35e489252ce57b129fd4b1b05e6acac:1709168843:2:0x0d86c7d156db61e12ff17b7cf240da2e9c23363bd1ec0f43335b73b9570e192f,ethereum:0xd31695a1d35e489252ce57b129fd4b1b05e6acac,ethereum,1527923430,0,0.8721689581871033,0.7107041478157043,0.9676203802283452,0.9035224161329718,1,True,0.0,2.034337,4.435117,7.378279
ethereum:0xd31695a1d35e489252ce57b129fd4b1b05e6acac:1709168843:3:0x86096dc92aefb1afdbc7910189413d5db2e59531fa99b03082d261a3cf1e0623,ethereum:0xd31695a1d35e489252ce57b129fd4b1b05e6acac,ethereum,1527926069,0,0.8300999999046326,0.7062806487083435,0.9247211200739204,0.8634230352447062,1,True,0.0,2.162436,3.925736,6.877828
ethereum:0xd31695a1d35e489252ce57b129fd4b1b05e6acac:1709168843:4:0xa35ca265e62db1e3ae3130fd2db8ccb55169e17a0d7aa6f12a198662e2b62854,ethereum:0xd31695a1d35e489252ce57b129fd4b1b05e6acac,ethereum,1527930777,0,0.7890250086784363,0.7045726776123047,0.857751430468813,0.8241984202268215,1,True,0.0,1.925543,3.617882,6.248244
ethereum:0xd31695a1d35e489252ce57b129fd4b1b05e6acac:1709168843:5:0x0f31c689e6aacea27543b719828fb952aee09dd61db01146b86110b98feef6a7,ethereum:0xd31695a1d35e489252ce57b129fd4b1b05e6acac,ethereum,1527932175,0,0.7635735273361206,0.7038697004318237,0.8031700156449598,0.7994663730850605,1,True,0.0,1.873101,4.100732,6.712955
ethereum:0xd31695a1d35e489252ce57b129fd4b1b05e6acac:1709168843:6:0x63ec2db9595035023d7dba7013a4b7acdd85d871e9ab555ff44c1d29fb7fb060,ethereum:0xd31695a1d35e489252ce57b129fd4b1b05e6acac,ethereum,1528012294,0,0.7407589554786682,0.7029833197593689,0.7465360792108386,0.7764589246644238,1,True,0.0,2.070469,3.685466,6.488211
ethereum:0xd31695a1d35e489252ce57b129fd4b1b05e6acac:1709168843:7:0x1f89413b8d9e29668565dd21254923bf459a5019a0c3a3c048df03d08bce957d,ethereum:0xd31695a1d35e489252ce57b129fd4b1b05e6acac,ethereum,1528014050,0,0.7267381548881531,0.7024884223937988,0.7087094709452952,0.7621632546813214,1,True,0.0,1.837654,3.577791,6.236443
ethereum:0xd31695a1d35e489252ce57b129fd4b1b05e6acac:1709168843:8:0xa80f31664f81b9796ee09b46c52d01d345932aed255fb2dd38ff3aac4f35e8fe,ethereum:0xd31695a1d35e489252ce57b129fd4b1b05e6acac,ethereum,1528019147,0,0.7171512842178345,0.7020560503005981,0.6817820476933868,0.7521492806391656,1,True,0.0,1.895826,4.729822,7.367165
ethereum:0xd31695a1d35e489252ce57b129fd4b1b05e6acac:1709168843:9:0x67018acab11cc7807b4b59756f60ddfd0b0b9d69464451d592c40ce5609b97cf,ethereum:0xd31695a1d35e489252ce57b129fd4b1b05e6acac,ethereum,1528019417,0,0.7098290920257568,0.701719343662262,0.6607439294205015,0.744436355881291,1,True,0.0,1.853219,16.130783,18.858925
ethereum:0xd31695a1d35e489252ce57b129fd4b1b05e6acac:1709168843:10:0xa0d8cafffe454e9ca9d49ce7f747a5ba758d0f1d1224b0396a8bc209daf69d75,ethereum:0xd31695a1d35e489252ce57b129fd4b1b05e6acac,ethereum,1528019696,0,0.7042223215103149,0.701093316078186,0.644408368111347,0.737906626689931,1,True,0.0,2.333556,4.015823,7.360174
ethereum:0xd31695a1d35e489252ce57b129fd4b1b05e6acac:1709168843:11:0xd50cce7e456775dd103e185de920867bfa8a59af0ee3d727aa4e6798b4a0eddf,ethereum:0xd31695a1d35e489252ce57b129fd4b1b05e6acac,ethereum,1528020581,0,0.6999062299728394,0.7007695436477661,0.631722979393169,0.7331078633326662,1,True,0.0,2.26973,4.046876,7.217022
ethereum:0xd31695a1d35e489252ce57b129fd4b1b05e6acac:1709168843:12:0x928ab380b94f22f70cc4bb8da3e1110a0d0102cd5d19be395e9c9df39da107ec,ethereum:0xd31695a1d35e489252ce57b129fd4b1b05e6acac,ethereum,1528022032,0,0.6966350078582764,0.7003725171089172,0.6220551866170817,0.7292088539904121,1,True,0.0,2.255093,3.81054,6.93857
ethereum:0xd31695a1d35e489252ce57b129fd4b1b05e6acac:1709168843:13:0x4228b549b6531930f1b9c7900caa428eccd7f23ec204386e0cb5ef1cbeea98f7,ethereum:0xd31695a1d35e489252ce57b129fd4b1b05e6acac,ethereum,1528023271,0,0.694153368473053,0.7001837491989136,0.6146948966436969,0.7264265558599464,1,True,0.0,2.225782,3.725284,6.836571
ethereum:0xd31695a1d35e489252ce57b129fd4b1b05e6acac:1709168843:14:0x7efda8565b6fc01c5d8ef5154053cacbb0702e03f7ca508ac138e14299f1b7d5,ethereum:0xd31695a1d35e489252ce57b129fd4b1b05e6acac,ethereum,1528026505,0,0.6896242499351501,0.6999790668487549,0.6012147233502881,0.7215658330799282,1,True,0.0,1.845327,3.798608,6.453805
ethereum:0xd31695a1d35e489252ce57b129fd4b1b05e6acac:1709168843:15:0xaa1ad3f4163c20e00f455b76780f89169ac59bf2f4e64c73b3832a0c05cbdc2b,ethereum:0xd31695a1d35e489252ce57b129fd4b1b05e6acac,ethereum,1528026940,0,0.6864035129547119,0.6996813416481018,0.5915999039262513,0.7178437782645148,1,True,0.0,1.974124,4.526232,7.419553
ethereum:0xd31695a1d35e489252ce57b129fd4b1b05e6acac:1709168843:16:0x9de8cdf125c64532e438761b6eea32ed479f91cc5677665f0725b083b04327fe,ethereum:0xd31695a1d35e489252ce57b129fd4b1b05e6acac,ethereum,1528027356,0,0.6840609312057495,0.6994436383247375,0.5845958604913226,0.7150934953877772,1,True,0.0,1.93484,4.066677,6.895275
ethereum:0xd31695a1d35e489252ce57b129fd4b1b05e6acac:1709168843:17:0x389337a2fcda5f93eb5ee9af40d259626e2a6298a6b393f3e6950b9c67cf6f04,ethereum:0xd31695a1d35e489252ce57b129fd4b1b05e6acac,ethereum,1528027483,0,0.6823883652687073,0.6992484331130981,0.5795911140388254,0.713082628428235,1,True,0.0,1.948633,15.786648,18.674359
ethereum:0xd31695a1d35e489252ce57b129fd4b1b05e6acac:1709168843:18:0x928c60f085e7ae95d3e06725460d94e38d5114baff8fcd9e29b69a142e3cff35,ethereum:0xd31695a1d35e489252ce57b129fd4b1b05e6acac,ethereum,1528027749,0,0.6812931299209595,0.6991481781005859,0.5763125972593699,0.7118108322263954,1,True,0.0,2.431464,3.815297,7.164246
ethereum:0xd31695a1d35e489252ce57b129fd4b1b05e6acac:1709168843:19:0xa78b1309c06911a0950b72227a196fddaf32ddad65399597051ac7b6b682dff8,ethereum:0xd31695a1d35e489252ce57b129fd4b1b05e6acac,ethereum,1528059328,0,0.6805664896965027,0.6990579962730408,0.5741370314502399,0.7109260022363119,1,True,0.0,2.008206,3.564573,6.414193
ethereum:0xd31695a1d35e489252ce57b129fd4b1b05e6acac:1709168843:20:0x05f34508c18fbe07bb07ab49844c69b726c10dbc4833e7761d6a787db96a6493,ethereum:0xd31695a1d35e489252ce57b129fd4b1b05e6acac,ethereum,1528059977,0,0.6801301836967468,0.6987453103065491,0.572830606134314,0.7099532386953089,1,True,0.0,1.832265,3.887669,6.609738
ethereum:0xd31695a1d35e489252ce57b129fd4b1b05e6acac:1709168843:21:0x283dbdaca1d474cf0d0dfd5a3dc885b378d398e334845e76c70e350e3c95a78f,ethereum:0xd31695a1d35e489252ce57b129fd4b1b05e6acac,ethereum,1528060249,0,0.6799203157424927,0.6984832882881165,0.5722021746075411,0.7092942321276501,1,True,0.0,2.305411,5.503552,8.807971
ethereum:0xd31695a1d35e489252ce57b129fd4b1b05e6acac:1709168843:22:0xe575d299fa418b83549ddab93ffbbc12e1bed506422b9435a94abf4c992513bc,ethereum:0xd31695a1d35e489252ce57b129fd4b1b05e6acac,ethereum,1528060531,0,0.6799383163452148,0.6984924077987671,0.5722560764728462,0.7093279699278516,1,True,0.0,2.219858,3.986345,7.205292
ethereum:0xd31695a1d35e489252ce57b129fd4b1b05e6acac:1709168843:23:0x5aa8e72f44adbccfc2dbdd940938e151e0f62e3ee7ded1350eb2db7e56b2871a,ethereum:0xd31695a1d35e489252ce57b129fd4b1b05e6acac,ethereum,1528060792,0,0.6801015138626099,0.6984390020370483,0.5727447577276821,0.7094014261644601,1,True,0.0,2.050733,3.653694,6.600948
ethereum:0xd31695a1d35e489252ce57b129fd4b1b05e6acac:1709168843:24:0x2d3a978b9462bd2204ea404794af0891f67cd0f18521ea485f5618192377fdac,ethereum:0xd31695a1d35e489252ce57b129fd4b1b05e6acac,ethereum,1528060953,0,0.6807816624641418,0.6984031796455383,0.574781288991262,0.7100265401805244,1,True,0.0,2.575602,4.604647,8.147351
ethereum:0xd31695a1d35e489252ce57b129fd4b1b05e6acac:1709168843:25:0x6343f7b921d1eb015b76f560fd5530d9d0fb4887d91de3f3b99df0a4c08d97e7,ethereum:0xd31695a1d35e489252ce57b129fd4b1b05e6acac,ethereum,1528061116,0,0.6817137598991394,0.6983463168144226,0.5775718255376052,0.7108699627229069,1,True,0.0,13.734487,4.349164,19.242582
ethereum:0x93b1e78a3e652cd2e71c4a767595b77282344932:1709057171:7:0x38c1f93a5065fb47477aa410c1a1c5f375b92475d73e88694360e3ed09ddc5b6,ethereum:0x93b1e78a3e652cd2e71c4a767595b77282344932,ethereum,1528100465,0,0.9897298812866211,0.7182673215866089,0.9999709562026756,0.9940678617294184,1,True,0.0,1.997747,3.716912,6.442389
ethereum:0x93b1e78a3e652cd2e71c4a767595b77282344932:1709057171:8:0x15ca564c063dbc8976e2e8b643d6e1151fec48a7bf821f0bc0091627e42b5bcb,ethereum:0x93b1e78a3e652cd2e71c4a767595b77282344932,ethereum,1528101095,0,0.9690802693367004,0.7169966697692871,0.9994225748716279,0.9804368794926083,1,True,0.0,2.056585,3.797856,6.674861
ethereum:0x93b1e78a3e652cd2e71c4a767595b77282344932:1709057171:9:0x315547eff1356c91c1f912eab9e32274add8b9c83f485ea5f1929b6bc3df8579,ethereum:0x93b1e78a3e652cd2e71c4a767595b77282344932,ethereum,1528102039,0,0.9502462148666382,0.7153221368789673,0.9978447775958659,0.9668346007493241,1,True,0.0,1.940008,4.06675,6.760918
ethereum:0x93b1e78a3e652cd2e71c4a767595b77282344932:1709057171:10:0x87c4710c0616dd54f346f4194aaf7401a9e8e70a510895c8eddd7feb55d08c7c,ethereum:0x93b1e78a3e652cd2e71c4a767595b77282344932,ethereum,1528102728,0,0.9315871596336365,0.7142168283462524,0.9947122350004391,0.9527006190316875,1,True,0.0,2.370591,3.828185,6.909846
ethereum:0xd31695a1d35e489252ce57b129fd4b1b05e6acac:1709168843:26:0x1eea7b1bae2636ad618426fb33241d5d0d1f14170c0a357c3ce7445fbc2b8dd0,ethereum:0xd31695a1d35e489252ce57b129fd4b1b05e6acac,ethereum,1528120301,0,0.6799184679985046,0.6984835267066956,0.5721966416283873,0.7092927750873629,1,True,0.0,2.137663,3.77435,6.876772
ethereum:0xdd690d8824c00c84d64606ffb12640e932c1af56:1709106071:0:0x33ef37555f6b12566b41d379e893911e288b1711541e279651ddda9c3b206c40,ethereum:0xdd690d8824c00c84d64606ffb12640e932c1af56,ethereum,1528160735,0,0.9897298812866211,0.7182673215866089,0.9999709562026756,0.9940678617294184,1,True,0.0,2.044055,4.547341,7.322688
ethereum:0x93b1e78a3e652cd2e71c4a767595b77282344932:1709057171:11:0x6093a045dbbd0d2096aaec337340710f617eabaeb9df9d6e0dcb70f8b5b2ac09,ethereum:0x93b1e78a3e652cd2e71c4a767595b77282344932,ethereum,1528169352,0,0.9305682182312012,0.7142323851585388,0.9944851762830074,0.9519388913081733,1,True,0.0,1.986723,4.691919,7.518834
ethereum:0x93b1e78a3e652cd2e71c4a767595b77282344932:1709057171:12:0xbe9b279e71363120dff365fb8a3bfc8a1b5e3270c251e875958a8e84f2066531,ethereum:0x93b1e78a3e652cd2e71c4a767595b77282344932,ethereum,1528170000,0,0.9312389492988586,0.7138809561729431,0.9946353582695596,0.9523081988691563,1,True,0.0,13.40938,4.103013,18.413175
ethereum:0x93b1e78a3e652cd2e71c4a767595b77282344932:1709057171:13:0x39b14c5d6a6198c5eb5821397b9567381435330a9206b95508f899307aa7d3e7,ethereum:0x93b1e78a3e652cd2e71c4a767595b77282344932,ethereum,1528184389,0,0.8974224328994751,0.7108401656150818,0.9830306269246046,0.9243457337027892,1,True,0.0,1.90231,4.169578,6.937358
ethereum:0x93b1e78a3e652cd2e71c4a767595b77282344932:1709057171:14:0x7e035fafdaf21f0e800f4035131f0ee4573b7c0ca586cb3404f45ff26f0768b5,ethereum:0x93b1e78a3e652cd2e71c4a767595b77282344932,ethereum,1528185094,0,0.8664647936820984,0.7094506621360779,0.963159468627503,0.8977886164719167,1,True,0.0,3.91829,4.029249,8.72706
ethereum:0x93b1e78a3e652cd2e71c4a767595b77282344932:1709057171:15:0x0185a1a25d6fa1232e412c21ae4b7d0c2d803ed382e957e6ba0a09ddf0e70447,ethereum:0x93b1e78a3e652cd2e71c4a767595b77282344932,ethereum,1528186907,0,0.8642576932907104,0.7085919976234436,0.9613275643751369,0.8952435480087874,1,True,0.0,1.869286,4.124352,6.814215
ethereum:0x93b1e78a3e652cd2e71c4a767595b77282344932:1709057171:16:0x108e401a411debc69c97c9b24df8a36e4bbce11e382d4616ca4fd73f8d04e699,ethereum:0x93b1e78a3e652cd2e71c4a767595b77282344932,ethereum,1528187294,0,0.8623844981193542,0.7076786160469055,0.9597253580862506,0.8929125177211967,1,True,0.0,1.805688,4.930916,7.544911
ethereum:0x93b1e78a3e652cd2e71c4a767595b77282344932:1709057171:17:0xe453b3a01e81a2898f3a9cf82122d60d6c6ff587320bfef0ca4e81bad977526d,ethereum:0x93b1e78a3e652cd2e71c4a767595b77282344932,ethereum,1528189473,0,0.8328007459640503,0.7027510404586792,0.9282157508629217,0.8623514098022496,1,True,0.0,1.875872,4.247868,6.99475
ethereum:0x93b1e78a3e652cd2e71c4a767595b77282344932:1709057171:18:0xa413c9a8a0b65ff643fb068ae6417595ddd4ec6b938c89a9903c35c32475525c,ethereum:0x93b1e78a3e652cd2e71c4a767595b77282344932,ethereum,1528190195,0,0.8302986025810242,0.6990646123886108,0.9249817958561444,0.8563448624929657,1,True,0.0,2.072246,4.127586,7.021849
ethereum:0x93b1e78a3e652cd2e71c4a767595b77282344932:1709057171:19:0x8a7fd69b4b5c8a83ffe0aec2f67945a5c0db505c437f3069c7a526f9ff6f8f59,ethereum:0x93b1e78a3e652cd2e71c4a767595b77282344932,ethereum,1528192696,0,0.8051057457923889,0.6974576711654663,0.8871063291546457,0.8308610071192996,1,True,0.0,2.26733,15.872026,18.98514
ethereum:0xd31695a1d35e489252ce57b129fd4b1b05e6acac:1709168843:27:0x2dcb07a68fa0a56e844ecabd55c129e956b2300c2af59997328a08e93e0c3c12,ethereum:0xd31695a1d35e489252ce57b129fd4b1b05e6acac,ethereum,1528192932,0,0.6786721348762512,0.6986792683601379,0.5684643569974472,0.7083701233818193,1,True,0.0,2.103393,3.900574,7.005773
ethereum:0x93b1e78a3e652cd2e71c4a767595b77282344932:1709057171:20:0xc938876ac914d639ea77b540311f9fa0ab430997780fcc3915420f254399849a,ethereum:0x93b1e78a3e652cd2e71c4a767595b77282344932,ethereum,1528193578,0,0.7829474806785583,0.6964300870895386,0.8456060748174301,0.8082788449401719,1,True,0.0,1.9719,4.825462,7.600839
ethereum:0x93b1e78a3e652cd2e71c4a767595b77282344932:1709057171:21:0xa6c4a52fa3be1dc33b0f9619c8d630a3829669baeb7c855a29e3ba7d8a9c690f,ethereum:0x93b1e78a3e652cd2e71c4a767595b77282344932,ethereum,1528209127,0,0.7640381455421448,0.6953085064888,0.8042516605047734,0.7882875334509183,1,True,0.0,1.88006,3.750147,6.459022
ethereum:0x93b1e78a3e652cd2e71c4a767595b77282344932:1709057171:22:0x62f2d4ff07795373569cd5f0822c073a73317a5b0345b492c0b32c6d6a5959d2,ethereum:0x93b1e78a3e652cd2e71c4a767595b77282344932,ethereum,1528217990,0,0.7482127547264099,0.6930956840515137,0.7657639034346916,0.7694189533920238,1,True,0.0,1.78925,3.940717,6.597832
ethereum:0xd31695a1d35e489252ce57b129fd4b1b05e6acac:1709168843:28:0xac2f2b1f46b502d9777e1f9dc477d6978e0c347882e6b0d16f32001e09d5cc0c,ethereum:0xd31695a1d35e489252ce57b129fd4b1b05e6acac,ethereum,1528231981,0,0.6778217554092407,0.6987144947052002,0.565917689451359,0.707572554597474,1,True,0.0,2.029956,3.540544,6.46154
ethereum:0xd31695a1d35e489252ce57b129fd4b1b05e6acac:1709168843:29:0xb584ada92f49727fb73dddbcede6b1560e4310f4ad1fb24df43214c45671a03e,ethereum:0xd31695a1d35e489252ce57b129fd4b1b05e6acac,ethereum,1528263343,0,0.6772658228874207,0.6986975073814392,0.5642528323684374,0.7069824054810753,1,True,0.0,1.74899,3.565213,6.217054
ethereum:0x79986af15539de2db9a5086382daeda917a9cf0c:1709236187:0:0xa8b06a034f10b031843b44177b879a31e84ba46665951e9bb42eb31ea0128269,ethereum:0x79986af15539de2db9a5086382daeda917a9cf0c,ethereum,1528274095,0,0.9897298812866211,0.7182673215866089,0.9999709562026756,0.9940678617294184,1,True,0.0,1.951323,3.976743,6.600859
ethereum:0x93b1e78a3e652cd2e71c4a767595b77282344932:1709057171:23:0x44425d0170fff350eb06f15f3e0d6766c6ae2147e34f18c79af8f14c7fffe4cd,ethereum:0x93b1e78a3e652cd2e71c4a767595b77282344932,ethereum,1528278582,0,0.7480443120002747,0.6931613683700562,0.7653367680033958,0.7693456425816305,1,True,0.0,2.563639,15.99172,19.488569
ethereum:0x93b1e78a3e652cd2e71c4a767595b77282344932:1709057171:24:0x1afcc6cfecc261ce323111d511c2452b818569f6938ee790655f77c5c045c66b,ethereum:0x93b1e78a3e652cd2e71c4a767595b77282344932,ethereum,1528279852,0,0.7343344688415527,0.6927255988121033,0.729455509994996,0.7549012815143241,1,True,0.0,2.279337,4.110934,7.475907
ethereum:0x93b1e78a3e652cd2e71c4a767595b77282344932:1709057171:25:0x2acde9aca27bf3aebb5c1da7695f07865713c014e3e01775241af96294fec11a,ethereum:0x93b1e78a3e652cd2e71c4a767595b77282344932,ethereum,1528280437,0,0.7215453386306763,0.6909249424934387,0.69421888523472,0.7391227173432018,1,True,0.0,1.952453,5.631092,8.485827
ethereum:0x93b1e78a3e652cd2e71c4a767595b77282344932:1709057171:26:0x37af0a18585e0b75d918598d122479dbb1516d4312c3a5db54ed7344d3ea97ff,ethereum:0x93b1e78a3e652cd2e71c4a767595b77282344932,ethereum,1528281082,0,0.7179538607597351,0.6902366280555725,0.6840648868050427,0.7343553074756243,1,True,0.0,2.035164,4.922933,7.896194
ethereum:0x93b1e78a3e652cd2e71c4a767595b77282344932:1709057171:27:0xd58a8a7947a021de5099de5a39a3421f54511fb607824d72b20029089b3d7b43,ethereum:0x93b1e78a3e652cd2e71c4a767595b77282344932,ethereum,1528284497,0,0.7074551582336426,0.689062237739563,0.6538489840301306,0.7216487855328133,1,True,0.0,2.058144,4.076298,7.009809
ethereum:0x93b1e78a3e652cd2e71c4a767595b77282344932:1709057171:28:0x1f6871e1001360f3345defb3f96bdf0d266cb0220e5eb89a0a0649fa8badf0fc,ethereum:0x93b1e78a3e652cd2e71c4a767595b77282344932,ethereum,1528284660,0,0.7060403227806091,0.6884219646453857,0.6497242771316588,0.7191349678214116,1,True,0.0,1.988888,4.107703,6.982272
ethereum:0x93b1e78a3e652cd2e71c4a767595b77282344932:1709057171:29:0x4d47a7ba8be2904de2cb571993fb1632fda70b3bf411b0d00e27def9b2aff206,ethereum:0x93b1e78a3e652cd2e71c4a767595b77282344932,ethereum,1528288972,0,0.6968233585357666,0.687463104724884,0.6226129488996524,0.7079633556159975,1,True,0.0,1.990244,3.713262,6.557103
ethereum:0x79986af15539de2db9a5086382daeda917a9cf0c:1709236187:1:0x754c4dcf5e58b6150f866b1646fb6ced1a3f4d0212bd9ee80581f602bde74481,ethereum:0x79986af15539de2db9a5086382daeda917a9cf0c,ethereum,1528419909,0,0.9652714729309082,0.7149142622947693,0.9992051859747634,0.9774362587030725,1,True,0.0,1.817412,4.102983,6.634167
ethereum:0x79986af15539de2db9a5086382daeda917a9cf0c:1709236187:2:0xe244ec80b06822c0cfa3933d61e5e5931241f2f0971cea42530707baa6fc9b54,ethereum:0x79986af15539de2db9a5086382daeda917a9cf0c,ethereum,1528419981,0,0.8600606322288513,0.7050986289978027,0.957676224876323,0.8887894208738728,1,True,0.0,13.208642,4.919491,19.055969
ethereum:0x79986af15539de2db9a5086382daeda917a9cf0c:1709236187:3:0x9b14403a9a9cdf38fb123d1d4f76f7e25796c6fd53886722f1c9efddecc22e34,ethereum:0x79986af15539de2db9a5086382daeda917a9cf0c,ethereum,1528431626,0,0.777174711227417,0.6926292181015015,0.8335452871786226,0.797667138679055,1,True,0.0,1.986594,4.489065,7.289722
ethereum:0x79986af15539de2db9a5086382daeda917a9cf0c:1709236187:4:0x8833e2a834bf3be640bda7bc6e95cd4384070ae0a1f8a1a20c3419da685f9aa2,ethereum:0x79986af15539de2db9a5086382daeda917a9cf0c,ethereum,1528431635,0,0.7126209735870361,0.6672353148460388,0.6688083442633851,0.6910129827911812,1,True,0.0,1.910333,4.167467,6.887576
ethereum:0x79986af15539de2db9a5086382daeda917a9cf0c:1709236187:5:0x90be9ed3adeb15de4e0d78120b375165161616bbc3a1de91fe5ad9bc2bdcec83,ethereum:0x79986af15539de2db9a5086382daeda917a9cf0c,ethereum,1528431646,0,0.6519215703010559,0.6400115489959717,0.48891249042915114,0.5734970025211368,1,True,0.0,2.900892,5.497822,9.221632
ethereum:0x79986af15539de2db9a5086382daeda917a9cf0c:1709236187:6:0xfe90f0bd67d11a3826b2d7a5ce024d50e7d4d261cd9d4f5255430a15b9b6ffd9,ethereum:0x79986af15539de2db9a5086382daeda917a9cf0c,ethereum,1528431659,0,0.5961871147155762,0.6045640707015991,0.33677840667396913,0.44510976331617585,0,True,0.0,1.867749,4.339276,6.974048
ethereum:0x79986af15539de2db9a5086382daeda917a9cf0c:1709236187:7:0x7fc3daca648c5808017d56fc202ee59b045be9e36c6cc485408ddd2f62bf0448,ethereum:0x79986af15539de2db9a5086382daeda917a9cf0c,ethereum,1528432645,0,0.5689666867256165,0.5987722873687744,0.2737330660152709,0.40568256113198475,0,True,0.0,1.934977,4.139199,6.877407
ethereum:0x79986af15539de2db9a5086382daeda917a9cf0c:1709236187:8:0xaab5d9606681f05715ec7d18f41373fe22aa6453d48627e39f6e86fffd4cbb22,ethereum:0x79986af15539de2db9a5086382daeda917a9cf0c,ethereum,1528433393,0,0.5581312775611877,0.5944664478302002,0.2510445629161617,0.38699290037474976,0,True,0.0,2.152907,4.168623,7.159582
ethereum:0x79986af15539de2db9a5086382daeda917a9cf0c:1709236187:9:0x236695dfb054a8dbee26af666d275643fb7c251a3ffa70ebdd5970aa08e5a085,ethereum:0x79986af15539de2db9a5086382daeda917a9cf0c,ethereum,1528434081,0,0.5537942051887512,0.5858007669448853,0.24235334664562114,0.3679121385917916,0,True,0.0,2.037409,14.968854,18.010519
ethereum:0x79986af15539de2db9a5086382daeda917a9cf0c:1709236187:10:0x6725ab3560ff79c9a1b1f9f8e412c439438be9c7a4a8ee567197f40f7e37d3d7,ethereum:0x79986af15539de2db9a5086382daeda917a9cf0c,ethereum,1528435147,0,0.5519614219665527,0.5843320488929749,0.23874755849202767,0.3636320939207469,0,True,0.0,1.898139,3.739954,6.597236
ethereum:0x79986af15539de2db9a5086382daeda917a9cf0c:1709236187:11:0x5350e51bd5f0de1a68ef0c999f87c856b4c07e9775ca66d0f46a9284a1d05819,ethereum:0x79986af15539de2db9a5086382daeda917a9cf0c,ethereum,1528768807,0,0.5615039467811584,0.5865313410758972,0.2579574169469193,0.3769188928902241,0,True,0.0,1.928212,4.318764,7.25294
