artifact_path,pdf_hash,page_or_table,claim_id,rendered_value_or_claim,source_metric_or_table_key,run_ids_or_input_manifest,allowed_rounding,source_sha256,check_status
projects/benchmark/paper/current/DLG-Benchmark_A08.pdf,f2001b4c519507f427c6dc33ff31b237778b5401d70ab73bb43e8c0cf4372407,4;5,input_provenance,"Both PDFs state observation-only raw transaction features, label-blind feature-neighbor edges, target join after construction, full population and unstratified splits; two independent builds and 15 actual counterfactuals match source construction records.",projects/benchmark/evidence/a08_data_repair/input_manifest.json,See source for exact run/input membership; claim checked against current A08 revision2 and preserved historical tier,semantic claim; numerical displays independently covered by paper_number_crosswalk.csv,3b1be3807e47e3c1539a66b8665ca298543f4c33042f93a3842628a7ee8f9f76,PASS
projects/benchmark/paper/current/DLG-Benchmark_A08.pdf,f2001b4c519507f427c6dc33ff31b237778b5401d70ab73bb43e8c0cf4372407,4;5,input_provenance,"Both PDFs state observation-only raw transaction features, label-blind feature-neighbor edges, target join after construction, full population and unstratified splits; two independent builds and 15 actual counterfactuals match source construction records.",projects/benchmark/evidence/a08_data_repair/audit/raw_full_counterfactual.json,See source for exact run/input membership; claim checked against current A08 revision2 and preserved historical tier,semantic claim; numerical displays independently covered by paper_number_crosswalk.csv,7d72d27134c01db2f03eef4f7256e14f963996a0e45509f95da44d7bbe833344,PASS
projects/benchmark/paper/current/DLG-Benchmark_A08.pdf,f2001b4c519507f427c6dc33ff31b237778b5401d70ab73bb43e8c0cf4372407,4;5,input_provenance,"Both PDFs state observation-only raw transaction features, label-blind feature-neighbor edges, target join after construction, full population and unstratified splits; two independent builds and 15 actual counterfactuals match source construction records.",projects/benchmark/evidence/a08_data_repair/audit/counterfactual_and_rebuild.json,See source for exact run/input membership; claim checked against current A08 revision2 and preserved historical tier,semantic claim; numerical displays independently covered by paper_number_crosswalk.csv,9cafe61f8521bf70dfdd148afc08cdf042d9113e6ca422a470c0e8127343c3af,PASS
projects/benchmark/paper/current/DLG-Benchmark_A08.pdf,f2001b4c519507f427c6dc33ff31b237778b5401d70ab73bb43e8c0cf4372407,6;16;17,threshold_and_metric_policy,"Current crypto uses raw-score validation F1 with reject-all and largest threshold tie, unchanged >= test threshold and ceil 1%/5% alerts/stable ties. Historical F1 remains descriptive under original policies; AP means use five seeds and ddof=0.",projects/benchmark/evidence/a08_data_repair/threshold_audit.csv,See source for exact run/input membership; claim checked against current A08 revision2 and preserved historical tier,semantic claim; numerical displays independently covered by paper_number_crosswalk.csv,d46077d06459eb5793258e748d9d887c7de904b2808024f060a2197d9484675b,PASS
projects/benchmark/paper/current/DLG-Benchmark_A08.pdf,f2001b4c519507f427c6dc33ff31b237778b5401d70ab73bb43e8c0cf4372407,6;16;17,threshold_and_metric_policy,"Current crypto uses raw-score validation F1 with reject-all and largest threshold tie, unchanged >= test threshold and ceil 1%/5% alerts/stable ties. Historical F1 remains descriptive under original policies; AP means use five seeds and ddof=0.",projects/benchmark/evidence/a08_data_repair/confusion_matrices.csv,See source for exact run/input membership; claim checked against current A08 revision2 and preserved historical tier,semantic claim; numerical displays independently covered by paper_number_crosswalk.csv,dd434fcaf749007d7135d6a451a5d714e9a9b3bb93bdd36b9b73b5b8e99ace7d,PASS
projects/benchmark/paper/current/DLG-Benchmark_A08.pdf,f2001b4c519507f427c6dc33ff31b237778b5401d70ab73bb43e8c0cf4372407,6;16;17,threshold_and_metric_policy,"Current crypto uses raw-score validation F1 with reject-all and largest threshold tie, unchanged >= test threshold and ceil 1%/5% alerts/stable ties. Historical F1 remains descriptive under original policies; AP means use five seeds and ddof=0.",projects/benchmark/evidence/a08_data_repair/tables/alert_budget_crypto.csv,See source for exact run/input membership; claim checked against current A08 revision2 and preserved historical tier,semantic claim; numerical displays independently covered by paper_number_crosswalk.csv,6c65eccf5938dca0a6aa0a26e64963ee373e442cec24ed61b0106be9a01a4a9a,PASS
projects/benchmark/paper/current/DLG-Benchmark_A08.pdf,f2001b4c519507f427c6dc33ff31b237778b5401d70ab73bb43e8c0cf4372407,1;6;7,support_and_run_counts,Both abstracts/results say 84/91 supported primary pairs and 420 primary plus 35 external successes. Current fresh crypto is 105/105; archived failed first execution and qualifications are excluded.,projects/benchmark/evidence/a08_data_repair/approved_registry.json,See source for exact run/input membership; claim checked against current A08 revision2 and preserved historical tier,semantic claim; numerical displays independently covered by paper_number_crosswalk.csv,2757ffd1e94bd31082b1e496e8b55a25478c917a72654450f448b53fdb0d1569,PASS
projects/benchmark/paper/current/DLG-Benchmark_A08.pdf,f2001b4c519507f427c6dc33ff31b237778b5401d70ab73bb43e8c0cf4372407,1;6;7,support_and_run_counts,Both abstracts/results say 84/91 supported primary pairs and 420 primary plus 35 external successes. Current fresh crypto is 105/105; archived failed first execution and qualifications are excluded.,projects/benchmark/evidence/a08_data_repair/number_registry.json,See source for exact run/input membership; claim checked against current A08 revision2 and preserved historical tier,semantic claim; numerical displays independently covered by paper_number_crosswalk.csv,532651b28105ddd83194ee51e06084fd692d2f8555f671fbe2ef147296ff7cbf,PASS
projects/benchmark/paper/current/DLG-Benchmark_A08.pdf,f2001b4c519507f427c6dc33ff31b237778b5401d70ab73bb43e8c0cf4372407,1;6;7,support_and_run_counts,Both abstracts/results say 84/91 supported primary pairs and 420 primary plus 35 external successes. Current fresh crypto is 105/105; archived failed first execution and qualifications are excluded.,projects/benchmark/evidence/a08_data_repair/audit/G6.json,See source for exact run/input membership; claim checked against current A08 revision2 and preserved historical tier,semantic claim; numerical displays independently covered by paper_number_crosswalk.csv,c50e17a770acbc8e46a88b4bc1089cbfb08267d80154b55d2e007970615ba2f0,PASS
projects/benchmark/paper/current/DLG-Benchmark_A08.pdf,f2001b4c519507f427c6dc33ff31b237778b5401d70ab73bb43e8c0cf4372407,9;10;18,statistical_scope,"All current n=8/13/6/7 complete-case memberships, mean ranks, four provenance descriptive groups and 18 full Holm family comparisons are shown. Monte Carlo B=200000 uses plus-one p, unsupported values remain N/A and non-rejection is not equivalence.",projects/benchmark/evidence/a08_data_repair/statistics/statistics_s1_s4.json,See source for exact run/input membership; claim checked against current A08 revision2 and preserved historical tier,semantic claim; numerical displays independently covered by paper_number_crosswalk.csv,70f570f4fbdf8168019c68618fb2b6200cc3c6291fc264207c33f002ca440141,PASS
projects/benchmark/paper/current/DLG-Benchmark_A08.pdf,f2001b4c519507f427c6dc33ff31b237778b5401d70ab73bb43e8c0cf4372407,9;10;18,statistical_scope,"All current n=8/13/6/7 complete-case memberships, mean ranks, four provenance descriptive groups and 18 full Holm family comparisons are shown. Monte Carlo B=200000 uses plus-one p, unsupported values remain N/A and non-rejection is not equivalence.",projects/benchmark/evidence/a08_data_repair/statistics/mean_ranks.csv,See source for exact run/input membership; claim checked against current A08 revision2 and preserved historical tier,semantic claim; numerical displays independently covered by paper_number_crosswalk.csv,4133d740152549b8fa003b093ebc172f56fb1e9fe545a4737d0cab35ecdaafee,PASS
projects/benchmark/paper/current/DLG-Benchmark_A08.pdf,f2001b4c519507f427c6dc33ff31b237778b5401d70ab73bb43e8c0cf4372407,9;10;18,statistical_scope,"All current n=8/13/6/7 complete-case memberships, mean ranks, four provenance descriptive groups and 18 full Holm family comparisons are shown. Monte Carlo B=200000 uses plus-one p, unsupported values remain N/A and non-rejection is not equivalence.",projects/benchmark/evidence/a08_data_repair/statistics/label_provenance_sensitivity.csv,See source for exact run/input membership; claim checked against current A08 revision2 and preserved historical tier,semantic claim; numerical displays independently covered by paper_number_crosswalk.csv,c129fcfb3342ced15660589ed1170e7e48449f8e14630f9649276f81ed577ab2,PASS
projects/benchmark/paper/current/DLG-Benchmark_A08.pdf,f2001b4c519507f427c6dc33ff31b237778b5401d70ab73bb43e8c0cf4372407,9;10;18,statistical_scope,"All current n=8/13/6/7 complete-case memberships, mean ranks, four provenance descriptive groups and 18 full Holm family comparisons are shown. Monte Carlo B=200000 uses plus-one p, unsupported values remain N/A and non-rejection is not equivalence.",projects/benchmark/evidence/a08_data_repair/statistics/pairwise.csv,See source for exact run/input membership; claim checked against current A08 revision2 and preserved historical tier,semantic claim; numerical displays independently covered by paper_number_crosswalk.csv,17cba0786cdd192663c64fbb4b2bfb5406e578c0d2bb1838b4f80c8cefcac61c,PASS
projects/benchmark/paper/current/DLG-Benchmark_A08.pdf,f2001b4c519507f427c6dc33ff31b237778b5401d70ab73bb43e8c0cf4372407,10;11,resource_claims,"Fresh corrected-chain fit-plus-inference seconds and max allocated GiB are per actual run, no interrupted DGraphFin segment treated as total duration. Historical 402 MHz report is separate from current unverified clock; no portable or matched AnomalyDAE 8/24 GiB claim.",projects/benchmark/evidence/a08_data_repair/hardware_runtime_context.json,See source for exact run/input membership; claim checked against current A08 revision2 and preserved historical tier,semantic claim; numerical displays independently covered by paper_number_crosswalk.csv,e63240a83232343bffab98c5409c871c7007daab61dc23d33db671c3dde7ea69,PASS
projects/benchmark/paper/current/DLG-Benchmark_A08.pdf,f2001b4c519507f427c6dc33ff31b237778b5401d70ab73bb43e8c0cf4372407,10;11,resource_claims,"Fresh corrected-chain fit-plus-inference seconds and max allocated GiB are per actual run, no interrupted DGraphFin segment treated as total duration. Historical 402 MHz report is separate from current unverified clock; no portable or matched AnomalyDAE 8/24 GiB claim.",projects/benchmark/evidence/a08_data_repair/paper_number_crosswalk.csv,See source for exact run/input membership; claim checked against current A08 revision2 and preserved historical tier,semantic claim; numerical displays independently covered by paper_number_crosswalk.csv,733bf6dbd0c7193aa90005535ca2a0f1a739472ab6dd29cbaac6ad506a20c68c,PASS
projects/benchmark/paper/current/DLG-Benchmark_A08.pdf,f2001b4c519507f427c6dc33ff31b237778b5401d70ab73bb43e8c0cf4372407,10;11,resource_claims,"Fresh corrected-chain fit-plus-inference seconds and max allocated GiB are per actual run, no interrupted DGraphFin segment treated as total duration. Historical 402 MHz report is separate from current unverified clock; no portable or matched AnomalyDAE 8/24 GiB claim.",projects/benchmark/evidence/a08_data_repair/run_manifests/bsc_contract_clean_v1__AnomalyDAE__seed42.json,See source for exact run/input membership; claim checked against current A08 revision2 and preserved historical tier,semantic claim; numerical displays independently covered by paper_number_crosswalk.csv,b17873c8da5d4fbc4a0846f8fa95d7435b23484c6b92c43db80346fef3ca809f,PASS
projects/benchmark/paper/current/DLG-Benchmark_A08.pdf,f2001b4c519507f427c6dc33ff31b237778b5401d70ab73bb43e8c0cf4372407,10;11,resource_claims,"Fresh corrected-chain fit-plus-inference seconds and max allocated GiB are per actual run, no interrupted DGraphFin segment treated as total duration. Historical 402 MHz report is separate from current unverified clock; no portable or matched AnomalyDAE 8/24 GiB claim.",projects/benchmark/evidence/a08_data_repair/run_manifests/bsc_contract_clean_v1__AnomalyDAE__seed43.json,See source for exact run/input membership; claim checked against current A08 revision2 and preserved historical tier,semantic claim; numerical displays independently covered by paper_number_crosswalk.csv,c3c4a906e27e2c1eb4fade2bd20aaba268ab2687772d2d4936aab73765ae71fa,PASS
projects/benchmark/paper/current/DLG-Benchmark_A08.pdf,f2001b4c519507f427c6dc33ff31b237778b5401d70ab73bb43e8c0cf4372407,10;11,resource_claims,"Fresh corrected-chain fit-plus-inference seconds and max allocated GiB are per actual run, no interrupted DGraphFin segment treated as total duration. Historical 402 MHz report is separate from current unverified clock; no portable or matched AnomalyDAE 8/24 GiB claim.",projects/benchmark/evidence/a08_data_repair/run_manifests/bsc_contract_clean_v1__AnomalyDAE__seed44.json,See source for exact run/input membership; claim checked against current A08 revision2 and preserved historical tier,semantic claim; numerical displays independently covered by paper_number_crosswalk.csv,8cad7950a4b09221033268bdf8ea9ea4139a2e8d19181fb3ac99c9d30f8b5bf1,PASS
projects/benchmark/paper/current/DLG-Benchmark_A08.pdf,f2001b4c519507f427c6dc33ff31b237778b5401d70ab73bb43e8c0cf4372407,10;11,resource_claims,"Fresh corrected-chain fit-plus-inference seconds and max allocated GiB are per actual run, no interrupted DGraphFin segment treated as total duration. Historical 402 MHz report is separate from current unverified clock; no portable or matched AnomalyDAE 8/24 GiB claim.",projects/benchmark/evidence/a08_data_repair/run_manifests/bsc_contract_clean_v1__AnomalyDAE__seed45.json,See source for exact run/input membership; claim checked against current A08 revision2 and preserved historical tier,semantic claim; numerical displays independently covered by paper_number_crosswalk.csv,244f0858398ef94316e064457d3df5596e834612fc8921e183fdc2113e8057d8,PASS
projects/benchmark/paper/current/DLG-Benchmark_A08.pdf,f2001b4c519507f427c6dc33ff31b237778b5401d70ab73bb43e8c0cf4372407,10;11,resource_claims,"Fresh corrected-chain fit-plus-inference seconds and max allocated GiB are per actual run, no interrupted DGraphFin segment treated as total duration. Historical 402 MHz report is separate from current unverified clock; no portable or matched AnomalyDAE 8/24 GiB claim.",projects/benchmark/evidence/a08_data_repair/run_manifests/bsc_contract_clean_v1__AnomalyDAE__seed46.json,See source for exact run/input membership; claim checked against current A08 revision2 and preserved historical tier,semantic claim; numerical displays independently covered by paper_number_crosswalk.csv,660c4569fb582f36d6cc65920a365f76afc6aa9dc4d76531fb918163f02860a6,PASS
projects/benchmark/paper/current/DLG-Benchmark_A08.pdf,f2001b4c519507f427c6dc33ff31b237778b5401d70ab73bb43e8c0cf4372407,10;11,resource_claims,"Fresh corrected-chain fit-plus-inference seconds and max allocated GiB are per actual run, no interrupted DGraphFin segment treated as total duration. Historical 402 MHz report is separate from current unverified clock; no portable or matched AnomalyDAE 8/24 GiB claim.",projects/benchmark/evidence/a08_data_repair/run_manifests/bsc_contract_clean_v1__CoLA__seed42.json,See source for exact run/input membership; claim checked against current A08 revision2 and preserved historical tier,semantic claim; numerical displays independently covered by paper_number_crosswalk.csv,a141e9ae96cb6edd20715cbc3e49f92fb3feaf343c583fc4aadf6ee693209739,PASS
projects/benchmark/paper/current/DLG-Benchmark_A08.pdf,f2001b4c519507f427c6dc33ff31b237778b5401d70ab73bb43e8c0cf4372407,10;11,resource_claims,"Fresh corrected-chain fit-plus-inference seconds and max allocated GiB are per actual run, no interrupted DGraphFin segment treated as total duration. Historical 402 MHz report is separate from current unverified clock; no portable or matched AnomalyDAE 8/24 GiB claim.",projects/benchmark/evidence/a08_data_repair/run_manifests/bsc_contract_clean_v1__CoLA__seed43.json,See source for exact run/input membership; claim checked against current A08 revision2 and preserved historical tier,semantic claim; numerical displays independently covered by paper_number_crosswalk.csv,9548e8e4fac58639664eb1b64ffe66978c80f516608b714d82edaae262fb9aeb,PASS
projects/benchmark/paper/current/DLG-Benchmark_A08.pdf,f2001b4c519507f427c6dc33ff31b237778b5401d70ab73bb43e8c0cf4372407,10;11,resource_claims,"Fresh corrected-chain fit-plus-inference seconds and max allocated GiB are per actual run, no interrupted DGraphFin segment treated as total duration. Historical 402 MHz report is separate from current unverified clock; no portable or matched AnomalyDAE 8/24 GiB claim.",projects/benchmark/evidence/a08_data_repair/run_manifests/bsc_contract_clean_v1__CoLA__seed44.json,See source for exact run/input membership; claim checked against current A08 revision2 and preserved historical tier,semantic claim; numerical displays independently covered by paper_number_crosswalk.csv,71c35441c23022f9daa006a987a4200a857ce3b9df5d3dc07a5ae3ebb6182da7,PASS
projects/benchmark/paper/current/DLG-Benchmark_A08.pdf,f2001b4c519507f427c6dc33ff31b237778b5401d70ab73bb43e8c0cf4372407,10;11,resource_claims,"Fresh corrected-chain fit-plus-inference seconds and max allocated GiB are per actual run, no interrupted DGraphFin segment treated as total duration. Historical 402 MHz report is separate from current unverified clock; no portable or matched AnomalyDAE 8/24 GiB claim.",projects/benchmark/evidence/a08_data_repair/run_manifests/bsc_contract_clean_v1__CoLA__seed45.json,See source for exact run/input membership; claim checked against current A08 revision2 and preserved historical tier,semantic claim; numerical displays independently covered by paper_number_crosswalk.csv,4cccfca468c061eece7f20460545eed87c772b046f19b23b24d4da3a407fe0ac,PASS
projects/benchmark/paper/current/DLG-Benchmark_A08.pdf,f2001b4c519507f427c6dc33ff31b237778b5401d70ab73bb43e8c0cf4372407,10;11,resource_claims,"Fresh corrected-chain fit-plus-inference seconds and max allocated GiB are per actual run, no interrupted DGraphFin segment treated as total duration. Historical 402 MHz report is separate from current unverified clock; no portable or matched AnomalyDAE 8/24 GiB claim.",projects/benchmark/evidence/a08_data_repair/run_manifests/bsc_contract_clean_v1__CoLA__seed46.json,See source for exact run/input membership; claim checked against current A08 revision2 and preserved historical tier,semantic claim; numerical displays independently covered by paper_number_crosswalk.csv,e0b40bca9d8c38f6e281a080c925621834e5d5510a01ac2c3bba3841346b0bc8,PASS
projects/benchmark/paper/current/DLG-Benchmark_A08.pdf,f2001b4c519507f427c6dc33ff31b237778b5401d70ab73bb43e8c0cf4372407,10;11,resource_claims,"Fresh corrected-chain fit-plus-inference seconds and max allocated GiB are per actual run, no interrupted DGraphFin segment treated as total duration. Historical 402 MHz report is separate from current unverified clock; no portable or matched AnomalyDAE 8/24 GiB claim.",projects/benchmark/evidence/a08_data_repair/run_manifests/bsc_contract_clean_v1__DLG-Aug__seed42.json,See source for exact run/input membership; claim checked against current A08 revision2 and preserved historical tier,semantic claim; numerical displays independently covered by paper_number_crosswalk.csv,fcf8fa162183571800cc6bdce9daab21711d72c5083d9e1179650f03d9b560cc,PASS
projects/benchmark/paper/current/DLG-Benchmark_A08.pdf,f2001b4c519507f427c6dc33ff31b237778b5401d70ab73bb43e8c0cf4372407,10;11,resource_claims,"Fresh corrected-chain fit-plus-inference seconds and max allocated GiB are per actual run, no interrupted DGraphFin segment treated as total duration. Historical 402 MHz report is separate from current unverified clock; no portable or matched AnomalyDAE 8/24 GiB claim.",projects/benchmark/evidence/a08_data_repair/run_manifests/bsc_contract_clean_v1__DLG-Aug__seed43.json,See source for exact run/input membership; claim checked against current A08 revision2 and preserved historical tier,semantic claim; numerical displays independently covered by paper_number_crosswalk.csv,898aa5e25838fb094313173648a189eb02b38c5dc6be0ef4bbcb5bd05346a1a4,PASS
projects/benchmark/paper/current/DLG-Benchmark_A08.pdf,f2001b4c519507f427c6dc33ff31b237778b5401d70ab73bb43e8c0cf4372407,10;11,resource_claims,"Fresh corrected-chain fit-plus-inference seconds and max allocated GiB are per actual run, no interrupted DGraphFin segment treated as total duration. Historical 402 MHz report is separate from current unverified clock; no portable or matched AnomalyDAE 8/24 GiB claim.",projects/benchmark/evidence/a08_data_repair/run_manifests/bsc_contract_clean_v1__DLG-Aug__seed44.json,See source for exact run/input membership; claim checked against current A08 revision2 and preserved historical tier,semantic claim; numerical displays independently covered by paper_number_crosswalk.csv,9fd175479287e0315281b33484be132c57f0b421ad13e2fac455c78bc54f86eb,PASS
projects/benchmark/paper/current/DLG-Benchmark_A08.pdf,f2001b4c519507f427c6dc33ff31b237778b5401d70ab73bb43e8c0cf4372407,10;11,resource_claims,"Fresh corrected-chain fit-plus-inference seconds and max allocated GiB are per actual run, no interrupted DGraphFin segment treated as total duration. Historical 402 MHz report is separate from current unverified clock; no portable or matched AnomalyDAE 8/24 GiB claim.",projects/benchmark/evidence/a08_data_repair/run_manifests/bsc_contract_clean_v1__DLG-Aug__seed45.json,See source for exact run/input membership; claim checked against current A08 revision2 and preserved historical tier,semantic claim; numerical displays independently covered by paper_number_crosswalk.csv,e971df9f0482123dd79a6198ace59560dc0c3aeea7efd76abc20645a249ff0a2,PASS
projects/benchmark/paper/current/DLG-Benchmark_A08.pdf,f2001b4c519507f427c6dc33ff31b237778b5401d70ab73bb43e8c0cf4372407,10;11,resource_claims,"Fresh corrected-chain fit-plus-inference seconds and max allocated GiB are per actual run, no interrupted DGraphFin segment treated as total duration. Historical 402 MHz report is separate from current unverified clock; no portable or matched AnomalyDAE 8/24 GiB claim.",projects/benchmark/evidence/a08_data_repair/run_manifests/bsc_contract_clean_v1__DLG-Aug__seed46.json,See source for exact run/input membership; claim checked against current A08 revision2 and preserved historical tier,semantic claim; numerical displays independently covered by paper_number_crosswalk.csv,e96c2eeec90e37bdce441d590435efd42f18de8aefce87b59323946b9ac53df0,PASS
projects/benchmark/paper/current/DLG-Benchmark_A08.pdf,f2001b4c519507f427c6dc33ff31b237778b5401d70ab73bb43e8c0cf4372407,10;11,resource_claims,"Fresh corrected-chain fit-plus-inference seconds and max allocated GiB are per actual run, no interrupted DGraphFin segment treated as total duration. Historical 402 MHz report is separate from current unverified clock; no portable or matched AnomalyDAE 8/24 GiB claim.",projects/benchmark/evidence/a08_data_repair/run_manifests/bsc_contract_clean_v1__DLG-Base__seed42.json,See source for exact run/input membership; claim checked against current A08 revision2 and preserved historical tier,semantic claim; numerical displays independently covered by paper_number_crosswalk.csv,47429390370959c99eec3b68ae6d8707e381a6cfd2d33dec01b198737997041c,PASS
projects/benchmark/paper/current/DLG-Benchmark_A08.pdf,f2001b4c519507f427c6dc33ff31b237778b5401d70ab73bb43e8c0cf4372407,10;11,resource_claims,"Fresh corrected-chain fit-plus-inference seconds and max allocated GiB are per actual run, no interrupted DGraphFin segment treated as total duration. Historical 402 MHz report is separate from current unverified clock; no portable or matched AnomalyDAE 8/24 GiB claim.",projects/benchmark/evidence/a08_data_repair/run_manifests/bsc_contract_clean_v1__DLG-Base__seed43.json,See source for exact run/input membership; claim checked against current A08 revision2 and preserved historical tier,semantic claim; numerical displays independently covered by paper_number_crosswalk.csv,644f84ff4b7276d43f39fd3e58572d6b6c9842e996d20538dd6f7656094ecf87,PASS
projects/benchmark/paper/current/DLG-Benchmark_A08.pdf,f2001b4c519507f427c6dc33ff31b237778b5401d70ab73bb43e8c0cf4372407,10;11,resource_claims,"Fresh corrected-chain fit-plus-inference seconds and max allocated GiB are per actual run, no interrupted DGraphFin segment treated as total duration. Historical 402 MHz report is separate from current unverified clock; no portable or matched AnomalyDAE 8/24 GiB claim.",projects/benchmark/evidence/a08_data_repair/run_manifests/bsc_contract_clean_v1__DLG-Base__seed44.json,See source for exact run/input membership; claim checked against current A08 revision2 and preserved historical tier,semantic claim; numerical displays independently covered by paper_number_crosswalk.csv,98591b272e3a19c5e589f4d6874b7f1f22c33211e473106788e7b4f80393b4e0,PASS
projects/benchmark/paper/current/DLG-Benchmark_A08.pdf,f2001b4c519507f427c6dc33ff31b237778b5401d70ab73bb43e8c0cf4372407,10;11,resource_claims,"Fresh corrected-chain fit-plus-inference seconds and max allocated GiB are per actual run, no interrupted DGraphFin segment treated as total duration. Historical 402 MHz report is separate from current unverified clock; no portable or matched AnomalyDAE 8/24 GiB claim.",projects/benchmark/evidence/a08_data_repair/run_manifests/bsc_contract_clean_v1__DLG-Base__seed45.json,See source for exact run/input membership; claim checked against current A08 revision2 and preserved historical tier,semantic claim; numerical displays independently covered by paper_number_crosswalk.csv,cb8c7ac161d323c6e7d14ffb7a9f0ab88eca0b240822ca399e80356f274ffe51,PASS
projects/benchmark/paper/current/DLG-Benchmark_A08.pdf,f2001b4c519507f427c6dc33ff31b237778b5401d70ab73bb43e8c0cf4372407,10;11,resource_claims,"Fresh corrected-chain fit-plus-inference seconds and max allocated GiB are per actual run, no interrupted DGraphFin segment treated as total duration. Historical 402 MHz report is separate from current unverified clock; no portable or matched AnomalyDAE 8/24 GiB claim.",projects/benchmark/evidence/a08_data_repair/run_manifests/bsc_contract_clean_v1__DLG-Base__seed46.json,See source for exact run/input membership; claim checked against current A08 revision2 and preserved historical tier,semantic claim; numerical displays independently covered by paper_number_crosswalk.csv,62a738facac09e695a10a6a0638c43516965f96129b4c0b88a25a17282219747,PASS
projects/benchmark/paper/current/DLG-Benchmark_A08.pdf,f2001b4c519507f427c6dc33ff31b237778b5401d70ab73bb43e8c0cf4372407,10;11,resource_claims,"Fresh corrected-chain fit-plus-inference seconds and max allocated GiB are per actual run, no interrupted DGraphFin segment treated as total duration. Historical 402 MHz report is separate from current unverified clock; no portable or matched AnomalyDAE 8/24 GiB claim.",projects/benchmark/evidence/a08_data_repair/run_manifests/bsc_contract_clean_v1__DOMINANT__seed42.json,See source for exact run/input membership; claim checked against current A08 revision2 and preserved historical tier,semantic claim; numerical displays independently covered by paper_number_crosswalk.csv,a1b93d8cbb084b83e94a0e360c682ac212269d26a7fd94f1631dfa5cd5704b89,PASS
projects/benchmark/paper/current/DLG-Benchmark_A08.pdf,f2001b4c519507f427c6dc33ff31b237778b5401d70ab73bb43e8c0cf4372407,10;11,resource_claims,"Fresh corrected-chain fit-plus-inference seconds and max allocated GiB are per actual run, no interrupted DGraphFin segment treated as total duration. Historical 402 MHz report is separate from current unverified clock; no portable or matched AnomalyDAE 8/24 GiB claim.",projects/benchmark/evidence/a08_data_repair/run_manifests/bsc_contract_clean_v1__DOMINANT__seed43.json,See source for exact run/input membership; claim checked against current A08 revision2 and preserved historical tier,semantic claim; numerical displays independently covered by paper_number_crosswalk.csv,d23fc4217e1baf75019744614537b9fa1d87c25a13a012ef925a2a4d0ad896b4,PASS
projects/benchmark/paper/current/DLG-Benchmark_A08.pdf,f2001b4c519507f427c6dc33ff31b237778b5401d70ab73bb43e8c0cf4372407,10;11,resource_claims,"Fresh corrected-chain fit-plus-inference seconds and max allocated GiB are per actual run, no interrupted DGraphFin segment treated as total duration. Historical 402 MHz report is separate from current unverified clock; no portable or matched AnomalyDAE 8/24 GiB claim.",projects/benchmark/evidence/a08_data_repair/run_manifests/bsc_contract_clean_v1__DOMINANT__seed44.json,See source for exact run/input membership; claim checked against current A08 revision2 and preserved historical tier,semantic claim; numerical displays independently covered by paper_number_crosswalk.csv,9debc740f40395677553dd6fca1f35c227e9aa3a8f523e04c69d071711e5220d,PASS
projects/benchmark/paper/current/DLG-Benchmark_A08.pdf,f2001b4c519507f427c6dc33ff31b237778b5401d70ab73bb43e8c0cf4372407,10;11,resource_claims,"Fresh corrected-chain fit-plus-inference seconds and max allocated GiB are per actual run, no interrupted DGraphFin segment treated as total duration. Historical 402 MHz report is separate from current unverified clock; no portable or matched AnomalyDAE 8/24 GiB claim.",projects/benchmark/evidence/a08_data_repair/run_manifests/bsc_contract_clean_v1__DOMINANT__seed45.json,See source for exact run/input membership; claim checked against current A08 revision2 and preserved historical tier,semantic claim; numerical displays independently covered by paper_number_crosswalk.csv,e112a5cff0aa82298bde4c53bb58208ca8d51d0684e0a12fe2441b4fcced2e73,PASS
projects/benchmark/paper/current/DLG-Benchmark_A08.pdf,f2001b4c519507f427c6dc33ff31b237778b5401d70ab73bb43e8c0cf4372407,10;11,resource_claims,"Fresh corrected-chain fit-plus-inference seconds and max allocated GiB are per actual run, no interrupted DGraphFin segment treated as total duration. Historical 402 MHz report is separate from current unverified clock; no portable or matched AnomalyDAE 8/24 GiB claim.",projects/benchmark/evidence/a08_data_repair/run_manifests/bsc_contract_clean_v1__DOMINANT__seed46.json,See source for exact run/input membership; claim checked against current A08 revision2 and preserved historical tier,semantic claim; numerical displays independently covered by paper_number_crosswalk.csv,37ff2dad040cd901151d1a0e13d02a04176c219247ea11d987f18385fd1e4a9b,PASS
projects/benchmark/paper/current/DLG-Benchmark_A08.pdf,f2001b4c519507f427c6dc33ff31b237778b5401d70ab73bb43e8c0cf4372407,10;11,resource_claims,"Fresh corrected-chain fit-plus-inference seconds and max allocated GiB are per actual run, no interrupted DGraphFin segment treated as total duration. Historical 402 MHz report is separate from current unverified clock; no portable or matched AnomalyDAE 8/24 GiB claim.",projects/benchmark/evidence/a08_data_repair/run_manifests/bsc_contract_clean_v1__GADNR__seed42.json,See source for exact run/input membership; claim checked against current A08 revision2 and preserved historical tier,semantic claim; numerical displays independently covered by paper_number_crosswalk.csv,46a227ca637799aa749d2d6e99e08e37a44537093f8de6dcfa85fe24b9d2a368,PASS
projects/benchmark/paper/current/DLG-Benchmark_A08.pdf,f2001b4c519507f427c6dc33ff31b237778b5401d70ab73bb43e8c0cf4372407,10;11,resource_claims,"Fresh corrected-chain fit-plus-inference seconds and max allocated GiB are per actual run, no interrupted DGraphFin segment treated as total duration. Historical 402 MHz report is separate from current unverified clock; no portable or matched AnomalyDAE 8/24 GiB claim.",projects/benchmark/evidence/a08_data_repair/run_manifests/bsc_contract_clean_v1__GADNR__seed43.json,See source for exact run/input membership; claim checked against current A08 revision2 and preserved historical tier,semantic claim; numerical displays independently covered by paper_number_crosswalk.csv,fdc31f87c83294bd44815348fb2fbb0e8fbefa9192695fade6255763cd2b966f,PASS
projects/benchmark/paper/current/DLG-Benchmark_A08.pdf,f2001b4c519507f427c6dc33ff31b237778b5401d70ab73bb43e8c0cf4372407,10;11,resource_claims,"Fresh corrected-chain fit-plus-inference seconds and max allocated GiB are per actual run, no interrupted DGraphFin segment treated as total duration. Historical 402 MHz report is separate from current unverified clock; no portable or matched AnomalyDAE 8/24 GiB claim.",projects/benchmark/evidence/a08_data_repair/run_manifests/bsc_contract_clean_v1__GADNR__seed44.json,See source for exact run/input membership; claim checked against current A08 revision2 and preserved historical tier,semantic claim; numerical displays independently covered by paper_number_crosswalk.csv,852a4229fd9206259e594603675265e372330ad5418d4843b3e8d829e8b0cf51,PASS
projects/benchmark/paper/current/DLG-Benchmark_A08.pdf,f2001b4c519507f427c6dc33ff31b237778b5401d70ab73bb43e8c0cf4372407,10;11,resource_claims,"Fresh corrected-chain fit-plus-inference seconds and max allocated GiB are per actual run, no interrupted DGraphFin segment treated as total duration. Historical 402 MHz report is separate from current unverified clock; no portable or matched AnomalyDAE 8/24 GiB claim.",projects/benchmark/evidence/a08_data_repair/run_manifests/bsc_contract_clean_v1__GADNR__seed45.json,See source for exact run/input membership; claim checked against current A08 revision2 and preserved historical tier,semantic claim; numerical displays independently covered by paper_number_crosswalk.csv,0bdb5d9b5fc9d0a5ef24ca7f983583f7d057a8ae5f89581b16a7b2568d468f76,PASS
projects/benchmark/paper/current/DLG-Benchmark_A08.pdf,f2001b4c519507f427c6dc33ff31b237778b5401d70ab73bb43e8c0cf4372407,10;11,resource_claims,"Fresh corrected-chain fit-plus-inference seconds and max allocated GiB are per actual run, no interrupted DGraphFin segment treated as total duration. Historical 402 MHz report is separate from current unverified clock; no portable or matched AnomalyDAE 8/24 GiB claim.",projects/benchmark/evidence/a08_data_repair/run_manifests/bsc_contract_clean_v1__GADNR__seed46.json,See source for exact run/input membership; claim checked against current A08 revision2 and preserved historical tier,semantic claim; numerical displays independently covered by paper_number_crosswalk.csv,ce5d292d912d10d68b3cab7b2affdc6f5a666adaada34ca81fd5f48b200752a7,PASS
projects/benchmark/paper/current/DLG-Benchmark_A08.pdf,f2001b4c519507f427c6dc33ff31b237778b5401d70ab73bb43e8c0cf4372407,10;11,resource_claims,"Fresh corrected-chain fit-plus-inference seconds and max allocated GiB are per actual run, no interrupted DGraphFin segment treated as total duration. Historical 402 MHz report is separate from current unverified clock; no portable or matched AnomalyDAE 8/24 GiB claim.",projects/benchmark/evidence/a08_data_repair/run_manifests/bsc_contract_clean_v1__OCGNN__seed42.json,See source for exact run/input membership; claim checked against current A08 revision2 and preserved historical tier,semantic claim; numerical displays independently covered by paper_number_crosswalk.csv,e725a08f4f0e225d89ba51b1a44e738252085798839f685135f0e62b0437c03c,PASS
projects/benchmark/paper/current/DLG-Benchmark_A08.pdf,f2001b4c519507f427c6dc33ff31b237778b5401d70ab73bb43e8c0cf4372407,10;11,resource_claims,"Fresh corrected-chain fit-plus-inference seconds and max allocated GiB are per actual run, no interrupted DGraphFin segment treated as total duration. Historical 402 MHz report is separate from current unverified clock; no portable or matched AnomalyDAE 8/24 GiB claim.",projects/benchmark/evidence/a08_data_repair/run_manifests/bsc_contract_clean_v1__OCGNN__seed43.json,See source for exact run/input membership; claim checked against current A08 revision2 and preserved historical tier,semantic claim; numerical displays independently covered by paper_number_crosswalk.csv,9b00b8ac0a9b3b8166ae50d6cc09432253a5cf009cd27b30144e51e668afaba5,PASS
projects/benchmark/paper/current/DLG-Benchmark_A08.pdf,f2001b4c519507f427c6dc33ff31b237778b5401d70ab73bb43e8c0cf4372407,10;11,resource_claims,"Fresh corrected-chain fit-plus-inference seconds and max allocated GiB are per actual run, no interrupted DGraphFin segment treated as total duration. Historical 402 MHz report is separate from current unverified clock; no portable or matched AnomalyDAE 8/24 GiB claim.",projects/benchmark/evidence/a08_data_repair/run_manifests/bsc_contract_clean_v1__OCGNN__seed44.json,See source for exact run/input membership; claim checked against current A08 revision2 and preserved historical tier,semantic claim; numerical displays independently covered by paper_number_crosswalk.csv,8af85384714efc15db0556adf82c946f252bda52f0a37e3477ac59c1fbc93653,PASS
projects/benchmark/paper/current/DLG-Benchmark_A08.pdf,f2001b4c519507f427c6dc33ff31b237778b5401d70ab73bb43e8c0cf4372407,10;11,resource_claims,"Fresh corrected-chain fit-plus-inference seconds and max allocated GiB are per actual run, no interrupted DGraphFin segment treated as total duration. Historical 402 MHz report is separate from current unverified clock; no portable or matched AnomalyDAE 8/24 GiB claim.",projects/benchmark/evidence/a08_data_repair/run_manifests/bsc_contract_clean_v1__OCGNN__seed45.json,See source for exact run/input membership; claim checked against current A08 revision2 and preserved historical tier,semantic claim; numerical displays independently covered by paper_number_crosswalk.csv,b4df2c083135ae4eb022f74e9fa1e54bbf789f21b58bfc330e7dfc8fc08f1140,PASS
projects/benchmark/paper/current/DLG-Benchmark_A08.pdf,f2001b4c519507f427c6dc33ff31b237778b5401d70ab73bb43e8c0cf4372407,10;11,resource_claims,"Fresh corrected-chain fit-plus-inference seconds and max allocated GiB are per actual run, no interrupted DGraphFin segment treated as total duration. Historical 402 MHz report is separate from current unverified clock; no portable or matched AnomalyDAE 8/24 GiB claim.",projects/benchmark/evidence/a08_data_repair/run_manifests/bsc_contract_clean_v1__OCGNN__seed46.json,See source for exact run/input membership; claim checked against current A08 revision2 and preserved historical tier,semantic claim; numerical displays independently covered by paper_number_crosswalk.csv,c5545a7814ec60bf468b0852f7b463a677427cb03d444bd2349ee7ac713c37fe,PASS
projects/benchmark/paper/current/DLG-Benchmark_A08.pdf,f2001b4c519507f427c6dc33ff31b237778b5401d70ab73bb43e8c0cf4372407,10;11,resource_claims,"Fresh corrected-chain fit-plus-inference seconds and max allocated GiB are per actual run, no interrupted DGraphFin segment treated as total duration. Historical 402 MHz report is separate from current unverified clock; no portable or matched AnomalyDAE 8/24 GiB claim.",projects/benchmark/evidence/a08_data_repair/run_manifests/ethereum_contract_clean_v1__AnomalyDAE__seed42.json,See source for exact run/input membership; claim checked against current A08 revision2 and preserved historical tier,semantic claim; numerical displays independently covered by paper_number_crosswalk.csv,54af63cbe42276c0d77dbf2a580fbfb082898ee148bb7c3c4acc0be8ae507d32,PASS
projects/benchmark/paper/current/DLG-Benchmark_A08.pdf,f2001b4c519507f427c6dc33ff31b237778b5401d70ab73bb43e8c0cf4372407,10;11,resource_claims,"Fresh corrected-chain fit-plus-inference seconds and max allocated GiB are per actual run, no interrupted DGraphFin segment treated as total duration. Historical 402 MHz report is separate from current unverified clock; no portable or matched AnomalyDAE 8/24 GiB claim.",projects/benchmark/evidence/a08_data_repair/run_manifests/ethereum_contract_clean_v1__AnomalyDAE__seed43.json,See source for exact run/input membership; claim checked against current A08 revision2 and preserved historical tier,semantic claim; numerical displays independently covered by paper_number_crosswalk.csv,3ed10a6cd2dbc4446b04ce1d14238fee61124377d1135ed5c3a3d49ba74ea43a,PASS
projects/benchmark/paper/current/DLG-Benchmark_A08.pdf,f2001b4c519507f427c6dc33ff31b237778b5401d70ab73bb43e8c0cf4372407,10;11,resource_claims,"Fresh corrected-chain fit-plus-inference seconds and max allocated GiB are per actual run, no interrupted DGraphFin segment treated as total duration. Historical 402 MHz report is separate from current unverified clock; no portable or matched AnomalyDAE 8/24 GiB claim.",projects/benchmark/evidence/a08_data_repair/run_manifests/ethereum_contract_clean_v1__AnomalyDAE__seed44.json,See source for exact run/input membership; claim checked against current A08 revision2 and preserved historical tier,semantic claim; numerical displays independently covered by paper_number_crosswalk.csv,43b9cd94e19cf1bb5e443017aae71cd85086a6fce8896636f162961480536488,PASS
projects/benchmark/paper/current/DLG-Benchmark_A08.pdf,f2001b4c519507f427c6dc33ff31b237778b5401d70ab73bb43e8c0cf4372407,10;11,resource_claims,"Fresh corrected-chain fit-plus-inference seconds and max allocated GiB are per actual run, no interrupted DGraphFin segment treated as total duration. Historical 402 MHz report is separate from current unverified clock; no portable or matched AnomalyDAE 8/24 GiB claim.",projects/benchmark/evidence/a08_data_repair/run_manifests/ethereum_contract_clean_v1__AnomalyDAE__seed45.json,See source for exact run/input membership; claim checked against current A08 revision2 and preserved historical tier,semantic claim; numerical displays independently covered by paper_number_crosswalk.csv,93aee0ec49a1ab6fafd10e5f3b559f36b10322d910c824ba492b81d276a0ecb5,PASS
projects/benchmark/paper/current/DLG-Benchmark_A08.pdf,f2001b4c519507f427c6dc33ff31b237778b5401d70ab73bb43e8c0cf4372407,10;11,resource_claims,"Fresh corrected-chain fit-plus-inference seconds and max allocated GiB are per actual run, no interrupted DGraphFin segment treated as total duration. Historical 402 MHz report is separate from current unverified clock; no portable or matched AnomalyDAE 8/24 GiB claim.",projects/benchmark/evidence/a08_data_repair/run_manifests/ethereum_contract_clean_v1__AnomalyDAE__seed46.json,See source for exact run/input membership; claim checked against current A08 revision2 and preserved historical tier,semantic claim; numerical displays independently covered by paper_number_crosswalk.csv,27e097b9f1e29fd851120b9f81e5860366fe0248d0755feceffedac104d8d51e,PASS
projects/benchmark/paper/current/DLG-Benchmark_A08.pdf,f2001b4c519507f427c6dc33ff31b237778b5401d70ab73bb43e8c0cf4372407,10;11,resource_claims,"Fresh corrected-chain fit-plus-inference seconds and max allocated GiB are per actual run, no interrupted DGraphFin segment treated as total duration. Historical 402 MHz report is separate from current unverified clock; no portable or matched AnomalyDAE 8/24 GiB claim.",projects/benchmark/evidence/a08_data_repair/run_manifests/ethereum_contract_clean_v1__CoLA__seed42.json,See source for exact run/input membership; claim checked against current A08 revision2 and preserved historical tier,semantic claim; numerical displays independently covered by paper_number_crosswalk.csv,b1f3550943fda570e650420a1df3094b5528a23af72a475507c5a4b3c86a1567,PASS
projects/benchmark/paper/current/DLG-Benchmark_A08.pdf,f2001b4c519507f427c6dc33ff31b237778b5401d70ab73bb43e8c0cf4372407,10;11,resource_claims,"Fresh corrected-chain fit-plus-inference seconds and max allocated GiB are per actual run, no interrupted DGraphFin segment treated as total duration. Historical 402 MHz report is separate from current unverified clock; no portable or matched AnomalyDAE 8/24 GiB claim.",projects/benchmark/evidence/a08_data_repair/run_manifests/ethereum_contract_clean_v1__CoLA__seed43.json,See source for exact run/input membership; claim checked against current A08 revision2 and preserved historical tier,semantic claim; numerical displays independently covered by paper_number_crosswalk.csv,2f1b073738c86b0bb8a91969b4c8c21afef866997df0fdb7f9228d3c53abecb2,PASS
projects/benchmark/paper/current/DLG-Benchmark_A08.pdf,f2001b4c519507f427c6dc33ff31b237778b5401d70ab73bb43e8c0cf4372407,10;11,resource_claims,"Fresh corrected-chain fit-plus-inference seconds and max allocated GiB are per actual run, no interrupted DGraphFin segment treated as total duration. Historical 402 MHz report is separate from current unverified clock; no portable or matched AnomalyDAE 8/24 GiB claim.",projects/benchmark/evidence/a08_data_repair/run_manifests/ethereum_contract_clean_v1__CoLA__seed44.json,See source for exact run/input membership; claim checked against current A08 revision2 and preserved historical tier,semantic claim; numerical displays independently covered by paper_number_crosswalk.csv,ded1864a368c72d9438cbc0a4ea55cfc86c738fd41b85650b0c6003d49cb8b7c,PASS
projects/benchmark/paper/current/DLG-Benchmark_A08.pdf,f2001b4c519507f427c6dc33ff31b237778b5401d70ab73bb43e8c0cf4372407,10;11,resource_claims,"Fresh corrected-chain fit-plus-inference seconds and max allocated GiB are per actual run, no interrupted DGraphFin segment treated as total duration. Historical 402 MHz report is separate from current unverified clock; no portable or matched AnomalyDAE 8/24 GiB claim.",projects/benchmark/evidence/a08_data_repair/run_manifests/ethereum_contract_clean_v1__CoLA__seed45.json,See source for exact run/input membership; claim checked against current A08 revision2 and preserved historical tier,semantic claim; numerical displays independently covered by paper_number_crosswalk.csv,ce7597c2f7072da78c13d64c67758e78385a0b3957b4115991052b8ee2ea1b4a,PASS
projects/benchmark/paper/current/DLG-Benchmark_A08.pdf,f2001b4c519507f427c6dc33ff31b237778b5401d70ab73bb43e8c0cf4372407,10;11,resource_claims,"Fresh corrected-chain fit-plus-inference seconds and max allocated GiB are per actual run, no interrupted DGraphFin segment treated as total duration. Historical 402 MHz report is separate from current unverified clock; no portable or matched AnomalyDAE 8/24 GiB claim.",projects/benchmark/evidence/a08_data_repair/run_manifests/ethereum_contract_clean_v1__CoLA__seed46.json,See source for exact run/input membership; claim checked against current A08 revision2 and preserved historical tier,semantic claim; numerical displays independently covered by paper_number_crosswalk.csv,270c0fb6273990fe3835d48594329cd0f1a857c57927b35d413aec8bc5a2c13c,PASS
projects/benchmark/paper/current/DLG-Benchmark_A08.pdf,f2001b4c519507f427c6dc33ff31b237778b5401d70ab73bb43e8c0cf4372407,10;11,resource_claims,"Fresh corrected-chain fit-plus-inference seconds and max allocated GiB are per actual run, no interrupted DGraphFin segment treated as total duration. Historical 402 MHz report is separate from current unverified clock; no portable or matched AnomalyDAE 8/24 GiB claim.",projects/benchmark/evidence/a08_data_repair/run_manifests/ethereum_contract_clean_v1__DLG-Aug__seed42.json,See source for exact run/input membership; claim checked against current A08 revision2 and preserved historical tier,semantic claim; numerical displays independently covered by paper_number_crosswalk.csv,37760a1d8ac20f1e0fe90a695248e1e98efcd5837a0a487364d310330e06a2ca,PASS
projects/benchmark/paper/current/DLG-Benchmark_A08.pdf,f2001b4c519507f427c6dc33ff31b237778b5401d70ab73bb43e8c0cf4372407,10;11,resource_claims,"Fresh corrected-chain fit-plus-inference seconds and max allocated GiB are per actual run, no interrupted DGraphFin segment treated as total duration. Historical 402 MHz report is separate from current unverified clock; no portable or matched AnomalyDAE 8/24 GiB claim.",projects/benchmark/evidence/a08_data_repair/run_manifests/ethereum_contract_clean_v1__DLG-Aug__seed43.json,See source for exact run/input membership; claim checked against current A08 revision2 and preserved historical tier,semantic claim; numerical displays independently covered by paper_number_crosswalk.csv,2731b26d9df2854b96d7d80d10cd2cbfc4b1fb4927f7154b1c2835ed718404fd,PASS
projects/benchmark/paper/current/DLG-Benchmark_A08.pdf,f2001b4c519507f427c6dc33ff31b237778b5401d70ab73bb43e8c0cf4372407,10;11,resource_claims,"Fresh corrected-chain fit-plus-inference seconds and max allocated GiB are per actual run, no interrupted DGraphFin segment treated as total duration. Historical 402 MHz report is separate from current unverified clock; no portable or matched AnomalyDAE 8/24 GiB claim.",projects/benchmark/evidence/a08_data_repair/run_manifests/ethereum_contract_clean_v1__DLG-Aug__seed44.json,See source for exact run/input membership; claim checked against current A08 revision2 and preserved historical tier,semantic claim; numerical displays independently covered by paper_number_crosswalk.csv,30a0aafc35175391f45042e3bcfd641f6607013a6f83f9cdd8d1051c718e939f,PASS
projects/benchmark/paper/current/DLG-Benchmark_A08.pdf,f2001b4c519507f427c6dc33ff31b237778b5401d70ab73bb43e8c0cf4372407,10;11,resource_claims,"Fresh corrected-chain fit-plus-inference seconds and max allocated GiB are per actual run, no interrupted DGraphFin segment treated as total duration. Historical 402 MHz report is separate from current unverified clock; no portable or matched AnomalyDAE 8/24 GiB claim.",projects/benchmark/evidence/a08_data_repair/run_manifests/ethereum_contract_clean_v1__DLG-Aug__seed45.json,See source for exact run/input membership; claim checked against current A08 revision2 and preserved historical tier,semantic claim; numerical displays independently covered by paper_number_crosswalk.csv,98154833b1bda80fef29a015990b9a74e0bb09ae8a64a2bf517ea56bd66e9133,PASS
projects/benchmark/paper/current/DLG-Benchmark_A08.pdf,f2001b4c519507f427c6dc33ff31b237778b5401d70ab73bb43e8c0cf4372407,10;11,resource_claims,"Fresh corrected-chain fit-plus-inference seconds and max allocated GiB are per actual run, no interrupted DGraphFin segment treated as total duration. Historical 402 MHz report is separate from current unverified clock; no portable or matched AnomalyDAE 8/24 GiB claim.",projects/benchmark/evidence/a08_data_repair/run_manifests/ethereum_contract_clean_v1__DLG-Aug__seed46.json,See source for exact run/input membership; claim checked against current A08 revision2 and preserved historical tier,semantic claim; numerical displays independently covered by paper_number_crosswalk.csv,27ac495cfcd16a965d28b10182d90f0889ab3fa4c39b794867312cccadc38a6f,PASS
projects/benchmark/paper/current/DLG-Benchmark_A08.pdf,f2001b4c519507f427c6dc33ff31b237778b5401d70ab73bb43e8c0cf4372407,10;11,resource_claims,"Fresh corrected-chain fit-plus-inference seconds and max allocated GiB are per actual run, no interrupted DGraphFin segment treated as total duration. Historical 402 MHz report is separate from current unverified clock; no portable or matched AnomalyDAE 8/24 GiB claim.",projects/benchmark/evidence/a08_data_repair/run_manifests/ethereum_contract_clean_v1__DLG-Base__seed42.json,See source for exact run/input membership; claim checked against current A08 revision2 and preserved historical tier,semantic claim; numerical displays independently covered by paper_number_crosswalk.csv,8d5eedbb34990474142b8d5649dba8167d1f4da611172723bc6ce1f7d93225c6,PASS
projects/benchmark/paper/current/DLG-Benchmark_A08.pdf,f2001b4c519507f427c6dc33ff31b237778b5401d70ab73bb43e8c0cf4372407,10;11,resource_claims,"Fresh corrected-chain fit-plus-inference seconds and max allocated GiB are per actual run, no interrupted DGraphFin segment treated as total duration. Historical 402 MHz report is separate from current unverified clock; no portable or matched AnomalyDAE 8/24 GiB claim.",projects/benchmark/evidence/a08_data_repair/run_manifests/ethereum_contract_clean_v1__DLG-Base__seed43.json,See source for exact run/input membership; claim checked against current A08 revision2 and preserved historical tier,semantic claim; numerical displays independently covered by paper_number_crosswalk.csv,6276e41f5077e8372754459c5e0f1ee83e3456cb9e2dacf95153c3008ba077dc,PASS
projects/benchmark/paper/current/DLG-Benchmark_A08.pdf,f2001b4c519507f427c6dc33ff31b237778b5401d70ab73bb43e8c0cf4372407,10;11,resource_claims,"Fresh corrected-chain fit-plus-inference seconds and max allocated GiB are per actual run, no interrupted DGraphFin segment treated as total duration. Historical 402 MHz report is separate from current unverified clock; no portable or matched AnomalyDAE 8/24 GiB claim.",projects/benchmark/evidence/a08_data_repair/run_manifests/ethereum_contract_clean_v1__DLG-Base__seed44.json,See source for exact run/input membership; claim checked against current A08 revision2 and preserved historical tier,semantic claim; numerical displays independently covered by paper_number_crosswalk.csv,2db8b558ef94adab12707bae7625d8100f554c31bf5f8388c14e0990427b5c41,PASS
projects/benchmark/paper/current/DLG-Benchmark_A08.pdf,f2001b4c519507f427c6dc33ff31b237778b5401d70ab73bb43e8c0cf4372407,10;11,resource_claims,"Fresh corrected-chain fit-plus-inference seconds and max allocated GiB are per actual run, no interrupted DGraphFin segment treated as total duration. Historical 402 MHz report is separate from current unverified clock; no portable or matched AnomalyDAE 8/24 GiB claim.",projects/benchmark/evidence/a08_data_repair/run_manifests/ethereum_contract_clean_v1__DLG-Base__seed45.json,See source for exact run/input membership; claim checked against current A08 revision2 and preserved historical tier,semantic claim; numerical displays independently covered by paper_number_crosswalk.csv,a9e5ae4782698b737ddcc1de71c866be236b846854897b998ad6dce5a97879a7,PASS
projects/benchmark/paper/current/DLG-Benchmark_A08.pdf,f2001b4c519507f427c6dc33ff31b237778b5401d70ab73bb43e8c0cf4372407,10;11,resource_claims,"Fresh corrected-chain fit-plus-inference seconds and max allocated GiB are per actual run, no interrupted DGraphFin segment treated as total duration. Historical 402 MHz report is separate from current unverified clock; no portable or matched AnomalyDAE 8/24 GiB claim.",projects/benchmark/evidence/a08_data_repair/run_manifests/ethereum_contract_clean_v1__DLG-Base__seed46.json,See source for exact run/input membership; claim checked against current A08 revision2 and preserved historical tier,semantic claim; numerical displays independently covered by paper_number_crosswalk.csv,b51f577e6abf221c7d3fc0bc5ed387c1885325c973bd49bb2c7c1a5d69edc7b3,PASS
projects/benchmark/paper/current/DLG-Benchmark_A08.pdf,f2001b4c519507f427c6dc33ff31b237778b5401d70ab73bb43e8c0cf4372407,10;11,resource_claims,"Fresh corrected-chain fit-plus-inference seconds and max allocated GiB are per actual run, no interrupted DGraphFin segment treated as total duration. Historical 402 MHz report is separate from current unverified clock; no portable or matched AnomalyDAE 8/24 GiB claim.",projects/benchmark/evidence/a08_data_repair/run_manifests/ethereum_contract_clean_v1__DOMINANT__seed42.json,See source for exact run/input membership; claim checked against current A08 revision2 and preserved historical tier,semantic claim; numerical displays independently covered by paper_number_crosswalk.csv,508ed376ca722932063ea3e33bbe4d3c30d57491f70937e1ca7b506e10290dbf,PASS
projects/benchmark/paper/current/DLG-Benchmark_A08.pdf,f2001b4c519507f427c6dc33ff31b237778b5401d70ab73bb43e8c0cf4372407,10;11,resource_claims,"Fresh corrected-chain fit-plus-inference seconds and max allocated GiB are per actual run, no interrupted DGraphFin segment treated as total duration. Historical 402 MHz report is separate from current unverified clock; no portable or matched AnomalyDAE 8/24 GiB claim.",projects/benchmark/evidence/a08_data_repair/run_manifests/ethereum_contract_clean_v1__DOMINANT__seed43.json,See source for exact run/input membership; claim checked against current A08 revision2 and preserved historical tier,semantic claim; numerical displays independently covered by paper_number_crosswalk.csv,b482c40fb3522538862c52c28f9d5cc791ff01dd135c8fa9524d5d3a7b723872,PASS
projects/benchmark/paper/current/DLG-Benchmark_A08.pdf,f2001b4c519507f427c6dc33ff31b237778b5401d70ab73bb43e8c0cf4372407,10;11,resource_claims,"Fresh corrected-chain fit-plus-inference seconds and max allocated GiB are per actual run, no interrupted DGraphFin segment treated as total duration. Historical 402 MHz report is separate from current unverified clock; no portable or matched AnomalyDAE 8/24 GiB claim.",projects/benchmark/evidence/a08_data_repair/run_manifests/ethereum_contract_clean_v1__DOMINANT__seed44.json,See source for exact run/input membership; claim checked against current A08 revision2 and preserved historical tier,semantic claim; numerical displays independently covered by paper_number_crosswalk.csv,f359009d3581e592aeb096f7bc6b947b1ddafdd6d06fd1f7d9b4a25f158c549a,PASS
projects/benchmark/paper/current/DLG-Benchmark_A08.pdf,f2001b4c519507f427c6dc33ff31b237778b5401d70ab73bb43e8c0cf4372407,10;11,resource_claims,"Fresh corrected-chain fit-plus-inference seconds and max allocated GiB are per actual run, no interrupted DGraphFin segment treated as total duration. Historical 402 MHz report is separate from current unverified clock; no portable or matched AnomalyDAE 8/24 GiB claim.",projects/benchmark/evidence/a08_data_repair/run_manifests/ethereum_contract_clean_v1__DOMINANT__seed45.json,See source for exact run/input membership; claim checked against current A08 revision2 and preserved historical tier,semantic claim; numerical displays independently covered by paper_number_crosswalk.csv,caa63d1c863e6d63bca73dc846651040965d807241d9777f51679f8923cb1ff2,PASS
projects/benchmark/paper/current/DLG-Benchmark_A08.pdf,f2001b4c519507f427c6dc33ff31b237778b5401d70ab73bb43e8c0cf4372407,10;11,resource_claims,"Fresh corrected-chain fit-plus-inference seconds and max allocated GiB are per actual run, no interrupted DGraphFin segment treated as total duration. Historical 402 MHz report is separate from current unverified clock; no portable or matched AnomalyDAE 8/24 GiB claim.",projects/benchmark/evidence/a08_data_repair/run_manifests/ethereum_contract_clean_v1__DOMINANT__seed46.json,See source for exact run/input membership; claim checked against current A08 revision2 and preserved historical tier,semantic claim; numerical displays independently covered by paper_number_crosswalk.csv,ec9043e13e622552aedfd2f5016e31db0035227ca5071b569d0e9bc11a4a3fc4,PASS
projects/benchmark/paper/current/DLG-Benchmark_A08.pdf,f2001b4c519507f427c6dc33ff31b237778b5401d70ab73bb43e8c0cf4372407,10;11,resource_claims,"Fresh corrected-chain fit-plus-inference seconds and max allocated GiB are per actual run, no interrupted DGraphFin segment treated as total duration. Historical 402 MHz report is separate from current unverified clock; no portable or matched AnomalyDAE 8/24 GiB claim.",projects/benchmark/evidence/a08_data_repair/run_manifests/ethereum_contract_clean_v1__GADNR__seed42.json,See source for exact run/input membership; claim checked against current A08 revision2 and preserved historical tier,semantic claim; numerical displays independently covered by paper_number_crosswalk.csv,8466be9bd81b61410ba2371e9661f56e46b5a8bc60fff74db949f0ef82510072,PASS
projects/benchmark/paper/current/DLG-Benchmark_A08.pdf,f2001b4c519507f427c6dc33ff31b237778b5401d70ab73bb43e8c0cf4372407,10;11,resource_claims,"Fresh corrected-chain fit-plus-inference seconds and max allocated GiB are per actual run, no interrupted DGraphFin segment treated as total duration. Historical 402 MHz report is separate from current unverified clock; no portable or matched AnomalyDAE 8/24 GiB claim.",projects/benchmark/evidence/a08_data_repair/run_manifests/ethereum_contract_clean_v1__GADNR__seed43.json,See source for exact run/input membership; claim checked against current A08 revision2 and preserved historical tier,semantic claim; numerical displays independently covered by paper_number_crosswalk.csv,33eff6072468be94a619291e1140787422b3860025b0ddbf4b28b0a9572a6a93,PASS
projects/benchmark/paper/current/DLG-Benchmark_A08.pdf,f2001b4c519507f427c6dc33ff31b237778b5401d70ab73bb43e8c0cf4372407,10;11,resource_claims,"Fresh corrected-chain fit-plus-inference seconds and max allocated GiB are per actual run, no interrupted DGraphFin segment treated as total duration. Historical 402 MHz report is separate from current unverified clock; no portable or matched AnomalyDAE 8/24 GiB claim.",projects/benchmark/evidence/a08_data_repair/run_manifests/ethereum_contract_clean_v1__GADNR__seed44.json,See source for exact run/input membership; claim checked against current A08 revision2 and preserved historical tier,semantic claim; numerical displays independently covered by paper_number_crosswalk.csv,1aa61605a0f67ecf1a710dcd23dde9c77760ea9238311122357579697ddb4338,PASS
projects/benchmark/paper/current/DLG-Benchmark_A08.pdf,f2001b4c519507f427c6dc33ff31b237778b5401d70ab73bb43e8c0cf4372407,10;11,resource_claims,"Fresh corrected-chain fit-plus-inference seconds and max allocated GiB are per actual run, no interrupted DGraphFin segment treated as total duration. Historical 402 MHz report is separate from current unverified clock; no portable or matched AnomalyDAE 8/24 GiB claim.",projects/benchmark/evidence/a08_data_repair/run_manifests/ethereum_contract_clean_v1__GADNR__seed45.json,See source for exact run/input membership; claim checked against current A08 revision2 and preserved historical tier,semantic claim; numerical displays independently covered by paper_number_crosswalk.csv,b9f4652eb9cda9bd1bbd9719ee49e627cdadf4879cf006735a00320a1805ecd8,PASS
projects/benchmark/paper/current/DLG-Benchmark_A08.pdf,f2001b4c519507f427c6dc33ff31b237778b5401d70ab73bb43e8c0cf4372407,10;11,resource_claims,"Fresh corrected-chain fit-plus-inference seconds and max allocated GiB are per actual run, no interrupted DGraphFin segment treated as total duration. Historical 402 MHz report is separate from current unverified clock; no portable or matched AnomalyDAE 8/24 GiB claim.",projects/benchmark/evidence/a08_data_repair/run_manifests/ethereum_contract_clean_v1__GADNR__seed46.json,See source for exact run/input membership; claim checked against current A08 revision2 and preserved historical tier,semantic claim; numerical displays independently covered by paper_number_crosswalk.csv,4d3c56e6bcd8e0c179f90aa8bf604bcdcc6f4a0ae784b5ea2bd8dbf6daa0c5a5,PASS
projects/benchmark/paper/current/DLG-Benchmark_A08.pdf,f2001b4c519507f427c6dc33ff31b237778b5401d70ab73bb43e8c0cf4372407,10;11,resource_claims,"Fresh corrected-chain fit-plus-inference seconds and max allocated GiB are per actual run, no interrupted DGraphFin segment treated as total duration. Historical 402 MHz report is separate from current unverified clock; no portable or matched AnomalyDAE 8/24 GiB claim.",projects/benchmark/evidence/a08_data_repair/run_manifests/ethereum_contract_clean_v1__OCGNN__seed42.json,See source for exact run/input membership; claim checked against current A08 revision2 and preserved historical tier,semantic claim; numerical displays independently covered by paper_number_crosswalk.csv,f7a98f3fdfacbc5fc2235b2cc13d2ec3e72d88bbcf71b03493fe48cb45a137c1,PASS
projects/benchmark/paper/current/DLG-Benchmark_A08.pdf,f2001b4c519507f427c6dc33ff31b237778b5401d70ab73bb43e8c0cf4372407,10;11,resource_claims,"Fresh corrected-chain fit-plus-inference seconds and max allocated GiB are per actual run, no interrupted DGraphFin segment treated as total duration. Historical 402 MHz report is separate from current unverified clock; no portable or matched AnomalyDAE 8/24 GiB claim.",projects/benchmark/evidence/a08_data_repair/run_manifests/ethereum_contract_clean_v1__OCGNN__seed43.json,See source for exact run/input membership; claim checked against current A08 revision2 and preserved historical tier,semantic claim; numerical displays independently covered by paper_number_crosswalk.csv,3c513811bb612cf4131174f019458889cac5281e0d24c48a85201e9074c2ba3d,PASS
projects/benchmark/paper/current/DLG-Benchmark_A08.pdf,f2001b4c519507f427c6dc33ff31b237778b5401d70ab73bb43e8c0cf4372407,10;11,resource_claims,"Fresh corrected-chain fit-plus-inference seconds and max allocated GiB are per actual run, no interrupted DGraphFin segment treated as total duration. Historical 402 MHz report is separate from current unverified clock; no portable or matched AnomalyDAE 8/24 GiB claim.",projects/benchmark/evidence/a08_data_repair/run_manifests/ethereum_contract_clean_v1__OCGNN__seed44.json,See source for exact run/input membership; claim checked against current A08 revision2 and preserved historical tier,semantic claim; numerical displays independently covered by paper_number_crosswalk.csv,63c89e0b12e56d8923370f34120c31371aa3f93e06448a094d2fb0acca43e7e3,PASS
projects/benchmark/paper/current/DLG-Benchmark_A08.pdf,f2001b4c519507f427c6dc33ff31b237778b5401d70ab73bb43e8c0cf4372407,10;11,resource_claims,"Fresh corrected-chain fit-plus-inference seconds and max allocated GiB are per actual run, no interrupted DGraphFin segment treated as total duration. Historical 402 MHz report is separate from current unverified clock; no portable or matched AnomalyDAE 8/24 GiB claim.",projects/benchmark/evidence/a08_data_repair/run_manifests/ethereum_contract_clean_v1__OCGNN__seed45.json,See source for exact run/input membership; claim checked against current A08 revision2 and preserved historical tier,semantic claim; numerical displays independently covered by paper_number_crosswalk.csv,9919d808dccbf3ecb123b6399587b3ef0573148e3ce8850d8e425ccc678f33b2,PASS
projects/benchmark/paper/current/DLG-Benchmark_A08.pdf,f2001b4c519507f427c6dc33ff31b237778b5401d70ab73bb43e8c0cf4372407,10;11,resource_claims,"Fresh corrected-chain fit-plus-inference seconds and max allocated GiB are per actual run, no interrupted DGraphFin segment treated as total duration. Historical 402 MHz report is separate from current unverified clock; no portable or matched AnomalyDAE 8/24 GiB claim.",projects/benchmark/evidence/a08_data_repair/run_manifests/ethereum_contract_clean_v1__OCGNN__seed46.json,See source for exact run/input membership; claim checked against current A08 revision2 and preserved historical tier,semantic claim; numerical displays independently covered by paper_number_crosswalk.csv,e98918d9e7012b9f6cb22a9473239b84c8c4415ac50ae5dab6df5d8d14dc1cf3,PASS
projects/benchmark/paper/current/DLG-Benchmark_A08.pdf,f2001b4c519507f427c6dc33ff31b237778b5401d70ab73bb43e8c0cf4372407,10;11,resource_claims,"Fresh corrected-chain fit-plus-inference seconds and max allocated GiB are per actual run, no interrupted DGraphFin segment treated as total duration. Historical 402 MHz report is separate from current unverified clock; no portable or matched AnomalyDAE 8/24 GiB claim.",projects/benchmark/evidence/a08_data_repair/run_manifests/polygon_contract_clean_v1__AnomalyDAE__seed42.json,See source for exact run/input membership; claim checked against current A08 revision2 and preserved historical tier,semantic claim; numerical displays independently covered by paper_number_crosswalk.csv,a795ff526cdd5b8295724023ea28d7e9d90809d62126915658fe0eb56d56e0d6,PASS
projects/benchmark/paper/current/DLG-Benchmark_A08.pdf,f2001b4c519507f427c6dc33ff31b237778b5401d70ab73bb43e8c0cf4372407,10;11,resource_claims,"Fresh corrected-chain fit-plus-inference seconds and max allocated GiB are per actual run, no interrupted DGraphFin segment treated as total duration. Historical 402 MHz report is separate from current unverified clock; no portable or matched AnomalyDAE 8/24 GiB claim.",projects/benchmark/evidence/a08_data_repair/run_manifests/polygon_contract_clean_v1__AnomalyDAE__seed43.json,See source for exact run/input membership; claim checked against current A08 revision2 and preserved historical tier,semantic claim; numerical displays independently covered by paper_number_crosswalk.csv,32bf38a983660878ae39d0273c381354a5853f261ce583a47be82059e4a3ccbb,PASS
projects/benchmark/paper/current/DLG-Benchmark_A08.pdf,f2001b4c519507f427c6dc33ff31b237778b5401d70ab73bb43e8c0cf4372407,10;11,resource_claims,"Fresh corrected-chain fit-plus-inference seconds and max allocated GiB are per actual run, no interrupted DGraphFin segment treated as total duration. Historical 402 MHz report is separate from current unverified clock; no portable or matched AnomalyDAE 8/24 GiB claim.",projects/benchmark/evidence/a08_data_repair/run_manifests/polygon_contract_clean_v1__AnomalyDAE__seed44.json,See source for exact run/input membership; claim checked against current A08 revision2 and preserved historical tier,semantic claim; numerical displays independently covered by paper_number_crosswalk.csv,da15c52a2140c6ffe5a76110d6dd7b4ea2df796e1c0b8982b9052591c703023e,PASS
projects/benchmark/paper/current/DLG-Benchmark_A08.pdf,f2001b4c519507f427c6dc33ff31b237778b5401d70ab73bb43e8c0cf4372407,10;11,resource_claims,"Fresh corrected-chain fit-plus-inference seconds and max allocated GiB are per actual run, no interrupted DGraphFin segment treated as total duration. Historical 402 MHz report is separate from current unverified clock; no portable or matched AnomalyDAE 8/24 GiB claim.",projects/benchmark/evidence/a08_data_repair/run_manifests/polygon_contract_clean_v1__AnomalyDAE__seed45.json,See source for exact run/input membership; claim checked against current A08 revision2 and preserved historical tier,semantic claim; numerical displays independently covered by paper_number_crosswalk.csv,962c14d87634f1ad1f564d037b2b668bfeaed1f33103c3312c7ca8e6ec36776f,PASS
projects/benchmark/paper/current/DLG-Benchmark_A08.pdf,f2001b4c519507f427c6dc33ff31b237778b5401d70ab73bb43e8c0cf4372407,10;11,resource_claims,"Fresh corrected-chain fit-plus-inference seconds and max allocated GiB are per actual run, no interrupted DGraphFin segment treated as total duration. Historical 402 MHz report is separate from current unverified clock; no portable or matched AnomalyDAE 8/24 GiB claim.",projects/benchmark/evidence/a08_data_repair/run_manifests/polygon_contract_clean_v1__AnomalyDAE__seed46.json,See source for exact run/input membership; claim checked against current A08 revision2 and preserved historical tier,semantic claim; numerical displays independently covered by paper_number_crosswalk.csv,ff866fa18c811e6139b4245259af2f1456a212ab79e422e740323d45457a091a,PASS
projects/benchmark/paper/current/DLG-Benchmark_A08.pdf,f2001b4c519507f427c6dc33ff31b237778b5401d70ab73bb43e8c0cf4372407,10;11,resource_claims,"Fresh corrected-chain fit-plus-inference seconds and max allocated GiB are per actual run, no interrupted DGraphFin segment treated as total duration. Historical 402 MHz report is separate from current unverified clock; no portable or matched AnomalyDAE 8/24 GiB claim.",projects/benchmark/evidence/a08_data_repair/run_manifests/polygon_contract_clean_v1__CoLA__seed42.json,See source for exact run/input membership; claim checked against current A08 revision2 and preserved historical tier,semantic claim; numerical displays independently covered by paper_number_crosswalk.csv,bb68cfc1d1f4cb04a8d5075c53956c060b54b82cdc068e6cc1ff419274893400,PASS
projects/benchmark/paper/current/DLG-Benchmark_A08.pdf,f2001b4c519507f427c6dc33ff31b237778b5401d70ab73bb43e8c0cf4372407,10;11,resource_claims,"Fresh corrected-chain fit-plus-inference seconds and max allocated GiB are per actual run, no interrupted DGraphFin segment treated as total duration. Historical 402 MHz report is separate from current unverified clock; no portable or matched AnomalyDAE 8/24 GiB claim.",projects/benchmark/evidence/a08_data_repair/run_manifests/polygon_contract_clean_v1__CoLA__seed43.json,See source for exact run/input membership; claim checked against current A08 revision2 and preserved historical tier,semantic claim; numerical displays independently covered by paper_number_crosswalk.csv,1425b6ca47c04e66a7ec3d70e6fb392b5cef1a8febc8ea3366d4b3b2ae93960a,PASS
projects/benchmark/paper/current/DLG-Benchmark_A08.pdf,f2001b4c519507f427c6dc33ff31b237778b5401d70ab73bb43e8c0cf4372407,10;11,resource_claims,"Fresh corrected-chain fit-plus-inference seconds and max allocated GiB are per actual run, no interrupted DGraphFin segment treated as total duration. Historical 402 MHz report is separate from current unverified clock; no portable or matched AnomalyDAE 8/24 GiB claim.",projects/benchmark/evidence/a08_data_repair/run_manifests/polygon_contract_clean_v1__CoLA__seed44.json,See source for exact run/input membership; claim checked against current A08 revision2 and preserved historical tier,semantic claim; numerical displays independently covered by paper_number_crosswalk.csv,2ed29590e033c3826ddf25710290944f01ca241158b73560ba2cd3b7b5192148,PASS
projects/benchmark/paper/current/DLG-Benchmark_A08.pdf,f2001b4c519507f427c6dc33ff31b237778b5401d70ab73bb43e8c0cf4372407,10;11,resource_claims,"Fresh corrected-chain fit-plus-inference seconds and max allocated GiB are per actual run, no interrupted DGraphFin segment treated as total duration. Historical 402 MHz report is separate from current unverified clock; no portable or matched AnomalyDAE 8/24 GiB claim.",projects/benchmark/evidence/a08_data_repair/run_manifests/polygon_contract_clean_v1__CoLA__seed45.json,See source for exact run/input membership; claim checked against current A08 revision2 and preserved historical tier,semantic claim; numerical displays independently covered by paper_number_crosswalk.csv,1bb7fefa145b34403f01c737cd02d8e4c660b01bcb874a1d66fcb6e75a7c45ae,PASS
projects/benchmark/paper/current/DLG-Benchmark_A08.pdf,f2001b4c519507f427c6dc33ff31b237778b5401d70ab73bb43e8c0cf4372407,10;11,resource_claims,"Fresh corrected-chain fit-plus-inference seconds and max allocated GiB are per actual run, no interrupted DGraphFin segment treated as total duration. Historical 402 MHz report is separate from current unverified clock; no portable or matched AnomalyDAE 8/24 GiB claim.",projects/benchmark/evidence/a08_data_repair/run_manifests/polygon_contract_clean_v1__CoLA__seed46.json,See source for exact run/input membership; claim checked against current A08 revision2 and preserved historical tier,semantic claim; numerical displays independently covered by paper_number_crosswalk.csv,8cb51fc3606641b56ebbbbf11ab36bf773a3a073f977a3cbfe48ecaf194af0c9,PASS
projects/benchmark/paper/current/DLG-Benchmark_A08.pdf,f2001b4c519507f427c6dc33ff31b237778b5401d70ab73bb43e8c0cf4372407,10;11,resource_claims,"Fresh corrected-chain fit-plus-inference seconds and max allocated GiB are per actual run, no interrupted DGraphFin segment treated as total duration. Historical 402 MHz report is separate from current unverified clock; no portable or matched AnomalyDAE 8/24 GiB claim.",projects/benchmark/evidence/a08_data_repair/run_manifests/polygon_contract_clean_v1__DLG-Aug__seed42.json,See source for exact run/input membership; claim checked against current A08 revision2 and preserved historical tier,semantic claim; numerical displays independently covered by paper_number_crosswalk.csv,5814f310a52580c484422e4a2a84ec9e00524927ff92ed6edbb10418946c389b,PASS
projects/benchmark/paper/current/DLG-Benchmark_A08.pdf,f2001b4c519507f427c6dc33ff31b237778b5401d70ab73bb43e8c0cf4372407,10;11,resource_claims,"Fresh corrected-chain fit-plus-inference seconds and max allocated GiB are per actual run, no interrupted DGraphFin segment treated as total duration. Historical 402 MHz report is separate from current unverified clock; no portable or matched AnomalyDAE 8/24 GiB claim.",projects/benchmark/evidence/a08_data_repair/run_manifests/polygon_contract_clean_v1__DLG-Aug__seed43.json,See source for exact run/input membership; claim checked against current A08 revision2 and preserved historical tier,semantic claim; numerical displays independently covered by paper_number_crosswalk.csv,0d98b78c89743015680c3b34c2ad02fd29c47c94f82e21bcd61f6fe44c9c080c,PASS
projects/benchmark/paper/current/DLG-Benchmark_A08.pdf,f2001b4c519507f427c6dc33ff31b237778b5401d70ab73bb43e8c0cf4372407,10;11,resource_claims,"Fresh corrected-chain fit-plus-inference seconds and max allocated GiB are per actual run, no interrupted DGraphFin segment treated as total duration. Historical 402 MHz report is separate from current unverified clock; no portable or matched AnomalyDAE 8/24 GiB claim.",projects/benchmark/evidence/a08_data_repair/run_manifests/polygon_contract_clean_v1__DLG-Aug__seed44.json,See source for exact run/input membership; claim checked against current A08 revision2 and preserved historical tier,semantic claim; numerical displays independently covered by paper_number_crosswalk.csv,315e890296f74d9cba4533d15cd12cc75bcc8bc7ca33c176eb81c33bafcc3797,PASS
projects/benchmark/paper/current/DLG-Benchmark_A08.pdf,f2001b4c519507f427c6dc33ff31b237778b5401d70ab73bb43e8c0cf4372407,10;11,resource_claims,"Fresh corrected-chain fit-plus-inference seconds and max allocated GiB are per actual run, no interrupted DGraphFin segment treated as total duration. Historical 402 MHz report is separate from current unverified clock; no portable or matched AnomalyDAE 8/24 GiB claim.",projects/benchmark/evidence/a08_data_repair/run_manifests/polygon_contract_clean_v1__DLG-Aug__seed45.json,See source for exact run/input membership; claim checked against current A08 revision2 and preserved historical tier,semantic claim; numerical displays independently covered by paper_number_crosswalk.csv,cbfd7b74664f2336335f8f5e4fc14828c90fb93919d3d76675bc06b597f97995,PASS
projects/benchmark/paper/current/DLG-Benchmark_A08.pdf,f2001b4c519507f427c6dc33ff31b237778b5401d70ab73bb43e8c0cf4372407,10;11,resource_claims,"Fresh corrected-chain fit-plus-inference seconds and max allocated GiB are per actual run, no interrupted DGraphFin segment treated as total duration. Historical 402 MHz report is separate from current unverified clock; no portable or matched AnomalyDAE 8/24 GiB claim.",projects/benchmark/evidence/a08_data_repair/run_manifests/polygon_contract_clean_v1__DLG-Aug__seed46.json,See source for exact run/input membership; claim checked against current A08 revision2 and preserved historical tier,semantic claim; numerical displays independently covered by paper_number_crosswalk.csv,8020a39675d515a0ba8af92ea836114aeae647c11a67318214702fa37d2839e3,PASS
projects/benchmark/paper/current/DLG-Benchmark_A08.pdf,f2001b4c519507f427c6dc33ff31b237778b5401d70ab73bb43e8c0cf4372407,10;11,resource_claims,"Fresh corrected-chain fit-plus-inference seconds and max allocated GiB are per actual run, no interrupted DGraphFin segment treated as total duration. Historical 402 MHz report is separate from current unverified clock; no portable or matched AnomalyDAE 8/24 GiB claim.",projects/benchmark/evidence/a08_data_repair/run_manifests/polygon_contract_clean_v1__DLG-Base__seed42.json,See source for exact run/input membership; claim checked against current A08 revision2 and preserved historical tier,semantic claim; numerical displays independently covered by paper_number_crosswalk.csv,a904772a0402e7ee80249e6901613d8d7e45c0c95586d1e3421114d1e9f5c888,PASS
projects/benchmark/paper/current/DLG-Benchmark_A08.pdf,f2001b4c519507f427c6dc33ff31b237778b5401d70ab73bb43e8c0cf4372407,10;11,resource_claims,"Fresh corrected-chain fit-plus-inference seconds and max allocated GiB are per actual run, no interrupted DGraphFin segment treated as total duration. Historical 402 MHz report is separate from current unverified clock; no portable or matched AnomalyDAE 8/24 GiB claim.",projects/benchmark/evidence/a08_data_repair/run_manifests/polygon_contract_clean_v1__DLG-Base__seed43.json,See source for exact run/input membership; claim checked against current A08 revision2 and preserved historical tier,semantic claim; numerical displays independently covered by paper_number_crosswalk.csv,47522dc94a18d4b1ef555374330ea8ec7a45f3ea57c7b3ea47d0b278e73b27fd,PASS
projects/benchmark/paper/current/DLG-Benchmark_A08.pdf,f2001b4c519507f427c6dc33ff31b237778b5401d70ab73bb43e8c0cf4372407,10;11,resource_claims,"Fresh corrected-chain fit-plus-inference seconds and max allocated GiB are per actual run, no interrupted DGraphFin segment treated as total duration. Historical 402 MHz report is separate from current unverified clock; no portable or matched AnomalyDAE 8/24 GiB claim.",projects/benchmark/evidence/a08_data_repair/run_manifests/polygon_contract_clean_v1__DLG-Base__seed44.json,See source for exact run/input membership; claim checked against current A08 revision2 and preserved historical tier,semantic claim; numerical displays independently covered by paper_number_crosswalk.csv,ea526ed3ea4879cb511e86d1d1b24fbef604f18394608b5ef97c13b56f74f24c,PASS
projects/benchmark/paper/current/DLG-Benchmark_A08.pdf,f2001b4c519507f427c6dc33ff31b237778b5401d70ab73bb43e8c0cf4372407,10;11,resource_claims,"Fresh corrected-chain fit-plus-inference seconds and max allocated GiB are per actual run, no interrupted DGraphFin segment treated as total duration. Historical 402 MHz report is separate from current unverified clock; no portable or matched AnomalyDAE 8/24 GiB claim.",projects/benchmark/evidence/a08_data_repair/run_manifests/polygon_contract_clean_v1__DLG-Base__seed45.json,See source for exact run/input membership; claim checked against current A08 revision2 and preserved historical tier,semantic claim; numerical displays independently covered by paper_number_crosswalk.csv,e5148328bbd794e0603de9c2c965b782a62cf1f018fbd5cb6260235599a32e6f,PASS
projects/benchmark/paper/current/DLG-Benchmark_A08.pdf,f2001b4c519507f427c6dc33ff31b237778b5401d70ab73bb43e8c0cf4372407,10;11,resource_claims,"Fresh corrected-chain fit-plus-inference seconds and max allocated GiB are per actual run, no interrupted DGraphFin segment treated as total duration. Historical 402 MHz report is separate from current unverified clock; no portable or matched AnomalyDAE 8/24 GiB claim.",projects/benchmark/evidence/a08_data_repair/run_manifests/polygon_contract_clean_v1__DLG-Base__seed46.json,See source for exact run/input membership; claim checked against current A08 revision2 and preserved historical tier,semantic claim; numerical displays independently covered by paper_number_crosswalk.csv,51851943c4ad845931d1bd9b9a50fceb4b383e4a2a72f2e3c87e93c25c68350d,PASS
projects/benchmark/paper/current/DLG-Benchmark_A08.pdf,f2001b4c519507f427c6dc33ff31b237778b5401d70ab73bb43e8c0cf4372407,10;11,resource_claims,"Fresh corrected-chain fit-plus-inference seconds and max allocated GiB are per actual run, no interrupted DGraphFin segment treated as total duration. Historical 402 MHz report is separate from current unverified clock; no portable or matched AnomalyDAE 8/24 GiB claim.",projects/benchmark/evidence/a08_data_repair/run_manifests/polygon_contract_clean_v1__DOMINANT__seed42.json,See source for exact run/input membership; claim checked against current A08 revision2 and preserved historical tier,semantic claim; numerical displays independently covered by paper_number_crosswalk.csv,447b9fd0829209394df351ec7f773439e4cec3cb1d9278e864d5d549b86d694a,PASS
projects/benchmark/paper/current/DLG-Benchmark_A08.pdf,f2001b4c519507f427c6dc33ff31b237778b5401d70ab73bb43e8c0cf4372407,10;11,resource_claims,"Fresh corrected-chain fit-plus-inference seconds and max allocated GiB are per actual run, no interrupted DGraphFin segment treated as total duration. Historical 402 MHz report is separate from current unverified clock; no portable or matched AnomalyDAE 8/24 GiB claim.",projects/benchmark/evidence/a08_data_repair/run_manifests/polygon_contract_clean_v1__DOMINANT__seed43.json,See source for exact run/input membership; claim checked against current A08 revision2 and preserved historical tier,semantic claim; numerical displays independently covered by paper_number_crosswalk.csv,7b8b1f5560cfd76a69025164b4ae7ecd928a4d70d1e000fcda628ec1ad679641,PASS
projects/benchmark/paper/current/DLG-Benchmark_A08.pdf,f2001b4c519507f427c6dc33ff31b237778b5401d70ab73bb43e8c0cf4372407,10;11,resource_claims,"Fresh corrected-chain fit-plus-inference seconds and max allocated GiB are per actual run, no interrupted DGraphFin segment treated as total duration. Historical 402 MHz report is separate from current unverified clock; no portable or matched AnomalyDAE 8/24 GiB claim.",projects/benchmark/evidence/a08_data_repair/run_manifests/polygon_contract_clean_v1__DOMINANT__seed44.json,See source for exact run/input membership; claim checked against current A08 revision2 and preserved historical tier,semantic claim; numerical displays independently covered by paper_number_crosswalk.csv,dedb19ac6180c85116bc70948c45ba8a68db5d632819e30c3a6ad59a15680359,PASS
projects/benchmark/paper/current/DLG-Benchmark_A08.pdf,f2001b4c519507f427c6dc33ff31b237778b5401d70ab73bb43e8c0cf4372407,10;11,resource_claims,"Fresh corrected-chain fit-plus-inference seconds and max allocated GiB are per actual run, no interrupted DGraphFin segment treated as total duration. Historical 402 MHz report is separate from current unverified clock; no portable or matched AnomalyDAE 8/24 GiB claim.",projects/benchmark/evidence/a08_data_repair/run_manifests/polygon_contract_clean_v1__DOMINANT__seed45.json,See source for exact run/input membership; claim checked against current A08 revision2 and preserved historical tier,semantic claim; numerical displays independently covered by paper_number_crosswalk.csv,440c078894f126453fb25932d134166d38c62331faa0e5f6543c0369d2c7506f,PASS
projects/benchmark/paper/current/DLG-Benchmark_A08.pdf,f2001b4c519507f427c6dc33ff31b237778b5401d70ab73bb43e8c0cf4372407,10;11,resource_claims,"Fresh corrected-chain fit-plus-inference seconds and max allocated GiB are per actual run, no interrupted DGraphFin segment treated as total duration. Historical 402 MHz report is separate from current unverified clock; no portable or matched AnomalyDAE 8/24 GiB claim.",projects/benchmark/evidence/a08_data_repair/run_manifests/polygon_contract_clean_v1__DOMINANT__seed46.json,See source for exact run/input membership; claim checked against current A08 revision2 and preserved historical tier,semantic claim; numerical displays independently covered by paper_number_crosswalk.csv,d3e988069451bc8124dc4eafa144c7d312161df1fd6343a4ba71e7f6dbf915ff,PASS
projects/benchmark/paper/current/DLG-Benchmark_A08.pdf,f2001b4c519507f427c6dc33ff31b237778b5401d70ab73bb43e8c0cf4372407,10;11,resource_claims,"Fresh corrected-chain fit-plus-inference seconds and max allocated GiB are per actual run, no interrupted DGraphFin segment treated as total duration. Historical 402 MHz report is separate from current unverified clock; no portable or matched AnomalyDAE 8/24 GiB claim.",projects/benchmark/evidence/a08_data_repair/run_manifests/polygon_contract_clean_v1__GADNR__seed42.json,See source for exact run/input membership; claim checked against current A08 revision2 and preserved historical tier,semantic claim; numerical displays independently covered by paper_number_crosswalk.csv,b00de5a199740c3ec9b98f5799ea1f3006b6a5a064629c40c86b5f739dac43b5,PASS
projects/benchmark/paper/current/DLG-Benchmark_A08.pdf,f2001b4c519507f427c6dc33ff31b237778b5401d70ab73bb43e8c0cf4372407,10;11,resource_claims,"Fresh corrected-chain fit-plus-inference seconds and max allocated GiB are per actual run, no interrupted DGraphFin segment treated as total duration. Historical 402 MHz report is separate from current unverified clock; no portable or matched AnomalyDAE 8/24 GiB claim.",projects/benchmark/evidence/a08_data_repair/run_manifests/polygon_contract_clean_v1__GADNR__seed43.json,See source for exact run/input membership; claim checked against current A08 revision2 and preserved historical tier,semantic claim; numerical displays independently covered by paper_number_crosswalk.csv,b65d1a1958e7a344c0c51113326f3bc1ca5620e5979b0c0c984fe466964b36b7,PASS
projects/benchmark/paper/current/DLG-Benchmark_A08.pdf,f2001b4c519507f427c6dc33ff31b237778b5401d70ab73bb43e8c0cf4372407,10;11,resource_claims,"Fresh corrected-chain fit-plus-inference seconds and max allocated GiB are per actual run, no interrupted DGraphFin segment treated as total duration. Historical 402 MHz report is separate from current unverified clock; no portable or matched AnomalyDAE 8/24 GiB claim.",projects/benchmark/evidence/a08_data_repair/run_manifests/polygon_contract_clean_v1__GADNR__seed44.json,See source for exact run/input membership; claim checked against current A08 revision2 and preserved historical tier,semantic claim; numerical displays independently covered by paper_number_crosswalk.csv,1dcf62e7c7b960d56fa4520d8549262049243ff63bb45155a8634adb242b01c6,PASS
projects/benchmark/paper/current/DLG-Benchmark_A08.pdf,f2001b4c519507f427c6dc33ff31b237778b5401d70ab73bb43e8c0cf4372407,10;11,resource_claims,"Fresh corrected-chain fit-plus-inference seconds and max allocated GiB are per actual run, no interrupted DGraphFin segment treated as total duration. Historical 402 MHz report is separate from current unverified clock; no portable or matched AnomalyDAE 8/24 GiB claim.",projects/benchmark/evidence/a08_data_repair/run_manifests/polygon_contract_clean_v1__GADNR__seed45.json,See source for exact run/input membership; claim checked against current A08 revision2 and preserved historical tier,semantic claim; numerical displays independently covered by paper_number_crosswalk.csv,86535690bb06ea543616eff541e01cd7ee6b1ace232c59f80fe5e57946e75b76,PASS
projects/benchmark/paper/current/DLG-Benchmark_A08.pdf,f2001b4c519507f427c6dc33ff31b237778b5401d70ab73bb43e8c0cf4372407,10;11,resource_claims,"Fresh corrected-chain fit-plus-inference seconds and max allocated GiB are per actual run, no interrupted DGraphFin segment treated as total duration. Historical 402 MHz report is separate from current unverified clock; no portable or matched AnomalyDAE 8/24 GiB claim.",projects/benchmark/evidence/a08_data_repair/run_manifests/polygon_contract_clean_v1__GADNR__seed46.json,See source for exact run/input membership; claim checked against current A08 revision2 and preserved historical tier,semantic claim; numerical displays independently covered by paper_number_crosswalk.csv,c674c890431dab39c341e8706a70e978d2b9533d8d2526b3542a0d34369b0149,PASS
projects/benchmark/paper/current/DLG-Benchmark_A08.pdf,f2001b4c519507f427c6dc33ff31b237778b5401d70ab73bb43e8c0cf4372407,10;11,resource_claims,"Fresh corrected-chain fit-plus-inference seconds and max allocated GiB are per actual run, no interrupted DGraphFin segment treated as total duration. Historical 402 MHz report is separate from current unverified clock; no portable or matched AnomalyDAE 8/24 GiB claim.",projects/benchmark/evidence/a08_data_repair/run_manifests/polygon_contract_clean_v1__OCGNN__seed42.json,See source for exact run/input membership; claim checked against current A08 revision2 and preserved historical tier,semantic claim; numerical displays independently covered by paper_number_crosswalk.csv,c7e839ed0943e18a0c37bba342dc22ffa28eb0d7b50c332002162061c966eadf,PASS
projects/benchmark/paper/current/DLG-Benchmark_A08.pdf,f2001b4c519507f427c6dc33ff31b237778b5401d70ab73bb43e8c0cf4372407,10;11,resource_claims,"Fresh corrected-chain fit-plus-inference seconds and max allocated GiB are per actual run, no interrupted DGraphFin segment treated as total duration. Historical 402 MHz report is separate from current unverified clock; no portable or matched AnomalyDAE 8/24 GiB claim.",projects/benchmark/evidence/a08_data_repair/run_manifests/polygon_contract_clean_v1__OCGNN__seed43.json,See source for exact run/input membership; claim checked against current A08 revision2 and preserved historical tier,semantic claim; numerical displays independently covered by paper_number_crosswalk.csv,47eca889ac344b1bec152f593c22df449529b853414e18ed204d26df5a87d42a,PASS
projects/benchmark/paper/current/DLG-Benchmark_A08.pdf,f2001b4c519507f427c6dc33ff31b237778b5401d70ab73bb43e8c0cf4372407,10;11,resource_claims,"Fresh corrected-chain fit-plus-inference seconds and max allocated GiB are per actual run, no interrupted DGraphFin segment treated as total duration. Historical 402 MHz report is separate from current unverified clock; no portable or matched AnomalyDAE 8/24 GiB claim.",projects/benchmark/evidence/a08_data_repair/run_manifests/polygon_contract_clean_v1__OCGNN__seed44.json,See source for exact run/input membership; claim checked against current A08 revision2 and preserved historical tier,semantic claim; numerical displays independently covered by paper_number_crosswalk.csv,0c27dfcf26987cdd14155814df631852a30195d0208be7a49ce3d487974c7283,PASS
projects/benchmark/paper/current/DLG-Benchmark_A08.pdf,f2001b4c519507f427c6dc33ff31b237778b5401d70ab73bb43e8c0cf4372407,10;11,resource_claims,"Fresh corrected-chain fit-plus-inference seconds and max allocated GiB are per actual run, no interrupted DGraphFin segment treated as total duration. Historical 402 MHz report is separate from current unverified clock; no portable or matched AnomalyDAE 8/24 GiB claim.",projects/benchmark/evidence/a08_data_repair/run_manifests/polygon_contract_clean_v1__OCGNN__seed45.json,See source for exact run/input membership; claim checked against current A08 revision2 and preserved historical tier,semantic claim; numerical displays independently covered by paper_number_crosswalk.csv,d006eca66eb2781985ea04be6498436269710dba780fefdeba95be1646e422ad,PASS
projects/benchmark/paper/current/DLG-Benchmark_A08.pdf,f2001b4c519507f427c6dc33ff31b237778b5401d70ab73bb43e8c0cf4372407,10;11,resource_claims,"Fresh corrected-chain fit-plus-inference seconds and max allocated GiB are per actual run, no interrupted DGraphFin segment treated as total duration. Historical 402 MHz report is separate from current unverified clock; no portable or matched AnomalyDAE 8/24 GiB claim.",projects/benchmark/evidence/a08_data_repair/run_manifests/polygon_contract_clean_v1__OCGNN__seed46.json,See source for exact run/input membership; claim checked against current A08 revision2 and preserved historical tier,semantic claim; numerical displays independently covered by paper_number_crosswalk.csv,c06b2e9fe49f6de6a45e646eeb36aa0e7d2a7dfed101d65c413de75b51196bcb,PASS
projects/benchmark/paper/current/DLG-Benchmark_A08.pdf,f2001b4c519507f427c6dc33ff31b237778b5401d70ab73bb43e8c0cf4372407,4;6;11,old_new_population_comparison,"Both manuscripts disclose feature/topology/population and threshold policy changes, exclude old crypto primary predictions, and reject old/new causal topology attribution or restored favorable seeds.",projects/benchmark/evidence/a08_data_repair/old_input_denylist.json,See source for exact run/input membership; claim checked against current A08 revision2 and preserved historical tier,semantic claim; numerical displays independently covered by paper_number_crosswalk.csv,f53dc5f5e825c07754d6f57ff9aafda3c8c6523bd99f2ceebdf56f639ac3332f,PASS
projects/benchmark/paper/current/DLG-Benchmark_A08.pdf,f2001b4c519507f427c6dc33ff31b237778b5401d70ab73bb43e8c0cf4372407,4;6;11,old_new_population_comparison,"Both manuscripts disclose feature/topology/population and threshold policy changes, exclude old crypto primary predictions, and reject old/new causal topology attribution or restored favorable seeds.",projects/benchmark/evidence/a08_data_repair/input_manifest.json,See source for exact run/input membership; claim checked against current A08 revision2 and preserved historical tier,semantic claim; numerical displays independently covered by paper_number_crosswalk.csv,3b1be3807e47e3c1539a66b8665ca298543f4c33042f93a3842628a7ee8f9f76,PASS
projects/benchmark/paper/current/DLG-Benchmark_A08.pdf,f2001b4c519507f427c6dc33ff31b237778b5401d70ab73bb43e8c0cf4372407,4;6;11,old_new_population_comparison,"Both manuscripts disclose feature/topology/population and threshold policy changes, exclude old crypto primary predictions, and reject old/new causal topology attribution or restored favorable seeds.",projects/benchmark/evidence/a08_data_repair/audit/historical_reuse.json,See source for exact run/input membership; claim checked against current A08 revision2 and preserved historical tier,semantic claim; numerical displays independently covered by paper_number_crosswalk.csv,bc600526769a97fb8ff645808c75a6a62f48d4280bb504305c27b182a53229f4,PASS
projects/benchmark/paper/current/DLG-Benchmark_A08.pdf,f2001b4c519507f427c6dc33ff31b237778b5401d70ab73bb43e8c0cf4372407,11;12,public_private_availability,"Both data statements preserve restricted raw provider data, private unsubmitted TeX/PDF and local raw predictions. Author-approved immutable public revision remains required before submission; GitHub code statement is distinct from unpublished corrected evidence.",projects/benchmark/evidence/a08_data_repair/inventory.json,See source for exact run/input membership; claim checked against current A08 revision2 and preserved historical tier,semantic claim; numerical displays independently covered by paper_number_crosswalk.csv,51c185b4292df87ce25fabf04c3d190b0b73485ae5e1cb04637c68221c438640,PASS
projects/benchmark/paper/current/DLG-Benchmark_A08.pdf,f2001b4c519507f427c6dc33ff31b237778b5401d70ab73bb43e8c0cf4372407,11;12,public_private_availability,"Both data statements preserve restricted raw provider data, private unsubmitted TeX/PDF and local raw predictions. Author-approved immutable public revision remains required before submission; GitHub code statement is distinct from unpublished corrected evidence.",projects/benchmark/evidence/a08_data_repair/audit/private_environment_patch_disposition.json,See source for exact run/input membership; claim checked against current A08 revision2 and preserved historical tier,semantic claim; numerical displays independently covered by paper_number_crosswalk.csv,ef34023b0abd3e4fe5648c9e7066a0a7cebf066ddcab506b40e9a2a6aba83e18,PASS
projects/benchmark/paper/current/DLG-Benchmark_A08.pdf,f2001b4c519507f427c6dc33ff31b237778b5401d70ab73bb43e8c0cf4372407,19;20,historical_diagnostics,"Elliptic controls, CONAD one-epoch diagnostic, A03 limited sensitivity and historical constructor rows retain diagnostic tiers and do not replace A08 cells or explain new crypto causal outcomes.",projects/benchmark/evidence/a08_data_repair/audit/historical_reuse.json,See source for exact run/input membership; claim checked against current A08 revision2 and preserved historical tier,semantic claim; numerical displays independently covered by paper_number_crosswalk.csv,bc600526769a97fb8ff645808c75a6a62f48d4280bb504305c27b182a53229f4,PASS
projects/benchmark/paper/current/DLG-Benchmark_A08.pdf,f2001b4c519507f427c6dc33ff31b237778b5401d70ab73bb43e8c0cf4372407,19;20,historical_diagnostics,"Elliptic controls, CONAD one-epoch diagnostic, A03 limited sensitivity and historical constructor rows retain diagnostic tiers and do not replace A08 cells or explain new crypto causal outcomes.",projects/benchmark/evidence/a08_data_repair/source_manifest.json,See source for exact run/input membership; claim checked against current A08 revision2 and preserved historical tier,semantic claim; numerical displays independently covered by paper_number_crosswalk.csv,00827e070e48a4571a1987f929aa2156d00c499eeb52b171314577b33de6a685,PASS
projects/benchmark/paper/current/DLG-Benchmark_A08.pdf,f2001b4c519507f427c6dc33ff31b237778b5401d70ab73bb43e8c0cf4372407,3;12;13;14;15;20;21;22;23,citations_and_equations,All 42 references and citation links visually resolved; Gram and sigmoid complexity differentiated; GADNR determinant/Sherman-Morrison continuation retains original implementation convention/detachment/no jitter. Appendix unique MDPI equation links compiled without duplicate warnings.,local_storage/benchmark/a08_data_repair/paper_build_manifest.json,See source for exact run/input membership; claim checked against current A08 revision2 and preserved historical tier,semantic claim; numerical displays independently covered by paper_number_crosswalk.csv,a0ead5cd7bc85531880621babf7082235ece0069957cce2bc52fd7cf5cfdf276,PASS
projects/benchmark/paper/current/DLG-Benchmark_A08.pdf,f2001b4c519507f427c6dc33ff31b237778b5401d70ab73bb43e8c0cf4372407,3;12;13;14;15;20;21;22;23,citations_and_equations,All 42 references and citation links visually resolved; Gram and sigmoid complexity differentiated; GADNR determinant/Sherman-Morrison continuation retains original implementation convention/detachment/no jitter. Appendix unique MDPI equation links compiled without duplicate warnings.,projects/benchmark/evidence/a08_data_repair/audit/gadnr_numerical_qualification.json,See source for exact run/input membership; claim checked against current A08 revision2 and preserved historical tier,semantic claim; numerical displays independently covered by paper_number_crosswalk.csv,09b554ced3b29efe8d4bba4c7ed390fda15dd48dcf52561e16a36c20147a41df,PASS
projects/benchmark/paper/current/DLG-Benchmark_A08.pdf,f2001b4c519507f427c6dc33ff31b237778b5401d70ab73bb43e8c0cf4372407,3;12;13;14;15;20;21;22;23,citations_and_equations,All 42 references and citation links visually resolved; Gram and sigmoid complexity differentiated; GADNR determinant/Sherman-Morrison continuation retains original implementation convention/detachment/no jitter. Appendix unique MDPI equation links compiled without duplicate warnings.,projects/benchmark/evidence/a08_data_repair/audit/cuda_exactness.json,See source for exact run/input membership; claim checked against current A08 revision2 and preserved historical tier,semantic claim; numerical displays independently covered by paper_number_crosswalk.csv,18f67bb53ccce466322e0b82484b31f1d0003e47c98f22fc048510c4696f2bec,PASS
projects/benchmark/paper/current/mdpi/DLG-Benchmark_A08_MDPI.pdf,91179ba5565761e1f9b1b2c65c8f681722896b0162b71f21f5df0898601528e1,4;5,input_provenance,"Both PDFs state observation-only raw transaction features, label-blind feature-neighbor edges, target join after construction, full population and unstratified splits; two independent builds and 15 actual counterfactuals match source construction records.",projects/benchmark/evidence/a08_data_repair/input_manifest.json,See source for exact run/input membership; claim checked against current A08 revision2 and preserved historical tier,semantic claim; numerical displays independently covered by paper_number_crosswalk.csv,3b1be3807e47e3c1539a66b8665ca298543f4c33042f93a3842628a7ee8f9f76,PASS
projects/benchmark/paper/current/mdpi/DLG-Benchmark_A08_MDPI.pdf,91179ba5565761e1f9b1b2c65c8f681722896b0162b71f21f5df0898601528e1,4;5,input_provenance,"Both PDFs state observation-only raw transaction features, label-blind feature-neighbor edges, target join after construction, full population and unstratified splits; two independent builds and 15 actual counterfactuals match source construction records.",projects/benchmark/evidence/a08_data_repair/audit/raw_full_counterfactual.json,See source for exact run/input membership; claim checked against current A08 revision2 and preserved historical tier,semantic claim; numerical displays independently covered by paper_number_crosswalk.csv,7d72d27134c01db2f03eef4f7256e14f963996a0e45509f95da44d7bbe833344,PASS
projects/benchmark/paper/current/mdpi/DLG-Benchmark_A08_MDPI.pdf,91179ba5565761e1f9b1b2c65c8f681722896b0162b71f21f5df0898601528e1,4;5,input_provenance,"Both PDFs state observation-only raw transaction features, label-blind feature-neighbor edges, target join after construction, full population and unstratified splits; two independent builds and 15 actual counterfactuals match source construction records.",projects/benchmark/evidence/a08_data_repair/audit/counterfactual_and_rebuild.json,See source for exact run/input membership; claim checked against current A08 revision2 and preserved historical tier,semantic claim; numerical displays independently covered by paper_number_crosswalk.csv,9cafe61f8521bf70dfdd148afc08cdf042d9113e6ca422a470c0e8127343c3af,PASS
projects/benchmark/paper/current/mdpi/DLG-Benchmark_A08_MDPI.pdf,91179ba5565761e1f9b1b2c65c8f681722896b0162b71f21f5df0898601528e1,6;16;17,threshold_and_metric_policy,"Current crypto uses raw-score validation F1 with reject-all and largest threshold tie, unchanged >= test threshold and ceil 1%/5% alerts/stable ties. Historical F1 remains descriptive under original policies; AP means use five seeds and ddof=0.",projects/benchmark/evidence/a08_data_repair/threshold_audit.csv,See source for exact run/input membership; claim checked against current A08 revision2 and preserved historical tier,semantic claim; numerical displays independently covered by paper_number_crosswalk.csv,d46077d06459eb5793258e748d9d887c7de904b2808024f060a2197d9484675b,PASS
projects/benchmark/paper/current/mdpi/DLG-Benchmark_A08_MDPI.pdf,91179ba5565761e1f9b1b2c65c8f681722896b0162b71f21f5df0898601528e1,6;16;17,threshold_and_metric_policy,"Current crypto uses raw-score validation F1 with reject-all and largest threshold tie, unchanged >= test threshold and ceil 1%/5% alerts/stable ties. Historical F1 remains descriptive under original policies; AP means use five seeds and ddof=0.",projects/benchmark/evidence/a08_data_repair/confusion_matrices.csv,See source for exact run/input membership; claim checked against current A08 revision2 and preserved historical tier,semantic claim; numerical displays independently covered by paper_number_crosswalk.csv,dd434fcaf749007d7135d6a451a5d714e9a9b3bb93bdd36b9b73b5b8e99ace7d,PASS
projects/benchmark/paper/current/mdpi/DLG-Benchmark_A08_MDPI.pdf,91179ba5565761e1f9b1b2c65c8f681722896b0162b71f21f5df0898601528e1,6;16;17,threshold_and_metric_policy,"Current crypto uses raw-score validation F1 with reject-all and largest threshold tie, unchanged >= test threshold and ceil 1%/5% alerts/stable ties. Historical F1 remains descriptive under original policies; AP means use five seeds and ddof=0.",projects/benchmark/evidence/a08_data_repair/tables/alert_budget_crypto.csv,See source for exact run/input membership; claim checked against current A08 revision2 and preserved historical tier,semantic claim; numerical displays independently covered by paper_number_crosswalk.csv,6c65eccf5938dca0a6aa0a26e64963ee373e442cec24ed61b0106be9a01a4a9a,PASS
projects/benchmark/paper/current/mdpi/DLG-Benchmark_A08_MDPI.pdf,91179ba5565761e1f9b1b2c65c8f681722896b0162b71f21f5df0898601528e1,1;6;7,support_and_run_counts,Both abstracts/results say 84/91 supported primary pairs and 420 primary plus 35 external successes. Current fresh crypto is 105/105; archived failed first execution and qualifications are excluded.,projects/benchmark/evidence/a08_data_repair/approved_registry.json,See source for exact run/input membership; claim checked against current A08 revision2 and preserved historical tier,semantic claim; numerical displays independently covered by paper_number_crosswalk.csv,2757ffd1e94bd31082b1e496e8b55a25478c917a72654450f448b53fdb0d1569,PASS
projects/benchmark/paper/current/mdpi/DLG-Benchmark_A08_MDPI.pdf,91179ba5565761e1f9b1b2c65c8f681722896b0162b71f21f5df0898601528e1,1;6;7,support_and_run_counts,Both abstracts/results say 84/91 supported primary pairs and 420 primary plus 35 external successes. Current fresh crypto is 105/105; archived failed first execution and qualifications are excluded.,projects/benchmark/evidence/a08_data_repair/number_registry.json,See source for exact run/input membership; claim checked against current A08 revision2 and preserved historical tier,semantic claim; numerical displays independently covered by paper_number_crosswalk.csv,532651b28105ddd83194ee51e06084fd692d2f8555f671fbe2ef147296ff7cbf,PASS
projects/benchmark/paper/current/mdpi/DLG-Benchmark_A08_MDPI.pdf,91179ba5565761e1f9b1b2c65c8f681722896b0162b71f21f5df0898601528e1,1;6;7,support_and_run_counts,Both abstracts/results say 84/91 supported primary pairs and 420 primary plus 35 external successes. Current fresh crypto is 105/105; archived failed first execution and qualifications are excluded.,projects/benchmark/evidence/a08_data_repair/audit/G6.json,See source for exact run/input membership; claim checked against current A08 revision2 and preserved historical tier,semantic claim; numerical displays independently covered by paper_number_crosswalk.csv,c50e17a770acbc8e46a88b4bc1089cbfb08267d80154b55d2e007970615ba2f0,PASS
projects/benchmark/paper/current/mdpi/DLG-Benchmark_A08_MDPI.pdf,91179ba5565761e1f9b1b2c65c8f681722896b0162b71f21f5df0898601528e1,9;10;18,statistical_scope,"All current n=8/13/6/7 complete-case memberships, mean ranks, four provenance descriptive groups and 18 full Holm family comparisons are shown. Monte Carlo B=200000 uses plus-one p, unsupported values remain N/A and non-rejection is not equivalence.",projects/benchmark/evidence/a08_data_repair/statistics/statistics_s1_s4.json,See source for exact run/input membership; claim checked against current A08 revision2 and preserved historical tier,semantic claim; numerical displays independently covered by paper_number_crosswalk.csv,70f570f4fbdf8168019c68618fb2b6200cc3c6291fc264207c33f002ca440141,PASS
projects/benchmark/paper/current/mdpi/DLG-Benchmark_A08_MDPI.pdf,91179ba5565761e1f9b1b2c65c8f681722896b0162b71f21f5df0898601528e1,9;10;18,statistical_scope,"All current n=8/13/6/7 complete-case memberships, mean ranks, four provenance descriptive groups and 18 full Holm family comparisons are shown. Monte Carlo B=200000 uses plus-one p, unsupported values remain N/A and non-rejection is not equivalence.",projects/benchmark/evidence/a08_data_repair/statistics/mean_ranks.csv,See source for exact run/input membership; claim checked against current A08 revision2 and preserved historical tier,semantic claim; numerical displays independently covered by paper_number_crosswalk.csv,4133d740152549b8fa003b093ebc172f56fb1e9fe545a4737d0cab35ecdaafee,PASS
projects/benchmark/paper/current/mdpi/DLG-Benchmark_A08_MDPI.pdf,91179ba5565761e1f9b1b2c65c8f681722896b0162b71f21f5df0898601528e1,9;10;18,statistical_scope,"All current n=8/13/6/7 complete-case memberships, mean ranks, four provenance descriptive groups and 18 full Holm family comparisons are shown. Monte Carlo B=200000 uses plus-one p, unsupported values remain N/A and non-rejection is not equivalence.",projects/benchmark/evidence/a08_data_repair/statistics/label_provenance_sensitivity.csv,See source for exact run/input membership; claim checked against current A08 revision2 and preserved historical tier,semantic claim; numerical displays independently covered by paper_number_crosswalk.csv,c129fcfb3342ced15660589ed1170e7e48449f8e14630f9649276f81ed577ab2,PASS
projects/benchmark/paper/current/mdpi/DLG-Benchmark_A08_MDPI.pdf,91179ba5565761e1f9b1b2c65c8f681722896b0162b71f21f5df0898601528e1,9;10;18,statistical_scope,"All current n=8/13/6/7 complete-case memberships, mean ranks, four provenance descriptive groups and 18 full Holm family comparisons are shown. Monte Carlo B=200000 uses plus-one p, unsupported values remain N/A and non-rejection is not equivalence.",projects/benchmark/evidence/a08_data_repair/statistics/pairwise.csv,See source for exact run/input membership; claim checked against current A08 revision2 and preserved historical tier,semantic claim; numerical displays independently covered by paper_number_crosswalk.csv,17cba0786cdd192663c64fbb4b2bfb5406e578c0d2bb1838b4f80c8cefcac61c,PASS
projects/benchmark/paper/current/mdpi/DLG-Benchmark_A08_MDPI.pdf,91179ba5565761e1f9b1b2c65c8f681722896b0162b71f21f5df0898601528e1,10;11,resource_claims,"Fresh corrected-chain fit-plus-inference seconds and max allocated GiB are per actual run, no interrupted DGraphFin segment treated as total duration. Historical 402 MHz report is separate from current unverified clock; no portable or matched AnomalyDAE 8/24 GiB claim.",projects/benchmark/evidence/a08_data_repair/hardware_runtime_context.json,See source for exact run/input membership; claim checked against current A08 revision2 and preserved historical tier,semantic claim; numerical displays independently covered by paper_number_crosswalk.csv,e63240a83232343bffab98c5409c871c7007daab61dc23d33db671c3dde7ea69,PASS
projects/benchmark/paper/current/mdpi/DLG-Benchmark_A08_MDPI.pdf,91179ba5565761e1f9b1b2c65c8f681722896b0162b71f21f5df0898601528e1,10;11,resource_claims,"Fresh corrected-chain fit-plus-inference seconds and max allocated GiB are per actual run, no interrupted DGraphFin segment treated as total duration. Historical 402 MHz report is separate from current unverified clock; no portable or matched AnomalyDAE 8/24 GiB claim.",projects/benchmark/evidence/a08_data_repair/paper_number_crosswalk.csv,See source for exact run/input membership; claim checked against current A08 revision2 and preserved historical tier,semantic claim; numerical displays independently covered by paper_number_crosswalk.csv,733bf6dbd0c7193aa90005535ca2a0f1a739472ab6dd29cbaac6ad506a20c68c,PASS
projects/benchmark/paper/current/mdpi/DLG-Benchmark_A08_MDPI.pdf,91179ba5565761e1f9b1b2c65c8f681722896b0162b71f21f5df0898601528e1,10;11,resource_claims,"Fresh corrected-chain fit-plus-inference seconds and max allocated GiB are per actual run, no interrupted DGraphFin segment treated as total duration. Historical 402 MHz report is separate from current unverified clock; no portable or matched AnomalyDAE 8/24 GiB claim.",projects/benchmark/evidence/a08_data_repair/run_manifests/bsc_contract_clean_v1__AnomalyDAE__seed42.json,See source for exact run/input membership; claim checked against current A08 revision2 and preserved historical tier,semantic claim; numerical displays independently covered by paper_number_crosswalk.csv,b17873c8da5d4fbc4a0846f8fa95d7435b23484c6b92c43db80346fef3ca809f,PASS
projects/benchmark/paper/current/mdpi/DLG-Benchmark_A08_MDPI.pdf,91179ba5565761e1f9b1b2c65c8f681722896b0162b71f21f5df0898601528e1,10;11,resource_claims,"Fresh corrected-chain fit-plus-inference seconds and max allocated GiB are per actual run, no interrupted DGraphFin segment treated as total duration. Historical 402 MHz report is separate from current unverified clock; no portable or matched AnomalyDAE 8/24 GiB claim.",projects/benchmark/evidence/a08_data_repair/run_manifests/bsc_contract_clean_v1__AnomalyDAE__seed43.json,See source for exact run/input membership; claim checked against current A08 revision2 and preserved historical tier,semantic claim; numerical displays independently covered by paper_number_crosswalk.csv,c3c4a906e27e2c1eb4fade2bd20aaba268ab2687772d2d4936aab73765ae71fa,PASS
projects/benchmark/paper/current/mdpi/DLG-Benchmark_A08_MDPI.pdf,91179ba5565761e1f9b1b2c65c8f681722896b0162b71f21f5df0898601528e1,10;11,resource_claims,"Fresh corrected-chain fit-plus-inference seconds and max allocated GiB are per actual run, no interrupted DGraphFin segment treated as total duration. Historical 402 MHz report is separate from current unverified clock; no portable or matched AnomalyDAE 8/24 GiB claim.",projects/benchmark/evidence/a08_data_repair/run_manifests/bsc_contract_clean_v1__AnomalyDAE__seed44.json,See source for exact run/input membership; claim checked against current A08 revision2 and preserved historical tier,semantic claim; numerical displays independently covered by paper_number_crosswalk.csv,8cad7950a4b09221033268bdf8ea9ea4139a2e8d19181fb3ac99c9d30f8b5bf1,PASS
projects/benchmark/paper/current/mdpi/DLG-Benchmark_A08_MDPI.pdf,91179ba5565761e1f9b1b2c65c8f681722896b0162b71f21f5df0898601528e1,10;11,resource_claims,"Fresh corrected-chain fit-plus-inference seconds and max allocated GiB are per actual run, no interrupted DGraphFin segment treated as total duration. Historical 402 MHz report is separate from current unverified clock; no portable or matched AnomalyDAE 8/24 GiB claim.",projects/benchmark/evidence/a08_data_repair/run_manifests/bsc_contract_clean_v1__AnomalyDAE__seed45.json,See source for exact run/input membership; claim checked against current A08 revision2 and preserved historical tier,semantic claim; numerical displays independently covered by paper_number_crosswalk.csv,244f0858398ef94316e064457d3df5596e834612fc8921e183fdc2113e8057d8,PASS
projects/benchmark/paper/current/mdpi/DLG-Benchmark_A08_MDPI.pdf,91179ba5565761e1f9b1b2c65c8f681722896b0162b71f21f5df0898601528e1,10;11,resource_claims,"Fresh corrected-chain fit-plus-inference seconds and max allocated GiB are per actual run, no interrupted DGraphFin segment treated as total duration. Historical 402 MHz report is separate from current unverified clock; no portable or matched AnomalyDAE 8/24 GiB claim.",projects/benchmark/evidence/a08_data_repair/run_manifests/bsc_contract_clean_v1__AnomalyDAE__seed46.json,See source for exact run/input membership; claim checked against current A08 revision2 and preserved historical tier,semantic claim; numerical displays independently covered by paper_number_crosswalk.csv,660c4569fb582f36d6cc65920a365f76afc6aa9dc4d76531fb918163f02860a6,PASS
projects/benchmark/paper/current/mdpi/DLG-Benchmark_A08_MDPI.pdf,91179ba5565761e1f9b1b2c65c8f681722896b0162b71f21f5df0898601528e1,10;11,resource_claims,"Fresh corrected-chain fit-plus-inference seconds and max allocated GiB are per actual run, no interrupted DGraphFin segment treated as total duration. Historical 402 MHz report is separate from current unverified clock; no portable or matched AnomalyDAE 8/24 GiB claim.",projects/benchmark/evidence/a08_data_repair/run_manifests/bsc_contract_clean_v1__CoLA__seed42.json,See source for exact run/input membership; claim checked against current A08 revision2 and preserved historical tier,semantic claim; numerical displays independently covered by paper_number_crosswalk.csv,a141e9ae96cb6edd20715cbc3e49f92fb3feaf343c583fc4aadf6ee693209739,PASS
projects/benchmark/paper/current/mdpi/DLG-Benchmark_A08_MDPI.pdf,91179ba5565761e1f9b1b2c65c8f681722896b0162b71f21f5df0898601528e1,10;11,resource_claims,"Fresh corrected-chain fit-plus-inference seconds and max allocated GiB are per actual run, no interrupted DGraphFin segment treated as total duration. Historical 402 MHz report is separate from current unverified clock; no portable or matched AnomalyDAE 8/24 GiB claim.",projects/benchmark/evidence/a08_data_repair/run_manifests/bsc_contract_clean_v1__CoLA__seed43.json,See source for exact run/input membership; claim checked against current A08 revision2 and preserved historical tier,semantic claim; numerical displays independently covered by paper_number_crosswalk.csv,9548e8e4fac58639664eb1b64ffe66978c80f516608b714d82edaae262fb9aeb,PASS
projects/benchmark/paper/current/mdpi/DLG-Benchmark_A08_MDPI.pdf,91179ba5565761e1f9b1b2c65c8f681722896b0162b71f21f5df0898601528e1,10;11,resource_claims,"Fresh corrected-chain fit-plus-inference seconds and max allocated GiB are per actual run, no interrupted DGraphFin segment treated as total duration. Historical 402 MHz report is separate from current unverified clock; no portable or matched AnomalyDAE 8/24 GiB claim.",projects/benchmark/evidence/a08_data_repair/run_manifests/bsc_contract_clean_v1__CoLA__seed44.json,See source for exact run/input membership; claim checked against current A08 revision2 and preserved historical tier,semantic claim; numerical displays independently covered by paper_number_crosswalk.csv,71c35441c23022f9daa006a987a4200a857ce3b9df5d3dc07a5ae3ebb6182da7,PASS
projects/benchmark/paper/current/mdpi/DLG-Benchmark_A08_MDPI.pdf,91179ba5565761e1f9b1b2c65c8f681722896b0162b71f21f5df0898601528e1,10;11,resource_claims,"Fresh corrected-chain fit-plus-inference seconds and max allocated GiB are per actual run, no interrupted DGraphFin segment treated as total duration. Historical 402 MHz report is separate from current unverified clock; no portable or matched AnomalyDAE 8/24 GiB claim.",projects/benchmark/evidence/a08_data_repair/run_manifests/bsc_contract_clean_v1__CoLA__seed45.json,See source for exact run/input membership; claim checked against current A08 revision2 and preserved historical tier,semantic claim; numerical displays independently covered by paper_number_crosswalk.csv,4cccfca468c061eece7f20460545eed87c772b046f19b23b24d4da3a407fe0ac,PASS
projects/benchmark/paper/current/mdpi/DLG-Benchmark_A08_MDPI.pdf,91179ba5565761e1f9b1b2c65c8f681722896b0162b71f21f5df0898601528e1,10;11,resource_claims,"Fresh corrected-chain fit-plus-inference seconds and max allocated GiB are per actual run, no interrupted DGraphFin segment treated as total duration. Historical 402 MHz report is separate from current unverified clock; no portable or matched AnomalyDAE 8/24 GiB claim.",projects/benchmark/evidence/a08_data_repair/run_manifests/bsc_contract_clean_v1__CoLA__seed46.json,See source for exact run/input membership; claim checked against current A08 revision2 and preserved historical tier,semantic claim; numerical displays independently covered by paper_number_crosswalk.csv,e0b40bca9d8c38f6e281a080c925621834e5d5510a01ac2c3bba3841346b0bc8,PASS
projects/benchmark/paper/current/mdpi/DLG-Benchmark_A08_MDPI.pdf,91179ba5565761e1f9b1b2c65c8f681722896b0162b71f21f5df0898601528e1,10;11,resource_claims,"Fresh corrected-chain fit-plus-inference seconds and max allocated GiB are per actual run, no interrupted DGraphFin segment treated as total duration. Historical 402 MHz report is separate from current unverified clock; no portable or matched AnomalyDAE 8/24 GiB claim.",projects/benchmark/evidence/a08_data_repair/run_manifests/bsc_contract_clean_v1__DLG-Aug__seed42.json,See source for exact run/input membership; claim checked against current A08 revision2 and preserved historical tier,semantic claim; numerical displays independently covered by paper_number_crosswalk.csv,fcf8fa162183571800cc6bdce9daab21711d72c5083d9e1179650f03d9b560cc,PASS
projects/benchmark/paper/current/mdpi/DLG-Benchmark_A08_MDPI.pdf,91179ba5565761e1f9b1b2c65c8f681722896b0162b71f21f5df0898601528e1,10;11,resource_claims,"Fresh corrected-chain fit-plus-inference seconds and max allocated GiB are per actual run, no interrupted DGraphFin segment treated as total duration. Historical 402 MHz report is separate from current unverified clock; no portable or matched AnomalyDAE 8/24 GiB claim.",projects/benchmark/evidence/a08_data_repair/run_manifests/bsc_contract_clean_v1__DLG-Aug__seed43.json,See source for exact run/input membership; claim checked against current A08 revision2 and preserved historical tier,semantic claim; numerical displays independently covered by paper_number_crosswalk.csv,898aa5e25838fb094313173648a189eb02b38c5dc6be0ef4bbcb5bd05346a1a4,PASS
projects/benchmark/paper/current/mdpi/DLG-Benchmark_A08_MDPI.pdf,91179ba5565761e1f9b1b2c65c8f681722896b0162b71f21f5df0898601528e1,10;11,resource_claims,"Fresh corrected-chain fit-plus-inference seconds and max allocated GiB are per actual run, no interrupted DGraphFin segment treated as total duration. Historical 402 MHz report is separate from current unverified clock; no portable or matched AnomalyDAE 8/24 GiB claim.",projects/benchmark/evidence/a08_data_repair/run_manifests/bsc_contract_clean_v1__DLG-Aug__seed44.json,See source for exact run/input membership; claim checked against current A08 revision2 and preserved historical tier,semantic claim; numerical displays independently covered by paper_number_crosswalk.csv,9fd175479287e0315281b33484be132c57f0b421ad13e2fac455c78bc54f86eb,PASS
projects/benchmark/paper/current/mdpi/DLG-Benchmark_A08_MDPI.pdf,91179ba5565761e1f9b1b2c65c8f681722896b0162b71f21f5df0898601528e1,10;11,resource_claims,"Fresh corrected-chain fit-plus-inference seconds and max allocated GiB are per actual run, no interrupted DGraphFin segment treated as total duration. Historical 402 MHz report is separate from current unverified clock; no portable or matched AnomalyDAE 8/24 GiB claim.",projects/benchmark/evidence/a08_data_repair/run_manifests/bsc_contract_clean_v1__DLG-Aug__seed45.json,See source for exact run/input membership; claim checked against current A08 revision2 and preserved historical tier,semantic claim; numerical displays independently covered by paper_number_crosswalk.csv,e971df9f0482123dd79a6198ace59560dc0c3aeea7efd76abc20645a249ff0a2,PASS
projects/benchmark/paper/current/mdpi/DLG-Benchmark_A08_MDPI.pdf,91179ba5565761e1f9b1b2c65c8f681722896b0162b71f21f5df0898601528e1,10;11,resource_claims,"Fresh corrected-chain fit-plus-inference seconds and max allocated GiB are per actual run, no interrupted DGraphFin segment treated as total duration. Historical 402 MHz report is separate from current unverified clock; no portable or matched AnomalyDAE 8/24 GiB claim.",projects/benchmark/evidence/a08_data_repair/run_manifests/bsc_contract_clean_v1__DLG-Aug__seed46.json,See source for exact run/input membership; claim checked against current A08 revision2 and preserved historical tier,semantic claim; numerical displays independently covered by paper_number_crosswalk.csv,e96c2eeec90e37bdce441d590435efd42f18de8aefce87b59323946b9ac53df0,PASS
projects/benchmark/paper/current/mdpi/DLG-Benchmark_A08_MDPI.pdf,91179ba5565761e1f9b1b2c65c8f681722896b0162b71f21f5df0898601528e1,10;11,resource_claims,"Fresh corrected-chain fit-plus-inference seconds and max allocated GiB are per actual run, no interrupted DGraphFin segment treated as total duration. Historical 402 MHz report is separate from current unverified clock; no portable or matched AnomalyDAE 8/24 GiB claim.",projects/benchmark/evidence/a08_data_repair/run_manifests/bsc_contract_clean_v1__DLG-Base__seed42.json,See source for exact run/input membership; claim checked against current A08 revision2 and preserved historical tier,semantic claim; numerical displays independently covered by paper_number_crosswalk.csv,47429390370959c99eec3b68ae6d8707e381a6cfd2d33dec01b198737997041c,PASS
projects/benchmark/paper/current/mdpi/DLG-Benchmark_A08_MDPI.pdf,91179ba5565761e1f9b1b2c65c8f681722896b0162b71f21f5df0898601528e1,10;11,resource_claims,"Fresh corrected-chain fit-plus-inference seconds and max allocated GiB are per actual run, no interrupted DGraphFin segment treated as total duration. Historical 402 MHz report is separate from current unverified clock; no portable or matched AnomalyDAE 8/24 GiB claim.",projects/benchmark/evidence/a08_data_repair/run_manifests/bsc_contract_clean_v1__DLG-Base__seed43.json,See source for exact run/input membership; claim checked against current A08 revision2 and preserved historical tier,semantic claim; numerical displays independently covered by paper_number_crosswalk.csv,644f84ff4b7276d43f39fd3e58572d6b6c9842e996d20538dd6f7656094ecf87,PASS
projects/benchmark/paper/current/mdpi/DLG-Benchmark_A08_MDPI.pdf,91179ba5565761e1f9b1b2c65c8f681722896b0162b71f21f5df0898601528e1,10;11,resource_claims,"Fresh corrected-chain fit-plus-inference seconds and max allocated GiB are per actual run, no interrupted DGraphFin segment treated as total duration. Historical 402 MHz report is separate from current unverified clock; no portable or matched AnomalyDAE 8/24 GiB claim.",projects/benchmark/evidence/a08_data_repair/run_manifests/bsc_contract_clean_v1__DLG-Base__seed44.json,See source for exact run/input membership; claim checked against current A08 revision2 and preserved historical tier,semantic claim; numerical displays independently covered by paper_number_crosswalk.csv,98591b272e3a19c5e589f4d6874b7f1f22c33211e473106788e7b4f80393b4e0,PASS
projects/benchmark/paper/current/mdpi/DLG-Benchmark_A08_MDPI.pdf,91179ba5565761e1f9b1b2c65c8f681722896b0162b71f21f5df0898601528e1,10;11,resource_claims,"Fresh corrected-chain fit-plus-inference seconds and max allocated GiB are per actual run, no interrupted DGraphFin segment treated as total duration. Historical 402 MHz report is separate from current unverified clock; no portable or matched AnomalyDAE 8/24 GiB claim.",projects/benchmark/evidence/a08_data_repair/run_manifests/bsc_contract_clean_v1__DLG-Base__seed45.json,See source for exact run/input membership; claim checked against current A08 revision2 and preserved historical tier,semantic claim; numerical displays independently covered by paper_number_crosswalk.csv,cb8c7ac161d323c6e7d14ffb7a9f0ab88eca0b240822ca399e80356f274ffe51,PASS
projects/benchmark/paper/current/mdpi/DLG-Benchmark_A08_MDPI.pdf,91179ba5565761e1f9b1b2c65c8f681722896b0162b71f21f5df0898601528e1,10;11,resource_claims,"Fresh corrected-chain fit-plus-inference seconds and max allocated GiB are per actual run, no interrupted DGraphFin segment treated as total duration. Historical 402 MHz report is separate from current unverified clock; no portable or matched AnomalyDAE 8/24 GiB claim.",projects/benchmark/evidence/a08_data_repair/run_manifests/bsc_contract_clean_v1__DLG-Base__seed46.json,See source for exact run/input membership; claim checked against current A08 revision2 and preserved historical tier,semantic claim; numerical displays independently covered by paper_number_crosswalk.csv,62a738facac09e695a10a6a0638c43516965f96129b4c0b88a25a17282219747,PASS
projects/benchmark/paper/current/mdpi/DLG-Benchmark_A08_MDPI.pdf,91179ba5565761e1f9b1b2c65c8f681722896b0162b71f21f5df0898601528e1,10;11,resource_claims,"Fresh corrected-chain fit-plus-inference seconds and max allocated GiB are per actual run, no interrupted DGraphFin segment treated as total duration. Historical 402 MHz report is separate from current unverified clock; no portable or matched AnomalyDAE 8/24 GiB claim.",projects/benchmark/evidence/a08_data_repair/run_manifests/bsc_contract_clean_v1__DOMINANT__seed42.json,See source for exact run/input membership; claim checked against current A08 revision2 and preserved historical tier,semantic claim; numerical displays independently covered by paper_number_crosswalk.csv,a1b93d8cbb084b83e94a0e360c682ac212269d26a7fd94f1631dfa5cd5704b89,PASS
projects/benchmark/paper/current/mdpi/DLG-Benchmark_A08_MDPI.pdf,91179ba5565761e1f9b1b2c65c8f681722896b0162b71f21f5df0898601528e1,10;11,resource_claims,"Fresh corrected-chain fit-plus-inference seconds and max allocated GiB are per actual run, no interrupted DGraphFin segment treated as total duration. Historical 402 MHz report is separate from current unverified clock; no portable or matched AnomalyDAE 8/24 GiB claim.",projects/benchmark/evidence/a08_data_repair/run_manifests/bsc_contract_clean_v1__DOMINANT__seed43.json,See source for exact run/input membership; claim checked against current A08 revision2 and preserved historical tier,semantic claim; numerical displays independently covered by paper_number_crosswalk.csv,d23fc4217e1baf75019744614537b9fa1d87c25a13a012ef925a2a4d0ad896b4,PASS
projects/benchmark/paper/current/mdpi/DLG-Benchmark_A08_MDPI.pdf,91179ba5565761e1f9b1b2c65c8f681722896b0162b71f21f5df0898601528e1,10;11,resource_claims,"Fresh corrected-chain fit-plus-inference seconds and max allocated GiB are per actual run, no interrupted DGraphFin segment treated as total duration. Historical 402 MHz report is separate from current unverified clock; no portable or matched AnomalyDAE 8/24 GiB claim.",projects/benchmark/evidence/a08_data_repair/run_manifests/bsc_contract_clean_v1__DOMINANT__seed44.json,See source for exact run/input membership; claim checked against current A08 revision2 and preserved historical tier,semantic claim; numerical displays independently covered by paper_number_crosswalk.csv,9debc740f40395677553dd6fca1f35c227e9aa3a8f523e04c69d071711e5220d,PASS
projects/benchmark/paper/current/mdpi/DLG-Benchmark_A08_MDPI.pdf,91179ba5565761e1f9b1b2c65c8f681722896b0162b71f21f5df0898601528e1,10;11,resource_claims,"Fresh corrected-chain fit-plus-inference seconds and max allocated GiB are per actual run, no interrupted DGraphFin segment treated as total duration. Historical 402 MHz report is separate from current unverified clock; no portable or matched AnomalyDAE 8/24 GiB claim.",projects/benchmark/evidence/a08_data_repair/run_manifests/bsc_contract_clean_v1__DOMINANT__seed45.json,See source for exact run/input membership; claim checked against current A08 revision2 and preserved historical tier,semantic claim; numerical displays independently covered by paper_number_crosswalk.csv,e112a5cff0aa82298bde4c53bb58208ca8d51d0684e0a12fe2441b4fcced2e73,PASS
projects/benchmark/paper/current/mdpi/DLG-Benchmark_A08_MDPI.pdf,91179ba5565761e1f9b1b2c65c8f681722896b0162b71f21f5df0898601528e1,10;11,resource_claims,"Fresh corrected-chain fit-plus-inference seconds and max allocated GiB are per actual run, no interrupted DGraphFin segment treated as total duration. Historical 402 MHz report is separate from current unverified clock; no portable or matched AnomalyDAE 8/24 GiB claim.",projects/benchmark/evidence/a08_data_repair/run_manifests/bsc_contract_clean_v1__DOMINANT__seed46.json,See source for exact run/input membership; claim checked against current A08 revision2 and preserved historical tier,semantic claim; numerical displays independently covered by paper_number_crosswalk.csv,37ff2dad040cd901151d1a0e13d02a04176c219247ea11d987f18385fd1e4a9b,PASS
projects/benchmark/paper/current/mdpi/DLG-Benchmark_A08_MDPI.pdf,91179ba5565761e1f9b1b2c65c8f681722896b0162b71f21f5df0898601528e1,10;11,resource_claims,"Fresh corrected-chain fit-plus-inference seconds and max allocated GiB are per actual run, no interrupted DGraphFin segment treated as total duration. Historical 402 MHz report is separate from current unverified clock; no portable or matched AnomalyDAE 8/24 GiB claim.",projects/benchmark/evidence/a08_data_repair/run_manifests/bsc_contract_clean_v1__GADNR__seed42.json,See source for exact run/input membership; claim checked against current A08 revision2 and preserved historical tier,semantic claim; numerical displays independently covered by paper_number_crosswalk.csv,46a227ca637799aa749d2d6e99e08e37a44537093f8de6dcfa85fe24b9d2a368,PASS
projects/benchmark/paper/current/mdpi/DLG-Benchmark_A08_MDPI.pdf,91179ba5565761e1f9b1b2c65c8f681722896b0162b71f21f5df0898601528e1,10;11,resource_claims,"Fresh corrected-chain fit-plus-inference seconds and max allocated GiB are per actual run, no interrupted DGraphFin segment treated as total duration. Historical 402 MHz report is separate from current unverified clock; no portable or matched AnomalyDAE 8/24 GiB claim.",projects/benchmark/evidence/a08_data_repair/run_manifests/bsc_contract_clean_v1__GADNR__seed43.json,See source for exact run/input membership; claim checked against current A08 revision2 and preserved historical tier,semantic claim; numerical displays independently covered by paper_number_crosswalk.csv,fdc31f87c83294bd44815348fb2fbb0e8fbefa9192695fade6255763cd2b966f,PASS
projects/benchmark/paper/current/mdpi/DLG-Benchmark_A08_MDPI.pdf,91179ba5565761e1f9b1b2c65c8f681722896b0162b71f21f5df0898601528e1,10;11,resource_claims,"Fresh corrected-chain fit-plus-inference seconds and max allocated GiB are per actual run, no interrupted DGraphFin segment treated as total duration. Historical 402 MHz report is separate from current unverified clock; no portable or matched AnomalyDAE 8/24 GiB claim.",projects/benchmark/evidence/a08_data_repair/run_manifests/bsc_contract_clean_v1__GADNR__seed44.json,See source for exact run/input membership; claim checked against current A08 revision2 and preserved historical tier,semantic claim; numerical displays independently covered by paper_number_crosswalk.csv,852a4229fd9206259e594603675265e372330ad5418d4843b3e8d829e8b0cf51,PASS
projects/benchmark/paper/current/mdpi/DLG-Benchmark_A08_MDPI.pdf,91179ba5565761e1f9b1b2c65c8f681722896b0162b71f21f5df0898601528e1,10;11,resource_claims,"Fresh corrected-chain fit-plus-inference seconds and max allocated GiB are per actual run, no interrupted DGraphFin segment treated as total duration. Historical 402 MHz report is separate from current unverified clock; no portable or matched AnomalyDAE 8/24 GiB claim.",projects/benchmark/evidence/a08_data_repair/run_manifests/bsc_contract_clean_v1__GADNR__seed45.json,See source for exact run/input membership; claim checked against current A08 revision2 and preserved historical tier,semantic claim; numerical displays independently covered by paper_number_crosswalk.csv,0bdb5d9b5fc9d0a5ef24ca7f983583f7d057a8ae5f89581b16a7b2568d468f76,PASS
projects/benchmark/paper/current/mdpi/DLG-Benchmark_A08_MDPI.pdf,91179ba5565761e1f9b1b2c65c8f681722896b0162b71f21f5df0898601528e1,10;11,resource_claims,"Fresh corrected-chain fit-plus-inference seconds and max allocated GiB are per actual run, no interrupted DGraphFin segment treated as total duration. Historical 402 MHz report is separate from current unverified clock; no portable or matched AnomalyDAE 8/24 GiB claim.",projects/benchmark/evidence/a08_data_repair/run_manifests/bsc_contract_clean_v1__GADNR__seed46.json,See source for exact run/input membership; claim checked against current A08 revision2 and preserved historical tier,semantic claim; numerical displays independently covered by paper_number_crosswalk.csv,ce5d292d912d10d68b3cab7b2affdc6f5a666adaada34ca81fd5f48b200752a7,PASS
projects/benchmark/paper/current/mdpi/DLG-Benchmark_A08_MDPI.pdf,91179ba5565761e1f9b1b2c65c8f681722896b0162b71f21f5df0898601528e1,10;11,resource_claims,"Fresh corrected-chain fit-plus-inference seconds and max allocated GiB are per actual run, no interrupted DGraphFin segment treated as total duration. Historical 402 MHz report is separate from current unverified clock; no portable or matched AnomalyDAE 8/24 GiB claim.",projects/benchmark/evidence/a08_data_repair/run_manifests/bsc_contract_clean_v1__OCGNN__seed42.json,See source for exact run/input membership; claim checked against current A08 revision2 and preserved historical tier,semantic claim; numerical displays independently covered by paper_number_crosswalk.csv,e725a08f4f0e225d89ba51b1a44e738252085798839f685135f0e62b0437c03c,PASS
projects/benchmark/paper/current/mdpi/DLG-Benchmark_A08_MDPI.pdf,91179ba5565761e1f9b1b2c65c8f681722896b0162b71f21f5df0898601528e1,10;11,resource_claims,"Fresh corrected-chain fit-plus-inference seconds and max allocated GiB are per actual run, no interrupted DGraphFin segment treated as total duration. Historical 402 MHz report is separate from current unverified clock; no portable or matched AnomalyDAE 8/24 GiB claim.",projects/benchmark/evidence/a08_data_repair/run_manifests/bsc_contract_clean_v1__OCGNN__seed43.json,See source for exact run/input membership; claim checked against current A08 revision2 and preserved historical tier,semantic claim; numerical displays independently covered by paper_number_crosswalk.csv,9b00b8ac0a9b3b8166ae50d6cc09432253a5cf009cd27b30144e51e668afaba5,PASS
projects/benchmark/paper/current/mdpi/DLG-Benchmark_A08_MDPI.pdf,91179ba5565761e1f9b1b2c65c8f681722896b0162b71f21f5df0898601528e1,10;11,resource_claims,"Fresh corrected-chain fit-plus-inference seconds and max allocated GiB are per actual run, no interrupted DGraphFin segment treated as total duration. Historical 402 MHz report is separate from current unverified clock; no portable or matched AnomalyDAE 8/24 GiB claim.",projects/benchmark/evidence/a08_data_repair/run_manifests/bsc_contract_clean_v1__OCGNN__seed44.json,See source for exact run/input membership; claim checked against current A08 revision2 and preserved historical tier,semantic claim; numerical displays independently covered by paper_number_crosswalk.csv,8af85384714efc15db0556adf82c946f252bda52f0a37e3477ac59c1fbc93653,PASS
projects/benchmark/paper/current/mdpi/DLG-Benchmark_A08_MDPI.pdf,91179ba5565761e1f9b1b2c65c8f681722896b0162b71f21f5df0898601528e1,10;11,resource_claims,"Fresh corrected-chain fit-plus-inference seconds and max allocated GiB are per actual run, no interrupted DGraphFin segment treated as total duration. Historical 402 MHz report is separate from current unverified clock; no portable or matched AnomalyDAE 8/24 GiB claim.",projects/benchmark/evidence/a08_data_repair/run_manifests/bsc_contract_clean_v1__OCGNN__seed45.json,See source for exact run/input membership; claim checked against current A08 revision2 and preserved historical tier,semantic claim; numerical displays independently covered by paper_number_crosswalk.csv,b4df2c083135ae4eb022f74e9fa1e54bbf789f21b58bfc330e7dfc8fc08f1140,PASS
projects/benchmark/paper/current/mdpi/DLG-Benchmark_A08_MDPI.pdf,91179ba5565761e1f9b1b2c65c8f681722896b0162b71f21f5df0898601528e1,10;11,resource_claims,"Fresh corrected-chain fit-plus-inference seconds and max allocated GiB are per actual run, no interrupted DGraphFin segment treated as total duration. Historical 402 MHz report is separate from current unverified clock; no portable or matched AnomalyDAE 8/24 GiB claim.",projects/benchmark/evidence/a08_data_repair/run_manifests/bsc_contract_clean_v1__OCGNN__seed46.json,See source for exact run/input membership; claim checked against current A08 revision2 and preserved historical tier,semantic claim; numerical displays independently covered by paper_number_crosswalk.csv,c5545a7814ec60bf468b0852f7b463a677427cb03d444bd2349ee7ac713c37fe,PASS
projects/benchmark/paper/current/mdpi/DLG-Benchmark_A08_MDPI.pdf,91179ba5565761e1f9b1b2c65c8f681722896b0162b71f21f5df0898601528e1,10;11,resource_claims,"Fresh corrected-chain fit-plus-inference seconds and max allocated GiB are per actual run, no interrupted DGraphFin segment treated as total duration. Historical 402 MHz report is separate from current unverified clock; no portable or matched AnomalyDAE 8/24 GiB claim.",projects/benchmark/evidence/a08_data_repair/run_manifests/ethereum_contract_clean_v1__AnomalyDAE__seed42.json,See source for exact run/input membership; claim checked against current A08 revision2 and preserved historical tier,semantic claim; numerical displays independently covered by paper_number_crosswalk.csv,54af63cbe42276c0d77dbf2a580fbfb082898ee148bb7c3c4acc0be8ae507d32,PASS
projects/benchmark/paper/current/mdpi/DLG-Benchmark_A08_MDPI.pdf,91179ba5565761e1f9b1b2c65c8f681722896b0162b71f21f5df0898601528e1,10;11,resource_claims,"Fresh corrected-chain fit-plus-inference seconds and max allocated GiB are per actual run, no interrupted DGraphFin segment treated as total duration. Historical 402 MHz report is separate from current unverified clock; no portable or matched AnomalyDAE 8/24 GiB claim.",projects/benchmark/evidence/a08_data_repair/run_manifests/ethereum_contract_clean_v1__AnomalyDAE__seed43.json,See source for exact run/input membership; claim checked against current A08 revision2 and preserved historical tier,semantic claim; numerical displays independently covered by paper_number_crosswalk.csv,3ed10a6cd2dbc4446b04ce1d14238fee61124377d1135ed5c3a3d49ba74ea43a,PASS
projects/benchmark/paper/current/mdpi/DLG-Benchmark_A08_MDPI.pdf,91179ba5565761e1f9b1b2c65c8f681722896b0162b71f21f5df0898601528e1,10;11,resource_claims,"Fresh corrected-chain fit-plus-inference seconds and max allocated GiB are per actual run, no interrupted DGraphFin segment treated as total duration. Historical 402 MHz report is separate from current unverified clock; no portable or matched AnomalyDAE 8/24 GiB claim.",projects/benchmark/evidence/a08_data_repair/run_manifests/ethereum_contract_clean_v1__AnomalyDAE__seed44.json,See source for exact run/input membership; claim checked against current A08 revision2 and preserved historical tier,semantic claim; numerical displays independently covered by paper_number_crosswalk.csv,43b9cd94e19cf1bb5e443017aae71cd85086a6fce8896636f162961480536488,PASS
projects/benchmark/paper/current/mdpi/DLG-Benchmark_A08_MDPI.pdf,91179ba5565761e1f9b1b2c65c8f681722896b0162b71f21f5df0898601528e1,10;11,resource_claims,"Fresh corrected-chain fit-plus-inference seconds and max allocated GiB are per actual run, no interrupted DGraphFin segment treated as total duration. Historical 402 MHz report is separate from current unverified clock; no portable or matched AnomalyDAE 8/24 GiB claim.",projects/benchmark/evidence/a08_data_repair/run_manifests/ethereum_contract_clean_v1__AnomalyDAE__seed45.json,See source for exact run/input membership; claim checked against current A08 revision2 and preserved historical tier,semantic claim; numerical displays independently covered by paper_number_crosswalk.csv,93aee0ec49a1ab6fafd10e5f3b559f36b10322d910c824ba492b81d276a0ecb5,PASS
projects/benchmark/paper/current/mdpi/DLG-Benchmark_A08_MDPI.pdf,91179ba5565761e1f9b1b2c65c8f681722896b0162b71f21f5df0898601528e1,10;11,resource_claims,"Fresh corrected-chain fit-plus-inference seconds and max allocated GiB are per actual run, no interrupted DGraphFin segment treated as total duration. Historical 402 MHz report is separate from current unverified clock; no portable or matched AnomalyDAE 8/24 GiB claim.",projects/benchmark/evidence/a08_data_repair/run_manifests/ethereum_contract_clean_v1__AnomalyDAE__seed46.json,See source for exact run/input membership; claim checked against current A08 revision2 and preserved historical tier,semantic claim; numerical displays independently covered by paper_number_crosswalk.csv,27e097b9f1e29fd851120b9f81e5860366fe0248d0755feceffedac104d8d51e,PASS
projects/benchmark/paper/current/mdpi/DLG-Benchmark_A08_MDPI.pdf,91179ba5565761e1f9b1b2c65c8f681722896b0162b71f21f5df0898601528e1,10;11,resource_claims,"Fresh corrected-chain fit-plus-inference seconds and max allocated GiB are per actual run, no interrupted DGraphFin segment treated as total duration. Historical 402 MHz report is separate from current unverified clock; no portable or matched AnomalyDAE 8/24 GiB claim.",projects/benchmark/evidence/a08_data_repair/run_manifests/ethereum_contract_clean_v1__CoLA__seed42.json,See source for exact run/input membership; claim checked against current A08 revision2 and preserved historical tier,semantic claim; numerical displays independently covered by paper_number_crosswalk.csv,b1f3550943fda570e650420a1df3094b5528a23af72a475507c5a4b3c86a1567,PASS
projects/benchmark/paper/current/mdpi/DLG-Benchmark_A08_MDPI.pdf,91179ba5565761e1f9b1b2c65c8f681722896b0162b71f21f5df0898601528e1,10;11,resource_claims,"Fresh corrected-chain fit-plus-inference seconds and max allocated GiB are per actual run, no interrupted DGraphFin segment treated as total duration. Historical 402 MHz report is separate from current unverified clock; no portable or matched AnomalyDAE 8/24 GiB claim.",projects/benchmark/evidence/a08_data_repair/run_manifests/ethereum_contract_clean_v1__CoLA__seed43.json,See source for exact run/input membership; claim checked against current A08 revision2 and preserved historical tier,semantic claim; numerical displays independently covered by paper_number_crosswalk.csv,2f1b073738c86b0bb8a91969b4c8c21afef866997df0fdb7f9228d3c53abecb2,PASS
projects/benchmark/paper/current/mdpi/DLG-Benchmark_A08_MDPI.pdf,91179ba5565761e1f9b1b2c65c8f681722896b0162b71f21f5df0898601528e1,10;11,resource_claims,"Fresh corrected-chain fit-plus-inference seconds and max allocated GiB are per actual run, no interrupted DGraphFin segment treated as total duration. Historical 402 MHz report is separate from current unverified clock; no portable or matched AnomalyDAE 8/24 GiB claim.",projects/benchmark/evidence/a08_data_repair/run_manifests/ethereum_contract_clean_v1__CoLA__seed44.json,See source for exact run/input membership; claim checked against current A08 revision2 and preserved historical tier,semantic claim; numerical displays independently covered by paper_number_crosswalk.csv,ded1864a368c72d9438cbc0a4ea55cfc86c738fd41b85650b0c6003d49cb8b7c,PASS
projects/benchmark/paper/current/mdpi/DLG-Benchmark_A08_MDPI.pdf,91179ba5565761e1f9b1b2c65c8f681722896b0162b71f21f5df0898601528e1,10;11,resource_claims,"Fresh corrected-chain fit-plus-inference seconds and max allocated GiB are per actual run, no interrupted DGraphFin segment treated as total duration. Historical 402 MHz report is separate from current unverified clock; no portable or matched AnomalyDAE 8/24 GiB claim.",projects/benchmark/evidence/a08_data_repair/run_manifests/ethereum_contract_clean_v1__CoLA__seed45.json,See source for exact run/input membership; claim checked against current A08 revision2 and preserved historical tier,semantic claim; numerical displays independently covered by paper_number_crosswalk.csv,ce7597c2f7072da78c13d64c67758e78385a0b3957b4115991052b8ee2ea1b4a,PASS
projects/benchmark/paper/current/mdpi/DLG-Benchmark_A08_MDPI.pdf,91179ba5565761e1f9b1b2c65c8f681722896b0162b71f21f5df0898601528e1,10;11,resource_claims,"Fresh corrected-chain fit-plus-inference seconds and max allocated GiB are per actual run, no interrupted DGraphFin segment treated as total duration. Historical 402 MHz report is separate from current unverified clock; no portable or matched AnomalyDAE 8/24 GiB claim.",projects/benchmark/evidence/a08_data_repair/run_manifests/ethereum_contract_clean_v1__CoLA__seed46.json,See source for exact run/input membership; claim checked against current A08 revision2 and preserved historical tier,semantic claim; numerical displays independently covered by paper_number_crosswalk.csv,270c0fb6273990fe3835d48594329cd0f1a857c57927b35d413aec8bc5a2c13c,PASS
projects/benchmark/paper/current/mdpi/DLG-Benchmark_A08_MDPI.pdf,91179ba5565761e1f9b1b2c65c8f681722896b0162b71f21f5df0898601528e1,10;11,resource_claims,"Fresh corrected-chain fit-plus-inference seconds and max allocated GiB are per actual run, no interrupted DGraphFin segment treated as total duration. Historical 402 MHz report is separate from current unverified clock; no portable or matched AnomalyDAE 8/24 GiB claim.",projects/benchmark/evidence/a08_data_repair/run_manifests/ethereum_contract_clean_v1__DLG-Aug__seed42.json,See source for exact run/input membership; claim checked against current A08 revision2 and preserved historical tier,semantic claim; numerical displays independently covered by paper_number_crosswalk.csv,37760a1d8ac20f1e0fe90a695248e1e98efcd5837a0a487364d310330e06a2ca,PASS
projects/benchmark/paper/current/mdpi/DLG-Benchmark_A08_MDPI.pdf,91179ba5565761e1f9b1b2c65c8f681722896b0162b71f21f5df0898601528e1,10;11,resource_claims,"Fresh corrected-chain fit-plus-inference seconds and max allocated GiB are per actual run, no interrupted DGraphFin segment treated as total duration. Historical 402 MHz report is separate from current unverified clock; no portable or matched AnomalyDAE 8/24 GiB claim.",projects/benchmark/evidence/a08_data_repair/run_manifests/ethereum_contract_clean_v1__DLG-Aug__seed43.json,See source for exact run/input membership; claim checked against current A08 revision2 and preserved historical tier,semantic claim; numerical displays independently covered by paper_number_crosswalk.csv,2731b26d9df2854b96d7d80d10cd2cbfc4b1fb4927f7154b1c2835ed718404fd,PASS
projects/benchmark/paper/current/mdpi/DLG-Benchmark_A08_MDPI.pdf,91179ba5565761e1f9b1b2c65c8f681722896b0162b71f21f5df0898601528e1,10;11,resource_claims,"Fresh corrected-chain fit-plus-inference seconds and max allocated GiB are per actual run, no interrupted DGraphFin segment treated as total duration. Historical 402 MHz report is separate from current unverified clock; no portable or matched AnomalyDAE 8/24 GiB claim.",projects/benchmark/evidence/a08_data_repair/run_manifests/ethereum_contract_clean_v1__DLG-Aug__seed44.json,See source for exact run/input membership; claim checked against current A08 revision2 and preserved historical tier,semantic claim; numerical displays independently covered by paper_number_crosswalk.csv,30a0aafc35175391f45042e3bcfd641f6607013a6f83f9cdd8d1051c718e939f,PASS
projects/benchmark/paper/current/mdpi/DLG-Benchmark_A08_MDPI.pdf,91179ba5565761e1f9b1b2c65c8f681722896b0162b71f21f5df0898601528e1,10;11,resource_claims,"Fresh corrected-chain fit-plus-inference seconds and max allocated GiB are per actual run, no interrupted DGraphFin segment treated as total duration. Historical 402 MHz report is separate from current unverified clock; no portable or matched AnomalyDAE 8/24 GiB claim.",projects/benchmark/evidence/a08_data_repair/run_manifests/ethereum_contract_clean_v1__DLG-Aug__seed45.json,See source for exact run/input membership; claim checked against current A08 revision2 and preserved historical tier,semantic claim; numerical displays independently covered by paper_number_crosswalk.csv,98154833b1bda80fef29a015990b9a74e0bb09ae8a64a2bf517ea56bd66e9133,PASS
projects/benchmark/paper/current/mdpi/DLG-Benchmark_A08_MDPI.pdf,91179ba5565761e1f9b1b2c65c8f681722896b0162b71f21f5df0898601528e1,10;11,resource_claims,"Fresh corrected-chain fit-plus-inference seconds and max allocated GiB are per actual run, no interrupted DGraphFin segment treated as total duration. Historical 402 MHz report is separate from current unverified clock; no portable or matched AnomalyDAE 8/24 GiB claim.",projects/benchmark/evidence/a08_data_repair/run_manifests/ethereum_contract_clean_v1__DLG-Aug__seed46.json,See source for exact run/input membership; claim checked against current A08 revision2 and preserved historical tier,semantic claim; numerical displays independently covered by paper_number_crosswalk.csv,27ac495cfcd16a965d28b10182d90f0889ab3fa4c39b794867312cccadc38a6f,PASS
projects/benchmark/paper/current/mdpi/DLG-Benchmark_A08_MDPI.pdf,91179ba5565761e1f9b1b2c65c8f681722896b0162b71f21f5df0898601528e1,10;11,resource_claims,"Fresh corrected-chain fit-plus-inference seconds and max allocated GiB are per actual run, no interrupted DGraphFin segment treated as total duration. Historical 402 MHz report is separate from current unverified clock; no portable or matched AnomalyDAE 8/24 GiB claim.",projects/benchmark/evidence/a08_data_repair/run_manifests/ethereum_contract_clean_v1__DLG-Base__seed42.json,See source for exact run/input membership; claim checked against current A08 revision2 and preserved historical tier,semantic claim; numerical displays independently covered by paper_number_crosswalk.csv,8d5eedbb34990474142b8d5649dba8167d1f4da611172723bc6ce1f7d93225c6,PASS
projects/benchmark/paper/current/mdpi/DLG-Benchmark_A08_MDPI.pdf,91179ba5565761e1f9b1b2c65c8f681722896b0162b71f21f5df0898601528e1,10;11,resource_claims,"Fresh corrected-chain fit-plus-inference seconds and max allocated GiB are per actual run, no interrupted DGraphFin segment treated as total duration. Historical 402 MHz report is separate from current unverified clock; no portable or matched AnomalyDAE 8/24 GiB claim.",projects/benchmark/evidence/a08_data_repair/run_manifests/ethereum_contract_clean_v1__DLG-Base__seed43.json,See source for exact run/input membership; claim checked against current A08 revision2 and preserved historical tier,semantic claim; numerical displays independently covered by paper_number_crosswalk.csv,6276e41f5077e8372754459c5e0f1ee83e3456cb9e2dacf95153c3008ba077dc,PASS
projects/benchmark/paper/current/mdpi/DLG-Benchmark_A08_MDPI.pdf,91179ba5565761e1f9b1b2c65c8f681722896b0162b71f21f5df0898601528e1,10;11,resource_claims,"Fresh corrected-chain fit-plus-inference seconds and max allocated GiB are per actual run, no interrupted DGraphFin segment treated as total duration. Historical 402 MHz report is separate from current unverified clock; no portable or matched AnomalyDAE 8/24 GiB claim.",projects/benchmark/evidence/a08_data_repair/run_manifests/ethereum_contract_clean_v1__DLG-Base__seed44.json,See source for exact run/input membership; claim checked against current A08 revision2 and preserved historical tier,semantic claim; numerical displays independently covered by paper_number_crosswalk.csv,2db8b558ef94adab12707bae7625d8100f554c31bf5f8388c14e0990427b5c41,PASS
projects/benchmark/paper/current/mdpi/DLG-Benchmark_A08_MDPI.pdf,91179ba5565761e1f9b1b2c65c8f681722896b0162b71f21f5df0898601528e1,10;11,resource_claims,"Fresh corrected-chain fit-plus-inference seconds and max allocated GiB are per actual run, no interrupted DGraphFin segment treated as total duration. Historical 402 MHz report is separate from current unverified clock; no portable or matched AnomalyDAE 8/24 GiB claim.",projects/benchmark/evidence/a08_data_repair/run_manifests/ethereum_contract_clean_v1__DLG-Base__seed45.json,See source for exact run/input membership; claim checked against current A08 revision2 and preserved historical tier,semantic claim; numerical displays independently covered by paper_number_crosswalk.csv,a9e5ae4782698b737ddcc1de71c866be236b846854897b998ad6dce5a97879a7,PASS
projects/benchmark/paper/current/mdpi/DLG-Benchmark_A08_MDPI.pdf,91179ba5565761e1f9b1b2c65c8f681722896b0162b71f21f5df0898601528e1,10;11,resource_claims,"Fresh corrected-chain fit-plus-inference seconds and max allocated GiB are per actual run, no interrupted DGraphFin segment treated as total duration. Historical 402 MHz report is separate from current unverified clock; no portable or matched AnomalyDAE 8/24 GiB claim.",projects/benchmark/evidence/a08_data_repair/run_manifests/ethereum_contract_clean_v1__DLG-Base__seed46.json,See source for exact run/input membership; claim checked against current A08 revision2 and preserved historical tier,semantic claim; numerical displays independently covered by paper_number_crosswalk.csv,b51f577e6abf221c7d3fc0bc5ed387c1885325c973bd49bb2c7c1a5d69edc7b3,PASS
projects/benchmark/paper/current/mdpi/DLG-Benchmark_A08_MDPI.pdf,91179ba5565761e1f9b1b2c65c8f681722896b0162b71f21f5df0898601528e1,10;11,resource_claims,"Fresh corrected-chain fit-plus-inference seconds and max allocated GiB are per actual run, no interrupted DGraphFin segment treated as total duration. Historical 402 MHz report is separate from current unverified clock; no portable or matched AnomalyDAE 8/24 GiB claim.",projects/benchmark/evidence/a08_data_repair/run_manifests/ethereum_contract_clean_v1__DOMINANT__seed42.json,See source for exact run/input membership; claim checked against current A08 revision2 and preserved historical tier,semantic claim; numerical displays independently covered by paper_number_crosswalk.csv,508ed376ca722932063ea3e33bbe4d3c30d57491f70937e1ca7b506e10290dbf,PASS
projects/benchmark/paper/current/mdpi/DLG-Benchmark_A08_MDPI.pdf,91179ba5565761e1f9b1b2c65c8f681722896b0162b71f21f5df0898601528e1,10;11,resource_claims,"Fresh corrected-chain fit-plus-inference seconds and max allocated GiB are per actual run, no interrupted DGraphFin segment treated as total duration. Historical 402 MHz report is separate from current unverified clock; no portable or matched AnomalyDAE 8/24 GiB claim.",projects/benchmark/evidence/a08_data_repair/run_manifests/ethereum_contract_clean_v1__DOMINANT__seed43.json,See source for exact run/input membership; claim checked against current A08 revision2 and preserved historical tier,semantic claim; numerical displays independently covered by paper_number_crosswalk.csv,b482c40fb3522538862c52c28f9d5cc791ff01dd135c8fa9524d5d3a7b723872,PASS
projects/benchmark/paper/current/mdpi/DLG-Benchmark_A08_MDPI.pdf,91179ba5565761e1f9b1b2c65c8f681722896b0162b71f21f5df0898601528e1,10;11,resource_claims,"Fresh corrected-chain fit-plus-inference seconds and max allocated GiB are per actual run, no interrupted DGraphFin segment treated as total duration. Historical 402 MHz report is separate from current unverified clock; no portable or matched AnomalyDAE 8/24 GiB claim.",projects/benchmark/evidence/a08_data_repair/run_manifests/ethereum_contract_clean_v1__DOMINANT__seed44.json,See source for exact run/input membership; claim checked against current A08 revision2 and preserved historical tier,semantic claim; numerical displays independently covered by paper_number_crosswalk.csv,f359009d3581e592aeb096f7bc6b947b1ddafdd6d06fd1f7d9b4a25f158c549a,PASS
projects/benchmark/paper/current/mdpi/DLG-Benchmark_A08_MDPI.pdf,91179ba5565761e1f9b1b2c65c8f681722896b0162b71f21f5df0898601528e1,10;11,resource_claims,"Fresh corrected-chain fit-plus-inference seconds and max allocated GiB are per actual run, no interrupted DGraphFin segment treated as total duration. Historical 402 MHz report is separate from current unverified clock; no portable or matched AnomalyDAE 8/24 GiB claim.",projects/benchmark/evidence/a08_data_repair/run_manifests/ethereum_contract_clean_v1__DOMINANT__seed45.json,See source for exact run/input membership; claim checked against current A08 revision2 and preserved historical tier,semantic claim; numerical displays independently covered by paper_number_crosswalk.csv,caa63d1c863e6d63bca73dc846651040965d807241d9777f51679f8923cb1ff2,PASS
projects/benchmark/paper/current/mdpi/DLG-Benchmark_A08_MDPI.pdf,91179ba5565761e1f9b1b2c65c8f681722896b0162b71f21f5df0898601528e1,10;11,resource_claims,"Fresh corrected-chain fit-plus-inference seconds and max allocated GiB are per actual run, no interrupted DGraphFin segment treated as total duration. Historical 402 MHz report is separate from current unverified clock; no portable or matched AnomalyDAE 8/24 GiB claim.",projects/benchmark/evidence/a08_data_repair/run_manifests/ethereum_contract_clean_v1__DOMINANT__seed46.json,See source for exact run/input membership; claim checked against current A08 revision2 and preserved historical tier,semantic claim; numerical displays independently covered by paper_number_crosswalk.csv,ec9043e13e622552aedfd2f5016e31db0035227ca5071b569d0e9bc11a4a3fc4,PASS
projects/benchmark/paper/current/mdpi/DLG-Benchmark_A08_MDPI.pdf,91179ba5565761e1f9b1b2c65c8f681722896b0162b71f21f5df0898601528e1,10;11,resource_claims,"Fresh corrected-chain fit-plus-inference seconds and max allocated GiB are per actual run, no interrupted DGraphFin segment treated as total duration. Historical 402 MHz report is separate from current unverified clock; no portable or matched AnomalyDAE 8/24 GiB claim.",projects/benchmark/evidence/a08_data_repair/run_manifests/ethereum_contract_clean_v1__GADNR__seed42.json,See source for exact run/input membership; claim checked against current A08 revision2 and preserved historical tier,semantic claim; numerical displays independently covered by paper_number_crosswalk.csv,8466be9bd81b61410ba2371e9661f56e46b5a8bc60fff74db949f0ef82510072,PASS
projects/benchmark/paper/current/mdpi/DLG-Benchmark_A08_MDPI.pdf,91179ba5565761e1f9b1b2c65c8f681722896b0162b71f21f5df0898601528e1,10;11,resource_claims,"Fresh corrected-chain fit-plus-inference seconds and max allocated GiB are per actual run, no interrupted DGraphFin segment treated as total duration. Historical 402 MHz report is separate from current unverified clock; no portable or matched AnomalyDAE 8/24 GiB claim.",projects/benchmark/evidence/a08_data_repair/run_manifests/ethereum_contract_clean_v1__GADNR__seed43.json,See source for exact run/input membership; claim checked against current A08 revision2 and preserved historical tier,semantic claim; numerical displays independently covered by paper_number_crosswalk.csv,33eff6072468be94a619291e1140787422b3860025b0ddbf4b28b0a9572a6a93,PASS
projects/benchmark/paper/current/mdpi/DLG-Benchmark_A08_MDPI.pdf,91179ba5565761e1f9b1b2c65c8f681722896b0162b71f21f5df0898601528e1,10;11,resource_claims,"Fresh corrected-chain fit-plus-inference seconds and max allocated GiB are per actual run, no interrupted DGraphFin segment treated as total duration. Historical 402 MHz report is separate from current unverified clock; no portable or matched AnomalyDAE 8/24 GiB claim.",projects/benchmark/evidence/a08_data_repair/run_manifests/ethereum_contract_clean_v1__GADNR__seed44.json,See source for exact run/input membership; claim checked against current A08 revision2 and preserved historical tier,semantic claim; numerical displays independently covered by paper_number_crosswalk.csv,1aa61605a0f67ecf1a710dcd23dde9c77760ea9238311122357579697ddb4338,PASS
projects/benchmark/paper/current/mdpi/DLG-Benchmark_A08_MDPI.pdf,91179ba5565761e1f9b1b2c65c8f681722896b0162b71f21f5df0898601528e1,10;11,resource_claims,"Fresh corrected-chain fit-plus-inference seconds and max allocated GiB are per actual run, no interrupted DGraphFin segment treated as total duration. Historical 402 MHz report is separate from current unverified clock; no portable or matched AnomalyDAE 8/24 GiB claim.",projects/benchmark/evidence/a08_data_repair/run_manifests/ethereum_contract_clean_v1__GADNR__seed45.json,See source for exact run/input membership; claim checked against current A08 revision2 and preserved historical tier,semantic claim; numerical displays independently covered by paper_number_crosswalk.csv,b9f4652eb9cda9bd1bbd9719ee49e627cdadf4879cf006735a00320a1805ecd8,PASS
projects/benchmark/paper/current/mdpi/DLG-Benchmark_A08_MDPI.pdf,91179ba5565761e1f9b1b2c65c8f681722896b0162b71f21f5df0898601528e1,10;11,resource_claims,"Fresh corrected-chain fit-plus-inference seconds and max allocated GiB are per actual run, no interrupted DGraphFin segment treated as total duration. Historical 402 MHz report is separate from current unverified clock; no portable or matched AnomalyDAE 8/24 GiB claim.",projects/benchmark/evidence/a08_data_repair/run_manifests/ethereum_contract_clean_v1__GADNR__seed46.json,See source for exact run/input membership; claim checked against current A08 revision2 and preserved historical tier,semantic claim; numerical displays independently covered by paper_number_crosswalk.csv,4d3c56e6bcd8e0c179f90aa8bf604bcdcc6f4a0ae784b5ea2bd8dbf6daa0c5a5,PASS
projects/benchmark/paper/current/mdpi/DLG-Benchmark_A08_MDPI.pdf,91179ba5565761e1f9b1b2c65c8f681722896b0162b71f21f5df0898601528e1,10;11,resource_claims,"Fresh corrected-chain fit-plus-inference seconds and max allocated GiB are per actual run, no interrupted DGraphFin segment treated as total duration. Historical 402 MHz report is separate from current unverified clock; no portable or matched AnomalyDAE 8/24 GiB claim.",projects/benchmark/evidence/a08_data_repair/run_manifests/ethereum_contract_clean_v1__OCGNN__seed42.json,See source for exact run/input membership; claim checked against current A08 revision2 and preserved historical tier,semantic claim; numerical displays independently covered by paper_number_crosswalk.csv,f7a98f3fdfacbc5fc2235b2cc13d2ec3e72d88bbcf71b03493fe48cb45a137c1,PASS
projects/benchmark/paper/current/mdpi/DLG-Benchmark_A08_MDPI.pdf,91179ba5565761e1f9b1b2c65c8f681722896b0162b71f21f5df0898601528e1,10;11,resource_claims,"Fresh corrected-chain fit-plus-inference seconds and max allocated GiB are per actual run, no interrupted DGraphFin segment treated as total duration. Historical 402 MHz report is separate from current unverified clock; no portable or matched AnomalyDAE 8/24 GiB claim.",projects/benchmark/evidence/a08_data_repair/run_manifests/ethereum_contract_clean_v1__OCGNN__seed43.json,See source for exact run/input membership; claim checked against current A08 revision2 and preserved historical tier,semantic claim; numerical displays independently covered by paper_number_crosswalk.csv,3c513811bb612cf4131174f019458889cac5281e0d24c48a85201e9074c2ba3d,PASS
projects/benchmark/paper/current/mdpi/DLG-Benchmark_A08_MDPI.pdf,91179ba5565761e1f9b1b2c65c8f681722896b0162b71f21f5df0898601528e1,10;11,resource_claims,"Fresh corrected-chain fit-plus-inference seconds and max allocated GiB are per actual run, no interrupted DGraphFin segment treated as total duration. Historical 402 MHz report is separate from current unverified clock; no portable or matched AnomalyDAE 8/24 GiB claim.",projects/benchmark/evidence/a08_data_repair/run_manifests/ethereum_contract_clean_v1__OCGNN__seed44.json,See source for exact run/input membership; claim checked against current A08 revision2 and preserved historical tier,semantic claim; numerical displays independently covered by paper_number_crosswalk.csv,63c89e0b12e56d8923370f34120c31371aa3f93e06448a094d2fb0acca43e7e3,PASS
projects/benchmark/paper/current/mdpi/DLG-Benchmark_A08_MDPI.pdf,91179ba5565761e1f9b1b2c65c8f681722896b0162b71f21f5df0898601528e1,10;11,resource_claims,"Fresh corrected-chain fit-plus-inference seconds and max allocated GiB are per actual run, no interrupted DGraphFin segment treated as total duration. Historical 402 MHz report is separate from current unverified clock; no portable or matched AnomalyDAE 8/24 GiB claim.",projects/benchmark/evidence/a08_data_repair/run_manifests/ethereum_contract_clean_v1__OCGNN__seed45.json,See source for exact run/input membership; claim checked against current A08 revision2 and preserved historical tier,semantic claim; numerical displays independently covered by paper_number_crosswalk.csv,9919d808dccbf3ecb123b6399587b3ef0573148e3ce8850d8e425ccc678f33b2,PASS
projects/benchmark/paper/current/mdpi/DLG-Benchmark_A08_MDPI.pdf,91179ba5565761e1f9b1b2c65c8f681722896b0162b71f21f5df0898601528e1,10;11,resource_claims,"Fresh corrected-chain fit-plus-inference seconds and max allocated GiB are per actual run, no interrupted DGraphFin segment treated as total duration. Historical 402 MHz report is separate from current unverified clock; no portable or matched AnomalyDAE 8/24 GiB claim.",projects/benchmark/evidence/a08_data_repair/run_manifests/ethereum_contract_clean_v1__OCGNN__seed46.json,See source for exact run/input membership; claim checked against current A08 revision2 and preserved historical tier,semantic claim; numerical displays independently covered by paper_number_crosswalk.csv,e98918d9e7012b9f6cb22a9473239b84c8c4415ac50ae5dab6df5d8d14dc1cf3,PASS
projects/benchmark/paper/current/mdpi/DLG-Benchmark_A08_MDPI.pdf,91179ba5565761e1f9b1b2c65c8f681722896b0162b71f21f5df0898601528e1,10;11,resource_claims,"Fresh corrected-chain fit-plus-inference seconds and max allocated GiB are per actual run, no interrupted DGraphFin segment treated as total duration. Historical 402 MHz report is separate from current unverified clock; no portable or matched AnomalyDAE 8/24 GiB claim.",projects/benchmark/evidence/a08_data_repair/run_manifests/polygon_contract_clean_v1__AnomalyDAE__seed42.json,See source for exact run/input membership; claim checked against current A08 revision2 and preserved historical tier,semantic claim; numerical displays independently covered by paper_number_crosswalk.csv,a795ff526cdd5b8295724023ea28d7e9d90809d62126915658fe0eb56d56e0d6,PASS
projects/benchmark/paper/current/mdpi/DLG-Benchmark_A08_MDPI.pdf,91179ba5565761e1f9b1b2c65c8f681722896b0162b71f21f5df0898601528e1,10;11,resource_claims,"Fresh corrected-chain fit-plus-inference seconds and max allocated GiB are per actual run, no interrupted DGraphFin segment treated as total duration. Historical 402 MHz report is separate from current unverified clock; no portable or matched AnomalyDAE 8/24 GiB claim.",projects/benchmark/evidence/a08_data_repair/run_manifests/polygon_contract_clean_v1__AnomalyDAE__seed43.json,See source for exact run/input membership; claim checked against current A08 revision2 and preserved historical tier,semantic claim; numerical displays independently covered by paper_number_crosswalk.csv,32bf38a983660878ae39d0273c381354a5853f261ce583a47be82059e4a3ccbb,PASS
projects/benchmark/paper/current/mdpi/DLG-Benchmark_A08_MDPI.pdf,91179ba5565761e1f9b1b2c65c8f681722896b0162b71f21f5df0898601528e1,10;11,resource_claims,"Fresh corrected-chain fit-plus-inference seconds and max allocated GiB are per actual run, no interrupted DGraphFin segment treated as total duration. Historical 402 MHz report is separate from current unverified clock; no portable or matched AnomalyDAE 8/24 GiB claim.",projects/benchmark/evidence/a08_data_repair/run_manifests/polygon_contract_clean_v1__AnomalyDAE__seed44.json,See source for exact run/input membership; claim checked against current A08 revision2 and preserved historical tier,semantic claim; numerical displays independently covered by paper_number_crosswalk.csv,da15c52a2140c6ffe5a76110d6dd7b4ea2df796e1c0b8982b9052591c703023e,PASS
projects/benchmark/paper/current/mdpi/DLG-Benchmark_A08_MDPI.pdf,91179ba5565761e1f9b1b2c65c8f681722896b0162b71f21f5df0898601528e1,10;11,resource_claims,"Fresh corrected-chain fit-plus-inference seconds and max allocated GiB are per actual run, no interrupted DGraphFin segment treated as total duration. Historical 402 MHz report is separate from current unverified clock; no portable or matched AnomalyDAE 8/24 GiB claim.",projects/benchmark/evidence/a08_data_repair/run_manifests/polygon_contract_clean_v1__AnomalyDAE__seed45.json,See source for exact run/input membership; claim checked against current A08 revision2 and preserved historical tier,semantic claim; numerical displays independently covered by paper_number_crosswalk.csv,962c14d87634f1ad1f564d037b2b668bfeaed1f33103c3312c7ca8e6ec36776f,PASS
projects/benchmark/paper/current/mdpi/DLG-Benchmark_A08_MDPI.pdf,91179ba5565761e1f9b1b2c65c8f681722896b0162b71f21f5df0898601528e1,10;11,resource_claims,"Fresh corrected-chain fit-plus-inference seconds and max allocated GiB are per actual run, no interrupted DGraphFin segment treated as total duration. Historical 402 MHz report is separate from current unverified clock; no portable or matched AnomalyDAE 8/24 GiB claim.",projects/benchmark/evidence/a08_data_repair/run_manifests/polygon_contract_clean_v1__AnomalyDAE__seed46.json,See source for exact run/input membership; claim checked against current A08 revision2 and preserved historical tier,semantic claim; numerical displays independently covered by paper_number_crosswalk.csv,ff866fa18c811e6139b4245259af2f1456a212ab79e422e740323d45457a091a,PASS
projects/benchmark/paper/current/mdpi/DLG-Benchmark_A08_MDPI.pdf,91179ba5565761e1f9b1b2c65c8f681722896b0162b71f21f5df0898601528e1,10;11,resource_claims,"Fresh corrected-chain fit-plus-inference seconds and max allocated GiB are per actual run, no interrupted DGraphFin segment treated as total duration. Historical 402 MHz report is separate from current unverified clock; no portable or matched AnomalyDAE 8/24 GiB claim.",projects/benchmark/evidence/a08_data_repair/run_manifests/polygon_contract_clean_v1__CoLA__seed42.json,See source for exact run/input membership; claim checked against current A08 revision2 and preserved historical tier,semantic claim; numerical displays independently covered by paper_number_crosswalk.csv,bb68cfc1d1f4cb04a8d5075c53956c060b54b82cdc068e6cc1ff419274893400,PASS
projects/benchmark/paper/current/mdpi/DLG-Benchmark_A08_MDPI.pdf,91179ba5565761e1f9b1b2c65c8f681722896b0162b71f21f5df0898601528e1,10;11,resource_claims,"Fresh corrected-chain fit-plus-inference seconds and max allocated GiB are per actual run, no interrupted DGraphFin segment treated as total duration. Historical 402 MHz report is separate from current unverified clock; no portable or matched AnomalyDAE 8/24 GiB claim.",projects/benchmark/evidence/a08_data_repair/run_manifests/polygon_contract_clean_v1__CoLA__seed43.json,See source for exact run/input membership; claim checked against current A08 revision2 and preserved historical tier,semantic claim; numerical displays independently covered by paper_number_crosswalk.csv,1425b6ca47c04e66a7ec3d70e6fb392b5cef1a8febc8ea3366d4b3b2ae93960a,PASS
projects/benchmark/paper/current/mdpi/DLG-Benchmark_A08_MDPI.pdf,91179ba5565761e1f9b1b2c65c8f681722896b0162b71f21f5df0898601528e1,10;11,resource_claims,"Fresh corrected-chain fit-plus-inference seconds and max allocated GiB are per actual run, no interrupted DGraphFin segment treated as total duration. Historical 402 MHz report is separate from current unverified clock; no portable or matched AnomalyDAE 8/24 GiB claim.",projects/benchmark/evidence/a08_data_repair/run_manifests/polygon_contract_clean_v1__CoLA__seed44.json,See source for exact run/input membership; claim checked against current A08 revision2 and preserved historical tier,semantic claim; numerical displays independently covered by paper_number_crosswalk.csv,2ed29590e033c3826ddf25710290944f01ca241158b73560ba2cd3b7b5192148,PASS
projects/benchmark/paper/current/mdpi/DLG-Benchmark_A08_MDPI.pdf,91179ba5565761e1f9b1b2c65c8f681722896b0162b71f21f5df0898601528e1,10;11,resource_claims,"Fresh corrected-chain fit-plus-inference seconds and max allocated GiB are per actual run, no interrupted DGraphFin segment treated as total duration. Historical 402 MHz report is separate from current unverified clock; no portable or matched AnomalyDAE 8/24 GiB claim.",projects/benchmark/evidence/a08_data_repair/run_manifests/polygon_contract_clean_v1__CoLA__seed45.json,See source for exact run/input membership; claim checked against current A08 revision2 and preserved historical tier,semantic claim; numerical displays independently covered by paper_number_crosswalk.csv,1bb7fefa145b34403f01c737cd02d8e4c660b01bcb874a1d66fcb6e75a7c45ae,PASS
projects/benchmark/paper/current/mdpi/DLG-Benchmark_A08_MDPI.pdf,91179ba5565761e1f9b1b2c65c8f681722896b0162b71f21f5df0898601528e1,10;11,resource_claims,"Fresh corrected-chain fit-plus-inference seconds and max allocated GiB are per actual run, no interrupted DGraphFin segment treated as total duration. Historical 402 MHz report is separate from current unverified clock; no portable or matched AnomalyDAE 8/24 GiB claim.",projects/benchmark/evidence/a08_data_repair/run_manifests/polygon_contract_clean_v1__CoLA__seed46.json,See source for exact run/input membership; claim checked against current A08 revision2 and preserved historical tier,semantic claim; numerical displays independently covered by paper_number_crosswalk.csv,8cb51fc3606641b56ebbbbf11ab36bf773a3a073f977a3cbfe48ecaf194af0c9,PASS
projects/benchmark/paper/current/mdpi/DLG-Benchmark_A08_MDPI.pdf,91179ba5565761e1f9b1b2c65c8f681722896b0162b71f21f5df0898601528e1,10;11,resource_claims,"Fresh corrected-chain fit-plus-inference seconds and max allocated GiB are per actual run, no interrupted DGraphFin segment treated as total duration. Historical 402 MHz report is separate from current unverified clock; no portable or matched AnomalyDAE 8/24 GiB claim.",projects/benchmark/evidence/a08_data_repair/run_manifests/polygon_contract_clean_v1__DLG-Aug__seed42.json,See source for exact run/input membership; claim checked against current A08 revision2 and preserved historical tier,semantic claim; numerical displays independently covered by paper_number_crosswalk.csv,5814f310a52580c484422e4a2a84ec9e00524927ff92ed6edbb10418946c389b,PASS
projects/benchmark/paper/current/mdpi/DLG-Benchmark_A08_MDPI.pdf,91179ba5565761e1f9b1b2c65c8f681722896b0162b71f21f5df0898601528e1,10;11,resource_claims,"Fresh corrected-chain fit-plus-inference seconds and max allocated GiB are per actual run, no interrupted DGraphFin segment treated as total duration. Historical 402 MHz report is separate from current unverified clock; no portable or matched AnomalyDAE 8/24 GiB claim.",projects/benchmark/evidence/a08_data_repair/run_manifests/polygon_contract_clean_v1__DLG-Aug__seed43.json,See source for exact run/input membership; claim checked against current A08 revision2 and preserved historical tier,semantic claim; numerical displays independently covered by paper_number_crosswalk.csv,0d98b78c89743015680c3b34c2ad02fd29c47c94f82e21bcd61f6fe44c9c080c,PASS
projects/benchmark/paper/current/mdpi/DLG-Benchmark_A08_MDPI.pdf,91179ba5565761e1f9b1b2c65c8f681722896b0162b71f21f5df0898601528e1,10;11,resource_claims,"Fresh corrected-chain fit-plus-inference seconds and max allocated GiB are per actual run, no interrupted DGraphFin segment treated as total duration. Historical 402 MHz report is separate from current unverified clock; no portable or matched AnomalyDAE 8/24 GiB claim.",projects/benchmark/evidence/a08_data_repair/run_manifests/polygon_contract_clean_v1__DLG-Aug__seed44.json,See source for exact run/input membership; claim checked against current A08 revision2 and preserved historical tier,semantic claim; numerical displays independently covered by paper_number_crosswalk.csv,315e890296f74d9cba4533d15cd12cc75bcc8bc7ca33c176eb81c33bafcc3797,PASS
projects/benchmark/paper/current/mdpi/DLG-Benchmark_A08_MDPI.pdf,91179ba5565761e1f9b1b2c65c8f681722896b0162b71f21f5df0898601528e1,10;11,resource_claims,"Fresh corrected-chain fit-plus-inference seconds and max allocated GiB are per actual run, no interrupted DGraphFin segment treated as total duration. Historical 402 MHz report is separate from current unverified clock; no portable or matched AnomalyDAE 8/24 GiB claim.",projects/benchmark/evidence/a08_data_repair/run_manifests/polygon_contract_clean_v1__DLG-Aug__seed45.json,See source for exact run/input membership; claim checked against current A08 revision2 and preserved historical tier,semantic claim; numerical displays independently covered by paper_number_crosswalk.csv,cbfd7b74664f2336335f8f5e4fc14828c90fb93919d3d76675bc06b597f97995,PASS
projects/benchmark/paper/current/mdpi/DLG-Benchmark_A08_MDPI.pdf,91179ba5565761e1f9b1b2c65c8f681722896b0162b71f21f5df0898601528e1,10;11,resource_claims,"Fresh corrected-chain fit-plus-inference seconds and max allocated GiB are per actual run, no interrupted DGraphFin segment treated as total duration. Historical 402 MHz report is separate from current unverified clock; no portable or matched AnomalyDAE 8/24 GiB claim.",projects/benchmark/evidence/a08_data_repair/run_manifests/polygon_contract_clean_v1__DLG-Aug__seed46.json,See source for exact run/input membership; claim checked against current A08 revision2 and preserved historical tier,semantic claim; numerical displays independently covered by paper_number_crosswalk.csv,8020a39675d515a0ba8af92ea836114aeae647c11a67318214702fa37d2839e3,PASS
projects/benchmark/paper/current/mdpi/DLG-Benchmark_A08_MDPI.pdf,91179ba5565761e1f9b1b2c65c8f681722896b0162b71f21f5df0898601528e1,10;11,resource_claims,"Fresh corrected-chain fit-plus-inference seconds and max allocated GiB are per actual run, no interrupted DGraphFin segment treated as total duration. Historical 402 MHz report is separate from current unverified clock; no portable or matched AnomalyDAE 8/24 GiB claim.",projects/benchmark/evidence/a08_data_repair/run_manifests/polygon_contract_clean_v1__DLG-Base__seed42.json,See source for exact run/input membership; claim checked against current A08 revision2 and preserved historical tier,semantic claim; numerical displays independently covered by paper_number_crosswalk.csv,a904772a0402e7ee80249e6901613d8d7e45c0c95586d1e3421114d1e9f5c888,PASS
projects/benchmark/paper/current/mdpi/DLG-Benchmark_A08_MDPI.pdf,91179ba5565761e1f9b1b2c65c8f681722896b0162b71f21f5df0898601528e1,10;11,resource_claims,"Fresh corrected-chain fit-plus-inference seconds and max allocated GiB are per actual run, no interrupted DGraphFin segment treated as total duration. Historical 402 MHz report is separate from current unverified clock; no portable or matched AnomalyDAE 8/24 GiB claim.",projects/benchmark/evidence/a08_data_repair/run_manifests/polygon_contract_clean_v1__DLG-Base__seed43.json,See source for exact run/input membership; claim checked against current A08 revision2 and preserved historical tier,semantic claim; numerical displays independently covered by paper_number_crosswalk.csv,47522dc94a18d4b1ef555374330ea8ec7a45f3ea57c7b3ea47d0b278e73b27fd,PASS
projects/benchmark/paper/current/mdpi/DLG-Benchmark_A08_MDPI.pdf,91179ba5565761e1f9b1b2c65c8f681722896b0162b71f21f5df0898601528e1,10;11,resource_claims,"Fresh corrected-chain fit-plus-inference seconds and max allocated GiB are per actual run, no interrupted DGraphFin segment treated as total duration. Historical 402 MHz report is separate from current unverified clock; no portable or matched AnomalyDAE 8/24 GiB claim.",projects/benchmark/evidence/a08_data_repair/run_manifests/polygon_contract_clean_v1__DLG-Base__seed44.json,See source for exact run/input membership; claim checked against current A08 revision2 and preserved historical tier,semantic claim; numerical displays independently covered by paper_number_crosswalk.csv,ea526ed3ea4879cb511e86d1d1b24fbef604f18394608b5ef97c13b56f74f24c,PASS
projects/benchmark/paper/current/mdpi/DLG-Benchmark_A08_MDPI.pdf,91179ba5565761e1f9b1b2c65c8f681722896b0162b71f21f5df0898601528e1,10;11,resource_claims,"Fresh corrected-chain fit-plus-inference seconds and max allocated GiB are per actual run, no interrupted DGraphFin segment treated as total duration. Historical 402 MHz report is separate from current unverified clock; no portable or matched AnomalyDAE 8/24 GiB claim.",projects/benchmark/evidence/a08_data_repair/run_manifests/polygon_contract_clean_v1__DLG-Base__seed45.json,See source for exact run/input membership; claim checked against current A08 revision2 and preserved historical tier,semantic claim; numerical displays independently covered by paper_number_crosswalk.csv,e5148328bbd794e0603de9c2c965b782a62cf1f018fbd5cb6260235599a32e6f,PASS
projects/benchmark/paper/current/mdpi/DLG-Benchmark_A08_MDPI.pdf,91179ba5565761e1f9b1b2c65c8f681722896b0162b71f21f5df0898601528e1,10;11,resource_claims,"Fresh corrected-chain fit-plus-inference seconds and max allocated GiB are per actual run, no interrupted DGraphFin segment treated as total duration. Historical 402 MHz report is separate from current unverified clock; no portable or matched AnomalyDAE 8/24 GiB claim.",projects/benchmark/evidence/a08_data_repair/run_manifests/polygon_contract_clean_v1__DLG-Base__seed46.json,See source for exact run/input membership; claim checked against current A08 revision2 and preserved historical tier,semantic claim; numerical displays independently covered by paper_number_crosswalk.csv,51851943c4ad845931d1bd9b9a50fceb4b383e4a2a72f2e3c87e93c25c68350d,PASS
projects/benchmark/paper/current/mdpi/DLG-Benchmark_A08_MDPI.pdf,91179ba5565761e1f9b1b2c65c8f681722896b0162b71f21f5df0898601528e1,10;11,resource_claims,"Fresh corrected-chain fit-plus-inference seconds and max allocated GiB are per actual run, no interrupted DGraphFin segment treated as total duration. Historical 402 MHz report is separate from current unverified clock; no portable or matched AnomalyDAE 8/24 GiB claim.",projects/benchmark/evidence/a08_data_repair/run_manifests/polygon_contract_clean_v1__DOMINANT__seed42.json,See source for exact run/input membership; claim checked against current A08 revision2 and preserved historical tier,semantic claim; numerical displays independently covered by paper_number_crosswalk.csv,447b9fd0829209394df351ec7f773439e4cec3cb1d9278e864d5d549b86d694a,PASS
projects/benchmark/paper/current/mdpi/DLG-Benchmark_A08_MDPI.pdf,91179ba5565761e1f9b1b2c65c8f681722896b0162b71f21f5df0898601528e1,10;11,resource_claims,"Fresh corrected-chain fit-plus-inference seconds and max allocated GiB are per actual run, no interrupted DGraphFin segment treated as total duration. Historical 402 MHz report is separate from current unverified clock; no portable or matched AnomalyDAE 8/24 GiB claim.",projects/benchmark/evidence/a08_data_repair/run_manifests/polygon_contract_clean_v1__DOMINANT__seed43.json,See source for exact run/input membership; claim checked against current A08 revision2 and preserved historical tier,semantic claim; numerical displays independently covered by paper_number_crosswalk.csv,7b8b1f5560cfd76a69025164b4ae7ecd928a4d70d1e000fcda628ec1ad679641,PASS
projects/benchmark/paper/current/mdpi/DLG-Benchmark_A08_MDPI.pdf,91179ba5565761e1f9b1b2c65c8f681722896b0162b71f21f5df0898601528e1,10;11,resource_claims,"Fresh corrected-chain fit-plus-inference seconds and max allocated GiB are per actual run, no interrupted DGraphFin segment treated as total duration. Historical 402 MHz report is separate from current unverified clock; no portable or matched AnomalyDAE 8/24 GiB claim.",projects/benchmark/evidence/a08_data_repair/run_manifests/polygon_contract_clean_v1__DOMINANT__seed44.json,See source for exact run/input membership; claim checked against current A08 revision2 and preserved historical tier,semantic claim; numerical displays independently covered by paper_number_crosswalk.csv,dedb19ac6180c85116bc70948c45ba8a68db5d632819e30c3a6ad59a15680359,PASS
projects/benchmark/paper/current/mdpi/DLG-Benchmark_A08_MDPI.pdf,91179ba5565761e1f9b1b2c65c8f681722896b0162b71f21f5df0898601528e1,10;11,resource_claims,"Fresh corrected-chain fit-plus-inference seconds and max allocated GiB are per actual run, no interrupted DGraphFin segment treated as total duration. Historical 402 MHz report is separate from current unverified clock; no portable or matched AnomalyDAE 8/24 GiB claim.",projects/benchmark/evidence/a08_data_repair/run_manifests/polygon_contract_clean_v1__DOMINANT__seed45.json,See source for exact run/input membership; claim checked against current A08 revision2 and preserved historical tier,semantic claim; numerical displays independently covered by paper_number_crosswalk.csv,440c078894f126453fb25932d134166d38c62331faa0e5f6543c0369d2c7506f,PASS
projects/benchmark/paper/current/mdpi/DLG-Benchmark_A08_MDPI.pdf,91179ba5565761e1f9b1b2c65c8f681722896b0162b71f21f5df0898601528e1,10;11,resource_claims,"Fresh corrected-chain fit-plus-inference seconds and max allocated GiB are per actual run, no interrupted DGraphFin segment treated as total duration. Historical 402 MHz report is separate from current unverified clock; no portable or matched AnomalyDAE 8/24 GiB claim.",projects/benchmark/evidence/a08_data_repair/run_manifests/polygon_contract_clean_v1__DOMINANT__seed46.json,See source for exact run/input membership; claim checked against current A08 revision2 and preserved historical tier,semantic claim; numerical displays independently covered by paper_number_crosswalk.csv,d3e988069451bc8124dc4eafa144c7d312161df1fd6343a4ba71e7f6dbf915ff,PASS
projects/benchmark/paper/current/mdpi/DLG-Benchmark_A08_MDPI.pdf,91179ba5565761e1f9b1b2c65c8f681722896b0162b71f21f5df0898601528e1,10;11,resource_claims,"Fresh corrected-chain fit-plus-inference seconds and max allocated GiB are per actual run, no interrupted DGraphFin segment treated as total duration. Historical 402 MHz report is separate from current unverified clock; no portable or matched AnomalyDAE 8/24 GiB claim.",projects/benchmark/evidence/a08_data_repair/run_manifests/polygon_contract_clean_v1__GADNR__seed42.json,See source for exact run/input membership; claim checked against current A08 revision2 and preserved historical tier,semantic claim; numerical displays independently covered by paper_number_crosswalk.csv,b00de5a199740c3ec9b98f5799ea1f3006b6a5a064629c40c86b5f739dac43b5,PASS
projects/benchmark/paper/current/mdpi/DLG-Benchmark_A08_MDPI.pdf,91179ba5565761e1f9b1b2c65c8f681722896b0162b71f21f5df0898601528e1,10;11,resource_claims,"Fresh corrected-chain fit-plus-inference seconds and max allocated GiB are per actual run, no interrupted DGraphFin segment treated as total duration. Historical 402 MHz report is separate from current unverified clock; no portable or matched AnomalyDAE 8/24 GiB claim.",projects/benchmark/evidence/a08_data_repair/run_manifests/polygon_contract_clean_v1__GADNR__seed43.json,See source for exact run/input membership; claim checked against current A08 revision2 and preserved historical tier,semantic claim; numerical displays independently covered by paper_number_crosswalk.csv,b65d1a1958e7a344c0c51113326f3bc1ca5620e5979b0c0c984fe466964b36b7,PASS
projects/benchmark/paper/current/mdpi/DLG-Benchmark_A08_MDPI.pdf,91179ba5565761e1f9b1b2c65c8f681722896b0162b71f21f5df0898601528e1,10;11,resource_claims,"Fresh corrected-chain fit-plus-inference seconds and max allocated GiB are per actual run, no interrupted DGraphFin segment treated as total duration. Historical 402 MHz report is separate from current unverified clock; no portable or matched AnomalyDAE 8/24 GiB claim.",projects/benchmark/evidence/a08_data_repair/run_manifests/polygon_contract_clean_v1__GADNR__seed44.json,See source for exact run/input membership; claim checked against current A08 revision2 and preserved historical tier,semantic claim; numerical displays independently covered by paper_number_crosswalk.csv,1dcf62e7c7b960d56fa4520d8549262049243ff63bb45155a8634adb242b01c6,PASS
projects/benchmark/paper/current/mdpi/DLG-Benchmark_A08_MDPI.pdf,91179ba5565761e1f9b1b2c65c8f681722896b0162b71f21f5df0898601528e1,10;11,resource_claims,"Fresh corrected-chain fit-plus-inference seconds and max allocated GiB are per actual run, no interrupted DGraphFin segment treated as total duration. Historical 402 MHz report is separate from current unverified clock; no portable or matched AnomalyDAE 8/24 GiB claim.",projects/benchmark/evidence/a08_data_repair/run_manifests/polygon_contract_clean_v1__GADNR__seed45.json,See source for exact run/input membership; claim checked against current A08 revision2 and preserved historical tier,semantic claim; numerical displays independently covered by paper_number_crosswalk.csv,86535690bb06ea543616eff541e01cd7ee6b1ace232c59f80fe5e57946e75b76,PASS
projects/benchmark/paper/current/mdpi/DLG-Benchmark_A08_MDPI.pdf,91179ba5565761e1f9b1b2c65c8f681722896b0162b71f21f5df0898601528e1,10;11,resource_claims,"Fresh corrected-chain fit-plus-inference seconds and max allocated GiB are per actual run, no interrupted DGraphFin segment treated as total duration. Historical 402 MHz report is separate from current unverified clock; no portable or matched AnomalyDAE 8/24 GiB claim.",projects/benchmark/evidence/a08_data_repair/run_manifests/polygon_contract_clean_v1__GADNR__seed46.json,See source for exact run/input membership; claim checked against current A08 revision2 and preserved historical tier,semantic claim; numerical displays independently covered by paper_number_crosswalk.csv,c674c890431dab39c341e8706a70e978d2b9533d8d2526b3542a0d34369b0149,PASS
projects/benchmark/paper/current/mdpi/DLG-Benchmark_A08_MDPI.pdf,91179ba5565761e1f9b1b2c65c8f681722896b0162b71f21f5df0898601528e1,10;11,resource_claims,"Fresh corrected-chain fit-plus-inference seconds and max allocated GiB are per actual run, no interrupted DGraphFin segment treated as total duration. Historical 402 MHz report is separate from current unverified clock; no portable or matched AnomalyDAE 8/24 GiB claim.",projects/benchmark/evidence/a08_data_repair/run_manifests/polygon_contract_clean_v1__OCGNN__seed42.json,See source for exact run/input membership; claim checked against current A08 revision2 and preserved historical tier,semantic claim; numerical displays independently covered by paper_number_crosswalk.csv,c7e839ed0943e18a0c37bba342dc22ffa28eb0d7b50c332002162061c966eadf,PASS
projects/benchmark/paper/current/mdpi/DLG-Benchmark_A08_MDPI.pdf,91179ba5565761e1f9b1b2c65c8f681722896b0162b71f21f5df0898601528e1,10;11,resource_claims,"Fresh corrected-chain fit-plus-inference seconds and max allocated GiB are per actual run, no interrupted DGraphFin segment treated as total duration. Historical 402 MHz report is separate from current unverified clock; no portable or matched AnomalyDAE 8/24 GiB claim.",projects/benchmark/evidence/a08_data_repair/run_manifests/polygon_contract_clean_v1__OCGNN__seed43.json,See source for exact run/input membership; claim checked against current A08 revision2 and preserved historical tier,semantic claim; numerical displays independently covered by paper_number_crosswalk.csv,47eca889ac344b1bec152f593c22df449529b853414e18ed204d26df5a87d42a,PASS
projects/benchmark/paper/current/mdpi/DLG-Benchmark_A08_MDPI.pdf,91179ba5565761e1f9b1b2c65c8f681722896b0162b71f21f5df0898601528e1,10;11,resource_claims,"Fresh corrected-chain fit-plus-inference seconds and max allocated GiB are per actual run, no interrupted DGraphFin segment treated as total duration. Historical 402 MHz report is separate from current unverified clock; no portable or matched AnomalyDAE 8/24 GiB claim.",projects/benchmark/evidence/a08_data_repair/run_manifests/polygon_contract_clean_v1__OCGNN__seed44.json,See source for exact run/input membership; claim checked against current A08 revision2 and preserved historical tier,semantic claim; numerical displays independently covered by paper_number_crosswalk.csv,0c27dfcf26987cdd14155814df631852a30195d0208be7a49ce3d487974c7283,PASS
projects/benchmark/paper/current/mdpi/DLG-Benchmark_A08_MDPI.pdf,91179ba5565761e1f9b1b2c65c8f681722896b0162b71f21f5df0898601528e1,10;11,resource_claims,"Fresh corrected-chain fit-plus-inference seconds and max allocated GiB are per actual run, no interrupted DGraphFin segment treated as total duration. Historical 402 MHz report is separate from current unverified clock; no portable or matched AnomalyDAE 8/24 GiB claim.",projects/benchmark/evidence/a08_data_repair/run_manifests/polygon_contract_clean_v1__OCGNN__seed45.json,See source for exact run/input membership; claim checked against current A08 revision2 and preserved historical tier,semantic claim; numerical displays independently covered by paper_number_crosswalk.csv,d006eca66eb2781985ea04be6498436269710dba780fefdeba95be1646e422ad,PASS
projects/benchmark/paper/current/mdpi/DLG-Benchmark_A08_MDPI.pdf,91179ba5565761e1f9b1b2c65c8f681722896b0162b71f21f5df0898601528e1,10;11,resource_claims,"Fresh corrected-chain fit-plus-inference seconds and max allocated GiB are per actual run, no interrupted DGraphFin segment treated as total duration. Historical 402 MHz report is separate from current unverified clock; no portable or matched AnomalyDAE 8/24 GiB claim.",projects/benchmark/evidence/a08_data_repair/run_manifests/polygon_contract_clean_v1__OCGNN__seed46.json,See source for exact run/input membership; claim checked against current A08 revision2 and preserved historical tier,semantic claim; numerical displays independently covered by paper_number_crosswalk.csv,c06b2e9fe49f6de6a45e646eeb36aa0e7d2a7dfed101d65c413de75b51196bcb,PASS
projects/benchmark/paper/current/mdpi/DLG-Benchmark_A08_MDPI.pdf,91179ba5565761e1f9b1b2c65c8f681722896b0162b71f21f5df0898601528e1,4;6;11,old_new_population_comparison,"Both manuscripts disclose feature/topology/population and threshold policy changes, exclude old crypto primary predictions, and reject old/new causal topology attribution or restored favorable seeds.",projects/benchmark/evidence/a08_data_repair/old_input_denylist.json,See source for exact run/input membership; claim checked against current A08 revision2 and preserved historical tier,semantic claim; numerical displays independently covered by paper_number_crosswalk.csv,f53dc5f5e825c07754d6f57ff9aafda3c8c6523bd99f2ceebdf56f639ac3332f,PASS
projects/benchmark/paper/current/mdpi/DLG-Benchmark_A08_MDPI.pdf,91179ba5565761e1f9b1b2c65c8f681722896b0162b71f21f5df0898601528e1,4;6;11,old_new_population_comparison,"Both manuscripts disclose feature/topology/population and threshold policy changes, exclude old crypto primary predictions, and reject old/new causal topology attribution or restored favorable seeds.",projects/benchmark/evidence/a08_data_repair/input_manifest.json,See source for exact run/input membership; claim checked against current A08 revision2 and preserved historical tier,semantic claim; numerical displays independently covered by paper_number_crosswalk.csv,3b1be3807e47e3c1539a66b8665ca298543f4c33042f93a3842628a7ee8f9f76,PASS
projects/benchmark/paper/current/mdpi/DLG-Benchmark_A08_MDPI.pdf,91179ba5565761e1f9b1b2c65c8f681722896b0162b71f21f5df0898601528e1,4;6;11,old_new_population_comparison,"Both manuscripts disclose feature/topology/population and threshold policy changes, exclude old crypto primary predictions, and reject old/new causal topology attribution or restored favorable seeds.",projects/benchmark/evidence/a08_data_repair/audit/historical_reuse.json,See source for exact run/input membership; claim checked against current A08 revision2 and preserved historical tier,semantic claim; numerical displays independently covered by paper_number_crosswalk.csv,bc600526769a97fb8ff645808c75a6a62f48d4280bb504305c27b182a53229f4,PASS
projects/benchmark/paper/current/mdpi/DLG-Benchmark_A08_MDPI.pdf,91179ba5565761e1f9b1b2c65c8f681722896b0162b71f21f5df0898601528e1,11;12,public_private_availability,"Both data statements preserve restricted raw provider data, private unsubmitted TeX/PDF and local raw predictions. Author-approved immutable public revision remains required before submission; GitHub code statement is distinct from unpublished corrected evidence.",projects/benchmark/evidence/a08_data_repair/inventory.json,See source for exact run/input membership; claim checked against current A08 revision2 and preserved historical tier,semantic claim; numerical displays independently covered by paper_number_crosswalk.csv,51c185b4292df87ce25fabf04c3d190b0b73485ae5e1cb04637c68221c438640,PASS
projects/benchmark/paper/current/mdpi/DLG-Benchmark_A08_MDPI.pdf,91179ba5565761e1f9b1b2c65c8f681722896b0162b71f21f5df0898601528e1,11;12,public_private_availability,"Both data statements preserve restricted raw provider data, private unsubmitted TeX/PDF and local raw predictions. Author-approved immutable public revision remains required before submission; GitHub code statement is distinct from unpublished corrected evidence.",projects/benchmark/evidence/a08_data_repair/audit/private_environment_patch_disposition.json,See source for exact run/input membership; claim checked against current A08 revision2 and preserved historical tier,semantic claim; numerical displays independently covered by paper_number_crosswalk.csv,ef34023b0abd3e4fe5648c9e7066a0a7cebf066ddcab506b40e9a2a6aba83e18,PASS
projects/benchmark/paper/current/mdpi/DLG-Benchmark_A08_MDPI.pdf,91179ba5565761e1f9b1b2c65c8f681722896b0162b71f21f5df0898601528e1,19;20,historical_diagnostics,"Elliptic controls, CONAD one-epoch diagnostic, A03 limited sensitivity and historical constructor rows retain diagnostic tiers and do not replace A08 cells or explain new crypto causal outcomes.",projects/benchmark/evidence/a08_data_repair/audit/historical_reuse.json,See source for exact run/input membership; claim checked against current A08 revision2 and preserved historical tier,semantic claim; numerical displays independently covered by paper_number_crosswalk.csv,bc600526769a97fb8ff645808c75a6a62f48d4280bb504305c27b182a53229f4,PASS
projects/benchmark/paper/current/mdpi/DLG-Benchmark_A08_MDPI.pdf,91179ba5565761e1f9b1b2c65c8f681722896b0162b71f21f5df0898601528e1,19;20,historical_diagnostics,"Elliptic controls, CONAD one-epoch diagnostic, A03 limited sensitivity and historical constructor rows retain diagnostic tiers and do not replace A08 cells or explain new crypto causal outcomes.",projects/benchmark/evidence/a08_data_repair/source_manifest.json,See source for exact run/input membership; claim checked against current A08 revision2 and preserved historical tier,semantic claim; numerical displays independently covered by paper_number_crosswalk.csv,00827e070e48a4571a1987f929aa2156d00c499eeb52b171314577b33de6a685,PASS
projects/benchmark/paper/current/mdpi/DLG-Benchmark_A08_MDPI.pdf,91179ba5565761e1f9b1b2c65c8f681722896b0162b71f21f5df0898601528e1,3;12;13;14;15;20;21;22,citations_and_equations,All 42 references and citation links visually resolved; Gram and sigmoid complexity differentiated; GADNR determinant/Sherman-Morrison continuation retains original implementation convention/detachment/no jitter. Appendix unique MDPI equation links compiled without duplicate warnings.,local_storage/benchmark/a08_data_repair/paper_build_manifest.json,See source for exact run/input membership; claim checked against current A08 revision2 and preserved historical tier,semantic claim; numerical displays independently covered by paper_number_crosswalk.csv,a0ead5cd7bc85531880621babf7082235ece0069957cce2bc52fd7cf5cfdf276,PASS
projects/benchmark/paper/current/mdpi/DLG-Benchmark_A08_MDPI.pdf,91179ba5565761e1f9b1b2c65c8f681722896b0162b71f21f5df0898601528e1,3;12;13;14;15;20;21;22,citations_and_equations,All 42 references and citation links visually resolved; Gram and sigmoid complexity differentiated; GADNR determinant/Sherman-Morrison continuation retains original implementation convention/detachment/no jitter. Appendix unique MDPI equation links compiled without duplicate warnings.,projects/benchmark/evidence/a08_data_repair/audit/gadnr_numerical_qualification.json,See source for exact run/input membership; claim checked against current A08 revision2 and preserved historical tier,semantic claim; numerical displays independently covered by paper_number_crosswalk.csv,09b554ced3b29efe8d4bba4c7ed390fda15dd48dcf52561e16a36c20147a41df,PASS
projects/benchmark/paper/current/mdpi/DLG-Benchmark_A08_MDPI.pdf,91179ba5565761e1f9b1b2c65c8f681722896b0162b71f21f5df0898601528e1,3;12;13;14;15;20;21;22,citations_and_equations,All 42 references and citation links visually resolved; Gram and sigmoid complexity differentiated; GADNR determinant/Sherman-Morrison continuation retains original implementation convention/detachment/no jitter. Appendix unique MDPI equation links compiled without duplicate warnings.,projects/benchmark/evidence/a08_data_repair/audit/cuda_exactness.json,See source for exact run/input membership; claim checked against current A08 revision2 and preserved historical tier,semantic claim; numerical displays independently covered by paper_number_crosswalk.csv,18f67bb53ccce466322e0b82484b31f1d0003e47c98f22fc048510c4696f2bec,PASS
