chain_id,contract_id,events,label,label_variants
bsc,0x00000000ba2ca30042001abc545871380f570b1f,30,0,1
bsc,0x000000ef379ee7f4c051f4b9af901a9219d9ec5c,30,0,1
bsc,0x0034719300501b06e10ebb1d07ea5967301f0941,30,0,1
bsc,0x00f5960f7bf0f2a5978e3617c170cb6fb2ef4d0c,30,0,1
bsc,0x012a6a39eec345a0ea2b994b17875e721d17ee45,30,0,1
bsc,0x021f48697343a6396bafc01795a4c140b637f4b4,30,0,1
bsc,0x0255af6c9f86f6b0543357bacefa262a2664f80f,30,0,1
bsc,0x026db614f070cb4c7e421da22df84ea1021236eb,30,0,1
bsc,0x027a9d301fb747cd972cfb29a63f3bda551dfc5c,30,0,1
bsc,0x027b19b319f4381f20060606459c055c14791db1,30,0,1
bsc,0x02d53c32fb512ab57a0c317d62d5fb79c3bafe96,30,0,1
bsc,0x03002eb4de8ff52018da7f65020da66094166bb6,30,0,1
bsc,0x035de3679e692c471072d1a09beb9298fbb2bd31,30,0,1
bsc,0x039471b9e8a86b977aaeb5ec4182cf3866f436b0,30,0,1
bsc,0x03d4c4fabde3192e7dec00eec1f526e0898e2eb7,30,0,1
bsc,0x044727e50ff30db57fad06ff4f5846eab5ea52a2,30,0,1
bsc,0x0465aad9da170798433f4ab7fa7ec8b9b9bf0bb1,30,0,1
bsc,0x0475ae77fb55005f15554642d6016c75fd04227a,30,0,1
bsc,0x04bd1bc77cdbf6af47d6891f6041425d535d7c58,30,0,1
bsc,0x04f97bc4e942a5c3fb8e180a885f87819fa18a61,30,0,1
bsc,0x051a66a7750098fb1ec6548d36e275bb23749a78,30,0,1
bsc,0x0556551f81623ae32c5c7cf853c67fafbe61648a,30,0,1
bsc,0x055dab90880613a556a5ae2903b2682f8a5b8d27,30,0,1
bsc,0x05822195b28613b0f8a484313d3be7b357c53a4a,30,0,1
bsc,0x06250a4962558f0f3e69fc07f4c67bb9c9eac739,30,0,1
bsc,0x068c581b987663a7c1d0d956a44eff95b23f9efa,30,0,1
bsc,0x070a9867ea49ce7afc4505817204860e823489fe,30,0,1
bsc,0x0712bc03807ebacc3a457a7149e7ab3bcd2e8009,30,0,1
bsc,0x072b4e4209df4e418bae0a490dcd8c8b75d1d7c7,30,0,1
bsc,0x0747cda49c82d3fc6b06df1822e1de0c16673e9f,30,0,1
bsc,0x07d3d3353233e0d22000bae88df54dbe70b4892c,30,0,1
bsc,0x080f52a881ba96eee2268682733c857c560e5dd4,30,0,1
bsc,0x0864c156b3c5f69824564dec60c629ae6401bf2a,30,0,1
bsc,0x0892f6273c31d4c55c6bace88bc09ea300e2808b,30,0,1
bsc,0x08b450e4a48c04cdf6db2bd4cf24057f7b9563ff,30,0,1
bsc,0x08b87b1cfdba00dfb79d77cac1a5970ba6c9cde2,30,0,1
bsc,0x08ccac619e9c6e95d48dfd23793d722a994b95b8,30,0,1
bsc,0x08d071f71188ea3232ab5484c970c1cb8a1d51e6,30,0,1
bsc,0x08da9eb6147694e671a455d946a620a70d721eae,30,0,1
bsc,0x08f6548c5ec2631f8cda420241b39659350c6176,30,0,1
bsc,0x096901973ac5b4dd14728fae04597b90b2a47da9,30,0,1
bsc,0x0976bd9e6c5c4eedf2a535c2a87ea390787a6e45,30,0,1
bsc,0x0a07437d0ca1fbbf56d096f3d83c63dfed2c609b,30,1,1
bsc,0x0a145c337464dac88c43a6ccfcfe82689c2a37cc,30,0,1
bsc,0x0a23454f4c5d57a020372ab7138d80b43da95c3e,30,0,1
bsc,0x0a23558a20a128f463b1e7034c89620c862c36f5,30,0,1
bsc,0x0a92285241b0ea93eff4195db4530af1a4bcfe0c,30,0,1
bsc,0x0aa086e7a108d387de63294fe2a88b05820a9855,30,0,1
bsc,0x0ae38f7e10a43b5b2fb064b42a2f4514cba909ef,30,0,1
bsc,0x0af8c016620d3ed0c56381060e8ab2917775885e,30,0,1
bsc,0x0b1e1e818433abcdb0acb878c3d3ec95a8534527,30,0,1
bsc,0x0b66a250dadf3237ddb38d485082a7bfe400356e,30,0,1
bsc,0x0bcefb75933b2bce5f01515f6250b5c0d66cb7fb,30,0,1
bsc,0x0beb5e79160aa1e8e1dcc4745632543ee8a7eefa,30,0,1
bsc,0x0bf3bacaf2442ecb7545709960056dbde23fd674,30,0,1
bsc,0x0bf8c72d618b5d46b055165e21d661400008fa0f,30,0,1
bsc,0x0ca2f09eca544b61b91d149dea2580c455c564b2,30,0,1
bsc,0x0d07873cacd5f40f47fb19b2c1115b7e1a9db4bf,30,0,1
bsc,0x0d3608ce95cd2b561298beed3f9fd3ddd3083163,30,0,1
bsc,0x0d3843f92d622468ba67df5a6a4149b484a75af3,30,0,1
bsc,0x0d7c1fad6b572eadca2ada5a37365876019e290b,30,0,1
bsc,0x0da1774e58ed28ff9749340f116055f8d836a7c8,30,0,1
bsc,0x0da6ed8b13214ff28e9ca979dd37439e8a88f6c4,30,0,1
bsc,0x0de08c1abe5fb86dd7fd2ac90400ace305138d5b,30,0,1
bsc,0x0df73831c00b157bb0fed3c06eb475f201b64a78,30,0,1
bsc,0x0e28bc9b03971e95acf9ae1326e51ecf9c55b498,30,0,1
bsc,0x0e4463b3ade4e05e337ebb4498c0eb597166edf8,30,1,1
bsc,0x0e6c06a9e67216e7acb1f5a55575fc7d2ad5bf1a,30,0,1
bsc,0x0e8fe6eed5342ea9189d9268d088821f0532fb74,30,0,1
bsc,0x0f2e518642ead9b3a4c5a7af0f9a7013bb591dd9,30,0,1
bsc,0x0f5c78f152152dda52a2ea45b0a8c10733010748,6,0,1
bsc,0x0fb6b79b89fc91d55a00a8e0ac1b1dc5957944ee,30,0,1
bsc,0x0ff81f18bcb9519ac6027c732d196945ca4d2a9a,30,0,1
bsc,0x1006ea3289b833b6720aaa82746990ec77de8c36,30,0,1
bsc,0x1036472c340398398ee8f08a5664a9089f284c0e,30,0,1
bsc,0x109349e7cebbe7e7c62e83c50ada9871b1da2fee,8,0,1
bsc,0x1104918312cc9ad88eadabe07b5110cae99583f6,30,0,1
bsc,0x11266bbf6c4432328ad2ba02e30e0e0aa993dd21,30,0,1
bsc,0x114597f4260caf4cde1eeb0b9d9865b0b7b9a46a,30,0,1
bsc,0x11bdcedef61e0a254847c1508d0b8a1cc89d699c,30,0,1
bsc,0x11cd72f7a4b699c67f225ca8abb20bc9f8db90c7,30,0,1
bsc,0x11d67aa725e04f764104fc46618fc0267b0a00e1,30,0,1
bsc,0x1236ea13c7339287cd00ab196aaa8217006b04dc,30,0,1
bsc,0x1294f4183763743c7c9519bec51773fb3acd78fd,30,0,1
bsc,0x12b2332b29257ad8f8004f568d7a419e2d2e55c8,30,0,1
bsc,0x12d803497d1e58dd4d4a4f455d754f1d0f937c8b,30,0,1
bsc,0x12ef97ebe8a51bb7cff3e1799c8f7936db9d13d3,30,0,1
bsc,0x131ded61462cb0f8034656d9294f79247f72ad0b,30,0,1
bsc,0x13ab6739368a4e4abf24695bf52959224367391f,30,0,1
bsc,0x140b890bf8e2fe3e26fcd516c75728fb20b31c4f,30,0,1
bsc,0x14220f5893e945eed36389905b991d6b972e04f0,30,0,1
bsc,0x1475ff9356a8f8099a675ca81a5a4de481c15994,30,0,1
bsc,0x14992f58a6601abec692d827db289ae9011f3019,30,0,1
bsc,0x14a9a94e555fdd54c21d7f7e328e61d7ebece54b,30,0,1
bsc,0x14e3598571f4683cea1ff2a917f4a3354cd5842b,30,0,1
bsc,0x14ee333538b4621a600f011e508d783ea200d60e,30,0,1
bsc,0x14f1ec1ba0f8a8e9a3b8178c9dcc32155e82c70b,30,0,1
bsc,0x14ff6d20d6004f707cb347407f4ed8b3408c06b7,30,0,1
bsc,0x151f5d74823bd2dbd7e574706474a291db8caf95,30,0,1
bsc,0x1555bb429075dc2aa97aefe99ef3ad7ea6cace78,30,0,1
bsc,0x160f2098db37da1bed6c541663d20d74632e3953,30,0,1
bsc,0x163bb130dc98b0937001eb772ace9602b894e34e,30,0,1
bsc,0x16b3e050e9e2f0ac4f1bea1b3e4fdc43d7f062dd,30,0,1
bsc,0x16b8dba442cc9faa40d0dd53f698087546ccf096,30,0,1
bsc,0x171401a3d18b21bfa3f9bf4f9637f3691158365a,30,0,1
bsc,0x17179f506b89d80291b581f200f34b17ff172cd3,30,0,1
bsc,0x1785113910847770290f5f840b4c74fc46451201,30,0,1
bsc,0x178fbe1cf4775fbdb9756d6349195a05799c0fe5,30,0,1
bsc,0x17f6efdde59c5e92c106b589ffe5f0480a3b602b,30,0,1
bsc,0x181de8c57c4f25eba9fd27757bbd11cc66a55d31,30,0,1
bsc,0x185674a45c57ebb884c609c2619740f2994767e9,30,0,1
bsc,0x18905200183e2c6f33653f469ec10a2a16027957,30,0,1
bsc,0x18d9d0d6e42bb52a13236f4fa33d9d2485d9015a,30,0,1
bsc,0x18e37f96628db3037d633fe4d469fb1933a63c5b,30,0,1
bsc,0x19100a472960e7eedecae2956de4c29df145e9fb,30,1,1
bsc,0x194d1d62d8d798fcc81a6435e6d13adf8bcc2966,30,0,1
bsc,0x19857937848c02afbde8b526610f0f2f89e9960d,30,0,1
bsc,0x198800af50914004a9e9d19ca18c0b24587a50cf,30,0,1
bsc,0x198abb2d13faa2e52e577d59209b5c23c20cd6b3,30,0,1
bsc,0x19961cf3b822d37e16e310ab7c6c0277f95f31c3,30,0,1
bsc,0x19ed34d112d0d20db619d728ce96745600abafc3,30,0,1
bsc,0x1a076e4633fa139d7b908b88326de603fbe8c199,30,0,1
bsc,0x1a131f7b106d58f33eaf0fe5b47db2f2045e5732,30,0,1
bsc,0x1a3264f2e7b1cfc6220ec9348d33ccf02af7aaa4,30,0,1
bsc,0x1a515bf4e35aa2df67109281de6b3b00ec37675e,30,0,1
bsc,0x1a8ae40f498aed05e3647933fbdad54ecfd2134b,3,0,1
bsc,0x1ab97766d4e2313d20dd5b82ca5736cfa4ba55c1,30,0,1
bsc,0x1ac6c8f229c941683dff17a431d6502d5e65b9e1,30,1,1
bsc,0x1ac8c748898d1d9aaa72c19ffabb7edf7faa04e2,30,1,1
bsc,0x1b24ebbec03298576337b1805c733cd225c8a6bc,30,0,1
bsc,0x1b2fdb1626285b94782af2fda8e270e95cebc3b4,30,0,1
bsc,0x1b818cecf52e3b47ee47f7c909e023e4d1b3027c,30,0,1
bsc,0x1ba8d3c4c219b124d351f603060663bd1bcd9bbf,30,0,1
bsc,0x1bb8c6d13f6bd7778b024794d19ef8c45f178955,30,0,1
bsc,0x1bd5b673627810576f490135a3e54847da1d9c58,30,0,1
bsc,0x1bdaf9ddd7658d8049391971d1fd48c0484f66ec,30,0,1
bsc,0x1c2fb104ee3c7997e9dbced4e6c494890e66d22a,30,0,1
bsc,0x1c73c9a44b3023134f7eac7ab30e9ab5a4615a76,30,0,1
bsc,0x1c9c55d392ade1f279c2062e4b21098d8154cf4c,30,0,1
bsc,0x1cc1aca0dae2d6c4a0e8ae7b4f2d01eabbc435ee,30,0,1
bsc,0x1cc73d96ff2cb0d7bec74eaf4c81f27c9132ee86,30,0,1
bsc,0x1cf3fe1b24040a4ae715c57dd77d56bfa65fa4d8,30,0,1
bsc,0x1d4268a58ee7ec2cc2af5d70a2fd2b3a896527a2,30,0,1
bsc,0x1d8bbde12b6b34140604e18e9f9c6e14dec16854,30,0,1
bsc,0x1dc84fc11e48ae640d48044f22a603bbe914a612,30,0,1
bsc,0x1ebc21f65ffed4836e51b9c5d680b28c01ed0e8d,30,0,1
bsc,0x1ee098cbaf1f846d5df1993f7e2d10afb35a878d,30,0,1
bsc,0x1eea643fc6c0b4d253621839986fc566fce40704,30,0,1
bsc,0x1ef68f4507374960cf186c8999aadadb86736ca4,30,0,1
bsc,0x1f250413937d730891ed06fa5b8bc2ab4265a2c0,30,0,1
bsc,0x1f6c1516bdeba1a01643b792eb12d68cec8658ba,30,0,1
bsc,0x1f7216fdb338247512ec99715587bb97bbf96eae,30,0,1
bsc,0x1f76aadeaba6a6a39fae849c20c5c5638058b4c2,30,0,1
bsc,0x1fdc9f747e0d1bdd0f5229c1e89818518c07fd80,30,0,1
bsc,0x1ffe17b99b439be0afc831239ddecda2a790ff3a,30,0,1
bsc,0x1ffefd272269090439613055db0042d3f509d379,30,0,1
bsc,0x2002f7c235fedc8acbfbbf0479527eb59d8f5dc7,30,0,1
bsc,0x2003f7ba57ea956b05b85c60b4b2ceea9b111256,30,0,1
bsc,0x2019941099e3e2c536c8a91c5e57a33ab0f9d9db,30,0,1
bsc,0x2024b9be6b03f2a57d3533ae33c7e1d0b0b4be47,30,0,1
bsc,0x210c14fbecc2bd9b6231199470da12ad45f64d45,30,0,1
bsc,0x211f799afb5839021707c9f7ba9c9e05cdb134c7,30,0,1
bsc,0x2210502051221a600d3653eccc899eceea11a0fd,30,0,1
bsc,0x2292ff9c69a79b55b20c432076fd8c0a9e2a9940,30,0,1
bsc,0x22b4a6a60324baa5b26b90574a27836eefba4890,30,1,1
bsc,0x230f6e7904ffc156abd8adfd7556e56e2a358cb1,30,0,1
bsc,0x23316e6b09e8f4f67b95d53b4f1e59d1fb518f29,30,0,1
bsc,0x235d650fc6d9eb7d4bac77e128265295a0054304,30,0,1
bsc,0x237ace23ab2c36a004aa5e4fb134fe5c1cedf06c,30,0,1
bsc,0x23b891e5c62e0955ae2bd185990103928ab817b3,30,0,1
bsc,0x242f023402c0a1292dff73e2abc96c1c991ef1f3,30,0,1
bsc,0x2466858ab5edad0bb597fe9f008f568b00d25fe3,30,0,1
bsc,0x246fcdc18bf3781b4c5100b3a6decef8dbcc8a31,30,0,1
bsc,0x2510a3c9409d850f8b1aeff16f006571aa1f852e,30,0,1
bsc,0x2563a4f7c37f2aca9f3222def6849c4156d6f9d2,30,0,1
bsc,0x25b9d4b9535920194c359d2879db6a1382c2ff26,30,0,1
bsc,0x26d3163b165be95137cee97241e716b2791a7572,30,0,1
bsc,0x26da28954763b92139ed49283625cecaf52c6f94,30,0,1
bsc,0x270178366a592ba598c2e9d2971da65f7baa7c86,30,0,1
bsc,0x271d4d50b0aec888a7a3f9828ea25a052912c86f,30,0,1
bsc,0x27348c55a6ca17f0d3cb75049c21a04e08cf6e78,30,0,1
bsc,0x2749c9f2f8568d389bbf61ed77784a43c3cd3e19,30,0,1
bsc,0x27991b9d5f2ef3b13ad64e31c19650880ce1a55b,30,1,1
bsc,0x27c073e8427aa493a90b8dc8b73a89e670fd77bb,30,0,1
bsc,0x28a8ececdf311c0a71231775d6ff4b8481c4ef21,30,0,1
bsc,0x28b9aed756de31b6b362aa0f23211d13093ebb79,30,0,1
bsc,0x28d82c4d7315c02d19562db1080a713eb5cc2639,30,0,1
bsc,0x291c4e4277f8717e0552d108dbd7f795a9fef016,30,0,1
bsc,0x2947c22608d742af4e8c16d86f90a93969f13f8d,30,0,1
bsc,0x298eff8af1ecebbb2c034eaa3b9a5d0cc56c59cd,30,0,1
bsc,0x2a597cde5f37d4cf2bbd9f902444f7085a977379,30,0,1
bsc,0x2a7296ffadc3ac137a3e7fecd474a1ed88319a24,30,0,1
bsc,0x2aaa5cb023cf458e7dfa765fd48b64cd95995ab7,30,0,1
bsc,0x2af97c7199c42df83278cbea98ed2a957796dc7f,30,0,1
bsc,0x2b1b730c997d81db2e792b47d0bc42a64ee6aa55,30,0,1
bsc,0x2b339d46e157cf93de6a919aa05350e952f67359,30,0,1
bsc,0x2b5d9adea07b590b638ffc165792b2c610eda649,6,0,1
bsc,0x2b7f68170a598e507b19bca41ed745eabc936b3f,30,0,1
bsc,0x2bc8c2ae9dad57948fa4168e56e177a29ae0c0b1,30,0,1
bsc,0x2bf74bbe84e6a6ed8ffe41103d69233f242f1cd8,30,0,1
bsc,0x2c1d150454889c01ddaa78ecb6aae144a1994b2d,30,1,1
bsc,0x2c8d970d7c8c878db422c4bcd7d2542104ecfa2c,30,0,1
bsc,0x2c961ff9b386b597abc58a56f3ec63e313cada76,30,0,1
bsc,0x2d2567dec25c9795117228adc7fd58116d2e310c,30,0,1
bsc,0x2d35c695be9080d27ef5c6efe80beefcfaab8573,30,0,1
bsc,0x2d5b47a42984713f6ef447e1a95eb9a21007a02d,30,0,1
bsc,0x2e8799f0a26d8a9f37a0b4747fa534f039c2d234,30,0,1
bsc,0x2f03d0b2f702884fa43aee8e092e83650c5670e9,30,0,1
bsc,0x2f3391aebe27393aba0a790aa5e1577fea0361c2,30,0,1
bsc,0x2fd2799e83a723b19026a979899dfb70bbf6bf6b,30,0,1
bsc,0x3039d49843b8820fc9d457bb40e29ff0e0450a79,1,0,1
bsc,0x3051097ca576ab99388532567baba174982a1e94,30,0,1
bsc,0x305bbd18f9a3b55047740843889521722dab1fde,30,0,1
bsc,0x30807d3b851a31d62415b8bb7af7dca59390434a,30,0,1
bsc,0x30b5e345c79255101b8af22a19805a6fb96ddebb,30,0,1
bsc,0x30b832e2e98463d9130b822bd9f294287edd0422,30,0,1
bsc,0x3103c03ac3b5e15c611cd6b1b86ed66cc316e6ab,30,0,1
bsc,0x3151073977746533e1d585b3c1afdbcada54baac,2,0,1
bsc,0x316622977073bbc3df32e7d2a9b3c77596a0a603,30,0,1
bsc,0x316beb3f482f40b804a5fda0ee0e321ae84caa0a,2,0,1
bsc,0x3190afb6bfada4ff688dce86ab608e6e6f8d18a7,30,0,1
bsc,0x31c573d1a50a745b01862edaf2ae72017cea036a,30,0,1
bsc,0x31c78f583ed0288d67b2b80dc5c443bc3b15c661,30,0,1
bsc,0x31cd5df78eee2f105c4717d1b61f5e496d5e377e,30,0,1
bsc,0x3235b13708f178af6f110de7177ed5de10c1093d,30,0,1
bsc,0x324e8e649a6a3df817f97cddbed2b746b62553dd,30,0,1
bsc,0x327cebe8fc71edefdf3ab79d0c5b18b3303a2289,30,0,1
bsc,0x328fd053c4bb968875afd9ad0af36fcf4a0bdda9,30,0,1
bsc,0x332e78c687c3fcd91494c6b13f0fc685b2a57434,30,0,1
bsc,0x333719d510ad91bd8af2a7ef0618fac064b4a178,30,0,1
bsc,0x334b3ecb4dca3593bccc3c7ebd1a1c1d1780fbf1,30,0,1
bsc,0x336f374198c872ba760e85af9c6331c3c5a535d3,30,0,1
bsc,0x33ddf4b5e19b7cbe69410cfaa2b69ae1f9ebcad8,30,0,1
bsc,0x34294afabcbaffc616ac6614f6d2e17260b78bed,30,0,1
bsc,0x348af621847fd7032dd1863f08262fd83d859c1d,30,0,1
bsc,0x3496212ec43cc49f5151ec4405efd4975e036f89,30,0,1
bsc,0x34c1433f5c547beb6174d0bbba8da7fdc4e81c1c,30,0,1
bsc,0x34e4a7454cae15990850166a8771cb8408b62a26,30,0,1
bsc,0x3524fd7488fdb1f4723bbc22c9cbd1bf89f46e3b,29,0,1
bsc,0x3606f220daeaeb3d47ac1923a8ce2a61205c88cd,30,0,1
bsc,0x367c17d19fcd0f7746764455497d63c8e8b2bba3,30,0,1
bsc,0x36aaa2ef28afb12b3adb6ce556a9db6fc3a66f2d,30,0,1
bsc,0x36c618f869050106e1f64d777395baf7d56a9ead,30,0,1
bsc,0x36f1f32c728c3f330409ec1f0928fa3ab3c8a76f,30,0,1
bsc,0x3764be118a1e09257851a3bd636d48dfeab5cafe,30,0,1
bsc,0x376c4773c3280a8f029aeb674acafdce9b20d26b,30,0,1
bsc,0x37ac5f3bfd18a164fc6cf0f0f0ecd334d9179d57,30,0,1
bsc,0x37ceab7a62a5cd4c974b8b6dfdcf772a0e63251a,30,0,1
bsc,0x37fe635d1e25b2f7276c1b9dbbcc7b087f80c050,30,0,1
bsc,0x382ec3f9f2e79b03abf0127f3aa985b148cef6d7,30,0,1
bsc,0x388d819724dd6d71760a38f00dc01d310d879771,30,0,1
bsc,0x39006641db2d9c3618523a1778974c0d7e98e39d,30,0,1
bsc,0x39132daa2082e12ac33a08478a74362e3c394357,30,0,1
bsc,0x3969fe107bae2537cb58047159a83c33dfbd73f9,30,0,1
bsc,0x39987764125ad0c5c70335a8f8fc3d2e501029c0,30,0,1
bsc,0x3a599e584075065eaaac768d75eaef85c2f2ff64,30,0,1
bsc,0x3a7bea5d56bbcdc599827444786c370cf4d62dfa,30,0,1
bsc,0x3ab63309f85df5d4c3351ff8eacb87980e05da4e,30,0,1
bsc,0x3ad2ea050c3a103961475e10c2332e043e170840,30,0,1
bsc,0x3b2cb8b2a9baf200142456c550a328e6c45c176b,30,0,1
bsc,0x3c5cb21423a3dc2fda4339ddc5dafb1d9a12821c,30,1,1
bsc,0x3ca994d9f723736381d44388bc8dd1e7ee8c1653,30,0,1
bsc,0x3cb7378565718c64ab86970802140cc48ef1f969,30,0,1
bsc,0x3cd55356433c89e50dc51ab07ee0fa0a95623d53,30,0,1
bsc,0x3d5fff6a52f98f7dbf657fd24fb90225dbd5c577,30,0,1
bsc,0x3da932456d082cba208feb0b096d49b202bf89c8,30,0,1
bsc,0x3dcb18569425930954feb191122e574b87f66abd,30,0,1
bsc,0x3e098c23dcfbbe0a3f468a6bed1cf1a59dc1770d,30,0,1
bsc,0x3e1d18f4a270faddd36aed81f74252adf5f52f5e,30,0,1
bsc,0x3e2ed75f718251fd011312b9e33bf10a4dbfda54,30,0,1
bsc,0x3e81aa8d6813ec9d7e6ddb4e523fb1601a0e86f3,30,0,1
bsc,0x3f56e0c36d275367b8c502090edf38289b3dea0d,30,0,1
bsc,0x3f670f65b9ce89b82e82121fd68c340ac22c08d6,30,0,1
bsc,0x3fd230b77ad19aaf6330da7854ec76d5aeb49ead,30,0,1
bsc,0x4011ee1efd5cb4ef4a6910b884000b645e703d25,30,0,1
bsc,0x401745f8f07d3ec9524754a79fe9213f9d13ef50,30,0,1
bsc,0x402a165107d1ac76bdfce938a8ec9af015268ed4,30,0,1
bsc,0x40491520d7bdcdd670cf387902bad615ab65f43b,30,0,1
bsc,0x404f83279c36e3e0e2771b7ae9f9b0b2b50ee27c,30,0,1
bsc,0x405be90996e7f995a08c2fbd8d8822ef5b03466c,30,0,1
bsc,0x405ef490862ad5fb2d80995b35459594290a7aa9,30,0,1
bsc,0x40fed5691e547885cabd7a2990de719dcc8497fc,30,0,1
bsc,0x41065e3428188ba6eb27fbdde8526ae3af8e3830,30,0,1
bsc,0x417e99871cdc1a48cc313be8b586667d54b46494,30,0,1
bsc,0x41d5c3ed01b72ecb5c99d3b838553098ecda9ef9,30,0,1
bsc,0x41ec355ca2179de9a8211f0a67379b3261db9608,30,0,1
bsc,0x42586ef4495bb512a86cf7496f6ef85ae7d69a64,30,0,1
bsc,0x42c1613dd2236cfd60b5cbec846b5ead71be99df,30,0,1
bsc,0x4301a638fcb45c4bb65230b87f3797c213f832b8,30,0,1
bsc,0x4374f26f0148a6331905edf4cd33b89d8eed78d1,30,0,1
bsc,0x43933924ac01bc7bf19fe9fe5dc53b27124eaf34,30,0,1
bsc,0x43a0c5eb1763a211aa3c05849a617f2ee0452767,30,0,1
bsc,0x43a0ee2e4c005277195f409e77919d1b1a5c9c1f,30,0,1
bsc,0x43a8cab15d06d3a5fe5854d714c37e7e9246f170,30,0,1
bsc,0x43adc41cf63666ebb1938b11256f0ea3f16e6932,30,0,1
bsc,0x43af4815ff9c42f6cb9423de48497e92116ca61f,30,0,1
bsc,0x440758df68a045db3f2517257f27330a12438656,30,0,1
bsc,0x4437743ac02957068995c48e08465e0ee1769fbe,30,0,1
bsc,0x44c99ca267c2b2646ceec72e898273085ab87ca5,30,0,1
bsc,0x44f5909e97e1cbf5fbbdf0fc92fd83cde5d5c58a,30,0,1
bsc,0x451f5b58e3d27c7d5b2f3a702b547e77d1ded36b,30,0,1
bsc,0x454b90716a9435e7161a9aea5cf00e0acbe565ae,30,0,1
bsc,0x45808ce43eb2d7685ff0242631f0feb6f3d8701a,30,0,1
bsc,0x45abd7773b55d74095b80b3312faf6e657b77b5b,30,0,1
bsc,0x45f73df56babe3681447da85a57ab40289ec03c6,30,0,1
bsc,0x45f7967926e95fd161e56ed66b663c9114c5226f,30,0,1
bsc,0x4631d9d8b34f51b82958a19453bdc9ea0c4e49fc,30,0,1
bsc,0x471ed23831918959bbd85c479120a4365db7f31a,30,0,1
bsc,0x47a9b109cfb8f89d16e8b34036150ee112572435,30,0,1
bsc,0x47bb3d817e627d196ae74b89afa7928c2bb159a9,30,0,1
bsc,0x488907d99ce2ac919a47acfac896e825fd23598f,30,0,1
bsc,0x488cf9905cd9f5dea7212b4571c8b1052631ab8d,30,0,1
bsc,0x48a8ba1754fe84e2f9dfa97982e524f18e5b4bd3,30,0,1
bsc,0x48cb1c21af7b5d04a8c48479d1bdfa783ce94d99,30,0,1
bsc,0x49074051ad996828504d7f719fc5769ac942220d,30,0,1
bsc,0x4937e7d93dd8d8e76eb83659f109cdc633ffdee9,30,0,1
bsc,0x495205d4c6307a73595c5c11b44bee9b3418ac69,30,0,1
bsc,0x4978591f17670a846137d9d613e333c38dc68a37,30,0,1
bsc,0x499fc0ec9aade85de50af0c17513c7b850eb275f,30,0,1
bsc,0x4a0cc0876ec16428a4fa4a7c4c300de2db73b75b,30,0,1
bsc,0x4a9a2b2b04549c3927dd2c9668a5ef3fca473623,30,0,1
bsc,0x4aac18de824ec1b553dbf342829834e4ff3f7a9f,30,0,1
bsc,0x4b5c23cac08a567ecf0c1ffca8372a45a5d33743,30,0,1
bsc,0x4b85a666dec7c959e88b97814e46113601b07e57,30,0,1
bsc,0x4bb5b7f0865322fd5b48d430e1a117235744769b,30,0,1
bsc,0x4be8c674c51674beb729832682bba5e5b105b6e2,30,0,1
bsc,0x4c2f66dc540eb6a87a7acbbe6d30d16849650884,30,0,1
bsc,0x4c61d70c0089d708040919aac7bdd600da72bc81,30,0,1
bsc,0x4c888e116d57a32f84865f3789dcb131fdc9fab6,30,0,1
bsc,0x4cc23264e1ef8dd8173e4ec07e6a01cc7476d997,30,0,1
bsc,0x4cfac133438b25c22434ed56106eaf8503ec65ea,30,0,1
bsc,0x4d134deeccfb487e499c78396e521b8f7431daed,30,0,1
bsc,0x4d3dc895a9edb234dfa3e303a196c009dc918f84,30,0,1
bsc,0x4d5ac5cc4f8abdf2ec2cb986c00c382369f787d4,30,0,1
bsc,0x4d6d0335e3b715341eb4f10b5751771cbcb7cea3,30,0,1
bsc,0x4d9f39f7cb7c7444335077223ceef33dbb58096f,30,0,1
bsc,0x4dd1984a706e1c2c227bea67ad2f92dbde30afce,30,0,1
bsc,0x4e22ab2bbcb3e7f74249c87f62bb35ef92c3d964,30,0,1
bsc,0x4e7f408be2d4e9d60f49a64b89bb619c84c7c6f5,30,0,1
bsc,0x4e89d67d88dba3c42a8c37e1991c192384c75625,3,0,1
bsc,0x4ec5780db9afcf9f9a5c007a309cc832ac556d7e,30,0,1
bsc,0x4ee251c23f81744865fb24082503977a1843f237,30,0,1
bsc,0x4ef285c8cbe52267c022c39da98b97ca4b7e2ff9,30,0,1
bsc,0x4f3266a56589357b4f8082918b14b923693e57f0,30,0,1
bsc,0x4f8b986ecffe7bed5dbeb2b49310fb00ca85a539,30,0,1
bsc,0x5012c90f14d190607662ca8344120812aaa2639d,30,0,1
bsc,0x502b8136c48977b975a6c62b08ac4e15dabc8172,30,0,1
bsc,0x502eed71ffe313252cadc745fac1223e126e002e,30,0,1
bsc,0x50a53ad44590df1d6c9fcf257d6416e937e5ed4f,30,0,1
bsc,0x50ba8bf9e34f0f83f96a340387d1d3888ba4b3b5,30,0,1
bsc,0x50c34995a273075a80c23625f69f40d56ce414de,30,0,1
bsc,0x510aeb87665d3fce5395a62045c5b7ae8990bf35,30,0,1
bsc,0x511d2b382afb97e30ae5e3284c53a76aa9fa5f1a,30,0,1
bsc,0x51213757f952d333fb4240356d67acdcef38645a,30,0,1
bsc,0x51baa3f61a24d59ef9239009a899b7a65de04ae0,30,0,1
bsc,0x51c2a9db58b6976ea8a332f17c6e4109911c0fb3,30,0,1
bsc,0x520931e1dc1c638ff60870d132689b1a812fbe3e,30,0,1
bsc,0x522348779dcb2911539e76a1042aa922f9c47ee3,30,0,1
bsc,0x5239fe1a8c0b6ece6ad6009d15315e02b1e7c4ea,30,0,1
bsc,0x524bc91dc82d6b90ef29f76a3ecaabafffd490bc,30,0,1
bsc,0x529a1468a91fa4ee0d65ee2b4b66fe4f6a55154f,30,0,1
bsc,0x52b7c9d984ea17e9ee31159ca3fff3790981b64a,30,0,1
bsc,0x52c1751c89fc913ed274d72e8d56dce4ee44a5cf,30,0,1
bsc,0x52cd40697ee19e0a3b99f67b5f8c111ad54728bb,30,0,1
bsc,0x52f24a5e03aee338da5fd9df68d2b6fae1178827,30,0,1
bsc,0x52f9ca8cac2827d379068b069580f9fd730cc9f3,30,0,1
bsc,0x530e9346870e632a63e8d461bb3c3622e00782de,30,0,1
bsc,0x53e4b7aa6caccb9576548be3259e62de4ddd4417,30,0,1
bsc,0x54012cdf4119de84218f7eb90eeb87e25ae6ebd7,30,0,1
bsc,0x542312eca286c95a42495f9b7c89d3d2453e2b6a,30,0,1
bsc,0x545356d4d69d8cd1213ee7e339867574738751ca,30,0,1
bsc,0x55493e35e33fcf811571707ac5bf1dbcb658bafc,30,0,1
bsc,0x5569edd2e1535be2003470b2663f2ff77e83d27e,30,0,1
bsc,0x558ad2b02ce979ca54f88206ed8597c8c740774e,30,0,1
bsc,0x55f92a211fa8ecae297de480b05079510d76539a,30,0,1
bsc,0x563b7b186dd21b320d8f721c971b40b3d6d36113,30,0,1
bsc,0x564bef31ec942ffe1bff250786f76a5c5141b9f3,30,0,1
bsc,0x5662ac531a2737c3db8901e982b43327a2fde2ae,30,0,1
bsc,0x5663d1952dc8b732d9c206b3f5dec70d25180460,30,0,1
bsc,0x566f3cfe3b5cdefe9fd329c18a3b2a396ccce69e,30,0,1
bsc,0x567351e802f52ca60b2ac9d61d5b538e9582e78d,30,0,1
bsc,0x567bbef0efdf53355c569b7aedde4c4f7c008014,30,0,1
bsc,0x56e344be9a7a7a1d27c854628483efd67c11214f,30,0,1
bsc,0x571dbcaa3df80dfebf69fefd084dace4a22ea7bf,30,0,1
bsc,0x57488fcc3dc72edb0a4c06a356c2c43c08bdfb42,30,0,1
bsc,0x577ad06f635b402fc2724efd6a53a3a0aed3d155,30,0,1
bsc,0x579a6277a6c2c63a5b25006f63bce5dc8d9c25e7,30,0,1
bsc,0x57a5297f2cb2c0aac9d554660acd6d385ab50c6b,30,0,1
bsc,0x57a5aa266107261c2f497c8b4047d5299824d3cb,30,0,1
bsc,0x57adce4facbbbb8c7f0890eebbe3a416626379be,30,0,1
bsc,0x57f12fe6a4e5fe819eec699fadf9db2d06606bb4,30,0,1
bsc,0x5801d0e1c7d977d78e4890880b8e579eb4943276,30,0,1
bsc,0x5820cc43eeed7a8b74a61af1f8331eea31564b73,30,0,1
bsc,0x582c12b30f85162fa393e5dbe2573f9f601f9d91,30,0,1
bsc,0x58732f1c1243a0d5876a601fb8d1ee508b21580d,30,0,1
bsc,0x5897fd0b7a5407eaef5b246ee5dd36a6ffd5d22e,30,1,1
bsc,0x58b121e0f6b7c3aaa656fab68a9ac3f76effe5dc,30,0,1
bsc,0x590d11c0696b0023176f5d7587d6b2f502a08047,30,0,1
bsc,0x5921dee8556c4593eefcfad3ca5e2f618606483b,30,0,1
bsc,0x598308047116a8055c1e3debd2b761e3bc3dbcb8,30,0,1
bsc,0x5986d5c77c65e5801a5caa4fae80089f870a71da,30,0,1
bsc,0x59cde41a855682349edaea221169d9b686687748,30,0,1
bsc,0x5a29c96fa93ffa8845fb7f8616a03aa85fcc11d6,30,0,1
bsc,0x5a4212faa21c7b4dd954e5f33f86c2575419a083,30,0,1
bsc,0x5a549cb605f1e651200c22d1a8482929b36330f7,30,0,1
bsc,0x5b6ebb33eea2d12eefd4a9b2aeaf733231169684,30,0,1
bsc,0x5b7d8a53e63f1817b68d40dc997cb7394db0ff1a,30,0,1
bsc,0x5c2c6c0fde46fb928cd60c9cbc6f9a94775c12b1,30,0,1
bsc,0x5c9476fcd6a4f9a3654139721c949c2233bbbbc8,30,0,1
bsc,0x5cc97dab7bc2c01556fbe3d06a09b8c559dff7d5,30,0,1
bsc,0x5cdabc6bc3b14a77a502cce5ea05d04a0cf52557,30,0,1
bsc,0x5dc2085fe510bbaaba2119d71b09c25098caca3f,30,0,1
bsc,0x5de40c1152c990492eaeaeecc4ecaab788bbc4fd,1,0,1
bsc,0x5e4f0f6fac92e76e41a0d043df565fe8fbfc1de3,30,0,1
bsc,0x5e57f24415f37c7d304e85df9b4c36bc08789794,30,0,1
bsc,0x5ecd2527b80b232fd7db5287d5c97f106f84a1d2,30,1,1
bsc,0x5f0388ebc2b94fa8e123f404b79ccf5f40b29176,30,0,1
bsc,0x5f113f7ef20ff111fd130e83d8e97fd1e0e2518f,30,0,1
bsc,0x5f2172b64a33f423bc7f0c48c23f7d3008f7e4fe,30,0,1
bsc,0x5f330ab43c0b477ac55858e0c9c97c4896099300,30,0,1
bsc,0x5f54b428f08bcf68c8c1dc07db9971040e5997ec,30,0,1
bsc,0x5f588efaf8eb57e3837486e834fc5a4e07768d98,30,0,1
bsc,0x5f7cc946abf0c853a2367ac436755de6aa8d48bd,30,0,1
bsc,0x5f980533b994c93631a639deda7892fc49995839,30,0,1
bsc,0x5f99acf13caff815dd9cb4a415c0fb34e9f4545b,30,0,1
bsc,0x5fb4968fc85868df3ad2d6e59883a10570f01d18,30,0,1
bsc,0x5fb7097e62979907b4e71a5989cf695d635890c0,30,0,1
bsc,0x5fda925294f9e5b31b7c0e81bad6bad5b5e792ee,30,0,1
bsc,0x5fdab5bdbad5277b383b3482d085f4bfef68828c,30,0,1
bsc,0x602b6c6cce5f95c00603bd07d8fa7ebaf3747d44,30,0,1
bsc,0x604642b431edc7a036cab175adce1f40b6654fe0,30,0,1
bsc,0x609f59c97ddf58475c7d3f3fc829c3ff9fc4f76f,30,0,1
bsc,0x60d01ec2d5e98ac51c8b4cf84dfcce98d527c747,30,0,1
bsc,0x610547fb5e781c98ce52b62f9ace4e1526385311,30,0,1
bsc,0x6125adcab2f171bc70cfe2caecfec5509273a86a,30,0,1
bsc,0x613e18f13391cd4bfedf8a904991077c7ef29ee6,30,0,1
bsc,0x61d9f522b332d1f2ab25d5803371e5eac6cf8808,30,0,1
bsc,0x61dc650c10ec3c758d251cd2d1ab45af1a43e941,30,0,1
bsc,0x61efd49636b558ec4895a9f5d8273ab51dacea35,30,0,1
bsc,0x62175af6d9b045d8435cdedd9bf542c7bcc56dcc,30,0,1
bsc,0x623be4fde518a00ac49a870bd439cfd5c35e08ed,30,0,1
bsc,0x637c2173f6e678ac3c9b43b6665c760dc6021c13,30,0,1
bsc,0x638eebe886b0e9e7c6929e69490064a6c94d204d,30,0,1
bsc,0x63a6a5a16b81dbf30045eb3b46d977cac24ad5d0,30,0,1
bsc,0x63d0761ab9705ce0af64e78664a64e550cc53b92,30,0,1
bsc,0x64048a7eecf3a2f1ba9e144aac3d7db6e58f555e,30,0,1
bsc,0x64434605adac8f5441029133fd12c4289fc8b4a8,30,0,1
bsc,0x6448be0ca45a7581d9c4c9dd665e14ec60b25113,30,0,1
bsc,0x644c545703f57a4b905f4c558f52342a206e2c55,30,0,1
bsc,0x64abc804dd486e74bd1470b6f7447de80fafcac4,30,0,1
bsc,0x64cf1e2cab86694ac8b31653460faa47a68f59f0,4,0,1
bsc,0x64e21979539e7862d6e947cdc956c2570d5219ef,30,0,1
bsc,0x650b940a1033b8a1b1873f78730fcfc73ec11f1f,30,0,1
bsc,0x657ef7af0fffc7ac913a0492150060935b668f2c,30,0,1
bsc,0x65c8743a5a266c3512eabd34e65ade42d4355ef1,30,0,1
bsc,0x662ef487029c4c3c7e175a2fce013787d351a483,30,0,1
bsc,0x668935b74cd1683c44dc3e5dfa61a6e0b219b913,30,0,1
bsc,0x66dfc88ce5ec3bc9341f51c26bf3188a109d2ce7,30,0,1
bsc,0x66e4d38b20173f509a1ff5d82866949e4fe898da,30,0,1
bsc,0x67b29bf4561c4d1bba459be70ef9e2b83f6389a1,30,0,1
bsc,0x682f8fddfec6ebdf6c7bf1c0eec276b37a647d59,1,0,1
bsc,0x68306de72d3cad418279a0d2411c1197d34dd17f,30,0,1
bsc,0x683bbaa70fd8e2cf62617e48b100a7609ee48946,30,0,1
bsc,0x68569056c9d8e93201270a22588632a138fca324,30,0,1
bsc,0x68ae2f202799be2008c89e2100257e66f77da1f3,30,0,1
bsc,0x6911f552842236bd9e8ea8ddbb3fb414e2c5fa9d,30,0,1
bsc,0x695909b05926b9961bb1cc4c7a8f392c1da8e285,30,0,1
bsc,0x699060b76f0269c19171b4e193c0a792fa25cad7,30,0,1
bsc,0x69a87c8788d4a48c1362b3b357d0e6b59c11d93f,30,0,1
bsc,0x69bfa36d50d92e8985d27e6aa6e685c0325ce7b4,30,0,1
bsc,0x6a1225c87f15da91e2fa5ee7b2075e2e3a9dbc39,30,0,1
bsc,0x6a97da9951ab920e087c6d12f464afbd2bf9fd14,30,0,1
bsc,0x6aac56305825f712fd44599e59f2ede51d42c3e7,30,0,1
bsc,0x6b2812f1a8350de38c4da2d29446ead15b91fa3c,30,0,1
bsc,0x6b471d5ab9f3d92a600e7d49a0b135bf6d4c6a5b,30,0,1
bsc,0x6b6689f49336bf8d2ce938c231ad022385c8aa54,30,0,1
bsc,0x6b9943e598d8da89757caa687ec141c961231fa8,30,0,1
bsc,0x6c1efbed2f57dd486ec091dffd08ee5235a570b1,30,0,1
bsc,0x6c5fe6e99d2484db7e4bf34f365aba42d0e4dc20,30,0,1
bsc,0x6c6d604d3f07abe287c1a3df0281e999a83495c0,30,0,1
bsc,0x6cb1e50ae2f832ef38052cf313dc3960ddbcf62a,30,0,1
bsc,0x6cb8065f96d63630425fd95a408a0d6cd697c662,30,0,1
bsc,0x6d41f64c567acbf36f88763306ff6fb50ff61458,30,0,1
bsc,0x6d4e8507084c7b58d33b3b88915591670f959b2f,30,0,1
bsc,0x6d647744f768da611f4544d7c9039effa4af9147,30,0,1
bsc,0x6e61579c22f9a6da63a33e819f29b6697d2a126e,30,0,1
bsc,0x6e64fcf15be3eb71c3d42acf44d85bb119b2d98b,30,0,1
bsc,0x6e8ce91124d57c37556672f8889cb89af52a6746,30,0,1
bsc,0x6eabbb5c4fda0033936d07cf1a444e8816c009fc,30,0,1
bsc,0x6eadc05928acd93efb3fa0dfbc644d96c6aa1df8,30,0,1
bsc,0x6ec9a568881755c9698384cc6b5b13bf4064e12b,30,0,1
bsc,0x6f23128677a56b50ac30a3ce78f0a606643c69b5,30,0,1
bsc,0x6f3aaf802f57d045efdd2ac9c06d8879305542af,30,0,1
bsc,0x6f620ec89b8479e97a6985792d0c64f237566746,30,0,1
bsc,0x6fdce1382566baa7f7e35cfa4005c677d649e375,30,0,1
bsc,0x7029f86dc4634c5d59ee3f1578c193783505e2c1,30,0,1
bsc,0x708cb02ad77e1b245b1640cee51b3cc844bcaef4,30,0,1
bsc,0x70b6c6a555507ee4ac91c15e5c80b7dc8ff3b489,30,0,1
bsc,0x7111e5c9b01ffa18957b1aa27e9cb0e8fba214f5,30,0,1
bsc,0x71be881e9c5d4465b3fff61e89c6f3651e69b5bb,30,0,1
bsc,0x722cb8e411d40942c0f581b919ecce3e4d759602,30,0,1
bsc,0x722f41f6511ff7cda73a1cb0a9ea2f731738c4a0,30,0,1
bsc,0x7283dfa2d8d7e277b148cc263b5d8ae02f1076d3,30,0,1
bsc,0x72ef0cf8dc02fe91150a2472cc551de929e22fac,30,0,1
bsc,0x73052f51b68d974d2ed6cec7b9e817adac168168,30,0,1
bsc,0x7358cda6a5db35ce11a3a79a61145ec93b63eed4,30,0,1
bsc,0x735f9fd455ba15ab8e53aa3c4620c4297c8df5c7,30,0,1
bsc,0x7361de48dde2d05e379d9e6641b7e7b2e323a464,30,0,1
bsc,0x736bf1d21a28b5dc19a1ac8ca71fc2856c23c03f,30,0,1
bsc,0x738076a6cb6c30d906bcb2e9ba0e0d9a58b3292e,30,0,1
bsc,0x7470ff44a57fce4b7413f31fdc9b625ff58dbb9c,30,0,1
bsc,0x7536c00711e41df6aebcca650791107645b6bc52,30,0,1
bsc,0x75a320c97205dd2e70e09085d1408c73a73d4d8f,30,0,1
bsc,0x75ef7e9028798b4deaa10ac8348dfe70b770325c,30,0,1
bsc,0x767b28a30e3a15dcece7bff7a020adfde9d19cf8,30,0,1
bsc,0x769c6f0c5c2bcd1b76638bd58e5350f5c94128f3,30,0,1
bsc,0x76f3ce6af26de7a9854dbd153acd8f46a2cf5133,30,0,1
bsc,0x7758a52c1bb823d02878b67ad87b6ba37a0cdbf5,30,0,1
bsc,0x7762a14082ab475c06d3868b385e46ae27017231,30,0,1
bsc,0x7764bdfc4ab0203a7d4e3edf33b181f395458870,30,0,1
bsc,0x778db6aeebbb78dbc1b63dcd8571da2d74897beb,30,0,1
bsc,0x77972a1ba3cab14e1e907b58bbc4971544f4719d,30,0,1
bsc,0x77edfae59a7948d66e9911a30cc787d2172343d4,30,0,1
bsc,0x77f6a5f1b7a2b6d6c322af8581317d6bb0a52689,30,0,1
bsc,0x780207b8c0fdc32cf60e957415bfa1f2d4d9718c,30,0,1
bsc,0x7849ed1447250d0b896f89b58f3075b127ca29b3,30,0,1
bsc,0x7881cd2b5724431372f57c50e91611352557a606,30,0,1
bsc,0x78aae7e000bf6fc98a6b717d5ec8ef2bcd04f428,30,0,1
bsc,0x797bb0beea437d2762a755ea911c0046c1284568,30,0,1
bsc,0x7a2277f34f275ded630deff758fbc818409ca36d,30,0,1
bsc,0x7a45d24affe81e98a03ee68d10cb2dc1f857676b,30,0,1
bsc,0x7a532aa9a2ab86f6bd7e1dcd93d3fdd2b0b410a6,30,0,1
bsc,0x7b099edc196de9504a9f7bb0c3ec2aca26e7237e,30,0,1
bsc,0x7b86f5ca09dc00502e342b0fef5117e1c32222ce,30,0,1
bsc,0x7b933e1c1f44be9fb111d87501baada7c8518abe,30,0,1
bsc,0x7b9f36a2f331ece03a7483d2713cfd806f9beef2,30,0,1
bsc,0x7ba1a5780ce75a6998e0f65529393873a6d57cda,30,0,1
bsc,0x7c56d81ecb5e1d287a1e22b89b01348f07be3541,30,0,1
bsc,0x7c59a57fc16eac270421b74615c4bc009ecd486d,30,0,1
bsc,0x7c67dccb04b67d4666fd97b2a00bb6d9b8d82e3f,30,0,1
bsc,0x7c869b5a294b1314e985283d01c702b62224a05f,30,0,1
bsc,0x7cd392a37a36152f5b3afe086a9832ad2ef8d145,30,0,1
bsc,0x7cdf887bfd5c1fee94f549e90e1f6cd7a3e8e5f8,30,0,1
bsc,0x7d10b6157c7c577caa62d319dc215209cf2db8c3,30,0,1
bsc,0x7d23de8d1e71b42b821ea4157ca6b81524729cf3,1,0,1
bsc,0x7d38315b92d0e7a85b35b2b7fe969b25935619d7,30,0,1
bsc,0x7d4984490c4c68f8ead9dddca6d04c514ef77324,30,0,1
bsc,0x7db21353a0c4659b6a9a0519066aa8d52639dfa5,30,0,1
bsc,0x7dc6dc21ce07e6499fdcc30dcdb943a8ee4db802,30,0,1
bsc,0x7e46d5eb5b7ca573b367275fee94af1945f5b636,30,0,1
bsc,0x7ee43f72b5431082993ae81356472afbb42f9dac,30,0,1
bsc,0x7f2d1f6a46d619715292c31adb3b647e03ec21b0,30,0,1
bsc,0x7f70642d88cf1c4a3a7abb072b53b929b653eda5,30,0,1
bsc,0x7faaf8d4c411218415d9d3f82d56214658349dbb,30,0,1
bsc,0x7fe378c5e0b5c32af2ecc8829bedf02245a0e4ef,30,0,1
bsc,0x8005d97e993668a528008d16338b42f9e976ed0f,30,0,1
bsc,0x8013d731f429b3ad418f5467f9f68285efd67ca7,30,0,1
bsc,0x8038b1f3eb4f70436569618530ac96b439d67bae,30,0,1
bsc,0x803b581b817b1a2453af92d68c7bb5ac4b21faa5,30,0,1
bsc,0x80d5f92c2c8c682070c95495313ddb680b267320,30,0,1
bsc,0x80e7dc4e726e052b0db04ec8b506596458809c11,30,0,1
bsc,0x80ef6c9c91c8f150098c5b0763d0a40d46fb3b3e,30,0,1
bsc,0x81663d5149cadbbc48cf1a7f21b05719ee1420a9,30,0,1
bsc,0x81aa4d3ad2a86e7a2cd44630c36ccaacd6b30568,30,0,1
bsc,0x81ddc2d9908f92bc56390ef3b1f4347f1c51db9b,30,0,1
bsc,0x8203caf86e33ae8df3745938d8ff3cabb7f0866f,30,0,1
bsc,0x82190d28e710ea9c029d009fad951c6f1d803bb3,30,0,1
bsc,0x824a50df33ac1b41afc52f4194e2e8356c17c3ac,30,0,1
bsc,0x82598bb4c9b40217c0bb28b63eaae3a7aabd9b7e,30,0,1
bsc,0x829555f1197171d35ec51c095e27b47a246ac6a6,30,0,1
bsc,0x83451a4e3585fda74feb348ad929f2c4ca189660,30,0,1
bsc,0x83b27de2fca046fa63a11c7ce7743de33ec58822,30,0,1
bsc,0x83b79f74f225e8f9a29fc67cb1678e7909d7d73d,30,0,1
bsc,0x83c7679d9f1e0aa9f219970a2af2f534eac3db99,30,0,1
bsc,0x83f56693c0d6f59c1d6dfbb90557e1af90712589,30,0,1
bsc,0x8457ca5040ad67fdebbcc8edce889a335bc0fbfb,1,0,1
bsc,0x84e9a6f9d240fdd33801f7135908bfa16866939a,30,0,1
bsc,0x851944049dfdd189725b136c5ae3fb83cc62b28d,30,0,1
bsc,0x8526ff6bbd8a976127443b1ce451ca1044aa3ce2,30,0,1
bsc,0x854a63b35b70a7becbed508ff0b6ff5038d0c917,30,0,1
bsc,0x8626264b6a1b4e920905efd381002aba52ea0eea,30,0,1
bsc,0x8689dea88ec1e2638250eef702e722c6dacff70e,30,0,1
bsc,0x8691ee64846c7d37e339093eae047c3441f13c51,30,0,1
bsc,0x86cd1faf05abbb705842ec3c98ef5006173fb4d6,30,0,1
bsc,0x8729123ac749359144db4396f8ecf32976f7a86e,30,0,1
bsc,0x87374baef80590f5274bae9c2533e10b6a3a79b8,30,0,1
bsc,0x8780fea4c6b242677d4a397fe1110ac09ce99ad2,30,0,1
bsc,0x87bb7c683d82aea0f16b14cf524d13bd6a84a2d3,30,0,1
bsc,0x87e0ce18ce0ce0a86b22537b48c15e03a519b112,30,0,1
bsc,0x883916d358d6262a47b0516a4243bb08310dbdf0,30,0,1
bsc,0x885c99a787be6b41cbf964174c771a9f7ec48e04,30,0,1
bsc,0x886640149e31e1430fa74cc39725431eb82ddfb2,30,0,1
bsc,0x8868f307098e2f5fd81b8beeb21582a6a3c2cb25,30,0,1
bsc,0x8888888888f004100c0353d657be6300587a6ccd,30,0,1
bsc,0x888ed27c3ab248868c29dabe3d1b3d7cc5c89c5b,30,0,1
bsc,0x88b985007d714d1578bccdec2303212c14946cdc,30,0,1
bsc,0x88fa341d1c61f6723491dceb56ee09f1fda6d972,30,0,1
bsc,0x891e4554227385c5c740f9b483e935e3cbc29f01,30,0,1
bsc,0x894a56c1276e885ebb369b99e3d154512b4c682c,30,0,1
bsc,0x897504dc693b30c367cdacfa88578582686c1d95,30,0,1
bsc,0x8abfa6a4f4b9865b0e7acfdce1839a2584636d06,30,0,1
bsc,0x8ac0a467f878f3561d309cf9b0994b0530b0a9d2,30,0,1
bsc,0x8b3a78c6f3fc801cbad6c50b2c1a180e3cd267eb,30,0,1
bsc,0x8b62e98b3ad434cc6491c8d0dd97da05e7710fcb,30,0,1
bsc,0x8bd22c61b409587d24d87fb56e88bd84e5d91596,30,0,1
bsc,0x8c18ffd66d943c9b0ad3dc40e2d64638f1e6e1ab,30,0,1
bsc,0x8c21cef3c0f25e7fa267e33602702e3f91775360,30,0,1
bsc,0x8c73dc245d2626311dd28319793893460b358f3c,30,0,1
bsc,0x8d3633998a91041ad986e751a753c100c792b260,30,0,1
bsc,0x8d7e34b786064c205b0c7a1c815c62564cdeee4e,30,0,1
bsc,0x8e8538c75f273ab2df6adeecd3622a9c314fccf3,30,0,1
bsc,0x8ea93d00cc6252e2bd02a34782487eed65738152,30,0,1
bsc,0x8eb12bf64c5513653de549a61078f244ef11dbff,30,0,1
bsc,0x8eef759dd4a7175286c470a9bf9c03e3b2a04741,30,0,1
bsc,0x8efa59bf5f47c6fe0e97c15cad12f2be6bb899a1,30,0,1
bsc,0x8efda9d7f69b7f5b1fce47bde3bddfcb3af127a0,30,0,1
bsc,0x8f2e2bad6020d8bb5bf947199cae8eb86d24cfd7,30,0,1
bsc,0x8f74c41e5fe759185c7f6b82d2033264844b03f0,30,1,1
bsc,0x8f7ebc23212f6adcc7a5f1c86197ec337c2f4997,30,0,1
bsc,0x8f9f2c61730932c99fae229a7265851aaaf9d59e,30,0,1
bsc,0x8fb7a3d213c3a2b605386cd3617fe0eaab7f3b1c,30,0,1
bsc,0x9066e87bac891409d690cfefa41379b34af06391,30,0,1
bsc,0x9095e8d707e40982affce41c61c10895157a1b22,30,0,1
bsc,0x911877a6711d1c7b0acb7d05517025c55beeb71c,30,0,1
bsc,0x9158e70119d661ba0caeb2b392edd9565cac82b7,30,0,1
bsc,0x91829779e4a3c23f96f006e5e47a995985adab05,30,0,1
bsc,0x9194d7e750217f9637d5f35592411459bd587dae,30,0,1
bsc,0x926302efd204d7bb6fdc57ec1ae55a0906f70412,30,0,1
bsc,0x92d28e49a4ffd443c1e2a907dcc07d2a41e67f4d,30,0,1
bsc,0x935a544bf5816e3a7c13db2efe3009ffda0acda2,30,0,1
bsc,0x936dcfc3ff6a8da20a945d867bdfea09988ffa0c,30,0,1
bsc,0x9377e3c3180dddfcda4e4217ed21f2f7c3b235a0,5,0,1
bsc,0x94025780a1ab58868d9b2dbbb775f44b32e8e6e5,30,0,1
bsc,0x94174f59c009f49b6abc362706fda402616b0427,30,0,1
bsc,0x94733910a43d412ddad505a8772839aa77ac1b6d,30,0,1
bsc,0x9482e71fff16842f1271d07941d5492bd4b27215,30,0,1
bsc,0x9498c4383406a5bdd9100cff3fe0b550a111dd3d,30,0,1
bsc,0x9528cceb678b90daf02ca5ca45622d5cbaf58a30,30,0,1
bsc,0x95a6772a2272b9822d4b3dfeeaedf732f1d28db8,30,0,1
bsc,0x95b0fffabd2817959ce410070600d77bce93d454,30,0,1
bsc,0x95ca12cd249d27008a482009e101a8501cf3a64f,30,0,1
bsc,0x963556de0eb8138e97a85f0a86ee0acd159d210b,30,0,1
bsc,0x96412902aa9aff61e13f085e70d3152c6ef2a817,30,0,1
bsc,0x96eb216c0b067a5d6ec0ded4f3324e460013e699,30,0,1
bsc,0x96f77f24b3d17166fcaf3a9e3b8330ff38b966f9,30,0,1
bsc,0x972207a639cc1b374b893cc33fa251b55ceb7c07,30,0,1
bsc,0x974e9f2075b8cc77a54f8b439042f242df353990,30,0,1
bsc,0x9776191f4ebbba7f358c1663bf82c0a0906c77fa,30,0,1
bsc,0x978396a2fe2c0d3c69dac6c60263e6e5b7b03020,30,0,1
bsc,0x9792f67b919d0694edfcb69294872e392bfbb0f9,30,0,1
bsc,0x97a30c692ece9c317235d48287d23d358170fc40,30,0,1
bsc,0x985051a53a8ab90670540c2e7d537013fd5ae5e4,30,0,1
bsc,0x98631c69602083d04f83934576a53e2a133d482f,30,0,1
bsc,0x986854779804799c1d68867f5e03e601e781e41b,30,0,1
bsc,0x988c49d4a1515ee341b3540ec70a1f7a167b3759,30,0,1
bsc,0x988f7c894e4001eeb7b570cde80dffe21cf7b6b9,30,0,1
bsc,0x98999aa1b0d17fb832fd509e13b67fe506513a6d,30,0,1
bsc,0x98d4c60deea495c94d50d162d331278658a6b681,30,0,1
bsc,0x991bb6093fa735d27cd1444b2ad8fdd95876fed5,30,0,1
bsc,0x99945f484ebc48f5307cc00cf8dcf8d6d3d4b017,30,0,1
bsc,0x99956d38059cf7beda96ec91aa7bb2477e0901dd,30,0,1
bsc,0x99bb559743d87ea685f651e3f62c606b08159653,30,0,1
bsc,0x99f4cc2bae97f82a823ca80dcae52ef972b7f270,30,0,1
bsc,0x9a442c0f0c6618388f1fa0e2565d365aef520e7a,30,0,1
bsc,0x9a8284c2cec196478f01ef4446a0222dd4def00e,30,0,1
bsc,0x9b208b117b2c4f76c1534b6f006b033220a681a4,30,0,1
bsc,0x9babcd3a6f62d9adc709e919d5faa39aa85749fc,30,0,1
bsc,0x9bb2b75250fc34e16d9503c04781c718b2d467c8,30,0,1
bsc,0x9c0f06b1a025eed91215e662f28e78423b262b3f,30,0,1
bsc,0x9c1962e0ac2a370ab4c4f4eecba6483d8764c4b2,30,0,1
bsc,0x9c4a515cd72d27a4710571aca94858a53d9278d5,30,0,1
bsc,0x9d7c752b80704ea2594cebb31131ccbd809f532c,30,0,1
bsc,0x9dcd6ab0511b2e72af3d088538d678bae9bbf552,30,0,1
bsc,0x9e02b86a56b208058e41f442222fffa6ebfbefd2,30,0,1
bsc,0x9e0335fb61958fe19bb120f3f8408b4297921820,30,0,1
bsc,0x9e1170c12fddd3b00fec42ddf4c942565d9be577,30,0,1
bsc,0x9e20461bc2c4c980f62f1b279d71734207a6a356,30,0,1
bsc,0x9ebfd6d708ed4209c43e5dd97b708316c112f458,30,0,1
bsc,0x9ee10d2e9571aecfe5a604af7fe71b96eba84b7b,30,0,1
bsc,0x9f1f27179fb25f11e1f8113be830cff5926c4605,30,0,1
bsc,0x9f2fd23bd0a5e08c5f2b9dd6cf9c96bfb5fa515c,30,0,1
bsc,0x9f68f166301aca720aa5b5588329230d3316e358,30,0,1
bsc,0x9f8b8fe01b26957cf3dcd6fbd3675053ba2c02c8,30,0,1
bsc,0xa04f060077d90fe2647b61e4da4ad1f97d6649dc,30,0,1
bsc,0xa069008a669e2af00a86673d9d584cfb524a42cc,30,0,1
bsc,0xa0bed124a09ac2bd941b10349d8d224fe3c955eb,30,0,1
bsc,0xa0c1d3f3570917e8b31932daecd5ca010759519f,30,0,1
bsc,0xa0ed3c520dc0632657ad2eaaf19e26c4fd431a84,30,0,1
bsc,0xa113689c21a83fb82e3010c9e625f00d5c6d9c87,30,0,1
bsc,0xa11ff9976018fda2a8c4ccfa6ffbe8423c5ab668,30,0,1
bsc,0xa1428370f540b4c4e319224165ecae513a391f77,30,0,1
bsc,0xa14c04dea16798aa8f25b1da583cd5fbbfd6579e,30,0,1
bsc,0xa155464b1566cdddf9782205602651b8b871b3d5,30,0,1
bsc,0xa1ac3b22b102caa62c9ecaf418585528855b0ddd,30,0,1
bsc,0xa1b4c67ab08dceab25e7b22b4a11897ea042a1a8,30,0,1
bsc,0xa22dc6babab39c2d83f0d4b174ef7016424253a7,30,0,1
bsc,0xa23c6aff5e994be5070974bca74fce664d71e6f2,30,0,1
bsc,0xa2741bec3115a4cc43bbccdc351e21df4c6c0e31,30,0,1
bsc,0xa2c17a6fd0afe27afa2630a7528bc673089e6b8d,30,0,1
bsc,0xa30e41296ec0fefa9aa8c605af5b8f9a36fe68c5,7,0,1
bsc,0xa37100bb05271853766af8ed7a32ca20c8311acc,30,0,1
bsc,0xa3a3d699b0a3a027d32c8d5040352dde1b8a8106,30,0,1
bsc,0xa3ba9f53e1d9662573a822a1680b8f359d4a5519,30,0,1
bsc,0xa3f020a5c92e15be13caf0ee5c95cf79585eecc9,30,0,1
bsc,0xa41f142b6eb2b164f8164cae0716892ce02f311f,30,0,1
bsc,0xa4a94dcf0dc96f7b51d5b099efe10bdf150ffdbe,30,0,1
bsc,0xa5522ae272b74b014bc20ef7ef2e2b87af0787d8,30,0,1
bsc,0xa58aad37fa608a2a78a24954c35590c40a51a7b0,30,0,1
bsc,0xa5dec77c4d1b4eba2807c9926b182812a0cbf9eb,30,0,1
bsc,0xa5e94e1cd621c0f6361c57c39712d777ebcd4146,2,0,1
bsc,0xa6c59de838f1eeb82d86f5af0750f5f656439999,30,0,1
bsc,0xa700075303cc6355ae5d1383681def9589e20f45,4,0,1
bsc,0xa719b8ab7ea7af0ddb4358719a34631bb79d15dc,30,0,1
bsc,0xa73164db271931cf952cbaeff9e8f5817b42fa5c,30,0,1
bsc,0xa73df9480e9408908c828be2e1a7345855501508,30,0,1
bsc,0xa752df1de29cddba6f1142db2a75d407092cce4b,30,0,1
bsc,0xa75e7928d3de682e3f44da60c26f33117c4e6c5c,30,0,1
bsc,0xa77d560e34bd6a8d7265f754b4fcd65d9a8e5619,30,0,1
bsc,0xa7ebcb0da35a8b6d2ea6943faec8949676a316cd,30,0,1
bsc,0xa80221d067603e30060f75e2458aa361f8ee5402,30,0,1
bsc,0xa803778ab953d3ffe4fbd20cfa0042ecefe8319d,30,0,1
bsc,0xa84c6fcf549e900b11299475cfe7c255f2320c91,30,0,1
bsc,0xa86d21e7da30cc74adb457cb33b15488c9b9d68e,30,0,1
bsc,0xa8de5067fa003febb7a006589dc7fe097ce5e2f9,30,0,1
bsc,0xa99600043e84181a9d4137ad1cefb8cfe9138674,30,0,1
bsc,0xaa086b3a3457e8b98cd649f405371a3d5817bd40,30,0,1
bsc,0xaa390bd1657514730d98baabce4b393a53acd579,30,0,1
bsc,0xaa3ed6e6ea3ed78d4d57e373aabd6f54df5bb508,30,0,1
bsc,0xaa83bb1be2a74aaa8795a8887054919a0ea96bfa,30,0,1
bsc,0xaa967da5092074cd7e54ff88122e958adf63fbd8,30,0,1
bsc,0xab9d0fae6eb062f2698c2d429a1be9185a5d4f6e,30,0,1
bsc,0xabcad2648fd27538e44bbd91109835aadaf981bc,30,0,1
bsc,0xac472d0eed2b8a2f57a6e304ea7ebd8e88d1d36f,30,0,1
bsc,0xac5d23ce5e4a5eb11a5407a5fbee201a75e8c8ad,30,0,1
bsc,0xacbe25ad33b998c7c4b8442f21d914da0902aeb6,30,0,1
bsc,0xacbf126a6660d99b543e3d3b8866dd2e2229ad06,30,0,1
bsc,0xad0926ecf31719263dc86426024794332d9dd9a3,30,0,1
bsc,0xad1f255571ac404d1213842ad86658f8c6b3d717,30,0,1
bsc,0xad376fcbd1ddab4a761c9fcbb39f28d4dec8b5cc,30,0,1
bsc,0xad88cc97f6c175c39a391e57469e332e5a2bde75,30,1,1
bsc,0xae71b7f53036b0c91907ea1330afd560786c3835,30,0,1
bsc,0xae908ba89ce0031d19972f19e863b86aabb00280,30,0,1
bsc,0xaead93f0b9567fe2df40ad15071a50163c0e2f77,30,0,1
bsc,0xaed8bd0608ef3cc45290a8d0e4223ef4c92dd3dc,30,0,1
bsc,0xaf16cb45b8149da403af41c63abfebfbcd16264b,30,0,1
bsc,0xaf20f5f19698f1d19351028cd7103b63d30de7d7,30,0,1
bsc,0xaf55e53cfa099a59aa30554fe106f33c47564a25,30,0,1
bsc,0xaf7c3e578621aabab184c706bad94ffb1a2e0179,30,0,1
bsc,0xaf83f292fced83032f52ced45ef7dbddb586441a,30,0,1
bsc,0xaf9c10b341f55465e8785f0f81dbb52a9bfe005d,30,0,1
bsc,0xaff6a69959314d06f7ed743232144f98701e34d5,30,0,1
bsc,0xb007549db2a335364dfdce86001ee3b081051f03,30,0,1
bsc,0xb0461d7e8212d311b842a58e9989ede849ac6816,30,0,1
bsc,0xb04906e95ab5d797ada81508115611fee694c2b3,30,0,1
bsc,0xb0a480e2fa5af51c733a0af9fcb4de62bc48c38b,30,0,1
bsc,0xb0b195aefa3650a6908f15cdac7d92f8a5791b0b,30,0,1
bsc,0xb0c4080a8fa7afa11a09473f3be14d44af3f8743,30,0,1
bsc,0xb0eb3e295b44d7d405ba8026a9734a9ab354a8b2,30,0,1
bsc,0xb0f2939a1c0e43683e5954c9fe142f7df9f8d967,30,0,1
bsc,0xb10aaaa0275b31d7d8d49025c4cc2e2417210967,30,1,1
bsc,0xb1547683da678f2e1f003a780143ec10af8a832b,30,0,1
bsc,0xb1a05d0ee3c8d936f70b77318a348c0de2f8a396,30,0,1
bsc,0xb1ebdd56729940089ecc3ad0bbeeb12b6842ea6f,30,0,1
bsc,0xb1ff83ef5e44862d634413be77ca4dc6ac50b74f,30,0,1
bsc,0xb21f4e20bf387bd207adc0ba4e5169aca3b253bf,30,0,1
bsc,0xb22e110e8b83e5efe88e4af3a52ff39a7afd814c,30,0,1
bsc,0xb248a295732e0225acd3337607cc01068e3b9c10,30,0,1
bsc,0xb24a7830cb83987a3b3034cf48210d0ac28ff50e,30,0,1
bsc,0xb2cb83e8e1b326373b7f1068d10c50ebfa04f070,30,0,1
bsc,0xb2cf1816907bcb39be67451dab7ea8df2cb7d91f,30,0,1
bsc,0xb2f307fc5d7b34f22267aef01e84915a4509cf86,30,0,1
bsc,0xb30f5e41de59a3a243f7c0eda54894e3db9ddebc,7,0,1
bsc,0xb3a95bdbe4ac65b0628db1e6600f71ed59b89255,30,0,1
bsc,0xb3cb6d2f8f2fde203a022201c81a96c167607f15,30,0,1
bsc,0xb3d0be7980ce684e433e7d15d15ef9eb82223130,30,0,1
bsc,0xb47e21328b4f1c6d685c213d707fab3edb234fa0,30,0,1
bsc,0xb49b7e0742ecb4240ffe91661d2a580677460b6a,30,0,1
bsc,0xb4b486496469b3269c8907543706c377daaa4dd9,30,0,1
bsc,0xb4c20bb1c75300fa724ec3196b5d1c854a7d58a0,30,0,1
bsc,0xb4fcdcb8a0b29247466720ff81587d1a6f4fc4d7,30,0,1
bsc,0xb5102cee1528ce2c760893034a4603663495fd72,30,0,1
bsc,0xb56eae36fc86513807d2fcb53c4434fc58582c26,30,0,1
bsc,0xb5b5308b92a7aead4c282e2f09e6d6dff32d881b,1,0,1
bsc,0xb5dfcc4de7456cf3ed67ab08f6310a0348c57850,30,0,1
bsc,0xb60f2a8bfdd0d47e7845339c418505541d14bf70,30,0,1
bsc,0xb63ad3ce4120c4a0cf6f90e5410d3fbc31b69e26,30,0,1
bsc,0xb66279ce85ff79df18901946e65216777b093967,30,0,1
bsc,0xb699390735ed74e2d89075b300761dae34b4b36b,30,0,1
bsc,0xb70d593ef89b707ce05925e1d80fffcd9a655406,30,0,1
bsc,0xb71488935ea2493a23e34bb893700edb809d1b2a,30,0,1
bsc,0xb72842d6f5fedf91d22d56202802bb9a79c6322e,30,0,1
bsc,0xb7e2713cf55cf4b469b5a8421ae6fc0ed18f1467,30,0,1
bsc,0xb800aff8391abacdeb0199ab9cebf63771fcf491,30,0,1
bsc,0xb81408a1cc2f4be70a6a3178d351ca95a77c5a06,30,0,1
bsc,0xb823746401d03ce7b4d748bb3e9c7a4912c68377,30,0,1
bsc,0xb8501a9a9aaae239a2490f44e00b284baa0b131a,30,0,1
bsc,0xb88bb087144c1bacbfd585ad1fca832964f04526,30,0,1
bsc,0xb8927b3ee00e9aded1431feea6975795403873ef,30,0,1
bsc,0xb92c5e0135a510a4a3a8803f143d2cb085bbaf73,30,0,1
bsc,0xb962150760f9a3bb00e3e9cf48297ee20ada4a33,4,0,1
bsc,0xb9eee0069bb54c2aa5762d184455686ec58a431f,30,0,1
bsc,0xba26397cdff25f0d26e815d218ef3c77609ae7f1,30,0,1
bsc,0xba5d93b6b797981d7a156f1759e388a1f721bdb7,30,0,1
bsc,0xbabacc135bbf2ce30f9c0f12665b244d3689a29c,30,0,1
bsc,0xbb38f4b6e289aa900505c92bd9743bd4d3c8d2de,30,0,1
bsc,0xbb689057fe1c4bfc573a54c0679ae1a7a1982f26,30,0,1
bsc,0xbbe626be0abd64e8efd72a934f08ff9e81c909c8,30,0,1
bsc,0xbc0ae82bbc2e1e4faaf73703db30df1eb0dcdd32,30,1,1
bsc,0xbc2a152ce36a76e3071ce221761e2445c1c496d4,30,0,1
bsc,0xbc424fee216ed9a8c5cf6388b340eeeeeba99f7b,30,0,1
bsc,0xbc648cbd7b2b2c666f9f46ac5c5ce6ee77f9c407,30,0,1
bsc,0xbc66460b9300bee6ba61db1cf0b07f8f0ee0a0d8,30,0,1
bsc,0xbc7a566b85ef73f935e640a06b5a8b031cd975df,30,0,1
bsc,0xbcb3ac7a3ceb2d0c5e162a03901d6d7bb8602912,30,0,1
bsc,0xbccd27062ae1a2bea5731c904b96edfb163aba21,30,0,1
bsc,0xbce62f8936b1aff0a57ceb3d1031486f1d61d095,30,0,1
bsc,0xbd100d061e120b2c67a24453cf6368e63f1be056,30,0,1
bsc,0xbd1221c4c0e9ff2c8d648561d794e3715b38230a,30,0,1
bsc,0xbd4b29918d92d613b019252091ab0189f354534f,30,0,1
bsc,0xbd4c4dc19f208cda6caacadadc0bff4cd975fa34,30,0,1
bsc,0xbd566c45e13023b94ad0f07f2a93d1ed74801f90,30,0,1
bsc,0xbd6ceeef56985b608252c3651dd903a3fcc34910,30,0,1
bsc,0xbd7b8e4de08d9b01938f7ff2058f110ee1e0e8d4,30,0,1
bsc,0xbda093c16347b5b106bc5bf9afd0ddeef85ea60c,30,0,1
bsc,0xbdc87a65e0b6bfb631847b7de815d2b07dec8ee7,30,0,1
bsc,0xbe0d3526fc797583dada3f30bc390013062a048b,30,0,1
bsc,0xbe1936a67f503e0eaf2434b0cf9f4e3d7100008a,30,0,1
bsc,0xbe2b6c5e31f292009f495ddbda88e28391c9815e,30,0,1
bsc,0xbe63ac9aacc3a6e785ec5723fa9f191544691bb6,30,1,1
bsc,0xbe96fcf736ad906b1821ef74a0e4e346c74e6221,30,0,1
bsc,0xbebdcc8a61bf7372461cd1e746a0c2ead1bc06d2,30,0,1
bsc,0xbef05cf52d8b244eeca6033fb8b9b69e1974f681,30,0,1
bsc,0xbf76dbf84b16da71366fc73cf8c19600449ce71a,30,0,1
bsc,0xbfc89d2134053d15d277a01c2a1a1980e0a5dbcd,2,0,1
bsc,0xc03fbf20a586fa89c2a5f6f941458e1fbc40c661,30,0,1
bsc,0xc13cbf50370e5eae6f5dd9d8a1015007f34c4ead,30,0,1
bsc,0xc14a7747cfec02cfea62e72bb93538de6b2078e6,30,0,1
bsc,0xc18358243294ecf28955f7029559a253f04b4ad9,30,0,1
bsc,0xc1a8f8bb27958c92ca1ed00340a50297cd4ccdd8,30,0,1
bsc,0xc294a07df611cfc515dcdc7d377648a7a0d85c8f,30,0,1
bsc,0xc2eb046621b59f604c7abdb1600d01636adc4fed,30,0,1
bsc,0xc353b7a1e13ddba393b5e120d4169da7185aa2cb,30,0,1
bsc,0xc3e49c20c841d6e0b2a1ccbbc5f29a64e068b25f,30,0,1
bsc,0xc4a904adf2ef39bee4f272a34dfa1d4570eea5e7,30,0,1
bsc,0xc4d2928cbb5516c34656636e0fb4ef3b99d20877,30,0,1
bsc,0xc501a6232c0296ffd48b67496435aaadf684e3e3,30,1,1
bsc,0xc513caec0d339535c1eda50d8e2ca4bc431ec493,30,0,1
bsc,0xc51ef828319b131b595b7ec4b28210ecf4d05ad0,30,0,1
bsc,0xc5326b32e8baef125acd68f8bc646fd646104f1c,30,0,1
bsc,0xc58c1117da964aebe91fef88f6f5703e79bda574,30,0,1
bsc,0xc643e83587818202e0fff5ed96d10abbc8bb48e7,30,0,1
bsc,0xc69ec15775aa8be1698893b681f415038dee8339,30,0,1
bsc,0xc6dddb5bc6e61e0841c54f3e723ae1f3a807260b,30,0,1
bsc,0xc6f18446997f7973cffb2adf9a3ffe16513b74d5,30,0,1
bsc,0xc6f2c653bb0ba29199527b020211c74aaba37cc9,30,0,1
bsc,0xc7d495d8ba942d62e69ba5c617a8575bea35717a,30,0,1
bsc,0xc84fae1141b92fa5bf847276828f69caf651cb7f,30,0,1
bsc,0xc87cee866ebdfc4f0e07e80157f0f4cbb7ad329e,30,0,1
bsc,0xc8cc4bbd33264db465e4c9ea011f895d02505959,30,0,1
bsc,0xc9132c76060f6b319764ea075973a650a1a53bc9,30,0,1
bsc,0xc9363d559d2e6dcac6955a00b47d28326e07cf07,30,0,1
bsc,0xc966ad1c98d7c804985c547785f8308dee026bd9,30,0,1
bsc,0xc999d595e73d06040f6cdd78d58ff20abe079337,30,0,1
bsc,0xc9d53a339f3c22e016c6fa1e3eb85ac32c75fed2,30,0,1
bsc,0xca0a9df6a8cad800046c1ddc5755810718b65c44,30,0,1
bsc,0xca127b33f6e606660d8aba486a4b167fed4b5612,30,0,1
bsc,0xca2483727292ba552aec12dfee4dc105cb1376b9,30,0,1
bsc,0xca39370ab6cf858343cea824a1c784964e5bf247,30,0,1
bsc,0xcafe001067cdef266afb7eb5a286dcfd277f3de5,30,0,1
bsc,0xcb008773ebef8c527fc33a4382659b13c9e73f70,30,0,1
bsc,0xcb129aa11ceaa00da1a92d12e26bb776ef3c3628,30,0,1
bsc,0xcb4e83b660e941e021c6842fc6eb63ad638600e3,30,0,1
bsc,0xcbbb3e5099f769f6d4e2b8b92dc0e268f7e099d8,30,0,1
bsc,0xcbcd9c0f344960f40c5ce7eb17a17e837fe8bb92,30,0,1
bsc,0xcbd787129d6e36225d93e46fa08556cc7f3a2458,30,0,1
bsc,0xcd392021084683803525fe5e6c00cae9c6be5774,30,0,1
bsc,0xcdb96d3aef363a036c6cf6c9b5736d79f0e404e2,30,0,1
bsc,0xcdf937995a55a9ab551d81b463ac0f7f02795368,30,0,1
bsc,0xce9c5d8cf8673808e2b164f24d7b823d7c0004c4,30,1,1
bsc,0xcf0990170a60da34ffcffa14ead4a3de27d0f4ce,30,0,1
bsc,0xcf8847dca5e97e723792e6fc6410c2c29bd22e5c,30,0,1
bsc,0xcfdf8a80fecaeecc144fa74c0df8691bfd0e26e3,30,0,1
bsc,0xcfe90d9fcbee5b4fe05a1723c493483b08b1a77f,30,0,1
bsc,0xd2ddfba7bb12f6e70c2aab6b6bf9edaef42ed22f,30,0,1
bsc,0xd306c124282880858a634e7396383ae58d37c79c,30,0,1
bsc,0xd30c1484652a32c98855655d21532ef16d1ac204,30,0,1
bsc,0xd399359683c1cd5267f611261ede08f22ce9729f,30,0,1
bsc,0xd39a0fc1bce46db79a466320b5bc662ac4ba5628,30,0,1
bsc,0xd3a29be0ffa8ce4fa6ed88e58ee2a510e22b1834,30,0,1
bsc,0xd3cc9d8f3689b83c91b7b59cab4946b063eb894a,30,0,1
bsc,0xd4ed60d8368a92b5f1ca33af61ef2a94714b2d46,30,0,1
bsc,0xd4fbc57b6233f268e7fba3b66e62719d74deecbc,30,0,1
bsc,0xd509c2c09c08bbef6ab4f9e13ab81d661aa009da,30,0,1
bsc,0xd517ce9206c09dfaa7e7f40f98e59f54fb10e09f,30,0,1
bsc,0xd5239b38b93b54a31b348afaac3edcdf9e3c546a,30,0,1
bsc,0xd52669712f253cd6b2fe8a8638f66ed726cb770c,30,0,1
bsc,0xd585a6213f7c582857306e1cc5f9d267b8106d7f,30,0,1
bsc,0xd676c90a3979e73dffb61f7a8608234781fc9cf8,30,0,1
bsc,0xd6ea4ec77fb7e0d5c331f9109f00ccede255b9c8,30,0,1
bsc,0xd6eb8555bf4ec4532fd17f6f7e638c85b391375b,30,0,1
bsc,0xd6ef2222cc850fdc7ee30f2b2d5384e0167700a3,30,0,1
bsc,0xd73e883e203646e87f6d073baf3d7719bda68bcb,30,0,1
bsc,0xd773affb89f9dbef8b1bcd2003a9de421f979416,30,0,1
bsc,0xd7bde0c14abce1017e7f6fa4292262fc19eb39c9,30,0,1
bsc,0xd7e81c66502e19cefc44a4bce4c0b4fb7a5f144a,30,0,1
bsc,0xd83c88db3a6ca4a32fff1603b0f7ddce01f5f727,30,0,1
bsc,0xd882739fca9cbae00f3821c4c65189e2d7e26147,30,0,1
bsc,0xd8cb4c2369db13c94c90c7fd3bebc9757900ee6b,30,0,1
bsc,0xd911375e7e9582c70fc98b1c6c2fbaad86f457ef,30,0,1
bsc,0xd963b2236d227a0302e19f2f9595f424950dc186,30,0,1
bsc,0xd96e43fb44be20e9e9a5872ce1904ebaa9975ead,30,0,1
bsc,0xd9780513292477c4039dfda1cfcd89ff111e9da5,30,0,1
bsc,0xd9a44c40584288505931880c9915c6a5eb5f2fb1,30,0,1
bsc,0xda1060158f7d593667cce0a15db346bb3ffb3596,30,0,1
bsc,0xda8f07e6a964179a49e30c183a236332e5dc7f07,30,0,1
bsc,0xdae4f1dca49408288b55250022f67195eff2445a,30,0,1
bsc,0xdae6c2a48bfaa66b43815c5548b10800919c993e,30,0,1
bsc,0xdb612e3b52d8eda1a3e27bde2c82cc2d9ca9a61d,30,0,1
bsc,0xdbe373d9374cee42cdd40754c71cd3f5eded4da7,30,0,1
bsc,0xdc49a53e1f15fd7fd522e0691cb570f442e9ca6c,16,0,1
bsc,0xdd1b6b259986571a85da82a84f461e1c212591c0,30,0,1
bsc,0xdd63e7fda4aad4132d7bf38de04ecc61c6c4b368,30,0,1
bsc,0xdd770074aa548b66ab54cf0f6e67f9354e3b732e,30,0,1
bsc,0xddb082c34022141a73a9cd1a4403305c8df3910d,30,0,1
bsc,0xdde5b33a56f3f1c22e5a6bd8429e6ad508bff24e,30,0,1
bsc,0xde2f075f6f14eb9d96755b24e416a53e736ca363,30,0,1
bsc,0xde314a065aaaf11e794706f8585c77e3bb7a2741,30,0,1
bsc,0xde3ab7aa2964fa7e2e45321dc0ee613e854623fc,30,0,1
bsc,0xde5ed76e7c05ec5e4572cfc88d1acea165109e44,30,0,1
bsc,0xde7d1ce109236b12809c45b23d22f30dba0ef424,30,0,1
bsc,0xde846b7805665cd2930cc723cacccbb9ac099db2,30,0,1
bsc,0xde9ce63cc1e60cfb26cd045fab92b5348cb3cf66,30,0,1
bsc,0xdebd6e2da378784a69dc6ec99fe254223b312287,30,0,1
bsc,0xdefcafe7eac90d31bbba841038df365de3c4e207,30,0,1
bsc,0xdf34f62a90717bac9067a1b9eb49f5e7419fdc7f,30,0,1
bsc,0xdf9e1a85db4f985d5bb5644ad07d9d7ee5673b5e,30,0,1
bsc,0xdfaabaa57dec10c049335bdaa2e949b4ce2ead30,30,0,1
bsc,0xdfd7b0dd7bf1012dfdf3307a964c36b972300ac8,30,0,1
bsc,0xe03244ff6d45d45fa33faaef3b912048c4b8f0db,30,1,1
bsc,0xe04e25ec3a5f1a0d574c18a9f6326bed39d1f51b,30,0,1
bsc,0xe05a08226c49b636acf99c40da8dc6af83ce5bb3,30,0,1
bsc,0xe097bceb09bfb18047cf259f321cc129b7beba5e,30,0,1
bsc,0xe0b58022487131ec9913c1f3acfd8f74fc6a6c7e,30,0,1
bsc,0xe10535928af57f0a043609b73a904f6416ec7317,30,0,1
bsc,0xe1b66a1f5ef08eb246890c3fab259a2656653e7f,30,0,1
bsc,0xe1d9adb6521c3c423acc0973fd5a481387c9c9ce,30,0,1
bsc,0xe20b7bab4e535db596f03e9b63568222e427df1b,30,0,1
bsc,0xe20b9e246db5a0d21bf9209e4858bc9a3ff7a034,30,0,1
bsc,0xe239b561369aef79ed55dfdded84848a3bf60480,30,0,1
bsc,0xe252fcb1aa2e0876e9b5f3ed1e15b9b4d11a0b00,30,0,1
bsc,0xe298ed3543b45037a2d4037ac6dfeb2e801f9803,30,0,1
bsc,0xe2eb47954e821dc94e19013677004cd59be0b17f,30,0,1
bsc,0xe2ec9a21783f9ef6d31038aa5f72e76e8e96a4bc,30,0,1
bsc,0xe2ee021a370ce5a5bc776a87578ded7951da18ea,30,0,1
bsc,0xe2efe9d38e21293347018914ee1d23913ecb811c,30,0,1
bsc,0xe356337a72d4990a3cfd4d13367659f14f304545,30,0,1
bsc,0xe356cb3efc9cb4320b945393a10fd71c77dc24a0,30,0,1
bsc,0xe38e3a21a4c0887e1ab0c2fbc3caa4c71d8ae170,30,0,1
bsc,0xe48a3d7d0bc88d552f730b62c006bc925eadb9ee,30,0,1
bsc,0xe64e30276c2f826febd3784958d6da7b55dfbad3,30,0,1
bsc,0xe6884e29ffe5c6f68f4958cf201b0e308f982ac9,30,0,1
bsc,0xe79a1163a95734ccfbd006cbaaba954f3e846beb,30,0,1
bsc,0xe7c9c6bc87b86f9e5b57072f907ee6460b593924,30,0,1
bsc,0xe7d36c00aabfc34f40ea17166229a0b4ae7dc856,30,0,1
bsc,0xe7eada32caf827d3ba8cb1074830d803c9bd48c3,30,0,1
bsc,0xe80772eaf6e2e18b651f160bc9158b2a5cafca65,30,0,1
bsc,0xe83ce6bfb580583bd6a62b4be7b34fc25f02910d,30,0,1
bsc,0xe8ebcf4fd1faa9b77c0ec0b26e7cc32a251cd799,30,0,1
bsc,0xe95412d2d374b957ca7f8d96abe6b6c1148fa438,30,0,1
bsc,0xe9b9c1c38dab5eab3b7e2ad295425e89bd8db066,30,0,1
bsc,0xe9da86435265477bcde46c7e9aa7ace5aa7e2d18,30,0,1
bsc,0xea51801b8f5b88543ddad3d1727400c15b209d8f,30,0,1
bsc,0xeaed1c1c9abc4096ca07247d570a5b34906c73d8,30,0,1
bsc,0xeaf0acd7fe39f2ea5ac52b0a8c20d3878082cc36,30,0,1
bsc,0xeaf185c6a1960e933eb18ba5c8b0745e6f24747e,30,0,1
bsc,0xeb8eec5a2dbf6e6f4cc542ad31cce706f8f80419,30,0,1
bsc,0xeb986da994e4a118d5956b02d8b7c3c7ce373674,30,0,1
bsc,0xebc148d40313be9c9f214d3beb9f2ddebec0ec52,30,0,1
bsc,0xebdba914eb214fbf7ab1acd02563da43831ad0a4,30,0,1
bsc,0xec153c1114dd485e439ab1aabbfb9565c690cdb2,30,0,1
bsc,0xec3422ef92b2fb59e84c8b02ba73f1fe84ed8d71,30,0,1
bsc,0xecb4c542de0d7af3aa294c5c4ae0befe8e93bd9c,30,0,1
bsc,0xece1688ccde78c6d511c57c30a05d05f014b0234,30,0,1
bsc,0xed66ec1acb7dbd0c01cccff33e3ff1f423057c21,30,0,1
bsc,0xed9b3d9a4b8f1a567761c793bb88214904832d17,30,0,1
bsc,0xeda1d0e1681d59dea451702963d6287b844cb94c,30,0,1
bsc,0xedce88aa6dd78d5ce2a247e49c32f549f6dd6b6b,30,0,1
bsc,0xedd52d44de950ccc3b2e6abdf0da8e99bb0ec480,30,0,1
bsc,0xedd9f422bc4d8e55c93a4e2fe64615f8dab27223,30,0,1
bsc,0xee0074509a481340fa2dc31177d1592f277c536f,30,0,1
bsc,0xee0736c93e98b2e9fbf11f47db19e7b68db71e94,30,0,1
bsc,0xeec0f509e651135c7cd01c07ea140064cf9ac41b,30,0,1
bsc,0xef540f67cc1b59f769ec1f392f1723e23b4048c8,30,0,1
bsc,0xef6d459fe81c3ed53d292c936b2df5a8084975de,30,0,1
bsc,0xef90fb9a8226fda3ba81161afee16ce7f2680736,30,0,1
bsc,0xf0186490b18cb74619816cfc7feb51cdbe4ae7b9,30,0,1
bsc,0xf03a2dc374d494fbe894563fe22ee544d826aa50,30,0,1
bsc,0xf040266885a04190b94e136da727f7f901f4317f,30,0,1
bsc,0xf0aaa03cd21c989c98074aded9c942ff938b2ab0,30,0,1
bsc,0xf0d43f46cea02bbb5e616bf6d795d4f8719cd80d,30,0,1
bsc,0xf0e406c49c63abf358030a299c0e00118c4c6ba5,30,0,1
bsc,0xf0eb3c9088718a533c8fd64dbcaa5927faed6d18,30,0,1
bsc,0xf11d23251bd589a18fd90e70069afb0c01a1f139,30,0,1
bsc,0xf1288cf18b1faaa35f40111c3e5d2f827e1e920e,30,0,1
bsc,0xf1b602fc211e3e2976ef44e4017b764a778197e0,30,0,1
bsc,0xf1b6460e7fa76e7afddfe20740c260b0ec6807a8,30,0,1
bsc,0xf1c3e69494e27bf067c4076a6f244a46446719d6,30,0,1
bsc,0xf1ca73caa1c7ad66af11147ba7d5636243af0493,30,0,1
bsc,0xf215a127a196e3988c09d052e16bcfd365cd7aa3,30,0,1
bsc,0xf27be4a7b56e892f10861db447dbf0b84adb1706,30,0,1
bsc,0xf2b688b2201979d44fdf18d1d8c641305cf560ba,8,0,1
bsc,0xf300e4f1a193dd047b0c6747ad4e16dedf886297,30,0,1
bsc,0xf3744f2a8b2b26896d55ad3f6d06a0382bc00a19,30,0,1
bsc,0xf376c874eacdcaaeb2f4012e5e09cf99357d830f,30,0,1
bsc,0xf47f9448d4765bbedcfaf57a6403ee0e48e0e158,30,0,1
bsc,0xf4914e6d97a75f014acfcf4072f11be5cffc4ca6,30,0,1
bsc,0xf542ac438cf8cd4477a1fc7ab88adda5426d55ed,30,0,1
bsc,0xf551013bf5e31314e776c25ffd4e883a197b9659,30,0,1
bsc,0xf599ef4aaec7462e685c783079baa3c433f0f6d5,30,0,1
bsc,0xf6565a97dc832d93dc83b75ee9aa5c7e8ecb0f9d,30,0,1
bsc,0xf77351d8f4ee853135961a936bb8d2e4ffa75f9d,30,0,1
bsc,0xf78a2e1824638d09571172368bbe1d8d399893ab,30,0,1
bsc,0xf7b6d7e3434cb9441982f9534e6998c43eef144a,30,0,1
bsc,0xf7c71cab11e3694638bb9a106e0f430565bd15f1,30,0,1
bsc,0xf7d9f74f02f258961f229f10666a1dba85d0529f,30,0,1
bsc,0xf7f0dc9fd88e436847580d883319137ec2aa6b94,30,0,1
bsc,0xf82aa46120314904cd8119dac84f6bcc7d90ed2e,30,0,1
bsc,0xf834673d496aeacb5e99dfbfc34f1bdcdf81d7bd,30,0,1
bsc,0xf86dda825885674f85c5420079e1df1bc0f372c6,30,0,1
bsc,0xf899e83e6c6df1a0d4887cf0209193aa97236322,30,0,1
bsc,0xf9114498b7f38f3337d6295a3a0f3edf8da71326,30,0,1
bsc,0xf91d58b5ae142dacc749f58a49fcbac340cb0343,30,0,1
bsc,0xfa4ba88cf97e282c505bea095297786c16070129,30,0,1
bsc,0xfb0e9a8f741c09128810cd5e2fac498bc0848b59,30,0,1
bsc,0xfb19f247f1f22cef1f0384535c779c664632cb6f,30,0,1
bsc,0xfba3b64fc886aa48ce53d700a3cd1cdfc7a1dac4,30,0,1
bsc,0xfc5bb1e8c29b100ef8f12773f972477bcab68862,30,0,1
bsc,0xfc76ba9157ee5d079de8c1e969ee54096aaa6c9c,30,0,1
bsc,0xfc8e68e30350c6603d3d29fcc8e676380c28fcf4,30,0,1
bsc,0xfce146bf3146100cfe5db4129cf6c82b0ef4ad8c,30,0,1
bsc,0xfd0fd32a20532ad690731c2685d77c351015ebba,30,0,1
bsc,0xfd2700c51812753215754de9ec51cdd42bf725b9,30,0,1
bsc,0xfd81ef21ea7cf1dc00e9c6dd261b4f3be0341d5c,30,0,1
bsc,0xfdc66a08b0d0dc44c17bbd471b88f49f50cdd20f,30,0,1
bsc,0xfe1179267621899d85e6eddc0dc9bf9345fb5e55,30,0,1
bsc,0xfe7e505865d6ff8e09b6d18133c0c393c27de410,30,0,1
bsc,0xff022329c5ff7d0aee3ba099a0878789aecd090d,30,0,1
bsc,0xff44967f2e4ebe0b8c5b6812f25e1b9bcec70b34,30,0,1
bsc,0xff8bbc599ea030aa69d0298035dfe263740a95bc,30,0,1
bsc,0xffb3edd21be33d5e78c9e0c2a275b3fd42670d67,30,0,1
bsc,0xffcec3e4584aaefde72ac1579996b982396254c8,30,1,1
ethereum,0x000000000000d0151e748d25b766e77efe2a6c83,30,0,1
ethereum,0x000000000077ee1fcfe351df1ff22736e995806b,30,0,1
ethereum,0x00000000051b48047be6dc0ada6de5c3de86a588,30,0,1
ethereum,0x00000000441378008ea67f4284a57932b1c000a5,30,0,1
ethereum,0x000000007a58f5f58e697e51ab0357bc9e260a04,30,0,1
ethereum,0x0000000de40dfa9b17854cbc7869d80f9f98d823,30,0,1
ethereum,0x00000100f2a2bd000715001920eb70d229700085,30,0,1
ethereum,0x00059ae69c1622a7542edc15e8d17b060fe307b6,30,0,1
ethereum,0x001a8ffcb0f03e99141652ebcdecdb0384e3bd6c,30,0,1
ethereum,0x004626a008b1acdc4c74ab51644093b155e59a23,30,0,1
ethereum,0x004b0a4ae06f9d5078fda0cbcd897187499a37c8,30,0,1
ethereum,0x00813e3421e1367353bfe7615c7f7f133c89df74,30,0,1
ethereum,0x0099c668b1691fd74e1b3fa2b4f55985265f574b,30,0,1
ethereum,0x009c43b42aefac590c719e971020575974122803,30,0,1
ethereum,0x00c2999c8b2adf4abc835cc63209533973718eb1,30,0,1
ethereum,0x00c5ca160a968f47e7272a0cfcda36428f386cb6,30,0,1
ethereum,0x00d8318e44780edeefcf3020a5448f636788883c,30,0,1
ethereum,0x00eec39f88e6a0e2ad39c52f00ca496d7fae221e,30,1,1
ethereum,0x011e128ec62840186f4a07e85e3ace28858c5606,30,0,1
ethereum,0x012ba3ae1074ae43a34a14bca5c4ed0af01b6e53,30,0,1
ethereum,0x013062189dc3dcc99e9cee714c513033b8d99e3c,30,0,1
ethereum,0x0173661769325565d4f011b2e5cda688689cc87c,30,0,1
ethereum,0x018008bfb33d285247a21d44e50697654f754e63,30,0,1
ethereum,0x01824357d7d7eaf4677bc17786abd26cbdec9ad7,16,0,1
ethereum,0x018d7d179350f1bb9853d04982820e37cce13a92,30,0,1
ethereum,0x01ba67aac7f75f647d94220cc98fb30fcc5105bf,30,0,1
ethereum,0x01d33fd36ec67c6ada32cf36b31e88ee190b1839,30,0,1
ethereum,0x01eeffcd9a10266ed00946121df097eed173b43d,30,0,1
ethereum,0x02a97fd243b8301bcd6ba3a87693162d6bd130bd,30,0,1
ethereum,0x02d3a27ac3f55d5d91fb0f52759842696a864217,30,0,1
ethereum,0x02d7a93829b365b7ad4c582dace1493aac50a290,30,0,1
ethereum,0x02de007d412266a2e0fa9287c103474170f06560,30,0,1
ethereum,0x02e7f808990638e9e67e1f00313037ede2362361,30,0,1
ethereum,0x02f92800f57bcd74066f5709f1daa1a4302df875,30,0,1
ethereum,0x03042482d64577a7bdb282260e2ea4c8a89c064b,30,0,1
ethereum,0x03049b395147713ae53c0617093675b4b86dde78,30,0,1
ethereum,0x0335a7610d817aeca1bebbefbd392ecc2ed587b8,30,0,1
ethereum,0x035df12e0f3ac6671126525f1015e47d79dfeddf,30,0,1
ethereum,0x037469519af5556ba582944cc93fbcac3b17922a,30,1,1
ethereum,0x03d1b1a56708fa298198dd5e23651a29b76a16d2,30,0,1
ethereum,0x03e3f0c25965f13dbbc58246738c183e27b26a56,30,0,1
ethereum,0x045da4bfe02b320f4403674b3b7d121737727a36,30,0,1
ethereum,0x04a1255f37bf739a234f6bf4e945bf7127e007a5,30,0,1
ethereum,0x04bc0ab673d88ae9dbc9da2380cb6b79c4bca9ae,30,0,1
ethereum,0x04c154b66cb340f3ae24111cc767e0184ed00cc6,30,0,1
ethereum,0x04cb9ac86dc1a9af320b88a898d2205f3a0d9e8b,8,1,1
ethereum,0x0501b9188436e35bb10f35998c40adc079003866,30,0,1
ethereum,0x050d94685c6b0477e1fc555888af6e2bb8dfbda5,30,0,1
ethereum,0x056c1d42fb1326f57da7f19ebb7dda4673f1ff55,30,0,1
ethereum,0x05d3606d5c81eb9b7b18530995ec9b29da05faba,30,0,1
ethereum,0x05e7236e79d5082bb93113830f82b2592daea24b,30,1,1
ethereum,0x05fb86775fd5c16290f1e838f5caaa7342bd9a63,30,0,1
ethereum,0x05fcc72cfb4150abae415c885f7a433ff523296f,30,0,1
ethereum,0x05fe069626543842439ef90d9fa1633640c50cf1,30,0,1
ethereum,0x064797ac7f833d01faeeae0e69f3af5a52a91fc8,30,0,1
ethereum,0x0649cef6d11ed6f88535462e147304d3fe5ae14d,30,0,1
ethereum,0x064bac371767c7ef2bdaaf8755eb603e1aa9189e,30,1,1
ethereum,0x069f967be0ca21c7d793d8c343f71e597d9a49b3,30,0,1
ethereum,0x06a00715e6f92210af9d7680b584931faf71a833,30,0,1
ethereum,0x06af07097c9eeb7fd685c692751d5c66db49c215,30,0,1
ethereum,0x06d5ca7c9accd15a87d4993a421b7e702bdbab20,30,0,1
ethereum,0x06d6f0dd6703a1cfe16025dcc55f36f017887627,30,0,1
ethereum,0x072382557067b36966dab6f5fb90be32c2da07eb,30,0,1
ethereum,0x075b1bb99792c9e1041ba13afef80c91a1e70fb3,30,0,1
ethereum,0x07c904d8c04323ef9fe6bf13aaeba05b62c54825,30,0,1
ethereum,0x07f9702ce093db82dfdc92c2c6e578d6ea8d5e22,30,0,1
ethereum,0x08037036451c768465369431da5c671ad9b37dbc,30,0,1
ethereum,0x0808e6c4400bde1d70db0d02170b67de05e07ef5,30,0,1
ethereum,0x081131434f93063751813c619ecca9c4dc7862a3,30,0,1
ethereum,0x082646b22a3960da69ef7a778c16dd6fb85dd999,30,0,1
ethereum,0x08931c0b7b1f464515c9b179de8562a8188df8cd,30,1,1
ethereum,0x089453742936dd35134383aee9d78bee63a69b01,30,0,1
ethereum,0x08a1c30bbb26425c1031ee9e43fa0b9960742539,30,0,1
ethereum,0x08ad83d779bdf2bbe1ad9cc0f78aa0d24ab97802,30,0,1
ethereum,0x08ba718f288c3b12b01146816bef9fa03cc635bc,30,0,1
ethereum,0x0981d9774a59a703db85f5eaa23672283ea31106,30,0,1
ethereum,0x09f098b155d561fc9f7bccc97038b7e3d20baf74,30,0,1
ethereum,0x0a13a5929e5f0ff0eaba4bd9e9512c91fce40280,30,0,1
ethereum,0x0a266778c113a8f0d3d7aeacd12b74a7da5037a0,30,0,1
ethereum,0x0a26e7ab5c554232314a8d459eff0ede72333f08,30,0,1
ethereum,0x0a44a7ccea34a7563ba1d45a5f757d0b02281124,30,0,1
ethereum,0x0a58153a0cd1cfaea94ce1f7fdc5d7e679eca936,30,0,1
ethereum,0x0a5e677a6a24b2f1a2bf4f3bffc443231d2fdec8,30,0,1
ethereum,0x0a638f07acc6969abf392bb009f216d22adea36d,30,0,1
ethereum,0x0a6c7d5b442ddf53d963581d87932f25743dd3a0,30,0,1
ethereum,0x0a77ef9bf662d62fbf9ba4cf861eaa83f9cc4fec,30,0,1
ethereum,0x0aa8a7d1fb4c64b3b1dcea9a7ade81c59c25b95b,30,0,1
ethereum,0x0acc0fee1d86d2cd5af372615bf59b298d50cd69,30,0,1
ethereum,0x0ae38f7e10a43b5b2fb064b42a2f4514cba909ef,30,0,1
ethereum,0x0aee8703d34dd9ae107386d3eff22ae75dd616d1,30,0,1
ethereum,0x0b0a8c7c34374c1d0c649917a97eee6c6c929b1b,30,0,1
ethereum,0x0b452278223d3954f4ac050949d7998e373e7e43,30,0,1
ethereum,0x0b4663216b812e4a2f0fc2029ff1232958f4bf8c,30,0,1
ethereum,0x0b498ff89709d3838a063f1dfa463091f9801c2b,30,0,1
ethereum,0x0b61c4f33bcdef83359ab97673cb5961c6435f4e,30,0,1
ethereum,0x0b6f3c17e1626a7cbfa4302ce4e3c45522d23a83,30,0,1
ethereum,0x0b7f0e51cd1739d6c96982d55ad8fa634dd43a9c,30,0,1
ethereum,0x0b925ed163218f6662a35e0f0371ac234f9e9371,30,0,1
ethereum,0x0b9ae6b1d4f0eeed904d1cef68b9bd47499f3fff,30,0,1
ethereum,0x0ba74fb26ca523f2dc22fa4318581cc2452eaba1,30,0,1
ethereum,0x0c10bf8fcb7bf5412187a595ab97a3609160b5c6,30,0,1
ethereum,0x0c37bcf456bc661c14d596683325623076d7e283,30,0,1
ethereum,0x0c3ef32f802967db75b9d49fe1e76620151ccb81,30,0,1
ethereum,0x0c4576ca1c365868e162554af8e385dc3e7c66d9,30,0,1
ethereum,0x0c90c57aaf95a3a87eadda6ec3974c99d786511f,30,0,1
ethereum,0x0c9c7712c83b3c70e7c5e11100d33d9401bdf9dd,30,0,1
ethereum,0x0d505c03d30e65f6e9b4ef88855a47a89e4b7676,30,0,1
ethereum,0x0d86eb9f43c57f6ff3bc9e23d8f9d82503f0e84b,30,0,1
ethereum,0x0d8ca4b20b115d4da5c13dc45dd582a5de3e78bf,30,0,1
ethereum,0x0dcee5f694e492f0dd842a7fbe5bed4c6e4665a6,30,0,1
ethereum,0x0de05f6447ab4d22c8827449ee4ba2d5c288379b,30,0,1
ethereum,0x0e192d382a36de7011f795acc4391cd302003606,30,0,1
ethereum,0x0e1c5509b503358ea1dac119c1d413e28cc4b303,30,0,1
ethereum,0x0e2ef8aecb3c01ad5d596f1b67134e178199984d,30,0,1
ethereum,0x0e6fa9c050c8a707e7f56a2b3695665e4f9eac9b,30,0,1
ethereum,0x0e8d2eb7d6bdf28393c25a1966385ad32ff0259a,30,0,1
ethereum,0x0e9cc0f7e550bd43bd2af2214563c47699f96479,30,0,1
ethereum,0x0eb3032bcac2be1fa95e296442f225edb80fc3cd,30,0,1
ethereum,0x0eb3f11ed8ca69813744868d02d83d4fbf72841e,30,0,1
ethereum,0x0ebe30595a44e5288c24161ddfc1e9fa08e33a0c,30,0,1
ethereum,0x0ec72cd6690db40b16be166858299f19d4f8e5b0,30,1,1
ethereum,0x0f1e49d6dcfc9eefcce9d5ae3c660f8ead75061a,30,0,1
ethereum,0x0f5c78f152152dda52a2ea45b0a8c10733010748,30,0,1
ethereum,0x0f6011f7dbc40c17ece894b1147f4ecfa712b600,30,0,1
ethereum,0x0f644658510c95cb46955e55d7ba9dda9e9fbec6,30,0,1
ethereum,0x0fd67b4ceb9b607ef206904ec73459c4880132c9,30,0,1
ethereum,0x10010078a54396f62c96df8532dc2b4847d47ed3,30,0,1
ethereum,0x101cc05f4a51c0319f570d5e146a8c625198e636,30,0,1
ethereum,0x102c776ddb30c754ded4fdcc77a19230a60d4e4f,30,0,1
ethereum,0x10345d3bfad41aee695ec0e7ca5c39abb44a9a21,30,0,1
ethereum,0x1037f509ade6bdcc82b52755cb96ca1f5260b695,30,1,1
ethereum,0x1045f5ccb01daea4f8eab055f5fcbb7c0e7c89f0,30,0,1
ethereum,0x1063181dc986f76f7ea2dd109e16fc596d0f522a,30,0,1
ethereum,0x10633216e7e8281e33c86f02bf8e565a635d9770,30,0,1
ethereum,0x106538cc16f938776c7c180186975bca23875287,30,0,1
ethereum,0x10bc518c32fbae5e38ecb50a612160571bd81e44,30,0,1
ethereum,0x10f2cf6ef155460c5b716080eb57928652867f2e,30,0,1
ethereum,0x10f6f2b97f3ab29583d9d38babf2994df7220c21,30,0,1
ethereum,0x111111517e4929d3dcbdfa7cce55d30d4b6bc4d6,30,0,1
ethereum,0x1117ac6ad6cdf1a3bc543bad3b133724620522d5,30,0,1
ethereum,0x1123d17fcf93ed2b41440317503346a0fdfe3ed7,30,0,1
ethereum,0x112eba094e03dfac405f3afd2d3ec8db883762a6,30,0,1
ethereum,0x113c65707c530502fef959308197353f6df97867,30,0,1
ethereum,0x1161ab556baa457994b1d6a6cca3a7a6891009fd,25,0,1
ethereum,0x11a2ab94ade17e96197c78f9d5f057332a19a0b9,30,0,1
ethereum,0x11bac0c3c81838022327198aa46124cdb8ce6ab9,30,0,1
ethereum,0x11c039f368606d91664bfd10137b00eee13cde77,30,0,1
ethereum,0x11c70caa910647d820bd014d676dcd97edd64a99,30,0,1
ethereum,0x12c51b8f1b8a98c70fe6ae45c158a78931423e4c,30,0,1
ethereum,0x12d102f06da35cc0111eb58017fd2cd28537d0e1,30,0,1
ethereum,0x12e2b8033420270db2f3b328e32370cb5b2ca134,30,0,1
ethereum,0x12ed0641242e4c6c220e3ca8f616e9d5470ac99a,30,0,1
ethereum,0x130914e1b240a7f4c5d460b7d3a2fd3846b576fa,30,0,1
ethereum,0x131157c6760f78f7ddf877c0019eba175ba4b6f6,30,0,1
ethereum,0x136471a34f6ef19fe571effc1ca711fdb8e49f2b,30,0,1
ethereum,0x1416946162b1c2c871a73b07e932d2fb6c932069,30,0,1
ethereum,0x144805be43c48ef85435c94e0da4cb4efb1ab4f3,30,0,1
ethereum,0x147faf8de9d8d8daae129b187f0d02d819126750,30,0,1
ethereum,0x14a32f050facf226ec60882398a9bf36d91dbac2,30,0,1
ethereum,0x14cc8dfaf2258e1b8b2869300dba1b734dc0fe43,30,0,1
ethereum,0x14da7b27b2e0fedefe0a664118b0c9bc68e2e9af,30,0,1
ethereum,0x153d015147f25db5c38e1f3af9111888431eb05f,30,1,1
ethereum,0x155040625d7ae3e9cada9a73e3e44f76d3ed1409,30,0,1
ethereum,0x155ff1a85f440ee0a382ea949f24ce4e0b751c65,30,0,1
ethereum,0x1571ed0bed4d987fe2b498ddbae7dfa19519f651,30,0,1
ethereum,0x159cdaf78be31e730d9e1330adfcfbb79a5fdb95,30,0,1
ethereum,0x15b7c0c907e4c6b9adaaaabc300c08991d6cea05,30,0,1
ethereum,0x15c65da8309153d4d0edb47041555f155d5e4933,30,0,1
ethereum,0x15f73a3ab443ee6ebf36c605c7868159ce5d028c,30,0,1
ethereum,0x15f74458ae0bfdaa1a96ca1aa779d715cc1eefe4,30,0,1
ethereum,0x162bb2bb5fb03976a69dd25bb9afce6140db1433,30,0,1
ethereum,0x16594930d16f3970e1a4317c6016555cb2e7b7fc,30,0,1
ethereum,0x168e209d7b2f58f1f24b8ae7b7d35e662bbf11cc,30,0,1
ethereum,0x16b3e050e9e2f0ac4f1bea1b3e4fdc43d7f062dd,30,0,1
ethereum,0x16c525c7cd751c19adf26f39118154d7c4bd0088,30,0,1
ethereum,0x16cc8367055ae7e9157dbcb9d86fd6ce82522b31,30,0,1
ethereum,0x1712aad2c773ee04bdc9114b32163c058321cd85,30,0,1
ethereum,0x171b1daefac13a0a3524fcb6beddc7b31e58e079,30,0,1
ethereum,0x171f9cfc136f2b2aaa148fcc6b660a2029bab048,30,0,1
ethereum,0x1735db6ab5baa19ea55d0adceed7bcdc008b3136,30,0,1
ethereum,0x176bc22e1855cd5cf5a840081c6c5b92b55e2210,30,0,1
ethereum,0x1783d3979038d986f3959adf7dbfc527f42c4269,30,0,1
ethereum,0x179e31fb25e433441a2839389a7b8ec9c4654b7b,30,0,1
ethereum,0x17c090f9a17e4e5a8ceb23bbe7e7e28e3c4ca196,30,0,1
ethereum,0x1806855b73881ed4e435c97c6da58b01be5d7390,30,0,1
ethereum,0x18084fba666a33d37592fa2633fd49a74dd93a88,30,0,1
ethereum,0x182c00807f2d4904d02d5e0d179600ff6a3ae67c,30,0,1
ethereum,0x182f4c4c97cd1c24e1df8fc4c053e5c47bf53bef,30,0,1
ethereum,0x1831186e1cbd4fa7f4f23d8453a68969067e34e1,30,0,1
ethereum,0x183395dbd0b5e93323a7286d1973150697fffcb3,30,0,1
ethereum,0x185ece9bc75164f9fc0fbe44738e8dd1863f8464,30,0,1
ethereum,0x186d0ba3dfc3386c464eecd96a61fbb1e2da00bf,30,0,1
ethereum,0x18a3563c21062897950bb09339c82b9686a35667,30,0,1
ethereum,0x18cc2ba8995c6307e355726244adb023cf00522f,30,0,1
ethereum,0x1936c91190e901b7dd55229a574ae22b58ff498a,30,0,1
ethereum,0x1940a7b039ab210689aafb332c5f07b523d81f36,30,0,1
ethereum,0x1955d744f9435522be508d1ba60e3c12d0690b6a,30,0,1
ethereum,0x196f4727526ea7fb1e17b2071b3d8eaa38486988,30,0,1
ethereum,0x198d14f2ad9ce69e76ea330b374de4957c3f850a,30,0,1
ethereum,0x19ac2659599fd01c853de846919544276ad26f50,30,0,1
ethereum,0x19ae49b9f38dd836317363839a5f6bfbfa7e319a,30,0,1
ethereum,0x19d4beb2bc410b80084fcbd0ac024326f4d3a370,30,0,1
ethereum,0x19de6b897ed14a376dda0fe53a5420d2ac828a28,30,0,1
ethereum,0x19e2a43fbbc643c3b2d9667d858d49cad17bc2b5,30,0,1
ethereum,0x19ebaa7f212b09de2aee2a32d40338553c70e2e3,30,0,1
ethereum,0x19f5d973335480d26270dc498459e2f39cf2da53,30,0,1
ethereum,0x19f78a898f3e3c2f40c6e0cd2ee5545f549d5e99,30,0,1
ethereum,0x1a23a6bfbadb59fa563008c0fb7cf96dfcf34ea1,30,0,1
ethereum,0x1a403e1c96792dfedb8232cf56400eb72ab95acb,30,0,1
ethereum,0x1a6658f40e51b372e593b7d2144c1402d5cf33e8,30,0,1
ethereum,0x1a76bffd6d1fc1660e1d0e0552fde51ddbb120cf,30,0,1
ethereum,0x1a7e4e63778b4f12a199c062f3efdd288afcbce8,30,0,1
ethereum,0x1aa51bc7eb181ce48ce626bf62f8956fa9555136,30,0,1
ethereum,0x1aabf9b575e4329b8c8f272428ad5e43ab4aefc8,30,0,1
ethereum,0x1ab43204a195a0fd37edec621482afd3792ef90b,30,0,1
ethereum,0x1afb69dbc9f54d08dab1bd3436f8da1af819e647,30,0,1
ethereum,0x1b073382e63411e3bcffe90ac1b9a43fefa1ec6f,30,0,1
ethereum,0x1b17dbb40fbed8735e7fe8c9eb02c20984fadfd6,30,0,1
ethereum,0x1b19c19393e2d034d8ff31ff34c81252fcbbee92,30,0,1
ethereum,0x1b6e9c73bee68102d9dd4a2627f97bff4183ab0a,30,0,1
ethereum,0x1b84765de8b7566e4ceaf4d0fd3c5af52d3dde4f,30,0,1
ethereum,0x1b8568fbb47708e9e9d31ff303254f748805bf21,30,0,1
ethereum,0x1ba9843bd4327c6c77011406de5fa8749f7e3479,25,0,1
ethereum,0x1bea0050e63e05fbb5d8ba2f10cf5800b6224449,30,0,1
ethereum,0x1bea3ccd22f4ebd3d37d731ba31eeca95713716d,30,0,1
ethereum,0x1bed97cbc3c24a4fb5c069c6e311a967386131f7,30,0,1
ethereum,0x1c3d163219bb74f430411b95d66b72056f366ec1,30,0,1
ethereum,0x1cf4592ebffd730c7dc92c1bdffdfc3b9efcf29a,30,0,1
ethereum,0x1da87b114f35e1dc91f72bf57fc07a768ad40bb0,30,0,1
ethereum,0x1dd80016e3d4ae146ee2ebb484e8edd92dacc4ce,30,0,1
ethereum,0x1de5e000c41c8d35b9f1f4985c23988f05831057,30,0,1
ethereum,0x1e31b601488e97bc247c57af7b6aa336edbc5477,30,0,1
ethereum,0x1e4746dc744503b53b4a082cb3607b169a289090,30,0,1
ethereum,0x1e610de0d7acfa1d820024948a91d96c5c9ce6b9,30,0,1
ethereum,0x1e8e29ca51363d923725ab9dac73bd7e9c440f71,30,0,1
ethereum,0x1e9d0bb190ac34492aa11b80d28c1c86487a341f,30,0,1
ethereum,0x1ea48b9965bb5086f3b468e50ed93888a661fc17,30,0,1
ethereum,0x1eb7bd905855c483db19f53c8c4d42db42a159fc,30,0,1
ethereum,0x1ed81e03d7ddb67a21755d02ed2f24da71c27c55,30,0,1
ethereum,0x1f17d72cbe65df609315df5c4f5f729efbd00ade,30,0,1
ethereum,0x1f1c8b8caa6d207c68f1bbf26b8f38ac83fab086,30,0,1
ethereum,0x1f844add5f448b4d472fc7b383da0cc79514e4ae,27,0,1
ethereum,0x1f961bceaef8edf6fb2797c0293ffbde3e994614,30,0,1
ethereum,0x1fbd3df007eb8a7477a1eab2c63483dcc24effd6,30,0,1
ethereum,0x1fc5ef0337aea85c5f9198853a6e3a579a7a6987,30,0,1
ethereum,0x205ed31c867bf715e4182137af95afe9177cd8e7,30,0,1
ethereum,0x207e14389183a94343942de7afbc607f57460618,30,0,1
ethereum,0x20a62aca58526836165ca53fe67dd884288c8abf,30,0,1
ethereum,0x20a8cec5fffea65be7122bcab2ffe32ed4ebf03a,30,0,1
ethereum,0x20bc832ca081b91433ff6c17f85701b6e92486c5,30,0,1
ethereum,0x20c3fa331a385b63ee39137e99d0cf2db142fce1,30,0,1
ethereum,0x20e7125677311fca903a8897042b9983f22ea295,30,0,1
ethereum,0x21268848944179e87dc8dc4253f9347564e9f96f,30,0,1
ethereum,0x212dd60d4bf0da8372fe8116474602d429e5735f,30,1,1
ethereum,0x21381e026ad6d8266244f2a583b35f9e4413fa2a,30,0,1
ethereum,0x2162f572b25f7358db9376ab58a947a4e45cede1,30,0,1
ethereum,0x217bed0d3a967d063eb287445a1eccac5c2e09bc,30,0,1
ethereum,0x218de5e6324c5351c3a2bf0c40d76f585b8de04d,5,0,1
ethereum,0x21b8bfbbefc9e2b9a994871ecd742a5132b98aed,30,0,1
ethereum,0x21d486f6b7eb7b556978c5a0c96c79a08eb841de,30,0,1
ethereum,0x2216e873ea4282ebef7a02ac5aea220be6391a7c,30,0,1
ethereum,0x2217e5921b7edfb4bb193a6228459974010d2198,30,0,1
ethereum,0x2223bf1d7c19ef7c06dab88938ec7b85952ccd89,30,0,1
ethereum,0x225927f8fa71d16ee07968b8746364d1d9f839bd,30,0,1
ethereum,0x22b59a7387f7d25fe2b1c692ee825e1802e6e3d5,30,0,1
ethereum,0x22b6c31c2beb8f2d0d5373146eed41ab9ede3caf,30,0,1
ethereum,0x232fb065d9d24c34708eedbf03724f2e95abe768,30,0,1
ethereum,0x23696914ca9737466d8553a2d619948f548ee424,30,0,1
ethereum,0x23878914efe38d27c4d67ab83ed1b93a74d4086a,30,0,1
ethereum,0x23b608675a2b2fb1890d3abbd85c5775c51691d5,30,0,1
ethereum,0x24249b5a869a445c9b0ce269a08d73c618df9d21,30,0,1
ethereum,0x246fcdc18bf3781b4c5100b3a6decef8dbcc8a31,30,0,1
ethereum,0x2494a68c1484376fef880b4c24d91f049d29b02a,30,0,1
ethereum,0x24a6a37576377f63f194caa5f518a60f45b42921,30,0,1
ethereum,0x24ae2da0f361aa4be46b48eb19c91e02c5e4f27e,30,0,1
ethereum,0x24bcec1afda63e622a97f17cff9a61ffcfd9b735,30,0,1
ethereum,0x24c19f7101c1731b85f1127eaa0407732e36ecdd,30,0,1
ethereum,0x24ccedebf841544c9e6a62af4e8c2fa6e5a46fde,30,0,1
ethereum,0x24e3794605c84e580eea4972738d633e8a7127c8,30,0,1
ethereum,0x24e79e946dea5482212c38aab2d0782f04cdb0e0,30,0,1
ethereum,0x24ec2ca132abf8f6f8a6e24a1b97943e31f256a7,30,0,1
ethereum,0x24edded3f03abb2e9d047464294133378bddb596,30,0,1
ethereum,0x2509ee05b8df07ec75046e24bbf1cfcdb8b2a183,30,0,1
ethereum,0x256d1fce1b1221e8398f65f9b36033ce50b2d497,30,0,1
ethereum,0x256ed1d83e3e4efdda977389a5389c3433137dda,30,0,1
ethereum,0x25931894a86d47441213199621f1f2994e1c39aa,30,0,1
ethereum,0x2596825a84888e8f24b747df29e11b5dd03c81d7,30,0,1
ethereum,0x2598c30330d5771ae9f983979209486ae26de875,30,0,1
ethereum,0x25b24b3c47918b7962b3e49c4f468367f73cc0e0,30,0,1
ethereum,0x2620638eda99f9e7e902ea24a285456ee9438861,30,0,1
ethereum,0x262b6a8b044ab9b7a345353ded8f541c1ac37bd3,30,0,1
ethereum,0x263b6b028f3e4ed8c4329eb2b5f409ee38d97296,30,0,1
ethereum,0x2653891204f463fb2a2f4f412564b19e955166ae,30,0,1
ethereum,0x267a6c9a9bd11bcd3ee661435b3480ee5d3057eb,30,1,1
ethereum,0x267eb2a9a13dc304a9deff4277abe850d0852c5f,30,0,1
ethereum,0x26805021988f1a45dc708b5fb75fc75f21747d8c,30,0,1
ethereum,0x26946ada5ecb57f3a1f91605050ce45c482c9eb1,30,0,1
ethereum,0x26b80fbfc01b71495f477d5237071242e0d959d7,30,0,1
ethereum,0x26e1f9f817b3b5fc2146c01ae34826593e593962,30,0,1
ethereum,0x26ea744e5b887e5205727f55dfbe8685e3b21951,30,0,1
ethereum,0x26f9111a358385dc46a832cf1a1a021ee72e58a1,30,0,1
ethereum,0x272f97b7a56a387ae942350bbc7df5700f8a4576,30,0,1
ethereum,0x27460aac4b005de72e2326bd8391c27fb41780f8,30,0,1
ethereum,0x2791bfd60d232150bff86b39b7146c0eaaa2ba81,30,0,1
ethereum,0x27ad8e47c48063b209fa5ca14c8c46ece49b82d2,30,0,1
ethereum,0x27b5739e22ad9033bcbf192059122d163b60349d,30,0,1
ethereum,0x27c1ba4f85b8dc1c150157816623a6ce80b7f187,30,0,1
ethereum,0x27fc3baf0d2b14eabacff6a93890cd47520f20ff,30,0,1
ethereum,0x282d0ad1fa03dfbdb88243b958e77349c73737d1,30,0,1
ethereum,0x28cca76f6e8ec81e4550ecd761f899110b060e97,30,0,1
ethereum,0x295b42684f90c77da7ea46336001010f2791ec8c,30,0,1
ethereum,0x2960d71855a521c8414d29a27218efdb67c34180,30,0,1
ethereum,0x297e4e5e59ad72b1b0a2fd446929e76117be0e0a,30,0,1
ethereum,0x299698b4b44bd6d023981a7317798dee12860834,30,0,1
ethereum,0x299a1503e88433c0fd1bd68625c25c5a703eb64f,30,0,1
ethereum,0x29ceddcf0da3c1d8068a7dfbd0fb06c2e438ff70,30,0,1
ethereum,0x29d578cec46b50fa5c88a99c6a4b70184c062953,30,0,1
ethereum,0x29d7139271398d0c2e22523fda06e023dcb07f8f,30,0,1
ethereum,0x29ef81cc8737f19449d501396d4968d138140675,30,0,1
ethereum,0x2a6ae93c75d762646ea641cd5b955fb09dc59a77,30,0,1
ethereum,0x2a770fad9f0cfb5b49f0eda4ffae259aeac60d0c,30,0,1
ethereum,0x2a79324c19ef2b89ea98b23bc669b7e7c9f8a517,30,0,1
ethereum,0x2a8e1e676ec238d8a992307b495b45b3feaa5e86,30,0,1
ethereum,0x2af5d2ad76741191d15dfe7bf6ac92d4bd912ca3,30,0,1
ethereum,0x2b1d36f5b61addaf7da7ebbd11b35fd8cfb0de31,30,0,1
ethereum,0x2b67d1a87a8d8b280a23e97bc55095215ee0ec53,30,0,1
ethereum,0x2b81945875f892aff04af0a298d35fb2cf848c7b,30,0,1
ethereum,0x2b867efd2de4ad2b583ca0cb3df9c4040ef4d329,30,0,1
ethereum,0x2b896c7f060ae441b76bbe47cddca934ba60f37f,30,0,1
ethereum,0x2b95a1dcc3d405535f9ed33c219ab38e8d7e0884,30,0,1
ethereum,0x2ba64efb7a4ec8983e22a49c81fa216ac33f383a,30,0,1
ethereum,0x2ba8349123de45e931a8c8264c332e6e9cf593f9,30,0,1
ethereum,0x2bd0fb740e403b505a3146f9ac02df883fd5c3fc,30,0,1
ethereum,0x2be5e8c109e2197d077d13a82daead6a9b3433c5,30,0,1
ethereum,0x2bf9671f00643afc813a6623074e0ddf6db4fc2b,30,0,1
ethereum,0x2c022e58c5e3ee213f06f975fd8a0d3a6fe9ca1c,30,0,1
ethereum,0x2c056f9402a0627bc0e580365bb12979fc011e2c,30,0,1
ethereum,0x2c2f7e7c5604d162d75641256b80f1bf6f4dc796,30,0,1
ethereum,0x2c537e5624e4af88a7ae4060c022609376c8d0eb,30,0,1
ethereum,0x2c5bc2ba3614fd27fcc7022ea71d9172e2632c16,30,0,1
ethereum,0x2c9023bbc572ff8dc1228c7858a280046ea8c9e5,30,0,1
ethereum,0x2c9c19ce3b15ae77c6d80aec3c1194cfd6f7f3fa,30,0,1
ethereum,0x2d46012abea1a9f1e44af061896f14c30026e230,30,1,1
ethereum,0x2d9e5de7d36f3830c010a28b29b3bdf5ca73198e,30,0,1
ethereum,0x2dc917b722184ece1dcb9bb9dddfb1d63ccd25eb,30,0,1
ethereum,0x2dd087589ce9c5b2d1b42e20d2519b3c8cf022b7,30,0,1
ethereum,0x2de509bf0014ddf697b220be628213034d320ece,30,0,1
ethereum,0x2df7d0e4903029717c949cad204075a3d75c8806,30,0,1
ethereum,0x2dff88a56767223a5529ea5960da7a3f5f766406,30,0,1
ethereum,0x2e19067cbeb38d6554d31a1a83aefc4018a1688a,30,0,1
ethereum,0x2e1e15c44ffe4df6a0cb7371cd00d5028e571d14,30,0,1
ethereum,0x2e7729f4e4aa8e68d13830d372f975046d4a498f,30,0,1
ethereum,0x2e7b0d4f9b2eaf782ed3d160e3a0a4b1a7930ada,30,0,1
ethereum,0x2e880962a9609aa3eab4def919fe9e917e99073b,30,0,1
ethereum,0x2e8f4bdbe3d47d7d7de490437aea9915d930f1a3,30,0,1
ethereum,0x2e95cea14dd384429eb3c4331b776c4cfbb6fcd9,30,0,1
ethereum,0x2ebd53d035150f328bd754d6dc66b99b0edb89aa,30,0,1
ethereum,0x2ee543b8866f46cc3dc93224c6742a8911a59750,30,0,1
ethereum,0x2ef8a2ccb058915e00e16aa13cc6e36f19d8893b,30,0,1
ethereum,0x2f3c7015d7d840005bd874d1393a961ec18e687d,30,0,1
ethereum,0x2f6f397332b0f8b4536430bcc97980aa838f62f9,30,0,1
ethereum,0x2f9411088cef82fd9fb904eb8092f28eb485c8f6,30,0,1
ethereum,0x2fc8bc3ee171ed5610ba3093909421e90b47fc07,30,0,1
ethereum,0x3001f57f8308b189eb412a64322aad5ef9951290,30,0,1
ethereum,0x3005003bda885dee7c74182e5fe336e9e3df87bb,2,0,1
ethereum,0x3025680925349c9c01c0f01cf300ec963832ec64,30,0,1
ethereum,0x304645590f197d99fad9fa1d05e7bcdc563e1378,30,0,1
ethereum,0x30647a72dc82d7fbb1123ea74716ab8a317eac19,30,0,1
ethereum,0x306ee01a6ba3b4a8e993fa2c1adc7ea24462000c,30,0,1
ethereum,0x307d45afbb7e84f82ef3d251a6bb0f00edf632e4,30,0,1
ethereum,0x309627af60f0926daa6041b8279484312f2bf060,30,0,1
ethereum,0x30dcba0405004cf124045793e1933c798af9e66a,30,0,1
ethereum,0x30f7c830e0c2f4bec871df809d73e27ef19eb151,30,0,1
ethereum,0x310c8f00b9de3c31ab95ea68feb6c877538f7947,30,0,1
ethereum,0x313408eb31939a9c33b40afe28dc378845d0992f,30,0,1
ethereum,0x313cae7ad4454aac7b208c1f089da2b0e5825e46,30,0,1
ethereum,0x31429d1856ad1377a8a0079410b297e1a9e214c2,30,0,1
ethereum,0x314bd765cab4774b2e547eb0aa15013e03ff74d2,30,0,1
ethereum,0x31adda225642a8f4d7e90d4152be6661ab22a5a2,30,0,1
ethereum,0x31d4eb09a216e181ec8a43ce79226a487d6f0ba9,30,0,1
ethereum,0x31fdd1c6607f47c14a2821f599211c67ac20fa96,30,0,1
ethereum,0x3212b29e33587a00fb1c83346f5dbfa69a458923,30,0,1
ethereum,0x321c2fe4446c7c963dc41dd58879af648838f98d,30,0,1
ethereum,0x32296969ef14eb0c6d29669c550d4a0449130230,30,0,1
ethereum,0x3231cb76718cdef2155fc47b5286d82e6eda273f,30,0,1
ethereum,0x3235b13708f178af6f110de7177ed5de10c1093d,30,0,1
ethereum,0x3250577e12b9469915c1fa3a71c22817ca44c4d9,30,0,1
ethereum,0x325a0e5c84b4d961b19161956f57ae8ba5bb3c26,30,0,1
ethereum,0x3267c5b73cc15e253b1a90c01366b17d560bc6fb,30,0,1
ethereum,0x327673ae6b33bd3d90f0096870059994f30dc8af,30,0,1
ethereum,0x328a268b191ef593b72498a9e8a481c086eb21be,30,0,1
ethereum,0x328bf595cfe9023532006f02927c1248c41953e3,30,0,1
ethereum,0x3294395e62f4eb6af3f1fcf89f5602d90fb3ef69,30,0,1
ethereum,0x329c6e459ffa7475718838145e5e85802db2a303,30,0,1
ethereum,0x32d222e1f6386b3df7065d639870be0ef76d3599,30,0,1
ethereum,0x333000333b26ee30214b4af6419d9ab07a450400,30,0,1
ethereum,0x3330bfb7332ca23cd071631837dc289b09c33333,30,0,1
ethereum,0x33425df320241c8942e0e3377361cb4b27c9930f,30,1,1
ethereum,0x335f4e66b9b61cee5ceade4e727fcec20156b2f0,30,0,1
ethereum,0x33b4fe5e40e4903a0849ca97b3292eac3eb0aa36,30,0,1
ethereum,0x33c04bed4533e31f2afb8ac4a61a48eda38c4fa0,30,0,1
ethereum,0x33e07f5055173cf8febede8b21b12d1e2b523205,30,0,1
ethereum,0x34103e1190b824a44c6a638438d425cba21143ba,30,0,1
ethereum,0x341c05c0e9b33c0e38d64de76516b2ce970bb3be,30,0,1
ethereum,0x343c6de13833bc7d9890eb6b1cd3fbebc730ebec,30,0,1
ethereum,0x343cf59a43bd7ddd38b7236a478139a86a26222b,30,0,1
ethereum,0x3446dd70b2d52a6bf4a5a192d9b0a161295ab7f9,30,0,1
ethereum,0x34612903db071e888a4dadcaa416d3ee263a87b9,30,0,1
ethereum,0x347a96a5bd06d2e15199b032f46fb724d6c73047,30,0,1
ethereum,0x3486b751a36f731a1bebff779374bad635864919,30,0,1
ethereum,0x3496b523e5c00a4b4150d6721320cddb234c3079,30,0,1
ethereum,0x34bc13de8e5124a7c47d4b7ff7c5ade6ee34faba,30,0,1
ethereum,0x34c8e19fb8700e9de2c8149bd3257c32d3c2f212,30,0,1
ethereum,0x34dce75a3d1910cc9d188aa5a75fb9addcae0fcc,30,0,1
ethereum,0x3505f494c3f0fed0b594e01fa41dd3967645ca39,30,0,1
ethereum,0x3540abe4f288b280a0740ad5121aec337c404d15,30,0,1
ethereum,0x3541a5c1b04adaba0b83f161747815cd7b1516bc,30,0,1
ethereum,0x354c8cda7e3b737d360513a0dc5abcee8ee1cea3,30,0,1
ethereum,0x355a824bea1adc22733978a3748271e1bbb34130,30,0,1
ethereum,0x357c915d7c12dc506d13332bb06c932af13e99a0,30,0,1
ethereum,0x35872fea6a4843facbcdbce99e3b69596a3680b8,30,0,1
ethereum,0x35a18000230da775cac24873d00ff85bccded550,30,0,1
ethereum,0x35e78b3982e87ecfd5b3f3265b601c046cdbe232,30,0,1
ethereum,0x35f6b052c598d933d69a4eec4d04c73a191fe6c2,30,0,1
ethereum,0x365accfca291e7d3914637abf1f7635db165bb09,30,0,1
ethereum,0x36919a60a2b67b6d2329863093d180d23d5a0308,30,0,1
ethereum,0x36e43065e977bc72cb86dbd8405fae7057cdc7fd,30,0,1
ethereum,0x36f3fd68e7325a35eb768f1aedaae9ea0689d723,30,0,1
ethereum,0x3700adfd26d5bc062cb8b8a77e68fbd43f58ecab,30,0,1
ethereum,0x3708dea52a5846fd16d0060aab01c87bb5932b02,30,0,1
ethereum,0x375abb85c329753b1ba849a601438ae77eec9893,30,0,1
ethereum,0x378cb52b00f9d0921cb46dfc099cff73b42419dc,30,0,1
ethereum,0x37dba54fdc402aff647ce06c66972f5d662c326d,30,0,1
ethereum,0x37fe0f067fa808ffbdd12891c0858532cfe7361d,30,0,1
ethereum,0x3802c218221390025bceabbad5d8c59f40eb74b8,30,0,1
ethereum,0x3810a4ddf41e586fa0dba1463a7951b748cecfca,30,0,1
ethereum,0x383b0b2ce2e1757b5e1d087d8f36013ea595541a,30,0,1
ethereum,0x38d9eb07a7b8df7d86f440a4a5c4a4c1a27e1a08,30,0,1
ethereum,0x39162d9f64c0f9d64d14eac3b6d5a15d3d569eea,4,0,1
ethereum,0x396ec402b42066864c406d1ac3bc86b575003ed8,30,0,1
ethereum,0x39795344cbcc76cc3fb94b9d1b15c23c2070c66d,30,0,1
ethereum,0x39b46b212bdf15b42b166779b9d1787a68b9d0c3,30,0,1
ethereum,0x39c6b3e42d6a679d7d776778fe880bc9487c2eda,30,0,1
ethereum,0x39ea10e507720783c27edd5f96bf2d6e199579b8,30,0,1
ethereum,0x3a4cab3dcfab144fe7eb2b5a3e288cc03dc07659,30,0,1
ethereum,0x3a810ff7211b40c4fa76205a14efe161615d0385,30,0,1
ethereum,0x3a82d3111ab5faf39d847d46023d9090261a658f,30,0,1
ethereum,0x3a859b9ea4998d344547283c7ce8ebc4abb77656,30,0,1
ethereum,0x3a8cccb969a61532d1e6005e2ce12c200caece87,30,0,1
ethereum,0x3a97e00b48d56bd5e0502e1a2a8c036a040e1b99,30,0,1
ethereum,0x3ac81633a291f342b62e7de5d00eb02924032e06,30,0,1
ethereum,0x3af33bef05c2dcb3c7288b77fe1c8d2aeba4d789,30,0,1
ethereum,0x3b022edecd65b63288704a6fa33a8b9185b5096b,30,0,1
ethereum,0x3b27f92c0e212c671ea351827edf93db27cc0c65,30,0,1
ethereum,0x3ba925fdeae6b46d0bb4d424d829982cb2f7309e,30,0,1
ethereum,0x3bd7d4f524d09f4e331577247a048d56e4b67a7f,30,0,1
ethereum,0x3bde290b9b3c6113ce8491413f549b3c94e82859,30,0,1
ethereum,0x3be7bf1a5f23bd8336787d0289b70602f1940875,30,0,1
ethereum,0x3bf954e809620bf2f1fcb667f1c7d2d2e94350d1,30,0,1
ethereum,0x3c8d2fce49906e11e71cb16fa0ffeb2b16c29638,30,0,1
ethereum,0x3c917054e03485808137eb306eafa8da0ab695cd,30,0,1
ethereum,0x3cb48aeb3d1abadc23d2d8a6894b3a68338381c2,30,0,1
ethereum,0x3cbb7f5d7499af626026e96a2f05df806f2200dc,30,0,1
ethereum,0x3cbc780d2934d55a06069e837fabd3e6fc23dab0,30,0,1
ethereum,0x3d2b66bc4f9d6388bd2d97b95b565be1686aefb3,30,0,1
ethereum,0x3d382228c54736d831fac2748f4734d9177c7332,30,0,1
ethereum,0x3d3af44cf092a49280e316f09c8f20ecf97bc933,30,0,1
ethereum,0x3d3d35bb9bec23b06ca00fe472b50e7a4c692c30,30,0,1
ethereum,0x3d5d3dcd01469ef8c6bc9c45665835814635c725,30,0,1
ethereum,0x3d90feec1ec985a9f09d2269af0f77195e542297,30,0,1
ethereum,0x3da932456d082cba208feb0b096d49b202bf89c8,30,0,1
ethereum,0x3db045814d0a29d831fe38055cb97a956ef7cafb,30,0,1
ethereum,0x3dbb00c9be5a327e25caf4f650844c5dba81e34b,30,0,1
ethereum,0x3e34eabf5858a126cb583107e643080cee20ca64,30,0,1
ethereum,0x3e3764f501f25b3ee12e260fee2a712dba52cb8f,30,0,1
ethereum,0x3e5d9d8a63cc8a88748f229999cf59487e90721e,30,0,1
ethereum,0x3e828ac5c480069d4765654fb4b8733b910b13b2,30,0,1
ethereum,0x3eb9c7ee5f72e51f61e832137719fe8d1e53a2ce,30,0,1
ethereum,0x3ebb4a4e91ad83be51f8d596533818b246f4bee1,30,0,1
ethereum,0x3edbe670d03c4a71367deda78e73ea4f8d68f2e4,30,0,1
ethereum,0x3ee4b152824b657644c7a9b50694787e80eb8f4a,30,0,1
ethereum,0x3ef389f264e07fff3106a3926f2a166d1393086f,30,0,1
ethereum,0x3f4cd830543db25254ec0f05eac058d4d6e86166,30,0,1
ethereum,0x3fe6a295459fae07df8a0cecc36f37160fe86aa9,30,0,1
ethereum,0x40331eb48d295d35be0e05169d4bd1428c0853bd,30,1,1
ethereum,0x4049295fb42de67ccf028a2570b05564cb8cb785,30,0,1
ethereum,0x4057db5bd9f67a566aa10e5587b1a964affc6a16,30,0,1
ethereum,0x40803cea2b2a32bda1be61d3604af6a814e70976,30,0,1
ethereum,0x4086e77c5e993fdb90a406285d00111a974f877a,30,0,1
ethereum,0x4096fc7119040175589387656f7c6073265f4096,30,0,1
ethereum,0x40cc9ae258ac25119a602f4a2075240d3b60a995,6,1,1
ethereum,0x40d16fc0246ad3160ccc09b8d0d3a2cd28ae6c2f,30,0,1
ethereum,0x40eb746dee876ac1e78697b7ca85142d178a1fc8,30,0,1
ethereum,0x410e731c2970dce3add351064acf5ce9e33fdbf0,30,0,1
ethereum,0x411099c0b413f4feddb10edf6a8be63bd321311c,30,0,1
ethereum,0x412d397ddca07d753e3e0c61e367fb1b474b3e7d,30,0,1
ethereum,0x4159862bcf6b4393a80550b1ed03dffa6f90533c,30,0,1
ethereum,0x4164e5b047842ad7dff18fc6a6e63a1e40610f46,30,0,1
ethereum,0x419777d3e39aa9b00405724eace5ea57620c9062,30,0,1
ethereum,0x41a08648c3766f9f9d85598ff102a08f4ef84f84,30,0,1
ethereum,0x41cda8a77105cd1d8bd59fd94cf8324dc9a3f099,30,1,1
ethereum,0x41f7b8b9b897276b7aae926a9016935280b44e97,30,0,1
ethereum,0x423352f2c6e0e72422b69af03aba259310146d90,30,0,1
ethereum,0x4236f8aaf2b1f3a28420eb15b8e0ddf63201a95e,30,0,1
ethereum,0x425c5b7b55f9c981c71935418ed044e79d8080e2,30,0,1
ethereum,0x426aedbed16726e3f220cb4fed4d4060b95cca46,30,0,1
ethereum,0x427a03fb96d9a94a6727fbcfbba143444090dd64,30,0,1
ethereum,0x4297394c20800e8a38a619a243e9bbe7681ff24e,30,0,1
ethereum,0x42a43bc18a20831a6abfc551c9476eba124c03c2,30,0,1
ethereum,0x42a7797351dfd281a80807196c8508eb70bb2af9,30,0,1
ethereum,0x42af2345dd4b4b3274f6a25a367fae10e0ebcf0c,30,1,1
ethereum,0x42b91f1d05afea671a2da3c780eda2abf0a2a366,30,0,1
ethereum,0x42baf1f659d765c65ade5bb7e08eb2c680360d9d,30,0,1
ethereum,0x42dbbd5ae373fea2fc320f62d44c058522bb3758,30,0,1
ethereum,0x4309e88d1d511f3764ee0f154cee98d783b61f09,30,0,1
ethereum,0x431ad2ff6a9c365805ebad47ee021148d6f7dbe0,30,0,1
ethereum,0x431d5dff03120afa4bdf332c61a6e1766ef37bdb,30,0,1
ethereum,0x43a96962254855f16b925556f9e97be436a43448,30,0,1
ethereum,0x441761326490cacf7af299725b6292597ee822c2,30,0,1
ethereum,0x444444444444c1a66f394025ac839a535246fcc8,30,0,1
ethereum,0x445bd590a01fe6709d4f13a8f579c1e4846921db,30,0,1
ethereum,0x4463e6a3ded0dbe3f6e15bc8420dfc55e5fea830,30,0,1
ethereum,0x446f2a8a39cc730ef378be759a3c57f1a3fe824c,30,0,1
ethereum,0x44ff8620b8ca30902395a7bd3f2407e1a091bf73,30,0,1
ethereum,0x4501a82790ef2587dfeb93dc038541228e516597,30,0,1
ethereum,0x45080a6531d671ddff20db42f93792a489685e32,30,0,1
ethereum,0x450e7f6e3a2f247a51b98c39297a9a5bfbdb3170,30,0,1
ethereum,0x451207c61f39b47bb9b845c058f63cc930d9a5d0,30,0,1
ethereum,0x4554cc10898f92d45378b98d6d6c2dd54c687fb2,30,0,1
ethereum,0x455e53cbb86018ac2b8092fdcd39d8444affc3f6,30,0,1
ethereum,0x456815812b3129a4389ea4d73e9706697cc91373,30,0,1
ethereum,0x45734927fa2f616fbe19e65f42a0ef3d37d1c80a,30,0,1
ethereum,0x4574562e9310a94f9ca962bd23168d8a06875b1a,30,0,1
ethereum,0x4591dbff62656e7859afe5e45f6f47d3669fbb28,30,0,1
ethereum,0x4594cffbfc09bc5e7ecf1c2e1c1e24f0f7d29036,30,0,1
ethereum,0x464fdb8affc9bac185a7393fd4298137866dcfb8,30,0,1
ethereum,0x465a5a630482f3abd6d3b84b39b29b07214d19e5,30,0,1
ethereum,0x466c5ad27b9b82dd63e46133ce3ecf782ac80bd6,30,0,1
ethereum,0x466d69cba6854283e7617cd518ae76e11e57fdbd,30,0,1
ethereum,0x4674672bcddda2ea5300f5207e1158185c944bc0,30,0,1
ethereum,0x469084939d1c20fae3c73704fe963941c51be863,30,0,1
ethereum,0x469eda64aed3a3ad6f868c44564291aa415cb1d9,30,0,1
ethereum,0x46b2deae6eff3011008ea27ea36b7c27255ddfa9,30,0,1
ethereum,0x46b7f43137e4996b40ad7e55c791949cc3e7c734,30,0,1
ethereum,0x46cca329970b33e1a007dd4ef0594a1cedb3e72a,30,0,1
ethereum,0x470ebf5f030ed85fc1ed4c2d36b9dd02e77cf1b7,30,0,1
ethereum,0x471ea49dd8e60e697f4cac262b5fafcc307506e4,30,0,1
ethereum,0x4740735aa98dc8aa232bd049f8f0210458e7fca3,30,0,1
ethereum,0x47879db9e657e644082071b48e2f33d80f369f02,30,0,1
ethereum,0x47da5456bc2e1ce391b645ce80f2e97192e4976a,30,0,1
ethereum,0x47dac6bd80f024575a6d367af5ba8e89202a09fc,30,0,1
ethereum,0x47e78b0a563eb907331915793756899d492f2b41,30,0,1
ethereum,0x485d17a6f1b8780392d53d64751824253011a260,30,0,1
ethereum,0x486a72811ae65c4c814ba929d6da35497d21296f,30,0,1
ethereum,0x4872208c83acbfd7f6dea5aa6ce6d5d7aed2ac1c,30,0,1
ethereum,0x48759f220ed983db51fa7a8c0d2aab8f3ce4166a,30,0,1
ethereum,0x488e0369f9bc5c40c002ea7c1fe4fd01a198801c,30,0,1
ethereum,0x48afbbd342f64ef8a9ab1c143719b63c2ad81710,30,0,1
ethereum,0x48b548d448a3890a18caf93dea7f8845b9bc913e,30,1,1
ethereum,0x48c3399719b582dd63eb5aadf12a40b4c3f52fa2,30,0,1
ethereum,0x491e136ff7ff03e6ab097e54734697bb5802fc1c,30,0,1
ethereum,0x4946fcea7c692606e8908002e55a582af44ac121,30,0,1
ethereum,0x49849c98ae39fff122806c06791fa73784fb3675,30,0,1
ethereum,0x499293ff84c50252646146ac0bd09f3db3f87ee1,30,0,1
ethereum,0x4a27e9aab8f8ba9de06766c8476ed1d16494e35f,30,0,1
ethereum,0x4a3e164684812dfb684ac36457e7fa805087c68e,30,0,1
ethereum,0x4a615bb7166210cce20e6642a6f8fb5d4d044496,30,0,1
ethereum,0x4a8f5f96d5436e43112c2fbc6a9f70da9e4e16d4,30,0,1
ethereum,0x4aa41bc1649c9c3177ed16caaa11482295fc7441,30,0,1
ethereum,0x4abb9cc67bd3da9eb966d1159a71a0e68bd15432,30,0,1
ethereum,0x4ad434b8cdc3aa5ac97932d6bd18b5d313ab0f6f,30,0,1
ethereum,0x4b19c70da4c6fa4baa0660825e889d2f7eabc279,30,0,1
ethereum,0x4b5f49487ea7b3609b1ad05459be420548789f1f,30,0,1
ethereum,0x4b7ffcb2b92fb4890f22f62a52fb7a180eab818e,30,0,1
ethereum,0x4b9278b94a1112cad404048903b8d343a810b07e,30,0,1
ethereum,0x4b94c8567763654101f690cf4d54957206383b75,30,0,1
ethereum,0x4bae380b5d762d543d426331b8437926443ae9ec,30,0,1
ethereum,0x4bc3263eb5bb2ef7ad9ab6fb68be80e43b43801f,30,0,1
ethereum,0x4bdcb66b968060d9390c1d12bd29734496205581,30,0,1
ethereum,0x4be2b2c45b432ba362f198c08094017b61e3bdc6,30,0,1
ethereum,0x4c05f1e65069a8c0694470720be77e50d2b212d6,30,0,1
ethereum,0x4c406c068106375724275cbff028770c544a1333,30,0,1
ethereum,0x4c45bbec2ff7810ef4a77ad7bd4757c446fe4155,30,0,1
ethereum,0x4c584cd339bdde73b7f5210486dd8bbeee3fde6d,30,0,1
ethereum,0x4c5cb5d87709387f8821709f7a6664f00dcf0c93,30,0,1
ethereum,0x4c612e3b15b96ff9a6faed838f8d07d479a8dd4c,30,0,1
ethereum,0x4cce605ed955295432958d8951d0b176c10720d5,30,0,1
ethereum,0x4cd4441f169e472dd7ea462167ba93180b6e6074,30,0,1
ethereum,0x4ce4c025692b3142dbde1cd432ef55b9a8d18701,30,0,1
ethereum,0x4cf89ca06ad997bc732dc876ed2a7f26a9e7f361,30,0,1
ethereum,0x4d2ee5dae46c86da2ff521f7657dad98834f97b8,30,0,1
ethereum,0x4d466fd944f88820da9a0d20d3bdbfa507b92269,30,1,1
ethereum,0x4d953cf077c0c95ba090226e59a18fcf97db44ec,30,0,1
ethereum,0x4d9b0b7a6db042cb990d36a0df5aa2960e552f16,30,0,1
ethereum,0x4da34f8264cb33a5c9f17081b9ef5ff6091116f4,30,0,1
ethereum,0x4da419348259d09ea9706160dbf992d255ed2dd1,30,1,1
ethereum,0x4dae20c6df4ef1a8f9b99637daf9626153fb77d2,30,0,1
ethereum,0x4daeb4a06f70f4b1a5c329115731fe4b89c0b227,30,0,1
ethereum,0x4dfae3690b93c47470b03036a17b23c1be05127c,30,0,1
ethereum,0x4e12eb8e506ccd1427f6b8f7faa3e88fb698eb28,30,0,1
ethereum,0x4e241a9ec66832a16bceaeb9156e524487f061d7,1,0,1
ethereum,0x4e38d89362f7e5db0096ce44ebd021c3962aa9a0,30,0,1
ethereum,0x4e47951508fd4a4126f8ff9cf5e6fa3b7cc8e073,30,0,1
ethereum,0x4e51a6b3cc6d5ae69a0d44db9de846aeb5a582dd,30,0,1
ethereum,0x4e56811fe186ba9dc1e4dd156821a19b8d9065b1,30,1,1
ethereum,0x4ec1b60b96193a64acae44778e51f7bff2007831,30,0,1
ethereum,0x4ece5c5cfb9b960a49aae739e15cdb6cfdcc5782,30,0,1
ethereum,0x4f3afec4e5a3f2a6a1a411def7d7dfe50ee057bf,30,0,1
ethereum,0x4f4a556361b8b4869f97b8709ff47c1b057ea13b,30,0,1
ethereum,0x4f640f2529ee0cf119a2881485845fa8e61a782a,30,0,1
ethereum,0x4f81c790581b240a5c948afd173620ecc8c71c8d,30,0,1
ethereum,0x4fadc7a98f2dc96510e42dd1a74141eeae0c1543,30,0,1
ethereum,0x4fb721ef3bf99e0f2c193847afa296b9257d3c30,30,0,1
ethereum,0x4fbb350052bca5417566f188eb2ebce5b19bc964,30,0,1
ethereum,0x4ffe9cc172527df1e40d0b2efe1e9f05884a13da,30,0,1
ethereum,0x50327c6c5a14dcade707abad2e27eb517df87ab5,30,0,1
ethereum,0x504624040e0642921c2c266a9ac37cafbd8cda4e,30,0,1
ethereum,0x5052fa4a2a147eaaa4c0242e9cc54a10a4f42070,30,0,1
ethereum,0x505a84a03e382331a1be487b632cf357748b65d6,30,0,1
ethereum,0x509a38b7a1cc0dcd83aa9d06214663d9ec7c7f4a,30,0,1
ethereum,0x50b806c5fe274c07e46b96be8c68d2fd2d9597b4,30,0,1
ethereum,0x50eec6d765792dcfb0913c8403ef2a12e1b861a6,30,0,1
ethereum,0x516c164a879892a156920a215855c3416616c46e,30,0,1
ethereum,0x518b63da813d46556fea041a88b52e3caa8c16a8,30,0,1
ethereum,0x51fe05eac152494908ff1ebbd50e116e960baf64,30,0,1
ethereum,0x52284158e02425290f6b627aeb5fff65edf058ad,30,0,1
ethereum,0x523530e1add0e4a23d0fa7b057778fd294b3302b,30,1,1
ethereum,0x524ebc93beef838f70b4ae54b675d3e971d5884e,30,0,1
ethereum,0x5250fc0f7c66cf9fb0462db50109f329dc575f79,30,0,1
ethereum,0x52662717e448be36cb54588499d5a8328bd95292,30,0,1
ethereum,0x52a8845df664d76c69d2eea607cd793565af42b8,30,0,1
ethereum,0x52e11b84b027c2d44a57e9c632e9a6895450a772,30,0,1
ethereum,0x52f4d5ee6c91e01be67ca1f64b11ed0ee370817d,30,0,1
ethereum,0x53011e93f21ec7a74cdfbb7e6548f1abce306833,30,0,1
ethereum,0x53340a1ef3a0ddeba1d94bbd1e2ff55936f0ea60,30,0,1
ethereum,0x5362ca75aa3c0e714bc628296640c43dc5cb9ed6,30,0,1
ethereum,0x536381a8628dbcc8c70ac9a30a7258442eab4c92,30,0,1
ethereum,0x53c8395465a84955c95159814461466053dedede,30,0,1
ethereum,0x5483dc6abda5f094865120b2d251b5744fc2ecb5,30,0,1
ethereum,0x5516ac1aaca7bb2fd5b7bdde1549ef1ea242953d,30,0,1
ethereum,0x551d0501cd5df92663c3d12c3201c9d70ba79998,30,0,1
ethereum,0x553531c45eabc2f3343d19885262ac784046fd5f,30,0,1
ethereum,0x553c7f9c780316fc1d34b8e14ac2465ab22a090b,30,0,1
ethereum,0x55488fcb7adbd694c9e2fa8106feb7e5429555bd,30,1,1
ethereum,0x5552e5a89a70cb2ef5adbbc45a6be442fe7160ec,30,0,1
ethereum,0x556bb0b27e855e6f2cebb47174495b9bbeb97ff1,30,0,1
ethereum,0x5582a479f0c403e207d2578963ccef5d03ba636f,30,0,1
ethereum,0x55a380d134d722006a5ce2d510562e1239d225b1,30,0,1
ethereum,0x55a8f6c6b3aa58ad6d1f26f6afeded78f32e19f4,30,0,1
ethereum,0x55c08ca52497e2f1534b59e2917bf524d4765257,30,0,1
ethereum,0x561cf9121e89926c27fa1cfc78dfcc4c422937a4,30,0,1
ethereum,0x564a80d0123bdd750fb6a9993834968fc595c09a,30,0,1
ethereum,0x565d3902d6a5a2d5ce28ff427423e88933334dd2,30,0,1
ethereum,0x569d0e52c3dbe95983bcc2434cb9f69d905be919,30,0,1
ethereum,0x56b4f8c39e07d4d5d91692acf9d0f6d4d3493763,30,0,1
ethereum,0x56de8bc61346321d4f2211e3ac3c0a7f00db9b76,30,0,1
ethereum,0x571e21a545842c6ce596663cda5caa8196ac1c7a,30,0,1
ethereum,0x574d22e2555cac0ce71e44778f6de2e7487ae229,30,0,1
ethereum,0x579120871266ccd8de6c85ef59e2ff6743e7cd15,30,0,1
ethereum,0x579cea1889991f68acc35ff5c3dd0621ff29b0c9,30,0,1
ethereum,0x57b59f981730c6257df57cf6f0d98283749a9eeb,30,0,1
ethereum,0x57f12fe6a4e5fe819eec699fadf9db2d06606bb4,30,0,1
ethereum,0x580c8520deda0a441522aeae0f9f7a5f29629afa,30,0,1
ethereum,0x580e933d90091b9ce380740e3a4a39c67eb85b4c,30,0,1
ethereum,0x581911b360b6eb3a14ef295a83a91dc2bce2d6f7,30,0,1
ethereum,0x583019ff0f430721ada9cfb4fac8f06ca104d0b4,30,0,1
ethereum,0x586a7cfe21e55ec0e24f0bfb118f77fe4ca87bab,30,0,1
ethereum,0x58cb30368ceb2d194740b144eab4c2da8a917dcb,30,0,1
ethereum,0x58f7345b5295e43aa454911571f13be186655be9,30,0,1
ethereum,0x58f9102bf53cf186682bd9a281d3cd3c616eec41,30,0,1
ethereum,0x58fcaa970339a9b1f8c0a5b4f3fcd7af2ba3075e,30,0,1
ethereum,0x591127253e40d4f63bf29ccf3d81fd062a149c8c,30,0,1
ethereum,0x5919dea604631016c15c805e3d948a0384879892,30,0,1
ethereum,0x59c6766de1dc50a9c9db86cb0461b5ce07408ab7,30,0,1
ethereum,0x59d9356e565ab3a36dd77763fc0d87feaf85508c,30,0,1
ethereum,0x59f4f336bf3d0c49dbfba4a74ebd2a6ace40539a,30,0,1
ethereum,0x5a3153ae94e9fe2ecfdbd7ba7284c51560cb7aee,30,0,1
ethereum,0x5a35a6686db167b05e2eb74e1ede9fb5d9cdb3e0,30,1,1
ethereum,0x5aa158404fed6b4730c13f49d3a7f820e14a636f,30,0,1
ethereum,0x5abf88cf3444611d13f6d1b39f3f3ee8575c91a2,30,0,1
ethereum,0x5aef5bba19e6a1644805bd4f5c93c8557b87c62c,30,0,1
ethereum,0x5b09a0371c1da44a8e24d36bf5deb1141a84d875,30,0,1
ethereum,0x5b1d655c93185b06b00f7925791106132cb3ad75,30,0,1
ethereum,0x5b322514ff727253292637d9054301600c2c81e8,30,0,1
ethereum,0x5b649c07e7ba0a1c529deaabed0b47699919b4a2,30,0,1
ethereum,0x5b685863494c33f344081f75e5430c260c224a32,30,0,1
ethereum,0x5b8c556b8b2a78696f0b9b830b3d67623122e270,30,0,1
ethereum,0x5ba19d656b65f1684cfea4af428c23b9f3628f97,30,0,1
ethereum,0x5bb15141bb6def6d2bafeed8ff84bf889c0c573b,30,0,1
ethereum,0x5bb29c33c4a3c29f56f8aca40b4db91d8a5fe2c5,30,0,1
ethereum,0x5bc25f649fc4e26069ddf4cf4010f9f706c23831,30,1,1
ethereum,0x5bf844122db21ae6f787ddda9806aa7dd6489998,30,0,1
ethereum,0x5c0217e4e126d501896594bec409898a9afc5970,30,0,1
ethereum,0x5c0a86a32c129538d62c106eb8115a8b02358d57,30,0,1
ethereum,0x5c147e74d63b1d31aa3fd78eb229b65161983b2b,30,0,1
ethereum,0x5c1ac4e697a2814812a284509e1f1b8aa34a25f3,20,0,1
ethereum,0x5c59a5b139b0538cb106d775a022cad98dd14b5a,30,0,1
ethereum,0x5c6ee304399dbdb9c8ef030ab642b10820db8f56,30,0,1
ethereum,0x5c8190b76e90b4dd0702740cf6eb0f7ee01ab5e9,30,0,1
ethereum,0x5c84bc60a796534bfec3439af0e6db616a966335,30,0,1
ethereum,0x5c99a6c14f8dc0c2c3655c64a2cef68ff9f771ba,30,0,1
ethereum,0x5cb3ce6d081fb00d5f6677d196f2d70010ea3f4a,30,0,1
ethereum,0x5d07f52ae5f779422447c2a32f58c93a15e7d6f2,30,0,1
ethereum,0x5d0ebc4ec5ac18d30512fb6287886245061b3dbd,30,0,1
ethereum,0x5d30ad9c6374bf925d0a75454fa327aacf778492,30,0,1
ethereum,0x5d74468b69073f809d4fae90afec439e69bf6263,30,0,1
ethereum,0x5d843fa9495d23de997c394296ac7b4d721e841c,30,0,1
ethereum,0x5d858bcd53e085920620549214a8b27ce2f04670,30,0,1
ethereum,0x5d929aa919e489505ccaad8a199619c6dca0c2de,30,0,1
ethereum,0x5dbbb101cdc29443d12055ecdddd7ca037dce721,30,0,1
ethereum,0x5dcd6272c3cbb250823f0b7e6c618bce11b21f90,30,0,1
ethereum,0x5de597849cf72c72f073e9085bdd0dadd8e6c199,30,0,1
ethereum,0x5dfc78c4d073fd343bc6661668948178522a0de5,30,0,1
ethereum,0x5e27e384acbba20982f991893b9970aaf3f43181,30,0,1
ethereum,0x5e7f20e72c21f6d0bf0a2814fd4164176401cf8e,30,0,1
ethereum,0x5e8422345238f34275888049021821e8e08caa1f,30,0,1
ethereum,0x5e8c8a7243651db1384c0ddfdbe39761e8e7e51a,30,0,1
ethereum,0x5eaa69b29f99c84fe5de8200340b4e9b4ab38eac,30,0,1
ethereum,0x5eca7b975e34567d9460fa613013a7a6993ad185,30,0,1
ethereum,0x5ee5bf7ae06d1be5997a1a72006fe6c607ec6de8,30,0,1
ethereum,0x5efcea234f7547de4569aad1215fa5d2adaced38,30,0,1
ethereum,0x5f18c75abdae578b483e5f43f12a39cf75b973a9,30,0,1
ethereum,0x5f190f9082878ca141f858c1c90b4c59fe2782c5,30,0,1
ethereum,0x5f474906637bdcda05f29c74653f6962bb0f8eda,30,0,1
ethereum,0x5f5c86a9f8aaf63ce27b82fab3b33df73cbc3d12,30,0,1
ethereum,0x5f6dee1c84f7ba36fb2d21c88e680812eb670a05,30,0,1
ethereum,0x5f944b0c4315cb7c3a846b025ab4045da44abf6c,30,0,1
ethereum,0x5fa3418d828e5cd3c61a66e0fc7fa4a35dadf960,30,0,1
ethereum,0x5fa54fddf1870c344dbfabb37dfab8700ec0def1,30,0,1
ethereum,0x5fab9761d60419c9eeebe3915a8fa1ed7e8d2e1b,30,0,1
ethereum,0x5fc111f3fa4c6b32eaf65659cfebdeed57234069,30,0,1
ethereum,0x6020da0f7c1857dbe4431ec92a15cc318d933eaa,30,0,1
ethereum,0x602f65bb8b8098ad804e99db6760fd36208cd967,30,0,1
ethereum,0x603778e5e07e180e300bd10df7fa626313a206b2,30,0,1
ethereum,0x6069c9223e8a5da1ec49ac5525d4bb757af72cd8,30,0,1
ethereum,0x608917f8392634428ec71c6766f3ec3f5cc8f421,30,0,1
ethereum,0x60927b83ddd2096f38f22a8a2d84cf863402d1a1,30,0,1
ethereum,0x60bb16c4a931b1a0b8a7d945c651dd90f41d42cf,30,0,1
ethereum,0x60be1e1fe41c1370adaf5d8e66f07cf1c2df2268,30,0,1
ethereum,0x60c7aea107ea3cdab21455e187cfb7e54e09b760,30,0,1
ethereum,0x60eb57d085c59932d5faa6c6026268a4386927d0,30,0,1
ethereum,0x60f5672a271c7e39e787427a18353ba59a4a3578,30,0,1
ethereum,0x6100dd79fcaa88420750dcee3f735d168abcb771,30,0,1
ethereum,0x613577bfea8ba6571f6b7a86716d04c80a3fbeb4,30,0,1
ethereum,0x614857c755739354d68ae0abd53849cf45d6a41d,30,0,1
ethereum,0x614d7f40701132e25fe6fc17801fbd34212d2eda,30,0,1
ethereum,0x614da3b37b6f66f7ce69b4bbbcf9a55ce6168707,30,0,1
ethereum,0x616e8bfa43f920657b3497dbf40d6b1a02d4608d,30,0,1
ethereum,0x61b34a012646cd7357f58ee9c0160c6d0021fa41,30,0,1
ethereum,0x61b57bdc01e3072fab3e9e2f3c7b88d482734e05,30,0,1
ethereum,0x61c6ebf443ad613c9648762585b3cfd3ba1f3fa8,30,0,1
ethereum,0x62003030f45b8bcd272d54ab8f782c1ae894eaf6,30,1,1
ethereum,0x62187066fd9c24559ffb54b0495a304ade26d50b,30,0,1
ethereum,0x6243d8cea23066d098a15582d81a598b4e8391f4,30,0,1
ethereum,0x62784378a40f6b3ecfad6cd6c167c41ddf5b5e05,30,1,1
ethereum,0x628ebc64a38269e031afbdd3c5ba857483b5d048,30,0,1
ethereum,0x62dc4817588d53a056cbbd18231d91ffccd34b2a,30,0,1
ethereum,0x635f15eb7aa2e62d122f6b1f9f519fdccf4abdda,30,0,1
ethereum,0x6361f338ab8def2af3f2a1be7bd8a7db3156f7e7,30,0,1
ethereum,0x6390ee51738652b4f22c20f0fd02275cbd5ff685,30,1,1
ethereum,0x6399c842dd2be3de30bf99bc7d1bbf6fa3650e70,30,0,1
ethereum,0x63f7b1b538a78cb699e5399621b3d2e047c40de4,30,0,1
ethereum,0x63f88a2298a5c4aee3c216aa6d926b184a4b2437,30,0,1
ethereum,0x640bb7b0716a3c58b29f83a10e0b4b51580693d3,23,0,1
ethereum,0x6422542365d8c2a22ce32c1c21d1aa14e861ff7d,30,1,1
ethereum,0x64a77277e37d44957fe5815d6ff442ab8b16cc29,30,0,1
ethereum,0x64d0f55cd8c7133a9d7102b13987235f486f2224,30,0,1
ethereum,0x65167e381388bc803aa2f22cd99d093068e98007,30,0,1
ethereum,0x6553565eac5daa9bfc5e2892b36291634c9b2ad6,30,0,1
ethereum,0x6589fe1271a0f29346796c6baf0cdf619e25e58e,30,0,1
ethereum,0x6595b8fd9c920c81500dca94e53cdc712513fb1f,30,0,1
ethereum,0x65a8fba02f641a13bb7b01d5e1129b0521004f52,30,0,1
ethereum,0x65ef703f5594d2573eb71aaf55bc0cb548492df4,30,0,1
ethereum,0x65f7ba4ec257af7c55fd5854e5f6356bbd0fb8ec,30,0,1
ethereum,0x66087d2f2923a63e48f930cf95a10641817e28e9,30,1,1
ethereum,0x661ecf29b533e7d09f67f597af77eeaf3cc6b1e7,30,0,1
ethereum,0x665f77fba5975ab40ce61c90f28007fb5b09d7b1,30,0,1
ethereum,0x667210a731447f8b385e068205759be2311b86d4,30,0,1
ethereum,0x66861d5f0fbfb7b2711712fef2172c560d08d0ab,30,0,1
ethereum,0x668dbf100635f593a3847c0bdaf21f0a09380188,30,0,1
ethereum,0x66a3a58f812d0f433daaf1d96e14fd72d1d03d67,30,0,1
ethereum,0x66c0dded8433c9ea86c8cf91237b14e10b4d70b7,30,0,1
ethereum,0x66d28cb58487a7609877550e1a34691810a6b9fc,30,0,1
ethereum,0x66f73d0fd4161cfad4302dc145ff994375c13475,30,0,1
ethereum,0x671a912c10bba0cfa74cfc2d6fba9ba1ed9530b2,30,0,1
ethereum,0x6732efaf6f39926346bef8b821a04b6361c4f3e5,30,0,1
ethereum,0x674c964ac0e89d847d6b0abd144b797bf78ba56b,30,0,1
ethereum,0x6758647a4cd6b4225b922b456be5c05359012032,30,0,1
ethereum,0x675ababd3a210566a5e213547523b740be80041a,30,0,1
ethereum,0x675ad1c6abac870b2aef613b4ee238348b21e727,30,0,1
ethereum,0x675bbc7514013e2073db7a919f6e4cbef576de37,30,0,1
ethereum,0x6765fdd028be3d7874bc2bb3d7d5ca01c1bf14b2,30,0,1
ethereum,0x677fe4bd9ee5a3e36d3662505977cc387cee7b1a,30,0,1
ethereum,0x67b66c99d3eb37fa76aa3ed1ff33e8e39f0b9c7a,30,0,1
ethereum,0x67cc621ab2d086a101cff3340df0a065ac75827c,30,0,1
ethereum,0x67d85a291fcdc862a78812a3c26d55e28ffb2701,30,0,1
ethereum,0x67f3086f7823eaf35f5aaadfb2e9b9c5b09578cf,30,0,1
ethereum,0x67f4c72a50f8df6487720261e188f2abe83f57d7,30,0,1
ethereum,0x68037790a0229e9ce6eaa8a99ea92964106c4703,30,0,1
ethereum,0x682f3317a8db21ba205dc84a0b7bd5010333bda7,30,0,1
ethereum,0x686f2404e77ab0d9070a46cdfb0b7fecdd2318b0,30,0,1
ethereum,0x68749665ff8d2d112fa859aa293f07a622782f38,30,0,1
ethereum,0x68b36248477277865c64dfc78884ef80577078f3,30,0,1
ethereum,0x68eb95dc9934e19b86687a10df8e364423240e94,30,0,1
ethereum,0x6923f9b683111dcc0e20124e9a031deeae5dad93,30,0,1
ethereum,0x693c216aa181ebf776730d16c7ba06842548415e,30,0,1
ethereum,0x695afdb42edff97af470a15920a66df81a234c0e,30,0,1
ethereum,0x69681f8fde45345c3870bcd5eaf4a05a60e7d227,30,0,1
ethereum,0x697ef32b4a3f5a4c39de1cb7563f24ca7bfc5947,30,0,1
ethereum,0x69b14e8d3cebfdd8196bfe530954a0c226e5008e,30,0,1
ethereum,0x69bbc3f8787d573f1bbdd0a5f40c7ba0aee9bcc9,30,0,1
ethereum,0x69e37422cb87d963367f73a119c8ce9a4d529b72,30,0,1
ethereum,0x69fa8e7f6bf1ca1fb0de61e1366f7412b827cc51,30,0,1
ethereum,0x6a15aa3e4ffca098332e9727a7a55379011711c8,30,1,1
ethereum,0x6a26ee7755d939b96cdcd8a0370630d48902fd7c,30,0,1
ethereum,0x6a6bfdd2174ade27258fe96b9afae3758dec14f2,30,0,1
ethereum,0x6a6c2ada3ce053561c2fbc3ee211f23d9b8c520a,30,0,1
ethereum,0x6aa9bcf20ae2fcb9a29d7d99c624d9db43d93969,30,0,1
ethereum,0x6ad3403e4d5079165c42ce0a86ef83392b3f3b80,30,1,1
ethereum,0x6af53c6ec427525f7240e211941223288a0e7c66,30,0,1
ethereum,0x6b1a8f210ec6b7b6643cea3583fb0c079f367898,30,0,1
ethereum,0x6b42cd132fdab81bc957bd03ffa981dd16fa3143,30,1,1
ethereum,0x6b66ccd1340c479b07b390d326eadcbb84e726ba,30,0,1
ethereum,0x6b8425cbebaad330dfaa7a8400a38dffc4aaddaf,30,0,1
ethereum,0x6bb61215298f296c55b19ad842d3df69021da2ef,30,0,1
ethereum,0x6bc40d4099f9057b23af309c08d935b890d7adc0,30,0,1
ethereum,0x6bea7cfef803d1e3d5f7c0103f7ded065644e197,30,0,1
ethereum,0x6bf765c43030387a983f429c1438e9d2025b7e12,30,0,1
ethereum,0x6c22910c6f75f828b305e57c6a54855d8adeabf8,30,0,1
ethereum,0x6c37bf4f042712c978a73e3fd56d1f5738dd7c43,30,0,1
ethereum,0x6c4c193bff0a117f0c2b516802abba961a1eeb12,30,0,1
ethereum,0x6c5024cd4f8a59110119c56f8933403a539555eb,30,0,1
ethereum,0x6c936d4ae98e6d2172db18c16c4b601c99918ee6,30,0,1
ethereum,0x6ca88cc8d9288f5cad825053b6a1b179b05c76fc,30,0,1
ethereum,0x6cb7d80bdefef3f820a3a77ee56f06afcb20ea7e,30,0,1
ethereum,0x6d0f5149c502faf215c89ab306ec3e50b15e2892,30,0,1
ethereum,0x6d52dfefb16bb9cdc78bfca09061e44574886626,30,0,1
ethereum,0x6d57b2e05f26c26b549231c866bdd39779e4a488,30,0,1
ethereum,0x6d614686550b9e1c1df4b2cd8f91c9d4df66c810,30,0,1
ethereum,0x6d6b11219a15aefc32a430ac7ad6429ad36748c9,30,0,1
ethereum,0x6d765cbe5bc922694afe112c140b8878b9fb0390,30,0,1
ethereum,0x6dca182ac5e3f99985bc4ee0f726d6472ab1ec55,30,0,1
ethereum,0x6ddeb5340a20ac5cd53beb733d579a8b83270691,30,1,1
ethereum,0x6e0dade58d2d89ebbe7afc384e3e4f15b70b14d8,30,0,1
ethereum,0x6e109e9dd7fa1a58bc3eff667e8e41fc3cc07aef,30,0,1
ethereum,0x6e1a19f235be7ed8e3369ef73b196c07257494de,30,0,1
ethereum,0x6e433fd2d4af81c1908fc7bfb3b68a7134c891a9,30,1,1
ethereum,0x6e5970dbd6fc7eb1f29c6d2edf2bc4c36124c0c1,30,0,1
ethereum,0x6e765d26388a17a6e86c49a8e41df3f58abcd337,30,0,1
ethereum,0x6e8908cfa881c9f6f2c64d3436e7b80b1bf0093f,30,0,1
ethereum,0x6e975115250b05c828ecb8ededb091975fc20a5d,30,0,1
ethereum,0x6e99277f5349614ae653b8ac9c5e2f105943e8d9,30,0,1
ethereum,0x6ec47a178a9d50d4ec4683003d8324f19ca35382,30,0,1
ethereum,0x6f222e04f6c53cc688ffb0abe7206aac66a8ff98,30,0,1
ethereum,0x6f38e0f1a73c96cb3f42598613ea3474f09cb200,30,0,1
ethereum,0x6f59e0461ae5e2799f1fb3847f05a63b16d0dbf8,30,0,1
ethereum,0x6f62b016b3393fdfb1f1688871b6580d47acad74,30,1,1
ethereum,0x6f80310ca7f2c654691d1383149fa1a57d8ab1f8,30,0,1
ethereum,0x6fdb90535c09b82825e38d41edf5e66211d4b442,30,0,1
ethereum,0x6fe88a211863d0d818608036880c9a4b0ea86795,30,0,1
ethereum,0x6ff2241756549b5816a177659e766eaf14b34429,30,0,1
ethereum,0x70008f18fc58928dce982b0a69c2c21ff80dca54,30,0,1
ethereum,0x7025bab2ec90410de37f488d1298204cd4d6b29d,30,0,1
ethereum,0x7051faed0775f664a0286af4f75ef5ed74e02754,30,0,1
ethereum,0x70881d5c8a5950ceedf1f1b4b5d4105718642548,30,0,1
ethereum,0x70b790d0948a760e80bc3f892b142f7779b538b2,30,0,1
ethereum,0x70bef3bb2f001da2fddb207dae696cd9faff3f5d,30,0,1
ethereum,0x7102dc82ef61bfb0410b1b1bf8ea74575bf0a105,30,0,1
ethereum,0x7103ebdbf1f89be2d53eff9b3cf996c9e775c105,30,0,1
ethereum,0x7104d1f179cc9cc7fb5c79be6da846e3fbc4c105,30,0,1
ethereum,0x7105e64bf67eca3ae9b123f0e5ca2b83b2ef2da0,30,0,1
ethereum,0x7105faa4a26ed1c67b8b2b41bec98f06ee21d105,30,0,1
ethereum,0x7138eb0d563f3f6722500936a11dcae99d738a2c,30,0,1
ethereum,0x7163436b8efffb469f6bb81cc908b1661d4795e6,30,0,1
ethereum,0x7199b5a15c7fb79aa861780230adc65fff99ec73,30,0,1
ethereum,0x71abbd6b628da7874e9861b6a9e5d67b10eec729,30,0,1
ethereum,0x721a1b990699ee9d90b6327faad0a3e840ae8335,30,0,1
ethereum,0x722f97a435278b7383a1e3c47f41773bebf3232c,30,0,1
ethereum,0x723696965f47b990dff00064fcaca95f0ee01123,30,0,1
ethereum,0x72377f31e30a405282b522d588aebbea202b4f23,30,0,1
ethereum,0x7237c0b30b1355f1b76355582f182f6f04b08740,30,0,1
ethereum,0x723cbfc05e2cfcc71d3d89e770d32801a5eef5ab,30,0,1
ethereum,0x725440512cb7b78bf56b334e50e31707418231cb,30,0,1
ethereum,0x72555cbafc1667bbcc3ffb207ca66200943d4b6d,30,0,1
ethereum,0x72630b1e3b42874bf335020ba0249e3e9e47bafc,30,0,1
ethereum,0x72955ecff76e48f2c8abcce11d54e5734d6f3657,30,0,1
ethereum,0x72e203a17add19a3099137c9d7015fd3e2b7dba9,30,0,1
ethereum,0x72e2f4830b9e45d52f80ac08cb2bec0fef72ed9c,30,0,1
ethereum,0x72e5390edb7727e3d4e3436451dadaff675dbcc0,30,0,1
ethereum,0x72e72a2b3766712b952df6e5bfcf5b67cfd8cafb,30,1,1
ethereum,0x72e9d9038ce484ee986fea183f8d8df93f9ada13,30,0,1
ethereum,0x73374ea518de7addd4c2b624c0e8b113955ee041,30,0,1
ethereum,0x7340ea46360576dc46ef49bce99bc5072c32421d,30,0,1
ethereum,0x7391a131ccb43a571a34e09f986080d117b4313c,30,0,1
ethereum,0x739763a258640919981f9ba610ae65492455be53,30,0,1
ethereum,0x73a83269b9bbafc427e76be0a2c1a1db2a26f4c2,30,0,1
ethereum,0x73c6a7491d0db90bdb0060308cde0f49dfd1d0b0,30,0,1
ethereum,0x73d3a884322af11c6a5e35118c8296cbdad68caf,30,0,1
ethereum,0x73d7c860998ca3c01ce8c808f5577d94d545d1b4,30,0,1
ethereum,0x73da6c5f616eb9d8a3b3a4bb920365edef8af4e4,30,0,1
ethereum,0x73f2651ea38d48b3b808ffddbd398fd600ab5ba7,30,0,1
ethereum,0x73fbd93bfda83b111ddc092aa3a4ca77fd30d380,30,0,1
ethereum,0x740de62193c26f47adf4ca6b2ad2eadac6176379,30,1,1
ethereum,0x741b0428efdf4372a8df6fb54b018db5e5ab7710,30,0,1
ethereum,0x742f6f19cccf9b4115b08c104bb308196c0fa224,30,0,1
ethereum,0x745407c86df8db893011912d3ab28e68b62e49b0,30,0,1
ethereum,0x746dda2ea243400d5a63e0700f190ab79f06489e,30,0,1
ethereum,0x74d2d73b455540b037298c0e0925bc702aedbe4a,30,0,1
ethereum,0x752efadc0a7e05ad1bcccda22c141d01a75ef1e4,30,0,1
ethereum,0x758af03ad0bf7f44abe4f804eb6a90eea9eb7c09,30,0,1
ethereum,0x758b4684be769e92eefea93f60dda0181ea303ec,30,0,1
ethereum,0x75a6cda5968e5ede57fc759887937688a0c78f71,30,0,1
ethereum,0x75d86078625d1e2f612de2627d34c7bc411c18b8,30,0,1
ethereum,0x7616113782aadab041d7b10d474f8a0c04eff258,30,0,1
ethereum,0x761a3557184cbc07b7493da0661c41177b2f97fa,30,0,1
ethereum,0x765f0c16d1ddc279295c1a7c24b0883f62d33f75,30,0,1
ethereum,0x76bc677d444f1e9d57daf5187ee2b7dc852745ae,30,0,1
ethereum,0x76eb2fe28b36b3ee97f3adae0c69606eedb2a37c,30,0,1
ethereum,0x76fca1adb104770b38581b64d55e67fa5a0f3966,30,0,1
ethereum,0x76ff2ab6b34142421f44a68cc8dd08f45f9ee2f2,30,0,1
ethereum,0x7721a4cb6190edb11d47f51c20968436eccdafb8,30,0,1
ethereum,0x77571a64342667f7818520ef004b2b91f47a266b,30,0,1
ethereum,0x7758896b6ac966bbabcf143efa963030f17d3edf,30,0,1
ethereum,0x777172d858dc1599914a1c4c6c9fc48c99a60990,30,0,1
ethereum,0x77777777772cf0455fb38ee0e75f38034dfa50de,30,0,1
ethereum,0x7778360f035c589fce2f4ea5786cbd8b36e5396b,30,0,1
ethereum,0x77b0404d649f2cbce92ab68aec0816c1659acff6,30,1,1
ethereum,0x77d1b367221a5864af03d7a9e4e6ae2e6cd2a0ae,30,0,1
ethereum,0x77e0e0c2baef16db6a8c137b55403fd008686bd2,30,0,1
ethereum,0x77ebcf0659bbf4e68d8ce6d84bb25c5cde207b97,30,0,1
ethereum,0x77f76483399dc6328456105b1db23e2aca455bf9,30,0,1
ethereum,0x7815bda662050d84718b988735218cffd32f75ea,30,0,1
ethereum,0x78223d31298107f3e310b09797b07967832046a6,30,0,1
ethereum,0x7825e833d495f3d1c28872415a4aee339d26ac88,30,0,1
ethereum,0x785c34312dfa6b74f6f1829f79ade39042222168,30,0,1
ethereum,0x7863e06bca47ded821fcb53ab788eeb371243eda,30,0,1
ethereum,0x7866e48c74cbfb8183cd1a929cd9b95a7a5cb4f4,30,0,1
ethereum,0x7869c4a1a3f6f8684fbcc422a21ad7abe3167834,30,0,1
ethereum,0x788d86e00ab31db859c3d6b80d5a9375801d7f2a,30,0,1
ethereum,0x78d9a9355a7823887868492c47368956ea473618,30,0,1
ethereum,0x79126d32a86e6663f3aaac4527732d0701c1ae6c,30,0,1
ethereum,0x792348668c8d4b640bb7c09d7127234d4c29053e,30,0,1
ethereum,0x795dbf627484f8248d3d6c09c309825c1563e873,30,0,1
ethereum,0x796ef302e922fbe7020ccc1a5ead2da2970d2ff7,30,0,1
ethereum,0x797de1dc0b9faf5e25c1f7efe8df9599138fa09d,30,0,1
ethereum,0x79986af15539de2db9a5086382daeda917a9cf0c,30,0,1
ethereum,0x79b4d12fa63a8d1202b26c5ba6d62136a4a09dda,30,0,1
ethereum,0x79be75ffc64dd58e66787e4eae470c8a1fd08ba4,30,0,1
ethereum,0x79d4f0232a66c4c91b89c76362016a1707cfbf4f,30,0,1
ethereum,0x79df40230ee1771d0fab78e21292f0af8d8af3d9,30,1,1
ethereum,0x7a2bc711e19ba6aff6ce8246c546e8c4b4944dfd,30,0,1
ethereum,0x7a5ce6abd131ea6b148a022cb76fc180ae3315a6,30,0,1
ethereum,0x7a5d3a9dcd33cb8d527f7b5f96eb4fef43d55636,30,0,1
ethereum,0x7a786dac1f315c8a0e9962172ad8ae0c04d9c9b6,30,0,1
ethereum,0x7a8adcf432ebcc2311b955d176ee4bfed13bb9a7,30,0,1
ethereum,0x7ab7d54f8cb054141142f04ba0b3d41ac4c4d61c,30,0,1
ethereum,0x7ae075546e8042dc263fa0eb6519ce0a04eabb93,30,0,1
ethereum,0x7ae1d57b58fa6411f32948314badd83583ee0e8c,30,0,1
ethereum,0x7b123f53421b1bf8533339bfbdc7c98aa94163db,30,0,1
ethereum,0x7b22938ca841aa392c93dbb7f4c42178e3d65e88,30,0,1
ethereum,0x7b37a55ffb30c11d95f943672ae98f28cfb7b087,30,0,1
ethereum,0x7b39917f9562c8bc83c7a6c2950ff571375d505d,30,0,1
ethereum,0x7b69d465c0f9fb22affae56aa86149973e9b0966,30,0,1
ethereum,0x7b6f71c8b123b38aa8099e0098bec7fbc35b8a13,30,0,1
ethereum,0x7b86f9feb2832c3c455148f33acaf59f8a4250ed,30,0,1
ethereum,0x7b95ec873268a6bfc6427e7a28e396db9d0ebc65,30,0,1
ethereum,0x7c07f7abe10ce8e33dc6c5ad68fe033085256a84,30,0,1
ethereum,0x7c0e72f431fd69560d951e4c04a4de3657621a88,30,0,1
ethereum,0x7c5b267ed81009aa7374b5ca7e5137da47045ba8,30,0,1
ethereum,0x7c84d7e3829e004a49204d650883697bc7f06748,30,0,1
ethereum,0x7c95e7ad2b349dc2f82d0f1117a44b561fa2699a,30,0,1
ethereum,0x7c974104df9dd7fb91205ab3d66d15aff1049de8,30,0,1
ethereum,0x7c9f4c87d911613fe9ca58b579f737911aad2d43,30,0,1
ethereum,0x7ca4408137eb639570f8e647d9bd7b7e8717514a,30,0,1
ethereum,0x7ca5af5ba3472af6049f63c1abc324475d44efc1,30,0,1
ethereum,0x7cca2e1c9b0519f52029467914a15e782bf66971,30,0,1
ethereum,0x7cd167b101d2808cfd2c45d17b2e7ea9f46b74b6,30,0,1
ethereum,0x7cdbfc86a0bfa20f133748b0cf5cea5b787b182c,30,0,1
ethereum,0x7cf74238d48ce383db00a1efff8da99303552cb0,30,0,1
ethereum,0x7cfea0dd176651e7b5a1ced9c4faf8ee295315fd,30,0,1
ethereum,0x7d0c49057c09501595a8ce23b773bb36a40b521f,30,0,1
ethereum,0x7d4a7be025652995364e0e232063abd9e8d65e6e,30,0,1
ethereum,0x7d4cc8383cfb483addce23ba3905bc31b97740ac,30,1,1
ethereum,0x7d60de2e7d92cb5c863bc82f8d59b37c59fc0a7a,30,0,1
ethereum,0x7d8d7c26179b7a6aebbf66a91c38ed92d5b4996b,30,0,1
ethereum,0x7d8daff6d70cead12c6f077048552cf89130a2b1,30,0,1
ethereum,0x7da96a3891add058ada2e826306d812c638d87a7,30,0,1
ethereum,0x7dbbcae15d4db168e01673400d7844870cc1e36f,30,0,1
ethereum,0x7dedbce5a2e31e4c75f87fea60bf796c17718715,30,0,1
ethereum,0x7e16e4253ce4a1c96422a9567b23b4b5ebc207f1,30,0,1
ethereum,0x7e291890b01e5181f7ecc98d79ffbe12ad23df9e,30,0,1
ethereum,0x7e80e4d7d5725499791cf8b17a4586f1f0672a0c,30,0,1
ethereum,0x7e877b99897d514da01bd1d177e693ec639961af,30,0,1
ethereum,0x7e9d8f07a64e363e97a648904a89fb4cd5fb94cd,30,0,1
ethereum,0x7f3141c4d6b047fb930991b450f1ed996a51cb26,30,0,1
ethereum,0x7f3edcdd180dbe4819bd98fee8929b5cedb3adeb,30,0,1
ethereum,0x80122c6a83c8202ea365233363d3f4837d13e888,30,0,1
ethereum,0x804ea14b08dec488e5b0bc408f23eef107fe3717,30,0,1
ethereum,0x8052327f1baf94a9dc8b26b9100f211ee3774f54,30,0,1
ethereum,0x805ea9c07b49dd23ce11ec66dc6d8a2957385035,30,0,1
ethereum,0x8064d9ae6cdf087b1bcd5bdf3531bd5d8c537a68,30,0,1
ethereum,0x8078198fc424986ae89ce4a910fc109587b6abf3,30,0,1
ethereum,0x80c8c3dcfb854f9542567c8dac3f44d709ebc1de,30,0,1
ethereum,0x80ce3027a70e0a928d9268994e9b85d03bd4cdcf,30,0,1
ethereum,0x8133b63b6a94b9b977282b5bd2fac41ab486324a,30,1,1
ethereum,0x8193711b2763bc7dfd67da0d6c8c26642eafdaf3,30,0,1
ethereum,0x81994dfbbe69c9e03226c2ebe62f7352dc3db812,30,0,1
ethereum,0x81f8f0bb1cb2a06649e51913a151f0e7ef6fa321,30,0,1
ethereum,0x820802fa8a99901f52e39acd21177b0be6ee2974,30,0,1
ethereum,0x821a278dfff762c76410264303f25bf42e195c0c,30,0,1
ethereum,0x823e1b82ce1dc147bbdb25a203f046afab1ce918,30,0,1
ethereum,0x824e35f7a75324f99300afac75ecf7354e17ea26,30,0,1
ethereum,0x8287c7b963b405b7b8d467db9d79eec40625b13a,30,0,1
ethereum,0x82967568a57625675b260ebab1294038c9accc6e,30,0,1
ethereum,0x82cc3da7d315c47557147f44984c3e805c34789c,30,0,1
ethereum,0x82d09e30d5d682d69b4a5d97c61b7ba651457625,30,0,1
ethereum,0x82f13ab56cc0d1b727e8253a943f0de75b048b0b,30,0,1
ethereum,0x830a8512db4f6fca51968593e2667156c2c483a8,30,0,1
ethereum,0x831091da075665168e01898c6dac004a867f1e1b,30,0,1
ethereum,0x83249c6794bca5a77eb8c0af9f1a86e055459cea,30,0,1
ethereum,0x8365332d4baf69bc24ca2401b90c3853ab9f818e,30,0,1
ethereum,0x83869de76b9ad8125e22b857f519f001588c0f62,30,0,1
ethereum,0x83e817e1574e2201a005ec0f7e700ed5606f555e,30,0,1
ethereum,0x83e9f223e1edb3486f876ee888d76bfba26c475a,30,0,1
ethereum,0x84342e932797fc62814189f01f0fb05f52519708,30,0,1
ethereum,0x843c9af34f698618f90c898e3967278a260c8d9a,30,0,1
ethereum,0x8503a7b00b4b52692cc6c14e5b96f142e30547b7,30,0,1
ethereum,0x85225ed797fd4128ac45a992c46ea4681a7a15da,30,0,1
ethereum,0x852e5427c86a3b46dd25e5fe027bb15f53c4bcb8,30,0,1
ethereum,0x8530b66ca3ddf50e0447eae8ad7ea7d5e62762ed,30,0,1
ethereum,0x856c4efb76c1d1ae02e20ceb03a2a6a08b0b8dc3,30,0,1
ethereum,0x85b6acaba696b9e4247175274f8263f99b4b9180,30,0,1
ethereum,0x85f138bfee4ef8e540890cfb48f620571d67eda3,30,0,1
ethereum,0x85f17cf997934a597031b2e18a9ab6ebd4b9f6a4,30,0,1
ethereum,0x8640353cdc9778deab0df45d12fb3013deac079c,30,0,1
ethereum,0x8666cb197af5103f7a3a0295b50efea47f3df78b,30,0,1
ethereum,0x86b4dbe5d203e634a12364c0e428fa242a3fba98,30,0,1
ethereum,0x86f0cdb38a853420be4dbf6a3a9a3fe0756bc701,30,0,1
ethereum,0x871407d1630ce22a831bb74f0c94aee2e6af7ddf,30,0,1
ethereum,0x87869a9789291a6cec99f3c3ef2ff71fceb12a8e,30,0,1
ethereum,0x878cf148ccbb50426043a9affe54ba408221c7fa,30,0,1
ethereum,0x878fcc2bdcccff8c56812607b9a58f29b274c4f0,30,0,1
ethereum,0x87a92428bbc876d463c21c8e51b903f127d9a9f4,30,0,1
ethereum,0x87aa2276f23f4fb37b47c75abb4e822cc64a8174,30,1,1
ethereum,0x87d907568a0761ea45d2917e324557920668f224,30,0,1
ethereum,0x87de305311d5788e8da38d19bb427645b09cb4e5,30,0,1
ethereum,0x87fdd1e031b356bdc1c55a3231cfe266552d8284,30,0,1
ethereum,0x88303fed02b31db9c7a9eafb711da9ef4a03e5d3,30,0,1
ethereum,0x88417754ff7062c10f4e3a4ab7e9f9d9cbda6023,30,0,1
ethereum,0x8861cff2366c1128fd699b68304ad99a0764ef9a,30,0,1
ethereum,0x887168120cb89fb06f3e74dc4af20d67df0977f6,30,0,1
ethereum,0x887bdd18d042a85b9c702698efe71e1c38d5c868,30,0,1
ethereum,0x888888435fde8e7d4c54cab67f206e4199454c60,30,0,1
ethereum,0x8888888837f84a7a82668e0320ac454f5945d0b9,30,0,1
ethereum,0x888888888888f195e27a2e0f98d712952ab9348e,30,0,1
ethereum,0x888888888889c00c67689029d7856aac1065ec11,30,0,1
ethereum,0x88a9a52f944315d5b4e917b9689e65445c401e83,30,0,1
ethereum,0x8929e9dbd2785e3ba16175e596cdd61520fee0d1,30,0,1
ethereum,0x892a6f9df0147e5f079b0993f486f9aca3c87881,30,0,1
ethereum,0x8947da500eb47f82df21143d0c01a29862a8c3c5,30,0,1
ethereum,0x8954d907520532c1f0d89d42569232fd0f995fdf,30,0,1
ethereum,0x89bd2e7e388fab44ae88bef4e1ad12b4f1e0911c,30,0,1
ethereum,0x89fcb32f29e509cc42d0c8b6f058c993013a843f,30,0,1
ethereum,0x8a001303158670e284950565164933372807cd48,30,0,1
ethereum,0x8a2ead49d2123edee893181fb69527a022235c36,30,0,1
ethereum,0x8a3c710e41cd95799c535f22dbae371d7c858651,30,0,1
ethereum,0x8a3d77e9d6968b780564936d15b09805827c21fa,30,0,1
ethereum,0x8a458a9dc9048e005d22849f470891b840296619,30,0,1
ethereum,0x8a6d4c8735371ebaf8874fbd518b56edd66024eb,30,0,1
ethereum,0x8a6f3bf52a26a21531514e23016eeae8ba7e7018,30,0,1
ethereum,0x8a7adc1b690e81c758f1bd0f72dfe27ae6ec56a5,30,0,1
ethereum,0x8aa9381b2544b48c26f3b850f6e07e2c5161eb3e,30,0,1
ethereum,0x8acee0fcee91cedad1c5013f031762c814740587,30,0,1
ethereum,0x8af78f0c818302164f73b2365fe152c2d1fe80e1,30,0,1
ethereum,0x8b12bd54ca9b2311960057c8f3c88013e79316e3,30,0,1
ethereum,0x8b227d72570d3ead66014bca8305cbef7f90d1ee,30,0,1
ethereum,0x8b3870df408ff4d7c3a26df852d41034eda11d81,30,0,1
ethereum,0x8bbe1a2961b41340468d0548c2cd5b7dfa9b684c,30,0,1
ethereum,0x8bc2bcb1b1896291942c36f3cca3c1afa0aaa7fd,30,0,1
ethereum,0x8bcbef61acd66537362f38167f11875134ffcd63,30,0,1
ethereum,0x8be8b0dde627dd6be9a4b7fcadd04899aabdb2b1,30,0,1
ethereum,0x8c1bed5b9a0928467c9b1341da1d7bd5e10b6549,30,0,1
ethereum,0x8c3ee4f778e282b59d42d693a97b80b1ed80f4ee,30,0,1
ethereum,0x8c543aed163909142695f2d2acd0d55791a9edb9,30,0,1
ethereum,0x8c6778023c3d4fd79ddd14810079f64c39e9e43d,30,0,1
ethereum,0x8c6fa66c21ae3fc435790e451946a9ea82e6e523,30,0,1
ethereum,0x8c7ac134ed985367eadc6f727d79e8295e11435c,30,0,1
ethereum,0x8cb924583681cbfe487a62140a994a49f833c244,30,0,1
ethereum,0x8cd66652c1b201ca7ce8bcf1e83bfc4d1c4fc518,30,1,1
ethereum,0x8d1ce361eb68e9e05573443c407d4a3bed23b033,30,0,1
ethereum,0x8d3e855f3f55109d473735ab76f753218400fe96,30,0,1
ethereum,0x8d610e20481f4c4f3acb87bba9c46bef7795fdfe,30,0,1
ethereum,0x8d6cebd76f18e1558d4db88138e2defb3909fad6,30,0,1
ethereum,0x8d85b9553896bd8159e608cb958628e01ed10916,30,0,1
ethereum,0x8db1d28ee0d822367af8d220c0dc7cb6fe9dc442,30,0,1
ethereum,0x8db253a1943dddf1af9bcf8706ac9a0ce939d922,30,0,1
ethereum,0x8db90e3e7d04c875a51997092f9178fcac9defdb,30,0,1
ethereum,0x8dbf9a4c99580fc7fd4024ee08f3994420035727,30,0,1
ethereum,0x8dcc22dcc33fa7fab495596f3310dc1b0fc78583,30,1,1
ethereum,0x8dce83eca4af45dbe618da1779f9aaca43201084,30,0,1
ethereum,0x8dd09822e83313adca54c75696ae80c5429697ff,30,0,1
ethereum,0x8de5b80a0c1b02fe4976851d030b36122dbb8624,30,0,1
ethereum,0x8e0e57dcb1ce8d9091df38ec1bfc3b224529754a,30,0,1
ethereum,0x8e0fe2947752be0d5acf73aae77362daf79cb379,30,0,1
ethereum,0x8e1308f4808788767a864eee9a4927e38c790352,30,0,1
ethereum,0x8e32b8a41f2e86a3ee198912ac8d756c84295b40,30,0,1
ethereum,0x8e57c27761ebbd381b0f9d09bb92ceb51a358abb,30,0,1
ethereum,0x8e964e35a76103af4c7d7318e1b1a82c682ae296,30,0,1
ethereum,0x8eb1779a32678452eb273a22d413207299904d90,30,0,1
ethereum,0x8ed2fc62d6850eaadcb717465752dab591286839,30,0,1
ethereum,0x8ed97a637a790be1feff5e888d43629dc05408f6,30,0,1
ethereum,0x8ee325ae3e54e83956ef2d5952d3c8bc1fa6ec27,30,0,1
ethereum,0x8eecaad83a1ea77bd88a818d4628fafc4cad7969,30,0,1
ethereum,0x8eed869396d83f5b79360b079e5da92c17a912e4,30,1,1
ethereum,0x8eedefe828a0f16c8fc80e46a87bc0f1de2d960c,30,0,1
ethereum,0x8f006d1e1d9dc6c98996f50a4c810f17a47fbf19,30,0,1
ethereum,0x8fac8031e079f409135766c7d5de29cf22ef897c,30,0,1
ethereum,0x8fc01e6cbdffaf09b54f423f9bb1f856b22e47b2,30,0,1
ethereum,0x8fc8bfd80d6a9f17fb98a373023d72531792b431,30,0,1
ethereum,0x8fc8f8269ebca376d046ce292dc7eac40c8d358a,30,0,1
ethereum,0x900db999074d9277c5da2a43f252d74366230da0,30,0,1
ethereum,0x9014f29610e904c8269726c74ebc79f5d512dafd,30,0,1
ethereum,0x903bef1736cddf2a537176cf3c64579c3867a881,30,0,1
ethereum,0x9040e237c3bf18347bb00957dc22167d0f2b999d,30,0,1
ethereum,0x90b831fa3bebf58e9744a14d638e25b4ee06f9bc,30,0,1
ethereum,0x90f1935f733dd8826dca2bd01ccfc600f20e978e,30,0,1
ethereum,0x911d86c72155c33993d594b0ec7e6206b4c803da,30,0,1
ethereum,0x91235900178f3ce970028fad5f1be25cd385a2e4,30,1,1
ethereum,0x916c5de09cf63f6602d1e1793fb41f6437814a62,30,0,1
ethereum,0x9205c049c231dda51bace0ba569f047e3e1e9979,30,0,1
ethereum,0x92098551e613dfdcd4d7c7b2c35615709e4e0397,4,0,1
ethereum,0x922e2708462c7a3d014d8344f7c4d92b27ecf332,30,0,1
ethereum,0x923b83c26b3809d960ff80332ed00aa46d7ed375,30,0,1
ethereum,0x925206b8a707096ed26ae47c84747fe0bb734f59,30,0,1
ethereum,0x925f2c11b99c1a4c46606898ee91ed3d450cfeda,30,0,1
ethereum,0x926cbe8eef374d68a1d08d25b78ba2b6690c6493,30,1,1
ethereum,0x927402ab67c0cda3c187e9dfe34554ac581441f2,30,0,1
ethereum,0x92cc36d66e9d739d50673d1f27929a371fb83a67,30,0,1
ethereum,0x92e187a03b6cd19cb6af293ba17f2745fd2357d5,30,0,1
ethereum,0x93581991f68dbae1ea105233b67f7fa0d6bdee7b,30,0,1
ethereum,0x9360c489056b64d5003bf22f4f31458e31cc8028,30,0,1
ethereum,0x9393fdc77090f31c7db989390d43f454b1a6e7f3,30,0,1
ethereum,0x93b1e78a3e652cd2e71c4a767595b77282344932,30,0,1
ethereum,0x93c9175e26f57d2888c7df8b470c9eea5c0b0a93,30,0,1
ethereum,0x93dfaf57d986b9ca77df9376c50878e013d9c7c8,30,0,1
ethereum,0x93e32efafd24973d45f363a76d73ccb9edf59986,30,0,1
ethereum,0x93ef1ea305d11a9b2a3ebb9bb4fcc34695292e7d,30,0,1
ethereum,0x94025780a1ab58868d9b2dbbb775f44b32e8e6e5,30,0,1
ethereum,0x9424fde68418b71ea1d3de95547ef67f4dc8f573,30,0,1
ethereum,0x946551dd05c5abd7cc808927480225ce36d8c475,30,0,1
ethereum,0x947aeb02304391f8fbe5b25d7d98d649b57b1788,30,0,1
ethereum,0x94804dc4948184ffd7355f62ccbb221c9765886f,30,0,1
ethereum,0x94d916873b22c9c1b53695f1c002f78537b9b3b2,30,0,1
ethereum,0x94e0bab2f6ab1f19f4750e42d7349f2740513ad5,30,0,1
ethereum,0x94e496474f1725f1c1824cb5bdb92d7691a4f03a,30,0,1
ethereum,0x94e9eb8b5ab9fd6b9ea3169d55ffade62a01702e,30,0,1
ethereum,0x94efe52d17983e6545180fa46d14f344372e180f,30,0,1
ethereum,0x94f31ac896c9823d81cf9c2c93feceed4923218f,30,0,1
ethereum,0x9532ca064278ce3ba4fcc66cebec6d9f04f58f70,30,0,1
ethereum,0x9559aaa82d9649c7a7b220e7c461d2e74c9a3593,30,0,1
ethereum,0x95640a134721475bc78594c8ea66c0182c7b9a50,30,0,1
ethereum,0x957891c11616d3e0b0a76a76fb42724c382e0ef3,30,0,1
ethereum,0x95da1e3eecae3771acb05c145a131dca45c67fd4,30,0,1
ethereum,0x95efd1fe6099f65a7ed524def487483221094947,30,0,1
ethereum,0x9609831bb1d77de5ea10e18c9c718cb6c37d4284,30,0,1
ethereum,0x96184d9c811ea0624fc30c80233b1d749b9e485b,30,0,1
ethereum,0x961d4921e1718e633bac8ded88c4a1cae44b785a,30,0,1
ethereum,0x965697b4ef02f0de01384d0d4f9f782b1670c163,30,0,1
ethereum,0x9657477ac915f56ca87c253db1320218ec2d5ddd,30,0,1
ethereum,0x965b85d4674f64422c4898c8f8083187f02b32c0,30,0,1
ethereum,0x965d79f1a1016b574a62986e13ca8ab04dfdd15c,30,0,1
ethereum,0x966e770030209c95f974f37edbde65d98e853354,30,0,1
ethereum,0x967b0c95295ead8faef70d26a7846aecd349aaff,30,0,1
ethereum,0x9681ee0d91e737c3b60aceba7fbdae61b5462f42,30,0,1
ethereum,0x968f6f898a6df937fc1859b323ac2f14643e3fed,30,0,1
ethereum,0x96c645d3d3706f793ef52c19bbace441900ed47d,30,0,1
ethereum,0x96e61422b6a9ba0e068b6c5add4ffabc6a4aae27,30,0,1
ethereum,0x96eafff5bedf18566b18fce71c2323b69c795623,30,0,1
ethereum,0x96f6ef951840721adbf46ac996b59e0235cb985c,30,0,1
ethereum,0x9778ac3d5a2f916aa9abf1eb85c207d990ca2655,30,0,1
ethereum,0x9779a8660ede78e8bd4dce716a7ab7001838a735,14,1,1
ethereum,0x977b6fc5de62598b08c85ac8cf2b745874e8b78c,30,0,1
ethereum,0x97abee33cd075c58bfdd174e0885e08e8f03556f,30,0,1
ethereum,0x97cb5cc1b2e10cc56dc16ab9179f06dfedbe41a2,30,0,1
ethereum,0x97d4f49eeb0e2c96d5ebaa71ab8418e563ecd9fd,30,0,1
ethereum,0x97de57ec338ab5d51557da3434828c5dbfada371,30,0,1
ethereum,0x97fe22e7341a0cd8db6f6c021a24dc8f4dad855f,30,0,1
ethereum,0x98585dfc8d9e7d48f0b1ae47ce33332cf4237d96,30,0,1
ethereum,0x9863bcc2fb23dfdf5fe275aa4c5575a32a580911,30,0,1
ethereum,0x98c23e9d8f34fefb1b7bd6a91b7ff122f4e16f5c,30,0,1
ethereum,0x98c36c0e953463bd5146c8783ce081ce1d187acf,30,0,1
ethereum,0x98ce7f261e425ad0ca667e60675938dcffc1571a,30,0,1
ethereum,0x99295f1141d58a99e939f7be6bbe734916a875b8,30,0,1
ethereum,0x992d339532a9c42f1b0e59a57e95f38da38c66f6,30,0,1
ethereum,0x995a6c0944322b7285d0712824acf0cf9bf3993a,30,0,1
ethereum,0x996dc5dfc819408dd98cd92c9a76f64b0738dc3d,30,0,1
ethereum,0x9994e35db50125e0df82e4c2dde62496ce330999,30,0,1
ethereum,0x99bb69ee1bbfc7706c3ebb79b21c5b698fe58ec0,2,0,1
ethereum,0x99cfb8cba9c821b4a343c6a1fc630465c9708df5,30,0,1
ethereum,0x99d36e97676a68313ffdc627fd6b56382a2a08b6,30,0,1
ethereum,0x9a0aba393aac4dfbff4333b06c407458002c6183,30,0,1
ethereum,0x9a0c8ff858d273f57072d714bca7411d717501d7,30,0,1
ethereum,0x9a0df129e798438a8ad995368bd82baa7eee8913,30,0,1
ethereum,0x9a2af0abb12bee5369b180976be01e8c80d0e7b6,30,0,1
ethereum,0x9a44fd41566876a39655f74971a3a6ea0a17a454,30,0,1
ethereum,0x9a96ec9b57fb64fbc60b423d1f4da7691bd35079,30,0,1
ethereum,0x9ac59862934ebc36072d4d8ada37c62373a13856,30,0,1
ethereum,0x9ad37205d608b8b219e6a2573f922094cec5c200,30,0,1
ethereum,0x9ad45e692350ba56e2583671c4bd76c5331a249e,30,0,1
ethereum,0x9ae380f0272e2162340a5bb646c354271c0f5cfc,30,0,1
ethereum,0x9aeb50f542050172359a0e1a25a9933bc8c01259,30,0,1
ethereum,0x9af5a20aac8d83230ba68542ba29d132d50cbe08,30,0,1
ethereum,0x9b00e6e8d787b13756eb919786c9745054db64f9,30,0,1
ethereum,0x9b06f3c5de42d4623d7a2bd940ec735103c68a76,30,0,1
ethereum,0x9b110fda4e20db18ad7052f8468a455de7449eb6,30,0,1
ethereum,0x9b2b931d6ab97b6a887b2c5d8529537e6fe73ebe,30,0,1
ethereum,0x9b4a69de6ca0defdd02c0c4ce6cb84de5202944e,30,0,1
ethereum,0x9b6b9d2468e165a02fef69e61b6d3d6cbc0ac409,30,0,1
ethereum,0x9b83f827928abdf18cf1f7e67053572b9bceff3a,30,0,1
ethereum,0x9b865edef736f10a4b84bf0d5abef417fa439953,30,1,1
ethereum,0x9ba021b0a9b958b5e75ce9f6dff97c7ee52cb3e6,30,0,1
ethereum,0x9bd2177027edee300dc9f1fb88f24db6e5e1edc6,30,0,1
ethereum,0x9be776559fed779cabd67042a7b8987aae592541,30,0,1
ethereum,0x9c2500cfd2f1de40255cee5ec8ada6466e1eddf1,30,0,1
ethereum,0x9c2dc0c3cc2badde84b0025cf4df1c5af288d835,30,0,1
ethereum,0x9c354503c38481a7a7a51629142963f98ecc12d0,30,0,1
ethereum,0x9c78ee466d6cb57a4d01fd887d2b5dfb2d46288f,30,0,1
ethereum,0x9cb1aeafcc8a9406632c5b084246ea72f62d37b6,30,0,1
ethereum,0x9cbb5bcf2848ae70c6950f4969092f691276a852,30,0,1
ethereum,0x9cc83d580180f0d37d00e5d86ce868f73b6e3d0a,30,0,1
ethereum,0x9ce07410673206c693bcec9b07710767637a564c,30,0,1
ethereum,0x9ce115f0341ae5dabc8b477b74e83db2018a6f42,30,0,1
ethereum,0x9ce5f9eed386944df1748d4cde4ccc70d29f148a,30,1,1
ethereum,0x9cf0ed013e67db12ca3af8e7506fe401aa14dad6,30,0,1
ethereum,0x9d1233cc46795e94029fda81aaadc1455d510f15,30,0,1
ethereum,0x9d39a5de30e57443bff2a8307a4256c8797a3497,30,0,1
ethereum,0x9d409a0a012cfba9b15f6d4b36ac57a46966ab9a,30,0,1
ethereum,0x9d5963ba32e877871dff3e2e697283dc64066271,30,0,1
ethereum,0x9d7b68970d2be6dc93124477b4e2e1c9a6b180aa,30,0,1
ethereum,0x9de7f7a6c0b00902983c6f0658e157a8a684cfd5,30,0,1
ethereum,0x9e18d5bab2fa94a6a95f509ecb38f8f68322abd3,30,0,1
ethereum,0x9e20461bc2c4c980f62f1b279d71734207a6a356,30,0,1
ethereum,0x9e24415d1e549ebc626a13a482bb117a2b43e9cf,30,0,1
ethereum,0x9e78b8274e1d6a76a0dbbf90418894df27cbceb5,30,0,1
ethereum,0x9ea3b5b4ec044b70375236a281986106457b20ef,30,0,1
ethereum,0x9ea463ec4ce9e9e5bc9cfd0187c4ac3a70dd951d,30,0,1
ethereum,0x9ee8c380e1926730ad89e91665ff27063b13c90a,30,0,1
ethereum,0x9ee91f9f426fa633d227f7a9b000e28b9dfd8599,30,0,1
ethereum,0x9f7fc686cfd64aa5ae15b351d03071e91533094b,30,0,1
ethereum,0x9f90b457dea25ef802e38d470dda7343691d8fe1,30,0,1
ethereum,0x9f9913853f749b3fe6d6d4e16a1cc3c1656b6d51,30,0,1
ethereum,0x9fc8f0ca1668e87294941b7f627e9c15ea06b459,30,0,1
ethereum,0xa01199c61841fce3b3dafb83fefc1899715c8756,30,0,1
ethereum,0xa067237f8016d5e3770cf08b20e343ab9ee813d5,30,0,1
ethereum,0xa06bc25b5805d5f8d82847d191cb4af5a3e873e0,30,0,1
ethereum,0xa0b93b9e90ab887e53f9fb8728c009746e989b53,30,0,1
ethereum,0xa0bed124a09ac2bd941b10349d8d224fe3c955eb,30,0,1
ethereum,0xa0d3707c569ff8c87fa923d3823ec5d81c98be78,30,0,1
ethereum,0xa0d69e286b938e21cbf7e51d71f6a4c8918f482f,30,0,1
ethereum,0xa0dd6dd7775e93eb842db0aa142c9c581031ed3b,30,0,1
ethereum,0xa0e7626287bd02cbe3531c65148261bf0c0ed98b,30,0,1
ethereum,0xa0f0546eb5e3ee7e8cfc5da12e5949f3ae622675,30,0,1
ethereum,0xa1116930326d21fb917d5a27f1e9943a9595fb47,30,0,1
ethereum,0xa11bd36801d8fa4448f0ac4ea7a62e3634ce8c7c,30,0,1
ethereum,0xa12ca1b75ad1c73ca610d9788d4d7dcb5caee012,30,0,1
ethereum,0xa130e3a33a4d84b04c3918c4e5762223ae252f80,30,0,1
ethereum,0xa150db9b1fa65b44799d4dd949d922c0a33ee606,30,0,1
ethereum,0xa16a609ff4e1a15b6ccb469e7a5dd14e89305283,30,0,1
ethereum,0xa1a4e303e9c56962f201c5e834abc1e677a3c4f3,30,0,1
ethereum,0xa1a52e35bf516edbd166d9a1b0097cbf11483a5d,30,0,1
ethereum,0xa1d65e8fb6e87b60feccbc582f7f97804b725521,30,0,1
ethereum,0xa1f410f13b6007fca76833ee7eb58478d47bc5ef,30,0,1
ethereum,0xa1f82e14bc09a1b42710df1a8a999b62f294e592,30,0,1
ethereum,0xa203eb78fee91c8459c6d4ef3a899d8724ee5b35,30,0,1
ethereum,0xa2085073878152ac3090ea13d1e41bd69e60dc99,30,0,1
ethereum,0xa2120b9e674d3fc3875f415a7df52e382f141225,30,0,1
ethereum,0xa227d3ada18b1f2c6b521562e977afed41167658,30,1,1
ethereum,0xa23c1194d421f252b4e6d5edcc3205f7650a4ebe,30,0,1
ethereum,0xa2791bdf2d5055cda4d46ec17f9f429568275047,30,0,1
ethereum,0xa2847348b58ced0ca58d23c7e9106a49f1427df6,30,0,1
ethereum,0xa2881f7f441267042f9778ffa0d4f834693426be,30,0,1
ethereum,0xa2c2c937333165d4c5f2dc5f31a43e1239fecfeb,30,0,1
ethereum,0xa2c3a0dc05bfa9bc957732590143252d45df30e2,30,0,1
ethereum,0xa2e3356610840701bdf5611a53974510ae27e2e1,30,0,1
ethereum,0xa2fe5e51729be71261bcf42854012827bc44c044,30,0,1
ethereum,0xa338b5a4bbd8053994bb6c55d770fc2447d66b88,30,0,1
ethereum,0xa350da05405cc204e551c4eed19c3039646528d5,30,0,1
ethereum,0xa354f35829ae975e850e23e9615b11da1b3dc4de,30,0,1
ethereum,0xa3a95fd17fc0ea756872d837e40d3c08aa1958a8,30,1,1
ethereum,0xa3ad8c7ab6b731045b5b16e3fdf77975c71abe79,30,0,1
ethereum,0xa3c56427683a19f7574b9fc219cfd27d5d6e87fa,30,0,1
ethereum,0xa3d4bee77b05d4a0c943877558ce21a763c4fa29,30,0,1
ethereum,0xa41161af8d4ee421ba5fed4328f2b12034796a21,30,0,1
ethereum,0xa41f142b6eb2b164f8164cae0716892ce02f311f,30,0,1
ethereum,0xa420dd089a33d3751e8750f0b3554c72761dc83e,30,0,1
ethereum,0xa444ec96ee01bb219a44b285de47bf33c3447ad5,30,0,1
ethereum,0xa487bf43cf3b10dffc97a9a744cbb7036965d3b9,30,0,1
ethereum,0xa499648fd0e80fd911972bbeb069e4c20e68bf22,30,0,1
ethereum,0xa4bbe66f151b22b167127c770016b15ff97dd35c,30,0,1
ethereum,0xa4eb9c64ec359d093eac7b65f51ef933d6e5f7cd,30,0,1
ethereum,0xa4ffdf3208f46898ce063e25c1c43056fa754739,30,0,1
ethereum,0xa589d8868607b8d79ee4288ce192796051263b64,30,0,1
ethereum,0xa58a4f5c4bb043d2cc1e170613b74e767c94189b,30,0,1
ethereum,0xa5b947687163fe88c3e6af5b17ae69896f4abccf,30,0,1
ethereum,0xa5e262ec733051b14b38901901a82f2684637e78,30,0,1
ethereum,0xa5fd0e8991be631917d2d2b2d5dacfd7bfef7876,30,0,1
ethereum,0xa6422e3e219ee6d4c1b18895275fe43556fd50ed,30,0,1
ethereum,0xa663b02cf0a4b149d2ad41910cb81e23e1c41c32,30,0,1
ethereum,0xa67e9f021b9d208f7e3365b2a155e3c55b27de71,30,0,1
ethereum,0xa685406eff334b1368318d0325fc2cdc0e7086f1,30,0,1
ethereum,0xa685a61171bb30d4072b338c80cb7b2c865c873e,30,0,1
ethereum,0xa696a63cc78dffa1a63e9e50587c197387ff6c7e,30,0,1
ethereum,0xa6c0c097741d55ecd9a3a7def3a8253fd022ceb9,30,0,1
ethereum,0xa6fb1df483b24eeab569e19447e0e107003b9e15,30,0,1
ethereum,0xa700b4eb416be35b2911fd5dee80678ff64ff6c9,30,0,1
ethereum,0xa791dbc054ece11bf241ecb8602a4dd9bfe7710c,30,0,1
ethereum,0xa7a5c1058194af8f00c187adb7fcc0c95f1c6c2d,30,0,1
ethereum,0xa7df4a42eac0670cc6cef002522dc69af3b145b1,9,0,1
ethereum,0xa8258dee2a677874a48f5320670a869d74f0cbc1,30,0,1
ethereum,0xa876f27f13a9eb6e621202cefdd5afc4a90e6457,30,0,1
ethereum,0xa88842ae47dbe87116cf7001dddd1b246fcd8262,30,0,1
ethereum,0xa9049425b938c46ac3e312d4cdaeccb26282aeb2,30,0,1
ethereum,0xa918897bd10d6dee614470c24a061b78b021b3a9,30,0,1
ethereum,0xa91ac63d040deb1b7a5e4d4134ad23eb0ba07e14,30,0,1
ethereum,0xa9299c296d7830a99414d1e5546f5171fa01e9c8,30,0,1
ethereum,0xa92cdf011c895780733b2a6a6e15c4c1ed836148,30,0,1
ethereum,0xa92e7c82b11d10716ab534051b271d2f6aef7df5,30,0,1
ethereum,0xa95c5ebb86e0de73b4fb8c47a45b792cfea28c23,30,0,1
ethereum,0xa9d54f37ebb99f83b603cc95fc1a5f3907aaccfd,30,0,1
ethereum,0xa9fbcc25435ad713a9468d8c89dd7baae8914e3a,30,0,1
ethereum,0xaa07810ae08575921c476ff088bc949da43e4964,30,0,1
ethereum,0xaa0c3f5f7dfd688c6e646f66cd2a6b66acdbe434,30,0,1
ethereum,0xaa2ce7ae64066175e0b90497ce7d9c190c315db4,30,0,1
ethereum,0xaa4e3edb11afa93c41db59842b29de64b72e355b,30,0,1
ethereum,0xaa602de53347579f86b996d2add74bb6f79462b2,30,0,1
ethereum,0xaa68ca9c69a4ff22203ce189ce4448d7401875e8,30,0,1
ethereum,0xaa99199d1e9644b588796f3215089878440d58e0,30,0,1
ethereum,0xaaa9214f675316182eaa21c85f0ca99160cc3aaa,30,0,1
ethereum,0xaaaaaaaba2ea3daab0a6c05f1b962c78c9836d99,30,0,1
ethereum,0xaaca86b876ca011844b5798eca7a67591a9743c8,30,0,1
ethereum,0xaafec8e08d524d534327fa13fb306f440b5f88eb,30,0,1
ethereum,0xab05cf7c6c3a288cd36326e4f7b8600e7268e344,30,0,1
ethereum,0xab14f1262ea8d910756828cbe08e6cedfb66360d,30,0,1
ethereum,0xab2a7b5876d707e0126b3a75ef7781c77c8877ee,30,0,1
ethereum,0xab5d6508e4726141d29c6074ab366afa03f4ec8d,30,0,1
ethereum,0xab846fb6c81370327e784ae7cbb6d6a6af6ff4bf,30,0,1
ethereum,0xaba0cb70358d404be982513e4856acf7020205e8,30,0,1
ethereum,0xabc430136a4de71c9998242de8c1b4b97d2b9045,30,0,1
ethereum,0xabec00542d141bddf58649bfe860c6449807237c,30,0,1
ethereum,0xac042d9284df95cc6bd35982f6a61e3e7a6f875b,30,0,1
ethereum,0xac0968a3e2020ac8ca83e60ccf69081ebc6d3bc3,30,0,1
ethereum,0xac12e8f6b0c17d7b736a800920b336d764b59973,30,0,1
ethereum,0xac440d0ee23fa69632aa731322c2a480dd1376e4,30,0,1
ethereum,0xac5b038058bcd0424c9c252c6487c25f032e5ddc,30,0,1
ethereum,0xac8e742a84f7619ecfd332e6721c5af65927716f,30,0,1
ethereum,0xac8ed2cda5c82085196e30c5fd4d994fb977f694,30,0,1
ethereum,0xaca55d5a5f58e29bd1e00e4b1bdeda62d2ecf33f,30,0,1
ethereum,0xaccfac2339e16dc80c50d2fa81b5c2b049b4f947,30,0,1
ethereum,0xacd43e627e64355f1861cec6d3a6688b31a6f952,30,0,1
ethereum,0xaceb230c0b87fd5d139f97a8259887476a950518,1,0,1
ethereum,0xacf8d5e515ed005655dfefa09c22673a37a7cdee,30,0,1
ethereum,0xad038eb671c44b853887a7e32528fab35dc5d710,30,0,1
ethereum,0xad13ed877ae40e7036c0e02ee9d7b8681c0ba95f,30,0,1
ethereum,0xad7bec56506d181f994ec380b1ba34fb3fbfbad3,30,0,1
ethereum,0xad8f047d9b742565bb9e10c7655bd3ee9c1eab75,30,0,1
ethereum,0xadb2437e6f65682b85f814fbc12fec0508a7b1d0,30,0,1
ethereum,0xadf86e75d8f0f57e0288d0970e7407eaa49b3cab,30,0,1
ethereum,0xae12c5930881c53715b369cec7606b70d8eb229f,30,0,1
ethereum,0xae36155a55f04a696b8362777620027882b31db5,30,0,1
ethereum,0xae4533189c7281501f04ba4b7c37e3aded402902,30,0,1
ethereum,0xae6e307c3fe9e922e5674dbd7f830ed49c014c6b,30,0,1
ethereum,0xae788f80f2756a86aa2f410c651f2af83639b95b,30,0,1
ethereum,0xaea17c97311061504f3d58026decf0fb7320afc9,30,0,1
ethereum,0xaebbd7b2eb03f84126f6849753b809755d7532f9,30,0,1
ethereum,0xaec65404ddc3af3c897ad89571d5772c1a695f22,30,0,1
ethereum,0xaedf386b755465871ff874e3e37af5976e247064,30,0,1
ethereum,0xaef420fd77477d9dc8b46d704d44dd09d6c27866,30,0,1
ethereum,0xaef4f02e31cdbf007f8d98da4ae365188a0e9ecc,30,0,1
ethereum,0xaf1eeb83c364ad9ffeb5f97f223c1705d4810033,30,0,1
ethereum,0xaf2ca40d3fc4459436d11b94d21fa4b8a89fb51d,30,0,1
ethereum,0xaf69d0518d341af4961b5fcfdb86a3e3453f1dc5,30,0,1
ethereum,0xaf6a1125d4cc55a4110dc63cd2ff6e005afb8676,30,0,1
ethereum,0xaf6aca2769be86b9910165bff78fea643c086c61,20,0,1
ethereum,0xafcdd4f666c84fed1d8bd825aa762e3714f652c9,30,0,1
ethereum,0xb012be90957d70d9a070918027655f998c123a88,30,0,1
ethereum,0xb045f7f363fe4949954811b113bd56d208c67b23,30,0,1
ethereum,0xb076bda1abc154ddb4ccd9be45542a823aee290e,30,0,1
ethereum,0xb097dd6a23175c10eaa45a1f410d7eb4cfdafc8a,30,0,1
ethereum,0xb0dfd28d3cf7a5897c694904ace292539242f858,30,0,1
ethereum,0xb0ed33f79d89541dfdcb04a8f04bc2c6be025ecc,30,0,1
ethereum,0xb0f92f94d02a4d634fd394c1889fe3cab1fcffc7,30,0,1
ethereum,0xb10cb07ca2cdac77fbb5707f6690301f9d036f45,30,0,1
ethereum,0xb113c6cf239f60d380359b762e95c13817275277,30,0,1
ethereum,0xb13b85363a25c7361877eebaecced99e353f2af9,30,0,1
ethereum,0xb140a429c342083e97daf42d5d82634bd7ade7d4,30,0,1
ethereum,0xb14ebf566511b9e6002bb286016ab2497b9b9c9d,30,0,1
ethereum,0xb17c88bda07d28b3838e0c1de6a30eafbcf52d85,30,0,1
ethereum,0xb197a6fdd8ab825332edeba1ab5c4d1bf97fb9a8,30,0,1
ethereum,0xb1abd7aba7d99bbefb33d1dfc66b0dd522335350,30,0,1
ethereum,0xb1d5a03d2ff72f7f226372c4b2fa7b50cd9d7910,30,0,1
ethereum,0xb1f1ee126e9c96231cc3d3fad7c08b4cf873b1f1,30,0,1
ethereum,0xb1f1f47061a7be15c69f378cb3f69423bd58f2f8,30,0,1
ethereum,0xb2021671e5a8c8695e017ebbab41999c3dccfc7a,30,0,1
ethereum,0xb2492e97a68a6e4b9e9a11b99f6c42e5accd38c7,30,0,1
ethereum,0xb26631c6dda06ad89b93c71400d25692de89c068,30,0,1
ethereum,0xb26c4b3ca601136daf98593feaeff9e0ca702a8d,30,0,1
ethereum,0xb274151f44d74c05e80c2d35f78d5430ce9a8f3b,30,0,1
ethereum,0xb2dbf14d0b47ed3ba02bdb7c954e05a72deb7544,30,0,1
ethereum,0xb2fd1e0478dbf61772996bcce8a2f1151eeeda37,30,0,1
ethereum,0xb30ff8473d3c25554a44213f7c0715085e35d0a0,30,0,1
ethereum,0xb31ef9e52d94d4120eb44fe1ddfde5b4654a6515,30,0,1
ethereum,0xb359f0a97ca269ae5574dc75be48b0e81efd1da2,30,0,1
ethereum,0xb3cc3d7e656893f22d2372b0ae57106f6b155cbe,30,0,1
ethereum,0xb3f37491858dc4d7330e863f954d6bda1bccd7db,30,1,1
ethereum,0xb4039240e71535100be947116c778d5d98bd9f62,30,0,1
ethereum,0xb4058411967d5046f3510943103805be61f0600e,30,0,1
ethereum,0xb4272071ecadd69d933adcd19ca99fe80664fc08,30,0,1
ethereum,0xb435a47ecea7f5366b2520e45b9bed7e01d2ffae,30,0,1
ethereum,0xb44377b74ef1773639b663d0754cb8410a847d02,30,0,1
ethereum,0xb44a59d72cb84a2f29cd1836734208e1860798fd,30,0,1
ethereum,0xb44b653f147569d88a684cbf6549e1968e8b2a1d,30,0,1
ethereum,0xb459f7204a8ac84f9e7758d6d839ebd01670e35c,30,0,1
ethereum,0xb475332d25d34b59176f5c1d94cb9bc9b5e3954a,30,0,1
ethereum,0xb49fa25978abf9a248b8212ab4b87277682301c0,30,0,1
ethereum,0xb551b43af192965f74e3dfaa476c890b403cad95,30,0,1
ethereum,0xb56a1f3310578f23120182fb2e58c087efe6e147,30,0,1
ethereum,0xb5b1b659da79a2507c27aad509f15b4874edc0cc,30,0,1
ethereum,0xb5c578947de0fd71303f71f2c3d41767438bd0de,30,0,1
ethereum,0xb5fe6946836d687848b5abd42dabf531d5819632,30,0,1
ethereum,0xb62e24b747eaa41454857cf6011832117df59cb8,30,0,1
ethereum,0xb647a1d7633c6c4d434e22ee9756b36f2b219525,30,0,1
ethereum,0xb6ff96b8a8d214544ca0dbc9b33f7ad6503efd32,30,0,1
ethereum,0xb73758fe1dc58ac2a255a2950a3fdd84da656b84,30,0,1
ethereum,0xb755506531786c8ac63b756bab1ac387bacb0c04,30,0,1
ethereum,0xb76cf92076adbf1d9c39294fa8e7a67579fde357,30,0,1
ethereum,0xb78b3320493a4efaa1028130c5ba26f0b6085ef8,30,0,1
ethereum,0xb7b1570e26315baad369b8ea0a943b7f140db9eb,30,0,1
ethereum,0xb7bda6a89e724f63572ce68fddc1a6d1d5d24bcf,30,0,1
ethereum,0xb8366948b4a3f07bcbf14eb1739daa42a26b07c4,30,0,1
ethereum,0xb870679a7fa65b924026f496de7f27c1dd0e5c5f,30,0,1
ethereum,0xb87511364014c088e30f872efc4a00d7efb843ac,30,0,1
ethereum,0xb88b337c153e82c864dcbc823b4450854e97c064,30,1,1
ethereum,0xb8b295df2cd735b15be5eb419517aa626fc43cd5,30,0,1
ethereum,0xb8cb60d07056d54df518785de9600bd4e6b2b53b,30,0,1
ethereum,0xb8e08dda1a886013f8526f0b76584d27e6527bf7,30,0,1
ethereum,0xb945e3f853b5f8033c8513cf3ce9f8ad9bebb1c9,30,0,1
ethereum,0xb954562066c71b3e6e7b2ac330b03c74c0dcd5ae,30,1,1
ethereum,0xb970e14df2161c0a2f32eba35901f2446581b482,30,0,1
ethereum,0xb9d27bc093ed0a3b7c18366266704cfe5e7af77b,30,0,1
ethereum,0xb9d7cb55f463405cdfbe4e90a6d2df01c2b92bf1,30,0,1
ethereum,0xb9d7dddca9a4ac480991865efef82e01273f79c3,30,0,1
ethereum,0xb9d99c33ea2d86ec5ec6b8a4dd816ebba64404af,30,0,1
ethereum,0xba25b2281214300e4e649fead9a6d6acd25f1c0a,30,0,1
ethereum,0xba358b6f5b4c0215650444b8c30d870b55050d2d,30,0,1
ethereum,0xba41ddf06b7ffd89d1267b5a93bfef2424eb2003,30,0,1
ethereum,0xba485b556399123261a5f9c95d413b4f93107407,30,0,1
ethereum,0xba6b0dbb2ba8daa8f5d6817946393aef8d3a4487,30,0,1
ethereum,0xba745513acebcbb977497c569d4f7d340f2a936b,30,0,1
ethereum,0xba8a621b4a54e61c442f5ec623687e2a942225ef,30,0,1
ethereum,0xbace7e22f06554339911a03b8e0ae28203da9598,30,0,1
ethereum,0xbb19da2482308ec02a242aced4fe0f09d06b12a7,30,0,1
ethereum,0xbb1ee07d6c7baeb702949904080eb61f5d5e7732,30,0,1
ethereum,0xbb3a8fd6ec4bf0fdc6cd2739b1e41192d12b1873,30,0,1
ethereum,0xbb63e6be33bc5b5386d7ab0529dc6c400f2ac2ec,30,0,1
ethereum,0xbba39fd2935d5769116ce38d46a71bde9cf03099,30,0,1
ethereum,0xbbaec992fc2d637151daf40451f160bf85f3c8c1,30,0,1
ethereum,0xbbbbbbb5aa847a2003fbc6b5c16df0bd1e725f61,30,0,1
ethereum,0xbbbbbbbb46a1da0f0c3f64522c275baa4c332636,11,0,1
ethereum,0xbbd900e05b4af2124390d206f70bc4e583b1be85,30,0,1
ethereum,0xbbfdc476c8178f628512042dd9453e15395d3208,30,0,1
ethereum,0xbc19712feb3a26080ebf6f2f7849b417fdd792ca,30,0,1
ethereum,0xbc544207ff1c5b2bc47a35f745010b603b97e99e,30,0,1
ethereum,0xbc6da0fe9ad5f3b0d58160288917aa56653660e9,30,0,1
ethereum,0xbcc66ed2ab491e9ae7bf8386541fb17421fa9d35,30,0,1
ethereum,0xbcd4d5ac29e06e4973a1ddcd782cd035d04bc0b7,30,0,1
ethereum,0xbd100d061e120b2c67a24453cf6368e63f1be056,30,0,1
ethereum,0xbd1848e1491d4308ad18287a745dd4db2a4bd55b,30,0,1
ethereum,0xbd713f15673b9861b6123840f6e0eba03d6aae51,30,0,1
ethereum,0xbd7e92cf6f857be8541fca6abfb72aef8e16c307,30,0,1
ethereum,0xbd8fdda057de7e0162b7a386bec253844b5e07a5,30,0,1
ethereum,0xbdab72602e9ad40fc6a6852caf43258113b8f7a5,30,0,1
ethereum,0xbddc20ed7978b7d59ef190962f441cd18c14e19f,30,0,1
ethereum,0xbddf903f43dc7d9801f3f0034ba306169074ef8e,30,0,1
ethereum,0xbe1a001fe942f96eea22ba08783140b9dcc09d28,30,0,1
ethereum,0xbe9f4f6c8dadb2ac61f31eb1f5171e27d8552df7,30,0,1
ethereum,0xbea0000029ad1c77d3d5d23ba2d8893db9d1efab,30,0,1
ethereum,0xbea0e11282e2bb5893bece110cf199501e872bad,30,0,1
ethereum,0xbea98c05eeae2f3bc8c3565db7551eb738c8ccab,30,0,1
ethereum,0xbeab712832112bd7664226db7cd025b153d3af55,30,0,1
ethereum,0xbec252e41ce0dc961e122376a9a9b031cacab7c5,30,1,1
ethereum,0xbede0b8b6141856ea0d311f3b8908c91b30e1ca6,30,1,1
ethereum,0xbede1f59fa4412556fef69f1b9969f2003e3f8c1,30,0,1
ethereum,0xbee9cf658702527b0acb2719c1faa29edc006a92,30,0,1
ethereum,0xbeef8e0982874e0292e6c5751c5a4092b3e1beef,30,0,1
ethereum,0xbef26bd568e421d6708cca55ad6e35f8bfa0c406,4,0,1
ethereum,0xbf0b8b7475edb32d103001efd19fdd2753d7b76d,30,0,1
ethereum,0xbf46b218fa7b5c23c686251406a374cdfe508bac,14,1,1
ethereum,0xbf494f02ee3fde1f20bee6242bce2d1ed0c15e47,30,0,1
ethereum,0xbf4a9a37ecfc21825011285222c36ab35de51f14,30,0,1
ethereum,0xbfa9f58a6aacf2197ce1c735acb0cf3539fad27d,30,1,1
ethereum,0xbfb2b6870501a6ff17121d676a0a45a38c9eed1e,30,0,1
ethereum,0xbff28c0b8c3df7b89e71743e835a7be2c98599f6,30,0,1
ethereum,0xc0200b1c6598a996a339196259ffdc30c1f44339,30,0,1
ethereum,0xc03fbf20a586fa89c2a5f6f941458e1fbc40c661,30,0,1
ethereum,0xc076ac8a2afbbf69b0b1142c99d0b66170acee98,30,1,1
ethereum,0xc07a150ecadf2cc352f5586396e344a6b17625eb,30,0,1
ethereum,0xc0b314a8c08637685fc3dafc477b92028c540cfb,30,0,1
ethereum,0xc0b68eb52c89e3fffa62d78012ac8b661bfaa323,30,0,1
ethereum,0xc106b98c4d0b3f1c92da0e9a6089e9c63ceacbb0,30,0,1
ethereum,0xc10b6f220b38271bbd6e6f1659652b4f6acf2c20,30,1,1
ethereum,0xc11b1268c1a384e55c48c2391d8d480264a3a7f4,30,0,1
ethereum,0xc12d3ee1744a733d95ea7beded98e3f156a29e2e,30,0,1
ethereum,0xc14b4d4ca66f40f352d7a50fd230ef8b2fb3b8d4,30,0,1
ethereum,0xc1534fe936be00369c7a827a6e731a233bd0ed34,30,0,1
ethereum,0xc17c30e98541188614df99239cabd40280810ca3,30,0,1
ethereum,0xc19b6a4ac7c7cc24459f08984bbd09664af17bd1,30,0,1
ethereum,0xc1abb8c93be6811affc70675b0432926c4bfbb5d,30,0,1
ethereum,0xc1d9b5a0776d7c8b98b8a838e5a0dd1bc5fdd53c,30,0,1
ethereum,0xc1fa06e8596c3fa98ccd2113c38b6b60b6efa00d,30,0,1
ethereum,0xc2099171aebddaa05418a4fbf4f79e3a9a3a4297,30,0,1
ethereum,0xc22b30e4cce6b78aaaadae91e44e73593929a3e9,30,0,1
ethereum,0xc237868a9c5729bdf3173dddacaa336a0a5bb6e0,30,0,1
ethereum,0xc2544a32872a91f4a553b404c6950e89de901fdb,30,0,1
ethereum,0xc28e931814725bbeb9e670676fabbcb694fe7df2,30,0,1
ethereum,0xc2a81eb482cb4677136d8812cc6db6e0cb580883,30,0,1
ethereum,0xc2bc2320d22d47d1e197e99d4a5dd3261ccf4a68,30,0,1
ethereum,0xc2cb1040220768554cf699b0d863a3cd4324ce32,30,0,1
ethereum,0xc314b0e758d5ff74f63e307a86ebfe183c95767b,30,0,1
ethereum,0xc32db1d3282e872d98f6437d3bcfa57801ca6d5c,30,0,1
ethereum,0xc353bf07405304aeab75f4c2fac7e88d6a68f98e,30,0,1
ethereum,0xc36ad98e62598ae24d4487d8012209f687c30d45,30,0,1
ethereum,0xc38261846c42c1e1d59e04da675eb1974e9ce7b1,11,0,1
ethereum,0xc382e04099a435439725bb40647e2b32dc136806,30,0,1
ethereum,0xc3d088842dcf02c13699f936bb83dfbbc6f721ab,30,0,1
ethereum,0xc3d688b66703497daa19211eedff47f25384cdc3,30,0,1
ethereum,0xc3e8abfa04b0ec442c2a4d65699a40f7fced8055,30,0,1
ethereum,0xc47b0443f8608943c596168504bb6d4a062e0edc,30,0,1
ethereum,0xc4c7ea4fab34bd9fb9a5e1b1a98df76e26e6407c,30,0,1
ethereum,0xc4e30d504fe3b18423d82a34e7ebe529a56f89c2,30,0,1
ethereum,0xc4e8a9d47000ab8e59c7031e311762c68215e467,30,0,1
ethereum,0xc4ee0aa2d993ca7c9263ecfa26c6f7e13009d2b6,30,0,1
ethereum,0xc4f6e93aeddc11dc22268488465babcaf09399ac,30,0,1
ethereum,0xc5170dd7386247cdb8c48545c803f5d0e3347022,30,0,1
ethereum,0xc5190e7fec4d97a3a3b1ab42dfedac608e2d0793,30,0,1
ethereum,0xc54ff26fd5564ff46b14d9825a2259a0d53bf7d9,30,0,1
ethereum,0xc5578194d457dcce3f272538d1ad52c68d1ce849,30,0,1
ethereum,0xc55c2175e90a46602fd42e931f62b3acc1a013ca,30,0,1
ethereum,0xc564f3751e0d1e760ef0776af3157a631b06ee3a,30,0,1
ethereum,0xc57d533c50bc22247d49a368880fb49a1caa39f7,30,0,1
ethereum,0xc57f1d079c862b70aa12faab19293f827187aaf6,30,0,1
ethereum,0xc581b735a1688071a1746c968e0798d642ede491,30,0,1
ethereum,0xc5922505c27ab3704a5f954ef297a88e9cf35352,30,1,1
ethereum,0xc5946f2a2b061f4ff8e49d63f0ea60d9fb4fc896,30,1,1
ethereum,0xc5b3da6fb2d6977e521097dc3b71e2b3638290fb,30,0,1
ethereum,0xc5bddf9843308380375a611c18b50fb9341f502a,30,0,1
ethereum,0xc5f0f7b66764f6ec8c8dff7ba683102295e16409,30,0,1
ethereum,0xc691bc298a304d591ad9b352c7a8d216de9f2ced,30,0,1
ethereum,0xc6bdb96e29c38dc43f014eed44de4106a6a8eb5f,30,0,1
ethereum,0xc6d1f1d5a46de07e73091f1c8793293b203f01a1,30,0,1
ethereum,0xc7555f6410e983c867748879b2f6d2b0b0e100fd,30,0,1
ethereum,0xc7b4c17861357b8abb91f25581e7263e08dcb59c,30,0,1
ethereum,0xc7d9c108d4e1dd1484d3e2568d7f74bfd763d356,30,0,1
ethereum,0xc813ea5e3b48bebeedb796ab42a30c5599b01740,30,0,1
ethereum,0xc8168d5665f4418353728ac970713e09c0b7c20e,30,0,1
ethereum,0xc87cee866ebdfc4f0e07e80157f0f4cbb7ad329e,30,0,1
ethereum,0xc8c97d9b0af219c2329a0179f6ab8c7a55b39fc1,30,0,1
ethereum,0xc9393609a47f5744ce98369208b9dc66224e6b5d,30,0,1
ethereum,0xc98a910ede52e7d5308525845f19e17470dbccf7,30,0,1
ethereum,0xc99156c34260ae579c9eaf63f0e88fd47af064b9,30,0,1
ethereum,0xc9becdbc62efb867cb52222b34c187fb170379c6,30,0,1
ethereum,0xc9c32cd16bf7efb85ff14e0c8603cc90f6f2ee49,30,0,1
ethereum,0xc9eb61ffb66d5815d643bbb8195e17c49687ae1e,30,0,1
ethereum,0xc9f00080d96cea3ef92d2e2e563d4cd41fb5bb36,30,0,1
ethereum,0xc9fe6e1c76210be83dc1b5b20ec7fd010b0b1d15,30,0,1
ethereum,0xca1262e77fb25c0a4112cfc9bad3ff54f617f2e6,30,0,1
ethereum,0xca14007eff0db1f8135f4c25b34de49ab0d42766,30,0,1
ethereum,0xca5b0ae1d104030a9b8f879523508efd86c14483,30,0,1
ethereum,0xca75c43f8c9afd356c585ce7aa4490b48a95c466,30,0,1
ethereum,0xca9b78435be8267922e7ac5cde70401e7502c9cc,30,0,1
ethereum,0xcaa79bf8b1d00bf3d4f6dbec6221955871c04618,30,0,1
ethereum,0xcaabcaa4ca42e1d86de1a201c818639def0ba7a7,30,0,1
ethereum,0xcacc19c5ca77e06d6578decac80408cc036e0499,30,0,1
ethereum,0xcadc0acd4b445166f12d2c07eac6e2544fbe2eef,30,0,1
ethereum,0xcafe34bae6f1b23a6b575303edcc0578d2188131,30,0,1
ethereum,0xcb0d82f4dfa503c9e3b8abc7a3caa01175b2da39,30,0,1
ethereum,0xcb129aa11ceaa00da1a92d12e26bb776ef3c3628,30,0,1
ethereum,0xcb4336d9aa2027f563437b721b34c56a3e7a23f4,30,0,1
ethereum,0xcb547759b40dff8214ed8575017e0c57772bf3a8,30,1,1
ethereum,0xcb56b52316041a62b6b5d0583dce4a8ae7a3c629,30,0,1
ethereum,0xcb781689de60d5c48037065a2cf5f837805ff133,30,0,1
ethereum,0xcb86c6a22cb56b6cf40cafedb06ba0df188a416e,30,0,1
ethereum,0xcb8d1260f9c92a3a545d409466280ffdd7af7042,30,0,1
ethereum,0xcb8fb2438a805664cd8c3e640b85ac473da5be87,30,0,1
ethereum,0xcb9f85730f57732fc899fb158164b9ed60c77d49,30,0,1
ethereum,0xcba78d126f0b1feda0c538bcaf4c852a7a171099,30,0,1
ethereum,0xcbb40829386575806dc59bf17fd38b01911779d8,30,1,1
ethereum,0xcbc72d92b2dc8187414f6734718563898740c0bc,30,0,1
ethereum,0xcc8e21f599995d1c8367054841b8af5024ddf01b,30,0,1
ethereum,0xcc9ee9483f662091a1de4795249e24ac0ac2630f,30,0,1
ethereum,0xcccd1ba9f7acd6117834e0d28f25645decb1736a,30,0,1
ethereum,0xccdb064a41afcd432bcea6f6d0d1e7c371d0b002,30,0,1
ethereum,0xccdecab4980afce6ff8850d002caee4acb2f70e6,30,1,1
ethereum,0xccf139bc237a4ef4b33831540a42db6f24ea162b,25,1,1
ethereum,0xcd17fa52528f37facb3028688e62ec82d9417581,30,0,1
ethereum,0xcd24ba0e3364233ee9301c1d608a14753c8739c5,30,0,1
ethereum,0xcd2828fc4d8e8a0ede91bb38cf64b1a81de65bf6,30,0,1
ethereum,0xcd5fe23c85820f7b72d0926fc9b05b43e359b7ee,30,0,1
ethereum,0xcd6926193308d3b371fdd6a6219067e550000000,30,0,1
ethereum,0xcda4e840411c00a614ad9205caec807c7458a0e3,30,0,1
ethereum,0xcdb37a4fbc2da5b78aa4e41a432792f9533e85cc,30,0,1
ethereum,0xcdb9d30a3ba48cdfcb0ecbe19317e6cf783672f1,30,0,1
ethereum,0xcdca1b81dbb543baa92c97b701396cd3ba315e5d,30,0,1
ethereum,0xcdd981ef3330e159029e6e226dbd73d99f868f4d,30,0,1
ethereum,0xce13abce0db5a8224616ef24d3979d466f19cf90,30,0,1
ethereum,0xce246eea10988c495b4a90a905ee9237a0f91543,30,0,1
ethereum,0xcf03425b54e58bfe24b2dea2c555f8ee5562fd97,30,0,1
ethereum,0xcf4c68db4c2fa0bf58df07b14f45ce7709a716ac,30,0,1
ethereum,0xcf9560b9e952b195d408be966e4f6cf4ab8206e5,30,0,1
ethereum,0xcf9c692f7e62af3c571d4173fd4abf9a3e5330d0,30,0,1
ethereum,0xcfa0885131f602d11d4da248d2c65a62063567a9,30,0,1
ethereum,0xcfcecfe2bd2fed07a9145222e8a7ad9cf1ccd22a,30,0,1
ethereum,0xcfeaead4947f0705a14ec42ac3d44129e1ef3ed5,30,0,1
ethereum,0xd0354d4e7bcf345fb117cabe41acadb724eccca2,30,0,1
ethereum,0xd049206fb408a611e543791f2d8f102a8bc253dc,30,0,1
ethereum,0xd057b63f5e69cf1b929b356b579cba08d7688048,30,0,1
ethereum,0xd05d90a656fc375ac1478689d7bcd31098f2dd1f,30,0,1
ethereum,0xd075e95423c5c4ba1e122cae0f4cdfa19b82881b,30,0,1
ethereum,0xd076c4ba62c57b3fa10800bcfd8da66742110e0e,30,0,1
ethereum,0xd0cd466b34a24fcb2f87676278af2005ca8a78c4,30,0,1
ethereum,0xd0d3ebcad6a20ce69bc3bc0e1ec964075425e533,30,0,1
ethereum,0xd0d56273290d339aaf1417d9bfa1bb8cfe8a0933,30,0,1
ethereum,0xd0d6d6c5fe4a677d343cc433536bb717bae167dd,30,0,1
ethereum,0xd0e94bf2466979b81d738c34058d4a6559c4d8be,30,0,1
ethereum,0xd123575d94a7ad9bff3ad037ae9d4d52f41a7518,30,0,1
ethereum,0xd16cb4138a0f09885defdbc1fe4a65a8f2fb3950,30,0,1
ethereum,0xd16fd95d949f996e3808eeea0e3881c59e76ef1e,30,0,1
ethereum,0xd18475521245a127a933a4fcaf99e8c45a416f7e,30,0,1
ethereum,0xd1ba9bac957322d6e8c07a160a3a8da11a0d2867,30,0,1
ethereum,0xd1c8fa30fded3e0031dc24c1646d74108b096cc2,30,0,1
ethereum,0xd1e2d5085b39b80c9948aeb1b9aa83af6756bcc5,30,0,1
ethereum,0xd23ac27148af6a2f339bd82d0e3cff380b5093de,30,0,1
ethereum,0xd2adc1c84443ad06f0017adca346bd9b6fc52cab,30,0,1
ethereum,0xd2aee1ce2b4459de326971de036e82f1318270af,13,0,1
ethereum,0xd2bdaaf2b9cc6981fd273dcb7c04023bfbe0a7fe,30,0,1
ethereum,0xd2c869382c7ac9f87ff73548d029d67c0f9dee31,30,0,1
ethereum,0xd31695a1d35e489252ce57b129fd4b1b05e6acac,30,0,1
ethereum,0xd31a2fc24843f70c2d0fdd4c36e1e0efdc3748ee,30,1,1
ethereum,0xd3210f246ae54c5a45a7b4a83315bf718f591bfc,30,0,1
ethereum,0xd37ee7e4f452c6638c96536e68090de8cbcdb583,30,0,1
ethereum,0xd38225129de04636e21f41492025fc6b75d7ffe5,30,0,1
ethereum,0xd38bb40815d2b0c2d2c866e0c72c5728ffc76dd9,30,0,1
ethereum,0xd39a2cecba2657e125ba6a5c98ad2f6b6d7e83fd,30,0,1
ethereum,0xd3b9a9e5ee4aab3963c95dd715882def4f22b449,30,0,1
ethereum,0xd3c4163e18aaebe43b4fc8b1a53dc3241fb3d017,30,0,1
ethereum,0xd3c625f54dec647db8780dbbe0e880ef21ba4329,30,0,1
ethereum,0xd3e133a0a14bb8b595e5fbf9851c7c783685ba69,30,0,1
ethereum,0xd3f38425194990cdeacc82c6b15a463cd1351939,30,1,1
ethereum,0xd4126f195a8de772eeffa61a4ab6dd43462f4e39,30,0,1
ethereum,0xd43be54c1aedf7ee4099104f2dae4ea88b18a249,30,0,1
ethereum,0xd44fc10f34b260d4ce7af7359012ea4ae1967ebf,30,0,1
ethereum,0xd47bdf574b4f76210ed503e0efe81b58aa061f3d,30,0,1
ethereum,0xd487892bb4c57edbe7ab401d9fe801c8fe6473f5,30,0,1
ethereum,0xd4a0e8962611792a85a9ff176194022659e7184f,13,0,1
ethereum,0xd502f487e1841fdc805130e13eae80c61186bc98,30,0,1
ethereum,0xd50c8a17d5c4b8e2d984933c7e37e5b92d687b8d,30,0,1
ethereum,0xd52aae39a2b5cc7812f7b9450ebb61dfef702b15,30,0,1
ethereum,0xd567b5f02b9073ad3a982a099a23bf019ff11d1c,30,0,1
ethereum,0xd583270f8b5eb833961c93223786803bbb402884,30,0,1
ethereum,0xd585aaafa2b58b1cd75092b51ade9fa4ce52f247,30,0,1
ethereum,0xd5930c307d7395ff807f2921f12c5eb82131a789,30,0,1
ethereum,0xd5fa38027462691769b8a8ba6c444890103b5b94,30,0,1
ethereum,0xd6123271f980d966b00ca4fca6c2c021f05e2e73,30,0,1
ethereum,0xd632f22692fac7611d2aa1c0d552930d43caed3b,30,0,1
ethereum,0xd69f306549e9d96f183b1aeca30b8f4353c2ecc3,30,0,1
ethereum,0xd6a5ab46ead26f49b03bbb1f9eb1ad5c1767974a,30,0,1
ethereum,0xd6ad7a6750a7593e092a9b218d66c0a814a3436e,30,0,1
ethereum,0xd6c67b93a7b248df608a653d82a100556144c5da,30,0,1
ethereum,0xd6c7bb8531295e88d364ea67d5d1acc7d3f87454,19,0,1
ethereum,0xd6caf5bd23cf057f5fccce295dcc50c01c198707,30,0,1
ethereum,0xd71ecff9342a5ced620049e616c5035f1db98620,30,0,1
ethereum,0xd721706581d97ecd202bbab5c71b5a85f0f78e69,30,0,1
ethereum,0xd779eea9936b4e323cddff2529eb6f13d0a4d66e,30,0,1
ethereum,0xd794dd1cada4cf79c9eebaab8327a1b0507ef7d4,30,0,1
ethereum,0xd7b2c1a7f3c67fb0ea57a7ef29bc1f18d7be3195,30,0,1
ethereum,0xd7b497d351691de8bb1dc574d32f9e3cfab9246f,30,1,1
ethereum,0xd7b7d3c0bda57723fb54ab95fd8f9ea033af37f2,30,0,1
ethereum,0xd7c302fc3ac829c7e896a32c4bd126f3e8bd0a1f,30,0,1
ethereum,0xd7c49cee7e9188cca6ad8ff264c1da2e69d4cf3b,30,0,1
ethereum,0xd7c9f0e536dc865ae858b0c0453fe76d13c3beac,30,0,1
ethereum,0xd7d8f3b8bc8bc48d3acc37879eaba7b85889fa52,30,0,1
ethereum,0xd7f0cc50ad69408ae58be033f4f85d2367c2e468,30,0,1
ethereum,0xd81b1a8b1ad00baa2d6609e0bae28a38713872f7,30,0,1
ethereum,0xd81b71cbb89b2800cdb000aa277dc1491dc923c3,30,0,1
ethereum,0xd82fd4d6d62f89a1e50b1db69ad19932314aa408,30,0,1
ethereum,0xd85a6ae55a7f33b0ee113c234d2ee308edeaf7fd,30,0,1
ethereum,0xd85ad783cc94bd04196a13dc042a3054a9b52210,30,0,1
ethereum,0xd87996ff3d06858bfc20989aef50cc5fcd4d84ca,30,0,1
ethereum,0xd8b90d2e680ea535eacce1b025c998b347892f68,30,0,1
ethereum,0xd8c0b13b551718b808fc97ead59499d5ef862775,30,0,1
ethereum,0xd8e2d95c8614f28169757cd6445a71c291dec5bf,30,0,1
ethereum,0xd8e3fb3b08eba982f2754988d70d57edc0055ae6,30,0,1
ethereum,0xd8f1460044925d2d5c723c7054cd9247027415b7,30,0,1
ethereum,0xd909c5862cdb164adb949d92622082f0092efc3d,30,0,1
ethereum,0xd90d2ab1763777060be4d0ab08411cf03faea955,30,1,1
ethereum,0xd94a8f9caed25e63ecc90edfefaf3635ea1e182a,30,0,1
ethereum,0xd96e84ddbc7cbe1d73c55b6fe8c64f3a6550deea,30,0,1
ethereum,0xd9adfb67381d392c6e9671f64cdd9014bfcd74f2,30,0,1
ethereum,0xd9dcd611bed2be9a4700c725a3810870b9bff094,30,0,1
ethereum,0xd9fcd98c322942075a5c3860693e9f4f03aae07b,30,0,1
ethereum,0xda0c94c73d127ee191955fb46bacd7ff999b2bcd,30,0,1
ethereum,0xda16cf041e2780618c49dbae5d734b89a6bac9b3,10,0,1
ethereum,0xda30f261a962d5aae94c9ecd170544600d193766,30,0,1
ethereum,0xda429496c38f35179e0dd6287244980a08c72b9a,30,0,1
ethereum,0xda47862a83dac0c112ba89c6abc2159b95afd71c,30,0,1
ethereum,0xda49af8773cb162ca56f8431442c750896f8c87a,30,0,1
ethereum,0xda7c0810ce6f8329786160bb3d1734cf6661ca6e,30,0,1
ethereum,0xda816459f1ab5631232fe5e97a05bbbb94970c95,30,0,1
ethereum,0xda8263d8ce3f726233f8b5585bcb86a3120a58b6,30,0,1
ethereum,0xda957fe4c8e59cc1188a403728fa7db480890600,30,1,1
ethereum,0xdac657ffd44a3b9d8aba8749830bf14beb66ff2d,30,0,1
ethereum,0xdad33e12e61dc2f2692f2c12e6303b5ade7277ba,30,0,1
ethereum,0xdadb4ae5b5d3099dd1f586f990b845f2404a1c4c,30,0,1
ethereum,0xdb298285fe4c5410b05390ca80e8fbe9de1f259b,30,0,1
ethereum,0xdbecdd726f6ad8e24afc78fe3cc8eb7b73c2d94d,30,0,1
ethereum,0xdc5864ede28bd4405aa04d93e05a0531797d9d59,30,0,1
ethereum,0xdcd90c7f6324cfa40d7169ef80b12031770b4325,30,0,1
ethereum,0xdcfa8c46ec015d4bf13d6be492cb7a8eb4580899,30,0,1
ethereum,0xdd1b6b259986571a85da82a84f461e1c212591c0,30,0,1
ethereum,0xdd2f31ddeb5a3e9040f45b670ee2a62756c11dcd,30,1,1
ethereum,0xdd50c053c096cb04a3e3362e2b622529ec5f2e8a,30,0,1
ethereum,0xdd66781d0e9a08d4fbb5ec7bac80b691be27f21d,3,0,1
ethereum,0xdd690d8824c00c84d64606ffb12640e932c1af56,30,0,1
ethereum,0xddd5592cf4759313c649eb4e624a79541ed222ed,30,0,1
ethereum,0xdddddd4301a082e62e84e43f474f044423921918,30,0,1
ethereum,0xddfbe9173c90deb428fdd494cb16125653172919,30,0,1
ethereum,0xde0e9bd25dc63a629f40e1ec7959b57726e94d88,30,0,1
ethereum,0xde4ee8057785a7e8e800db58f9784845a5c2cbd6,30,0,1
ethereum,0xde52a16c6db7914e6953e27a7df4ce6a315f8b45,30,0,1
ethereum,0xde5ed76e7c05ec5e4572cfc88d1acea165109e44,30,0,1
ethereum,0xde60adfddaabaaac3dafa57b26acc91cb63728c4,30,0,1
ethereum,0xde6a34dfbaaf091504193339cc51202d2824ff51,30,0,1
ethereum,0xdeadface8503399df4b083ef42fa8e02fd39dead,30,0,1
ethereum,0xdece0f6864c1511369ae2c30b90db9f5fe92832c,30,0,1
ethereum,0xdefb0b264032e4e128b00d02b3fd0aa00331237b,30,0,1
ethereum,0xdf3ac4f479375802a821f7b7b46cd7eb5e4262cc,30,0,1
ethereum,0xdf4ef6ee483953fe3b84abd08c6a060445c01170,30,0,1
ethereum,0xdf87270e04bc5ac140e93571d0dd0c6f4a058b41,30,0,1
ethereum,0xdf96bde075d59e9143b325c75af38e208c986e6f,30,0,1
ethereum,0xdfbb98b366b90a09938f4a753ca02b965d74b61a,30,0,1
ethereum,0xdfc5964141c018485b4d017634660f85aa667714,30,0,1
ethereum,0xdfdd3459d4f87234751696840092ee20c970fb07,30,0,1
ethereum,0xe0151763455a8a021e64880c238ba1cff3787ff0,30,0,1
ethereum,0xe020b01b6fbd83066aa2e8ee0ccd1eb8d9cc70bf,30,0,1
ethereum,0xe04f47ff45576249bc5083dfdf987e03d0550113,30,0,1
ethereum,0xe05082b184a34668cd8a904d85fa815802bbb04c,30,0,1
ethereum,0xe063f04f280c60aeca68b38341c2eecbec703ae2,30,0,1
ethereum,0xe07f9d810a48ab5c3c914ba3ca53af14e4491e8a,30,0,1
ethereum,0xe0a6136f866684c0f19936c0c42a8c181c066f1b,30,0,1
ethereum,0xe0ad1806fd3e7edf6ff52fdb822432e847411033,30,0,1
ethereum,0xe0b9a2c3e9f40cf74b2c7f591b2b0cca055c3112,30,0,1
ethereum,0xe0bceef36f3a6efdd5eebfacd591423f8549b9d5,30,0,1
ethereum,0xe0c8b298db4cffe05d1bea0bb1ba414522b33c1b,30,0,1
ethereum,0xe0c99ed6950ccb38347154abd06e10eba5a1f89a,30,0,1
ethereum,0xe0ffddf8fd7d63cf907e433c9293069704d4d40d,30,0,1
ethereum,0xe115401b985306837b9f1495c8e9d7f8f8328cc3,30,0,1
ethereum,0xe19f85c920b572ca48942315b06d6cac86585c87,30,0,1
ethereum,0xe1a3864dbf62fb94834b108ff6bf439ce70183ac,30,0,1
ethereum,0xe1a4c5bbb704a92599fedb191f451e0d3a1ed842,30,0,1
ethereum,0xe1bda0c3bfa2be7f740f0119b6a34f057bd58eba,30,0,1
ethereum,0xe1d7c7a4596b038ced2a84bf65b8647271c53208,30,0,1
ethereum,0xe1ec350ea16d1ddaff57f31387b2d9708eb7ce28,30,0,1
ethereum,0xe1fc4455f62a6e89476f1072530c20cf1a0622da,30,0,1
ethereum,0xe20b9e246db5a0d21bf9209e4858bc9a3ff7a034,30,0,1
ethereum,0xe2353069f71a27bbbe66eeabff05de109c7d5e19,30,0,1
ethereum,0xe2808d7298f0d4111ea1773d3320f5d80eab83e8,30,0,1
ethereum,0xe2ba8693ce7474900a045757fe0efca900f6530b,30,0,1
ethereum,0xe2e109f1b4eaa8915655fe8fdefc112a34acc5f0,30,0,1
ethereum,0xe35009059cb55ded065027e9832a2c564aff7512,30,0,1
ethereum,0xe3668873d944e4a949da05fc8bde419eff543882,30,0,1
ethereum,0xe3944ab788a60ca266f1eec3c26925b95f6370ad,30,0,1
ethereum,0xe3bdbac1211df5ac10e2cdb42581ea0b278ad32b,30,1,1
ethereum,0xe3e24b4ea87935e15bbe99a24e9ace9998e4614d,30,0,1
ethereum,0xe46a1d19962ea120765d3139c588ffd617be04a8,30,0,1
ethereum,0xe4dae00bc1c46ea2f44ae71b1beb8b171c15d812,30,0,1
ethereum,0xe4f726adc8e89c6a6017f01eada77865db22da14,30,0,1
ethereum,0xe5097d9baeafb89f9bcb78c9290d545db5f9e9cb,30,0,1
ethereum,0xe516d78d784c77d479977be58905b3f2b1111126,30,0,1
ethereum,0xe51b8ab09008285a0380dd2680cd9dd5e13924d3,30,0,1
ethereum,0xe55d97a97ae6a17706ee281486e98a84095d8aaf,30,0,1
ethereum,0xe57425f1598f9b0d6219706b77f4b3da573a3695,30,0,1
ethereum,0xe580074a10360404af3abfe2d524d5806d993ea3,30,0,1
ethereum,0xe5a733681bbe6cd8c764bb8078ef8e13a576dd78,30,0,1
ethereum,0xe5acbb03d73267c03349c76ead672ee4d941f499,30,0,1
ethereum,0xe5ecb601e631dc74da26fa1e0e0ba1b99ed1a33c,30,1,1
ethereum,0xe5f625e8f4d2a038ae9583da254945285e5a77a4,30,0,1
ethereum,0xe60779cc1b2c1d0580611c526a8df0e3f870ec48,30,0,1
ethereum,0xe6179bb571d2d69837be731da88c76e377ec4738,30,0,1
ethereum,0xe630943d2a62cfb48dbcd1be812f74f8dfa6eff5,30,0,1
ethereum,0xe632ea2ef2cfd8fc4a2731c76f99078aef6a4b31,30,0,1
ethereum,0xe6354ed5bc4b393a5aad09f21c46e101e692d447,30,0,1
ethereum,0xe6cc10ef4de1ccfb821c99c04abfe1859d8eab8f,30,0,1
ethereum,0xe6f47303032a09c8c0f8ebb713c00e6ed345e8c3,30,0,1
ethereum,0xe6fd75ff38adca4b97fbcd938c86b98772431867,30,0,1
ethereum,0xe74dc43867e0cbeb208f1a012fc60dcbbf0e3044,30,0,1
ethereum,0xe76c6c83af64e4c60245d8c7de953df673a7a33d,30,0,1
ethereum,0xe785ec36356b973d8c0a071d478940d6f42c0178,30,0,1
ethereum,0xe796d6ca1ceb1b022ece5296226bf784110031cd,30,0,1
ethereum,0xe7bac7d798d66d353b9e50ebfc6859950fe13ce4,30,0,1
ethereum,0xe7e4279b80d319ede2889855135a22021baf0907,30,0,1
ethereum,0xe7eaec9bca79d537539c00c58ae93117fb7280b9,30,0,1
ethereum,0xe7ef051c6ea1026a70967e8f04da143c67fa4e1f,30,0,1
ethereum,0xe7f58a92476056627f9fdb92286778abd83b285f,30,0,1
ethereum,0xe831f96a7a1dce1aa2eb760b1e296c6a74caa9d5,30,0,1
ethereum,0xe83ce6bfb580583bd6a62b4be7b34fc25f02910d,30,0,1
ethereum,0xe85eb7333b9d77d6e60811cb87a58ed66243771e,30,0,1
ethereum,0xe87e15b9c7d989474cb6d8c56b3db4efad5b21e8,30,0,1
ethereum,0xe88f8313e61a97cec1871ee37fbbe2a8bf3ed1e4,30,0,1
ethereum,0xe8a3bf796ca5a13283ec6b1c5b645b91d7cfef5d,30,0,1
ethereum,0xe8e06a5613dc86d459bc8fb989e173bb8b256072,30,0,1
ethereum,0xe901ec5fc8d576b48b75b42191abc3a2cc8d3cf8,1,0,1
ethereum,0xe939f011a3d8fc0aa874c97e8156053a903d7176,30,0,1
ethereum,0xe94b97b6b43639e238c851a7e693f50033efd75c,30,0,1
ethereum,0xe95a203b1a91a908f9b9ce46459d101078c2c3cb,30,0,1
ethereum,0xe97db8503dd3e3eb0286aafc50327c598efdb578,30,0,1
ethereum,0xe99379955b676d5a7ebe3f42f2b684796e48d437,30,0,1
ethereum,0xe9b076b476d8865cdf79d1cf7df420ee397a7f75,30,0,1
ethereum,0xea01906843ea8d910658a2c485ffce7c104ab2b6,30,0,1
ethereum,0xea068fba19ce95f12d252ad8cb2939225c4ea02d,30,0,1
ethereum,0xea18dc833653172bbe819feb5320d9da9f99799a,30,0,1
ethereum,0xea3983fc6d0fbbc41fb6f6091f68f3e08894dc06,30,0,1
ethereum,0xea610b1153477720748dc13ed378003941d84fab,30,0,1
ethereum,0xea7aa1edd21735a5ab05ee3e90869016191e274e,30,0,1
ethereum,0xea7b7dc089c9a4a916b5a7a37617f59fd54e37e4,30,0,1
ethereum,0xea81dab2e0ecbc6b5c4172de4c22b6ef6e55bd8f,30,0,1
ethereum,0xeaa260c1d247135cec29ec10fb6acedf2a55dc6b,30,0,1
ethereum,0xeaa63125dd63f10874f99cdbbb18410e7fc79dd3,30,0,1
ethereum,0xeabb8996ea1662cad2f7fb715127852cd3262ae9,30,0,1
ethereum,0xeb575c45004bd7b61c6a8d3446a62a05a6ce18d8,30,0,1
ethereum,0xeb83006b0aaddd15ad8afbebe2f4e0937f210673,30,0,1
ethereum,0xeb986da994e4a118d5956b02d8b7c3c7ce373674,30,0,1
ethereum,0xebe6880ac817f026cb9d4e040da3e9e4cb418fb4,30,1,1
ethereum,0xec19caef9c046f5f87a497154766742ab9c90820,30,0,1
ethereum,0xec5483804e637d45cde22fa0869656b64b5ab1ab,30,0,1
ethereum,0xec70ff4a5b09110e4d20ada4f2db4a86ec61fac6,30,0,1
ethereum,0xecc0f1f860a82ab3b442382d93853c02d6384389,30,0,1
ethereum,0xed1167b6dc64e8a366db86f2e952a482d0981ebd,30,0,1
ethereum,0xed3d4e446a96dc3b181b64b75c3c70da41dc3cbe,30,0,1
ethereum,0xed40834a13129509a89be39a9be9c0e96a0ddd71,30,0,1
ethereum,0xed4e879087ebd0e8a77d66870012b5e0dffd0fa4,30,0,1
ethereum,0xed6bb4700abd545575f0642bb5ea8e0d3b24e9f3,30,0,1
ethereum,0xed97f94dd94255637a054098604e0201c442a3fd,30,0,1
ethereum,0xed9f6aa6532869576211fd6367e3c328810fbeb3,30,0,1
ethereum,0xedaa2fa0fd153b78efde805b0a46225bb95e3ca1,30,0,1
ethereum,0xedadeb5faa413e6c8623461849dfd0b7c3790c32,30,0,1
ethereum,0xedb0414627e6f1e3f082de65cd4f9c693d78cca9,30,0,1
ethereum,0xedf6568618a00c6f0908bf7758a16f76b6e04af9,30,0,1
ethereum,0xee1cea7665ba7aa97e982edeaecb26b59a04d035,30,0,1
ethereum,0xee3b9b531f4c564c70e14b7b3bb7d516f33513ff,30,0,1
ethereum,0xee7527841a932d2912224e20a405e1a1ff747084,30,0,1
ethereum,0xee772cec929d8430b4fa7a01cd7fbd159a68aa83,30,0,1
ethereum,0xee9c1ea4dcf0aaf4ff2d78b6ff83aa69797b65eb,30,0,1
ethereum,0xeec2be5c91ae7f8a338e1e5f3b5de49d07afdc81,30,0,1
ethereum,0xeeeeeb57642040be42185f49c52f7e9b38f8eeee,30,0,1
ethereum,0xef3a930e1ffffacd2fc13434ac81bd278b0ecc8d,30,0,1
ethereum,0xef3daa5fda8ad7aabff4658f1f78061fd626b8f0,30,0,1
ethereum,0xefc0ced4b3d536103e76a1c4c74f0385c8f4bdd3,22,0,1
ethereum,0xefe2afb5f2a9ea8ec6d8a57fe88febcfe29db813,30,0,1
ethereum,0xeff3f1b9400d6d0f1e8805bdde592f61535f5ecd,30,0,1
ethereum,0xf009f5531de69067435e32c4b9d36077f4c4a673,30,0,1
ethereum,0xf017d3690346eb8234b85f74cee5e15821fee1f4,30,0,1
ethereum,0xf03a7eb46d01d9ecaa104558c732cf82f6b6b645,30,0,1
ethereum,0xf03d5fc6e08de6ad886fca34abf9a59ef633b78a,30,0,1
ethereum,0xf05897cfe3ce9bbbfe0751cbe6b1b2c686848dcb,30,0,1
ethereum,0xf0610eb7d8ee12d59412da32625d5e273e78ff0b,30,0,1
ethereum,0xf063fe1ab7a291c5d06a86e14730b00bf24cb589,30,0,1
ethereum,0xf0655dcee37e5c0b70fffd70d85f88f8edf0aff6,30,0,1
ethereum,0xf073bac22dab7faf4a3dd6c6189a70d54110525c,23,0,1
ethereum,0xf091867ec603a6628ed83d274e835539d82e9cc8,30,0,1
ethereum,0xf0bc1ae4ef7ffb126a8347d06ac6f8add770e1ce,30,0,1
ethereum,0xf0c5831ec3da15f3696b4dad8b21c7ce2f007f28,30,0,1
ethereum,0xf107ecf44ef6263ffc77963166be6529fcc16af4,30,1,1
ethereum,0xf136d7b0b7ae5b86d21e7b78dfa95375a7360f19,30,0,1
ethereum,0xf1376bcef0f78459c0ed0ba5ddce976f1ddf51f4,30,0,1
ethereum,0xf17a3fe536f8f7847f1385ec1bc967b2ca9cae8d,30,0,1
ethereum,0xf190dbd849e372ff824e631a1fdf199f38358bcf,30,0,1
ethereum,0xf1bb87563a122211d40d393ebf1c633c330377f9,30,0,1
ethereum,0xf1c9acdc66974dfb6decb12aa385b9cd01190e38,30,0,1
ethereum,0xf1dc500fde233a4055e25e5bbf516372bc4f6871,30,0,1
ethereum,0xf1f508c7c9f0d1b15a76fba564eef2d956220cf7,30,0,1
ethereum,0xf1fb4cf949277adc3f89c0d6091100789033b7b5,30,0,1
ethereum,0xf23a2bf7619ad93300499c3fc7d7145a06cca562,30,0,1
ethereum,0xf240b48464ef6bae0306592b48131bece8cb7333,30,0,1
ethereum,0xf29ae508698bdef169b89834f76704c3b205aedf,30,0,1
ethereum,0xf2b2f7b47715256ce4ea43363a867fdce9353e3a,30,0,1
ethereum,0xf2d65d9cae4e0a5593f760248ce31801bb797655,29,0,1
ethereum,0xf3115b544c287380d34a19280dcfd029eeada9c8,30,1,1
ethereum,0xf32aa187d5bc16a2c02a6afb7df1459d0d107574,30,0,1
ethereum,0xf34b1db61aca1a371fe97bad2606c9f534fb9d7d,30,0,1
ethereum,0xf3a3023e6dede84ad88a656a3269f2a36e83c9a9,30,0,1
ethereum,0xf3de3a7acc03ea36582c091d5680062adbb62e8d,30,0,1
ethereum,0xf406f7a9046793267bc276908778b29563323996,30,0,1
ethereum,0xf47245e9a3ba3dca8b004e34afc1290b1d435a52,30,0,1
ethereum,0xf475e5dccd918108ec7c1f843c7245904b453318,30,1,1
ethereum,0xf482d79ae6e8725c199213fc909d6bc30df62815,30,0,1
ethereum,0xf4dc48d260c93ad6a96c5ce563e70ca578987c74,30,0,1
ethereum,0xf51092fe93b4e9282f42c459f05d93d2d079549e,30,0,1
ethereum,0xf51ebf9a26dbc02b13f8b3a9110dac47a4d62d78,30,0,1
ethereum,0xf538296e7dd856af7044deec949489e2f25705bc,30,0,1
ethereum,0xf55a93b613d172b86c2ba3981a849dae2aecde2f,30,0,1
ethereum,0xf56408077487cb879c992909c5b5c66d68c02eb4,30,0,1
ethereum,0xf56b164efd3cfc02ba739b719b6526a6fa1ca32a,30,0,1
ethereum,0xf5a1f988ba746f46706f726a6f69b3fd160f227f,30,1,1
ethereum,0xf5aed4f6a1ad00f39dd21febb6f400ea020030c2,30,0,1
ethereum,0xf5cb350b40726b5bcf170d12e162b6193b291b41,30,0,1
ethereum,0xf5cfbc74057c610c8ef151a439252680ac68c6dc,30,0,1
ethereum,0xf5ec1a08902ae0ae5323466c35ea49a37409e4ca,30,0,1
ethereum,0xf60ef5fb792d06fd6f28d49dd2e00ba0dd7ad201,30,0,1
ethereum,0xf62ac0fcae17f9195280ced4de978313effe2daa,30,0,1
ethereum,0xf680429328caaacabee69b7a9fdb21a71419c063,30,0,1
ethereum,0xf6aeaf0fe66cf2ef2e738ba465fb531ffe39b4e2,30,0,1
ethereum,0xf6af18f94d55b8888b557cb3da0ec623ba245f80,30,0,1
ethereum,0xf6d2224916ddfbbab6e6bd0d1b7034f4ae0cab18,30,0,1
ethereum,0xf6f31b8afbf8e3f7fc8246bef26093f02838da98,30,0,1
ethereum,0xf7168c8abb0ff80116413a8d95396bbdc318a3ff,30,0,1
ethereum,0xf7498c98789957f4ee53b3e37ff5b7ef8a6cfc7b,30,0,1
ethereum,0xf7dd746a613fb6362d44ecedeb743f62ade6c3aa,30,0,1
ethereum,0xf7e945fce8f19302aacc7e1418b0a0bdef89327b,30,0,1
ethereum,0xf88506b0f1d30056b9e5580668d5875b9cd30f23,30,0,1
ethereum,0xf8ad7dfe656188a23e89da09506adf7ad9290d5d,30,0,1
ethereum,0xf8f16227f415287a3a10c38d5a7bebeee48598c9,30,0,1
ethereum,0xf91ac30e9b517f6d57e99446ee44894e6c22c032,30,0,1
ethereum,0xf91e605af079384cc7077b3914a4a36019a89ee8,17,0,1
ethereum,0xf920e4f3fbef5b3ad0a25017514b769bdc4ac135,30,0,1
ethereum,0xf921ae2dac5fa128dc0f6168bf153ea0943d2d43,30,0,1
ethereum,0xf92d62ed69242d655e685c96b98f32f1409c3262,30,0,1
ethereum,0xf939e0a03fb07f59a73314e73794be0e57ac1b4e,30,0,1
ethereum,0xf94fd4f1638d5e7daf6b5853ffbb6650be3e45c1,30,1,1
ethereum,0xf98ab0874b13a7fdc39d7295dedd49850a5d426b,30,0,1
ethereum,0xf9a2d7e60a3297e513317ad1d7ce101cc4c6c8f6,30,0,1
ethereum,0xf9c53268e9de692ae1b2ea5216e24e1c3ad7cb1e,30,0,1
ethereum,0xfa0421277547d3790995b903b2f24ca26b79c8e1,30,1,1
ethereum,0xfa3436d54c5737047b5966299720ff8a20ff1794,30,1,1
ethereum,0xfa99a87b14b02e2240c79240c5a20f945ca5ef76,30,0,1
ethereum,0xfa99e789aa0164a7eac475f3eda666be1d0669f2,30,0,1
ethereum,0xfaa361697ea5bf878e734595278e3db7caf94f37,30,1,1
ethereum,0xfac0403a24229d7e2edd994d50f5940624cbeac2,30,0,1
ethereum,0xfb09122d1e17170c1807bfc1ef3c614bd85e1b6e,30,0,1
ethereum,0xfb19075d77a0f111796fb259819830f4780f1429,30,0,1
ethereum,0xfb5453340c03db5ade474b27e68b6a9c6b2823eb,30,0,1
ethereum,0xfba2b8d6d4554ed67ddde4814847b02c5114285d,30,0,1
ethereum,0xfbbe9b1142c699512545f47937ee6fae0e4b0aa9,30,0,1
ethereum,0xfbce0f9e92ad1003e893ba647bc055d845aaa507,9,0,1
ethereum,0xfc10cd3895f2c66d6639ec33ae6360d6cfca7d6d,30,0,1
ethereum,0xfc1c93a2507975e98b9d0e9260ded61a00152bf1,30,0,1
ethereum,0xfc4b4ec763722b71eb1d729749b447a9645f5f30,30,0,1
ethereum,0xfc82bb4ba86045af6f327323a46e80412b91b27d,30,0,1
ethereum,0xfcaf0e4498e78d65526a507360f755178b804ba8,30,0,1
ethereum,0xfcc5c47be19d06bf83eb04298b026f81069ff65b,30,0,1
ethereum,0xfcf8eda095e37a41e002e266daad7efc1579bc0a,30,0,1
ethereum,0xfcfc434ee5bff924222e084a8876eee74ea7cfba,30,0,1
ethereum,0xfd0205066521550d7d7ab19da8f72bb004b4c341,30,0,1
ethereum,0xfd020998a1bb316dfe7b136fe59ae4b365d79978,30,0,1
ethereum,0xfd05d3c7fe2924020620a8be4961bbaa747e6305,30,0,1
ethereum,0xfd09911130e6930bf87f2b0554c44f400bd80d3e,30,0,1
ethereum,0xfd1450a131599ff34f3be1775d8c8bf79e353d8c,30,0,1
ethereum,0xfd1c027190418982eeade3a8a091556ae8f0a8c9,30,0,1
ethereum,0xfd30c9bea1a952feeed2ef2c6b2ff8a8fc4aad07,30,0,1
ethereum,0xfd4168e642ebd04c3684a6cdb3a5e86de85d3908,30,0,1
ethereum,0xfe18be6b3bd88a2d2a7f928d00292e7a9963cfc6,30,0,1
ethereum,0xfe2e637202056d30016725477c5da089ab0a043a,30,0,1
ethereum,0xfe60fba03048effb4acf3f0088ec2f53d779d3bb,30,0,1
ethereum,0xfe80d611c6403f70e5b1b9b722d2b3510b740b2b,30,0,1
ethereum,0xfeb01e7179e4d7775b5523c15b310ea92e3004eb,30,1,1
ethereum,0xfeb6d5238ed8f1d59dcab2db381aa948e625966d,30,0,1
ethereum,0xfeeeef4d7b4bf3cc8bd012d02d32ba5fd3d51e31,30,0,1
ethereum,0xfef4c6b56e011a684dc2054afd576d83817c2620,30,0,1
ethereum,0xff0a024b66739357c4ed231fb3dbc0c8c22749f5,30,0,1
ethereum,0xff3ac80c1caa08cbd43a7e90d20c398d54c7342f,30,0,1
ethereum,0xff44b937788215eca197baaf9af69dbdc214aa04,30,0,1
ethereum,0xff4927e04c6a01868284f5c3fb9cba7f7ca4aec0,30,0,1
ethereum,0xff69e48af1174da7f15d0c771861c33d3f19ed8a,30,0,1
ethereum,0xff742d05420b6aca4481f635ad8341f81a6300c2,30,0,1
ethereum,0xff75ced57419bcaebe5f05254983b013b0646ef5,30,0,1
ethereum,0xff770e4c68e35db85c6e0e89a43750ec02bdb2ac,30,0,1
ethereum,0xffc97d72e13e01096502cb8eb52dee56f74dad7b,30,0,1
ethereum,0xffd822149fa6749176c7a1424e71a417f26189c8,30,0,1
polygon,0x00e5646f60ac6fb446f621d146b6e1886f002905,30,0,1
polygon,0x0266f4f08d82372cf0fcbccc0ff74309089c74d1,30,0,1
polygon,0x027af1e12a5869ed329be4c05617ad528e997d5a,30,0,1
polygon,0x032f85b8fbf8540a92b986d953e4c3a61c76d39e,30,0,1
polygon,0x04429fbb948bbd09327763214b45e505a5293346,30,0,1
polygon,0x047fd3b3d2366f9babe105ade4598e263d6c699c,30,0,1
polygon,0x04b48c9707fe5091ee772d92941f745bc0ad2b8f,30,0,1
polygon,0x05fa81ae340098c8c7fcd310469195f9f8410858,30,0,1
polygon,0x06f6ac35344b507a7645faf69f3be46afa4e41ec,30,0,1
polygon,0x07cc1cc3628cc1615120df781ef9fc8ec2feae09,30,0,1
polygon,0x07ed33a242bd9c08ca3c198e01189e35265024da,30,0,1
polygon,0x081ec4c0e30159c8259bad8f4887f83010a681dc,30,0,1
polygon,0x08be454de533509e8832b257116c5506e55b0b64,30,0,1
polygon,0x08e175a1eac9744a0f1ccaeb8f669af6a2bda3ce,30,0,1
polygon,0x0b68782eff3177f1f9240b64a7e2f8e0497e2454,30,0,1
polygon,0x0c0391a4abef50fc9386f69f2266d4d2fbeb96c7,30,0,1
polygon,0x0c47298beee5203358e7bc30b9954b584361eab5,30,0,1
polygon,0x0c8c1ab017c3c0c8a48dd9f1db2f59022d190f0b,30,0,1
polygon,0x0cfc9a713a5c17bc8a5ff0379467f6558bacd0e0,30,0,1
polygon,0x0d8550552a7f277e141331c2fe7798bb5c9359b9,30,0,1
polygon,0x0df0f72ee0e5c9b7ca761ecec42754992b2da5bf,30,0,1
polygon,0x0e50bea95fe001a370a4f1c220c49aedcb982dec,30,0,1
polygon,0x0e9b89007eee9c958c0eda24ef70723c2c93dd58,30,0,1
polygon,0x0ef39e52704ad52e2882bbfa6781167e1b6c4510,30,0,1
polygon,0x103965213122805c9aa63d8036ed0ef692c19650,30,0,1
polygon,0x111111517e4929d3dcbdfa7cce55d30d4b6bc4d6,30,0,1
polygon,0x1132f58810ee9ff13e97aeccd8dda688cc5eb8f4,30,0,1
polygon,0x114d232f8befea9fa2fb0a06dee069c856d61bfc,30,0,1
polygon,0x11a1779ae6b02bb8e7ff847919bca3e55bcbb3d5,30,0,1
polygon,0x11a819beb0aa3327e39f52f90d65cc9bca499f33,30,0,1
polygon,0x12016b4e07866c962e29b7597ecd66b3b89a3a58,30,0,1
polygon,0x1236ea13c7339287cd00ab196aaa8217006b04dc,30,0,1
polygon,0x12c9ffe6538f20a982fd4d17912f0ca00fa82d30,30,0,1
polygon,0x14af1f2f02dccb1e43402339099a05a5e363b83c,30,0,1
polygon,0x1509706a6c66ca549ff0cb464de88231ddbe213b,30,0,1
polygon,0x15b7c0c907e4c6b9adaaaabc300c08991d6cea05,30,0,1
polygon,0x1631244689ec1fecbdd22fb5916e920dfc9b8d30,30,0,1
polygon,0x16dfb898cf7029303c2376031392cb9bac450f94,30,0,1
polygon,0x177c6b3f6bf8c0ef5e71d1e5ec80a97f29ebce76,30,0,1
polygon,0x17d342b29f054030a455b4191f977c3b0aa62fd9,30,0,1
polygon,0x18ec0a6e18e5bc3784fdd3a3634b31245ab704f6,30,0,1
polygon,0x190eb8a183d22a4bdf278c6791b152228857c033,30,0,1
polygon,0x191c10aa4af7c30e871e70c95db0e4eb77237530,30,0,1
polygon,0x198f1d316aad1c0bfd36a79bd1a8e9dba92daa18,30,0,1
polygon,0x1a763170b96f23f15576d0fa0b2619d1254c437d,30,0,1
polygon,0x1b8cf8045262663d3e1d7e5cc59cc861fd034bb4,30,0,1
polygon,0x1b9d40715e757bdb9bdec3215b898e46d8a3b71a,30,0,1
polygon,0x1ba17c639bdaecd8dc4aac37df062d17ee43a1b8,30,0,1
polygon,0x1bd5048e0b85c410dd039aa9c05069a9d82488b8,30,0,1
polygon,0x1e289178612f5b6d32f692e312dcf783c74b2162,30,0,1
polygon,0x1e796debcb656bd71f2f2311443a52ec8c98229f,30,0,1
polygon,0x22f991e509102ed4c2babd82424c46bd3d203bd3,30,0,1
polygon,0x236aa50979d5f3de3bd1eeb40e81137f22ab794b,30,0,1
polygon,0x255707b70bf90aa112006e1b07b9aea6de021424,30,0,1
polygon,0x258d8423d9d6fae7bff3e5b7d1aa13348492aa0b,30,0,1
polygon,0x26373ec913876c9e6d38494dde458cb8649cb30c,30,0,1
polygon,0x27842334c55c01ddfe81bf687425f906816c5141,30,0,1
polygon,0x27ab6e82f3458edbc0703db2756391b899ce6324,30,0,1
polygon,0x27f485b62c4a7e635f561a87560adf5090239e93,30,0,1
polygon,0x2b88ad57897a8b496595925f43048301c37615da,30,0,1
polygon,0x2c9d233914f46b88e9ae08326fa60e40ea3faa12,30,0,1
polygon,0x2d027e55b85429e9f205930a8aff6d8e6c8c3021,30,0,1
polygon,0x2f1b1662a895c6ba01a99dcaf56778e7d77e5609,30,0,1
polygon,0x2f3e306d9f02ee8e8850f9040404918d0b345207,30,0,1
polygon,0x2fe8733dcb25bfbba79292294347415417510067,30,0,1
polygon,0x300211def2a644b036a9bdd3e58159bb2074d388,30,0,1
polygon,0x304243a820d4a3718becc89a3f33513586162cf0,30,0,1
polygon,0x306ee01a6ba3b4a8e993fa2c1adc7ea24462000c,30,0,1
polygon,0x32934cb16da43fd661116468c1b225fc26cf9a8c,30,0,1
polygon,0x32dc2dd3c2be453a369625e6fe0e438aed814919,30,0,1
polygon,0x33b6d77c607ea499ab5db7e2201c5a516a78a5db,30,0,1
polygon,0x33c9f7c0afe2722cb9e426360c261fb755b4483d,30,0,1
polygon,0x34667ed7c36cbbbf2d5d5c5c8d6eb76a094edb9f,30,0,1
polygon,0x3553f861dec0257bada9f8ed268bf0d74e45e89c,30,0,1
polygon,0x3809dcdd5dde24b37abe64a5a339784c3323c44f,30,0,1
polygon,0x381caf412b45dac0f62fbeec89de306d3eabe384,30,0,1
polygon,0x388d819724dd6d71760a38f00dc01d310d879771,30,0,1
polygon,0x3a29cab2e124919d14a6f735b6033a3aad2b260f,30,0,1
polygon,0x3a9cad689a510a7c410ee1be17929cdf78efac8c,30,0,1
polygon,0x3af2dd7b91d8faceccc26d21a065267817213d37,30,0,1
polygon,0x3afe98235d680e8d7a52e1458a59d60f45f935c0,30,0,1
polygon,0x3c205c8b3e02421da82064646788c82f7bd753b9,30,0,1
polygon,0x3c59798620e5fec0ae6df1a19c6454094572ab92,30,0,1
polygon,0x3c90718ba84416b07153432c08248a87a5aad1ca,30,0,1
polygon,0x3d3b92fe0b4c26b74f8ff13a32dd764f4dfd8b51,30,0,1
polygon,0x3e15cd00b456b0fb33827e3c9b49952bb0ec126c,30,0,1
polygon,0x40379a439d4f6795b6fc9aa5687db461677a2dba,30,0,1
polygon,0x41b3966b4ff7b427969ddf5da3627d6aeae9a48e,30,0,1
polygon,0x421b9b487d5a9b76e4b81809c0f1b9bb8cb24cb9,30,0,1
polygon,0x428360b02c1269bc1c79fbc399ad31d58c1e8fda,30,0,1
polygon,0x42dbbd5ae373fea2fc320f62d44c058522bb3758,30,0,1
polygon,0x42f6bdcfd82547e89f1069bf375aa60e6c6c063d,30,0,1
polygon,0x4438da4ef8e791a9964d27742676e6a70beb2514,30,0,1
polygon,0x462d8d82c2b2d2ddabf7f8a93928de09d47a5807,30,0,1
polygon,0x463fae8f3c63af7c40e50df3ba28469bf9942f69,30,0,1
polygon,0x48cbc913de09317df2365e6827df50da083701d5,30,0,1
polygon,0x492fa53b88614923937b7197c87e0f7f8eeb7b20,30,0,1
polygon,0x49c171f00a552a005fca3960122a2321c96f6a38,30,0,1
polygon,0x49e6a20f1bbdfeec2a8222e052000bbb14ee6007,30,0,1
polygon,0x4b27cd6e6a5e83d236ead376d256fe2f9e9f0d2e,30,0,1
polygon,0x4b4327db1600b8b1440163f667e199cef35385f5,30,0,1
polygon,0x4b96dbf8f42c8c296573933a6616dcafb80ca461,30,0,1
polygon,0x4bf8a8b2c3eb55ca2a15c726e58dd68b9fe96845,30,0,1
polygon,0x4c3bf0a3de9524af68327d1d2558a3b70d17d42a,30,0,1
polygon,0x4c664c29558f6e3e381f52d9317fe4ed1b09d2a3,30,0,1
polygon,0x4d0def42cf57d6f27cd4983042a55dce1c9f853c,30,0,1
polygon,0x4d1137c03262bcd286f26782033b60af792cd59d,30,0,1
polygon,0x4e830f67ec499e69930867f9017aeb5b3f629c73,30,0,1
polygon,0x4fb71290ac171e1d144f7221d882becac7196eb5,30,0,1
polygon,0x4ff0b68abc2b9e4e1401e9b691dba7d66b264ac8,30,0,1
polygon,0x503836c8c3a453c57f58cc99b070f2e78ec14fc0,30,0,1
polygon,0x5118aec3afcca3f1e21733ee9c88bb800afe6f7b,30,0,1
polygon,0x51540d15957bdc0fdb87d32616c8d658d59f77c6,30,0,1
polygon,0x51f005d61426e537e6afee52f9b1ab0e63046d60,30,0,1
polygon,0x524d42592b2235f30c4cbe70e273912d616a1356,30,0,1
polygon,0x533403a3346ca31d67c380917ffaf185c24e7333,30,0,1
polygon,0x538d47d142f6993038a667e9d6210d3735749b36,30,0,1
polygon,0x546b4c391520e6652897c65153074088bfc0a909,30,0,1
polygon,0x554cd6bdd03214b10aafa3e0d4d42de0c5d2937b,30,0,1
polygon,0x5647fe4281f8f6f01e84bce775ad4b828a7b8927,30,0,1
polygon,0x56a15aaa0f88338fceb5aec28aba249acc75f185,30,0,1
polygon,0x57194feaca970a4e98a19c365fe144fb54f657db,30,0,1
polygon,0x57f12fe6a4e5fe819eec699fadf9db2d06606bb4,30,0,1
polygon,0x57f5e098cad7a3d1eed53991d4d66c45c9af7812,3,0,1
polygon,0x57fcbd6503c8be3b1abad191bc7799ef414a5b31,30,0,1
polygon,0x58c7b2828e7f2b2caa0cc7feef242fa3196d03df,30,0,1
polygon,0x58d70ef99a1d22e1a8f8f0e8f27c1babcf8464f3,30,0,1
polygon,0x593c64da6c02e0f099f23191f3d50395304993da,30,0,1
polygon,0x59b5654a17ac44f3068b3882f298881433bb07ef,30,0,1
polygon,0x59d9356e565ab3a36dd77763fc0d87feaf85508c,30,0,1
polygon,0x59e9261255644c411afdd00bd89162d09d862e38,30,0,1
polygon,0x5b4cf2c120a9702225814e18543ee658c5f8631e,30,0,1
polygon,0x5bef2617ecca9a39924c09017c5f1e25efbb3ba8,30,0,1
polygon,0x5c59d7cb794471a9633391c4927ade06b8787a90,30,0,1
polygon,0x5d066d022ede10efa2717ed3d79f22f949f8c175,30,0,1
polygon,0x5dfd5edfde4d8ec9e632dca9d09fc7e833f74210,30,0,1
polygon,0x612d833c0c7a54cdfbe9a4328b6d658020563ec0,30,0,1
polygon,0x614389eaae0a6821dc49062d56bda3d9d45fa2ff,30,0,1
polygon,0x61bdd9c7d4df4bf47a4508c0c8245505f2af5b7b,30,0,1
polygon,0x61f95bd637e3034133335c1baa0148e518d438ad,30,0,1
polygon,0x62104f305c22f4f0fc3d33adfc185808f20192f0,30,0,1
polygon,0x62a872d9977db171d9e213a5dc2b782e72ca0033,30,0,1
polygon,0x638df98ad8069a15569da5a6b01181804c47e34c,30,0,1
polygon,0x6396252377f54ad33cff9131708da075b21d9b88,30,0,1
polygon,0x65a05db8322701724c197af82c9cae41195b0aa8,30,0,1
polygon,0x65ad509db5924ef0001d977590985f965ef1aaaa,30,0,1
polygon,0x65c9e3289e5949134759119dbc9f862e8d6f2fbe,30,0,1
polygon,0x6749441fdc8650b5b5a854ed255c82ef361f1596,30,0,1
polygon,0x6804b07d883d0169c05233332ccf17aa956424c5,30,0,1
polygon,0x6899face15c14348e1759371049ab64a3a06bfa6,30,0,1
polygon,0x68ee0d0aad9e1984af85ca224117e4d20eaf68be,30,0,1
polygon,0x6949804b60dd9dcea43fd8d10ccdc640b55f9f7f,30,0,1
polygon,0x6968105460f67c3bf751be7c15f92f5286fd0ce5,30,0,1
polygon,0x69bde563680f580a2da5b5d4e202eca4fdf35664,30,0,1
polygon,0x6ab4e20f36ca48b61ecd66c0450fdf665fa130be,30,0,1
polygon,0x6aca77cf3bab0c4e8210a09b57b07854a995289a,30,0,1
polygon,0x6d9c0b104e5af90a6d11a13eb77288e533333301,30,0,1
polygon,0x6ded90082c7c8c0bce1b7c14d1e60527dee4a44c,30,0,1
polygon,0x6e65ae5572df196fae40be2545ebc2a9a24eace9,30,0,1
polygon,0x6eaea1ed457e06f8cf6ee7adf34e621844c3b0fc,30,0,1
polygon,0x6fe947ffd91ae3a7c8a6090b692ca2bdecd30269,30,0,1
polygon,0x7075cab6bcca06613e2d071bd918d1a0241379e2,30,0,1
polygon,0x709a4b6217584188ddb93c82f5d716d969acce1c,30,0,1
polygon,0x70a13201df2364b634cb5aac8d735db3a654b30c,30,0,1
polygon,0x70d59baa5ab360b2723dd561415bdbcd4435e1c4,30,0,1
polygon,0x70e29b7e036b14d496431b77e0b6eb0008be6165,30,0,1
polygon,0x72b9f88e822cf08b031c2206612b025a82fb303c,30,0,1
polygon,0x72bba3aa59a1ccb1591d7cddb714d8e4d5597e96,30,0,1
polygon,0x72c96c73207936e94066b4c8566c6987c9a1f1de,30,0,1
polygon,0x735fa792e731a2e8f83f32eb539841b7b72e6d8f,30,0,1
polygon,0x754e15f1243f4b8bd319eb760774388a22b049e5,30,0,1
polygon,0x7583feddbcefa813dc18259940f76a02710a8905,30,0,1
polygon,0x784665471bb8b945b57a76a9200b109ee214e789,30,0,1
polygon,0x7bb11e7f8b10e9e571e5d8eace04735fdfb2358a,30,0,1
polygon,0x7bdf330f423ea880ff95fc41a280fd5ecfd3d09f,30,0,1
polygon,0x7cdc0421469398e0f3aa8890693d86c840ac8931,30,0,1
polygon,0x7f67639ffc8c93dd558d452b8920b28815638c44,30,0,1
polygon,0x7fbc10850cae055b27039af31bd258430e714c62,30,0,1
polygon,0x800800500fd721a2e8092bd2d0401841b33b0fe7,30,0,1
polygon,0x80ca0d8c38d2e2bcbab66aa1648bd1c7160500fe,30,0,1
polygon,0x81382e9693de2afc33f69b70a6c12ca9b3a73f47,30,0,1
polygon,0x820802fa8a99901f52e39acd21177b0be6ee2974,30,0,1
polygon,0x8226ac9edb26ff16da19151042a8ba3bb2cc237f,30,0,1
polygon,0x823cd4264c1b951c9209ad0deaea9988fe8429bf,30,0,1
polygon,0x82617aa52dddf5ed9bb7b370ed777b3182a30fd1,30,0,1
polygon,0x8346ab8d5ea7a9db0209aed2d1806afa0e2c4c21,30,0,1
polygon,0x85057d5a8d063f9075ba963101d76352051675e5,30,0,1
polygon,0x8839e639f210b80ffea73aedf51baed8dac04499,30,0,1
polygon,0x8a16d4bf8a0a716017e8d2262c4ac32927797a2f,30,0,1
polygon,0x8c1245ba1714bd7a61a34cb63b95331fa3db497c,30,0,1
polygon,0x8c92e38eca8210f4fcbf17f0951b198dd7668292,30,0,1
polygon,0x8de5b80a0c1b02fe4976851d030b36122dbb8624,30,0,1
polygon,0x8e677ca17065ed74675bc27bcabadb7eef10a292,30,0,1
polygon,0x8eb270e296023e9d92081fdf967ddd7878724424,30,0,1
polygon,0x8f15330737184643473348004ef70c1c57c2966d,1,0,1
polygon,0x8fd0195469b51a935dc3c48617ced6b400e38c9c,30,0,1
polygon,0x8ffdf2de812095b1d19cb146e4c004587c0a0692,30,0,1
polygon,0x90f3edc7d5298918f7bb51694134b07356f7d0c7,30,0,1
polygon,0x9111d6446ac5b88a84cf06425c6286658368542f,30,0,1
polygon,0x91abdd640a952e129a67c98ca166d9a97b1aedba,30,0,1
polygon,0x91c5a5488c0decde1eacd8a4f10e0942fb925067,30,0,1
polygon,0x92a9c92c215092720c731c96d4ff508c831a714f,30,0,1
polygon,0x93810fe228fa8c69b08c2d8df3ec05357c00c625,30,0,1
polygon,0x94025780a1ab58868d9b2dbbb775f44b32e8e6e5,30,0,1
polygon,0x9417669fbf23357d2774e9d421307bd5ea1006d2,30,0,1
polygon,0x950e1561b7a7deb1a32a6419fd435410daf851b0,30,0,1
polygon,0x968a8e095100f54a91cc9dae23b487616e2aeab3,30,0,1
polygon,0x9719d867a500ef117cc201206b8ab51e794d3f82,30,0,1
polygon,0x9ae69fdff2fa97e34b680752d8e70dfd529ea6ca,30,0,1
polygon,0x9af3b7dc29d3c4b1a5731408b6a9656fa7ac3b72,30,0,1
polygon,0x9c1c23e60b72bc88a043bf64afdb16a02540ae8f,30,0,1
polygon,0x9c32185b81766a051e08de671207b34466dd1021,30,0,1
polygon,0x9c6bfedc14b5c23e3900889436edca7805170f01,30,0,1
polygon,0x9de41aff9f55219d5bf4359f167d1d0c772a396d,30,0,1
polygon,0x9e20461bc2c4c980f62f1b279d71734207a6a356,30,0,1
polygon,0x9ff62d1fc52a907b6dcba8077c2ddca6e6a9d3e1,30,0,1
polygon,0xa0e390e9cea0d0e8cd40048ced9fa9ea10d71639,30,0,1
polygon,0xa0e4c84693266a9d3bbef2f394b33712c76599ab,30,0,1
polygon,0xa1388e73c51b37383b1ab9dce8317ef5a0349cc5,30,0,1
polygon,0xa25d8e286d56adab20f9cf20b56646a6d7df2cee,30,0,1
polygon,0xa26df7f21d752bcd3a413ba496485d87d65eef8f,30,0,1
polygon,0xa2c638b78783e9afe26a16ec8b11de54eb169360,30,0,1
polygon,0xa3c53b53fe43083aa31c6f32ffe90c4d91b44391,30,0,1
polygon,0xa3ed22eee92a3872709823a6970069e12a4540eb,30,0,1
polygon,0xa411c9aa00e020e4f88bc19996d29c5b7adb4acf,30,0,1
polygon,0xa4335da338ec4c07c391fc1a9bf75f306adadc08,30,0,1
polygon,0xa486c6bc102f409180ccb8a94ba045d39f8fc7cb,30,0,1
polygon,0xa4d94019934d8333ef880abffbf2fdd611c762bd,30,0,1
polygon,0xa5577d1cec2583058a6bd6d5deac44797c205701,30,0,1
polygon,0xa6b37fc85d870711c56fbcb8afe2f8db049ae774,30,0,1
polygon,0xa6da8c8999c094432c77e7d318951d34019af24b,30,0,1
polygon,0xa7051c5a22d963b81d71c2ba64d46a877fbc1821,30,0,1
polygon,0xa7305ae84519ff8be02484cda45834c4e7d13dd6,30,0,1
polygon,0xa9a779aea33b6f40cfc78a29cf56fc7e6fb329ab,30,0,1
polygon,0xa9f37d84c856fda3812ad0519dad44fa0a3fe207,30,0,1
polygon,0xaa3a5f22ccef4866ba6d8864975e7614e49fd351,1,0,1
polygon,0xaa7dbd1598251f856c12f63557a4c4397c253cea,30,0,1
polygon,0xab0b2ddb9c7e440fac8e140a89c0dbcbf2d7bbff,30,0,1
polygon,0xab1b1680f6037006e337764547fb82d17606c187,30,0,1
polygon,0xab5f7a0e20b0d056aed4aa4528c78da45be7308b,30,0,1
polygon,0xac51c4c48dc3116487ed4bc16542e27b5694da1b,30,0,1
polygon,0xacd7b3d9c10e97d0efa418903c0c7669e702e4c0,30,0,1
polygon,0xad9f61563b104281b14322fec8b42eb67711bf68,30,0,1
polygon,0xae740d42e4ff0c5086b2b5b5d149eb2f9e1a754f,30,0,1
polygon,0xaeb3e641ec85517a63604cb13fce73ba22fcc827,30,0,1
polygon,0xafb6e8331355fae99c8e8953bb4c6dc5d11e9f3c,30,0,1
polygon,0xafcdd4f666c84fed1d8bd825aa762e3714f652c9,30,0,1
polygon,0xb044e4d2b145a8e7832889fc4609f654446c22f9,30,0,1
polygon,0xb140665dde25c644c6b418e417c930de8a8a6ac9,30,0,1
polygon,0xb355f4f4cc84a9429a59d5c2b98d77016f7ec482,30,0,1
polygon,0xb371248dd0f9e4061ccf8850e9223ca48aa7ca4b,30,0,1
polygon,0xb382c1cfa622795a534e5bd56fac93d59bac8b0d,30,0,1
polygon,0xb58458c52b6511dc723d7d6f3be8c36d7383b4a8,1,0,1
polygon,0xb6509cbd9e2d1cec787a7357eb1578b86a0c702d,30,0,1
polygon,0xb6a5ae40e79891e4deadad06c8a7ca47396df21c,30,0,1
polygon,0xb7486718ea21c79bbd894126f79f504fd3625f68,30,0,1
polygon,0xb77e62709e39ad1cbeebe77cf493745aec0f453a,30,0,1
polygon,0xb837f0e111596348a27e424e43938eb01753cf34,30,0,1
polygon,0xb8901acb165ed027e32754e0ffe830802919727f,30,0,1
polygon,0xb9585ec9d4c97ad9ded7250bb9a199fe8eed0eca,30,0,1
polygon,0xb95e2384d8db81d8776a0f2b2eb994b4e9f1dd1f,30,0,1
polygon,0xb9638272ad6998708de56bbc0a290a1de534a578,30,0,1
polygon,0xba25b552c8a098afdf276324c32c71fe28e0ad40,30,0,1
polygon,0xba3cb8329d442e6f9eb70fafe1e214251df3d275,30,0,1
polygon,0xbc5eb84c052fd012bb902c258c9fd241b17c0005,30,0,1
polygon,0xbcd2c5c78000504efbc1ce6489dfcac71835406a,30,0,1
polygon,0xbd1463f02f61676d53fd183c2b19282bff93d099,30,0,1
polygon,0xbd7a5cf51d22930b8b3df6d834f9bcef90ee7c4f,30,0,1
polygon,0xbfa35599c7aebb0dace9b5aa3ca5f2a79624d8eb,30,0,1
polygon,0xc10358f062663448a3489fc258139944534592ac,30,0,1
polygon,0xc14a7747cfec02cfea62e72bb93538de6b2078e6,30,0,1
polygon,0xc17c30e98541188614df99239cabd40280810ca3,30,0,1
polygon,0xc1b02e52e9512519edf99671931772e452fb4399,30,0,1
polygon,0xc298812164bd558268f51cc6e3b8b5daaf0b6341,30,0,1
polygon,0xc2a45fe7d40bcac8369371b08419ddafd3131b4a,30,0,1
polygon,0xc2b76b5cd8f81445071807c7fef513925d3e78d6,30,0,1
polygon,0xc3e8abfa04b0ec442c2a4d65699a40f7fced8055,30,0,1
polygon,0xc48f61a288a08f1b80c2edd74652e1276b6a168c,30,0,1
polygon,0xc4ea087fc2cb3a1d9ff86c676f03abe4f3ee906f,12,0,1
polygon,0xc5102fe9359fd9a28f877a67e36b0f050d81a3cc,30,0,1
polygon,0xc56d17dd519e5eb43a19c9759b5d5372115220bd,30,0,1
polygon,0xc6920888988caceea7acca0c96f2d65b05ee22ba,30,0,1
polygon,0xc708d6f2153933daa50b2d0758955be0a93a8fec,30,0,1
polygon,0xc8bb8eda94931ca2f20ef43ea7dbd58e68400400,30,0,1
polygon,0xc9c1c1c20b3658f8787cc2fd702267791f224ce1,30,0,1
polygon,0xc9df967627121d67bc120fadb291c3ba5800ab2d,30,0,1
polygon,0xcc2a9051e904916047c26c90f41c000d4f273456,30,0,1
polygon,0xcdb3867935247049e87c38ea270edd305d84c9ae,30,0,1
polygon,0xcfe2cf35d2bdde84967e67d00ad74237e234ce59,30,0,1
polygon,0xd13cfd3133239a3c73a9e535a5c4dadee36b395c,30,0,1
polygon,0xd28449bb9bb659725accad52947677cce3719fd7,30,0,1
polygon,0xd3b71117e6c1558c1553305b44988cd944e97300,30,0,1
polygon,0xd4cce747e623ce2d72322892e5db238e2a5eb4f3,30,0,1
polygon,0xd6a5c5adc3905b354b8d945d9d73142f54254989,30,0,1
polygon,0xd8ca34fd379d9ca3c6ee3b3905678320f5b45195,30,0,1
polygon,0xd99bafe5031cc8b345cb2e8c80135991f12d7130,30,0,1
polygon,0xd9e838dd60c8ea1e7dd4e670913323bb87db112c,30,0,1
polygon,0xdc0e17eae3b9651875030244b971fa0223a1764f,30,0,1
polygon,0xdc3326e71d45186f113a2f448984ca0e8d201995,30,0,1
polygon,0xdd28ec6b06983d01d37dbd9ab581d8d884d95264,30,0,1
polygon,0xdd875635231e68e846ce190b1396ac0295d9e577,30,0,1
polygon,0xe0bceef36f3a6efdd5eebfacd591423f8549b9d5,30,0,1
polygon,0xe111178a87a3bff0c8d18decba5798827539ae99,30,0,1
polygon,0xe1e516ed179e8f448f5ebd5eca4f2a892368b78b,30,0,1
polygon,0xe20b9e246db5a0d21bf9209e4858bc9a3ff7a034,30,0,1
polygon,0xe4c2b5db9de5da0a17ed7ec7176602ad99e52624,30,0,1
polygon,0xe580074a10360404af3abfe2d524d5806d993ea3,30,0,1
polygon,0xe58e8391ba17731c5671f9c6e00e420608dca10e,30,0,1
polygon,0xe5b49820e5a1063f6f4ddf851327b5e8b2301048,30,0,1
polygon,0xe6a537a407488807f0bbeb0038b79004f19dddfb,30,0,1
polygon,0xe78aee6ccb05471a69677fb74da80f5d251c042b,30,0,1
polygon,0xe79feaaa457ad7899357e8e2065a3267ac9ee601,30,0,1
polygon,0xe840b73e5287865eec17d250bfb1536704b43b21,30,0,1
polygon,0xe960d5076cd3169c343ee287a2c3380a222e5839,30,0,1
polygon,0xe97a60f5d34da4f68bc1f1b9ce2c19ec1a33e928,30,0,1
polygon,0xe9c27e7aec171662488edd9dbc97272ec280f632,30,0,1
polygon,0xe9e7c09e82328c3107d367f6c617cf9977e63ed0,30,0,1
polygon,0xea1132120ddcdda2f119e99fa7a27a0d036f7ac9,30,0,1
polygon,0xee327f889d5947c1dc1934bb208a1e792f953e96,30,0,1
polygon,0xee7666aacaefaa6efeef62ea40176d3eb21953b9,30,0,1
polygon,0xee9a352f6aac4af1a5b9f467f6a93e0ffbe9dd35,30,0,1
polygon,0xef205f99bd869e74b16050199d54327a0ecd343d,30,0,1
polygon,0xf0059cc2b3e980065a906940fbce5f9db7ae40a7,30,0,1
polygon,0xf14fbc6b30e2c4bc05a1d4fbe34bf9f14313309d,30,0,1
polygon,0xf33687811f3ad0cd6b48dd4b39f9f977bd7165a2,2,0,1
polygon,0xf4c83080e80ae530d6f8180572cbbf1ac9d5d435,30,0,1
polygon,0xf59036caebea7dc4b86638dfa2e3c97da9fccd40,30,0,1
polygon,0xf6372cdb9c1d3674e83842e3800f2a62ac9f3c66,30,0,1
polygon,0xf6a09deadf5a10aa7822d95e3228b2315de8f6fa,30,0,1
polygon,0xf6a38ce301700e28e0d0a3b021bae6d4fa1b5d1b,30,0,1
polygon,0xf6db73d0495fe4648d494046ccbdc5625f2740f0,30,0,1
polygon,0xf84bd51eab957c2e7b7d646a3427c5a50848281d,30,0,1
polygon,0xf88332547c680f755481bf489d890426248bb275,30,0,1
polygon,0xf8f9efc0db77d8881500bb06ff5d6abc3070e695,30,0,1
polygon,0xf9cea445c2ac1668f50caa2c2924f93606a4a37d,30,0,1
polygon,0xfba4d30e964e40775c95b58acf6b5a621b929c0a,30,0,1
polygon,0xfcbb00df1d663eee58123946a30ab2138bf9eb2a,30,0,1
polygon,0xfef5d947472e72efbb2e388c730b7428406f2f95,30,0,1
polygon,0xffa188493c15dfaf2c206c97d8633377847b6a52,30,0,1
polygon,0xffb89d7637cf4860884ed48b57ae5562bf64e10f,30,0,1
polygon,0xffc4b25557bb4327d437c3b3ead6b2b15fab391a,30,0,1
