run_id,experiment_id,seed,family,budget,random_repeat,runtime_repeat,policy_hash,batch_size,N,deep_fraction,latency_ms_per_contract,local_ms,retrieval_ms,relational_ms,wall_ms,N_positive,tp,tn,fp,fn,ap,roc_auc,f1,precision,recall,mcc,fpr,specificity,alert_rate,fp_per_1000,undefined_reason,offline_scalar_batched_score_max_abs_diff,offline_scalar_batched_prediction_disagreements
selectivestream_r01_20261011,pooled_snapshot,11,margin,0.0,0,0,55f70fdad3d060cbfb9c16c3bd1c5c7fbc542662ba3141fe653aea6175573bdd,128,3648,0.0,0.04150797313609713,143.2991170004243,0.22409900066122646,0.08467799989375635,151.42108600048232,161,62,3472,15,99,0.5607411636401153,0.9044320786880107,0.5210084033613446,0.8051948051948052,0.38509316770186336,0.5441089151771524,0.004301691998852882,0.9956983080011471,0.021107456140350877,4.1118421052631575,,,
selectivestream_r01_20261011,pooled_snapshot,11,margin,0.0,0,1,55f70fdad3d060cbfb9c16c3bd1c5c7fbc542662ba3141fe653aea6175573bdd,128,3648,0.0,0.0327718752742319,110.9801669999797,0.20199800019327085,0.06933199847480864,119.55180100039797,161,62,3472,15,99,0.5607411636401152,0.9044320786880107,0.5210084033613446,0.8051948051948052,0.38509316770186336,0.5441089151771524,0.004301691998852882,0.9956983080011471,0.021107456140350877,4.1118421052631575,,,
selectivestream_r01_20261011,pooled_snapshot,11,margin,0.0,0,2,55f70fdad3d060cbfb9c16c3bd1c5c7fbc542662ba3141fe653aea6175573bdd,128,3648,0.0,0.03178475356391848,107.57065100051477,0.19196400035070837,0.06756900165783009,115.95078100117462,161,62,3472,15,99,0.5607411636401153,0.9044320786880107,0.5210084033613446,0.8051948051948052,0.38509316770186336,0.5441089151771524,0.004301691998852882,0.9956983080011471,0.021107456140350877,4.1118421052631575,,,
selectivestream_r01_20261011,pooled_snapshot,11,margin,0.1,0,0,7c80372c53c841262ec14ce8458688a5696e8fd24a59e3fb1137a06672f5330e,128,3648,0.0581140350877193,0.14052291557058488,110.4077690001759,111.80515500018373,281.2140710016138,512.6275960014937,161,53,3479,8,108,0.5302210498621082,0.8940403308116927,0.4774774774774775,0.8688524590163934,0.32919254658385094,0.5236257342556737,0.002294235732721537,0.9977057642672784,0.016721491228070175,2.192982456140351,,,
selectivestream_r01_20261011,pooled_snapshot,11,margin,0.1,0,1,7c80372c53c841262ec14ce8458688a5696e8fd24a59e3fb1137a06672f5330e,128,3648,0.0581140350877193,0.087696991501667,110.40801999797623,105.89525200020944,94.03552000048876,319.9186249980812,161,53,3479,8,108,0.5304027957238712,0.8940403308116927,0.4774774774774775,0.8688524590163934,0.32919254658385094,0.5236257342556737,0.002294235732721537,0.9977057642672784,0.016721491228070175,2.192982456140351,,,
selectivestream_r01_20261011,pooled_snapshot,11,margin,0.1,0,2,7c80372c53c841262ec14ce8458688a5696e8fd24a59e3fb1137a06672f5330e,128,3648,0.0581140350877193,0.08126228728057465,99.92418299998462,105.37519399895245,82.74821400118526,296.4448239995363,161,53,3479,8,108,0.5316212773921279,0.8940403308116927,0.4774774774774775,0.8688524590163934,0.32919254658385094,0.5236257342556737,0.002294235732721537,0.9977057642672784,0.016721491228070175,2.192982456140351,,,
selectivestream_r01_20261011,pooled_snapshot,11,margin,0.25,0,0,e41d67c5c61bda087ce25333ca564ba883140c7b95efe20267f85f8b17d6daf2,128,3648,0.14720394736842105,0.12364362911168164,107.30961700073749,224.01889500179095,111.28593499961426,451.05195899941464,161,68,3451,36,93,0.5653261798191855,0.8933100228532953,0.5132075471698113,0.6538461538461539,0.422360248447205,0.5085231700773573,0.010324060797246917,0.9896759392027531,0.02850877192982456,9.868421052631579,,2.4674493775966866e-06,0.0
selectivestream_r01_20261011,pooled_snapshot,11,margin,0.25,0,1,e41d67c5c61bda087ce25333ca564ba883140c7b95efe20267f85f8b17d6daf2,128,3648,0.14720394736842105,0.11019867022997089,105.62252100044134,193.93195599923274,95.04722900010165,402.0047489989338,161,68,3451,36,93,0.5655511804410466,0.8933100228532953,0.5132075471698113,0.6538461538461539,0.422360248447205,0.5085231700773573,0.010324060797246917,0.9896759392027531,0.02850877192982456,9.868421052631579,,2.4674493775966866e-06,0.0
selectivestream_r01_20261011,pooled_snapshot,11,margin,0.25,0,2,e41d67c5c61bda087ce25333ca564ba883140c7b95efe20267f85f8b17d6daf2,128,3648,0.14720394736842105,0.11506962417790216,116.04272500017032,195.17595799970877,100.88990300164369,419.77398900098706,161,68,3451,36,93,0.5653261798191854,0.8933100228532954,0.5132075471698113,0.6538461538461539,0.422360248447205,0.5085231700773573,0.010324060797246917,0.9896759392027531,0.02850877192982456,9.868421052631579,,4.282488369478088e-07,0.0
selectivestream_r01_20261011,pooled_snapshot,11,margin,0.5,0,0,6820b205a149539a16bb697a35b1a3a32ce5f5e1e3f13737878bacce540de712,128,3648,0.4517543859649123,0.21301569928716776,113.39549200101828,534.4523799999479,121.75990300283956,777.081270999588,161,62,3465,22,99,0.5651739344547226,0.8971592801657265,0.5061224489795918,0.7380952380952381,0.38509316770186336,0.5187069526189557,0.006309148264984227,0.9936908517350158,0.023026315789473683,6.030701754385965,,,
selectivestream_r01_20261011,pooled_snapshot,11,margin,0.5,0,1,6820b205a149539a16bb697a35b1a3a32ce5f5e1e3f13737878bacce540de712,128,3648,0.4517543859649123,0.22764417269764425,124.25685600055658,572.9833629998211,125.3850759985653,830.4459420010062,161,62,3465,22,99,0.5653556803164854,0.8971592801657265,0.5061224489795918,0.7380952380952381,0.38509316770186336,0.5187069526189557,0.006309148264984227,0.9936908517350158,0.023026315789473683,6.030701754385965,,,
selectivestream_r01_20261011,pooled_snapshot,11,margin,0.5,0,2,6820b205a149539a16bb697a35b1a3a32ce5f5e1e3f13737878bacce540de712,128,3648,0.4517543859649123,0.22710134813601662,138.05295700058196,544.5719700001064,138.1562849992406,828.4657180001886,161,62,3465,22,99,0.5653556803164854,0.8971592801657265,0.5061224489795918,0.7380952380952381,0.38509316770186336,0.5187069526189557,0.006309148264984227,0.9936908517350158,0.023026315789473683,6.030701754385965,,,
selectivestream_r01_20261011,pooled_snapshot,11,margin,0.75,0,0,eb316e0f760eb0b15d8c3ba94df4ec0c3d842c3e3b7399f60dab0fcea1d326fb,128,3648,0.7889254385964912,0.36160422149079524,167.9756579987952,951.8313880012101,191.5621789994475,1319.1321999984211,161,62,3465,22,99,0.5663506916108496,0.9006718833217254,0.5061224489795918,0.7380952380952381,0.38509316770186336,0.5187069526189557,0.006309148264984227,0.9936908517350158,0.023026315789473683,6.030701754385965,,,
selectivestream_r01_20261011,pooled_snapshot,11,margin,0.75,0,1,eb316e0f760eb0b15d8c3ba94df4ec0c3d842c3e3b7399f60dab0fcea1d326fb,128,3648,0.7889254385964912,0.3622595660637897,160.1502309999887,971.1340739995649,182.64625999927375,1321.5228970007047,161,62,3465,22,99,0.5659216753497494,0.9006718833217254,0.5061224489795918,0.7380952380952381,0.38509316770186336,0.5187069526189557,0.006309148264984227,0.9936908517350158,0.023026315789473683,6.030701754385965,,,
selectivestream_r01_20261011,pooled_snapshot,11,margin,0.75,0,2,eb316e0f760eb0b15d8c3ba94df4ec0c3d842c3e3b7399f60dab0fcea1d326fb,128,3648,0.7889254385964912,0.37280646737888157,183.82783499737343,968.5587210015001,199.92357200089828,1359.99799299816,161,62,3465,22,99,0.5661256909889886,0.9006718833217254,0.5061224489795918,0.7380952380952381,0.38509316770186336,0.5187069526189557,0.006309148264984227,0.9936908517350158,0.023026315789473683,6.030701754385965,,,
selectivestream_r01_20261011,pooled_snapshot,11,margin,1.0,0,0,9a1f2d3c701826457ad41638eeb9816eb6c5a0f2555da355cd47a52e067318f4,128,3648,1.0,0.45538300493419365,180.69668499992986,1256.5326199992342,216.256711000824,1661.2372019999384,161,62,3465,22,99,0.5664994668235596,0.908477272281963,0.5061224489795918,0.7380952380952381,0.38509316770186336,0.5187069526189557,0.006309148264984227,0.9936908517350158,0.023026315789473683,6.030701754385965,,,
selectivestream_r01_20261011,pooled_snapshot,11,margin,1.0,0,1,9a1f2d3c701826457ad41638eeb9816eb6c5a0f2555da355cd47a52e067318f4,128,3648,1.0,0.4407835534537771,176.55753499821003,1202.3426610003298,221.49149300093995,1607.9784029993789,161,62,3465,22,99,0.5662689244545119,0.9084772722819631,0.5061224489795918,0.7380952380952381,0.38509316770186336,0.5187069526189557,0.006309148264984227,0.9936908517350158,0.023026315789473683,6.030701754385965,,,
selectivestream_r01_20261011,pooled_snapshot,11,margin,1.0,0,2,9a1f2d3c701826457ad41638eeb9816eb6c5a0f2555da355cd47a52e067318f4,128,3648,1.0,0.4354206230813343,181.91297300063525,1170.540281999365,228.40613599873905,1588.4144330007075,161,62,3465,22,99,0.5664994668235597,0.908477272281963,0.5061224489795918,0.7380952380952381,0.38509316770186336,0.5187069526189557,0.006309148264984227,0.9936908517350158,0.023026315789473683,6.030701754385965,,,
selectivestream_r01_20261011,pooled_snapshot,11,entropy,0.0,0,0,c313c797508b8fa3a5876b1ad0a4ac684c6f526e17e5174d19a8983c66df5dbe,128,3648,0.0,0.051651901863929074,171.5599970002586,0.15192800128716044,0.06005299928801833,188.42613799961327,161,62,3472,15,99,0.5607411636401152,0.9044320786880107,0.5210084033613446,0.8051948051948052,0.38509316770186336,0.5441089151771524,0.004301691998852882,0.9956983080011471,0.021107456140350877,4.1118421052631575,,,
selectivestream_r01_20261011,pooled_snapshot,11,entropy,0.0,0,1,c313c797508b8fa3a5876b1ad0a4ac684c6f526e17e5174d19a8983c66df5dbe,128,3648,0.0,0.05333385910115128,177.62961100015673,0.15816599989193492,0.06443200163630536,194.56191800099987,161,62,3472,15,99,0.5607411636401152,0.9044320786880107,0.5210084033613446,0.8051948051948052,0.38509316770186336,0.5441089151771524,0.004301691998852882,0.9956983080011471,0.021107456140350877,4.1118421052631575,,,
selectivestream_r01_20261011,pooled_snapshot,11,entropy,0.0,0,2,c313c797508b8fa3a5876b1ad0a4ac684c6f526e17e5174d19a8983c66df5dbe,128,3648,0.0,0.05007246765368715,166.02717400019174,0.15861300016695168,0.06394499996531522,182.66436200065073,161,62,3472,15,99,0.5607411636401152,0.9044320786880107,0.5210084033613446,0.8051948051948052,0.38509316770186336,0.5441089151771524,0.004301691998852882,0.9956983080011471,0.021107456140350877,4.1118421052631575,,,
selectivestream_r01_20261011,pooled_snapshot,11,entropy,0.1,0,0,5cd96c80af3016db02d97cf98cc8bef5a14851f853aa9f8fcaa6f950fd6dd59a,128,3648,0.060581140350877194,0.11585623903505193,172.00942499994198,95.16167400079212,139.14676700051132,422.64355999986947,161,55,3479,8,106,0.529483929004125,0.8941062366518409,0.49107142857142855,0.873015873015873,0.3416149068322981,0.534976092420406,0.002294235732721537,0.9977057642672784,0.017269736842105265,2.192982456140351,,,
selectivestream_r01_20261011,pooled_snapshot,11,entropy,0.1,0,1,5cd96c80af3016db02d97cf98cc8bef5a14851f853aa9f8fcaa6f950fd6dd59a,128,3648,0.060581140350877194,0.1162956104717513,168.63481500104172,99.6811500003787,139.25323299827141,424.24638700094874,161,55,3479,8,106,0.5283038047805224,0.8941062366518409,0.49107142857142855,0.873015873015873,0.3416149068322981,0.534976092420406,0.002294235732721537,0.9977057642672784,0.017269736842105265,2.192982456140351,,,
selectivestream_r01_20261011,pooled_snapshot,11,entropy,0.1,0,2,5cd96c80af3016db02d97cf98cc8bef5a14851f853aa9f8fcaa6f950fd6dd59a,128,3648,0.060581140350877194,0.11680337198471168,173.9935760001572,97.02244899926882,138.94538599925,426.0987010002282,161,55,3479,8,106,0.528615956397022,0.8941062366518409,0.49107142857142855,0.873015873015873,0.3416149068322981,0.534976092420406,0.002294235732721537,0.9977057642672784,0.017269736842105265,2.192982456140351,,,
selectivestream_r01_20261011,pooled_snapshot,11,entropy,0.25,0,0,feed8309428800173024890b4f243be75e20253750c7ee7136c9b0dce0f57fa5,128,3648,0.203125,0.1708166825654881,176.62543899996308,268.4010420002778,160.92037599764808,623.1392579989006,161,62,3465,22,99,0.5361285927646852,0.8921878423318556,0.5061224489795918,0.7380952380952381,0.38509316770186336,0.5187069526189557,0.006309148264984227,0.9936908517350158,0.023026315789473683,6.030701754385965,,,
selectivestream_r01_20261011,pooled_snapshot,11,entropy,0.25,0,1,feed8309428800173024890b4f243be75e20253750c7ee7136c9b0dce0f57fa5,128,3648,0.203125,0.16836445805910116,176.30138300046383,259.52714000140986,161.48039599829644,614.193542999601,161,62,3465,22,99,0.5357887626797276,0.8921878423318556,0.5061224489795918,0.7380952380952381,0.38509316770186336,0.5187069526189557,0.006309148264984227,0.9936908517350158,0.023026315789473683,6.030701754385965,,,
selectivestream_r01_20261011,pooled_snapshot,11,entropy,0.25,0,2,feed8309428800173024890b4f243be75e20253750c7ee7136c9b0dce0f57fa5,128,3648,0.203125,0.16766437500019282,167.12502900099935,278.37831500210086,148.97398700077247,611.6396400007034,161,62,3465,22,99,0.5363326084039244,0.8921878423318556,0.5061224489795918,0.7380952380952381,0.38509316770186336,0.5187069526189557,0.006309148264984227,0.9936908517350158,0.023026315789473683,6.030701754385965,,,
selectivestream_r01_20261011,pooled_snapshot,11,entropy,0.5,0,0,b11071467b9ce697425284bbeba8d25e79303d0d5f15223ff778aedbbda4e94f,128,3648,0.5101425438596491,0.2770577552088308,175.79093200129137,643.51642200063,174.407633001465,1010.7066910018148,161,62,3465,22,99,0.5379583830375888,0.8984595845794584,0.5061224489795918,0.7380952380952381,0.38509316770186336,0.5187069526189557,0.006309148264984227,0.9936908517350158,0.023026315789473683,6.030701754385965,,,
selectivestream_r01_20261011,pooled_snapshot,11,entropy,0.5,0,1,b11071467b9ce697425284bbeba8d25e79303d0d5f15223ff778aedbbda4e94f,128,3648,0.5101425438596491,0.27648824396957133,171.5403670013984,635.7257519989616,183.95006899982036,1008.6291140009962,161,62,3465,22,99,0.5377543673983496,0.8984595845794584,0.5061224489795918,0.7380952380952381,0.38509316770186336,0.5187069526189557,0.006309148264984227,0.9936908517350158,0.023026315789473683,6.030701754385965,,,
selectivestream_r01_20261011,pooled_snapshot,11,entropy,0.5,0,2,b11071467b9ce697425284bbeba8d25e79303d0d5f15223ff778aedbbda4e94f,128,3648,0.5101425438596491,0.2750801266444363,179.98365700077557,601.9669439979225,205.10256199941068,1003.4923019989037,161,62,3465,22,99,0.5381833836594498,0.8984595845794584,0.5061224489795918,0.7380952380952381,0.38509316770186336,0.5187069526189557,0.006309148264984227,0.9936908517350158,0.023026315789473683,6.030701754385965,,,
selectivestream_r01_20261011,pooled_snapshot,11,entropy,0.75,0,0,b147f237b45ad00c6e3c576c091e6c3fb42dced8f4a95289c87e9c90f6f9a44d,128,3648,0.8097587719298246,0.3786424065240904,173.65020699844536,975.3145640006551,215.6483290000324,1381.2874989998818,161,62,3465,22,99,0.5387466777144454,0.8996049212068962,0.5061224489795918,0.7380952380952381,0.38509316770186336,0.5187069526189557,0.006309148264984227,0.9936908517350158,0.023026315789473683,6.030701754385965,,,
selectivestream_r01_20261011,pooled_snapshot,11,entropy,0.75,0,1,b147f237b45ad00c6e3c576c091e6c3fb42dced8f4a95289c87e9c90f6f9a44d,128,3648,0.8097587719298246,0.3834693813052338,182.51347000114038,983.9651869992849,215.65303800207403,1398.896303001493,161,62,3465,22,99,0.5387466777144454,0.8996049212068962,0.5061224489795918,0.7380952380952381,0.38509316770186336,0.5187069526189557,0.006309148264984227,0.9936908517350158,0.023026315789473683,6.030701754385965,,,
selectivestream_r01_20261011,pooled_snapshot,11,entropy,0.75,0,2,b147f237b45ad00c6e3c576c091e6c3fb42dced8f4a95289c87e9c90f6f9a44d,128,3648,0.8097587719298246,0.3771777439692015,179.51282700050797,965.3205920012624,214.34516099816392,1375.9444099996472,161,62,3465,22,99,0.5393892135893651,0.8996049212068963,0.5061224489795918,0.7380952380952381,0.38509316770186336,0.5187069526189557,0.006309148264984227,0.9936908517350158,0.023026315789473683,6.030701754385965,,,
selectivestream_r01_20261011,pooled_snapshot,11,entropy,1.0,0,0,d06f44c289e70dbda68d6376e8b8166827ca22ad7a8ef8bfca82a5f579fb8f04,128,3648,1.0,0.45486940844304063,177.4741640006141,1234.8540009998032,229.80165000171837,1659.3636020002123,161,62,3465,22,99,0.5664994668235596,0.9084772722819632,0.5061224489795918,0.7380952380952381,0.38509316770186336,0.5187069526189557,0.006309148264984227,0.9936908517350158,0.023026315789473683,6.030701754385965,,,
selectivestream_r01_20261011,pooled_snapshot,11,entropy,1.0,0,1,d06f44c289e70dbda68d6376e8b8166827ca22ad7a8ef8bfca82a5f579fb8f04,128,3648,1.0,0.45154241392509176,176.60208000006605,1231.2534840002627,222.6784729996325,1647.2267259987348,161,62,3465,22,99,0.5663158706783697,0.908477272281963,0.5061224489795918,0.7380952380952381,0.38509316770186336,0.5187069526189557,0.006309148264984227,0.9936908517350158,0.023026315789473683,6.030701754385965,,,
selectivestream_r01_20261011,pooled_snapshot,11,entropy,1.0,0,2,d06f44c289e70dbda68d6376e8b8166827ca22ad7a8ef8bfca82a5f579fb8f04,128,3648,1.0,0.44752470175436937,174.84970299983615,1216.0245530012617,225.03942599814764,1632.5701119999394,161,62,3465,22,99,0.5669722091757877,0.9084772722819632,0.5061224489795918,0.7380952380952381,0.38509316770186336,0.5187069526189557,0.006309148264984227,0.9936908517350158,0.023026315789473683,6.030701754385965,,,
selectivestream_r01_20261011,pooled_snapshot,11,random,0.0,0,0,e55e58064417fde3dffda47a8f69f9afa88c5b78292fcd476ede224dcb1cc18c,128,3648,0.0,0.04992117489041847,178.16754600107743,0.21865700136913802,0.08643999990454176,182.11244600024656,161,62,3472,15,99,0.5607411636401153,0.9044320786880107,0.5210084033613446,0.8051948051948052,0.38509316770186336,0.5441089151771524,0.004301691998852882,0.9956983080011471,0.021107456140350877,4.1118421052631575,,,
selectivestream_r01_20261011,pooled_snapshot,11,random,0.0,0,1,e55e58064417fde3dffda47a8f69f9afa88c5b78292fcd476ede224dcb1cc18c,128,3648,0.0,0.04215731633774623,149.81141699990985,0.1981089990295004,0.08017300024221186,153.78989000009824,161,62,3472,15,99,0.5607411636401153,0.9044320786880107,0.5210084033613446,0.8051948051948052,0.38509316770186336,0.5441089151771524,0.004301691998852882,0.9956983080011471,0.021107456140350877,4.1118421052631575,,,
selectivestream_r01_20261011,pooled_snapshot,11,random,0.0,0,2,e55e58064417fde3dffda47a8f69f9afa88c5b78292fcd476ede224dcb1cc18c,128,3648,0.0,0.050278265899157557,179.67478699893036,0.17929899968294194,0.08237899965024553,183.41511400012678,161,62,3472,15,99,0.5607411636401153,0.9044320786880107,0.5210084033613446,0.8051948051948052,0.38509316770186336,0.5441089151771524,0.004301691998852882,0.9956983080011471,0.021107456140350877,4.1118421052631575,,,
selectivestream_r01_20261011,pooled_snapshot,11,random,0.1,0,0,da7d94cf33a170953aa1dd51254ddc5a010bbf4f9caf1fb209ef18d44d8145ef,128,3648,0.08634868421052631,0.12310479358546401,178.66056999946522,127.14099099866871,139.39865499969528,449.0862869997727,161,63,3473,14,98,0.5567042052945121,0.9009836001332366,0.5294117647058824,0.8181818181818182,0.391304347826087,0.5533937809617536,0.00401491253226269,0.9959850874677373,0.021107456140350877,3.837719298245614,,,
selectivestream_r01_20261011,pooled_snapshot,11,random,0.1,0,1,da7d94cf33a170953aa1dd51254ddc5a010bbf4f9caf1fb209ef18d44d8145ef,128,3648,0.08634868421052631,0.1273726743419165,184.36923400031446,124.28782799952387,152.08314900019104,464.6555159993113,161,63,3473,14,98,0.5567042052945121,0.9009836001332366,0.5294117647058824,0.8181818181818182,0.391304347826087,0.5533937809617536,0.00401491253226269,0.9959850874677373,0.021107456140350877,3.837719298245614,,,
selectivestream_r01_20261011,pooled_snapshot,11,random,0.1,0,2,da7d94cf33a170953aa1dd51254ddc5a010bbf4f9caf1fb209ef18d44d8145ef,128,3648,0.08634868421052631,0.12471640871724364,177.37347599950226,120.83566299997983,153.02662800058897,454.9654590005048,161,63,3473,14,98,0.5567042052945121,0.9009836001332366,0.5294117647058824,0.8181818181818182,0.391304347826087,0.5533937809617536,0.00401491253226269,0.9959850874677373,0.021107456140350877,3.837719298245614,,,
selectivestream_r01_20261011,pooled_snapshot,11,random,0.25,0,0,a4ece52fcb30d8bd733340aebb05b79f68af3edf43ab4b38b772ca4f0298ca5b,128,3648,0.23190789473684212,0.17734159429793586,176.98970699893835,302.6713519993791,163.35017499977766,646.9421359988701,161,63,3477,10,98,0.5630096248513817,0.9029910563993678,0.5384615384615384,0.863013698630137,0.391304347826087,0.5697174874077198,0.0028677946659019216,0.9971322053340981,0.0200109649122807,2.741228070175439,,,
selectivestream_r01_20261011,pooled_snapshot,11,random,0.25,0,1,a4ece52fcb30d8bd733340aebb05b79f68af3edf43ab4b38b772ca4f0298ca5b,128,3648,0.23190789473684212,0.18109101589920173,178.5390810005083,301.5334829992753,176.6655069995977,660.6200260002879,161,63,3477,10,98,0.5629387465196338,0.9029910563993678,0.5384615384615384,0.863013698630137,0.391304347826087,0.5697174874077198,0.0028677946659019216,0.9971322053340981,0.0200109649122807,2.741228070175439,,,
selectivestream_r01_20261011,pooled_snapshot,11,random,0.25,0,2,a4ece52fcb30d8bd733340aebb05b79f68af3edf43ab4b38b772ca4f0298ca5b,128,3648,0.23190789473684212,0.17918844873894824,178.39687699733986,307.63976200023535,163.63992400056304,653.6794609996832,161,63,3477,10,98,0.5630096248513817,0.9029910563993678,0.5384615384615384,0.863013698630137,0.391304347826087,0.5697174874077198,0.0028677946659019216,0.9971322053340981,0.0200109649122807,2.741228070175439,,,
selectivestream_r01_20261011,pooled_snapshot,11,random,0.5,0,0,367a9bf560ea407450995001b5417f76a69f9fbd722c13228b771836a435d029,128,3648,0.4942434210526316,0.2688157765897352,177.3856789986894,606.1983930012502,193.16272600144657,980.6399529993541,161,59,3478,9,102,0.5519703118107994,0.9073283731766792,0.5152838427947598,0.8676470588235294,0.36645962732919257,0.5525854833414375,0.0025810151993117293,0.9974189848006882,0.01864035087719298,2.4671052631578947,,,
selectivestream_r01_20261011,pooled_snapshot,11,random,0.5,0,1,367a9bf560ea407450995001b5417f76a69f9fbd722c13228b771836a435d029,128,3648,0.4942434210526316,0.27103294544947165,179.05520699787303,603.6130189995674,202.21129100127655,988.7281849996725,161,59,3478,9,102,0.5522089120228885,0.9073283731766792,0.5152838427947598,0.8676470588235294,0.36645962732919257,0.5525854833414375,0.0025810151993117293,0.9974189848006882,0.01864035087719298,2.4671052631578947,,,
selectivestream_r01_20261011,pooled_snapshot,11,random,0.5,0,2,367a9bf560ea407450995001b5417f76a69f9fbd722c13228b771836a435d029,128,3648,0.4942434210526316,0.27386940460472853,173.30568499846777,632.7687259999948,188.91220700015765,999.0755879980497,161,59,3478,9,102,0.5517738575051192,0.9073283731766794,0.5152838427947598,0.8676470588235294,0.36645962732919257,0.5525854833414375,0.0025810151993117293,0.9974189848006882,0.01864035087719298,2.4671052631578947,,,
selectivestream_r01_20261011,pooled_snapshot,11,random,0.75,0,0,88e8b1ab8d916cf5ad0b25922b874e281a001cb201fd578248fbb440b483779b,128,3648,0.7582236842105263,0.36565144709443165,175.3565819999494,952.2609830000874,202.12463400048364,1333.8964790004866,161,58,3478,9,103,0.564980001447038,0.9078235575972511,0.5087719298245614,0.8656716417910447,0.36024844720496896,0.5471151569789896,0.0025810151993117293,0.9974189848006882,0.01836622807017544,2.4671052631578947,,,
selectivestream_r01_20261011,pooled_snapshot,11,random,0.75,0,1,88e8b1ab8d916cf5ad0b25922b874e281a001cb201fd578248fbb440b483779b,128,3648,0.7582236842105263,0.356157722587606,166.10520399854067,939.6862070016141,189.42787800187944,1299.2633719995865,161,58,3478,9,103,0.5646849001289187,0.9078235575972511,0.5087719298245614,0.8656716417910447,0.36024844720496896,0.5471151569789896,0.0025810151993117293,0.9974189848006882,0.01836622807017544,2.4671052631578947,,,
selectivestream_r01_20261011,pooled_snapshot,11,random,0.75,0,2,88e8b1ab8d916cf5ad0b25922b874e281a001cb201fd578248fbb440b483779b,128,3648,0.7582236842105263,0.3652101387063922,167.9931900007432,968.2090890000836,192.00576300136163,1332.2865860009188,161,58,3478,9,103,0.564980001447038,0.9078235575972511,0.5087719298245614,0.8656716417910447,0.36024844720496896,0.5471151569789896,0.0025810151993117293,0.9974189848006882,0.01836622807017544,2.4671052631578947,,,
selectivestream_r01_20261011,pooled_snapshot,11,random,1.0,0,0,8c035ed0d1f4006e4c8cf8a3772940a51974c54af07398b6b87f331370584f69,128,3648,1.0,0.4451087223140342,181.08636700026182,1226.5874050008279,211.1902390006435,1623.7566190015968,161,62,3465,22,99,0.5663158706783697,0.908477272281963,0.5061224489795918,0.7380952380952381,0.38509316770186336,0.5187069526189557,0.006309148264984227,0.9936908517350158,0.023026315789473683,6.030701754385965,,,
selectivestream_r01_20261011,pooled_snapshot,11,random,1.0,0,1,8c035ed0d1f4006e4c8cf8a3772940a51974c54af07398b6b87f331370584f69,128,3648,1.0,0.43715930948451387,171.51511599922742,1212.2219429993493,207.03909300164014,1594.7571609995066,161,62,3465,22,99,0.5664994668235597,0.9084772722819631,0.5061224489795918,0.7380952380952381,0.38509316770186336,0.5187069526189557,0.006309148264984227,0.9936908517350158,0.023026315789473683,6.030701754385965,,,
selectivestream_r01_20261011,pooled_snapshot,11,random,1.0,0,2,8c035ed0d1f4006e4c8cf8a3772940a51974c54af07398b6b87f331370584f69,128,3648,1.0,0.4375853991231893,155.22941100016396,1248.7106799976573,188.33910599778392,1596.3115360013944,161,62,3465,22,99,0.5663158706783697,0.908477272281963,0.5061224489795918,0.7380952380952381,0.38509316770186336,0.5187069526189557,0.006309148264984227,0.9936908517350158,0.023026315789473683,6.030701754385965,,,
selectivestream_r01_20261011,pooled_snapshot,11,random,0.0,1,0,1fc17dacc5547fcd101016dea28eacddbd4469ddab53e880d60e9f2d328815d2,128,3648,0.0,0.04252147752157398,151.33635099937237,0.18571899954622495,0.07401700031550718,155.1183499987019,161,62,3472,15,99,0.5607411636401153,0.9044320786880107,0.5210084033613446,0.8051948051948052,0.38509316770186336,0.5441089151771524,0.004301691998852882,0.9956983080011471,0.021107456140350877,4.1118421052631575,,,
selectivestream_r01_20261011,pooled_snapshot,11,random,0.0,1,1,1fc17dacc5547fcd101016dea28eacddbd4469ddab53e880d60e9f2d328815d2,128,3648,0.0,0.04331334923204678,154.0133950006748,0.20445099835342262,0.08055700118347886,158.00709799850665,161,62,3472,15,99,0.5607411636401152,0.9044320786880107,0.5210084033613446,0.8051948051948052,0.38509316770186336,0.5441089151771524,0.004301691998852882,0.9956983080011471,0.021107456140350877,4.1118421052631575,,,
selectivestream_r01_20261011,pooled_snapshot,11,random,0.0,1,2,1fc17dacc5547fcd101016dea28eacddbd4469ddab53e880d60e9f2d328815d2,128,3648,0.0,0.04444998930926415,158.05744499994034,0.2126189997397887,0.08784300234765396,162.15356100019562,161,62,3472,15,99,0.5607411636401153,0.9044320786880107,0.5210084033613446,0.8051948051948052,0.38509316770186336,0.5441089151771524,0.004301691998852882,0.9956983080011471,0.021107456140350877,4.1118421052631575,,,
selectivestream_r01_20261011,pooled_snapshot,11,random,0.1,1,0,2df6e3ae50cd133cf472d81861cde1b89317ee299a097529aa3f19f3cd71063b,128,3648,0.09758771929824561,0.11859838459409339,164.9609709984361,135.1463569999396,128.69356500186768,432.6469069992527,161,63,3472,15,98,0.5597059408208712,0.9043162981580208,0.5271966527196653,0.8076923076923077,0.391304347826087,0.5495047459770703,0.004301691998852882,0.9956983080011471,0.02138157894736842,4.1118421052631575,,,
selectivestream_r01_20261011,pooled_snapshot,11,random,0.1,1,1,2df6e3ae50cd133cf472d81861cde1b89317ee299a097529aa3f19f3cd71063b,128,3648,0.09758771929824561,0.11664555317973206,162.4433320012031,130.9230299993942,128.44269099878147,425.52297799966254,161,63,3472,15,98,0.5597059408208713,0.9043162981580208,0.5271966527196653,0.8076923076923077,0.391304347826087,0.5495047459770703,0.004301691998852882,0.9956983080011471,0.02138157894736842,4.1118421052631575,,,
selectivestream_r01_20261011,pooled_snapshot,11,random,0.1,1,2,2df6e3ae50cd133cf472d81861cde1b89317ee299a097529aa3f19f3cd71063b,128,3648,0.09758771929824561,0.12024704303695045,169.99668099970222,132.366382998498,132.62663800105656,438.66121299879524,161,63,3472,15,98,0.5597059408208712,0.9043162981580208,0.5271966527196653,0.8076923076923077,0.391304347826087,0.5495047459770703,0.004301691998852882,0.9956983080011471,0.02138157894736842,4.1118421052631575,,,
selectivestream_r01_20261011,pooled_snapshot,11,random,0.25,1,0,d24ff8cab740d180736049f371c110683af6f91f0089d9478433fbf72352e7ee,128,3648,0.2623355263157895,0.18237021107425058,174.23191199941357,331.957448002413,155.34377799940557,665.2865299988662,161,63,3474,13,98,0.5565772944942793,0.8996031399679733,0.5316455696202531,0.8289473684210527,0.391304347826087,0.5573570608663813,0.003728133065672498,0.9962718669343275,0.020833333333333332,3.56359649122807,,,
selectivestream_r01_20261011,pooled_snapshot,11,random,0.25,1,1,d24ff8cab740d180736049f371c110683af6f91f0089d9478433fbf72352e7ee,128,3648,0.2623355263157895,0.18440859923261718,189.056628999424,324.6512019995862,155.22276400042756,672.7225700005874,161,63,3474,13,98,0.5564306067045709,0.8996031399679734,0.5316455696202531,0.8289473684210527,0.391304347826087,0.5573570608663813,0.003728133065672498,0.9962718669343275,0.020833333333333332,3.56359649122807,,,
selectivestream_r01_20261011,pooled_snapshot,11,random,0.25,1,2,d24ff8cab740d180736049f371c110683af6f91f0089d9478433fbf72352e7ee,128,3648,0.2623355263157895,0.181940344023726,165.1316349998524,345.1603839994277,149.5256339999287,663.7183749985525,161,63,3474,13,98,0.5563362507749747,0.8996031399679734,0.5316455696202531,0.8289473684210527,0.391304347826087,0.5573570608663813,0.003728133065672498,0.9962718669343275,0.020833333333333332,3.56359649122807,,,
selectivestream_r01_20261011,pooled_snapshot,11,random,0.5,1,0,a94b6aedab7fa125a82a3de688a23915fe0d535b49d0509696f6832b34a96f18,128,3648,0.5060307017543859,0.2642442524671751,171.12129200040727,616.7325640003583,171.91680399946563,963.9630330002547,161,60,3473,14,101,0.5676256878574758,0.8988755038679604,0.5106382978723404,0.8108108108108109,0.37267080745341613,0.5371146035865797,0.00401491253226269,0.9959850874677373,0.020285087719298246,3.837719298245614,,,
selectivestream_r01_20261011,pooled_snapshot,11,random,0.5,1,1,a94b6aedab7fa125a82a3de688a23915fe0d535b49d0509696f6832b34a96f18,128,3648,0.5060307017543859,0.26128420010931414,157.37429099908695,627.2356570020747,164.61549400219155,953.164761998778,161,60,3473,14,101,0.5677586643425202,0.8988755038679602,0.5106382978723404,0.8108108108108109,0.37267080745341613,0.5371146035865797,0.00401491253226269,0.9959850874677373,0.020285087719298246,3.837719298245614,,,
selectivestream_r01_20261011,pooled_snapshot,11,random,0.5,1,2,a94b6aedab7fa125a82a3de688a23915fe0d535b49d0509696f6832b34a96f18,128,3648,0.5060307017543859,0.2528542510958188,154.17659199874834,602.6105780015314,161.78282799864974,922.412307997547,161,60,3473,14,101,0.5674879205935156,0.8988755038679604,0.5106382978723404,0.8108108108108109,0.37267080745341613,0.5371146035865797,0.00401491253226269,0.9959850874677373,0.020285087719298246,3.837719298245614,,,
selectivestream_r01_20261011,pooled_snapshot,11,random,0.75,1,0,a00162b8bd6c32d99b54b0ae1df40f6801db5f7fddb4107de0b25dcda46ec496,128,3648,0.7620614035087719,0.3496807656249819,169.21006999973542,910.6567410008211,191.8170839994673,1275.635432999934,161,57,3476,11,104,0.5465581587912588,0.8975511527287691,0.4978165938864629,0.8382352941176471,0.35403726708074534,0.5328499010811572,0.0031545741324921135,0.9968454258675079,0.01864035087719298,3.0153508771929824,,,
selectivestream_r01_20261011,pooled_snapshot,11,random,0.75,1,1,a00162b8bd6c32d99b54b0ae1df40f6801db5f7fddb4107de0b25dcda46ec496,128,3648,0.7620614035087719,0.3328472944082051,158.35851900055786,867.9022070009523,184.1978069992365,1214.2269300011321,161,57,3476,11,104,0.5469317123245697,0.8975511527287688,0.4978165938864629,0.8382352941176471,0.35403726708074534,0.5328499010811572,0.0031545741324921135,0.9968454258675079,0.01864035087719298,3.0153508771929824,,,
selectivestream_r01_20261011,pooled_snapshot,11,random,0.75,1,2,a00162b8bd6c32d99b54b0ae1df40f6801db5f7fddb4107de0b25dcda46ec496,128,3648,0.7620614035087719,0.3430886217103578,171.18572900062645,884.3370999998115,192.28832999942824,1251.5872919993853,161,57,3476,11,104,0.5471653817217552,0.8975511527287688,0.4978165938864629,0.8382352941176471,0.35403726708074534,0.5328499010811572,0.0031545741324921135,0.9968454258675079,0.01864035087719298,3.0153508771929824,,,
selectivestream_r01_20261011,pooled_snapshot,11,random,1.0,1,0,96242ebb400be4557efae9b7419cc0bebd759e5b6dd068cc3a7b0ce52e643f49,128,3648,1.0,0.431238728892144,165.90975599956437,1199.6491310001147,203.651888999957,1573.1588829985412,161,62,3465,22,99,0.5663337479186115,0.908477272281963,0.5061224489795918,0.7380952380952381,0.38509316770186336,0.5187069526189557,0.006309148264984227,0.9936908517350158,0.023026315789473683,6.030701754385965,,,
selectivestream_r01_20261011,pooled_snapshot,11,random,1.0,1,1,96242ebb400be4557efae9b7419cc0bebd759e5b6dd068cc3a7b0ce52e643f49,128,3648,1.0,0.42523371874979504,171.53644499876464,1165.210166999259,210.7764160014085,1551.2526059992524,161,62,3465,22,99,0.5669722091757877,0.908477272281963,0.5061224489795918,0.7380952380952381,0.38509316770186336,0.5187069526189557,0.006309148264984227,0.9936908517350158,0.023026315789473683,6.030701754385965,,,
selectivestream_r01_20261011,pooled_snapshot,11,random,1.0,1,2,96242ebb400be4557efae9b7419cc0bebd759e5b6dd068cc3a7b0ce52e643f49,128,3648,1.0,0.43113010690775444,166.4805969999179,1199.0862589987046,203.23574700023528,1572.7626299994881,161,62,3465,22,99,0.5667638922816032,0.908477272281963,0.5061224489795918,0.7380952380952381,0.38509316770186336,0.5187069526189557,0.006309148264984227,0.9936908517350158,0.023026315789473683,6.030701754385965,,,
selectivestream_r01_20261011,pooled_snapshot,11,random,0.0,2,0,3f1ab16c5f0f30cc9291233e737d1968805331d453769f7391664695acaaff73,128,3648,0.0,0.0432837354714958,154.3003740007407,0.17740499970386736,0.07004199869697914,157.89906700001666,161,62,3472,15,99,0.5607411636401153,0.9044320786880107,0.5210084033613446,0.8051948051948052,0.38509316770186336,0.5441089151771524,0.004301691998852882,0.9956983080011471,0.021107456140350877,4.1118421052631575,,,
selectivestream_r01_20261011,pooled_snapshot,11,random,0.0,2,1,3f1ab16c5f0f30cc9291233e737d1968805331d453769f7391664695acaaff73,128,3648,0.0,0.04270119243393697,152.12272299959295,0.18628100042406004,0.06837300134066027,155.77394999900207,161,62,3472,15,99,0.5607411636401153,0.9044320786880107,0.5210084033613446,0.8051948051948052,0.38509316770186336,0.5441089151771524,0.004301691998852882,0.9956983080011471,0.021107456140350877,4.1118421052631575,,,
selectivestream_r01_20261011,pooled_snapshot,11,random,0.0,2,2,3f1ab16c5f0f30cc9291233e737d1968805331d453769f7391664695acaaff73,128,3648,0.0,0.044920961623168956,160.16386000001148,0.17981300106839626,0.0708689999555645,163.87166800132036,161,62,3472,15,99,0.5607411636401153,0.9044320786880107,0.5210084033613446,0.8051948051948052,0.38509316770186336,0.5441089151771524,0.004301691998852882,0.9956983080011471,0.021107456140350877,4.1118421052631575,,,
selectivestream_r01_20261011,pooled_snapshot,11,random,0.1,2,0,1763ee9a6ab88ad912290cf5730e7a7e538dc64ef84ed7a815a166c108d76d34,128,3648,0.0956688596491228,0.11781599095403487,166.30683099992893,132.9048189995774,126.8952040009026,429.7927350003192,161,58,3473,14,103,0.5527956091469042,0.9085039908658068,0.4978540772532189,0.8055555555555556,0.36024844720496896,0.5260278142949995,0.00401491253226269,0.9959850874677373,0.019736842105263157,3.837719298245614,,,
selectivestream_r01_20261011,pooled_snapshot,11,random,0.1,2,1,1763ee9a6ab88ad912290cf5730e7a7e538dc64ef84ed7a815a166c108d76d34,128,3648,0.0956688596491228,0.11076671929793404,152.39318199928675,127.21754199810675,120.74108999877353,404.0769919988634,161,58,3473,14,103,0.5527956091469042,0.9085039908658068,0.4978540772532189,0.8055555555555556,0.36024844720496896,0.5260278142949995,0.00401491253226269,0.9959850874677373,0.019736842105263157,3.837719298245614,,,
selectivestream_r01_20261011,pooled_snapshot,11,random,0.1,2,2,1763ee9a6ab88ad912290cf5730e7a7e538dc64ef84ed7a815a166c108d76d34,128,3648,0.0956688596491228,0.11136810389282864,154.641789001289,130.3801150002073,117.47935300036261,406.2708430010389,161,58,3473,14,103,0.5527956091469042,0.9085039908658068,0.4978540772532189,0.8055555555555556,0.36024844720496896,0.5260278142949995,0.00401491253226269,0.9959850874677373,0.019736842105263157,3.837719298245614,,,
selectivestream_r01_20261011,pooled_snapshot,11,random,0.25,2,0,a596511be2cdb36580312980ea2becf74f5e3a5431a83f1a199041f200a8bf24,128,3648,0.24451754385964913,0.1720671260960721,174.09609499827639,301.222590001089,148.71006699831923,627.700875998471,161,56,3473,14,105,0.5377178846890034,0.9003833226162126,0.48484848484848486,0.8,0.34782608695652173,0.5147421254003495,0.00401491253226269,0.9959850874677373,0.01918859649122807,3.837719298245614,,,
selectivestream_r01_20261011,pooled_snapshot,11,random,0.25,2,1,a596511be2cdb36580312980ea2becf74f5e3a5431a83f1a199041f200a8bf24,128,3648,0.24451754385964913,0.1668591071828218,161.10132800167776,294.27523700087477,149.7135689996867,608.7020230029339,161,56,3473,14,105,0.5376328832014773,0.9003833226162126,0.48484848484848486,0.8,0.34782608695652173,0.5147421254003495,0.00401491253226269,0.9959850874677373,0.01918859649122807,3.837719298245614,,,
selectivestream_r01_20261011,pooled_snapshot,11,random,0.25,2,2,a596511be2cdb36580312980ea2becf74f5e3a5431a83f1a199041f200a8bf24,128,3648,0.24451754385964913,0.17562901260959052,178.0101869999271,300.9048049998455,158.16593399995327,640.6946379997862,161,56,3473,14,105,0.5377178846890034,0.9003833226162126,0.48484848484848486,0.8,0.34782608695652173,0.5147421254003495,0.00401491253226269,0.9959850874677373,0.01918859649122807,3.837719298245614,,,
selectivestream_r01_20261011,pooled_snapshot,11,random,0.5,2,0,a2f4f951116a2611b17c5d85a7d8526b1e1355e3d88eb5bb149dfc3bf82f8f79,128,3648,0.5098684210526315,0.2666181748903353,171.51598400050716,624.2072250001911,172.77428999977928,972.6231019999432,161,56,3472,15,105,0.5393016018149814,0.8910745680050302,0.4827586206896552,0.7887323943661971,0.34782608695652173,0.5107493829747721,0.004301691998852882,0.9956983080011471,0.019462719298245616,4.1118421052631575,,,
selectivestream_r01_20261011,pooled_snapshot,11,random,0.5,2,1,a2f4f951116a2611b17c5d85a7d8526b1e1355e3d88eb5bb149dfc3bf82f8f79,128,3648,0.5098684210526315,0.28164254331087296,182.3405649997767,663.6686689989801,176.6835810003613,1027.4319979980646,161,56,3472,15,105,0.5389973294283291,0.8910745680050302,0.4827586206896552,0.7887323943661971,0.34782608695652173,0.5107493829747721,0.004301691998852882,0.9956983080011471,0.019462719298245616,4.1118421052631575,,,
selectivestream_r01_20261011,pooled_snapshot,11,random,0.5,2,2,a2f4f951116a2611b17c5d85a7d8526b1e1355e3d88eb5bb149dfc3bf82f8f79,128,3648,0.5098684210526315,0.2651998591008115,162.2456319992125,625.1257210019503,176.2546879999718,967.4490859997604,161,56,3472,15,105,0.5391453991416163,0.8910745680050304,0.4827586206896552,0.7887323943661971,0.34782608695652173,0.5107493829747721,0.004301691998852882,0.9956983080011471,0.019462719298245616,4.1118421052631575,,,
selectivestream_r01_20261011,pooled_snapshot,11,random,0.75,2,0,6290563aa7e103c7c0469e7b6b9e671ee48e2564fe1827e2a79b39c26d83fdd7,128,3648,0.7502741228070176,0.3384666430921051,167.07502900044346,872.4043949996485,191.53908600083014,1234.7263139999995,161,62,3460,27,99,0.5456023577493758,0.8950983867319076,0.496,0.6966292134831461,0.38509316770186336,0.5023708241522893,0.007743045597935188,0.9922569544020649,0.024396929824561403,7.401315789473684,,,
selectivestream_r01_20261011,pooled_snapshot,11,random,0.75,2,1,6290563aa7e103c7c0469e7b6b9e671ee48e2564fe1827e2a79b39c26d83fdd7,128,3648,0.7502741228070176,0.35339067763168097,156.31068900074752,958.0365649999294,170.7529960017382,1289.1691920003723,161,62,3460,27,99,0.5458207992532615,0.8950983867319076,0.496,0.6966292134831461,0.38509316770186336,0.5023708241522893,0.007743045597935188,0.9922569544020649,0.024396929824561403,7.401315789473684,,,
selectivestream_r01_20261011,pooled_snapshot,11,random,0.75,2,2,6290563aa7e103c7c0469e7b6b9e671ee48e2564fe1827e2a79b39c26d83fdd7,128,3648,0.7502741228070176,0.3556205394741447,165.0171909996061,946.5060530014853,181.68397499948696,1297.3037280016797,161,62,3460,27,99,0.5454135127779222,0.8950983867319074,0.496,0.6966292134831461,0.38509316770186336,0.5023708241522893,0.007743045597935188,0.9922569544020649,0.024396929824561403,7.401315789473684,,,
selectivestream_r01_20261011,pooled_snapshot,11,random,1.0,2,0,c77aaf185fa94dd0a78cc6a9641476d447ae4ea962dc4cafe656a1bd537e4a54,128,3648,1.0,0.44483154331181984,177.58749999984502,1226.5466659991944,214.47789500098224,1622.7454700015187,161,62,3465,22,99,0.5663158706783699,0.908477272281963,0.5061224489795918,0.7380952380952381,0.38509316770186336,0.5187069526189557,0.006309148264984227,0.9936908517350158,0.023026315789473683,6.030701754385965,,,
selectivestream_r01_20261011,pooled_snapshot,11,random,1.0,2,1,c77aaf185fa94dd0a78cc6a9641476d447ae4ea962dc4cafe656a1bd537e4a54,128,3648,1.0,0.43919612445189943,175.2511660001801,1200.1529730000584,222.87686700201448,1602.1874620005292,161,62,3465,22,99,0.5663337479186115,0.908477272281963,0.5061224489795918,0.7380952380952381,0.38509316770186336,0.5187069526189557,0.006309148264984227,0.9936908517350158,0.023026315789473683,6.030701754385965,,,
selectivestream_r01_20261011,pooled_snapshot,11,random,1.0,2,2,c77aaf185fa94dd0a78cc6a9641476d447ae4ea962dc4cafe656a1bd537e4a54,128,3648,1.0,0.42826061924347814,173.2856069997979,1167.773283997576,217.40917299894136,1562.2947390002082,161,62,3465,22,99,0.5671762248150269,0.9084772722819631,0.5061224489795918,0.7380952380952381,0.38509316770186336,0.5187069526189557,0.006309148264984227,0.9936908517350158,0.023026315789473683,6.030701754385965,,,
selectivestream_r01_20261011,pooled_snapshot,11,learned_benefit,0.0,0,0,32443c9c32144fa150983b8b1bdcd7a1081a47723fe01c58c6911ab77cd2818e,128,3648,0.0,0.04481527933071567,151.86777900044035,0.13972199894851656,0.08885599845598335,163.48613899845077,161,62,3472,15,99,0.5607411636401153,0.9044320786880107,0.5210084033613446,0.8051948051948052,0.38509316770186336,0.5441089151771524,0.004301691998852882,0.9956983080011471,0.021107456140350877,4.1118421052631575,,,
selectivestream_r01_20261011,pooled_snapshot,11,learned_benefit,0.0,0,1,32443c9c32144fa150983b8b1bdcd7a1081a47723fe01c58c6911ab77cd2818e,128,3648,0.0,0.0513442154605402,175.152386001173,0.1778740015652147,0.06895100113979424,187.30369800005064,161,62,3472,15,99,0.5607411636401153,0.9044320786880107,0.5210084033613446,0.8051948051948052,0.38509316770186336,0.5441089151771524,0.004301691998852882,0.9956983080011471,0.021107456140350877,4.1118421052631575,,,
selectivestream_r01_20261011,pooled_snapshot,11,learned_benefit,0.0,0,2,32443c9c32144fa150983b8b1bdcd7a1081a47723fe01c58c6911ab77cd2818e,128,3648,0.0,0.05761981716015921,198.2299500014051,0.16558899960728013,0.0665340003251913,210.1970930002608,161,62,3472,15,99,0.5607411636401152,0.9044320786880107,0.5210084033613446,0.8051948051948052,0.38509316770186336,0.5441089151771524,0.004301691998852882,0.9956983080011471,0.021107456140350877,4.1118421052631575,,,
selectivestream_r01_20261011,pooled_snapshot,11,learned_benefit,0.1,0,0,ab53824e5fc3361f2fcefd74c654459202dd47525b5587a95a762f0b8bfa5184,128,3648,0.04742324561403509,0.10882887198479957,171.24585099963952,74.24183600187462,139.89395699900342,397.0077250005488,161,52,3479,8,109,0.5570331161828407,0.8993662351912249,0.47058823529411764,0.8666666666666667,0.32298136645962733,0.5178674338648214,0.002294235732721537,0.9977057642672784,0.01644736842105263,2.192982456140351,,,
selectivestream_r01_20261011,pooled_snapshot,11,learned_benefit,0.1,0,1,ab53824e5fc3361f2fcefd74c654459202dd47525b5587a95a762f0b8bfa5184,128,3648,0.04742324561403509,0.0927308900769643,155.38263500002358,62.16468100046768,109.75035599994953,338.2822870007658,161,52,3479,8,109,0.5576119571971161,0.8993662351912249,0.47058823529411764,0.8666666666666667,0.32298136645962733,0.5178674338648214,0.002294235732721537,0.9977057642672784,0.01644736842105263,2.192982456140351,,,
selectivestream_r01_20261011,pooled_snapshot,11,learned_benefit,0.1,0,2,ab53824e5fc3361f2fcefd74c654459202dd47525b5587a95a762f0b8bfa5184,128,3648,0.04742324561403509,0.10003348519797571,159.85211400084154,66.67103200015845,126.80855599865026,364.9221540022154,161,52,3479,8,109,0.5569556186996981,0.899366235191225,0.47058823529411764,0.8666666666666667,0.32298136645962733,0.5178674338648214,0.002294235732721537,0.9977057642672784,0.01644736842105263,2.192982456140351,,,
selectivestream_r01_20261011,pooled_snapshot,11,learned_benefit,0.25,0,0,cc4df223707be23b10e1a525be02a13ff6e2245c98797a5c99851b943df6a517,128,3648,0.14528508771929824,0.14630477741212944,180.24741699991864,190.9915919991363,151.03873100224519,533.7198279994482,161,62,3465,22,99,0.5607538483241099,0.8881853984720532,0.5061224489795918,0.7380952380952381,0.38509316770186336,0.5187069526189557,0.006309148264984227,0.9936908517350158,0.023026315789473683,6.030701754385965,,,
selectivestream_r01_20261011,pooled_snapshot,11,learned_benefit,0.25,0,1,cc4df223707be23b10e1a525be02a13ff6e2245c98797a5c99851b943df6a517,128,3648,0.14528508771929824,0.1461546617325856,185.97166700101297,190.04940600052578,145.52424299927225,533.1722060004722,161,62,3465,22,99,0.5622699984616014,0.8881853984720532,0.5061224489795918,0.7380952380952381,0.38509316770186336,0.5187069526189557,0.006309148264984227,0.9936908517350158,0.023026315789473683,6.030701754385965,,,
selectivestream_r01_20261011,pooled_snapshot,11,learned_benefit,0.25,0,2,cc4df223707be23b10e1a525be02a13ff6e2245c98797a5c99851b943df6a517,128,3648,0.14528508771929824,0.14443887308177855,180.34561800095616,188.74190500173427,146.1015359977864,526.9130090023282,161,62,3465,22,99,0.5609928592534278,0.8881853984720532,0.5061224489795918,0.7380952380952381,0.38509316770186336,0.5187069526189557,0.006309148264984227,0.9936908517350158,0.023026315789473683,6.030701754385965,,,
selectivestream_r01_20261011,pooled_snapshot,11,learned_benefit,0.5,0,0,fa7d31eefa44ec727b8b9c653550b614e2b263a2573eef8aeb9f30019883d929,128,3648,0.4745065789473684,0.2618992724774316,196.1096739983077,551.7422620005163,195.88360100033242,955.4085459976704,161,62,3465,22,99,0.568167437495047,0.8999112943016385,0.5061224489795918,0.7380952380952381,0.38509316770186336,0.5187069526189557,0.006309148264984227,0.9936908517350158,0.023026315789473683,6.030701754385965,,,
selectivestream_r01_20261011,pooled_snapshot,11,learned_benefit,0.5,0,1,fa7d31eefa44ec727b8b9c653550b614e2b263a2573eef8aeb9f30019883d929,128,3648,0.4745065789473684,0.2531058196271274,175.63650899955974,551.0130410002603,184.88841299949854,923.3300299997609,161,62,3465,22,99,0.568167437495047,0.8999112943016385,0.5061224489795918,0.7380952380952381,0.38509316770186336,0.5187069526189557,0.006309148264984227,0.9936908517350158,0.023026315789473683,6.030701754385965,,,
selectivestream_r01_20261011,pooled_snapshot,11,learned_benefit,0.5,0,2,fa7d31eefa44ec727b8b9c653550b614e2b263a2573eef8aeb9f30019883d929,128,3648,0.4745065789473684,0.2531288053731124,169.0517890006049,563.7461719989005,178.74345699920013,923.413882001114,161,62,3465,22,99,0.5674936234586688,0.8999112943016385,0.5061224489795918,0.7380952380952381,0.38509316770186336,0.5187069526189557,0.006309148264984227,0.9936908517350158,0.023026315789473683,6.030701754385965,,,
selectivestream_r01_20261011,pooled_snapshot,11,learned_benefit,0.75,0,0,50f0ae1a39e0df72129b621fb0600232cf14a551849481bfd17d3fbd2fffcad5,128,3648,0.796875,0.3671409048792677,164.89241699946433,965.5470539992166,195.84767300102612,1339.3300209995687,161,62,3465,22,99,0.5684872170709264,0.8996352022685858,0.5061224489795918,0.7380952380952381,0.38509316770186336,0.5187069526189557,0.006309148264984227,0.9936908517350158,0.023026315789473683,6.030701754385965,,,
selectivestream_r01_20261011,pooled_snapshot,11,learned_benefit,0.75,0,1,50f0ae1a39e0df72129b621fb0600232cf14a551849481bfd17d3fbd2fffcad5,128,3648,0.796875,0.36080322642543217,169.1218340006344,930.1761730007456,205.19822399955956,1316.2101699999766,161,62,3465,22,99,0.5684872170709263,0.8996352022685857,0.5061224489795918,0.7380952380952381,0.38509316770186336,0.5187069526189557,0.006309148264984227,0.9936908517350158,0.023026315789473683,6.030701754385965,,,
selectivestream_r01_20261011,pooled_snapshot,11,learned_benefit,0.75,0,2,50f0ae1a39e0df72129b621fb0600232cf14a551849481bfd17d3fbd2fffcad5,128,3648,0.796875,0.35665400411152115,167.93415299980552,917.3456569988048,204.24411500107453,1301.0738069988292,161,62,3465,22,99,0.5684872170709263,0.8996352022685857,0.5061224489795918,0.7380952380952381,0.38509316770186336,0.5187069526189557,0.006309148264984227,0.9936908517350158,0.023026315789473683,6.030701754385965,,,
selectivestream_r01_20261011,pooled_snapshot,11,learned_benefit,1.0,0,0,e9083791790ef6bdc9e167982d90eef40a4dac1641f70ffe54cce1293406e627,128,3648,1.0,0.4290664098133727,168.5943240004235,1158.101509998687,226.73733799911133,1565.2342629991836,161,62,3465,22,99,0.5663158706783697,0.908477272281963,0.5061224489795918,0.7380952380952381,0.38509316770186336,0.5187069526189557,0.006309148264984227,0.9936908517350158,0.023026315789473683,6.030701754385965,,,
selectivestream_r01_20261011,pooled_snapshot,11,learned_benefit,1.0,0,1,e9083791790ef6bdc9e167982d90eef40a4dac1641f70ffe54cce1293406e627,128,3648,1.0,0.43212173793842357,172.68090700008543,1183.5365629999615,207.8114619985172,1576.3800999993691,161,62,3465,22,99,0.5662546609731449,0.908477272281963,0.5061224489795918,0.7380952380952381,0.38509316770186336,0.5187069526189557,0.006309148264984227,0.9936908517350158,0.023026315789473683,6.030701754385965,,,
selectivestream_r01_20261011,pooled_snapshot,11,learned_benefit,1.0,0,2,e9083791790ef6bdc9e167982d90eef40a4dac1641f70ffe54cce1293406e627,128,3648,1.0,0.4345919298245349,168.15657999950417,1207.1990239996921,197.69568999981857,1585.3913599999032,161,62,3465,22,99,0.5663158706783697,0.908477272281963,0.5061224489795918,0.7380952380952381,0.38509316770186336,0.5187069526189557,0.006309148264984227,0.9936908517350158,0.023026315789473683,6.030701754385965,,,
selectivestream_r01_20261011,pooled_snapshot,22,margin,0.0,0,0,001ffb72285d554d950abb4b31221847d27f83d1ac848b13804efa4e192a95bc,128,3648,0.0,0.04870566255520539,169.9861310007691,0.15703900089647505,0.06331999975373037,177.67825700138928,161,61,3452,35,100,0.5484329854343531,0.9179659320243602,0.47470817120622566,0.6354166666666666,0.37888198757763975,0.4732715206479286,0.010037281330656725,0.9899627186693433,0.02631578947368421,9.594298245614034,,,
selectivestream_r01_20261011,pooled_snapshot,22,margin,0.0,0,1,001ffb72285d554d950abb4b31221847d27f83d1ac848b13804efa4e192a95bc,128,3648,0.0,0.045013389528591824,156.59163200052717,0.16960399898380274,0.06174800091685029,164.20884500030297,161,61,3452,35,100,0.5484329854343531,0.9179659320243602,0.47470817120622566,0.6354166666666666,0.37888198757763975,0.4732715206479286,0.010037281330656725,0.9899627186693433,0.02631578947368421,9.594298245614034,,,
selectivestream_r01_20261011,pooled_snapshot,22,margin,0.0,0,2,001ffb72285d554d950abb4b31221847d27f83d1ac848b13804efa4e192a95bc,128,3648,0.0,0.04448425849795169,154.92938500119635,0.15773400036778185,0.061221999658300774,162.27857500052778,161,61,3452,35,100,0.5484329854343531,0.9179659320243602,0.47470817120622566,0.6354166666666666,0.37888198757763975,0.4732715206479286,0.010037281330656725,0.9899627186693433,0.02631578947368421,9.594298245614034,,,
selectivestream_r01_20261011,pooled_snapshot,22,margin,0.1,0,0,c6ea259d858be2043300bb933cb6f3b97cb3d420b5657b9b7c616747e707aaf3,128,3648,0.06112938596491228,0.09699765926559653,154.93878000233963,69.64339399883102,121.70213500030513,353.84746100089615,161,53,3479,8,108,0.5613707416591438,0.9185198973293884,0.4774774774774775,0.8688524590163934,0.32919254658385094,0.5236257342556737,0.002294235732721537,0.9977057642672784,0.016721491228070175,2.192982456140351,,,
selectivestream_r01_20261011,pooled_snapshot,22,margin,0.1,0,1,c6ea259d858be2043300bb933cb6f3b97cb3d420b5657b9b7c616747e707aaf3,128,3648,0.06112938596491228,0.09469039583327805,151.783238000462,69.77921800171316,116.62817999877007,345.4305639997983,161,53,3479,8,108,0.5617847741611801,0.9185198973293884,0.4774774774774775,0.8688524590163934,0.32919254658385094,0.5236257342556737,0.002294235732721537,0.9977057642672784,0.016721491228070175,2.192982456140351,,,
selectivestream_r01_20261011,pooled_snapshot,22,margin,0.1,0,2,c6ea259d858be2043300bb933cb6f3b97cb3d420b5657b9b7c616747e707aaf3,128,3648,0.06112938596491228,0.09736493448486315,154.74409899934471,74.48791300021185,118.21631100110608,355.1872810007808,161,53,3479,8,108,0.5620683257576122,0.9185198973293884,0.4774774774774775,0.8688524590163934,0.32919254658385094,0.5236257342556737,0.002294235732721537,0.9977057642672784,0.016721491228070175,2.192982456140351,,,
selectivestream_r01_20261011,pooled_snapshot,22,margin,0.25,0,0,329b1a480de8ef6a871fc6af78308f275410f8677461865ebcd17472aee52fa8,128,3648,0.1768092105263158,0.14092687938615286,158.51576800150724,223.74405700065836,123.59334500069963,514.1012560006857,161,53,3479,8,108,0.5637399414847909,0.9186249904258408,0.4774774774774775,0.8688524590163934,0.32919254658385094,0.5236257342556737,0.002294235732721537,0.9977057642672784,0.016721491228070175,2.192982456140351,,3.8132900748166776e-07,0.0
selectivestream_r01_20261011,pooled_snapshot,22,margin,0.25,0,1,329b1a480de8ef6a871fc6af78308f275410f8677461865ebcd17472aee52fa8,128,3648,0.1768092105263158,0.1338891584427814,153.66923199962912,203.20139399973414,123.9196700003049,488.4276499992666,161,53,3479,8,108,0.5633996970399039,0.9186249904258408,0.4774774774774775,0.8688524590163934,0.32919254658385094,0.5236257342556737,0.002294235732721537,0.9977057642672784,0.016721491228070175,2.192982456140351,,3.8132900748166776e-07,0.0
selectivestream_r01_20261011,pooled_snapshot,22,margin,0.25,0,2,329b1a480de8ef6a871fc6af78308f275410f8677461865ebcd17472aee52fa8,128,3648,0.1768092105263158,0.13204313020852118,153.77078000028632,191.89432199937073,128.76534499901027,481.6933390006852,161,53,3479,8,108,0.5633996970399039,0.9186249904258408,0.4774774774774775,0.8688524590163934,0.32919254658385094,0.5236257342556737,0.002294235732721537,0.9977057642672784,0.016721491228070175,2.192982456140351,,3.8132900748166776e-07,0.0
selectivestream_r01_20261011,pooled_snapshot,22,margin,0.5,0,0,4ef3772e173df590b60705800150add0d138c670fda76708d4327c8938bb4150,128,3648,0.5109649122807017,0.2544888314148396,155.98218200193514,608.1828969990966,156.14974099844403,928.3752570013348,161,53,3479,8,108,0.5634412260288225,0.9132403051618524,0.4774774774774775,0.8688524590163934,0.32919254658385094,0.5236257342556737,0.002294235732721537,0.9977057642672784,0.016721491228070175,2.192982456140351,,,
selectivestream_r01_20261011,pooled_snapshot,22,margin,0.5,0,1,4ef3772e173df590b60705800150add0d138c670fda76708d4327c8938bb4150,128,3648,0.5109649122807017,0.24748918695194744,152.7941790004661,589.6944509991044,152.32436600126675,902.8405540007043,161,53,3479,8,108,0.5626991849035833,0.9132403051618524,0.4774774774774775,0.8688524590163934,0.32919254658385094,0.5236257342556737,0.002294235732721537,0.9977057642672784,0.016721491228070175,2.192982456140351,,,
selectivestream_r01_20261011,pooled_snapshot,22,margin,0.5,0,2,4ef3772e173df590b60705800150add0d138c670fda76708d4327c8938bb4150,128,3648,0.5109649122807017,0.2454553533443447,163.43613899971388,556.2633229992571,167.93166700017537,895.4211290001695,161,53,3479,8,108,0.5626991849035833,0.9132403051618524,0.4774774774774775,0.8688524590163934,0.32919254658385094,0.5236257342556737,0.002294235732721537,0.9977057642672784,0.016721491228070175,2.192982456140351,,,
selectivestream_r01_20261011,pooled_snapshot,22,margin,0.75,0,0,778cd08f8e7f1290cfed511b067e73d4473f8fdb829d9dcd0378ca618493d7d9,128,3648,0.8018092105263158,0.31942030509905334,160.18158700171625,816.2202860003163,181.605156999467,1165.2452730013465,161,53,3479,8,108,0.5641039625286824,0.9150963561195354,0.4774774774774775,0.8688524590163934,0.32919254658385094,0.5236257342556737,0.002294235732721537,0.9977057642672784,0.016721491228070175,2.192982456140351,,,
selectivestream_r01_20261011,pooled_snapshot,22,margin,0.75,0,1,778cd08f8e7f1290cfed511b067e73d4473f8fdb829d9dcd0378ca618493d7d9,128,3648,0.8018092105263158,0.3257669991779073,162.58773900062806,831.451940999159,186.61417400016944,1188.398013001006,161,53,3479,8,108,0.5641039625286824,0.9150963561195354,0.4774774774774775,0.8688524590163934,0.32919254658385094,0.5236257342556737,0.002294235732721537,0.9977057642672784,0.016721491228070175,2.192982456140351,,,
selectivestream_r01_20261011,pooled_snapshot,22,margin,0.75,0,2,778cd08f8e7f1290cfed511b067e73d4473f8fdb829d9dcd0378ca618493d7d9,128,3648,0.8018092105263158,0.320714060306845,159.08598899886783,822.485254001549,181.01063500034797,1169.9648919993706,161,53,3479,8,108,0.5641039625286824,0.9150963561195354,0.4774774774774775,0.8688524590163934,0.32919254658385094,0.5236257342556737,0.002294235732721537,0.9977057642672784,0.016721491228070175,2.192982456140351,,,
selectivestream_r01_20261011,pooled_snapshot,22,margin,1.0,0,0,4adecd0bcbe2427cd62e936aacda719fd4d4da78ce498b005b53531894499780,128,3648,1.0,0.3963445123350776,167.58886599882317,1075.6772679978894,194.71276000058424,1445.8647809983631,161,53,3479,8,108,0.5663151139062412,0.918217086712492,0.4774774774774775,0.8688524590163934,0.32919254658385094,0.5236257342556737,0.002294235732721537,0.9977057642672784,0.016721491228070175,2.192982456140351,,,
selectivestream_r01_20261011,pooled_snapshot,22,margin,1.0,0,1,4adecd0bcbe2427cd62e936aacda719fd4d4da78ce498b005b53531894499780,128,3648,1.0,0.3732343549889817,161.61301099873526,1006.3693799997964,186.19223500081716,1361.5589269998054,161,53,3479,8,108,0.5663151139062412,0.918217086712492,0.4774774774774775,0.8688524590163934,0.32919254658385094,0.5236257342556737,0.002294235732721537,0.9977057642672784,0.016721491228070175,2.192982456140351,,,
selectivestream_r01_20261011,pooled_snapshot,22,margin,1.0,0,2,4adecd0bcbe2427cd62e936aacda719fd4d4da78ce498b005b53531894499780,128,3648,1.0,0.4082325359098405,169.22826400013946,1107.1272089980084,204.6891020008843,1489.232290999098,161,53,3479,8,108,0.5663151139062412,0.918217086712492,0.4774774774774775,0.8688524590163934,0.32919254658385094,0.5236257342556737,0.002294235732721537,0.9977057642672784,0.016721491228070175,2.192982456140351,,,
selectivestream_r01_20261011,pooled_snapshot,22,entropy,0.0,0,0,9da7ab815b61a3f265d5e6158181e7f6d9fb76481b7d847f24f427bc04405022,128,3648,0.0,0.04749148190746996,156.5914779994273,0.1544019992252288,0.05865099956281483,173.24892599845043,161,61,3452,35,100,0.5484329854343531,0.9179659320243602,0.47470817120622566,0.6354166666666666,0.37888198757763975,0.4732715206479286,0.010037281330656725,0.9899627186693433,0.02631578947368421,9.594298245614034,,,
selectivestream_r01_20261011,pooled_snapshot,22,entropy,0.0,0,1,9da7ab815b61a3f265d5e6158181e7f6d9fb76481b7d847f24f427bc04405022,128,3648,0.0,0.04448717845375321,146.14006199963114,0.15830199936317513,0.05927900201641023,162.2892269992917,161,61,3452,35,100,0.5484329854343531,0.9179659320243602,0.47470817120622566,0.6354166666666666,0.37888198757763975,0.4732715206479286,0.010037281330656725,0.9899627186693433,0.02631578947368421,9.594298245614034,,,
selectivestream_r01_20261011,pooled_snapshot,22,entropy,0.0,0,2,9da7ab815b61a3f265d5e6158181e7f6d9fb76481b7d847f24f427bc04405022,128,3648,0.0,0.05180872587729119,167.20067599862887,0.17981599830818595,0.07915799960755976,188.99823200035826,161,61,3452,35,100,0.5484329854343531,0.9179659320243602,0.47470817120622566,0.6354166666666666,0.37888198757763975,0.4732715206479286,0.010037281330656725,0.9899627186693433,0.02631578947368421,9.594298245614034,,,
selectivestream_r01_20261011,pooled_snapshot,22,entropy,0.1,0,0,166e0744ddae05e63fa66f3eba0c5b1fd3e461644d8aaa236a94a861536eb522,128,3648,0.06030701754385965,0.10220386047153665,161.66970799986302,76.65117999886206,117.03066799918815,372.8396830001657,161,53,3479,8,108,0.5612796584776646,0.9184842725509301,0.4774774774774775,0.8688524590163934,0.32919254658385094,0.5236257342556737,0.002294235732721537,0.9977057642672784,0.016721491228070175,2.192982456140351,,,
selectivestream_r01_20261011,pooled_snapshot,22,entropy,0.1,0,1,166e0744ddae05e63fa66f3eba0c5b1fd3e461644d8aaa236a94a861536eb522,128,3648,0.06030701754385965,0.09680246710555514,150.54044799990152,72.8509439991285,113.75034399998185,353.13540000106514,161,53,3479,8,108,0.5617944298104168,0.9184842725509301,0.4774774774774775,0.8688524590163934,0.32919254658385094,0.5236257342556737,0.002294235732721537,0.9977057642672784,0.016721491228070175,2.192982456140351,,,
selectivestream_r01_20261011,pooled_snapshot,22,entropy,0.1,0,2,166e0744ddae05e63fa66f3eba0c5b1fd3e461644d8aaa236a94a861536eb522,128,3648,0.06030701754385965,0.10124206003263425,158.85267999874486,76.05304099979548,117.03664400101843,369.33103499904973,161,53,3479,8,108,0.5625364709356561,0.9184842725509301,0.4774774774774775,0.8688524590163934,0.32919254658385094,0.5236257342556737,0.002294235732721537,0.9977057642672784,0.016721491228070175,2.192982456140351,,,
selectivestream_r01_20261011,pooled_snapshot,22,entropy,0.25,0,0,e21eca2e1644ad254a783a3162d9406dc67a99e4949b2eae45253bc8f6a45cf2,128,3648,0.1737938596491228,0.13972156853089687,156.87563699975726,206.06003399871042,129.72283600083756,509.7042820007118,161,53,3479,8,108,0.5626121225242928,0.9183043674197151,0.4774774774774775,0.8688524590163934,0.32919254658385094,0.5236257342556737,0.002294235732721537,0.9977057642672784,0.016721491228070175,2.192982456140351,,,
selectivestream_r01_20261011,pooled_snapshot,22,entropy,0.25,0,1,e21eca2e1644ad254a783a3162d9406dc67a99e4949b2eae45253bc8f6a45cf2,128,3648,0.1737938596491228,0.1400716927078773,156.22206699845265,206.65415899884465,130.06863900000099,510.98153499833643,161,53,3479,8,108,0.5626121225242928,0.9183043674197152,0.4774774774774775,0.8688524590163934,0.32919254658385094,0.5236257342556737,0.002294235732721537,0.9977057642672784,0.016721491228070175,2.192982456140351,,,
selectivestream_r01_20261011,pooled_snapshot,22,entropy,0.25,0,2,e21eca2e1644ad254a783a3162d9406dc67a99e4949b2eae45253bc8f6a45cf2,128,3648,0.1737938596491228,0.14041378399117807,159.98928899944076,204.75008699895625,130.1206410012128,512.2294839998176,161,53,3479,8,108,0.5628956741207249,0.9183043674197152,0.4774774774774775,0.8688524590163934,0.32919254658385094,0.5236257342556737,0.002294235732721537,0.9977057642672784,0.016721491228070175,2.192982456140351,,,
selectivestream_r01_20261011,pooled_snapshot,22,entropy,0.5,0,0,acbe8fb670c16c150a69e2e967c4d7deaa57164b6efb19a0c97e4d201ef66518,128,3648,0.49835526315789475,0.24552921217086146,161.9508959997802,553.5343930005183,162.1307749992411,895.6905659993026,161,53,3479,8,108,0.5620646800780058,0.9131601494103209,0.4774774774774775,0.8688524590163934,0.32919254658385094,0.5236257342556737,0.002294235732721537,0.9977057642672784,0.016721491228070175,2.192982456140351,,,
selectivestream_r01_20261011,pooled_snapshot,22,entropy,0.5,0,1,acbe8fb670c16c150a69e2e967c4d7deaa57164b6efb19a0c97e4d201ef66518,128,3648,0.49835526315789475,0.2523248146929833,161.3972919999469,575.0046240009397,165.74278700227296,920.4809240000031,161,53,3479,8,108,0.562247492843722,0.9131601494103209,0.4774774774774775,0.8688524590163934,0.32919254658385094,0.5236257342556737,0.002294235732721537,0.9977057642672784,0.016721491228070175,2.192982456140351,,,
selectivestream_r01_20261011,pooled_snapshot,22,entropy,0.5,0,2,acbe8fb670c16c150a69e2e967c4d7deaa57164b6efb19a0c97e4d201ef66518,128,3648,0.49835526315789475,0.23305903097586747,158.76794099767721,515.382096999474,158.9804470013405,850.1993449999645,161,53,3479,8,108,0.5620646800780058,0.9131601494103209,0.4774774774774775,0.8688524590163934,0.32919254658385094,0.5236257342556737,0.002294235732721537,0.9977057642672784,0.016721491228070175,2.192982456140351,,,
selectivestream_r01_20261011,pooled_snapshot,22,entropy,0.75,0,0,b39299a9c69a3b46beaeab46414c5dbfbb896214de4ea43eac76078f80983512,128,3648,0.7850877192982456,0.3156588012606975,159.4800119996762,794.1598459992747,181.3352480003232,1151.5233069990245,161,53,3479,8,108,0.5618439678263161,0.915128418420148,0.4774774774774775,0.8688524590163934,0.32919254658385094,0.5236257342556737,0.002294235732721537,0.9977057642672784,0.016721491228070175,2.192982456140351,,,
selectivestream_r01_20261011,pooled_snapshot,22,entropy,0.75,0,1,b39299a9c69a3b46beaeab46414c5dbfbb896214de4ea43eac76078f80983512,128,3648,0.7850877192982456,0.3205474120068823,170.6206300004851,800.0159109992637,182.33258999907775,1169.3569590011066,161,53,3479,8,108,0.5620751875626362,0.915128418420148,0.4774774774774775,0.8688524590163934,0.32919254658385094,0.5236257342556737,0.002294235732721537,0.9977057642672784,0.016721491228070175,2.192982456140351,,,
selectivestream_r01_20261011,pooled_snapshot,22,entropy,0.75,0,2,b39299a9c69a3b46beaeab46414c5dbfbb896214de4ea43eac76078f80983512,128,3648,0.7850877192982456,0.33367536650268603,170.3533010013416,845.439794999038,183.43884800015076,1217.2477370017987,161,53,3479,8,108,0.5616611550605999,0.9151284184201479,0.4774774774774775,0.8688524590163934,0.32919254658385094,0.5236257342556737,0.002294235732721537,0.9977057642672784,0.016721491228070175,2.192982456140351,,,
selectivestream_r01_20261011,pooled_snapshot,22,entropy,1.0,0,0,8d276c86938d01ce72e7079ed92da3ebf01cc43297b72e4dac412a34c1c5a421,128,3648,1.0,0.40224341036134237,183.13852199753455,1056.0104100009085,210.20594899891876,1467.383960998177,161,53,3479,8,108,0.5663151139062412,0.918217086712492,0.4774774774774775,0.8688524590163934,0.32919254658385094,0.5236257342556737,0.002294235732721537,0.9977057642672784,0.016721491228070175,2.192982456140351,,,
selectivestream_r01_20261011,pooled_snapshot,22,entropy,1.0,0,1,8d276c86938d01ce72e7079ed92da3ebf01cc43297b72e4dac412a34c1c5a421,128,3648,1.0,0.40366119928666866,181.51592999902277,1066.5799129992592,206.12180399848512,1472.5560549977672,161,53,3479,8,108,0.5663151139062412,0.918217086712492,0.4774774774774775,0.8688524590163934,0.32919254658385094,0.5236257342556737,0.002294235732721537,0.9977057642672784,0.016721491228070175,2.192982456140351,,,
selectivestream_r01_20261011,pooled_snapshot,22,entropy,1.0,0,2,8d276c86938d01ce72e7079ed92da3ebf01cc43297b72e4dac412a34c1c5a421,128,3648,1.0,0.41444685773054163,173.43406599866285,1113.5534169984567,206.41339299982064,1511.902137001016,161,53,3479,8,108,0.5663151139062412,0.918217086712492,0.4774774774774775,0.8688524590163934,0.32919254658385094,0.5236257342556737,0.002294235732721537,0.9977057642672784,0.016721491228070175,2.192982456140351,,,
selectivestream_r01_20261011,pooled_snapshot,22,random,0.0,0,0,b3fcda2e8edf98b36ffac284b87c2693b155a2fc0785fc4f48947f41fecd2219,128,3648,0.0,0.04665297807019,166.0229610015449,0.17483100145909702,0.08265499945991905,170.1900640000531,161,61,3452,35,100,0.5484329854343531,0.9179659320243602,0.47470817120622566,0.6354166666666666,0.37888198757763975,0.4732715206479286,0.010037281330656725,0.9899627186693433,0.02631578947368421,9.594298245614034,,,
selectivestream_r01_20261011,pooled_snapshot,22,random,0.0,0,1,b3fcda2e8edf98b36ffac284b87c2693b155a2fc0785fc4f48947f41fecd2219,128,3648,0.0,0.04417390899110966,157.48755099957634,0.17801100148062687,0.07334199881370296,161.14641999956802,161,61,3452,35,100,0.5484329854343531,0.9179659320243602,0.47470817120622566,0.6354166666666666,0.37888198757763975,0.4732715206479286,0.010037281330656725,0.9899627186693433,0.02631578947368421,9.594298245614034,,,
selectivestream_r01_20261011,pooled_snapshot,22,random,0.0,0,2,b3fcda2e8edf98b36ffac284b87c2693b155a2fc0785fc4f48947f41fecd2219,128,3648,0.0,0.045563935033698544,162.17411000116044,0.2079789996969339,0.08640799978820723,166.21723500293228,161,61,3452,35,100,0.5484329854343531,0.9179659320243602,0.47470817120622566,0.6354166666666666,0.37888198757763975,0.4732715206479286,0.010037281330656725,0.9899627186693433,0.02631578947368421,9.594298245614034,,,
selectivestream_r01_20261011,pooled_snapshot,22,random,0.1,0,0,414a3805e5eca5ce84f9cc9b5a48d8a6609b13932c77fe742364e01833325dcb,128,3648,0.09237938596491228,0.11932075411224512,179.14036799948008,105.85554900171701,146.7177160002393,435.2821110014702,161,61,3453,34,100,0.5531649632712264,0.9212166930586901,0.4765625,0.6421052631578947,0.37888198757763975,0.47605879829686354,0.009750501864066534,0.9902494981359334,0.026041666666666668,9.320175438596491,,,
selectivestream_r01_20261011,pooled_snapshot,22,random,0.1,0,1,414a3805e5eca5ce84f9cc9b5a48d8a6609b13932c77fe742364e01833325dcb,128,3648,0.09237938596491228,0.11663909484688499,173.5509009999987,109.92783700112341,138.26243699804763,425.4994180014364,161,61,3453,34,100,0.5532321111644614,0.9212166930586901,0.4765625,0.6421052631578947,0.37888198757763975,0.47605879829686354,0.009750501864066534,0.9902494981359334,0.026041666666666668,9.320175438596491,,,
selectivestream_r01_20261011,pooled_snapshot,22,random,0.1,0,2,414a3805e5eca5ce84f9cc9b5a48d8a6609b13932c77fe742364e01833325dcb,128,3648,0.09237938596491228,0.11112587582199526,160.57310699898153,110.69619300224076,130.3446720003194,405.38719499863873,161,61,3453,34,100,0.5532321111644614,0.9212166930586901,0.4765625,0.6421052631578947,0.37888198757763975,0.47605879829686354,0.009750501864066534,0.9902494981359334,0.026041666666666668,9.320175438596491,,,
selectivestream_r01_20261011,pooled_snapshot,22,random,0.25,0,0,5bca8391450f84270b55421168a543d21802da0daebdea0c5c0c7c140a692f52,128,3648,0.24177631578947367,0.154805542488876,156.03801500083136,271.8423459996302,133.1272540014652,564.7306189994197,161,58,3473,14,103,0.554795603016269,0.9209646477510969,0.4978540772532189,0.8055555555555556,0.36024844720496896,0.5260278142949995,0.00401491253226269,0.9959850874677373,0.019736842105263157,3.837719298245614,,,
selectivestream_r01_20261011,pooled_snapshot,22,random,0.25,0,1,5bca8391450f84270b55421168a543d21802da0daebdea0c5c0c7c140a692f52,128,3648,0.24177631578947367,0.15514275356359644,152.80008100080522,280.46601799997006,128.73832200102697,565.9607649999998,161,58,3473,14,103,0.5546403235131633,0.9209646477510969,0.4978540772532189,0.8055555555555556,0.36024844720496896,0.5260278142949995,0.00401491253226269,0.9959850874677373,0.019736842105263157,3.837719298245614,,,
selectivestream_r01_20261011,pooled_snapshot,22,random,0.25,0,2,5bca8391450f84270b55421168a543d21802da0daebdea0c5c0c7c140a692f52,128,3648,0.24177631578947367,0.16521896655687265,164.15666299917575,298.12755399962043,136.30431499950646,602.7187899994715,161,58,3473,14,103,0.5545540571225491,0.9209646477510969,0.4978540772532189,0.8055555555555556,0.36024844720496896,0.5260278142949995,0.00401491253226269,0.9959850874677373,0.019736842105263157,3.837719298245614,,,
selectivestream_r01_20261011,pooled_snapshot,22,random,0.5,0,0,2406b6998e74631e3943a76ae3af9a023a5c21e41f74653ea4e1a40c0837ff84,128,3648,0.4915021929824561,0.2458107987934498,172.2939139981463,554.1462980013421,166.11397900078373,896.7177939985049,161,57,3474,13,104,0.5579432454035584,0.922551731631419,0.4935064935064935,0.8142857142857143,0.35403726708074534,0.5244706443646971,0.003728133065672498,0.9962718669343275,0.01918859649122807,3.56359649122807,,,
selectivestream_r01_20261011,pooled_snapshot,22,random,0.5,0,1,2406b6998e74631e3943a76ae3af9a023a5c21e41f74653ea4e1a40c0837ff84,128,3648,0.4915021929824561,0.25400890021960987,182.20757400058574,558.6338389998673,181.6737680019287,926.6244680011368,161,57,3474,13,104,0.558107871277069,0.922551731631419,0.4935064935064935,0.8142857142857143,0.35403726708074534,0.5244706443646971,0.003728133065672498,0.9962718669343275,0.01918859649122807,3.56359649122807,,,
selectivestream_r01_20261011,pooled_snapshot,22,random,0.5,0,2,2406b6998e74631e3943a76ae3af9a023a5c21e41f74653ea4e1a40c0837ff84,128,3648,0.4915021929824561,0.24359295696235836,181.82278599988422,522.0763130005253,180.73132500103384,888.6271069986833,161,57,3474,13,104,0.5586329710460249,0.922551731631419,0.4935064935064935,0.8142857142857143,0.35403726708074534,0.5244706443646971,0.003728133065672498,0.9962718669343275,0.01918859649122807,3.56359649122807,,,
selectivestream_r01_20261011,pooled_snapshot,22,random,0.75,0,0,31c815848af98a0d4e2f47b0a05baa35c3bad45cfe19264fb9e83650eb2c1f4d,128,3648,0.7415021929824561,0.32921680811395354,181.55765099936616,819.1764240004886,196.15839999960372,1200.9829159997025,161,55,3474,13,106,0.555584798071125,0.9168677982283797,0.48034934497816595,0.8088235294117647,0.3416149068322981,0.5131143188208767,0.003728133065672498,0.9962718669343275,0.01864035087719298,3.56359649122807,,,
selectivestream_r01_20261011,pooled_snapshot,22,random,0.75,0,1,31c815848af98a0d4e2f47b0a05baa35c3bad45cfe19264fb9e83650eb2c1f4d,128,3648,0.7415021929824561,0.31291741858546285,175.11506900109453,770.0431730008859,192.51204200099892,1141.5227429997685,161,55,3474,13,106,0.555584798071125,0.9168677982283797,0.48034934497816595,0.8088235294117647,0.3416149068322981,0.5131143188208767,0.003728133065672498,0.9962718669343275,0.01864035087719298,3.56359649122807,,,
selectivestream_r01_20261011,pooled_snapshot,22,random,0.75,0,2,31c815848af98a0d4e2f47b0a05baa35c3bad45cfe19264fb9e83650eb2c1f4d,128,3648,0.7415021929824561,0.3114588316886637,174.91640899925187,762.048498000695,195.51262499953737,1136.201818000245,161,55,3474,13,106,0.5551766155464536,0.9168677982283797,0.48034934497816595,0.8088235294117647,0.3416149068322981,0.5131143188208767,0.003728133065672498,0.9962718669343275,0.01864035087719298,3.56359649122807,,,
selectivestream_r01_20261011,pooled_snapshot,22,random,1.0,0,0,daaee861d85838b1c7a9ed1c7af83d87a053c05e542b30f26a57a1a4e77ed474,128,3648,1.0,0.3821221581688156,177.9022229993643,1002.1770899998046,210.13131199970303,1393.9816329998393,161,53,3479,8,108,0.5663151139062412,0.918217086712492,0.4774774774774775,0.8688524590163934,0.32919254658385094,0.5236257342556737,0.002294235732721537,0.9977057642672784,0.016721491228070175,2.192982456140351,,,
selectivestream_r01_20261011,pooled_snapshot,22,random,1.0,0,1,daaee861d85838b1c7a9ed1c7af83d87a053c05e542b30f26a57a1a4e77ed474,128,3648,1.0,0.3768524750550515,166.01134200027445,1000.1109939998969,204.85433400153852,1374.7578290008278,161,53,3479,8,108,0.5663151139062412,0.918217086712492,0.4774774774774775,0.8688524590163934,0.32919254658385094,0.5236257342556737,0.002294235732721537,0.9977057642672784,0.016721491228070175,2.192982456140351,,,
selectivestream_r01_20261011,pooled_snapshot,22,random,1.0,0,2,daaee861d85838b1c7a9ed1c7af83d87a053c05e542b30f26a57a1a4e77ed474,128,3648,1.0,0.3787370624999354,173.3737079994171,994.8606160010058,209.61176699984208,1381.6328039997643,161,53,3479,8,108,0.5663151139062412,0.918217086712492,0.4774774774774775,0.8688524590163934,0.32919254658385094,0.5236257342556737,0.002294235732721537,0.9977057642672784,0.016721491228070175,2.192982456140351,,,
selectivestream_r01_20261011,pooled_snapshot,22,random,0.0,1,0,6bcba9faa7d91152844dc3839df841ae9bd593a64e81137a4752694ac6184520,128,3648,0.0,0.0496057258771998,177.03408099987428,0.21110099760335288,0.07806200028426247,180.96168800002488,161,61,3452,35,100,0.5484329854343531,0.9179659320243602,0.47470817120622566,0.6354166666666666,0.37888198757763975,0.4732715206479286,0.010037281330656725,0.9899627186693433,0.02631578947368421,9.594298245614034,,,
selectivestream_r01_20261011,pooled_snapshot,22,random,0.0,1,1,6bcba9faa7d91152844dc3839df841ae9bd593a64e81137a4752694ac6184520,128,3648,0.0,0.044379955592208524,158.22357799925157,0.17663999960859655,0.0705570005266054,161.8980780003767,161,61,3452,35,100,0.5484329854343531,0.9179659320243602,0.47470817120622566,0.6354166666666666,0.37888198757763975,0.4732715206479286,0.010037281330656725,0.9899627186693433,0.02631578947368421,9.594298245614034,,,
selectivestream_r01_20261011,pooled_snapshot,22,random,0.0,1,2,6bcba9faa7d91152844dc3839df841ae9bd593a64e81137a4752694ac6184520,128,3648,0.0,0.04121774369530497,146.71965300067313,0.18843000134438626,0.067548999140854,150.36232900047253,161,61,3452,35,100,0.5484329854343531,0.9179659320243602,0.47470817120622566,0.6354166666666666,0.37888198757763975,0.4732715206479286,0.010037281330656725,0.9899627186693433,0.02631578947368421,9.594298245614034,,,
selectivestream_r01_20261011,pooled_snapshot,22,random,0.1,1,0,f289a1709f98abf229ec22d38cf38f03894de2fc5ada99b984f3510520d3eef3,128,3648,0.0962171052631579,0.10509714199563884,150.06984699903114,109.04601399852254,120.654619999641,383.39437400009047,161,60,3452,35,101,0.547239605830373,0.9165124410632571,0.46875,0.631578947368421,0.37267080745341613,0.4676785572339684,0.010037281330656725,0.9899627186693433,0.026041666666666668,9.594298245614034,,,
selectivestream_r01_20261011,pooled_snapshot,22,random,0.1,1,1,f289a1709f98abf229ec22d38cf38f03894de2fc5ada99b984f3510520d3eef3,128,3648,0.0962171052631579,0.10971171107461698,156.1565489973873,116.43326000012166,123.81948600068426,400.22832200020275,161,60,3452,35,101,0.547239605830373,0.9165124410632571,0.46875,0.631578947368421,0.37267080745341613,0.4676785572339684,0.010037281330656725,0.9899627186693433,0.026041666666666668,9.594298245614034,,,
selectivestream_r01_20261011,pooled_snapshot,22,random,0.1,1,2,f289a1709f98abf229ec22d38cf38f03894de2fc5ada99b984f3510520d3eef3,128,3648,0.0962171052631579,0.11346233168882634,166.95359000004828,119.1798419990846,123.7891319992741,413.9105860008385,161,60,3452,35,101,0.547239605830373,0.9165124410632571,0.46875,0.631578947368421,0.37267080745341613,0.4676785572339684,0.010037281330656725,0.9899627186693433,0.026041666666666668,9.594298245614034,,,
selectivestream_r01_20261011,pooled_snapshot,22,random,0.25,1,0,3f2b5df8704c0c0781d1e69b7f9012976dbe233179d52c78d88f32d86b82276e,128,3648,0.23574561403508773,0.15991734073451339,180.79215199850296,247.78119099937612,151.1850809988573,583.3784589995048,161,60,3454,33,101,0.5521709767895953,0.9175509033553197,0.47244094488188976,0.6451612903225806,0.37267080745341613,0.47329503277666135,0.00946372239747634,0.9905362776025236,0.02549342105263158,9.046052631578947,,,
selectivestream_r01_20261011,pooled_snapshot,22,random,0.25,1,1,3f2b5df8704c0c0781d1e69b7f9012976dbe233179d52c78d88f32d86b82276e,128,3648,0.23574561403508773,0.163734689144534,167.88903599854166,271.4736679986345,154.14635999741222,597.3041459992601,161,60,3454,33,101,0.5521709767895953,0.9175509033553197,0.47244094488188976,0.6451612903225806,0.37267080745341613,0.47329503277666135,0.00946372239747634,0.9905362776025236,0.02549342105263158,9.046052631578947,,,
selectivestream_r01_20261011,pooled_snapshot,22,random,0.25,1,2,3f2b5df8704c0c0781d1e69b7f9012976dbe233179d52c78d88f32d86b82276e,128,3648,0.23574561403508773,0.16289252686419287,169.6885200003635,269.91930600115666,150.72543499945823,594.2319380005756,161,60,3454,33,101,0.5521709767895953,0.9175509033553197,0.47244094488188976,0.6451612903225806,0.37267080745341613,0.47329503277666135,0.00946372239747634,0.9905362776025236,0.02549342105263158,9.046052631578947,,,
selectivestream_r01_20261011,pooled_snapshot,22,random,0.5,1,0,79ee05e468034ee99b5bc13d7bbc7d1d2f140ff7883ecee012a25117ae7ac00c,128,3648,0.5079495614035088,0.2584661299348125,169.10746800022025,588.9775850009755,180.69080899840628,942.884442002196,161,60,3459,28,101,0.5539714525045694,0.9147953267415618,0.4819277108433735,0.6818181818181818,0.37267080745341613,0.4881328714214379,0.00802982506452538,0.9919701749354746,0.02412280701754386,7.675438596491228,,,
selectivestream_r01_20261011,pooled_snapshot,22,random,0.5,1,1,79ee05e468034ee99b5bc13d7bbc7d1d2f140ff7883ecee012a25117ae7ac00c,128,3648,0.5079495614035088,0.2439026033440322,174.95860900135085,533.6072470004183,177.33249500042803,889.7566969990294,161,60,3459,28,101,0.5537644131670951,0.9147953267415618,0.4819277108433735,0.6818181818181818,0.37267080745341613,0.4881328714214379,0.00802982506452538,0.9919701749354746,0.02412280701754386,7.675438596491228,,,
selectivestream_r01_20261011,pooled_snapshot,22,random,0.5,1,2,79ee05e468034ee99b5bc13d7bbc7d1d2f140ff7883ecee012a25117ae7ac00c,128,3648,0.5079495614035088,0.24645748190758804,177.4875589990188,536.816247999468,181.0242579995247,899.0768939988811,161,60,3459,28,101,0.5537644131670951,0.9147953267415618,0.4819277108433735,0.6818181818181818,0.37267080745341613,0.4881328714214379,0.00802982506452538,0.9919701749354746,0.02412280701754386,7.675438596491228,,,
selectivestream_r01_20261011,pooled_snapshot,22,random,0.75,1,0,845e1c1a6ad10f4bb5bca18262867751846f926a6bfa6e235345d6b4bd4e238c,128,3648,0.7445175438596491,0.33053244353129585,176.43667599986657,819.8752649996095,205.58381400087455,1205.7823540021673,161,64,3449,38,97,0.5564941224055979,0.9195013599759178,0.4866920152091255,0.6274509803921569,0.39751552795031053,0.4816720286301637,0.010897619730427301,0.9891023802695726,0.027960526315789474,10.416666666666666,,,
selectivestream_r01_20261011,pooled_snapshot,22,random,0.75,1,1,845e1c1a6ad10f4bb5bca18262867751846f926a6bfa6e235345d6b4bd4e238c,128,3648,0.7445175438596491,0.31985522313598286,166.17170899917255,810.0236140007837,186.69802399926994,1166.8318540000655,161,64,3449,38,97,0.556349160354592,0.9195013599759178,0.4866920152091255,0.6274509803921569,0.39751552795031053,0.4816720286301637,0.010897619730427301,0.9891023802695726,0.027960526315789474,10.416666666666666,,,
selectivestream_r01_20261011,pooled_snapshot,22,random,0.75,1,2,845e1c1a6ad10f4bb5bca18262867751846f926a6bfa6e235345d6b4bd4e238c,128,3648,0.7445175438596491,0.3316094405157718,165.92333300104656,856.3800990000345,183.39140999978554,1209.7112390015354,161,64,3449,38,97,0.5564941224055979,0.9195013599759178,0.4866920152091255,0.6274509803921569,0.39751552795031053,0.4816720286301637,0.010897619730427301,0.9891023802695726,0.027960526315789474,10.416666666666666,,,
selectivestream_r01_20261011,pooled_snapshot,22,random,1.0,1,0,a7cec3c28cfc9f8ab6172c1fb845c6e9206de9accd1da80e959c057dde4cbf8a,128,3648,1.0,0.3992488220942535,167.0270839990735,1092.120373997659,192.89191500001834,1456.4597029998367,161,53,3479,8,108,0.5663151139062412,0.918217086712492,0.4774774774774775,0.8688524590163934,0.32919254658385094,0.5236257342556737,0.002294235732721537,0.9977057642672784,0.016721491228070175,2.192982456140351,,,
selectivestream_r01_20261011,pooled_snapshot,22,random,1.0,1,1,a7cec3c28cfc9f8ab6172c1fb845c6e9206de9accd1da80e959c057dde4cbf8a,128,3648,1.0,0.3724156743420269,162.92240099937771,1004.7029419988576,187.2523020006156,1358.572379999714,161,53,3479,8,108,0.5663151139062412,0.918217086712492,0.4774774774774775,0.8688524590163934,0.32919254658385094,0.5236257342556737,0.002294235732721537,0.9977057642672784,0.016721491228070175,2.192982456140351,,,
selectivestream_r01_20261011,pooled_snapshot,22,random,1.0,1,2,a7cec3c28cfc9f8ab6172c1fb845c6e9206de9accd1da80e959c057dde4cbf8a,128,3648,1.0,0.4049376485750494,171.16133900026398,1105.107244998635,196.8868390008538,1477.21254200178,161,53,3479,8,108,0.5663151139062412,0.918217086712492,0.4774774774774775,0.8688524590163934,0.32919254658385094,0.5236257342556737,0.002294235732721537,0.9977057642672784,0.016721491228070175,2.192982456140351,,,
selectivestream_r01_20261011,pooled_snapshot,22,random,0.0,2,0,512587e818939186b4b34508db62578cc7bacdf4517fa2ff7af017cb151e7c95,128,3648,0.0,0.04569441995596535,162.77178300060768,0.19592899889175897,0.07515900097132544,166.69324399936158,161,61,3452,35,100,0.5484329854343531,0.9179659320243602,0.47470817120622566,0.6354166666666666,0.37888198757763975,0.4732715206479286,0.010037281330656725,0.9899627186693433,0.02631578947368421,9.594298245614034,,,
selectivestream_r01_20261011,pooled_snapshot,22,random,0.0,2,1,512587e818939186b4b34508db62578cc7bacdf4517fa2ff7af017cb151e7c95,128,3648,0.0,0.0453923486841097,161.82862600044245,0.18055399959848728,0.07422699991366244,165.5912879996322,161,61,3452,35,100,0.5484329854343531,0.9179659320243602,0.47470817120622566,0.6354166666666666,0.37888198757763975,0.4732715206479286,0.010037281330656725,0.9899627186693433,0.02631578947368421,9.594298245614034,,,
selectivestream_r01_20261011,pooled_snapshot,22,random,0.0,2,2,512587e818939186b4b34508db62578cc7bacdf4517fa2ff7af017cb151e7c95,128,3648,0.0,0.044332049068236554,157.91573400019843,0.18731199998001102,0.07532800054832478,161.72331500092696,161,61,3452,35,100,0.5484329854343531,0.9179659320243602,0.47470817120622566,0.6354166666666666,0.37888198757763975,0.4732715206479286,0.010037281330656725,0.9899627186693433,0.02631578947368421,9.594298245614034,,,
selectivestream_r01_20261011,pooled_snapshot,22,random,0.1,2,0,8b837da95ec0f20c473da327f7d0d7b379c74c9347d4bfd5d9eb09a9bcb44158,128,3648,0.09155701754385964,0.10405264172132783,151.04596699939066,109.55097800160729,115.17463500013037,379.5840369994039,161,61,3453,34,100,0.5559716713821479,0.9182785394553328,0.4765625,0.6421052631578947,0.37888198757763975,0.47605879829686354,0.009750501864066534,0.9902494981359334,0.026041666666666668,9.320175438596491,,,
selectivestream_r01_20261011,pooled_snapshot,22,random,0.1,2,1,8b837da95ec0f20c473da327f7d0d7b379c74c9347d4bfd5d9eb09a9bcb44158,128,3648,0.09155701754385964,0.10323757236856061,149.983574000089,111.83484100092755,111.08191600214923,376.61066400050913,161,61,3453,34,100,0.5559716713821479,0.9182785394553328,0.4765625,0.6421052631578947,0.37888198757763975,0.47605879829686354,0.009750501864066534,0.9902494981359334,0.026041666666666668,9.320175438596491,,,
selectivestream_r01_20261011,pooled_snapshot,22,random,0.1,2,2,8b837da95ec0f20c473da327f7d0d7b379c74c9347d4bfd5d9eb09a9bcb44158,128,3648,0.09155701754385964,0.10296232373943176,146.8422100015232,108.03362699880381,116.86554199923194,375.6065570014471,161,61,3453,34,100,0.5559716713821479,0.9182785394553328,0.4765625,0.6421052631578947,0.37888198757763975,0.47605879829686354,0.009750501864066534,0.9902494981359334,0.026041666666666668,9.320175438596491,,,
selectivestream_r01_20261011,pooled_snapshot,22,random,0.25,2,0,cde8bef1fbbedaea37b4d808d7518cd4051aa2d460f0669239fa6fdb8107d1f6,128,3648,0.2393092105263158,0.15060368366261545,153.54760399986844,259.5372420005333,132.6032250017306,549.4022380012211,161,56,3474,13,105,0.5585161556681527,0.918836067238207,0.48695652173913045,0.8115942028985508,0.34782608695652173,0.5188186834806794,0.003728133065672498,0.9962718669343275,0.018914473684210526,3.56359649122807,,,
selectivestream_r01_20261011,pooled_snapshot,22,random,0.25,2,1,cde8bef1fbbedaea37b4d808d7518cd4051aa2d460f0669239fa6fdb8107d1f6,128,3648,0.2393092105263158,0.1490256151314677,158.09528900081204,248.68243000082657,133.2681899993986,543.6454439995941,161,56,3474,13,105,0.5585161556681527,0.918836067238207,0.48695652173913045,0.8115942028985508,0.34782608695652173,0.5188186834806794,0.003728133065672498,0.9962718669343275,0.018914473684210526,3.56359649122807,,,
selectivestream_r01_20261011,pooled_snapshot,22,random,0.25,2,2,cde8bef1fbbedaea37b4d808d7518cd4051aa2d460f0669239fa6fdb8107d1f6,128,3648,0.2393092105263158,0.1505119131030896,155.81152399909115,253.05613700083995,136.47314200034089,549.0674590000708,161,56,3474,13,105,0.558697946305935,0.918836067238207,0.48695652173913045,0.8115942028985508,0.34782608695652173,0.5188186834806794,0.003728133065672498,0.9962718669343275,0.018914473684210526,3.56359649122807,,,
selectivestream_r01_20261011,pooled_snapshot,22,random,0.5,2,0,07956df87e4a95f612e98edb101daf7e3b6f36ec7d26b312de66c4e6cecb0999,128,3648,0.5104166666666666,0.23060455318002687,157.2010170007161,524.4604100021206,155.8991029992285,841.245410000738,161,56,3473,14,105,0.5614248855331437,0.9143802980725214,0.48484848484848486,0.8,0.34782608695652173,0.5147421254003495,0.00401491253226269,0.9959850874677373,0.01918859649122807,3.837719298245614,,,
selectivestream_r01_20261011,pooled_snapshot,22,random,0.5,2,1,07956df87e4a95f612e98edb101daf7e3b6f36ec7d26b312de66c4e6cecb0999,128,3648,0.5104166666666666,0.2298075468753306,152.6234730017677,524.8483340010353,157.16194199967504,838.337931001206,161,56,3473,14,105,0.5614248855331437,0.9143802980725214,0.48484848484848486,0.8,0.34782608695652173,0.5147421254003495,0.00401491253226269,0.9959850874677373,0.01918859649122807,3.837719298245614,,,
selectivestream_r01_20261011,pooled_snapshot,22,random,0.5,2,2,07956df87e4a95f612e98edb101daf7e3b6f36ec7d26b312de66c4e6cecb0999,128,3648,0.5104166666666666,0.2323867957786132,160.71988300018347,517.8301010000723,165.5490210005155,847.747031000381,161,56,3473,14,105,0.5608504681231592,0.9143802980725214,0.48484848484848486,0.8,0.34782608695652173,0.5147421254003495,0.00401491253226269,0.9959850874677373,0.01918859649122807,3.837719298245614,,,
selectivestream_r01_20261011,pooled_snapshot,22,random,0.75,2,0,b868fa7600dfd333ddb8a44f1f71a24ccd62e982efc8dea31c44f62abf3ca96e,128,3648,0.7417763157894737,0.3077706145832163,169.69164700003603,754.5140809993427,194.86079799844447,1122.747201999573,161,55,3476,11,106,0.5676722736350487,0.912037968888881,0.4845814977973568,0.8333333333333334,0.3416149068322981,0.5215691914869043,0.0031545741324921135,0.9968454258675079,0.018092105263157895,3.0153508771929824,,,
selectivestream_r01_20261011,pooled_snapshot,22,random,0.75,2,1,b868fa7600dfd333ddb8a44f1f71a24ccd62e982efc8dea31c44f62abf3ca96e,128,3648,0.7417763157894737,0.3071968160635937,167.5349299998743,753.7447789995895,195.64697000123488,1120.65398499999,161,55,3476,11,106,0.5671840150905242,0.912037968888881,0.4845814977973568,0.8333333333333334,0.3416149068322981,0.5215691914869043,0.0031545741324921135,0.9968454258675079,0.018092105263157895,3.0153508771929824,,,
selectivestream_r01_20261011,pooled_snapshot,22,random,0.75,2,2,b868fa7600dfd333ddb8a44f1f71a24ccd62e982efc8dea31c44f62abf3ca96e,128,3648,0.7417763157894737,0.30468749259950445,167.78643300176554,749.4210440013376,190.660311001011,1111.4999730029922,161,55,3476,11,106,0.5676722736350487,0.912037968888881,0.4845814977973568,0.8333333333333334,0.3416149068322981,0.5215691914869043,0.0031545741324921135,0.9968454258675079,0.018092105263157895,3.0153508771929824,,,
selectivestream_r01_20261011,pooled_snapshot,22,random,1.0,2,0,d572a88cc4c5cd9b8e8487499a972c857adc20e583183588165bfcfe8b43e7e4,128,3648,1.0,0.37570715899074747,163.2540059990788,1001.5522219996456,201.91658399789958,1370.5797159982467,161,53,3479,8,108,0.5663151139062412,0.918217086712492,0.4774774774774775,0.8688524590163934,0.32919254658385094,0.5236257342556737,0.002294235732721537,0.9977057642672784,0.016721491228070175,2.192982456140351,,,
selectivestream_r01_20261011,pooled_snapshot,22,random,1.0,2,1,d572a88cc4c5cd9b8e8487499a972c857adc20e583183588165bfcfe8b43e7e4,128,3648,1.0,0.3803245567430991,173.15265699926385,1005.8459949991629,204.57891800015204,1387.4239829988255,161,53,3479,8,108,0.5663151139062412,0.918217086712492,0.4774774774774775,0.8688524590163934,0.32919254658385094,0.5236257342556737,0.002294235732721537,0.9977057642672784,0.016721491228070175,2.192982456140351,,,
selectivestream_r01_20261011,pooled_snapshot,22,random,1.0,2,2,d572a88cc4c5cd9b8e8487499a972c857adc20e583183588165bfcfe8b43e7e4,128,3648,1.0,0.37781128536196,163.93043899961413,1002.0750350004164,208.28710799969485,1378.2555690004301,161,53,3479,8,108,0.5663151139062412,0.918217086712492,0.4774774774774775,0.8688524590163934,0.32919254658385094,0.5236257342556737,0.002294235732721537,0.9977057642672784,0.016721491228070175,2.192982456140351,,,
selectivestream_r01_20261011,pooled_snapshot,22,learned_benefit,0.0,0,0,30ee4417fb4563aa12109d0244340c4fa422d11fa6900145451e46dab84c8887,128,3648,0.0,0.04606100383759376,156.30154599921298,0.14105199807090685,0.05803699923490058,168.03054199954204,161,61,3452,35,100,0.5484329854343531,0.9179659320243602,0.47470817120622566,0.6354166666666666,0.37888198757763975,0.4732715206479286,0.010037281330656725,0.9899627186693433,0.02631578947368421,9.594298245614034,,,
selectivestream_r01_20261011,pooled_snapshot,22,learned_benefit,0.0,0,1,30ee4417fb4563aa12109d0244340c4fa422d11fa6900145451e46dab84c8887,128,3648,0.0,0.05683430071307408,195.7415950014365,0.14208999937181943,0.0809560006018728,207.33152900129426,161,61,3452,35,100,0.5484329854343531,0.9179659320243602,0.47470817120622566,0.6354166666666666,0.37888198757763975,0.4732715206479286,0.010037281330656725,0.9899627186693433,0.02631578947368421,9.594298245614034,,,
selectivestream_r01_20261011,pooled_snapshot,22,learned_benefit,0.0,0,2,30ee4417fb4563aa12109d0244340c4fa422d11fa6900145451e46dab84c8887,128,3648,0.0,0.05080584402431317,173.8120850013729,0.14465600042967708,0.05983799974274007,185.33971900069446,161,61,3452,35,100,0.5484329854343531,0.9179659320243602,0.47470817120622566,0.6354166666666666,0.37888198757763975,0.4732715206479286,0.010037281330656725,0.9899627186693433,0.02631578947368421,9.594298245614034,,,
selectivestream_r01_20261011,pooled_snapshot,22,learned_benefit,0.1,0,0,a0df31b5aa15cdc6e46d712e706053d517b1bb4513f95e22a70a392f046ed48c,128,3648,0.03755482456140351,0.09041393338848318,169.49302800048827,41.850233998957265,107.0991950023199,329.83002900118663,161,53,3479,8,108,0.5635127790311358,0.9182438052963358,0.4774774774774775,0.8688524590163934,0.32919254658385094,0.5236257342556737,0.002294235732721537,0.9977057642672784,0.016721491228070175,2.192982456140351,,,
selectivestream_r01_20261011,pooled_snapshot,22,learned_benefit,0.1,0,1,a0df31b5aa15cdc6e46d712e706053d517b1bb4513f95e22a70a392f046ed48c,128,3648,0.03755482456140351,0.08547779303743833,153.00690900130576,41.949735000343935,105.3894029996627,311.82298900057503,161,53,3479,8,108,0.5631109823507835,0.9182438052963358,0.4774774774774775,0.8688524590163934,0.32919254658385094,0.5236257342556737,0.002294235732721537,0.9977057642672784,0.016721491228070175,2.192982456140351,,,
selectivestream_r01_20261011,pooled_snapshot,22,learned_benefit,0.1,0,2,a0df31b5aa15cdc6e46d712e706053d517b1bb4513f95e22a70a392f046ed48c,128,3648,0.03755482456140351,0.08739051398028626,157.17017400083932,40.61213900013172,109.5222100002502,318.8005950000843,161,53,3479,8,108,0.5627707379058965,0.9182438052963358,0.4774774774774775,0.8688524590163934,0.32919254658385094,0.5236257342556737,0.002294235732721537,0.9977057642672784,0.016721491228070175,2.192982456140351,,,
selectivestream_r01_20261011,pooled_snapshot,22,learned_benefit,0.25,0,0,7e106cc9fe953d3d39f131670bd4b6f4fada517260ae8466951674e8b8609bcb,128,3648,0.14172149122807018,0.12766751398018777,162.21951499983334,160.11535999950866,131.55541599871867,465.731090999725,161,53,3479,8,108,0.5641352352798842,0.9177504021146868,0.4774774774774775,0.8688524590163934,0.32919254658385094,0.5236257342556737,0.002294235732721537,0.9977057642672784,0.016721491228070175,2.192982456140351,,,
selectivestream_r01_20261011,pooled_snapshot,22,learned_benefit,0.25,0,1,7e106cc9fe953d3d39f131670bd4b6f4fada517260ae8466951674e8b8609bcb,128,3648,0.14172149122807018,0.1280277571271576,163.07290600116175,154.24635999988823,138.18415200012168,467.04525799987096,161,53,3479,8,108,0.563511439238565,0.9177504021146868,0.4774774774774775,0.8688524590163934,0.32919254658385094,0.5236257342556737,0.002294235732721537,0.9977057642672784,0.016721491228070175,2.192982456140351,,,
selectivestream_r01_20261011,pooled_snapshot,22,learned_benefit,0.25,0,2,7e106cc9fe953d3d39f131670bd4b6f4fada517260ae8466951674e8b8609bcb,128,3648,0.14172149122807018,0.1257023138704408,159.24163500039867,156.15242300009413,131.6836320006587,458.56204099936804,161,53,3479,8,108,0.5629594589679575,0.9177504021146868,0.4774774774774775,0.8688524590163934,0.32919254658385094,0.5236257342556737,0.002294235732721537,0.9977057642672784,0.016721491228070175,2.192982456140351,,,
selectivestream_r01_20261011,pooled_snapshot,22,learned_benefit,0.5,0,0,e60e887e49c8819b05f6ea1b3d5759b911e39dd62019aa78edc5061c14161724,128,3648,0.4731359649122807,0.23873332839884684,181.87673000056748,494.72229799948764,182.38053099958051,870.8991819989933,161,53,3479,8,108,0.5658901965451584,0.9180674626429667,0.4774774774774775,0.8688524590163934,0.32919254658385094,0.5236257342556737,0.002294235732721537,0.9977057642672784,0.016721491228070175,2.192982456140351,,,
selectivestream_r01_20261011,pooled_snapshot,22,learned_benefit,0.5,0,1,e60e887e49c8819b05f6ea1b3d5759b911e39dd62019aa78edc5061c14161724,128,3648,0.4731359649122807,0.23670970860734497,168.5067249995882,509.24381899949367,173.6686069998541,863.5170169995945,161,53,3479,8,108,0.5656589768088384,0.9180674626429667,0.4774774774774775,0.8688524590163934,0.32919254658385094,0.5236257342556737,0.002294235732721537,0.9977057642672784,0.016721491228070175,2.192982456140351,,,
selectivestream_r01_20261011,pooled_snapshot,22,learned_benefit,0.5,0,2,e60e887e49c8819b05f6ea1b3d5759b911e39dd62019aa78edc5061c14161724,128,3648,0.4731359649122807,0.24037411403492315,192.7363290010362,494.20827099902453,178.02838000170595,876.8847679993996,161,53,3479,8,108,0.56691578926683,0.9180674626429667,0.4774774774774775,0.8688524590163934,0.32919254658385094,0.5236257342556737,0.002294235732721537,0.9977057642672784,0.016721491228070175,2.192982456140351,,,
selectivestream_r01_20261011,pooled_snapshot,22,learned_benefit,0.75,0,0,0a2984ff8a42ca823bd196357010044c4ad85fe7c8a0720d050a33fd9cedd3df,128,3648,0.7823464912280702,0.3312539421600285,177.01319500065438,816.2061470011395,203.4199439990516,1208.414380999784,161,53,3479,8,108,0.5641353106107845,0.9159103823073099,0.4774774774774775,0.8688524590163934,0.32919254658385094,0.5236257342556737,0.002294235732721537,0.9977057642672784,0.016721491228070175,2.192982456140351,,,
selectivestream_r01_20261011,pooled_snapshot,22,learned_benefit,0.75,0,1,0a2984ff8a42ca823bd196357010044c4ad85fe7c8a0720d050a33fd9cedd3df,128,3648,0.7823464912280702,0.3365733541667338,183.45626099971923,815.0795760006986,217.38287900052455,1227.819596000245,161,53,3479,8,108,0.5641353106107845,0.91591038230731,0.4774774774774775,0.8688524590163934,0.32919254658385094,0.5236257342556737,0.002294235732721537,0.9977057642672784,0.016721491228070175,2.192982456140351,,,
selectivestream_r01_20261011,pooled_snapshot,22,learned_benefit,0.75,0,2,0a2984ff8a42ca823bd196357010044c4ad85fe7c8a0720d050a33fd9cedd3df,128,3648,0.7823464912280702,0.33902450219277336,172.72503599997435,843.6781899995367,207.91520199963998,1236.7613839992373,161,53,3479,8,108,0.5646500819435367,0.91591038230731,0.4774774774774775,0.8688524590163934,0.32919254658385094,0.5236257342556737,0.002294235732721537,0.9977057642672784,0.016721491228070175,2.192982456140351,,,
selectivestream_r01_20261011,pooled_snapshot,22,learned_benefit,1.0,0,0,79e900ed0be2010a9233404ef91edb523aa891217a96b244b0aea93b13536942,128,3648,1.0,0.3959521562499278,177.01601599856076,1037.6578770005835,217.58350099935342,1444.4334659997367,161,53,3479,8,108,0.5663151139062412,0.918217086712492,0.4774774774774775,0.8688524590163934,0.32919254658385094,0.5236257342556737,0.002294235732721537,0.9977057642672784,0.016721491228070175,2.192982456140351,,,
selectivestream_r01_20261011,pooled_snapshot,22,learned_benefit,1.0,0,1,79e900ed0be2010a9233404ef91edb523aa891217a96b244b0aea93b13536942,128,3648,1.0,0.39858631770821257,170.7901180011504,1059.7043080006188,210.9904999997525,1454.0428869995594,161,53,3479,8,108,0.5663151139062412,0.918217086712492,0.4774774774774775,0.8688524590163934,0.32919254658385094,0.5236257342556737,0.002294235732721537,0.9977057642672784,0.016721491228070175,2.192982456140351,,,
selectivestream_r01_20261011,pooled_snapshot,22,learned_benefit,1.0,0,2,79e900ed0be2010a9233404ef91edb523aa891217a96b244b0aea93b13536942,128,3648,1.0,0.39310006551598836,159.434588001659,1070.0969009999426,192.00121300082174,1434.0290390023256,161,53,3479,8,108,0.5663151139062412,0.918217086712492,0.4774774774774775,0.8688524590163934,0.32919254658385094,0.5236257342556737,0.002294235732721537,0.9977057642672784,0.016721491228070175,2.192982456140351,,,
selectivestream_r01_20261011,pooled_snapshot,33,margin,0.0,0,0,ac77130bb6f05c7d94420de6fa26d7ad965923a372a0a28b5b40760fe7f3257f,128,3648,0.0,0.044473678179918694,154.44853100007094,0.1685800016275607,0.06752400122422841,162.2399780003434,161,63,3468,19,98,0.5711476104100086,0.9111794117280334,0.5185185185185185,0.7682926829268293,0.391304347826087,0.5346456699998219,0.0054488098652136505,0.9945511901347863,0.022478070175438597,5.208333333333333,,,
selectivestream_r01_20261011,pooled_snapshot,33,margin,0.0,0,1,ac77130bb6f05c7d94420de6fa26d7ad965923a372a0a28b5b40760fe7f3257f,128,3648,0.0,0.04612983580038214,160.6658260002405,0.1613060003364808,0.06571899984919582,168.28164099979404,161,63,3468,19,98,0.5711476104100086,0.9111794117280334,0.5185185185185185,0.7682926829268293,0.391304347826087,0.5346456699998219,0.0054488098652136505,0.9945511901347863,0.022478070175438597,5.208333333333333,,,
selectivestream_r01_20261011,pooled_snapshot,33,margin,0.0,0,2,ac77130bb6f05c7d94420de6fa26d7ad965923a372a0a28b5b40760fe7f3257f,128,3648,0.0,0.05341911047183925,187.507656001344,0.1704320011413074,0.06240800075829611,194.87291500126958,161,63,3468,19,98,0.5711476104100086,0.9111794117280334,0.5185185185185185,0.7682926829268293,0.391304347826087,0.5346456699998219,0.0054488098652136505,0.9945511901347863,0.022478070175438597,5.208333333333333,,,
selectivestream_r01_20261011,pooled_snapshot,33,margin,0.1,0,0,249a756c2f1d60acea4d23417883e89294abec2ebf4710333faaa8c64a035b52,128,3648,0.06030701754385965,0.11385474287307493,182.5066690003041,83.64730700122891,141.8023380001614,415.3421020009773,161,53,3477,10,108,0.5451162334093537,0.9050412623996494,0.4732142857142857,0.8412698412698413,0.32919254658385094,0.5144866066526549,0.0028677946659019216,0.9971322053340981,0.017269736842105265,2.741228070175439,,,
selectivestream_r01_20261011,pooled_snapshot,33,margin,0.1,0,1,249a756c2f1d60acea4d23417883e89294abec2ebf4710333faaa8c64a035b52,128,3648,0.06030701754385965,0.10750458251120981,166.88045800083273,93.39035700031673,124.44137500096986,392.1767170008934,161,53,3477,10,108,0.5438482412946796,0.9050412623996494,0.4732142857142857,0.8412698412698413,0.32919254658385094,0.5144866066526549,0.0028677946659019216,0.9971322053340981,0.017269736842105265,2.741228070175439,,,
selectivestream_r01_20261011,pooled_snapshot,33,margin,0.1,0,2,249a756c2f1d60acea4d23417883e89294abec2ebf4710333faaa8c64a035b52,128,3648,0.06030701754385965,0.0997846206138619,158.00389299920425,83.62460900207225,115.15039199866806,364.0142959993682,161,53,3477,10,108,0.5451162334093537,0.9050412623996494,0.4732142857142857,0.8412698412698413,0.32919254658385094,0.5144866066526549,0.0028677946659019216,0.9971322053340981,0.017269736842105265,2.741228070175439,,,
selectivestream_r01_20261011,pooled_snapshot,33,margin,0.25,0,0,ec8c575409b304513e7a09f29237c5b787c0d9b3dc8c3b751d98da29f72fa965,128,3648,0.1581688596491228,0.15913744709394495,192.0337269993979,220.48755199966763,160.32429100096124,580.5334069987111,161,53,3477,10,108,0.573941881844728,0.9065660029176694,0.4732142857142857,0.8412698412698413,0.32919254658385094,0.5144866066526549,0.0028677946659019216,0.9971322053340981,0.017269736842105265,2.741228070175439,,4.709757038812157e-07,0.0
selectivestream_r01_20261011,pooled_snapshot,33,margin,0.25,0,1,ec8c575409b304513e7a09f29237c5b787c0d9b3dc8c3b751d98da29f72fa965,128,3648,0.1581688596491228,0.14098099451774115,160.70927700093307,208.10671100025502,138.22295699947063,514.2986680007198,161,53,3477,10,108,0.5739418818447279,0.9065660029176692,0.4732142857142857,0.8412698412698413,0.32919254658385094,0.5144866066526549,0.0028677946659019216,0.9971322053340981,0.017269736842105265,2.741228070175439,,3.022531116503302e-07,0.0
selectivestream_r01_20261011,pooled_snapshot,33,margin,0.25,0,2,ec8c575409b304513e7a09f29237c5b787c0d9b3dc8c3b751d98da29f72fa965,128,3648,0.1581688596491228,0.13910959786170052,160.52711799875397,205.36361500080602,134.3825350008956,507.4718129994835,161,53,3477,10,108,0.5739418818447279,0.9065660029176692,0.4732142857142857,0.8412698412698413,0.32919254658385094,0.5144866066526549,0.0028677946659019216,0.9971322053340981,0.017269736842105265,2.741228070175439,,4.709757038812157e-07,0.0
selectivestream_r01_20261011,pooled_snapshot,33,margin,0.5,0,0,61cf2df81e4119ee4c161b78ba25465545a8997b2149d43afb22190fe4415fe0,128,3648,0.45010964912280704,0.2614999257127144,183.50638899892147,573.074183999779,189.7566899992853,953.9517289999822,161,53,3477,10,108,0.5682830181520996,0.8950823555816012,0.4732142857142857,0.8412698412698413,0.32919254658385094,0.5144866066526549,0.0028677946659019216,0.9971322053340981,0.017269736842105265,2.741228070175439,,,
selectivestream_r01_20261011,pooled_snapshot,33,margin,0.5,0,1,61cf2df81e4119ee4c161b78ba25465545a8997b2149d43afb22190fe4415fe0,128,3648,0.45010964912280704,0.24703071189666242,163.41899099870716,565.996094998809,164.33668200124885,901.1680369990245,161,53,3477,10,108,0.5689640686043171,0.8950823555816013,0.4732142857142857,0.8412698412698413,0.32919254658385094,0.5144866066526549,0.0028677946659019216,0.9971322053340981,0.017269736842105265,2.741228070175439,,,
selectivestream_r01_20261011,pooled_snapshot,33,margin,0.5,0,2,61cf2df81e4119ee4c161b78ba25465545a8997b2149d43afb22190fe4415fe0,128,3648,0.45010964912280704,0.2622488489579741,174.30784399857657,591.2307190005777,183.49150199946962,956.6838009986895,161,53,3477,10,108,0.5689640686043173,0.8950823555816013,0.4732142857142857,0.8412698412698413,0.32919254658385094,0.5144866066526549,0.0028677946659019216,0.9971322053340981,0.017269736842105265,2.741228070175439,,,
selectivestream_r01_20261011,pooled_snapshot,33,margin,0.75,0,0,754c978a67cf80ef6df4dcc0f4ea4e4ae21e3b32cd5cb506ce9f3e949be46ee3,128,3648,0.7727521929824561,0.37480519983539917,171.8708309986141,987.3853630015219,200.6907629984198,1367.2893689995362,161,53,3477,10,108,0.5678683712146347,0.9050501685942641,0.4732142857142857,0.8412698412698413,0.32919254658385094,0.5144866066526549,0.0028677946659019216,0.9971322053340981,0.017269736842105265,2.741228070175439,,,
selectivestream_r01_20261011,pooled_snapshot,33,margin,0.75,0,1,754c978a67cf80ef6df4dcc0f4ea4e4ae21e3b32cd5cb506ce9f3e949be46ee3,128,3648,0.7727521929824561,0.3695678659536689,173.0367429981925,964.0224570002829,203.58796099935716,1348.183574998984,161,53,3477,10,108,0.5678683712146347,0.9050501685942641,0.4732142857142857,0.8412698412698413,0.32919254658385094,0.5144866066526549,0.0028677946659019216,0.9971322053340981,0.017269736842105265,2.741228070175439,,,
selectivestream_r01_20261011,pooled_snapshot,33,margin,0.75,0,2,754c978a67cf80ef6df4dcc0f4ea4e4ae21e3b32cd5cb506ce9f3e949be46ee3,128,3648,0.7727521929824561,0.3717790235744912,168.80243899913694,981.7269299978761,197.90799400061587,1356.249877999744,161,53,3477,10,108,0.5678683712146347,0.905050168594264,0.4732142857142857,0.8412698412698413,0.32919254658385094,0.5144866066526549,0.0028677946659019216,0.9971322053340981,0.017269736842105265,2.741228070175439,,,
selectivestream_r01_20261011,pooled_snapshot,33,margin,1.0,0,0,2a3203c6cebd6a43fc07a9f0b86dc48a3c37586264cd84d596dc1e0112060935,128,3648,1.0,0.44914299671049956,166.50444200013226,1252.3766249996697,211.8596210011674,1638.4736519999024,161,53,3477,10,108,0.5675018305828172,0.9135253033895196,0.4732142857142857,0.8412698412698413,0.32919254658385094,0.5144866066526549,0.0028677946659019216,0.9971322053340981,0.017269736842105265,2.741228070175439,,,
selectivestream_r01_20261011,pooled_snapshot,33,margin,1.0,0,1,2a3203c6cebd6a43fc07a9f0b86dc48a3c37586264cd84d596dc1e0112060935,128,3648,1.0,0.455875984923531,181.00471699881382,1252.6641260005817,221.74899900028322,1663.035593001041,161,53,3477,10,108,0.5675018305828172,0.9135253033895195,0.4732142857142857,0.8412698412698413,0.32919254658385094,0.5144866066526549,0.0028677946659019216,0.9971322053340981,0.017269736842105265,2.741228070175439,,,
selectivestream_r01_20261011,pooled_snapshot,33,margin,1.0,0,2,2a3203c6cebd6a43fc07a9f0b86dc48a3c37586264cd84d596dc1e0112060935,128,3648,1.0,0.4559006737939566,180.75060700175527,1256.812916999479,218.0962019992876,1663.1256580003537,161,53,3477,10,108,0.5675018305828172,0.9135253033895194,0.4732142857142857,0.8412698412698413,0.32919254658385094,0.5144866066526549,0.0028677946659019216,0.9971322053340981,0.017269736842105265,2.741228070175439,,,
selectivestream_r01_20261011,pooled_snapshot,33,entropy,0.0,0,0,f5faac495b4e2bd9782d3c92e48e80f1265b1f350c9663a86d2656cb460cd69c,128,3648,0.0,0.0472884172145184,155.57142200032104,0.140038998779346,0.058787999932974344,172.50814599856312,161,63,3468,19,98,0.5711476104100086,0.9111794117280332,0.5185185185185185,0.7682926829268293,0.391304347826087,0.5346456699998219,0.0054488098652136505,0.9945511901347863,0.022478070175438597,5.208333333333333,,,
selectivestream_r01_20261011,pooled_snapshot,33,entropy,0.0,0,1,f5faac495b4e2bd9782d3c92e48e80f1265b1f350c9663a86d2656cb460cd69c,128,3648,0.0,0.05101247423243051,169.4040520010276,0.1419990003341809,0.06028400002833223,186.09350599990648,161,63,3468,19,98,0.5711476104100086,0.9111794117280334,0.5185185185185185,0.7682926829268293,0.391304347826087,0.5346456699998219,0.0054488098652136505,0.9945511901347863,0.022478070175438597,5.208333333333333,,,
selectivestream_r01_20261011,pooled_snapshot,33,entropy,0.0,0,2,f5faac495b4e2bd9782d3c92e48e80f1265b1f350c9663a86d2656cb460cd69c,128,3648,0.0,0.05267137308114419,175.80522199932602,0.15005600107542705,0.06173900010253419,192.145169000014,161,63,3468,19,98,0.5711476104100086,0.9111794117280332,0.5185185185185185,0.7682926829268293,0.391304347826087,0.5346456699998219,0.0054488098652136505,0.9945511901347863,0.022478070175438597,5.208333333333333,,,
selectivestream_r01_20261011,pooled_snapshot,33,entropy,0.1,0,0,bdf42466aa4910825fa06b7518cb2e799884ee8fa4873d8e82b124c9ecd26e38,128,3648,0.062225877192982455,0.10433633086642315,156.78697800149166,84.63734299948555,122.82078600128443,380.61893500071164,161,53,3477,10,108,0.5448308757921029,0.9050804496559536,0.4732142857142857,0.8412698412698413,0.32919254658385094,0.5144866066526549,0.0028677946659019216,0.9971322053340981,0.017269736842105265,2.741228070175439,,,
selectivestream_r01_20261011,pooled_snapshot,33,entropy,0.1,0,1,bdf42466aa4910825fa06b7518cb2e799884ee8fa4873d8e82b124c9ecd26e38,128,3648,0.062225877192982455,0.10295066091016411,156.3772279996556,86.26152500028184,116.38614100183986,375.5640110002787,161,53,3477,10,108,0.5448308757921029,0.9050804496559537,0.4732142857142857,0.8412698412698413,0.32919254658385094,0.5144866066526549,0.0028677946659019216,0.9971322053340981,0.017269736842105265,2.741228070175439,,,
selectivestream_r01_20261011,pooled_snapshot,33,entropy,0.1,0,2,bdf42466aa4910825fa06b7518cb2e799884ee8fa4873d8e82b124c9ecd26e38,128,3648,0.062225877192982455,0.10167380592120305,151.74017600111256,84.8631080011728,117.83139099861728,370.9060440005487,161,53,3477,10,108,0.5448308757921029,0.9050804496559536,0.4732142857142857,0.8412698412698413,0.32919254658385094,0.5144866066526549,0.0028677946659019216,0.9971322053340981,0.017269736842105265,2.741228070175439,,,
selectivestream_r01_20261011,pooled_snapshot,33,entropy,0.25,0,0,47cc3509c86766b1dca6685b1d8a24fe7c126c0ff37242cd8d9e43a8bccb3834,128,3648,0.18612938596491227,0.15776492105302217,165.94531600048867,255.11735899954147,137.8349449992129,575.5264320014248,161,53,3477,10,108,0.5426600125610451,0.9065321593781339,0.4732142857142857,0.8412698412698413,0.32919254658385094,0.5144866066526549,0.0028677946659019216,0.9971322053340981,0.017269736842105265,2.741228070175439,,,
selectivestream_r01_20261011,pooled_snapshot,33,entropy,0.25,0,1,47cc3509c86766b1dca6685b1d8a24fe7c126c0ff37242cd8d9e43a8bccb3834,128,3648,0.18612938596491227,0.1632914454495,181.69350400057738,249.7851649995937,147.81205399958708,595.687192999776,161,53,3477,10,108,0.5426600125610451,0.9065321593781339,0.4732142857142857,0.8412698412698413,0.32919254658385094,0.5144866066526549,0.0028677946659019216,0.9971322053340981,0.017269736842105265,2.741228070175439,,,
selectivestream_r01_20261011,pooled_snapshot,33,entropy,0.25,0,2,47cc3509c86766b1dca6685b1d8a24fe7c126c0ff37242cd8d9e43a8bccb3834,128,3648,0.18612938596491227,0.16048808963837133,175.34981500011781,247.95116699897335,145.41442999870924,585.4605510007787,161,53,3477,10,108,0.5426600125610451,0.9065321593781339,0.4732142857142857,0.8412698412698413,0.32919254658385094,0.5144866066526549,0.0028677946659019216,0.9971322053340981,0.017269736842105265,2.741228070175439,,,
selectivestream_r01_20261011,pooled_snapshot,33,entropy,0.5,0,0,3e469022ba28fc181c4a74419f0840a3fc7fac251931985d39f89691674900c8,128,3648,0.4725877192982456,0.2582742464369652,167.15769900156374,595.0498639986108,163.5663440015378,942.1844510020492,161,53,3477,10,108,0.5366389196223065,0.8959533814149093,0.4732142857142857,0.8412698412698413,0.32919254658385094,0.5144866066526549,0.0028677946659019216,0.9971322053340981,0.017269736842105265,2.741228070175439,,,
selectivestream_r01_20261011,pooled_snapshot,33,entropy,0.5,0,1,3e469022ba28fc181c4a74419f0840a3fc7fac251931985d39f89691674900c8,128,3648,0.4725877192982456,0.2694709610747088,173.99705900061235,619.0236779993938,173.22747700200125,983.0300660005378,161,53,3477,10,108,0.5366389196223066,0.8959533814149094,0.4732142857142857,0.8412698412698413,0.32919254658385094,0.5144866066526549,0.0028677946659019216,0.9971322053340981,0.017269736842105265,2.741228070175439,,,
selectivestream_r01_20261011,pooled_snapshot,33,entropy,0.5,0,2,3e469022ba28fc181c4a74419f0840a3fc7fac251931985d39f89691674900c8,128,3648,0.4725877192982456,0.26659268695115307,171.71857600033036,617.7045050003471,166.05980700069267,972.5301219978064,161,53,3477,10,108,0.5366389196223065,0.8959533814149093,0.4732142857142857,0.8412698412698413,0.32919254658385094,0.5144866066526549,0.0028677946659019216,0.9971322053340981,0.017269736842105265,2.741228070175439,,,
selectivestream_r01_20261011,pooled_snapshot,33,entropy,0.75,0,0,c2385317417dc8dadaa6b0ba1fa8d021e7db241bb5edd884e4ef403847790528,128,3648,0.7809758771929824,0.38652421737981413,165.6173810006294,1026.3428389971523,200.49446400025772,1410.040345001562,161,53,3477,10,108,0.5344378373086265,0.9039582691345138,0.4732142857142857,0.8412698412698413,0.32919254658385094,0.5144866066526549,0.0028677946659019216,0.9971322053340981,0.017269736842105265,2.741228070175439,,,
selectivestream_r01_20261011,pooled_snapshot,33,entropy,0.75,0,1,c2385317417dc8dadaa6b0ba1fa8d021e7db241bb5edd884e4ef403847790528,128,3648,0.7809758771929824,0.3819309736845873,161.09706900124365,1034.5901369996682,180.64549599966995,1393.2841920013743,161,53,3477,10,108,0.5338508956461698,0.9039582691345138,0.4732142857142857,0.8412698412698413,0.32919254658385094,0.5144866066526549,0.0028677946659019216,0.9971322053340981,0.017269736842105265,2.741228070175439,,,
selectivestream_r01_20261011,pooled_snapshot,33,entropy,0.75,0,2,c2385317417dc8dadaa6b0ba1fa8d021e7db241bb5edd884e4ef403847790528,128,3648,0.7809758771929824,0.38503543119511024,159.9245640004483,1050.0283430005766,176.8267650013513,1404.6092529997622,161,53,3477,10,108,0.5338508956461699,0.9039582691345138,0.4732142857142857,0.8412698412698413,0.32919254658385094,0.5144866066526549,0.0028677946659019216,0.9971322053340981,0.017269736842105265,2.741228070175439,,,
selectivestream_r01_20261011,pooled_snapshot,33,entropy,1.0,0,0,ba2d17716e696527225cf60387b46e3f3ad9746947ad7d02f3a489764b96df9a,128,3648,1.0,0.47600878371698846,172.78193399806696,1334.5094080004856,210.97089900058563,1736.480042999574,161,53,3477,10,108,0.5675018305828172,0.9135253033895196,0.4732142857142857,0.8412698412698413,0.32919254658385094,0.5144866066526549,0.0028677946659019216,0.9971322053340981,0.017269736842105265,2.741228070175439,,,
selectivestream_r01_20261011,pooled_snapshot,33,entropy,1.0,0,1,ba2d17716e696527225cf60387b46e3f3ad9746947ad7d02f3a489764b96df9a,128,3648,1.0,0.47609259840965623,175.68320499958645,1339.2147350027699,203.88645399907546,1736.785798998426,161,53,3477,10,108,0.5675018305828172,0.9135253033895196,0.4732142857142857,0.8412698412698413,0.32919254658385094,0.5144866066526549,0.0028677946659019216,0.9971322053340981,0.017269736842105265,2.741228070175439,,,
selectivestream_r01_20261011,pooled_snapshot,33,entropy,1.0,0,2,ba2d17716e696527225cf60387b46e3f3ad9746947ad7d02f3a489764b96df9a,128,3648,1.0,0.45290399013185234,172.28232800016485,1254.55357599958,208.81475899841462,1652.1937560009974,161,53,3477,10,108,0.5675018305828172,0.9135253033895196,0.4732142857142857,0.8412698412698413,0.32919254658385094,0.5144866066526549,0.0028677946659019216,0.9971322053340981,0.017269736842105265,2.741228070175439,,,
selectivestream_r01_20261011,pooled_snapshot,33,random,0.0,0,0,ba5144edf44ee84b78527fc9a96fb98294d63bce9ef443fe6d0aeb7ab73d7908,128,3648,0.0,0.044141399945299566,157.1217369992155,0.20257000005585724,0.07795499777785153,161.02782700045282,161,63,3468,19,98,0.5711476104100086,0.9111794117280333,0.5185185185185185,0.7682926829268293,0.391304347826087,0.5346456699998219,0.0054488098652136505,0.9945511901347863,0.022478070175438597,5.208333333333333,,,
selectivestream_r01_20261011,pooled_snapshot,33,random,0.0,0,1,ba5144edf44ee84b78527fc9a96fb98294d63bce9ef443fe6d0aeb7ab73d7908,128,3648,0.0,0.04477723218243774,159.18029100157582,0.20923900001434959,0.09111800045502605,163.34734300153286,161,63,3468,19,98,0.5711476104100086,0.9111794117280334,0.5185185185185185,0.7682926829268293,0.391304347826087,0.5346456699998219,0.0054488098652136505,0.9945511901347863,0.022478070175438597,5.208333333333333,,,
selectivestream_r01_20261011,pooled_snapshot,33,random,0.0,0,2,ba5144edf44ee84b78527fc9a96fb98294d63bce9ef443fe6d0aeb7ab73d7908,128,3648,0.0,0.0439364465459871,156.4314130000639,0.19513600091158878,0.07290399935300229,160.28015699976095,161,63,3468,19,98,0.5711476104100086,0.9111794117280334,0.5185185185185185,0.7682926829268293,0.391304347826087,0.5346456699998219,0.0054488098652136505,0.9945511901347863,0.022478070175438597,5.208333333333333,,,
selectivestream_r01_20261011,pooled_snapshot,33,random,0.1,0,0,fdef08431c9b2a133da0f5ae9d95567c0a361150f24757e62a334cca75880826,128,3648,0.10005482456140351,0.12189950466042394,160.1536369994392,152.28361699928428,128.44077400040987,444.68939300122656,161,64,3468,19,97,0.5631530186815671,0.9077077770672612,0.5245901639344263,0.7710843373493976,0.39751552795031053,0.54004515693323,0.0054488098652136505,0.9945511901347863,0.02275219298245614,5.208333333333333,,,
selectivestream_r01_20261011,pooled_snapshot,33,random,0.1,0,1,fdef08431c9b2a133da0f5ae9d95567c0a361150f24757e62a334cca75880826,128,3648,0.10005482456140351,0.11614676343223089,157.54961900074704,140.88723799932268,121.70933699917441,423.7033930007783,161,64,3468,19,97,0.5631530186815672,0.9077077770672612,0.5245901639344263,0.7710843373493976,0.39751552795031053,0.54004515693323,0.0054488098652136505,0.9945511901347863,0.02275219298245614,5.208333333333333,,,
selectivestream_r01_20261011,pooled_snapshot,33,random,0.1,0,2,fdef08431c9b2a133da0f5ae9d95567c0a361150f24757e62a334cca75880826,128,3648,0.10005482456140351,0.12880713596467985,174.2118599991045,163.65266500088183,127.98376499949882,469.8884319991521,161,64,3468,19,97,0.5631530186815671,0.9077077770672614,0.5245901639344263,0.7710843373493976,0.39751552795031053,0.54004515693323,0.0054488098652136505,0.9945511901347863,0.02275219298245614,5.208333333333333,,,
selectivestream_r01_20261011,pooled_snapshot,33,random,0.25,0,0,23a678f17f4caf1449949e81b39788aa5b2096e910b8651ec8b6477d9c43f66a,128,3648,0.25685307017543857,0.18338665076736574,176.33950099934736,339.84618800104727,149.1443119998621,668.9945019993502,161,61,3471,16,100,0.5577776832672682,0.9090187689145308,0.5126050420168067,0.7922077922077922,0.37888198757763975,0.5348240493925512,0.004588471465443074,0.9954115285345569,0.021107456140350877,4.385964912280702,,,
selectivestream_r01_20261011,pooled_snapshot,33,random,0.25,0,1,23a678f17f4caf1449949e81b39788aa5b2096e910b8651ec8b6477d9c43f66a,128,3648,0.25685307017543857,0.19029282922139942,161.9154430004528,377.5781999997889,150.73060300028374,694.1882409996651,161,61,3471,16,100,0.5577776832672682,0.9090187689145308,0.5126050420168067,0.7922077922077922,0.37888198757763975,0.5348240493925512,0.004588471465443074,0.9954115285345569,0.021107456140350877,4.385964912280702,,,
selectivestream_r01_20261011,pooled_snapshot,33,random,0.25,0,2,23a678f17f4caf1449949e81b39788aa5b2096e910b8651ec8b6477d9c43f66a,128,3648,0.25685307017543857,0.18663291968205217,174.63504000033936,348.9968740000222,153.46411400014404,680.8368910001263,161,61,3471,16,100,0.5577776832672682,0.9090187689145308,0.5126050420168067,0.7922077922077922,0.37888198757763975,0.5348240493925512,0.004588471465443074,0.9954115285345569,0.021107456140350877,4.385964912280702,,,
selectivestream_r01_20261011,pooled_snapshot,33,random,0.5,0,0,cc1169e19499d1ef398f41dfd52cf353e4e3560141253f4510f785d7dd90babd,128,3648,0.49506578947368424,0.2762259468197389,190.74575599915988,622.7844399995774,190.39085200074624,1007.6722539984075,161,64,3456,31,97,0.5570412256039705,0.9080462124626162,0.5,0.6736842105263158,0.39751552795031053,0.5011995214855491,0.008890163464295957,0.9911098365357041,0.026041666666666668,8.49780701754386,,,
selectivestream_r01_20261011,pooled_snapshot,33,random,0.5,0,1,cc1169e19499d1ef398f41dfd52cf353e4e3560141253f4510f785d7dd90babd,128,3648,0.49506578947368424,0.2688448766448416,170.39714100155834,632.0502529983969,174.4889060009882,980.746110000382,161,64,3456,31,97,0.5570412256039705,0.9080462124626162,0.5,0.6736842105263158,0.39751552795031053,0.5011995214855491,0.008890163464295957,0.9911098365357041,0.026041666666666668,8.49780701754386,,,
selectivestream_r01_20261011,pooled_snapshot,33,random,0.5,0,2,cc1169e19499d1ef398f41dfd52cf353e4e3560141253f4510f785d7dd90babd,128,3648,0.49506578947368424,0.2683894248901839,166.67734600014228,630.5066250001801,178.09129499937626,979.084621999391,161,64,3456,31,97,0.5570412256039705,0.9080462124626162,0.5,0.6736842105263158,0.39751552795031053,0.5011995214855491,0.008890163464295957,0.9911098365357041,0.026041666666666668,8.49780701754386,,,
selectivestream_r01_20261011,pooled_snapshot,33,random,0.75,0,0,0629c5c024fdcc23225348e57242f6d68c391c494f22369ead9efa4c09d7dce5,128,3648,0.7475328947368421,0.36273711622806804,177.35685300067416,940.7649060021868,201.4283409998825,1323.2649999999921,161,56,3473,14,105,0.5657938762865543,0.9011091774773027,0.48484848484848486,0.8,0.34782608695652173,0.5147421254003495,0.00401491253226269,0.9959850874677373,0.01918859649122807,3.837719298245614,,,
selectivestream_r01_20261011,pooled_snapshot,33,random,0.75,0,1,0629c5c024fdcc23225348e57242f6d68c391c494f22369ead9efa4c09d7dce5,128,3648,0.7475328947368421,0.35346375575659694,167.86393300026248,931.952244999593,185.87253799933023,1289.4357810000656,161,56,3473,14,105,0.5649516543263199,0.9011091774773027,0.48484848484848486,0.8,0.34782608695652173,0.5147421254003495,0.00401491253226269,0.9959850874677373,0.01918859649122807,3.837719298245614,,,
selectivestream_r01_20261011,pooled_snapshot,33,random,0.75,0,2,0629c5c024fdcc23225348e57242f6d68c391c494f22369ead9efa4c09d7dce5,128,3648,0.7475328947368421,0.36068666474738376,172.74127200016665,942.9063139987193,196.3698320023468,1315.784952998456,161,56,3473,14,105,0.5653322748019348,0.9011091774773027,0.48484848484848486,0.8,0.34782608695652173,0.5147421254003495,0.00401491253226269,0.9959850874677373,0.01918859649122807,3.837719298245614,,,
selectivestream_r01_20261011,pooled_snapshot,33,random,1.0,0,0,b5d46b47d246174b09d696e9339d05fc41df61d69844ebb32b2b414d4d415903,128,3648,1.0,0.4495252793309359,184.8238289985602,1243.1974620008077,207.94246599871258,1639.8682189992542,161,53,3477,10,108,0.5675018305828172,0.9135253033895196,0.4732142857142857,0.8412698412698413,0.32919254658385094,0.5144866066526549,0.0028677946659019216,0.9971322053340981,0.017269736842105265,2.741228070175439,,,
selectivestream_r01_20261011,pooled_snapshot,33,random,1.0,0,1,b5d46b47d246174b09d696e9339d05fc41df61d69844ebb32b2b414d4d415903,128,3648,1.0,0.4713719558664982,179.6044000002439,1322.4625460024981,213.54255900132557,1719.5648950009854,161,53,3477,10,108,0.5675018305828172,0.9135253033895196,0.4732142857142857,0.8412698412698413,0.32919254658385094,0.5144866066526549,0.0028677946659019216,0.9971322053340981,0.017269736842105265,2.741228070175439,,,
selectivestream_r01_20261011,pooled_snapshot,33,random,1.0,0,2,b5d46b47d246174b09d696e9339d05fc41df61d69844ebb32b2b414d4d415903,128,3648,1.0,0.45493585224838334,166.49294900071254,1282.8441589986141,206.3977950001572,1659.6059890021024,161,53,3477,10,108,0.5675018305828172,0.9135253033895196,0.4732142857142857,0.8412698412698413,0.32919254658385094,0.5144866066526549,0.0028677946659019216,0.9971322053340981,0.017269736842105265,2.741228070175439,,,
selectivestream_r01_20261011,pooled_snapshot,33,random,0.0,1,0,be7e1a381d8ea8c92f3b054b1e00915f32a92500aa788256f1e293d8fdadc124,128,3648,0.0,0.052557840734984415,187.96235900299507,0.1799830006348202,0.07892000030551571,191.73100300122314,161,63,3468,19,98,0.5711476104100086,0.9111794117280333,0.5185185185185185,0.7682926829268293,0.391304347826087,0.5346456699998219,0.0054488098652136505,0.9945511901347863,0.022478070175438597,5.208333333333333,,,
selectivestream_r01_20261011,pooled_snapshot,33,random,0.0,1,1,be7e1a381d8ea8c92f3b054b1e00915f32a92500aa788256f1e293d8fdadc124,128,3648,0.0,0.04973060690759754,177.570697000192,0.19965199908256182,0.0777029995333578,181.41725399891584,161,63,3468,19,98,0.5711476104100086,0.9111794117280334,0.5185185185185185,0.7682926829268293,0.391304347826087,0.5346456699998219,0.0054488098652136505,0.9945511901347863,0.022478070175438597,5.208333333333333,,,
selectivestream_r01_20261011,pooled_snapshot,33,random,0.0,1,2,be7e1a381d8ea8c92f3b054b1e00915f32a92500aa788256f1e293d8fdadc124,128,3648,0.0,0.04717430975918197,168.4287190014402,0.17649100118433125,0.06995800049480749,172.09188200149583,161,63,3468,19,98,0.5711476104100086,0.9111794117280334,0.5185185185185185,0.7682926829268293,0.391304347826087,0.5346456699998219,0.0054488098652136505,0.9945511901347863,0.022478070175438597,5.208333333333333,,,
selectivestream_r01_20261011,pooled_snapshot,33,random,0.1,1,0,c9f8641f4518afa3cd141b60d855dfd0b79c5df4d3c579d6e0acdeed3ef65f4b,128,3648,0.0981359649122807,0.12508094270826,172.00669700059734,134.69760799989672,146.0307299989836,456.29527899973255,161,80,3446,41,81,0.5702675828812944,0.9129357133060328,0.5673758865248227,0.6611570247933884,0.4968944099378882,0.5564259862480746,0.011757958130197877,0.9882420418698021,0.033168859649122806,11.239035087719298,,,
selectivestream_r01_20261011,pooled_snapshot,33,random,0.1,1,1,c9f8641f4518afa3cd141b60d855dfd0b79c5df4d3c579d6e0acdeed3ef65f4b,128,3648,0.0981359649122807,0.1281695328954837,175.03870100017593,139.22544500019285,149.64984200150866,467.5624560027245,161,80,3446,41,81,0.5702675828812944,0.9129357133060328,0.5673758865248227,0.6611570247933884,0.4968944099378882,0.5564259862480746,0.011757958130197877,0.9882420418698021,0.033168859649122806,11.239035087719298,,,
selectivestream_r01_20261011,pooled_snapshot,33,random,0.1,1,2,c9f8641f4518afa3cd141b60d855dfd0b79c5df4d3c579d6e0acdeed3ef65f4b,128,3648,0.0981359649122807,0.12427677686426314,167.68758999933198,137.32235599945852,144.78622799924779,453.36168200083193,161,80,3446,41,81,0.5702675828812944,0.9129357133060328,0.5673758865248227,0.6611570247933884,0.4968944099378882,0.5564259862480746,0.011757958130197877,0.9882420418698021,0.033168859649122806,11.239035087719298,,,
selectivestream_r01_20261011,pooled_snapshot,33,random,0.25,1,0,3667056a284f90de55dab9e793aa36a02ae88766f73d9a2c7badb27d9772da16,128,3648,0.25164473684210525,0.17872220668891214,167.59606799996618,333.1933169997683,147.5148149988854,651.9786100011515,161,62,3468,19,99,0.5673687587073165,0.9093162358146585,0.512396694214876,0.7654320987654321,0.38509316770186336,0.5292023907383183,0.0054488098652136505,0.9945511901347863,0.022203947368421052,5.208333333333333,,,
selectivestream_r01_20261011,pooled_snapshot,33,random,0.25,1,1,3667056a284f90de55dab9e793aa36a02ae88766f73d9a2c7badb27d9772da16,128,3648,0.25164473684210525,0.18359913048215548,166.08557599965934,344.0704860013284,155.7047890000831,669.7696279989032,161,62,3468,19,99,0.5673687587073164,0.9093162358146585,0.512396694214876,0.7654320987654321,0.38509316770186336,0.5292023907383183,0.0054488098652136505,0.9945511901347863,0.022203947368421052,5.208333333333333,,,
selectivestream_r01_20261011,pooled_snapshot,33,random,0.25,1,2,3667056a284f90de55dab9e793aa36a02ae88766f73d9a2c7badb27d9772da16,128,3648,0.25164473684210525,0.19137675356324535,170.5967969987796,370.95625700067103,152.59316999936345,698.142396998719,161,62,3468,19,99,0.5673687587073165,0.9093162358146586,0.512396694214876,0.7654320987654321,0.38509316770186336,0.5292023907383183,0.0054488098652136505,0.9945511901347863,0.022203947368421052,5.208333333333333,,,
selectivestream_r01_20261011,pooled_snapshot,33,random,0.5,1,0,aa6694bc8032b027efdfdfa07c97a9afec0fd37adfcf0a6acfb3120505a7d2e2,128,3648,0.49725877192982454,0.27869531222622473,167.99490500034153,668.2288299989523,176.46183199940424,1016.6804990012679,161,73,3463,24,88,0.5804527388577594,0.9099788566939848,0.5658914728682171,0.7525773195876289,0.453416149068323,0.5700746091019679,0.0068827071981646115,0.9931172928018354,0.026589912280701754,6.578947368421052,,,
selectivestream_r01_20261011,pooled_snapshot,33,random,0.5,1,1,aa6694bc8032b027efdfdfa07c97a9afec0fd37adfcf0a6acfb3120505a7d2e2,128,3648,0.49725877192982454,0.2842868889806825,183.23913800031733,657.8659900005732,192.1394090013564,1037.0785710015298,161,73,3463,24,88,0.5804527388577594,0.9099788566939848,0.5658914728682171,0.7525773195876289,0.453416149068323,0.5700746091019679,0.0068827071981646115,0.9931172928018354,0.026589912280701754,6.578947368421052,,,
selectivestream_r01_20261011,pooled_snapshot,33,random,0.5,1,2,aa6694bc8032b027efdfdfa07c97a9afec0fd37adfcf0a6acfb3120505a7d2e2,128,3648,0.49725877192982454,0.2720902505480557,164.37813499896947,643.7110819997542,180.6165590010096,992.5852339993071,161,73,3463,24,88,0.5804527388577594,0.9099788566939848,0.5658914728682171,0.7525773195876289,0.453416149068323,0.5700746091019679,0.0068827071981646115,0.9931172928018354,0.026589912280701754,6.578947368421052,,,
selectivestream_r01_20261011,pooled_snapshot,33,random,0.75,1,0,ac3f08c447b3302fcfbe11b701063047bc81bcd392d1ddb4ed3f744d74d50402,128,3648,0.762609649122807,0.3800888229166906,177.57218899987492,1008.8583199999448,196.20399700033886,1386.5640260000873,161,67,3469,18,94,0.5729276782041958,0.9115303157958485,0.5447154471544715,0.788235294117647,0.4161490683229814,0.5595638667272398,0.005162030398623459,0.9948379696013765,0.023300438596491228,4.934210526315789,,,
selectivestream_r01_20261011,pooled_snapshot,33,random,0.75,1,1,ac3f08c447b3302fcfbe11b701063047bc81bcd392d1ddb4ed3f744d74d50402,128,3648,0.762609649122807,0.38269791310303963,185.5391439999039,1017.1822120000797,189.17853499942794,1396.0819869998886,161,67,3469,18,94,0.5725798117849008,0.9115303157958485,0.5447154471544715,0.788235294117647,0.4161490683229814,0.5595638667272398,0.005162030398623459,0.9948379696013765,0.023300438596491228,4.934210526315789,,,
selectivestream_r01_20261011,pooled_snapshot,33,random,0.75,1,2,ac3f08c447b3302fcfbe11b701063047bc81bcd392d1ddb4ed3f744d74d50402,128,3648,0.762609649122807,0.37343907785108305,192.84179599981144,963.2338019982853,202.46676999977353,1362.305756000751,161,67,3469,18,94,0.5729276782041958,0.9115303157958485,0.5447154471544715,0.788235294117647,0.4161490683229814,0.5595638667272398,0.005162030398623459,0.9948379696013765,0.023300438596491228,4.934210526315789,,,
selectivestream_r01_20261011,pooled_snapshot,33,random,1.0,1,0,81be05a7b53a99d5c9b124e7753e41f7f30ce764ba6b0b65a06806e667e73dd5,128,3648,1.0,0.44093557757643986,172.27515799959292,1222.8757660000156,209.7531570011597,1608.5329869988527,161,53,3477,10,108,0.5675018305828172,0.9135253033895196,0.4732142857142857,0.8412698412698413,0.32919254658385094,0.5144866066526549,0.0028677946659019216,0.9971322053340981,0.017269736842105265,2.741228070175439,,,
selectivestream_r01_20261011,pooled_snapshot,33,random,1.0,1,1,81be05a7b53a99d5c9b124e7753e41f7f30ce764ba6b0b65a06806e667e73dd5,128,3648,1.0,0.445884296874959,161.23594300188415,1254.8608910001349,206.70034800014037,1626.5859149998505,161,53,3477,10,108,0.5675018305828172,0.9135253033895196,0.4732142857142857,0.8412698412698413,0.32919254658385094,0.5144866066526549,0.0028677946659019216,0.9971322053340981,0.017269736842105265,2.741228070175439,,,
selectivestream_r01_20261011,pooled_snapshot,33,random,1.0,1,2,81be05a7b53a99d5c9b124e7753e41f7f30ce764ba6b0b65a06806e667e73dd5,128,3648,1.0,0.45900095148011777,165.74111099998845,1304.1708699997798,200.50611200076673,1674.4354709994695,161,53,3477,10,108,0.5675018305828172,0.9135253033895196,0.4732142857142857,0.8412698412698413,0.32919254658385094,0.5144866066526549,0.0028677946659019216,0.9971322053340981,0.017269736842105265,2.741228070175439,,,
selectivestream_r01_20261011,pooled_snapshot,33,random,0.0,2,0,2b03261ff04635af63b78e8a9ae75781b44abfbee106a1248c2b54516da00e8c,128,3648,0.0,0.04468261239029596,159.12364999985584,0.18219299772681552,0.0711129996489035,163.00216999979966,161,63,3468,19,98,0.5711476104100086,0.9111794117280332,0.5185185185185185,0.7682926829268293,0.391304347826087,0.5346456699998219,0.0054488098652136505,0.9945511901347863,0.022478070175438597,5.208333333333333,,,
selectivestream_r01_20261011,pooled_snapshot,33,random,0.0,2,1,2b03261ff04635af63b78e8a9ae75781b44abfbee106a1248c2b54516da00e8c,128,3648,0.0,0.047211979440856124,168.41970700124875,0.18312499878447852,0.07345100084421574,172.22930100024314,161,63,3468,19,98,0.5711476104100086,0.9111794117280332,0.5185185185185185,0.7682926829268293,0.391304347826087,0.5346456699998219,0.0054488098652136505,0.9945511901347863,0.022478070175438597,5.208333333333333,,,
selectivestream_r01_20261011,pooled_snapshot,33,random,0.0,2,2,2b03261ff04635af63b78e8a9ae75781b44abfbee106a1248c2b54516da00e8c,128,3648,0.0,0.044497967652901343,158.52336299894887,0.1868889989964373,0.0748220004425093,162.3285859977841,161,63,3468,19,98,0.5711476104100086,0.9111794117280334,0.5185185185185185,0.7682926829268293,0.391304347826087,0.5346456699998219,0.0054488098652136505,0.9945511901347863,0.022478070175438597,5.208333333333333,,,
selectivestream_r01_20261011,pooled_snapshot,33,random,0.1,2,0,4008d6e897c3a9b12f53edf37cb70dbbf52028b62bc2ae265e72db996715ad4d,128,3648,0.10910087719298246,0.11860471408958642,160.69263199960915,148.17767300064588,120.21897999966313,432.66999699881126,161,61,3467,20,100,0.5744576344182856,0.9099761848356005,0.5041322314049587,0.7530864197530864,0.37888198757763975,0.5201446089501869,0.005735589331803843,0.9942644106681962,0.022203947368421052,5.482456140350878,,,
selectivestream_r01_20261011,pooled_snapshot,33,random,0.1,2,1,4008d6e897c3a9b12f53edf37cb70dbbf52028b62bc2ae265e72db996715ad4d,128,3648,0.10910087719298246,0.11657306195164745,153.74815099858097,150.66540899897518,117.24270899912881,425.2585299996099,161,61,3467,20,100,0.5744576344182856,0.9099761848356005,0.5041322314049587,0.7530864197530864,0.37888198757763975,0.5201446089501869,0.005735589331803843,0.9942644106681962,0.022203947368421052,5.482456140350878,,,
selectivestream_r01_20261011,pooled_snapshot,33,random,0.1,2,2,4008d6e897c3a9b12f53edf37cb70dbbf52028b62bc2ae265e72db996715ad4d,128,3648,0.10910087719298246,0.12007146600872805,167.9048809996857,145.86792800218973,120.81439200028399,438.02070799983994,161,61,3467,20,100,0.5744576344182856,0.9099761848356005,0.5041322314049587,0.7530864197530864,0.37888198757763975,0.5201446089501869,0.005735589331803843,0.9942644106681962,0.022203947368421052,5.482456140350878,,,
selectivestream_r01_20261011,pooled_snapshot,33,random,0.25,2,0,b8e19d1fab0aef0be517b70a96fc66e4a575ea816b09f2f234df71fce2907678,128,3648,0.24533991228070176,0.17844823053686218,179.37043199981417,320.64290500147763,147.2431190009047,650.9791449984732,161,76,3448,39,85,0.5793316230846665,0.9164777069042602,0.5507246376811594,0.6608695652173913,0.4720496894409938,0.5417415844096256,0.011184399197017494,0.9888156008029825,0.031524122807017545,10.69078947368421,,,
selectivestream_r01_20261011,pooled_snapshot,33,random,0.25,2,1,b8e19d1fab0aef0be517b70a96fc66e4a575ea816b09f2f234df71fce2907678,128,3648,0.24533991228070176,0.17299388349818245,170.29218400148238,320.29122399944754,136.81749699981083,631.0816870013696,161,76,3448,39,85,0.5793316230846665,0.9164777069042602,0.5507246376811594,0.6608695652173913,0.4720496894409938,0.5417415844096256,0.011184399197017494,0.9888156008029825,0.031524122807017545,10.69078947368421,,,
selectivestream_r01_20261011,pooled_snapshot,33,random,0.25,2,2,b8e19d1fab0aef0be517b70a96fc66e4a575ea816b09f2f234df71fce2907678,128,3648,0.24533991228070176,0.17457040762093956,171.86155500121458,315.5464839983324,145.75702899946918,636.8328470011875,161,76,3448,39,85,0.5793316230846665,0.9164777069042602,0.5507246376811594,0.6608695652173913,0.4720496894409938,0.5417415844096256,0.011184399197017494,0.9888156008029825,0.031524122807017545,10.69078947368421,,,
selectivestream_r01_20261011,pooled_snapshot,33,random,0.5,2,0,6d5d053b60d6a37b4a7f8ba5b06fd37d35577d6daa5c2a7d3602918dd1adec31,128,3648,0.4799890350877193,0.25688044051557263,164.79939299915713,604.7565979979481,163.83880599869372,937.099847000809,161,67,3457,30,94,0.572610881421523,0.9155657125757249,0.5193798449612403,0.6907216494845361,0.4161490683229814,0.5203002169554909,0.008603383997705764,0.9913966160022942,0.026589912280701754,8.223684210526315,,,
selectivestream_r01_20261011,pooled_snapshot,33,random,0.5,2,1,6d5d053b60d6a37b4a7f8ba5b06fd37d35577d6daa5c2a7d3602918dd1adec31,128,3648,0.4799890350877193,0.25799254221481716,156.5168669999366,611.8350000015198,169.04352800111155,941.156793999653,161,67,3457,30,94,0.5729681257685372,0.9155657125757248,0.5193798449612403,0.6907216494845361,0.4161490683229814,0.5203002169554909,0.008603383997705764,0.9913966160022942,0.026589912280701754,8.223684210526315,,,
selectivestream_r01_20261011,pooled_snapshot,33,random,0.5,2,2,6d5d053b60d6a37b4a7f8ba5b06fd37d35577d6daa5c2a7d3602918dd1adec31,128,3648,0.4799890350877193,0.2578973440246831,161.27437000113787,610.1385440010745,165.56212700061224,940.809511002044,161,67,3457,30,94,0.5729681257685372,0.9155657125757248,0.5193798449612403,0.6907216494845361,0.4161490683229814,0.5203002169554909,0.008603383997705764,0.9913966160022942,0.026589912280701754,8.223684210526315,,,
selectivestream_r01_20261011,pooled_snapshot,33,random,0.75,2,0,9f062d119fbd315f600acd18622a4ce35906275111b975d757d637b1d0fe61ab,128,3648,0.7532894736842105,0.3571906008773882,173.32026000121914,938.0454400006784,187.98051999920062,1303.0313120007122,161,56,3473,14,105,0.553202704391585,0.913090681092327,0.48484848484848486,0.8,0.34782608695652173,0.5147421254003495,0.00401491253226269,0.9959850874677373,0.01918859649122807,3.837719298245614,,,
selectivestream_r01_20261011,pooled_snapshot,33,random,0.75,2,1,9f062d119fbd315f600acd18622a4ce35906275111b975d757d637b1d0fe61ab,128,3648,0.7532894736842105,0.3564957201204453,167.18749300025593,942.1881209996172,187.3720199996569,1300.4963869993844,161,56,3473,14,105,0.5532027043915849,0.9130906810923269,0.48484848484848486,0.8,0.34782608695652173,0.5147421254003495,0.00401491253226269,0.9959850874677373,0.01918859649122807,3.837719298245614,,,
selectivestream_r01_20261011,pooled_snapshot,33,random,0.75,2,2,9f062d119fbd315f600acd18622a4ce35906275111b975d757d637b1d0fe61ab,128,3648,0.7532894736842105,0.35662945285078523,166.4417490001142,943.9804270009517,186.7871000026753,1300.9842439996646,161,56,3473,14,105,0.5526907525752853,0.9130906810923269,0.48484848484848486,0.8,0.34782608695652173,0.5147421254003495,0.00401491253226269,0.9959850874677373,0.01918859649122807,3.837719298245614,,,
selectivestream_r01_20261011,pooled_snapshot,33,random,1.0,2,0,a434392bc8d3987172240436095d74af49eadc1b7cdadadcc0b1fad263f89f87,128,3648,1.0,0.4408652412282633,171.22870099865395,1232.2520570010056,201.05917900082204,1608.2764000007046,161,53,3477,10,108,0.5675018305828172,0.9135253033895195,0.4732142857142857,0.8412698412698413,0.32919254658385094,0.5144866066526549,0.0028677946659019216,0.9971322053340981,0.017269736842105265,2.741228070175439,,,
selectivestream_r01_20261011,pooled_snapshot,33,random,1.0,2,1,a434392bc8d3987172240436095d74af49eadc1b7cdadadcc0b1fad263f89f87,128,3648,1.0,0.44705835005537276,169.62953000074776,1262.2172600008525,195.20603600130926,1630.868861002,161,53,3477,10,108,0.5675018305828172,0.9135253033895196,0.4732142857142857,0.8412698412698413,0.32919254658385094,0.5144866066526549,0.0028677946659019216,0.9971322053340981,0.017269736842105265,2.741228070175439,,,
selectivestream_r01_20261011,pooled_snapshot,33,random,1.0,2,2,a434392bc8d3987172240436095d74af49eadc1b7cdadadcc0b1fad263f89f87,128,3648,1.0,0.4585360814148063,161.9961680007691,1316.2014170006842,190.60503999980938,1672.7396250012134,161,53,3477,10,108,0.5675018305828172,0.9135253033895196,0.4732142857142857,0.8412698412698413,0.32919254658385094,0.5144866066526549,0.0028677946659019216,0.9971322053340981,0.017269736842105265,2.741228070175439,,,
selectivestream_r01_20261011,pooled_snapshot,33,learned_benefit,0.0,0,0,c16984b65dd756855c89b76cda82e13975a74a7a1fee71fe4967c123d6db98af,128,3648,0.0,0.05024951836674063,171.42198300007294,0.14268300037656445,0.05795199786007288,183.31024300186982,161,63,3468,19,98,0.5711476104100086,0.9111794117280332,0.5185185185185185,0.7682926829268293,0.391304347826087,0.5346456699998219,0.0054488098652136505,0.9945511901347863,0.022478070175438597,5.208333333333333,,,
selectivestream_r01_20261011,pooled_snapshot,33,learned_benefit,0.0,0,1,c16984b65dd756855c89b76cda82e13975a74a7a1fee71fe4967c123d6db98af,128,3648,0.0,0.048246713541488406,164.33162700013781,0.12902799926450825,0.056818000302882865,176.0040109993497,161,63,3468,19,98,0.5711476104100086,0.9111794117280332,0.5185185185185185,0.7682926829268293,0.391304347826087,0.5346456699998219,0.0054488098652136505,0.9945511901347863,0.022478070175438597,5.208333333333333,,,
selectivestream_r01_20261011,pooled_snapshot,33,learned_benefit,0.0,0,2,c16984b65dd756855c89b76cda82e13975a74a7a1fee71fe4967c123d6db98af,128,3648,0.0,0.04766842489040232,162.28544199975659,0.1362279995191784,0.05779599950983538,173.89441400018768,161,63,3468,19,98,0.5711476104100086,0.9111794117280333,0.5185185185185185,0.7682926829268293,0.391304347826087,0.5346456699998219,0.0054488098652136505,0.9945511901347863,0.022478070175438597,5.208333333333333,,,
selectivestream_r01_20261011,pooled_snapshot,33,learned_benefit,0.1,0,0,485e5ad762b0c0a132ea0456d0f7a4e009b66749bb806f9ed4fe20445f7818db,128,3648,0.03837719298245614,0.09294539254374724,164.6064699989438,48.32457900238296,114.32565099994463,339.06479199958994,161,53,3477,10,108,0.5830172559079065,0.9093678917434231,0.4732142857142857,0.8412698412698413,0.32919254658385094,0.5144866066526549,0.0028677946659019216,0.9971322053340981,0.017269736842105265,2.741228070175439,,,
selectivestream_r01_20261011,pooled_snapshot,33,learned_benefit,0.1,0,1,485e5ad762b0c0a132ea0456d0f7a4e009b66749bb806f9ed4fe20445f7818db,128,3648,0.03837719298245614,0.08907543914504183,156.70103999991625,49.004878000232566,107.59224800085576,324.9472020011126,161,53,3477,10,108,0.5830172559079065,0.9093678917434233,0.4732142857142857,0.8412698412698413,0.32919254658385094,0.5144866066526549,0.0028677946659019216,0.9971322053340981,0.017269736842105265,2.741228070175439,,,
selectivestream_r01_20261011,pooled_snapshot,33,learned_benefit,0.1,0,2,485e5ad762b0c0a132ea0456d0f7a4e009b66749bb806f9ed4fe20445f7818db,128,3648,0.03837719298245614,0.0852511589913587,150.13421800222204,46.8032290004885,102.65734299946416,310.99622800047655,161,53,3477,10,108,0.5823362054556891,0.9093678917434233,0.4732142857142857,0.8412698412698413,0.32919254658385094,0.5144866066526549,0.0028677946659019216,0.9971322053340981,0.017269736842105265,2.741228070175439,,,
selectivestream_r01_20261011,pooled_snapshot,33,learned_benefit,0.25,0,0,6c7af15bf273bffc74be87b97b58c55b5c2755cea40ec9f2870fd7fbd2508a86,128,3648,0.10115131578947369,0.1143645060304216,151.5283219991943,137.43595500000083,116.38573500113125,417.201717998978,161,53,3477,10,108,0.5766968768029904,0.9047188581546007,0.4732142857142857,0.8412698412698413,0.32919254658385094,0.5144866066526549,0.0028677946659019216,0.9971322053340981,0.017269736842105265,2.741228070175439,,,
selectivestream_r01_20261011,pooled_snapshot,33,learned_benefit,0.25,0,1,6c7af15bf273bffc74be87b97b58c55b5c2755cea40ec9f2870fd7fbd2508a86,128,3648,0.10115131578947369,0.11049915076767004,145.08279500068966,137.23376699772416,109.01979199979905,403.10090200046034,161,53,3477,10,108,0.5766968768029905,0.9047188581546007,0.4732142857142857,0.8412698412698413,0.32919254658385094,0.5144866066526549,0.0028677946659019216,0.9971322053340981,0.017269736842105265,2.741228070175439,,,
selectivestream_r01_20261011,pooled_snapshot,33,learned_benefit,0.25,0,2,6c7af15bf273bffc74be87b97b58c55b5c2755cea40ec9f2870fd7fbd2508a86,128,3648,0.10115131578947369,0.11638558634891731,151.27177200020014,141.05607199962833,120.4074740003307,424.57461900085036,161,53,3477,10,108,0.5766968768029904,0.9047188581546008,0.4732142857142857,0.8412698412698413,0.32919254658385094,0.5144866066526549,0.0028677946659019216,0.9971322053340981,0.017269736842105265,2.741228070175439,,,
selectivestream_r01_20261011,pooled_snapshot,33,learned_benefit,0.5,0,0,7d9f854cbdcbb6d8bc7ac3b7678b6b3ea84f14211b064f2f31d80a31f7ef86bd,128,3648,0.44435307017543857,0.2499747853619283,155.9993720006787,580.1301309988958,163.8067940007204,911.9080170003144,161,53,3477,10,108,0.5777985583155273,0.9066069714128966,0.4732142857142857,0.8412698412698413,0.32919254658385094,0.5144866066526549,0.0028677946659019216,0.9971322053340981,0.017269736842105265,2.741228070175439,,,
selectivestream_r01_20261011,pooled_snapshot,33,learned_benefit,0.5,0,1,7d9f854cbdcbb6d8bc7ac3b7678b6b3ea84f14211b064f2f31d80a31f7ef86bd,128,3648,0.44435307017543857,0.2600330169954895,172.28518099909707,597.468218999893,166.7463140001928,948.6004459995456,161,53,3477,10,108,0.5777985583155273,0.9066069714128965,0.4732142857142857,0.8412698412698413,0.32919254658385094,0.5144866066526549,0.0028677946659019216,0.9971322053340981,0.017269736842105265,2.741228070175439,,,
selectivestream_r01_20261011,pooled_snapshot,33,learned_benefit,0.5,0,2,7d9f854cbdcbb6d8bc7ac3b7678b6b3ea84f14211b064f2f31d80a31f7ef86bd,128,3648,0.44435307017543857,0.25386651562485985,171.14129099945785,575.900716999513,166.67079900071258,926.1050489994886,161,53,3477,10,108,0.5777985583155273,0.9066069714128965,0.4732142857142857,0.8412698412698413,0.32919254658385094,0.5144866066526549,0.0028677946659019216,0.9971322053340981,0.017269736842105265,2.741228070175439,,,
selectivestream_r01_20261011,pooled_snapshot,33,learned_benefit,0.75,0,0,d9637b9eb90edfeb80748cb4cfe2026c7683c0448d51f1dce70d69e8acaa1998,128,3648,0.8497807017543859,0.4001714432565687,172.73756100166793,1086.3836030002858,188.51679700037494,1459.8254249999627,161,53,3477,10,108,0.5769006944661716,0.9127005897682074,0.4732142857142857,0.8412698412698413,0.32919254658385094,0.5144866066526549,0.0028677946659019216,0.9971322053340981,0.017269736842105265,2.741228070175439,,,
selectivestream_r01_20261011,pooled_snapshot,33,learned_benefit,0.75,0,1,d9637b9eb90edfeb80748cb4cfe2026c7683c0448d51f1dce70d69e8acaa1998,128,3648,0.8497807017543859,0.3963176578950648,166.29296400060412,1077.7959120005107,189.69802899891874,1445.7668160011963,161,53,3477,10,108,0.5762196440139542,0.9127005897682074,0.4732142857142857,0.8412698412698413,0.32919254658385094,0.5144866066526549,0.0028677946659019216,0.9971322053340981,0.017269736842105265,2.741228070175439,,,
selectivestream_r01_20261011,pooled_snapshot,33,learned_benefit,0.75,0,2,d9637b9eb90edfeb80748cb4cfe2026c7683c0448d51f1dce70d69e8acaa1998,128,3648,0.8497807017543859,0.4005622582238887,176.4066659998207,1078.8123120014461,194.1995729989685,1461.251118000746,161,53,3477,10,108,0.5762196440139542,0.9127005897682074,0.4732142857142857,0.8412698412698413,0.32919254658385094,0.5144866066526549,0.0028677946659019216,0.9971322053340981,0.017269736842105265,2.741228070175439,,,
selectivestream_r01_20261011,pooled_snapshot,33,learned_benefit,1.0,0,0,57194536004d52f6917f5fbeffc99c69599f248d1216e1d8c0be40657dfe5350,128,3648,1.0,0.45896873601997024,172.81167899955108,1272.6138180009912,217.07107999873188,1674.3179490008515,161,53,3477,10,108,0.5675018305828172,0.9135253033895195,0.4732142857142857,0.8412698412698413,0.32919254658385094,0.5144866066526549,0.0028677946659019216,0.9971322053340981,0.017269736842105265,2.741228070175439,,,
selectivestream_r01_20261011,pooled_snapshot,33,learned_benefit,1.0,0,1,57194536004d52f6917f5fbeffc99c69599f248d1216e1d8c0be40657dfe5350,128,3648,1.0,0.45783548026341286,179.93404000117152,1265.3091959996345,212.80231700075092,1670.1838320009301,161,53,3477,10,108,0.5675018305828172,0.9135253033895196,0.4732142857142857,0.8412698412698413,0.32919254658385094,0.5144866066526549,0.0028677946659019216,0.9971322053340981,0.017269736842105265,2.741228070175439,,,
selectivestream_r01_20261011,pooled_snapshot,33,learned_benefit,1.0,0,2,57194536004d52f6917f5fbeffc99c69599f248d1216e1d8c0be40657dfe5350,128,3648,1.0,0.4558030696269623,167.39490700001625,1270.629805999306,212.75021399878824,1662.7695979991586,161,53,3477,10,108,0.5675018305828172,0.9135253033895196,0.4732142857142857,0.8412698412698413,0.32919254658385094,0.5144866066526549,0.0028677946659019216,0.9971322053340981,0.017269736842105265,2.741228070175439,,,
selectivestream_r01_20261011,pooled_snapshot,44,margin,0.0,0,0,929994359c6c2a2cdb0dcf874728c5249a549186284758bcb6ce18aff854b8f7,128,3648,0.0,0.04933337746698977,172.83009699895047,0.14790199975323048,0.05910500021855114,179.96816099957869,161,63,3462,25,98,0.5439956816765534,0.9031798677251975,0.5060240963855421,0.7159090909090909,0.391304347826087,0.5142286847828247,0.007169486664754803,0.9928305133352452,0.02412280701754386,6.853070175438597,,,
selectivestream_r01_20261011,pooled_snapshot,44,margin,0.0,0,1,929994359c6c2a2cdb0dcf874728c5249a549186284758bcb6ce18aff854b8f7,128,3648,0.0,0.04665069407843404,162.64751700009583,0.17177599966089474,0.06450699947890826,170.18173199812736,161,63,3462,25,98,0.5424532812172829,0.9031798677251976,0.5060240963855421,0.7159090909090909,0.391304347826087,0.5142286847828247,0.007169486664754803,0.9928305133352452,0.02412280701754386,6.853070175438597,,,
selectivestream_r01_20261011,pooled_snapshot,44,margin,0.0,0,2,929994359c6c2a2cdb0dcf874728c5249a549186284758bcb6ce18aff854b8f7,128,3648,0.0,0.049206867598397104,172.10785899851544,0.2005520000238903,0.060837001456093276,179.50665299895263,161,63,3462,25,98,0.5424532812172829,0.9031798677251975,0.5060240963855421,0.7159090909090909,0.391304347826087,0.5142286847828247,0.007169486664754803,0.9928305133352452,0.02412280701754386,6.853070175438597,,,
selectivestream_r01_20261011,pooled_snapshot,44,margin,0.1,0,0,4caf29e52a3d69c0bc9aac6669bb9092bd6028532292e275ba0964827e7b10d7,128,3648,0.06030701754385965,0.0997304517545223,160.22005299919329,78.87474200060751,117.48969499967643,363.8166880004974,161,94,3426,61,67,0.5659688107962568,0.8991827675821642,0.5949367088607594,0.6064516129032258,0.5838509316770186,0.5767191030201112,0.01749354746200172,0.9825064525379983,0.0424890350877193,16.721491228070175,,,
selectivestream_r01_20261011,pooled_snapshot,44,margin,0.1,0,1,4caf29e52a3d69c0bc9aac6669bb9092bd6028532292e275ba0964827e7b10d7,128,3648,0.06030701754385965,0.09925759155636701,157.44611300033284,81.39798500087636,116.21810899987395,362.09169399762686,161,94,3426,61,67,0.5659688107962568,0.8991827675821643,0.5949367088607594,0.6064516129032258,0.5838509316770186,0.5767191030201112,0.01749354746200172,0.9825064525379983,0.0424890350877193,16.721491228070175,,,
selectivestream_r01_20261011,pooled_snapshot,44,margin,0.1,0,2,4caf29e52a3d69c0bc9aac6669bb9092bd6028532292e275ba0964827e7b10d7,128,3648,0.06030701754385965,0.09811340241209396,154.8162060003051,81.99861999855784,113.97922099922653,357.9176919993188,161,94,3426,61,67,0.5659688107962568,0.8991827675821641,0.5949367088607594,0.6064516129032258,0.5838509316770186,0.5767191030201112,0.01749354746200172,0.9825064525379983,0.0424890350877193,16.721491228070175,,,
selectivestream_r01_20261011,pooled_snapshot,44,margin,0.25,0,0,60efbe317e328fc749c7d2e9f9f0107965d4d8762fcc2e55701de6eff765db10,128,3648,0.17790570175438597,0.15990590268668675,171.53471299980083,263.54753299983713,140.86439999982758,583.3367330010333,161,94,3422,65,67,0.5656655271380738,0.8985807088262169,0.5875,0.5911949685534591,0.5838509316770186,0.5685909022759839,0.01864066532836249,0.9813593346716375,0.04358552631578947,17.81798245614035,,1.9062704920136397e-07,0.0
selectivestream_r01_20261011,pooled_snapshot,44,margin,0.25,0,1,60efbe317e328fc749c7d2e9f9f0107965d4d8762fcc2e55701de6eff765db10,128,3648,0.17790570175438597,0.16531965899166048,173.2961160000741,276.2837699992815,145.74614400089558,603.0861160015775,161,94,3422,65,67,0.5656655271380738,0.8985807088262171,0.5875,0.5911949685534591,0.5838509316770186,0.5685909022759839,0.01864066532836249,0.9813593346716375,0.04358552631578947,17.81798245614035,,4.1669870753935356e-07,0.0
selectivestream_r01_20261011,pooled_snapshot,44,margin,0.25,0,2,60efbe317e328fc749c7d2e9f9f0107965d4d8762fcc2e55701de6eff765db10,128,3648,0.17790570175438597,0.17810114747780453,201.37663999912547,269.8348939998141,171.10978000073374,649.7129859990309,161,94,3422,65,67,0.5656655271380738,0.898580708826217,0.5875,0.5911949685534591,0.5838509316770186,0.5685909022759839,0.01864066532836249,0.9813593346716375,0.04358552631578947,17.81798245614035,,2.587255689134871e-07,0.0
selectivestream_r01_20261011,pooled_snapshot,44,margin,0.5,0,0,b64642d8597ca162f199b86804d370b01b69b5dfa010a6855d58ce643cad2f2f,128,3648,0.46902412280701755,0.29323062966045055,185.35073300063232,669.4187739990412,207.22992399896611,1069.7053370013236,161,94,3422,65,67,0.5676830052046278,0.8985575527202191,0.5875,0.5911949685534591,0.5838509316770186,0.5685909022759839,0.01864066532836249,0.9813593346716375,0.04358552631578947,17.81798245614035,,,
selectivestream_r01_20261011,pooled_snapshot,44,margin,0.5,0,1,b64642d8597ca162f199b86804d370b01b69b5dfa010a6855d58ce643cad2f2f,128,3648,0.46902412280701755,0.2918630156255188,183.49715900058072,670.4393840000193,203.05892400165249,1064.7162810018926,161,94,3422,65,67,0.5676830052046278,0.8985575527202191,0.5875,0.5911949685534591,0.5838509316770186,0.5685909022759839,0.01864066532836249,0.9813593346716375,0.04358552631578947,17.81798245614035,,,
selectivestream_r01_20261011,pooled_snapshot,44,margin,0.5,0,2,b64642d8597ca162f199b86804d370b01b69b5dfa010a6855d58ce643cad2f2f,128,3648,0.46902412280701755,0.2882146376092608,178.65473099936935,663.6331190011333,201.6972529991108,1051.4069979985834,161,94,3422,65,67,0.5676830052046278,0.8985575527202191,0.5875,0.5911949685534591,0.5838509316770186,0.5685909022759839,0.01864066532836249,0.9813593346716375,0.04358552631578947,17.81798245614035,,,
selectivestream_r01_20261011,pooled_snapshot,44,margin,0.75,0,0,2f6db82b07abac34d1f648b2f0a27efa64690907925a39f75d14d4ead14b385d,128,3648,0.7680921052631579,0.40537854769695514,183.64523999844096,1061.0056690002239,226.73898999983066,1478.8209419984923,161,94,3421,66,67,0.603982956852926,0.901535784199342,0.5856697819314641,0.5875,0.5838509316770186,0.5666048834505479,0.01892744479495268,0.9810725552050473,0.043859649122807015,18.092105263157894,,,
selectivestream_r01_20261011,pooled_snapshot,44,margin,0.75,0,1,2f6db82b07abac34d1f648b2f0a27efa64690907925a39f75d14d4ead14b385d,128,3648,0.7680921052631579,0.41830667955024053,178.085798999291,1143.0676150007457,197.25984899969262,1525.9827669992774,161,94,3421,66,67,0.603982956852926,0.901535784199342,0.5856697819314641,0.5875,0.5838509316770186,0.5666048834505479,0.01892744479495268,0.9810725552050473,0.043859649122807015,18.092105263157894,,,
selectivestream_r01_20261011,pooled_snapshot,44,margin,0.75,0,2,2f6db82b07abac34d1f648b2f0a27efa64690907925a39f75d14d4ead14b385d,128,3648,0.7680921052631579,0.4202575619517365,188.1502209998871,1121.9663229981052,215.12400699975842,1533.0995859999348,161,94,3421,66,67,0.603982956852926,0.901535784199342,0.5856697819314641,0.5875,0.5838509316770186,0.5666048834505479,0.01892744479495268,0.9810725552050473,0.043859649122807015,18.092105263157894,,,
selectivestream_r01_20261011,pooled_snapshot,44,margin,1.0,0,0,03be4f39841a6b92f1021bdde17be4a610403bda66dbd37dcb25267bf48d44cb,128,3648,1.0,0.49391415021902996,184.3733859977874,1368.3875299998363,241.6400799997973,1801.7988199990214,161,94,3421,66,67,0.6046629206533883,0.9074762160072817,0.5856697819314641,0.5875,0.5838509316770186,0.5666048834505479,0.01892744479495268,0.9810725552050473,0.043859649122807015,18.092105263157894,,,
selectivestream_r01_20261011,pooled_snapshot,44,margin,1.0,0,1,03be4f39841a6b92f1021bdde17be4a610403bda66dbd37dcb25267bf48d44cb,128,3648,1.0,0.4923642554823453,184.97651199959364,1364.9302859998897,238.4035520008183,1796.1448039995958,161,94,3421,66,67,0.6046629206533882,0.9074762160072818,0.5856697819314641,0.5875,0.5838509316770186,0.5666048834505479,0.01892744479495268,0.9810725552050473,0.043859649122807015,18.092105263157894,,,
selectivestream_r01_20261011,pooled_snapshot,44,margin,1.0,0,2,03be4f39841a6b92f1021bdde17be4a610403bda66dbd37dcb25267bf48d44cb,128,3648,1.0,0.4958105238487607,190.03278800119006,1379.5488950008803,231.64597000095455,1808.716791000279,161,94,3421,66,67,0.6046629206533882,0.9074762160072817,0.5856697819314641,0.5875,0.5838509316770186,0.5666048834505479,0.01892744479495268,0.9810725552050473,0.043859649122807015,18.092105263157894,,,
selectivestream_r01_20261011,pooled_snapshot,44,entropy,0.0,0,0,9a33320f84f7f9459c852feeb091f671b6204f434efd6991fb46079253406339,128,3648,0.0,0.0525890512610778,174.98109299913267,0.16582700027356623,0.06445699955293094,191.84485900041182,161,63,3462,25,98,0.542223486448614,0.9031798677251975,0.5060240963855421,0.7159090909090909,0.391304347826087,0.5142286847828247,0.007169486664754803,0.9928305133352452,0.02412280701754386,6.853070175438597,,,
selectivestream_r01_20261011,pooled_snapshot,44,entropy,0.0,0,1,9a33320f84f7f9459c852feeb091f671b6204f434efd6991fb46079253406339,128,3648,0.0,0.050643947642819306,168.26051800080677,0.17789300181902945,0.060429999848565785,184.74912100100482,161,63,3462,25,98,0.5419321666851171,0.9031798677251975,0.5060240963855421,0.7159090909090909,0.391304347826087,0.5142286847828247,0.007169486664754803,0.9928305133352452,0.02412280701754386,6.853070175438597,,,
selectivestream_r01_20261011,pooled_snapshot,44,entropy,0.0,0,2,9a33320f84f7f9459c852feeb091f671b6204f434efd6991fb46079253406339,128,3648,0.0,0.052793164473522815,176.49212499827627,0.1415759998053545,0.05729200029236381,192.58946399941124,161,63,3462,25,98,0.5422234864486142,0.9031798677251975,0.5060240963855421,0.7159090909090909,0.391304347826087,0.5142286847828247,0.007169486664754803,0.9928305133352452,0.02412280701754386,6.853070175438597,,,
selectivestream_r01_20261011,pooled_snapshot,44,entropy,0.1,0,0,7695f3db88d4df3175073edca0f06d030a498ca2beaf2580d721f95a091886e5,128,3648,0.05975877192982456,0.1154617028508379,182.70346000053905,78.12941600059276,144.40887900036614,421.20429199985665,161,94,3426,61,67,0.5661424566922029,0.89918633006001,0.5949367088607594,0.6064516129032258,0.5838509316770186,0.5767191030201112,0.01749354746200172,0.9825064525379983,0.0424890350877193,16.721491228070175,,,
selectivestream_r01_20261011,pooled_snapshot,44,entropy,0.1,0,1,7695f3db88d4df3175073edca0f06d030a498ca2beaf2580d721f95a091886e5,128,3648,0.05975877192982456,0.11389597916651913,178.20820799988724,83.85901500059845,136.8794799996067,415.4925319994618,161,94,3426,61,67,0.5661424566922029,0.8991863300600099,0.5949367088607594,0.6064516129032258,0.5838509316770186,0.5767191030201112,0.01749354746200172,0.9825064525379983,0.0424890350877193,16.721491228070175,,,
selectivestream_r01_20261011,pooled_snapshot,44,entropy,0.1,0,2,7695f3db88d4df3175073edca0f06d030a498ca2beaf2580d721f95a091886e5,128,3648,0.05975877192982456,0.11112333881556967,173.60142299912695,79.53448499984006,135.9251979988585,405.37793999919813,161,94,3426,61,67,0.5661424566922029,0.8991863300600099,0.5949367088607594,0.6064516129032258,0.5838509316770186,0.5767191030201112,0.01749354746200172,0.9825064525379983,0.0424890350877193,16.721491228070175,,,
selectivestream_r01_20261011,pooled_snapshot,44,entropy,0.25,0,0,76b895f6ae6bdab849209058b600013693368c062dd352b6e66ae6f43dbdfa8c,128,3648,0.18393640350877194,0.169755019736852,180.11119400080133,260.848275000626,161.87136700000337,619.2663120000361,161,94,3422,65,67,0.56552724726168,0.899339516607381,0.5875,0.5911949685534591,0.5838509316770186,0.5685909022759839,0.01864066532836249,0.9813593346716375,0.04358552631578947,17.81798245614035,,,
selectivestream_r01_20261011,pooled_snapshot,44,entropy,0.25,0,1,76b895f6ae6bdab849209058b600013693368c062dd352b6e66ae6f43dbdfa8c,128,3648,0.18393640350877194,0.17145280592108503,178.6432330000025,269.8212999998759,160.68288200040115,625.4598360001182,161,94,3422,65,67,0.56552724726168,0.8993395166073811,0.5875,0.5911949685534591,0.5838509316770186,0.5685909022759839,0.01864066532836249,0.9813593346716375,0.04358552631578947,17.81798245614035,,,
selectivestream_r01_20261011,pooled_snapshot,44,entropy,0.25,0,2,76b895f6ae6bdab849209058b600013693368c062dd352b6e66ae6f43dbdfa8c,128,3648,0.18393640350877194,0.17308270586643434,177.15713000052347,276.26606099920537,161.3059920005071,631.4057110007525,161,94,3422,65,67,0.5655272472616798,0.8993395166073812,0.5875,0.5911949685534591,0.5838509316770186,0.5685909022759839,0.01864066532836249,0.9813593346716375,0.04358552631578947,17.81798245614035,,,
selectivestream_r01_20261011,pooled_snapshot,44,entropy,0.5,0,0,fe600495c43514fcee97895323c1cfeecce19203b5be6c2d71f0a2c68561699a,128,3648,0.4920504385964912,0.29801559566877495,183.25307399891244,680.8123790005993,206.51242299845762,1087.160892999691,161,94,3422,65,67,0.5671286300700369,0.8959551626538322,0.5875,0.5911949685534591,0.5838509316770186,0.5685909022759839,0.01864066532836249,0.9813593346716375,0.04358552631578947,17.81798245614035,,,
selectivestream_r01_20261011,pooled_snapshot,44,entropy,0.5,0,1,fe600495c43514fcee97895323c1cfeecce19203b5be6c2d71f0a2c68561699a,128,3648,0.4920504385964912,0.3033253116774952,183.84157299988146,705.5072760008443,199.93399199984196,1106.5307369995026,161,94,3422,65,67,0.567128630070037,0.8959551626538322,0.5875,0.5911949685534591,0.5838509316770186,0.5685909022759839,0.01864066532836249,0.9813593346716375,0.04358552631578947,17.81798245614035,,,
selectivestream_r01_20261011,pooled_snapshot,44,entropy,0.5,0,2,fe600495c43514fcee97895323c1cfeecce19203b5be6c2d71f0a2c68561699a,128,3648,0.4920504385964912,0.30825689062502787,186.4371689998734,717.7969649992519,203.54848200076958,1124.5211370001016,161,94,3422,65,67,0.5671286300700371,0.8959551626538322,0.5875,0.5911949685534591,0.5838509316770186,0.5685909022759839,0.01864066532836249,0.9813593346716375,0.04358552631578947,17.81798245614035,,,
selectivestream_r01_20261011,pooled_snapshot,44,entropy,0.75,0,0,b96ab80331d2daa9e21765cb25ab44ca7e7cbfa47ed80c1f3828303ade160a81,128,3648,0.8004385964912281,0.4247393185307539,182.05082299982678,1120.0898530009908,230.87300799988952,1549.4490340001903,161,94,3421,66,67,0.566263107546946,0.9025599965800213,0.5856697819314641,0.5875,0.5838509316770186,0.5666048834505479,0.01892744479495268,0.9810725552050473,0.043859649122807015,18.092105263157894,,,
selectivestream_r01_20261011,pooled_snapshot,44,entropy,0.75,0,1,b96ab80331d2daa9e21765cb25ab44ca7e7cbfa47ed80c1f3828303ade160a81,128,3648,0.8004385964912281,0.4192455781250964,178.5757339994234,1115.2980319998278,219.2922060003184,1529.4078690003516,161,94,3421,66,67,0.566263107546946,0.9025599965800213,0.5856697819314641,0.5875,0.5838509316770186,0.5666048834505479,0.01892744479495268,0.9810725552050473,0.043859649122807015,18.092105263157894,,,
selectivestream_r01_20261011,pooled_snapshot,44,entropy,0.75,0,2,b96ab80331d2daa9e21765cb25ab44ca7e7cbfa47ed80c1f3828303ade160a81,128,3648,0.8004385964912281,0.4222041628291382,185.2059799998642,1117.222811999909,221.50791799867875,1540.200786000696,161,94,3421,66,67,0.566263107546946,0.9025599965800213,0.5856697819314641,0.5875,0.5838509316770186,0.5666048834505479,0.01892744479495268,0.9810725552050473,0.043859649122807015,18.092105263157894,,,
selectivestream_r01_20261011,pooled_snapshot,44,entropy,1.0,0,0,dbb1942e1601e10b5699fb31b6f29edf90e041158a36fe3168d2918604ec3548,128,3648,1.0,0.4962450274128989,187.20032000010178,1370.9377889999814,235.98601399953623,1810.3018600022551,161,94,3421,66,67,0.6046629206533882,0.9074762160072818,0.5856697819314641,0.5875,0.5838509316770186,0.5666048834505479,0.01892744479495268,0.9810725552050473,0.043859649122807015,18.092105263157894,,,
selectivestream_r01_20261011,pooled_snapshot,44,entropy,1.0,0,1,dbb1942e1601e10b5699fb31b6f29edf90e041158a36fe3168d2918604ec3548,128,3648,1.0,0.491473167488621,181.15462899913837,1371.9522059996052,223.3244840003863,1792.8941149984894,161,94,3421,66,67,0.6046629206533882,0.9074762160072817,0.5856697819314641,0.5875,0.5838509316770186,0.5666048834505479,0.01892744479495268,0.9810725552050473,0.043859649122807015,18.092105263157894,,,
selectivestream_r01_20261011,pooled_snapshot,44,entropy,1.0,0,2,dbb1942e1601e10b5699fb31b6f29edf90e041158a36fe3168d2918604ec3548,128,3648,1.0,0.4931990611294268,175.8012360005523,1384.9162520009486,222.1988600003897,1799.1901750001489,161,94,3421,66,67,0.6046629206533882,0.9074762160072818,0.5856697819314641,0.5875,0.5838509316770186,0.5666048834505479,0.01892744479495268,0.9810725552050473,0.043859649122807015,18.092105263157894,,,
selectivestream_r01_20261011,pooled_snapshot,44,random,0.0,0,0,9bf8acd42b795595a87a3fae199695598bb58689d13e5199ad8990d27b710723,128,3648,0.0,0.04880349040578985,174.22916400028043,0.1959500000339176,0.07592400015710155,178.03513300032137,161,63,3462,25,98,0.5427425652999358,0.9031798677251975,0.5060240963855421,0.7159090909090909,0.391304347826087,0.5142286847828247,0.007169486664754803,0.9928305133352452,0.02412280701754386,6.853070175438597,,,
selectivestream_r01_20261011,pooled_snapshot,44,random,0.0,0,1,9bf8acd42b795595a87a3fae199695598bb58689d13e5199ad8990d27b710723,128,3648,0.0,0.04996496134816852,178.6549189996549,0.18033699916486512,0.06923499995536986,182.27217899811876,161,63,3462,25,98,0.5424532812172829,0.9031798677251975,0.5060240963855421,0.7159090909090909,0.391304347826087,0.5142286847828247,0.007169486664754803,0.9928305133352452,0.02412280701754386,6.853070175438597,,,
selectivestream_r01_20261011,pooled_snapshot,44,random,0.0,0,2,9bf8acd42b795595a87a3fae199695598bb58689d13e5199ad8990d27b710723,128,3648,0.0,0.04966569051471257,177.33340399809094,0.18083799977830495,0.07274999870787724,181.18043899767144,161,63,3462,25,98,0.5419321666851171,0.9031798677251975,0.5060240963855421,0.7159090909090909,0.391304347826087,0.5142286847828247,0.007169486664754803,0.9928305133352452,0.02412280701754386,6.853070175438597,,,
selectivestream_r01_20261011,pooled_snapshot,44,random,0.1,0,0,88da77b541e0383ed974b08d5bbdc9000865e3c5fd5b4aea0073e69c1ad1cf7b,128,3648,0.0962171052631579,0.1377483604715093,180.4444079980385,155.29850199936845,163.0911840020417,502.50601900006586,161,100,3424,63,61,0.5401164414174705,0.9079785253835454,0.6172839506172839,0.6134969325153374,0.6211180124223602,0.5995117406018479,0.018067106395182105,0.981932893604818,0.04468201754385965,17.269736842105264,,,
selectivestream_r01_20261011,pooled_snapshot,44,random,0.1,0,1,88da77b541e0383ed974b08d5bbdc9000865e3c5fd5b4aea0073e69c1ad1cf7b,128,3648,0.0962171052631579,0.12621503755483127,165.2248180002971,156.67741199877128,134.7425080002722,460.43245700002444,161,100,3424,63,61,0.5405283057679537,0.9079785253835453,0.6172839506172839,0.6134969325153374,0.6211180124223602,0.5995117406018479,0.018067106395182105,0.981932893604818,0.04468201754385965,17.269736842105264,,,
selectivestream_r01_20261011,pooled_snapshot,44,random,0.1,0,2,88da77b541e0383ed974b08d5bbdc9000865e3c5fd5b4aea0073e69c1ad1cf7b,128,3648,0.0962171052631579,0.1328631864035102,176.1321049993967,165.979096999763,138.88052399943263,484.6849040000052,161,100,3424,63,61,0.5402931246800033,0.9079785253835454,0.6172839506172839,0.6134969325153374,0.6211180124223602,0.5995117406018479,0.018067106395182105,0.981932893604818,0.04468201754385965,17.269736842105264,,,
selectivestream_r01_20261011,pooled_snapshot,44,random,0.25,0,0,5a2736cebac5f1d26dd7b2a9243695c68dbdfe0af2db713ebcfff76f581877d2,128,3648,0.25274122807017546,0.1976213495067108,170.45197100014775,398.695046001194,148.087344999567,720.9226830004809,161,96,3429,58,65,0.5385229366055044,0.9018341417189312,0.6095238095238096,0.6233766233766234,0.5962732919254659,0.5920733465508895,0.016633209062231143,0.9833667909377689,0.042214912280701754,15.899122807017545,,,
selectivestream_r01_20261011,pooled_snapshot,44,random,0.25,0,1,5a2736cebac5f1d26dd7b2a9243695c68dbdfe0af2db713ebcfff76f581877d2,128,3648,0.25274122807017546,0.20025653179787964,179.54057499900955,386.366407999958,160.91913800119073,730.5358279986649,161,96,3429,58,65,0.5385229366055044,0.9018341417189312,0.6095238095238096,0.6233766233766234,0.5962732919254659,0.5920733465508895,0.016633209062231143,0.9833667909377689,0.042214912280701754,15.899122807017545,,,
selectivestream_r01_20261011,pooled_snapshot,44,random,0.25,0,2,5a2736cebac5f1d26dd7b2a9243695c68dbdfe0af2db713ebcfff76f581877d2,128,3648,0.25274122807017546,0.1957242746713991,186.443704001249,360.0092040001073,163.95374800049467,714.002154001264,161,96,3429,58,65,0.5392594198208975,0.9018341417189312,0.6095238095238096,0.6233766233766234,0.5962732919254659,0.5920733465508895,0.016633209062231143,0.9833667909377689,0.042214912280701754,15.899122807017545,,,
selectivestream_r01_20261011,pooled_snapshot,44,random,0.5,0,0,cc4644317ee0416d2cf7754b8693d7f411574d7eb43b87973fa69afee2a0282c,128,3648,0.4942434210526316,0.29271017955043216,177.06645600082993,696.009514000707,191.06668399854243,1067.8067349999765,161,96,3421,66,65,0.5664375156908392,0.9100607936844393,0.5944272445820433,0.5925925925925926,0.5962732919254659,0.5756437044047567,0.01892744479495268,0.9810725552050473,0.044407894736842105,18.092105263157894,,,
selectivestream_r01_20261011,pooled_snapshot,44,random,0.5,0,1,cc4644317ee0416d2cf7754b8693d7f411574d7eb43b87973fa69afee2a0282c,128,3648,0.4942434210526316,0.29364743256565407,177.01644499948088,696.9917540000097,193.3757619995049,1071.225833999506,161,96,3421,66,65,0.5664375156908391,0.9100607936844393,0.5944272445820433,0.5925925925925926,0.5962732919254659,0.5756437044047567,0.01892744479495268,0.9810725552050473,0.044407894736842105,18.092105263157894,,,
selectivestream_r01_20261011,pooled_snapshot,44,random,0.5,0,2,cc4644317ee0416d2cf7754b8693d7f411574d7eb43b87973fa69afee2a0282c,128,3648,0.4942434210526316,0.2936410981361273,183.26083600004495,684.018253000886,200.34958099950018,1071.2027260005925,161,96,3421,66,65,0.5665693441979537,0.9100607936844393,0.5944272445820433,0.5925925925925926,0.5962732919254659,0.5756437044047567,0.01892744479495268,0.9810725552050473,0.044407894736842105,18.092105263157894,,,
selectivestream_r01_20261011,pooled_snapshot,44,random,0.75,0,0,71e8555424d9b06a275d80f169ee5c8b56437dd7a71e2dada97fc8ad15454ef1,128,3648,0.7404057017543859,0.38545337856314627,176.6805509992082,1026.5815460015801,199.21233000059146,1406.1339249983575,161,93,3421,66,68,0.5836649844723864,0.9163556920380402,0.58125,0.5849056603773585,0.577639751552795,0.5620540770860207,0.01892744479495268,0.9810725552050473,0.04358552631578947,18.092105263157894,,,
selectivestream_r01_20261011,pooled_snapshot,44,random,0.75,0,1,71e8555424d9b06a275d80f169ee5c8b56437dd7a71e2dada97fc8ad15454ef1,128,3648,0.7404057017543859,0.38952013130498925,181.2814879999678,1021.2732680006411,214.66975600196747,1420.9694390006007,161,93,3421,66,68,0.5836649844723864,0.9163556920380402,0.58125,0.5849056603773585,0.577639751552795,0.5620540770860207,0.01892744479495268,0.9810725552050473,0.04358552631578947,18.092105263157894,,,
selectivestream_r01_20261011,pooled_snapshot,44,random,0.75,0,2,71e8555424d9b06a275d80f169ee5c8b56437dd7a71e2dada97fc8ad15454ef1,128,3648,0.7404057017543859,0.388213425438391,180.80020400202557,1024.8016589989675,206.37176499940324,1416.2025759992503,161,93,3421,66,68,0.5838903153774477,0.91635569203804,0.58125,0.5849056603773585,0.577639751552795,0.5620540770860207,0.01892744479495268,0.9810725552050473,0.04358552631578947,18.092105263157894,,,
selectivestream_r01_20261011,pooled_snapshot,44,random,1.0,0,0,f92fc43022a161f479494f5c12c103164e9ec82733a85a948aa8839ab467420b,128,3648,1.0,0.48734897478079364,184.31015300029685,1362.8050020001865,227.02663500012932,1777.8490600003352,161,94,3421,66,67,0.6046629206533882,0.9074762160072817,0.5856697819314641,0.5875,0.5838509316770186,0.5666048834505479,0.01892744479495268,0.9810725552050473,0.043859649122807015,18.092105263157894,,,
selectivestream_r01_20261011,pooled_snapshot,44,random,1.0,0,1,f92fc43022a161f479494f5c12c103164e9ec82733a85a948aa8839ab467420b,128,3648,1.0,0.48854237417715823,180.7090819993391,1376.366742000755,221.43233200040413,1782.2025809982733,161,94,3421,66,67,0.6046629206533882,0.9074762160072817,0.5856697819314641,0.5875,0.5838509316770186,0.5666048834505479,0.01892744479495268,0.9810725552050473,0.043859649122807015,18.092105263157894,,,
selectivestream_r01_20261011,pooled_snapshot,44,random,1.0,0,2,f92fc43022a161f479494f5c12c103164e9ec82733a85a948aa8839ab467420b,128,3648,1.0,0.4884232417763095,178.58928400073637,1374.0213699979904,225.445266000861,1781.767985999977,161,94,3421,66,67,0.6046629206533882,0.9074762160072818,0.5856697819314641,0.5875,0.5838509316770186,0.5666048834505479,0.01892744479495268,0.9810725552050473,0.043859649122807015,18.092105263157894,,,
selectivestream_r01_20261011,pooled_snapshot,44,random,0.0,1,0,69c08d3789951a5ef6a0b19d755e20bf12650b1e3855cf03fbf4a6be2b44287c,128,3648,0.0,0.04889330043841698,174.78149900034623,0.18063799961964833,0.06807999989177915,178.36275999934514,161,63,3462,25,98,0.5418812854935475,0.9031798677251976,0.5060240963855421,0.7159090909090909,0.391304347826087,0.5142286847828247,0.007169486664754803,0.9928305133352452,0.02412280701754386,6.853070175438597,,,
selectivestream_r01_20261011,pooled_snapshot,44,random,0.0,1,1,69c08d3789951a5ef6a0b19d755e20bf12650b1e3855cf03fbf4a6be2b44287c,128,3648,0.0,0.05024603042775816,179.44849200057433,0.2863919994524622,0.07739699867670424,183.29751900046176,161,63,3462,25,98,0.5430940843572183,0.9031798677251975,0.5060240963855421,0.7159090909090909,0.391304347826087,0.5142286847828247,0.007169486664754803,0.9928305133352452,0.02412280701754386,6.853070175438597,,,
selectivestream_r01_20261011,pooled_snapshot,44,random,0.0,1,2,69c08d3789951a5ef6a0b19d755e20bf12650b1e3855cf03fbf4a6be2b44287c,128,3648,0.0,0.04863744325614574,173.75102000005427,0.17756699890014715,0.0829820000944892,177.42939299841964,161,63,3462,25,98,0.5420505945020169,0.9031798677251975,0.5060240963855421,0.7159090909090909,0.391304347826087,0.5142286847828247,0.007169486664754803,0.9928305133352452,0.02412280701754386,6.853070175438597,,,
selectivestream_r01_20261011,pooled_snapshot,44,random,0.1,1,0,445e0b4e47e05ecee90cd03cd619f137bf85cbcb059738944b1ade506a191ef7,128,3648,0.08881578947368421,0.1314488237389405,180.37688699769205,143.86082400142186,151.4211990001968,479.52530899965495,161,100,3414,73,61,0.54360166411074,0.9018964850812334,0.5988023952095808,0.5780346820809249,0.6211180124223602,0.5799922978250698,0.020934901061084026,0.979065098938916,0.04742324561403509,20.010964912280702,,,
selectivestream_r01_20261011,pooled_snapshot,44,random,0.1,1,1,445e0b4e47e05ecee90cd03cd619f137bf85cbcb059738944b1ade506a191ef7,128,3648,0.08881578947368421,0.12943812527441778,181.75010499953714,141.79988900013996,144.90919899753862,472.1902810010761,161,100,3414,73,61,0.5442792473970188,0.9018964850812334,0.5988023952095808,0.5780346820809249,0.6211180124223602,0.5799922978250698,0.020934901061084026,0.979065098938916,0.04742324561403509,20.010964912280702,,,
selectivestream_r01_20261011,pooled_snapshot,44,random,0.1,1,2,445e0b4e47e05ecee90cd03cd619f137bf85cbcb059738944b1ade506a191ef7,128,3648,0.08881578947368421,0.12463287198478044,174.1212530005214,141.04584599681402,135.97344500158215,454.66071700047905,161,100,3414,73,61,0.54360166411074,0.9018964850812335,0.5988023952095808,0.5780346820809249,0.6211180124223602,0.5799922978250698,0.020934901061084026,0.979065098938916,0.04742324561403509,20.010964912280702,,,
selectivestream_r01_20261011,pooled_snapshot,44,random,0.25,1,0,651beae5ffa44031cdef55c99891eff3e7c10db1194df32100c378d34e6c2704,128,3648,0.25274122807017546,0.19383804852037756,173.59229000112464,366.8523799997274,163.06133400030376,707.1212010023373,161,97,3416,71,64,0.5585100452225562,0.9026615271986277,0.5896656534954408,0.5773809523809523,0.6024844720496895,0.5704393871596068,0.020361342127903644,0.9796386578720964,0.046052631578947366,19.462719298245613,,,
selectivestream_r01_20261011,pooled_snapshot,44,random,0.25,1,1,651beae5ffa44031cdef55c99891eff3e7c10db1194df32100c378d34e6c2704,128,3648,0.25274122807017546,0.1947699553180645,174.4955870008198,361.5381660010826,170.70188199886616,710.5207970002994,161,97,3416,71,64,0.5580928051557977,0.9026615271986277,0.5896656534954408,0.5773809523809523,0.6024844720496895,0.5704393871596068,0.020361342127903644,0.9796386578720964,0.046052631578947366,19.462719298245613,,,
selectivestream_r01_20261011,pooled_snapshot,44,random,0.25,1,2,651beae5ffa44031cdef55c99891eff3e7c10db1194df32100c378d34e6c2704,128,3648,0.25274122807017546,0.19577233881593875,174.74976199946468,366.5017660000558,169.23243100109175,714.1774920005446,161,97,3416,71,64,0.5585100452225563,0.9026615271986277,0.5896656534954408,0.5773809523809523,0.6024844720496895,0.5704393871596068,0.020361342127903644,0.9796386578720964,0.046052631578947366,19.462719298245613,,,
selectivestream_r01_20261011,pooled_snapshot,44,random,0.5,1,0,36e15621e9336b6724dce7886b4e32b4df767660561c451d2c3f1da9ee9e8584,128,3648,0.5137061403508771,0.30158232401284,176.69879499953822,728.5020840004108,190.8554270003151,1100.1723179988403,161,94,3421,66,67,0.555640774406361,0.901582096411338,0.5856697819314641,0.5875,0.5838509316770186,0.5666048834505479,0.01892744479495268,0.9810725552050473,0.043859649122807015,18.092105263157894,,,
selectivestream_r01_20261011,pooled_snapshot,44,random,0.5,1,1,36e15621e9336b6724dce7886b4e32b4df767660561c451d2c3f1da9ee9e8584,128,3648,0.5137061403508771,0.3121568432019859,192.7770530005546,724.1165870000259,218.25282500094545,1138.7481640008446,161,94,3421,66,67,0.5558278013382392,0.901582096411338,0.5856697819314641,0.5875,0.5838509316770186,0.5666048834505479,0.01892744479495268,0.9810725552050473,0.043859649122807015,18.092105263157894,,,
selectivestream_r01_20261011,pooled_snapshot,44,random,0.5,1,2,36e15621e9336b6724dce7886b4e32b4df767660561c451d2c3f1da9ee9e8584,128,3648,0.5137061403508771,0.3044714292761391,187.30198399771325,712.2780960012278,207.5687290011956,1110.7117739993555,161,94,3421,66,67,0.5554011432608206,0.901582096411338,0.5856697819314641,0.5875,0.5838509316770186,0.5666048834505479,0.01892744479495268,0.9810725552050473,0.043859649122807015,18.092105263157894,,,
selectivestream_r01_20261011,pooled_snapshot,44,random,0.75,1,0,06eb638ab758374235af3730173799c9df400066f27c458f8b29f9fdc960d739,128,3648,0.75,0.4052511419961509,185.06499500108475,1056.7202160000306,232.73266400019565,1478.3561660019586,161,104,3408,79,57,0.5885110477983121,0.900532946685738,0.6046511627906976,0.5683060109289617,0.6459627329192547,0.5864943863833366,0.02265557786062518,0.9773444221393748,0.05016447368421053,21.655701754385966,,,
selectivestream_r01_20261011,pooled_snapshot,44,random,0.75,1,1,06eb638ab758374235af3730173799c9df400066f27c458f8b29f9fdc960d739,128,3648,0.75,0.39551671902428287,183.19248500074536,1035.7127130000663,220.3306290002729,1442.8449910005838,161,104,3408,79,57,0.5885110477983121,0.900532946685738,0.6046511627906976,0.5683060109289617,0.6459627329192547,0.5864943863833366,0.02265557786062518,0.9773444221393748,0.05016447368421053,21.655701754385966,,,
selectivestream_r01_20261011,pooled_snapshot,44,random,0.75,1,2,06eb638ab758374235af3730173799c9df400066f27c458f8b29f9fdc960d739,128,3648,0.75,0.39718300877124474,175.81904299640883,1069.4578089969582,199.8820690005232,1448.9236159975007,161,104,3408,79,57,0.5885906188129635,0.9005329466857379,0.6046511627906976,0.5683060109289617,0.6459627329192547,0.5864943863833366,0.02265557786062518,0.9773444221393748,0.05016447368421053,21.655701754385966,,,
selectivestream_r01_20261011,pooled_snapshot,44,random,1.0,1,0,772b90e90909f7c15d7179e1add6a76635a7a3e48f00ee53ea27f93643f56e12,128,3648,1.0,0.5001624292764729,176.17712399987795,1423.6452099989947,220.95482000122502,1824.5925420005733,161,94,3421,66,67,0.6046629206533882,0.9074762160072817,0.5856697819314641,0.5875,0.5838509316770186,0.5666048834505479,0.01892744479495268,0.9810725552050473,0.043859649122807015,18.092105263157894,,,
selectivestream_r01_20261011,pooled_snapshot,44,random,1.0,1,1,772b90e90909f7c15d7179e1add6a76635a7a3e48f00ee53ea27f93643f56e12,128,3648,1.0,0.498405762609684,182.72667399878628,1398.5317449996728,233.15379900031985,1818.1842220001272,161,94,3421,66,67,0.6046629206533882,0.9074762160072817,0.5856697819314641,0.5875,0.5838509316770186,0.5666048834505479,0.01892744479495268,0.9810725552050473,0.043859649122807015,18.092105263157894,,,
selectivestream_r01_20261011,pooled_snapshot,44,random,1.0,1,2,772b90e90909f7c15d7179e1add6a76635a7a3e48f00ee53ea27f93643f56e12,128,3648,1.0,0.4953576370612579,187.1295869991627,1377.9257989990583,238.34463299954223,1807.0646599994689,161,94,3421,66,67,0.6046629206533882,0.9074762160072817,0.5856697819314641,0.5875,0.5838509316770186,0.5666048834505479,0.01892744479495268,0.9810725552050473,0.043859649122807015,18.092105263157894,,,
selectivestream_r01_20261011,pooled_snapshot,44,random,0.0,2,0,a92a1b7537cd31a6921291a6acd7deee46a435d1fc08bcdaf33056ff0c94934f,128,3648,0.0,0.04999050191912103,178.80916499916566,0.16969900025287643,0.07323100044231978,182.36535100095352,161,63,3462,25,98,0.542223486448614,0.9031798677251975,0.5060240963855421,0.7159090909090909,0.391304347826087,0.5142286847828247,0.007169486664754803,0.9928305133352452,0.02412280701754386,6.853070175438597,,,
selectivestream_r01_20261011,pooled_snapshot,44,random,0.0,2,1,a92a1b7537cd31a6921291a6acd7deee46a435d1fc08bcdaf33056ff0c94934f,128,3648,0.0,0.048699220668929524,174.00096600022152,0.17023899818013888,0.0710230001459422,177.6547570002549,161,63,3462,25,98,0.5435107556535661,0.9031798677251975,0.5060240963855421,0.7159090909090909,0.391304347826087,0.5142286847828247,0.007169486664754803,0.9928305133352452,0.02412280701754386,6.853070175438597,,,
selectivestream_r01_20261011,pooled_snapshot,44,random,0.0,2,2,a92a1b7537cd31a6921291a6acd7deee46a435d1fc08bcdaf33056ff0c94934f,128,3648,0.0,0.04977475767519304,177.8859569985798,0.18464899994796724,0.07642399987162207,181.57831599910423,161,63,3462,25,98,0.5420505945020169,0.9031798677251975,0.5060240963855421,0.7159090909090909,0.391304347826087,0.5142286847828247,0.007169486664754803,0.9928305133352452,0.02412280701754386,6.853070175438597,,,
selectivestream_r01_20261011,pooled_snapshot,44,random,0.1,2,0,0579462cf3e002d55f0ce3184caa1a6dc48871b109682fbf9ad8fbb6b576becd,128,3648,0.10361842105263158,0.13515079851968317,176.33096600002318,156.74493499955133,156.3657829992735,493.03011299980426,161,62,3461,26,99,0.5394188177249459,0.9058018514197366,0.4979919678714859,0.7045454545454546,0.38509316770186336,0.5055300803290291,0.007456266131344996,0.992543733868655,0.02412280701754386,7.12719298245614,,,
selectivestream_r01_20261011,pooled_snapshot,44,random,0.1,2,1,0579462cf3e002d55f0ce3184caa1a6dc48871b109682fbf9ad8fbb6b576becd,128,3648,0.10361842105263158,0.13819226809219068,180.9807729991917,162.45841800127891,157.13868900002126,504.12539400031164,161,62,3461,26,99,0.5382960479968325,0.9058018514197365,0.4979919678714859,0.7045454545454546,0.38509316770186336,0.5055300803290291,0.007456266131344996,0.992543733868655,0.02412280701754386,7.12719298245614,,,
selectivestream_r01_20261011,pooled_snapshot,44,random,0.1,2,2,0579462cf3e002d55f0ce3184caa1a6dc48871b109682fbf9ad8fbb6b576becd,128,3648,0.10361842105263158,0.13671404276263238,182.2754759991767,154.79559699815582,158.11928399944009,498.73282799808294,161,62,3461,26,99,0.5402925385019782,0.9058018514197366,0.4979919678714859,0.7045454545454546,0.38509316770186336,0.5055300803290291,0.007456266131344996,0.992543733868655,0.02412280701754386,7.12719298245614,,,
selectivestream_r01_20261011,pooled_snapshot,44,random,0.25,2,0,628b520f0f5a7e1bb1ae510877739f42374974d03d7d2defe1b9587b6f6c6935,128,3648,0.2590460526315789,0.19599298821261077,172.7889969993157,372.3351779999575,166.15062199980457,714.9824209996041,161,79,3438,49,82,0.549755353066873,0.9085467405999569,0.5467128027681661,0.6171875,0.4906832298136646,0.5320407699301878,0.014052193862919416,0.9859478061370806,0.03508771929824561,13.432017543859649,,,
selectivestream_r01_20261011,pooled_snapshot,44,random,0.25,2,1,628b520f0f5a7e1bb1ae510877739f42374974d03d7d2defe1b9587b6f6c6935,128,3648,0.2590460526315789,0.20388759429816142,181.9423770002686,380.9228430004623,177.1930390000307,743.7819439996929,161,79,3438,49,82,0.54958280345482,0.908546740599957,0.5467128027681661,0.6171875,0.4906832298136646,0.5320407699301878,0.014052193862919416,0.9859478061370806,0.03508771929824561,13.432017543859649,,,
selectivestream_r01_20261011,pooled_snapshot,44,random,0.25,2,2,628b520f0f5a7e1bb1ae510877739f42374974d03d7d2defe1b9587b6f6c6935,128,3648,0.2590460526315789,0.20057647203954007,175.3479220005829,380.939713000771,171.71968400043625,731.7029700002422,161,79,3438,49,82,0.54958280345482,0.908546740599957,0.5467128027681661,0.6171875,0.4906832298136646,0.5320407699301878,0.014052193862919416,0.9859478061370806,0.03508771929824561,13.432017543859649,,,
selectivestream_r01_20261011,pooled_snapshot,44,random,0.5,2,0,2812418721629c65f5f0e7d8f18bbb891f4587a5c55621d359e41199b17e0c96,128,3648,0.4975328947368421,0.2997339742327704,181.22146000132489,712.5187570004528,195.84127300049659,1093.4295380011463,161,59,3465,22,102,0.5911400811500174,0.9070620779577027,0.48760330578512395,0.7283950617283951,0.36645962732919257,0.5020290453739241,0.006309148264984227,0.9936908517350158,0.022203947368421052,6.030701754385965,,,
selectivestream_r01_20261011,pooled_snapshot,44,random,0.5,2,1,2812418721629c65f5f0e7d8f18bbb891f4587a5c55621d359e41199b17e0c96,128,3648,0.4975328947368421,0.2963757469845169,182.7539999990222,700.0848130001032,194.65152899920213,1081.1787249995177,161,59,3465,22,102,0.5912242529868222,0.9070620779577028,0.48760330578512395,0.7283950617283951,0.36645962732919257,0.5020290453739241,0.006309148264984227,0.9936908517350158,0.022203947368421052,6.030701754385965,,,
selectivestream_r01_20261011,pooled_snapshot,44,random,0.5,2,2,2812418721629c65f5f0e7d8f18bbb891f4587a5c55621d359e41199b17e0c96,128,3648,0.4975328947368421,0.2999250030156444,184.95060400027796,709.9525799981166,195.53843000039706,1094.1264110010707,161,59,3465,22,102,0.5911037252392849,0.9070620779577028,0.48760330578512395,0.7283950617283951,0.36645962732919257,0.5020290453739241,0.006309148264984227,0.9936908517350158,0.022203947368421052,6.030701754385965,,,
selectivestream_r01_20261011,pooled_snapshot,44,random,0.75,2,0,c07cc2148a9dda70052a5a14695c6f71d941d62da52962148268c198dd7f6177,128,3648,0.743421052631579,0.39436200109676883,180.8539100006783,1037.8051140014577,216.13785999943502,1438.6325800010127,161,95,3418,69,66,0.6004137415210279,0.905799179561352,0.5846153846153846,0.5792682926829268,0.5900621118012422,0.5652775481764295,0.019787783194723258,0.9802122168052767,0.044956140350877194,18.914473684210527,,,
selectivestream_r01_20261011,pooled_snapshot,44,random,0.75,2,1,c07cc2148a9dda70052a5a14695c6f71d941d62da52962148268c198dd7f6177,128,3648,0.743421052631579,0.39727437582190295,180.38206299615922,1051.9914020001124,213.117513000725,1449.256922998302,161,95,3418,69,66,0.6004556423393264,0.905799179561352,0.5846153846153846,0.5792682926829268,0.5900621118012422,0.5652775481764295,0.019787783194723258,0.9802122168052767,0.044956140350877194,18.914473684210527,,,
selectivestream_r01_20261011,pooled_snapshot,44,random,0.75,2,2,c07cc2148a9dda70052a5a14695c6f71d941d62da52962148268c198dd7f6177,128,3648,0.743421052631579,0.3939616674889142,180.2282200001173,1036.931305003236,216.31792900006985,1437.172162999559,161,95,3418,69,66,0.5998315615215571,0.905799179561352,0.5846153846153846,0.5792682926829268,0.5900621118012422,0.5652775481764295,0.019787783194723258,0.9802122168052767,0.044956140350877194,18.914473684210527,,,
selectivestream_r01_20261011,pooled_snapshot,44,random,1.0,2,0,959787f9ffcf306ff204e3c8c06b5b9386a955a6343f73f892e79e2f9c51ef06,128,3648,1.0,0.5038115005478373,182.85420600068392,1416.6633529976025,234.70784799974354,1837.9043539985105,161,94,3421,66,67,0.6046629206533882,0.9074762160072818,0.5856697819314641,0.5875,0.5838509316770186,0.5666048834505479,0.01892744479495268,0.9810725552050473,0.043859649122807015,18.092105263157894,,,
selectivestream_r01_20261011,pooled_snapshot,44,random,1.0,2,1,959787f9ffcf306ff204e3c8c06b5b9386a955a6343f73f892e79e2f9c51ef06,128,3648,1.0,0.49785191831132314,180.11644099942714,1403.481047999776,228.85027499796706,1816.1637979997067,161,94,3421,66,67,0.6046629206533882,0.9074762160072817,0.5856697819314641,0.5875,0.5838509316770186,0.5666048834505479,0.01892744479495268,0.9810725552050473,0.043859649122807015,18.092105263157894,,,
selectivestream_r01_20261011,pooled_snapshot,44,random,1.0,2,2,959787f9ffcf306ff204e3c8c06b5b9386a955a6343f73f892e79e2f9c51ef06,128,3648,1.0,0.4843039813592217,164.53960699891468,1395.1666920006573,203.23990500037326,1766.7409239984408,161,94,3421,66,67,0.6046629206533882,0.9074762160072817,0.5856697819314641,0.5875,0.5838509316770186,0.5666048834505479,0.01892744479495268,0.9810725552050473,0.043859649122807015,18.092105263157894,,,
selectivestream_r01_20261011,pooled_snapshot,44,learned_benefit,0.0,0,0,51189f1d7bd7d4b52858b6bc109f2a3aca87a351395be6b8889fd6280a031f57,128,3648,0.0,0.045960589090386465,156.1040490009873,0.12563999871417764,0.05539699986911728,167.66422900172984,161,63,3462,25,98,0.542223486448614,0.9031798677251975,0.5060240963855421,0.7159090909090909,0.391304347826087,0.5142286847828247,0.007169486664754803,0.9928305133352452,0.02412280701754386,6.853070175438597,,,
selectivestream_r01_20261011,pooled_snapshot,44,learned_benefit,0.0,0,1,51189f1d7bd7d4b52858b6bc109f2a3aca87a351395be6b8889fd6280a031f57,128,3648,0.0,0.04835835553768974,163.5733010007243,0.16577899987169076,0.07559700088677346,176.41128100149217,161,63,3462,25,98,0.5420505945020169,0.9031798677251975,0.5060240963855421,0.7159090909090909,0.391304347826087,0.5142286847828247,0.007169486664754803,0.9928305133352452,0.02412280701754386,6.853070175438597,,,
selectivestream_r01_20261011,pooled_snapshot,44,learned_benefit,0.0,0,2,51189f1d7bd7d4b52858b6bc109f2a3aca87a351395be6b8889fd6280a031f57,128,3648,0.0,0.047474183388299264,161.9214110005487,0.12830100104110898,0.05450000026030466,173.18582100051572,161,63,3462,25,98,0.5435107556535661,0.9031798677251975,0.5060240963855421,0.7159090909090909,0.391304347826087,0.5142286847828247,0.007169486664754803,0.9928305133352452,0.02412280701754386,6.853070175438597,,,
selectivestream_r01_20261011,pooled_snapshot,44,learned_benefit,0.1,0,0,9f01326efc596a0b4825baabefee7e325ae1076ad5986e8eb46c3a7e8b42cf18,128,3648,0.038651315789473686,0.08933898245606797,158.23302900025737,47.70593400053258,108.376775999659,325.908607999736,161,51,3478,9,110,0.6072446989065343,0.9038478323212926,0.46153846153846156,0.85,0.3167701863354037,0.507374085874759,0.0025810151993117293,0.9974189848006882,0.01644736842105263,2.4671052631578947,,,
selectivestream_r01_20261011,pooled_snapshot,44,learned_benefit,0.1,0,1,9f01326efc596a0b4825baabefee7e325ae1076ad5986e8eb46c3a7e8b42cf18,128,3648,0.038651315789473686,0.08916602055944224,157.58346300071935,45.46924300120736,110.33315299846436,325.2776430008453,161,51,3478,9,110,0.6072446989065343,0.9038478323212928,0.46153846153846156,0.85,0.3167701863354037,0.507374085874759,0.0025810151993117293,0.9974189848006882,0.01644736842105263,2.4671052631578947,,,
selectivestream_r01_20261011,pooled_snapshot,44,learned_benefit,0.1,0,2,9f01326efc596a0b4825baabefee7e325ae1076ad5986e8eb46c3a7e8b42cf18,128,3648,0.038651315789473686,0.09224120093227639,160.63054400046894,47.36984499913888,116.92915100047685,336.4959010009443,161,51,3478,9,110,0.6072446989065343,0.9038478323212928,0.46153846153846156,0.85,0.3167701863354037,0.507374085874759,0.0025810151993117293,0.9974189848006882,0.01644736842105263,2.4671052631578947,,,
selectivestream_r01_20261011,pooled_snapshot,44,learned_benefit,0.25,0,0,43cfe0d689f2a34925c62d07992520b8c099891a30b2eb6ea737e917fccf1de0,128,3648,0.14830043859649122,0.14437458991261265,166.51943600163577,212.6359990002129,135.73256899917396,526.678504001211,161,94,3423,64,67,0.6017186357829512,0.8949487626623821,0.5893416927899686,0.5949367088607594,0.5838509316770186,0.5705950440517792,0.018353885861772296,0.9816461141382277,0.04331140350877193,17.54385964912281,,,
selectivestream_r01_20261011,pooled_snapshot,44,learned_benefit,0.25,0,1,43cfe0d689f2a34925c62d07992520b8c099891a30b2eb6ea737e917fccf1de0,128,3648,0.14830043859649122,0.14566613486827487,165.65531000014744,221.1252969977977,132.63175399924876,531.3900599994668,161,94,3423,64,67,0.6017186357829512,0.8949487626623822,0.5893416927899686,0.5949367088607594,0.5838509316770186,0.5705950440517792,0.018353885861772296,0.9816461141382277,0.04331140350877193,17.54385964912281,,,
selectivestream_r01_20261011,pooled_snapshot,44,learned_benefit,0.25,0,2,43cfe0d689f2a34925c62d07992520b8c099891a30b2eb6ea737e917fccf1de0,128,3648,0.14830043859649122,0.14413701233550819,160.17871999838462,219.6556060007424,133.831781000481,525.8118209999338,161,94,3423,64,67,0.6017186357829512,0.8949487626623822,0.5893416927899686,0.5949367088607594,0.5838509316770186,0.5705950440517792,0.018353885861772296,0.9816461141382277,0.04331140350877193,17.54385964912281,,,
selectivestream_r01_20261011,pooled_snapshot,44,learned_benefit,0.5,0,0,839909fcb6ab16dd015e9f46cca24dd4b3367f8a24cd0e2b0546651d7db4a778,128,3648,0.4555921052631579,0.27600358963808913,157.6325750011165,676.3292430009642,160.62672300040504,1006.8610949997492,161,94,3422,65,67,0.6061811108516713,0.8996922019141194,0.5875,0.5911949685534591,0.5838509316770186,0.5685909022759839,0.01864066532836249,0.9813593346716375,0.04358552631578947,17.81798245614035,,,
selectivestream_r01_20261011,pooled_snapshot,44,learned_benefit,0.5,0,1,839909fcb6ab16dd015e9f46cca24dd4b3367f8a24cd0e2b0546651d7db4a778,128,3648,0.4555921052631579,0.2754609627196577,162.52088100054607,660.9982440008935,168.77916800012827,1004.8815920013112,161,94,3422,65,67,0.6061811108516713,0.8996922019141194,0.5875,0.5911949685534591,0.5838509316770186,0.5685909022759839,0.01864066532836249,0.9813593346716375,0.04358552631578947,17.81798245614035,,,
selectivestream_r01_20261011,pooled_snapshot,44,learned_benefit,0.5,0,2,839909fcb6ab16dd015e9f46cca24dd4b3367f8a24cd0e2b0546651d7db4a778,128,3648,0.4555921052631579,0.27559981825631713,169.14983399874473,656.1086090005119,168.15399600045566,1005.388136999045,161,94,3422,65,67,0.6061811108516714,0.8996922019141194,0.5875,0.5911949685534591,0.5838509316770186,0.5685909022759839,0.01864066532836249,0.9813593346716375,0.04358552631578947,17.81798245614035,,,
selectivestream_r01_20261011,pooled_snapshot,44,learned_benefit,0.75,0,0,8258831837ddad21ed02dfdac4a73c3ff4af8717267bf37be6424b569bcf7114,128,3648,0.7697368421052632,0.4008233645836269,180.6161719996453,1074.7021299989683,194.7799730019142,1462.203634001071,161,94,3421,66,67,0.6039972539782742,0.9016195024287194,0.5856697819314641,0.5875,0.5838509316770186,0.5666048834505479,0.01892744479495268,0.9810725552050473,0.043859649122807015,18.092105263157894,,,
selectivestream_r01_20261011,pooled_snapshot,44,learned_benefit,0.75,0,1,8258831837ddad21ed02dfdac4a73c3ff4af8717267bf37be6424b569bcf7114,128,3648,0.7697368421052632,0.409322607456194,168.93648800078154,1109.0190889995029,203.355983000165,1493.2088720001957,161,94,3421,66,67,0.6039972539782742,0.9016195024287192,0.5856697819314641,0.5875,0.5838509316770186,0.5666048834505479,0.01892744479495268,0.9810725552050473,0.043859649122807015,18.092105263157894,,,
selectivestream_r01_20261011,pooled_snapshot,44,learned_benefit,0.75,0,2,8258831837ddad21ed02dfdac4a73c3ff4af8717267bf37be6424b569bcf7114,128,3648,0.7697368421052632,0.3962915243970169,167.46811200027878,1075.1717640009701,191.09364100086168,1445.6714810003177,161,94,3421,66,67,0.6039972539782742,0.9016195024287192,0.5856697819314641,0.5875,0.5838509316770186,0.5666048834505479,0.01892744479495268,0.9810725552050473,0.043859649122807015,18.092105263157894,,,
selectivestream_r01_20261011,pooled_snapshot,44,learned_benefit,1.0,0,0,a12605a307886d7f83b3ae64514f18f30eee2ddcba21616a77de7208d1f8ba16,128,3648,1.0,0.49077632072387706,170.39760399984516,1401.1093789999904,206.7016489982052,1790.3520180007035,161,94,3421,66,67,0.6046629206533882,0.9074762160072818,0.5856697819314641,0.5875,0.5838509316770186,0.5666048834505479,0.01892744479495268,0.9810725552050473,0.043859649122807015,18.092105263157894,,,
selectivestream_r01_20261011,pooled_snapshot,44,learned_benefit,1.0,0,1,a12605a307886d7f83b3ae64514f18f30eee2ddcba21616a77de7208d1f8ba16,128,3648,1.0,0.4846116110199143,168.1593730008899,1376.7107340008806,211.2066969989428,1767.8631570006473,161,94,3421,66,67,0.6046629206533882,0.9074762160072818,0.5856697819314641,0.5875,0.5838509316770186,0.5666048834505479,0.01892744479495268,0.9810725552050473,0.043859649122807015,18.092105263157894,,,
selectivestream_r01_20261011,pooled_snapshot,44,learned_benefit,1.0,0,2,a12605a307886d7f83b3ae64514f18f30eee2ddcba21616a77de7208d1f8ba16,128,3648,1.0,0.4858449846490761,163.59739700010323,1389.8450039996533,207.1783150004194,1772.3625039998296,161,94,3421,66,67,0.6046629206533882,0.9074762160072817,0.5856697819314641,0.5875,0.5838509316770186,0.5666048834505479,0.01892744479495268,0.9810725552050473,0.043859649122807015,18.092105263157894,,,
selectivestream_r01_20261011,pooled_snapshot,55,margin,0.0,0,0,5299cbca1c3eabc1d97dbb162c9f60733fde9ced8399e8e9f392869b5793a32e,128,3648,0.0,0.046482020559149635,161.86692700011918,0.16223099919443484,0.06394599995473982,169.56641099977787,161,75,3450,37,86,0.5596740115630224,0.9193927044016196,0.5494505494505495,0.6696428571428571,0.4658385093167702,0.5420039144551302,0.01061084026383711,0.9893891597361629,0.03070175438596491,10.142543859649123,,,
selectivestream_r01_20261011,pooled_snapshot,55,margin,0.0,0,1,5299cbca1c3eabc1d97dbb162c9f60733fde9ced8399e8e9f392869b5793a32e,128,3648,0.0,0.044651744243707436,155.2534530005687,0.1941689993145701,0.06716799953210284,162.88956300104473,161,75,3450,37,86,0.5604955962355386,0.9193927044016196,0.5494505494505495,0.6696428571428571,0.4658385093167702,0.5420039144551302,0.01061084026383711,0.9893891597361629,0.03070175438596491,10.142543859649123,,,
selectivestream_r01_20261011,pooled_snapshot,55,margin,0.0,0,2,5299cbca1c3eabc1d97dbb162c9f60733fde9ced8399e8e9f392869b5793a32e,128,3648,0.0,0.04652030180919478,162.42181499910657,0.15302300153052784,0.057470000683679245,169.70606099994257,161,75,3450,37,86,0.5613549549159867,0.9193927044016196,0.5494505494505495,0.6696428571428571,0.4658385093167702,0.5420039144551302,0.01061084026383711,0.9893891597361629,0.03070175438596491,10.142543859649123,,,
selectivestream_r01_20261011,pooled_snapshot,55,margin,0.1,0,0,d808e8430f064dd9a2a0ad6604b10eb7fa6fb205cc844011f8311bb75fe316e2,128,3648,0.05866228070175439,0.10420950164477186,169.91021599869782,80.54795199950604,122.55477099915879,380.15626200012775,161,106,3418,69,55,0.5711939505096889,0.9160493189432979,0.6309523809523809,0.6057142857142858,0.6583850931677019,0.613754346149476,0.019787783194723258,0.9802122168052767,0.04797149122807018,18.914473684210527,,,
selectivestream_r01_20261011,pooled_snapshot,55,margin,0.1,0,1,d808e8430f064dd9a2a0ad6604b10eb7fa6fb205cc844011f8311bb75fe316e2,128,3648,0.05866228070175439,0.10183889391419443,164.20358299956206,77.51339999913398,122.22050599984868,371.50828499898125,161,106,3418,69,55,0.5707799180076527,0.9160493189432979,0.6309523809523809,0.6057142857142858,0.6583850931677019,0.613754346149476,0.019787783194723258,0.9802122168052767,0.04797149122807018,18.914473684210527,,,
selectivestream_r01_20261011,pooled_snapshot,55,margin,0.1,0,2,d808e8430f064dd9a2a0ad6604b10eb7fa6fb205cc844011f8311bb75fe316e2,128,3648,0.05866228070175439,0.10131843530745611,163.39127500259565,79.17924999992465,119.54446899926552,369.6096520015999,161,106,3418,69,55,0.571477502106121,0.9160493189432979,0.6309523809523809,0.6057142857142858,0.6583850931677019,0.613754346149476,0.019787783194723258,0.9802122168052767,0.04797149122807018,18.914473684210527,,,
selectivestream_r01_20261011,pooled_snapshot,55,margin,0.25,0,0,08a094ddb97bf2ad31b2d8765842aed26ba00c898aea86bcc61aa4e719bd8038,128,3648,0.18503289473684212,0.14850063240152467,171.43166600089899,226.2728440009596,136.88607899939598,541.730307000762,161,106,3418,69,55,0.5812468673247995,0.9232562116254339,0.6309523809523809,0.6057142857142858,0.6583850931677019,0.613754346149476,0.019787783194723258,0.9802122168052767,0.04797149122807018,18.914473684210527,,2.834241725757636e-07,0.0
selectivestream_r01_20261011,pooled_snapshot,55,margin,0.25,0,1,08a094ddb97bf2ad31b2d8765842aed26ba00c898aea86bcc61aa4e719bd8038,128,3648,0.18503289473684212,0.150785640350648,170.3508600007808,236.8809410013455,135.24278900058562,550.0660159991639,161,106,3418,69,55,0.5805985996401124,0.9232562116254339,0.6309523809523809,0.6057142857142858,0.6583850931677019,0.613754346149476,0.019787783194723258,0.9802122168052767,0.04797149122807018,18.914473684210527,,1.889494295470584e-07,0.0
selectivestream_r01_20261011,pooled_snapshot,55,margin,0.25,0,2,08a094ddb97bf2ad31b2d8765842aed26ba00c898aea86bcc61aa4e719bd8038,128,3648,0.18503289473684212,0.14436879714925985,160.48317700051484,225.10040399856734,133.71069400000124,526.6573720004999,161,106,3418,69,55,0.5822724600464709,0.923256211625434,0.6309523809523809,0.6057142857142858,0.6583850931677019,0.613754346149476,0.019787783194723258,0.9802122168052767,0.04797149122807018,18.914473684210527,,2.834241725757636e-07,0.0
selectivestream_r01_20261011,pooled_snapshot,55,margin,0.5,0,0,26b445a96eac04c39dd27b6208e6fb82bc7ad5f56f6117038ccb2085dd3ac088,128,3648,0.5002741228070176,0.25214467598663015,169.1482479982369,574.5043570009329,168.3493990003626,919.8237779992269,161,106,3417,70,55,0.579686306917852,0.9111829742058791,0.629080118694362,0.6022727272727273,0.6583850931677019,0.6118214920355959,0.02007456266131345,0.9799254373386865,0.04824561403508772,19.18859649122807,,,
selectivestream_r01_20261011,pooled_snapshot,55,margin,0.5,0,1,26b445a96eac04c39dd27b6208e6fb82bc7ad5f56f6117038ccb2085dd3ac088,128,3648,0.5002741228070176,0.2496648223687689,166.2760350013741,562.2067720000814,174.661813000057,910.777272001269,161,106,3417,70,55,0.579686306917852,0.9111829742058791,0.629080118694362,0.6022727272727273,0.6583850931677019,0.6118214920355959,0.02007456266131345,0.9799254373386865,0.04824561403508772,19.18859649122807,,,
selectivestream_r01_20261011,pooled_snapshot,55,margin,0.5,0,2,26b445a96eac04c39dd27b6208e6fb82bc7ad5f56f6117038ccb2085dd3ac088,128,3648,0.5002741228070176,0.2549702590458555,169.16923099825,575.6197890009389,178.0874720011525,930.1315049992809,161,106,3417,70,55,0.579917526654172,0.9111829742058791,0.629080118694362,0.6022727272727273,0.6583850931677019,0.6118214920355959,0.02007456266131345,0.9799254373386865,0.04824561403508772,19.18859649122807,,,
selectivestream_r01_20261011,pooled_snapshot,55,margin,0.75,0,0,7737218cd51a111e95cbb5d98b299a6ac1155eadec44625a756d07a548987994,128,3648,0.8061951754385965,0.34816125877169596,175.08524099957867,893.8027949998286,193.85057399813377,1270.0922719991468,161,106,3417,70,55,0.5783246103531902,0.9126934648125157,0.629080118694362,0.6022727272727273,0.6583850931677019,0.6118214920355959,0.02007456266131345,0.9799254373386865,0.04824561403508772,19.18859649122807,,,
selectivestream_r01_20261011,pooled_snapshot,55,margin,0.75,0,1,7737218cd51a111e95cbb5d98b299a6ac1155eadec44625a756d07a548987994,128,3648,0.8061951754385965,0.3591833574565846,183.27397800157996,906.4918219978608,213.0956500013781,1310.3008880016205,161,106,3417,70,55,0.5776006133773192,0.9126934648125157,0.629080118694362,0.6022727272727273,0.6583850931677019,0.6118214920355959,0.02007456266131345,0.9799254373386865,0.04824561403508772,19.18859649122807,,,
selectivestream_r01_20261011,pooled_snapshot,55,margin,0.75,0,2,7737218cd51a111e95cbb5d98b299a6ac1155eadec44625a756d07a548987994,128,3648,0.8061951754385965,0.3599662409540297,187.7711169995564,892.801521000365,225.2029390001553,1313.1568470003003,161,106,3417,70,55,0.5776037422397228,0.9126952460514386,0.629080118694362,0.6022727272727273,0.6583850931677019,0.6118214920355959,0.02007456266131345,0.9799254373386865,0.04824561403508772,19.18859649122807,,,
selectivestream_r01_20261011,pooled_snapshot,55,margin,1.0,0,0,23e13a458d416b68691d1fa7474fc100e4b8f0088b9a63f84869fd5f6d3ad689,128,3648,1.0,0.4166084333881895,179.6750210000937,1098.0714400006946,234.3576939988452,1519.7875650001151,161,106,3417,70,55,0.5856921199108646,0.914230674002996,0.629080118694362,0.6022727272727273,0.6583850931677019,0.6118214920355959,0.02007456266131345,0.9799254373386865,0.04824561403508772,19.18859649122807,,,
selectivestream_r01_20261011,pooled_snapshot,55,margin,1.0,0,1,23e13a458d416b68691d1fa7474fc100e4b8f0088b9a63f84869fd5f6d3ad689,128,3648,1.0,0.4194229514805227,182.65333199997258,1114.1748479999478,224.41868800024167,1530.054927000947,161,106,3417,70,55,0.5848472167322017,0.914230674002996,0.629080118694362,0.6022727272727273,0.6583850931677019,0.6118214920355959,0.02007456266131345,0.9799254373386865,0.04824561403508772,19.18859649122807,,,
selectivestream_r01_20261011,pooled_snapshot,55,margin,1.0,0,2,23e13a458d416b68691d1fa7474fc100e4b8f0088b9a63f84869fd5f6d3ad689,128,3648,1.0,0.4302743739036405,173.63483999906748,1174.7210279986575,213.70212499959962,1569.6409160004805,161,106,3417,70,55,0.5848472167322017,0.914230674002996,0.629080118694362,0.6022727272727273,0.6583850931677019,0.6118214920355959,0.02007456266131345,0.9799254373386865,0.04824561403508772,19.18859649122807,,,
selectivestream_r01_20261011,pooled_snapshot,55,entropy,0.0,0,0,570ce841c87e6fac1cc2737854859475682e8d93107967998b3a2048c54cd5f2,128,3648,0.0,0.0493927760422801,163.4565070003191,0.14968599998610443,0.06432600002881372,180.1848470022378,161,75,3450,37,86,0.5604955962355386,0.9193927044016194,0.5494505494505495,0.6696428571428571,0.4658385093167702,0.5420039144551302,0.01061084026383711,0.9893891597361629,0.03070175438596491,10.142543859649123,,,
selectivestream_r01_20261011,pooled_snapshot,55,entropy,0.0,0,1,570ce841c87e6fac1cc2737854859475682e8d93107967998b3a2048c54cd5f2,128,3648,0.0,0.04792372560340135,158.24809700143305,0.14673600026071654,0.06208299964782782,174.82575100120812,161,75,3450,37,86,0.5608919992357245,0.9193927044016196,0.5494505494505495,0.6696428571428571,0.4658385093167702,0.5420039144551302,0.01061084026383711,0.9893891597361629,0.03070175438596491,10.142543859649123,,,
selectivestream_r01_20261011,pooled_snapshot,55,entropy,0.0,0,2,570ce841c87e6fac1cc2737854859475682e8d93107967998b3a2048c54cd5f2,128,3648,0.0,0.04861140378284689,160.50784900062354,0.16239199840129004,0.06845700045232661,177.33440099982545,161,75,3450,37,86,0.5604955962355387,0.9193927044016195,0.5494505494505495,0.6696428571428571,0.4658385093167702,0.5420039144551302,0.01061084026383711,0.9893891597361629,0.03070175438596491,10.142543859649123,,,
selectivestream_r01_20261011,pooled_snapshot,55,entropy,0.1,0,0,0cdab6e03dc4cd9f3be812ea21a4f06643a75f393520bf5a32132308fe81a6e4,128,3648,0.0581140350877193,0.11029844216013492,167.57761999815557,84.75644700138218,133.73792399988815,402.3687170001722,161,106,3418,69,55,0.5713463657585783,0.9160136941648394,0.6309523809523809,0.6057142857142858,0.6583850931677019,0.613754346149476,0.019787783194723258,0.9802122168052767,0.04797149122807018,18.914473684210527,,,
selectivestream_r01_20261011,pooled_snapshot,55,entropy,0.1,0,1,0cdab6e03dc4cd9f3be812ea21a4f06643a75f393520bf5a32132308fe81a6e4,128,3648,0.0581140350877193,0.11520166365149483,180.03250500078138,76.34715700078232,147.54562400003124,420.25566900065314,161,106,3418,69,55,0.5713463657585783,0.9160136941648394,0.6309523809523809,0.6057142857142858,0.6583850931677019,0.613754346149476,0.019787783194723258,0.9802122168052767,0.04797149122807018,18.914473684210527,,,
selectivestream_r01_20261011,pooled_snapshot,55,entropy,0.1,0,2,0cdab6e03dc4cd9f3be812ea21a4f06643a75f393520bf5a32132308fe81a6e4,128,3648,0.0581140350877193,0.10851895531765533,170.9125740003401,80.22934200016607,127.98810399954164,395.87714899880666,161,106,3418,69,55,0.5717009503710339,0.9160136941648394,0.6309523809523809,0.6057142857142858,0.6583850931677019,0.613754346149476,0.019787783194723258,0.9802122168052767,0.04797149122807018,18.914473684210527,,,
selectivestream_r01_20261011,pooled_snapshot,55,entropy,0.25,0,0,a5b02ec324c6a51f02e20fcfc11ea3907b4da4b51f0ddf96f05b6b8841454446,128,3648,0.17324561403508773,0.15111997697384563,171.27577300016128,210.53419899908477,153.15363500121748,551.2856760005889,161,106,3418,69,55,0.5799135995895895,0.9216495341169597,0.6309523809523809,0.6057142857142858,0.6583850931677019,0.613754346149476,0.019787783194723258,0.9802122168052767,0.04797149122807018,18.914473684210527,,,
selectivestream_r01_20261011,pooled_snapshot,55,entropy,0.25,0,1,a5b02ec324c6a51f02e20fcfc11ea3907b4da4b51f0ddf96f05b6b8841454446,128,3648,0.17324561403508773,0.15321479879354297,177.66396599927248,212.58542599889552,152.53259900055127,558.9275859988447,161,106,3418,69,55,0.5802997224181677,0.9216495341169598,0.6309523809523809,0.6057142857142858,0.6583850931677019,0.613754346149476,0.019787783194723258,0.9802122168052767,0.04797149122807018,18.914473684210527,,,
selectivestream_r01_20261011,pooled_snapshot,55,entropy,0.25,0,2,a5b02ec324c6a51f02e20fcfc11ea3907b4da4b51f0ddf96f05b6b8841454446,128,3648,0.17324561403508773,0.1498098813049372,171.50830499895164,207.7019240005029,150.86405699912575,546.5064470004108,161,106,3418,69,55,0.5795939064949605,0.9216495341169595,0.6309523809523809,0.6057142857142858,0.6583850931677019,0.613754346149476,0.019787783194723258,0.9802122168052767,0.04797149122807018,18.914473684210527,,,
selectivestream_r01_20261011,pooled_snapshot,55,entropy,0.5,0,0,7665edf0be53d970b49d66c04dc6f2f3260dd4b12cb4080ded6b4b2a67007e23,128,3648,0.4819078947368421,0.2590684646380344,178.1678610009294,557.1555960004844,193.32571799986908,945.0817589995495,161,106,3417,70,55,0.5809329447579046,0.9105916028834695,0.629080118694362,0.6022727272727273,0.6583850931677019,0.6118214920355959,0.02007456266131345,0.9799254373386865,0.04824561403508772,19.18859649122807,,,
selectivestream_r01_20261011,pooled_snapshot,55,entropy,0.5,0,1,7665edf0be53d970b49d66c04dc6f2f3260dd4b12cb4080ded6b4b2a67007e23,128,3648,0.4819078947368421,0.25954588322400896,184.97801400053504,546.4375969982029,199.22044999975697,946.8233820011847,161,106,3417,70,55,0.5809329447579046,0.9105916028834695,0.629080118694362,0.6022727272727273,0.6583850931677019,0.6118214920355959,0.02007456266131345,0.9799254373386865,0.04824561403508772,19.18859649122807,,,
selectivestream_r01_20261011,pooled_snapshot,55,entropy,0.5,0,2,7665edf0be53d970b49d66c04dc6f2f3260dd4b12cb4080ded6b4b2a67007e23,128,3648,0.4819078947368421,0.2518913848683674,172.49804900075105,542.8300239996133,187.08137000112401,918.8997719998042,161,106,3417,70,55,0.5801516098972859,0.9105916028834695,0.629080118694362,0.6022727272727273,0.6583850931677019,0.6118214920355959,0.02007456266131345,0.9799254373386865,0.04824561403508772,19.18859649122807,,,
selectivestream_r01_20261011,pooled_snapshot,55,entropy,0.75,0,0,7fa9d5e50219728e0e155de6dcb46a03457c62d662497995f94896c4f12aaec0,128,3648,0.7864583333333334,0.3475782417762038,174.13798199959274,870.7388580000952,206.94515100012723,1267.9654259995914,161,106,3417,70,55,0.5780703050585034,0.9129303695892641,0.629080118694362,0.6022727272727273,0.6583850931677019,0.6118214920355959,0.02007456266131345,0.9799254373386865,0.04824561403508772,19.18859649122807,,,
selectivestream_r01_20261011,pooled_snapshot,55,entropy,0.75,0,1,7fa9d5e50219728e0e155de6dcb46a03457c62d662497995f94896c4f12aaec0,128,3648,0.7864583333333334,0.3609230298800432,182.64052700169486,893.9398460015582,223.7457840001298,1316.6472130023976,161,106,3417,70,55,0.5784244512936565,0.9129303695892641,0.629080118694362,0.6022727272727273,0.6583850931677019,0.6118214920355959,0.02007456266131345,0.9799254373386865,0.04824561403508772,19.18859649122807,,,
selectivestream_r01_20261011,pooled_snapshot,55,entropy,0.75,0,2,7fa9d5e50219728e0e155de6dcb46a03457c62d662497995f94896c4f12aaec0,128,3648,0.7864583333333334,0.3566319078949844,182.15074300132983,881.4412089986945,220.79053700099394,1300.993200000903,161,106,3417,70,55,0.5784275801560601,0.9129321508281869,0.629080118694362,0.6022727272727273,0.6583850931677019,0.6118214920355959,0.02007456266131345,0.9799254373386865,0.04824561403508772,19.18859649122807,,,
selectivestream_r01_20261011,pooled_snapshot,55,entropy,1.0,0,0,fcfb7076a6f4f6a01dc2f1e699fc0dc12298a56cf930127e3508e7b8c0222e7d,128,3648,1.0,0.4228302527419022,180.9963130012875,1112.6926080014528,232.8593259999252,1542.4847620024593,161,106,3417,70,55,0.5845275236375727,0.914230674002996,0.629080118694362,0.6022727272727273,0.6583850931677019,0.6118214920355959,0.02007456266131345,0.9799254373386865,0.04824561403508772,19.18859649122807,,,
selectivestream_r01_20261011,pooled_snapshot,55,entropy,1.0,0,1,fcfb7076a6f4f6a01dc2f1e699fc0dc12298a56cf930127e3508e7b8c0222e7d,128,3648,1.0,0.4170265142546152,183.15834400164022,1086.9256030014185,235.00306700134388,1521.3127240008362,161,106,3417,70,55,0.584065881871583,0.9142306740029961,0.629080118694362,0.6022727272727273,0.6583850931677019,0.6118214920355959,0.02007456266131345,0.9799254373386865,0.04824561403508772,19.18859649122807,,,
selectivestream_r01_20261011,pooled_snapshot,55,entropy,1.0,0,2,fcfb7076a6f4f6a01dc2f1e699fc0dc12298a56cf930127e3508e7b8c0222e7d,128,3648,1.0,0.4207572587722353,177.49581500038403,1110.6330039997374,230.45802900105627,1534.9224800011143,161,106,3417,70,55,0.5848472167322017,0.9142306740029961,0.629080118694362,0.6022727272727273,0.6583850931677019,0.6118214920355959,0.02007456266131345,0.9799254373386865,0.04824561403508772,19.18859649122807,,,
selectivestream_r01_20261011,pooled_snapshot,55,random,0.0,0,0,2b5db6ba56d938096c498d0b512080fd0abc52b1478a20a87b72915e1ef32c9c,128,3648,0.0,0.04555635142529063,162.4008730004789,0.18155200086766854,0.07386800098174717,166.18956999946022,161,75,3450,37,86,0.5613549549159867,0.9193927044016196,0.5494505494505495,0.6696428571428571,0.4658385093167702,0.5420039144551302,0.01061084026383711,0.9893891597361629,0.03070175438596491,10.142543859649123,,,
selectivestream_r01_20261011,pooled_snapshot,55,random,0.0,0,1,2b5db6ba56d938096c498d0b512080fd0abc52b1478a20a87b72915e1ef32c9c,128,3648,0.0,0.0497257955043607,177.83640700008618,0.1879640003608074,0.0683979988025385,181.39970199990785,161,75,3450,37,86,0.5608919992357245,0.9193927044016196,0.5494505494505495,0.6696428571428571,0.4658385093167702,0.5420039144551302,0.01061084026383711,0.9893891597361629,0.03070175438596491,10.142543859649123,,,
selectivestream_r01_20261011,pooled_snapshot,55,random,0.0,0,2,2b5db6ba56d938096c498d0b512080fd0abc52b1478a20a87b72915e1ef32c9c,128,3648,0.0,0.04903236869524152,175.11232700098844,0.18172599993704353,0.07179999965956085,178.87008100024104,161,75,3450,37,86,0.5618879660489612,0.9193927044016196,0.5494505494505495,0.6696428571428571,0.4658385093167702,0.5420039144551302,0.01061084026383711,0.9893891597361629,0.03070175438596491,10.142543859649123,,,
selectivestream_r01_20261011,pooled_snapshot,55,random,0.1,0,0,5295aa2e4b934dadba9c8c5bef47a2eb2e7e6e584f2978a7b74ad1e67e546f18,128,3648,0.109375,0.12638743229125907,173.4629100001257,135.80519999868557,148.26098099865703,461.06135299851303,161,98,3426,61,63,0.561683717032383,0.913595662326975,0.6125,0.6163522012578616,0.6086956521739131,0.5947382030358367,0.01749354746200172,0.9825064525379983,0.04358552631578947,16.721491228070175,,,
selectivestream_r01_20261011,pooled_snapshot,55,random,0.1,0,1,5295aa2e4b934dadba9c8c5bef47a2eb2e7e6e584f2978a7b74ad1e67e546f18,128,3648,0.109375,0.12116384621675666,165.410687000076,133.17431099949317,139.7962969999753,442.0057109987283,161,98,3426,61,63,0.5618135681443067,0.9135956623269751,0.6125,0.6163522012578616,0.6086956521739131,0.5947382030358367,0.01749354746200172,0.9825064525379983,0.04358552631578947,16.721491228070175,,,
selectivestream_r01_20261011,pooled_snapshot,55,random,0.1,0,2,5295aa2e4b934dadba9c8c5bef47a2eb2e7e6e584f2978a7b74ad1e67e546f18,128,3648,0.109375,0.12059413486846843,169.24336599868184,137.22399100015537,129.92873200028043,439.9274040001728,161,98,3426,61,63,0.56151977185565,0.913595662326975,0.6125,0.6163522012578616,0.6086956521739131,0.5947382030358367,0.01749354746200172,0.9825064525379983,0.04358552631578947,16.721491228070175,,,
selectivestream_r01_20261011,pooled_snapshot,55,random,0.25,0,0,0894ecc682d8542bc48f6e2e58dee75acebf8205d332a0eb8f36ad0c52707731,128,3648,0.2576754385964912,0.17634980290587396,178.8565900010326,299.4085569998788,161.36344300093697,643.3240810006282,161,95,3428,59,66,0.5580170774213324,0.913526194008981,0.6031746031746031,0.6168831168831169,0.5900621118012422,0.5854360059072244,0.016919988528821338,0.9830800114711786,0.042214912280701754,16.17324561403509,,,
selectivestream_r01_20261011,pooled_snapshot,55,random,0.25,0,1,0894ecc682d8542bc48f6e2e58dee75acebf8205d332a0eb8f36ad0c52707731,128,3648,0.2576754385964912,0.17247087171019876,179.29653700093695,296.475458999339,149.82691399882242,629.1737399988051,161,95,3428,59,66,0.5590882049505724,0.9135261940089809,0.6031746031746031,0.6168831168831169,0.5900621118012422,0.5854360059072244,0.016919988528821338,0.9830800114711786,0.042214912280701754,16.17324561403509,,,
selectivestream_r01_20261011,pooled_snapshot,55,random,0.25,0,2,0894ecc682d8542bc48f6e2e58dee75acebf8205d332a0eb8f36ad0c52707731,128,3648,0.2576754385964912,0.17239465953946465,172.20838000002914,297.1030540006723,156.02770600116855,628.895717999967,161,95,3428,59,66,0.5578426186174993,0.913526194008981,0.6031746031746031,0.6168831168831169,0.5900621118012422,0.5854360059072244,0.016919988528821338,0.9830800114711786,0.042214912280701754,16.17324561403509,,,
selectivestream_r01_20261011,pooled_snapshot,55,random,0.5,0,0,4af58940d98a62ce959b600aec7874cddc94194f6433d03729da94cc20e48efe,128,3648,0.5063048245614035,0.25464540899153726,173.97576400162507,562.1348389990999,189.20652200040422,928.9464520011279,161,99,3415,72,62,0.561937054448283,0.9138806605546422,0.5963855421686747,0.5789473684210527,0.6149068322981367,0.5774495769957947,0.020648121594493835,0.9793518784055062,0.046875,19.736842105263158,,,
selectivestream_r01_20261011,pooled_snapshot,55,random,0.5,0,1,4af58940d98a62ce959b600aec7874cddc94194f6433d03729da94cc20e48efe,128,3648,0.5063048245614035,0.2527735740127774,175.5317689999174,563.8111520006532,179.10853199919075,922.1179979986118,161,99,3415,72,62,0.561937054448283,0.9138806605546422,0.5963855421686747,0.5789473684210527,0.6149068322981367,0.5774495769957947,0.020648121594493835,0.9793518784055062,0.046875,19.736842105263158,,,
selectivestream_r01_20261011,pooled_snapshot,55,random,0.5,0,2,4af58940d98a62ce959b600aec7874cddc94194f6433d03729da94cc20e48efe,128,3648,0.5063048245614035,0.2571963527960482,175.6579460015928,572.4545280008897,186.55630700004622,938.2522949999839,161,99,3415,72,62,0.5626444604449092,0.9138806605546423,0.5963855421686747,0.5789473684210527,0.6149068322981367,0.5774495769957947,0.020648121594493835,0.9793518784055062,0.046875,19.736842105263158,,,
selectivestream_r01_20261011,pooled_snapshot,55,random,0.75,0,0,64d5ec9c649b7508fa107ac62cae03957c8132792f7adeeb0cc8971331d8a930,128,3648,0.7623355263157895,0.3317266628286575,175.08006200023374,830.9333919987694,200.49308200077576,1210.1388659989425,161,99,3417,70,62,0.5926812940523123,0.9173709982241048,0.6,0.5857988165680473,0.6149068322981367,0.5812498662691302,0.02007456266131345,0.9799254373386865,0.04632675438596491,19.18859649122807,,,
selectivestream_r01_20261011,pooled_snapshot,55,random,0.75,0,1,64d5ec9c649b7508fa107ac62cae03957c8132792f7adeeb0cc8971331d8a930,128,3648,0.7623355263157895,0.33903081633730225,180.0709909989564,846.6015319977487,206.47552799891855,1236.7844179984786,161,99,3417,70,62,0.5930978123876286,0.9173709982241048,0.6,0.5857988165680473,0.6149068322981367,0.5812498662691302,0.02007456266131345,0.9799254373386865,0.04632675438596491,19.18859649122807,,,
selectivestream_r01_20261011,pooled_snapshot,55,random,0.75,0,2,64d5ec9c649b7508fa107ac62cae03957c8132792f7adeeb0cc8971331d8a930,128,3648,0.7623355263157895,0.3305535394739416,175.21868999938306,830.4162250005902,196.5612240005612,1205.859312000939,161,99,3417,70,62,0.5934308553037917,0.9173709982241047,0.6,0.5857988165680473,0.6149068322981367,0.5812498662691302,0.02007456266131345,0.9799254373386865,0.04632675438596491,19.18859649122807,,,
selectivestream_r01_20261011,pooled_snapshot,55,random,1.0,0,0,683b375bdf50a86b9382254265496304fa58e5ff230d44696eb8d68f583d616a,128,3648,1.0,0.42415482127192683,162.36648600033732,1188.6453629999778,192.52204699978392,1547.3167879999892,161,106,3417,70,55,0.5856921199108646,0.9142306740029961,0.629080118694362,0.6022727272727273,0.6583850931677019,0.6118214920355959,0.02007456266131345,0.9799254373386865,0.04824561403508772,19.18859649122807,,,
selectivestream_r01_20261011,pooled_snapshot,55,random,1.0,0,1,683b375bdf50a86b9382254265496304fa58e5ff230d44696eb8d68f583d616a,128,3648,1.0,0.416513205866228,185.0676920003025,1110.5713120014116,219.9970680003389,1519.4401749999997,161,106,3417,70,55,0.5845275236375727,0.9142306740029961,0.629080118694362,0.6022727272727273,0.6583850931677019,0.6118214920355959,0.02007456266131345,0.9799254373386865,0.04824561403508772,19.18859649122807,,,
selectivestream_r01_20261011,pooled_snapshot,55,random,1.0,0,2,683b375bdf50a86b9382254265496304fa58e5ff230d44696eb8d68f583d616a,128,3648,1.0,0.41500685169949203,180.0420990002749,1109.559983998679,220.5773549994774,1513.944994999747,161,106,3417,70,55,0.58426872446573,0.914230674002996,0.629080118694362,0.6022727272727273,0.6583850931677019,0.6118214920355959,0.02007456266131345,0.9799254373386865,0.04824561403508772,19.18859649122807,,,
selectivestream_r01_20261011,pooled_snapshot,55,random,0.0,1,0,c1319d33b9c3e7180e3bdf5d9847379b7ed973fcc202b54969692a0f0e656e6b,128,3648,0.0,0.04541532373867029,161.94161899784376,0.17444500008423347,0.07530000038968865,165.67510099866922,161,75,3450,37,86,0.5613549549159867,0.9193927044016196,0.5494505494505495,0.6696428571428571,0.4658385093167702,0.5420039144551302,0.01061084026383711,0.9893891597361629,0.03070175438596491,10.142543859649123,,,
selectivestream_r01_20261011,pooled_snapshot,55,random,0.0,1,1,c1319d33b9c3e7180e3bdf5d9847379b7ed973fcc202b54969692a0f0e656e6b,128,3648,0.0,0.047957047697834015,171.18849500002398,0.17841500039139646,0.07055700098135276,174.9473100016985,161,75,3450,37,86,0.5601624728328026,0.9193927044016196,0.5494505494505495,0.6696428571428571,0.4658385093167702,0.5420039144551302,0.01061084026383711,0.9893891597361629,0.03070175438596491,10.142543859649123,,,
selectivestream_r01_20261011,pooled_snapshot,55,random,0.0,1,2,c1319d33b9c3e7180e3bdf5d9847379b7ed973fcc202b54969692a0f0e656e6b,128,3648,0.0,0.04586846080014227,163.69906699947023,0.2227170002697676,0.07076200017763767,167.32814499891902,161,75,3450,37,86,0.5613549549159867,0.9193927044016196,0.5494505494505495,0.6696428571428571,0.4658385093167702,0.5420039144551302,0.01061084026383711,0.9893891597361629,0.03070175438596491,10.142543859649123,,,
selectivestream_r01_20261011,pooled_snapshot,55,random,0.1,1,0,9e64b20ab5785c3fb7ef9b4b3a60ed98681ef343a153490ac15e137afaa2c1ab,128,3648,0.09978070175438597,0.11526312554877406,164.942105001046,124.688215000333,127.25527700104067,420.47988200192776,161,100,3420,67,61,0.5685169448188054,0.9221669840240682,0.6097560975609756,0.5988023952095808,0.6211180124223602,0.5915013512849743,0.019214224261542873,0.9807857757384572,0.04577850877192982,18.36622807017544,,,
selectivestream_r01_20261011,pooled_snapshot,55,random,0.1,1,1,9e64b20ab5785c3fb7ef9b4b3a60ed98681ef343a153490ac15e137afaa2c1ab,128,3648,0.09978070175438597,0.11748377357478328,171.21712399875832,125.73591900127212,128.0188059995453,428.5808060008094,161,100,3420,67,61,0.5685169448188054,0.9221669840240682,0.6097560975609756,0.5988023952095808,0.6211180124223602,0.5915013512849743,0.019214224261542873,0.9807857757384572,0.04577850877192982,18.36622807017544,,,
selectivestream_r01_20261011,pooled_snapshot,55,random,0.1,1,2,9e64b20ab5785c3fb7ef9b4b3a60ed98681ef343a153490ac15e137afaa2c1ab,128,3648,0.09978070175438597,0.11460495668882331,162.4722289998317,124.17952199848514,127.69474600008834,418.07888200082743,161,100,3420,67,61,0.5681369663248885,0.9221669840240682,0.6097560975609756,0.5988023952095808,0.6211180124223602,0.5915013512849743,0.019214224261542873,0.9807857757384572,0.04577850877192982,18.36622807017544,,,
selectivestream_r01_20261011,pooled_snapshot,55,random,0.25,1,0,5e932fb3d68bd559428d5fa5532e9b0d34ad2f84d18891b5519653039eccc43d,128,3648,0.24369517543859648,0.173778529330841,187.51687099984338,280.50632499980566,162.39566100057345,633.944074998908,161,83,3442,45,78,0.5731234221540856,0.9238181925056153,0.5743944636678201,0.6484375,0.515527950310559,0.5610542345425014,0.012905075996558647,0.9870949240034413,0.03508771929824561,12.335526315789474,,,
selectivestream_r01_20261011,pooled_snapshot,55,random,0.25,1,1,5e932fb3d68bd559428d5fa5532e9b0d34ad2f84d18891b5519653039eccc43d,128,3648,0.24369517543859648,0.16907447752164703,174.1317540008822,281.76376900137257,157.3031049997553,616.7836939989684,161,83,3442,45,78,0.5720463899855929,0.9238181925056154,0.5743944636678201,0.6484375,0.515527950310559,0.5610542345425014,0.012905075996558647,0.9870949240034413,0.03508771929824561,12.335526315789474,,,
selectivestream_r01_20261011,pooled_snapshot,55,random,0.25,1,2,5e932fb3d68bd559428d5fa5532e9b0d34ad2f84d18891b5519653039eccc43d,128,3648,0.24369517543859648,0.1691105729166085,176.02935700006128,277.8144680009973,159.46335500166242,616.9153699997878,161,83,3442,45,78,0.5728240661312566,0.9238181925056154,0.5743944636678201,0.6484375,0.515527950310559,0.5610542345425014,0.012905075996558647,0.9870949240034413,0.03508771929824561,12.335526315789474,,,
selectivestream_r01_20261011,pooled_snapshot,55,random,0.5,1,0,45134a1f3ef41fcc03487624dc46470ba4d378d948566af3e2c5775d02213d54,128,3648,0.48327850877192985,0.24862093475893457,173.5177899995506,544.1655119993811,185.54643099696477,906.9691700005933,161,96,3425,62,65,0.5752501357202878,0.9187122711330639,0.6018808777429467,0.6075949367088608,0.5962732919254659,0.5837081224185172,0.017780326928591914,0.9822196730714081,0.04331140350877193,16.99561403508772,,,
selectivestream_r01_20261011,pooled_snapshot,55,random,0.5,1,1,45134a1f3ef41fcc03487624dc46470ba4d378d948566af3e2c5775d02213d54,128,3648,0.48327850877192985,0.24718982291709948,175.07641100064575,540.2748010010328,182.61774200072978,901.7484740015789,161,96,3425,62,65,0.5750884277485252,0.918712271133064,0.6018808777429467,0.6075949367088608,0.5962732919254659,0.5837081224185172,0.017780326928591914,0.9822196730714081,0.04331140350877193,16.99561403508772,,,
selectivestream_r01_20261011,pooled_snapshot,55,random,0.5,1,2,45134a1f3ef41fcc03487624dc46470ba4d378d948566af3e2c5775d02213d54,128,3648,0.48327850877192985,0.2528356790019677,178.8050769991969,550.1253349984836,189.5997219999117,922.3445569991782,161,96,3425,62,65,0.575119172792058,0.918712271133064,0.6018808777429467,0.6075949367088608,0.5962732919254659,0.5837081224185172,0.017780326928591914,0.9822196730714081,0.04331140350877193,16.99561403508772,,,
selectivestream_r01_20261011,pooled_snapshot,55,random,0.75,1,0,311131194d14fe7d718ee0c4967f0b9ba26db8fb9bb3efcb7593739f56b7e30c,128,3648,0.746984649122807,0.3338768612938462,177.91008399944985,831.8424580002102,204.578699999729,1217.982789999951,161,105,3413,74,56,0.5730806747692831,0.9110351313752768,0.6176470588235294,0.5865921787709497,0.6521739130434783,0.599938492737798,0.02122168052767422,0.9787783194723257,0.04906798245614035,20.285087719298247,,,
selectivestream_r01_20261011,pooled_snapshot,55,random,0.75,1,1,311131194d14fe7d718ee0c4967f0b9ba26db8fb9bb3efcb7593739f56b7e30c,128,3648,0.746984649122807,0.33523088377201676,174.44629399915357,840.6781290004801,204.08276499983913,1222.9222640003172,161,105,3413,74,56,0.5727667151933579,0.9110351313752767,0.6176470588235294,0.5865921787709497,0.6521739130434783,0.599938492737798,0.02122168052767422,0.9787783194723257,0.04906798245614035,20.285087719298247,,,
selectivestream_r01_20261011,pooled_snapshot,55,random,0.75,1,2,311131194d14fe7d718ee0c4967f0b9ba26db8fb9bb3efcb7593739f56b7e30c,128,3648,0.746984649122807,0.3272662294406814,179.16321599795992,810.4158189998998,200.6833639998149,1193.8672049996057,161,105,3413,74,56,0.571818357207906,0.9110351313752767,0.6176470588235294,0.5865921787709497,0.6521739130434783,0.599938492737798,0.02122168052767422,0.9787783194723257,0.04906798245614035,20.285087719298247,,,
selectivestream_r01_20261011,pooled_snapshot,55,random,1.0,1,0,48ee40699019ff96b57ea496e2f338781cf5beeaee005df24b2c27649de32ae3,128,3648,1.0,0.4111294418861352,175.6830459999037,1105.049472999326,215.40677100119865,1499.8002040006213,161,106,3417,70,55,0.584065881871583,0.9142306740029961,0.629080118694362,0.6022727272727273,0.6583850931677019,0.6118214920355959,0.02007456266131345,0.9799254373386865,0.04824561403508772,19.18859649122807,,,
selectivestream_r01_20261011,pooled_snapshot,55,random,1.0,1,1,48ee40699019ff96b57ea496e2f338781cf5beeaee005df24b2c27649de32ae3,128,3648,1.0,0.40897052083310154,181.37757599924953,1090.8896829996593,215.71193000090716,1491.9244599991544,161,106,3417,70,55,0.5845306524999763,0.9142324552419189,0.629080118694362,0.6022727272727273,0.6583850931677019,0.6118214920355959,0.02007456266131345,0.9799254373386865,0.04824561403508772,19.18859649122807,,,
selectivestream_r01_20261011,pooled_snapshot,55,random,1.0,1,2,48ee40699019ff96b57ea496e2f338781cf5beeaee005df24b2c27649de32ae3,128,3648,1.0,0.4161354665568913,184.95817000030002,1109.0236340014599,220.41121900065264,1518.0621819995395,161,106,3417,70,55,0.5845275236375727,0.914230674002996,0.629080118694362,0.6022727272727273,0.6583850931677019,0.6118214920355959,0.02007456266131345,0.9799254373386865,0.04824561403508772,19.18859649122807,,,
selectivestream_r01_20261011,pooled_snapshot,55,random,0.0,2,0,957bbfdcee66c941cee3b90fc0bfdc6db14c869a1b5ac37dff4f7fb0d15520ef,128,3648,0.0,0.04717251699553683,168.41401599958772,0.17638400095165707,0.0684639994688041,172.08534199971837,161,75,3450,37,86,0.5604955962355386,0.9193927044016196,0.5494505494505495,0.6696428571428571,0.4658385093167702,0.5420039144551302,0.01061084026383711,0.9893891597361629,0.03070175438596491,10.142543859649123,,,
selectivestream_r01_20261011,pooled_snapshot,55,random,0.0,2,1,957bbfdcee66c941cee3b90fc0bfdc6db14c869a1b5ac37dff4f7fb0d15520ef,128,3648,0.0,0.04654481551475535,166.0690099997737,0.181364999662037,0.07054400066408562,169.79548699782754,161,75,3450,37,86,0.5598895671115105,0.9193927044016194,0.5494505494505495,0.6696428571428571,0.4658385093167702,0.5420039144551302,0.01061084026383711,0.9893891597361629,0.03070175438596491,10.142543859649123,,,
selectivestream_r01_20261011,pooled_snapshot,55,random,0.0,2,2,957bbfdcee66c941cee3b90fc0bfdc6db14c869a1b5ac37dff4f7fb0d15520ef,128,3648,0.0,0.04255919078918611,151.68322299996362,0.16653300008329097,0.06761600025129155,155.25592799895094,161,75,3450,37,86,0.5604955962355386,0.9193927044016196,0.5494505494505495,0.6696428571428571,0.4658385093167702,0.5420039144551302,0.01061084026383711,0.9893891597361629,0.03070175438596491,10.142543859649123,,,
selectivestream_r01_20261011,pooled_snapshot,55,random,0.1,2,0,49a49a0346bab75c166e791450ce759b556b91ebd3e2c9c28b54dc9b440c497e,128,3648,0.10800438596491228,0.1183200559211422,162.84302600115552,134.5194649993573,130.75574999993478,431.63156400032676,161,60,3465,22,101,0.5707329212241239,0.9205335879317501,0.49382716049382713,0.7317073170731707,0.37267080745341613,0.507634737534615,0.006309148264984227,0.9936908517350158,0.022478070175438597,6.030701754385965,,,
selectivestream_r01_20261011,pooled_snapshot,55,random,0.1,2,1,49a49a0346bab75c166e791450ce759b556b91ebd3e2c9c28b54dc9b440c497e,128,3648,0.10800438596491228,0.11992718503288295,169.11171299943817,132.20268800023405,132.70244900104444,437.494370999957,161,60,3465,22,101,0.5700892382643434,0.9205335879317501,0.49382716049382713,0.7317073170731707,0.37267080745341613,0.507634737534615,0.006309148264984227,0.9936908517350158,0.022478070175438597,6.030701754385965,,,
selectivestream_r01_20261011,pooled_snapshot,55,random,0.1,2,2,49a49a0346bab75c166e791450ce759b556b91ebd3e2c9c28b54dc9b440c497e,128,3648,0.10800438596491228,0.11353382922127446,157.44775900066088,131.48585700037074,121.78015899962702,414.17140899920923,161,60,3465,22,101,0.5699546306455523,0.9205335879317501,0.49382716049382713,0.7317073170731707,0.37267080745341613,0.507634737534615,0.006309148264984227,0.9936908517350158,0.022478070175438597,6.030701754385965,,,
selectivestream_r01_20261011,pooled_snapshot,55,random,0.25,2,0,535fdaa52f1340eb0a413693af3dd7b2b19bda4f868be84cc18d5376a2ef9899,128,3648,0.2617872807017544,0.17928073930917526,185.87207299970032,301.47509499875014,162.9822799991416,654.0161369998714,161,70,3455,32,91,0.5729098360588708,0.9131717274633199,0.532319391634981,0.6862745098039216,0.43478260869565216,0.5302453405981757,0.009176942930886148,0.9908230570691139,0.027960526315789474,8.771929824561404,,,
selectivestream_r01_20261011,pooled_snapshot,55,random,0.25,2,1,535fdaa52f1340eb0a413693af3dd7b2b19bda4f868be84cc18d5376a2ef9899,128,3648,0.2617872807017544,0.18572153591004567,187.57966499833856,307.0903709990489,179.00138400091237,677.5121629998466,161,70,3455,32,91,0.5721176804050473,0.91317172746332,0.532319391634981,0.6862745098039216,0.43478260869565216,0.5302453405981757,0.009176942930886148,0.9908230570691139,0.027960526315789474,8.771929824561404,,,
selectivestream_r01_20261011,pooled_snapshot,55,random,0.25,2,2,535fdaa52f1340eb0a413693af3dd7b2b19bda4f868be84cc18d5376a2ef9899,128,3648,0.2617872807017544,0.17555766611808435,174.6540730000561,301.4998929993453,160.74715400100104,640.4343659987717,161,70,3455,32,91,0.5731937782736379,0.9131717274633199,0.532319391634981,0.6862745098039216,0.43478260869565216,0.5302453405981757,0.009176942930886148,0.9908230570691139,0.027960526315789474,8.771929824561404,,,
selectivestream_r01_20261011,pooled_snapshot,55,random,0.5,2,0,ea4cdd024d0d6deccece56cd3e8ca027890cebf4d959a2915e7f0455ecb45cf1,128,3648,0.5117872807017544,0.26445406167690017,181.69838099993285,575.6020720014021,203.6592159997781,964.7284169973318,161,57,3468,19,104,0.5664555858723128,0.9079696191889307,0.4810126582278481,0.75,0.35403726708074534,0.5012904057739894,0.0054488098652136505,0.9945511901347863,0.020833333333333332,5.208333333333333,,,
selectivestream_r01_20261011,pooled_snapshot,55,random,0.5,2,1,ea4cdd024d0d6deccece56cd3e8ca027890cebf4d959a2915e7f0455ecb45cf1,128,3648,0.5117872807017544,0.26334410334415354,184.1018209993308,569.7472569972888,203.23223600007623,960.6792889994722,161,57,3468,19,104,0.5652634883533165,0.9079696191889307,0.4810126582278481,0.75,0.35403726708074534,0.5012904057739894,0.0054488098652136505,0.9945511901347863,0.020833333333333332,5.208333333333333,,,
selectivestream_r01_20261011,pooled_snapshot,55,random,0.5,2,2,ea4cdd024d0d6deccece56cd3e8ca027890cebf4d959a2915e7f0455ecb45cf1,128,3648,0.5117872807017544,0.2634274300987727,181.47331900172503,579.2460180005037,196.48136700106988,960.9832650003227,161,57,3468,19,104,0.5658126281817892,0.9079696191889307,0.4810126582278481,0.75,0.35403726708074534,0.5012904057739894,0.0054488098652136505,0.9945511901347863,0.020833333333333332,5.208333333333333,,,
selectivestream_r01_20261011,pooled_snapshot,55,random,0.75,2,0,8b2db8f49fa747798ce31b1d8d470a2fa71d1ea9599b829ceb92d2f9b2168f7f,128,3648,0.7541118421052632,0.33575463377189363,159.89835500067784,880.561003999901,180.5122029991253,1224.832903999868,161,105,3413,74,56,0.5814824115522653,0.9065410655727484,0.6176470588235294,0.5865921787709497,0.6521739130434783,0.599938492737798,0.02122168052767422,0.9787783194723257,0.04906798245614035,20.285087719298247,,,
selectivestream_r01_20261011,pooled_snapshot,55,random,0.75,2,1,8b2db8f49fa747798ce31b1d8d470a2fa71d1ea9599b829ceb92d2f9b2168f7f,128,3648,0.7541118421052632,0.34387992050448857,178.5663410014422,873.2466249989557,198.88427099840555,1254.4739500003743,161,105,3413,74,56,0.5817841833118553,0.9065392843338256,0.6176470588235294,0.5865921787709497,0.6521739130434783,0.599938492737798,0.02122168052767422,0.9787783194723257,0.04906798245614035,20.285087719298247,,,
selectivestream_r01_20261011,pooled_snapshot,55,random,0.75,2,2,8b2db8f49fa747798ce31b1d8d470a2fa71d1ea9599b829ceb92d2f9b2168f7f,128,3648,0.7541118421052632,0.33628917653497603,183.6793339994074,826.7700630003674,212.57816699971954,1226.7829159995927,161,105,3413,74,56,0.5815366789805295,0.9065392843338255,0.6176470588235294,0.5865921787709497,0.6521739130434783,0.599938492737798,0.02122168052767422,0.9787783194723257,0.04906798245614035,20.285087719298247,,,
selectivestream_r01_20261011,pooled_snapshot,55,random,1.0,2,0,30a017b02a414791388c28d4f8bacff0210ed379ed7464ba9ee6b5510b700c3f,128,3648,1.0,0.42383579605224275,186.4953609992881,1125.307622001401,230.6220690002192,1546.1529839985815,161,106,3417,70,55,0.5856921199108646,0.914230674002996,0.629080118694362,0.6022727272727273,0.6583850931677019,0.6118214920355959,0.02007456266131345,0.9799254373386865,0.04824561403508772,19.18859649122807,,,
selectivestream_r01_20261011,pooled_snapshot,55,random,1.0,2,1,30a017b02a414791388c28d4f8bacff0210ed379ed7464ba9ee6b5510b700c3f,128,3648,1.0,0.4168091302078206,188.9721679995091,1088.2963379990542,239.6042720006335,1520.5197069981295,161,106,3417,70,55,0.5852333395607798,0.9142306740029961,0.629080118694362,0.6022727272727273,0.6583850931677019,0.6118214920355959,0.02007456266131345,0.9799254373386865,0.04824561403508772,19.18859649122807,,,
selectivestream_r01_20261011,pooled_snapshot,55,random,1.0,2,2,30a017b02a414791388c28d4f8bacff0210ed379ed7464ba9ee6b5510b700c3f,128,3648,1.0,0.43334162664483966,189.8012830015432,1161.0139579993302,226.1882300031175,1580.8302540003751,161,106,3417,70,55,0.5852333395607798,0.9142306740029961,0.629080118694362,0.6022727272727273,0.6583850931677019,0.6118214920355959,0.02007456266131345,0.9799254373386865,0.04824561403508772,19.18859649122807,,,
selectivestream_r01_20261011,pooled_snapshot,55,learned_benefit,0.0,0,0,b4f36039b17355c2b5a4bab96255a166124e0d96f8a0c2f146c5994e078fc4fa,128,3648,0.0,0.04645479632714249,157.4994640004661,0.13679000085176085,0.05854200026078615,169.46709700141582,161,75,3450,37,86,0.5608919992357244,0.9193927044016196,0.5494505494505495,0.6696428571428571,0.4658385093167702,0.5420039144551302,0.01061084026383711,0.9893891597361629,0.03070175438596491,10.142543859649123,,,
selectivestream_r01_20261011,pooled_snapshot,55,learned_benefit,0.0,0,1,b4f36039b17355c2b5a4bab96255a166124e0d96f8a0c2f146c5994e078fc4fa,128,3648,0.0,0.05024340350900546,170.24380799921346,0.2268779990117764,0.07349799989242456,183.28793600085191,161,75,3450,37,86,0.5613549549159867,0.9193927044016196,0.5494505494505495,0.6696428571428571,0.4658385093167702,0.5420039144551302,0.01061084026383711,0.9893891597361629,0.03070175438596491,10.142543859649123,,,
selectivestream_r01_20261011,pooled_snapshot,55,learned_benefit,0.0,0,2,b4f36039b17355c2b5a4bab96255a166124e0d96f8a0c2f146c5994e078fc4fa,128,3648,0.0,0.045877375822281886,155.3326019979977,0.1361520007776562,0.0572249987271789,167.36066699968433,161,75,3450,37,86,0.5604955962355386,0.9193927044016196,0.5494505494505495,0.6696428571428571,0.4658385093167702,0.5420039144551302,0.01061084026383711,0.9893891597361629,0.03070175438596491,10.142543859649123,,,
selectivestream_r01_20261011,pooled_snapshot,55,learned_benefit,0.1,0,0,41bd14eb1bcdf970e4a057de46e7fb5e743471f093d343b2c5836385faddcac2,128,3648,0.03782894736842105,0.08692627384863172,157.45194500141224,46.399307998854056,101.94855999998254,317.1070469998085,161,52,3479,8,109,0.5710364253424906,0.9190133005110372,0.47058823529411764,0.8666666666666667,0.32298136645962733,0.5178674338648214,0.002294235732721537,0.9977057642672784,0.01644736842105263,2.192982456140351,,,
selectivestream_r01_20261011,pooled_snapshot,55,learned_benefit,0.1,0,1,41bd14eb1bcdf970e4a057de46e7fb5e743471f093d343b2c5836385faddcac2,128,3648,0.03782894736842105,0.0961150649672255,169.41798700190702,46.73176399955992,122.76909599950159,350.6277570004386,161,52,3479,8,109,0.5718177602031093,0.9190133005110372,0.47058823529411764,0.8666666666666667,0.32298136645962733,0.5178674338648214,0.002294235732721537,0.9977057642672784,0.01644736842105263,2.192982456140351,,,
selectivestream_r01_20261011,pooled_snapshot,55,learned_benefit,0.1,0,2,41bd14eb1bcdf970e4a057de46e7fb5e743471f093d343b2c5836385faddcac2,128,3648,0.03782894736842105,0.1040521666665409,185.78330399896004,49.251134000769525,133.1722479999371,379.5823039995412,161,52,3479,8,109,0.5718177602031093,0.9190133005110372,0.47058823529411764,0.8666666666666667,0.32298136645962733,0.5178674338648214,0.002294235732721537,0.9977057642672784,0.01644736842105263,2.192982456140351,,,
selectivestream_r01_20261011,pooled_snapshot,55,learned_benefit,0.25,0,0,1af0cf16467b7ab68dadbf7ffd89af0c2f1473e0603ffbe7fdf78f2c0faf0198,128,3648,0.1356907894736842,0.12922818887018825,165.45084199742632,168.87145100008638,125.4740719991787,471.4244329984467,161,106,3418,69,55,0.5806356761884781,0.9165925968147884,0.6309523809523809,0.6057142857142858,0.6583850931677019,0.613754346149476,0.019787783194723258,0.9802122168052767,0.04797149122807018,18.914473684210527,,,
selectivestream_r01_20261011,pooled_snapshot,55,learned_benefit,0.25,0,1,1af0cf16467b7ab68dadbf7ffd89af0c2f1473e0603ffbe7fdf78f2c0faf0198,128,3648,0.1356907894736842,0.134846084155377,178.21676199991998,166.02419699847815,136.3549299985607,491.9185149988152,161,106,3418,69,55,0.5803768770166355,0.9165925968147886,0.6309523809523809,0.6057142857142858,0.6583850931677019,0.613754346149476,0.019787783194723258,0.9802122168052767,0.04797149122807018,18.914473684210527,,,
selectivestream_r01_20261011,pooled_snapshot,55,learned_benefit,0.25,0,2,1af0cf16467b7ab68dadbf7ffd89af0c2f1473e0603ffbe7fdf78f2c0faf0198,128,3648,0.1356907894736842,0.1451882623353696,193.82042800043564,165.16217899970798,159.0744220002307,529.6467809994283,161,106,3418,69,55,0.5806356761884782,0.9165925968147886,0.6309523809523809,0.6057142857142858,0.6583850931677019,0.613754346149476,0.019787783194723258,0.9802122168052767,0.04797149122807018,18.914473684210527,,,
selectivestream_r01_20261011,pooled_snapshot,55,learned_benefit,0.5,0,0,9e5d9934693ebc4066c747f4d6f0c0cc03069ba55b29fcbad1751e16029a156b,128,3648,0.4512061403508772,0.2550186260963839,194.88138700080526,527.8698349989099,195.74316199896202,930.3079479996086,161,106,3417,70,55,0.587243922392507,0.911471534911392,0.629080118694362,0.6022727272727273,0.6583850931677019,0.6118214920355959,0.02007456266131345,0.9799254373386865,0.04824561403508772,19.18859649122807,,,
selectivestream_r01_20261011,pooled_snapshot,55,learned_benefit,0.5,0,1,9e5d9934693ebc4066c747f4d6f0c0cc03069ba55b29fcbad1751e16029a156b,128,3648,0.4512061403508772,0.24652584758804982,189.37811300020257,512.5446569982159,185.4163999987577,899.3262920012057,161,106,3417,70,55,0.5869851232206643,0.9114715349113921,0.629080118694362,0.6022727272727273,0.6583850931677019,0.6118214920355959,0.02007456266131345,0.9799254373386865,0.04824561403508772,19.18859649122807,,,
selectivestream_r01_20261011,pooled_snapshot,55,learned_benefit,0.5,0,2,9e5d9934693ebc4066c747f4d6f0c0cc03069ba55b29fcbad1751e16029a156b,128,3648,0.4512061403508772,0.24808827796039068,179.12294899997505,526.5897209997092,187.57298899981834,905.0260379995052,161,106,3417,70,55,0.587243922392507,0.9114715349113921,0.629080118694362,0.6022727272727273,0.6583850931677019,0.6118214920355959,0.02007456266131345,0.9799254373386865,0.04824561403508772,19.18859649122807,,,
selectivestream_r01_20261011,pooled_snapshot,55,learned_benefit,0.75,0,0,64f4a1c51e7cb07423d59df8fd4616a1ecbd04cf8abad70ae5bf21d959052481,128,3648,0.7458881578947368,0.34559939665581496,189.86089899954095,835.2748329994029,222.83383300009518,1260.746599000413,161,106,3417,70,55,0.585921682663576,0.9146261090438842,0.629080118694362,0.6022727272727273,0.6583850931677019,0.6118214920355959,0.02007456266131345,0.9799254373386865,0.04824561403508772,19.18859649122807,,,
selectivestream_r01_20261011,pooled_snapshot,55,learned_benefit,0.75,0,1,64f4a1c51e7cb07423d59df8fd4616a1ecbd04cf8abad70ae5bf21d959052481,128,3648,0.7458881578947368,0.3478971121161453,188.9870410000185,843.8496940002551,224.6203700001388,1269.1286649996982,161,106,3417,70,55,0.585921682663576,0.9146261090438841,0.629080118694362,0.6022727272727273,0.6583850931677019,0.6118214920355959,0.02007456266131345,0.9799254373386865,0.04824561403508772,19.18859649122807,,,
selectivestream_r01_20261011,pooled_snapshot,55,learned_benefit,0.75,0,2,64f4a1c51e7cb07423d59df8fd4616a1ecbd04cf8abad70ae5bf21d959052481,128,3648,0.7458881578947368,0.3484758563595049,190.21896699814533,846.0117620002165,223.1098390011539,1271.2399239994738,161,106,3417,70,55,0.584602921333373,0.9146261090438843,0.629080118694362,0.6022727272727273,0.6583850931677019,0.6118214920355959,0.02007456266131345,0.9799254373386865,0.04824561403508772,19.18859649122807,,,
selectivestream_r01_20261011,pooled_snapshot,55,learned_benefit,1.0,0,0,3d828ce10f30db01f619dbd745f1d5f083c6c37191f8f8f76dbacd324a4d1572,128,3648,1.0,0.4242190482453897,187.1257189991411,1113.1420860001526,235.57778200211033,1547.5510879991816,161,106,3417,70,55,0.5852333395607798,0.914230674002996,0.629080118694362,0.6022727272727273,0.6583850931677019,0.6118214920355959,0.02007456266131345,0.9799254373386865,0.04824561403508772,19.18859649122807,,,
selectivestream_r01_20261011,pooled_snapshot,55,learned_benefit,1.0,0,1,3d828ce10f30db01f619dbd745f1d5f083c6c37191f8f8f76dbacd324a4d1572,128,3648,1.0,0.4147172541120687,184.3419960000574,1082.1610719981436,234.41022599854477,1512.8885430008268,161,106,3417,70,55,0.5839145782305768,0.914230674002996,0.629080118694362,0.6022727272727273,0.6583850931677019,0.6118214920355959,0.02007456266131345,0.9799254373386865,0.04824561403508772,19.18859649122807,,,
selectivestream_r01_20261011,pooled_snapshot,55,learned_benefit,1.0,0,2,3d828ce10f30db01f619dbd745f1d5f083c6c37191f8f8f76dbacd324a4d1572,128,3648,1.0,0.4009888585530637,157.73894900121377,1091.9847019999906,201.29449100068086,1462.8073560015764,161,106,3417,70,55,0.5837321895972756,0.9142306740029961,0.629080118694362,0.6022727272727273,0.6583850931677019,0.6118214920355959,0.02007456266131345,0.9799254373386865,0.04824561403508772,19.18859649122807,,,
