seed,method,repeat,batch_start,N,wall_ms,feature_ms,local_ms,retrieval_ms,head_ms,relational_ms
11,degree_logistic,0,0,128,42.65692700028012,42.22299400043994,0.0,0.0,0.4158300007475191,0.0
11,degree_logistic,0,128,128,3.1403810007759603,3.097546000390139,0.0,0.0,0.03405999996175524,0.0
11,degree_logistic,0,256,128,3.5229499999331892,3.48256599954766,0.0,0.0,0.03114500032097567,0.0
11,degree_logistic,0,384,128,3.283753000687284,3.2549670004300424,0.0,0.0,0.02452199987601489,0.0
11,degree_logistic,0,512,128,3.0098970000835834,2.9841619998478564,0.0,0.0,0.022201999854587484,0.0
11,degree_logistic,0,640,128,2.880886999264476,2.8500099997472716,0.0,0.0,0.02714299989747815,0.0
11,degree_logistic,0,768,128,2.8425800001059542,2.8169870001875097,0.0,0.0,0.02220799979113508,0.0
11,degree_logistic,0,896,128,3.1021760005387478,3.0756450005355873,0.0,0.0,0.022790000002714805,0.0
11,degree_logistic,0,1024,128,3.2382979998146766,3.210439999747905,0.0,0.0,0.02375900021434063,0.0
11,degree_logistic,0,1152,128,3.2143569997060695,3.187897999850975,0.0,0.0,0.022728999283572193,0.0
11,degree_logistic,0,1280,128,3.2480100007887813,3.2223190000877366,0.0,0.0,0.021996000214130618,0.0
11,degree_logistic,0,1408,128,3.1933530008245725,3.1662300007155864,0.0,0.0,0.02363400017202366,0.0
11,degree_logistic,0,1536,128,3.7193520001892466,3.689389000101073,0.0,0.0,0.025096999706875067,0.0
11,degree_logistic,0,1664,128,3.153542000291054,3.12695899992832,0.0,0.0,0.023176000468083657,0.0
11,degree_logistic,0,1792,128,3.1887640006971196,3.1632569998691906,0.0,0.0,0.021890999960305635,0.0
11,degree_logistic,0,1920,128,3.0841779998809216,3.0577080005969037,0.0,0.0,0.023088000489224214,0.0
11,degree_logistic,0,2048,128,3.9700420002191095,3.91925900021306,0.0,0.0,0.0437319995398866,0.0
11,degree_logistic,0,2176,128,3.0849249997118022,3.058866999708698,0.0,0.0,0.022649000129604246,0.0
11,degree_logistic,0,2304,128,2.958820999992895,2.934180999545788,0.0,0.0,0.02146499991795281,0.0
11,degree_logistic,0,2432,128,2.834869000253093,2.8109260001656367,0.0,0.0,0.02092199974867981,0.0
11,degree_logistic,0,2560,128,2.892238999265828,2.867773999241763,0.0,0.0,0.02126100025634514,0.0
11,degree_logistic,0,2688,128,2.8970350003874046,2.8722449997076183,0.0,0.0,0.02139000025636051,0.0
11,degree_logistic,0,2816,128,3.0646000004708185,3.0339810000441503,0.0,0.0,0.02563799989729887,0.0
11,degree_logistic,0,2944,128,2.79177799984609,2.7669769997373805,0.0,0.0,0.021529999685299117,0.0
11,degree_logistic,0,3072,128,2.7426110000305925,2.7195060001758975,0.0,0.0,0.020061000213900115,0.0
11,degree_logistic,0,3200,128,2.711387000090326,2.6886020004894817,0.0,0.0,0.01971500023500994,0.0
11,degree_logistic,0,3328,128,2.8510809997897013,2.826916999765672,0.0,0.0,0.021145000573596917,0.0
11,degree_logistic,0,3456,128,2.887553999244119,2.8642170000239275,0.0,0.0,0.020325999685155693,0.0
11,degree_logistic,0,3584,64,1.486924999881012,1.4641190000475035,0.0,0.0,0.019706000784935895,0.0
11,degree_logistic,1,0,128,3.251662999900873,3.196066999407776,0.0,0.0,0.049885999942489434,0.0
11,degree_logistic,1,128,128,3.1307040007959586,3.1031960006657755,0.0,0.0,0.024003999897104222,0.0
11,degree_logistic,1,256,128,3.1324799992944463,3.102488999502384,0.0,0.0,0.025127999833784997,0.0
11,degree_logistic,1,384,128,2.8161390000605024,2.790923000247858,0.0,0.0,0.021808999917993788,0.0
11,degree_logistic,1,512,128,3.231832999517792,3.2066079993455787,0.0,0.0,0.02136900002369657,0.0
11,degree_logistic,1,640,128,2.8568190000441973,2.8322360003585345,0.0,0.0,0.02115099960064981,0.0
11,degree_logistic,1,768,128,3.274280999903567,3.2498359996679937,0.0,0.0,0.020913000298605766,0.0
11,degree_logistic,1,896,128,2.899031000197283,2.8738029996020487,0.0,0.0,0.02173000029870309,0.0
11,degree_logistic,1,1024,128,3.0531450001944904,3.0283509995570057,0.0,0.0,0.021367000044847373,0.0
11,degree_logistic,1,1152,128,3.3665869996184483,3.336001999741711,0.0,0.0,0.025661000108812004,0.0
11,degree_logistic,1,1280,128,3.0337739999595215,3.0081049999353127,0.0,0.0,0.02208199930464616,0.0
11,degree_logistic,1,1408,128,3.0168439998305985,2.9921559998911107,0.0,0.0,0.021401999219961,0.0
11,degree_logistic,1,1536,128,2.9744430003120215,2.9506199998650118,0.0,0.0,0.02103099996020319,0.0
11,degree_logistic,1,1664,128,2.9060590004519327,2.8834710001319763,0.0,0.0,0.019609999981184956,0.0
11,degree_logistic,1,1792,128,3.3669960002953303,3.3402720000594854,0.0,0.0,0.02258099993923679,0.0
11,degree_logistic,1,1920,128,2.9521059996113763,2.927253999587265,0.0,0.0,0.021581000510195736,0.0
11,degree_logistic,1,2048,128,3.067147999900044,3.0191169998943224,0.0,0.0,0.04397199973027455,0.0
11,degree_logistic,1,2176,128,2.8289300007600104,2.8022850001434563,0.0,0.0,0.022956999600864947,0.0
11,degree_logistic,1,2304,128,3.0173459999787156,2.9919349999545375,0.0,0.0,0.02191099974879762,0.0
11,degree_logistic,1,2432,128,3.3866840003611287,3.350167999997211,0.0,0.0,0.03066099998250138,0.0
11,degree_logistic,1,2560,128,2.9568460004156805,2.9321550000531715,0.0,0.0,0.021302999812178314,0.0
11,degree_logistic,1,2688,128,2.6914239997495315,2.6678599997467245,0.0,0.0,0.020639000467781443,0.0
11,degree_logistic,1,2816,128,2.702269000110391,2.6797169994097203,0.0,0.0,0.0196190003407537,0.0
11,degree_logistic,1,2944,128,3.0054759999984526,2.980936000312795,0.0,0.0,0.021102000573591795,0.0
11,degree_logistic,1,3072,128,2.9612280004585045,2.9366830003709765,0.0,0.0,0.021105000087118242,0.0
11,degree_logistic,1,3200,128,2.819629999976314,2.7964639994024765,0.0,0.0,0.020137000319664367,0.0
11,degree_logistic,1,3328,128,2.8653419994952856,2.837979000105406,0.0,0.0,0.02311300067958655,0.0
11,degree_logistic,1,3456,128,2.8645049997066963,2.838831000190112,0.0,0.0,0.02216200027760351,0.0
11,degree_logistic,1,3584,64,1.571399000567908,1.5480350002690102,0.0,0.0,0.020621999283321202,0.0
11,degree_logistic,2,0,128,3.5187359999326873,3.466700999524619,0.0,0.0,0.04540800000540912,0.0
11,degree_logistic,2,128,128,3.296340999440872,3.25546200019744,0.0,0.0,0.03517299956001807,0.0
11,degree_logistic,2,256,128,2.877167000406189,2.8392270005497267,0.0,0.0,0.03309399926365586,0.0
11,degree_logistic,2,384,128,2.8915339999002754,2.863366999918071,0.0,0.0,0.024203999601013493,0.0
11,degree_logistic,2,512,128,2.890254999329045,2.864481999495183,0.0,0.0,0.022136999177746475,0.0
11,degree_logistic,2,640,128,2.7883699995072675,2.764279999610153,0.0,0.0,0.021186999219935387,0.0
11,degree_logistic,2,768,128,3.2233410001936136,3.1968240000423975,0.0,0.0,0.02306600072188303,0.0
11,degree_logistic,2,896,128,2.8571639995789155,2.824590999807697,0.0,0.0,0.029118000384187326,0.0
11,degree_logistic,2,1024,128,2.9452369999489747,2.9195650004112395,0.0,0.0,0.022449000425694976,0.0
11,degree_logistic,2,1152,128,2.9779670003335923,2.953159000753658,0.0,0.0,0.021718999960285146,0.0
11,degree_logistic,2,1280,128,2.9719940002905787,2.948060000562691,0.0,0.0,0.0211730002774857,0.0
11,degree_logistic,2,1408,128,3.4520219996920787,3.425427999900421,0.0,0.0,0.02289199983351864,0.0
11,degree_logistic,2,1536,128,2.9553109998232685,2.928746999714349,0.0,0.0,0.023350999981630594,0.0
11,degree_logistic,2,1664,128,3.03064799936692,3.005800999744679,0.0,0.0,0.021437000214064028,0.0
11,degree_logistic,2,1792,128,3.0017609997230466,2.9677660004381323,0.0,0.0,0.030375000278581865,0.0
11,degree_logistic,2,1920,128,3.039182000065921,3.0140210001263767,0.0,0.0,0.021517000277526677,0.0
11,degree_logistic,2,2048,128,3.508456999952614,3.4754919997794786,0.0,0.0,0.027462000616651494,0.0
11,degree_logistic,2,2176,128,2.954104999844276,2.928837999206735,0.0,0.0,0.02227300046797609,0.0
11,degree_logistic,2,2304,128,2.958750000289001,2.934518000074604,0.0,0.0,0.021073000425531063,0.0
11,degree_logistic,2,2432,128,2.8809349996663514,2.856136999980663,0.0,0.0,0.02135700015060138,0.0
11,degree_logistic,2,2560,128,3.000605999659456,2.972076999867568,0.0,0.0,0.02486099947418552,0.0
11,degree_logistic,2,2688,128,2.988974999425409,2.958830999887141,0.0,0.0,0.025284999537689146,0.0
11,degree_logistic,2,2816,128,2.7790900003310526,2.754256000116584,0.0,0.0,0.021514999389182776,0.0
11,degree_logistic,2,2944,128,2.9396519994406844,2.909731999352516,0.0,0.0,0.02552499972807709,0.0
11,degree_logistic,2,3072,128,3.005689000019629,2.9769570001008105,0.0,0.0,0.024678000045241788,0.0
11,degree_logistic,2,3200,128,3.0210499999157037,2.9917689998910646,0.0,0.0,0.025457000447204337,0.0
11,degree_logistic,2,3328,128,3.0464689998552785,3.0177069993442274,0.0,0.0,0.024584999664511997,0.0
11,degree_logistic,2,3456,128,3.004825000061828,2.969897999719251,0.0,0.0,0.030888999390299432,0.0
11,degree_logistic,2,3584,64,1.6030340002544108,1.5792170006534434,0.0,0.0,0.020677000065916218,0.0
11,degree_MLP,0,0,128,4.208185999232228,3.6144309997325763,0.0,0.0,0.5870980003237491,0.0
11,degree_MLP,0,128,128,5.059226999946986,4.6641190001537325,0.0,0.0,0.3894559995387681,0.0
11,degree_MLP,0,256,128,3.8965539997661836,3.2011720004447852,0.0,0.0,0.6897850007590023,0.0
11,degree_MLP,0,384,128,4.061781000018527,3.5027229996558162,0.0,0.0,0.5538870000236784,0.0
11,degree_MLP,0,512,128,4.106620000129624,3.6173979997329297,0.0,0.0,0.4842650005230098,0.0
11,degree_MLP,0,640,128,3.8681799996993504,3.547577000063029,0.0,0.0,0.31591900005878415,0.0
11,degree_MLP,0,768,128,3.5635289996207575,2.960032999908435,0.0,0.0,0.5972340004518628,0.0
11,degree_MLP,0,896,128,3.4722159998636926,2.9596819995276746,0.0,0.0,0.5077980003989069,0.0
11,degree_MLP,0,1024,128,3.651994000392733,3.163645999848086,0.0,0.0,0.47947399980330374,0.0
11,degree_MLP,0,1152,128,3.7730139993072953,3.220224999495258,0.0,0.0,0.5478809998749057,0.0
11,degree_MLP,0,1280,128,3.7270620005074306,3.176938000251539,0.0,0.0,0.54552599976887,0.0
11,degree_MLP,0,1408,128,3.7947190003251308,3.197066999746312,0.0,0.0,0.5926039993937593,0.0
11,degree_MLP,0,1536,128,3.768644000047061,3.1828860001041903,0.0,0.0,0.5809799995404319,0.0
11,degree_MLP,0,1664,128,3.7631979994330322,3.203208999366325,0.0,0.0,0.5554500003199792,0.0
11,degree_MLP,0,1792,128,3.7816170006408356,3.2046559999798774,0.0,0.0,0.5723980002585449,0.0
11,degree_MLP,0,1920,128,3.8708089996362105,3.2980030000544502,0.0,0.0,0.5682020000676857,0.0
11,degree_MLP,0,2048,128,3.7959460005367873,3.2650100001774263,0.0,0.0,0.526345000253059,0.0
11,degree_MLP,0,2176,128,3.6364249999678577,3.1505059996561613,0.0,0.0,0.48123100077646086,0.0
11,degree_MLP,0,2304,128,3.5006079997401685,3.0377469993254635,0.0,0.0,0.4584180005622329,0.0
11,degree_MLP,0,2432,128,3.6020299994561356,3.0997180001577362,0.0,0.0,0.4975040001227171,0.0
11,degree_MLP,0,2560,128,3.510077000100864,3.02647100033937,0.0,0.0,0.4790879993379349,0.0
11,degree_MLP,0,2688,128,3.7051709996376303,3.2275140001729596,0.0,0.0,0.47283700041589327,0.0
11,degree_MLP,0,2816,128,3.4673660002226825,2.9973489999974845,0.0,0.0,0.46553399988624733,0.0
11,degree_MLP,0,2944,128,3.606324000429595,3.103814000496641,0.0,0.0,0.49771300018619513,0.0
11,degree_MLP,0,3072,128,3.589373999602685,3.0952399993111612,0.0,0.0,0.489500999719894,0.0
11,degree_MLP,0,3200,128,3.9497640000263345,3.1639339995308546,0.0,0.0,0.7765529999232967,0.0
11,degree_MLP,0,3328,128,3.996930000539578,3.4825130005629035,0.0,0.0,0.5098500005260576,0.0
11,degree_MLP,0,3456,128,3.501912000501761,3.0166360002112924,0.0,0.0,0.48088800031109713,0.0
11,degree_MLP,0,3584,64,2.128525999978592,1.6343290008080658,0.0,0.0,0.4898109991700039,0.0
11,degree_MLP,1,0,128,3.947767000681779,3.2560740000917576,0.0,0.0,0.6863300004624762,0.0
11,degree_MLP,1,128,128,3.8462759994217777,3.2757929993749713,0.0,0.0,0.5661329996655695,0.0
11,degree_MLP,1,256,128,3.653442000540963,3.103979999650619,0.0,0.0,0.5447920002552564,0.0
11,degree_MLP,1,384,128,3.59500400008983,3.067518000534619,0.0,0.0,0.5227599995123455,0.0
11,degree_MLP,1,512,128,3.8080839995018323,3.2214949997069198,0.0,0.0,0.5821400000058929,0.0
11,degree_MLP,1,640,128,3.887194000526506,3.2821499999045045,0.0,0.0,0.6003050002618693,0.0
11,degree_MLP,1,768,128,3.6283830004322226,3.092766000008851,0.0,0.0,0.5303610005285009,0.0
11,degree_MLP,1,896,128,3.8059910002630204,3.274605000115116,0.0,0.0,0.5265080008030054,0.0
11,degree_MLP,1,1024,128,4.351694000433781,3.7778149999212474,0.0,0.0,0.5689469999197172,0.0
11,degree_MLP,1,1152,128,4.15223399977549,3.7864719997742213,0.0,0.0,0.36102699959883466,0.0
11,degree_MLP,1,1280,128,3.279683999608096,2.9520349999074824,0.0,0.0,0.3236840002500685,0.0
11,degree_MLP,1,1408,128,3.2777710002847016,2.9216440007076017,0.0,0.0,0.35227400076109916,0.0
11,degree_MLP,1,1536,128,3.266784000516054,2.9166519998398144,0.0,0.0,0.34611600040079793,0.0
11,degree_MLP,1,1664,128,3.389335999600007,3.056329999708396,0.0,0.0,0.32864099921425804,0.0
11,degree_MLP,1,1792,128,3.517680000186374,2.9128129999662633,0.0,0.0,0.5998280003041145,0.0
11,degree_MLP,1,1920,128,3.6069859997951426,3.264515999944706,0.0,0.0,0.3382180002517998,0.0
11,degree_MLP,1,2048,128,3.1752099994264427,2.8403500000422355,0.0,0.0,0.3309189996798523,0.0
11,degree_MLP,1,2176,128,3.2415640007457114,2.8882860005978728,0.0,0.0,0.3495149994705571,0.0
11,degree_MLP,1,2304,128,3.3669240001472645,3.034029999980703,0.0,0.0,0.3287090003141202,0.0
11,degree_MLP,1,2432,128,3.211986000678735,2.859205000277143,0.0,0.0,0.34873000004154164,0.0
11,degree_MLP,1,2560,128,3.166840000631055,2.8232580007170327,0.0,0.0,0.3395510002519586,0.0
11,degree_MLP,1,2688,128,3.128733999801625,2.776694999738538,0.0,0.0,0.34816700008377666,0.0
11,degree_MLP,1,2816,128,3.162197999699856,2.8546159992401954,0.0,0.0,0.30370999957085587,0.0
11,degree_MLP,1,2944,128,3.2662599996911013,2.9309960000318824,0.0,0.0,0.33149600039905636,0.0
11,degree_MLP,1,3072,128,3.319248000480002,2.952001000267046,0.0,0.0,0.3632950001701829,0.0
11,degree_MLP,1,3200,128,3.2610380003461614,2.9292330000316724,0.0,0.0,0.327859999742941,0.0
11,degree_MLP,1,3328,128,3.148355999655905,2.8239960001883446,0.0,0.0,0.32052000005933223,0.0
11,degree_MLP,1,3456,128,3.6249499999030377,3.023612000106368,0.0,0.0,0.5961209999441053,0.0
11,degree_MLP,1,3584,64,2.244299999802024,1.6238319994954509,0.0,0.0,0.6161210003483575,0.0
11,degree_MLP,2,0,128,4.207634000522376,3.594080000766553,0.0,0.0,0.606560000051104,0.0
11,degree_MLP,2,128,128,3.629836000072828,2.994116999616381,0.0,0.0,0.6298999996943166,0.0
11,degree_MLP,2,256,128,3.396324000277673,2.9046810004729195,0.0,0.0,0.4864210004598135,0.0
11,degree_MLP,2,384,128,3.3501699999760604,2.897431999372202,0.0,0.0,0.44828000045527006,0.0
11,degree_MLP,2,512,128,3.7981329996910063,3.2962619998215814,0.0,0.0,0.49750099969969597,0.0
11,degree_MLP,2,640,128,3.621668000050704,3.106160000243108,0.0,0.0,0.5091530001664069,0.0
11,degree_MLP,2,768,128,3.681481000057829,3.116509999927075,0.0,0.0,0.5608380006378866,0.0
11,degree_MLP,2,896,128,3.55528299951402,2.9559200002040598,0.0,0.0,0.5951829998593894,0.0
11,degree_MLP,2,1024,128,3.821162999884109,3.2509519996892777,0.0,0.0,0.5655200002365746,0.0
11,degree_MLP,2,1152,128,3.4941210005854373,2.88291700053378,0.0,0.0,0.6065900006433367,0.0
11,degree_MLP,2,1280,128,3.5374819999560714,2.970524999909685,0.0,0.0,0.5608539995591855,0.0
11,degree_MLP,2,1408,128,3.631870999925013,2.992585999891162,0.0,0.0,0.6343100003505242,0.0
11,degree_MLP,2,1536,128,3.8958229997660965,3.319998999359086,0.0,0.0,0.5715830002372968,0.0
11,degree_MLP,2,1664,128,3.6148409999441355,3.0088060002526618,0.0,0.0,0.6021119997967617,0.0
11,degree_MLP,2,1792,128,3.3956950001083896,2.929615000539343,0.0,0.0,0.4623969998647226,0.0
11,degree_MLP,2,1920,128,3.5612600004242267,3.0200090004655067,0.0,0.0,0.5372929999793996,0.0
11,degree_MLP,2,2048,128,3.632277000178874,2.982341999995697,0.0,0.0,0.6438000000343891,0.0
11,degree_MLP,2,2176,128,3.417697000259068,2.8814190000048256,0.0,0.0,0.5313490000844467,0.0
11,degree_MLP,2,2304,128,3.4922770000775927,2.8892299997096416,0.0,0.0,0.5986030000713072,0.0
11,degree_MLP,2,2432,128,3.59066700002586,2.8866729999208474,0.0,0.0,0.6981039996389882,0.0
11,degree_MLP,2,2560,128,3.544385000168404,2.9757590000372147,0.0,0.0,0.5636510004478623,0.0
11,degree_MLP,2,2688,128,3.5481260001688497,2.920996999819181,0.0,0.0,0.6225719998838031,0.0
11,degree_MLP,2,2816,128,3.3015499993780395,2.7243979993727407,0.0,0.0,0.571888000195031,0.0
11,degree_MLP,2,2944,128,3.6553729996740003,3.062871999645722,0.0,0.0,0.5879219997950713,0.0
11,degree_MLP,2,3072,128,3.450601000622555,2.763324000625289,0.0,0.0,0.681391999933112,0.0
11,degree_MLP,2,3200,128,3.38112600002205,2.855587000340165,0.0,0.0,0.5209060000197496,0.0
11,degree_MLP,2,3328,128,3.204790000381763,2.6892590003626538,0.0,0.0,0.5114710002089851,0.0
11,degree_MLP,2,3456,128,3.5741620004046126,2.698033000342548,0.0,0.0,0.869380999574787,0.0
11,degree_MLP,2,3584,64,2.2888739995323704,1.688182999714627,0.0,0.0,0.596943000346073,0.0
11,relational_MLP,0,0,128,68.5514159995364,0.0,10.581552000076044,57.054916999732086,0.9041149996846798,0.0
11,relational_MLP,0,128,128,56.16900699988037,0.0,7.976980000421463,47.53414100014197,0.6492270003946032,0.0
11,relational_MLP,0,256,128,55.123324999840406,0.0,5.303742999785754,49.088016999121464,0.7249710006362875,0.0
11,relational_MLP,0,384,128,54.25112699958845,0.0,6.0158979995321715,47.33451300035085,0.8940560001065023,0.0
11,relational_MLP,0,512,128,59.5421609996265,0.0,7.765022000057797,51.02828300005058,0.737868000214803,0.0
11,relational_MLP,0,640,128,57.098424000287196,0.0,5.9254719999444205,50.44565899970621,0.7153650003601797,0.0
11,relational_MLP,0,768,128,57.38425500021549,0.0,6.653084000390663,49.73134800002299,0.9889869998005452,0.0
11,relational_MLP,0,896,128,59.65990900040197,0.0,7.735093000519555,51.10481800056732,0.8081149999270565,0.0
11,relational_MLP,0,1024,128,56.47277799926087,0.0,8.345317999555846,47.34812500009866,0.7714149996900233,0.0
11,relational_MLP,0,1152,128,57.055220000620466,0.0,7.104698000148346,49.07739800000854,0.8632439994471497,0.0
11,relational_MLP,0,1280,128,54.924658999880194,0.0,6.959943999390816,47.30453699994541,0.6486259999292088,0.0
11,relational_MLP,0,1408,128,57.94884399983857,0.0,7.135064000067359,49.95364400019753,0.8518109998476575,0.0
11,relational_MLP,0,1536,128,55.42333899938967,0.0,7.410869999148417,47.18598399995244,0.8184650005205185,0.0
11,relational_MLP,0,1664,128,58.18530400028976,0.0,7.677868999962811,49.56704200048989,0.9277149993067724,0.0
11,relational_MLP,0,1792,128,54.27584300014132,0.0,7.375402000434406,46.035385000323004,0.856280999869341,0.0
11,relational_MLP,0,1920,128,55.275210999752744,0.0,7.616320000124688,46.791118000328424,0.8599380007581203,0.0
11,relational_MLP,0,2048,128,53.55444199994963,0.0,6.9802380003238795,45.73171399988496,0.8332520001204102,0.0
11,relational_MLP,0,2176,128,49.99997300001269,0.0,6.568136000169034,42.52200900009484,0.8989430007204646,0.0
11,relational_MLP,0,2304,128,53.263554999830376,0.0,7.42736799929844,44.93115200057218,0.8959110000432702,0.0
11,relational_MLP,0,2432,128,50.02292100016348,0.0,7.709692000389623,41.41852400061907,0.8857789998728549,0.0
11,relational_MLP,0,2560,128,50.97657799979061,0.0,7.6329849998728605,42.61282700008451,0.7225409999591648,0.0
11,relational_MLP,0,2688,128,50.15486400043301,0.0,7.227719000184152,42.13525499926618,0.7845640002415166,0.0
11,relational_MLP,0,2816,128,46.00918200048909,0.0,7.39088200043625,37.76219000064884,0.8492019996992894,0.0
11,relational_MLP,0,2944,128,51.7142500002592,0.0,7.6687770006174105,42.79366599985224,1.243746000000101,0.0
11,relational_MLP,0,3072,128,48.65302899997914,0.0,6.508921999738959,41.227841999898374,0.90754799930437,0.0
11,relational_MLP,0,3200,128,48.89176699998643,0.0,8.169525999619509,39.85443799956556,0.860514999658335,0.0
11,relational_MLP,0,3328,128,44.61992500000633,0.0,5.958802999884938,37.71697000047425,0.9359499999845866,0.0
11,relational_MLP,0,3456,128,44.02546099936444,0.0,7.611770999574219,35.5099970001902,0.8948510003392585,0.0
11,relational_MLP,0,3584,64,26.565199999822653,0.0,6.472566000411462,19.41538400024001,0.6713510001645773,0.0
11,relational_MLP,1,0,128,58.255312999790476,0.0,6.430268999793043,50.977339999917604,0.8376910000151838,0.0
11,relational_MLP,1,128,128,56.08240899982775,0.0,7.481421000193222,47.89634699955059,0.6966169994484517,0.0
11,relational_MLP,1,256,128,56.77219800054445,0.0,7.891958000072918,48.10236400044232,0.7691339997109026,0.0
11,relational_MLP,1,384,128,58.08332899960078,0.0,7.855779999772494,49.33355200046208,0.8859529998517246,0.0
11,relational_MLP,1,512,128,57.99573600052099,0.0,7.547654000518378,49.56749099983426,0.8720890000404324,0.0
11,relational_MLP,1,640,128,56.064098000206286,0.0,7.516503000260855,47.342310000203724,1.188639000247349,0.0
11,relational_MLP,1,768,128,55.19227399963711,0.0,6.329315999209939,47.90026400041825,0.9538900003462913,0.0
11,relational_MLP,1,896,128,58.19871499988949,0.0,8.119676999740477,49.18946500038146,0.8799950001048273,0.0
11,relational_MLP,1,1024,128,57.868578000125126,0.0,8.068946999628679,48.87910000070406,0.9126140002990724,0.0
11,relational_MLP,1,1152,128,58.58661100046447,0.0,8.16779199976736,49.48149400024704,0.9281849997933023,0.0
11,relational_MLP,1,1280,128,56.07453999982681,0.0,7.7034779997120495,47.48037100034708,0.880753000274126,0.0
11,relational_MLP,1,1408,128,65.08413000028668,0.0,7.7840920002927305,56.206006000138586,1.083002000086708,0.0
11,relational_MLP,1,1536,128,62.660970999786514,0.0,7.82646800053044,54.12040400005935,0.7027230003586737,0.0
11,relational_MLP,1,1664,128,52.36108400004014,0.0,5.387313000028371,46.309997999742336,0.6543839999721968,0.0
11,relational_MLP,1,1792,128,50.975434000065434,0.0,5.587423000179115,44.48077400047623,0.8986000002551009,0.0
11,relational_MLP,1,1920,128,54.87516100038192,0.0,7.709245000114606,46.40034100066259,0.7567230004497105,0.0
11,relational_MLP,1,2048,128,53.69064600017737,0.0,6.117089999861491,46.72944100002496,0.8341339998878539,0.0
11,relational_MLP,1,2176,128,49.763121999603754,0.0,7.863802999963809,41.187781000189716,0.7028449999779696,0.0
11,relational_MLP,1,2304,128,49.13443199984613,0.0,5.981232000522141,42.23335900042002,0.9097180000026128,0.0
11,relational_MLP,1,2432,128,51.51062299955811,0.0,7.936238999718626,42.57779399995343,0.9866299997156602,0.0
11,relational_MLP,1,2560,128,49.18971699953545,0.0,7.462094999937108,40.79342000022734,0.9241030002158368,0.0
11,relational_MLP,1,2688,128,52.85843499950715,0.0,7.828173999769206,44.082928000534594,0.9377289998155902,0.0
11,relational_MLP,1,2816,128,48.17602599996462,0.0,7.504799999878742,39.7295849998045,0.9328720007033553,0.0
11,relational_MLP,1,2944,128,50.148043999797665,0.0,6.415105000087351,42.795721999937086,0.9268859994335799,0.0
11,relational_MLP,1,3072,128,51.585839999461314,0.0,7.976728999892657,42.49805500057846,1.0987240002577892,0.0
11,relational_MLP,1,3200,128,53.02416699942114,0.0,7.782106999911775,44.38931799995771,0.8427430002484471,0.0
11,relational_MLP,1,3328,128,43.111519000376575,0.0,6.770850000066275,35.6026909994398,0.7286000000021886,0.0
11,relational_MLP,1,3456,128,42.14386100011325,0.0,5.10557699999481,36.25945200019487,0.7706300002610078,0.0
11,relational_MLP,1,3584,64,26.86533199994301,0.0,5.778032999842253,20.195523999973375,0.8842759998515248,0.0
11,relational_MLP,2,0,128,57.933574999879056,0.0,4.98950099972717,51.9967110003563,0.9357429998999578,0.0
11,relational_MLP,2,128,128,57.47931500081904,0.0,6.524486000671459,50.01117899973906,0.9334409996881732,0.0
11,relational_MLP,2,256,128,58.11920599990117,0.0,7.310713000151736,50.04021799959446,0.7574269993710914,0.0
11,relational_MLP,2,384,128,61.260827999831236,0.0,7.1399369999198825,53.277347999937774,0.8337270000993158,0.0
11,relational_MLP,2,512,128,56.51249899983668,0.0,6.0505599994939985,49.79070799981855,0.661712000692205,0.0
11,relational_MLP,2,640,128,55.95789099970716,0.0,5.514479000339634,49.635119999948074,0.7986109994817525,0.0
11,relational_MLP,2,768,128,57.95982899962837,0.0,7.522561999394384,49.77028200028144,0.6565229996340349,0.0
11,relational_MLP,2,896,128,60.74444099976972,0.0,7.340581999415008,52.56248299974686,0.8327760006068274,0.0
11,relational_MLP,2,1024,128,62.095792000036454,0.0,8.407346000240068,52.86436099959246,0.8137380000334815,0.0
11,relational_MLP,2,1152,128,60.616920000029495,0.0,7.452036999893608,52.466502000243054,0.6891890006954782,0.0
11,relational_MLP,2,1280,128,59.88793300002726,0.0,7.936435999909008,51.182944999709434,0.7582369998999638,0.0
11,relational_MLP,2,1408,128,60.02971899943077,0.0,7.03727899963269,52.34296100024949,0.6406699994840892,0.0
11,relational_MLP,2,1536,128,57.497236999552115,0.0,7.171332000325492,49.74310800025705,0.5741800005125697,0.0
11,relational_MLP,2,1664,128,58.395557000039844,0.0,6.864351000331226,50.761923999743885,0.7598600004712353,0.0
11,relational_MLP,2,1792,128,58.28736700004811,0.0,8.215615000153775,49.24273600045126,0.8195789996534586,0.0
11,relational_MLP,2,1920,128,58.95066100038093,0.0,6.767144000150438,51.46267700001772,0.7088229995133588,0.0
11,relational_MLP,2,2048,128,57.77610600034677,0.0,7.969090000187862,48.909599999205966,0.8882209995135781,0.0
11,relational_MLP,2,2176,128,52.1348290003516,0.0,7.798510000611714,43.70764000032068,0.6198510000103852,0.0
11,relational_MLP,2,2304,128,55.49798900028691,0.0,6.842067999969004,47.20157199972164,1.4437219997489592,0.0
11,relational_MLP,2,2432,128,57.09849200047756,0.0,9.298134000346181,46.50183100056893,1.2870759992438252,0.0
11,relational_MLP,2,2560,128,52.35476500001823,0.0,6.979877000048873,44.034040000042296,1.3323860002856236,0.0
11,relational_MLP,2,2688,128,52.64010300015798,0.0,7.412156000100367,43.763196999861975,1.4554829995176988,0.0
11,relational_MLP,2,2816,128,55.77717800042592,0.0,9.109805000662163,45.12109299957956,1.5353859998867847,0.0
11,relational_MLP,2,2944,128,59.17530899932899,0.0,9.675344999777735,48.149248999834526,1.3402069998846855,0.0
11,relational_MLP,2,3072,128,52.853379999760364,0.0,8.36638300006598,43.16769899924111,1.309827000113728,0.0
11,relational_MLP,2,3200,128,53.46641300002375,0.0,7.949093000206631,44.06675600057497,1.4392490002137492,0.0
11,relational_MLP,2,3328,128,47.20720700061065,0.0,9.0690060005727,36.795257000449055,1.33499900039169,0.0
11,relational_MLP,2,3456,128,46.96118900028523,0.0,7.926365999992413,37.314047000108985,1.712479000161693,0.0
11,relational_MLP,2,3584,64,31.929840999509906,0.0,8.588998999584874,21.9076560006215,1.4252379996833042,0.0
11,knn_mean,0,0,128,61.029938000501716,0.0,8.518700999957218,52.47495399999025,0.028526000278361607,0.0
11,knn_mean,0,128,128,62.227407999671414,0.0,10.639167999215715,51.548989999901096,0.029828000151610468,0.0
11,knn_mean,0,256,128,61.74970000029134,0.0,9.076004999769793,52.635656999882485,0.028544000088004395,0.0
11,knn_mean,0,384,128,58.43347799964249,0.0,8.96159500007343,49.43808600000921,0.026157999855058733,0.0
11,knn_mean,0,512,128,56.77209999976185,0.0,9.504630999799701,47.23424199983128,0.02596299964352511,0.0
11,knn_mean,0,640,128,66.49636800011649,0.0,11.300207000203955,55.15838000064832,0.02838500040525105,0.0
11,knn_mean,0,768,128,62.128157999723044,0.0,11.175892999744974,50.90515200026857,0.03689799996209331,0.0
11,knn_mean,0,896,128,62.64907500008121,0.0,9.679183000116609,52.928824000446184,0.03175100027874578,0.0
11,knn_mean,0,1024,128,60.92476899993926,0.0,10.96772700020665,49.92005099938979,0.02788299934763927,0.0
11,knn_mean,0,1152,128,59.81718200018804,0.0,10.858544999791775,48.91945800045505,0.029602000722661614,0.0
11,knn_mean,0,1280,128,56.21342199992796,0.0,10.478196999429201,45.69313200045144,0.03320900032122154,0.0
11,knn_mean,0,1408,128,59.29653699968185,0.0,10.498681000171928,48.75638700013951,0.032064999686554074,0.0
11,knn_mean,0,1536,128,58.9736649999395,0.0,11.296450999907393,47.62482199930673,0.041493000026093796,0.0
11,knn_mean,0,1664,128,59.808519999933196,0.0,10.985652000272239,48.785801000121864,0.02920299994002562,0.0
11,knn_mean,0,1792,128,59.774100000140606,0.0,11.44299499992485,48.30199200023344,0.023068999325914774,0.0
11,knn_mean,0,1920,128,57.544668999980786,0.0,10.055725999336573,47.45118899973022,0.026360999981989153,0.0
11,knn_mean,0,2048,128,58.18348200045875,0.0,11.21357200008788,46.936916999584355,0.02538499938964378,0.0
11,knn_mean,0,2176,128,53.07705799987161,0.0,11.21055199928378,41.823253000075056,0.02633500025694957,0.0
11,knn_mean,0,2304,128,53.60617999940587,0.0,11.021153000001505,42.550582000330905,0.026703000003180932,0.0
11,knn_mean,0,2432,128,50.30558900034521,0.0,9.86499200007529,40.39062300034857,0.040421999983664136,0.0
11,knn_mean,0,2560,128,52.64275500030635,0.0,11.080549000325846,41.52625000006083,0.028888999622722622,0.0
11,knn_mean,0,2688,128,53.75122699933854,0.0,10.307365999324247,43.4108629997354,0.025954999728128314,0.0
11,knn_mean,0,2816,128,49.03590899994015,0.0,10.499488000277779,38.49893999995402,0.028462000045692548,0.0
11,knn_mean,0,2944,128,57.983497999885,0.0,10.846635000234528,47.09556000034354,0.030472000617010053,0.0
11,knn_mean,0,3072,128,57.41315399973246,0.0,11.055758000111382,46.317145000102755,0.029481000638043042,0.0
11,knn_mean,0,3200,128,51.80919800022821,0.0,9.56655200025125,42.20662599982461,0.02748099996097153,0.0
11,knn_mean,0,3328,128,45.51062500013359,0.0,9.970952000003308,35.50348099997791,0.028762999136233702,0.0
11,knn_mean,0,3456,128,57.49205600022833,0.0,9.735192000334791,47.71418000018457,0.032048999855760485,0.0
11,knn_mean,0,3584,64,32.65183799976512,0.0,8.440493999842147,24.1688959995372,0.030377000257431064,0.0
11,knn_mean,1,0,128,61.19439499980217,0.0,9.402152999427926,51.75351700017927,0.028744999326590914,0.0
11,knn_mean,1,128,128,60.41404100051295,0.0,11.947108000640583,48.427357000036864,0.029461999474733602,0.0
11,knn_mean,1,256,128,62.27402100012114,0.0,12.052730000505107,50.18219199973828,0.029149000511097256,0.0
11,knn_mean,1,384,128,61.992799999643466,0.0,11.155363999932888,50.79601499983255,0.030416999834415037,0.0
11,knn_mean,1,512,128,58.31515899990336,0.0,10.223565999694983,48.05390999990777,0.027998999939882196,0.0
11,knn_mean,1,640,128,59.092301999953634,0.0,11.293382000076235,47.76091500025359,0.028495000151451677,0.0
11,knn_mean,1,768,128,59.405162999610184,0.0,11.559507000129088,47.806721999222646,0.02922300063801231,0.0
11,knn_mean,1,896,128,60.90080600006331,0.0,10.8847159999641,49.97603399988293,0.02982199930556817,0.0
11,knn_mean,1,1024,128,59.28734900044219,0.0,10.245328000564768,49.00286399970355,0.028866999855381437,0.0
11,knn_mean,1,1152,128,61.04818299991166,0.0,11.573871999644325,49.43393800022022,0.02963899987662444,0.0
11,knn_mean,1,1280,128,59.1975689994797,0.0,10.961779999888677,48.19523200058029,0.03044499953830382,0.0
11,knn_mean,1,1408,128,63.18884499978594,0.0,12.326123000093503,50.82345099981467,0.029386000278464053,0.0
11,knn_mean,1,1536,128,63.00351000027149,0.0,12.447799000256055,50.5180879999898,0.028202000066812616,0.0
11,knn_mean,1,1664,128,61.515225999755785,0.0,11.264472999755526,50.21018399929744,0.029384000299614854,0.0
11,knn_mean,1,1792,128,60.146903999338974,0.0,11.303610999675584,48.80113500075822,0.031229000342136715,0.0
11,knn_mean,1,1920,128,58.34848999984388,0.0,10.486760000276263,47.82307899949956,0.029101999643899035,0.0
11,knn_mean,1,2048,128,60.73699300031876,0.0,11.39684500049043,49.300175000098534,0.02900099934777245,0.0
11,knn_mean,1,2176,128,58.50097600068693,0.0,11.36794100057159,47.092800000427815,0.02963499991892604,0.0
11,knn_mean,1,2304,128,54.127962999700685,0.0,10.836796999683429,43.24884800007567,0.03123199985566316,0.0
11,knn_mean,1,2432,128,54.46058500001527,0.0,9.530268999697,44.88747000050353,0.032842000109667424,0.0
11,knn_mean,1,2560,128,63.56107799911115,0.0,12.697041999672365,50.81934600002569,0.031757000215293374,0.0
11,knn_mean,1,2688,128,53.84781499924429,0.0,9.282787999836728,44.53012099929765,0.027133000003232155,0.0
11,knn_mean,1,2816,128,49.91631499979121,0.0,9.54418000037549,40.337516000363394,0.026837999939743895,0.0
11,knn_mean,1,2944,128,52.981216000262066,0.0,11.366243000338727,41.57794500042655,0.028434999876481015,0.0
11,knn_mean,1,3072,128,53.74629399921105,0.0,11.533690999385726,42.17801199956739,0.02740400032053003,0.0
11,knn_mean,1,3200,128,57.41935599962744,0.0,12.015427999358508,45.369493999714905,0.02661500002432149,0.0
11,knn_mean,1,3328,128,47.45127400019555,0.0,9.907554000164964,37.50761399987823,0.027879999834112823,0.0
11,knn_mean,1,3456,128,52.90215700006229,0.0,9.909192999657535,42.94552100054716,0.037413999962154776,0.0
11,knn_mean,1,3584,64,35.38631099945633,0.0,9.69538899971667,25.64973900007317,0.030488000447803643,0.0
11,knn_mean,2,0,128,62.48035099997651,0.0,10.025049000432773,52.41629300053319,0.029843999982404057,0.0
11,knn_mean,2,128,128,58.07632600044599,0.0,11.162024999975984,46.87293500046508,0.028141999791841954,0.0
11,knn_mean,2,256,128,60.469796999313985,0.0,11.26647899945965,49.16850999961753,0.027383999622543342,0.0
11,knn_mean,2,384,128,60.30310999994981,0.0,10.847362999811594,49.420258999816724,0.02735700036282651,0.0
11,knn_mean,2,512,128,56.90324200077157,0.0,9.662190000199189,47.206304000610544,0.026323999918531626,0.0
11,knn_mean,2,640,128,56.34154000017588,0.0,9.38593499995477,46.91925199949765,0.028126999495725613,0.0
11,knn_mean,2,768,128,58.2727929995599,0.0,11.75813499958167,46.47438600022724,0.03176100017299177,0.0
11,knn_mean,2,896,128,59.526311999434256,0.0,11.010599999281112,48.46240700044291,0.04341400017437991,0.0
11,knn_mean,2,1024,128,59.16679999972985,0.0,11.17497499944875,47.95635500067874,0.02808899989759084,0.0
11,knn_mean,2,1152,128,63.277506999838806,0.0,11.463595999885001,51.77534199992806,0.029040999834251124,0.0
11,knn_mean,2,1280,128,56.10287099989364,0.0,10.299379000571207,45.75955700056511,0.033569999686733354,0.0
11,knn_mean,2,1408,128,60.26256200038915,0.0,11.263784999755444,48.96557699976256,0.025841000024229288,0.0
11,knn_mean,2,1536,128,57.95593400034704,0.0,11.462860999927216,46.45542599973851,0.029998000172781758,0.0
11,knn_mean,2,1664,128,59.28602299991326,0.0,10.69766700038599,48.54376399998728,0.0337330002366798,0.0
11,knn_mean,2,1792,128,59.789418000036676,0.0,12.803141000404139,46.95272800017847,0.026376000278105494,0.0
11,knn_mean,2,1920,128,57.631057999969926,0.0,9.44328800051153,48.14923100002488,0.02934400072263088,0.0
11,knn_mean,2,2048,128,56.87175299954106,0.0,11.169588999109692,45.652114000404254,0.03960999947594246,0.0
11,knn_mean,2,2176,128,51.817676000609936,0.0,9.885557000416156,41.89632999987225,0.02836800013028551,0.0
11,knn_mean,2,2304,128,55.93206000048667,0.0,10.785021000629058,45.10964599921863,0.028648999432334676,0.0
11,knn_mean,2,2432,128,52.425260000745766,0.0,11.541226000190363,40.84442100065644,0.03052200008824002,0.0
11,knn_mean,2,2560,128,54.3449500000861,0.0,10.748703999524878,43.55926800053567,0.028884999665024225,0.0
11,knn_mean,2,2688,128,53.09886800023378,0.0,10.209009999925911,42.856665000726935,0.026565000553091522,0.0
11,knn_mean,2,2816,128,50.77017799976602,0.0,11.40126100017369,39.33808300007513,0.02424099966447102,0.0
11,knn_mean,2,2944,128,55.08065699996223,0.0,10.439016000418633,44.60760500023753,0.02637899979163194,0.0
11,knn_mean,2,3072,128,52.665331999378395,0.0,11.38296299996,41.24824899918167,0.027505999241839163,0.0
11,knn_mean,2,3200,128,52.87365799995314,0.0,11.647516000266478,41.194542000084766,0.025034999453055207,0.0
11,knn_mean,2,3328,128,46.65825699976267,0.0,11.344835999807401,35.283071000776545,0.024383999516430777,0.0
11,knn_mean,2,3456,128,46.67889499978628,0.0,10.49982699987595,36.13819800011697,0.02339899947401136,0.0
11,knn_mean,2,3584,64,28.525910999633197,0.0,9.494361999713874,19.00453800044488,0.021411000489024445,0.0
11,GATv2_local,0,0,128,18.67459300046903,0.0,18.485349999536993,0.011985999663011171,0.0,0.004300999535189476
11,GATv2_local,0,128,128,19.162648000019544,0.0,18.995265999365074,0.011267000445513986,0.0,0.004719000571640208
11,GATv2_local,0,256,128,18.55386399984127,0.0,18.38367400068819,0.010399000530014746,0.0,0.0038300004234770313
11,GATv2_local,0,384,128,17.709922999529226,0.0,17.56852299968159,0.009217000297212508,0.0,0.0032549996831221506
11,GATv2_local,0,512,128,17.5652470006753,0.0,17.437695999433345,0.008274999345303513,0.0,0.0027339992811903358
11,GATv2_local,0,640,128,17.726351999954204,0.0,17.587237999578065,0.00869899940880714,0.0,0.0032479993024026044
11,GATv2_local,0,768,128,17.266537000068638,0.0,17.134442000497074,0.007917999937490094,0.0,0.0031190002118819393
11,GATv2_local,0,896,128,17.746553000506538,0.0,17.62295400021685,0.007645000550837722,0.0,0.0023610000425833277
11,GATv2_local,0,1024,128,17.62324500032264,0.0,17.50005299982149,0.007113000719982665,0.0,0.0025409999580006115
11,GATv2_local,0,1152,128,17.96912100053305,0.0,17.85183700030757,0.0071710001066094264,0.0,0.002531000063754618
11,GATv2_local,0,1280,128,17.71031799944467,0.0,17.587442000149167,0.007254000593093224,0.0,0.0025199997253366746
11,GATv2_local,0,1408,128,16.726769000342756,0.0,16.614954000033322,0.00663799983158242,0.0,0.0022620006348006427
11,GATv2_local,0,1536,128,17.548394999721495,0.0,17.421169000044756,0.007510000614274759,0.0,0.0025830004233284853
11,GATv2_local,0,1664,128,16.784571999778564,0.0,16.629469000690733,0.009976000001188368,0.0,0.0034510003388277255
11,GATv2_local,0,1792,128,17.167558000437566,0.0,17.020394999235577,0.008781000360613689,0.0,0.003419000677240547
11,GATv2_local,0,1920,128,16.83929199953127,0.0,16.705415000615176,0.00910500057216268,0.0,0.0025720000849105418
11,GATv2_local,0,2048,128,16.842054999870015,0.0,16.715468999791483,0.007306000043172389,0.0,0.0024470000425935723
11,GATv2_local,0,2176,128,16.194904000258248,0.0,16.076558999884583,0.007568999535578769,0.0,0.002505999873392284
11,GATv2_local,0,2304,128,16.600750999714364,0.0,16.48179799940408,0.00716500017006183,0.0,0.0023850006982684135
11,GATv2_local,0,2432,128,15.326918999562622,0.0,15.214989000014612,0.0069090001488802955,0.0,0.0024080000002868474
11,GATv2_local,0,2560,128,12.519661999249365,0.0,12.40898899959575,0.006446000043069944,0.0,0.0022790000002714805
11,GATv2_local,0,2688,128,12.37379600024724,0.0,12.264005999895744,0.0063280003814725205,0.0,0.0022680005713482387
11,GATv2_local,0,2816,128,13.171894999686629,0.0,13.048427000285301,0.007292000191227999,0.0,0.0023529992176918313
11,GATv2_local,0,2944,128,13.168105000659125,0.0,13.057154999842169,0.006328999916149769,0.0,0.002209000740549527
11,GATv2_local,0,3072,128,12.42482499947073,0.0,12.316213000303833,0.006270999620028306,0.0,0.002214000232925173
11,GATv2_local,0,3200,128,12.417081999956281,0.0,12.306044999604637,0.006833000043116044,0.0,0.0023390002752421424
11,GATv2_local,0,3328,128,13.214941999649454,0.0,13.101075000122364,0.006649000170000363,0.0,0.0022699996407027356
11,GATv2_local,0,3456,128,13.551220999943325,0.0,13.439858000310778,0.0064209998527076095,0.0,0.0022899994291947223
11,GATv2_local,0,3584,64,9.134535000157484,0.0,9.044136000738945,0.006182999641168863,0.0,0.0023190004867501557
11,GATv2_local,1,0,128,13.759618000221963,0.0,13.588754999545927,0.011221000022487715,0.0,0.0035960001696366817
11,GATv2_local,1,128,128,14.039873999536212,0.0,13.86909599932551,0.009633999979996588,0.0,0.004100000296602957
11,GATv2_local,1,256,128,13.417499999377469,0.0,13.302748999194591,0.006799999937356915,0.0,0.0025740000637597404
11,GATv2_local,1,384,128,13.717705000090064,0.0,13.606374000119104,0.006719999873894267,0.0,0.0023060001694830135
11,GATv2_local,1,512,128,13.810195000587555,0.0,13.697477000278013,0.0069150000854278915,0.0,0.0024479995772708207
11,GATv2_local,1,640,128,13.56861200019921,0.0,13.456270999995468,0.00662200000078883,0.0,0.0022969998099142686
11,GATv2_local,1,768,128,13.275371999952768,0.0,13.167195999812975,0.006779999239370227,0.0,0.0025079998522414826
11,GATv2_local,1,896,128,13.436664999971981,0.0,13.323015000423766,0.006536000000778586,0.0,0.00246399940806441
11,GATv2_local,1,1024,128,13.683360999493743,0.0,13.569392999670526,0.0064719997681095265,0.0,0.002488000063749496
11,GATv2_local,1,1152,128,13.589213000159361,0.0,13.474424000378349,0.0063520001276629046,0.0,0.0024150003810063936
11,GATv2_local,1,1280,128,13.503893000233802,0.0,13.391820999459014,0.006364999535435345,0.0,0.0022360000002663583
11,GATv2_local,1,1408,128,13.45151499936037,0.0,13.344322000193642,0.005793000127596315,0.0,0.0022579997676075436
11,GATv2_local,1,1536,128,13.553516999309068,0.0,13.442810000015015,0.006346999725792557,0.0,0.0023520005925092846
11,GATv2_local,1,1664,128,13.681117000487575,0.0,13.568501000008837,0.0060810007198597305,0.0,0.002204999873356428
11,GATv2_local,1,1792,128,13.52647200019419,0.0,13.40546000028553,0.006747999577783048,0.0,0.002425000275252387
11,GATv2_local,1,1920,128,13.130522000210476,0.0,13.023830000747694,0.006053999641153496,0.0,0.0022309995983960107
11,GATv2_local,1,2048,128,13.907487000324181,0.0,13.790599000458315,0.007371999345195945,0.0,0.002585000402177684
11,GATv2_local,1,2176,128,13.60051299980114,0.0,13.488745000358904,0.006047000169928651,0.0,0.0022740005078958347
11,GATv2_local,1,2304,128,12.772174999554409,0.0,12.649373999920499,0.006579000000783708,0.0,0.0023910006348160096
11,GATv2_local,1,2432,128,13.07518599969626,0.0,12.957725999513059,0.006246999873837922,0.0,0.0023370002963929437
11,GATv2_local,1,2560,128,13.56457599922578,0.0,13.453716000185523,0.0061649998315260746,0.0,0.0024920000214478932
11,GATv2_local,1,2688,128,13.6272129993813,0.0,13.507435000065016,0.00651299978926545,0.0,0.0024809996830299497
11,GATv2_local,1,2816,128,12.184862999674806,0.0,12.074756999936653,0.005934000000706874,0.0,0.0023580005290568806
11,GATv2_local,1,2944,128,13.239056000202254,0.0,13.125715999194654,0.006451000444940291,0.0,0.002153999957954511
11,GATv2_local,1,3072,128,13.45413000035478,0.0,13.341934999516525,0.0068340004872879945,0.0,0.0024350001694983803
11,GATv2_local,1,3200,128,13.03544399979728,0.0,12.906214999929944,0.007253000148921274,0.0,0.0028399999791872688
11,GATv2_local,1,3328,128,12.920449000375811,0.0,12.740785000460164,0.008503000572090968,0.0,0.0034600006983964704
11,GATv2_local,1,3456,128,10.526952999498462,0.0,10.398798000096576,0.007821000508556608,0.0,0.003068999831157271
11,GATv2_local,1,3584,64,9.23694599987357,0.0,9.137691999967501,0.006762000339222141,0.0,0.0025320005079265684
11,GATv2_local,2,0,128,13.724548999562103,0.0,13.559159000578802,0.01028299993777182,0.0,0.0029299999368959107
11,GATv2_local,2,128,128,13.813077000122576,0.0,13.681018000170297,0.009139999747276306,0.0,0.0027099995349999517
11,GATv2_local,2,256,128,13.398611999946297,0.0,13.28536700020777,0.006227000085345935,0.0,0.002329000380996149
11,GATv2_local,2,384,128,13.428096000097867,0.0,13.291733000187378,0.007018999895080924,0.0,0.0023659995349589735
11,GATv2_local,2,512,128,11.717286999555654,0.0,11.580837000110478,0.006163999387354124,0.0,0.0022820004232926294
11,GATv2_local,2,640,128,11.606541999753972,0.0,11.495186000502144,0.0064779997046571225,0.0,0.0022920003175386228
11,GATv2_local,2,768,128,11.836875999506447,0.0,11.724058999789122,0.006764000318071339,0.0,0.0024349992600036785
11,GATv2_local,2,896,128,11.823238999568275,0.0,11.631329000010737,0.010750000001280569,0.0,0.0037999998312443495
11,GATv2_local,2,1024,128,13.480526999956055,0.0,13.351607000004151,0.007378999725915492,0.0,0.0027910000426345505
11,GATv2_local,2,1152,128,12.876292999862926,0.0,12.762366000060865,0.00639200061414158,0.0,0.0024330001906491816
11,GATv2_local,2,1280,128,13.464949000081106,0.0,13.345724999453523,0.010707999535952695,0.0,0.0022120002540759742
11,GATv2_local,2,1408,128,13.176279000617797,0.0,13.069544000245514,0.006023999958415516,0.0,0.0021590003598248586
11,GATv2_local,2,1536,128,15.773579000779137,0.0,15.650150999135803,0.006395000127668027,0.0,0.002353000127186533
11,GATv2_local,2,1664,128,13.430708000669256,0.0,13.31692399980966,0.006176999704621267,0.0,0.0022100002752267756
11,GATv2_local,2,1792,128,13.031587999648764,0.0,12.923380999382061,0.005901000804442447,0.0,0.0022599997464567423
11,GATv2_local,2,1920,128,12.56096199995227,0.0,12.449949999790988,0.006242000381462276,0.0,0.0021220002963673323
11,GATv2_local,2,2048,128,13.493751999703818,0.0,13.384078999479243,0.006229000064195134,0.0,0.002278000465594232
11,GATv2_local,2,2176,128,13.310168999851157,0.0,13.200241000049573,0.006076999852666631,0.0,0.002376999873376917
11,GATv2_local,2,2304,128,11.255290000008245,0.0,11.140689000058046,0.006810999366280157,0.0,0.0024359997041756287
11,GATv2_local,2,2432,128,12.841030999879877,0.0,12.730824000755092,0.006352999662340153,0.0,0.0022089998310548253
11,GATv2_local,2,2560,128,13.025152999944112,0.0,12.918229999741015,0.00578299932385562,0.0,0.0022110007193987258
11,GATv2_local,2,2688,128,13.520019999305077,0.0,13.412058000540128,0.006070999916119035,0.0,0.002257000232930295
11,GATv2_local,2,2816,128,11.400379999940924,0.0,11.292177000541415,0.006020000000717118,0.0,0.0022069998522056267
11,GATv2_local,2,2944,128,11.556761000065308,0.0,11.434191999796894,0.0061800001276424155,0.0,0.002220000169472769
11,GATv2_local,2,3072,128,13.06865199967433,0.0,12.95198400021036,0.006000000212225132,0.0,0.002257000232930295
11,GATv2_local,2,3200,128,13.376608000726264,0.0,13.267282000015257,0.006332999873848166,0.0,0.0022599997464567423
11,GATv2_local,2,3328,128,10.531858999456745,0.0,10.424303000036161,0.00593999993725447,0.0,0.002207999386882875
11,GATv2_local,2,3456,128,11.283174999334733,0.0,11.165633000018715,0.006386000677593984,0.0,0.002282999957969878
11,GATv2_local,2,3584,64,11.757964000025822,0.0,11.667307000607252,0.006631999895034824,0.0,0.002237999979115557
11,GATv2_margin,0,0,128,51.94646699965233,0.0,13.087479999740026,13.796553000247513,0.0,24.64975500060973
11,GATv2_margin,0,128,128,39.82782699949894,0.0,11.698532999616873,18.277719000252546,0.0,9.504099999503524
11,GATv2_margin,0,256,128,35.39227000055689,0.0,13.644483999996737,12.685030999818991,0.0,8.733666999432899
11,GATv2_margin,0,384,128,33.38832900044508,0.0,13.011572000323213,13.304797999808216,0.0,6.731845999638608
11,GATv2_margin,0,512,128,34.624664999682864,0.0,13.539446999857319,12.117254000258981,0.0,8.593628999733482
11,GATv2_margin,0,640,128,31.056668000019272,0.0,12.419919999956619,9.70578100077546,0.0,8.599177999712992
11,GATv2_margin,0,768,128,38.175547000719234,0.0,13.162673999431718,16.93577199966967,0.0,7.736950999969849
11,GATv2_margin,0,896,128,38.62545299944031,0.0,11.044760999538994,19.24581000002945,0.0,7.99703699976817
11,GATv2_margin,0,1024,128,34.206371000436775,0.0,10.868306000702432,13.81646399931924,0.0,9.159715000350843
11,GATv2_margin,0,1152,128,38.979634999122936,0.0,13.229977000264626,17.46359500066319,0.0,7.934836999993422
11,GATv2_margin,0,1280,128,38.149933000568126,0.0,15.425007999510854,16.068018999249034,0.0,6.250002999877324
11,GATv2_margin,0,1408,128,29.451334999976098,0.0,10.798882999552006,12.128514000323776,0.0,6.139232000350603
11,GATv2_margin,0,1536,128,29.10381500078074,0.0,11.080801999924006,11.87935199959611,0.0,5.8259070001440705
11,GATv2_margin,0,1664,128,41.615565000029164,0.0,11.659669000437134,20.06370299932314,0.0,9.413880000465724
11,GATv2_margin,0,1792,128,41.53987299923756,0.0,13.734809999732533,17.971845999454672,0.0,9.440152000024682
11,GATv2_margin,0,1920,128,44.39941000055114,0.0,14.444622000155505,22.61551999981748,0.0,6.9309930004237685
11,GATv2_margin,0,2048,128,40.962744999887946,0.0,11.408662000576442,21.68084799995995,0.0,7.513208999625931
11,GATv2_margin,0,2176,128,36.045662999640626,0.0,13.624555000205874,14.664812000773964,0.0,7.389778999822738
11,GATv2_margin,0,2304,128,27.162544999555394,0.0,10.538271999394055,10.284955000315676,0.0,6.0033809995729825
11,GATv2_margin,0,2432,128,37.19680799986236,0.0,10.68701899930602,17.015653000271413,0.0,9.15610599986394
11,GATv2_margin,0,2560,128,35.19564700036426,0.0,13.64447600008134,12.15043299998797,0.0,9.052577000147721
11,GATv2_margin,0,2688,128,33.07071499966696,0.0,13.063120999504463,11.405948999708926,0.0,8.19988400053262
11,GATv2_margin,0,2816,128,33.92880699993839,0.0,10.818084000675299,16.739952000534686,0.0,6.013672999870323
11,GATv2_margin,0,2944,128,34.43256700029451,0.0,10.374991000389855,14.900802999363805,0.0,8.81288799973845
11,GATv2_margin,0,3072,128,35.7283200000893,0.0,13.160531000721676,13.38584999939485,0.0,8.853117999933602
11,GATv2_margin,0,3200,128,35.20900500006974,0.0,13.4698230003778,14.511069999571191,0.0,6.739464000020234
11,GATv2_margin,0,3328,128,34.72156099996937,0.0,13.302667999596451,12.592320999829099,0.0,8.483410999360785
11,GATv2_margin,0,3456,128,35.1663629999166,0.0,11.650385999928403,14.337771000100474,0.0,8.849567000652314
11,GATv2_margin,0,3584,64,28.964062000341073,0.0,12.475416000597761,10.179373000028136,0.0,6.1018520000288845
11,GATv2_margin,1,0,128,36.094664000302146,0.0,13.551815000028,13.69462500042573,0.0,8.505168000738195
11,GATv2_margin,1,128,128,37.30140199968446,0.0,13.462312999763526,17.210975000125472,0.0,6.297807000009925
11,GATv2_margin,1,256,128,30.771760999414255,0.0,11.094095999396814,12.185970999780693,0.0,7.148400000005495
11,GATv2_margin,1,384,128,34.47782100010954,0.0,12.809330999516533,13.930625999819313,0.0,7.390456999928574
11,GATv2_margin,1,512,128,31.850331999521586,0.0,13.510523999684665,12.314562000028673,0.0,5.685678999725496
11,GATv2_margin,1,640,128,30.88322499934293,0.0,10.750137000286486,10.657518999323656,0.0,9.009267000692489
11,GATv2_margin,1,768,128,42.85770699971181,0.0,14.042153999980655,19.248965999395296,0.0,9.184423000078823
11,GATv2_margin,1,896,128,40.816706999976304,0.0,14.180195999870193,20.81004999945435,0.0,5.461445000037202
11,GATv2_margin,1,1024,128,34.357718999672215,0.0,10.787772000185214,15.299430999220931,0.0,7.9038000003492925
11,GATv2_margin,1,1152,128,34.861574999922595,0.0,10.960859999613604,18.371211000157928,0.0,5.185592999623623
11,GATv2_margin,1,1280,128,31.94903500025248,0.0,10.003102000155195,15.720266999778687,0.0,5.836270999679982
11,GATv2_margin,1,1408,128,28.93720799966104,0.0,10.855755000193312,12.586853000357223,0.0,5.130988999553665
11,GATv2_margin,1,1536,128,28.507466000519344,0.0,9.674471999460366,13.479079999342503,0.0,5.022567999731109
11,GATv2_margin,1,1664,128,39.04347099978622,0.0,11.562114000298607,20.93254400006117,0.0,6.143958999928145
11,GATv2_margin,1,1792,128,36.72856699995464,0.0,10.96128300014243,19.23213999998552,0.0,6.100501000219083
11,GATv2_margin,1,1920,128,37.54507400026341,0.0,10.571278000497841,20.46996099943499,0.0,6.14793099975941
11,GATv2_margin,1,2048,128,38.564071000109834,0.0,11.834814000394545,20.327870000073744,0.0,6.049937999705435
11,GATv2_margin,1,2176,128,33.339233999868156,0.0,10.073845000079018,14.775020999877597,0.0,8.162014999470557
11,GATv2_margin,1,2304,128,33.881162000398035,0.0,12.0867100004034,11.787954000283207,0.0,9.647351000239723
11,GATv2_margin,1,2432,128,38.239579999753914,0.0,14.440217000810662,16.81959600045957,0.0,6.632446999901731
11,GATv2_margin,1,2560,128,32.706255999983114,0.0,12.006837000626547,12.555916000565048,0.0,7.826187000318896
11,GATv2_margin,1,2688,128,34.47084500021447,0.0,13.533850000385428,11.565906000214454,0.0,9.008596000057878
11,GATv2_margin,1,2816,128,36.8512989998635,0.0,13.501589000043168,15.61943400065502,0.0,7.2724420006125
11,GATv2_margin,1,2944,128,34.896602999651805,0.0,12.001919999420352,15.68720300019777,0.0,6.851006000033522
11,GATv2_margin,1,3072,128,37.063259999740694,0.0,13.784226000097988,14.021304000380042,0.0,8.909795999898051
11,GATv2_margin,1,3200,128,39.68004799935443,0.0,13.837157000125444,15.488117000131751,0.0,9.954430000107095
11,GATv2_margin,1,3328,128,34.31838400047127,0.0,12.651578999793855,12.83536200025992,0.0,8.490758000334608
11,GATv2_margin,1,3456,128,38.11739800039504,0.0,13.380349999351893,14.622509000218997,0.0,9.779205999620899
11,GATv2_margin,1,3584,64,28.73868400001811,0.0,12.144305999754579,9.583668000232137,0.0,6.774667999707162
11,GATv2_margin,2,0,128,36.32096499950421,0.0,13.796772999739915,15.909622000435775,0.0,6.236893000277632
11,GATv2_margin,2,128,128,41.87179800010199,0.0,12.734877999719174,18.532062999838672,0.0,10.086585999488307
11,GATv2_margin,2,256,128,36.593716999959724,0.0,13.461278000249877,13.183187999857182,0.0,9.576096999808215
11,GATv2_margin,2,384,128,40.76223200081586,0.0,16.23569799994584,13.973816000543593,0.0,10.181265000028361
11,GATv2_margin,2,512,128,38.7261710002349,0.0,15.987064999535505,12.559636999867507,0.0,9.814993999498256
11,GATv2_margin,2,640,128,36.00395300054515,0.0,16.056860999924538,10.942256000816997,0.0,8.676397999806795
11,GATv2_margin,2,768,128,42.362010999568156,0.0,14.993435999713256,16.87667700025486,0.0,10.114411999893491
11,GATv2_margin,2,896,128,44.48837800009642,0.0,14.561912000317534,20.52135499980068,0.0,9.03258700054721
11,GATv2_margin,2,1024,128,37.11107900016941,0.0,14.495811999950092,14.605194000068877,0.0,7.63071600067633
11,GATv2_margin,2,1152,128,41.541864999999234,0.0,14.677293000204372,17.258103999665764,0.0,9.197127999868826
11,GATv2_margin,2,1280,128,38.73296600067988,0.0,15.5652920002467,14.614865000112331,0.0,8.228435999626527
11,GATv2_margin,2,1408,128,34.8178160002135,0.0,16.11908700033382,11.291939999864553,0.0,7.0711030002712505
11,GATv2_margin,2,1536,128,38.94657000000734,0.0,15.937076000227535,13.310099000591435,0.0,9.372786000312772
11,GATv2_margin,2,1664,128,42.57356199923379,0.0,14.662366000266047,18.54275499954383,0.0,9.023497000271163
11,GATv2_margin,2,1792,128,40.71532499983732,0.0,15.50393300021824,16.33762100027525,0.0,8.512467999935325
11,GATv2_margin,2,1920,128,47.42121900017082,0.0,15.905379000287212,22.096476000115217,0.0,9.064943000339554
11,GATv2_margin,2,2048,128,47.42774799979088,0.0,16.089583999928436,20.915506000164896,0.0,10.100451999278448
11,GATv2_margin,2,2176,128,38.71991699998034,0.0,14.827783999862731,15.08385599936446,0.0,8.457234000161407
11,GATv2_margin,2,2304,128,33.23863099922164,0.0,14.911401000063051,10.34664700000576,0.0,7.658432999960496
11,GATv2_margin,2,2432,128,42.71507900011784,0.0,15.247861999341694,16.847974999109283,0.0,10.287613999935274
11,GATv2_margin,2,2560,128,36.126413999227225,0.0,15.669825000259152,11.77851499960525,0.0,8.328660000188393
11,GATv2_margin,2,2688,128,35.091118999844184,0.0,15.049104000354419,11.367402000360016,0.0,8.357781000086106
11,GATv2_margin,2,2816,128,38.4044479997101,0.0,13.683479000064835,15.440570000464504,0.0,8.93670099958399
11,GATv2_margin,2,2944,128,41.03500799919857,0.0,16.490941000483872,15.260556999237451,0.0,8.910732000003918
11,GATv2_margin,2,3072,128,39.27274700072303,0.0,15.22779700007959,14.220250000107626,0.0,9.439645999918866
11,GATv2_margin,2,3200,128,43.90603200045007,0.0,16.919387000598363,16.37632800066058,0.0,10.24664299984579
11,GATv2_margin,2,3328,128,36.12960499958717,0.0,14.31362099992839,14.234127000236185,0.0,7.205655000689148
11,GATv2_margin,2,3456,128,37.35194700038846,0.0,12.66879800004972,15.046421000079135,0.0,9.28844800000661
11,GATv2_margin,2,3584,64,30.281098000159545,0.0,13.045736999629298,9.426034999705735,0.0,7.5664859996322775
22,degree_logistic,0,0,128,3.3436159992561443,3.288466999947559,0.0,0.0,0.05053400036558742,0.0
22,degree_logistic,0,128,128,3.742543999578629,3.6989479995099828,0.0,0.0,0.03647899939096533,0.0
22,degree_logistic,0,256,128,3.26037400009227,3.22863299970777,0.0,0.0,0.02718599989748327,0.0
22,degree_logistic,0,384,128,3.0339289996845764,3.006586000083189,0.0,0.0,0.023532000341219828,0.0
22,degree_logistic,0,512,128,2.946001000054821,2.9175079998822184,0.0,0.0,0.024462000510538928,0.0
22,degree_logistic,0,640,128,2.96910800079786,2.943468000012217,0.0,0.0,0.022105999960331246,0.0
22,degree_logistic,0,768,128,3.514977000122599,3.4796519994415576,0.0,0.0,0.02865799979190342,0.0
22,degree_logistic,0,896,128,3.1642579997424036,3.1317319999288884,0.0,0.0,0.02754399974946864,0.0
22,degree_logistic,0,1024,128,3.059609000047203,3.0275070002971916,0.0,0.0,0.02748099996097153,0.0
22,degree_logistic,0,1152,128,3.0091449998508324,2.973917000417714,0.0,0.0,0.03137600015179487,0.0
22,degree_logistic,0,1280,128,3.1302209999921615,3.097378999882494,0.0,0.0,0.028549000489874743,0.0
22,degree_logistic,0,1408,128,3.2571179999649758,3.2263220000459114,0.0,0.0,0.025762999939615838,0.0
22,degree_logistic,0,1536,128,3.3214670002053026,3.2938760004981305,0.0,0.0,0.023460000193153974,0.0
22,degree_logistic,0,1664,128,2.9023110000707675,2.8774829997928464,0.0,0.0,0.021337000362109393,0.0
22,degree_logistic,0,1792,128,2.961031999802799,2.9370990005190833,0.0,0.0,0.020839000171690714,0.0
22,degree_logistic,0,1920,128,3.170847000546928,3.1447320006918744,0.0,0.0,0.02265900002385024,0.0
22,degree_logistic,0,2048,128,3.3509530003357213,3.3194509996974375,0.0,0.0,0.02645800032041734,0.0
22,degree_logistic,0,2176,128,2.8346050003165146,2.8089350007576286,0.0,0.0,0.022185000489116646,0.0
22,degree_logistic,0,2304,128,2.7455640001790016,2.721324000049208,0.0,0.0,0.020808999579458032,0.0
22,degree_logistic,0,2432,128,2.9174990004321444,2.892718000111927,0.0,0.0,0.02161999964300776,0.0
22,degree_logistic,0,2560,128,2.905518999796186,2.881264999814448,0.0,0.0,0.02084500010823831,0.0
22,degree_logistic,0,2688,128,3.3626849999564,3.3289680004600086,0.0,0.0,0.02782299998216331,0.0
22,degree_logistic,0,2816,128,2.8680409996013623,2.8341939996607834,0.0,0.0,0.03033800021512434,0.0
22,degree_logistic,0,2944,128,2.831664999575878,2.8068270003132056,0.0,0.0,0.021537000066018663,0.0
22,degree_logistic,0,3072,128,2.8977499996472034,2.8744399996867287,0.0,0.0,0.02057899928331608,0.0
22,degree_logistic,0,3200,128,2.839124000274751,2.815582000039285,0.0,0.0,0.020758000573550817,0.0
22,degree_logistic,0,3328,128,3.297217000181263,3.2695379995857365,0.0,0.0,0.022836999960418325,0.0
22,degree_logistic,0,3456,128,2.9986460003783577,2.973485999973491,0.0,0.0,0.02163599947380135,0.0
22,degree_logistic,0,3584,64,1.5850970003157272,1.5593770003761165,0.0,0.0,0.022038999304641038,0.0
22,degree_logistic,1,0,128,4.263492000063707,4.211295999994036,0.0,0.0,0.04594300025928533,0.0
22,degree_logistic,1,128,128,3.2416149997516186,3.205869999874267,0.0,0.0,0.031411999771080445,0.0
22,degree_logistic,1,256,128,2.96829200033244,2.9382270004134625,0.0,0.0,0.02647200017236173,0.0
22,degree_logistic,1,384,128,3.3752480003386154,3.340717000355653,0.0,0.0,0.029831999199814163,0.0
22,degree_logistic,1,512,128,3.0326710002555046,3.0024620000403957,0.0,0.0,0.025925000045390334,0.0
22,degree_logistic,1,640,128,2.8470170000218786,2.8213149998919107,0.0,0.0,0.022078999791119713,0.0
22,degree_logistic,1,768,128,3.019269000105851,2.992941999764298,0.0,0.0,0.022447999981523026,0.0
22,degree_logistic,1,896,128,2.879286000279535,2.8542050004034536,0.0,0.0,0.021716999981435947,0.0
22,degree_logistic,1,1024,128,3.6851679997198517,3.658389000520401,0.0,0.0,0.02306200076418463,0.0
22,degree_logistic,1,1152,128,3.0317010005092015,3.0062820005696267,0.0,0.0,0.021845999981451314,0.0
22,degree_logistic,1,1280,128,3.1812289998924825,3.154414999698929,0.0,0.0,0.023134000002755783,0.0
22,degree_logistic,1,1408,128,3.217815999960294,3.191144000084023,0.0,0.0,0.02309299998159986,0.0
22,degree_logistic,1,1536,128,3.0894569999873056,3.063021000343724,0.0,0.0,0.022914999135537073,0.0
22,degree_logistic,1,1664,128,3.1695849993411684,3.1438460000572377,0.0,0.0,0.022294000700640026,0.0
22,degree_logistic,1,1792,128,3.172711999468447,3.1463139994230005,0.0,0.0,0.023097999473975506,0.0
22,degree_logistic,1,1920,128,3.2633219998388086,3.2363469999836525,0.0,0.0,0.023151000277721323,0.0
22,degree_logistic,1,2048,128,3.347833000589162,3.3220820005226415,0.0,0.0,0.02206800036219647,0.0
22,degree_logistic,1,2176,128,3.160143000059179,3.1340039995484403,0.0,0.0,0.02219500038336264,0.0
22,degree_logistic,1,2304,128,3.055624000808166,3.0303440007628524,0.0,0.0,0.021958000615995843,0.0
22,degree_logistic,1,2432,128,3.237450000597164,3.205655000783736,0.0,0.0,0.02766599936876446,0.0
22,degree_logistic,1,2560,128,3.0266230005508987,3.0012750003152178,0.0,0.0,0.021642000319843646,0.0
22,degree_logistic,1,2688,128,3.12695899992832,3.101123000305961,0.0,0.0,0.022135999643069226,0.0
22,degree_logistic,1,2816,128,3.089187999648857,3.061860999878263,0.0,0.0,0.0234159997489769,0.0
22,degree_logistic,1,2944,128,3.120409000075597,3.094487999987905,0.0,0.0,0.0226439997277339,0.0
22,degree_logistic,1,3072,128,3.193095000824542,3.1653840005674283,0.0,0.0,0.023550000150862616,0.0
22,degree_logistic,1,3200,128,3.0702519998158095,3.0442590004895465,0.0,0.0,0.022336999791150447,0.0
22,degree_logistic,1,3328,128,3.074254000239307,3.0476490001092316,0.0,0.0,0.02263000078528421,0.0
22,degree_logistic,1,3456,128,3.5076180001851753,3.4721960000752006,0.0,0.0,0.02290599968546303,0.0
22,degree_logistic,1,3584,64,1.5589499998895917,1.535305999823322,0.0,0.0,0.020708999727503397,0.0
22,degree_logistic,2,0,128,3.3625429996391176,3.306121999230527,0.0,0.0,0.05052999949839432,0.0
22,degree_logistic,2,128,128,3.0219780001061736,2.995286999976088,0.0,0.0,0.023192000298877247,0.0
22,degree_logistic,2,256,128,3.038035999452404,2.9976099995110417,0.0,0.0,0.03662699964479543,0.0
22,degree_logistic,2,384,128,3.071447000365879,3.0437800005529425,0.0,0.0,0.02369699996052077,0.0
22,degree_logistic,2,512,128,3.7981310006216518,3.770367000470287,0.0,0.0,0.02344999938941328,0.0
22,degree_logistic,2,640,128,3.054861999771674,3.0278430003818357,0.0,0.0,0.023364999833574984,0.0
22,degree_logistic,2,768,128,3.0439669999395846,3.018541000528785,0.0,0.0,0.022232000446820166,0.0
22,degree_logistic,2,896,128,3.1604499999957625,3.135036999992735,0.0,0.0,0.02199200025643222,0.0
22,degree_logistic,2,1024,128,3.799121999691124,3.7665099998775986,0.0,0.0,0.02744699941104045,0.0
22,degree_logistic,2,1152,128,3.941823000786826,3.9084710006136447,0.0,0.0,0.028219000341778155,0.0
22,degree_logistic,2,1280,128,3.0219529999158112,2.997030000187806,0.0,0.0,0.021722000383306295,0.0
22,degree_logistic,2,1408,128,2.932350000264705,2.9014070005359827,0.0,0.0,0.026376999812782742,0.0
22,degree_logistic,2,1536,128,3.0471889995169477,3.0193809998309007,0.0,0.0,0.024215999474108685,0.0
22,degree_logistic,2,1664,128,2.9330340003070887,2.9075570000713924,0.0,0.0,0.022164999791129958,0.0
22,degree_logistic,2,1792,128,3.1736460005049594,3.1469710002056672,0.0,0.0,0.022694999643135816,0.0
22,degree_logistic,2,1920,128,2.9778620000797673,2.9489910002666875,0.0,0.0,0.0245040000663721,0.0
22,degree_logistic,2,2048,128,2.9521860005843337,2.926947000560176,0.0,0.0,0.021668999579560477,0.0
22,degree_logistic,2,2176,128,2.8865149997727713,2.8596769998330274,0.0,0.0,0.02310899981239345,0.0
22,degree_logistic,2,2304,128,3.12157699954696,3.094695999607211,0.0,0.0,0.023196000256575644,0.0
22,degree_logistic,2,2432,128,3.598540999519173,3.5682729994732654,0.0,0.0,0.025328999981866218,0.0
22,degree_logistic,2,2560,128,2.828982999744767,2.8027979997204966,0.0,0.0,0.02278500051033916,0.0
22,degree_logistic,2,2688,128,2.717072000450571,2.6912390003417386,0.0,0.0,0.02228399989689933,0.0
22,degree_logistic,2,2816,128,2.758373999313335,2.7353289997336105,0.0,0.0,0.020170000425423495,0.0
22,degree_logistic,2,2944,128,2.773709999928542,2.7489829999467474,0.0,0.0,0.021492000087164342,0.0
22,degree_logistic,2,3072,128,3.118251000159944,3.091827999924135,0.0,0.0,0.02252300055261003,0.0
22,degree_logistic,2,3200,128,2.885974000491842,2.860108999811928,0.0,0.0,0.022666999939247034,0.0
22,degree_logistic,2,3328,128,3.1034339999678195,3.0781380000917125,0.0,0.0,0.021811999431520235,0.0
22,degree_logistic,2,3456,128,2.966279999782273,2.939662000244425,0.0,0.0,0.02276499981235247,0.0
22,degree_logistic,2,3584,64,1.6320060003636172,1.607806000720302,0.0,0.0,0.0212459999602288,0.0
22,degree_MLP,0,0,128,4.684733000431152,3.2592420002401923,0.0,0.0,1.4168890002110857,0.0
22,degree_MLP,0,128,128,5.711794000490045,3.0994290000307956,0.0,0.0,2.604749000056472,0.0
22,degree_MLP,0,256,128,4.189623000456777,2.8968860005988972,0.0,0.0,1.2847439993493026,0.0
22,degree_MLP,0,384,128,4.29813299979287,2.902190999520826,0.0,0.0,1.3886509996154928,0.0
22,degree_MLP,0,512,128,4.507654000008188,3.1174660007309285,0.0,0.0,1.3821799993820605,0.0
22,degree_MLP,0,640,128,5.593546000454808,3.366859000379918,0.0,0.0,2.2204840006452287,0.0
22,degree_MLP,0,768,128,4.370499000287964,2.981251000164775,0.0,0.0,1.3849400002072798,0.0
22,degree_MLP,0,896,128,4.21720499980438,2.9232440001578652,0.0,0.0,1.2894169994979165,0.0
22,degree_MLP,0,1024,128,4.806438000741764,3.405286000088381,0.0,0.0,1.3944580005045282,0.0
22,degree_MLP,0,1152,128,5.963884000266262,3.111281999736093,0.0,0.0,2.848178000022017,0.0
22,degree_MLP,0,1280,128,4.486807000830595,3.1439790000149515,0.0,0.0,1.335990000370657,0.0
22,degree_MLP,0,1408,128,4.341145000580582,3.009517000464257,0.0,0.0,1.326890999735042,0.0
22,degree_MLP,0,1536,128,4.469530999813287,3.155209000397008,0.0,0.0,1.308513000367384,0.0
22,degree_MLP,0,1664,128,4.351861999566609,3.0400539999391185,0.0,0.0,1.3058980002824683,0.0
22,degree_MLP,0,1792,128,5.8489080001891125,3.0402430002141045,0.0,0.0,2.8023089998896467,0.0
22,degree_MLP,0,1920,128,4.232721000335005,3.0930470002203947,0.0,0.0,1.133965999542852,0.0
22,degree_MLP,0,2048,128,4.344220999882964,3.052295000088634,0.0,0.0,1.287348000005295,0.0
22,degree_MLP,0,2176,128,3.9627079995625536,2.9359430000113207,0.0,0.0,1.0224659999948926,0.0
22,degree_MLP,0,2304,128,5.648007999297988,3.1693339997218573,0.0,0.0,2.474046000315866,0.0
22,degree_MLP,0,2432,128,4.117534000215528,2.8837460004069726,0.0,0.0,1.228894000632863,0.0
22,degree_MLP,0,2560,128,4.574636000143073,3.243779000513314,0.0,0.0,1.3250499996502185,0.0
22,degree_MLP,0,2688,128,4.463100999601011,3.142521999507153,0.0,0.0,1.3149699998393771,0.0
22,degree_MLP,0,2816,128,5.511110000043118,2.9353979998631985,0.0,0.0,2.5711970001793816,0.0
22,degree_MLP,0,2944,128,4.5167469997977605,3.0192209997039754,0.0,0.0,1.4930260003893636,0.0
22,degree_MLP,0,3072,128,5.144650999682199,3.0230879992814153,0.0,0.0,2.1163589999559917,0.0
22,degree_MLP,0,3200,128,4.3020960001740605,2.9342190000534174,0.0,0.0,1.3623950007968233,0.0
22,degree_MLP,0,3328,128,5.934993999289873,2.788499999951455,0.0,0.0,3.140956999232003,0.0
22,degree_MLP,0,3456,128,5.201996999858238,3.052306999961729,0.0,0.0,2.144160000170814,0.0
22,degree_MLP,0,3584,64,2.936065000540111,1.4895330004947027,0.0,0.0,1.442302000214113,0.0
22,degree_MLP,1,0,128,4.531576999397657,3.2579389999227715,0.0,0.0,1.2663290008276817,0.0
22,degree_MLP,1,128,128,5.831928999214142,3.3442569992985227,0.0,0.0,2.482077000422578,0.0
22,degree_MLP,1,256,128,4.021547000775172,2.8256590003366,0.0,0.0,1.1896630003320752,0.0
22,degree_MLP,1,384,128,4.372672000499733,3.1764330005898955,0.0,0.0,1.1915940003746073,0.0
22,degree_MLP,1,512,128,6.105110000135028,2.998791999743844,0.0,0.0,3.101391999734915,0.0
22,degree_MLP,1,640,128,4.130199999963224,2.901617999668815,0.0,0.0,1.2236010006745346,0.0
22,degree_MLP,1,768,128,4.293934000088484,3.104316000644758,0.0,0.0,1.184545999421971,0.0
22,degree_MLP,1,896,128,4.490596999858099,3.2815249996929197,0.0,0.0,1.2042520002069068,0.0
22,degree_MLP,1,1024,128,4.399786000249151,3.1028910007080412,0.0,0.0,1.29037300030177,0.0
22,degree_MLP,1,1152,128,4.201789999569883,3.1477359998461907,0.0,0.0,1.048914000421064,0.0
22,degree_MLP,1,1280,128,4.35273600032815,3.0863160000080825,0.0,0.0,1.2610339999810094,0.0
22,degree_MLP,1,1408,128,4.400005999741552,3.079113999774563,0.0,0.0,1.3165359996492043,0.0
22,degree_MLP,1,1536,128,4.310801999963587,2.9629779992319527,0.0,0.0,1.343478000308096,0.0
22,degree_MLP,1,1664,128,5.619173999548366,3.6951379997844924,0.0,0.0,1.9182969999747002,0.0
22,degree_MLP,1,1792,128,4.456057999959739,3.0477219997919747,0.0,0.0,1.399585999934061,0.0
22,degree_MLP,1,1920,128,4.414729000018269,2.995562000251084,0.0,0.0,1.413207999576116,0.0
22,degree_MLP,1,2048,128,4.6759679999013315,3.2203060000028927,0.0,0.0,1.451250999707554,0.0
22,degree_MLP,1,2176,128,6.100730000071053,2.8574060006576474,0.0,0.0,3.2388310000897036,0.0
22,degree_MLP,1,2304,128,4.238413999701152,2.909991999331396,0.0,0.0,1.3242779996289755,0.0
22,degree_MLP,1,2432,128,4.60966999980883,3.1462440001632785,0.0,0.0,1.4571159999832162,0.0
22,degree_MLP,1,2560,128,4.386529999464983,3.2181639999180334,0.0,0.0,1.1628339998424053,0.0
22,degree_MLP,1,2688,128,4.261056999894208,2.8248049993635505,0.0,0.0,1.4311249997263076,0.0
22,degree_MLP,1,2816,128,4.088007999598631,2.8266449999136967,0.0,0.0,1.256677999663225,0.0
22,degree_MLP,1,2944,128,4.497201000049245,3.533910999976797,0.0,0.0,0.9587620006641373,0.0
22,degree_MLP,1,3072,128,4.016711999611289,2.893467999456334,0.0,0.0,1.1180889996467158,0.0
22,degree_MLP,1,3200,128,4.531270000370569,3.0430180004259455,0.0,0.0,1.4836569998806226,0.0
22,degree_MLP,1,3328,128,5.691493999620434,3.2407420003437437,0.0,0.0,2.4457330000586808,0.0
22,degree_MLP,1,3456,128,5.204501000662276,2.9570120004791534,0.0,0.0,2.241694000076677,0.0
22,degree_MLP,1,3584,64,3.048412999305583,1.5917849996185396,0.0,0.0,1.4518759999191388,0.0
22,degree_MLP,2,0,128,4.675039999710862,3.3117969996965257,0.0,0.0,1.3557540005422197,0.0
22,degree_MLP,2,128,128,4.551590000119177,3.1901620004646247,0.0,0.0,1.3553199996749754,0.0
22,degree_MLP,2,256,128,4.019455000161543,2.9351190005399985,0.0,0.0,1.0763120008050464,0.0
22,degree_MLP,2,384,128,3.8940030008234316,2.919913000368979,0.0,0.0,0.9677809994173003,0.0
22,degree_MLP,2,512,128,4.608947000633634,3.5379620003368473,0.0,0.0,1.066155999978946,0.0
22,degree_MLP,2,640,128,4.036500999973214,3.2181030001083855,0.0,0.0,0.8142309998220298,0.0
22,degree_MLP,2,768,128,4.504294000071241,3.4453779999239487,0.0,0.0,1.0547780002525542,0.0
22,degree_MLP,2,896,128,4.26592699932371,2.9727009996349807,0.0,0.0,1.2883959998362116,0.0
22,degree_MLP,2,1024,128,5.924632000642305,3.553982000084943,0.0,0.0,2.364947000387474,0.0
22,degree_MLP,2,1152,128,4.415002000314416,2.9149840001991834,0.0,0.0,1.4943870000934112,0.0
22,degree_MLP,2,1280,128,4.421068999363342,3.044501999283966,0.0,0.0,1.3713029993596138,0.0
22,degree_MLP,2,1408,128,5.557449000662018,3.368737000528199,0.0,0.0,2.1822110002176487,0.0
22,degree_MLP,2,1536,128,5.3409030006150715,3.187702000104764,0.0,0.0,2.1468280001499807,0.0
22,degree_MLP,2,1664,128,4.540870999335311,3.1148250000114786,0.0,0.0,1.4189940002324875,0.0
22,degree_MLP,2,1792,128,4.73756700012018,3.3949290000236942,0.0,0.0,1.3367660003495985,0.0
22,degree_MLP,2,1920,128,4.432331000316481,3.0847640000501997,0.0,0.0,1.3422140000329819,0.0
22,degree_MLP,2,2048,128,5.8299109996369225,3.139665999697172,0.0,0.0,2.6842360002774512,0.0
22,degree_MLP,2,2176,128,4.589444999510306,3.1726229999549105,0.0,0.0,1.4118250001047272,0.0
22,degree_MLP,2,2304,128,4.365274000520003,2.9950250000183587,0.0,0.0,1.3647309997395496,0.0
22,degree_MLP,2,2432,128,4.294934999961697,2.930601999651117,0.0,0.0,1.3595419995908742,0.0
22,degree_MLP,2,2560,128,6.224800000381947,2.963867999824288,0.0,0.0,3.2553560004089377,0.0
22,degree_MLP,2,2688,128,4.309633000048052,2.9327669999474892,0.0,0.0,1.3706600002478808,0.0
22,degree_MLP,2,2816,128,4.149393000261625,2.858611000192468,0.0,0.0,1.2867400000686757,0.0
22,degree_MLP,2,2944,128,3.8545070001418935,2.8917519994138274,0.0,0.0,0.9519479999653413,0.0
22,degree_MLP,2,3072,128,4.659164999793575,3.1137389996729326,0.0,0.0,1.5408070003104513,0.0
22,degree_MLP,2,3200,128,5.839335000018764,2.7759110007536947,0.0,0.0,3.058676999899035,0.0
22,degree_MLP,2,3328,128,5.03682500038849,3.600255000492325,0.0,0.0,1.4314179998109466,0.0
22,degree_MLP,2,3456,128,4.63900399972772,3.0652839996037073,0.0,0.0,1.5693940003984608,0.0
22,degree_MLP,2,3584,64,2.998509999997623,1.5239710000969353,0.0,0.0,1.4703269998790347,0.0
22,relational_MLP,0,0,128,56.31273400013015,0.0,11.274751000200922,43.32398799942894,1.7060489999494166,0.0
22,relational_MLP,0,128,128,53.50158800047211,0.0,10.070680000353605,41.68747199946665,1.7366930005664472,0.0
22,relational_MLP,0,256,128,53.66300900004717,0.0,9.823059999689576,42.098468000403955,1.7341510001642746,0.0
22,relational_MLP,0,384,128,56.50182399949699,0.0,11.17076199989242,43.37913600011234,1.944792000358575,0.0
22,relational_MLP,0,512,128,53.426792999744066,0.0,10.333301000173378,41.30017699935706,1.7793549995985813,0.0
22,relational_MLP,0,640,128,55.00387099982618,0.0,10.887692000324023,42.173601999820676,1.9347820007169503,0.0
22,relational_MLP,0,768,128,61.85597300009249,0.0,10.266827000123158,49.78905799998756,1.7894550001074094,0.0
22,relational_MLP,0,896,128,54.398635999859835,0.0,10.291718000189576,42.428479000591324,1.6700249998393701,0.0
22,relational_MLP,0,1024,128,55.34725500001514,0.0,10.521923999476712,43.218998000156716,1.5988360000847024,0.0
22,relational_MLP,0,1152,128,54.43953999929363,0.0,9.801143999538908,43.05688699969323,1.57290999959514,0.0
22,relational_MLP,0,1280,128,54.399534999902244,0.0,9.857027000180096,42.434500999661395,2.0972780002921354,0.0
22,relational_MLP,0,1408,128,56.90881200007425,0.0,10.947851999844715,44.37591299938504,1.5750319998915074,0.0
22,relational_MLP,0,1536,128,54.50210500021058,0.0,10.13427199995931,42.33894199933275,2.0189189999655355,0.0
22,relational_MLP,0,1664,128,57.37789800059545,0.0,10.343130999899586,45.04016999999294,1.9847390003633336,0.0
22,relational_MLP,0,1792,128,54.67677100023138,0.0,11.042391999581014,41.83092400035093,1.7926619993886561,0.0
22,relational_MLP,0,1920,128,53.61350600014703,0.0,10.862686000109534,41.13672400035284,1.6057849998105667,0.0
22,relational_MLP,0,2048,128,53.5371509995457,0.0,10.924022999461158,41.019675999450556,1.5706580006735749,0.0
22,relational_MLP,0,2176,128,47.51639299956878,0.0,10.301311999683094,35.657395999805885,1.5502430005653878,0.0
22,relational_MLP,0,2304,128,48.13158399974782,0.0,9.947180000381195,36.24276099981216,1.93512300029397,0.0
22,relational_MLP,0,2432,128,48.77531700003601,0.0,10.031735999291413,36.926787000084005,1.8088779997924576,0.0
22,relational_MLP,0,2560,128,49.338720999912766,0.0,9.855999999672349,37.466584999492625,2.005657000154315,0.0
22,relational_MLP,0,2688,128,49.21836999983498,0.0,10.423773000184156,37.01876099967194,1.7625460004637716,0.0
22,relational_MLP,0,2816,128,48.26169500029209,0.0,11.037059000045701,35.30924999995477,1.9079639996562037,0.0
22,relational_MLP,0,2944,128,48.850684000171896,0.0,10.157522000554309,36.71545600082027,1.9701269993674941,0.0
22,relational_MLP,0,3072,128,49.596265999753086,0.0,10.146983999220538,37.70562399949995,1.7340160002277116,0.0
22,relational_MLP,0,3200,128,47.08542799926363,0.0,9.999218999837467,35.53727500002424,1.5407979999508825,0.0
22,relational_MLP,0,3328,128,44.566130000021076,0.0,10.059522999654291,32.72459099935077,1.775203000761394,0.0
22,relational_MLP,0,3456,128,47.564318999320676,0.0,9.897231999275391,35.8111129999088,1.8446679996486637,0.0
22,relational_MLP,0,3584,64,29.4376559995726,0.0,9.383655999954499,18.33821699983673,1.704521000647219,0.0
22,relational_MLP,1,0,128,56.9661340005041,0.0,10.23898499988718,44.90272400016693,1.815016999898944,0.0
22,relational_MLP,1,128,128,54.194045000258484,0.0,11.376264999853447,40.969286000290595,1.8406789995424333,0.0
22,relational_MLP,1,256,128,57.52163000033761,0.0,10.881305000111752,44.71452399957343,1.9147399998473702,0.0
22,relational_MLP,1,384,128,56.30708999979106,0.0,11.682377999932214,43.06454500056134,1.551992999338836,0.0
22,relational_MLP,1,512,128,55.54990699965856,0.0,10.95690799957083,42.405090000102064,2.1805699998367345,0.0
22,relational_MLP,1,640,128,56.43573300039861,0.0,10.550078000051144,43.82197799986898,2.0535920002657804,0.0
22,relational_MLP,1,768,128,56.37065399969288,0.0,11.155731000144442,43.29133900046145,1.9149749996358878,0.0
22,relational_MLP,1,896,128,55.95311399974889,0.0,11.496966999402503,42.57246799988934,1.8657600003280095,0.0
22,relational_MLP,1,1024,128,56.807267000294814,0.0,11.00636499995744,44.064468999749806,1.7260099994018674,0.0
22,relational_MLP,1,1152,128,54.58313700000872,0.0,9.650951999901736,43.128947000695916,1.791837999917334,0.0
22,relational_MLP,1,1280,128,54.61622700022417,0.0,10.136828000213427,42.65322799983551,1.815724999687518,0.0
22,relational_MLP,1,1408,128,53.953741999976046,0.0,9.870867999779875,42.14049799975328,1.9333279997226782,0.0
22,relational_MLP,1,1536,128,57.338286000231165,0.0,10.87402600023779,43.60846599956858,2.8481090002969722,0.0
22,relational_MLP,1,1664,128,58.22639599955437,0.0,12.519199999587727,44.15824500028975,1.541249999718275,0.0
22,relational_MLP,1,1792,128,57.433004000813526,0.0,11.525724999955855,43.95204600041325,1.948097999957099,0.0
22,relational_MLP,1,1920,128,57.303928000692395,0.0,13.47491600063222,41.923867000150494,1.89604600018356,0.0
22,relational_MLP,1,2048,128,56.548409999777505,0.0,11.690416999954323,42.9352729997845,1.9131870003548102,0.0
22,relational_MLP,1,2176,128,53.259589999470336,0.0,11.43924000007246,40.21316500075045,1.5972490000422113,0.0
22,relational_MLP,1,2304,128,49.26514599992515,0.0,10.075548999338935,37.16654600066249,2.0133979996899143,0.0
22,relational_MLP,1,2432,128,51.57043400049588,0.0,10.618768000313139,38.1285889998253,2.8150119997008005,0.0
22,relational_MLP,1,2560,128,49.162609000632074,0.0,10.201011999924958,37.0450210002673,1.8970230003105826,0.0
22,relational_MLP,1,2688,128,49.87367900048412,0.0,10.586248000436171,37.27261299991369,2.0054520000485354,0.0
22,relational_MLP,1,2816,128,48.075351000079536,0.0,10.744320999947377,35.343914999430126,1.9770580001932103,0.0
22,relational_MLP,1,2944,128,49.496270999952685,0.0,10.776676000205043,36.78510100053245,1.9266740000603022,0.0
22,relational_MLP,1,3072,128,49.1825279996192,0.0,10.47389999985171,36.916473999554,1.784600000064529,0.0
22,relational_MLP,1,3200,128,49.32703000031324,0.0,10.978674999932991,36.61618800015276,1.7249249995074933,0.0
22,relational_MLP,1,3328,128,46.42393300036929,0.0,10.266350000165403,34.29932800008828,1.8523369999456918,0.0
22,relational_MLP,1,3456,128,49.44795699975657,0.0,10.489718999451725,36.938059000021894,2.009212999837473,0.0
22,relational_MLP,1,3584,64,28.806717000406934,0.0,10.247902000628528,17.33624900043651,1.2158580002505914,0.0
22,relational_MLP,2,0,128,64.20073100071022,0.0,10.514358999898832,52.061057000173605,1.614042000255722,0.0
22,relational_MLP,2,128,128,54.66750400046294,0.0,10.884876999625703,41.79702100009308,1.969437999832735,0.0
22,relational_MLP,2,256,128,57.12390600001527,0.0,10.699620999730541,44.52634300014324,1.8873419994633878,0.0
22,relational_MLP,2,384,128,55.49462599992694,0.0,10.13808700008667,43.65988599965931,1.6869300006874255,0.0
22,relational_MLP,2,512,128,54.3318759991962,0.0,9.963493999748607,42.561006999676465,1.7974209995372803,0.0
22,relational_MLP,2,640,128,54.52473999957874,0.0,10.574123999504081,42.06913899997744,1.8725230002019089,0.0
22,relational_MLP,2,768,128,56.81994000042323,0.0,10.234082000351918,44.99651799960702,1.5788030004841858,0.0
22,relational_MLP,2,896,128,51.76687199946173,0.0,9.21594799910963,40.70869099996344,1.8340579999858164,0.0
22,relational_MLP,2,1024,128,54.27363599937962,0.0,10.491408999769192,42.00639499958925,1.7682200004855986,0.0
22,relational_MLP,2,1152,128,54.30040800001734,0.0,10.853669000425725,41.51123399969947,1.9273560001238366,0.0
22,relational_MLP,2,1280,128,55.05261500002234,0.0,11.613663000389352,41.74495400002343,1.6854470004545874,0.0
22,relational_MLP,2,1408,128,53.997332000108145,0.0,10.76997299969662,41.58152800027892,1.6328550000253017,0.0
22,relational_MLP,2,1536,128,54.534824999791454,0.0,10.000426999795309,42.561702999591944,1.9648690004032687,0.0
22,relational_MLP,2,1664,128,53.95169599978544,0.0,10.619293999297952,41.391427000235126,1.932025000314752,0.0
22,relational_MLP,2,1792,128,54.235678999248194,0.0,10.413365999738744,41.951924999921175,1.8634420002854313,0.0
22,relational_MLP,2,1920,128,53.883436000432994,0.0,10.748113000772719,41.221282000151405,1.9055510001635412,0.0
22,relational_MLP,2,2048,128,55.78752900055406,0.0,10.640838000654185,43.552365000323334,1.585218999935023,0.0
22,relational_MLP,2,2176,128,47.03743400023086,0.0,9.136927999861655,36.078546000680944,1.8138420000468614,0.0
22,relational_MLP,2,2304,128,48.145252999347576,0.0,9.765392000190332,36.44194800017431,1.92856000012398,0.0
22,relational_MLP,2,2432,128,48.239614000522124,0.0,10.413189000246348,35.83242500008055,1.9852289997288608,0.0
22,relational_MLP,2,2560,128,49.356973000612925,0.0,10.256139000375697,37.12309399998048,1.970483000150125,0.0
22,relational_MLP,2,2688,128,48.88815600043017,0.0,9.987929999624612,36.97557499981485,1.9165690000590985,0.0
22,relational_MLP,2,2816,128,46.483095999974466,0.0,9.756144000675704,35.162770000169985,1.55576899942389,0.0
22,relational_MLP,2,2944,128,50.98168699987582,0.0,10.574763000477105,38.51158599991322,1.8882869999288232,0.0
22,relational_MLP,2,3072,128,53.104218999578734,0.0,13.19108799998503,38.10973500003456,1.7961809999178513,0.0
22,relational_MLP,2,3200,128,48.771587000373984,0.0,10.508203999961552,36.26418899966666,1.9892939999408554,0.0
22,relational_MLP,2,3328,128,46.482515999741736,0.0,10.655172000042512,33.90368700002,1.9139949999953387,0.0
22,relational_MLP,2,3456,128,46.10408499956975,0.0,10.5154009997932,34.005094000349345,1.5749600006529363,0.0
22,relational_MLP,2,3584,64,27.387549000195577,0.0,8.852590999595122,17.059196999980486,1.4684190000480157,0.0
22,knn_mean,0,0,128,53.30967699956091,0.0,10.155582999686885,43.11074099950929,0.0359819996447186,0.0
22,knn_mean,0,128,128,52.2211529996639,0.0,11.17816500027402,41.01230400010536,0.024619999749120325,0.0
22,knn_mean,0,256,128,54.3643159999192,0.0,11.130574000162596,43.2018479996259,0.0255899994954234,0.0
22,knn_mean,0,384,128,54.11434300003748,0.0,10.637391999807733,43.44077299992932,0.02849100019375328,0.0
22,knn_mean,0,512,128,53.71519700020144,0.0,11.427860999901895,42.24853800042183,0.031181999474938493,0.0
22,knn_mean,0,640,128,53.51774500013562,0.0,11.900792000233196,41.585797000152525,0.02495500029908726,0.0
22,knn_mean,0,768,128,53.69430400060082,0.0,10.753268000371463,42.901789999632456,0.030518000130541623,0.0
22,knn_mean,0,896,128,55.32420099916635,0.0,11.526584999955958,43.76350799975626,0.026941999749396928,0.0
22,knn_mean,0,1024,128,52.71783199987112,0.0,10.959981000269181,41.718478999428044,0.0310179993903148,0.0
22,knn_mean,0,1152,128,52.583456999855116,0.0,11.180925999724423,41.37338100008492,0.023319000320043415,0.0
22,knn_mean,0,1280,128,57.91818800025794,0.0,11.291296999843325,46.58585899960599,0.03090799964411417,0.0
22,knn_mean,0,1408,128,56.70135200034565,0.0,9.561971000039193,47.0986840000478,0.030918999982532114,0.0
22,knn_mean,0,1536,128,58.27732800025842,0.0,12.312326000028406,45.92543000035221,0.029052000172669068,0.0
22,knn_mean,0,1664,128,56.339013000069826,0.0,11.064733000239357,45.23512500054494,0.030172999686328694,0.0
22,knn_mean,0,1792,128,56.475323000086064,0.0,10.679166999580048,45.75397200005682,0.032262999411614146,0.0
22,knn_mean,0,1920,128,55.4430570000477,0.0,11.111111999525747,44.29473700020026,0.028454999664973002,0.0
22,knn_mean,0,2048,128,54.48398799944698,0.0,11.019374000170501,43.42748299950472,0.02857100025721593,0.0
22,knn_mean,0,2176,128,52.354336000462354,0.0,11.32543100084149,40.97181199995248,0.029304000236152206,0.0
22,knn_mean,0,2304,128,49.03441999977076,0.0,10.03279099950305,38.96574600003078,0.027742000384023413,0.0
22,knn_mean,0,2432,128,50.14498799937428,0.0,9.400932000062312,40.70882699943468,0.02806900010909885,0.0
22,knn_mean,0,2560,128,50.410679999913555,0.0,10.715147000155412,39.65776399945753,0.030081000659265555,0.0
22,knn_mean,0,2688,128,49.90531600014947,0.0,10.345720000259462,39.51856799994857,0.03198500053258613,0.0
22,knn_mean,0,2816,128,49.54037599964067,0.0,10.900217000198609,38.58361599941418,0.04880400047113653,0.0
22,knn_mean,0,2944,128,50.71645299994998,0.0,10.659347999535385,40.017288999479206,0.03103400013060309,0.0
22,knn_mean,0,3072,128,49.94573299973126,0.0,11.2685349995445,38.63856199950533,0.029757999982393812,0.0
22,knn_mean,0,3200,128,46.20736299966666,0.0,9.82388699958392,36.34823799984588,0.027611000405158848,0.0
22,knn_mean,0,3328,128,44.25683399949776,0.0,8.953589999691758,35.24426100011624,0.027782999495684635,0.0
22,knn_mean,0,3456,128,46.887025999239995,0.0,9.197254999889992,37.6509800007625,0.02948300061689224,0.0
22,knn_mean,0,3584,64,28.73090699995373,0.0,8.45476900030917,20.237107000866672,0.029782000638078898,0.0
22,knn_mean,1,0,128,55.87205099982384,0.0,9.299890999500349,46.50475199923676,0.05593900004896568,0.0
22,knn_mean,1,128,128,56.88490899956378,0.0,11.112171999229759,45.732106000286876,0.02930899972852785,0.0
22,knn_mean,1,256,128,58.901276999677066,0.0,9.466716999668279,49.389222000172595,0.03394799932721071,0.0
22,knn_mean,1,384,128,55.95200900006603,0.0,9.713960999761184,46.19438400004583,0.03274400023656199,0.0
22,knn_mean,1,512,128,56.88575400017726,0.0,11.000941000020248,45.84258800059615,0.03194500004610745,0.0
22,knn_mean,1,640,128,53.07427099978668,0.0,10.687349999898288,42.34417000043322,0.03275400013080798,0.0
22,knn_mean,1,768,128,53.87765700015734,0.0,10.45252200037794,43.38690399981715,0.02909199974965304,0.0
22,knn_mean,1,896,128,56.414297999253904,0.0,11.9449670000904,44.43001700019522,0.029117999474692624,0.0
22,knn_mean,1,1024,128,55.600996000066516,0.0,11.198614999557321,44.36109400012356,0.030791999961365946,0.0
22,knn_mean,1,1152,128,58.19760000031238,0.0,11.834634000479127,46.32093899999745,0.03041299987671664,0.0
22,knn_mean,1,1280,128,53.87103900011425,0.0,10.722909999458352,43.09547200045927,0.029801999517076183,0.0
22,knn_mean,1,1408,128,57.93047800034401,0.0,11.719609000465425,46.164922000571096,0.034435999623383395,0.0
22,knn_mean,1,1536,128,61.39423100012209,0.0,10.848157000509673,50.506057999882614,0.029829000595782418,0.0
22,knn_mean,1,1664,128,53.07238600016717,0.0,9.089680000215594,43.93909699956566,0.03368600027897628,0.0
22,knn_mean,1,1792,128,52.92731999998068,0.0,10.122352000507817,42.767217999426066,0.029742000151600223,0.0
22,knn_mean,1,1920,128,51.48618099974556,0.0,9.963677999621723,41.49226500067016,0.02383299943176098,0.0
22,knn_mean,1,2048,128,56.25763900025049,0.0,10.724066999500792,45.49155599943333,0.032061999263532925,0.0
22,knn_mean,1,2176,128,50.75110300003871,0.0,10.2980990004653,40.40866300056223,0.032437000299978536,0.0
22,knn_mean,1,2304,128,51.554332999330654,0.0,11.031752999770106,40.479678999872704,0.0327970001308131,0.0
22,knn_mean,1,2432,128,49.345383000400034,0.0,11.435426999923948,37.87481299968931,0.02742200013017282,0.0
22,knn_mean,1,2560,128,49.115998999695876,0.0,10.738320000200474,38.33948000010423,0.029448000532283913,0.0
22,knn_mean,1,2688,128,49.654950000331155,0.0,11.405671000829898,38.21246400002565,0.027799999770650174,0.0
22,knn_mean,1,2816,128,44.19722299917339,0.0,9.24974299960013,34.91763199963316,0.02430099993944168,0.0
22,knn_mean,1,2944,128,47.46508200059907,0.0,10.640163000061875,36.79292800006806,0.025313999685749877,0.0
22,knn_mean,1,3072,128,48.74855700018088,0.0,11.625332000221533,37.09338899989234,0.024359000235563144,0.0
22,knn_mean,1,3200,128,46.16036100014753,0.0,11.289074000160326,34.842766000110714,0.022733000150765292,0.0
22,knn_mean,1,3328,128,43.8814769995588,0.0,10.812700999849767,33.04065799966338,0.022530000023834873,0.0
22,knn_mean,1,3456,128,44.50573600024654,0.0,10.46628000040073,34.00993800005381,0.02399000004515983,0.0
22,knn_mean,1,3584,64,27.01068300029874,0.0,9.21009600006073,17.768896999768913,0.024678999579919036,0.0
22,knn_mean,2,0,128,54.019788000005065,0.0,9.864667999863741,44.12114800015843,0.026945000172418077,0.0
22,knn_mean,2,128,128,51.47612099972321,0.0,10.882808000133082,40.55680200053757,0.02957699962280458,0.0
22,knn_mean,2,256,128,54.57188099990162,0.0,11.387631999241421,43.151742999725684,0.025086999812629074,0.0
22,knn_mean,2,384,128,53.47945800076559,0.0,11.044346000744554,42.40094300075725,0.0268320000031963,0.0
22,knn_mean,2,512,128,52.06708100013202,0.0,10.218354999778967,41.81676600001083,0.02530900019337423,0.0
22,knn_mean,2,640,128,53.43586599974515,0.0,11.390929999834043,42.011382000055164,0.02672299979167292,0.0
22,knn_mean,2,768,128,53.16446500000893,0.0,10.821486000168079,42.31203600011213,0.0244229995587375,0.0
22,knn_mean,2,896,128,54.09627700009878,0.0,9.727124000164622,44.33568399963406,0.02630099970701849,0.0
22,knn_mean,2,1024,128,51.61470500024734,0.0,10.007893999500084,41.56327200053056,0.03380699945410015,0.0
22,knn_mean,2,1152,128,53.71289699996851,0.0,11.530830999618047,42.14128700004949,0.02636900080688065,0.0
22,knn_mean,2,1280,128,56.586828000035894,0.0,10.739893999925698,45.8086220005498,0.02847599989763694,0.0
22,knn_mean,2,1408,128,51.58504800056107,0.0,9.395111000230827,42.155568999987736,0.026751000405056402,0.0
22,knn_mean,2,1536,128,53.462529000171344,0.0,10.232530000394036,43.198999000196636,0.02436700015095994,0.0
22,knn_mean,2,1664,128,54.28253899935953,0.0,11.668645999634464,42.57911300010164,0.027432000024418812,0.0
22,knn_mean,2,1792,128,52.39091700059362,0.0,10.157110999898578,42.191061999801605,0.0360569993063109,0.0
22,knn_mean,2,1920,128,53.69867900026293,0.0,9.844932000305562,43.82543699921371,0.022012000044924207,0.0
22,knn_mean,2,2048,128,54.55848600013269,0.0,11.556036999536445,42.96477699972456,0.028708999707305338,0.0
22,knn_mean,2,2176,128,47.41688199919736,0.0,9.818179999456333,37.54738299994642,0.04382900078780949,0.0
22,knn_mean,2,2304,128,47.11946600036754,0.0,10.842499999853317,36.24625399970682,0.024048000341281295,0.0
22,knn_mean,2,2432,128,47.02509900016594,0.0,9.3156729999464,37.681553000766144,0.021716999981435947,0.0
22,knn_mean,2,2560,128,47.47591100021964,0.0,10.742202999608708,36.70080800020514,0.025891999939631205,0.0
22,knn_mean,2,2688,128,46.70133299987356,0.0,10.240696999971988,36.42916599983437,0.02397699972789269,0.0
22,knn_mean,2,2816,128,45.01560399967275,0.0,9.489297999607516,35.49647299951175,0.023624999812454917,0.0
22,knn_mean,2,2944,128,52.85775700031081,0.0,9.771963000275719,43.047838999882515,0.028404000659065787,0.0
22,knn_mean,2,3072,128,48.384716999862576,0.0,9.763739999471,38.57690199947683,0.033690999771351926,0.0
22,knn_mean,2,3200,128,45.267038000019966,0.0,9.115007000218611,36.11286700015626,0.03010099953826284,0.0
22,knn_mean,2,3328,128,45.842601000003924,0.0,10.300920000190672,35.49947900046391,0.0313299997287686,0.0
22,knn_mean,2,3456,128,43.87732699979097,0.0,9.216897999976936,34.625852000317536,0.027162999685970135,0.0
22,knn_mean,2,3584,64,25.436122999963118,0.0,7.910913999694458,17.495858000074804,0.023599000087415334,0.0
22,GATv2_local,0,0,128,17.21718899989355,0.0,16.976684999463032,0.011121999705210328,0.0,0.003932999788958114
22,GATv2_local,0,128,128,16.612785000688746,0.0,16.45240899961209,0.010245999874314293,0.0,0.0031039999157655984
22,GATv2_local,0,256,128,16.55951799966715,0.0,16.435002999969583,0.0073609999162727036,0.0,0.0024900000425986946
22,GATv2_local,0,384,128,16.096822000690736,0.0,15.980653000042366,0.0071080003181123175,0.0,0.0024020000637392513
22,GATv2_local,0,512,128,16.588511999543698,0.0,16.467372000079195,0.006833000043116044,0.0,0.0026099996830453165
22,GATv2_local,0,640,128,16.6359349996128,0.0,16.52489699972648,0.006777999260521028,0.0,0.0023349994080490433
22,GATv2_local,0,768,128,16.787875000773056,0.0,16.676193000421335,0.0071739996201358736,0.0,0.002636000317579601
22,GATv2_local,0,896,128,17.46710899988102,0.0,17.33921599952737,0.006672000381513499,0.0,0.002226000106020365
22,GATv2_local,0,1024,128,17.825248000008287,0.0,17.72188399991137,0.00541099961992586,0.0,0.0017940001271199435
22,GATv2_local,0,1152,128,15.520502000072156,0.0,15.405676999762363,0.006122999366198201,0.0,0.0021620007828460075
22,GATv2_local,0,1280,128,17.64737400026206,0.0,17.540579000524303,0.00645099953544559,0.0,0.002279999534948729
22,GATv2_local,0,1408,128,17.250648999834084,0.0,17.14336999975785,0.00655999974696897,0.0,0.002125999344571028
22,GATv2_local,0,1536,128,17.358305999550794,0.0,17.252821000511176,0.006100000064179767,0.0,0.002290000338689424
22,GATv2_local,0,1664,128,17.726835000758,0.0,17.61795499987784,0.006056000529497396,0.0,0.0023029997464618646
22,GATv2_local,0,1792,128,14.215975999832153,0.0,14.106702999924892,0.006472000677604228,0.0,0.0022980002540862188
22,GATv2_local,0,1920,128,14.79954199930944,0.0,14.655083999969065,0.007822999577911105,0.0,0.0025500003175693564
22,GATv2_local,0,2048,128,16.36938600040594,0.0,16.198891999920306,0.010022000424214639,0.0,0.003920999915862922
22,GATv2_local,0,2176,128,13.388098999712383,0.0,13.263105000078212,0.00748899947211612,0.0,0.0023330003386945464
22,GATv2_local,0,2304,128,13.503752999895369,0.0,13.384728000346513,0.00696400002198061,0.0,0.0034200002119177952
22,GATv2_local,0,2432,128,13.24496300003375,0.0,13.125898999533092,0.006577000021934509,0.0,0.002382999809924513
22,GATv2_local,0,2560,128,13.56688999931066,0.0,13.458575000186102,0.006199000381457154,0.0,0.0022620006348006427
22,GATv2_local,0,2688,128,13.548648000323738,0.0,13.439066999126226,0.00623500000074273,0.0,0.00229600027523702
22,GATv2_local,0,2816,128,12.60678100061341,0.0,12.50044600055844,0.0064839996412047185,0.0,0.0023420006982632913
22,GATv2_local,0,2944,128,13.593428000604035,0.0,13.486122999893269,0.0066530001276987605,0.0,0.0023010006771073677
22,GATv2_local,0,3072,128,15.474045999326336,0.0,15.357584999946994,0.007122999704733957,0.0,0.002382999809924513
22,GATv2_local,0,3200,128,12.939957999151375,0.0,12.832503000026918,0.00550599997950485,0.0,0.002136000148311723
22,GATv2_local,0,3328,128,13.847770000211312,0.0,13.73702500040963,0.0067260007199365646,0.0,0.002573000529082492
22,GATv2_local,0,3456,128,14.408074999664677,0.0,14.298322000286134,0.0063730003603268415,0.0,0.0023450002117897384
22,GATv2_local,0,3584,64,11.25616799981799,0.0,11.170403000505758,0.006131000191089697,0.0,0.003367999852343928
22,GATv2_local,1,0,128,12.72134000009828,0.0,12.556676000713196,0.010185000064666383,0.0,0.003338000169605948
22,GATv2_local,1,128,128,12.431513000592531,0.0,12.306900000112364,0.00835799983178731,0.0,0.002478999704180751
22,GATv2_local,1,256,128,10.882360999858065,0.0,10.76695300071151,0.007124999683583155,0.0,0.0023120001060306095
22,GATv2_local,1,384,128,12.391154000397364,0.0,12.281061000066984,0.006265999218157958,0.0,0.0023789998522261158
22,GATv2_local,1,512,128,11.103793000074802,0.0,10.97542000024987,0.006696999662381131,0.0,0.0026950001483783126
22,GATv2_local,1,640,128,10.63440400048421,0.0,10.525194999900123,0.006490000487247016,0.0,0.002126999788742978
22,GATv2_local,1,768,128,10.951406000458519,0.0,10.841244999937771,0.006595000741071999,0.0,0.0021850000848644413
22,GATv2_local,1,896,128,10.809592999976303,0.0,10.700919000555587,0.00657399959891336,0.0,0.00218800050788559
22,GATv2_local,1,1024,128,10.885268000492943,0.0,10.776114999316633,0.006116999429650605,0.0,0.002261999725305941
22,GATv2_local,1,1152,128,11.002903999724367,0.0,10.896406999563624,0.006238000423763879,0.0,0.0025560002541169524
22,GATv2_local,1,1280,128,10.932465000223601,0.0,10.826036999787902,0.006084999768063426,0.0,0.0023150005290517583
22,GATv2_local,1,1408,128,11.049082000681665,0.0,10.943521000626788,0.006295000275713392,0.0,0.0022419999368139543
22,GATv2_local,1,1536,128,11.114421999991464,0.0,11.008235000190325,0.005898000381421298,0.0,0.002151000444428064
22,GATv2_local,1,1664,128,10.643595999681565,0.0,10.538086999986263,0.0060739994296454825,0.0,0.002252999365737196
22,GATv2_local,1,1792,128,11.028316000192717,0.0,10.90859400028421,0.006565999683516566,0.0,0.00258999989455333
22,GATv2_local,1,1920,128,10.660627000106615,0.0,10.55284100038989,0.0060780002968385816,0.0,0.0023109996618586592
22,GATv2_local,1,2048,128,11.292549999780022,0.0,11.185995000232651,0.005947000317974016,0.0,0.0021440000637085177
22,GATv2_local,1,2176,128,10.975520000101824,0.0,10.870523000448884,0.005928999598836526,0.0,0.0021579999156529084
22,GATv2_local,1,2304,128,11.181359999682172,0.0,11.044267999750446,0.00640500002191402,0.0,0.0024739993023104034
22,GATv2_local,1,2432,128,10.700778000682476,0.0,10.593596999569854,0.006115999894973356,0.0,0.002214000232925173
22,GATv2_local,1,2560,128,10.89915100055805,0.0,10.789170999487396,0.006440000106522348,0.0,0.0022790000002714805
22,GATv2_local,1,2688,128,10.923354000624386,0.0,10.815481999998156,0.005759000487159938,0.0,0.0022009999156580307
22,GATv2_local,1,2816,128,10.454352999659022,0.0,10.34719800009043,0.0058910000007017516,0.0,0.002292999852215871
22,GATv2_local,1,2944,128,10.381197000242537,0.0,10.276924999743642,0.0063790002968744375,0.0,0.0022430003809859045
22,GATv2_local,1,3072,128,9.771842999725777,0.0,9.656041000198456,0.006727000254613813,0.0,0.0024060000214376487
22,GATv2_local,1,3200,128,10.206222999840975,0.0,10.095849999743223,0.006178999683470465,0.0,0.0022160002117743716
22,GATv2_local,1,3328,128,9.690122999927553,0.0,9.586295000190148,0.0058790001276065595,0.0,0.002159999894502107
22,GATv2_local,1,3456,128,9.113421000620292,0.0,9.005686999444151,0.005981999493087642,0.0,0.002221000613644719
22,GATv2_local,1,3584,64,7.6994940000076895,0.0,7.578902000204835,0.006092000148782972,0.0,0.0024920000214478932
22,GATv2_local,2,0,128,10.638545999427151,0.0,10.476837000169326,0.010395999197498895,0.0,0.003716999344760552
22,GATv2_local,2,128,128,10.453424999468552,0.0,10.321693000150844,0.008691000402905047,0.0,0.002314000084879808
22,GATv2_local,2,256,128,10.100040999532212,0.0,9.989397999561334,0.007233999895106535,0.0,0.0022269996406976134
22,GATv2_local,2,384,128,10.327175000384159,0.0,10.217357999863452,0.00680900029692566,0.0,0.002327999936824199
22,GATv2_local,2,512,128,9.768101000190654,0.0,9.63804499951948,0.007909000487416051,0.0,0.002859000233002007
22,GATv2_local,2,640,128,9.319480999693042,0.0,9.196875999805343,0.0076349997470970266,0.0,0.002383000719419215
22,GATv2_local,2,768,128,9.385956000187434,0.0,9.281802000259631,0.006758000381523743,0.0,0.002190000486734789
22,GATv2_local,2,896,128,9.555483999974967,0.0,9.448897999391193,0.006184000085340813,0.0,0.002297999344591517
22,GATv2_local,2,1024,128,9.392779000336304,0.0,9.291055999710807,0.0062039998738327995,0.0,0.002249999852210749
22,GATv2_local,2,1152,128,9.821505999752844,0.0,9.697545000562968,0.006029000360285863,0.0,0.002271000084874686
22,GATv2_local,2,1280,128,10.216730999673018,0.0,10.111801999300951,0.005756000064138789,0.0,0.002245000359835103
22,GATv2_local,2,1408,128,9.374778999699629,0.0,9.269524000046658,0.005907999366172589,0.0,0.0021400001060101204
22,GATv2_local,2,1536,128,10.019634999480331,0.0,9.913036999932956,0.005937999958405271,0.0,0.0022670001271762885
22,GATv2_local,2,1664,128,9.208778999891365,0.0,9.096924999539624,0.005797999619971961,0.0,0.0022240001271711662
22,GATv2_local,2,1792,128,10.410738000246056,0.0,10.310910000043805,0.005652000254485756,0.0,0.002181000127166044
22,GATv2_local,2,1920,128,9.293731000070693,0.0,9.186268000121345,0.006016000043018721,0.0,0.0021200003175181337
22,GATv2_local,2,2048,128,11.010559999704128,0.0,10.885921000408416,0.006382999345078133,0.0,0.0023149996195570566
22,GATv2_local,2,2176,128,8.95072799994523,0.0,8.848285000567557,0.005898000381421298,0.0,0.002261999725305941
22,GATv2_local,2,2304,128,9.955616999832273,0.0,9.850017000644584,0.005934999535384122,0.0,0.0021950008886051364
22,GATv2_local,2,2432,128,10.366170000452257,0.0,10.264095999445999,0.006154000402602833,0.0,0.002226000106020365
22,GATv2_local,2,2560,128,9.052218999386241,0.0,8.948355999564228,0.005881000106455758,0.0,0.0021050000214017928
22,GATv2_local,2,2688,128,8.574097000746406,0.0,8.46844100033195,0.005963000148767605,0.0,0.0021280002329149283
22,GATv2_local,2,2816,128,7.482860999516561,0.0,7.381993999842962,0.0058610003179637715,0.0,0.0021260002540657297
22,GATv2_local,2,2944,128,8.068998000453576,0.0,7.94011999914801,0.006809999831602909,0.0,0.002566999683040194
22,GATv2_local,2,3072,128,8.051474000239978,0.0,7.944101000248338,0.00601800002186792,0.0,0.002377000782871619
22,GATv2_local,2,3200,128,8.832955000798393,0.0,8.72687599985511,0.006021999979566317,0.0,0.0021759997252956964
22,GATv2_local,2,3328,128,7.828047000657534,0.0,7.719070000348438,0.006340999789244961,0.0,0.002140999640687369
22,GATv2_local,2,3456,128,8.310561000143935,0.0,8.190534000277694,0.00597200050833635,0.0,0.0021699997887481004
22,GATv2_local,2,3584,64,6.990353000219329,0.0,6.90214400037803,0.00623500000074273,0.0,0.002175000190618448
22,GATv2_margin,0,0,128,26.696816000367107,0.0,8.805161000054795,12.142065999796614,0.0,5.385774000387755
22,GATv2_margin,0,128,128,30.450139999629755,0.0,8.47624200014252,15.975843999513017,0.0,5.61170399942057
22,GATv2_margin,0,256,128,26.76296400022693,0.0,8.80563800001255,12.118897000618745,0.0,5.511018999641237
22,GATv2_margin,0,384,128,26.96224700048333,0.0,8.861516000251868,12.448531999325496,0.0,5.315717000485165
22,GATv2_margin,0,512,128,26.4466580001681,0.0,8.854255999722227,11.883504999786965,0.0,5.370218999814824
22,GATv2_margin,0,640,128,25.598248000278545,0.0,8.712452000509074,10.964329000671569,0.0,5.612353999822517
22,GATv2_margin,0,768,128,30.249394000747998,0.0,9.217392000209657,15.312081999582006,0.0,5.374892999498115
22,GATv2_margin,0,896,128,33.154091000142216,0.0,9.46980899971095,17.579029999978957,0.0,5.75201400079095
22,GATv2_margin,0,1024,128,26.870335999774397,0.0,9.059955999873637,11.922225000489561,0.0,5.54751599975134
22,GATv2_margin,0,1152,128,31.402555999193282,0.0,9.381931999996596,15.960060999532288,0.0,5.713522999940324
22,GATv2_margin,0,1280,128,28.576959000019997,0.0,8.948260000579467,13.165946999833977,0.0,6.10247500026162
22,GATv2_margin,0,1408,128,25.74271600042266,0.0,9.602117999747861,10.19447399994533,0.0,5.626297999697272
22,GATv2_margin,0,1536,128,28.917751999870234,0.0,9.212305999426462,13.677062000169826,0.0,5.572339000536886
22,GATv2_margin,0,1664,128,30.721827999514062,0.0,7.66509799996129,17.342785999971966,0.0,5.318309999893245
22,GATv2_margin,0,1792,128,31.56851200037636,0.0,8.007892000023276,17.86107199950493,0.0,5.335789999662666
22,GATv2_margin,0,1920,128,35.77360200051771,0.0,8.170125999640732,21.38854600070772,0.0,5.8348969996586675
22,GATv2_margin,0,2048,128,38.75373099981516,0.0,9.082112000214693,22.936704000130703,0.0,6.369463999362779
22,GATv2_margin,0,2176,128,28.355436000310874,0.0,8.584635999795864,13.933709999946586,0.0,5.4824210001243046
22,GATv2_margin,0,2304,128,23.123718999158882,0.0,8.876317000613199,8.487129000059213,0.0,5.438281999886385
22,GATv2_margin,0,2432,128,31.116795999878377,0.0,9.16222799969546,15.095536000444554,0.0,6.477683999946748
22,GATv2_margin,0,2560,128,26.714805999290547,0.0,9.68353999996907,11.375908999980311,0.0,5.283546999635291
22,GATv2_margin,0,2688,128,25.953799000490108,0.0,8.869674000379746,11.43923099971289,0.0,5.22082999941631
22,GATv2_margin,0,2816,128,27.354161999937787,0.0,9.36116499997297,12.76312699974369,0.0,4.896101999293023
22,GATv2_margin,0,2944,128,23.882817999947292,0.0,7.651497000551899,11.189768999429361,0.0,4.6728610004720394
22,GATv2_margin,0,3072,128,23.854368999309372,0.0,8.584696000070835,10.019569000178308,0.0,4.926630000227306
22,GATv2_margin,0,3200,128,27.856787000018812,0.0,8.65297299969825,13.404473000264261,0.0,5.449928999951226
22,GATv2_margin,0,3328,128,19.039973999497306,0.0,8.542366000256152,5.156510999768216,0.0,4.9720560000423575
22,GATv2_margin,0,3456,128,25.90360799968039,0.0,8.9919430001828,10.24031199995079,0.0,6.291075999797613
22,GATv2_margin,0,3584,64,21.71605300009105,0.0,7.908918999419257,8.057614999415819,0.0,5.52040799993847
22,GATv2_margin,1,0,128,27.023353000004136,0.0,9.484961999987718,11.522136000166938,0.0,5.611116000181937
22,GATv2_margin,1,128,128,31.40256499955285,0.0,8.85616400046274,16.147049999744922,0.0,6.020107000040298
22,GATv2_margin,1,256,128,27.64547699916875,0.0,8.943226000155846,12.613749000593089,0.0,5.748280999796407
22,GATv2_margin,1,384,128,27.071249000073294,0.0,9.34402900020359,11.641037000117649,0.0,5.717304999961925
22,GATv2_margin,1,512,128,28.408659999513475,0.0,9.92949299961765,12.740210000629304,0.0,5.409786000200256
22,GATv2_margin,1,640,128,26.802245999533625,0.0,9.351175999654515,11.0077410008671,0.0,6.062042999474215
22,GATv2_margin,1,768,128,30.693109999447188,0.0,8.691942000041308,15.221342000586446,0.0,6.446197000514076
22,GATv2_margin,1,896,128,33.121864999884565,0.0,9.05746500029636,17.633084000408417,0.0,5.998188999910781
22,GATv2_margin,1,1024,128,26.58856299967738,0.0,9.106561000407964,11.738623999917763,0.0,5.404538999755459
22,GATv2_margin,1,1152,128,31.01030899961188,0.0,9.032996000314597,15.73389499935729,0.0,5.742569000176445
22,GATv2_margin,1,1280,128,29.566023999905156,0.0,8.507185000780737,15.120261999982176,0.0,5.52430099924095
22,GATv2_margin,1,1408,128,27.150219000759535,0.0,10.56951900045533,11.186071999873093,0.0,5.021634000513586
22,GATv2_margin,1,1536,128,26.70234299966978,0.0,7.953604999784147,13.208700000177487,0.0,5.182063000574999
22,GATv2_margin,1,1664,128,29.877303999455762,0.0,8.042924000619678,16.260602999864204,0.0,5.230785999629006
22,GATv2_margin,1,1792,128,31.853702000262274,0.0,8.968696000010823,16.767410000284144,0.0,5.788153000139573
22,GATv2_margin,1,1920,128,34.457067000403185,0.0,9.295517000282416,18.834241000149632,0.0,5.950826000116649
22,GATv2_margin,1,2048,128,38.685458000145445,0.0,9.65270800043072,22.748307999790995,0.0,5.922562000705511
22,GATv2_margin,1,2176,128,28.7697930007198,0.0,8.8338699997621,13.984985000206507,0.0,5.600692000371055
22,GATv2_margin,1,2304,128,23.430796999491577,0.0,9.133216999543947,8.492177000334777,0.0,5.47267100046156
22,GATv2_margin,1,2432,128,30.889239000316593,0.0,9.019725999678485,15.797658000337833,0.0,5.72842700057663
22,GATv2_margin,1,2560,128,23.98701399943093,0.0,8.339569999407104,10.260928000207059,0.0,5.0613759995030705
22,GATv2_margin,1,2688,128,25.2246029995149,0.0,8.306046000143397,10.36308899983851,0.0,6.184945000313746
22,GATv2_margin,1,2816,128,31.648134999159083,0.0,11.57022000006691,12.943249000272772,0.0,6.805914999858942
22,GATv2_margin,1,2944,128,31.977220999579004,0.0,12.122280999392387,12.069720999534184,0.0,7.440280000082566
22,GATv2_margin,1,3072,128,30.603264999626845,0.0,12.480504999984987,10.465934999956517,0.0,7.310947999940254
22,GATv2_margin,1,3200,128,31.17611699963163,0.0,10.791345999678015,13.983609000206343,0.0,6.047665000551206
22,GATv2_margin,1,3328,128,21.860177000235126,0.0,10.241343999950914,5.182767999940552,0.0,6.104822999986936
22,GATv2_margin,1,3456,128,26.916193000033672,0.0,10.10356899951148,10.738545000094746,0.0,5.746991000705748
22,GATv2_margin,1,3584,64,25.777159000426764,0.0,10.51613300023746,8.10119899961137,0.0,6.936646999747609
22,GATv2_margin,2,0,128,30.96035300040967,0.0,11.889669000083813,12.369695999950636,0.0,6.314336000286858
22,GATv2_margin,2,128,128,33.79161999964708,0.0,11.210372999812535,15.635670999472495,0.0,6.545741000081762
22,GATv2_margin,2,256,128,30.03868700034218,0.0,11.474203999569,12.018579000141472,0.0,6.231972000023234
22,GATv2_margin,2,384,128,28.910968999298348,0.0,11.052268000639742,11.463187999652291,0.0,6.059362999621953
22,GATv2_margin,2,512,128,31.375932999253564,0.0,11.909437000213074,12.475917999836383,0.0,6.656002000454464
22,GATv2_margin,2,640,128,30.733556000086537,0.0,12.566742000672093,11.214766000193777,0.0,6.621548000111943
22,GATv2_margin,2,768,128,35.90768300000491,0.0,13.136168000528414,15.020378000372148,0.0,7.413878000079421
22,GATv2_margin,2,896,128,38.075903999924776,0.0,12.519556000370358,18.032191000202147,0.0,7.19365600070887
22,GATv2_margin,2,1024,128,30.855844000143406,0.0,12.170949999926961,11.84837199980393,0.0,6.5019889998438885
22,GATv2_margin,2,1152,128,35.32835099940712,0.0,12.274402000002738,15.746250000120199,0.0,6.959958999686933
22,GATv2_margin,2,1280,128,33.1148100003702,0.0,12.894228000732255,12.943575999997847,0.0,6.914941999639268
22,GATv2_margin,2,1408,128,28.733725000165578,0.0,12.336558000242803,9.555235999869183,0.0,6.509714999992866
22,GATv2_margin,2,1536,128,33.02938499928132,0.0,12.840430000323977,12.18701899961161,0.0,7.673869999962335
22,GATv2_margin,2,1664,128,37.50871699958225,0.0,12.836034000429208,16.747339999710675,0.0,7.563171000583679
22,GATv2_margin,2,1792,128,36.536727000566316,0.0,11.839581000458566,16.75072000034561,0.0,7.566223999674548
22,GATv2_margin,2,1920,128,39.934209000421106,0.0,12.65391900051327,19.76253400061978,0.0,7.088891000421427
22,GATv2_margin,2,2048,128,42.35583300032886,0.0,11.305988000458456,23.721837000266532,0.0,6.955833000574785
22,GATv2_margin,2,2176,128,32.219138000073144,0.0,10.87728199945559,13.838918999681482,0.0,7.147040999370802
22,GATv2_margin,2,2304,128,28.178105999359104,0.0,11.839480999697116,9.390058000462886,0.0,6.645870999818726
22,GATv2_margin,2,2432,128,33.95614400051272,0.0,11.719244999767398,15.055085000312829,0.0,6.8121159993097535
22,GATv2_margin,2,2560,128,32.93814399967232,0.0,12.88528899931407,12.498156999754428,0.0,7.109484000466182
22,GATv2_margin,2,2688,128,29.47089900044375,0.0,11.323875999551092,11.544011999831127,0.0,6.2000079997233115
22,GATv2_margin,2,2816,128,32.550124999943364,0.0,11.002935000760772,14.11809399996855,0.0,7.053534000078798
22,GATv2_margin,2,2944,128,30.94663599949854,0.0,10.8491770006367,13.124339000569307,0.0,6.607958000131475
22,GATv2_margin,2,3072,128,28.97193600074388,0.0,11.444240999480826,10.35392799985857,0.0,6.802752999647055
22,GATv2_margin,2,3200,128,31.242628999279987,0.0,10.912781999650178,13.946670000223094,0.0,6.068049000532483
22,GATv2_margin,2,3328,128,22.58789300049102,0.0,9.943839000698063,5.964914000287536,0.0,6.364856999425683
22,GATv2_margin,2,3456,128,28.12978300062241,0.0,11.233752000407549,9.968418999960704,0.0,6.596399000045494
22,GATv2_margin,2,3584,64,24.270841999168624,0.0,10.189661000367778,7.115428000361135,0.0,6.734847000188893
33,degree_logistic,0,0,128,3.6793170002056286,3.59682199996314,0.0,0.0,0.0761560004320927,0.0
33,degree_logistic,0,128,128,3.3202880003955215,3.2749450001574587,0.0,0.0,0.040040000385488383,0.0
33,degree_logistic,0,256,128,3.1093400002646376,3.0627919995822595,0.0,0.0,0.0399350001316634,0.0
33,degree_logistic,0,384,128,3.2586580000497634,3.2234959999186685,0.0,0.0,0.02918900008808123,0.0
33,degree_logistic,0,512,128,2.9694129998460994,2.9402159998426214,0.0,0.0,0.02453199977026088,0.0
33,degree_logistic,0,640,128,2.928751000581542,2.9028349999862257,0.0,0.0,0.022086999706516508,0.0
33,degree_logistic,0,768,128,2.8897310003230814,2.864410999791289,0.0,0.0,0.021642999854520895,0.0
33,degree_logistic,0,896,128,2.8869540001323912,2.8615040000659064,0.0,0.0,0.021826000192959327,0.0
33,degree_logistic,0,1024,128,3.098862000115332,3.0727529992873315,0.0,0.0,0.022311000066110864,0.0
33,degree_logistic,0,1152,128,2.9765609997411957,2.9507230001399876,0.0,0.0,0.02228599987574853,0.0
33,degree_logistic,0,1280,128,3.171457999997074,3.145097999549762,0.0,0.0,0.022485000044980552,0.0
33,degree_logistic,0,1408,128,3.1506659997830866,3.1195709998428356,0.0,0.0,0.02357099947403185,0.0
33,degree_logistic,0,1536,128,3.1483920001846855,3.1222540001181187,0.0,0.0,0.022481000087282155,0.0
33,degree_logistic,0,1664,128,3.2235700000455836,3.195962000063446,0.0,0.0,0.023769000108586624,0.0
33,degree_logistic,0,1792,128,3.125768999780121,3.099067000221112,0.0,0.0,0.022817999706603587,0.0
33,degree_logistic,0,1920,128,3.156710999974166,3.130121000140207,0.0,0.0,0.022742000510334037,0.0
33,degree_logistic,0,2048,128,3.2914859993979917,3.263857999627362,0.0,0.0,0.02385199968557572,0.0
33,degree_logistic,0,2176,128,3.0702300000484684,3.040892999706557,0.0,0.0,0.02284399943164317,0.0
33,degree_logistic,0,2304,128,3.1834900000831112,3.1548830002066097,0.0,0.0,0.024355999812541995,0.0
33,degree_logistic,0,2432,128,3.162059999340272,3.135624999231368,0.0,0.0,0.022524000087287277,0.0
33,degree_logistic,0,2560,128,3.1966690003173426,3.1678370005465695,0.0,0.0,0.024520999431842938,0.0
33,degree_logistic,0,2688,128,3.016495999872859,2.98981299965817,0.0,0.0,0.022911999622010626,0.0
33,degree_logistic,0,2816,128,3.0466580001302646,3.0199100001482293,0.0,0.0,0.022925999473955017,0.0
33,degree_logistic,0,2944,128,3.060846999687783,3.0346809999173274,0.0,0.0,0.022373999854607973,0.0
33,degree_logistic,0,3072,128,3.071881999858306,3.045012999791652,0.0,0.0,0.023087000045052264,0.0
33,degree_logistic,0,3200,128,3.1658929992772755,3.1384679996335763,0.0,0.0,0.023560999579785857,0.0
33,degree_logistic,0,3328,128,2.914632999818423,2.885469999455381,0.0,0.0,0.024347000362467952,0.0
33,degree_logistic,0,3456,128,3.0291429993667407,3.0024259995116154,0.0,0.0,0.022790999537392054,0.0
33,degree_logistic,0,3584,64,1.6311629997289856,1.6062549993876019,0.0,0.0,0.021213000763964374,0.0
33,degree_logistic,1,0,128,3.166956000313803,3.0678419998366735,0.0,0.0,0.09221300024364609,0.0
33,degree_logistic,1,128,128,3.1273300000975723,3.100549000009778,0.0,0.0,0.023116000193112995,0.0
33,degree_logistic,1,256,128,2.9136440007277997,2.888422000069113,0.0,0.0,0.02206899989687372,0.0
33,degree_logistic,1,384,128,3.073159000450687,3.040393000446784,0.0,0.0,0.027271999897493515,0.0
33,degree_logistic,1,512,128,3.1203809994622134,3.0778860000282293,0.0,0.0,0.03871100034302799,0.0
33,degree_logistic,1,640,128,2.993792999404832,2.966587999253534,0.0,0.0,0.02343600044696359,0.0
33,degree_logistic,1,768,128,3.1702319993200945,3.143095999803336,0.0,0.0,0.02361899987590732,0.0
33,degree_logistic,1,896,128,3.4356520000073942,3.40516599953844,0.0,0.0,0.025457999981881585,0.0
33,degree_logistic,1,1024,128,3.165838999848347,3.139290999570221,0.0,0.0,0.02299699917784892,0.0
33,degree_logistic,1,1152,128,2.9859270007364103,2.960147000521829,0.0,0.0,0.02215999938925961,0.0
33,degree_logistic,1,1280,128,3.000444000463176,2.976020999994944,0.0,0.0,0.02110900004481664,0.0
33,degree_logistic,1,1408,128,3.4276140004294575,3.0089800002315314,0.0,0.0,0.4120009998587193,0.0
33,degree_logistic,1,1536,128,3.1013699999675737,3.0751329995837295,0.0,0.0,0.022929000806470867,0.0
33,degree_logistic,1,1664,128,2.9613719998451415,2.928157000496867,0.0,0.0,0.0217160004467587,0.0
33,degree_logistic,1,1792,128,2.9409039998427033,2.9168099999878905,0.0,0.0,0.020911999854433816,0.0
33,degree_logistic,1,1920,128,2.902146999986144,2.8775269993275288,0.0,0.0,0.02164799934689654,0.0
33,degree_logistic,1,2048,128,3.60121399990021,3.5041890005231835,0.0,0.0,0.08905799950298388,0.0
33,degree_logistic,1,2176,128,3.2395899997936795,3.213091999896278,0.0,0.0,0.022645999706583098,0.0
33,degree_logistic,1,2304,128,2.916077000008954,2.891418000217527,0.0,0.0,0.02138899981218856,0.0
33,degree_logistic,1,2432,128,2.7988769998046337,2.770434000012756,0.0,0.0,0.02408399996056687,0.0
33,degree_logistic,1,2560,128,2.8690429999187472,2.841524000359641,0.0,0.0,0.02358999972784659,0.0
33,degree_logistic,1,2688,128,2.8217819999554195,2.795795000565704,0.0,0.0,0.022310000531433616,0.0
33,degree_logistic,1,2816,128,3.0423179996432737,3.0124770000838907,0.0,0.0,0.02523199964343803,0.0
33,degree_logistic,1,2944,128,2.915365000262682,2.889967000555771,0.0,0.0,0.02211500031989999,0.0
33,degree_logistic,1,3072,128,2.8363050005282275,2.812329000335012,0.0,0.0,0.02106000010826392,0.0
33,degree_logistic,1,3200,128,2.937356000074942,2.9124620004949975,0.0,0.0,0.021597000340989325,0.0
33,degree_logistic,1,3328,128,2.6935020005112165,2.6705870004661847,0.0,0.0,0.020308000785007607,0.0
33,degree_logistic,1,3456,128,3.135961999760184,3.1067939999047667,0.0,0.0,0.02450099964335095,0.0
33,degree_logistic,1,3584,64,1.5687969998907647,1.5442060002897051,0.0,0.0,0.021531000129471067,0.0
33,degree_logistic,2,0,128,3.2611530004942324,3.1791130004421575,0.0,0.0,0.045185999624663964,0.0
33,degree_logistic,2,128,128,3.2800809995023883,3.2455279997520847,0.0,0.0,0.02965099974971963,0.0
33,degree_logistic,2,256,128,3.119192000667681,3.0930120001357864,0.0,0.0,0.022338000235322397,0.0
33,degree_logistic,2,384,128,2.9970159994263668,2.971442999296414,0.0,0.0,0.021861000277567655,0.0
33,degree_logistic,2,512,128,2.8868970002804417,2.8618799997275346,0.0,0.0,0.02176100042561302,0.0
33,degree_logistic,2,640,128,3.136373000415915,3.111568000349507,0.0,0.0,0.021126999854459427,0.0
33,degree_logistic,2,768,128,4.095465999853332,4.06909200046357,0.0,0.0,0.022352999621944036,0.0
33,degree_logistic,2,896,128,2.9202499999883003,2.8947310001967708,0.0,0.0,0.022090000129537657,0.0
33,degree_logistic,2,1024,128,3.1609510006092023,3.1339650004156283,0.0,0.0,0.023159000193118118,0.0
33,degree_logistic,2,1152,128,3.000671999870974,2.963181999803055,0.0,0.0,0.03322600059618708,0.0
33,degree_logistic,2,1280,128,3.262898999309982,3.233931000067969,0.0,0.0,0.02501900053175632,0.0
33,degree_logistic,2,1408,128,3.1925789999149856,3.1649580005250755,0.0,0.0,0.02409799981251126,0.0
33,degree_logistic,2,1536,128,3.298061999885249,3.2703450006010826,0.0,0.0,0.02382000002398854,0.0
33,degree_logistic,2,1664,128,3.1840999999985797,3.1576280007357127,0.0,0.0,0.022592999812331982,0.0
33,degree_logistic,2,1792,128,3.126544000224385,3.0997200001365854,0.0,0.0,0.02348199996049516,0.0
33,degree_logistic,2,1920,128,3.2379509993916145,3.2109249996210565,0.0,0.0,0.02354200023546582,0.0
33,degree_logistic,2,2048,128,3.1554960005450994,3.1297430004997295,0.0,0.0,0.022481999621959403,0.0
33,degree_logistic,2,2176,128,3.119452000646561,3.0911170006220345,0.0,0.0,0.02479799968568841,0.0
33,degree_logistic,2,2304,128,3.055195999877469,3.027460000339488,0.0,0.0,0.024057999326032586,0.0
33,degree_logistic,2,2432,128,3.089347000241105,3.061524999793619,0.0,0.0,0.02386800042586401,0.0
33,degree_logistic,2,2560,128,3.1672610002715373,3.138626000691147,0.0,0.0,0.024829000722093042,0.0
33,degree_logistic,2,2688,128,3.001463000146032,2.9745070005446905,0.0,0.0,0.02360300004511373,0.0
33,degree_logistic,2,2816,128,3.003935999913665,2.979071000481781,0.0,0.0,0.021328000002540648,0.0
33,degree_logistic,2,2944,128,2.9321029996935977,2.9068260000713053,0.0,0.0,0.021880000531382393,0.0
33,degree_logistic,2,3072,128,3.063602000111132,3.0386660000658594,0.0,0.0,0.0216349999391241,0.0
33,degree_logistic,2,3200,128,3.509868000037386,3.4767209999699844,0.0,0.0,0.02788099936879007,0.0
33,degree_logistic,2,3328,128,3.032347999578633,3.006220999850484,0.0,0.0,0.022655000066151842,0.0
33,degree_logistic,2,3456,128,2.8672019998339238,2.8407539994077524,0.0,0.0,0.022970999452809338,0.0
33,degree_logistic,2,3584,64,1.4522709998345817,1.4301470000646077,0.0,0.0,0.019684000108100008,0.0
33,degree_MLP,0,0,128,4.108331999304937,3.0563949994757422,0.0,0.0,1.0462380005265004,0.0
33,degree_MLP,0,128,128,5.699193000509695,3.2108289997268002,0.0,0.0,2.480961000401294,0.0
33,degree_MLP,0,256,128,4.482375999941723,3.3200460002262844,0.0,0.0,1.1542210004336084,0.0
33,degree_MLP,0,384,128,4.297293000490754,3.221635000045353,0.0,0.0,1.0709609996411018,0.0
33,degree_MLP,0,512,128,4.139212000154657,3.18447700010438,0.0,0.0,0.9500059995843912,0.0
33,degree_MLP,0,640,128,4.142038999816577,2.997897000568628,0.0,0.0,1.139978000537667,0.0
33,degree_MLP,0,768,128,5.530679999537824,3.327400999296515,0.0,0.0,2.198466000663757,0.0
33,degree_MLP,0,896,128,4.214515000057872,2.992681000250741,0.0,0.0,1.2143680005465285,0.0
33,degree_MLP,0,1024,128,4.491618000429298,3.3113489998868317,0.0,0.0,1.1758839991671266,0.0
33,degree_MLP,0,1152,128,4.749808999804372,3.469928000413347,0.0,0.0,1.2747999999191961,0.0
33,degree_MLP,0,1280,128,6.005031999848143,3.0223539997678017,0.0,0.0,2.9781419998471392,0.0
33,degree_MLP,0,1408,128,4.402959999424638,3.0701969999427092,0.0,0.0,1.3282179997986532,0.0
33,degree_MLP,0,1536,128,4.702685999291134,3.4303459997317987,0.0,0.0,1.2677919994530384,0.0
33,degree_MLP,0,1664,128,4.280678999748488,2.991573999679531,0.0,0.0,1.2846810004703002,0.0
33,degree_MLP,0,1792,128,5.207267000514548,3.1238920000760118,0.0,0.0,2.0789089994650567,0.0
33,degree_MLP,0,1920,128,4.273397999895678,3.236249000110547,0.0,0.0,1.0311200003343401,0.0
33,degree_MLP,0,2048,128,4.433342999618617,3.153468000164139,0.0,0.0,1.2749879997500102,0.0
33,degree_MLP,0,2176,128,4.242597000484238,2.934256000116875,0.0,0.0,1.3039489995207987,0.0
33,degree_MLP,0,2304,128,5.620965999696637,2.994095999383717,0.0,0.0,2.6221399994028616,0.0
33,degree_MLP,0,2432,128,4.474690999813902,3.102749999925436,0.0,0.0,1.3674210003955523,0.0
33,degree_MLP,0,2560,128,4.235929000060423,2.981521000037901,0.0,0.0,1.2496599993028212,0.0
33,degree_MLP,0,2688,128,4.329367000536877,3.0387820006581023,0.0,0.0,1.2865290000263485,0.0
33,degree_MLP,0,2816,128,4.106800000045041,3.0028170003788546,0.0,0.0,1.099609000448254,0.0
33,degree_MLP,0,2944,128,5.754238000008627,3.1029460005811416,0.0,0.0,2.6460180006324663,0.0
33,degree_MLP,0,3072,128,4.150384000240592,3.0153010002322844,0.0,0.0,1.1276020004515885,0.0
33,degree_MLP,0,3200,128,4.505692999373423,3.391528000065591,0.0,0.0,1.107996000428102,0.0
33,degree_MLP,0,3328,128,4.180980000455747,3.0232910003178404,0.0,0.0,1.1532930002431385,0.0
33,degree_MLP,0,3456,128,4.633090999959677,3.664320000098087,0.0,0.0,0.9644970004956122,0.0
33,degree_MLP,0,3584,64,2.7417829996920773,1.9001669998033321,0.0,0.0,0.8361159998457879,0.0
33,degree_MLP,1,0,128,4.541385999800696,3.3901449996847077,0.0,0.0,1.1449309995441581,0.0
33,degree_MLP,1,128,128,3.97364199943695,3.190329999597452,0.0,0.0,0.778123000600317,0.0
33,degree_MLP,1,256,128,4.218446000777476,3.063896000639943,0.0,0.0,1.1498699996081996,0.0
33,degree_MLP,1,384,128,4.101429000002099,3.1024549998619477,0.0,0.0,0.9944369994627777,0.0
33,degree_MLP,1,512,128,4.031086999930267,3.223212000193598,0.0,0.0,0.8035590008148574,0.0
33,degree_MLP,1,640,128,4.463339999347227,3.143270999316883,0.0,0.0,1.3154309999663383,0.0
33,degree_MLP,1,768,128,3.9876569999250933,3.05297300019447,0.0,0.0,0.930768999751308,0.0
33,degree_MLP,1,896,128,5.740126999626227,2.99507799991261,0.0,0.0,2.738789000432007,0.0
33,degree_MLP,1,1024,128,4.233181999552471,3.077431999372493,0.0,0.0,1.1513200006447732,0.0
33,degree_MLP,1,1152,128,4.119101000469527,2.945357000498916,0.0,0.0,1.1693579999700887,0.0
33,degree_MLP,1,1280,128,4.0774130002319,2.9162749997340143,0.0,0.0,1.1571479999474832,0.0
33,degree_MLP,1,1408,128,4.447084999810613,3.27785599984054,0.0,0.0,1.1644589994830312,0.0
33,degree_MLP,1,1536,128,4.165162999925087,3.1902540004011826,0.0,0.0,0.9701720000521163,0.0
33,degree_MLP,1,1664,128,4.031360000226414,3.0831550002403674,0.0,0.0,0.9440939993510256,0.0
33,degree_MLP,1,1792,128,3.7972899999658694,2.9164130000935984,0.0,0.0,0.8770020003794343,0.0
33,degree_MLP,1,1920,128,4.615908000232594,3.423058999942441,0.0,0.0,1.1882369999511866,0.0
33,degree_MLP,1,2048,128,5.98288000037428,2.9417599998851074,0.0,0.0,3.0369839996637893,0.0
33,degree_MLP,1,2176,128,4.39318699955038,3.2112909993884386,0.0,0.0,1.1780880004153005,0.0
33,degree_MLP,1,2304,128,4.231045999404159,3.3282889999100007,0.0,0.0,0.898432999747456,0.0
33,degree_MLP,1,2432,128,4.14964800074813,2.978193000672036,0.0,0.0,1.16658900060429,0.0
33,degree_MLP,1,2560,128,4.841541999667243,3.5612900001069647,0.0,0.0,1.2755850002577063,0.0
33,degree_MLP,1,2688,128,5.681474000084563,2.873067000109586,0.0,0.0,2.8031850006300374,0.0
33,degree_MLP,1,2816,128,3.770573000110744,2.7957040001638234,0.0,0.0,0.9701879998829099,0.0
33,degree_MLP,1,2944,128,4.055160999996588,2.8492980000009993,0.0,0.0,1.2013429995931801,0.0
33,degree_MLP,1,3072,128,4.009431000667973,2.7918600007978966,0.0,0.0,1.2132490001022234,0.0
33,degree_MLP,1,3200,128,5.627340000501135,3.840066000520892,0.0,0.0,1.78231500012771,0.0
33,degree_MLP,1,3328,128,3.889258000526752,2.7422650000517024,0.0,0.0,1.1432250003053923,0.0
33,degree_MLP,1,3456,128,3.929404999325925,2.7778769999713404,0.0,0.0,1.147081000453909,0.0
33,degree_MLP,1,3584,64,2.6275319996784674,1.4840849999018246,0.0,0.0,1.1395660003472585,0.0
33,degree_MLP,2,0,128,5.278842000734585,3.3896660006575985,0.0,0.0,1.8823480004357407,0.0
33,degree_MLP,2,128,128,5.004278999876988,3.717872999914107,0.0,0.0,1.280653000321763,0.0
33,degree_MLP,2,256,128,4.369942999801424,3.0347270003403537,0.0,0.0,1.3296830002218485,0.0
33,degree_MLP,2,384,128,4.193802999907348,2.9792209998049657,0.0,0.0,1.209926999763411,0.0
33,degree_MLP,2,512,128,4.923837999740499,3.620349999437167,0.0,0.0,1.2985519997528172,0.0
33,degree_MLP,2,640,128,4.2016529996544705,2.8790810001737555,0.0,0.0,1.3180839996493887,0.0
33,degree_MLP,2,768,128,4.210629000226618,2.877685999919777,0.0,0.0,1.328291000390891,0.0
33,degree_MLP,2,896,128,5.455393999909575,3.204568999535695,0.0,0.0,2.2428949996537995,0.0
33,degree_MLP,2,1024,128,4.479975999856833,3.2205890001932858,0.0,0.0,1.2550860001283581,0.0
33,degree_MLP,2,1152,128,4.336293999585905,3.100382999946305,0.0,0.0,1.2320159994487767,0.0
33,degree_MLP,2,1280,128,4.246020000209683,3.0014049998499104,0.0,0.0,1.2404110002535162,0.0
33,degree_MLP,2,1408,128,6.019159999596013,3.7838560001546284,0.0,0.0,2.230720000625297,0.0
33,degree_MLP,2,1536,128,4.344425999988744,2.9818809998687357,0.0,0.0,1.3585980004791054,0.0
33,degree_MLP,2,1664,128,4.29252199955954,2.9478010001184884,0.0,0.0,1.3406059997578268,0.0
33,degree_MLP,2,1792,128,4.246823999892513,2.9112629999872297,0.0,0.0,1.3311319999047555,0.0
33,degree_MLP,2,1920,128,4.2708660002972465,2.9293339994183043,0.0,0.0,1.3376099996094126,0.0
33,degree_MLP,2,2048,128,4.187480999462423,3.111160000116797,0.0,0.0,1.0725199999797042,0.0
33,degree_MLP,2,2176,128,4.441476000465627,3.001718000632536,0.0,0.0,1.434333000361221,0.0
33,degree_MLP,2,2304,128,4.892760000075214,3.3940559997063247,0.0,0.0,1.4933009997548652,0.0
33,degree_MLP,2,2432,128,4.480917999899248,3.159428999424563,0.0,0.0,1.3137859996277257,0.0
33,degree_MLP,2,2560,128,5.543190000025788,3.380823000043165,0.0,0.0,2.157160000024305,0.0
33,degree_MLP,2,2688,128,4.209570000057283,3.1675529999120045,0.0,0.0,1.0364739991928218,0.0
33,degree_MLP,2,2816,128,4.2756120001286035,2.9183340002418845,0.0,0.0,1.350655000351253,0.0
33,degree_MLP,2,2944,128,5.284912000206532,3.5903390007661073,0.0,0.0,1.687608999418444,0.0
33,degree_MLP,2,3072,128,5.109900000206835,3.5121099999742,0.0,0.0,1.592352999978175,0.0
33,degree_MLP,2,3200,128,4.33960999998817,3.0854010001348797,0.0,0.0,1.248942000529496,0.0
33,degree_MLP,2,3328,128,4.054869999890798,3.1432400000994676,0.0,0.0,0.9066839993465692,0.0
33,degree_MLP,2,3456,128,4.392257999825233,3.0348500004038215,0.0,0.0,1.3497090003511403,0.0
33,degree_MLP,2,3584,64,3.1156569993981975,1.9378029992367374,0.0,0.0,1.172492000478087,0.0
33,relational_MLP,0,0,128,65.9878860005847,0.0,12.152397000136261,52.24385200017423,1.581120000082592,0.0
33,relational_MLP,0,128,128,63.73889299993607,0.0,12.855686999500904,49.1469299995515,1.7260889999306528,0.0
33,relational_MLP,0,256,128,65.5941699997129,0.0,10.163416000068537,53.74458999995113,1.6750880004110513,0.0
33,relational_MLP,0,384,128,66.24440499945194,0.0,10.121326999978919,54.60451599992666,1.5070179997564992,0.0
33,relational_MLP,0,512,128,66.79877000078704,0.0,9.427241000594222,56.061723999846436,1.2982189991816995,0.0
33,relational_MLP,0,640,128,63.513585999317,0.0,10.043675999440893,51.859624999451626,1.5994059995136922,0.0
33,relational_MLP,0,768,128,68.1748510005491,0.0,9.4679610001549,57.182784999895375,1.5107270000953577,0.0
33,relational_MLP,0,896,128,74.27744500000699,0.0,10.285807000400382,62.60836699948413,1.3704279999728897,0.0
33,relational_MLP,0,1024,128,65.3389179997248,0.0,11.343743999532307,52.46893599996838,1.5141839994612383,0.0
33,relational_MLP,0,1152,128,64.74622000041563,0.0,10.245000000395521,52.9638360003446,1.5275979994839872,0.0
33,relational_MLP,0,1280,128,62.456833999931405,0.0,10.495210000044608,50.58717599968077,1.3645480003106059,0.0
33,relational_MLP,0,1408,128,69.04122800006007,0.0,12.511135999375256,54.97157799982233,1.5482139997402555,0.0
33,relational_MLP,0,1536,128,68.90192399987427,0.0,13.449148999825411,54.035200000726036,1.4067889997022576,0.0
33,relational_MLP,0,1664,128,66.06591399940953,0.0,10.127313999873877,54.463337999550276,1.4642539999840665,0.0
33,relational_MLP,0,1792,128,65.251258999524,0.0,9.937017999618547,53.429018999850086,1.8733260003500618,0.0
33,relational_MLP,0,1920,128,75.32623399947624,0.0,9.585812999830523,64.23058099971968,1.4932000003682333,0.0
33,relational_MLP,0,2048,128,65.38973499937129,0.0,10.551225999734015,53.47163399983401,1.352928999949654,0.0
33,relational_MLP,0,2176,128,61.84840199966857,0.0,8.868987999449018,51.520196999263135,1.4481059997706325,0.0
33,relational_MLP,0,2304,128,61.52097700032755,0.0,9.17059400035214,50.84424799952103,1.4933439997548703,0.0
33,relational_MLP,0,2432,128,62.15025999972568,0.0,9.305816999585659,51.220996000665764,1.611661999959324,0.0
33,relational_MLP,0,2560,128,59.089068000503175,0.0,9.414636000656174,48.27793299955374,1.3857500007361523,0.0
33,relational_MLP,0,2688,128,62.292782999975316,0.0,9.298807000050147,51.55108100007055,1.4319430001705769,0.0
33,relational_MLP,0,2816,128,57.50732999968022,0.0,8.989686999484547,47.01266200027021,1.4948610005376395,0.0
33,relational_MLP,0,2944,128,59.519909000300686,0.0,9.346963999632862,48.620614000356,1.543163000860659,0.0
33,relational_MLP,0,3072,128,58.91223899925535,0.0,9.070202999282628,48.24168900086079,1.5897840003162855,0.0
33,relational_MLP,0,3200,128,57.57384200023807,0.0,9.602973999790265,46.53100799987442,1.4292920004663756,0.0
33,relational_MLP,0,3328,128,55.21322399999917,0.0,8.889278000424383,45.191033000264724,1.1224760000914102,0.0
33,relational_MLP,0,3456,128,56.55124400072964,0.0,9.13879600011569,45.95816800065222,1.445881000108784,0.0
33,relational_MLP,0,3584,64,31.92616700016515,0.0,8.065469000030134,22.511140999995405,1.3416689998848597,0.0
33,relational_MLP,1,0,128,68.07738099996641,0.0,10.25924199984729,56.24712600001658,1.5595570002915338,0.0
33,relational_MLP,1,128,128,71.30056499954662,0.0,10.06134999988717,59.78566100020544,1.442480000150681,0.0
33,relational_MLP,1,256,128,64.81740199978958,0.0,9.26555699970777,54.13832599970192,1.4018980000400916,0.0
33,relational_MLP,1,384,128,64.47050000042509,0.0,9.53196500086051,53.607532000569336,1.3214069995228783,0.0
33,relational_MLP,1,512,128,61.76154900003894,0.0,9.43061299949477,50.81823999989865,1.5025590000732336,0.0
33,relational_MLP,1,640,128,59.19573000028322,0.0,9.584092999830318,47.74761399949057,1.8518429997129715,0.0
33,relational_MLP,1,768,128,67.54504999935307,0.0,10.471638000126404,55.65000499973394,1.4137130001472542,0.0
33,relational_MLP,1,896,128,65.96756699946127,0.0,10.063309999168268,54.209850000006554,1.684116999967955,0.0
33,relational_MLP,1,1024,128,61.400592999234505,0.0,9.952725999937684,49.93230299987772,1.5079509994393447,0.0
33,relational_MLP,1,1152,128,63.2939040006022,0.0,10.833703000571404,50.77562299993588,1.667939000071783,0.0
33,relational_MLP,1,1280,128,58.690013000159524,0.0,9.481724000579561,47.67472599996836,1.5238129999488592,0.0
33,relational_MLP,1,1408,128,65.71751800038328,0.0,10.360905999732495,53.61212000025262,1.7340469994451269,0.0
33,relational_MLP,1,1536,128,63.525606999974116,0.0,10.377716000220971,51.4079340000535,1.7298569991908153,0.0
33,relational_MLP,1,1664,128,70.65249599963863,0.0,10.284917999342724,58.76241599980858,1.5940390003379434,0.0
33,relational_MLP,1,1792,128,75.67324000046938,0.0,10.0791869999739,64.03890699948533,1.542463000077987,0.0
33,relational_MLP,1,1920,128,65.97196900020208,0.0,9.370433000185585,55.06177499955811,1.5258530002029147,0.0
33,relational_MLP,1,2048,128,65.36842199966486,0.0,9.659041000304569,54.51411699959863,1.184415000352601,0.0
33,relational_MLP,1,2176,128,62.81221599965647,0.0,9.19806999991124,52.20818799989502,1.3961079994260217,0.0
33,relational_MLP,1,2304,128,60.048848000406,0.0,9.206683000229532,49.436096000135876,1.3966040005470859,0.0
33,relational_MLP,1,2432,128,62.64296799963631,0.0,9.475000999373151,51.68669099930412,1.47130300047138,0.0
33,relational_MLP,1,2560,128,61.737865000395686,0.0,9.552374999657332,50.7198299992524,1.455309999983001,0.0
33,relational_MLP,1,2688,128,64.07693800065317,0.0,9.027136999975482,53.54710900064674,1.491491999331629,0.0
33,relational_MLP,1,2816,128,60.11809599931439,0.0,9.204545999637048,49.48175800018362,1.421107000169286,0.0
33,relational_MLP,1,2944,128,61.09058299989556,0.0,9.491527000136557,50.11829500017484,1.4653199996246258,0.0
33,relational_MLP,1,3072,128,60.05076200017356,0.0,9.421517999726348,49.23325100025977,1.3868669993826188,0.0
33,relational_MLP,1,3200,128,58.882436999738275,0.0,8.974966000096174,48.51358999985678,1.3849189999746159,0.0
33,relational_MLP,1,3328,128,56.16934499994386,0.0,8.555438999792386,46.24492799939617,1.358978000098432,0.0
33,relational_MLP,1,3456,128,59.92760299977817,0.0,9.217122999871208,49.24108200066257,1.4600519998566597,0.0
33,relational_MLP,1,3584,64,32.34353399966494,0.0,7.0228039994617575,24.29453399963677,1.017836999380961,0.0
33,relational_MLP,2,0,128,67.98846399942704,0.0,9.912634999636794,56.56880200058367,1.4960380003685714,0.0
33,relational_MLP,2,128,128,63.87672599976213,0.0,10.755358000096749,51.702441000088584,1.4080689998081652,0.0
33,relational_MLP,2,256,128,64.43868499991368,0.0,9.251571000277181,53.7967390000631,1.3813999994454207,0.0
33,relational_MLP,2,384,128,64.88389700007247,0.0,9.745901999849593,53.701486000136356,1.4246780001485604,0.0
33,relational_MLP,2,512,128,66.97852199977206,0.0,11.792827999670408,53.54160499973659,1.633339000363776,0.0
33,relational_MLP,2,640,128,65.53795800027729,0.0,12.267794000763388,51.792284999464755,1.46670100002666,0.0
33,relational_MLP,2,768,128,63.3524100003342,0.0,9.060332999979437,53.06321699936234,1.2176729997008806,0.0
33,relational_MLP,2,896,128,64.30567900042661,0.0,10.212572000455111,52.48836500049947,1.5926650003166287,0.0
33,relational_MLP,2,1024,128,63.94029300008697,0.0,9.952895999958855,52.28526300015801,1.6935040002863389,0.0
33,relational_MLP,2,1152,128,64.42225899991172,0.0,9.845505000157573,53.043349999825296,1.5231379993565497,0.0
33,relational_MLP,2,1280,128,60.96450699988054,0.0,10.570221999842033,48.86498699943331,1.5211840000119992,0.0
33,relational_MLP,2,1408,128,68.70484200044302,0.0,12.359486000605102,54.689820999556105,1.6445719993498642,0.0
33,relational_MLP,2,1536,128,69.34358600028645,0.0,9.961921000467555,57.91825300002529,1.4518980005959747,0.0
33,relational_MLP,2,1664,128,68.15074799942522,0.0,11.421981999774289,55.26819799979421,1.4506919997074874,0.0
33,relational_MLP,2,1792,128,62.73509999937232,0.0,9.792777999791724,51.36795099951996,1.5644109998902422,0.0
33,relational_MLP,2,1920,128,63.22737599930406,0.0,10.260987999572535,51.39601100017899,1.559893000376178,0.0
33,relational_MLP,2,2048,128,61.55734299954929,0.0,10.282430999723147,49.686876999658125,1.5796329998920555,0.0
33,relational_MLP,2,2176,128,56.389602000308514,0.0,9.968695000679872,44.86025599999266,1.55170400012139,0.0
33,relational_MLP,2,2304,128,55.76792300053057,0.0,9.332884000286867,44.75555999943026,1.6706540000086534,0.0
33,relational_MLP,2,2432,128,58.89391100026842,0.0,11.02893999996013,45.45670500010601,2.3995080000531743,0.0
33,relational_MLP,2,2560,128,58.688910999990185,0.0,9.51448999967397,47.53250199973991,1.6338639998139115,0.0
33,relational_MLP,2,2688,128,63.05396300012944,0.0,12.204625000777014,49.133640000036394,1.7046060002030572,0.0
33,relational_MLP,2,2816,128,60.28776499988453,0.0,13.563926000642823,45.224116999634134,1.4897680002832203,0.0
33,relational_MLP,2,2944,128,60.44592800026294,0.0,10.157918000004429,48.53052300040872,1.7474740006946377,0.0
33,relational_MLP,2,3072,128,62.32095399991522,0.0,13.311001999682048,47.39128599976539,1.6099080003186828,0.0
33,relational_MLP,2,3200,128,54.28831999961403,0.0,9.279789000174787,43.30913500052702,1.6918749997785199,0.0
33,relational_MLP,2,3328,128,53.66296299962414,0.0,9.241482000106771,42.772988000251644,1.6405159994974383,0.0
33,relational_MLP,2,3456,128,60.12169600035122,0.0,13.155543000721082,45.340472999669146,1.6172160003407043,0.0
33,relational_MLP,2,3584,64,32.89009200034343,0.0,8.799936999821512,22.591519000343396,1.4913759996488807,0.0
33,knn_mean,0,0,128,66.37749199944665,0.0,10.071791999507695,56.26516500069556,0.031090000447875354,0.0
33,knn_mean,0,128,128,62.61041099969589,0.0,11.042360999454104,51.53051500019501,0.028423000003385823,0.0
33,knn_mean,0,256,128,61.40564199995424,0.0,10.441033000461175,50.92796400003863,0.02940900048997719,0.0
33,knn_mean,0,384,128,64.16517899924656,0.0,10.566444999312807,53.55351799971686,0.034530999982962385,0.0
33,knn_mean,0,512,128,59.698514000047,0.0,10.29104500048561,49.36266900040209,0.03568800002540229,0.0
33,knn_mean,0,640,128,59.1331440000431,0.0,10.37352399998781,48.72765200070717,0.025772000299184583,0.0
33,knn_mean,0,768,128,61.72752800011949,0.0,11.569224000595568,50.125069999921834,0.025393000214535277,0.0
33,knn_mean,0,896,128,61.374500999590964,0.0,11.249167999267229,50.085939000382496,0.030441000490100123,0.0
33,knn_mean,0,1024,128,60.83663499975955,0.0,9.875584999463172,50.91076500048075,0.037089999750605784,0.0
33,knn_mean,0,1152,128,63.97150700013299,0.0,10.70476899985806,53.22868700022809,0.029117999474692624,0.0
33,knn_mean,0,1280,128,58.758814999237075,0.0,11.079233999225835,47.6377519999005,0.03251999987696763,0.0
33,knn_mean,0,1408,128,63.928448999831744,0.0,11.41707500028133,52.47090100056084,0.03055299930565525,0.0
33,knn_mean,0,1536,128,63.71304799995414,0.0,12.401171999954386,51.27307600014319,0.029166999411245342,0.0
33,knn_mean,0,1664,128,63.680573999590706,0.0,11.376102000212995,52.264934000049834,0.02983699960168451,0.0
33,knn_mean,0,1792,128,59.52945700028067,0.0,10.653784000169253,48.83553099989513,0.029806000384269282,0.0
33,knn_mean,0,1920,128,59.586043000308564,0.0,10.125091000190878,49.41995799981669,0.031112999749893788,0.0
33,knn_mean,0,2048,128,61.57509599961486,0.0,11.641013999906136,49.891745000422816,0.03157999981340254,0.0
33,knn_mean,0,2176,128,56.93735699969693,0.0,10.46118199974444,46.43473099986295,0.03215000015188707,0.0
33,knn_mean,0,2304,128,56.894262000241724,0.0,11.08077100070659,45.77299400079937,0.03133699919999344,0.0
33,knn_mean,0,2432,128,56.569364000097266,0.0,10.732714999903692,45.797932999448676,0.030221999622881413,0.0
33,knn_mean,0,2560,128,56.338035999942804,0.0,11.436241000410519,44.86021200045798,0.031956999919202644,0.0
33,knn_mean,0,2688,128,55.835191999904055,0.0,9.790926000277977,46.00425399985397,0.03046200072276406,0.0
33,knn_mean,0,2816,128,55.5704809994495,0.0,11.04754799962393,44.48242200032837,0.03072500021517044,0.0
33,knn_mean,0,2944,128,60.00415100061218,0.0,10.593196000627358,49.370947999705095,0.030970000807428733,0.0
33,knn_mean,0,3072,128,58.956144000148925,0.0,11.270183000306133,47.64427200007049,0.03189699964423198,0.0
33,knn_mean,0,3200,128,58.18279499999335,0.0,11.828009999589995,46.313838999594736,0.03087999994022539,0.0
33,knn_mean,0,3328,128,53.20360899986554,0.0,11.076159999902302,42.085955000402464,0.030944000172894448,0.0
33,knn_mean,0,3456,128,55.24112100010825,0.0,9.687402000054135,45.51497299962648,0.029803999495925382,0.0
33,knn_mean,0,3584,64,30.854079999699024,0.0,8.671898999637051,22.14295000067068,0.02959199991892092,0.0
33,knn_mean,1,0,128,62.50085000010586,0.0,9.105697000450164,53.359518000434036,0.02780599970719777,0.0
33,knn_mean,1,128,128,61.610491999999795,0.0,12.161378000200784,49.40377900038584,0.03089600068051368,0.0
33,knn_mean,1,256,128,65.77485799971328,0.0,11.45328500024334,54.284029999507766,0.028587999622686766,0.0
33,knn_mean,1,384,128,59.65388099957636,0.0,11.521910999363172,48.09331700016628,0.030240000342018902,0.0
33,knn_mean,1,512,128,61.45495200053119,0.0,11.65941700037365,49.76136699951894,0.027427999157225713,0.0
33,knn_mean,1,640,128,59.7447979998833,0.0,11.184300999957486,48.52254599973094,0.02931099970737705,0.0
33,knn_mean,1,768,128,66.285828999753,0.0,11.097639999206876,55.14711799969518,0.03193200063833501,0.0
33,knn_mean,1,896,128,62.108784999509226,0.0,11.830202999590256,50.24607899940747,0.025628000003052875,0.0
33,knn_mean,1,1024,128,61.180828000033216,0.0,11.374540999895544,49.76494200036541,0.03192999974999111,0.0
33,knn_mean,1,1152,128,62.517184000171255,0.0,11.721306000254117,50.75507099991228,0.03224900046916446,0.0
33,knn_mean,1,1280,128,59.09213099948829,0.0,10.287546999279584,48.76858799980255,0.028063000172551256,0.0
33,knn_mean,1,1408,128,62.49666799976694,0.0,10.491089000424836,51.97023100026854,0.026899999284069054,0.0
33,knn_mean,1,1536,128,62.06936300077359,0.0,11.197374000403215,50.83546300011221,0.027844999749504495,0.0
33,knn_mean,1,1664,128,61.41856500016729,0.0,10.351120999985142,51.031262999458704,0.029154000003472902,0.0
33,knn_mean,1,1792,128,57.990183000583784,0.0,10.271513000589039,47.682119000455714,0.029570000151579734,0.0
33,knn_mean,1,1920,128,59.13404099919717,0.0,11.266531999353901,47.830434999923455,0.0289999998130952,0.0
33,knn_mean,1,2048,128,58.75519599976542,0.0,10.4858279992186,48.235729999760224,0.02647400015121093,0.0
33,knn_mean,1,2176,128,56.251383000017086,0.0,10.891599999922619,45.32899199966778,0.0244229995587375,0.0
33,knn_mean,1,2304,128,54.87555699983204,0.0,10.159188999750768,44.66869600037171,0.04012000044895103,0.0
33,knn_mean,1,2432,128,56.72464599956584,0.0,10.152666999601934,46.5380740006367,0.026848999368667137,0.0
33,knn_mean,1,2560,128,55.235952999282745,0.0,9.84273599988228,45.35575699992478,0.028686999939964153,0.0
33,knn_mean,1,2688,128,57.82804399950692,0.0,9.61542200002441,48.17569399983768,0.028049999855284113,0.0
33,knn_mean,1,2816,128,54.493341999659606,0.0,9.778157999789983,44.682058000034885,0.026282999897375703,0.0
33,knn_mean,1,2944,128,56.085915999574354,0.0,9.447337999517913,46.59981199984031,0.03100199955952121,0.0
33,knn_mean,1,3072,128,56.36221100030525,0.0,10.002826000345522,46.32021799989161,0.031462000151805114,0.0
33,knn_mean,1,3200,128,53.71464400013792,0.0,9.856267999566626,43.82426400024997,0.026671000341593754,0.0
33,knn_mean,1,3328,128,51.875240999834205,0.0,9.719294000205991,42.11211700021522,0.03570299941202393,0.0
33,knn_mean,1,3456,128,54.73923200042918,0.0,10.42468900050153,44.27950400076952,0.02731099993980024,0.0
33,knn_mean,1,3584,64,29.70228899994254,0.0,8.168387999830884,21.503763000509934,0.023974000214366242,0.0
33,knn_mean,2,0,128,60.720565000337956,0.0,9.24313700033963,51.436136000120314,0.0326449999192846,0.0
33,knn_mean,2,128,128,59.27188199984812,0.0,11.584460000449326,47.64795499977481,0.031104000299819745,0.0
33,knn_mean,2,256,128,63.76005699985399,0.0,11.453204999270383,52.270461000262,0.025825999728112947,0.0
33,knn_mean,2,384,128,62.33582799995929,0.0,11.326597999868682,50.97712699989643,0.025009000637510326,0.0
33,knn_mean,2,512,128,60.28234600034921,0.0,10.383153000475431,49.863090999679116,0.02898399998230161,0.0
33,knn_mean,2,640,128,62.86394400012796,0.0,11.421945000620326,51.402682999651006,0.030389000130526256,0.0
33,knn_mean,2,768,128,62.85142100023222,0.0,11.398190999898361,51.41355300020223,0.031399999897985253,0.0
33,knn_mean,2,896,128,61.57239000003756,0.0,11.68553899969993,49.85667900018598,0.024498000129824504,0.0
33,knn_mean,2,1024,128,60.21471799977007,0.0,11.207026999727532,48.97457600054622,0.025983999876189046,0.0
33,knn_mean,2,1152,128,62.3745319999216,0.0,10.834940000677307,51.502123000318534,0.02881299951695837,0.0
33,knn_mean,2,1280,128,67.20609199965111,0.0,11.652115999822854,55.5098539998653,0.03221000042685773,0.0
33,knn_mean,2,1408,128,62.241337999694224,0.0,10.034996999820578,52.16822900001716,0.02948400015156949,0.0
33,knn_mean,2,1536,128,62.8039279999939,0.0,11.114040999927965,51.65024799953244,0.030154999876685906,0.0
33,knn_mean,2,1664,128,64.14063000011083,0.0,10.556018999523076,53.54128099952504,0.031972000215318985,0.0
33,knn_mean,2,1792,128,60.68735199914954,0.0,10.174836999794934,50.47032600032253,0.032278999242407735,0.0
33,knn_mean,2,1920,128,59.04329399982089,0.0,10.548401000050944,48.45771399959631,0.028225999813003,0.0
33,knn_mean,2,2048,128,60.03563699960068,0.0,11.372947999916505,48.61529299978429,0.036716000067826826,0.0
33,knn_mean,2,2176,128,56.93578000045818,0.0,10.764592000668927,46.13451800014445,0.028674000532191712,0.0
33,knn_mean,2,2304,128,56.77868899965688,0.0,10.840867999831971,45.88498800058005,0.029928000003565103,0.0
33,knn_mean,2,2432,128,56.27371700029471,0.0,10.321028000362276,45.900992000497354,0.04235699998389464,0.0
33,knn_mean,2,2560,128,59.3363819998558,0.0,10.605965999275213,48.68791700027941,0.031847000173002016,0.0
33,knn_mean,2,2688,128,59.47685600040131,0.0,10.901788999944984,48.5318159999224,0.0347380000675912,0.0
33,knn_mean,2,2816,128,56.01758200009499,0.0,10.24483000037435,45.724126000095566,0.04070800059707835,0.0
33,knn_mean,2,2944,128,57.184960000085994,0.0,10.51413400000456,46.638932999485405,0.02518499968573451,0.0
33,knn_mean,2,3072,128,57.04685700038681,0.0,10.6118260000585,46.40473400013434,0.024548000510549173,0.0
33,knn_mean,2,3200,128,54.417340000327385,0.0,10.538981000536296,43.843309999829216,0.027695000426319893,0.0
33,knn_mean,2,3328,128,52.49012200056313,0.0,10.331666000638506,42.1211390003009,0.02971499998238869,0.0
33,knn_mean,2,3456,128,56.19955200018012,0.0,11.027581000234932,45.11713699957909,0.032142000236490276,0.0
33,knn_mean,2,3584,64,31.406085000526218,0.0,9.009772000354133,22.367313999893668,0.022858000193082262,0.0
33,GATv2_local,0,0,128,15.82287000019278,0.0,15.644465000150376,0.010848000783880707,0.0,0.002746999598457478
33,GATv2_local,0,128,128,16.6224719996535,0.0,16.487097999743128,0.009551000403007492,0.0,0.003031000233022496
33,GATv2_local,0,256,128,15.558953999970981,0.0,15.436584000781295,0.007931000254757237,0.0,0.0023599995984113775
33,GATv2_local,0,384,128,17.221771999174962,0.0,17.10944499973266,0.006905000191181898,0.0,0.002243999915663153
33,GATv2_local,0,512,128,16.424501999608765,0.0,16.316356000061205,0.006791000487282872,0.0,0.002254000719403848
33,GATv2_local,0,640,128,17.200997000145435,0.0,17.080193999390758,0.0069150000854278915,0.0,0.0024020000637392513
33,GATv2_local,0,768,128,17.299926999839954,0.0,17.15268600037234,0.010136000128113665,0.0,0.0034450004022801295
33,GATv2_local,0,896,128,16.124476999721082,0.0,15.982988999894587,0.009321999641542789,0.0,0.0032190000638365746
33,GATv2_local,0,1024,128,16.254314000434533,0.0,16.12283899976319,0.00895200082595693,0.0,0.00272899978881469
33,GATv2_local,0,1152,128,17.93022500078223,0.0,17.816993999986153,0.006882999514346011,0.0,0.002333999873371795
33,GATv2_local,0,1280,128,17.06775100046798,0.0,16.95006000045396,0.006469000254583079,0.0,0.002122999831044581
33,GATv2_local,0,1408,128,17.325453000012203,0.0,17.187393000313023,0.009372000022267457,0.0,0.003322999873489607
33,GATv2_local,0,1536,128,17.298196999945503,0.0,17.176884000036807,0.0079869996625348,0.0,0.0020249999579391442
33,GATv2_local,0,1664,128,16.15528899947094,0.0,16.0336790004294,0.006694000148854684,0.0,0.013142000170773827
33,GATv2_local,0,1792,128,14.823821000391035,0.0,14.698183999826142,0.006435000614146702,0.0,0.002162999408028554
33,GATv2_local,0,1920,128,14.719848999448004,0.0,14.609201999519428,0.006682000275759492,0.0,0.0026050001906696707
33,GATv2_local,0,2048,128,14.696498999910546,0.0,14.587573000426346,0.006199999916134402,0.0,0.002348999259993434
33,GATv2_local,0,2176,128,13.700693000828323,0.0,13.592669999525242,0.0060409993238863535,0.0,0.002362000486755278
33,GATv2_local,0,2304,128,14.907810000295285,0.0,14.794736000112607,0.006487000064225867,0.0,0.0022920003175386228
33,GATv2_local,0,2432,128,15.112044000488822,0.0,15.002937000645034,0.00640399957774207,0.0,0.002271000084874686
33,GATv2_local,0,2560,128,14.684875000057218,0.0,14.575737999621197,0.006182999641168863,0.0,0.0022300000637187622
33,GATv2_local,0,2688,128,13.964935000331025,0.0,13.855437000529491,0.006393999683496077,0.0,0.0022479998733615503
33,GATv2_local,0,2816,128,12.90802400035318,0.0,12.801717999536777,0.005982999937259592,0.0,0.0023389993657474406
33,GATv2_local,0,2944,128,14.937046999875747,0.0,14.807954999923822,0.008053000783547759,0.0,0.002535999556130264
33,GATv2_local,0,3072,128,15.078223000273283,0.0,14.955063000343216,0.0072740003815852106,0.0,0.002739000592555385
33,GATv2_local,0,3200,128,12.804805999621749,0.0,12.695369000539358,0.006753999514330644,0.0,0.002280999979120679
33,GATv2_local,0,3328,128,12.718173000394017,0.0,12.597178000760323,0.006367999958456494,0.0,0.0024529999791411683
33,GATv2_local,0,3456,128,12.424081999597547,0.0,12.315075000515208,0.006240999937290326,0.0,0.0021219993868726306
33,GATv2_local,0,3584,64,9.888612999930046,0.0,9.798392999982752,0.006416999895009212,0.0,0.0022399999579647556
33,GATv2_local,1,0,128,11.243506000027992,0.0,11.094784999841067,0.010284999916621018,0.0,0.003359000402269885
33,GATv2_local,1,128,128,11.018821000106982,0.0,10.900047000177437,0.0075420002758619376,0.0,0.002338000740564894
33,GATv2_local,1,256,128,10.624542999721598,0.0,10.512468000342778,0.006387000212271232,0.0,0.002233000486739911
33,GATv2_local,1,384,128,10.887944000387506,0.0,10.776652000458853,0.006362999556586146,0.0,0.002156999471480958
33,GATv2_local,1,512,128,10.894285000176751,0.0,10.786794000523514,0.006407999535440467,0.0,0.002380000296398066
33,GATv2_local,1,640,128,11.961235999478959,0.0,11.840641999697255,0.006754999958502594,0.0,0.002497000423318241
33,GATv2_local,1,768,128,11.037769999347802,0.0,10.921193999820389,0.006549999852722976,0.0,0.0024750006559770554
33,GATv2_local,1,896,128,11.442521999924793,0.0,11.322960000143212,0.006485999620053917,0.0,0.002284000402141828
33,GATv2_local,1,1024,128,11.453910999989603,0.0,11.280596999313275,0.00854700010677334,0.0,0.002714000402193051
33,GATv2_local,1,1152,128,12.975742999515205,0.0,12.853774999712186,0.006936999852769077,0.0,0.002408999534964096
33,GATv2_local,1,1280,128,11.202187999515445,0.0,11.069965999922715,0.01986900042538764,0.0,0.0029089997042319737
33,GATv2_local,1,1408,128,11.24432300002809,0.0,11.128928000289307,0.006363000466080848,0.0,0.0025009994715219364
33,GATv2_local,1,1536,128,11.680288000206929,0.0,11.571959999855608,0.006454999493143987,0.0,0.0023940001483424567
33,GATv2_local,1,1664,128,10.598312999718473,0.0,10.484540999641467,0.006475000191130675,0.0,0.0023490001694881357
33,GATv2_local,1,1792,128,11.140845000227273,0.0,11.031848000129685,0.00642200029687956,0.0,0.0021799996829940937
33,GATv2_local,1,1920,128,10.715295000409242,0.0,10.60411300022679,0.0063550005506840535,0.0,0.0022399999579647556
33,GATv2_local,1,2048,128,10.488085999895702,0.0,10.378585000580642,0.006370999471982941,0.0,0.002222999682999216
33,GATv2_local,1,2176,128,10.81281200004014,0.0,10.703081999963615,0.006244000360311475,0.0,0.0021410005501820706
33,GATv2_local,1,2304,128,10.731667999607453,0.0,10.621652999361686,0.006631999895034824,0.0,0.002243999915663153
33,GATv2_local,1,2432,128,10.472615999788104,0.0,10.358512000493647,0.006455000402638689,0.0,0.0023419997887685895
33,GATv2_local,1,2560,128,9.208698999827902,0.0,9.10126999951899,0.005791999683424365,0.0,0.0021500000002561137
33,GATv2_local,1,2688,128,9.145234000243363,0.0,9.038899000188394,0.005775000317953527,0.0,0.002267999661853537
33,GATv2_local,1,2816,128,8.996646000014152,0.0,8.885627999916323,0.006229000064195134,0.0,0.0022039994291844778
33,GATv2_local,1,2944,128,8.953281999311002,0.0,8.84314999984781,0.006598999789275695,0.0,0.00265099970420124
33,GATv2_local,1,3072,128,9.717403000649938,0.0,9.57113299955381,0.02013300036196597,0.0,0.0039750002542859875
33,GATv2_local,1,3200,128,9.355132000564481,0.0,9.214130000145815,0.009069000043382403,0.0,0.0031469999157707207
33,GATv2_local,1,3328,128,9.113258000070346,0.0,8.956095000030473,0.008787999831838533,0.0,0.003431000550335739
33,GATv2_local,1,3456,128,9.52083100037271,0.0,9.402351999597158,0.007237999852804933,0.0,0.0025139997887890786
33,GATv2_local,1,3584,64,8.18490900019242,0.0,8.071821999692474,0.007034000191197265,0.0,0.002693000169529114
33,GATv2_local,2,0,128,9.386278999954811,0.0,9.245293000276433,0.00949100012803683,0.0,0.002382999809924513
33,GATv2_local,2,128,128,9.63552599932882,0.0,9.499945000243315,0.007387999175989535,0.0,0.0022340000214171596
33,GATv2_local,2,256,128,9.130837000157044,0.0,8.993151000140642,0.00764700052968692,0.0,0.002682000740605872
33,GATv2_local,2,384,128,9.899266000502394,0.0,9.599900000466732,0.006365999979607295,0.0,0.0022160002117743716
33,GATv2_local,2,512,128,9.916359999806446,0.0,9.802651000427431,0.006041999768058304,0.0,0.0022520007405546494
33,GATv2_local,2,640,128,9.136902000136615,0.0,9.030402999997023,0.006109000423748512,0.0,0.0023449993022950366
33,GATv2_local,2,768,128,9.049717000380042,0.0,8.94468800015602,0.005791999683424365,0.0,0.0022280000848695636
33,GATv2_local,2,896,128,9.568176000357198,0.0,9.463611000683159,0.005783000233350322,0.0,0.002226000106020365
33,GATv2_local,2,1024,128,9.685838999757834,0.0,9.58185399940703,0.0060679994930978864,0.0,0.002264999238832388
33,GATv2_local,2,1152,128,9.705151000162004,0.0,9.573522000209778,0.008074999641394243,0.0,0.002951999704237096
33,GATv2_local,2,1280,128,10.228643000118609,0.0,10.10686099925806,0.007272000402736012,0.0,0.0026099996830453165
33,GATv2_local,2,1408,128,10.552646999713033,0.0,10.443168999699992,0.006270000085351057,0.0,0.0022300000637187622
33,GATv2_local,2,1536,128,9.915990000081365,0.0,9.779945999980555,0.007370999810518697,0.0,0.0027090000003227033
33,GATv2_local,2,1664,128,10.484983999958786,0.0,10.342274999857182,0.007841999831725843,0.0,0.002905999281210825
33,GATv2_local,2,1792,128,10.463767999681295,0.0,10.333570000511827,0.007180000466178171,0.0,0.0023909997253213078
33,GATv2_local,2,1920,128,10.709371999837458,0.0,10.604914000396093,0.0059419999161036685,0.0,0.002122999831044581
33,GATv2_local,2,2048,128,10.959927999465435,0.0,10.852827000235266,0.0060479997046059,0.0,0.0022549993445863947
33,GATv2_local,2,2176,128,10.018412999670545,0.0,9.900934000143025,0.006031000339135062,0.0,0.0022399999579647556
33,GATv2_local,2,2304,128,10.475097999915306,0.0,10.366507000071579,0.006271000529523008,0.0,0.002178000613639597
33,GATv2_local,2,2432,128,10.571079999863287,0.0,10.466378000273835,0.006262000169954263,0.0,0.0021850000848644413
33,GATv2_local,2,2560,128,9.799219000342418,0.0,9.677812000518315,0.007089000064297579,0.0,0.0026650004656403325
33,GATv2_local,2,2688,128,9.391261000018858,0.0,9.282705999794416,0.0054989995987853035,0.0,0.0018099999579135329
33,GATv2_local,2,2816,128,9.491418000834528,0.0,9.388118999595463,0.006172999746922869,0.0,0.0031469999157707207
33,GATv2_local,2,2944,128,9.265100999982678,0.0,9.162925000055111,0.006184000085340813,0.0,0.0021500000002561137
33,GATv2_local,2,3072,128,9.173808999548783,0.0,9.064483999281947,0.006212999323906843,0.0,0.002329000380996149
33,GATv2_local,2,3200,128,9.340585000245483,0.0,9.230341000147746,0.006164000296848826,0.0,0.0021140003809705377
33,GATv2_local,2,3328,128,10.97244800075714,0.0,10.787899999741057,0.006706000021949876,0.0,0.0023029997464618646
33,GATv2_local,2,3456,128,9.274445999835734,0.0,9.168327000224963,0.006221000148798339,0.0,0.002195999513787683
33,GATv2_local,2,3584,64,7.69659799971123,0.0,7.595404999847233,0.006106999535404611,0.0,0.002240999492642004
33,GATv2_margin,0,0,128,25.650023999332916,0.0,9.714566999718954,10.295689000486163,0.0,5.255736000435718
33,GATv2_margin,0,128,128,30.064065999795275,0.0,9.755435999977635,14.012988999638765,0.0,5.9503720003704075
33,GATv2_margin,0,256,128,27.390813999772945,0.0,10.42095800039533,11.693700999785506,0.0,4.9222490006286534
33,GATv2_margin,0,384,128,27.27963299912517,0.0,10.22693300001265,9.661613999924157,0.0,7.051645000501594
33,GATv2_margin,0,512,128,29.360247000113304,0.0,11.294513999928313,10.942451999653713,0.0,6.766729000446503
33,GATv2_margin,0,640,128,23.085166999408102,0.0,10.144821000722004,7.492181999623426,0.0,5.144611999639892
33,GATv2_margin,0,768,128,29.585982000753575,0.0,10.438333999445604,12.740682999719866,0.0,6.100685000092199
33,GATv2_margin,0,896,128,34.61328000048525,0.0,9.531234999485605,18.046961999971245,0.0,6.640933999733534
33,GATv2_margin,0,1024,128,26.657562999389484,0.0,9.881662000225333,10.80757599993376,0.0,5.630389000543801
33,GATv2_margin,0,1152,128,32.36103500057652,0.0,9.935660999872198,16.16596199983178,0.0,5.822347000503214
33,GATv2_margin,0,1280,128,31.39970699976402,0.0,10.061109999696782,14.536425999722269,0.0,6.473000999903888
33,GATv2_margin,0,1408,128,26.517969000451558,0.0,9.769742000571568,10.885554000196862,0.0,5.532191000384046
33,GATv2_margin,0,1536,128,27.34803400016972,0.0,11.198926999895775,10.814872000082687,0.0,5.019829000048048
33,GATv2_margin,0,1664,128,32.004487000449444,0.0,10.89976699950057,14.919768000254408,0.0,5.781168999419606
33,GATv2_margin,0,1792,128,33.98416400068527,0.0,11.162925999997242,14.764300999559055,0.0,7.683175000238407
33,GATv2_margin,0,1920,128,37.38452099969436,0.0,10.585889999674691,19.057173999499355,0.0,7.375238999884459
33,GATv2_margin,0,2048,128,32.42251099982241,0.0,10.124892999556323,14.54075199944782,0.0,7.412889999613981
33,GATv2_margin,0,2176,128,28.404131000570487,0.0,9.463778000281309,13.41572300043481,0.0,5.184044000088761
33,GATv2_margin,0,2304,128,26.7999610005063,0.0,9.98296699981438,11.019943000064814,0.0,5.457324999952107
33,GATv2_margin,0,2432,128,32.14181099974667,0.0,9.281883000767266,15.904023999610217,0.0,6.598556999961147
33,GATv2_margin,0,2560,128,30.423082999732287,0.0,11.69143700008135,11.397772999771405,0.0,6.968869000047562
33,GATv2_margin,0,2688,128,26.466237999557052,0.0,9.368809999614314,12.059736000082921,0.0,4.715479000878986
33,GATv2_margin,0,2816,128,26.801488999808498,0.0,8.485413999551383,12.409383999511192,0.0,5.553612999392499
33,GATv2_margin,0,2944,128,29.104684999765595,0.0,8.96989700049744,13.997343000482942,0.0,5.813044000205991
33,GATv2_margin,0,3072,128,28.94137499970384,0.0,10.62130399986927,11.589797999477014,0.0,6.387706999703369
33,GATv2_margin,0,3200,128,30.72857600000134,0.0,9.669551000115462,13.528475999919465,0.0,7.17913900007261
33,GATv2_margin,0,3328,128,24.007369999708317,0.0,9.857351000391645,8.488257999488269,0.0,5.3213819992379285
33,GATv2_margin,0,3456,128,26.70261599996593,0.0,9.307126000749122,11.268952000136778,0.0,5.789615000139747
33,GATv2_margin,0,3584,64,22.414170000047307,0.0,7.611791999806883,8.261885999672813,0.0,6.304536999778065
33,GATv2_margin,1,0,128,27.077028000348946,0.0,9.517970999695535,10.883543000090867,0.0,6.327807000161556
33,GATv2_margin,1,128,128,29.757209999843326,0.0,9.642254000027606,13.71923000078823,0.0,6.056360000002314
33,GATv2_margin,1,256,128,27.023133000511734,0.0,9.59438100016996,10.94992300022568,0.0,6.100863000028767
33,GATv2_margin,1,384,128,28.241900000466558,0.0,11.181032999957097,10.989458000040031,0.0,5.708892999791715
33,GATv2_margin,1,512,128,27.0995140008381,0.0,9.783442000298237,11.158097000588896,0.0,5.809951000628644
33,GATv2_margin,1,640,128,22.89162299985037,0.0,9.417295000275772,8.030622000660514,0.0,5.1119899999321206
33,GATv2_margin,1,768,128,27.837922999424336,0.0,8.693381000739464,12.897180000436492,0.0,5.901962000280037
33,GATv2_margin,1,896,128,34.69525599939516,0.0,9.52096699984395,18.441548999362567,0.0,6.381180000062159
33,GATv2_margin,1,1024,128,26.578457999676175,0.0,9.444700000130979,10.495040000023437,0.0,6.29906399990432
33,GATv2_margin,1,1152,128,32.347209000363364,0.0,9.714808999888191,16.48226599991176,0.0,5.78754799971648
33,GATv2_margin,1,1280,128,29.275793000124395,0.0,9.33216899920808,14.105742000538157,0.0,5.491176999385061
33,GATv2_margin,1,1408,128,26.20914800081664,0.0,9.587726000063412,10.77107499986596,0.0,5.543004999708501
33,GATv2_margin,1,1536,128,26.40419199997268,0.0,9.444455000448215,10.877989000618982,0.0,5.775933000222722
33,GATv2_margin,1,1664,128,30.63291200032836,0.0,9.515521000139415,15.030306999506138,0.0,5.73393299964664
33,GATv2_margin,1,1792,128,30.662355000458774,0.0,9.683911999673,14.687308000247867,0.0,5.939278000369086
33,GATv2_margin,1,1920,128,36.61833600017417,0.0,9.699190999526763,19.866642999659234,0.0,6.620037000175216
33,GATv2_margin,1,2048,128,31.714382999780355,0.0,9.69606900071085,15.948661000038555,0.0,5.672854000295047
33,GATv2_margin,1,2176,128,30.48774000035337,0.0,9.475543000007747,14.542593999976816,0.0,6.049285000699456
33,GATv2_margin,1,2304,128,26.193906999651517,0.0,9.322963999693457,11.19319400004315,0.0,5.329986000106146
33,GATv2_margin,1,2432,128,32.18957999979466,0.0,9.557483000207867,15.879984000093827,0.0,6.382601000041177
33,GATv2_margin,1,2560,128,28.555277999657847,0.0,10.091967999869667,11.744311999791535,0.0,6.377746999532974
33,GATv2_margin,1,2688,128,31.44766600053117,0.0,11.083804000008968,12.662097999964317,0.0,7.326888999159564
33,GATv2_margin,1,2816,128,29.730561999713245,0.0,10.466703000020061,12.770727999850351,0.0,6.164864999846031
33,GATv2_margin,1,2944,128,32.91366399935214,0.0,11.550666999937675,14.821277000010014,0.0,6.1676740006078035
33,GATv2_margin,1,3072,128,29.30149599978904,0.0,10.996892000548542,12.132492000091588,0.0,5.810886999825016
33,GATv2_margin,1,3200,128,30.59478900013346,0.0,10.563896999883582,12.729555000078108,0.0,6.9806020001124125
33,GATv2_margin,1,3328,128,26.080392999574542,0.0,11.321366999254678,8.393871999942348,0.0,6.010635000166076
33,GATv2_margin,1,3456,128,29.46318300018902,0.0,10.384436999629543,12.288226999771723,0.0,6.433060000745172
33,GATv2_margin,1,3584,64,21.98184300050343,0.0,8.320388000356616,7.644798000001174,0.0,5.773137000687711
33,GATv2_margin,2,0,128,27.40397999968991,0.0,10.635165000167035,10.679960999368632,0.0,5.715962999602198
33,GATv2_margin,2,128,128,31.88720199977979,0.0,10.63559200065356,14.044353000826959,0.0,6.852837000224099
33,GATv2_margin,2,256,128,28.908358000080625,0.0,11.246418999689922,10.95157100007782,0.0,6.392240999957721
33,GATv2_margin,2,384,128,31.00837900001352,0.0,13.948153999990609,10.263711000334297,0.0,6.423517999792239
33,GATv2_margin,2,512,128,29.056164999929024,0.0,10.688158999982988,12.087027999768907,0.0,5.952038000032189
33,GATv2_margin,2,640,128,28.244680000170774,0.0,13.365578999582794,8.39268700019602,0.0,6.156553999971948
33,GATv2_margin,2,768,128,31.214806000207318,0.0,11.223589000110223,13.3819519996905,0.0,6.2590329998784
33,GATv2_margin,2,896,128,35.837225999785005,0.0,10.586688999865146,18.102531999829807,0.0,6.812413000261586
33,GATv2_margin,2,1024,128,28.081032000045525,0.0,10.99619199976587,10.508690999813552,0.0,6.238065999241371
33,GATv2_margin,2,1152,128,33.89256300033594,0.0,11.324365999826114,15.789674999723502,0.0,6.43427100021654
33,GATv2_margin,2,1280,128,32.01578999960475,0.0,11.713314000189712,13.778008999906888,0.0,6.211787000211189
33,GATv2_margin,2,1408,128,30.037163999622862,0.0,11.526623000463587,11.7423889996644,0.0,6.4244029999827035
33,GATv2_margin,2,1536,128,32.296884000061254,0.0,13.339782000002742,12.20240400016337,0.0,6.376613999236724
33,GATv2_margin,2,1664,128,33.64837899971462,0.0,11.418273000344925,15.496744999836665,0.0,6.356607999805419
33,GATv2_margin,2,1792,128,33.56792500017036,0.0,11.314830000628717,14.495873000669235,0.0,7.442001000526943
33,GATv2_margin,2,1920,128,37.94157599986647,0.0,11.48256099986611,19.237593000070774,0.0,6.861367999590584
33,GATv2_margin,2,2048,128,33.75099599998066,0.0,11.256769999818061,15.687516999605577,0.0,6.458974999986822
33,GATv2_margin,2,2176,128,31.20147800018458,0.0,10.555526000644022,13.9564450000762,0.0,6.357115000355407
33,GATv2_margin,2,2304,128,31.724089999443095,0.0,13.596800999948755,11.254466000536922,0.0,6.494058000498626
33,GATv2_margin,2,2432,128,34.05103099976259,0.0,10.46184999995603,16.826471999593196,0.0,6.419164000362798
33,GATv2_margin,2,2560,128,28.383879000102752,0.0,10.577617000308237,11.357372999555082,0.0,6.1192299999675015
33,GATv2_margin,2,2688,128,29.81539999927918,0.0,10.740062999502697,12.050276999616472,0.0,6.682078000267211
33,GATv2_margin,2,2816,128,30.435229999966396,0.0,10.528091000196582,12.810205999812752,0.0,6.761907000509382
33,GATv2_margin,2,2944,128,35.82144000029075,0.0,13.15278199945169,15.379700000266894,0.0,6.946461000552517
33,GATv2_margin,2,3072,128,30.236931999752414,0.0,11.750470999686513,11.686341999848082,0.0,6.462143000135256
33,GATv2_margin,2,3200,128,32.948063999356236,0.0,10.791898999741534,12.792839000212552,0.0,8.999283999401086
33,GATv2_margin,2,3328,128,26.34656299960625,0.0,11.212596000405028,8.560332999877573,0.0,6.23099199947319
33,GATv2_margin,2,3456,128,30.15605500058882,0.0,11.168457999701786,12.089837999155861,0.0,6.532022999635956
33,GATv2_margin,2,3584,64,24.167477000446524,0.0,9.349046000352246,7.766407999952207,0.0,6.83528399986244
44,degree_logistic,0,0,128,3.410426000300504,3.359879000527144,0.0,0.0,0.045435000174620654,0.0
44,degree_logistic,0,128,128,3.0868559997543343,3.058530999624054,0.0,0.0,0.024497999220329802,0.0
44,degree_logistic,0,256,128,3.227425000659423,3.1999850007196073,0.0,0.0,0.02346600012970157,0.0
44,degree_logistic,0,384,128,2.8362020002532518,2.8081279997422826,0.0,0.0,0.0246559993684059,0.0
44,degree_logistic,0,512,128,3.0377260000022943,3.011203999449208,0.0,0.0,0.02292299996042857,0.0
44,degree_logistic,0,640,128,2.980039999783912,2.9552879996117554,0.0,0.0,0.021312999706424307,0.0
44,degree_logistic,0,768,128,3.1212479998430354,3.094534000410931,0.0,0.0,0.02313799996045418,0.0
44,degree_logistic,0,896,128,3.3917279997695005,3.364719000273908,0.0,0.0,0.02320400017197244,0.0
44,degree_logistic,0,1024,128,3.1504680000580265,3.120369000498613,0.0,0.0,0.02622699958010344,0.0
44,degree_logistic,0,1152,128,3.2082070001706597,3.181641000082891,0.0,0.0,0.0229520001084893,0.0
44,degree_logistic,0,1280,128,3.2036539996624924,3.175924999595736,0.0,0.0,0.023693000002822373,0.0
44,degree_logistic,0,1408,128,3.239281999412924,3.2124780000231112,0.0,0.0,0.02312200012966059,0.0
44,degree_logistic,0,1536,128,3.4008559996436816,3.372113999830617,0.0,0.0,0.024373999622184783,0.0
44,degree_logistic,0,1664,128,3.1250380006895284,3.0986970004960313,0.0,0.0,0.02292600038344972,0.0
44,degree_logistic,0,1792,128,3.2583880001766374,3.230848000384867,0.0,0.0,0.023924000743136276,0.0
44,degree_logistic,0,1920,128,3.237304000322183,3.2106119997479254,0.0,0.0,0.023087000045052264,0.0
44,degree_logistic,0,2048,128,3.725664999365108,3.6924359992553946,0.0,0.0,0.028129000384069514,0.0
44,degree_logistic,0,2176,128,3.473419999863836,3.443417999733356,0.0,0.0,0.025224999262718484,0.0
44,degree_logistic,0,2304,128,3.018991000317328,2.9895810002926737,0.0,0.0,0.02549500004533911,0.0
44,degree_logistic,0,2432,128,3.23184900025808,3.1908490000205347,0.0,0.0,0.03653600015240954,0.0
44,degree_logistic,0,2560,128,4.015578000689857,3.98689700068644,0.0,0.0,0.024403000679740217,0.0
44,degree_logistic,0,2688,128,2.9670830008399207,2.939637000054063,0.0,0.0,0.023413999770127703,0.0
44,degree_logistic,0,2816,128,2.9581809994851938,2.9203340000094613,0.0,0.0,0.033987000279012136,0.0
44,degree_logistic,0,2944,128,3.1262239999705344,3.0998519996501273,0.0,0.0,0.023049999981594738,0.0
44,degree_logistic,0,3072,128,3.1089220001376816,3.0803310000919737,0.0,0.0,0.024576999749115203,0.0
44,degree_logistic,0,3200,128,3.1067960007931106,3.0786620000071707,0.0,0.0,0.024195999685616698,0.0
44,degree_logistic,0,3328,128,3.189256000041496,3.158507000080135,0.0,0.0,0.026126000193471555,0.0
44,degree_logistic,0,3456,128,3.110562000074424,3.081847999965248,0.0,0.0,0.02463100008753827,0.0
44,degree_logistic,0,3584,64,1.5953120000631316,1.5707070006101276,0.0,0.0,0.021363000087148976,0.0
44,degree_logistic,1,0,128,3.392089000044507,3.3424299999751383,0.0,0.0,0.044225000237929635,0.0
44,degree_logistic,1,128,128,3.327301999888732,3.2971089995044167,0.0,0.0,0.026276999960828107,0.0
44,degree_logistic,1,256,128,2.977783999995154,2.9526840007747523,0.0,0.0,0.022055999579606578,0.0
44,degree_logistic,1,384,128,3.2094759999381495,3.183366000484966,0.0,0.0,0.022186000023793895,0.0
44,degree_logistic,1,512,128,3.0023749995962135,2.9728019999311073,0.0,0.0,0.021549999473791104,0.0
44,degree_logistic,1,640,128,2.9327769998417352,2.9077059998598997,0.0,0.0,0.021427000319818035,0.0
44,degree_logistic,1,768,128,3.048945000045933,3.022179000254255,0.0,0.0,0.02305999987584073,0.0
44,degree_logistic,1,896,128,3.0036899997867295,2.9793969997626846,0.0,0.0,0.02125100036209915,0.0
44,degree_logistic,1,1024,128,3.5789479998129536,3.5493959994710167,0.0,0.0,0.02476499957992928,0.0
44,degree_logistic,1,1152,128,2.9998820000400883,2.973134000058053,0.0,0.0,0.022524000087287277,0.0
44,degree_logistic,1,1280,128,2.875536999454198,2.850679999937711,0.0,0.0,0.02145000053133117,0.0
44,degree_logistic,1,1408,128,2.9790759999741567,2.953283000351803,0.0,0.0,0.022186999558471143,0.0
44,degree_logistic,1,1536,128,3.144809000332316,2.8717710001728847,0.0,0.0,0.265944000602758,0.0
44,degree_logistic,1,1664,128,3.1222620000335155,3.094282000347448,0.0,0.0,0.02362200029892847,0.0
44,degree_logistic,1,1792,128,2.9183220003687893,2.8919100004713982,0.0,0.0,0.02259499979118118,0.0
44,degree_logistic,1,1920,128,2.9464970002663904,2.9195709994382923,0.0,0.0,0.023163000150816515,0.0
44,degree_logistic,1,2048,128,3.1460129994229646,3.119658999821695,0.0,0.0,0.02277799922012491,0.0
44,degree_logistic,1,2176,128,3.226617999644077,3.198338999936823,0.0,0.0,0.024016000679694116,0.0
44,degree_logistic,1,2304,128,3.010887000527873,2.9842809999536257,0.0,0.0,0.0229520001084893,0.0
44,degree_logistic,1,2432,128,3.011814000274171,2.98482700054592,0.0,0.0,0.023385000531561673,0.0
44,degree_logistic,1,2560,128,3.0463849998341175,3.019373999450181,0.0,0.0,0.0232619995585992,0.0
44,degree_logistic,1,2688,128,3.138822999972035,3.1128639993767138,0.0,0.0,0.022449999960372224,0.0
44,degree_logistic,1,2816,128,3.3526010001878603,3.3177300001625554,0.0,0.0,0.029154000003472902,0.0
44,degree_logistic,1,2944,128,3.0720679997102707,3.04537000010896,0.0,0.0,0.023116999727790244,0.0
44,degree_logistic,1,3072,128,2.820132000124431,2.79595300071378,0.0,0.0,0.021349999769881833,0.0
44,degree_logistic,1,3200,128,2.823709000040253,2.8001270002278034,0.0,0.0,0.020568999389070086,0.0
44,degree_logistic,1,3328,128,2.8201120003359392,2.797131000079389,0.0,0.0,0.01986900042538764,0.0
44,degree_logistic,1,3456,128,2.7690509996318724,2.745200999925146,0.0,0.0,0.02099900029861601,0.0
44,degree_logistic,1,3584,64,1.8097749998560175,1.7806619998737006,0.0,0.0,0.024529999791411683,0.0
44,degree_logistic,2,0,128,3.3664470001895097,3.311561000373331,0.0,0.0,0.04894099947705399,0.0
44,degree_logistic,2,128,128,3.4607789993970073,3.403458999855502,0.0,0.0,0.04983399958291557,0.0
44,degree_logistic,2,256,128,3.1170209995252662,3.088094999839086,0.0,0.0,0.02483000025677029,0.0
44,degree_logistic,2,384,128,3.0781679997744504,3.051824000067427,0.0,0.0,0.022795000404585153,0.0
44,degree_logistic,2,512,128,3.1412059997819597,3.114565999567276,0.0,0.0,0.023102999875845853,0.0
44,degree_logistic,2,640,128,3.180533999511681,3.153860999191238,0.0,0.0,0.022849999368190765,0.0
44,degree_logistic,2,768,128,3.7026489999334444,3.6735590001626406,0.0,0.0,0.024693999876035377,0.0
44,degree_logistic,2,896,128,3.16404400018655,3.134442000373383,0.0,0.0,0.025362999622302596,0.0
44,degree_logistic,2,1024,128,3.142235000268556,3.114697000455635,0.0,0.0,0.023564000002807006,0.0
44,degree_logistic,2,1152,128,3.165845999319572,3.138998999929754,0.0,0.0,0.023130999579734635,0.0
44,degree_logistic,2,1280,128,3.4018599999399157,3.3747769994079135,0.0,0.0,0.02301600034115836,0.0
44,degree_logistic,2,1408,128,3.0920919998607133,3.0649219997940236,0.0,0.0,0.023421999685524497,0.0
44,degree_logistic,2,1536,128,3.4194109994132305,3.3901319993674406,0.0,0.0,0.02480000057403231,0.0
44,degree_logistic,2,1664,128,3.2149460002983687,3.1879400003163028,0.0,0.0,0.022994000573817175,0.0
44,degree_logistic,2,1792,128,3.2513500000277418,3.2237989998975536,0.0,0.0,0.023260000489244703,0.0
44,degree_logistic,2,1920,128,3.6767259998669033,3.6453809998420184,0.0,0.0,0.02638200021465309,0.0
44,degree_logistic,2,2048,128,3.3106060000136495,3.2791969997560955,0.0,0.0,0.02684799983398989,0.0
44,degree_logistic,2,2176,128,3.1581519997416763,3.1319209992943797,0.0,0.0,0.022467999770015012,0.0
44,degree_logistic,2,2304,128,3.1569759994454216,3.1308149991673417,0.0,0.0,0.02268800017191097,0.0
44,degree_logistic,2,2432,128,3.17207399984909,3.1446180000784807,0.0,0.0,0.02363800012972206,0.0
44,degree_logistic,2,2560,128,3.4936219999508467,3.4051129996441887,0.0,0.0,0.08246899960795417,0.0
44,degree_logistic,2,2688,128,3.1379179999930784,3.108185000201047,0.0,0.0,0.02538800072215963,0.0
44,degree_logistic,2,2816,128,3.051480999602063,3.0246500000430387,0.0,0.0,0.023246000637300313,0.0
44,degree_logistic,2,2944,128,3.1704980001450167,3.142588000628166,0.0,0.0,0.023814000087440945,0.0
44,degree_logistic,2,3072,128,3.4070540004904615,3.3753200004866812,0.0,0.0,0.026110999897355214,0.0
44,degree_logistic,2,3200,128,3.178674999617215,3.1507439998677,0.0,0.0,0.023700999918219168,0.0
44,degree_logistic,2,3328,128,3.2024769998315605,3.1736569999338826,0.0,0.0,0.024450000637443736,0.0
44,degree_logistic,2,3456,128,3.0412609994527884,3.0121789995973813,0.0,0.0,0.02420999953756109,0.0
44,degree_logistic,2,3584,64,1.677274000030593,1.6508279995832709,0.0,0.0,0.022963999981584493,0.0
44,degree_MLP,0,0,128,4.2845830002988805,3.201012999852537,0.0,0.0,1.0775849996207398,0.0
44,degree_MLP,0,128,128,4.290902000320784,3.1244750007317634,0.0,0.0,1.1615359999268549,0.0
44,degree_MLP,0,256,128,4.261416999725043,3.0730589996892377,0.0,0.0,1.184260000627546,0.0
44,degree_MLP,0,384,128,4.198841000288667,3.056855000068026,0.0,0.0,1.137578000452777,0.0
44,degree_MLP,0,512,128,5.761178999819094,3.149860000121407,0.0,0.0,2.6072339996972005,0.0
44,degree_MLP,0,640,128,4.149093000705761,2.953992000584549,0.0,0.0,1.1893760001839837,0.0
44,degree_MLP,0,768,128,3.898707000189461,3.023600000233273,0.0,0.0,0.870896000378707,0.0
44,degree_MLP,0,896,128,4.278106000128901,3.026360999683675,0.0,0.0,1.2452780001694919,0.0
44,degree_MLP,0,1024,128,5.191229999581992,3.077360000133922,0.0,0.0,2.1097829994687345,0.0
44,degree_MLP,0,1152,128,4.964817000654875,3.6084379999010707,0.0,0.0,1.3444040005197166,0.0
44,degree_MLP,0,1280,128,4.428842999914195,3.1560300003548036,0.0,0.0,1.2680870004260214,0.0
44,degree_MLP,0,1408,128,4.154602000198793,3.024321000339114,0.0,0.0,1.1256990001129452,0.0
44,degree_MLP,0,1536,128,5.639859999973851,3.1477060001634527,0.0,0.0,2.485177000380645,0.0
44,degree_MLP,0,1664,128,4.307057000005443,3.1059060002007755,0.0,0.0,1.1961019999944256,0.0
44,degree_MLP,0,1792,128,4.356014000222785,3.1534400004602503,0.0,0.0,1.1965579997195164,0.0
44,degree_MLP,0,1920,128,4.395072000079381,3.1866069994066493,0.0,0.0,1.2039530001857202,0.0
44,degree_MLP,0,2048,128,4.410710000229301,3.2736490002207574,0.0,0.0,1.1328219998176792,0.0
44,degree_MLP,0,2176,128,5.576663999818265,2.9361919996517827,0.0,0.0,2.6362119997429545,0.0
44,degree_MLP,0,2304,128,4.205850000289502,3.0219800000850228,0.0,0.0,1.17744599992875,0.0
44,degree_MLP,0,2432,128,4.182947000117565,2.99398800052586,0.0,0.0,1.1845790004372247,0.0
44,degree_MLP,0,2560,128,3.876876000504126,3.03716100006568,0.0,0.0,0.8356729995284695,0.0
44,degree_MLP,0,2688,128,3.826818000561616,2.929316000518156,0.0,0.0,0.8931859993026592,0.0
44,degree_MLP,0,2816,128,4.136954999921727,3.130674000203726,0.0,0.0,1.0018000002673944,0.0
44,degree_MLP,0,2944,128,3.9384749998134794,3.0366350001713727,0.0,0.0,0.8974700003818725,0.0
44,degree_MLP,0,3072,128,4.355954999482492,3.0849419999867678,0.0,0.0,1.2662190001719864,0.0
44,degree_MLP,0,3200,128,4.255662999639753,3.0664429996249964,0.0,0.0,1.1848309995912132,0.0
44,degree_MLP,0,3328,128,6.296683999607922,2.9403010003079544,0.0,0.0,3.3513559992570663,0.0
44,degree_MLP,0,3456,128,4.110464000405045,3.0112680005913717,0.0,0.0,1.0940339998342097,0.0
44,degree_MLP,0,3584,64,2.7157840004292666,1.5942720001476118,0.0,0.0,1.1173789998792927,0.0
44,degree_MLP,1,0,128,4.497369000091567,3.29847300054098,0.0,0.0,1.1926619999940158,0.0
44,degree_MLP,1,128,128,4.083074999471137,3.103906999967876,0.0,0.0,0.9726549997139955,0.0
44,degree_MLP,1,256,128,4.8670759997548885,3.5319560001880745,0.0,0.0,1.3297380000949488,0.0
44,degree_MLP,1,384,128,4.300881999370176,2.9406229996311595,0.0,0.0,1.356036999823118,0.0
44,degree_MLP,1,512,128,4.387751999274769,3.028019999874232,0.0,0.0,1.3555120003729826,0.0
44,degree_MLP,1,640,128,5.690207000043301,2.976235000460292,0.0,0.0,2.7084920002380386,0.0
44,degree_MLP,1,768,128,4.110421999939717,3.0044300001463853,0.0,0.0,1.1010750004061265,0.0
44,degree_MLP,1,896,128,4.375176000394276,3.0281389999800012,0.0,0.0,1.3433019994408824,0.0
44,degree_MLP,1,1024,128,4.368935999991663,3.045681000003242,0.0,0.0,1.3195960000302875,0.0
44,degree_MLP,1,1152,128,5.7995480001409305,3.3972689998336136,0.0,0.0,2.3976399997991393,0.0
44,degree_MLP,1,1280,128,4.338871000072686,3.0286920000435202,0.0,0.0,1.304987000366964,0.0
44,degree_MLP,1,1408,128,4.6332829997481895,3.359680999892589,0.0,0.0,1.2692050004261546,0.0
44,degree_MLP,1,1536,128,4.6685620000062045,3.495447999739554,0.0,0.0,1.1657650002234732,0.0
44,degree_MLP,1,1664,128,5.71150999985548,2.8856389999418752,0.0,0.0,2.808373999869218,0.0
44,degree_MLP,1,1792,128,4.090444999746978,2.8772749992640456,0.0,0.0,1.2068360001649125,0.0
44,degree_MLP,1,1920,128,5.344836999938707,3.461967000475852,0.0,0.0,1.8758070000330918,0.0
44,degree_MLP,1,2048,128,4.443646999789053,3.105871000116167,0.0,0.0,1.3330290003068512,0.0
44,degree_MLP,1,2176,128,6.049196999811102,2.8667930000665365,0.0,0.0,3.1764510003995383,0.0
44,degree_MLP,1,2304,128,5.4160769996087765,3.5998960001961677,0.0,0.0,1.810289999411907,0.0
44,degree_MLP,1,2432,128,4.161498000030406,2.8809269997509546,0.0,0.0,1.2769009999828995,0.0
44,degree_MLP,1,2560,128,4.267984999387409,2.917999999226595,0.0,0.0,1.3393540002653026,0.0
44,degree_MLP,1,2688,128,5.783960000371735,2.9498820003937,0.0,0.0,2.8297520002524834,0.0
44,degree_MLP,1,2816,128,4.198149000330886,2.8319200000623823,0.0,0.0,1.362087000416068,0.0
44,degree_MLP,1,2944,128,4.137575000640936,2.787217999866698,0.0,0.0,1.3468430006469134,0.0
44,degree_MLP,1,3072,128,4.190026000287617,2.8362419998302357,0.0,0.0,1.349965999906999,0.0
44,degree_MLP,1,3200,128,4.47359499958111,3.0954019994169357,0.0,0.0,1.373281000269344,0.0
44,degree_MLP,1,3328,128,5.649474000165355,2.864631000193185,0.0,0.0,2.780942000754294,0.0
44,degree_MLP,1,3456,128,4.16754999969271,2.7850520000356482,0.0,0.0,1.377972999762278,0.0
44,degree_MLP,1,3584,64,3.777193999667361,1.9439179995970335,0.0,0.0,1.828199999181379,0.0
44,degree_MLP,2,0,128,4.66101400070329,3.5340310005267384,0.0,0.0,1.120557000831468,0.0
44,degree_MLP,2,128,128,5.663520999405591,3.060412000195356,0.0,0.0,2.5973849997171783,0.0
44,degree_MLP,2,256,128,4.069399999934831,2.8541279998535174,0.0,0.0,1.2093330005882308,0.0
44,degree_MLP,2,384,128,4.469565999897895,3.3095609996962594,0.0,0.0,1.1526569996931357,0.0
44,degree_MLP,2,512,128,4.165562000707723,2.970445000755717,0.0,0.0,1.188660000480013,0.0
44,degree_MLP,2,640,128,4.134871000132989,2.955880000627076,0.0,0.0,1.174887999695784,0.0
44,degree_MLP,2,768,128,4.3708349994631135,3.243047999603732,0.0,0.0,1.1232610004299204,0.0
44,degree_MLP,2,896,128,4.283835000023828,3.3030260001396528,0.0,0.0,0.9746859996084822,0.0
44,degree_MLP,2,1024,128,4.616315999555809,3.2186640000873012,0.0,0.0,1.39201099955244,0.0
44,degree_MLP,2,1152,128,4.2264610001439,3.014347999851452,0.0,0.0,1.206443999762996,0.0
44,degree_MLP,2,1280,128,5.566785000155505,3.464837000137777,0.0,0.0,2.0968409999113646,0.0
44,degree_MLP,2,1408,128,4.299488000469864,2.902183000514924,0.0,0.0,1.3793640000585583,0.0
44,degree_MLP,2,1536,128,4.265438000402355,2.957161999802338,0.0,0.0,1.3016670000070008,0.0
44,degree_MLP,2,1664,128,4.899262999970233,3.0540409998138784,0.0,0.0,1.8397639996692305,0.0
44,degree_MLP,2,1792,128,4.301498999666364,2.9435149999699206,0.0,0.0,1.3537289996747859,0.0
44,degree_MLP,2,1920,128,5.679302000316966,2.9465930001606466,0.0,0.0,2.72833399958472,0.0
44,degree_MLP,2,2048,128,4.385044000628113,2.9407279998849845,0.0,0.0,1.4388409999810392,0.0
44,degree_MLP,2,2176,128,4.109661000256892,2.8198509999128873,0.0,0.0,1.283015999433701,0.0
44,degree_MLP,2,2304,128,3.993550000814139,2.91906900019967,0.0,0.0,1.069120000465773,0.0
44,degree_MLP,2,2432,128,3.906365000148071,2.7785370002675336,0.0,0.0,1.1238639999646693,0.0
44,degree_MLP,2,2560,128,4.340522000347846,3.249694000260206,0.0,0.0,1.0859499998332467,0.0
44,degree_MLP,2,2688,128,3.928396999981487,2.8534319999380386,0.0,0.0,1.0666190000847564,0.0
44,degree_MLP,2,2816,128,4.175137999482104,2.9133059997548116,0.0,0.0,1.258055999642238,0.0
44,degree_MLP,2,2944,128,4.114971000490186,2.8737500006172922,0.0,0.0,1.2372110004434944,0.0
44,degree_MLP,2,3072,128,5.796163000013621,3.2707379996281816,0.0,0.0,2.5210399999195943,0.0
44,degree_MLP,2,3200,128,4.117896999559889,2.782919999845035,0.0,0.0,1.3307090002854238,0.0
44,degree_MLP,2,3328,128,4.073153000717866,2.74871700003132,0.0,0.0,1.320352000220737,0.0
44,degree_MLP,2,3456,128,4.291180999643984,2.9046079998806817,0.0,0.0,1.3827220000166562,0.0
44,degree_MLP,2,3584,64,2.706743000089773,1.520434000667592,0.0,0.0,1.1824720004369738,0.0
44,relational_MLP,0,0,128,67.06124399988767,0.0,9.236538999175536,56.44420599946898,1.372081000226899,0.0
44,relational_MLP,0,128,128,64.835475000109,0.0,12.691282000560022,49.972064000030514,2.162349999707658,0.0
44,relational_MLP,0,256,128,64.96211499961646,0.0,9.214822999638272,54.111379999994824,1.6259410003840458,0.0
44,relational_MLP,0,384,128,70.7979240005443,0.0,13.366307000069355,55.803223999646434,1.6193129995372146,0.0
44,relational_MLP,0,512,128,70.42228800037265,0.0,12.127813000006427,56.58197599950654,1.702391999970132,0.0
44,relational_MLP,0,640,128,64.47943799958011,0.0,9.364757999719586,52.79864600015571,2.3056540003381087,0.0
44,relational_MLP,0,768,128,65.19193900021492,0.0,9.714433000226563,53.889307999270386,1.578415999574645,0.0
44,relational_MLP,0,896,128,68.22871700023825,0.0,13.015191000704363,53.36187800003245,1.8431759999657515,0.0
44,relational_MLP,0,1024,128,67.75091199961025,0.0,11.511842999425426,54.73992499992164,1.4894169999024598,0.0
44,relational_MLP,0,1152,128,64.30780299979233,0.0,9.763023999767029,52.84509200009779,1.6913170002226252,0.0
44,relational_MLP,0,1280,128,66.28402900059882,0.0,14.185108000674518,50.51033200015809,1.5791880005053827,0.0
44,relational_MLP,0,1408,128,67.45833900004072,0.0,9.57201800065377,56.23658300009993,1.6365479996238719,0.0
44,relational_MLP,0,1536,128,64.22772699988855,0.0,10.378087000390224,52.139407000140636,1.6998599994622055,0.0
44,relational_MLP,0,1664,128,75.88700799988146,0.0,12.505478999628394,61.74248899969825,1.6289390005113091,0.0
44,relational_MLP,0,1792,128,65.58509699971182,0.0,10.068761999718845,53.866287999881024,1.6406240001742844,0.0
44,relational_MLP,0,1920,128,66.73619100001815,0.0,10.092661999806296,54.96661600045627,1.6655569997965358,0.0
44,relational_MLP,0,2048,128,65.05529599962756,0.0,10.736440999608021,52.59375000059663,1.7168189997391892,0.0
44,relational_MLP,0,2176,128,63.320022999505454,0.0,11.362981000274885,50.177553999674274,1.7691109997031162,0.0
44,relational_MLP,0,2304,128,60.551687000042875,0.0,9.77816599970538,49.040217999390734,1.7244150003534742,0.0
44,relational_MLP,0,2432,128,69.6042600002329,0.0,13.195520000408578,54.76739900041139,1.632516000427131,0.0
44,relational_MLP,0,2560,128,62.62093399982405,0.0,9.556897000038589,51.09898799946677,1.9542870004443103,0.0
44,relational_MLP,0,2688,128,65.69856100031757,0.0,11.261198000283912,52.699829000630416,1.726727999994182,0.0
44,relational_MLP,0,2816,128,63.31397600024502,0.0,10.341314000470447,51.334936999410274,1.6288840006382088,0.0
44,relational_MLP,0,2944,128,67.48170800074149,0.0,12.95950200074003,52.12820899942017,2.384773999438039,0.0
44,relational_MLP,0,3072,128,62.5273030000244,0.0,9.519997999632324,51.32215300000098,1.6751060002206941,0.0
44,relational_MLP,0,3200,128,60.045146999982535,0.0,9.388374000081967,48.938832999738224,1.7084990004150313,0.0
44,relational_MLP,0,3328,128,56.749871000647545,0.0,9.162874000139709,45.99409099955665,1.585447999786993,0.0
44,relational_MLP,0,3456,128,60.98075800036895,0.0,9.590398000000278,49.8032030000104,1.5783130002091639,0.0
44,relational_MLP,0,3584,64,35.97306700066838,0.0,8.713009000530292,25.65066100032709,1.5983639996193233,0.0
44,relational_MLP,1,0,128,65.57934600004955,0.0,8.777745000770665,55.12181199992483,1.6693010002200026,0.0
44,relational_MLP,1,128,128,61.59996999940631,0.0,8.853997000187519,51.01176900006976,1.7238460004591616,0.0
44,relational_MLP,1,256,128,65.93725499988068,0.0,9.57993800057011,54.91504700057703,1.4327889994092402,0.0
44,relational_MLP,1,384,128,67.05339800009824,0.0,10.888775000239548,54.46073099938076,1.694859999588516,0.0
44,relational_MLP,1,512,128,65.22398900051485,0.0,9.185478000290459,54.33562000052916,1.6937110003709677,0.0
44,relational_MLP,1,640,128,71.32072700005665,0.0,13.27669500005868,56.223314999442664,1.808893000088574,0.0
44,relational_MLP,1,768,128,65.50269200033654,0.0,9.884703000352602,54.060117999142676,1.5493860000788118,0.0
44,relational_MLP,1,896,128,66.69430999954784,0.0,10.230197000055341,54.74752800000715,1.7066350001186947,0.0
44,relational_MLP,1,1024,128,65.97317500018107,0.0,10.314199999811535,53.9623210006539,1.686976000200957,0.0
44,relational_MLP,1,1152,128,66.51007200071035,0.0,10.792169000524154,54.02880200017535,1.6786520000096061,0.0
44,relational_MLP,1,1280,128,64.43378099993424,0.0,10.492012000213435,52.32342899944342,1.6098709993457305,0.0
44,relational_MLP,1,1408,128,66.48760600000969,0.0,9.931745999892883,54.92877399956342,1.617693000298459,0.0
44,relational_MLP,1,1536,128,63.43018499956088,0.0,9.978136999961862,51.73537699920416,1.7085080007746,0.0
44,relational_MLP,1,1664,128,67.78712300001644,0.0,9.708802000204741,56.47379499987437,1.590591999956814,0.0
44,relational_MLP,1,1792,128,66.33625799986476,0.0,10.64687599955505,54.0904519994001,1.5895940005066223,0.0
44,relational_MLP,1,1920,128,65.76351999956387,0.0,10.060661000352411,53.72625100062578,1.9633619995147455,0.0
44,relational_MLP,1,2048,128,66.35353700039559,0.0,9.775004000402987,54.85069200040016,1.7171570007121773,0.0
44,relational_MLP,1,2176,128,63.21328800004267,0.0,9.740411000166205,51.82077599965851,1.6427199998361175,0.0
44,relational_MLP,1,2304,128,61.38233300043794,0.0,9.050571999978274,50.476116000027105,1.8459900002198992,0.0
44,relational_MLP,1,2432,128,63.34946300012234,0.0,9.648381999795674,52.05385600038426,1.639858000089589,0.0
44,relational_MLP,1,2560,128,61.75440700008039,0.0,9.652742999605834,50.42300900004193,1.669743000093149,0.0
44,relational_MLP,1,2688,128,66.03020099919377,0.0,9.625490999496833,54.99642100039637,1.3971970001875889,0.0
44,relational_MLP,1,2816,128,61.653300000216404,0.0,9.731344000101672,50.54560900043725,1.3657729996339185,0.0
44,relational_MLP,1,2944,128,65.24198599981901,0.0,10.5686169999899,52.95022300015262,1.7102589999922202,0.0
44,relational_MLP,1,3072,128,63.75062000006437,0.0,9.670347999417572,52.64489399996819,1.4271049994931673,0.0
44,relational_MLP,1,3200,128,59.437094999339024,0.0,9.520982000140066,48.22915899967484,1.6760600001362036,0.0
44,relational_MLP,1,3328,128,57.01311899974826,0.0,9.151532000032603,46.090979999462434,1.7622479999772622,0.0
44,relational_MLP,1,3456,128,60.520306000398705,0.0,9.153038000476954,49.63170400060335,1.7263460003960063,0.0
44,relational_MLP,1,3584,64,36.13573499933409,0.0,8.321760999933758,26.28947999983211,1.517312000032689,0.0
44,relational_MLP,2,0,128,69.50079800026288,0.0,10.36448500053666,57.5765900002807,1.5490119994865381,0.0
44,relational_MLP,2,128,128,59.794712000439176,0.0,9.48911900013627,48.67046299932554,1.6273800001727068,0.0
44,relational_MLP,2,256,128,65.99157700020442,0.0,9.307256000283815,54.839210999489296,1.83389499943587,0.0
44,relational_MLP,2,384,128,70.3493979999621,0.0,10.898625999288925,57.71856800038222,1.7225169995072065,0.0
44,relational_MLP,2,512,128,66.6388489999008,0.0,10.429285000100208,54.48139599957358,1.718092000373872,0.0
44,relational_MLP,2,640,128,67.72386899956473,0.0,10.616941999614937,55.3330590000769,1.765585000612191,0.0
44,relational_MLP,2,768,128,65.75259800047206,0.0,10.010781999881146,54.29255500075669,1.4403180002773297,0.0
44,relational_MLP,2,896,128,73.10985299955064,0.0,12.18713399975968,59.188524000092,1.7234370006917743,0.0
44,relational_MLP,2,1024,128,65.20769700000528,0.0,10.31678599974839,53.225442000439216,1.655795999795373,0.0
44,relational_MLP,2,1152,128,65.18227899960038,0.0,9.537173999888182,53.67817800015473,1.9491479997668648,0.0
44,relational_MLP,2,1280,128,66.3007880002624,0.0,11.270379999587021,53.28643200027727,1.732854000692896,0.0
44,relational_MLP,2,1408,128,65.96393300060299,0.0,10.498000000552565,53.81323199981125,1.6451110004709335,0.0
44,relational_MLP,2,1536,128,64.93699100064987,0.0,10.5356190006205,52.67110600016167,1.7225340006916667,0.0
44,relational_MLP,2,1664,128,68.38437100032024,0.0,9.984166999856825,56.674062000638514,1.7163009997602785,0.0
44,relational_MLP,2,1792,128,67.7098060004937,0.0,11.947367999709968,53.970400000252994,1.7827869996835943,0.0
44,relational_MLP,2,1920,128,67.51651899958233,0.0,10.447284999827389,55.3814089998923,1.6783579994807951,0.0
44,relational_MLP,2,2048,128,66.01686400063045,0.0,9.600396000678302,54.80606600031024,1.6015809997043107,0.0
44,relational_MLP,2,2176,128,65.60609000007389,0.0,10.356040999795368,53.55983200024639,1.6785399993750616,0.0
44,relational_MLP,2,2304,128,62.19546600004833,0.0,9.722693000185245,50.8148290000463,1.6481550001117284,0.0
44,relational_MLP,2,2432,128,63.99893200068618,0.0,10.136847000467242,52.28011300005164,1.5712849999545142,0.0
44,relational_MLP,2,2560,128,61.86805000015738,0.0,9.356404000754992,50.766929000019445,1.7350279995298479,0.0
44,relational_MLP,2,2688,128,66.99067799945624,0.0,10.264960999847972,54.928036000092106,1.773793000211299,0.0
44,relational_MLP,2,2816,128,65.81371300035244,0.0,10.029354000835156,54.123684999467514,1.6494040000907262,0.0
44,relational_MLP,2,2944,128,65.63445000028878,0.0,9.165467000457284,54.974672000753344,1.4837590006209211,0.0
44,relational_MLP,2,3072,128,64.24135599991132,0.0,10.260091999953147,52.103893000094104,1.8667730000743177,0.0
44,relational_MLP,2,3200,128,61.59943199963891,0.0,10.478187999979127,49.72588300006464,1.3856559999112505,0.0
44,relational_MLP,2,3328,128,59.127263999471324,0.0,10.561684000094829,46.71225099991716,1.8404510001346353,0.0
44,relational_MLP,2,3456,128,62.104669000291324,0.0,9.729089000757085,50.657152999519894,1.7094349996114033,0.0
44,relational_MLP,2,3584,64,36.99971900005039,0.0,9.938733999661054,25.295748999269563,1.7578209999555838,0.0
44,knn_mean,0,0,128,68.06478500038793,0.0,10.457802000019,57.567185999687354,0.029752000045846216,0.0
44,knn_mean,0,128,128,62.341997999283194,0.0,10.82231199961825,51.48088300029485,0.029899000764999073,0.0
44,knn_mean,0,256,128,64.8094440002751,0.0,11.177590999977838,53.59406600018701,0.02831900019373279,0.0
44,knn_mean,0,384,128,66.87666900052136,0.0,11.701199000526685,55.133390000264626,0.028778999876521993,0.0
44,knn_mean,0,512,128,65.34192199978861,0.0,11.80680699962977,53.493794000132766,0.0324869997712085,0.0
44,knn_mean,0,640,128,65.55450999985624,0.0,11.442630999226822,54.076108999652206,0.027529000362847,0.0
44,knn_mean,0,768,128,63.64879699958692,0.0,11.556783999367326,52.053662000616896,0.02972799939016113,0.0
44,knn_mean,0,896,128,61.99191799987602,0.0,10.03915399996913,51.91952999939531,0.026683999749366194,0.0
44,knn_mean,0,1024,128,66.29899200015643,0.0,11.650073000055272,54.60754100022314,0.03152700082864612,0.0
44,knn_mean,0,1152,128,64.00805299927015,0.0,10.102146999997785,53.86999399979686,0.027377999685995746,0.0
44,knn_mean,0,1280,128,63.25103999915882,0.0,11.240532999181596,51.97216800024762,0.029197000003478024,0.0
44,knn_mean,0,1408,128,65.47875799969916,0.0,10.194659999797295,55.244324000341294,0.030344000151671935,0.0
44,knn_mean,0,1536,128,63.54379299955326,0.0,10.584233999907156,52.92740799995954,0.025548999474267475,0.0
44,knn_mean,0,1664,128,66.14143400020112,0.0,11.621317000390263,54.47868299961556,0.03274099981354084,0.0
44,knn_mean,0,1792,128,63.091467000049306,0.0,10.939365000012913,52.115856999989774,0.028328000553301536,0.0
44,knn_mean,0,1920,128,68.73314899985417,0.0,11.08057999954326,57.609045999925,0.034312000025238376,0.0
44,knn_mean,0,2048,128,68.07171999935235,0.0,9.815571999752137,58.20511499950953,0.03813799958152231,0.0
44,knn_mean,0,2176,128,61.648640999919735,0.0,10.77283799986617,50.83853199994337,0.02918700010923203,0.0
44,knn_mean,0,2304,128,59.543994000705425,0.0,9.488510000664974,50.01236499992956,0.03268900036346167,0.0
44,knn_mean,0,2432,128,83.66791600019496,0.0,10.430942999846593,73.18580000082875,0.04022399934910936,0.0
44,knn_mean,0,2560,128,60.46499199965183,0.0,11.285073999715678,49.14269100027013,0.028276999728404917,0.0
44,knn_mean,0,2688,128,62.23835600030725,0.0,9.29833900045196,52.902245999575825,0.029464000363077503,0.0
44,knn_mean,0,2816,128,59.48026300029596,0.0,10.9673520000797,48.47953100033919,0.02644399955897825,0.0
44,knn_mean,0,2944,128,64.49047499972949,0.0,11.126500000500528,53.32253199958359,0.03242999991925899,0.0
44,knn_mean,0,3072,128,64.38347899984365,0.0,11.704642000040621,52.638109999861626,0.03061700044781901,0.0
44,knn_mean,0,3200,128,59.86805200063827,0.0,10.399247000350442,49.42535600002884,0.03438600015215343,0.0
44,knn_mean,0,3328,128,59.93157099965174,0.0,11.047831999349,48.84225900059391,0.03144800029986072,0.0
44,knn_mean,0,3456,128,61.10706700019364,0.0,10.500862000299094,50.57290100012324,0.02680099987628637,0.0
44,knn_mean,0,3584,64,36.21838100025343,0.0,10.656088000359887,25.52893000029144,0.02648699955898337,0.0
44,knn_mean,1,0,128,67.05253500058461,0.0,10.604675000649877,56.40176299948507,0.03826000011031283,0.0
44,knn_mean,1,128,128,62.411232000158634,0.0,11.750510000638315,50.62223799995991,0.03117300002486445,0.0
44,knn_mean,1,256,128,66.02290800037736,0.0,11.437809000199195,54.5509019993915,0.026589000299281906,0.0
44,knn_mean,1,384,128,66.62354299987783,0.0,10.967897000227822,55.62193999958254,0.02648800000315532,0.0
44,knn_mean,1,512,128,68.68188099997496,0.0,11.559247999684885,57.08137200053898,0.028050999389961362,0.0
44,knn_mean,1,640,128,65.16641399957734,0.0,11.015068000233441,54.112267999698815,0.0300880001304904,0.0
44,knn_mean,1,768,128,65.3255449997232,0.0,11.605140999563446,53.686897000261524,0.026574000003165565,0.0
44,knn_mean,1,896,128,64.62707299942849,0.0,10.295959999893967,54.294651000418526,0.02819299970724387,0.0
44,knn_mean,1,1024,128,64.2199210005856,0.0,11.436709000008705,52.7493460003825,0.026497999897401314,0.0
44,knn_mean,1,1152,128,67.72406399977626,0.0,12.05372599997645,55.62869799996406,0.0313279997499194,0.0
44,knn_mean,1,1280,128,64.4082349999735,0.0,10.99206500020955,53.37516700001288,0.030121999770926777,0.0
44,knn_mean,1,1408,128,67.96510700041836,0.0,12.49387799998658,55.432951999137,0.028841000130341854,0.0
44,knn_mean,1,1536,128,62.323892000677006,0.0,10.871290000068257,51.4176110000335,0.027752999812946655,0.0
44,knn_mean,1,1664,128,65.68003700067493,0.0,10.47269300033804,55.1683800003957,0.032298999940394424,0.0
44,knn_mean,1,1792,128,64.27194799925928,0.0,11.761720999857062,52.47610199967312,0.02720199972827686,0.0
44,knn_mean,1,1920,128,63.53954899987002,0.0,11.372358000699023,52.13254199952644,0.02723199941101484,0.0
44,knn_mean,1,2048,128,63.855557999886514,0.0,11.956158999964828,51.86531300023489,0.026974999855156057,0.0
44,knn_mean,1,2176,128,61.90770600005635,0.0,11.552301999472547,50.320989999818266,0.027129000045533758,0.0
44,knn_mean,1,2304,128,60.499093000544235,0.0,11.51582700003928,48.95011799999338,0.026291999347449746,0.0
44,knn_mean,1,2432,128,64.27026900018973,0.0,11.004146999766817,53.22332899959292,0.032516000828763936,0.0
44,knn_mean,1,2560,128,63.9007939998919,0.0,10.840484000254946,53.021470999738085,0.029024000468780287,0.0
44,knn_mean,1,2688,128,63.78896799924405,0.0,10.989043999870773,52.76451800000359,0.0276060000032885,0.0
44,knn_mean,1,2816,128,62.008068000068306,0.0,11.067940999964776,50.89925499942183,0.03307899987703422,0.0
44,knn_mean,1,2944,128,65.44591300007596,0.0,11.546181000085198,53.85983399992256,0.03181500051141484,0.0
44,knn_mean,1,3072,128,59.11755000033736,0.0,9.305407999818271,49.76985200028139,0.033147999602078926,0.0
44,knn_mean,1,3200,128,63.15339199954906,0.0,12.065635999533697,50.98171400004503,0.09514999965176685,0.0
44,knn_mean,1,3328,128,57.36081500072032,0.0,10.90565200047422,46.42178299945954,0.026429999707033858,0.0
44,knn_mean,1,3456,128,62.09199999921111,0.0,11.491386999296083,50.560663000396744,0.03190600000380073,0.0
44,knn_mean,1,3584,64,36.23042900017026,0.0,9.120957999584789,27.07519500017952,0.02638200021465309,0.0
44,knn_mean,2,0,128,63.75746400044591,0.0,9.98440999956074,53.739368999231374,0.027383000087866094,0.0
44,knn_mean,2,128,128,62.51136100036092,0.0,11.435309999797028,51.03316100030497,0.034100000448233914,0.0
44,knn_mean,2,256,128,70.93655300013779,0.0,11.080240000410413,59.81714200061106,0.029408000045805238,0.0
44,knn_mean,2,384,128,65.22564599981706,0.0,10.034611999799381,55.154912999569206,0.02731299991864944,0.0
44,knn_mean,2,512,128,65.33035499978723,0.0,11.14445499933936,54.14515400025266,0.0324869997712085,0.0
44,knn_mean,2,640,128,66.0279530002299,0.0,11.423384999943664,54.532345000552596,0.061454999922716524,0.0
44,knn_mean,2,768,128,63.270566999563016,0.0,10.953504999633878,52.28232899935392,0.027222999960940797,0.0
44,knn_mean,2,896,128,64.20431199967425,0.0,11.06986099966889,53.10094299966295,0.026589000299281906,0.0
44,knn_mean,2,1024,128,64.5366959997773,0.0,10.964940000121715,53.53632300011668,0.02855600087059429,0.0
44,knn_mean,2,1152,128,66.27279999975144,0.0,12.137193999478768,54.10366999967664,0.025688999812700786,0.0
44,knn_mean,2,1280,128,62.002689999644645,0.0,10.787215999698674,51.17588000030082,0.03053799991903361,0.0
44,knn_mean,2,1408,128,70.15846299964323,0.0,11.491977999867231,58.62484499994025,0.03222800023650052,0.0
44,knn_mean,2,1536,128,65.18495000000257,0.0,11.233446000005642,53.90844400062633,0.03422699955990538,0.0
44,knn_mean,2,1664,128,67.74081100047624,0.0,11.150703000566864,56.54153799969208,0.0369099998351885,0.0
44,knn_mean,2,1792,128,63.916942999640014,0.0,11.777850999351358,52.105196000411524,0.02732699977059383,0.0
44,knn_mean,2,1920,128,65.1683870000852,0.0,12.20856400050252,52.92260799978976,0.030097000490059145,0.0
44,knn_mean,2,2048,128,66.56299699989177,0.0,11.934561000089161,54.583871999966505,0.03529999958118424,0.0
44,knn_mean,2,2176,128,73.96751499982201,0.0,9.857389999524457,64.0686269998696,0.03219499922124669,0.0
44,knn_mean,2,2304,128,61.200248999739415,0.0,10.913709000305971,50.24473399953422,0.0319459995807847,0.0
44,knn_mean,2,2432,128,64.09870799961936,0.0,11.12376499986567,52.9330650006159,0.031863999538472854,0.0
44,knn_mean,2,2560,128,62.749444000473886,0.0,10.825150000528083,51.87910400036344,0.033803000405896455,0.0
44,knn_mean,2,2688,128,68.99746199997026,0.0,11.186719999386696,57.767717000388075,0.032219999411609024,0.0
44,knn_mean,2,2816,128,66.75737699970341,0.0,11.971072999585886,54.74590599988005,0.030451999919023365,0.0
44,knn_mean,2,2944,128,63.64843200026371,0.0,10.405328999695485,53.200861999357585,0.03239900070184376,0.0
44,knn_mean,2,3072,128,62.233024000306614,0.0,10.802251999848522,51.391009999861126,0.0303979995806003,0.0
44,knn_mean,2,3200,128,65.80761599980178,0.0,11.583141000301111,54.17505199966399,0.03873200057569193,0.0
44,knn_mean,2,3328,128,64.31416199939122,0.0,11.139558999275323,53.11654599972826,0.03255399951740401,0.0
44,knn_mean,2,3456,128,61.84369800030254,0.0,10.251636999782932,51.54516899983719,0.036874000215902925,0.0
44,knn_mean,2,3584,64,35.94427200005157,0.0,8.310090000122727,27.59739700013597,0.030144000447762664,0.0
44,GATv2_local,0,0,128,16.511856000761327,0.0,16.337391999513784,0.015068000720930286,0.0,0.0033269998311880045
44,GATv2_local,0,128,128,17.54696399984823,0.0,17.420979000235093,0.00843900033942191,0.0,0.002648000190674793
44,GATv2_local,0,256,128,17.44145800057595,0.0,17.321518000244396,0.006981999831623398,0.0,0.0022639997041551396
44,GATv2_local,0,384,128,17.87411700024677,0.0,17.755656000190356,0.007194000318122562,0.0,0.0025159997676382773
44,GATv2_local,0,512,128,15.962374000082491,0.0,15.848248000111198,0.006862999725854024,0.0,0.002362000486755278
44,GATv2_local,0,640,128,17.439516000195,0.0,17.32723100030853,0.006122999366198201,0.0,0.00223500046558911
44,GATv2_local,0,768,128,17.186602000037965,0.0,17.07846299996163,0.006599000698770396,0.0,0.002259000211779494
44,GATv2_local,0,896,128,16.84671599923604,0.0,16.73116299934918,0.006809999831602909,0.0,0.0021819996618432924
44,GATv2_local,0,1024,128,17.422482000256423,0.0,17.28374399954191,0.011137999536003917,0.0,0.0023820002752472647
44,GATv2_local,0,1152,128,17.780592999770306,0.0,17.670852999799536,0.006338999810395762,0.0,0.0022980002540862188
44,GATv2_local,0,1280,128,17.567038000379398,0.0,17.453249000027427,0.0064329997258028015,0.0,0.0022419999368139543
44,GATv2_local,0,1408,128,17.349508999359387,0.0,17.21554899995681,0.008154000170179643,0.0,0.0033730002542142756
44,GATv2_local,0,1536,128,17.85066899992671,0.0,17.71110800018505,0.008488000275974628,0.0,0.0026369998522568494
44,GATv2_local,0,1664,128,16.91531400047097,0.0,16.797027999928105,0.006871000550745521,0.0,0.0023359998522209935
44,GATv2_local,0,1792,128,17.254489999686484,0.0,17.127953000454,0.008398999852943234,0.0,0.0028750000637955964
44,GATv2_local,0,1920,128,16.989922999528062,0.0,16.829211999720428,0.013869000213162508,0.0,0.00299400016956497
44,GATv2_local,0,2048,128,18.114556000000448,0.0,17.988300000070012,0.008198000614356715,0.0,0.0023669999791309237
44,GATv2_local,0,2176,128,16.79182000043511,0.0,16.67366000037873,0.007607999577885494,0.0,0.0022860003809910268
44,GATv2_local,0,2304,128,13.903984000535274,0.0,13.79081600043719,0.006565000148839317,0.0,0.002183999640692491
44,GATv2_local,0,2432,128,14.362713999616972,0.0,14.248507000047539,0.006737999683537055,0.0,0.002407000465609599
44,GATv2_local,0,2560,128,14.470391999566345,0.0,14.34067700029118,0.008368000635528006,0.0,0.002909999238909222
44,GATv2_local,0,2688,128,14.16841900027066,0.0,14.042124999832595,0.007767000170133542,0.0,0.0027429996407590806
44,GATv2_local,0,2816,128,13.197719999880064,0.0,13.088118999803555,0.0067219998527434655,0.0,0.0021070000002509914
44,GATv2_local,0,2944,128,14.711338999404688,0.0,14.590505999876768,0.006827999641245697,0.0,0.0022389995137928054
44,GATv2_local,0,3072,128,14.650748999883945,0.0,14.536617999510781,0.006552000741066877,0.0,0.002279999534948729
44,GATv2_local,0,3200,128,13.899780999963696,0.0,13.659876000019722,0.11515400001371745,0.0,0.0037689997043344192
44,GATv2_local,0,3328,128,13.833504999638535,0.0,13.710919000004651,0.006844999916211236,0.0,0.002446000507916324
44,GATv2_local,0,3456,128,13.912565999817161,0.0,13.785567000013543,0.0080660001913202,0.0,0.0027549995138542727
44,GATv2_local,0,3584,64,11.733268999705615,0.0,11.631991999820457,0.007061000360408798,0.0,0.002444000529067125
44,GATv2_local,1,0,128,13.492146999851684,0.0,13.341273000150977,0.010000000656873453,0.0,0.0029389993869699538
44,GATv2_local,1,128,128,11.727211000106763,0.0,11.577789000511984,0.009283000508730765,0.0,0.0026999996407539584
44,GATv2_local,1,256,128,10.98258900037763,0.0,10.853513000256498,0.008318000254803337,0.0,0.002357999619562179
44,GATv2_local,1,384,128,13.454056999762543,0.0,13.304518000040844,0.008914999853004701,0.0,0.0025409999580006115
44,GATv2_local,1,512,128,12.948486999448505,0.0,12.759528000060527,0.011430999620642979,0.0,0.0040979994082590565
44,GATv2_local,1,640,128,13.532410000152595,0.0,13.364422999984527,0.010599000233924016,0.0,0.003591000677261036
44,GATv2_local,1,768,128,11.041716999898199,0.0,10.87757799996325,0.010621000001265202,0.0,0.0036969995562685654
44,GATv2_local,1,896,128,11.002360999555094,0.0,10.72457400005078,0.010401000508863945,0.0,0.003907999598595779
44,GATv2_local,1,1024,128,11.59572200049297,0.0,11.431832000198483,0.009872000191535335,0.0,0.0032509997254237533
44,GATv2_local,1,1152,128,12.297010000111186,0.0,12.132275000112713,0.010181999641645234,0.0,0.0034799995773937553
44,GATv2_local,1,1280,128,13.062877000265871,0.0,12.907100000120408,0.010119000762642827,0.0,0.002980000317620579
44,GATv2_local,1,1408,128,11.305873999845062,0.0,11.143129000629415,0.009288000001106411,0.0,0.002708000465645455
44,GATv2_local,1,1536,128,11.989847000222653,0.0,11.818609999863838,0.009514999874227215,0.0,0.0034570002753753215
44,GATv2_local,1,1664,128,12.567817000672221,0.0,12.429979999978968,0.009060999218490906,0.0,0.003112000740657095
44,GATv2_local,1,1792,128,12.717886999780603,0.0,12.55622900043818,0.009540999599266797,0.0,0.0031469999157707207
44,GATv2_local,1,1920,128,11.531714000739157,0.0,11.407162000068638,0.007886999810580164,0.0,0.0024949995349743403
44,GATv2_local,1,2048,128,11.933568000131345,0.0,11.81560500026535,0.007251999704749323,0.0,0.0025099998310906813
44,GATv2_local,1,2176,128,11.386846999812406,0.0,11.252287999923283,0.006488000508397818,0.0,0.023087999579729512
44,GATv2_local,1,2304,128,11.103338999419066,0.0,10.978724000779039,0.01063899981090799,0.0,0.002438000592519529
44,GATv2_local,1,2432,128,11.576314000194543,0.0,11.450080000031448,0.0075990001278114505,0.0,0.002962000507977791
44,GATv2_local,1,2560,128,11.648925000372401,0.0,11.526328999934776,0.006705000487272628,0.0,0.002537000000302214
44,GATv2_local,1,2688,128,11.175131000527472,0.0,11.057751999942411,0.006541000402648933,0.0,0.0023569991753902286
44,GATv2_local,1,2816,128,10.786056999677385,0.0,10.672829999748501,0.006258000212255865,0.0,0.00226600059249904
44,GATv2_local,1,2944,128,11.376909000318847,0.0,11.267338999459753,0.006369000402628444,0.0,0.0023190004867501557
44,GATv2_local,1,3072,128,11.689296000440663,0.0,11.56546000038361,0.007034999725874513,0.0,0.002538999979151413
44,GATv2_local,1,3200,128,11.148887000672403,0.0,11.035894999622542,0.006365999979607295,0.0,0.002181000127166044
44,GATv2_local,1,3328,128,11.240728000302624,0.0,11.10923600026581,0.00817299951449968,0.0,0.0030960000003688037
44,GATv2_local,1,3456,128,10.337920999518246,0.0,10.205794999819773,0.007520000508520752,0.0,0.002841000423359219
44,GATv2_local,1,3584,64,9.920959999362822,0.0,9.813676000703708,0.00702499983162852,0.0,0.002875999598472845
44,GATv2_local,2,0,128,11.285154000688635,0.0,11.129833000268263,0.011126000572403427,0.0,0.003461000233073719
44,GATv2_local,2,128,128,13.428139000097872,0.0,13.301447000230837,0.00817199997982243,0.0,0.0027370006137061864
44,GATv2_local,2,256,128,11.269708000327228,0.0,11.152307999509503,0.0067470000431058,0.0,0.002449000021442771
44,GATv2_local,2,384,128,10.485007000170299,0.0,10.362453000198002,0.00670000008540228,0.0,0.014341000678541604
44,GATv2_local,2,512,128,10.744068999883893,0.0,10.628734999954759,0.007300000106624793,0.0,0.0027399992177379318
44,GATv2_local,2,640,128,11.490994999803661,0.0,11.363384999640402,0.007935999747132882,0.0,0.0026890002118307166
44,GATv2_local,2,768,128,10.922282000137784,0.0,10.759236000012606,0.008859999979904387,0.0,0.0031139998100115918
44,GATv2_local,2,896,128,11.958133000007365,0.0,11.825526000393438,0.008867999895301182,0.0,0.002738000148383435
44,GATv2_local,2,1024,128,11.065749999943364,0.0,10.873326000364614,0.009781999324331991,0.0,0.00367600023309933
44,GATv2_local,2,1152,128,11.71385699944949,0.0,11.561508999875514,0.009149000106845051,0.0,0.003314000423415564
44,GATv2_local,2,1280,128,12.062626000442833,0.0,11.914464000255975,0.009425000826013274,0.0,0.003422000190766994
44,GATv2_local,2,1408,128,11.428515999796218,0.0,11.279950000243844,0.00952200025494676,0.0,0.002755999958026223
44,GATv2_local,2,1536,128,11.501746000249113,0.0,11.349043999871355,0.032979000025079586,0.0,0.002817000677168835
44,GATv2_local,2,1664,128,11.151544999847829,0.0,11.036548999982188,0.006445000508392695,0.0,0.0022449994503404014
44,GATv2_local,2,1792,128,11.08691099943826,0.0,10.980091000419634,0.0064089999796124175,0.0,0.002462000338709913
44,GATv2_local,2,1920,128,11.260862999733945,0.0,11.142082999867853,0.006762999873899389,0.0,0.0025630006348364986
44,GATv2_local,2,2048,128,11.11532699997042,0.0,11.004293000041798,0.006614999620069284,0.0,0.002370999936829321
44,GATv2_local,2,2176,128,10.717557999669225,0.0,10.605188999761594,0.007317999916267581,0.0,0.0024060000214376487
44,GATv2_local,2,2304,128,9.926534999976866,0.0,9.794319000320684,0.011346000064804684,0.0,0.0028839995138696395
44,GATv2_local,2,2432,128,10.087812000165286,0.0,9.968755000045348,0.007317000381590333,0.0,0.0026669995349948294
44,GATv2_local,2,2560,128,10.724322999521974,0.0,10.606867000205966,0.006332999873848166,0.0,0.002408999534964096
44,GATv2_local,2,2688,128,10.43191700046009,0.0,10.301645000254211,0.006938000296941027,0.0,0.0023789998522261158
44,GATv2_local,2,2816,128,10.552549000749423,0.0,10.437915000693465,0.006880000000819564,0.0,0.0025290000849054195
44,GATv2_local,2,2944,128,10.844127999916964,0.0,10.728676000326232,0.0064959995142999105,0.0,0.002499999936844688
44,GATv2_local,2,3072,128,10.639375999744516,0.0,10.509300000194344,0.0066650000007939525,0.0,0.0025439994715270586
44,GATv2_local,2,3200,128,10.3532670000277,0.0,10.220854999715812,0.00747600006434368,0.0,0.0028550002753036097
44,GATv2_local,2,3328,128,10.431604000586958,0.0,10.294529000020702,0.008038000487431418,0.0,0.002826000127242878
44,GATv2_local,2,3456,128,9.639595000408008,0.0,9.479172000283143,0.009191999197355472,0.0,0.004597000042849686
44,GATv2_local,2,3584,64,8.79356400037068,0.0,8.664105999741878,0.008516999514540657,0.0,0.0031740000849822536
44,GATv2_margin,0,0,128,26.859816999603936,0.0,10.532409000006737,9.958616999938386,0.0,6.030800000189629
44,GATv2_margin,0,128,128,31.135105999965162,0.0,11.33588199991209,13.625931999740715,0.0,5.810991000544163
44,GATv2_margin,0,256,128,32.689433000086865,0.0,10.633817999405437,13.294588999997359,0.0,8.364687999346643
44,GATv2_margin,0,384,128,27.539416000763595,0.0,10.72439299969119,10.714304000430275,0.0,5.769590000454627
44,GATv2_margin,0,512,128,27.507463999427273,0.0,10.861845999897923,10.283600000548176,0.0,6.0108079997007735
44,GATv2_margin,0,640,128,25.54141700056789,0.0,10.777390999464842,8.438896000370733,0.0,5.960717999187182
44,GATv2_margin,0,768,128,33.5233009991498,0.0,11.406938999243721,15.741561999675469,0.0,5.923350000557548
44,GATv2_margin,0,896,128,32.53518299970892,0.0,10.72691900026257,15.570909000416577,0.0,5.889545000172802
44,GATv2_margin,0,1024,128,30.982190999566228,0.0,11.322938999910548,13.656060000357684,0.0,5.684860000656045
44,GATv2_margin,0,1152,128,32.753800000136835,0.0,11.07099900036701,15.511395999965316,0.0,5.8130009992964915
44,GATv2_margin,0,1280,128,28.742114000124275,0.0,10.627324000779481,11.922677000256954,0.0,5.851214999893273
44,GATv2_margin,0,1408,128,27.263420000053884,0.0,11.018810000678059,10.403780000160623,0.0,5.486056000336248
44,GATv2_margin,0,1536,128,29.869643999518303,0.0,10.682586999791965,12.755749999996624,0.0,6.024747000083153
44,GATv2_margin,0,1664,128,29.795750000630505,0.0,10.798856999826967,12.531077999483387,0.0,6.110057999649143
44,GATv2_margin,0,1792,128,31.623748999663803,0.0,11.278224999841768,14.478641000096104,0.0,5.535819999749947
44,GATv2_margin,0,1920,128,39.908454999931564,0.0,11.284283999884792,20.97812600004545,0.0,7.259812000484089
44,GATv2_margin,0,2048,128,37.23960400020587,0.0,10.397493000709801,20.26105299955816,0.0,6.244157000764972
44,GATv2_margin,0,2176,128,32.31914499974664,0.0,10.665598999366921,15.095858999302436,0.0,6.197282000357518
44,GATv2_margin,0,2304,128,29.200173999925028,0.0,11.009139000634605,11.532497999724,0.0,6.306066999968607
44,GATv2_margin,0,2432,128,29.722978999416227,0.0,10.453306000272278,12.950953000654408,0.0,5.930897999860463
44,GATv2_margin,0,2560,128,29.48190400002204,0.0,10.718319999796222,12.533468000583525,0.0,5.903952999688045
44,GATv2_margin,0,2688,128,27.590986999712186,0.0,11.157328999615856,10.057771999527176,0.0,6.052716999874974
44,GATv2_margin,0,2816,128,31.19257300022582,0.0,10.561918999883346,14.432236999709858,0.0,5.864816999746836
44,GATv2_margin,0,2944,128,27.049611000620644,0.0,10.624894000102358,10.082396999678167,0.0,5.9888929999942775
44,GATv2_margin,0,3072,128,27.794448000349803,0.0,10.125230999619816,11.459657999694173,0.0,5.839198999638029
44,GATv2_margin,0,3200,128,33.5118720004175,0.0,12.113655999201,15.460426000572625,0.0,5.540492000363884
44,GATv2_margin,0,3328,128,26.25924899984966,0.0,10.116652999386133,9.796110000024782,0.0,5.937238999649708
44,GATv2_margin,0,3456,128,29.976691999763716,0.0,12.290951000068162,10.665892999895732,0.0,6.671191999885195
44,GATv2_margin,0,3584,64,23.10431499972765,0.0,9.026325999911933,8.452411000689608,0.0,5.40151200038963
44,GATv2_margin,1,0,128,29.1729150003448,0.0,12.524328000836249,10.566500000095402,0.0,5.701026000679121
44,GATv2_margin,1,128,128,32.057752000582695,0.0,10.731009999290109,14.232786999855307,0.0,6.683434000478883
44,GATv2_margin,1,256,128,32.530763000067964,0.0,11.063397999350855,14.7053569999116,0.0,6.3797800003158045
44,GATv2_margin,1,384,128,28.516517999378266,0.0,10.87762799943448,11.090834999777144,0.0,6.15839700003562
44,GATv2_margin,1,512,128,29.62621200003923,0.0,10.572485000011511,11.63808900037111,0.0,6.98902200019802
44,GATv2_margin,1,640,128,26.868836999710766,0.0,10.619572999530646,9.832351000113704,0.0,6.035544999576814
44,GATv2_margin,1,768,128,33.957218999603356,0.0,10.241515999950934,16.872584999873652,0.0,6.416791999981797
44,GATv2_margin,1,896,128,34.89615499984211,0.0,11.637653999969189,16.526482000699616,0.0,6.303137000031711
44,GATv2_margin,1,1024,128,31.426300000021,0.0,10.670855999705964,14.347559999805526,0.0,6.027268000252661
44,GATv2_margin,1,1152,128,34.944123000059335,0.0,11.243758999626152,16.967773999567726,0.0,6.347882000227401
44,GATv2_margin,1,1280,128,31.200592000459437,0.0,11.2236880004275,13.253850000182865,0.0,6.364234000102442
44,GATv2_margin,1,1408,128,28.884827000183577,0.0,11.397881999982928,11.328137000418792,0.0,5.784388999927614
44,GATv2_margin,1,1536,128,31.175969000287296,0.0,10.660746000212384,13.73609199981729,0.0,6.412228000044706
44,GATv2_margin,1,1664,128,32.32797799955733,0.0,10.893877999478718,14.074583999899914,0.0,6.957596999200177
44,GATv2_margin,1,1792,128,33.95650899983593,0.0,11.24070900004881,16.148007000083453,0.0,6.1689680005656555
44,GATv2_margin,1,1920,128,41.09411999979784,0.0,11.898747000486765,21.70036600000458,0.0,7.114779999938037
44,GATv2_margin,1,2048,128,40.0655920002464,0.0,12.099440999918443,21.08034699995187,0.0,6.484251000074437
44,GATv2_margin,1,2176,128,35.16970599957858,0.0,11.704270999871369,16.414985000665183,0.0,6.639276999521826
44,GATv2_margin,1,2304,128,31.66433699971094,0.0,11.694742999679875,12.51725499969325,0.0,7.103738999830966
44,GATv2_margin,1,2432,128,33.13881099984428,0.0,12.028613999973459,14.29486100005306,0.0,6.417676999262767
44,GATv2_margin,1,2560,128,34.15736199985986,0.0,10.915623000073538,13.697733999833872,0.0,9.124780999627546
44,GATv2_margin,1,2688,128,29.766730000119423,0.0,11.483262999718136,11.086423000051582,0.0,6.842808999863337
44,GATv2_margin,1,2816,128,31.53986600045755,0.0,10.928050999609695,13.646314000652637,0.0,6.569603999196261
44,GATv2_margin,1,2944,128,30.737832999875536,0.0,11.510264999742503,11.68571099969995,0.0,7.023504000244429
44,GATv2_margin,1,3072,128,33.05735599951731,0.0,13.40823500049737,12.958914000591903,0.0,6.256474000110757
44,GATv2_margin,1,3200,128,36.34135099946434,0.0,11.79840199984028,17.489894999926037,0.0,6.568912000147975
44,GATv2_margin,1,3328,128,29.36887600026239,0.0,11.587414000132412,10.892479999711213,0.0,6.470866000199749
44,GATv2_margin,1,3456,128,27.742603000660893,0.0,10.326156000701303,10.977083999932802,0.0,6.090337999921758
44,GATv2_margin,1,3584,64,24.213505000261648,0.0,9.221764999892912,8.314022000377008,0.0,6.415242000002763
44,GATv2_margin,2,0,128,30.340072000399232,0.0,13.08189700012008,10.770800000500458,0.0,6.127914999524364
44,GATv2_margin,2,128,128,31.349457999567676,0.0,11.79485500051669,12.869547000263992,0.0,6.332105999717896
44,GATv2_margin,2,256,128,29.235447999781172,0.0,10.918499000581505,11.38591200015071,0.0,6.595057000595261
44,GATv2_margin,2,384,128,26.675041999624227,0.0,10.940913999547774,9.510288999990735,0.0,5.907510000724869
44,GATv2_margin,2,512,128,28.301035999902524,0.0,11.813471000095888,10.229677000097581,0.0,5.938409999544092
44,GATv2_margin,2,640,128,26.391065000098024,0.0,11.58461199975136,7.837668999854941,0.0,6.670026999927359
44,GATv2_margin,2,768,128,32.30853999957617,0.0,10.904122999818355,13.971602999845345,0.0,7.089717000781093
44,GATv2_margin,2,896,128,32.99773600065237,0.0,11.293493999801285,14.987569999902917,0.0,6.355723000524449
44,GATv2_margin,2,1024,128,36.93494700019073,0.0,12.106149999453919,15.760504000354558,0.0,8.727532999728282
44,GATv2_margin,2,1152,128,35.7041469997057,0.0,12.281615000574675,16.689321999365347,0.0,6.37897399974463
44,GATv2_margin,2,1280,128,32.124911999744654,0.0,12.047533999975713,13.643700000102399,0.0,6.048336000276322
44,GATv2_margin,2,1408,128,33.79729599964776,0.0,13.589270999545988,10.980178000863816,0.0,8.861930000421125
44,GATv2_margin,2,1536,128,31.64174900030048,0.0,13.408413999968616,11.680124000122305,0.0,6.208254999364726
44,GATv2_margin,2,1664,128,29.549446000601165,0.0,10.85212100042554,12.267557999621204,0.0,6.097561999922618
44,GATv2_margin,2,1792,128,33.676751999337284,0.0,12.58471399978589,14.045680999515753,0.0,6.677553999907104
44,GATv2_margin,2,1920,128,39.63117599960242,0.0,10.783896000248205,19.97264100009488,0.0,8.509327999490779
44,GATv2_margin,2,2048,128,43.91304599994328,0.0,13.449697999931232,20.450068000172905,0.0,9.627624999666295
44,GATv2_margin,2,2176,128,39.21688899936271,0.0,11.920883000129834,17.640105000282347,0.0,9.275425999476283
44,GATv2_margin,2,2304,128,31.627982999452797,0.0,11.857243000122253,13.090049999846087,0.0,6.325929999547952
44,GATv2_margin,2,2432,128,31.383253999592853,0.0,10.973661000207358,12.460197000109474,0.0,7.610388999637507
44,GATv2_margin,2,2560,128,35.73448000042845,0.0,13.647333000335493,12.726472000395006,0.0,9.017964999657124
44,GATv2_margin,2,2688,128,31.16314399994735,0.0,12.90857000003598,9.057274999577203,0.0,8.842492999974638
44,GATv2_margin,2,2816,128,34.174276999692665,0.0,12.816188999750011,12.155554999480955,0.0,8.845659000144224
44,GATv2_margin,2,2944,128,30.693654000060633,0.0,13.703953999538498,10.43714900060877,0.0,6.190787000377895
44,GATv2_margin,2,3072,128,31.40276799967978,0.0,12.72260699988692,9.922534999532218,0.0,8.41474500066397
44,GATv2_margin,2,3200,128,35.12072400008037,0.0,12.923078000312671,13.74518100055866,0.0,8.1130270000358
44,GATv2_margin,2,3328,128,30.19550099998014,0.0,12.058859000717348,9.200690999932704,0.0,8.578364000641159
44,GATv2_margin,2,3456,128,31.605107999894244,0.0,12.634931000320648,9.87872099995002,0.0,8.750957999836828
44,GATv2_margin,2,3584,64,26.71113399992464,0.0,11.48863800062827,7.9309950006063445,0.0,7.0679950003977865
55,degree_logistic,0,0,128,3.57256699953723,3.5221699999965494,0.0,0.0,0.045808000322722364,0.0
55,degree_logistic,0,128,128,3.2688499995856546,3.2325579995813314,0.0,0.0,0.03136400027869968,0.0
55,degree_logistic,0,256,128,3.2415689993285923,3.202680999493168,0.0,0.0,0.03230699985579122,0.0
55,degree_logistic,0,384,128,3.1583420004608342,3.1263000000762986,0.0,0.0,0.027284999305265956,0.0
55,degree_logistic,0,512,128,3.164907999234856,3.1355490000350983,0.0,0.0,0.025213999833795242,0.0
55,degree_logistic,0,640,128,3.441649000706093,3.4111860004486516,0.0,0.0,0.02600699917820748,0.0
55,degree_logistic,0,768,128,3.3574130002307356,3.3096080005634576,0.0,0.0,0.040564000300946645,0.0
55,degree_logistic,0,896,128,3.279133000432921,3.247802999794658,0.0,0.0,0.02673499966476811,0.0
55,degree_logistic,0,1024,128,3.1494229997406364,3.1199370005197125,0.0,0.0,0.024940999537648167,0.0
55,degree_logistic,0,1152,128,3.1984739998733858,3.1711850006104214,0.0,0.0,0.023333999706665054,0.0
55,degree_logistic,0,1280,128,3.222467999876244,3.1965210000635125,0.0,0.0,0.02248700002382975,0.0
55,degree_logistic,0,1408,128,3.1645180006307783,3.137265000077605,0.0,0.0,0.023429000066244043,0.0
55,degree_logistic,0,1536,128,3.1043939998198766,3.078611999626446,0.0,0.0,0.022386000637197867,0.0
55,degree_logistic,0,1664,128,3.0721509992872598,3.046952999284258,0.0,0.0,0.021637999452650547,0.0
55,degree_logistic,0,1792,128,3.401644000405213,3.3512139998492785,0.0,0.0,0.04222000006848248,0.0
55,degree_logistic,0,1920,128,3.4159420001742546,3.3883390005939873,0.0,0.0,0.023470000087399967,0.0
55,degree_logistic,0,2048,128,2.991851000842871,2.966132999972615,0.0,0.0,0.022116999389254488,0.0
55,degree_logistic,0,2176,128,2.8119480002715136,2.7878079999936745,0.0,0.0,0.021036999896750785,0.0
55,degree_logistic,0,2304,128,2.841429000000062,2.8071380002074875,0.0,0.0,0.03053599994018441,0.0
55,degree_logistic,0,2432,128,2.9416109991871053,2.9177459991842625,0.0,0.0,0.020710999706352595,0.0
55,degree_logistic,0,2560,128,3.147764000459574,3.1191980006042286,0.0,0.0,0.02409799981251126,0.0
55,degree_logistic,0,2688,128,2.89530800000648,2.8679199995167437,0.0,0.0,0.023168000552686863,0.0
55,degree_logistic,0,2816,128,2.733600999818009,2.7097310003227904,0.0,0.0,0.020370000129332766,0.0
55,degree_logistic,0,2944,128,3.0035239997232566,2.977708999424067,0.0,0.0,0.02205500004492933,0.0
55,degree_logistic,0,3072,128,2.964506999887817,2.9374670002653147,0.0,0.0,0.023376999706670176,0.0
55,degree_logistic,0,3200,128,3.1568079994030995,3.1302819998018094,0.0,0.0,0.02241400034108665,0.0
55,degree_logistic,0,3328,128,2.846448000127566,2.820467000674398,0.0,0.0,0.021906000256421976,0.0
55,degree_logistic,0,3456,128,2.9187850004745997,2.8908980002597673,0.0,0.0,0.023530999897047877,0.0
55,degree_logistic,0,3584,64,1.5351599995483411,1.5114719999473891,0.0,0.0,0.02037800004472956,0.0
55,degree_logistic,1,0,128,3.273041000284138,3.2206810001298436,0.0,0.0,0.046411000766966026,0.0
55,degree_logistic,1,128,128,3.0736420003449894,3.0441360004260787,0.0,0.0,0.026061999960802495,0.0
55,degree_logistic,1,256,128,2.904371000113315,2.87559299977147,0.0,0.0,0.0249679997068597,0.0
55,degree_logistic,1,384,128,2.899957999943581,2.872942999601946,0.0,0.0,0.023187999431684148,0.0
55,degree_logistic,1,512,128,3.3835799995358684,3.354013999341987,0.0,0.0,0.025020000066433568,0.0
55,degree_logistic,1,640,128,3.1546290001642774,3.1285309996746946,0.0,0.0,0.022388000616047066,0.0
55,degree_logistic,1,768,128,3.2594730000710115,3.2260620000670315,0.0,0.0,0.028329999622656032,0.0
55,degree_logistic,1,896,128,2.8910130004078383,2.8664620003837626,0.0,0.0,0.021190000552451238,0.0
55,degree_logistic,1,1024,128,2.8855239997938043,2.861373999621719,0.0,0.0,0.021040999854449183,0.0
55,degree_logistic,1,1152,128,2.8432510007405654,2.8204700001879246,0.0,0.0,0.019984000573458616,0.0
55,degree_logistic,1,1280,128,3.055597999264137,3.0306929993457743,0.0,0.0,0.021791999643028248,0.0
55,degree_logistic,1,1408,128,3.3292810003331397,3.3027190002030693,0.0,0.0,0.02295500053151045,0.0
55,degree_logistic,1,1536,128,3.2060570001704036,3.178916999786452,0.0,0.0,0.023344999135588296,0.0
55,degree_logistic,1,1664,128,3.03222500042466,3.007055000125547,0.0,0.0,0.021926000044913962,0.0
55,degree_logistic,1,1792,128,3.0783339998379233,3.0536700005541206,0.0,0.0,0.021190999177633785,0.0
55,degree_logistic,1,1920,128,3.898685999956797,3.8695570001436863,0.0,0.0,0.024664999727974646,0.0
55,degree_logistic,1,2048,128,3.4628060002432903,3.4356360001766006,0.0,0.0,0.02288999985466944,0.0
55,degree_logistic,1,2176,128,2.8383859998939442,2.812671999890881,0.0,0.0,0.022264000108407345,0.0
55,degree_logistic,1,2304,128,2.8678349999609054,2.841792999788595,0.0,0.0,0.02264299928356195,0.0
55,degree_logistic,1,2432,128,2.9876080006943084,2.9623660002471297,0.0,0.0,0.021923000531387515,0.0
55,degree_logistic,1,2560,128,3.100306999840541,3.073513000344974,0.0,0.0,0.023399000383506063,0.0
55,degree_logistic,1,2688,128,3.419585999836272,3.3934530001715757,0.0,0.0,0.02221100021415623,0.0
55,degree_logistic,1,2816,128,2.9924800001026597,2.9661170001418213,0.0,0.0,0.022547000298800413,0.0
55,degree_logistic,1,2944,128,2.9976910000186763,2.9698509997615474,0.0,0.0,0.02426999981253175,0.0
55,degree_logistic,1,3072,128,3.237740999793459,3.2073149995994754,0.0,0.0,0.026327000341552775,0.0
55,degree_logistic,1,3200,128,3.1050930001583765,3.0778150003243354,0.0,0.0,0.023425000108545646,0.0
55,degree_logistic,1,3328,128,2.9929920001450228,2.966674999697716,0.0,0.0,0.0227209993681754,0.0
55,degree_logistic,1,3456,128,3.5743959997489583,3.5468799997033784,0.0,0.0,0.02362099985475652,0.0
55,degree_logistic,1,3584,64,1.5923659993859474,1.5692759998273687,0.0,0.0,0.0202349992832751,0.0
55,degree_logistic,2,0,128,3.2989139999699546,3.252945999520307,0.0,0.0,0.04129799981456017,0.0
55,degree_logistic,2,128,128,3.085614000156056,3.0579949998355005,0.0,0.0,0.024205000045185443,0.0
55,degree_logistic,2,256,128,3.134843999760051,3.108693999820389,0.0,0.0,0.022505999368149787,0.0
55,degree_logistic,2,384,128,3.0383029998120037,3.011985999364697,0.0,0.0,0.02276600025652442,0.0
55,degree_logistic,2,512,128,3.1628189999537426,3.1350700000984943,0.0,0.0,0.02374399991822429,0.0
55,degree_logistic,2,640,128,3.2517539993932587,3.220892999706848,0.0,0.0,0.02645699987624539,0.0
55,degree_logistic,2,768,128,3.2336639997083694,3.202961000170035,0.0,0.0,0.025858000299194828,0.0
55,degree_logistic,2,896,128,3.24754900066182,3.218443000150728,0.0,0.0,0.024756000129855238,0.0
55,degree_logistic,2,1024,128,3.13672599986603,3.111001999968721,0.0,0.0,0.02248900000267895,0.0
55,degree_logistic,2,1152,128,3.136162999908265,3.1110390000321786,0.0,0.0,0.021486000150616746,0.0
55,degree_logistic,2,1280,128,3.323910000290198,3.2955960004983353,0.0,0.0,0.024375999601033982,0.0
55,degree_logistic,2,1408,128,3.1633210001018597,3.136162000373588,0.0,0.0,0.023392000002786517,0.0
55,degree_logistic,2,1536,128,3.3359509998263093,3.308129000288318,0.0,0.0,0.023782999960531015,0.0
55,degree_logistic,2,1664,128,3.1065570001374,3.079100999457296,0.0,0.0,0.023974000214366242,0.0
55,degree_logistic,2,1792,128,3.5290890000396757,3.4845230002247263,0.0,0.0,0.0399390000893618,0.0
55,degree_logistic,2,1920,128,3.105411000433378,3.076917000726098,0.0,0.0,0.024448999283777084,0.0
55,degree_logistic,2,2048,128,3.2526519999009906,3.226378999897861,0.0,0.0,0.023026000235404354,0.0
55,degree_logistic,2,2176,128,3.118782999990799,3.091878999839537,0.0,0.0,0.023659999897063244,0.0
55,degree_logistic,2,2304,128,3.0569640002795495,3.030721999493835,0.0,0.0,0.023135000446927734,0.0
55,degree_logistic,2,2432,128,3.2754020003267215,3.2479980000061914,0.0,0.0,0.023687000066274777,0.0
55,degree_logistic,2,2560,128,3.6784710000574705,3.6522500004139147,0.0,0.0,0.02277100065839477,0.0
55,degree_logistic,2,2688,128,3.15730199963582,3.1214669998007594,0.0,0.0,0.02977499934786465,0.0
55,degree_logistic,2,2816,128,3.0089290003161295,2.983137000228453,0.0,0.0,0.022429999262385536,0.0
55,degree_logistic,2,2944,128,3.1817799999771523,3.1499540000368143,0.0,0.0,0.02668799970706459,0.0
55,degree_logistic,2,3072,128,3.1316200002038386,3.1045089999679476,0.0,0.0,0.023894000150903594,0.0
55,degree_logistic,2,3200,128,3.0689360000906163,3.0426189996433095,0.0,0.0,0.022831999558547977,0.0
55,degree_logistic,2,3328,128,3.001952999511559,2.9765780000161612,0.0,0.0,0.022275999981502537,0.0
55,degree_logistic,2,3456,128,3.1336510000983253,3.106936000222049,0.0,0.0,0.022709999939252157,0.0
55,degree_logistic,2,3584,64,1.6053680001277826,1.582708000569255,0.0,0.0,0.020234000658092555,0.0
55,degree_MLP,0,0,128,4.939458000080776,3.3366320003551664,0.0,0.0,1.595584999449784,0.0
55,degree_MLP,0,128,128,5.080349999843747,3.141447999951197,0.0,0.0,1.9325819994264748,0.0
55,degree_MLP,0,256,128,4.0297799996551475,3.103398000348534,0.0,0.0,0.9211149999828194,0.0
55,degree_MLP,0,384,128,4.470002000743989,3.333291000672034,0.0,0.0,1.1307899994790205,0.0
55,degree_MLP,0,512,128,4.311167000196292,3.190184000231966,0.0,0.0,1.1152010001751478,0.0
55,degree_MLP,0,640,128,3.953430000365188,3.0352700005096267,0.0,0.0,0.9131480001087766,0.0
55,degree_MLP,0,768,128,3.9715940001769923,3.0804859998170286,0.0,0.0,0.8857789998728549,0.0
55,degree_MLP,0,896,128,3.890433999913512,3.1720269998913864,0.0,0.0,0.7139270001061959,0.0
55,degree_MLP,0,1024,128,4.148560000430734,3.222345000722271,0.0,0.0,0.9211349997713114,0.0
55,degree_MLP,0,1152,128,4.351126000074146,2.995142999679956,0.0,0.0,1.3503910004146746,0.0
55,degree_MLP,0,1280,128,5.410689999735041,3.182087999448413,0.0,0.0,2.2237839993977104,0.0
55,degree_MLP,0,1408,128,4.101182999875164,2.894745000048715,0.0,0.0,1.2017550006930833,0.0
55,degree_MLP,0,1536,128,4.399092000312521,3.081019999626733,0.0,0.0,1.3127930005794042,0.0
55,degree_MLP,0,1664,128,4.523120000158087,3.2807650004542666,0.0,0.0,1.237207000485796,0.0
55,degree_MLP,0,1792,128,6.400466999366472,3.135739999379439,0.0,0.0,3.258411999922828,0.0
55,degree_MLP,0,1920,128,4.304038999180193,2.999325000018871,0.0,0.0,1.2994250000701868,0.0
55,degree_MLP,0,2048,128,4.541457999948761,3.171581999595219,0.0,0.0,1.3650520004375721,0.0
55,degree_MLP,0,2176,128,4.442931000085082,2.9678190003323834,0.0,0.0,1.4692380000269623,0.0
55,degree_MLP,0,2304,128,6.43974100057676,2.8896580006403383,0.0,0.0,3.54472200069722,0.0
55,degree_MLP,0,2432,128,4.3059949994130875,2.961321999464417,0.0,0.0,1.3401030000750325,0.0
55,degree_MLP,0,2560,128,4.316582999308594,3.030378999937966,0.0,0.0,1.2816670005122432,0.0
55,degree_MLP,0,2688,128,4.109589000108826,3.0313050001495867,0.0,0.0,1.0737630000221543,0.0
55,degree_MLP,0,2816,128,4.241578999426565,2.992022999933397,0.0,0.0,1.2453800000002957,0.0
55,degree_MLP,0,2944,128,5.537357999855885,2.91012999969098,0.0,0.0,2.6218349994451273,0.0
55,degree_MLP,0,3072,128,4.107802000362426,2.8767980002157856,0.0,0.0,1.2260399998922367,0.0
55,degree_MLP,0,3200,128,4.019259000415332,2.8311020005276077,0.0,0.0,1.1842660005640937,0.0
55,degree_MLP,0,3328,128,4.742727999655472,3.364434999639343,0.0,0.0,1.373007999973197,0.0
55,degree_MLP,0,3456,128,5.680360000042128,2.8648530005739303,0.0,0.0,2.810617000250204,0.0
55,degree_MLP,0,3584,64,2.667750000000524,1.4582109997718362,0.0,0.0,1.2054870003339602,0.0
55,degree_MLP,1,0,128,4.92363099965587,3.6318599995865952,0.0,0.0,1.2853909993282286,0.0
55,degree_MLP,1,128,128,4.649225000321167,3.3328890003758715,0.0,0.0,1.3110190002407762,0.0
55,degree_MLP,1,256,128,4.205977000310668,2.919673000178591,0.0,0.0,1.2812420000045677,0.0
55,degree_MLP,1,384,128,4.03388700033247,2.90336899979593,0.0,0.0,1.1253820002821158,0.0
55,degree_MLP,1,512,128,4.374887999802013,3.193921000274713,0.0,0.0,1.1748130000341916,0.0
55,degree_MLP,1,640,128,4.08001100004185,3.167747000588861,0.0,0.0,0.907927000298514,0.0
55,degree_MLP,1,768,128,4.135452000809892,2.9658920002475497,0.0,0.0,1.1647470000752946,0.0
55,degree_MLP,1,896,128,4.369709000457078,3.0910760006008786,0.0,0.0,1.272292999601632,0.0
55,degree_MLP,1,1024,128,5.7117569995170925,3.1937839994498063,0.0,0.0,2.5123840005107922,0.0
55,degree_MLP,1,1152,128,4.403750000165019,3.140013000120234,0.0,0.0,1.2577469997268054,0.0
55,degree_MLP,1,1280,128,4.412201999912213,3.2307660003425553,0.0,0.0,1.1766279994844808,0.0
55,degree_MLP,1,1408,128,4.2136609999943175,3.01352400038013,0.0,0.0,1.1954629999308963,0.0
55,degree_MLP,1,1536,128,4.342024999459682,3.0821119999018265,0.0,0.0,1.2542630001917132,0.0
55,degree_MLP,1,1664,128,5.477491999954509,3.121660000033444,0.0,0.0,2.3515069997301907,0.0
55,degree_MLP,1,1792,128,4.461587999685435,3.0464259998552734,0.0,0.0,1.410708000548766,0.0
55,degree_MLP,1,1920,128,4.47894599983556,3.065040999899793,0.0,0.0,1.407921999998507,0.0
55,degree_MLP,1,2048,128,4.562572999930126,3.259183999944071,0.0,0.0,1.2991009998586378,0.0
55,degree_MLP,1,2176,128,5.552429000090342,2.8841700004704762,0.0,0.0,2.66354700033844,0.0
55,degree_MLP,1,2304,128,4.448530999979994,2.9808710005454486,0.0,0.0,1.4615930003856192,0.0
55,degree_MLP,1,2432,128,4.615935999936482,3.2502530002602725,0.0,0.0,1.3606519996756106,0.0
55,degree_MLP,1,2560,128,4.348253999523877,3.068087999963609,0.0,0.0,1.274756999919191,0.0
55,degree_MLP,1,2688,128,5.28402600048139,3.05733400000463,0.0,0.0,2.219899000010628,0.0
55,degree_MLP,1,2816,128,3.9645540000492474,3.0841910001981887,0.0,0.0,0.8758309995755553,0.0
55,degree_MLP,1,2944,128,4.244951999680779,3.190660999280226,0.0,0.0,1.0502899995117332,0.0
55,degree_MLP,1,3072,128,4.469493000215152,3.0436970000664587,0.0,0.0,1.4203609998730826,0.0
55,degree_MLP,1,3200,128,5.859504000000015,3.0189319995770347,0.0,0.0,2.8360980004435987,0.0
55,degree_MLP,1,3328,128,4.254591000062646,2.7121520006403443,0.0,0.0,1.532510999822989,0.0
55,degree_MLP,1,3456,128,4.60600600035832,3.0530519998137606,0.0,0.0,1.5474480005650548,0.0
55,degree_MLP,1,3584,64,2.8181530005895183,1.5502770002058242,0.0,0.0,1.2635659995794413,0.0
55,degree_MLP,2,0,128,5.217034000452259,3.2601720004095114,0.0,0.0,1.9494970001687761,0.0
55,degree_MLP,2,128,128,4.864626999733446,3.4615039994605468,0.0,0.0,1.397951000399189,0.0
55,degree_MLP,2,256,128,4.414594999616384,3.0645580000054906,0.0,0.0,1.3454969994199928,0.0
55,degree_MLP,2,384,128,4.18640400039294,2.914257999691472,0.0,0.0,1.2673440005528391,0.0
55,degree_MLP,2,512,128,5.831800999658299,3.0136619998302194,0.0,0.0,2.813117999721726,0.0
55,degree_MLP,2,640,128,4.406357999869215,3.044097999918449,0.0,0.0,1.3577529998656246,0.0
55,degree_MLP,2,768,128,4.5607980000568205,3.194166999492154,0.0,0.0,1.3623909999296302,0.0
55,degree_MLP,2,896,128,4.598838000674732,3.4680310000112513,0.0,0.0,1.1238819997743121,0.0
55,degree_MLP,2,1024,128,5.009808999602683,3.0422050003835466,0.0,0.0,1.9632370003819233,0.0
55,degree_MLP,2,1152,128,4.25929500033817,2.915261999987706,0.0,0.0,1.3399150002442184,0.0
55,degree_MLP,2,1280,128,4.479229000025953,3.143664000162971,0.0,0.0,1.3307379995239899,0.0
55,degree_MLP,2,1408,128,4.692533000707044,3.304529000160983,0.0,0.0,1.3831159994879272,0.0
55,degree_MLP,2,1536,128,6.1297550000745105,3.1439549993592664,0.0,0.0,2.9790850003337255,0.0
55,degree_MLP,2,1664,128,4.52294000024267,3.0665590002172394,0.0,0.0,1.450356000532338,0.0
55,degree_MLP,2,1792,128,6.474241000432812,3.4896180004579946,0.0,0.0,2.980340999783948,0.0
55,degree_MLP,2,1920,128,4.45966999996017,3.0014060002940823,0.0,0.0,1.4528539995808387,0.0
55,degree_MLP,2,2048,128,5.674717000147211,2.993519000483502,0.0,0.0,2.67505300053017,0.0
55,degree_MLP,2,2176,128,4.818242000510509,3.4634370003914228,0.0,0.0,1.3498070002242457,0.0
55,degree_MLP,2,2304,128,4.259119000380451,3.0267339998317766,0.0,0.0,1.2282620000405586,0.0
55,degree_MLP,2,2432,128,4.192021000562818,2.813863000483252,0.0,0.0,1.372122000248055,0.0
55,degree_MLP,2,2560,128,4.299391999666113,2.8762919992004754,0.0,0.0,1.416713999788044,0.0
55,degree_MLP,2,2688,128,4.131917000449903,3.002718000061577,0.0,0.0,1.1240599997108802,0.0
55,degree_MLP,2,2816,128,3.8672660002703196,2.835099000549235,0.0,0.0,1.028173999657156,0.0
55,degree_MLP,2,2944,128,3.949560999899404,2.806528000292019,0.0,0.0,1.1377600003470434,0.0
55,degree_MLP,2,3072,128,4.80878600046708,3.3208679997187573,0.0,0.0,1.4831480002612807,0.0
55,degree_MLP,2,3200,128,5.862688999513921,2.9002700002820347,0.0,0.0,2.958144000331231,0.0
55,degree_MLP,2,3328,128,4.392947999804164,2.7903649997824687,0.0,0.0,1.5977960001691827,0.0
55,degree_MLP,2,3456,128,4.509626000071876,2.980236999974295,0.0,0.0,1.5221889998429106,0.0
55,degree_MLP,2,3584,64,2.847638000275765,1.5646519996153074,0.0,0.0,1.2789150005119154,0.0
55,relational_MLP,0,0,128,59.736094000072626,0.0,11.272078999354562,45.94923100012238,2.504690000023402,0.0
55,relational_MLP,0,128,128,58.3859130001656,0.0,10.964932000206318,45.89096500058076,1.522143000329379,0.0
55,relational_MLP,0,256,128,59.703565000745584,0.0,10.10006400065322,47.94340399985231,1.6504499999427935,0.0
55,relational_MLP,0,384,128,62.99290100014332,0.0,13.180979000026127,47.87183499956882,1.9255899997006054,0.0
55,relational_MLP,0,512,128,69.61279499955708,0.0,13.349658000151976,54.620812000393926,1.6306610004903632,0.0
55,relational_MLP,0,640,128,56.36118100028398,0.0,11.816834999990533,43.04983699967124,1.484340000388329,0.0
55,relational_MLP,0,768,128,56.942154000353185,0.0,9.335439000096812,45.77490200063039,1.8220310003016493,0.0
55,relational_MLP,0,896,128,61.564284000269254,0.0,10.142535000341013,49.58819199964637,1.8201699995188392,0.0
55,relational_MLP,0,1024,128,58.25193999953626,0.0,10.018696999395615,46.59119500047382,1.6319710002790089,0.0
55,relational_MLP,0,1152,128,58.0818670005101,0.0,10.862683000596007,45.84070799955953,1.3707539992537932,0.0
55,relational_MLP,0,1280,128,58.894087000226136,0.0,11.227725000026112,46.255586000370386,1.3999600005263346,0.0
55,relational_MLP,0,1408,128,60.099827999692934,0.0,10.982785999658518,47.144068000307016,1.9616809995568474,0.0
55,relational_MLP,0,1536,128,61.020724000627524,0.0,10.92432200039184,48.37856799986184,1.7090030005419976,0.0
55,relational_MLP,0,1664,128,60.12861100043665,0.0,10.70679199983715,47.672822999629716,1.7373860000589048,0.0
55,relational_MLP,0,1792,128,60.74295400048868,0.0,10.059285000352247,48.963833000016166,1.7103430000133812,0.0
55,relational_MLP,0,1920,128,59.08047999946575,0.0,10.51029300015216,46.897637999791186,1.6630940008326434,0.0
55,relational_MLP,0,2048,128,59.876387999793224,0.0,10.74593500015908,47.489073000178905,1.6309840002577403,0.0
55,relational_MLP,0,2176,128,56.164824000006774,0.0,10.096001999954751,44.50946199995087,1.5486970005440526,0.0
55,relational_MLP,0,2304,128,56.04735600081767,0.0,10.322009999981674,44.027857999935804,1.6865130000951467,0.0
55,relational_MLP,0,2432,128,51.67338299997937,0.0,9.588474000338465,40.47145399999863,1.6040650007198565,0.0
55,relational_MLP,0,2560,128,50.75049900005979,0.0,9.425344000192126,39.299907999520656,2.016383000409405,0.0
55,relational_MLP,0,2688,128,54.192931999750726,0.0,10.300830000232963,41.92393999983324,1.9574039997678483,0.0
55,relational_MLP,0,2816,128,55.68627100001322,0.0,10.609400999783247,43.18508300002577,1.8801040005200775,0.0
55,relational_MLP,0,2944,128,54.22385299971211,0.0,10.407516999293875,41.58379199998308,2.213525999650301,0.0
55,relational_MLP,0,3072,128,54.18784100038465,0.0,10.745548000159033,41.279650999968,2.153986999474,0.0
55,relational_MLP,0,3200,128,52.39524399985385,0.0,10.580600999674061,40.16438000053313,1.6428070002802997,0.0
55,relational_MLP,0,3328,128,46.74934400009079,0.0,10.715016000176547,34.22485099963524,1.80043399996066,0.0
55,relational_MLP,0,3456,128,48.6877409994122,0.0,10.972672999741917,36.07132799970714,1.6342569997505052,0.0
55,relational_MLP,0,3584,64,28.301461999944877,0.0,9.759458000189625,17.366078000122798,1.1704099997587036,0.0
55,relational_MLP,1,0,128,60.06703399998514,0.0,11.165143000653188,47.29920099998708,1.5940160001264303,0.0
55,relational_MLP,1,128,128,57.45508800009702,0.0,10.71164599943586,45.287046000339615,1.4466040001934743,0.0
55,relational_MLP,1,256,128,61.24206100048468,0.0,11.173404000146547,48.44305599999643,1.6172069999811356,0.0
55,relational_MLP,1,384,128,58.92384500020853,0.0,10.52590200015402,46.82247799973993,1.566642000398133,0.0
55,relational_MLP,1,512,128,58.43476700010797,0.0,11.077070999817806,45.24136700001691,2.1033310003986116,0.0
55,relational_MLP,1,640,128,58.08154700025625,0.0,10.94885099973908,45.33789299966884,1.7851100001280429,0.0
55,relational_MLP,1,768,128,55.46439699992334,0.0,9.199097000418988,44.98221799985913,1.2746279999191756,0.0
55,relational_MLP,1,896,128,56.64710000019113,0.0,9.594725999704679,44.98822699952143,2.055068000117899,0.0
55,relational_MLP,1,1024,128,58.743265999510186,0.0,11.150635999911174,46.09181600062584,1.4902780003467342,0.0
55,relational_MLP,1,1152,128,58.86117599948193,0.0,11.504156999762927,45.71369400036929,1.6328609999618493,0.0
55,relational_MLP,1,1280,128,57.874076000189234,0.0,10.490674000720901,45.23341799995251,2.1402020001914934,0.0
55,relational_MLP,1,1408,128,61.67504400036705,0.0,10.920356000497122,48.784986999635294,1.9600249997893116,0.0
55,relational_MLP,1,1536,128,60.57221699938964,0.0,10.671514999557985,48.117914999238565,1.7735399997036438,0.0
55,relational_MLP,1,1664,128,59.827226999914274,0.0,10.715991999859398,47.16007000024547,1.9383270000616903,0.0
55,relational_MLP,1,1792,128,58.34843100001308,0.0,10.850806000235025,45.549673000095936,1.9373730001461809,0.0
55,relational_MLP,1,1920,128,57.697660000485484,0.0,10.893782000493957,44.990364000113914,1.8016690000877134,0.0
55,relational_MLP,1,2048,128,59.87345199991978,0.0,11.099394000666507,46.771283999987645,1.9926389995816862,0.0
55,relational_MLP,1,2176,128,53.545007999673544,0.0,10.42996299929655,41.194000000359665,1.9125139997413498,0.0
55,relational_MLP,1,2304,128,55.52112499935902,0.0,10.996422999596689,42.472709999856306,2.0403879998411867,0.0
55,relational_MLP,1,2432,128,72.99086199964222,0.0,12.575662000017473,58.37965800037637,2.022003000092809,0.0
55,relational_MLP,1,2560,128,57.670805000270775,0.0,11.823452000498946,44.065723000130674,1.7678080002951901,0.0
55,relational_MLP,1,2688,128,50.952326999322395,0.0,9.111857999414497,40.07205699963379,1.757497999278712,0.0
55,relational_MLP,1,2816,128,49.826307999865094,0.0,9.701787000267359,38.651014000606665,1.461859999835724,0.0
55,relational_MLP,1,2944,128,51.941544999863254,0.0,8.537550999790255,41.69451300003857,1.697790999969584,0.0
55,relational_MLP,1,3072,128,53.53815599937661,0.0,9.688771999208257,41.996695999841904,1.8408509995424538,0.0
55,relational_MLP,1,3200,128,49.15810199963744,0.0,9.433188999537379,37.88247800002864,1.8309120005142177,0.0
55,relational_MLP,1,3328,128,46.254834000137635,0.0,9.255632000531477,35.3322909995768,1.6562230002818978,0.0
55,relational_MLP,1,3456,128,47.734286999912,0.0,9.14546399963001,36.69487499973911,1.8786959999488317,0.0
55,relational_MLP,1,3584,64,30.67129400005797,0.0,9.480640999754542,19.58411600026011,1.5961740000420832,0.0
55,relational_MLP,2,0,128,58.29367399928742,0.0,9.670402999290673,46.86554399995657,1.7483179999544518,0.0
55,relational_MLP,2,128,128,55.30372100020031,0.0,10.38046600024245,43.017517999942356,1.8978770003741374,0.0
55,relational_MLP,2,256,128,57.847748000313004,0.0,10.943852000309562,44.90881400033686,1.9864670002789353,0.0
55,relational_MLP,2,384,128,59.17932499960443,0.0,10.674756999833335,46.63950099984504,1.8550849999883212,0.0
55,relational_MLP,2,512,128,57.29330600024696,0.0,10.683264999897801,45.091252999554854,1.5097980003702105,0.0
55,relational_MLP,2,640,128,56.07281799984776,0.0,10.483712999302952,43.89003199958097,1.6912319997572922,0.0
55,relational_MLP,2,768,128,56.744139999864274,0.0,10.510353999961808,44.265292000090994,1.9595750000007683,0.0
55,relational_MLP,2,896,128,59.43084800037468,0.0,10.496129000785004,47.25342699930479,1.6654070004733512,0.0
55,relational_MLP,2,1024,128,59.58174999977928,0.0,11.746483999559132,46.035057000153756,1.789749999261403,0.0
55,relational_MLP,2,1152,128,58.73820000033447,0.0,10.768613999971421,46.1510779996388,1.8098810005540145,0.0
55,relational_MLP,2,1280,128,63.22047199955705,0.0,10.487753000234079,50.99150099977123,1.7293950004386716,0.0
55,relational_MLP,2,1408,128,57.33168599999772,0.0,9.936348000337603,45.68217700034438,1.69853600073111,0.0
55,relational_MLP,2,1536,128,57.0940879997579,0.0,10.52848599920253,44.9982939999245,1.556960000016261,0.0
55,relational_MLP,2,1664,128,57.533452999450674,0.0,10.850339000171516,44.8918620004406,1.7816839999795775,0.0
55,relational_MLP,2,1792,128,60.479226999632374,0.0,12.591321999934735,46.09059500035073,1.786647000699304,0.0
55,relational_MLP,2,1920,128,57.31162400024914,0.0,10.701426999730757,44.599998999728996,2.000410000619013,0.0
55,relational_MLP,2,2048,128,58.38379999931931,0.0,11.044079999919632,45.57267400014098,1.7591819996596314,0.0
55,relational_MLP,2,2176,128,51.181210999857285,0.0,10.085979999530537,39.138430999628326,1.9480920000205515,0.0
55,relational_MLP,2,2304,128,53.28033400019194,0.0,10.754743000688904,40.63369800041983,1.8789639998431085,0.0
55,relational_MLP,2,2432,128,51.92256299960718,0.0,10.574416000054043,39.65105599945673,1.6893889996936196,0.0
55,relational_MLP,2,2560,128,51.26637300054426,0.0,10.214466000434186,39.09986799953913,1.9312439999339404,0.0
55,relational_MLP,2,2688,128,57.434528000158025,0.0,10.628412999722059,45.15104899928701,1.6442289997939952,0.0
55,relational_MLP,2,2816,128,50.043788999573735,0.0,9.165247999590065,38.958840999839595,1.9063639992964454,0.0
55,relational_MLP,2,2944,128,52.196171000105096,0.0,9.81631800004834,40.715258000091126,1.6557720000491827,0.0
55,relational_MLP,2,3072,128,49.929226000131166,0.0,10.426702000586374,37.8727200004505,1.6223890006585862,0.0
55,relational_MLP,2,3200,128,50.63137300021481,0.0,9.814453999752004,39.13539099994523,1.671924000220315,0.0
55,relational_MLP,2,3328,128,51.30087600082334,0.0,14.84851700024592,34.663802000068245,1.7802939992179745,0.0
55,relational_MLP,2,3456,128,46.35681000036129,0.0,9.557004000271263,35.04312399945775,1.7499610003142152,0.0
55,relational_MLP,2,3584,64,29.259863999868685,0.0,9.099988000343728,18.459716000506887,1.6917739994823933,0.0
55,knn_mean,0,0,128,55.098556999837456,0.0,8.747906999815314,46.31175800022902,0.029450000511133112,0.0
55,knn_mean,0,128,128,60.13248700037366,0.0,11.432906000663934,48.6577789997682,0.030755999432585668,0.0
55,knn_mean,0,256,128,65.90323599994008,0.0,10.045705999800703,55.816031000176736,0.030541999876732007,0.0
55,knn_mean,0,384,128,60.6756970000788,0.0,10.314520999600063,50.32205500083364,0.029587999961222522,0.0
55,knn_mean,0,512,128,59.919461000390584,0.0,9.493478999502258,50.38254499959294,0.032185999771172646,0.0
55,knn_mean,0,640,128,60.76993199985736,0.0,11.352458000146726,49.37729199991736,0.029441000151564367,0.0
55,knn_mean,0,768,128,58.365550999951665,0.0,11.177889000464347,47.148110999842174,0.03044400000362657,0.0
55,knn_mean,0,896,128,57.58332400000654,0.0,9.901089000777574,47.641564000514336,0.03046100027859211,0.0
55,knn_mean,0,1024,128,57.14230199919257,0.0,11.290304999420187,45.813819000613876,0.028521999411168508,0.0
55,knn_mean,0,1152,128,56.86976700053492,0.0,11.331568000059633,45.49856700032251,0.03014899994013831,0.0
55,knn_mean,0,1280,128,58.934557000611676,0.0,10.982684000737208,47.911241999827325,0.029920999622845557,0.0
55,knn_mean,0,1408,128,57.20811599985609,0.0,10.151550000045972,47.01272200054518,0.03359200036356924,0.0
55,knn_mean,0,1536,128,54.761678999966534,0.0,10.130115000720252,44.592584000383795,0.029671999982383568,0.0
55,knn_mean,0,1664,128,61.140539000007266,0.0,10.621995000292372,50.477730999773485,0.030622999474871904,0.0
55,knn_mean,0,1792,128,59.58923300022434,0.0,10.401548999652732,49.14310200001637,0.034688000596361235,0.0
55,knn_mean,0,1920,128,53.1364680000479,0.0,9.558537999510008,43.54075199989893,0.029628999982378446,0.0
55,knn_mean,0,2048,128,57.490409999445546,0.0,10.741454999333655,46.70962000000145,0.03050299983442528,0.0
55,knn_mean,0,2176,128,56.51596499956213,0.0,10.628614999404817,45.84497599989845,0.03223200019419892,0.0
55,knn_mean,0,2304,128,57.22456400053488,0.0,10.651323000274715,46.530790999895544,0.03159500010951888,0.0
55,knn_mean,0,2432,128,49.475034000352025,0.0,9.66180900013569,39.77985500023351,0.026466000235814136,0.0
55,knn_mean,0,2560,128,47.82391200023994,0.0,9.255560000383412,38.53596200042375,0.026077999791596085,0.0
55,knn_mean,0,2688,128,49.37463799979014,0.0,9.477687999606133,39.85761000058119,0.031425999623024836,0.0
55,knn_mean,0,2816,128,49.00605300008465,0.0,10.829236999597924,38.13834199991106,0.03013600053236587,0.0
55,knn_mean,0,2944,128,50.926296999932674,0.0,11.154351999721257,39.7327150003548,0.03179299983457895,0.0
55,knn_mean,0,3072,128,49.442886999713664,0.0,10.269495000102324,39.144388999375224,0.02306300029886188,0.0
55,knn_mean,0,3200,128,49.81035599939787,0.0,11.26524099981907,38.5116339994056,0.026575999982014764,0.0
55,knn_mean,0,3328,128,46.467007000501326,0.0,10.941119000563049,35.48892999970121,0.028837000172643457,0.0
55,knn_mean,0,3456,128,47.18480500014266,0.0,11.471263999737857,35.677347000273585,0.029423999876598828,0.0
55,knn_mean,0,3584,64,28.36060199933854,0.0,9.965872999600833,18.36504099992453,0.024362000658584293,0.0
55,knn_mean,1,0,128,58.70647499978077,0.0,10.161862000131805,48.50890700072341,0.02760699953796575,0.0
55,knn_mean,1,128,128,56.75478299963288,0.0,11.418582000260358,45.29336500036152,0.033523000638524536,0.0
55,knn_mean,1,256,128,65.36330000017188,0.0,11.330020999594126,53.96512100014661,0.05665599928761367,0.0
55,knn_mean,1,384,128,56.58235199916817,0.0,9.712576999845624,46.83348999969894,0.028326999199634884,0.0
55,knn_mean,1,512,128,56.047116000627284,0.0,11.631542000031914,44.37947999940661,0.028608999855350703,0.0
55,knn_mean,1,640,128,55.34232599984534,0.0,11.636157999419083,43.66727799970249,0.03152899989800062,0.0
55,knn_mean,1,768,128,60.20796699976927,0.0,10.33733599979314,49.82874300003459,0.03177299913659226,0.0
55,knn_mean,1,896,128,60.65218599997024,0.0,12.199460999909206,48.41350500009867,0.02928100002463907,0.0
55,knn_mean,1,1024,128,57.60526199992455,0.0,11.300529000436654,46.25424500045483,0.041106999560724944,0.0
55,knn_mean,1,1152,128,55.45233500015456,0.0,10.764647000542027,44.65891800009558,0.022787000489188358,0.0
55,knn_mean,1,1280,128,55.32576899986452,0.0,10.366855999563995,44.920876000105636,0.030451000384346116,0.0
55,knn_mean,1,1408,128,64.31275300019479,0.0,11.117175999970641,53.15667399918311,0.029880000511184335,0.0
55,knn_mean,1,1536,128,58.639201000005414,0.0,11.143597999762278,47.45917499985808,0.028399999791872688,0.0
55,knn_mean,1,1664,128,56.34047300009115,0.0,9.98944900038623,46.303324999826145,0.03569000000425149,0.0
55,knn_mean,1,1792,128,57.23745999966923,0.0,11.611183999775676,45.59250800048176,0.027382999178371392,0.0
55,knn_mean,1,1920,128,54.096605999802705,0.0,10.194147999754932,43.870278999747825,0.025350999749207404,0.0
55,knn_mean,1,2048,128,56.10522700044385,0.0,10.513745000025665,45.543924999947194,0.039855999602878,0.0
55,knn_mean,1,2176,128,50.55791399990994,0.0,11.196497000128147,39.32544799954485,0.025088000256801024,0.0
55,knn_mean,1,2304,128,52.665195999907155,0.0,11.16882699989219,41.4567600000737,0.0302460002785665,0.0
55,knn_mean,1,2432,128,50.00251700039371,0.0,9.778440000445698,40.18852700028219,0.026993000574293546,0.0
55,knn_mean,1,2560,128,50.44597000050999,0.0,9.100545999899623,41.30606299986539,0.029240999538160395,0.0
55,knn_mean,1,2688,128,50.877851999757695,0.0,10.972475999551534,39.8712299993349,0.026232999516651034,0.0
55,knn_mean,1,2816,128,48.98396499993396,0.0,10.248897000565194,38.70338500018988,0.024809000024106354,0.0
55,knn_mean,1,2944,128,51.73297700002877,0.0,11.095504999502737,40.60100500009867,0.028507999559224118,0.0
55,knn_mean,1,3072,128,50.67934100043203,0.0,10.829511000338243,39.80435900029988,0.03144300080748508,0.0
55,knn_mean,1,3200,128,49.580986999899324,0.0,10.886381000091205,38.66351700071391,0.024665000637469348,0.0
55,knn_mean,1,3328,128,45.02734300058364,0.0,10.333213000194519,34.65373099970748,0.03014899994013831,0.0
55,knn_mean,1,3456,128,46.80795400054194,0.0,11.049835000449093,35.720157000469044,0.030586999855586328,0.0
55,knn_mean,1,3584,64,26.0729129995525,0.0,8.039211999857798,18.007119000685634,0.020933999621775,0.0
55,knn_mean,2,0,128,56.378493000011076,0.0,10.095798000293144,46.249131999502424,0.026243999855068978,0.0
55,knn_mean,2,128,128,57.01689299985446,0.0,11.42298899958405,45.16600900024059,0.4164100000707549,0.0
55,knn_mean,2,256,128,55.90043600022909,0.0,10.170997000386706,45.690107999689644,0.03290800032118568,0.0
55,knn_mean,2,384,128,55.45450399949914,0.0,9.718729999804054,45.70165400036785,0.027240999770583585,0.0
55,knn_mean,2,512,128,55.82934500034753,0.0,10.658287999831373,45.13207599939051,0.02971699996123789,0.0
55,knn_mean,2,640,128,55.23175800044555,0.0,11.026141000002099,44.17186200043943,0.0263660003838595,0.0
55,knn_mean,2,768,128,56.05447300058586,0.0,10.038922000603634,45.9764469997026,0.03058400034205988,0.0
55,knn_mean,2,896,128,56.514705999688886,0.0,10.936024999864458,45.5361759995867,0.03260100038460223,0.0
55,knn_mean,2,1024,128,57.61214399990422,0.0,11.583763000089675,45.99165499985247,0.028030000066792127,0.0
55,knn_mean,2,1152,128,57.46078399988619,0.0,10.936208999737573,46.49263400006021,0.025414000447199214,0.0
55,knn_mean,2,1280,128,55.73955799991381,0.0,11.338983000314329,44.3611629998486,0.030930000320950057,0.0
55,knn_mean,2,1408,128,57.654242000353406,0.0,11.46406499992736,46.15051999917341,0.03154299974994501,0.0
55,knn_mean,2,1536,128,57.48448400026973,0.0,11.289195999779622,46.16358000021137,0.02496900015103165,0.0
55,knn_mean,2,1664,128,59.31095699997968,0.0,11.323351000100956,47.94677599966235,0.03112800004601013,0.0
55,knn_mean,2,1792,128,57.36128700027621,0.0,10.436819000460673,46.8880939997689,0.028015000680170488,0.0
55,knn_mean,2,1920,128,53.81102399951487,0.0,10.588307000034547,43.181881999771576,0.03273999936936889,0.0
55,knn_mean,2,2048,128,56.73895000018092,0.0,11.883583999406255,44.81337000015628,0.03257899970776634,0.0
55,knn_mean,2,2176,128,50.8343010005774,0.0,11.218758000723028,39.580563000527036,0.027647000024444424,0.0
55,knn_mean,2,2304,128,51.1298089995762,0.0,10.817349999342696,40.280678999806696,0.025601000743336044,0.0
55,knn_mean,2,2432,128,51.09700400043948,0.0,11.256703000071866,39.802806999432505,0.02960799974971451,0.0
55,knn_mean,2,2560,128,50.95223500029533,0.0,9.60405899968464,41.307403999780945,0.03137899966532132,0.0
55,knn_mean,2,2688,128,49.48981500001537,0.0,9.868387000096845,39.5872959998087,0.027166999643668532,0.0
55,knn_mean,2,2816,128,48.59117399973911,0.0,10.923476999778359,37.63552800046455,0.025678999918454792,0.0
55,knn_mean,2,2944,128,50.1525669997136,0.0,11.034777000531903,39.08625999974902,0.025697000637592282,0.0
55,knn_mean,2,3072,128,49.80524299935496,0.0,10.781789999782632,38.98389900041366,0.03165499947499484,0.0
55,knn_mean,2,3200,128,49.41891900034534,0.0,11.587403000703489,37.79521599972213,0.02912599939008942,0.0
55,knn_mean,2,3328,128,46.47347799982526,0.0,11.092980000285024,35.33446300025389,0.03768900023715105,0.0
55,knn_mean,2,3456,128,47.45772800015402,0.0,9.859624999990046,37.55643600015901,0.03169999945384916,0.0
55,knn_mean,2,3584,64,28.918906999933824,0.0,8.068482000453514,20.812505000321835,0.028915000257256906,0.0
55,GATv2_local,0,0,128,17.997542000557587,0.0,17.83128199986095,0.011262000043643638,0.0,0.003424999704293441
55,GATv2_local,0,128,128,17.93773500048701,0.0,17.79436800006806,0.009089000741369091,0.0,0.002787000084936153
55,GATv2_local,0,256,128,16.676512000231014,0.0,16.563545999815688,0.007501000254706014,0.0,0.00248300057137385
55,GATv2_local,0,384,128,16.943824999543722,0.0,16.82589500069298,0.007648000064364169,0.0,0.0024929995561251417
55,GATv2_local,0,512,128,18.039983999187825,0.0,17.929359999470762,0.006429999302781653,0.0,0.0024709997887839563
55,GATv2_local,0,640,128,16.883973999938462,0.0,16.770846999861533,0.006289000339165796,0.0,0.0022599997464567423
55,GATv2_local,0,768,128,16.767250999691896,0.0,16.65423499980534,0.0065720005295588635,0.0,0.002316000063729007
55,GATv2_local,0,896,128,17.335655999886512,0.0,17.228452000381367,0.006119000317994505,0.0,0.0022129997887532227
55,GATv2_local,0,1024,128,17.874820000542968,0.0,17.73693000086496,0.012323999726504553,0.0,0.0031650006349082105
55,GATv2_local,0,1152,128,18.12984500065795,0.0,18.000580000261834,0.007886000275902916,0.0,0.0027790001695393585
55,GATv2_local,0,1280,128,17.61566400000447,0.0,17.456958999900962,0.01002100088953739,0.0,0.0037039999369881116
55,GATv2_local,0,1408,128,15.208155000436818,0.0,15.064234999954351,0.009080999916477595,0.0,0.003191000359947793
55,GATv2_local,0,1536,128,15.13128499937011,0.0,14.970930000345106,0.010202000339631923,0.0,0.00342800012731459
55,GATv2_local,0,1664,128,15.875363999839465,0.0,15.732270999251341,0.008858000001055188,0.0,0.0028839995138696395
55,GATv2_local,0,1792,128,15.085289999660745,0.0,14.954028000829567,0.00787799945101142,0.0,0.002626999958010856
55,GATv2_local,0,1920,128,13.763718000518566,0.0,13.598298000033537,0.02188400048908079,0.0,0.0036530000215861946
55,GATv2_local,0,2048,128,15.018408999821986,0.0,14.853278000373393,0.008424000043305568,0.0,0.003090999598498456
55,GATv2_local,0,2176,128,13.832954999998037,0.0,13.660616999914055,0.01001799955702154,0.0,0.0036980000004405156
55,GATv2_local,0,2304,128,13.884142999813776,0.0,13.72669699958351,0.009573000170348678,0.0,0.0034499998946557753
55,GATv2_local,0,2432,128,13.893958999688039,0.0,13.757630000327481,0.008983999578049406,0.0,0.002722999852267094
55,GATv2_local,0,2560,128,13.968505999400804,0.0,13.841381000020192,0.007917999937490094,0.0,0.00273000023298664
55,GATv2_local,0,2688,128,14.154648000840098,0.0,14.026933999957691,0.007818999620212708,0.0,0.0024889995984267443
55,GATv2_local,0,2816,128,12.912309000057576,0.0,12.7855950004232,0.007974000254762359,0.0,0.002724000296439044
55,GATv2_local,0,2944,128,13.712640999983705,0.0,13.589706999482587,0.007528999958594795,0.0,0.002537000000302214
55,GATv2_local,0,3072,128,12.488409000070533,0.0,12.359352000203216,0.007999999979801942,0.0,0.0028450003810576163
55,GATv2_local,0,3200,128,10.224254999229743,0.0,10.104146000230685,0.00733299930288922,0.0,0.002645000677148346
55,GATv2_local,0,3328,128,10.027918000560021,0.0,9.916613999848778,0.006657999620074406,0.0,0.002370999936829321
55,GATv2_local,0,3456,128,10.0056900000709,0.0,9.893956999803777,0.0067459995989338495,0.0,0.0023849997887737118
55,GATv2_local,0,3584,64,8.35971300057281,0.0,8.212020999962988,0.007200000254670158,0.0,0.002734999725362286
55,GATv2_local,1,0,128,12.138628000684548,0.0,11.990480000349635,0.010314999599358998,0.0,0.00280699987342814
55,GATv2_local,1,128,128,12.605554000401753,0.0,12.480858999879274,0.008673000593262259,0.0,0.002580999534984585
55,GATv2_local,1,256,128,12.040964000334498,0.0,11.9261509998978,0.007010000445006881,0.0,0.002466999831085559
55,GATv2_local,1,384,128,11.596491000091191,0.0,11.487973999464884,0.006663000021944754,0.0,0.0022629992599831894
55,GATv2_local,1,512,128,12.067338999258936,0.0,11.960374000409502,0.005968000550637953,0.0,0.0022580006771022454
55,GATv2_local,1,640,128,11.872588999722211,0.0,11.766296999667247,0.00592299966228893,0.0,0.0022800004444434308
55,GATv2_local,1,768,128,12.19272100024682,0.0,12.086230000022624,0.0058490004448685795,0.0,0.0022180001906235702
55,GATv2_local,1,896,128,12.020803000268643,0.0,11.91547799953696,0.006012999619997572,0.0,0.00226500014832709
55,GATv2_local,1,1024,128,11.752973000511702,0.0,11.645772000520083,0.006100000064179767,0.0,0.0021819996618432924
55,GATv2_local,1,1152,128,11.984183000095072,0.0,11.877889999595936,0.005974999112368096,0.0,0.0022329995772452094
55,GATv2_local,1,1280,128,12.140129999352212,0.0,12.031905999720038,0.006033000317984261,0.0,0.0022759995772503316
55,GATv2_local,1,1408,128,12.364000000161468,0.0,12.256639000042924,0.006000000212225132,0.0,0.002172000677092001
55,GATv2_local,1,1536,128,13.186354999561445,0.0,13.06125900009647,0.007939000170154031,0.0,0.002865000169549603
55,GATv2_local,1,1664,128,11.85149499997351,0.0,11.730057000022498,0.007505000212404411,0.0,0.00254299993684981
55,GATv2_local,1,1792,128,11.934914999983448,0.0,11.818128999948385,0.006874999598949216,0.0,0.0026220004656352103
55,GATv2_local,1,1920,128,12.883154000519426,0.0,12.75232199986931,0.007835000360500999,0.0,0.002992000190715771
55,GATv2_local,1,2048,128,12.137697000071057,0.0,11.953146000450943,0.010642999768606387,0.0,0.004101000740774907
55,GATv2_local,1,2176,128,11.387087000002794,0.0,11.2381369999639,0.012774000424542464,0.0,0.002925000444520265
55,GATv2_local,1,2304,128,9.863944000244373,0.0,9.748062999278773,0.007682999239477795,0.0,0.0026590005290927365
55,GATv2_local,1,2432,128,11.271674999989045,0.0,11.138386999846261,0.007761999768263195,0.0,0.0024539995138184167
55,GATv2_local,1,2560,128,12.601211999935913,0.0,12.485646999266464,0.0072429993451805785,0.0,0.0024649998522363603
55,GATv2_local,1,2688,128,13.869363000594603,0.0,13.739294000515656,0.006790000043110922,0.0,0.0023589991542394273
55,GATv2_local,1,2816,128,13.18766499935009,0.0,13.08327599963377,0.0059000003602704965,0.0,0.002253000275231898
55,GATv2_local,1,2944,128,13.336281000192685,0.0,13.219242999184644,0.006907000170031097,0.0,0.002379999386903364
55,GATv2_local,1,3072,128,11.723298000106297,0.0,11.606196000684577,0.006299000233411789,0.0,0.0022779995560995303
55,GATv2_local,1,3200,128,14.153187999909278,0.0,14.032943999154668,0.01299599989579292,0.0,0.0027699998099706136
55,GATv2_local,1,3328,128,12.38055700014229,0.0,12.265272000149707,0.00640500002191402,0.0,0.002310000127181411
55,GATv2_local,1,3456,128,13.12293299997691,0.0,13.013021999540797,0.00588000057177851,0.0,0.0022940002963878214
55,GATv2_local,1,3584,64,11.533339000379783,0.0,11.44368499990378,0.006652000593021512,0.0,0.0025709996407385916
55,GATv2_local,2,0,128,13.186227999540279,0.0,13.025168999774905,0.010690999260987155,0.0,0.003664000360004138
55,GATv2_local,2,128,128,12.943603000167059,0.0,12.816427999496227,0.008884000635589473,0.0,0.002683999809960369
55,GATv2_local,2,256,128,12.602422999407281,0.0,12.477754000428831,0.008097999852907378,0.0,0.0026290008463547565
55,GATv2_local,2,384,128,13.070857999991858,0.0,12.943529000040144,0.00874399938766146,0.0,0.002736000169534236
55,GATv2_local,2,512,128,12.963743999534927,0.0,12.820883000131289,0.009571999726176728,0.0,0.002877000042644795
55,GATv2_local,2,640,128,13.330871000107436,0.0,13.174151999919559,0.009730999408930074,0.0,0.002982000296469778
55,GATv2_local,2,768,128,13.576665000073262,0.0,13.44453000001522,0.008692999472259544,0.0,0.002375999429204967
55,GATv2_local,2,896,128,12.788095999894722,0.0,12.673227000050247,0.007081999683578033,0.0,0.0024769997253315523
55,GATv2_local,2,1024,128,12.961342000380682,0.0,12.846355999499792,0.0071200001912075095,0.0,0.002360999133088626
55,GATv2_local,2,1152,128,11.170313000548049,0.0,11.054142999455507,0.006595999366254546,0.0,0.002243999915663153
55,GATv2_local,2,1280,128,10.323051999876043,0.0,10.215625999990152,0.0060780002968385816,0.0,0.0022009999156580307
55,GATv2_local,2,1408,128,13.056189000053564,0.0,12.946410000040487,0.006287999894993845,0.0,0.0023450002117897384
55,GATv2_local,2,1536,128,13.204917000621208,0.0,13.091552999867417,0.0066590000642463565,0.0,0.0023840002540964633
55,GATv2_local,2,1664,128,12.822741000491078,0.0,12.706444999821542,0.006782999662391376,0.0,0.0026380002964287996
55,GATv2_local,2,1792,128,12.992563000807422,0.0,12.854700999923807,0.008048000381677411,0.0,0.002972999936901033
55,GATv2_local,2,1920,128,13.310703000570356,0.0,13.158961000044656,0.008787999831838533,0.0,0.0033160004022647627
55,GATv2_local,2,2048,128,12.780471999576548,0.0,12.62060799945175,0.009596999916539062,0.0,0.003440000000409782
55,GATv2_local,2,2176,128,13.504872000339674,0.0,13.352354999369709,0.008811999578028917,0.0,0.0030559995138901286
55,GATv2_local,2,2304,128,12.786982999386964,0.0,12.654705999921134,0.008477999472233932,0.0,0.003086999640800059
55,GATv2_local,2,2432,128,11.64729499942041,0.0,11.507426999742165,0.008969000191427767,0.0,0.0028690001272480004
55,GATv2_local,2,2560,128,13.11481399989134,0.0,12.972833999810973,0.008558000445191283,0.0,0.0034019994927803054
55,GATv2_local,2,2688,128,13.13631099947088,0.0,12.994968999919365,0.00876400008564815,0.0,0.0029570001061074436
55,GATv2_local,2,2816,128,12.674968000283116,0.0,12.55012199999328,0.007825000466255005,0.0,0.0024090004444587976
55,GATv2_local,2,2944,128,13.224025999988953,0.0,13.112755999827641,0.006758999916200992,0.0,0.002462000338709913
55,GATv2_local,2,3072,128,12.666371999330295,0.0,12.553591999676428,0.006579000000783708,0.0,0.0024179998945328407
55,GATv2_local,2,3200,128,12.548883999443206,0.0,12.434153999492992,0.006883000423840713,0.0,0.0023300008251680993
55,GATv2_local,2,3328,128,12.148308000178076,0.0,12.035260999255115,0.006606999704672489,0.0,0.0023990005502128042
55,GATv2_local,2,3456,128,12.021833999824594,0.0,11.907856000107131,0.006307999683485832,0.0,0.0023239999791258015
55,GATv2_local,2,3584,64,11.081607000051008,0.0,10.989362999680452,0.006128999302745797,0.0,0.002261999725305941
55,GATv2_margin,0,0,128,31.243738999364723,0.0,13.108471000123245,10.594483999739168,0.0,7.166088999838394
55,GATv2_margin,0,128,128,34.82755699951667,0.0,12.18084500033001,13.722957000027236,0.0,8.575634000408172
55,GATv2_margin,0,256,128,31.986216000404966,0.0,13.257059999887133,11.7531460000464,0.0,6.624000000556407
55,GATv2_margin,0,384,128,31.627307999769982,0.0,13.307426000210398,9.817016999477346,0.0,8.172741999260325
55,GATv2_margin,0,512,128,32.206130000304256,0.0,14.864726000269002,9.927692000019306,0.0,7.083375999172858
55,GATv2_margin,0,640,128,29.299388000254112,0.0,13.53635099985695,9.796473999813315,0.0,5.62199599971791
55,GATv2_margin,0,768,128,32.51086799991754,0.0,12.761610999405093,12.096591999579687,0.0,7.294703000297886
55,GATv2_margin,0,896,128,39.33529999994789,0.0,13.121773000420944,16.832567999699677,0.0,8.949554000537319
55,GATv2_margin,0,1024,128,33.5322549999546,0.0,13.432623999506177,13.982962999762094,0.0,5.774424000264844
55,GATv2_margin,0,1152,128,31.86290800022107,0.0,11.163668000335747,11.8855260006967,0.0,8.47476299986738
55,GATv2_margin,0,1280,128,29.105094999977155,0.0,13.274494000143022,8.7454960003015,0.0,6.75151200084656
55,GATv2_margin,0,1408,128,28.698353999971005,0.0,13.027925999267609,9.61770300000353,0.0,5.72503700004745
55,GATv2_margin,0,1536,128,29.22253599990654,0.0,13.033085000643041,8.736615000088932,0.0,7.127844999558874
55,GATv2_margin,0,1664,128,33.52160099984758,0.0,13.705474000744289,12.422059000527952,0.0,7.071359999827109
55,GATv2_margin,0,1792,128,33.868305000396504,0.0,14.684404000036011,10.810660999595711,0.0,8.056263999606017
55,GATv2_margin,0,1920,128,36.679560000266065,0.0,13.074376000076882,14.654893000624725,0.0,8.606977999988885
55,GATv2_margin,0,2048,128,41.18653100067604,0.0,12.991717000659264,20.744383999954152,0.0,7.062136999593349
55,GATv2_margin,0,2176,128,36.320647000138706,0.0,15.468599999621802,13.4875670000838,0.0,6.977445000302396
55,GATv2_margin,0,2304,128,26.752963999570056,0.0,11.18793900059245,8.886065999831771,0.0,6.328964000203996
55,GATv2_margin,0,2432,128,31.61408800042409,0.0,11.679375000312575,12.802964999536925,0.0,6.72595200012438
55,GATv2_margin,0,2560,128,28.614705000109097,0.0,11.15942999967956,11.21221700032038,0.0,5.849172000125691
55,GATv2_margin,0,2688,128,26.927113000056124,0.0,10.617492999699607,10.120113999619207,0.0,5.832892000398715
55,GATv2_margin,0,2816,128,31.60846499940817,0.0,12.892400999589881,11.510379999890574,0.0,6.848266999440966
55,GATv2_margin,0,2944,128,32.26793300018471,0.0,11.280116999841994,13.826475999849208,0.0,6.781453999792575
55,GATv2_margin,0,3072,128,26.306464000299457,0.0,10.434513999825867,9.902970999974059,0.0,5.627923000247392
55,GATv2_margin,0,3200,128,28.628056999878027,0.0,10.801467999954184,11.822279000625713,0.0,5.5640970003878465
55,GATv2_margin,0,3328,128,23.160865000136255,0.0,9.034139000505093,7.7710530003969325,0.0,6.030474999533908
55,GATv2_margin,0,3456,128,28.101009000238264,0.0,9.473219000028621,11.528314000315731,0.0,6.766057000277215
55,GATv2_margin,0,3584,64,22.456085000158055,0.0,8.12658500035468,7.237742999677721,0.0,6.8633239998234785
55,GATv2_margin,1,0,128,32.16345900000306,0.0,12.820148000173504,10.68908800061763,0.0,8.263215000624768
55,GATv2_margin,1,128,128,32.94552700026543,0.0,12.440800999684143,13.294534000124258,0.0,6.866683999760426
55,GATv2_margin,1,256,128,31.949842999893008,0.0,10.620412999742257,12.237943999934942,0.0,8.763535000070988
55,GATv2_margin,1,384,128,31.780287999936263,0.0,13.127168999744754,10.015705000114394,0.0,8.303372000227682
55,GATv2_margin,1,512,128,29.98645800016675,0.0,13.03532699967036,9.546517000671884,0.0,7.071109999742475
55,GATv2_margin,1,640,128,28.421512999557308,0.0,11.461621000307787,9.719931999825349,0.0,6.886944999678235
55,GATv2_margin,1,768,128,32.420933000139485,0.0,11.52808200004074,12.241067000104522,0.0,8.30542499988951
55,GATv2_margin,1,896,128,36.660103000031086,0.0,13.19677799983765,15.684547999626375,0.0,7.375959000455623
55,GATv2_margin,1,1024,128,31.8224430002374,0.0,12.47823999983666,12.23346799997671,0.0,6.7253409997647395
55,GATv2_margin,1,1152,128,32.06805399986479,0.0,10.82887199936522,13.689994999367627,0.0,7.172170000558253
55,GATv2_margin,1,1280,128,24.607962000118278,0.0,10.062978999485495,8.770668999204645,0.0,5.419432999588025
55,GATv2_margin,1,1408,128,25.893041000017547,0.0,10.06936100020539,10.126850999768067,0.0,5.336059000001114
55,GATv2_margin,1,1536,128,28.29215400015528,0.0,12.12282399956166,10.119468000084453,0.0,5.699211999854015
55,GATv2_margin,1,1664,128,27.625411999906646,0.0,10.01697200081253,11.773518999689259,0.0,5.460983000375563
55,GATv2_margin,1,1792,128,27.965697999206895,0.0,10.937715999716602,10.620422000101826,0.0,6.089370999688981
55,GATv2_margin,1,1920,128,31.689759999608214,0.0,10.473320000528474,13.407608000306936,0.0,7.468916000107129
55,GATv2_margin,1,2048,128,38.802797999778704,0.0,13.478560999828915,18.141319999813277,0.0,6.818568999733543
55,GATv2_margin,1,2176,128,36.78047199991852,0.0,12.53089599958912,13.904260999879625,0.0,9.919209999679879
55,GATv2_margin,1,2304,128,31.727644000056898,0.0,13.306126000315999,9.202156999890576,0.0,8.864854999956151
55,GATv2_margin,1,2432,128,33.90935700008413,0.0,12.523379000413115,13.12549999965995,0.0,7.912304999990738
55,GATv2_margin,1,2560,128,30.18092999991495,0.0,13.389996999649156,9.509997000350268,0.0,6.954203999157471
55,GATv2_margin,1,2688,128,32.97733099952893,0.0,13.320124000529177,10.36158099941531,0.0,8.95743199998833
55,GATv2_margin,1,2816,128,31.471293999857153,0.0,12.549641999612504,10.532340000281692,0.0,8.006967000255827
55,GATv2_margin,1,2944,128,35.03739899952052,0.0,13.758715000221855,13.228071999947133,0.0,7.708898999226221
55,GATv2_margin,1,3072,128,26.66489500006719,0.0,10.936959999526152,9.192350000375882,0.0,6.202401000336977
55,GATv2_margin,1,3200,128,34.4959750000271,0.0,11.27053700020042,13.902711999435269,0.0,8.918642999560689
55,GATv2_margin,1,3328,128,26.728685999842128,0.0,13.063381000392837,7.490746999792464,0.0,5.830619999869668
55,GATv2_margin,1,3456,128,32.373537000239594,0.0,12.957858999470773,11.504700999466877,0.0,7.420290000482055
55,GATv2_margin,1,3584,64,28.43914000004588,0.0,12.136315000134346,7.263153000167222,0.0,8.797185000730678
55,GATv2_margin,2,0,128,32.48167499987176,0.0,13.572224999734317,10.13909599987528,0.0,8.364251999410044
55,GATv2_margin,2,128,128,35.77470100026403,0.0,13.056623000011314,13.68026100044517,0.0,8.667078999678779
55,GATv2_margin,2,256,128,33.57958700053132,0.0,12.138969999796245,12.021604999972624,0.0,9.029097999700753
55,GATv2_margin,2,384,128,32.99530999993294,0.0,13.655801000822976,10.364156999457919,0.0,8.653111000057834
55,GATv2_margin,2,512,128,33.78999999949883,0.0,13.610308999886911,10.757905999525974,0.0,9.064361000127974
55,GATv2_margin,2,640,128,31.779310000274563,0.0,13.368269999773474,9.295900000324764,0.0,8.78274299975601
55,GATv2_margin,2,768,128,35.22386499935237,0.0,13.27472399952967,12.61992099989584,0.0,8.962618999248662
55,GATv2_margin,2,896,128,38.66769300020678,0.0,13.505079000424303,15.643004000594374,0.0,9.185253000396187
55,GATv2_margin,2,1024,128,34.05038999972021,0.0,13.063608000265958,11.090457000136666,0.0,9.557160999975167
55,GATv2_margin,2,1152,128,31.987344999834022,0.0,13.406083000518265,12.026213000353891,0.0,6.223975000466453
55,GATv2_margin,2,1280,128,28.7999319998562,0.0,13.369933999456407,8.724350000193226,0.0,6.394768999598455
55,GATv2_margin,2,1408,128,27.95855099975597,0.0,11.420455000006768,10.02534800045396,0.0,6.134786999609787
55,GATv2_margin,2,1536,128,27.158425000379793,0.0,11.151552000228548,9.498564999375958,0.0,6.155676000162202
55,GATv2_margin,2,1664,128,32.57375399971352,0.0,11.109292000583082,12.102890999813098,0.0,9.004175999507424
55,GATv2_margin,2,1792,128,31.38137700079824,0.0,13.531386999602546,10.669098000107624,0.0,6.835737000074005
55,GATv2_margin,2,1920,128,35.310391999701096,0.0,11.571963000278629,13.99762599976384,0.0,9.38417700035643
55,GATv2_margin,2,2048,128,40.794051000375475,0.0,13.417957000456227,17.932628999915323,0.0,9.081819000130054
55,GATv2_margin,2,2176,128,34.534216000793094,0.0,11.414456000238715,13.572410000051605,0.0,9.1861009996137
55,GATv2_margin,2,2304,128,31.399878000229364,0.0,13.921259000198916,8.444001000498247,0.0,8.690091999596916
55,GATv2_margin,2,2432,128,33.240780000596715,0.0,12.994357000025047,12.62809199943149,0.0,7.2561389997645165
55,GATv2_margin,2,2560,128,30.000711999491614,0.0,13.29764799993427,9.930604000146559,0.0,6.449522000366414
55,GATv2_margin,2,2688,128,31.27269300057378,0.0,14.189116999659745,10.42777800012118,0.0,6.312101000730763
55,GATv2_margin,2,2816,128,28.172933000860212,0.0,10.87261300017417,10.522839999794087,0.0,6.43820700042852
55,GATv2_margin,2,2944,128,30.86883099967963,0.0,11.259055000664375,12.701059000391979,0.0,6.584998000107589
55,GATv2_margin,2,3072,128,29.74399499998981,0.0,13.750934999734454,9.290660999795364,0.0,6.367822000356682
55,GATv2_margin,2,3200,128,30.495717000121658,0.0,12.182874000245647,11.949056999583263,0.0,6.011158000546857
55,GATv2_margin,2,3328,128,26.854370999899402,0.0,10.599801999887859,7.631100999788032,0.0,8.276422999188071
55,GATv2_margin,2,3456,128,31.364702999781002,0.0,12.54860200060648,11.375537999811058,0.0,7.101877999957651
55,GATv2_margin,2,3584,64,25.072514999919804,0.0,10.462899999765796,6.935307999810902,0.0,7.428564999827358
