sample_id,contract_key,chain_scope,event_time,label,raw_fast,raw_deep,calibrated_fast,final_score,prediction,deep_executed,mc_variance,local_ms,deep_ms,latency_ms
ethereum:0xd0d6d6c5fe4a677d343cc433536bb717bae167dd:1709109539:0:0x93b2eb77faa8887d2e4d1579b0c63b962c38d246e66583d1d189193abe629c61,ethereum:0xd0d6d6c5fe4a677d343cc433536bb717bae167dd,ethereum,1497902038,0,0.4489120841026306,0.5621482729911804,0.09441922710305614,0.2389628323550472,0,True,0.0,2.358969,3.935778,7.609325
ethereum:0xd0d6d6c5fe4a677d343cc433536bb717bae167dd:1709109539:1:0x7532eff1e0b5c89978d9e831b966ca08e562f13d6fa67c09940633537a5dfdae,ethereum:0xd0d6d6c5fe4a677d343cc433536bb717bae167dd,ethereum,1497902112,0,0.4663925766944885,0.5925175547599792,0.11171726959156247,0.29605166592171045,0,True,0.0,1.869419,3.651558,6.186705
ethereum:0xd0d6d6c5fe4a677d343cc433536bb717bae167dd:1709109539:2:0x7532eff1e0b5c89978d9e831b966ca08e562f13d6fa67c09940633537a5dfdae,ethereum:0xd0d6d6c5fe4a677d343cc433536bb717bae167dd,ethereum,1497902112,0,0.4663925766944885,0.592517614364624,0.11171726959156247,0.2960517556799052,0,True,0.0,1.727985,3.694328,6.118347
ethereum:0xd0d6d6c5fe4a677d343cc433536bb717bae167dd:1709109539:3:0x7532eff1e0b5c89978d9e831b966ca08e562f13d6fa67c09940633537a5dfdae,ethereum:0xd0d6d6c5fe4a677d343cc433536bb717bae167dd,ethereum,1497902112,0,0.4663925766944885,0.592517614364624,0.11171726959156247,0.2960517556799052,0,True,0.0,2.015301,4.152918,6.867289
ethereum:0xd0d6d6c5fe4a677d343cc433536bb717bae167dd:1709109539:4:0x7532eff1e0b5c89978d9e831b966ca08e562f13d6fa67c09940633537a5dfdae,ethereum:0xd0d6d6c5fe4a677d343cc433536bb717bae167dd,ethereum,1497902112,0,0.4663925766944885,0.5925175547599792,0.11171726959156247,0.29605166592171045,0,True,0.0,1.959125,3.93789,6.730679
ethereum:0xd0d6d6c5fe4a677d343cc433536bb717bae167dd:1709109539:5:0x7532eff1e0b5c89978d9e831b966ca08e562f13d6fa67c09940633537a5dfdae,ethereum:0xd0d6d6c5fe4a677d343cc433536bb717bae167dd,ethereum,1497902112,0,0.4663925766944885,0.5925175547599792,0.11171726959156247,0.29605166592171045,0,True,0.0,1.818811,3.793474,6.363633
ethereum:0xd0d6d6c5fe4a677d343cc433536bb717bae167dd:1709109539:6:0x7532eff1e0b5c89978d9e831b966ca08e562f13d6fa67c09940633537a5dfdae,ethereum:0xd0d6d6c5fe4a677d343cc433536bb717bae167dd,ethereum,1497902112,0,0.4663925766944885,0.592517614364624,0.11171726959156247,0.2960517556799052,0,True,0.0,12.954461,4.161859,17.905556
ethereum:0xd0d6d6c5fe4a677d343cc433536bb717bae167dd:1709109539:7:0x7532eff1e0b5c89978d9e831b966ca08e562f13d6fa67c09940633537a5dfdae,ethereum:0xd0d6d6c5fe4a677d343cc433536bb717bae167dd,ethereum,1497902112,0,0.4663925766944885,0.592517614364624,0.11171726959156247,0.2960517556799052,0,True,0.0,1.836478,3.561188,6.076621
ethereum:0xd0d6d6c5fe4a677d343cc433536bb717bae167dd:1709109539:8:0x7532eff1e0b5c89978d9e831b966ca08e562f13d6fa67c09940633537a5dfdae,ethereum:0xd0d6d6c5fe4a677d343cc433536bb717bae167dd,ethereum,1497902112,0,0.4663925766944885,0.5925175547599792,0.11171726959156247,0.29605166592171045,0,True,0.0,1.812139,3.845749,6.343859
ethereum:0xd0d6d6c5fe4a677d343cc433536bb717bae167dd:1709109539:9:0x7532eff1e0b5c89978d9e831b966ca08e562f13d6fa67c09940633537a5dfdae,ethereum:0xd0d6d6c5fe4a677d343cc433536bb717bae167dd,ethereum,1497902112,0,0.4663925766944885,0.592517614364624,0.11171726959156247,0.2960517556799052,0,True,0.0,2.131823,3.767927,6.711542
ethereum:0xd0d6d6c5fe4a677d343cc433536bb717bae167dd:1709109539:10:0x7532eff1e0b5c89978d9e831b966ca08e562f13d6fa67c09940633537a5dfdae,ethereum:0xd0d6d6c5fe4a677d343cc433536bb717bae167dd,ethereum,1497902112,0,0.4663925766944885,0.592517614364624,0.11171726959156247,0.2960517556799052,0,True,0.0,1.951595,3.71922,6.326352
ethereum:0xd0d6d6c5fe4a677d343cc433536bb717bae167dd:1709109539:11:0x7532eff1e0b5c89978d9e831b966ca08e562f13d6fa67c09940633537a5dfdae,ethereum:0xd0d6d6c5fe4a677d343cc433536bb717bae167dd,ethereum,1497902112,0,0.4663925766944885,0.592517614364624,0.11171726959156247,0.2960517556799052,0,True,0.0,2.033058,6.358728,9.060885
ethereum:0xd0d6d6c5fe4a677d343cc433536bb717bae167dd:1709109539:12:0x7532eff1e0b5c89978d9e831b966ca08e562f13d6fa67c09940633537a5dfdae,ethereum:0xd0d6d6c5fe4a677d343cc433536bb717bae167dd,ethereum,1497902112,0,0.4663925766944885,0.5925175547599792,0.11171726959156247,0.29605166592171045,0,True,0.0,1.782515,3.949287,6.525055
ethereum:0xd0d6d6c5fe4a677d343cc433536bb717bae167dd:1709109539:13:0x7532eff1e0b5c89978d9e831b966ca08e562f13d6fa67c09940633537a5dfdae,ethereum:0xd0d6d6c5fe4a677d343cc433536bb717bae167dd,ethereum,1497902112,0,0.4663925766944885,0.5925175547599792,0.11171726959156247,0.29605166592171045,0,True,0.0,2.031284,14.895872,17.733807
ethereum:0xd0d6d6c5fe4a677d343cc433536bb717bae167dd:1709109539:14:0x7532eff1e0b5c89978d9e831b966ca08e562f13d6fa67c09940633537a5dfdae,ethereum:0xd0d6d6c5fe4a677d343cc433536bb717bae167dd,ethereum,1497902112,0,0.4663925766944885,0.592517614364624,0.11171726959156247,0.2960517556799052,0,True,0.0,2.186426,3.952609,7.002355
ethereum:0xd0d6d6c5fe4a677d343cc433536bb717bae167dd:1709109539:15:0x7532eff1e0b5c89978d9e831b966ca08e562f13d6fa67c09940633537a5dfdae,ethereum:0xd0d6d6c5fe4a677d343cc433536bb717bae167dd,ethereum,1497902112,0,0.4663925766944885,0.592517614364624,0.11171726959156247,0.2960517556799052,0,True,0.0,2.02458,3.919272,6.63564
ethereum:0xd0d6d6c5fe4a677d343cc433536bb717bae167dd:1709109539:16:0x7532eff1e0b5c89978d9e831b966ca08e562f13d6fa67c09940633537a5dfdae,ethereum:0xd0d6d6c5fe4a677d343cc433536bb717bae167dd,ethereum,1497902112,0,0.4663925766944885,0.5925175547599792,0.11171726959156247,0.29605166592171045,0,True,0.0,2.010504,3.671236,6.405934
ethereum:0xd0d6d6c5fe4a677d343cc433536bb717bae167dd:1709109539:17:0x7532eff1e0b5c89978d9e831b966ca08e562f13d6fa67c09940633537a5dfdae,ethereum:0xd0d6d6c5fe4a677d343cc433536bb717bae167dd,ethereum,1497902112,0,0.4663925766944885,0.5925175547599792,0.11171726959156247,0.29605166592171045,0,True,0.0,2.160697,3.619433,6.475925
ethereum:0xd0d6d6c5fe4a677d343cc433536bb717bae167dd:1709109539:18:0x7532eff1e0b5c89978d9e831b966ca08e562f13d6fa67c09940633537a5dfdae,ethereum:0xd0d6d6c5fe4a677d343cc433536bb717bae167dd,ethereum,1497902112,0,0.4663925766944885,0.592517614364624,0.11171726959156247,0.2960517556799052,0,True,0.0,2.143679,3.807436,6.647894
ethereum:0xd0d6d6c5fe4a677d343cc433536bb717bae167dd:1709109539:19:0x7532eff1e0b5c89978d9e831b966ca08e562f13d6fa67c09940633537a5dfdae,ethereum:0xd0d6d6c5fe4a677d343cc433536bb717bae167dd,ethereum,1497902112,0,0.4663925766944885,0.592517614364624,0.11171726959156247,0.2960517556799052,0,True,0.0,1.959854,3.552816,6.172402
ethereum:0xd0d6d6c5fe4a677d343cc433536bb717bae167dd:1709109539:20:0x7532eff1e0b5c89978d9e831b966ca08e562f13d6fa67c09940633537a5dfdae,ethereum:0xd0d6d6c5fe4a677d343cc433536bb717bae167dd,ethereum,1497902112,0,0.4663925766944885,0.5925175547599792,0.11171726959156247,0.29605166592171045,0,True,0.0,1.876429,4.097394,6.752033
ethereum:0xd0d6d6c5fe4a677d343cc433536bb717bae167dd:1709109539:21:0x7532eff1e0b5c89978d9e831b966ca08e562f13d6fa67c09940633537a5dfdae,ethereum:0xd0d6d6c5fe4a677d343cc433536bb717bae167dd,ethereum,1497902112,0,0.4663925766944885,0.5925175547599792,0.11171726959156247,0.29605166592171045,0,True,0.0,1.897155,3.726226,6.417414
ethereum:0xd0d6d6c5fe4a677d343cc433536bb717bae167dd:1709109539:22:0x7532eff1e0b5c89978d9e831b966ca08e562f13d6fa67c09940633537a5dfdae,ethereum:0xd0d6d6c5fe4a677d343cc433536bb717bae167dd,ethereum,1497902112,0,0.4663925766944885,0.592517614364624,0.11171726959156247,0.2960517556799052,0,True,0.0,13.105651,4.969822,18.927121
ethereum:0xd0d6d6c5fe4a677d343cc433536bb717bae167dd:1709109539:23:0x7532eff1e0b5c89978d9e831b966ca08e562f13d6fa67c09940633537a5dfdae,ethereum:0xd0d6d6c5fe4a677d343cc433536bb717bae167dd,ethereum,1497902112,0,0.4663925766944885,0.592517614364624,0.11171726959156247,0.2960517556799052,0,True,0.0,2.000493,4.58897,7.377878
ethereum:0xd0d6d6c5fe4a677d343cc433536bb717bae167dd:1709109539:24:0x7532eff1e0b5c89978d9e831b966ca08e562f13d6fa67c09940633537a5dfdae,ethereum:0xd0d6d6c5fe4a677d343cc433536bb717bae167dd,ethereum,1497902112,0,0.4663925766944885,0.5925175547599792,0.11171726959156247,0.29605166592171045,0,True,0.0,1.807713,4.696451,7.227673
ethereum:0xd0d6d6c5fe4a677d343cc433536bb717bae167dd:1709109539:25:0x7532eff1e0b5c89978d9e831b966ca08e562f13d6fa67c09940633537a5dfdae,ethereum:0xd0d6d6c5fe4a677d343cc433536bb717bae167dd,ethereum,1497902112,0,0.4663925766944885,0.5925175547599792,0.11171726959156247,0.29605166592171045,0,True,0.0,1.865294,3.791263,6.334702
ethereum:0xd0d6d6c5fe4a677d343cc433536bb717bae167dd:1709109539:26:0x7532eff1e0b5c89978d9e831b966ca08e562f13d6fa67c09940633537a5dfdae,ethereum:0xd0d6d6c5fe4a677d343cc433536bb717bae167dd,ethereum,1497902112,0,0.4663925766944885,0.592517614364624,0.11171726959156247,0.2960517556799052,0,True,0.0,2.231682,3.509086,6.418045
ethereum:0xd0d6d6c5fe4a677d343cc433536bb717bae167dd:1709109539:27:0x7532eff1e0b5c89978d9e831b966ca08e562f13d6fa67c09940633537a5dfdae,ethereum:0xd0d6d6c5fe4a677d343cc433536bb717bae167dd,ethereum,1497902112,0,0.4663925766944885,0.592517614364624,0.11171726959156247,0.2960517556799052,0,True,0.0,1.984453,3.544396,6.179713
ethereum:0xd0d6d6c5fe4a677d343cc433536bb717bae167dd:1709109539:28:0x7532eff1e0b5c89978d9e831b966ca08e562f13d6fa67c09940633537a5dfdae,ethereum:0xd0d6d6c5fe4a677d343cc433536bb717bae167dd,ethereum,1497902112,0,0.4663925766944885,0.5925175547599792,0.11171726959156247,0.29605166592171045,0,True,0.0,1.894994,3.5627,6.309752
ethereum:0xd0d6d6c5fe4a677d343cc433536bb717bae167dd:1709109539:29:0x7532eff1e0b5c89978d9e831b966ca08e562f13d6fa67c09940633537a5dfdae,ethereum:0xd0d6d6c5fe4a677d343cc433536bb717bae167dd,ethereum,1497902112,0,0.4663925766944885,0.5925175547599792,0.11171726959156247,0.29605166592171045,0,True,0.0,2.03469,3.574508,6.295519
ethereum:0xea610b1153477720748dc13ed378003941d84fab:1709108495:0:0x372eb7f382f696d778277919b1ac444d217016ef71363ca7c1596088ae489835,ethereum:0xea610b1153477720748dc13ed378003941d84fab,ethereum,1503680140,0,0.9897298812866211,0.7182673215866089,0.9999709562026756,0.9940678617294184,1,True,0.0,1.865238,16.152587,18.802615
ethereum:0xea610b1153477720748dc13ed378003941d84fab:1709108495:1:0x542b6be8351fcbe9d6640e2b036031d539c974f8f0fdb47173e6441aba12e04a,ethereum:0xea610b1153477720748dc13ed378003941d84fab,ethereum,1503680158,0,0.9732891917228699,0.7167133688926697,0.99961328877116,0.9832481626451227,1,True,0.0,2.137841,5.299719,8.39536
ethereum:0xea610b1153477720748dc13ed378003941d84fab:1709108495:2:0x9197348892979d96fd48d1c7f443e63930fc9c8fddae5f450736bd69622e159d,ethereum:0xea610b1153477720748dc13ed378003941d84fab,ethereum,1503680158,0,0.9350897669792175,0.7129307985305786,0.995444992187775,0.9548596617311527,1,True,0.0,1.829557,3.792276,6.46183
ethereum:0xea610b1153477720748dc13ed378003941d84fab:1709108495:3:0x2e27f7c2f5a300e98ef4e8a56f83725a45744b188a446442a664921c65910f94,ethereum:0xea610b1153477720748dc13ed378003941d84fab,ethereum,1503753517,0,0.8660783767700195,0.7074300646781921,0.9628430697004863,0.8958809829234925,1,True,0.0,2.60194,4.139749,7.479633
ethereum:0xea610b1153477720748dc13ed378003941d84fab:1709108495:4:0xd909b41e4379e1129c4207548964178c114303f6e0a7faf61682f86b8cd4e65c,ethereum:0xea610b1153477720748dc13ed378003941d84fab,ethereum,1503757927,0,0.7880620956420898,0.7023190259933472,0.8558652541329583,0.8205470837621999,1,True,0.0,2.140863,3.776977,6.61417
ethereum:0xea610b1153477720748dc13ed378003941d84fab:1709108495:5:0x10c1194d503110df92a0db09f03c1aa312be011d479f0cc5101e90154befabdd,ethereum:0xea610b1153477720748dc13ed378003941d84fab,ethereum,1503838528,0,0.7318438291549683,0.6918237209320068,0.7227161095135399,0.7510060620751611,1,True,0.0,2.015466,3.855009,6.585937
ethereum:0xea610b1153477720748dc13ed378003941d84fab:1709108495:6:0xcb5f07f781b2e300efbc5d4ac9f498ed18b21d5275710b408b18a098d0664ac3,ethereum:0xea610b1153477720748dc13ed378003941d84fab,ethereum,1503934501,0,0.7095659971237183,0.6904653906822205,0.6599814441276207,0.726110712840275,1,True,0.0,2.327623,3.645034,6.69706
ethereum:0xea610b1153477720748dc13ed378003941d84fab:1709108495:7:0x7ebd9ac383a45d14c30494e85c9f3e276e58a6b4481cdfad746bfb7e5a858152,ethereum:0xea610b1153477720748dc13ed378003941d84fab,ethereum,1504110024,0,0.7132917642593384,0.6898728013038635,0.6707383588554824,0.7289831854207595,1,True,0.0,1.90737,3.674585,6.351464
ethereum:0xea610b1153477720748dc13ed378003941d84fab:1709108495:8:0x57a92ed9cb9cfafd802889224702c4e718acc74c8af7d07275091047daa30343,ethereum:0xea610b1153477720748dc13ed378003941d84fab,ethereum,1504232468,0,0.8779133558273315,0.7094784379005432,0.9717276835382742,0.9074219541638131,1,True,0.0,2.04444,14.577642,17.459714
ethereum:0xea610b1153477720748dc13ed378003941d84fab:1709108495:9:0xf9116edd65c335970bef3261464ce387abce48d2545862b2ed3197e8efa93e5c,ethereum:0xea610b1153477720748dc13ed378003941d84fab,ethereum,1504234105,0,0.9241591095924377,0.7138829827308655,0.992905605981571,0.9469323516064756,1,True,0.0,1.876528,3.693792,6.400491
ethereum:0xea610b1153477720748dc13ed378003941d84fab:1709108495:10:0x8db6e71ea4245f7b9a65af5b4a344d03157fcf2a92ffeaa0498fb843ead2e628,ethereum:0xea610b1153477720748dc13ed378003941d84fab,ethereum,1504250385,0,0.9447954297065735,0.7154536247253418,0.9971158183424488,0.9629172545970519,1,True,0.0,2.071507,4.504695,7.474937
ethereum:0xea610b1153477720748dc13ed378003941d84fab:1709108495:11:0xdc76dc28a10e896cff26aba99085b20a2325e328c404fdbcc21d75896f0b6a3b,ethereum:0xea610b1153477720748dc13ed378003941d84fab,ethereum,1504253176,0,0.9561443328857422,0.7165876030921936,0.9984839107027933,0.971372338395583,1,True,0.0,2.051242,3.897109,6.884262
ethereum:0xea610b1153477720748dc13ed378003941d84fab:1709108495:12:0xd6c2eff77beb54dde0e0f4dd909fb6f8be18d2e61ccdb87e6a2f51b3f3ef5c89,ethereum:0xea610b1153477720748dc13ed378003941d84fab,ethereum,1504260573,0,0.9631133079528809,0.717051088809967,0.9990613645298805,0.9763471832687096,1,True,0.0,1.977223,4.212345,7.028785
ethereum:0xea610b1153477720748dc13ed378003941d84fab:1709108495:13:0xd17a2f5f5158e9180e3bb2a3cbeb4bceaa9316e07561eb5c51382bb88b4258e3,ethereum:0xea610b1153477720748dc13ed378003941d84fab,ethereum,1504264885,0,0.9562642574310303,0.7151105999946594,0.9984954077890691,0.9711036509292055,1,True,0.0,1.887852,3.777184,6.522582
ethereum:0xea610b1153477720748dc13ed378003941d84fab:1709108495:14:0xa8d0fb0da5dde45d1bda4ecbb96f35b382ce2187cd185325cea94042d8628a1e,ethereum:0xea610b1153477720748dc13ed378003941d84fab,ethereum,1504269711,0,0.9622817039489746,0.7155227065086365,0.9990017336673161,0.9754587892510757,1,True,0.0,1.83644,3.52454,6.129068
ethereum:0xea610b1153477720748dc13ed378003941d84fab:1709108495:15:0xb6eb118e28d66a041b33c81f358fa80cdff1ee32547ea99fada64032e79c7bcf,ethereum:0xea610b1153477720748dc13ed378003941d84fab,ethereum,1504269773,0,0.9665148854255676,0.7159565687179565,0.9992811224994074,0.9784947415881992,1,True,0.0,2.264064,4.215639,7.402853
ethereum:0xea610b1153477720748dc13ed378003941d84fab:1709108495:16:0x104aff3897afa321d7fded6bf498a5ff8728d60550df3a9dc4b02110ca571b7e,ethereum:0xea610b1153477720748dc13ed378003941d84fab,ethereum,1504269812,0,0.9696338772773743,0.7163131237030029,0.9994505113686912,0.9807031291111027,1,True,0.0,2.531112,15.272164,18.647523
ethereum:0xea610b1153477720748dc13ed378003941d84fab:1709108495:17:0x83888a794f8a1b66b5cde602b661459228d65c4923ce70881fafeeeaa33430cf,ethereum:0xea610b1153477720748dc13ed378003941d84fab,ethereum,1504270083,0,0.9556918144226074,0.7151264548301697,0.9984400097853876,0.9706982516539282,1,True,0.0,2.024962,3.982672,7.189257
ethereum:0xea610b1153477720748dc13ed378003941d84fab:1709108495:18:0x6b2e0667ac33434fd92201ea788c79a7245ad4d8b9fc48d4a447d724f96b3b57,ethereum:0xea610b1153477720748dc13ed378003941d84fab,ethereum,1504277661,0,0.960355818271637,0.7153937816619873,0.99885428747399,0.9740751246663119,1,True,0.0,1.832121,3.669021,6.331946
ethereum:0xea610b1153477720748dc13ed378003941d84fab:1709108495:19:0x6cc113504896662cee764e753547001e3dcfd8075e1cc9be30c7aae5ad559127,ethereum:0xea610b1153477720748dc13ed378003941d84fab,ethereum,1504279571,0,0.9547484517097473,0.7150840163230896,0.9983458277204234,0.9700122241519363,1,True,0.0,1.830601,4.020377,6.731748
ethereum:0xea610b1153477720748dc13ed378003941d84fab:1709108495:20:0x7f73aabd241f785d79a93d4a9b9f523886bfa48eaade2ff2b5228bc7f89e6c69,ethereum:0xea610b1153477720748dc13ed378003941d84fab,ethereum,1504279571,0,0.9546170830726624,0.7150671482086182,0.998332423942257,0.9699138084108643,1,True,0.0,2.187272,5.243632,8.290959
ethereum:0xea610b1153477720748dc13ed378003941d84fab:1709108495:21:0x183a2326df7c73694b160b295e53d6d89ad6270e52e91294090e240412a4abb3,ethereum:0xea610b1153477720748dc13ed378003941d84fab,ethereum,1504283126,0,0.9524761438369751,0.7147428393363953,0.9981038269398967,0.9682896052379416,1,True,0.0,1.938269,4.251674,7.064093
ethereum:0xea610b1153477720748dc13ed378003941d84fab:1709108495:22:0x9c7dfdcdfcb53eed00fb63cff1fed885713838d0c97b6ef04b95219c7265fca7,ethereum:0xea610b1153477720748dc13ed378003941d84fab,ethereum,1504308592,0,0.9474344253540039,0.714287519454956,0.9974862404286854,0.964496269473076,1,True,0.0,3.205824,4.197239,8.426254
ethereum:0xea610b1153477720748dc13ed378003941d84fab:1709108495:23:0xae6837e200c9ea6fa7499ce0dd5a409c7c1f1b7f9bbd2f8a653d8885ad377a17,ethereum:0xea610b1153477720748dc13ed378003941d84fab,ethereum,1504336603,0,0.9525812864303589,0.7147055268287659,0.9981155066021413,0.9683557649739142,1,True,0.0,2.086559,4.407235,7.538836
ethereum:0xea610b1153477720748dc13ed378003941d84fab:1709108495:24:0x08a07af64a0db5cfc8eac4d1b67c6eb1367984784df57ab88b67d2bf2ae36502,ethereum:0xea610b1153477720748dc13ed378003941d84fab,ethereum,1504426514,0,0.9566704630851746,0.7151433229446411,0.9985339257340258,0.9714015406650082,1,True,0.0,2.377259,4.645556,18.978844
ethereum:0xea610b1153477720748dc13ed378003941d84fab:1709108495:25:0x7f5fbf0807fbd72ebc476f9d489762b69e79669199178e43d838215867cd32d2,ethereum:0xea610b1153477720748dc13ed378003941d84fab,ethereum,1504480212,0,0.9599841237068176,0.7153605222702026,0.9988242909291124,0.9738052065202223,1,True,0.0,1.882158,3.594777,6.370248
ethereum:0xea610b1153477720748dc13ed378003941d84fab:1709108495:26:0x055973cd9eaef6b6b7a139da9ef01829904884fe677fc5fe3551fd48466c0bd5,ethereum:0xea610b1153477720748dc13ed378003941d84fab,ethereum,1504501111,0,0.9627150297164917,0.7154556512832642,0.9990331039815015,0.9757493821247991,1,True,0.0,1.903649,4.021962,6.76767
ethereum:0xea610b1153477720748dc13ed378003941d84fab:1709108495:27:0x487bb72e91b1a8374390c30a25a3cc8ab6922e4b6b5b0faa6bf50a4bc3e685f3,ethereum:0xea610b1153477720748dc13ed378003941d84fab,ethereum,1504563923,0,0.9649989008903503,0.715648889541626,0.9991878735816773,0.9773847503430404,1,True,0.0,1.883999,3.538286,6.351966
ethereum:0xea610b1153477720748dc13ed378003941d84fab:1709108495:28:0x8d0026e6b40d9384f57a594d4d3510545533a61dad6588dbedf99532972f3e9d,ethereum:0xea610b1153477720748dc13ed378003941d84fab,ethereum,1504598385,0,0.9655800461769104,0.7162743210792542,0.9992244936524096,0.9779056662012817,1,True,0.0,2.067269,4.03339,6.959804
ethereum:0xea610b1153477720748dc13ed378003941d84fab:1709108495:29:0x2b5f7453ba20ff35071c4b06ff2359d620fddb926ef84f169ee240d17a5a24b6,ethereum:0xea610b1153477720748dc13ed378003941d84fab,ethereum,1504606195,0,0.9673860669136047,0.7163048982620239,0.9993314155826333,0.9791583241899434,1,True,0.0,2.300861,4.337553,7.726989
ethereum:0x7b22938ca841aa392c93dbb7f4c42178e3d65e88:1709135003:0:0x64b3040a1187f315a206adaee457c11667d6e3d4d42b652cc61ed866d2e22c28,ethereum:0x7b22938ca841aa392c93dbb7f4c42178e3d65e88,ethereum,1505752812,0,0.9897298812866211,0.7182673215866089,0.9999709562026756,0.9940678617294184,1,True,0.0,2.075261,3.779599,6.837697
ethereum:0x7b22938ca841aa392c93dbb7f4c42178e3d65e88:1709135003:1:0x930c0bdc73288294cb3cd07a8d0f6ff8b1c7e9e5ab8b86c065de1a70c4d0f8a4,ethereum:0x7b22938ca841aa392c93dbb7f4c42178e3d65e88,ethereum,1505822241,0,0.9387516975402832,0.7153142690658569,0.9961351543517701,0.9584394842083281,1,True,0.0,2.028379,3.973701,6.874536
ethereum:0x7b22938ca841aa392c93dbb7f4c42178e3d65e88:1709135003:2:0xc8d2d1c6ff5b14d9049ccc9a08cc4e4c7b2670646603110c21223e10d96c5465,ethereum:0x7b22938ca841aa392c93dbb7f4c42178e3d65e88,ethereum,1505823665,0,0.8908965587615967,0.7122026085853577,0.979679625255989,0.9199038245921632,1,True,0.0,13.024412,5.593732,19.57202
ethereum:0x7b22938ca841aa392c93dbb7f4c42178e3d65e88:1709135003:3:0xb58fce8284ec448f7f88995c8dda77c661c927a73dfafcb0b80cac2f1a36c569,ethereum:0x7b22938ca841aa392c93dbb7f4c42178e3d65e88,ethereum,1505825077,0,0.84833824634552,0.7078811526298523,0.9462654459280131,0.8809615702695158,1,True,0.0,2.483358,4.522071,7.867406
ethereum:0x7b22938ca841aa392c93dbb7f4c42178e3d65e88:1709135003:4:0x16a5ac78dd83b8d84d0f6dbfe00f0439ea1cffcfb5ddc091ca43c43d0a473a75,ethereum:0x7b22938ca841aa392c93dbb7f4c42178e3d65e88,ethereum,1505831838,0,0.8129738569259644,0.7050004601478577,0.899990269216982,0.8466797342197517,1,True,0.0,2.058575,4.709667,7.938509
ethereum:0x7b22938ca841aa392c93dbb7f4c42178e3d65e88:1709135003:5:0xaed15ca7bbe27b8c16f5041cba384d7b294b2964989866df7f428f02025c9a1f,ethereum:0x7b22938ca841aa392c93dbb7f4c42178e3d65e88,ethereum,1505902278,0,0.8055126070976257,0.7038686275482178,0.8877963580624596,0.8385980788516006,1,True,0.0,2.429213,5.647076,20.368461
ethereum:0x7b22938ca841aa392c93dbb7f4c42178e3d65e88:1709135003:6:0x283c26eb08b6544528acfdeb63cdb723f37564ac0f126e4272b90958162af3f0,ethereum:0x7b22938ca841aa392c93dbb7f4c42178e3d65e88,ethereum,1505902976,0,0.7770041227340698,0.7026917934417725,0.8331812059367971,0.8106073846546473,1,True,0.0,2.365659,5.49853,8.86498
ethereum:0x7b22938ca841aa392c93dbb7f4c42178e3d65e88:1709135003:7:0x63bd281b0e5d6563e3171a7434bd6eb338ec0c550b7b38375a4124c67c37220e,ethereum:0x7b22938ca841aa392c93dbb7f4c42178e3d65e88,ethereum,1505903322,0,0.7745641469955444,0.7024723887443542,0.827925901669359,0.8080194440442072,1,True,0.0,2.289252,5.14919,8.508825
ethereum:0x7b22938ca841aa392c93dbb7f4c42178e3d65e88:1709135003:8:0xadf8493c29cfb9566336acf6ec3e1c548e28c9f5d06526ec72aa50e049bb44bc,ethereum:0x7b22938ca841aa392c93dbb7f4c42178e3d65e88,ethereum,1505904231,0,0.7690123915672302,0.7012369632720947,0.8156396261440618,0.8011224853522511,1,True,0.0,2.410082,5.32459,8.718767
ethereum:0x7b22938ca841aa392c93dbb7f4c42178e3d65e88:1709135003:9:0xf6a3310810d688c1694fb270eadcac05a94b3aa2a58c69ab495ff1e01a5900fe,ethereum:0x7b22938ca841aa392c93dbb7f4c42178e3d65e88,ethereum,1505904310,0,0.7618468403816223,0.6983389258384705,0.7991237530019096,0.7903037204221106,1,True,0.0,2.387311,6.299852,9.677658
ethereum:0x7b22938ca841aa392c93dbb7f4c42178e3d65e88:1709135003:10:0xf120a59f19cece37c1bf0322216ba98bde2202ca902e9307ce957fa243538dc8,ethereum:0x7b22938ca841aa392c93dbb7f4c42178e3d65e88,ethereum,1505911924,0,0.7404420375823975,0.6964159607887268,0.745704170565317,0.7665375228525377,1,True,0.0,2.979981,5.133851,9.126903
ethereum:0x7b22938ca841aa392c93dbb7f4c42178e3d65e88:1709135003:11:0x42194ba12d6341703e909c1d1dbae7ea001129bebfe90046ab866af753f84859,ethereum:0x7b22938ca841aa392c93dbb7f4c42178e3d65e88,ethereum,1505912735,0,0.7239004373550415,0.6955684423446655,0.700819909629661,0.7487626725373844,1,True,0.0,14.140913,4.876444,20.078884
ethereum:0x7b22938ca841aa392c93dbb7f4c42178e3d65e88:1709135003:12:0x7446151571c093417c2606b3fe9c85839efe56f30623537e544d3937d3cca051,ethereum:0x7b22938ca841aa392c93dbb7f4c42178e3d65e88,ethereum,1505913256,0,0.710884690284729,0.6947049498558044,0.6637988933410834,0.7342983437070746,1,True,0.0,2.050307,4.173105,7.07372
ethereum:0x7b22938ca841aa392c93dbb7f4c42178e3d65e88:1709135003:13:0xbc35d71bdd4f945ba450dd65c26ff0e516540115dedeebd0172039484472b836,ethereum:0x7b22938ca841aa392c93dbb7f4c42178e3d65e88,ethereum,1505913256,0,0.7004762291908264,0.6937546133995056,0.6334031163183019,0.7221919773490714,1,True,0.0,2.84412,16.536966,20.351598
ethereum:0x7b22938ca841aa392c93dbb7f4c42178e3d65e88:1709135003:14:0xc755a5027251ffa28c9c265553a368a78ec61045d952420c75ce276e8df4880b,ethereum:0x7b22938ca841aa392c93dbb7f4c42178e3d65e88,ethereum,1505913256,0,0.6925082802772522,0.6931721568107605,0.6098049875751426,0.7130901403419202,1,True,0.0,2.013182,4.280416,7.229607
ethereum:0x7b22938ca841aa392c93dbb7f4c42178e3d65e88:1709135003:15:0xca81ad64f9f9ac42af1025da0a634eb664d0a902013a2fe5c04ab1e4d95907fa,ethereum:0x7b22938ca841aa392c93dbb7f4c42178e3d65e88,ethereum,1505913256,0,0.6861355304718018,0.692421555519104,0.5907990641831754,0.7052859515032213,1,True,0.0,1.887559,3.829781,6.554391
ethereum:0x7b22938ca841aa392c93dbb7f4c42178e3d65e88:1709135003:16:0x0b2edbab61d7e7f2840195d939fef8d5b060519ba77bd888a648d274688354df,ethereum:0x7b22938ca841aa392c93dbb7f4c42178e3d65e88,ethereum,1505913271,0,0.6806811690330505,0.6918280124664307,0.574480400308444,0.6986531378648945,1,True,0.0,1.850268,3.820556,6.572585
ethereum:0x7b22938ca841aa392c93dbb7f4c42178e3d65e88:1709135003:17:0x35efefc87142dbeeabe261db8c034956b18b00e9cecb605a4da96a137c895463,ethereum:0x7b22938ca841aa392c93dbb7f4c42178e3d65e88,ethereum,1505913332,0,0.6761783361434937,0.6911717653274536,0.5609963063804363,0.6928646689918714,1,True,0.0,1.909001,3.765255,6.520129
ethereum:0x7b22938ca841aa392c93dbb7f4c42178e3d65e88:1709135003:18:0x9775e8ea545ed8950f6e7ca6df161218ce9c976cb25bb2190c999eb8d93f21c5,ethereum:0x7b22938ca841aa392c93dbb7f4c42178e3d65e88,ethereum,1505913332,0,0.6724454760551453,0.6909244060516357,0.5498229910443773,0.6885661792414359,1,True,0.0,1.969278,3.946072,6.770002
ethereum:0x7b22938ca841aa392c93dbb7f4c42178e3d65e88:1709135003:19:0xc7da7ad64ff0a2836db0e63cdd442ccafd7cca58ecd7cbe8c99229188ab72cba,ethereum:0x7b22938ca841aa392c93dbb7f4c42178e3d65e88,ethereum,1505913332,0,0.6693289279937744,0.6901089549064636,0.5405055619673217,0.6838964212372941,1,True,0.0,1.914344,3.802042,6.590576
ethereum:0x7b22938ca841aa392c93dbb7f4c42178e3d65e88:1709135003:20:0x5ad44fbca2ef830636f4b69594fbc3adff74558e8e0f59f8999f81af47c559d4,ethereum:0x7b22938ca841aa392c93dbb7f4c42178e3d65e88,ethereum,1505913379,0,0.6668258905410767,0.6896836161613464,0.5330337283750692,0.6805385542361498,1,True,0.0,1.989458,3.941326,6.774057
ethereum:0x7b22938ca841aa392c93dbb7f4c42178e3d65e88:1709135003:21:0x6132bd75c7d7284ef74a36a1e41be028e3354625bc588ee5d44bc72e077ce124,ethereum:0x7b22938ca841aa392c93dbb7f4c42178e3d65e88,ethereum,1505913379,0,0.6647374629974365,0.6893581748008728,0.5268095816430379,0.6777828433396408,1,True,0.0,2.077534,15.527498,18.533344
ethereum:0x7b22938ca841aa392c93dbb7f4c42178e3d65e88:1709135003:22:0xa6b7ca5ed430fa11f129e4641aafce428555396ef11699bdce0c0e83c346cf1a,ethereum:0x7b22938ca841aa392c93dbb7f4c42178e3d65e88,ethereum,1505913756,0,0.6630280017852783,0.689264178276062,0.5217228939709053,0.6758308834487863,1,True,0.0,2.093102,4.806728,7.938525
ethereum:0x7b22938ca841aa392c93dbb7f4c42178e3d65e88:1709135003:23:0x4d9032304072d905a1f2eb39fb4b6c4470a4ee2d32defef7ab20c65b8a889eb5,ethereum:0x7b22938ca841aa392c93dbb7f4c42178e3d65e88,ethereum,1505914155,0,0.6616038680076599,0.688926637172699,0.5174914384422175,0.6737396554948528,1,True,0.0,2.21229,4.235878,7.459937
ethereum:0x7b22938ca841aa392c93dbb7f4c42178e3d65e88:1709135003:24:0xce4e8afe8bf2416d40d8c9ca4b4f9da83f6f2cbcb30c86eb49ec979b89fa564a,ethereum:0x7b22938ca841aa392c93dbb7f4c42178e3d65e88,ethereum,1505914155,0,0.6604419946670532,0.6888629198074341,0.5140437844463005,0.6724104898262183,1,True,0.0,1.981468,4.015433,6.923279
ethereum:0x7b22938ca841aa392c93dbb7f4c42178e3d65e88:1709135003:25:0x44a66ecdb936a5245bb2b30dcb7cbb34d4d36e65c946c519ba9e6fa5f706c7a9,ethereum:0x7b22938ca841aa392c93dbb7f4c42178e3d65e88,ethereum,1505914802,0,0.6595630645751953,0.6887016892433167,0.5114386185027346,0.6712015458953025,1,True,0.0,1.89581,3.813868,6.669459
ethereum:0x7b22938ca841aa392c93dbb7f4c42178e3d65e88:1709135003:26:0x5f16bcaabbb1850d9678a4bff05513d279a955e9c95cc70c13b554ef4ed93668,ethereum:0x7b22938ca841aa392c93dbb7f4c42178e3d65e88,ethereum,1505915194,0,0.6588721871376038,0.6886657476425171,0.5093926858681078,0.6704137801120217,1,True,0.0,1.97268,3.86263,6.811235
ethereum:0x7b22938ca841aa392c93dbb7f4c42178e3d65e88:1709135003:27:0x1d6b039eb7a1c0294af33edb4cc77fa48dd05870017a9ad555a59fa647f38ac5,ethereum:0x7b22938ca841aa392c93dbb7f4c42178e3d65e88,ethereum,1505915364,0,0.6584076881408691,0.6886210441589355,0.5080180826158993,0.6698470447984648,1,True,0.0,1.977401,3.889254,6.782543
ethereum:0x7b22938ca841aa392c93dbb7f4c42178e3d65e88:1709135003:28:0x6287557f0e3b436675d978aca0761fbbab228ac2f24ea398d4374451b207594d,ethereum:0x7b22938ca841aa392c93dbb7f4c42178e3d65e88,ethereum,1505915413,0,0.6583275198936462,0.6885351538658142,0.5077809170052622,0.669608525218408,1,True,0.0,1.970076,4.217143,7.139913
ethereum:0x7b22938ca841aa392c93dbb7f4c42178e3d65e88:1709135003:29:0x0a53a6da8be8da8c06618cd5bd00d8a053361319db10e89f1a9e6f8b08fd19cd,ethereum:0x7b22938ca841aa392c93dbb7f4c42178e3d65e88,ethereum,1505916858,0,0.6583474278450012,0.6885172724723816,0.5078398094947381,0.6695971951395941,1,True,0.0,13.456132,4.622207,19.125692
ethereum:0x4daeb4a06f70f4b1a5c329115731fe4b89c0b227:1709104163:0:0x4f586ab50b939c0593fd23c27b0cb4d5b1019d4755f6d5b428f47b2a0fdd03e2,ethereum:0x4daeb4a06f70f4b1a5c329115731fe4b89c0b227,ethereum,1512385638,0,0.9897298812866211,0.7182673215866089,0.9999709562026756,0.9940678617294184,1,True,0.0,1.836053,4.112991,6.68774
ethereum:0x4daeb4a06f70f4b1a5c329115731fe4b89c0b227:1709104163:1:0xf19532746748b0bef29a8f520843230578f51bfe01d0c25b3336289c4f2eba82,ethereum:0x4daeb4a06f70f4b1a5c329115731fe4b89c0b227,ethereum,1512385926,0,0.9652714729309082,0.7149142622947693,0.9992051859747634,0.9774362587030725,1,True,0.0,2.253532,4.286561,7.435591
ethereum:0x4daeb4a06f70f4b1a5c329115731fe4b89c0b227:1709104163:2:0x76345d99d1df810ca5e577a1f43307be017c45faca0b683dcd5eb85da711ce55,ethereum:0x4daeb4a06f70f4b1a5c329115731fe4b89c0b227,ethereum,1512644806,0,0.9016309976577759,0.711010754108429,0.9849796628058082,0.9278387517649915,1,True,0.0,2.007296,4.201764,7.020827
ethereum:0x4daeb4a06f70f4b1a5c329115731fe4b89c0b227:1709104163:3:0xc01779b8f7210e83f169909854218b821c2e0c5b86ded1d8680eaee40673c676,ethereum:0x4daeb4a06f70f4b1a5c329115731fe4b89c0b227,ethereum,1512652195,0,0.8293214440345764,0.7043834924697876,0.9236935484730515,0.860832750765485,1,True,0.0,2.058572,3.662661,6.459725
ethereum:0x4daeb4a06f70f4b1a5c329115731fe4b89c0b227:1709104163:4:0x73a3224a047f7d81753e3cf8463736ccf79b223abbb78a25d71eb0975e7970a8,ethereum:0x4daeb4a06f70f4b1a5c329115731fe4b89c0b227,ethereum,1512652414,0,0.7306594848632812,0.692608118057251,0.7194894826978324,0.7510070935844343,1,True,0.0,1.959967,3.687707,6.40049
ethereum:0x4daeb4a06f70f4b1a5c329115731fe4b89c0b227:1709104163:5:0xcbc115ad45b9d69d374ff84fd7fc2fe63ff5ee2b070d8b6b026cf2f5156b817c,ethereum:0x4daeb4a06f70f4b1a5c329115731fe4b89c0b227,ethereum,1512652471,0,0.6779900789260864,0.6814271211624146,0.5664217750979441,0.6777390885291832,1,True,0.0,1.964597,3.897684,6.569835
ethereum:0x4daeb4a06f70f4b1a5c329115731fe4b89c0b227:1709104163:6:0xebf570f9903130b18152112f4378d05e0f4c9201a4e53ed72676aafd388ff933,ethereum:0x4daeb4a06f70f4b1a5c329115731fe4b89c0b227,ethereum,1512653041,0,0.6447136402130127,0.6796806454658508,0.46791370917963576,0.6390101003227259,1,True,0.0,2.136039,3.841294,6.823108
ethereum:0x4daeb4a06f70f4b1a5c329115731fe4b89c0b227:1709104163:7:0xb1a98fdda020aa475304e2cf47d509da1326963cde677b8acf32f0801d03e995,ethereum:0x4daeb4a06f70f4b1a5c329115731fe4b89c0b227,ethereum,1512728717,0,0.620944082736969,0.675885021686554,0.4010879994155275,0.6062997021011153,1,True,0.0,13.390421,4.394843,18.704555
ethereum:0x4daeb4a06f70f4b1a5c329115731fe4b89c0b227:1709104163:8:0xd6e68614cd48d976e8fde062a954039b78d9a63bac4576ba322378b2b533a3e2,ethereum:0x4daeb4a06f70f4b1a5c329115731fe4b89c0b227,ethereum,1512764129,0,0.6072341799736023,0.6706927418708801,0.36471428075074425,0.5815143142111676,1,True,0.0,1.885412,3.7889,6.555202
ethereum:0x4daeb4a06f70f4b1a5c329115731fe4b89c0b227:1709104163:9:0x6ef5963a1ec0f94c807d8c435c01bf71f4a27f3a964addd136987ce230328b12,ethereum:0x4daeb4a06f70f4b1a5c329115731fe4b89c0b227,ethereum,1512769467,0,0.5998005867004395,0.6687098145484924,0.34577407247376807,0.5696126721477363,1,True,0.0,2.232112,4.226554,7.310711
ethereum:0x4daeb4a06f70f4b1a5c329115731fe4b89c0b227:1709104163:10:0x4b38d583d94010ac19c10724618b6b5683f44f6f2d3ed2c792bd675236c9e81a,ethereum:0x4daeb4a06f70f4b1a5c329115731fe4b89c0b227,ethereum,1512981891,0,0.597811222076416,0.6680695414543152,0.34080416531164887,0.5662121303666917,1,True,0.0,1.747491,3.766294,6.290761
ethereum:0x4daeb4a06f70f4b1a5c329115731fe4b89c0b227:1709104163:11:0xa848dceb7617b09ea409f2a09ea63552cff6eaa1f3e5da94dfc5f6cd9af56f75,ethereum:0x4daeb4a06f70f4b1a5c329115731fe4b89c0b227,ethereum,1513107873,0,0.5989696383476257,0.6682421565055847,0.34369300172597766,0.5678058106455769,1,True,0.0,1.878012,4.375187,7.025739
ethereum:0x4daeb4a06f70f4b1a5c329115731fe4b89c0b227:1709104163:12:0x780ab5710e30aaf3fd719b2f2d6a205f77a9d8d5a168ef369fc8731ed912d6fc,ethereum:0x4daeb4a06f70f4b1a5c329115731fe4b89c0b227,ethereum,1513372468,0,0.6065258383750916,0.6684457063674927,0.36288485172366425,0.5764244869860188,1,True,0.0,2.569507,3.953789,7.391528
ethereum:0x4daeb4a06f70f4b1a5c329115731fe4b89c0b227:1709104163:13:0xc6c8236cac8fd945ca0960f26ce5257eac32c0ba05401578b869b4b2abfcf666,ethereum:0x4daeb4a06f70f4b1a5c329115731fe4b89c0b227,ethereum,1513634222,0,0.6088752150535583,0.6673142910003662,0.3689720638316799,0.5768140179153181,1,True,0.0,2.082054,3.70002,6.60013
ethereum:0x4daeb4a06f70f4b1a5c329115731fe4b89c0b227:1709104163:14:0xd78bbdd201016c539e5830fcaadad3c95eed55665664626db5b0aac615a9ba2c,ethereum:0x4daeb4a06f70f4b1a5c329115731fe4b89c0b227,ethereum,1513969838,0,0.611478328704834,0.6674139499664307,0.37578114575117866,0.5798470080866359,1,True,0.0,1.892676,3.909923,6.656704
ethereum:0x4daeb4a06f70f4b1a5c329115731fe4b89c0b227:1709104163:15:0x4890e6772d0c9e16ade8e76c4ca69f08aa5125126a59e73f698ec49e9c224bfe,ethereum:0x4daeb4a06f70f4b1a5c329115731fe4b89c0b227,ethereum,1515533685,0,0.6133379340171814,0.6674011945724487,0.380686086670107,0.581853758967341,1,True,0.0,14.00553,4.813401,19.707165
ethereum:0x4daeb4a06f70f4b1a5c329115731fe4b89c0b227:1709104163:16:0xca2e2d444862c40d5c2c209adac9e8a236e00b0b08e73b2407ca89c0b6e13088,ethereum:0x4daeb4a06f70f4b1a5c329115731fe4b89c0b227,ethereum,1515560920,0,0.6151328086853027,0.6668787598609924,0.3854518453581275,0.5828174140371042,1,True,0.0,2.063487,3.734203,6.616123
ethereum:0x4daeb4a06f70f4b1a5c329115731fe4b89c0b227:1709104163:17:0xda048b2e0bb63e4610b1aeff91037d23cb983fc3b1ef90db584b2c1716bc8884,ethereum:0x4daeb4a06f70f4b1a5c329115731fe4b89c0b227,ethereum,1515657985,0,0.6169835925102234,0.6668601632118225,0.3903979384901532,0.5848065162619879,1,True,0.0,1.720313,3.685135,6.178655
ethereum:0x4daeb4a06f70f4b1a5c329115731fe4b89c0b227:1709104163:18:0x862fe48d7ff686218485bd1202e69c5ec44631f1d4c04930a62b790965472884,ethereum:0x4daeb4a06f70f4b1a5c329115731fe4b89c0b227,ethereum,1515676093,0,0.6187300086021423,0.6668440699577332,0.3950942595371867,0.586687088894283,1,True,0.0,1.920651,3.77841,6.50795
ethereum:0x4daeb4a06f70f4b1a5c329115731fe4b89c0b227:1709104163:19:0x3400d86244b801e7111ec3e5f38d788e8b40cbe77e078ce807141d457896203a,ethereum:0x4daeb4a06f70f4b1a5c329115731fe4b89c0b227,ethereum,1515683971,0,0.6204841136932373,0.6668309569358826,0.3998391964954207,0.5885825800011554,1,True,0.0,1.828511,3.628091,6.265853
ethereum:0x4daeb4a06f70f4b1a5c329115731fe4b89c0b227:1709104163:20:0xc33da8da6b5c93503937ff772351b5b5e7cba5ffbe34a43d39ee229a4ed61eeb,ethereum:0x4daeb4a06f70f4b1a5c329115731fe4b89c0b227,ethereum,1515740051,0,0.6221861839294434,0.6668304204940796,0.4044696175340342,0.5904457678334675,1,True,0.0,1.89312,3.644629,6.281814
ethereum:0x4daeb4a06f70f4b1a5c329115731fe4b89c0b227:1709104163:21:0xe0f0c2ef8e9bc1b767c89dce6d1dc727fac5353a9edaf74fc3c8fe790a77dd45,ethereum:0x4daeb4a06f70f4b1a5c329115731fe4b89c0b227,ethereum,1515741013,0,0.6241142153739929,0.6668359041213989,0.40974530821931493,0.5925687016072616,1,True,0.0,2.948097,4.466031,8.320962
ethereum:0x4daeb4a06f70f4b1a5c329115731fe4b89c0b227:1709104163:22:0x89419e5d536c8473a657b5f801b7fd2b73fe2bd58280a81e2572b3532b4bbca4,ethereum:0x4daeb4a06f70f4b1a5c329115731fe4b89c0b227,ethereum,1515755364,0,0.6292318105697632,0.6671298742294312,0.4239001398270003,0.5987351252350297,1,True,0.0,2.140445,3.902278,6.967387
ethereum:0x4daeb4a06f70f4b1a5c329115731fe4b89c0b227:1709104163:23:0x735e618471d035dee42ef275f7aef075409781bdf7ce20c70d4de636bbda3781,ethereum:0x4daeb4a06f70f4b1a5c329115731fe4b89c0b227,ethereum,1515774529,0,0.6310212016105652,0.6669374704360962,0.428899246648586,0.6003352124183201,1,True,0.0,13.361533,4.610719,18.962314
ethereum:0x4daeb4a06f70f4b1a5c329115731fe4b89c0b227:1709104163:24:0xd55e227ce0325fdf1f286106cd738ca753ad37549aa5574c268fb53702ec00ef,ethereum:0x4daeb4a06f70f4b1a5c329115731fe4b89c0b227,ethereum,1515780439,0,0.6327412128448486,0.6669723987579346,0.43372778811043217,0.6022887360248816,1,True,0.0,1.964314,3.768118,6.663509
ethereum:0x4daeb4a06f70f4b1a5c329115731fe4b89c0b227:1709104163:25:0x5771ed9f2914212e704508d8be3601165e96d4cb13b2b18f3235fc7e6afb752d,ethereum:0x4daeb4a06f70f4b1a5c329115731fe4b89c0b227,ethereum,1515830839,0,0.6371347308158875,0.6660089492797852,0.4461605754064211,0.6053084731002293,1,True,0.0,1.822625,4.756996,7.449145
ethereum:0x4daeb4a06f70f4b1a5c329115731fe4b89c0b227:1709104163:26:0x204b1a03f4518f4b513c80c3a5d457fc885798369113c16fd88af2b03c2841d1,ethereum:0x4daeb4a06f70f4b1a5c329115731fe4b89c0b227,ethereum,1515831455,0,0.6386289000511169,0.6660254597663879,0.45041971726540697,0.6069838607529469,1,True,0.0,1.872267,3.758583,6.483999
ethereum:0x4daeb4a06f70f4b1a5c329115731fe4b89c0b227:1709104163:27:0x8919cf1a4cffed93b002dc8a19c84d0d3d9c9179d39fa0b2d7a61afc94544785,ethereum:0x4daeb4a06f70f4b1a5c329115731fe4b89c0b227,ethereum,1515838606,0,0.6410709619522095,0.6662273406982422,0.4574128075597077,0.6100494655171596,1,True,0.0,2.119375,4.216237,7.236712
ethereum:0x4daeb4a06f70f4b1a5c329115731fe4b89c0b227:1709104163:28:0x6fb72dd1dedcc20d7cff8566a5dfeac11798713aa3bf30d87da0648189afbc14,ethereum:0x4daeb4a06f70f4b1a5c329115731fe4b89c0b227,ethereum,1515840540,0,0.6424046158790588,0.6662281155586243,0.46124798173075104,0.6115193902799115,1,True,0.0,1.965535,3.658185,6.499973
ethereum:0x4daeb4a06f70f4b1a5c329115731fe4b89c0b227:1709104163:29:0x7070507bef0212c49002a59737914252155df538dee2d6a266d2eef5f4c495c9,ethereum:0x4daeb4a06f70f4b1a5c329115731fe4b89c0b227,ethereum,1515841884,0,0.6435529589653015,0.6662297248840332,0.46455904649333546,0.6127871433149339,1,True,0.0,1.99245,4.166536,7.115616
ethereum:0x6c37bf4f042712c978a73e3fd56d1f5738dd7c43:1709102579:0:0x9653093844123e8aa199d4e5abaaa1f39d5c2a1cb5f74d25fbaae6e8cd4d8c44,ethereum:0x6c37bf4f042712c978a73e3fd56d1f5738dd7c43,ethereum,1517173396,0,0.9897298812866211,0.7182673215866089,0.9999709562026756,0.9940678617294184,1,True,0.0,2.326218,15.89914,19.124692
ethereum:0x6c37bf4f042712c978a73e3fd56d1f5738dd7c43:1709102579:1:0x9653093844123e8aa199d4e5abaaa1f39d5c2a1cb5f74d25fbaae6e8cd4d8c44,ethereum:0x6c37bf4f042712c978a73e3fd56d1f5738dd7c43,ethereum,1517173396,0,0.9897298812866211,0.7182673215866089,0.9999709562026756,0.9940678617294184,1,True,0.0,2.238871,4.013953,7.132368
ethereum:0x6c37bf4f042712c978a73e3fd56d1f5738dd7c43:1709102579:2:0x9653093844123e8aa199d4e5abaaa1f39d5c2a1cb5f74d25fbaae6e8cd4d8c44,ethereum:0x6c37bf4f042712c978a73e3fd56d1f5738dd7c43,ethereum,1517173396,0,0.9897298812866211,0.7182673215866089,0.9999709562026756,0.9940678617294184,1,True,0.0,1.798159,3.649829,6.15976
ethereum:0x6c37bf4f042712c978a73e3fd56d1f5738dd7c43:1709102579:3:0x9653093844123e8aa199d4e5abaaa1f39d5c2a1cb5f74d25fbaae6e8cd4d8c44,ethereum:0x6c37bf4f042712c978a73e3fd56d1f5738dd7c43,ethereum,1517173396,0,0.9897298812866211,0.7182673215866089,0.9999709562026756,0.9940678617294184,1,True,0.0,1.896716,3.899313,6.440877
ethereum:0x6c37bf4f042712c978a73e3fd56d1f5738dd7c43:1709102579:4:0x9653093844123e8aa199d4e5abaaa1f39d5c2a1cb5f74d25fbaae6e8cd4d8c44,ethereum:0x6c37bf4f042712c978a73e3fd56d1f5738dd7c43,ethereum,1517173396,0,0.9897298812866211,0.7182673215866089,0.9999709562026756,0.9940678617294184,1,True,0.0,1.985616,3.511264,6.183
ethereum:0x6c37bf4f042712c978a73e3fd56d1f5738dd7c43:1709102579:5:0x9653093844123e8aa199d4e5abaaa1f39d5c2a1cb5f74d25fbaae6e8cd4d8c44,ethereum:0x6c37bf4f042712c978a73e3fd56d1f5738dd7c43,ethereum,1517173396,0,0.9897298812866211,0.7182673215866089,0.9999709562026756,0.9940678617294184,1,True,0.0,1.914069,3.501854,6.158127
ethereum:0x6c37bf4f042712c978a73e3fd56d1f5738dd7c43:1709102579:6:0x7b27a177ea64c68d0a156151fef2f83dd68da1ef96a8807a99419df71ebb01a3,ethereum:0x6c37bf4f042712c978a73e3fd56d1f5738dd7c43,ethereum,1517791857,0,0.9387516975402832,0.7153142690658569,0.9961351543517701,0.9584394842083281,1,True,0.0,2.029019,3.748108,6.478294
ethereum:0x6c37bf4f042712c978a73e3fd56d1f5738dd7c43:1709102579:7:0x2b07201b4b07da61acbb7c4e54b27f479919948ad438cdf4f604a3e70e29cfce,ethereum:0x6c37bf4f042712c978a73e3fd56d1f5738dd7c43,ethereum,1517792376,0,0.8721689581871033,0.7107041478157043,0.9676203802283452,0.9035224161329718,1,True,0.0,1.951603,3.907607,6.562447
ethereum:0x6c37bf4f042712c978a73e3fd56d1f5738dd7c43:1709102579:8:0x4ad1352fbbda82e22ca55590d383b70840316e8641e2114307809d8279fbd26c,ethereum:0x6c37bf4f042712c978a73e3fd56d1f5738dd7c43,ethereum,1517798418,0,0.8219046592712402,0.7056882381439209,0.913446624633515,0.8554875363790734,1,True,0.0,1.950274,3.754393,6.494178
ethereum:0x6c37bf4f042712c978a73e3fd56d1f5738dd7c43:1709102579:9:0xd5c9eb1deefb53965cc124c8343c79faf106ed779364225c0babe94742a24fdc,ethereum:0x6c37bf4f042712c978a73e3fd56d1f5738dd7c43,ethereum,1517799842,0,0.7866048216819763,0.7047984600067139,0.8529833453208039,0.8222301285140773,1,True,0.0,2.002674,15.165221,17.993002
ethereum:0x6c37bf4f042712c978a73e3fd56d1f5738dd7c43:1709102579:10:0x4b1be228826240c4659b8c46242465a7e44193d87b344ba1735593a64c891f8f,ethereum:0x6c37bf4f042712c978a73e3fd56d1f5738dd7c43,ethereum,1517802972,0,0.7633099555969238,0.7039620280265808,0.8025550651323352,0.7993410863933821,1,True,0.0,2.084009,4.519958,7.6153
ethereum:0x6c37bf4f042712c978a73e3fd56d1f5738dd7c43:1709102579:11:0x5533905613e55c39bab6fee02eaa910388151a4179f48830751020941aaf43b8,ethereum:0x6c37bf4f042712c978a73e3fd56d1f5738dd7c43,ethereum,1517808207,0,0.7467263340950012,0.7033706903457642,0.7619826145624532,0.7827440258421057,1,True,0.0,1.947574,3.699273,6.474123
ethereum:0x6c37bf4f042712c978a73e3fd56d1f5738dd7c43:1709102579:12:0xafd958c83cbcce9ad32b3ded535a7fc882c44886a4eefb75c3b33edfb29c9dea,ethereum:0x6c37bf4f042712c978a73e3fd56d1f5738dd7c43,ethereum,1517808838,0,0.7342506647109985,0.7028761506080627,0.7292297800086327,0.7700248546437222,1,True,0.0,1.823813,4.034872,6.587305
ethereum:0x6c37bf4f042712c978a73e3fd56d1f5738dd7c43:1709102579:13:0x56fdd030d0119527727bc43bd6b6007b3f3455665e617832f9a4178065512034,ethereum:0x6c37bf4f042712c978a73e3fd56d1f5738dd7c43,ethereum,1517838994,0,0.7248222231864929,0.7024243474006653,0.7033905612383066,0.7602025071472693,1,True,0.0,1.862645,3.783623,6.425182
ethereum:0x6c37bf4f042712c978a73e3fd56d1f5738dd7c43:1709102579:14:0xb70b2b386058e994deb1f9c1265549bdf22547e74f8ec1570024bb3121557c67,ethereum:0x6c37bf4f042712c978a73e3fd56d1f5738dd7c43,ethereum,1517839216,0,0.717624843120575,0.70204758644104,0.6831296224793213,0.7525995375109806,1,True,0.0,1.806827,4.738173,7.293469
ethereum:0x6c37bf4f042712c978a73e3fd56d1f5738dd7c43:1709102579:15:0xbc71c704b682c77efc5ae22760727b4397fecb24821de0b2649b3e8db0bcd6f8,ethereum:0x6c37bf4f042712c978a73e3fd56d1f5738dd7c43,ethereum,1517839398,0,0.7120823860168457,0.7017261385917664,0.6672565363032332,0.7466622122750635,1,True,0.0,1.832048,3.570238,6.159794
ethereum:0x6c37bf4f042712c978a73e3fd56d1f5738dd7c43:1709102579:16:0xd1e509ffa87e6257d1db66251fecffed4d93e535d45f22f0787da31af8fde9cb,ethereum:0x6c37bf4f042712c978a73e3fd56d1f5738dd7c43,ethereum,1517840113,0,0.7077534794807434,0.7012434601783752,0.6547172527558852,0.7416347639430508,1,True,0.0,1.998866,3.92278,6.668033
ethereum:0x6c37bf4f042712c978a73e3fd56d1f5738dd7c43:1709102579:17:0x28c28a0a83cc6fa06ae90f03cdde8de754d15fb2da0faed719b593e2cf59ddf4,ethereum:0x6c37bf4f042712c978a73e3fd56d1f5738dd7c43,ethereum,1517879994,0,0.7054238319396973,0.7010291814804077,0.6479235816763054,0.7389913210882761,1,True,0.0,2.193271,15.264785,18.312751
ethereum:0x6c37bf4f042712c978a73e3fd56d1f5738dd7c43:1709102579:18:0x713b4290c1bd3dd66fc39d8cefe600ee14c7f4aeea05b46521ab04a1deacb05f,ethereum:0x6c37bf4f042712c978a73e3fd56d1f5738dd7c43,ethereum,1517879994,0,0.7037328481674194,0.7007912397384644,0.6429742181642942,0.7369355141967461,1,True,0.0,2.197373,3.704097,6.783772
ethereum:0x6c37bf4f042712c978a73e3fd56d1f5738dd7c43:1709102579:19:0x5bec5bd440ba1e1c935c18f8fd34e19c358d8cc160853b862b6ed7acf10c7282,ethereum:0x6c37bf4f042712c978a73e3fd56d1f5738dd7c43,ethereum,1517879995,0,0.7024972438812256,0.7005023956298828,0.6393486651644131,0.7352442953235513,1,True,0.0,2.128171,3.627171,6.840929
ethereum:0x6c37bf4f042712c978a73e3fd56d1f5738dd7c43:1709102579:20:0x7c73ada2da04696b01433b95239a0829b0b96475d3bfad0a931c95b4a1963abd,ethereum:0x6c37bf4f042712c978a73e3fd56d1f5738dd7c43,ethereum,1517879995,0,0.7017366886138916,0.7001391649246216,0.6371133994955313,0.7339005566371309,1,True,0.0,2.016651,3.629208,6.841125
ethereum:0x6c37bf4f042712c978a73e3fd56d1f5738dd7c43:1709102579:21:0xbd5a7d76cd3bab4569dd382fda4c19c839a309f967958ce2f91095e9291b10b8,ethereum:0x6c37bf4f042712c978a73e3fd56d1f5738dd7c43,ethereum,1517880025,0,0.7012941837310791,0.7000594735145569,0.6358116544491407,0.7333313671430219,1,True,0.0,1.937329,3.920725,6.626933
ethereum:0x6c37bf4f042712c978a73e3fd56d1f5738dd7c43:1709102579:22:0x11c10a20f0d9fe4d0a91158ed356d8a610c785469814efe31b7226b8cb0dd919,ethereum:0x6c37bf4f042712c978a73e3fd56d1f5738dd7c43,ethereum,1517880592,0,0.7010584473609924,0.6998636722564697,0.6351178125836779,0.7327786317915417,1,True,0.0,1.795551,4.639999,7.394373
ethereum:0x6c37bf4f042712c978a73e3fd56d1f5738dd7c43:1709102579:23:0x56cf8a618c424a847f0da166272e97a035c27f55dc983a97a0fe6257f1e7ab62,ethereum:0x6c37bf4f042712c978a73e3fd56d1f5738dd7c43,ethereum,1517880766,0,0.7010019421577454,0.6998270153999329,0.634951464160397,0.7326627841344925,1,True,0.0,1.979911,3.726709,6.577348
ethereum:0x6c37bf4f042712c978a73e3fd56d1f5738dd7c43:1709102579:24:0x61e73298c430e974b2cd24043f8a873bc2352136a2de2b6b0eb8804d8c51e060,ethereum:0x6c37bf4f042712c978a73e3fd56d1f5738dd7c43,ethereum,1517881242,0,0.7010869383811951,0.6997268199920654,0.6352016832928055,0.7325843978687226,1,True,0.0,1.856357,4.239742,6.915666
ethereum:0x6c37bf4f042712c978a73e3fd56d1f5738dd7c43:1709102579:25:0xc20006cd4b5a5edcfbe0cf01a4cc1f972d9576d3ce6889e857689f5aee7f1d4d,ethereum:0x6c37bf4f042712c978a73e3fd56d1f5738dd7c43,ethereum,1517881491,0,0.7012845873832703,0.699631929397583,0.6357834144276998,0.7326268486185895,1,True,0.0,2.008519,15.438038,18.402123
ethereum:0x6c37bf4f042712c978a73e3fd56d1f5738dd7c43:1709102579:26:0x7bb12d90113ebf045775f355db48c01c4ffca023d50681bfa6f963ed48f53bc3,ethereum:0x6c37bf4f042712c978a73e3fd56d1f5738dd7c43,ethereum,1517881748,0,0.7015514373779297,0.6995339393615723,0.6365685424033837,0.7327332852149562,1,True,0.0,2.086695,3.595987,6.619884
ethereum:0x6c37bf4f042712c978a73e3fd56d1f5738dd7c43:1709102579:27:0x42ba8dad917055b18811c6ec87760c99d2dd9a992d83f1744fba8add58ed9ec2,ethereum:0x6c37bf4f042712c978a73e3fd56d1f5738dd7c43,ethereum,1517881897,0,0.7018803954124451,0.6994999647140503,0.6375359585551456,0.733005725361711,1,True,0.0,1.919381,5.100001,8.039677
ethereum:0x6c37bf4f042712c978a73e3fd56d1f5738dd7c43:1709102579:28:0xf48c9bae6f5aa13768e48f0d84e54c782bbc0e74a7f75b8fe9316d9dd8a17e33,ethereum:0x6c37bf4f042712c978a73e3fd56d1f5738dd7c43,ethereum,1517881969,0,0.702264130115509,0.6994692087173462,0.638663832922817,0.7333379803281449,1,True,0.0,2.220851,3.838567,7.201487
ethereum:0x6c37bf4f042712c978a73e3fd56d1f5738dd7c43:1709102579:29:0xdca213444385689a018726a17a9c7c29390aa1adc68f98a783d7e73dd19a2927,ethereum:0x6c37bf4f042712c978a73e3fd56d1f5738dd7c43,ethereum,1517881980,0,0.7027006149291992,0.699437141418457,0.63994591034376,0.733720665767169,1,True,0.0,2.099726,3.81105,6.81306
ethereum:0x509a38b7a1cc0dcd83aa9d06214663d9ec7c7f4a:1709250143:0:0xdcd51859657f01cba8aa5107074cf1a1b9675c7dd326d3d84f8a1d45155360b6,ethereum:0x509a38b7a1cc0dcd83aa9d06214663d9ec7c7f4a,ethereum,1518102013,0,0.9897298812866211,0.7182673215866089,0.9999709562026756,0.9940678617294184,1,True,0.0,1.810881,3.529782,5.999763
ethereum:0x509a38b7a1cc0dcd83aa9d06214663d9ec7c7f4a:1709250143:1:0x2139eb294d820299db57af22b4b501364c141be200c6f3ce693be889f9e52694,ethereum:0x509a38b7a1cc0dcd83aa9d06214663d9ec7c7f4a,ethereum,1518102030,0,0.9652714729309082,0.7149142622947693,0.9992051859747634,0.9774362587030725,1,True,0.0,1.839996,3.841063,6.322287
ethereum:0x509a38b7a1cc0dcd83aa9d06214663d9ec7c7f4a:1709250143:2:0x052464a69f7a6bd0c568def214efab734381e038db0927915f741482acf43407,ethereum:0x509a38b7a1cc0dcd83aa9d06214663d9ec7c7f4a,ethereum,1518102080,0,0.9016309976577759,0.711010754108429,0.9849796628058082,0.9278387517649915,1,True,0.0,1.959686,4.047238,6.698985
ethereum:0x509a38b7a1cc0dcd83aa9d06214663d9ec7c7f4a:1709250143:3:0x0bf43ecae1f572be3375727fea11dd36a147e699191812e63235834849f051f7,ethereum:0x509a38b7a1cc0dcd83aa9d06214663d9ec7c7f4a,ethereum,1518102080,0,0.8293214440345764,0.7043834924697876,0.9236935484730515,0.860832750765485,1,True,0.0,1.832206,15.220746,17.786748
ethereum:0x509a38b7a1cc0dcd83aa9d06214663d9ec7c7f4a:1709250143:4:0x0c3eccd486d43caa3f77f0cddcf226f969c9cdd12995771ae16d09e58ab0a134,ethereum:0x509a38b7a1cc0dcd83aa9d06214663d9ec7c7f4a,ethereum,1518102080,0,0.7617093920707703,0.697593092918396,0.7987998768179615,0.7891448141130993,1,True,0.0,1.900764,4.098803,6.762098
ethereum:0x509a38b7a1cc0dcd83aa9d06214663d9ec7c7f4a:1709250143:5:0x11a4ee5824e51b8716839d31ce131ee7f46004ba0705bc8e412c88583d438862,ethereum:0x509a38b7a1cc0dcd83aa9d06214663d9ec7c7f4a,ethereum,1518102080,0,0.6945951581001282,0.6879898309707642,0.6160066873781407,0.7065286021623134,1,True,0.0,2.002177,3.506527,6.243071
ethereum:0x509a38b7a1cc0dcd83aa9d06214663d9ec7c7f4a:1709250143:6:0x1bd3a8d2af0098c6ee617e753a37aa744c6f469863a6a4d36909265bfedafa8b,ethereum:0x509a38b7a1cc0dcd83aa9d06214663d9ec7c7f4a,ethereum,1518102080,0,0.6525152325630188,0.6852478981018066,0.49065366899207635,0.6575383017790528,1,True,0.0,1.869187,3.451763,5.994667
ethereum:0x509a38b7a1cc0dcd83aa9d06214663d9ec7c7f4a:1709250143:7:0x25899b00ee227b99ad882cba56a0cd2057d7b722712c87df536be45749e47734,ethereum:0x509a38b7a1cc0dcd83aa9d06214663d9ec7c7f4a,ethereum,1518102080,0,0.6267980933189392,0.6805449724197388,0.4171418164656135,0.6214254502757101,1,True,0.0,2.310088,3.55764,6.56465
ethereum:0x509a38b7a1cc0dcd83aa9d06214663d9ec7c7f4a:1709250143:8:0x2e853055c46d816f2605a6c1b1fce54b64a33e2736948557c7741e9eefac5cd0,ethereum:0x509a38b7a1cc0dcd83aa9d06214663d9ec7c7f4a,ethereum,1518102080,0,0.6133540868759155,0.67745441198349,0.38072883841380917,0.601109434698629,1,True,0.0,2.062443,3.639058,6.391709
ethereum:0x509a38b7a1cc0dcd83aa9d06214663d9ec7c7f4a:1709250143:9:0x39d092cb62944d1578497b4ac2e1829667f37c986660fd52f8369e676772a2f9,ethereum:0x509a38b7a1cc0dcd83aa9d06214663d9ec7c7f4a,ethereum,1518102080,0,0.6065877676010132,0.6742289066314697,0.36304459230861824,0.587615530185954,1,True,0.0,1.866543,3.961451,6.647705
ethereum:0x509a38b7a1cc0dcd83aa9d06214663d9ec7c7f4a:1709250143:10:0x3b174a408578c67899409d7515aabd77e60527a381c0148e82fe27bce8f99a4d,ethereum:0x509a38b7a1cc0dcd83aa9d06214663d9ec7c7f4a,ethereum,1518102080,0,0.6049234867095947,0.6735318899154663,0.35876537954038124,0.5844728617285481,1,True,0.0,2.162814,3.833601,6.809686
ethereum:0x509a38b7a1cc0dcd83aa9d06214663d9ec7c7f4a:1709250143:11:0x454a574b8326f8901ebb4b03683a018248b3d2082270d3b24d88f42983df23ce,ethereum:0x509a38b7a1cc0dcd83aa9d06214663d9ec7c7f4a,ethereum,1518102080,0,0.6049562096595764,0.6724861860275269,0.35884924287275277,0.5824936069408064,1,True,0.0,1.906228,3.841155,6.529133
ethereum:0x509a38b7a1cc0dcd83aa9d06214663d9ec7c7f4a:1709250143:12:0x4713fbfff410ecf245e5de2b68c3f6db19548a7ebca8c6203fb350c52432ca84,ethereum:0x509a38b7a1cc0dcd83aa9d06214663d9ec7c7f4a,ethereum,1518102080,0,0.6071265935897827,0.6720299124717712,0.3644360898526982,0.5839684353100936,1,True,0.0,1.893658,14.619785,17.402162
ethereum:0x509a38b7a1cc0dcd83aa9d06214663d9ec7c7f4a:1709250143:13:0x47aa646a455188c7751bf67ff6b2d3d2b92c286e730e139db8e565a8d427a865,ethereum:0x509a38b7a1cc0dcd83aa9d06214663d9ec7c7f4a,ethereum,1518102080,0,0.6100481748580933,0.6723485589027405,0.3720319242000239,0.5877494259354821,1,True,0.0,2.093755,3.991383,6.960439
ethereum:0x509a38b7a1cc0dcd83aa9d06214663d9ec7c7f4a:1709250143:14:0x63374ba7489201d74e2f7a38af2b89733ea969f47f0445363db2678375319298,ethereum:0x509a38b7a1cc0dcd83aa9d06214663d9ec7c7f4a,ethereum,1518102080,0,0.6130157709121704,0.6726332306861877,0.3798339428535873,0.5915138027318334,1,True,0.0,1.853086,4.080993,6.796919
ethereum:0x509a38b7a1cc0dcd83aa9d06214663d9ec7c7f4a:1709250143:15:0x842967d45564b16af5ed720fa6737f36dd6af0c8e7fc916b2b181c2d1dece871,ethereum:0x509a38b7a1cc0dcd83aa9d06214663d9ec7c7f4a,ethereum,1518102080,0,0.6154652237892151,0.6728960871696472,0.38633783381808645,0.5946731636708893,1,True,0.0,1.802936,4.125097,6.824826
ethereum:0x509a38b7a1cc0dcd83aa9d06214663d9ec7c7f4a:1709250143:16:0x89fa41eece1c53f01544a8027eab8fef7fcf174065869c75f3d7ab4acce3d4db,ethereum:0x509a38b7a1cc0dcd83aa9d06214663d9ec7c7f4a,ethereum,1518102080,0,0.6178121566772461,0.6731140613555908,0.3926225517015731,0.5976344937198322,1,True,0.0,1.87677,4.676033,7.438193
ethereum:0x509a38b7a1cc0dcd83aa9d06214663d9ec7c7f4a:1709250143:17:0x89fa8b0d5163dabea2c09203f1abd8cc40bc74132fed8c1408d0f88132a6a530,ethereum:0x509a38b7a1cc0dcd83aa9d06214663d9ec7c7f4a,ethereum,1518102080,0,0.6201075911521912,0.6733344197273254,0.3988183527285164,0.6005434994152148,1,True,0.0,2.387848,3.854481,7.158542
ethereum:0x509a38b7a1cc0dcd83aa9d06214663d9ec7c7f4a:1709250143:18:0x9006b3cdd33dfa2dcd513a91c3fa7b99292e46817533edeb7f9395f63d782423,ethereum:0x509a38b7a1cc0dcd83aa9d06214663d9ec7c7f4a,ethereum,1518102080,0,0.6222241520881653,0.6738812923431396,0.40457319918126755,0.6038774809080615,1,True,0.0,1.93901,4.600886,7.470688
ethereum:0x509a38b7a1cc0dcd83aa9d06214663d9ec7c7f4a:1709250143:19:0xa02717f5def534fe31ae709ab1a0687662a020870ce4f514675f9f45ff4d45d6,ethereum:0x509a38b7a1cc0dcd83aa9d06214663d9ec7c7f4a,ethereum,1518102080,0,0.6243028044700623,0.6745114922523499,0.4102630609244706,0.6073246269906684,1,True,0.0,1.968243,3.927141,6.793507
ethereum:0x509a38b7a1cc0dcd83aa9d06214663d9ec7c7f4a:1709250143:20:0xa043ac3582880391d2f4461f52174400f74fe808df2e74f93b516366ca3fb67c,ethereum:0x509a38b7a1cc0dcd83aa9d06214663d9ec7c7f4a,ethereum,1518102080,0,0.6262243986129761,0.6751335263252258,0.4155557184526692,0.6105819074247294,1,True,0.0,2.281612,4.510051,18.895223
ethereum:0x509a38b7a1cc0dcd83aa9d06214663d9ec7c7f4a:1709250143:21:0xa577eef6680df6e87ce5ca0b6f69244b1c22c706ea438c60036fcd31b7f06e31,ethereum:0x509a38b7a1cc0dcd83aa9d06214663d9ec7c7f4a,ethereum,1518102080,0,0.6283156275749207,0.675208330154419,0.42135033636863006,0.6129854251521344,1,True,0.0,1.987288,4.276392,7.125422
ethereum:0x509a38b7a1cc0dcd83aa9d06214663d9ec7c7f4a:1709250143:22:0xa65df7a1135cda4c401e484fa59951a66e6e91dd3aba0510ca8dde715a5e9bba,ethereum:0x509a38b7a1cc0dcd83aa9d06214663d9ec7c7f4a,ethereum,1518102080,0,0.6307579278945923,0.6754980683326721,0.4281621611777027,0.6161730217012183,1,True,0.0,2.093714,3.698607,6.681479
ethereum:0x509a38b7a1cc0dcd83aa9d06214663d9ec7c7f4a:1709250143:23:0xad2ddc0ad09ad23035ab53490fc4ab800fff40753bd4b6be7d4252e1cf7c7cfb,ethereum:0x509a38b7a1cc0dcd83aa9d06214663d9ec7c7f4a,ethereum,1518102080,0,0.6329553723335266,0.6755897402763367,0.43433055628984457,0.6187215478785953,1,True,0.0,1.835866,3.740009,6.402603
ethereum:0x509a38b7a1cc0dcd83aa9d06214663d9ec7c7f4a:1709250143:24:0xb02fa13a94a8c9774c3fed78e94452618253702156766fd00fcab793bb0c5daa,ethereum:0x509a38b7a1cc0dcd83aa9d06214663d9ec7c7f4a,ethereum,1518102080,0,0.6350357532501221,0.6751134991645813,0.44020355790326443,0.6200788945201335,1,True,0.0,2.20236,3.578474,6.607493
ethereum:0x509a38b7a1cc0dcd83aa9d06214663d9ec7c7f4a:1709250143:25:0xb91913250dcd55129577e94a4cacf279a4d571e3ba4f36254097eaf963cc5201,ethereum:0x509a38b7a1cc0dcd83aa9d06214663d9ec7c7f4a,ethereum,1518102080,0,0.6370384693145752,0.6751843094825745,0.4458867047526521,0.622379201541186,1,True,0.0,2.112271,3.648634,6.617182
ethereum:0x509a38b7a1cc0dcd83aa9d06214663d9ec7c7f4a:1709250143:26:0xc29afd5a8b6794db9a75885be7b390bc3e0c1f702b57e5cf128d912391927a01,ethereum:0x509a38b7a1cc0dcd83aa9d06214663d9ec7c7f4a,ethereum,1518102080,0,0.6389679908752441,0.6752505898475647,0.45138839669607106,0.6245914855761417,1,True,0.0,2.20834,4.026596,7.116393
ethereum:0x509a38b7a1cc0dcd83aa9d06214663d9ec7c7f4a:1709250143:27:0xc6751f7dce556e216bc29062a90c004d14a3533895aa720c9b77e78127805026,ethereum:0x509a38b7a1cc0dcd83aa9d06214663d9ec7c7f4a,ethereum,1518102080,0,0.640832245349884,0.6753605604171753,0.4567275147752115,0.6268141183165192,1,True,0.0,1.913985,4.089946,6.948141
ethereum:0x509a38b7a1cc0dcd83aa9d06214663d9ec7c7f4a:1709250143:28:0xc7151fafe716b687b6a6dee88b73da94624f50cc8c0064c35e0ca38109b1f327,ethereum:0x509a38b7a1cc0dcd83aa9d06214663d9ec7c7f4a,ethereum,1518102080,0,0.6426334381103516,0.6754176616668701,0.4619071136106492,0.6288696021769468,1,True,0.0,2.515097,4.599546,19.658151
ethereum:0x509a38b7a1cc0dcd83aa9d06214663d9ec7c7f4a:1709250143:29:0xcd9a91cf4fa1a296bb092ec724ae64bff44ea2d66f2252e0436a730fcdf0f345,ethereum:0x509a38b7a1cc0dcd83aa9d06214663d9ec7c7f4a,ethereum,1518102080,0,0.6442902088165283,0.6754795908927917,0.4666889653121512,0.6307774506868937,1,True,0.0,1.933191,3.857673,6.753461
ethereum:0x7025bab2ec90410de37f488d1298204cd4d6b29d:1709166275:0:0x89c226b53033c99393d67462112aa061d69bb76b2fe684d88f6ae672974c2b97,ethereum:0x7025bab2ec90410de37f488d1298204cd4d6b29d,ethereum,1519160898,0,0.9897298812866211,0.7182673215866089,0.9999709562026756,0.9940678617294184,1,True,0.0,1.873572,3.459478,6.073258
ethereum:0x7025bab2ec90410de37f488d1298204cd4d6b29d:1709166275:1:0xd0f1d47ac88be7a2de20cf66f20fc48c213a3857411c751025c4d8c51b42247c,ethereum:0x7025bab2ec90410de37f488d1298204cd4d6b29d,ethereum,1519231967,0,0.9387516975402832,0.7153142690658569,0.9961351543517701,0.9584394842083281,1,True,0.0,1.95567,3.597313,6.23912
ethereum:0x7025bab2ec90410de37f488d1298204cd4d6b29d:1709166275:2:0xe77dd136a12a1db5df5b5b3b70e6c9041225c655b649ca6ff67e3b463c19318a,ethereum:0x7025bab2ec90410de37f488d1298204cd4d6b29d,ethereum,1519232067,0,0.8721689581871033,0.7107041478157043,0.9676203802283452,0.9035224161329718,1,True,0.0,2.214781,4.144207,6.999542
ethereum:0x7025bab2ec90410de37f488d1298204cd4d6b29d:1709166275:3:0x59c8454ca68f6855bd3ea154857d80db9b46e165634831181133005e974f87e4,ethereum:0x7025bab2ec90410de37f488d1298204cd4d6b29d,ethereum,1519232119,0,0.8219046592712402,0.7056882381439209,0.913446624633515,0.8554875363790734,1,True,0.0,2.377975,4.840294,8.050578
ethereum:0x7025bab2ec90410de37f488d1298204cd4d6b29d:1709166275:4:0x5a522bab26d4d9920c03ac35dcd0c3a9ea407b9ef537445b8d9821753c539fab,ethereum:0x7025bab2ec90410de37f488d1298204cd4d6b29d,ethereum,1519232228,0,0.7866048216819763,0.7047984600067139,0.8529833453208039,0.8222301285140773,1,True,0.0,2.179018,4.96423,8.003108
ethereum:0x7025bab2ec90410de37f488d1298204cd4d6b29d:1709166275:5:0x99cc4062c1fc6d581cc8ef1f24b76d54075ace3fc14ab7ccad4eeb2c343d6a47,ethereum:0x7025bab2ec90410de37f488d1298204cd4d6b29d,ethereum,1519232254,0,0.7633100748062134,0.7039620280265808,0.802555343484822,0.7993411990936613,1,True,0.0,2.434026,16.365688,19.848622
ethereum:0x7025bab2ec90410de37f488d1298204cd4d6b29d:1709166275:6:0x1161bedc8e4169c24ef5e791c27fb60acf0b6b94806dffb2f17034a4f156f064,ethereum:0x7025bab2ec90410de37f488d1298204cd4d6b29d,ethereum,1519232280,0,0.7467263340950012,0.7033706903457642,0.7619826145624532,0.7827440258421057,1,True,0.0,2.210191,5.222875,8.533985
ethereum:0x7025bab2ec90410de37f488d1298204cd4d6b29d:1709166275:7:0xe108bacb29e4a8bc9a207e61bd2f17b5593ea701926e9cf64ceedb34e185a274,ethereum:0x7025bab2ec90410de37f488d1298204cd4d6b29d,ethereum,1519232280,0,0.7449091076850891,0.7030133008956909,0.7573233100141578,0.7804917188322354,1,True,0.0,2.710455,5.969655,10.197499
ethereum:0x7025bab2ec90410de37f488d1298204cd4d6b29d:1709166275:8:0x0a2ce9c5379acd4ab702325f4e91b544e7b8432f130468c4cac36fc62973fd9c,ethereum:0x7025bab2ec90410de37f488d1298204cd4d6b29d,ethereum,1519232292,0,0.7338563203811646,0.7026194930076599,0.728166619467687,0.7692634566809959,1,True,0.0,2.887667,5.252002,9.71632
ethereum:0x7025bab2ec90410de37f488d1298204cd4d6b29d:1709166275:9:0x6fdeeaf858b62453e653f5ecb223ac2ec98dd68f1b8893a68203b30a65ef9cdc,ethereum:0x7025bab2ec90410de37f488d1298204cd4d6b29d,ethereum,1519232297,0,0.7254422307014465,0.7022661566734314,0.705115403731801,0.7605655266053193,1,True,0.0,2.875043,4.648229,8.61633
ethereum:0x7025bab2ec90410de37f488d1298204cd4d6b29d:1709166275:10:0xdbf65f4493b91617e26626580ed4beb8174729c9012f4e7c4a64804cce836696,ethereum:0x7025bab2ec90410de37f488d1298204cd4d6b29d,ethereum,1519232415,0,0.718939483165741,0.7018964290618896,0.6868616413620985,0.7536514852734633,1,True,0.0,2.346823,4.376903,7.866659
ethereum:0x7025bab2ec90410de37f488d1298204cd4d6b29d:1709166275:11:0xcd411422b5eafd47250032eb2a149e6ea8b41718fa453db850b7f9e74bebb838,ethereum:0x7025bab2ec90410de37f488d1298204cd4d6b29d,ethereum,1519232437,0,0.7138852477073669,0.7014898657798767,0.6724434003395622,0.7480618363255976,1,True,0.0,2.193,5.109054,8.25626
ethereum:0x7025bab2ec90410de37f488d1298204cd4d6b29d:1709166275:12:0x7656e52da5b4e3ca5e3234c11dde327bb944f5fd99512a3812cd3f8834029ec4,ethereum:0x7025bab2ec90410de37f488d1298204cd4d6b29d,ethereum,1519232456,0,0.7108713984489441,0.7011498212814331,0.6637604693967404,0.7445600306958216,1,True,0.0,2.654454,4.85481,20.306941
ethereum:0x7025bab2ec90410de37f488d1298204cd4d6b29d:1709166275:13:0xccf13b6626ca5ae3cf51463eca40057a3929a90d7dc6587514980e0a3c6a6f26,ethereum:0x7025bab2ec90410de37f488d1298204cd4d6b29d,ethereum,1519232482,0,0.7086225152015686,0.7008190751075745,0.6572436634453765,0.7418158901897065,1,True,0.0,2.212569,3.929151,7.201517
ethereum:0x7025bab2ec90410de37f488d1298204cd4d6b29d:1709166275:14:0xf40118fb58aa7d9acace58ef026909df38c564c9300b4228ffdf64522aba8c07,ethereum:0x7025bab2ec90410de37f488d1298204cd4d6b29d,ethereum,1519232486,0,0.7069299817085266,0.7005447149276733,0.6523192228402981,0.7397041835184994,1,True,0.0,2.027078,3.85708,6.750163
ethereum:0x7025bab2ec90410de37f488d1298204cd4d6b29d:1709166275:15:0xf259d99fe57516f567e939ed3fff71682f23c6410e4a74693ce9eb34b5aca9f0,ethereum:0x7025bab2ec90410de37f488d1298204cd4d6b29d,ethereum,1519232497,0,0.7057982683181763,0.700329601764679,0.6490175082095939,0.7382384050586869,1,True,0.0,1.851851,3.781202,6.497501
ethereum:0x7025bab2ec90410de37f488d1298204cd4d6b29d:1709166275:16:0xf5b55864126dc0689d4944644700e1fc9579a53229017fb266bf6a7424ba74df,ethereum:0x7025bab2ec90410de37f488d1298204cd4d6b29d,ethereum,1519232547,0,0.7050364017486572,0.7000413537025452,0.6467909114436272,0.7370192112647518,1,True,0.0,1.912947,3.947715,6.702723
ethereum:0x7025bab2ec90410de37f488d1298204cd4d6b29d:1709166275:17:0xb8c4095278c8ac732d4d4530215db736beb61309184f6f6743f4543db127f363,ethereum:0x7025bab2ec90410de37f488d1298204cd4d6b29d,ethereum,1519232551,0,0.7045268416404724,0.6998668909072876,0.645299996491571,0.7362320783762263,1,True,0.0,1.895399,3.862039,6.587357
ethereum:0x7025bab2ec90410de37f488d1298204cd4d6b29d:1709166275:18:0x2adff90320574ff9f0c246cdc9aabbc6e30a7ea6bfbd01c55d8da82fb9f65936,ethereum:0x7025bab2ec90410de37f488d1298204cd4d6b29d,ethereum,1519232561,0,0.7042327523231506,0.6997571587562561,0.6444389171111479,0.735762778601714,1,True,0.0,1.979375,3.857208,6.687217
ethereum:0x7025bab2ec90410de37f488d1298204cd4d6b29d:1709166275:19:0xaaf749036b3e57636772754449407ca91a73ba2c3770f19ba2f0c9ce69e7899f,ethereum:0x7025bab2ec90410de37f488d1298204cd4d6b29d,ethereum,1519232561,0,0.7041089534759521,0.6997159719467163,0.6440763086055409,0.7355732095212545,1,True,0.0,1.999519,15.636317,18.82111
ethereum:0x7025bab2ec90410de37f488d1298204cd4d6b29d:1709166275:20:0x3c3f2d253a469019c0eb821b6cba11ee75536b6ccc8a81378fc98589a36bbab0,ethereum:0x7025bab2ec90410de37f488d1298204cd4d6b29d,ethereum,1519232663,0,0.7041147947311401,0.6996555328369141,0.6440934194627567,0.7354814029164483,1,True,0.0,2.105894,3.973439,7.011273
ethereum:0x7025bab2ec90410de37f488d1298204cd4d6b29d:1709166275:21:0xdc6f26577159190bafacdfb62407569e845bde35cdcb3425a2687a1d99981345,ethereum:0x7025bab2ec90410de37f488d1298204cd4d6b29d,ethereum,1519232663,0,0.7042062878608704,0.6995078921318054,0.6443614088593111,0.7353339343925747,1,True,0.0,1.922556,4.558226,7.388886
ethereum:0x7025bab2ec90410de37f488d1298204cd4d6b29d:1709166275:22:0x0e0a798ae672ad91857050e24a12d998bd80028fb589de3ea9dcaa9c2d00cdc7,ethereum:0x7025bab2ec90410de37f488d1298204cd4d6b29d,ethereum,1519232671,0,0.7043602466583252,0.6994506120681763,0.6448122685265882,0.7353946142641231,1,True,0.0,2.197261,4.013356,7.099291
ethereum:0x7025bab2ec90410de37f488d1298204cd4d6b29d:1709166275:23:0x17f6c7ff0c87192cf2ac112b3dd748b87c9645210e39416b79d199ea9f075704,ethereum:0x7025bab2ec90410de37f488d1298204cd4d6b29d,ethereum,1519232750,0,0.7045854926109314,0.6993316411972046,0.6454716708365271,0.7354267020496686,1,True,0.0,1.905576,4.07008,6.812025
ethereum:0x7025bab2ec90410de37f488d1298204cd4d6b29d:1709166275:24:0xd22c8b4affd58f9a1b2dc862e3855d87b6d9623f22c8123b7d3ff18293b6d61c,ethereum:0x7025bab2ec90410de37f488d1298204cd4d6b29d,ethereum,1519232750,0,0.7048782110214233,0.6992090344429016,0.6463282073705471,0.7355202527596303,1,True,0.0,1.845956,3.547242,6.233805
ethereum:0x7025bab2ec90410de37f488d1298204cd4d6b29d:1709166275:25:0xcfa175220775887968a8c681c993f04234aebd0907a002efc2676ede15f8d2b4,ethereum:0x7025bab2ec90410de37f488d1298204cd4d6b29d,ethereum,1519232833,0,0.7052268981933594,0.6991629600524902,0.647347935377408,0.7357931634204666,1,True,0.0,1.814677,3.593202,6.179775
ethereum:0x7025bab2ec90410de37f488d1298204cd4d6b29d:1709166275:26:0x2bed9de3e7ede47add8c6c192106ba0fc1669fb1cb7fe544147113665f1ef637,ethereum:0x7025bab2ec90410de37f488d1298204cd4d6b29d,ethereum,1519232845,0,0.705672562122345,0.6991263628005981,0.6486503374430226,0.7361779786626109,1,True,0.0,1.995903,3.642401,6.431861
ethereum:0x7025bab2ec90410de37f488d1298204cd4d6b29d:1709166275:27:0x39258ae0482fdfe0574bdcd5808907f265609437f92ad95e5e02c80e6e56f3bc,ethereum:0x7025bab2ec90410de37f488d1298204cd4d6b29d,ethereum,1519232931,0,0.7084968090057373,0.699065625667572,0.6568784907184868,0.7388913903764421,1,True,0.0,2.03235,15.599011,18.584388
ethereum:0x7025bab2ec90410de37f488d1298204cd4d6b29d:1709166275:28:0xdc2ddbe315aea32ecc8ddce64a05fdf9137c7bd05907d60af3b29ccb5e7deb7a,ethereum:0x7025bab2ec90410de37f488d1298204cd4d6b29d,ethereum,1519233033,0,0.7089592218399048,0.6990349292755127,0.6582213251430837,0.7393022824043367,1,True,0.0,2.464639,3.703399,7.109791
ethereum:0x7025bab2ec90410de37f488d1298204cd4d6b29d:1709166275:29:0x39dc28744a58c5f2e4fcf0ea25e8bc56df31f4347a65c72a9e54c839bf65ffbb,ethereum:0x7025bab2ec90410de37f488d1298204cd4d6b29d,ethereum,1519233072,0,0.7094433307647705,0.69899582862854,0.6596257958949304,0.7397213510059335,1,True,0.0,1.95231,3.560935,6.481806
ethereum:0x996dc5dfc819408dd98cd92c9a76f64b0738dc3d:1709203343:0:0x62b3752c559be1bb9324432940c19bd005f25dabdc6ecbf3f0864c56d11994f9,ethereum:0x996dc5dfc819408dd98cd92c9a76f64b0738dc3d,ethereum,1519383631,0,0.9897298812866211,0.7182673215866089,0.9999709562026756,0.9940678617294184,1,True,0.0,1.842627,3.84089,6.358202
ethereum:0x996dc5dfc819408dd98cd92c9a76f64b0738dc3d:1709203343:1:0x326370b4c2a516d52cc088b8a0b5650e1bb5788875f0e91f25cd2cf0943a51c5,ethereum:0x996dc5dfc819408dd98cd92c9a76f64b0738dc3d,ethereum,1519383633,0,0.9732891917228699,0.7167133688926697,0.99961328877116,0.9832481626451227,1,True,0.0,1.897878,4.783846,7.471145
ethereum:0x996dc5dfc819408dd98cd92c9a76f64b0738dc3d:1709203343:2:0x6116fa68cc523a58cd990e8c2ae2fe3c6d29ca7d2aac74e7056404c01af82a86,ethereum:0x996dc5dfc819408dd98cd92c9a76f64b0738dc3d,ethereum,1519383633,0,0.9350897669792175,0.7129307985305786,0.995444992187775,0.9548596617311527,1,True,0.0,1.925203,4.112516,6.830717
ethereum:0x996dc5dfc819408dd98cd92c9a76f64b0738dc3d:1709203343:3:0x774f4420d82c129b4eff8f653daae131b38304a3b760c2999c3eff6db8f66dee,ethereum:0x996dc5dfc819408dd98cd92c9a76f64b0738dc3d,ethereum,1519383633,0,0.8660783767700195,0.7074301242828369,0.9628430697004863,0.8958810297878858,1,True,0.0,1.880466,4.497328,7.109206
ethereum:0x996dc5dfc819408dd98cd92c9a76f64b0738dc3d:1709203343:4:0x83dc0378eb52732ee8fe491e87d56557491caefc40338f08491d9f4399cf30a0,ethereum:0x996dc5dfc819408dd98cd92c9a76f64b0738dc3d,ethereum,1519383633,0,0.7879557013511658,0.6998016238212585,0.8556559629521752,0.8173393117518648,1,True,0.0,2.371113,4.240551,7.41912
ethereum:0x996dc5dfc819408dd98cd92c9a76f64b0738dc3d:1709203343:5:0xba7d958572043c493cab9d1ad73fc58727b3f500c278655689fabac08315044f,ethereum:0x996dc5dfc819408dd98cd92c9a76f64b0738dc3d,ethereum,1519383633,0,0.7060757279396057,0.691021203994751,0.6498276292505757,0.7234312084157473,1,True,0.0,2.055204,15.281553,18.148446
ethereum:0x996dc5dfc819408dd98cd92c9a76f64b0738dc3d:1709203343:6:0xbb52a5db94d3dde4ad319c0cbbc09bb413d012a3a3860f1b5a1ad3161f32a529,ethereum:0x996dc5dfc819408dd98cd92c9a76f64b0738dc3d,ethereum,1519383633,0,0.6575503945350647,0.687522292137146,0.5054831283821196,0.6669684523464936,1,True,0.0,2.210584,4.520091,7.725282
ethereum:0x996dc5dfc819408dd98cd92c9a76f64b0738dc3d:1709203343:7:0xc3ae3ad59c176845928ebb0bbb961c66940c773f29a4b1d3ec4cf4c3ffb96aec,ethereum:0x996dc5dfc819408dd98cd92c9a76f64b0738dc3d,ethereum,1519383633,0,0.6293811202049255,0.6823460459709167,0.4243163123648581,0.6275809942902296,1,True,0.0,2.286324,5.527285,8.786103
ethereum:0x996dc5dfc819408dd98cd92c9a76f64b0738dc3d:1709203343:8:0x058b6dbdf46e3eabf801037cbf87de85af8aac1cdba19abbb17281434baf3f28,ethereum:0x996dc5dfc819408dd98cd92c9a76f64b0738dc3d,ethereum,1519383644,0,0.6149886250495911,0.6786845922470093,0.38506787623498007,0.6052208697876866,1,True,0.0,1.93286,3.739495,6.50374
ethereum:0x996dc5dfc819408dd98cd92c9a76f64b0738dc3d:1709203343:9:0x0de8d2559fd47bb5d095d110c2a2289ee4ec7c177843afae6033c533bee969df,ethereum:0x996dc5dfc819408dd98cd92c9a76f64b0738dc3d,ethereum,1519383644,0,0.6078050136566162,0.6761237978935242,0.3661922712496005,0.592576090356734,1,True,0.0,2.353232,3.889725,7.003284
ethereum:0x996dc5dfc819408dd98cd92c9a76f64b0738dc3d:1709203343:10:0x41052803e6e3252ea19f531686878d8a102642a13d7f1e1975693f6d6b5f5a0f,ethereum:0x996dc5dfc819408dd98cd92c9a76f64b0738dc3d,ethereum,1519383644,0,0.6056221723556519,0.674176037311554,0.36055838676970253,0.5864696215510126,1,True,0.0,2.050285,3.51111,6.309011
ethereum:0x996dc5dfc819408dd98cd92c9a76f64b0738dc3d:1709203343:11:0x4113827c319ce2ca76291c042e6dbb855c07a02ef307b5ba0f55af591c1d29fb,ethereum:0x996dc5dfc819408dd98cd92c9a76f64b0738dc3d,ethereum,1519383644,0,0.6053079962730408,0.673306405544281,0.35975150872682765,0.5844546188430108,1,True,0.0,1.964032,3.544748,6.337905
ethereum:0x996dc5dfc819408dd98cd92c9a76f64b0738dc3d:1709203343:12:0x42f13d5b71062d4c8656b9e98858e2854dba8c192f5926da62e2170c26bd22f5,ethereum:0x996dc5dfc819408dd98cd92c9a76f64b0738dc3d,ethereum,1519383644,0,0.60673987865448,0.6736243963241577,0.363437114195426,0.5866166982790009,1,True,0.0,1.909399,4.010394,6.795786
ethereum:0x996dc5dfc819408dd98cd92c9a76f64b0738dc3d:1709203343:13:0x75f52fa49c0b82ac8907d796b061ae27af29529835134b68731f56b780e6469e,ethereum:0x996dc5dfc819408dd98cd92c9a76f64b0738dc3d,ethereum,1519383644,0,0.6091975569725037,0.6734810471534729,0.369811580263549,0.5890016223652939,1,True,0.0,13.538108,4.084779,18.637315
ethereum:0x996dc5dfc819408dd98cd92c9a76f64b0738dc3d:1709203343:14:0x799aad1845522d0a962085d7bf320e4d2529681ed02637126038c1c495257dd0,ethereum:0x996dc5dfc819408dd98cd92c9a76f64b0738dc3d,ethereum,1519383644,0,0.6119589805603027,0.6736375689506531,0.3770457050748016,0.5922921085877819,1,True,0.0,1.838721,4.922007,7.601516
ethereum:0x996dc5dfc819408dd98cd92c9a76f64b0738dc3d:1709203343:15:0x889a4c52297bb34f337228d24cafc69fbf68d7d10f8425cb0d3bd29b56c4d874,ethereum:0x996dc5dfc819408dd98cd92c9a76f64b0738dc3d,ethereum,1519383644,0,0.6143152713775635,0.6737663745880127,0.38327730782124364,0.5950904292781303,1,True,0.0,2.159411,3.715311,6.670233
ethereum:0x996dc5dfc819408dd98cd92c9a76f64b0738dc3d:1709203343:16:0x9b8a1f471e2cbb50a49fa3329f9dc29c7078595360240b03c5be629dd49cbb04,ethereum:0x996dc5dfc819408dd98cd92c9a76f64b0738dc3d,ethereum,1519383644,0,0.616567075252533,0.673888623714447,0.3892820322112769,0.5977627441039729,1,True,0.0,1.857133,3.656028,6.343809
ethereum:0x996dc5dfc819408dd98cd92c9a76f64b0738dc3d:1709203343:17:0xaa58ad49c4225d61fa5ec37c87987d27eb83f5cb55b5642eea9440e4f2fb5c6b,ethereum:0x996dc5dfc819408dd98cd92c9a76f64b0738dc3d,ethereum,1519383644,0,0.618718683719635,0.6740076541900635,0.3950637155823072,0.6003200613512533,1,True,0.0,1.989896,3.83088,6.552192
ethereum:0x996dc5dfc819408dd98cd92c9a76f64b0738dc3d:1709203343:18:0xb43fee3f0727720eaf71af3fbf7e0056dc384bbb372ec555d1f07040e241b8b7,ethereum:0x996dc5dfc819408dd98cd92c9a76f64b0738dc3d,ethereum,1519383644,0,0.6207736134529114,0.6747787594795227,0.40062496068123865,0.6040121922108914,1,True,0.0,2.138689,3.633829,6.599197
ethereum:0x996dc5dfc819408dd98cd92c9a76f64b0738dc3d:1709203343:19:0xca1b702d68356d3eaceff16cbeeedf087123c4a5f4e519125df2b22d5d6f3228,ethereum:0x996dc5dfc819408dd98cd92c9a76f64b0738dc3d,ethereum,1519383644,0,0.622783899307251,0.6748858690261841,0.40610171408418694,0.6063906461435425,1,True,0.0,1.879514,3.793132,6.455706
ethereum:0x996dc5dfc819408dd98cd92c9a76f64b0738dc3d:1709203343:20:0xe61852e79824942d002079e7605e0ea842efbe25d6522c410857db02983bbc96,ethereum:0x996dc5dfc819408dd98cd92c9a76f64b0738dc3d,ethereum,1519383644,0,0.6247206926345825,0.6749863624572754,0.4114114082082753,0.6086766199005326,1,True,0.0,2.217574,3.598843,6.74133
ethereum:0x996dc5dfc819408dd98cd92c9a76f64b0738dc3d:1709203343:21:0xf04390b7caa997d15d411f7d46b30cf708cfe78579291e95b2dcf7d932176248,ethereum:0x996dc5dfc819408dd98cd92c9a76f64b0738dc3d,ethereum,1519383644,0,0.6268928647041321,0.6750953793525696,0.41740409253531147,0.6112329347334637,1,True,0.0,1.969254,15.356929,18.269585
ethereum:0x996dc5dfc819408dd98cd92c9a76f64b0738dc3d:1709203343:22:0x0f0175285939a864d9526e47208bafc055451e77c6eb6733af5cca0613f0c5cc,ethereum:0x996dc5dfc819408dd98cd92c9a76f64b0738dc3d,ethereum,1519383661,0,0.6293301582336426,0.67524254322052,0.42417424561037254,0.6141474414947891,1,True,0.0,2.10853,3.833303,6.874615
ethereum:0x996dc5dfc819408dd98cd92c9a76f64b0738dc3d:1709203343:23:0xe27356b34ea2001d477b610872c2b0232d52929caeb4f31491a3c88fc2563507,ethereum:0x996dc5dfc819408dd98cd92c9a76f64b0738dc3d,ethereum,1519383661,0,0.6314954161643982,0.675367534160614,0.43022824754449973,0.6167250107011027,1,True,0.0,1.783004,4.984153,7.689987
ethereum:0x996dc5dfc819408dd98cd92c9a76f64b0738dc3d:1709203343:24:0xeb45f4d35f4eae0d4404fc8fef6220ed81952b57f5080e4e51b556eb94211a76,ethereum:0x996dc5dfc819408dd98cd92c9a76f64b0738dc3d,ethereum,1519383661,0,0.6335399150848389,0.6754882335662842,0.4359775339822296,0.6191631375889994,1,True,0.0,1.845293,4.023494,6.904009
ethereum:0x996dc5dfc819408dd98cd92c9a76f64b0738dc3d:1709203343:25:0x00df47a0760aba0ee992f6eea1860e7097b7bc20116a7e1b4bf838c4547c601d,ethereum:0x996dc5dfc819408dd98cd92c9a76f64b0738dc3d,ethereum,1519383679,0,0.6354944705963135,0.6756177544593811,0.4415027629758119,0.621519754505016,1,True,0.0,1.988127,3.755087,6.657262
ethereum:0x996dc5dfc819408dd98cd92c9a76f64b0738dc3d:1709203343:26:0x0bf4cb1e43ffafbcabbdf75dd7f3439765f0ff4cff2bb7a9ab11bb02b44537ea,ethereum:0x996dc5dfc819408dd98cd92c9a76f64b0738dc3d,ethereum,1519383679,0,0.6373785734176636,0.6764249801635742,0.4468546105234523,0.625065472592747,1,True,0.0,2.321506,3.707326,6.889677
ethereum:0x996dc5dfc819408dd98cd92c9a76f64b0738dc3d:1709203343:27:0x1bbf1b77c8f28f94265ebfc90d5e4062277c1b4579a61d9b8f8aeb3a9c393311,ethereum:0x996dc5dfc819408dd98cd92c9a76f64b0738dc3d,ethereum,1519383679,0,0.6391966938972473,0.6765413880348206,0.45204216380497647,0.6272456941749279,1,True,0.0,2.376907,3.690624,6.968453
ethereum:0x996dc5dfc819408dd98cd92c9a76f64b0738dc3d:1709203343:28:0x2152e0ad8d163980ffe979bcbba35f36e746866c5890bbaa31b2092fbd0f0e19,ethereum:0x996dc5dfc819408dd98cd92c9a76f64b0738dc3d,ethereum,1519383679,0,0.640947699546814,0.6766541004180908,0.45705890819515543,0.6293457753206706,1,True,0.0,1.978671,3.58926,6.420353
ethereum:0x996dc5dfc819408dd98cd92c9a76f64b0738dc3d:1709203343:29:0x27e29f829831c931c1ab31840a3e46eafa811a7d9a0b1d455cedc4b1028b894c,ethereum:0x996dc5dfc819408dd98cd92c9a76f64b0738dc3d,ethereum,1519383679,0,0.6425085067749023,0.6767463684082031,0.46154720389173776,0.6312018442431104,1,True,0.0,2.34145,15.754112,19.109051
ethereum:0x47da5456bc2e1ce391b645ce80f2e97192e4976a:1709218919:0:0xed435b0455f6a5ec31c180d7da518fee67a9ecbb04b8c2e5094a25ae5309b3a2,ethereum:0x47da5456bc2e1ce391b645ce80f2e97192e4976a,ethereum,1520481179,0,0.9897298812866211,0.7182673215866089,0.9999709562026756,0.9940678617294184,1,True,0.0,2.072646,4.228795,7.115853
ethereum:0x47da5456bc2e1ce391b645ce80f2e97192e4976a:1709218919:1:0x3a6111e496f6482c64a284ec5545bba4f4a53fb718732cc65c5d24646a8a9dad,ethereum:0x47da5456bc2e1ce391b645ce80f2e97192e4976a,ethereum,1520483522,0,0.9732891917228699,0.7167134284973145,0.99961328877116,0.9832481710809915,1,True,0.0,1.874217,4.419151,7.229458
ethereum:0x5b09a0371c1da44a8e24d36bf5deb1141a84d875:1709241383:0:0x0391c084a9a0167176a33dfa88c30f958ab8be3da81492b1d6d0b036635abe41,ethereum:0x5b09a0371c1da44a8e24d36bf5deb1141a84d875,ethereum,1520594078,0,0.9897298812866211,0.7182673215866089,0.9999709562026756,0.9940678617294184,1,True,0.0,2.027315,3.928726,6.653108
ethereum:0x765f0c16d1ddc279295c1a7c24b0883f62d33f75:1709046731:0:0x7033e98a940901b88ecb973f45fe33ad658b775746012f0dade43e30cf717a04,ethereum:0x765f0c16d1ddc279295c1a7c24b0883f62d33f75,ethereum,1521393799,0,0.9897298812866211,0.7182673215866089,0.9999709562026756,0.9940678617294184,1,True,0.0,2.439876,3.958462,7.175836
ethereum:0x765f0c16d1ddc279295c1a7c24b0883f62d33f75:1709046731:1:0x7033e98a940901b88ecb973f45fe33ad658b775746012f0dade43e30cf717a04,ethereum:0x765f0c16d1ddc279295c1a7c24b0883f62d33f75,ethereum,1521393799,0,0.9897298812866211,0.7182673215866089,0.9999709562026756,0.9940678617294184,1,True,0.0,2.072993,3.636061,6.48271
ethereum:0x765f0c16d1ddc279295c1a7c24b0883f62d33f75:1709046731:2:0x7033e98a940901b88ecb973f45fe33ad658b775746012f0dade43e30cf717a04,ethereum:0x765f0c16d1ddc279295c1a7c24b0883f62d33f75,ethereum,1521393799,0,0.9897298812866211,0.7182673215866089,0.9999709562026756,0.9940678617294184,1,True,0.0,2.042153,3.692721,6.477183
ethereum:0x765f0c16d1ddc279295c1a7c24b0883f62d33f75:1709046731:3:0x7033e98a940901b88ecb973f45fe33ad658b775746012f0dade43e30cf717a04,ethereum:0x765f0c16d1ddc279295c1a7c24b0883f62d33f75,ethereum,1521393799,0,0.9897298812866211,0.7182673215866089,0.9999709562026756,0.9940678617294184,1,True,0.0,2.192891,4.187621,7.079131
ethereum:0x765f0c16d1ddc279295c1a7c24b0883f62d33f75:1709046731:4:0x7033e98a940901b88ecb973f45fe33ad658b775746012f0dade43e30cf717a04,ethereum:0x765f0c16d1ddc279295c1a7c24b0883f62d33f75,ethereum,1521393799,0,0.9897298812866211,0.7182673215866089,0.9999709562026756,0.9940678617294184,1,True,0.0,13.155498,4.340595,18.333627
ethereum:0x765f0c16d1ddc279295c1a7c24b0883f62d33f75:1709046731:5:0x7033e98a940901b88ecb973f45fe33ad658b775746012f0dade43e30cf717a04,ethereum:0x765f0c16d1ddc279295c1a7c24b0883f62d33f75,ethereum,1521393799,0,0.9897298812866211,0.7182673215866089,0.9999709562026756,0.9940678617294184,1,True,0.0,1.934595,3.641248,6.222647
ethereum:0x765f0c16d1ddc279295c1a7c24b0883f62d33f75:1709046731:6:0x7033e98a940901b88ecb973f45fe33ad658b775746012f0dade43e30cf717a04,ethereum:0x765f0c16d1ddc279295c1a7c24b0883f62d33f75,ethereum,1521393799,0,0.9897298812866211,0.7182673215866089,0.9999709562026756,0.9940678617294184,1,True,0.0,2.117139,4.205999,7.06087
ethereum:0x765f0c16d1ddc279295c1a7c24b0883f62d33f75:1709046731:7:0x7033e98a940901b88ecb973f45fe33ad658b775746012f0dade43e30cf717a04,ethereum:0x765f0c16d1ddc279295c1a7c24b0883f62d33f75,ethereum,1521393799,0,0.9897298812866211,0.7182673215866089,0.9999709562026756,0.9940678617294184,1,True,0.0,1.944739,3.734587,6.559895
ethereum:0x765f0c16d1ddc279295c1a7c24b0883f62d33f75:1709046731:8:0x7033e98a940901b88ecb973f45fe33ad658b775746012f0dade43e30cf717a04,ethereum:0x765f0c16d1ddc279295c1a7c24b0883f62d33f75,ethereum,1521393799,0,0.9897298812866211,0.7182673215866089,0.9999709562026756,0.9940678617294184,1,True,0.0,1.990938,3.813985,6.511301
ethereum:0x765f0c16d1ddc279295c1a7c24b0883f62d33f75:1709046731:9:0x7033e98a940901b88ecb973f45fe33ad658b775746012f0dade43e30cf717a04,ethereum:0x765f0c16d1ddc279295c1a7c24b0883f62d33f75,ethereum,1521393799,0,0.9897298812866211,0.7182673215866089,0.9999709562026756,0.9940678617294184,1,True,0.0,1.96984,3.744646,6.499675
ethereum:0x765f0c16d1ddc279295c1a7c24b0883f62d33f75:1709046731:10:0x7033e98a940901b88ecb973f45fe33ad658b775746012f0dade43e30cf717a04,ethereum:0x765f0c16d1ddc279295c1a7c24b0883f62d33f75,ethereum,1521393799,0,0.9897298812866211,0.7182673215866089,0.9999709562026756,0.9940678617294184,1,True,0.0,2.032314,3.829822,6.55024
ethereum:0x765f0c16d1ddc279295c1a7c24b0883f62d33f75:1709046731:11:0x7033e98a940901b88ecb973f45fe33ad658b775746012f0dade43e30cf717a04,ethereum:0x765f0c16d1ddc279295c1a7c24b0883f62d33f75,ethereum,1521393799,0,0.9897298812866211,0.7182673215866089,0.9999709562026756,0.9940678617294184,1,True,0.0,1.931368,3.870278,6.493275
ethereum:0x765f0c16d1ddc279295c1a7c24b0883f62d33f75:1709046731:12:0x7033e98a940901b88ecb973f45fe33ad658b775746012f0dade43e30cf717a04,ethereum:0x765f0c16d1ddc279295c1a7c24b0883f62d33f75,ethereum,1521393799,0,0.9897298812866211,0.7182673215866089,0.9999709562026756,0.9940678617294184,1,True,0.0,2.073506,15.094207,17.91986
ethereum:0x765f0c16d1ddc279295c1a7c24b0883f62d33f75:1709046731:13:0x7033e98a940901b88ecb973f45fe33ad658b775746012f0dade43e30cf717a04,ethereum:0x765f0c16d1ddc279295c1a7c24b0883f62d33f75,ethereum,1521393799,0,0.9897298812866211,0.7182673215866089,0.9999709562026756,0.9940678617294184,1,True,0.0,2.328275,3.96469,7.029693
ethereum:0x765f0c16d1ddc279295c1a7c24b0883f62d33f75:1709046731:14:0x7033e98a940901b88ecb973f45fe33ad658b775746012f0dade43e30cf717a04,ethereum:0x765f0c16d1ddc279295c1a7c24b0883f62d33f75,ethereum,1521393799,0,0.9897298812866211,0.7182673215866089,0.9999709562026756,0.9940678617294184,1,True,0.0,3.149458,3.971141,7.864599
ethereum:0x765f0c16d1ddc279295c1a7c24b0883f62d33f75:1709046731:15:0x7033e98a940901b88ecb973f45fe33ad658b775746012f0dade43e30cf717a04,ethereum:0x765f0c16d1ddc279295c1a7c24b0883f62d33f75,ethereum,1521393799,0,0.9897298812866211,0.7182673215866089,0.9999709562026756,0.9940678617294184,1,True,0.0,1.908339,3.976034,6.609454
ethereum:0x765f0c16d1ddc279295c1a7c24b0883f62d33f75:1709046731:16:0x7033e98a940901b88ecb973f45fe33ad658b775746012f0dade43e30cf717a04,ethereum:0x765f0c16d1ddc279295c1a7c24b0883f62d33f75,ethereum,1521393799,0,0.9897298812866211,0.7182673215866089,0.9999709562026756,0.9940678617294184,1,True,0.0,1.973643,5.225581,7.958213
ethereum:0x765f0c16d1ddc279295c1a7c24b0883f62d33f75:1709046731:17:0x7033e98a940901b88ecb973f45fe33ad658b775746012f0dade43e30cf717a04,ethereum:0x765f0c16d1ddc279295c1a7c24b0883f62d33f75,ethereum,1521393799,0,0.9897298812866211,0.7182673215866089,0.9999709562026756,0.9940678617294184,1,True,0.0,1.953902,3.959154,6.605261
ethereum:0x765f0c16d1ddc279295c1a7c24b0883f62d33f75:1709046731:18:0x7033e98a940901b88ecb973f45fe33ad658b775746012f0dade43e30cf717a04,ethereum:0x765f0c16d1ddc279295c1a7c24b0883f62d33f75,ethereum,1521393799,0,0.9897298812866211,0.7182673215866089,0.9999709562026756,0.9940678617294184,1,True,0.0,1.963072,3.511539,6.184613
ethereum:0x765f0c16d1ddc279295c1a7c24b0883f62d33f75:1709046731:19:0x7033e98a940901b88ecb973f45fe33ad658b775746012f0dade43e30cf717a04,ethereum:0x765f0c16d1ddc279295c1a7c24b0883f62d33f75,ethereum,1521393799,0,0.9897298812866211,0.7182673215866089,0.9999709562026756,0.9940678617294184,1,True,0.0,2.164766,3.69494,6.546205
ethereum:0x765f0c16d1ddc279295c1a7c24b0883f62d33f75:1709046731:20:0x7033e98a940901b88ecb973f45fe33ad658b775746012f0dade43e30cf717a04,ethereum:0x765f0c16d1ddc279295c1a7c24b0883f62d33f75,ethereum,1521393799,0,0.9897298812866211,0.7182673215866089,0.9999709562026756,0.9940678617294184,1,True,0.0,2.514836,14.811312,18.10661
ethereum:0x765f0c16d1ddc279295c1a7c24b0883f62d33f75:1709046731:21:0x7033e98a940901b88ecb973f45fe33ad658b775746012f0dade43e30cf717a04,ethereum:0x765f0c16d1ddc279295c1a7c24b0883f62d33f75,ethereum,1521393799,0,0.9897298812866211,0.7182673215866089,0.9999709562026756,0.9940678617294184,1,True,0.0,2.209943,3.666782,6.632773
ethereum:0x765f0c16d1ddc279295c1a7c24b0883f62d33f75:1709046731:22:0x7033e98a940901b88ecb973f45fe33ad658b775746012f0dade43e30cf717a04,ethereum:0x765f0c16d1ddc279295c1a7c24b0883f62d33f75,ethereum,1521393799,0,0.9897298812866211,0.7182673215866089,0.9999709562026756,0.9940678617294184,1,True,0.0,1.846698,3.525996,6.167395
ethereum:0x765f0c16d1ddc279295c1a7c24b0883f62d33f75:1709046731:23:0x7033e98a940901b88ecb973f45fe33ad658b775746012f0dade43e30cf717a04,ethereum:0x765f0c16d1ddc279295c1a7c24b0883f62d33f75,ethereum,1521393799,0,0.9897298812866211,0.7182673215866089,0.9999709562026756,0.9940678617294184,1,True,0.0,1.91215,3.922921,6.47079
ethereum:0x765f0c16d1ddc279295c1a7c24b0883f62d33f75:1709046731:24:0x7033e98a940901b88ecb973f45fe33ad658b775746012f0dade43e30cf717a04,ethereum:0x765f0c16d1ddc279295c1a7c24b0883f62d33f75,ethereum,1521393799,0,0.9897298812866211,0.7182673215866089,0.9999709562026756,0.9940678617294184,1,True,0.0,1.902457,3.858866,6.47653
ethereum:0x765f0c16d1ddc279295c1a7c24b0883f62d33f75:1709046731:25:0x7033e98a940901b88ecb973f45fe33ad658b775746012f0dade43e30cf717a04,ethereum:0x765f0c16d1ddc279295c1a7c24b0883f62d33f75,ethereum,1521393799,0,0.9897298812866211,0.7182673215866089,0.9999709562026756,0.9940678617294184,1,True,0.0,1.912802,3.798839,6.429938
ethereum:0x765f0c16d1ddc279295c1a7c24b0883f62d33f75:1709046731:26:0x7033e98a940901b88ecb973f45fe33ad658b775746012f0dade43e30cf717a04,ethereum:0x765f0c16d1ddc279295c1a7c24b0883f62d33f75,ethereum,1521393799,0,0.9897298812866211,0.7182673215866089,0.9999709562026756,0.9940678617294184,1,True,0.0,2.060298,4.578485,7.508996
ethereum:0x765f0c16d1ddc279295c1a7c24b0883f62d33f75:1709046731:27:0x7033e98a940901b88ecb973f45fe33ad658b775746012f0dade43e30cf717a04,ethereum:0x765f0c16d1ddc279295c1a7c24b0883f62d33f75,ethereum,1521393799,0,0.9897298812866211,0.7182673215866089,0.9999709562026756,0.9940678617294184,1,True,0.0,1.899184,4.277381,6.901066
ethereum:0x765f0c16d1ddc279295c1a7c24b0883f62d33f75:1709046731:28:0x7033e98a940901b88ecb973f45fe33ad658b775746012f0dade43e30cf717a04,ethereum:0x765f0c16d1ddc279295c1a7c24b0883f62d33f75,ethereum,1521393799,0,0.9897298812866211,0.7182673215866089,0.9999709562026756,0.9940678617294184,1,True,0.0,1.874454,3.841645,6.458202
ethereum:0x765f0c16d1ddc279295c1a7c24b0883f62d33f75:1709046731:29:0x7033e98a940901b88ecb973f45fe33ad658b775746012f0dade43e30cf717a04,ethereum:0x765f0c16d1ddc279295c1a7c24b0883f62d33f75,ethereum,1521393799,0,0.9897298812866211,0.7182673215866089,0.9999709562026756,0.9940678617294184,1,True,0.0,2.328062,4.090207,17.921308
ethereum:0x4f3afec4e5a3f2a6a1a411def7d7dfe50ee057bf:1709092283:0:0xe2f568d84ef620bf4c07c0886ea863d62bbe7cbb18ecd50d6d5ffa7d86ef0ca5,ethereum:0x4f3afec4e5a3f2a6a1a411def7d7dfe50ee057bf,ethereum,1521795475,0,0.9897298812866211,0.7182673215866089,0.9999709562026756,0.9940678617294184,1,True,0.0,2.005262,4.030551,6.768178
ethereum:0x4f3afec4e5a3f2a6a1a411def7d7dfe50ee057bf:1709092283:1:0x3d83df28fd8ebe09796fe0f3014fca2ff9bea2e30df0750b675897bef2b459f5,ethereum:0x4f3afec4e5a3f2a6a1a411def7d7dfe50ee057bf,ethereum,1521798517,0,0.9652714729309082,0.7149142622947693,0.9992051859747634,0.9774362587030725,1,True,0.0,2.750411,4.006666,7.475607
ethereum:0x4f3afec4e5a3f2a6a1a411def7d7dfe50ee057bf:1709092283:2:0x3d83df28fd8ebe09796fe0f3014fca2ff9bea2e30df0750b675897bef2b459f5,ethereum:0x4f3afec4e5a3f2a6a1a411def7d7dfe50ee057bf,ethereum,1521798517,0,0.9652714729309082,0.7149142622947693,0.9992051859747634,0.9774362587030725,1,True,0.0,1.901359,4.186151,6.788981
ethereum:0x4f3afec4e5a3f2a6a1a411def7d7dfe50ee057bf:1709092283:3:0x3d83df28fd8ebe09796fe0f3014fca2ff9bea2e30df0750b675897bef2b459f5,ethereum:0x4f3afec4e5a3f2a6a1a411def7d7dfe50ee057bf,ethereum,1521798517,0,0.9652714729309082,0.7149142622947693,0.9992051859747634,0.9774362587030725,1,True,0.0,1.916338,3.95828,6.540247
ethereum:0x4f3afec4e5a3f2a6a1a411def7d7dfe50ee057bf:1709092283:4:0x3d83df28fd8ebe09796fe0f3014fca2ff9bea2e30df0750b675897bef2b459f5,ethereum:0x4f3afec4e5a3f2a6a1a411def7d7dfe50ee057bf,ethereum,1521798517,0,0.9652714729309082,0.7149142622947693,0.9992051859747634,0.9774362587030725,1,True,0.0,1.915637,4.09363,6.694845
ethereum:0x4f3afec4e5a3f2a6a1a411def7d7dfe50ee057bf:1709092283:5:0x3d83df28fd8ebe09796fe0f3014fca2ff9bea2e30df0750b675897bef2b459f5,ethereum:0x4f3afec4e5a3f2a6a1a411def7d7dfe50ee057bf,ethereum,1521798517,0,0.9652714729309082,0.7149142622947693,0.9992051859747634,0.9774362587030725,1,True,0.0,2.222704,4.31101,7.387396
ethereum:0x4f3afec4e5a3f2a6a1a411def7d7dfe50ee057bf:1709092283:6:0x3d83df28fd8ebe09796fe0f3014fca2ff9bea2e30df0750b675897bef2b459f5,ethereum:0x4f3afec4e5a3f2a6a1a411def7d7dfe50ee057bf,ethereum,1521798517,0,0.9652714729309082,0.7149142622947693,0.9992051859747634,0.9774362587030725,1,True,0.0,1.895154,4.07373,6.841515
ethereum:0x4f3afec4e5a3f2a6a1a411def7d7dfe50ee057bf:1709092283:7:0xef4076ea974093117af687447d0917190840e5e1dd9d94dc916400c9986d29b2,ethereum:0x4f3afec4e5a3f2a6a1a411def7d7dfe50ee057bf,ethereum,1521799626,0,0.8600606322288513,0.7050986289978027,0.957676224876323,0.8887894208738728,1,True,0.0,2.493382,4.829333,19.291325
ethereum:0x4f3afec4e5a3f2a6a1a411def7d7dfe50ee057bf:1709092283:8:0xef4076ea974093117af687447d0917190840e5e1dd9d94dc916400c9986d29b2,ethereum:0x4f3afec4e5a3f2a6a1a411def7d7dfe50ee057bf,ethereum,1521799626,0,0.8600606322288513,0.7050986289978027,0.957676224876323,0.8887894208738728,1,True,0.0,3.082182,4.13113,8.210124
ethereum:0x4f3afec4e5a3f2a6a1a411def7d7dfe50ee057bf:1709092283:9:0xef4076ea974093117af687447d0917190840e5e1dd9d94dc916400c9986d29b2,ethereum:0x4f3afec4e5a3f2a6a1a411def7d7dfe50ee057bf,ethereum,1521799626,0,0.8600606322288513,0.7050986289978027,0.957676224876323,0.8887894208738728,1,True,0.0,1.859912,4.165959,6.742025
ethereum:0x4f3afec4e5a3f2a6a1a411def7d7dfe50ee057bf:1709092283:10:0xef4076ea974093117af687447d0917190840e5e1dd9d94dc916400c9986d29b2,ethereum:0x4f3afec4e5a3f2a6a1a411def7d7dfe50ee057bf,ethereum,1521799626,0,0.8600606322288513,0.7050986289978027,0.957676224876323,0.8887894208738728,1,True,0.0,1.903866,4.479582,7.120954
ethereum:0x4f3afec4e5a3f2a6a1a411def7d7dfe50ee057bf:1709092283:11:0xef4076ea974093117af687447d0917190840e5e1dd9d94dc916400c9986d29b2,ethereum:0x4f3afec4e5a3f2a6a1a411def7d7dfe50ee057bf,ethereum,1521799626,0,0.8600606322288513,0.7050986289978027,0.957676224876323,0.8887894208738728,1,True,0.0,1.763001,4.514311,6.969526
ethereum:0x4f3afec4e5a3f2a6a1a411def7d7dfe50ee057bf:1709092283:12:0xef4076ea974093117af687447d0917190840e5e1dd9d94dc916400c9986d29b2,ethereum:0x4f3afec4e5a3f2a6a1a411def7d7dfe50ee057bf,ethereum,1521799626,0,0.8600606322288513,0.7050986289978027,0.957676224876323,0.8887894208738728,1,True,0.0,2.003461,3.923827,6.616946
ethereum:0x4f3afec4e5a3f2a6a1a411def7d7dfe50ee057bf:1709092283:13:0xef4076ea974093117af687447d0917190840e5e1dd9d94dc916400c9986d29b2,ethereum:0x4f3afec4e5a3f2a6a1a411def7d7dfe50ee057bf,ethereum,1521799626,0,0.8600606322288513,0.7050986289978027,0.957676224876323,0.8887894208738728,1,True,0.0,2.404087,5.346986,8.578486
ethereum:0x4f3afec4e5a3f2a6a1a411def7d7dfe50ee057bf:1709092283:14:0x347d5362f7ae3d9a8653d11e7a7a47f225012a7b3af03803a159b9752e95e343,ethereum:0x4f3afec4e5a3f2a6a1a411def7d7dfe50ee057bf,ethereum,1521964028,0,0.8090337514877319,0.701256275177002,0.8936595936920904,0.8389079830810235,1,True,0.0,13.332688,4.65131,19.11229
ethereum:0x4f3afec4e5a3f2a6a1a411def7d7dfe50ee057bf:1709092283:15:0x347d5362f7ae3d9a8653d11e7a7a47f225012a7b3af03803a159b9752e95e343,ethereum:0x4f3afec4e5a3f2a6a1a411def7d7dfe50ee057bf,ethereum,1521964028,0,0.8090337514877319,0.701256275177002,0.8936595936920904,0.8389079830810235,1,True,0.0,1.931815,3.89228,6.617911
ethereum:0x4f3afec4e5a3f2a6a1a411def7d7dfe50ee057bf:1709092283:16:0x347d5362f7ae3d9a8653d11e7a7a47f225012a7b3af03803a159b9752e95e343,ethereum:0x4f3afec4e5a3f2a6a1a411def7d7dfe50ee057bf,ethereum,1521964028,0,0.8090337514877319,0.701256275177002,0.8936595936920904,0.8389079830810235,1,True,0.0,1.866413,4.246989,6.83662
ethereum:0x4f3afec4e5a3f2a6a1a411def7d7dfe50ee057bf:1709092283:17:0x347d5362f7ae3d9a8653d11e7a7a47f225012a7b3af03803a159b9752e95e343,ethereum:0x4f3afec4e5a3f2a6a1a411def7d7dfe50ee057bf,ethereum,1521964028,0,0.8090337514877319,0.701256275177002,0.8936595936920904,0.8389079830810235,1,True,0.0,2.035519,3.80135,6.553259
ethereum:0x4f3afec4e5a3f2a6a1a411def7d7dfe50ee057bf:1709092283:18:0x347d5362f7ae3d9a8653d11e7a7a47f225012a7b3af03803a159b9752e95e343,ethereum:0x4f3afec4e5a3f2a6a1a411def7d7dfe50ee057bf,ethereum,1521964028,0,0.8090337514877319,0.701256275177002,0.8936595936920904,0.8389079830810235,1,True,0.0,1.854247,3.8374,6.363114
ethereum:0x4f3afec4e5a3f2a6a1a411def7d7dfe50ee057bf:1709092283:19:0x952584882c50a878450744b2ceaf00f3d1003839bddd5e0187fc1ef268382b34,ethereum:0x4f3afec4e5a3f2a6a1a411def7d7dfe50ee057bf,ethereum,1522036619,0,0.6967310309410095,0.6929811835289001,0.6223395554997163,0.7170900197397866,1,True,0.0,1.895212,3.692627,6.298627
ethereum:0x4f3afec4e5a3f2a6a1a411def7d7dfe50ee057bf:1709092283:20:0xc3a1cdb8fe74596967d80c9707896b2c24bafc1ec014937d5de1159cd76afb86,ethereum:0x4f3afec4e5a3f2a6a1a411def7d7dfe50ee057bf,ethereum,1522036998,0,0.6580181121826172,0.6910853981971741,0.5068658001202822,0.6738705759275184,1,True,0.0,2.013376,3.644419,6.390711
ethereum:0x4f3afec4e5a3f2a6a1a411def7d7dfe50ee057bf:1709092283:21:0xc3a1cdb8fe74596967d80c9707896b2c24bafc1ec014937d5de1159cd76afb86,ethereum:0x4f3afec4e5a3f2a6a1a411def7d7dfe50ee057bf,ethereum,1522036998,0,0.6580181121826172,0.6910853981971741,0.5068658001202822,0.6738705759275184,1,True,0.0,2.03853,3.791997,6.774998
ethereum:0x5b09a0371c1da44a8e24d36bf5deb1141a84d875:1709241383:1:0x9973f18cdef9a1d84506a7cb1b394a7f8ab05b0fe578dd755593cdde78cc27b1,ethereum:0x5b09a0371c1da44a8e24d36bf5deb1141a84d875,ethereum,1522193116,0,0.9387516975402832,0.7153142690658569,0.9961351543517701,0.9584394842083281,1,True,0.0,1.943499,14.801376,17.540785
ethereum:0x5b09a0371c1da44a8e24d36bf5deb1141a84d875:1709241383:2:0x0221082f62a0b220c261211a9f041d3e2137946a96f4660a69d9a6da06150f8e,ethereum:0x5b09a0371c1da44a8e24d36bf5deb1141a84d875,ethereum,1522193146,0,0.8721689581871033,0.7107041478157043,0.9676203802283452,0.9035224161329718,1,True,0.0,2.004665,4.128954,7.034025
ethereum:0x5b09a0371c1da44a8e24d36bf5deb1141a84d875:1709241383:3:0x191314f72a9bd20f9cb49c8ee3ba0b04c989882e07a8cf5b54ccd963d53a09e1,ethereum:0x5b09a0371c1da44a8e24d36bf5deb1141a84d875,ethereum,1522193146,0,0.8219046592712402,0.7056882381439209,0.913446624633515,0.8554875363790734,1,True,0.0,1.90728,3.74673,6.448565
ethereum:0x5b09a0371c1da44a8e24d36bf5deb1141a84d875:1709241383:4:0x1baa222d38d2e6e79200b11a24c1af92e0b33dc59503ab93cb6e114f5e4e595e,ethereum:0x5b09a0371c1da44a8e24d36bf5deb1141a84d875,ethereum,1522193146,0,0.7866048216819763,0.7047984600067139,0.8529833453208039,0.8222301285140773,1,True,0.0,1.864143,4.100538,6.752255
ethereum:0x5b09a0371c1da44a8e24d36bf5deb1141a84d875:1709241383:5:0x1c704f7ab1a5f1fcffef6a2f29d9e69ba88372ab58c2386d9932cf73372e4330,ethereum:0x5b09a0371c1da44a8e24d36bf5deb1141a84d875,ethereum,1522193146,0,0.7633099555969238,0.7039620280265808,0.8025550651323352,0.7993410863933821,1,True,0.0,2.014387,3.811593,6.688799
ethereum:0x5b09a0371c1da44a8e24d36bf5deb1141a84d875:1709241383:6:0x2083a1cf4195244d804b9ad2367cec7b9e2ddd1c256c55b7f547721c8428ade9,ethereum:0x5b09a0371c1da44a8e24d36bf5deb1141a84d875,ethereum,1522193146,0,0.7467263340950012,0.7033706903457642,0.7619826145624532,0.7827440258421057,1,True,0.0,1.827638,3.724146,6.323334
ethereum:0x5b09a0371c1da44a8e24d36bf5deb1141a84d875:1709241383:7:0x24f698a085f319b792631da4063a169007d00e5fce8fc1295b076ce71fe6ad6d,ethereum:0x5b09a0371c1da44a8e24d36bf5deb1141a84d875,ethereum,1522193146,0,0.7342506647109985,0.7028761506080627,0.7292297800086327,0.7700248546437222,1,True,0.0,1.8497,4.113566,6.704213
ethereum:0x5b09a0371c1da44a8e24d36bf5deb1141a84d875:1709241383:8:0x29cb702f0adf64c3962ffbc8b6c6473701b58320d97c5dab8fd7dcdbb7780944,ethereum:0x5b09a0371c1da44a8e24d36bf5deb1141a84d875,ethereum,1522193146,0,0.7248222231864929,0.7024243474006653,0.7033905612383066,0.7602025071472693,1,True,0.0,1.817545,3.820191,6.410075
ethereum:0x5b09a0371c1da44a8e24d36bf5deb1141a84d875:1709241383:9:0x3a78dbdf6bb065b082ad655ec34f82ced41f3f155747d1104a9eeff56ceaeebb,ethereum:0x5b09a0371c1da44a8e24d36bf5deb1141a84d875,ethereum,1522193146,0,0.717624843120575,0.70204758644104,0.6831296224793213,0.7525995375109806,1,True,0.0,2.060209,15.466669,18.44936
ethereum:0x5b09a0371c1da44a8e24d36bf5deb1141a84d875:1709241383:10:0x3c2d70066e90d96fcc5381ee2a9d30d3ae87a67129b0e57f1e924fddef458474,ethereum:0x5b09a0371c1da44a8e24d36bf5deb1141a84d875,ethereum,1522193146,0,0.7120823860168457,0.7017261385917664,0.6672565363032332,0.7466622122750635,1,True,0.0,2.181806,3.955024,7.009956
ethereum:0x5b09a0371c1da44a8e24d36bf5deb1141a84d875:1709241383:11:0x428c46d49142c24f3b3efc5517cc3edb52a177b482b7091dccef454161e9876d,ethereum:0x5b09a0371c1da44a8e24d36bf5deb1141a84d875,ethereum,1522193146,0,0.7077534794807434,0.7012434601783752,0.6547172527558852,0.7416347639430508,1,True,0.0,1.979167,3.754607,6.582101
ethereum:0x5b09a0371c1da44a8e24d36bf5deb1141a84d875:1709241383:12:0x43a38f588b08ed1594957ed40a60ed437703de9ed94265c8f9f0c9a2d359103b,ethereum:0x5b09a0371c1da44a8e24d36bf5deb1141a84d875,ethereum,1522193146,0,0.7054238319396973,0.7010291814804077,0.6479235816763054,0.7389913210882761,1,True,0.0,2.014274,4.013662,7.035918
ethereum:0x5b09a0371c1da44a8e24d36bf5deb1141a84d875:1709241383:13:0x4a2d5b1ab138ca7cc2896644841f681bdd98cc113c7b2c5c08b20d9ea6ce0742,ethereum:0x5b09a0371c1da44a8e24d36bf5deb1141a84d875,ethereum,1522193146,0,0.7037328481674194,0.7007911801338196,0.6429742181642942,0.7369354180566265,1,True,0.0,2.241666,4.017029,7.187494
ethereum:0x5b09a0371c1da44a8e24d36bf5deb1141a84d875:1709241383:14:0x4f11431e178e515762a1d3aab25efb801484717a8aa8c92420e965bf2bee23dd,ethereum:0x5b09a0371c1da44a8e24d36bf5deb1141a84d875,ethereum,1522193146,0,0.7024971842765808,0.7005023956298828,0.6393484900930733,0.7352442362046009,1,True,0.0,1.985225,4.525022,7.354532
ethereum:0x5b09a0371c1da44a8e24d36bf5deb1141a84d875:1709241383:15:0x5062657bb0136822dd331b8f40b53d62e2b98ab478dfff05c948a83466b43b1c,ethereum:0x5b09a0371c1da44a8e24d36bf5deb1141a84d875,ethereum,1522193146,0,0.7017366290092468,0.7001392245292664,0.6371132242128454,0.7339005941420189,1,True,0.0,2.037938,4.099451,7.175254
ethereum:0x5b09a0371c1da44a8e24d36bf5deb1141a84d875:1709241383:16:0x507b8db83357c6bb557a01b2e86d8f950e90315e78396cd5dcd4c0ff07637ddd,ethereum:0x5b09a0371c1da44a8e24d36bf5deb1141a84d875,ethereum,1522193146,0,0.7012941837310791,0.7000594735145569,0.6358116544491407,0.7333313671430219,1,True,0.0,2.055129,4.006074,6.879312
ethereum:0x5b09a0371c1da44a8e24d36bf5deb1141a84d875:1709241383:17:0x576d445d452757c8641944b056a82d3890387eeb4b66363cb7d5db39a0b9a67b,ethereum:0x5b09a0371c1da44a8e24d36bf5deb1141a84d875,ethereum,1522193146,0,0.7010584473609924,0.6998636722564697,0.6351178125836779,0.7327786317915417,1,True,0.0,2.084164,15.363321,18.368534
ethereum:0x5b09a0371c1da44a8e24d36bf5deb1141a84d875:1709241383:18:0x57dbacfa96c1c58cd050e32803603ffa6e50185e76e54e23147b03178765cd09,ethereum:0x5b09a0371c1da44a8e24d36bf5deb1141a84d875,ethereum,1522193146,0,0.7010019421577454,0.6998270153999329,0.634951464160397,0.7326627841344925,1,True,0.0,2.009505,3.627859,6.628933
ethereum:0x5b09a0371c1da44a8e24d36bf5deb1141a84d875:1709241383:19:0x5bca44e1fd466ad5050183a7076b4b1857dbd9b0a6414a907d66fb16c4926343,ethereum:0x5b09a0371c1da44a8e24d36bf5deb1141a84d875,ethereum,1522193146,0,0.7010869383811951,0.6997268199920654,0.6352016832928055,0.7325843978687226,1,True,0.0,1.96015,4.057519,6.903539
ethereum:0x5b09a0371c1da44a8e24d36bf5deb1141a84d875:1709241383:20:0x5eda0ba94b9dd9810da0d78c1ff8f371dbda8dfe26dafc7d4b286e1faea9342a,ethereum:0x5b09a0371c1da44a8e24d36bf5deb1141a84d875,ethereum,1522193146,0,0.7012845873832703,0.699631929397583,0.6357834144276998,0.7326268486185895,1,True,0.0,1.951771,3.839104,6.610204
ethereum:0x5b09a0371c1da44a8e24d36bf5deb1141a84d875:1709241383:21:0x7888b5758109714eb1cda45541bd1927db3c46254068afa8aafe857cbac5c7b4,ethereum:0x5b09a0371c1da44a8e24d36bf5deb1141a84d875,ethereum,1522193146,0,0.7015514373779297,0.6995339393615723,0.6365685424033837,0.7327332852149562,1,True,0.0,1.888093,3.649073,6.464287
ethereum:0x5b09a0371c1da44a8e24d36bf5deb1141a84d875:1709241383:22:0x79da63c2d0ce6894f5059e1c1cdccdaec3e955167ec0e00b6e3b944d9ee01f79,ethereum:0x5b09a0371c1da44a8e24d36bf5deb1141a84d875,ethereum,1522193146,0,0.7018803954124451,0.6994999647140503,0.6375359585551456,0.733005725361711,1,True,0.0,1.969961,4.700053,7.821446
ethereum:0x5b09a0371c1da44a8e24d36bf5deb1141a84d875:1709241383:23:0x7d25269b4b7897ac87d54a86219c7036133c4ec2535c018178b9d7d8b6e24bc3,ethereum:0x5b09a0371c1da44a8e24d36bf5deb1141a84d875,ethereum,1522193146,0,0.702264130115509,0.6994692087173462,0.638663832922817,0.7333379803281449,1,True,0.0,2.152954,3.856082,6.907221
ethereum:0x5b09a0371c1da44a8e24d36bf5deb1141a84d875:1709241383:24:0x814d42c27468faaf5d5edd68bd188dbc602270192502a3cb2f761e6cec032ab5,ethereum:0x5b09a0371c1da44a8e24d36bf5deb1141a84d875,ethereum,1522193146,0,0.7027006149291992,0.699437141418457,0.63994591034376,0.733720665767169,1,True,0.0,1.923107,3.701043,6.507405
ethereum:0x5b09a0371c1da44a8e24d36bf5deb1141a84d875:1709241383:25:0x83fe56128545682363c0bcb59b2f5c75d5ab2d622c81f4e2e6443ba5e3511e85,ethereum:0x5b09a0371c1da44a8e24d36bf5deb1141a84d875,ethereum,1522193146,0,0.7031804323196411,0.6994125247001648,0.6413542173274234,0.7341585899838011,1,True,0.0,1.894368,15.912401,18.746205
ethereum:0x5b09a0371c1da44a8e24d36bf5deb1141a84d875:1709241383:26:0x855ecf1574b529790cae9120fce8de2bb10a4a953cf8bac5307f2962f6ee8e36,ethereum:0x5b09a0371c1da44a8e24d36bf5deb1141a84d875,ethereum,1522193146,0,0.7037480473518372,0.6993818879127502,0.6430187696033953,0.7346741791600734,1,True,0.0,2.006484,4.900302,8.02965
ethereum:0x5b09a0371c1da44a8e24d36bf5deb1141a84d875:1709241383:27:0x8c63d87d3c4042d92d1a90fc820272418224b9c4a91491957ba3653c8c54c36f,ethereum:0x5b09a0371c1da44a8e24d36bf5deb1141a84d875,ethereum,1522193146,0,0.7043929100036621,0.6993734836578369,0.6449079057895108,0.7353025638331204,1,True,0.0,2.001213,4.613889,7.570371
ethereum:0x5b09a0371c1da44a8e24d36bf5deb1141a84d875:1709241383:28:0x8cbe3ff864b9de5f1693c6ec95596fb82276d51506fb93d4bf80821ff5175825,ethereum:0x5b09a0371c1da44a8e24d36bf5deb1141a84d875,ethereum,1522193146,0,0.7050576210021973,0.6993314027786255,0.6468529673218137,0.7358962547438161,1,True,0.0,2.110645,16.134805,19.258964
ethereum:0x5b09a0371c1da44a8e24d36bf5deb1141a84d875:1709241383:29:0x92e5ccd7ba5a274a5185130a2bf2b6ea5c0508580ffc1d3016e85bf73ad6b821,ethereum:0x5b09a0371c1da44a8e24d36bf5deb1141a84d875,ethereum,1522193146,0,0.7057382464408875,0.6993241310119629,0.6488422030014709,0.7365618416543898,1,True,0.0,2.622312,4.093355,7.798654
ethereum:0x4f3afec4e5a3f2a6a1a411def7d7dfe50ee057bf:1709092283:22:0x19e570ed69bb0dc1ad93af5d0676749bb2467be38dded1e9413c527e366610a0,ethereum:0x4f3afec4e5a3f2a6a1a411def7d7dfe50ee057bf,ethereum,1522211744,0,0.6490901112556458,0.6896626949310303,0.48063129196589954,0.6619823601718017,1,True,0.0,2.258496,4.026116,7.247791
ethereum:0x4f3afec4e5a3f2a6a1a411def7d7dfe50ee057bf:1709092283:23:0xcd5a20a8e761b1adec97deea9cf8c332a1f9a5da3468ae99b4e95f547231cbea,ethereum:0x4f3afec4e5a3f2a6a1a411def7d7dfe50ee057bf,ethereum,1522227835,0,0.6363664269447327,0.6897727847099304,0.4439764900096018,0.6488591281659226,1,True,0.0,1.860536,4.003772,6.665455
ethereum:0x4f3afec4e5a3f2a6a1a411def7d7dfe50ee057bf:1709092283:24:0x10b5ccdc029093fc40a31d892a43d345331c8c0a49aced136306bef4970b6a1a,ethereum:0x4f3afec4e5a3f2a6a1a411def7d7dfe50ee057bf,ethereum,1522593180,0,0.629718542098999,0.6892480850219727,0.42525746129144965,0.64090101712387,1,True,0.0,1.977519,3.888252,6.647062
ethereum:0x4f3afec4e5a3f2a6a1a411def7d7dfe50ee057bf:1709092283:25:0x3c1830387bad87574846f8a3e66be31915c2903e1713bbc4cdb4370667aa06d6,ethereum:0x4f3afec4e5a3f2a6a1a411def7d7dfe50ee057bf,ethereum,1522609219,0,0.6254976391792297,0.6887773275375366,0.4135503593721154,0.635575630575995,1,True,0.0,1.819006,3.826245,6.438498
ethereum:0x4f3afec4e5a3f2a6a1a411def7d7dfe50ee057bf:1709092283:26:0x1291860767a2d73677ab1d675ad5841e38229bfb3762e001d2812fc2ac6ba968,ethereum:0x4f3afec4e5a3f2a6a1a411def7d7dfe50ee057bf,ethereum,1522659388,0,0.6155129671096802,0.6882615089416504,0.3864651700310521,0.6240702949378502,1,True,0.0,1.815843,3.78103,6.392957
ethereum:0x4f3afec4e5a3f2a6a1a411def7d7dfe50ee057bf:1709092283:27:0x1291860767a2d73677ab1d675ad5841e38229bfb3762e001d2812fc2ac6ba968,ethereum:0x4f3afec4e5a3f2a6a1a411def7d7dfe50ee057bf,ethereum,1522659388,0,0.6155129671096802,0.6882615089416504,0.3864651700310521,0.6240702949378502,1,True,0.0,1.815631,3.670958,6.237497
ethereum:0x4f3afec4e5a3f2a6a1a411def7d7dfe50ee057bf:1709092283:28:0x415e25eacd4e5cd84fb0ddd485320823e52accb4189ab92427565bf934007d5b,ethereum:0x4f3afec4e5a3f2a6a1a411def7d7dfe50ee057bf,ethereum,1522663064,0,0.603491485118866,0.6867051124572754,0.3551062564515182,0.6083623128440471,1,True,0.0,2.17324,15.549823,18.594867
ethereum:0x4f3afec4e5a3f2a6a1a411def7d7dfe50ee057bf:1709092283:29:0x415e25eacd4e5cd84fb0ddd485320823e52accb4189ab92427565bf934007d5b,ethereum:0x4f3afec4e5a3f2a6a1a411def7d7dfe50ee057bf,ethereum,1522663064,0,0.603491485118866,0.6867051124572754,0.3551062564515182,0.6083623128440471,1,True,0.0,2.427923,3.706182,7.003955
ethereum:0x8db90e3e7d04c875a51997092f9178fcac9defdb:1709225027:0:0x8526fab7a37abe796e6c66d608e89a4e359da74e2062aa2bb5f445408bd9a8cb,ethereum:0x8db90e3e7d04c875a51997092f9178fcac9defdb,ethereum,1524232567,0,0.9897298812866211,0.7182673215866089,0.9999709562026756,0.9940678617294184,1,True,0.0,2.034337,4.213688,7.153265
ethereum:0x8db90e3e7d04c875a51997092f9178fcac9defdb:1709225027:1:0xda90c5e4782a23897a0e206c0c22139e51ad69c028bca41b7e5aa47a099a2efb,ethereum:0x8db90e3e7d04c875a51997092f9178fcac9defdb,ethereum,1524233138,0,0.9387516975402832,0.7153142690658569,0.9961351543517701,0.9584394842083281,1,True,0.0,2.353243,4.60843,7.91221
ethereum:0x8db90e3e7d04c875a51997092f9178fcac9defdb:1709225027:2:0x40a4a099bfc371b99e1bdc5e8a153d8726bb07a4d1d7332bfd369c8f06d6d575,ethereum:0x8db90e3e7d04c875a51997092f9178fcac9defdb,ethereum,1524367090,0,0.8623139262199402,0.709467351436615,0.9596641357533802,0.8942891522869996,1,True,0.0,2.311256,4.212137,7.402047
ethereum:0x8db90e3e7d04c875a51997092f9178fcac9defdb:1709225027:3:0x2a91d2121043b1326d00075d597c6423302313c3fffd5b9ffa8e129d9cd0627b,ethereum:0x8db90e3e7d04c875a51997092f9178fcac9defdb,ethereum,1524369076,0,0.7940673828125,0.7026340961456299,0.8673925517396861,0.8265515726887476,1,True,0.0,1.944049,3.980725,6.647992
ethereum:0x8db90e3e7d04c875a51997092f9178fcac9defdb:1709225027:4:0x73d2c3593d29da848e7377cbea176085c8ce86ff56148b862d2591942cca1324,ethereum:0x8db90e3e7d04c875a51997092f9178fcac9defdb,ethereum,1524369076,0,0.7510855197906494,0.7009217739105225,0.7729941474909865,0.7834671759354211,1,True,0.0,2.059979,4.052302,6.866434
ethereum:0x8db90e3e7d04c875a51997092f9178fcac9defdb:1709225027:5:0x571c2d3416577a93e6a06439eb2a8b99d42023c0e955c228d7a064b2bd537bf7,ethereum:0x8db90e3e7d04c875a51997092f9178fcac9defdb,ethereum,1524369553,0,0.7478158473968506,0.7005818486213684,0.7647568703733938,0.7798197162532902,1,True,0.0,2.05451,4.09303,7.009373
ethereum:0x8db90e3e7d04c875a51997092f9178fcac9defdb:1709225027:6:0x5e14c657beeca80b455613dea0678707ce07fccdd39c7a0cfe69a36d3e38529a,ethereum:0x8db90e3e7d04c875a51997092f9178fcac9defdb,ethereum,1524374797,0,0.7486295104026794,0.6999648213386536,0.7668191999676334,0.7797288241047298,1,True,0.0,13.275293,4.344641,18.472732
ethereum:0x8db90e3e7d04c875a51997092f9178fcac9defdb:1709225027:7:0x0a17c65a89182f592e2e56c7f2eac2fb06d251a7929cafa0657583119813633d,ethereum:0x8db90e3e7d04c875a51997092f9178fcac9defdb,ethereum,1524377131,0,0.7288356423377991,0.6984433531761169,0.7144937826762124,0.7580861780585553,1,True,0.0,1.941261,4.205699,6.947031
ethereum:0x8db90e3e7d04c875a51997092f9178fcac9defdb:1709225027:8:0x1085578f8fc23d99ca1a85f2b80413542e4489b472f3f95f1fe532ad296ad389,ethereum:0x8db90e3e7d04c875a51997092f9178fcac9defdb,ethereum,1524377131,0,0.714827835559845,0.6974581480026245,0.6751463918140845,0.7426447217422696,1,True,0.0,1.873324,3.921019,6.579876
ethereum:0x8db90e3e7d04c875a51997092f9178fcac9defdb:1709225027:9:0x11303f13326e3a9a3f2aa882419fd6f76b79437303a7b525c1dbbb5d79f97cd3,ethereum:0x8db90e3e7d04c875a51997092f9178fcac9defdb,ethereum,1524377131,0,0.7051163911819458,0.6957060098648071,0.6470248288911393,0.7300882329023429,1,True,0.0,1.843968,3.996426,6.645133
ethereum:0x8db90e3e7d04c875a51997092f9178fcac9defdb:1709225027:10:0x2cda1d0ff19afc8d80244d64976ede6aa150cfa30d6fb1dbaf126cf2098e5b41,ethereum:0x8db90e3e7d04c875a51997092f9178fcac9defdb,ethereum,1524377131,0,0.6979201436042786,0.6953171491622925,0.6258582532059924,0.7221733289106008,1,True,0.0,2.084,4.469182,7.332187
ethereum:0x8db90e3e7d04c875a51997092f9178fcac9defdb:1709225027:11:0x2e66f71d917a45ef61b985fbde75846250cc701b5c313d8c73537d4555b3e0df,ethereum:0x8db90e3e7d04c875a51997092f9178fcac9defdb,ethereum,1524377131,0,0.6924290657043457,0.6949779987335205,0.6095693303751496,0.71603558673463,1,True,0.0,2.020631,4.083877,6.925338
ethereum:0x8db90e3e7d04c875a51997092f9178fcac9defdb:1709225027:12:0x3df71d4d176c0324591f6183a7f6c42a98b65d9775aaf095353ed9017107001f,ethereum:0x8db90e3e7d04c875a51997092f9178fcac9defdb,ethereum,1524377131,0,0.6948248744010925,0.6937719583511353,0.6166885305454227,0.7164605477548085,1,True,0.0,1.971473,3.878023,6.616821
ethereum:0x8db90e3e7d04c875a51997092f9178fcac9defdb:1709225027:13:0x5edd4233f33d2cd684c99dc6280809b6e7653ebbc0c960ce07c57309b0bf6eb4,ethereum:0x8db90e3e7d04c875a51997092f9178fcac9defdb,ethereum,1524377131,0,0.6902879476547241,0.6926767230033875,0.6031933979193835,0.7099819050272623,1,True,0.0,2.182463,3.766691,6.861414
ethereum:0x8db90e3e7d04c875a51997092f9178fcac9defdb:1709225027:14:0xeb60f10f991d40f69787d8432ae2b07fc9a9572c935b20173b6582f5f3a3c4bb,ethereum:0x8db90e3e7d04c875a51997092f9178fcac9defdb,ethereum,1524377131,0,0.6866564750671387,0.6923862099647522,0.5923557516988185,0.7057612289427102,1,True,0.0,13.000343,4.669039,18.638838
ethereum:0x8db90e3e7d04c875a51997092f9178fcac9defdb:1709225027:15:0xfc382049b0677d35907702d8cafb5f05536cf2da120e1bf9cd1068b699965404,ethereum:0x8db90e3e7d04c875a51997092f9178fcac9defdb,ethereum,1524377131,0,0.6837136149406433,0.6921270489692688,0.5835568332057635,0.702291722906428,1,True,0.0,1.986101,3.836146,6.728688
ethereum:0x8db90e3e7d04c875a51997092f9178fcac9defdb:1709225027:16:0xfdde411d7ca5e8379e0a9e0ec761802a27a77ac154ba8b6b78471b8c976c8ce1,ethereum:0x8db90e3e7d04c875a51997092f9178fcac9defdb,ethereum,1524377131,0,0.6814918518066406,0.6919188499450684,0.5769075196225663,0.6996454893200812,1,True,0.0,1.845669,4.062983,6.778682
ethereum:0x8db90e3e7d04c875a51997092f9178fcac9defdb:1709225027:17:0x27da15745526c830addb50cbcec3f3be8efdebd2b12f9c0712f343946558aeb0,ethereum:0x8db90e3e7d04c875a51997092f9178fcac9defdb,ethereum,1524377152,0,0.6797539591789246,0.6917368173599243,0.5717040235170727,0.6975392005314532,1,True,0.0,2.409308,5.25935,20.036451
ethereum:0x8db90e3e7d04c875a51997092f9178fcac9defdb:1709225027:18:0x53da1439c77e7119ca4d8e7d0b83d68a9633b823f6268c51ada24dd09821f989,ethereum:0x8db90e3e7d04c875a51997092f9178fcac9defdb,ethereum,1524377152,0,0.6787241697311401,0.6915847659111023,0.5686201868679083,0.696213227971951,1,True,0.0,1.91304,3.955123,6.760039
ethereum:0x8db90e3e7d04c875a51997092f9178fcac9defdb:1709225027:19:0x6a23d330ec1bb0a48a8c69c0a81d39ce5a6c4ae699bca1c60601b2782484ecec,ethereum:0x8db90e3e7d04c875a51997092f9178fcac9defdb,ethereum,1524377152,0,0.6782459616661072,0.6914569735527039,0.5671880795254363,0.695497976660517,1,True,0.0,1.961059,4.10365,6.913829
ethereum:0x8db90e3e7d04c875a51997092f9178fcac9defdb:1709225027:20:0x8f552a1a153fcda339d925f94c534478852197d08e89be77b0dabc417e383462,ethereum:0x8db90e3e7d04c875a51997092f9178fcac9defdb,ethereum,1524377152,0,0.6780109405517578,0.6913959980010986,0.5664842503833748,0.6951494414548002,1,True,0.0,2.036919,3.801301,6.744311
ethereum:0x8db90e3e7d04c875a51997092f9178fcac9defdb:1709225027:21:0x9bd612964c0abe5c6e35200f0c9444f790beb8f623dcd2a066b86cdf0859897e,ethereum:0x8db90e3e7d04c875a51997092f9178fcac9defdb,ethereum,1524377152,0,0.6779266595840454,0.6908432245254517,0.5662318503225476,0.694103986510241,1,True,0.0,2.11281,3.944706,6.969246
ethereum:0x8db90e3e7d04c875a51997092f9178fcac9defdb:1709225027:22:0xbbf67f29d128492469264a0955ed17cbbcc80dd3f60b38ded5f8359d3715c572,ethereum:0x8db90e3e7d04c875a51997092f9178fcac9defdb,ethereum,1524377152,0,0.677996814250946,0.690740704536438,0.5664419456886669,0.6939988394908086,1,True,0.0,1.943498,4.23451,7.051108
ethereum:0x8db90e3e7d04c875a51997092f9178fcac9defdb:1709225027:23:0x8d4a6433e9e14bc5c65dc1c6a1b6965b395e67ef1077b44be726701fbc67d7ea,ethereum:0x8db90e3e7d04c875a51997092f9178fcac9defdb,ethereum,1524377331,0,0.6781955361366272,0.6906465291976929,0.5670370677389737,0.6940413979757107,1,True,0.0,1.856332,4.904904,7.597802
ethereum:0x8db90e3e7d04c875a51997092f9178fcac9defdb:1709225027:24:0x0658736c962f89879a27761f3fd0131d152a325ed2993b4d08005350bd593842,ethereum:0x8db90e3e7d04c875a51997092f9178fcac9defdb,ethereum,1524377333,0,0.6785138845443726,0.6902102828025818,0.5679904398817861,0.6936150330203168,1,True,0.0,2.025306,15.645898,18.627291
ethereum:0x8db90e3e7d04c875a51997092f9178fcac9defdb:1709225027:25:0x14cdecb8cc9c0ea0b62d2ef360ee133b8feeb7ee08e48798b81a5391355589ad,ethereum:0x8db90e3e7d04c875a51997092f9178fcac9defdb,ethereum,1524377333,0,0.678916871547699,0.6901667714118958,0.5691972722607019,0.6939577026875196,1,True,0.0,2.394483,3.831578,7.181604
ethereum:0x8db90e3e7d04c875a51997092f9178fcac9defdb:1709225027:26:0x228f11262ea1f68cb3bd511793863d4b01d2f7a4f89e2eeacb9b365959dbe670,ethereum:0x8db90e3e7d04c875a51997092f9178fcac9defdb,ethereum,1524377333,0,0.6793485283851624,0.6901258230209351,0.5704899361301236,0.6943346235685939,1,True,0.0,1.986199,4.336901,7.283087
ethereum:0x8db90e3e7d04c875a51997092f9178fcac9defdb:1709225027:27:0x266e92167acc56921e0681fffbe4c864fd54edce0a56630f0850e571bfd069f2,ethereum:0x8db90e3e7d04c875a51997092f9178fcac9defdb,ethereum,1524377333,0,0.679740846157074,0.6900815367698669,0.5716647564878494,0.6946650166010273,1,True,0.0,2.068431,4.058928,7.088733
ethereum:0x8db90e3e7d04c875a51997092f9178fcac9defdb:1709225027:28:0x29c20596b74771a5653ce2139cfb0bf99c7db701988cb7f64f8024add1530c35,ethereum:0x8db90e3e7d04c875a51997092f9178fcac9defdb,ethereum,1524377333,0,0.6801950335502625,0.6900509595870972,0.5730247901478059,0.6950833747651505,1,True,0.0,1.835642,4.379013,7.139889
ethereum:0x8db90e3e7d04c875a51997092f9178fcac9defdb:1709225027:29:0x2decc6e72dccf1d72fe489c060bf4d819d43a0391f604ede253d20bb32c27f5e,ethereum:0x8db90e3e7d04c875a51997092f9178fcac9defdb,ethereum,1524377333,0,0.6806915998458862,0.6900231838226318,0.5745116315713151,0.6955505755967075,1,True,0.0,1.911626,3.823871,6.621657
ethereum:0x47da5456bc2e1ce391b645ce80f2e97192e4976a:1709218919:2:0x1af56d3cc730208d469130ed80ecdaa230bbb46533a0d98ec198c5d4af36aa40,ethereum:0x47da5456bc2e1ce391b645ce80f2e97192e4976a,ethereum,1525831398,0,0.45742642879486084,0.5847094058990479,0.10253605032813795,0.2767093393658872,0,True,0.0,1.934092,4.146926,6.787166
ethereum:0x47da5456bc2e1ce391b645ce80f2e97192e4976a:1709218919:3:0x2b2a77088e32e987f4a6611c568c986d750a103217036ae87f0df9d071b70c25,ethereum:0x47da5456bc2e1ce391b645ce80f2e97192e4976a,ethereum,1525831492,0,0.46627727150917053,0.5952394008636475,0.11159492327848204,0.3000675701584665,0,True,0.0,2.361813,4.370525,7.460377
ethereum:0x95efd1fe6099f65a7ed524def487483221094947:1709082863:0:0x48c057431a4696d5fa8623ecd0135d59e67950258eb23ec0782250b2bea8fc78,ethereum:0x95efd1fe6099f65a7ed524def487483221094947,ethereum,1526171705,0,0.9897298812866211,0.7182673215866089,0.9999709562026756,0.9940678617294184,1,True,0.0,2.061137,14.922711,17.841483
ethereum:0x97cb5cc1b2e10cc56dc16ab9179f06dfedbe41a2:1709079599:0:0xb4a2b0766e7a9c80ecfb7c43ced3baed0cd71b85c077f960b2afbd813b9cb592,ethereum:0x97cb5cc1b2e10cc56dc16ab9179f06dfedbe41a2,ethereum,1526312347,0,0.4489120841026306,0.5621482729911804,0.09441922710305614,0.2389628323550472,0,True,0.0,2.019001,3.866836,6.679373
ethereum:0x97cb5cc1b2e10cc56dc16ab9179f06dfedbe41a2:1709079599:1:0x87c8b7668268935e4fd9804ca3ad9a5696aa27978c416d10d963d903474159ae,ethereum:0x97cb5cc1b2e10cc56dc16ab9179f06dfedbe41a2,ethereum,1526314916,0,0.4663925766944885,0.592517614364624,0.11171726959156247,0.2960517556799052,0,True,0.0,1.891628,3.47385,6.099059
ethereum:0x97cb5cc1b2e10cc56dc16ab9179f06dfedbe41a2:1709079599:2:0xeb94d50a2ec431a8ba214a91442d2ff02b823bd414cef6a7ef41564618fd0426,ethereum:0x97cb5cc1b2e10cc56dc16ab9179f06dfedbe41a2,ethereum,1526316104,0,0.46212467551231384,0.5918848514556885,0.10726369594665809,0.29131323311839685,0,True,0.0,1.800546,3.651404,6.168598
ethereum:0x97cb5cc1b2e10cc56dc16ab9179f06dfedbe41a2:1709079599:3:0x5cab6d808b69a7834a75355804ddf64208f9bf6cb7d1b2272a6506ed4ac29d72,ethereum:0x97cb5cc1b2e10cc56dc16ab9179f06dfedbe41a2,ethereum,1526316148,0,0.4663925766944885,0.592517614364624,0.11171726959156247,0.2960517556799052,0,True,0.0,1.906088,3.876931,6.546149
ethereum:0x97cb5cc1b2e10cc56dc16ab9179f06dfedbe41a2:1709079599:4:0x7c4e4832850b94ebff21aa1312daa374172e30245c33f44ee13cd2cb92d8cf19,ethereum:0x97cb5cc1b2e10cc56dc16ab9179f06dfedbe41a2,ethereum,1526318570,0,0.47449561953544617,0.6011525988578796,0.12060369885717802,0.3167117348786798,0,True,0.0,1.969138,4.637301,7.514903
ethereum:0x97cb5cc1b2e10cc56dc16ab9179f06dfedbe41a2:1709079599:5:0xdb1dab7789befa5d1a5d047816089b83f33d6ab7002abcea6954ed24fb46ac6b,ethereum:0x97cb5cc1b2e10cc56dc16ab9179f06dfedbe41a2,ethereum,1526318668,0,0.4829447269439697,0.6083832383155823,0.13049530728903488,0.3362406385671087,0,True,0.0,2.038338,3.883589,6.727732
ethereum:0x97cb5cc1b2e10cc56dc16ab9179f06dfedbe41a2:1709079599:6:0x7751f6a577eb248b140f7ecf2b2f0522471080c78a5ffe8e870e570ca2c38341,ethereum:0x97cb5cc1b2e10cc56dc16ab9179f06dfedbe41a2,ethereum,1526318750,0,0.4899844229221344,0.6157962679862976,0.1392461744046616,0.355347708992379,0,True,0.0,1.85586,3.760499,6.34973
ethereum:0x97cb5cc1b2e10cc56dc16ab9179f06dfedbe41a2:1709079599:7:0x1505a4eebce4156ccaf86a3ab1ac2c956cc875924a3aea7dc9d52efd8d771396,ethereum:0x97cb5cc1b2e10cc56dc16ab9179f06dfedbe41a2,ethereum,1526319183,0,0.496135413646698,0.6172914505004883,0.14728569797633,0.3639235464575522,0,True,0.0,1.849829,15.07418,17.741378
ethereum:0x97cb5cc1b2e10cc56dc16ab9179f06dfedbe41a2:1709079599:8:0x1ebaefc0b98233b49cd7e5dcfb6d7ae8c4d8a560ac641106d56b3800ec5970a8,ethereum:0x97cb5cc1b2e10cc56dc16ab9179f06dfedbe41a2,ethereum,1526319283,0,0.5016865134239197,0.6186227202415466,0.15486582904111948,0.3717091095566937,0,True,0.0,2.130924,3.795578,7.087032
ethereum:0x97cb5cc1b2e10cc56dc16ab9179f06dfedbe41a2:1709079599:9:0xc6fc19676abc02aa7fba37200987d5d4aea880891d7872d64bf8f56e881a8b50,ethereum:0x97cb5cc1b2e10cc56dc16ab9179f06dfedbe41a2,ethereum,1526319549,0,0.5072682499885559,0.6219877600669861,0.1628066879099733,0.3831526740915617,0,True,0.0,2.048667,3.67833,6.558597
ethereum:0x97cb5cc1b2e10cc56dc16ab9179f06dfedbe41a2:1709079599:10:0xadb7d9045756e7fd2bebed9dbd877eff8162d9a54db832e407375661a298a4d2,ethereum:0x97cb5cc1b2e10cc56dc16ab9179f06dfedbe41a2,ethereum,1526319609,0,0.5123960375785828,0.6251698732376099,0.17039018035353848,0.3939624589293141,0,True,0.0,2.040993,3.645846,6.425945
ethereum:0x97cb5cc1b2e10cc56dc16ab9179f06dfedbe41a2:1709079599:11:0x18fcc08ac343a6c4c2646c0a2697eb889300c0adea70f2f440042b09b55b2c61,ethereum:0x97cb5cc1b2e10cc56dc16ab9179f06dfedbe41a2,ethereum,1526319802,0,0.5165591835975647,0.6261605024337769,0.1767542985974408,0.39997746334945056,0,True,0.0,2.543355,3.617976,7.007351
ethereum:0x97cb5cc1b2e10cc56dc16ab9179f06dfedbe41a2:1709079599:12:0x458ae96e6d1492056a31067ef525f42dd398bf804d85d6d74f91c6c750d74f01,ethereum:0x97cb5cc1b2e10cc56dc16ab9179f06dfedbe41a2,ethereum,1526319882,0,0.5204152464866638,0.6270414590835571,0.18281739228129268,0.4055138257145912,0,True,0.0,1.890002,4.359625,7.23629
ethereum:0x97cb5cc1b2e10cc56dc16ab9179f06dfedbe41a2:1709079599:13:0x82cdddc4dbca9ff3b0d103d328a4123300c2e58399e3b306e1c39b79e6e742de,ethereum:0x97cb5cc1b2e10cc56dc16ab9179f06dfedbe41a2,ethereum,1526319948,0,0.5249752402305603,0.630033552646637,0.1901993741311786,0.4156343496375042,0,True,0.0,1.929107,4.68837,7.487106
ethereum:0x97cb5cc1b2e10cc56dc16ab9179f06dfedbe41a2:1709079599:14:0xf371bfac01417d4e2900faabcd68c8f31303f13aebe421fc979e8a46a0e2175e,ethereum:0x97cb5cc1b2e10cc56dc16ab9179f06dfedbe41a2,ethereum,1526320033,0,0.5293200612068176,0.6309717297554016,0.19744972506736044,0.4218622011121004,0,True,0.0,1.917525,3.821946,6.623457
ethereum:0x97cb5cc1b2e10cc56dc16ab9179f06dfedbe41a2:1709079599:15:0xf9889906292d7e87214ceefa0460c16240345bdada0d6eaa0b4b5251aef84531,ethereum:0x97cb5cc1b2e10cc56dc16ab9179f06dfedbe41a2,ethereum,1526320076,0,0.5333892107009888,0.6318239569664001,0.20443423639910957,0.4276749105707575,0,True,0.0,1.896698,16.419448,19.194357
ethereum:0x97cb5cc1b2e10cc56dc16ab9179f06dfedbe41a2:1709079599:16:0xe0b2ddf5fdc9fa7bac001b2a23accbb567baf71e6262015a42ab86d9327a22f7,ethereum:0x97cb5cc1b2e10cc56dc16ab9179f06dfedbe41a2,ethereum,1526320176,0,0.5371465682983398,0.6374465227127075,0.21105212006587237,0.44202331166024134,0,True,0.0,2.423754,3.942348,7.439181
ethereum:0x97cb5cc1b2e10cc56dc16ab9179f06dfedbe41a2:1709079599:17:0x3efc22182fd88f42c9cd77f6cc2848e25163cac59225a5020f42202a0b902bab,ethereum:0x97cb5cc1b2e10cc56dc16ab9179f06dfedbe41a2,ethereum,1526320266,0,0.5408225059509277,0.6376943588256836,0.21768459273270538,0.44637462459186206,0,True,0.0,2.067858,3.683869,6.62038
ethereum:0x97cb5cc1b2e10cc56dc16ab9179f06dfedbe41a2:1709079599:18:0x5fda0868ff4146d110c7f57602e6176397df7bd1ccb361e00d80b8125641e0ca,ethereum:0x97cb5cc1b2e10cc56dc16ab9179f06dfedbe41a2,ethereum,1526320881,0,0.5443052649497986,0.6385564208030701,0.22411372645743546,0.45168288454925803,0,True,0.0,1.843505,3.586854,6.330217
ethereum:0x97cb5cc1b2e10cc56dc16ab9179f06dfedbe41a2:1709079599:19:0xc2479c73bf7fb970563a36bb6d6e5e73e8bded639b176a4e92bc35ae1395b583,ethereum:0x97cb5cc1b2e10cc56dc16ab9179f06dfedbe41a2,ethereum,1526320953,0,0.5476124286651611,0.6391121745109558,0.2303502774967157,0.45624619495320995,0,True,0.0,13.451096,4.298424,18.708035
ethereum:0x97cb5cc1b2e10cc56dc16ab9179f06dfedbe41a2:1709079599:20:0x0cc8c8a7bb649938df1a89c4024803f267085d578ea3b99e7962e07534cf67b6,ethereum:0x97cb5cc1b2e10cc56dc16ab9179f06dfedbe41a2,ethereum,1526321021,0,0.5507718920707703,0.6409748792648315,0.23642856054729383,0.46312476759271026,0,True,0.0,2.067336,3.838004,7.179372
ethereum:0x97cb5cc1b2e10cc56dc16ab9179f06dfedbe41a2:1709079599:21:0x9655a4beb25513212f3f92ff9a30ec3baff5447cd774c92f6e35d6d970f83a0c,ethereum:0x97cb5cc1b2e10cc56dc16ab9179f06dfedbe41a2,ethereum,1526321113,0,0.5537858605384827,0.6414421796798706,0.24233683939859343,0.4672356566796035,0,True,0.0,1.88774,3.75097,6.483373
ethereum:0x97cb5cc1b2e10cc56dc16ab9179f06dfedbe41a2:1709079599:22:0xf28924d314d2c624a3436fabc37dd4b9ea08662848152d2b6dc8e822d2f24b30,ethereum:0x97cb5cc1b2e10cc56dc16ab9179f06dfedbe41a2,ethereum,1526321220,0,0.5566423535346985,0.6418700814247131,0.24803571061689325,0.47111192780577743,0,True,0.0,2.085219,4.202179,7.148627
ethereum:0x97cb5cc1b2e10cc56dc16ab9179f06dfedbe41a2:1709079599:23:0x9d574c344523ff8ca4c84aaf0f3e7e86109755274b42a52ef842ba1c88d6d0c7,ethereum:0x97cb5cc1b2e10cc56dc16ab9179f06dfedbe41a2,ethereum,1526321273,0,0.5593889355659485,0.6437933444976807,0.25360656081435395,0.47771269820866513,0,True,0.0,2.146897,3.80643,6.841931
ethereum:0x97cb5cc1b2e10cc56dc16ab9179f06dfedbe41a2:1709079599:24:0x6e85a5d7ac90f443aa0b782fcee99e1f2ca9c266d2d9ae69b2a70aba0ff9d342,ethereum:0x97cb5cc1b2e10cc56dc16ab9179f06dfedbe41a2,ethereum,1526321406,0,0.5621090531349182,0.6441713571548462,0.2592119670871997,0.4813657035674529,0,True,0.0,1.951569,3.46028,6.296371
ethereum:0x97cb5cc1b2e10cc56dc16ab9179f06dfedbe41a2:1709079599:25:0x5dceedba533840b33ae2512167cc66c49d6646a5427acb662caff560b15332cd,ethereum:0x97cb5cc1b2e10cc56dc16ab9179f06dfedbe41a2,ethereum,1526321687,0,0.5648056268692017,0.6445403099060059,0.2648555086299874,0.48498236992185073,0,True,0.0,2.004363,3.402304,6.233459
ethereum:0x97cb5cc1b2e10cc56dc16ab9179f06dfedbe41a2:1709079599:26:0xf1da1847ec8d41ed7ed40f698a8306d172dab3529aada6347abab2fcb6d4dd40,ethereum:0x97cb5cc1b2e10cc56dc16ab9179f06dfedbe41a2,ethereum,1526321826,0,0.5674257874488831,0.6448904275894165,0.27042168894173557,0.4884863968869041,0,True,0.0,1.956034,3.908351,6.802102
ethereum:0x97cb5cc1b2e10cc56dc16ab9179f06dfedbe41a2:1709079599:27:0x7f0d6f43c6ce626d92c715fd153e8e5ba80b856256c7cc09370fecde25047944,ethereum:0x97cb5cc1b2e10cc56dc16ab9179f06dfedbe41a2,ethereum,1526321892,0,0.5699485540390015,0.6452184915542603,0.27585772498959704,0.49184817237342143,0,True,0.0,14.181426,4.511936,19.853316
ethereum:0x97cb5cc1b2e10cc56dc16ab9179f06dfedbe41a2:1709079599:28:0x0957f690e34f593e7631cb558f32c2628652e7ff280124bfea4cd6115b97a0c3,ethereum:0x97cb5cc1b2e10cc56dc16ab9179f06dfedbe41a2,ethereum,1526321955,0,0.5770699977874756,0.6459832191467285,0.2916073758575343,0.5010564522763429,0,True,0.0,1.908814,3.844243,6.792889
ethereum:0x97cb5cc1b2e10cc56dc16ab9179f06dfedbe41a2:1709079599:29:0xfbfa17c0f5db8d683cef7154d9e24466e486f471a0c0d29a2f472fc0d4f66b5d,ethereum:0x97cb5cc1b2e10cc56dc16ab9179f06dfedbe41a2,ethereum,1526322052,0,0.5795114636421204,0.6462460160255432,0.29714346467658526,0.5042228845925434,0,True,0.0,1.876504,3.755925,6.46858
ethereum:0x47da5456bc2e1ce391b645ce80f2e97192e4976a:1709218919:4:0xff05da0e036e450b72287436e45dd46c20048cae4449f1613efcab39b7eb1265,ethereum:0x47da5456bc2e1ce391b645ce80f2e97192e4976a,ethereum,1526617558,0,0.4437316358089447,0.49783408641815186,0.08975405407493078,0.16358903602521022,0,True,0.0,1.757318,3.553735,6.014873
ethereum:0x47da5456bc2e1ce391b645ce80f2e97192e4976a:1709218919:5:0xc10d61d96e68d86fbce5c4f9da3e47005ae6eb1ba7627f347166e22a00f98f95,ethereum:0x47da5456bc2e1ce391b645ce80f2e97192e4976a,ethereum,1526617813,0,0.4570964276790619,0.5283911824226379,0.10221074744002077,0.20410830021589782,0,True,0.0,1.948458,3.653643,6.428569
ethereum:0x93b1e78a3e652cd2e71c4a767595b77282344932:1709057171:0:0x486d42a0d383255938a81dec36a33bca6a7b62b2725df65fd3a0be43e2f4ab75,ethereum:0x93b1e78a3e652cd2e71c4a767595b77282344932,ethereum,1527151560,0,0.9897298812866211,0.7182673215866089,0.9999709562026756,0.9940678617294184,1,True,0.0,1.939187,3.901055,6.556959
ethereum:0x93b1e78a3e652cd2e71c4a767595b77282344932:1709057171:1:0x486d42a0d383255938a81dec36a33bca6a7b62b2725df65fd3a0be43e2f4ab75,ethereum:0x93b1e78a3e652cd2e71c4a767595b77282344932,ethereum,1527151560,0,0.9897298812866211,0.7182673215866089,0.9999709562026756,0.9940678617294184,1,True,0.0,2.509203,4.058316,7.300201
ethereum:0x93b1e78a3e652cd2e71c4a767595b77282344932:1709057171:2:0x486d42a0d383255938a81dec36a33bca6a7b62b2725df65fd3a0be43e2f4ab75,ethereum:0x93b1e78a3e652cd2e71c4a767595b77282344932,ethereum,1527151560,0,0.9897298812866211,0.7182673215866089,0.9999709562026756,0.9940678617294184,1,True,0.0,2.181362,3.858819,7.245011
ethereum:0x93b1e78a3e652cd2e71c4a767595b77282344932:1709057171:3:0x486d42a0d383255938a81dec36a33bca6a7b62b2725df65fd3a0be43e2f4ab75,ethereum:0x93b1e78a3e652cd2e71c4a767595b77282344932,ethereum,1527151560,0,0.9897298812866211,0.7182673215866089,0.9999709562026756,0.9940678617294184,1,True,0.0,13.300611,4.456883,18.560496
ethereum:0x93b1e78a3e652cd2e71c4a767595b77282344932:1709057171:4:0x486d42a0d383255938a81dec36a33bca6a7b62b2725df65fd3a0be43e2f4ab75,ethereum:0x93b1e78a3e652cd2e71c4a767595b77282344932,ethereum,1527151560,0,0.9897298812866211,0.7182673215866089,0.9999709562026756,0.9940678617294184,1,True,0.0,1.959971,4.221552,6.933655
ethereum:0x93b1e78a3e652cd2e71c4a767595b77282344932:1709057171:5:0x486d42a0d383255938a81dec36a33bca6a7b62b2725df65fd3a0be43e2f4ab75,ethereum:0x93b1e78a3e652cd2e71c4a767595b77282344932,ethereum,1527151560,0,0.9897298812866211,0.7182673215866089,0.9999709562026756,0.9940678617294184,1,True,0.0,1.958646,14.995441,17.849432
ethereum:0x93b1e78a3e652cd2e71c4a767595b77282344932:1709057171:6:0x486d42a0d383255938a81dec36a33bca6a7b62b2725df65fd3a0be43e2f4ab75,ethereum:0x93b1e78a3e652cd2e71c4a767595b77282344932,ethereum,1527151560,0,0.9897298812866211,0.7182673215866089,0.9999709562026756,0.9940678617294184,1,True,0.0,2.042404,4.019603,6.929404
ethereum:0xd31695a1d35e489252ce57b129fd4b1b05e6acac:1709168843:0:0xb86be2ebdbdfc9fd5bc228b8f728968968f196138a6bb03bbb366846b9e83589,ethereum:0xd31695a1d35e489252ce57b129fd4b1b05e6acac,ethereum,1527284510,0,0.9897298812866211,0.7182673215866089,0.9999709562026756,0.9940678617294184,1,True,0.0,1.905507,4.308141,6.923333
ethereum:0xd31695a1d35e489252ce57b129fd4b1b05e6acac:1709168843:1:0xa3ad99d08bd72392db14c73ae3d19597fb403118d54ca3ad62ffb1739b0272b5,ethereum:0xd31695a1d35e489252ce57b129fd4b1b05e6acac,ethereum,1527285912,0,0.9387516975402832,0.7153142690658569,0.9961351543517701,0.9584394842083281,1,True,0.0,2.379035,4.270434,7.411179
ethereum:0x8fc01e6cbdffaf09b54f423f9bb1f856b22e47b2:1709070227:0:0x4bda21bac83836b5c2e5b9e75e15c7bf059ea5698b72eb6e4531a463374f9f65,ethereum:0x8fc01e6cbdffaf09b54f423f9bb1f856b22e47b2,ethereum,1527820662,0,0.9897298812866211,0.7182673215866089,0.9999709562026756,0.9940678617294184,1,True,0.0,2.080312,4.014487,6.867836
ethereum:0x8fc01e6cbdffaf09b54f423f9bb1f856b22e47b2:1709070227:1:0xac50f507fcbde566ad1fcd045003aeddbde78c3f2c343fbd41db110b2ce3de33,ethereum:0x8fc01e6cbdffaf09b54f423f9bb1f856b22e47b2,ethereum,1527844302,0,0.9652714729309082,0.7149142622947693,0.9992051859747634,0.9774362587030725,1,True,0.0,2.933355,5.317575,9.008584
ethereum:0x8fc01e6cbdffaf09b54f423f9bb1f856b22e47b2:1709070227:2:0x0116b89bf8b1ad4833186d5d1cd75c0c2594a0ee94692404494c68e4ef66f8a6,ethereum:0x8fc01e6cbdffaf09b54f423f9bb1f856b22e47b2,ethereum,1527848569,0,0.9016309976577759,0.711010754108429,0.9849796628058082,0.9278387517649915,1,True,0.0,1.868121,4.241438,6.876548
ethereum:0x8fc01e6cbdffaf09b54f423f9bb1f856b22e47b2:1709070227:3:0x92a4502f3c94d0ddceafc2ab7ffc309dfff77c41d95c9a25de5d72dab4d46f81,ethereum:0x8fc01e6cbdffaf09b54f423f9bb1f856b22e47b2,ethereum,1527850141,0,0.8293214440345764,0.7043834924697876,0.9236935484730515,0.860832750765485,1,True,0.0,1.983668,4.061275,6.847934
ethereum:0x8fc01e6cbdffaf09b54f423f9bb1f856b22e47b2:1709070227:4:0xee5588effe7285f665b2533819ec4472762d343de6ca301f71791bc6ed1f9299,ethereum:0x8fc01e6cbdffaf09b54f423f9bb1f856b22e47b2,ethereum,1527850324,0,0.761709451675415,0.6975931525230408,0.7988000173240895,0.7891449543212403,1,True,0.0,1.924383,15.13311,17.896213
ethereum:0x8fc01e6cbdffaf09b54f423f9bb1f856b22e47b2:1709070227:5:0x61eb185d60b198b27b7657feffa393a87d011da98a6c96addb4ab6ba2c9e4aa1,ethereum:0x8fc01e6cbdffaf09b54f423f9bb1f856b22e47b2,ethereum,1527852418,0,0.6945951581001282,0.6879898309707642,0.6160066873781407,0.7065286021623134,1,True,0.0,2.57805,3.928573,7.344572
ethereum:0x8fc01e6cbdffaf09b54f423f9bb1f856b22e47b2:1709070227:6:0xc61c0b0e34d6d20b30b1eb50484adcdace51cd2c5d3a14ff2e57927d3fb9de5d,ethereum:0x8fc01e6cbdffaf09b54f423f9bb1f856b22e47b2,ethereum,1527852539,0,0.6525152325630188,0.6852478981018066,0.49065366899207635,0.6575383017790528,1,True,0.0,2.064081,3.65573,6.540466
ethereum:0x8fc01e6cbdffaf09b54f423f9bb1f856b22e47b2:1709070227:7:0x64e807694d0368ede877249852a607bf8c3bbe492c935b89fc42bb4181a170bb,ethereum:0x8fc01e6cbdffaf09b54f423f9bb1f856b22e47b2,ethereum,1527853435,0,0.6267980933189392,0.6805449724197388,0.4171418164656135,0.6214254502757101,1,True,0.0,1.849413,4.014229,6.645847
ethereum:0x8fc01e6cbdffaf09b54f423f9bb1f856b22e47b2:1709070227:8:0x4bb88b4247b5000b74be77e4d78d78b16bd9a8f67d6c9509583817ebc8de2b5f,ethereum:0x8fc01e6cbdffaf09b54f423f9bb1f856b22e47b2,ethereum,1527854427,0,0.6133540868759155,0.67745441198349,0.38072883841380917,0.601109434698629,1,True,0.0,2.159589,4.298033,7.378724
ethereum:0x8fc01e6cbdffaf09b54f423f9bb1f856b22e47b2:1709070227:9:0xa421402259efb8f2efc83e957ca2de5e1e64b93ef67a562078ec44d41fd13aba,ethereum:0x8fc01e6cbdffaf09b54f423f9bb1f856b22e47b2,ethereum,1527855437,0,0.6065877676010132,0.6742289066314697,0.36304459230861824,0.587615530185954,1,True,0.0,1.878018,4.067758,6.769831
ethereum:0x8fc01e6cbdffaf09b54f423f9bb1f856b22e47b2:1709070227:10:0x3f7aadbd0f76e3dd702915afd2b0392c240e49fc71c6449d0b3c0d15f99a40c0,ethereum:0x8fc01e6cbdffaf09b54f423f9bb1f856b22e47b2,ethereum,1527857996,0,0.6049234867095947,0.6735318899154663,0.35876537954038124,0.5844728617285481,1,True,0.0,1.920963,3.988707,6.718612
ethereum:0x8fc01e6cbdffaf09b54f423f9bb1f856b22e47b2:1709070227:11:0x17f1a252c0debe29be00fd960463d25d492145bfc458d74d2794b6a6319784c5,ethereum:0x8fc01e6cbdffaf09b54f423f9bb1f856b22e47b2,ethereum,1527858117,0,0.5986704230308533,0.6723429560661316,0.34294544214173783,0.57540798327802,1,True,0.0,1.871607,4.231393,6.936112
ethereum:0x8fc01e6cbdffaf09b54f423f9bb1f856b22e47b2:1709070227:12:0x1bad28f6a0d8106e87e13f885ca06d3a412e53a36453c9fc50d5ad7b8ed6457b,ethereum:0x8fc01e6cbdffaf09b54f423f9bb1f856b22e47b2,ethereum,1527864834,0,0.5988040566444397,0.6708068251609802,0.3432791936464876,0.5725817326219894,1,True,0.0,2.172195,15.384081,18.484197
ethereum:0x8fc01e6cbdffaf09b54f423f9bb1f856b22e47b2:1709070227:13:0xaf33e875dd3378a6a0374e19e2bcf0b2cf4aded21a1866cd4aae50ede592e1be,ethereum:0x8fc01e6cbdffaf09b54f423f9bb1f856b22e47b2,ethereum,1527865440,0,0.6007059812545776,0.6705673933029175,0.34804997514652447,0.5741829736742992,1,True,0.0,2.217496,3.676447,6.757742
ethereum:0x8fc01e6cbdffaf09b54f423f9bb1f856b22e47b2:1709070227:14:0x5c1fd8271fb762d685c87acc625b4864ad03e882f0243144446b1d2ec5fd1810,ethereum:0x8fc01e6cbdffaf09b54f423f9bb1f856b22e47b2,ethereum,1527867737,0,0.6034156084060669,0.6706404089927673,0.35491296654196364,0.5772656815508378,1,True,0.0,1.930688,3.823112,6.533584
ethereum:0x8fc01e6cbdffaf09b54f423f9bb1f856b22e47b2:1709070227:15:0x4abc3c845ff88a7ed13516c0a6580f4345847f146d6765ac83bb8290bfdc3913,ethereum:0x8fc01e6cbdffaf09b54f423f9bb1f856b22e47b2,ethereum,1527867847,0,0.606419026851654,0.6708511710166931,0.36260943335366275,0.580933386098406,1,True,0.0,1.840936,3.584334,6.173999
ethereum:0x8fc01e6cbdffaf09b54f423f9bb1f856b22e47b2:1709070227:16:0x8112569b2f521a60db5830152cba012ff159400f24853c3aeaadf20b55e529da,ethereum:0x8fc01e6cbdffaf09b54f423f9bb1f856b22e47b2,ethereum,1527868247,0,0.6038545370101929,0.6708810329437256,0.35603193189415894,0.5782060031070064,1,True,0.0,1.891262,4.732645,7.674915
ethereum:0x8fc01e6cbdffaf09b54f423f9bb1f856b22e47b2:1709070227:17:0xcd2593e71fee6aff6683b7817cdcb11a68ad052ab80b393b56deafa3c12ca5e7,ethereum:0x8fc01e6cbdffaf09b54f423f9bb1f856b22e47b2,ethereum,1527868427,0,0.6065348982810974,0.671081006526947,0.36290821845436405,0.5815013057221398,1,True,0.0,3.021592,4.939881,9.081961
ethereum:0x8fc01e6cbdffaf09b54f423f9bb1f856b22e47b2:1709070227:18:0x858c74cc40ab3fe1f31b9cc6eb5e5df709439726d4f95c9e188e619c1a1e1d8b,ethereum:0x8fc01e6cbdffaf09b54f423f9bb1f856b22e47b2,ethereum,1527868788,0,0.6090906858444214,0.6712818145751953,0.3695331270431855,0.5846627257841698,1,True,0.0,2.109413,4.446386,7.606195
ethereum:0x8fc01e6cbdffaf09b54f423f9bb1f856b22e47b2:1709070227:19:0xef7ec687f05b98e480e666021d4767e2d1126bad607223b589307808aab387ff,ethereum:0x8fc01e6cbdffaf09b54f423f9bb1f856b22e47b2,ethereum,1527870434,0,0.6115719676017761,0.6714828610420227,0.3760273257380203,0.5877433278292045,1,True,0.0,2.2017,4.201095,7.474656
ethereum:0x8fc01e6cbdffaf09b54f423f9bb1f856b22e47b2:1709070227:20:0xbff30434733b62666d92048d059cac96086e101d387aee447da179eea930b8ac,ethereum:0x8fc01e6cbdffaf09b54f423f9bb1f856b22e47b2,ethereum,1527872219,0,0.6138567328453064,0.671619713306427,0.3820604427587206,0.5904871994653321,1,True,0.0,2.110187,25.684602,28.834864
ethereum:0x8fc01e6cbdffaf09b54f423f9bb1f856b22e47b2:1709070227:21:0xc1b277640307dd773d5f5041b088821acd2dd986082c6e69b6fa8d80993f58dc,ethereum:0x8fc01e6cbdffaf09b54f423f9bb1f856b22e47b2,ethereum,1527873524,0,0.6160661578178406,0.6717605590820312,0.3879421476211487,0.5931567093684952,1,True,0.0,2.435656,24.846476,28.551977
ethereum:0x8fc01e6cbdffaf09b54f423f9bb1f856b22e47b2:1709070227:22:0xc744dfbfbfdd0e6509dc2c8b62ba8c9d97d43f6d9cd27f3e6caa23f6dcb01710,ethereum:0x8fc01e6cbdffaf09b54f423f9bb1f856b22e47b2,ethereum,1527874054,0,0.6181141138076782,0.6718863844871521,0.39343484900345593,0.5956219056335107,1,True,0.0,2.599462,4.484114,8.767573
ethereum:0x8fc01e6cbdffaf09b54f423f9bb1f856b22e47b2:1709070227:23:0x48c6cfc571fff509db933d6aaa531bcf96a9033fd164e05c263f1a0f29e6e86c,ethereum:0x8fc01e6cbdffaf09b54f423f9bb1f856b22e47b2,ethereum,1527874535,0,0.6203485727310181,0.6720199584960938,0.3994715661618018,0.5983042949417385,1,True,0.0,2.246925,4.618306,7.9856
ethereum:0x8fc01e6cbdffaf09b54f423f9bb1f856b22e47b2:1709070227:24:0x96ac928d1bbf05245df5430122fd7d9c745292b7b978d5a8a2e9da2e1832260f,ethereum:0x8fc01e6cbdffaf09b54f423f9bb1f856b22e47b2,ethereum,1527874679,0,0.6229281425476074,0.6722087860107422,0.4064960436463607,0.6014663272990639,1,True,0.0,2.211436,4.571707,7.759966
ethereum:0x8fc01e6cbdffaf09b54f423f9bb1f856b22e47b2:1709070227:25:0x7103ad080bc560c9019f8ac8786e0b8f0250efd66af86078df2ff9f45b749b6a,ethereum:0x8fc01e6cbdffaf09b54f423f9bb1f856b22e47b2,ethereum,1527875054,0,0.6252942085266113,0.6723781824111938,0.41298981983906646,0.6043587562017193,1,True,0.0,2.135888,3.930883,7.083543
ethereum:0x8fc01e6cbdffaf09b54f423f9bb1f856b22e47b2:1709070227:26:0x4258b9a799e4145f57a8bd7b9dcddc2c53c5806675e83d8cbfa6b482a2321fd4,ethereum:0x8fc01e6cbdffaf09b54f423f9bb1f856b22e47b2,ethereum,1527875077,0,0.6275423765182495,0.6734791398048401,0.41920356938938536,0.6088824703920032,1,True,0.0,2.05907,6.379051,9.445788
ethereum:0x8fc01e6cbdffaf09b54f423f9bb1f856b22e47b2:1709070227:27:0x42815a7a30fea7df9a03fb9d182e38bbd21df728468719f257d6e6a752aa56e0,ethereum:0x8fc01e6cbdffaf09b54f423f9bb1f856b22e47b2,ethereum,1527875101,0,0.6297047734260559,0.6736133694648743,0.425219039666025,0.6114819478317141,1,True,0.0,2.718427,25.028036,29.008105
ethereum:0x8fc01e6cbdffaf09b54f423f9bb1f856b22e47b2:1709070227:28:0x3a27ce02a88afd57eec0f2e2093472b8c35e6e00a30b812bd9a54c4be60d76dc,ethereum:0x8fc01e6cbdffaf09b54f423f9bb1f856b22e47b2,ethereum,1527876951,0,0.6317862868309021,0.673740029335022,0.43104427319280897,0.6139787917449343,1,True,0.0,2.078813,17.704476,20.937388
ethereum:0x8fc01e6cbdffaf09b54f423f9bb1f856b22e47b2:1709070227:29:0xf2bc4d8d6c69f2d1d8f1db39e3d9944a2357da2e09d964c0a28434354ff03529,ethereum:0x8fc01e6cbdffaf09b54f423f9bb1f856b22e47b2,ethereum,1527877394,0,0.6337962746620178,0.6738610863685608,0.43670063699746897,0.6163869021347819,1,True,0.0,2.116948,4.148467,7.298993
ethereum:0xd31695a1d35e489252ce57b129fd4b1b05e6acac:1709168843:2:0x0d86c7d156db61e12ff17b7cf240da2e9c23363bd1ec0f43335b73b9570e192f,ethereum:0xd31695a1d35e489252ce57b129fd4b1b05e6acac,ethereum,1527923430,0,0.8721689581871033,0.7107041478157043,0.9676203802283452,0.9035224161329718,1,True,0.0,2.023659,4.189818,7.086537
ethereum:0xd31695a1d35e489252ce57b129fd4b1b05e6acac:1709168843:3:0x86096dc92aefb1afdbc7910189413d5db2e59531fa99b03082d261a3cf1e0623,ethereum:0xd31695a1d35e489252ce57b129fd4b1b05e6acac,ethereum,1527926069,0,0.8300999999046326,0.7062806487083435,0.9247211200739204,0.8634230352447062,1,True,0.0,1.922044,4.200635,6.960403
ethereum:0xd31695a1d35e489252ce57b129fd4b1b05e6acac:1709168843:4:0xa35ca265e62db1e3ae3130fd2db8ccb55169e17a0d7aa6f12a198662e2b62854,ethereum:0xd31695a1d35e489252ce57b129fd4b1b05e6acac,ethereum,1527930777,0,0.7890250086784363,0.7045726776123047,0.857751430468813,0.8241984202268215,1,True,0.0,1.990549,3.886895,6.718715
ethereum:0xd31695a1d35e489252ce57b129fd4b1b05e6acac:1709168843:5:0x0f31c689e6aacea27543b719828fb952aee09dd61db01146b86110b98feef6a7,ethereum:0xd31695a1d35e489252ce57b129fd4b1b05e6acac,ethereum,1527932175,0,0.7635735273361206,0.7038697004318237,0.8031700156449598,0.7994663730850605,1,True,0.0,2.002838,3.842566,6.673617
ethereum:0xd31695a1d35e489252ce57b129fd4b1b05e6acac:1709168843:6:0x63ec2db9595035023d7dba7013a4b7acdd85d871e9ab555ff44c1d29fb7fb060,ethereum:0xd31695a1d35e489252ce57b129fd4b1b05e6acac,ethereum,1528012294,0,0.7407589554786682,0.7029832601547241,0.7465360792108386,0.7764588382222084,1,True,0.0,1.914441,4.069214,6.749807
ethereum:0xd31695a1d35e489252ce57b129fd4b1b05e6acac:1709168843:7:0x1f89413b8d9e29668565dd21254923bf459a5019a0c3a3c048df03d08bce957d,ethereum:0xd31695a1d35e489252ce57b129fd4b1b05e6acac,ethereum,1528014050,0,0.7267381548881531,0.7024884223937988,0.7087094709452952,0.7621632546813214,1,True,0.0,2.148259,4.052648,7.105988
ethereum:0xd31695a1d35e489252ce57b129fd4b1b05e6acac:1709168843:8:0xa80f31664f81b9796ee09b46c52d01d345932aed255fb2dd38ff3aac4f35e8fe,ethereum:0xd31695a1d35e489252ce57b129fd4b1b05e6acac,ethereum,1528019147,0,0.7171512842178345,0.7020560503005981,0.6817820476933868,0.7521492806391656,1,True,0.0,2.27418,16.733841,19.941749
ethereum:0xd31695a1d35e489252ce57b129fd4b1b05e6acac:1709168843:9:0x67018acab11cc7807b4b59756f60ddfd0b0b9d69464451d592c40ce5609b97cf,ethereum:0xd31695a1d35e489252ce57b129fd4b1b05e6acac,ethereum,1528019417,0,0.7098290920257568,0.701719343662262,0.6607439294205015,0.744436355881291,1,True,0.0,2.081581,4.379811,7.329795
ethereum:0xd31695a1d35e489252ce57b129fd4b1b05e6acac:1709168843:10:0xa0d8cafffe454e9ca9d49ce7f747a5ba758d0f1d1224b0396a8bc209daf69d75,ethereum:0xd31695a1d35e489252ce57b129fd4b1b05e6acac,ethereum,1528019696,0,0.7042223215103149,0.701093316078186,0.644408368111347,0.737906626689931,1,True,0.0,1.991251,4.082245,6.895839
ethereum:0xd31695a1d35e489252ce57b129fd4b1b05e6acac:1709168843:11:0xd50cce7e456775dd103e185de920867bfa8a59af0ee3d727aa4e6798b4a0eddf,ethereum:0xd31695a1d35e489252ce57b129fd4b1b05e6acac,ethereum,1528020581,0,0.6999062299728394,0.7007695436477661,0.631722979393169,0.7331078633326662,1,True,0.0,1.991486,4.051181,6.954067
ethereum:0xd31695a1d35e489252ce57b129fd4b1b05e6acac:1709168843:12:0x928ab380b94f22f70cc4bb8da3e1110a0d0102cd5d19be395e9c9df39da107ec,ethereum:0xd31695a1d35e489252ce57b129fd4b1b05e6acac,ethereum,1528022032,0,0.6966350078582764,0.7003725171089172,0.6220551866170817,0.7292088539904121,1,True,0.0,2.40684,4.088032,7.375653
ethereum:0xd31695a1d35e489252ce57b129fd4b1b05e6acac:1709168843:13:0x4228b549b6531930f1b9c7900caa428eccd7f23ec204386e0cb5ef1cbeea98f7,ethereum:0xd31695a1d35e489252ce57b129fd4b1b05e6acac,ethereum,1528023271,0,0.694153368473053,0.7001836895942688,0.6146948966436969,0.7264264574193195,1,True,0.0,2.289819,3.964512,7.169792
ethereum:0xd31695a1d35e489252ce57b129fd4b1b05e6acac:1709168843:14:0x7efda8565b6fc01c5d8ef5154053cacbb0702e03f7ca508ac138e14299f1b7d5,ethereum:0xd31695a1d35e489252ce57b129fd4b1b05e6acac,ethereum,1528026505,0,0.6896242499351501,0.6999790668487549,0.6012147233502881,0.7215658330799282,1,True,0.0,3.669543,5.917327,10.969732
ethereum:0xd31695a1d35e489252ce57b129fd4b1b05e6acac:1709168843:15:0xaa1ad3f4163c20e00f455b76780f89169ac59bf2f4e64c73b3832a0c05cbdc2b,ethereum:0xd31695a1d35e489252ce57b129fd4b1b05e6acac,ethereum,1528026940,0,0.6864035725593567,0.6996813416481018,0.5916000820363658,0.7178438379892479,1,True,0.0,9.580221,5.85029,16.745754
ethereum:0xd31695a1d35e489252ce57b129fd4b1b05e6acac:1709168843:16:0x9de8cdf125c64532e438761b6eea32ed479f91cc5677665f0725b083b04327fe,ethereum:0xd31695a1d35e489252ce57b129fd4b1b05e6acac,ethereum,1528027356,0,0.6840609312057495,0.6994436383247375,0.5845958604913226,0.7150934953877772,1,True,0.0,2.628192,4.85434,8.599372
ethereum:0xd31695a1d35e489252ce57b129fd4b1b05e6acac:1709168843:17:0x389337a2fcda5f93eb5ee9af40d259626e2a6298a6b393f3e6950b9c67cf6f04,ethereum:0xd31695a1d35e489252ce57b129fd4b1b05e6acac,ethereum,1528027483,0,0.6823883652687073,0.6992484331130981,0.5795911140388254,0.713082628428235,1,True,0.0,2.368099,5.882434,9.405548
ethereum:0xd31695a1d35e489252ce57b129fd4b1b05e6acac:1709168843:18:0x928c60f085e7ae95d3e06725460d94e38d5114baff8fcd9e29b69a142e3cff35,ethereum:0xd31695a1d35e489252ce57b129fd4b1b05e6acac,ethereum,1528027749,0,0.6812931299209595,0.6991481781005859,0.5763125972593699,0.7118108322263954,1,True,0.0,2.178082,4.234123,7.562477
ethereum:0xd31695a1d35e489252ce57b129fd4b1b05e6acac:1709168843:19:0xa78b1309c06911a0950b72227a196fddaf32ddad65399597051ac7b6b682dff8,ethereum:0xd31695a1d35e489252ce57b129fd4b1b05e6acac,ethereum,1528059328,0,0.6805664896965027,0.6990579962730408,0.5741370314502399,0.7109260022363119,1,True,0.0,2.053845,4.141903,7.133461
ethereum:0xd31695a1d35e489252ce57b129fd4b1b05e6acac:1709168843:20:0x05f34508c18fbe07bb07ab49844c69b726c10dbc4833e7761d6a787db96a6493,ethereum:0xd31695a1d35e489252ce57b129fd4b1b05e6acac,ethereum,1528059977,0,0.6801301836967468,0.6987453103065491,0.572830606134314,0.7099532386953089,1,True,0.0,2.06893,4.135765,7.382333
ethereum:0xd31695a1d35e489252ce57b129fd4b1b05e6acac:1709168843:21:0x283dbdaca1d474cf0d0dfd5a3dc885b378d398e334845e76c70e350e3c95a78f,ethereum:0xd31695a1d35e489252ce57b129fd4b1b05e6acac,ethereum,1528060249,0,0.6799203753471375,0.6984832882881165,0.5722023530907203,0.7092942922656917,1,True,0.0,2.056203,4.261348,7.307595
ethereum:0xd31695a1d35e489252ce57b129fd4b1b05e6acac:1709168843:22:0xe575d299fa418b83549ddab93ffbbc12e1bed506422b9435a94abf4c992513bc,ethereum:0xd31695a1d35e489252ce57b129fd4b1b05e6acac,ethereum,1528060531,0,0.6799383163452148,0.6984923481941223,0.5722560764728462,0.70932786812351,1,True,0.0,2.135364,10.823717,14.162608
ethereum:0xd31695a1d35e489252ce57b129fd4b1b05e6acac:1709168843:23:0x5aa8e72f44adbccfc2dbdd940938e151e0f62e3ee7ded1350eb2db7e56b2871a,ethereum:0xd31695a1d35e489252ce57b129fd4b1b05e6acac,ethereum,1528060792,0,0.6801015138626099,0.6984390020370483,0.5727447577276821,0.7094014261644601,1,True,0.0,2.176244,3.912817,7.169665
ethereum:0xd31695a1d35e489252ce57b129fd4b1b05e6acac:1709168843:24:0x2d3a978b9462bd2204ea404794af0891f67cd0f18521ea485f5618192377fdac,ethereum:0xd31695a1d35e489252ce57b129fd4b1b05e6acac,ethereum,1528060953,0,0.6807816624641418,0.6984031796455383,0.574781288991262,0.7100265401805244,1,True,0.0,1.97929,3.901182,6.774547
ethereum:0xd31695a1d35e489252ce57b129fd4b1b05e6acac:1709168843:25:0x6343f7b921d1eb015b76f560fd5530d9d0fb4887d91de3f3b99df0a4c08d97e7,ethereum:0xd31695a1d35e489252ce57b129fd4b1b05e6acac,ethereum,1528061116,0,0.6817137598991394,0.6983463168144226,0.5775718255376052,0.7108699627229069,1,True,0.0,1.823911,3.486756,6.121838
ethereum:0x93b1e78a3e652cd2e71c4a767595b77282344932:1709057171:7:0x38c1f93a5065fb47477aa410c1a1c5f375b92475d73e88694360e3ed09ddc5b6,ethereum:0x93b1e78a3e652cd2e71c4a767595b77282344932,ethereum,1528100465,0,0.9897298812866211,0.7182673215866089,0.9999709562026756,0.9940678617294184,1,True,0.0,1.790483,3.666664,6.124412
ethereum:0x93b1e78a3e652cd2e71c4a767595b77282344932:1709057171:8:0x15ca564c063dbc8976e2e8b643d6e1151fec48a7bf821f0bc0091627e42b5bcb,ethereum:0x93b1e78a3e652cd2e71c4a767595b77282344932,ethereum,1528101095,0,0.9690802693367004,0.7169966101646423,0.9994225748716279,0.9804368696632525,1,True,0.0,2.086884,4.275612,7.121032
ethereum:0x93b1e78a3e652cd2e71c4a767595b77282344932:1709057171:9:0x315547eff1356c91c1f912eab9e32274add8b9c83f485ea5f1929b6bc3df8579,ethereum:0x93b1e78a3e652cd2e71c4a767595b77282344932,ethereum,1528102039,0,0.9502462148666382,0.7153221368789673,0.9978447775958659,0.9668346007493241,1,True,0.0,2.00639,3.960703,6.72182
ethereum:0x93b1e78a3e652cd2e71c4a767595b77282344932:1709057171:10:0x87c4710c0616dd54f346f4194aaf7401a9e8e70a510895c8eddd7feb55d08c7c,ethereum:0x93b1e78a3e652cd2e71c4a767595b77282344932,ethereum,1528102728,0,0.9315871596336365,0.7142168283462524,0.9947122350004391,0.9527006190316875,1,True,0.0,1.89235,3.92865,6.547197
ethereum:0xd31695a1d35e489252ce57b129fd4b1b05e6acac:1709168843:26:0x1eea7b1bae2636ad618426fb33241d5d0d1f14170c0a357c3ce7445fbc2b8dd0,ethereum:0xd31695a1d35e489252ce57b129fd4b1b05e6acac,ethereum,1528120301,0,0.6799184083938599,0.6984835267066956,0.5721964631451696,0.7092927149493257,1,True,0.0,2.163274,3.813766,6.901637
ethereum:0xdd690d8824c00c84d64606ffb12640e932c1af56:1709106071:0:0x33ef37555f6b12566b41d379e893911e288b1711541e279651ddda9c3b206c40,ethereum:0xdd690d8824c00c84d64606ffb12640e932c1af56,ethereum,1528160735,0,0.9897298812866211,0.7182673215866089,0.9999709562026756,0.9940678617294184,1,True,0.0,2.304445,9.960165,13.089276
ethereum:0x93b1e78a3e652cd2e71c4a767595b77282344932:1709057171:11:0x6093a045dbbd0d2096aaec337340710f617eabaeb9df9d6e0dcb70f8b5b2ac09,ethereum:0x93b1e78a3e652cd2e71c4a767595b77282344932,ethereum,1528169352,0,0.9305682182312012,0.7142323851585388,0.9944851762830074,0.9519388913081733,1,True,0.0,1.943409,4.259009,6.97864
ethereum:0x93b1e78a3e652cd2e71c4a767595b77282344932:1709057171:12:0xbe9b279e71363120dff365fb8a3bfc8a1b5e3270c251e875958a8e84f2066531,ethereum:0x93b1e78a3e652cd2e71c4a767595b77282344932,ethereum,1528170000,0,0.9312389492988586,0.7138809561729431,0.9946353582695596,0.9523081988691563,1,True,0.0,1.851515,3.785653,6.413725
ethereum:0x93b1e78a3e652cd2e71c4a767595b77282344932:1709057171:13:0x39b14c5d6a6198c5eb5821397b9567381435330a9206b95508f899307aa7d3e7,ethereum:0x93b1e78a3e652cd2e71c4a767595b77282344932,ethereum,1528184389,0,0.8974224328994751,0.7108401656150818,0.9830306269246046,0.9243457337027892,1,True,0.0,1.74812,4.075515,6.58216
ethereum:0x93b1e78a3e652cd2e71c4a767595b77282344932:1709057171:14:0x7e035fafdaf21f0e800f4035131f0ee4573b7c0ca586cb3404f45ff26f0768b5,ethereum:0x93b1e78a3e652cd2e71c4a767595b77282344932,ethereum,1528185094,0,0.8664647936820984,0.7094506621360779,0.963159468627503,0.8977886164719167,1,True,0.0,1.946229,3.890139,6.69662
ethereum:0x93b1e78a3e652cd2e71c4a767595b77282344932:1709057171:15:0x0185a1a25d6fa1232e412c21ae4b7d0c2d803ed382e957e6ba0a09ddf0e70447,ethereum:0x93b1e78a3e652cd2e71c4a767595b77282344932,ethereum,1528186907,0,0.8642576932907104,0.7085919976234436,0.9613275643751369,0.8952435480087874,1,True,0.0,1.810031,3.979662,6.58502
ethereum:0x93b1e78a3e652cd2e71c4a767595b77282344932:1709057171:16:0x108e401a411debc69c97c9b24df8a36e4bbce11e382d4616ca4fd73f8d04e699,ethereum:0x93b1e78a3e652cd2e71c4a767595b77282344932,ethereum,1528187294,0,0.8623844981193542,0.7076786160469055,0.9597253580862506,0.8929125177211967,1,True,0.0,2.25076,4.59474,7.717947
ethereum:0x93b1e78a3e652cd2e71c4a767595b77282344932:1709057171:17:0xe453b3a01e81a2898f3a9cf82122d60d6c6ff587320bfef0ca4e81bad977526d,ethereum:0x93b1e78a3e652cd2e71c4a767595b77282344932,ethereum,1528189473,0,0.8328007459640503,0.7027510404586792,0.9282157508629217,0.8623514098022496,1,True,0.0,2.042057,3.883301,6.847043
ethereum:0x93b1e78a3e652cd2e71c4a767595b77282344932:1709057171:18:0xa413c9a8a0b65ff643fb068ae6417595ddd4ec6b938c89a9903c35c32475525c,ethereum:0x93b1e78a3e652cd2e71c4a767595b77282344932,ethereum,1528190195,0,0.8302986025810242,0.6990646123886108,0.9249817958561444,0.8563448624929657,1,True,0.0,2.155062,5.651763,8.694786
ethereum:0x93b1e78a3e652cd2e71c4a767595b77282344932:1709057171:19:0x8a7fd69b4b5c8a83ffe0aec2f67945a5c0db505c437f3069c7a526f9ff6f8f59,ethereum:0x93b1e78a3e652cd2e71c4a767595b77282344932,ethereum,1528192696,0,0.8051057457923889,0.6974576711654663,0.8871063291546457,0.8308610071192996,1,True,0.0,9.141578,4.307326,14.417708
ethereum:0xd31695a1d35e489252ce57b129fd4b1b05e6acac:1709168843:27:0x2dcb07a68fa0a56e844ecabd55c129e956b2300c2af59997328a08e93e0c3c12,ethereum:0xd31695a1d35e489252ce57b129fd4b1b05e6acac,ethereum,1528192932,0,0.6786721348762512,0.6986792683601379,0.5684643569974472,0.7083701233818193,1,True,0.0,1.946265,3.448518,6.494059
ethereum:0x93b1e78a3e652cd2e71c4a767595b77282344932:1709057171:20:0xc938876ac914d639ea77b540311f9fa0ab430997780fcc3915420f254399849a,ethereum:0x93b1e78a3e652cd2e71c4a767595b77282344932,ethereum,1528193578,0,0.7829474806785583,0.6964300870895386,0.8456060748174301,0.8082788449401719,1,True,0.0,2.692756,3.955321,7.591244
ethereum:0x93b1e78a3e652cd2e71c4a767595b77282344932:1709057171:21:0xa6c4a52fa3be1dc33b0f9619c8d630a3829669baeb7c855a29e3ba7d8a9c690f,ethereum:0x93b1e78a3e652cd2e71c4a767595b77282344932,ethereum,1528209127,0,0.7640382051467896,0.6953085064888,0.8042517990713469,0.7882875922079136,1,True,0.0,1.753926,3.993505,6.604694
ethereum:0x93b1e78a3e652cd2e71c4a767595b77282344932:1709057171:22:0x62f2d4ff07795373569cd5f0822c073a73317a5b0345b492c0b32c6d6a5959d2,ethereum:0x93b1e78a3e652cd2e71c4a767595b77282344932,ethereum,1528217990,0,0.7482127547264099,0.6930956840515137,0.7657639034346916,0.7694189533920238,1,True,0.0,2.047798,4.192454,7.107734
ethereum:0xd31695a1d35e489252ce57b129fd4b1b05e6acac:1709168843:28:0xac2f2b1f46b502d9777e1f9dc477d6978e0c347882e6b0d16f32001e09d5cc0c,ethereum:0xd31695a1d35e489252ce57b129fd4b1b05e6acac,ethereum,1528231981,0,0.6778217554092407,0.6987144947052002,0.565917689451359,0.707572554597474,1,True,0.0,1.95355,3.835868,6.736829
ethereum:0xd31695a1d35e489252ce57b129fd4b1b05e6acac:1709168843:29:0xb584ada92f49727fb73dddbcede6b1560e4310f4ad1fb24df43214c45671a03e,ethereum:0xd31695a1d35e489252ce57b129fd4b1b05e6acac,ethereum,1528263343,0,0.6772658228874207,0.698697566986084,0.5642528323684374,0.7069825078071367,1,True,0.0,1.896437,4.011842,6.796366
ethereum:0x79986af15539de2db9a5086382daeda917a9cf0c:1709236187:0:0xa8b06a034f10b031843b44177b879a31e84ba46665951e9bb42eb31ea0128269,ethereum:0x79986af15539de2db9a5086382daeda917a9cf0c,ethereum,1528274095,0,0.9897298812866211,0.7182673215866089,0.9999709562026756,0.9940678617294184,1,True,0.0,2.184563,3.971239,6.853533
ethereum:0x93b1e78a3e652cd2e71c4a767595b77282344932:1709057171:23:0x44425d0170fff350eb06f15f3e0d6766c6ae2147e34f18c79af8f14c7fffe4cd,ethereum:0x93b1e78a3e652cd2e71c4a767595b77282344932,ethereum,1528278582,0,0.7480443120002747,0.6931613683700562,0.7653367680033958,0.7693456425816305,1,True,0.0,1.914063,10.140504,13.122134
ethereum:0x93b1e78a3e652cd2e71c4a767595b77282344932:1709057171:24:0x1afcc6cfecc261ce323111d511c2452b818569f6938ee790655f77c5c045c66b,ethereum:0x93b1e78a3e652cd2e71c4a767595b77282344932,ethereum,1528279852,0,0.7343344688415527,0.6927255988121033,0.729455509994996,0.7549012815143241,1,True,0.0,2.20031,4.074495,7.467209
ethereum:0x93b1e78a3e652cd2e71c4a767595b77282344932:1709057171:25:0x2acde9aca27bf3aebb5c1da7695f07865713c014e3e01775241af96294fec11a,ethereum:0x93b1e78a3e652cd2e71c4a767595b77282344932,ethereum,1528280437,0,0.7215453386306763,0.6909249424934387,0.69421888523472,0.7391227173432018,1,True,0.0,1.941128,3.859261,6.67443
ethereum:0x93b1e78a3e652cd2e71c4a767595b77282344932:1709057171:26:0x37af0a18585e0b75d918598d122479dbb1516d4312c3a5db54ed7344d3ea97ff,ethereum:0x93b1e78a3e652cd2e71c4a767595b77282344932,ethereum,1528281082,0,0.7179538607597351,0.6902366280555725,0.6840648868050427,0.7343553074756243,1,True,0.0,1.805018,4.079063,6.732869
ethereum:0x93b1e78a3e652cd2e71c4a767595b77282344932:1709057171:27:0xd58a8a7947a021de5099de5a39a3421f54511fb607824d72b20029089b3d7b43,ethereum:0x93b1e78a3e652cd2e71c4a767595b77282344932,ethereum,1528284497,0,0.7074551582336426,0.689062237739563,0.6538489840301306,0.7216487855328133,1,True,0.0,1.870575,3.919177,6.655535
ethereum:0x93b1e78a3e652cd2e71c4a767595b77282344932:1709057171:28:0x1f6871e1001360f3345defb3f96bdf0d266cb0220e5eb89a0a0649fa8badf0fc,ethereum:0x93b1e78a3e652cd2e71c4a767595b77282344932,ethereum,1528284660,0,0.7060403227806091,0.6884219646453857,0.6497242771316588,0.7191349678214116,1,True,0.0,1.753136,3.7557,6.278045
ethereum:0x93b1e78a3e652cd2e71c4a767595b77282344932:1709057171:29:0x4d47a7ba8be2904de2cb571993fb1632fda70b3bf411b0d00e27def9b2aff206,ethereum:0x93b1e78a3e652cd2e71c4a767595b77282344932,ethereum,1528288972,0,0.6968233585357666,0.687463104724884,0.6226129488996524,0.7079633556159975,1,True,0.0,2.234064,3.953362,7.024546
ethereum:0x79986af15539de2db9a5086382daeda917a9cf0c:1709236187:1:0x754c4dcf5e58b6150f866b1646fb6ced1a3f4d0212bd9ee80581f602bde74481,ethereum:0x79986af15539de2db9a5086382daeda917a9cf0c,ethereum,1528419909,0,0.9652714729309082,0.7149142622947693,0.9992051859747634,0.9774362587030725,1,True,0.0,2.888746,3.797351,7.405731
ethereum:0x79986af15539de2db9a5086382daeda917a9cf0c:1709236187:2:0xe244ec80b06822c0cfa3933d61e5e5931241f2f0971cea42530707baa6fc9b54,ethereum:0x79986af15539de2db9a5086382daeda917a9cf0c,ethereum,1528419981,0,0.8600606322288513,0.7050986289978027,0.957676224876323,0.8887894208738728,1,True,0.0,1.827098,4.745773,7.401006
ethereum:0x79986af15539de2db9a5086382daeda917a9cf0c:1709236187:3:0x9b14403a9a9cdf38fb123d1d4f76f7e25796c6fd53886722f1c9efddecc22e34,ethereum:0x79986af15539de2db9a5086382daeda917a9cf0c,ethereum,1528431626,0,0.777174711227417,0.6926292181015015,0.8335452871786226,0.797667138679055,1,True,0.0,8.125517,4.603395,13.618248
ethereum:0x79986af15539de2db9a5086382daeda917a9cf0c:1709236187:4:0x8833e2a834bf3be640bda7bc6e95cd4384070ae0a1f8a1a20c3419da685f9aa2,ethereum:0x79986af15539de2db9a5086382daeda917a9cf0c,ethereum,1528431635,0,0.7126209735870361,0.6672353148460388,0.6688083442633851,0.6910129827911812,1,True,0.0,1.874852,3.881543,6.500762
ethereum:0x79986af15539de2db9a5086382daeda917a9cf0c:1709236187:5:0x90be9ed3adeb15de4e0d78120b375165161616bbc3a1de91fe5ad9bc2bdcec83,ethereum:0x79986af15539de2db9a5086382daeda917a9cf0c,ethereum,1528431646,0,0.6519215703010559,0.6400115489959717,0.48891249042915114,0.5734970025211368,1,True,0.0,1.726917,3.74865,6.173687
ethereum:0x79986af15539de2db9a5086382daeda917a9cf0c:1709236187:6:0xfe90f0bd67d11a3826b2d7a5ce024d50e7d4d261cd9d4f5255430a15b9b6ffd9,ethereum:0x79986af15539de2db9a5086382daeda917a9cf0c,ethereum,1528431659,0,0.5961871147155762,0.6045640707015991,0.33677840667396913,0.44510976331617585,0,True,0.0,1.8959,3.862591,6.475469
ethereum:0x79986af15539de2db9a5086382daeda917a9cf0c:1709236187:7:0x7fc3daca648c5808017d56fc202ee59b045be9e36c6cc485408ddd2f62bf0448,ethereum:0x79986af15539de2db9a5086382daeda917a9cf0c,ethereum,1528432645,0,0.5689666867256165,0.5987722873687744,0.2737330660152709,0.40568256113198475,0,True,0.0,2.329748,4.073993,7.172684
ethereum:0x79986af15539de2db9a5086382daeda917a9cf0c:1709236187:8:0xaab5d9606681f05715ec7d18f41373fe22aa6453d48627e39f6e86fffd4cbb22,ethereum:0x79986af15539de2db9a5086382daeda917a9cf0c,ethereum,1528433393,0,0.5581312775611877,0.5944664478302002,0.2510445629161617,0.38699290037474976,0,True,0.0,2.009719,3.835927,6.629854
ethereum:0x79986af15539de2db9a5086382daeda917a9cf0c:1709236187:9:0x236695dfb054a8dbee26af666d275643fb7c251a3ffa70ebdd5970aa08e5a085,ethereum:0x79986af15539de2db9a5086382daeda917a9cf0c,ethereum,1528434081,0,0.5537942051887512,0.5858007669448853,0.24235334664562114,0.3679121385917916,0,True,0.0,1.881201,3.936372,6.579395
ethereum:0x79986af15539de2db9a5086382daeda917a9cf0c:1709236187:10:0x6725ab3560ff79c9a1b1f9f8e412c439438be9c7a4a8ee567197f40f7e37d3d7,ethereum:0x79986af15539de2db9a5086382daeda917a9cf0c,ethereum,1528435147,0,0.5519614219665527,0.5843321084976196,0.23874755849202767,0.3636321929902888,0,True,0.0,1.995183,4.337486,7.126533
ethereum:0x79986af15539de2db9a5086382daeda917a9cf0c:1709236187:11:0x5350e51bd5f0de1a68ef0c999f87c856b4c07e9775ca66d0f46a9284a1d05819,ethereum:0x79986af15539de2db9a5086382daeda917a9cf0c,ethereum,1528768807,0,0.5615039467811584,0.5865313410758972,0.2579574169469193,0.3769188928902241,0,True,0.0,1.77495,3.965597,6.933728
