run_id,measurement_run_id,experiment_id,seed,family,budget,random_repeat,runtime_repeat,deterministic_algorithms,torch_threads,policy_hash,batch_size,N,deep_fraction,latency_ms_per_contract,local_ms,retrieval_ms,relational_ms,wall_ms,N_positive,tp,tn,fp,fn,ap,roc_auc,f1,precision,recall,mcc,fpr,specificity,alert_rate,fp_per_1000,undefined_reason,offline_scalar_batched_score_max_abs_diff,offline_scalar_batched_prediction_disagreements
selectivestream_r01_20261011,selectivestream_r01_20261011_offline_v2,pooled_snapshot,11,margin,0.0,0,0,True,1,55f70fdad3d060cbfb9c16c3bd1c5c7fbc542662ba3141fe653aea6175573bdd,128,3648,0.0,0.03884237938622024,134.88571900234092,0.23235600292537129,0.06746499911969295,141.69700000093144,161,62,3472,15,99,0.5607411636401153,0.9044320786880107,0.5210084033613446,0.8051948051948052,0.38509316770186336,0.5441089151771524,0.004301691998852882,0.9956983080011471,0.021107456140350877,4.1118421052631575,,,
selectivestream_r01_20261011,selectivestream_r01_20261011_offline_v2,pooled_snapshot,11,margin,0.0,0,1,True,1,55f70fdad3d060cbfb9c16c3bd1c5c7fbc542662ba3141fe653aea6175573bdd,128,3648,0.0,0.038095982182340504,131.55035599902476,0.15683099991292693,0.057741997807170264,138.97414300117816,161,62,3472,15,99,0.5607411636401153,0.9044320786880107,0.5210084033613446,0.8051948051948052,0.38509316770186336,0.5441089151771524,0.004301691998852882,0.9956983080011471,0.021107456140350877,4.1118421052631575,,,
selectivestream_r01_20261011,selectivestream_r01_20261011_offline_v2,pooled_snapshot,11,margin,0.0,0,2,True,1,55f70fdad3d060cbfb9c16c3bd1c5c7fbc542662ba3141fe653aea6175573bdd,128,3648,0.0,0.03826922286177985,131.57401199987362,0.1819909994082991,0.06471700271504233,139.60612499977287,161,62,3472,15,99,0.5607411636401153,0.9044320786880107,0.5210084033613446,0.8051948051948052,0.38509316770186336,0.5441089151771524,0.004301691998852882,0.9956983080011471,0.021107456140350877,4.1118421052631575,,,
selectivestream_r01_20261011,selectivestream_r01_20261011_offline_v2,pooled_snapshot,11,margin,0.1,0,0,True,1,7c80372c53c841262ec14ce8458688a5696e8fd24a59e3fb1137a06672f5330e,128,3648,0.0581140350877193,0.13136192927557308,136.1604609992355,88.7414369990438,245.87808400156064,479.2083179972906,161,53,3479,8,108,0.5302210498621083,0.8940403308116927,0.4774774774774775,0.8688524590163934,0.32919254658385094,0.5236257342556737,0.002294235732721537,0.9977057642672784,0.016721491228070175,2.192982456140351,,,
selectivestream_r01_20261011,selectivestream_r01_20261011_offline_v2,pooled_snapshot,11,margin,0.1,0,1,True,1,7c80372c53c841262ec14ce8458688a5696e8fd24a59e3fb1137a06672f5330e,128,3648,0.0581140350877193,0.09734575986897198,143.23869600411854,84.26162000432669,120.25001599886309,355.1173320020098,161,53,3479,8,108,0.5302210498621083,0.8940403308116927,0.4774774774774775,0.8688524590163934,0.32919254658385094,0.5236257342556737,0.002294235732721537,0.9977057642672784,0.016721491228070175,2.192982456140351,,,
selectivestream_r01_20261011,selectivestream_r01_20261011_offline_v2,pooled_snapshot,11,margin,0.1,0,2,True,1,7c80372c53c841262ec14ce8458688a5696e8fd24a59e3fb1137a06672f5330e,128,3648,0.0581140350877193,0.09359896162290002,136.227160000999,82.55151100001967,115.28865800028143,341.4490120003393,161,53,3479,8,108,0.5302210498621083,0.8940403308116927,0.4774774774774775,0.8688524590163934,0.32919254658385094,0.5236257342556737,0.002294235732721537,0.9977057642672784,0.016721491228070175,2.192982456140351,,,
selectivestream_r01_20261011,selectivestream_r01_20261011_offline_v2,pooled_snapshot,11,margin,0.25,0,0,True,1,e41d67c5c61bda087ce25333ca564ba883140c7b95efe20267f85f8b17d6daf2,128,3648,0.14720394736842105,0.1281347483550115,145.6183409973164,183.4620859963252,130.97342800210754,467.435561999082,161,68,3451,36,93,0.5649404183181832,0.8933100228532953,0.5132075471698113,0.6538461538461539,0.422360248447205,0.5085231700773573,0.010324060797246917,0.9896759392027531,0.02850877192982456,9.868421052631579,,4.282488369478088e-07,0.0
selectivestream_r01_20261011,selectivestream_r01_20261011_offline_v2,pooled_snapshot,11,margin,0.25,0,1,True,1,e41d67c5c61bda087ce25333ca564ba883140c7b95efe20267f85f8b17d6daf2,128,3648,0.14720394736842105,0.1231170000003682,138.31470000059198,187.71593699966616,115.61879000146291,449.1308160013432,161,68,3451,36,93,0.5649404183181832,0.8933100228532953,0.5132075471698113,0.6538461538461539,0.422360248447205,0.5085231700773573,0.010324060797246917,0.9896759392027531,0.02850877192982456,9.868421052631579,,4.282488369478088e-07,0.0
selectivestream_r01_20261011,selectivestream_r01_20261011_offline_v2,pooled_snapshot,11,margin,0.25,0,2,True,1,e41d67c5c61bda087ce25333ca564ba883140c7b95efe20267f85f8b17d6daf2,128,3648,0.14720394736842105,0.129717468200752,148.58364799601986,185.7020530014779,131.4662149979995,473.2093239963433,161,68,3451,36,93,0.5649404183181832,0.8933100228532953,0.5132075471698113,0.6538461538461539,0.422360248447205,0.5085231700773573,0.010324060797246917,0.9896759392027531,0.02850877192982456,9.868421052631579,,4.282488369478088e-07,0.0
selectivestream_r01_20261011,selectivestream_r01_20261011_offline_v2,pooled_snapshot,11,margin,0.5,0,0,True,1,6820b205a149539a16bb697a35b1a3a32ce5f5e1e3f13737878bacce540de712,128,3648,0.4517543859649123,0.22527729056975476,155.9425920013382,501.83669999933045,156.75996800018765,821.8115559984653,161,62,3465,22,99,0.5651739344547226,0.8971592801657265,0.5061224489795918,0.7380952380952381,0.38509316770186336,0.5187069526189557,0.006309148264984227,0.9936908517350158,0.023026315789473683,6.030701754385965,,,
selectivestream_r01_20261011,selectivestream_r01_20261011_offline_v2,pooled_snapshot,11,margin,0.5,0,1,True,1,6820b205a149539a16bb697a35b1a3a32ce5f5e1e3f13737878bacce540de712,128,3648,0.4517543859649123,0.24049394380504532,172.97497399886197,512.3601329978555,184.60749099904206,877.3219070008054,161,62,3465,22,99,0.5651739344547226,0.8971592801657265,0.5061224489795918,0.7380952380952381,0.38509316770186336,0.5187069526189557,0.006309148264984227,0.9936908517350158,0.023026315789473683,6.030701754385965,,,
selectivestream_r01_20261011,selectivestream_r01_20261011_offline_v2,pooled_snapshot,11,margin,0.5,0,2,True,1,6820b205a149539a16bb697a35b1a3a32ce5f5e1e3f13737878bacce540de712,128,3648,0.4517543859649123,0.2563789709433039,207.27466700100194,504.6854619977239,216.10910500203317,935.2704860011727,161,62,3465,22,99,0.5651739344547226,0.8971592801657265,0.5061224489795918,0.7380952380952381,0.38509316770186336,0.5187069526189557,0.006309148264984227,0.9936908517350158,0.023026315789473683,6.030701754385965,,,
selectivestream_r01_20261011,selectivestream_r01_20261011_offline_v2,pooled_snapshot,11,margin,0.75,0,0,True,1,eb316e0f760eb0b15d8c3ba94df4ec0c3d842c3e3b7399f60dab0fcea1d326fb,128,3648,0.7889254385964912,0.4077216587169711,271.85351499974786,882.9276789992946,325.23145800314524,1487.3686109995106,161,62,3465,22,99,0.5661256909889885,0.9006718833217254,0.5061224489795918,0.7380952380952381,0.38509316770186336,0.5187069526189557,0.006309148264984227,0.9936908517350158,0.023026315789473683,6.030701754385965,,,
selectivestream_r01_20261011,selectivestream_r01_20261011_offline_v2,pooled_snapshot,11,margin,0.75,0,1,True,1,eb316e0f760eb0b15d8c3ba94df4ec0c3d842c3e3b7399f60dab0fcea1d326fb,128,3648,0.7889254385964912,0.42054460498806284,293.9497939987632,894.7667010006626,337.7081039998302,1534.1467189964533,161,62,3465,22,99,0.5661256909889885,0.9006718833217254,0.5061224489795918,0.7380952380952381,0.38509316770186336,0.5187069526189557,0.006309148264984227,0.9936908517350158,0.023026315789473683,6.030701754385965,,,
selectivestream_r01_20261011,selectivestream_r01_20261011_offline_v2,pooled_snapshot,11,margin,0.75,0,2,True,1,eb316e0f760eb0b15d8c3ba94df4ec0c3d842c3e3b7399f60dab0fcea1d326fb,128,3648,0.7889254385964912,0.42080659703932116,297.38274699593603,889.0563130007649,341.0841540016918,1535.1024659994437,161,62,3465,22,99,0.5661256909889885,0.9006718833217254,0.5061224489795918,0.7380952380952381,0.38509316770186336,0.5187069526189557,0.006309148264984227,0.9936908517350158,0.023026315789473683,6.030701754385965,,,
selectivestream_r01_20261011,selectivestream_r01_20261011_offline_v2,pooled_snapshot,11,margin,1.0,0,0,True,1,9a1f2d3c701826457ad41638eeb9816eb6c5a0f2555da355cd47a52e067318f4,128,3648,1.0,0.4926240616767748,302.62396200214425,1133.887720002349,353.10529499929544,1797.0925769968744,161,62,3465,22,99,0.5666323790908302,0.908477272281963,0.5061224489795918,0.7380952380952381,0.38509316770186336,0.5187069526189557,0.006309148264984227,0.9936908517350158,0.023026315789473683,6.030701754385965,,,
selectivestream_r01_20261011,selectivestream_r01_20261011_offline_v2,pooled_snapshot,11,margin,1.0,0,1,True,1,9a1f2d3c701826457ad41638eeb9816eb6c5a0f2555da355cd47a52e067318f4,128,3648,1.0,0.5035911472035332,279.96682500179304,1220.223481001085,329.04469600180164,1837.1005049984888,161,62,3465,22,99,0.5666323790908302,0.908477272281963,0.5061224489795918,0.7380952380952381,0.38509316770186336,0.5187069526189557,0.006309148264984227,0.9936908517350158,0.023026315789473683,6.030701754385965,,,
selectivestream_r01_20261011,selectivestream_r01_20261011_offline_v2,pooled_snapshot,11,margin,1.0,0,2,True,1,9a1f2d3c701826457ad41638eeb9816eb6c5a0f2555da355cd47a52e067318f4,128,3648,1.0,0.5004806071816734,307.43198999971355,1164.127981999627,346.5388720014744,1825.7532549987445,161,62,3465,22,99,0.5666323790908302,0.908477272281963,0.5061224489795918,0.7380952380952381,0.38509316770186336,0.5187069526189557,0.006309148264984227,0.9936908517350158,0.023026315789473683,6.030701754385965,,,
selectivestream_r01_20261011,selectivestream_r01_20261011_offline_v2,pooled_snapshot,11,entropy,0.0,0,0,True,1,c313c797508b8fa3a5876b1ad0a4ac684c6f526e17e5174d19a8983c66df5dbe,128,3648,0.0,0.08269548903540094,285.2703449998444,0.16845600021042628,0.06064300214347895,301.67314400114265,161,62,3472,15,99,0.5607411636401153,0.9044320786880107,0.5210084033613446,0.8051948051948052,0.38509316770186336,0.5441089151771524,0.004301691998852882,0.9956983080011471,0.021107456140350877,4.1118421052631575,,,
selectivestream_r01_20261011,selectivestream_r01_20261011_offline_v2,pooled_snapshot,11,entropy,0.0,0,1,True,1,c313c797508b8fa3a5876b1ad0a4ac684c6f526e17e5174d19a8983c66df5dbe,128,3648,0.0,0.07773299040661243,266.9553710056789,0.1768649981386261,0.06252600178413559,283.5699490033221,161,62,3472,15,99,0.5607411636401153,0.9044320786880107,0.5210084033613446,0.8051948051948052,0.38509316770186336,0.5441089151771524,0.004301691998852882,0.9956983080011471,0.021107456140350877,4.1118421052631575,,,
selectivestream_r01_20261011,selectivestream_r01_20261011_offline_v2,pooled_snapshot,11,entropy,0.0,0,2,True,1,c313c797508b8fa3a5876b1ad0a4ac684c6f526e17e5174d19a8983c66df5dbe,128,3648,0.0,0.07441829961688304,254.98567700196872,0.15141000130824978,0.05967800007056212,271.4779570023893,161,62,3472,15,99,0.5607411636401153,0.9044320786880107,0.5210084033613446,0.8051948051948052,0.38509316770186336,0.5441089151771524,0.004301691998852882,0.9956983080011471,0.021107456140350877,4.1118421052631575,,,
selectivestream_r01_20261011,selectivestream_r01_20261011_offline_v2,pooled_snapshot,11,entropy,0.1,0,0,True,1,5cd96c80af3016db02d97cf98cc8bef5a14851f853aa9f8fcaa6f950fd6dd59a,128,3648,0.060581140350877194,0.15560871710543747,240.93017400082317,90.73505399737769,219.56870099802472,567.6606000006359,161,55,3479,8,106,0.5284487323167544,0.8941062366518409,0.49107142857142855,0.873015873015873,0.3416149068322981,0.534976092420406,0.002294235732721537,0.9977057642672784,0.017269736842105265,2.192982456140351,,,
selectivestream_r01_20261011,selectivestream_r01_20261011_offline_v2,pooled_snapshot,11,entropy,0.1,0,1,True,1,5cd96c80af3016db02d97cf98cc8bef5a14851f853aa9f8fcaa6f950fd6dd59a,128,3648,0.060581140350877194,0.15451170668830383,238.3413509996899,91.24256999621139,217.83478999896033,563.6587059989324,161,55,3479,8,106,0.5284487323167544,0.8941062366518409,0.49107142857142855,0.873015873015873,0.3416149068322981,0.534976092420406,0.002294235732721537,0.9977057642672784,0.017269736842105265,2.192982456140351,,,
selectivestream_r01_20261011,selectivestream_r01_20261011_offline_v2,pooled_snapshot,11,entropy,0.1,0,2,True,1,5cd96c80af3016db02d97cf98cc8bef5a14851f853aa9f8fcaa6f950fd6dd59a,128,3648,0.060581140350877194,0.1634746521381502,255.32374099839217,92.16595499583491,232.14464800003043,596.355530999972,161,55,3479,8,106,0.5284487323167544,0.8941062366518409,0.49107142857142855,0.873015873015873,0.3416149068322981,0.534976092420406,0.002294235732721537,0.9977057642672784,0.017269736842105265,2.192982456140351,,,
selectivestream_r01_20261011,selectivestream_r01_20261011_offline_v2,pooled_snapshot,11,entropy,0.25,0,0,True,1,feed8309428800173024890b4f243be75e20253750c7ee7136c9b0dce0f57fa5,128,3648,0.203125,0.22038788240215063,283.8606510022146,246.92342900107178,256.53195199993206,803.9749950030455,161,62,3465,22,99,0.5359468469029222,0.8921878423318556,0.5061224489795918,0.7380952380952381,0.38509316770186336,0.5187069526189557,0.006309148264984227,0.9936908517350158,0.023026315789473683,6.030701754385965,,,
selectivestream_r01_20261011,selectivestream_r01_20261011_offline_v2,pooled_snapshot,11,entropy,0.25,0,1,True,1,feed8309428800173024890b4f243be75e20253750c7ee7136c9b0dce0f57fa5,128,3648,0.203125,0.21864602905701871,279.32344400414877,246.03724699591112,255.87765599721024,797.6207140000042,161,62,3465,22,99,0.5359468469029222,0.8921878423318556,0.5061224489795918,0.7380952380952381,0.38509316770186336,0.5187069526189557,0.006309148264984227,0.9936908517350158,0.023026315789473683,6.030701754385965,,,
selectivestream_r01_20261011,selectivestream_r01_20261011_offline_v2,pooled_snapshot,11,entropy,0.25,0,2,True,1,feed8309428800173024890b4f243be75e20253750c7ee7136c9b0dce0f57fa5,128,3648,0.203125,0.22423948930980842,295.49834899989946,241.55342599897267,264.5654400021158,818.0256570021811,161,62,3465,22,99,0.5359468469029222,0.8921878423318556,0.5061224489795918,0.7380952380952381,0.38509316770186336,0.5187069526189557,0.006309148264984227,0.9936908517350158,0.023026315789473683,6.030701754385965,,,
selectivestream_r01_20261011,selectivestream_r01_20261011_offline_v2,pooled_snapshot,11,entropy,0.5,0,0,True,1,b11071467b9ce697425284bbeba8d25e79303d0d5f15223ff778aedbbda4e94f,128,3648,0.5101425438596491,0.32656774314781406,290.2815790012028,579.9531860011484,304.75087799823086,1191.3191270032257,161,62,3465,22,99,0.5375726215365867,0.8984595845794583,0.5061224489795918,0.7380952380952381,0.38509316770186336,0.5187069526189557,0.006309148264984227,0.9936908517350158,0.023026315789473683,6.030701754385965,,,
selectivestream_r01_20261011,selectivestream_r01_20261011_offline_v2,pooled_snapshot,11,entropy,0.5,0,1,True,1,b11071467b9ce697425284bbeba8d25e79303d0d5f15223ff778aedbbda4e94f,128,3648,0.5101425438596491,0.3238370973137032,290.7509580027181,587.1346419990005,286.8346620025477,1181.3577310003893,161,62,3465,22,99,0.5375726215365867,0.8984595845794583,0.5061224489795918,0.7380952380952381,0.38509316770186336,0.5187069526189557,0.006309148264984227,0.9936908517350158,0.023026315789473683,6.030701754385965,,,
selectivestream_r01_20261011,selectivestream_r01_20261011_offline_v2,pooled_snapshot,11,entropy,0.5,0,2,True,1,b11071467b9ce697425284bbeba8d25e79303d0d5f15223ff778aedbbda4e94f,128,3648,0.5101425438596491,0.32613946875016064,291.4485789979153,574.52891200046,307.35866199756856,1189.756782000586,161,62,3465,22,99,0.5375726215365867,0.8984595845794583,0.5061224489795918,0.7380952380952381,0.38509316770186336,0.5187069526189557,0.006309148264984227,0.9936908517350158,0.023026315789473683,6.030701754385965,,,
selectivestream_r01_20261011,selectivestream_r01_20261011_offline_v2,pooled_snapshot,11,entropy,0.75,0,0,True,1,b147f237b45ad00c6e3c576c091e6c3fb42dced8f4a95289c87e9c90f6f9a44d,128,3648,0.8097587719298246,0.4348143347039212,297.4765840008331,922.3853489984322,349.8250829979952,1586.2026929999047,161,62,3465,22,99,0.5387466777144455,0.8996049212068962,0.5061224489795918,0.7380952380952381,0.38509316770186336,0.5187069526189557,0.006309148264984227,0.9936908517350158,0.023026315789473683,6.030701754385965,,,
selectivestream_r01_20261011,selectivestream_r01_20261011_offline_v2,pooled_snapshot,11,entropy,0.75,0,1,True,1,b147f237b45ad00c6e3c576c091e6c3fb42dced8f4a95289c87e9c90f6f9a44d,128,3648,0.8097587719298246,0.4342978256585782,294.45478200068465,927.3847060003391,345.8904920016721,1584.3184680024933,161,62,3465,22,99,0.5387466777144455,0.8996049212068962,0.5061224489795918,0.7380952380952381,0.38509316770186336,0.5187069526189557,0.006309148264984227,0.9936908517350158,0.023026315789473683,6.030701754385965,,,
selectivestream_r01_20261011,selectivestream_r01_20261011_offline_v2,pooled_snapshot,11,entropy,0.75,0,2,True,1,b147f237b45ad00c6e3c576c091e6c3fb42dced8f4a95289c87e9c90f6f9a44d,128,3648,0.8097587719298246,0.43248790323434005,299.8379969976668,920.6892960028199,340.38454799974716,1577.7158709988726,161,62,3465,22,99,0.5387466777144455,0.8996049212068962,0.5061224489795918,0.7380952380952381,0.38509316770186336,0.5187069526189557,0.006309148264984227,0.9936908517350158,0.023026315789473683,6.030701754385965,,,
selectivestream_r01_20261011,selectivestream_r01_20261011_offline_v2,pooled_snapshot,11,entropy,1.0,0,0,True,1,d06f44c289e70dbda68d6376e8b8166827ca22ad7a8ef8bfca82a5f579fb8f04,128,3648,1.0,0.5118768174340179,290.63982499610574,1210.025874997882,350.0182080015293,1867.3266299992974,161,62,3465,22,99,0.5666323790908302,0.908477272281963,0.5061224489795918,0.7380952380952381,0.38509316770186336,0.5187069526189557,0.006309148264984227,0.9936908517350158,0.023026315789473683,6.030701754385965,,,
selectivestream_r01_20261011,selectivestream_r01_20261011_offline_v2,pooled_snapshot,11,entropy,1.0,0,1,True,1,d06f44c289e70dbda68d6376e8b8166827ca22ad7a8ef8bfca82a5f579fb8f04,128,3648,1.0,0.5037330257671987,309.9817989987059,1162.0863280022604,348.77394100021775,1837.6180779987408,161,62,3465,22,99,0.5666323790908302,0.908477272281963,0.5061224489795918,0.7380952380952381,0.38509316770186336,0.5187069526189557,0.006309148264984227,0.9936908517350158,0.023026315789473683,6.030701754385965,,,
selectivestream_r01_20261011,selectivestream_r01_20261011_offline_v2,pooled_snapshot,11,entropy,1.0,0,2,True,1,d06f44c289e70dbda68d6376e8b8166827ca22ad7a8ef8bfca82a5f579fb8f04,128,3648,1.0,0.49675332785120807,281.53227099755895,1177.235906997339,336.63021299889806,1812.156140001207,161,62,3465,22,99,0.5666323790908302,0.908477272281963,0.5061224489795918,0.7380952380952381,0.38509316770186336,0.5187069526189557,0.006309148264984227,0.9936908517350158,0.023026315789473683,6.030701754385965,,,
selectivestream_r01_20261011,selectivestream_r01_20261011_offline_v2,pooled_snapshot,11,random,0.0,0,0,True,1,e55e58064417fde3dffda47a8f69f9afa88c5b78292fcd476ede224dcb1cc18c,128,3648,0.0,0.08007094709452495,288.40754899920285,0.18770400038192747,0.06654999924649019,292.098815000827,161,62,3472,15,99,0.5607411636401153,0.9044320786880107,0.5210084033613446,0.8051948051948052,0.38509316770186336,0.5441089151771524,0.004301691998852882,0.9956983080011471,0.021107456140350877,4.1118421052631575,,,
selectivestream_r01_20261011,selectivestream_r01_20261011_offline_v2,pooled_snapshot,11,random,0.0,0,1,True,1,e55e58064417fde3dffda47a8f69f9afa88c5b78292fcd476ede224dcb1cc18c,128,3648,0.0,0.06361164172144447,228.25002799800131,0.18948499928228557,0.0697210025464301,232.05526899982942,161,62,3472,15,99,0.5607411636401153,0.9044320786880107,0.5210084033613446,0.8051948051948052,0.38509316770186336,0.5441089151771524,0.004301691998852882,0.9956983080011471,0.021107456140350877,4.1118421052631575,,,
selectivestream_r01_20261011,selectivestream_r01_20261011_offline_v2,pooled_snapshot,11,random,0.0,0,2,True,1,e55e58064417fde3dffda47a8f69f9afa88c5b78292fcd476ede224dcb1cc18c,128,3648,0.0,0.06510378371684199,233.65816500154324,0.1944659998116549,0.06822400155215291,237.49860299903958,161,62,3472,15,99,0.5607411636401153,0.9044320786880107,0.5210084033613446,0.8051948051948052,0.38509316770186336,0.5441089151771524,0.004301691998852882,0.9956983080011471,0.021107456140350877,4.1118421052631575,,,
selectivestream_r01_20261011,selectivestream_r01_20261011_offline_v2,pooled_snapshot,11,random,0.1,0,0,True,1,da7d94cf33a170953aa1dd51254ddc5a010bbf4f9caf1fb209ef18d44d8145ef,128,3648,0.08634868421052631,0.1521662911179128,230.39541899925098,116.19071200038888,204.91921000120783,555.1026299981459,161,63,3473,14,98,0.5567042052945123,0.9009836001332366,0.5294117647058824,0.8181818181818182,0.391304347826087,0.5533937809617536,0.00401491253226269,0.9959850874677373,0.021107456140350877,3.837719298245614,,,
selectivestream_r01_20261011,selectivestream_r01_20261011_offline_v2,pooled_snapshot,11,random,0.1,0,1,True,1,da7d94cf33a170953aa1dd51254ddc5a010bbf4f9caf1fb209ef18d44d8145ef,128,3648,0.08634868421052631,0.15675013870632307,250.5547110004045,114.99202199865977,202.7187759977096,571.8245060006666,161,63,3473,14,98,0.5567042052945123,0.9009836001332366,0.5294117647058824,0.8181818181818182,0.391304347826087,0.5533937809617536,0.00401491253226269,0.9959850874677373,0.021107456140350877,3.837719298245614,,,
selectivestream_r01_20261011,selectivestream_r01_20261011_offline_v2,pooled_snapshot,11,random,0.1,0,2,True,1,da7d94cf33a170953aa1dd51254ddc5a010bbf4f9caf1fb209ef18d44d8145ef,128,3648,0.08634868421052631,0.15949129331142575,256.9696569989901,115.28891800026031,205.83971999894857,581.8242380000811,161,63,3473,14,98,0.5567042052945123,0.9009836001332366,0.5294117647058824,0.8181818181818182,0.391304347826087,0.5533937809617536,0.00401491253226269,0.9959850874677373,0.021107456140350877,3.837719298245614,,,
selectivestream_r01_20261011,selectivestream_r01_20261011_offline_v2,pooled_snapshot,11,random,0.25,0,0,True,1,a4ece52fcb30d8bd733340aebb05b79f68af3edf43ab4b38b772ca4f0298ca5b,128,3648,0.23190789473684212,0.20635467598688656,251.35290199796145,281.4565109974865,216.1630439968576,752.7818580001622,161,63,3477,10,98,0.5629387465196338,0.9029910563993679,0.5384615384615384,0.863013698630137,0.391304347826087,0.5697174874077198,0.0028677946659019216,0.9971322053340981,0.0200109649122807,2.741228070175439,,,
selectivestream_r01_20261011,selectivestream_r01_20261011_offline_v2,pooled_snapshot,11,random,0.25,0,1,True,1,a4ece52fcb30d8bd733340aebb05b79f68af3edf43ab4b38b772ca4f0298ca5b,128,3648,0.23190789473684212,0.2078944015900126,257.07837200116046,279.4108280013461,218.1604130055348,758.398777000366,161,63,3477,10,98,0.5629387465196338,0.9029910563993679,0.5384615384615384,0.863013698630137,0.391304347826087,0.5697174874077198,0.0028677946659019216,0.9971322053340981,0.0200109649122807,2.741228070175439,,,
selectivestream_r01_20261011,selectivestream_r01_20261011_offline_v2,pooled_snapshot,11,random,0.25,0,2,True,1,a4ece52fcb30d8bd733340aebb05b79f68af3edf43ab4b38b772ca4f0298ca5b,128,3648,0.23190789473684212,0.2171776768092745,264.7855930008518,308.38574699828314,215.00901500166947,792.2641650002333,161,63,3477,10,98,0.5629387465196338,0.9029910563993679,0.5384615384615384,0.863013698630137,0.391304347826087,0.5697174874077198,0.0028677946659019216,0.9971322053340981,0.0200109649122807,2.741228070175439,,,
selectivestream_r01_20261011,selectivestream_r01_20261011_offline_v2,pooled_snapshot,11,random,0.5,0,0,True,1,367a9bf560ea407450995001b5417f76a69f9fbd722c13228b771836a435d029,128,3648,0.4942434210526316,0.3268537198468529,290.7114959989485,625.9660660025474,271.7615970004772,1192.3623700013195,161,59,3478,9,102,0.5516228764142487,0.9073283731766791,0.5152838427947598,0.8676470588235294,0.36645962732919257,0.5525854833414375,0.0025810151993117293,0.9974189848006882,0.01864035087719298,2.4671052631578947,,,
selectivestream_r01_20261011,selectivestream_r01_20261011_offline_v2,pooled_snapshot,11,random,0.5,0,1,True,1,367a9bf560ea407450995001b5417f76a69f9fbd722c13228b771836a435d029,128,3648,0.4942434210526316,0.31029465241155113,280.3140610012633,566.7793370039362,281.046888993842,1131.9548919973386,161,59,3478,9,102,0.5516228764142487,0.9073283731766791,0.5152838427947598,0.8676470588235294,0.36645962732919257,0.5525854833414375,0.0025810151993117293,0.9974189848006882,0.01864035087719298,2.4671052631578947,,,
selectivestream_r01_20261011,selectivestream_r01_20261011_offline_v2,pooled_snapshot,11,random,0.5,0,2,True,1,367a9bf560ea407450995001b5417f76a69f9fbd722c13228b771836a435d029,128,3648,0.4942434210526316,0.30992041036139845,268.2931409981393,579.912320998119,278.5869380013537,1130.5896569983815,161,59,3478,9,102,0.5516228764142487,0.9073283731766791,0.5152838427947598,0.8676470588235294,0.36645962732919257,0.5525854833414375,0.0025810151993117293,0.9974189848006882,0.01864035087719298,2.4671052631578947,,,
selectivestream_r01_20261011,selectivestream_r01_20261011_offline_v2,pooled_snapshot,11,random,0.75,0,0,True,1,88e8b1ab8d916cf5ad0b25922b874e281a001cb201fd578248fbb440b483779b,128,3648,0.7582236842105263,0.40683878590915845,288.262093996309,866.1329820006358,325.93902199914737,1484.14789099661,161,58,3478,9,103,0.5644114395741282,0.9078235575972512,0.5087719298245614,0.8656716417910447,0.36024844720496896,0.5471151569789896,0.0025810151993117293,0.9974189848006882,0.01836622807017544,2.4671052631578947,,,
selectivestream_r01_20261011,selectivestream_r01_20261011_offline_v2,pooled_snapshot,11,random,0.75,0,1,True,1,88e8b1ab8d916cf5ad0b25922b874e281a001cb201fd578248fbb440b483779b,128,3648,0.7582236842105263,0.4033521406253078,285.0701930019568,863.6434189975262,318.75690300057613,1471.4286090011228,161,58,3478,9,103,0.5644114395741282,0.9078235575972512,0.5087719298245614,0.8656716417910447,0.36024844720496896,0.5471151569789896,0.0025810151993117293,0.9974189848006882,0.01836622807017544,2.4671052631578947,,,
selectivestream_r01_20261011,selectivestream_r01_20261011_offline_v2,pooled_snapshot,11,random,0.75,0,2,True,1,88e8b1ab8d916cf5ad0b25922b874e281a001cb201fd578248fbb440b483779b,128,3648,0.7582236842105263,0.40231569928706495,291.14290099914797,856.0065900010159,316.7014159989776,1467.647670999213,161,58,3478,9,103,0.5644114395741282,0.9078235575972512,0.5087719298245614,0.8656716417910447,0.36024844720496896,0.5471151569789896,0.0025810151993117293,0.9974189848006882,0.01836622807017544,2.4671052631578947,,,
selectivestream_r01_20261011,selectivestream_r01_20261011_offline_v2,pooled_snapshot,11,random,1.0,0,0,True,1,8c035ed0d1f4006e4c8cf8a3772940a51974c54af07398b6b87f331370584f69,128,3648,1.0,0.48432904166673507,288.2577880027384,1137.4372380005298,337.2867269999915,1766.8323440002496,161,62,3465,22,99,0.5666323790908302,0.908477272281963,0.5061224489795918,0.7380952380952381,0.38509316770186336,0.5187069526189557,0.006309148264984227,0.9936908517350158,0.023026315789473683,6.030701754385965,,,
selectivestream_r01_20261011,selectivestream_r01_20261011_offline_v2,pooled_snapshot,11,random,1.0,0,1,True,1,8c035ed0d1f4006e4c8cf8a3772940a51974c54af07398b6b87f331370584f69,128,3648,1.0,0.4976845655164652,284.3133650067102,1186.1609460002,341.032535998238,1815.5532950040651,161,62,3465,22,99,0.5666323790908302,0.908477272281963,0.5061224489795918,0.7380952380952381,0.38509316770186336,0.5187069526189557,0.006309148264984227,0.9936908517350158,0.023026315789473683,6.030701754385965,,,
selectivestream_r01_20261011,selectivestream_r01_20261011_offline_v2,pooled_snapshot,11,random,1.0,0,2,True,1,8c035ed0d1f4006e4c8cf8a3772940a51974c54af07398b6b87f331370584f69,128,3648,1.0,0.4979158733543468,284.7525850002057,1185.8035240011304,341.84839199951966,1816.397105996657,161,62,3465,22,99,0.5666323790908302,0.908477272281963,0.5061224489795918,0.7380952380952381,0.38509316770186336,0.5187069526189557,0.006309148264984227,0.9936908517350158,0.023026315789473683,6.030701754385965,,,
selectivestream_r01_20261011,selectivestream_r01_20261011_offline_v2,pooled_snapshot,11,random,0.0,1,0,True,1,1fc17dacc5547fcd101016dea28eacddbd4469ddab53e880d60e9f2d328815d2,128,3648,0.0,0.07669600356426767,276.12779900209716,0.17824699807533761,0.06787000074837124,279.78702100244845,161,62,3472,15,99,0.5607411636401153,0.9044320786880107,0.5210084033613446,0.8051948051948052,0.38509316770186336,0.5441089151771524,0.004301691998852882,0.9956983080011471,0.021107456140350877,4.1118421052631575,,,
selectivestream_r01_20261011,selectivestream_r01_20261011_offline_v2,pooled_snapshot,11,random,0.0,1,1,True,1,1fc17dacc5547fcd101016dea28eacddbd4469ddab53e880d60e9f2d328815d2,128,3648,0.0,0.06566005016501301,235.78000900215557,0.18071100203087553,0.07198299772426253,239.5278630019675,161,62,3472,15,99,0.5607411636401153,0.9044320786880107,0.5210084033613446,0.8051948051948052,0.38509316770186336,0.5441089151771524,0.004301691998852882,0.9956983080011471,0.021107456140350877,4.1118421052631575,,,
selectivestream_r01_20261011,selectivestream_r01_20261011_offline_v2,pooled_snapshot,11,random,0.0,1,2,True,1,1fc17dacc5547fcd101016dea28eacddbd4469ddab53e880d60e9f2d328815d2,128,3648,0.0,0.06044489418854937,216.6838880020805,0.1862760000221897,0.07230800019897288,220.5029739998281,161,62,3472,15,99,0.5607411636401153,0.9044320786880107,0.5210084033613446,0.8051948051948052,0.38509316770186336,0.5441089151771524,0.004301691998852882,0.9956983080011471,0.021107456140350877,4.1118421052631575,,,
selectivestream_r01_20261011,selectivestream_r01_20261011_offline_v2,pooled_snapshot,11,random,0.1,1,0,True,1,2df6e3ae50cd133cf472d81861cde1b89317ee299a097529aa3f19f3cd71063b,128,3648,0.09758771929824561,0.15519120477030787,230.8004960004837,125.84694200086233,205.84395099922403,566.1375150020831,161,63,3472,15,98,0.5597059408208713,0.9043162981580208,0.5271966527196653,0.8076923076923077,0.391304347826087,0.5495047459770703,0.004301691998852882,0.9956983080011471,0.02138157894736842,4.1118421052631575,,,
selectivestream_r01_20261011,selectivestream_r01_20261011_offline_v2,pooled_snapshot,11,random,0.1,1,1,True,1,2df6e3ae50cd133cf472d81861cde1b89317ee299a097529aa3f19f3cd71063b,128,3648,0.09758771929824561,0.15808613157805426,246.44075999822235,122.61687199952576,204.06122199892707,576.698207996742,161,63,3472,15,98,0.5597059408208713,0.9043162981580208,0.5271966527196653,0.8076923076923077,0.391304347826087,0.5495047459770703,0.004301691998852882,0.9956983080011471,0.02138157894736842,4.1118421052631575,,,
selectivestream_r01_20261011,selectivestream_r01_20261011_offline_v2,pooled_snapshot,11,random,0.1,1,2,True,1,2df6e3ae50cd133cf472d81861cde1b89317ee299a097529aa3f19f3cd71063b,128,3648,0.09758771929824561,0.15891592818057257,249.04196199986472,127.86159599909297,199.19833200219728,579.7253060027288,161,63,3472,15,98,0.5597059408208713,0.9043162981580208,0.5271966527196653,0.8076923076923077,0.391304347826087,0.5495047459770703,0.004301691998852882,0.9956983080011471,0.02138157894736842,4.1118421052631575,,,
selectivestream_r01_20261011,selectivestream_r01_20261011_offline_v2,pooled_snapshot,11,random,0.25,1,0,True,1,d24ff8cab740d180736049f371c110683af6f91f0089d9478433fbf72352e7ee,128,3648,0.2623355263157895,0.2098469942434409,246.59743300071568,306.5247740005361,208.82294999864826,765.5218350000723,161,63,3474,13,98,0.5564306067045709,0.8996031399679735,0.5316455696202531,0.8289473684210527,0.391304347826087,0.5573570608663813,0.003728133065672498,0.9962718669343275,0.020833333333333332,3.56359649122807,,,
selectivestream_r01_20261011,selectivestream_r01_20261011_offline_v2,pooled_snapshot,11,random,0.25,1,1,True,1,d24ff8cab740d180736049f371c110683af6f91f0089d9478433fbf72352e7ee,128,3648,0.2623355263157895,0.22887602028532184,271.20542300053785,330.769662999046,229.12481399998796,834.9397220008541,161,63,3474,13,98,0.5564306067045709,0.8996031399679735,0.5316455696202531,0.8289473684210527,0.391304347826087,0.5573570608663813,0.003728133065672498,0.9962718669343275,0.020833333333333332,3.56359649122807,,,
selectivestream_r01_20261011,selectivestream_r01_20261011_offline_v2,pooled_snapshot,11,random,0.25,1,2,True,1,d24ff8cab740d180736049f371c110683af6f91f0089d9478433fbf72352e7ee,128,3648,0.2623355263157895,0.22499550438575416,274.1805400000885,314.54119099998934,228.32810699947004,820.7835999992312,161,63,3474,13,98,0.5564306067045709,0.8996031399679735,0.5316455696202531,0.8289473684210527,0.391304347826087,0.5573570608663813,0.003728133065672498,0.9962718669343275,0.020833333333333332,3.56359649122807,,,
selectivestream_r01_20261011,selectivestream_r01_20261011_offline_v2,pooled_snapshot,11,random,0.5,1,0,True,1,a94b6aedab7fa125a82a3de688a23915fe0d535b49d0509696f6832b34a96f18,128,3648,0.5060307017543859,0.32014091337697537,286.0840110006393,595.2153530015494,282.66794600222056,1167.8740519992061,161,60,3473,14,101,0.5676256878574759,0.8988755038679602,0.5106382978723404,0.8108108108108109,0.37267080745341613,0.5371146035865797,0.00401491253226269,0.9959850874677373,0.020285087719298246,3.837719298245614,,,
selectivestream_r01_20261011,selectivestream_r01_20261011_offline_v2,pooled_snapshot,11,random,0.5,1,1,True,1,a94b6aedab7fa125a82a3de688a23915fe0d535b49d0509696f6832b34a96f18,128,3648,0.5060307017543859,0.32471916694021274,298.131524999917,584.685967999576,297.9251609995117,1184.575520997896,161,60,3473,14,101,0.5676256878574759,0.8988755038679602,0.5106382978723404,0.8108108108108109,0.37267080745341613,0.5371146035865797,0.00401491253226269,0.9959850874677373,0.020285087719298246,3.837719298245614,,,
selectivestream_r01_20261011,selectivestream_r01_20261011_offline_v2,pooled_snapshot,11,random,0.5,1,2,True,1,a94b6aedab7fa125a82a3de688a23915fe0d535b49d0509696f6832b34a96f18,128,3648,0.5060307017543859,0.32392101151401675,285.9975960018346,594.85948800193,296.986247998575,1181.6638500031331,161,60,3473,14,101,0.5676256878574759,0.8988755038679602,0.5106382978723404,0.8108108108108109,0.37267080745341613,0.5371146035865797,0.00401491253226269,0.9959850874677373,0.020285087719298246,3.837719298245614,,,
selectivestream_r01_20261011,selectivestream_r01_20261011_offline_v2,pooled_snapshot,11,random,0.75,1,0,True,1,a00162b8bd6c32d99b54b0ae1df40f6801db5f7fddb4107de0b25dcda46ec496,128,3648,0.7620614035087719,0.40891553481446263,286.661383001956,874.8035369999343,326.4463799969235,1491.7238710031597,161,57,3476,11,104,0.5464227406199458,0.897551152728769,0.4978165938864629,0.8382352941176471,0.35403726708074534,0.5328499010811572,0.0031545741324921135,0.9968454258675079,0.01864035087719298,3.0153508771929824,,,
selectivestream_r01_20261011,selectivestream_r01_20261011_offline_v2,pooled_snapshot,11,random,0.75,1,1,True,1,a00162b8bd6c32d99b54b0ae1df40f6801db5f7fddb4107de0b25dcda46ec496,128,3648,0.7620614035087719,0.41708742105259844,299.18917499799136,876.5950390006765,341.9596459971217,1521.5349119998791,161,57,3476,11,104,0.5464227406199458,0.897551152728769,0.4978165938864629,0.8382352941176471,0.35403726708074534,0.5328499010811572,0.0031545741324921135,0.9968454258675079,0.01864035087719298,3.0153508771929824,,,
selectivestream_r01_20261011,selectivestream_r01_20261011_offline_v2,pooled_snapshot,11,random,0.75,1,2,True,1,a00162b8bd6c32d99b54b0ae1df40f6801db5f7fddb4107de0b25dcda46ec496,128,3648,0.7620614035087719,0.410337918585182,292.0119099999283,885.4417990005459,315.6526360025964,1496.912726998744,161,57,3476,11,104,0.5464227406199458,0.897551152728769,0.4978165938864629,0.8382352941176471,0.35403726708074534,0.5328499010811572,0.0031545741324921135,0.9968454258675079,0.01864035087719298,3.0153508771929824,,,
selectivestream_r01_20261011,selectivestream_r01_20261011_offline_v2,pooled_snapshot,11,random,1.0,1,0,True,1,96242ebb400be4557efae9b7419cc0bebd759e5b6dd068cc3a7b0ce52e643f49,128,3648,1.0,0.5013035279606165,285.38460500294605,1215.9072880003805,323.4922600004211,1828.755270000329,161,62,3465,22,99,0.5666323790908302,0.908477272281963,0.5061224489795918,0.7380952380952381,0.38509316770186336,0.5187069526189557,0.006309148264984227,0.9936908517350158,0.023026315789473683,6.030701754385965,,,
selectivestream_r01_20261011,selectivestream_r01_20261011_offline_v2,pooled_snapshot,11,random,1.0,1,1,True,1,96242ebb400be4557efae9b7419cc0bebd759e5b6dd068cc3a7b0ce52e643f49,128,3648,1.0,0.4965000885413586,305.6466489988452,1138.044933000856,363.7233429981279,1811.232322998876,161,62,3465,22,99,0.5666323790908302,0.908477272281963,0.5061224489795918,0.7380952380952381,0.38509316770186336,0.5187069526189557,0.006309148264984227,0.9936908517350158,0.023026315789473683,6.030701754385965,,,
selectivestream_r01_20261011,selectivestream_r01_20261011_offline_v2,pooled_snapshot,11,random,1.0,1,2,True,1,96242ebb400be4557efae9b7419cc0bebd759e5b6dd068cc3a7b0ce52e643f49,128,3648,1.0,0.4962565433114027,293.58135199890967,1149.0744590000759,363.7874619980721,1810.343869999997,161,62,3465,22,99,0.5666323790908302,0.908477272281963,0.5061224489795918,0.7380952380952381,0.38509316770186336,0.5187069526189557,0.006309148264984227,0.9936908517350158,0.023026315789473683,6.030701754385965,,,
selectivestream_r01_20261011,selectivestream_r01_20261011_offline_v2,pooled_snapshot,11,random,0.0,2,0,True,1,3f1ab16c5f0f30cc9291233e737d1968805331d453769f7391664695acaaff73,128,3648,0.0,0.07413395531772805,266.72317699740233,0.1770150001902948,0.06682900038867956,270.44066899907193,161,62,3472,15,99,0.5607411636401153,0.9044320786880107,0.5210084033613446,0.8051948051948052,0.38509316770186336,0.5441089151771524,0.004301691998852882,0.9956983080011471,0.021107456140350877,4.1118421052631575,,,
selectivestream_r01_20261011,selectivestream_r01_20261011_offline_v2,pooled_snapshot,11,random,0.0,2,1,True,1,3f1ab16c5f0f30cc9291233e737d1968805331d453769f7391664695acaaff73,128,3648,0.0,0.059177228891620984,212.0031829981599,0.18528300188336289,0.07256100252561737,215.87853099663334,161,62,3472,15,99,0.5607411636401153,0.9044320786880107,0.5210084033613446,0.8051948051948052,0.38509316770186336,0.5441089151771524,0.004301691998852882,0.9956983080011471,0.021107456140350877,4.1118421052631575,,,
selectivestream_r01_20261011,selectivestream_r01_20261011_offline_v2,pooled_snapshot,11,random,0.0,2,2,True,1,3f1ab16c5f0f30cc9291233e737d1968805331d453769f7391664695acaaff73,128,3648,0.0,0.052364451205907596,187.3051469983693,0.17833100082498277,0.06576100167876575,191.0255179991509,161,62,3472,15,99,0.5607411636401153,0.9044320786880107,0.5210084033613446,0.8051948051948052,0.38509316770186336,0.5441089151771524,0.004301691998852882,0.9956983080011471,0.021107456140350877,4.1118421052631575,,,
selectivestream_r01_20261011,selectivestream_r01_20261011_offline_v2,pooled_snapshot,11,random,0.1,2,0,True,1,1763ee9a6ab88ad912290cf5730e7a7e538dc64ef84ed7a815a166c108d76d34,128,3648,0.0956688596491228,0.13770206551505612,190.37516299977142,123.90182900162472,184.521177001443,502.33713499892474,161,58,3473,14,103,0.5527956091469042,0.9085039908658068,0.4978540772532189,0.8055555555555556,0.36024844720496896,0.5260278142949995,0.00401491253226269,0.9959850874677373,0.019736842105263157,3.837719298245614,,,
selectivestream_r01_20261011,selectivestream_r01_20261011_offline_v2,pooled_snapshot,11,random,0.1,2,1,True,1,1763ee9a6ab88ad912290cf5730e7a7e538dc64ef84ed7a815a166c108d76d34,128,3648,0.0956688596491228,0.15540792461534061,226.18016399792396,133.07101299960777,203.83515800040186,566.9281089967626,161,58,3473,14,103,0.5527956091469042,0.9085039908658068,0.4978540772532189,0.8055555555555556,0.36024844720496896,0.5260278142949995,0.00401491253226269,0.9959850874677373,0.019736842105263157,3.837719298245614,,,
selectivestream_r01_20261011,selectivestream_r01_20261011_offline_v2,pooled_snapshot,11,random,0.1,2,2,True,1,1763ee9a6ab88ad912290cf5730e7a7e538dc64ef84ed7a815a166c108d76d34,128,3648,0.0956688596491228,0.16401509484621743,248.41870500040386,137.28289599930577,208.60579400050483,598.3270659990012,161,58,3473,14,103,0.5527956091469042,0.9085039908658068,0.4978540772532189,0.8055555555555556,0.36024844720496896,0.5260278142949995,0.00401491253226269,0.9959850874677373,0.019736842105263157,3.837719298245614,,,
selectivestream_r01_20261011,selectivestream_r01_20261011_offline_v2,pooled_snapshot,11,random,0.25,2,0,True,1,a596511be2cdb36580312980ea2becf74f5e3a5431a83f1a199041f200a8bf24,128,3648,0.24451754385964913,0.2176982606910546,264.25744999960443,294.07859299954,232.15774099844566,794.1632550009672,161,56,3473,14,105,0.5376328832014773,0.9003833226162123,0.48484848484848486,0.8,0.34782608695652173,0.5147421254003495,0.00401491253226269,0.9959850874677373,0.01918859649122807,3.837719298245614,,,
selectivestream_r01_20261011,selectivestream_r01_20261011_offline_v2,pooled_snapshot,11,random,0.25,2,1,True,1,a596511be2cdb36580312980ea2becf74f5e3a5431a83f1a199041f200a8bf24,128,3648,0.24451754385964913,0.22230540625001963,277.154069000062,297.23674500201014,232.79256600108056,810.9701220000716,161,56,3473,14,105,0.5376328832014773,0.9003833226162123,0.48484848484848486,0.8,0.34782608695652173,0.5147421254003495,0.00401491253226269,0.9959850874677373,0.01918859649122807,3.837719298245614,,,
selectivestream_r01_20261011,selectivestream_r01_20261011_offline_v2,pooled_snapshot,11,random,0.25,2,2,True,1,a596511be2cdb36580312980ea2becf74f5e3a5431a83f1a199041f200a8bf24,128,3648,0.24451754385964913,0.22134610169993058,272.1151120022114,293.67101899970294,238.0184090034163,807.4705790013468,161,56,3473,14,105,0.5376328832014773,0.9003833226162123,0.48484848484848486,0.8,0.34782608695652173,0.5147421254003495,0.00401491253226269,0.9959850874677373,0.01918859649122807,3.837719298245614,,,
selectivestream_r01_20261011,selectivestream_r01_20261011_offline_v2,pooled_snapshot,11,random,0.5,2,0,True,1,a2f4f951116a2611b17c5d85a7d8526b1e1355e3d88eb5bb149dfc3bf82f8f79,128,3648,0.5098684210526315,0.3192861310307998,286.7445910023889,594.5792279953821,279.6894830034944,1164.7558060003576,161,56,3472,15,105,0.5391453991416163,0.8910745680050305,0.4827586206896552,0.7887323943661971,0.34782608695652173,0.5107493829747721,0.004301691998852882,0.9956983080011471,0.019462719298245616,4.1118421052631575,,,
selectivestream_r01_20261011,selectivestream_r01_20261011_offline_v2,pooled_snapshot,11,random,0.5,2,1,True,1,a2f4f951116a2611b17c5d85a7d8526b1e1355e3d88eb5bb149dfc3bf82f8f79,128,3648,0.5098684210526315,0.32614122478099017,302.1563810034422,597.4365500014756,286.37992299263715,1189.7631880010522,161,56,3472,15,105,0.5391453991416163,0.8910745680050305,0.4827586206896552,0.7887323943661971,0.34782608695652173,0.5107493829747721,0.004301691998852882,0.9956983080011471,0.019462719298245616,4.1118421052631575,,,
selectivestream_r01_20261011,selectivestream_r01_20261011_offline_v2,pooled_snapshot,11,random,0.5,2,2,True,1,a2f4f951116a2611b17c5d85a7d8526b1e1355e3d88eb5bb149dfc3bf82f8f79,128,3648,0.5098684210526315,0.3220241200660455,285.69018700181914,605.94587900232,279.2412409989993,1174.743990000934,161,56,3472,15,105,0.5391453991416163,0.8910745680050305,0.4827586206896552,0.7887323943661971,0.34782608695652173,0.5107493829747721,0.004301691998852882,0.9956983080011471,0.019462719298245616,4.1118421052631575,,,
selectivestream_r01_20261011,selectivestream_r01_20261011_offline_v2,pooled_snapshot,11,random,0.75,2,0,True,1,6290563aa7e103c7c0469e7b6b9e671ee48e2564fe1827e2a79b39c26d83fdd7,128,3648,0.7502741228070176,0.4072047765900702,299.9009209970609,854.1099890007899,327.69875999929354,1485.4830250005762,161,62,3460,27,99,0.5454135127779222,0.8950983867319074,0.496,0.6966292134831461,0.38509316770186336,0.5023708241522893,0.007743045597935188,0.9922569544020649,0.024396929824561403,7.401315789473684,,,
selectivestream_r01_20261011,selectivestream_r01_20261011_offline_v2,pooled_snapshot,11,random,0.75,2,1,True,1,6290563aa7e103c7c0469e7b6b9e671ee48e2564fe1827e2a79b39c26d83fdd7,128,3648,0.7502741228070176,0.40989444873997727,295.1032679993659,871.885960000327,324.5594730015,1495.294949003437,161,62,3460,27,99,0.5454135127779222,0.8950983867319074,0.496,0.6966292134831461,0.38509316770186336,0.5023708241522893,0.007743045597935188,0.9922569544020649,0.024396929824561403,7.401315789473684,,,
selectivestream_r01_20261011,selectivestream_r01_20261011_offline_v2,pooled_snapshot,11,random,0.75,2,2,True,1,6290563aa7e103c7c0469e7b6b9e671ee48e2564fe1827e2a79b39c26d83fdd7,128,3648,0.7502741228070176,0.409059917215297,289.5394489996761,862.6797180013455,336.28402300109883,1492.2505780014035,161,62,3460,27,99,0.5454135127779222,0.8950983867319074,0.496,0.6966292134831461,0.38509316770186336,0.5023708241522893,0.007743045597935188,0.9922569544020649,0.024396929824561403,7.401315789473684,,,
selectivestream_r01_20261011,selectivestream_r01_20261011_offline_v2,pooled_snapshot,11,random,1.0,2,0,True,1,c77aaf185fa94dd0a78cc6a9641476d447ae4ea962dc4cafe656a1bd537e4a54,128,3648,1.0,0.4875396951752807,287.0826930002295,1145.1793939959316,342.39033599442337,1778.544807999424,161,62,3465,22,99,0.5666323790908302,0.908477272281963,0.5061224489795918,0.7380952380952381,0.38509316770186336,0.5187069526189557,0.006309148264984227,0.9936908517350158,0.023026315789473683,6.030701754385965,,,
selectivestream_r01_20261011,selectivestream_r01_20261011_offline_v2,pooled_snapshot,11,random,1.0,2,1,True,1,c77aaf185fa94dd0a78cc6a9641476d447ae4ea962dc4cafe656a1bd537e4a54,128,3648,1.0,0.49324070915533585,306.46575299488177,1129.2491379981584,359.75868400055333,1799.3421069986653,161,62,3465,22,99,0.5666323790908302,0.908477272281963,0.5061224489795918,0.7380952380952381,0.38509316770186336,0.5187069526189557,0.006309148264984227,0.9936908517350158,0.023026315789473683,6.030701754385965,,,
selectivestream_r01_20261011,selectivestream_r01_20261011_offline_v2,pooled_snapshot,11,random,1.0,2,2,True,1,c77aaf185fa94dd0a78cc6a9641476d447ae4ea962dc4cafe656a1bd537e4a54,128,3648,1.0,0.4979698333334438,312.87798700577696,1137.7407480003967,361.95793799834064,1816.593952000403,161,62,3465,22,99,0.5666323790908302,0.908477272281963,0.5061224489795918,0.7380952380952381,0.38509316770186336,0.5187069526189557,0.006309148264984227,0.9936908517350158,0.023026315789473683,6.030701754385965,,,
selectivestream_r01_20261011,selectivestream_r01_20261011_offline_v2,pooled_snapshot,11,learned_benefit,0.0,0,0,True,1,32443c9c32144fa150983b8b1bdcd7a1081a47723fe01c58c6911ab77cd2818e,128,3648,0.0,0.08073632428799253,282.83612899849686,0.14734100295754615,0.057277999076177366,294.52611100259674,161,62,3472,15,99,0.5607411636401153,0.9044320786880107,0.5210084033613446,0.8051948051948052,0.38509316770186336,0.5441089151771524,0.004301691998852882,0.9956983080011471,0.021107456140350877,4.1118421052631575,,,
selectivestream_r01_20261011,selectivestream_r01_20261011_offline_v2,pooled_snapshot,11,learned_benefit,0.0,0,1,True,1,32443c9c32144fa150983b8b1bdcd7a1081a47723fe01c58c6911ab77cd2818e,128,3648,0.0,0.08016775794940538,281.00166099739,0.13585299984697485,0.055598002290935256,292.4519809994308,161,62,3472,15,99,0.5607411636401153,0.9044320786880107,0.5210084033613446,0.8051948051948052,0.38509316770186336,0.5441089151771524,0.004301691998852882,0.9956983080011471,0.021107456140350877,4.1118421052631575,,,
selectivestream_r01_20261011,selectivestream_r01_20261011_offline_v2,pooled_snapshot,11,learned_benefit,0.0,0,2,True,1,32443c9c32144fa150983b8b1bdcd7a1081a47723fe01c58c6911ab77cd2818e,128,3648,0.0,0.07732143064649272,269.8603309945611,0.16124699959618738,0.06331700296868803,282.0685789984054,161,62,3472,15,99,0.5607411636401153,0.9044320786880107,0.5210084033613446,0.8051948051948052,0.38509316770186336,0.5441089151771524,0.004301691998852882,0.9956983080011471,0.021107456140350877,4.1118421052631575,,,
selectivestream_r01_20261011,selectivestream_r01_20261011_offline_v2,pooled_snapshot,11,learned_benefit,0.1,0,0,True,1,ab53824e5fc3361f2fcefd74c654459202dd47525b5587a95a762f0b8bfa5184,128,3648,0.04742324561403509,0.14235373903484846,242.88225299551414,66.15601899829926,198.74569800049358,519.3064399991272,161,52,3479,8,109,0.5574302113353531,0.8993662351912248,0.47058823529411764,0.8666666666666667,0.32298136645962733,0.5178674338648214,0.002294235732721537,0.9977057642672784,0.01644736842105263,2.192982456140351,,,
selectivestream_r01_20261011,selectivestream_r01_20261011_offline_v2,pooled_snapshot,11,learned_benefit,0.1,0,1,True,1,ab53824e5fc3361f2fcefd74c654459202dd47525b5587a95a762f0b8bfa5184,128,3648,0.04742324561403509,0.1286890296048688,219.7145960008129,68.79167400438746,168.82848700061004,469.4575799985614,161,52,3479,8,109,0.5574302113353531,0.8993662351912248,0.47058823529411764,0.8666666666666667,0.32298136645962733,0.5178674338648214,0.002294235732721537,0.9977057642672784,0.01644736842105263,2.192982456140351,,,
selectivestream_r01_20261011,selectivestream_r01_20261011_offline_v2,pooled_snapshot,11,learned_benefit,0.1,0,2,True,1,ab53824e5fc3361f2fcefd74c654459202dd47525b5587a95a762f0b8bfa5184,128,3648,0.04742324561403509,0.13154225685216342,221.0196089999954,69.16755100428418,177.8964460008865,479.8661529966921,161,52,3479,8,109,0.5574302113353531,0.8993662351912248,0.47058823529411764,0.8666666666666667,0.32298136645962733,0.5178674338648214,0.002294235732721537,0.9977057642672784,0.01644736842105263,2.192982456140351,,,
selectivestream_r01_20261011,selectivestream_r01_20261011_offline_v2,pooled_snapshot,11,learned_benefit,0.25,0,0,True,1,cc4df223707be23b10e1a525be02a13ff6e2245c98797a5c99851b943df6a517,128,3648,0.14528508771929824,0.16539647532902946,211.77080699908402,200.78949899834697,178.5498630033544,603.3663420002995,161,62,3465,22,99,0.5611509434766223,0.8881853984720532,0.5061224489795918,0.7380952380952381,0.38509316770186336,0.5187069526189557,0.006309148264984227,0.9936908517350158,0.023026315789473683,6.030701754385965,,,
selectivestream_r01_20261011,selectivestream_r01_20261011_offline_v2,pooled_snapshot,11,learned_benefit,0.25,0,1,True,1,cc4df223707be23b10e1a525be02a13ff6e2245c98797a5c99851b943df6a517,128,3648,0.14528508771929824,0.18123917872845086,237.2046219979893,208.6346219994084,202.95338800224272,661.1605240013887,161,62,3465,22,99,0.5611509434766223,0.8881853984720532,0.5061224489795918,0.7380952380952381,0.38509316770186336,0.5187069526189557,0.006309148264984227,0.9936908517350158,0.023026315789473683,6.030701754385965,,,
selectivestream_r01_20261011,selectivestream_r01_20261011_offline_v2,pooled_snapshot,11,learned_benefit,0.25,0,2,True,1,cc4df223707be23b10e1a525be02a13ff6e2245c98797a5c99851b943df6a517,128,3648,0.14528508771929824,0.18994109977978824,263.9822209985141,196.73347400203056,220.1446200006103,692.9051319966675,161,62,3465,22,99,0.5611509434766223,0.8881853984720532,0.5061224489795918,0.7380952380952381,0.38509316770186336,0.5187069526189557,0.006309148264984227,0.9936908517350158,0.023026315789473683,6.030701754385965,,,
selectivestream_r01_20261011,selectivestream_r01_20261011_offline_v2,pooled_snapshot,11,learned_benefit,0.5,0,0,True,1,fa7d31eefa44ec727b8b9c653550b614e2b263a2573eef8aeb9f30019883d929,128,3648,0.4745065789473684,0.3122499882126923,289.261752001039,550.1145690004705,288.0175410027732,1139.0879569999015,161,62,3465,22,99,0.5673118775969058,0.8999112943016386,0.5061224489795918,0.7380952380952381,0.38509316770186336,0.5187069526189557,0.006309148264984227,0.9936908517350158,0.023026315789473683,6.030701754385965,,,
selectivestream_r01_20261011,selectivestream_r01_20261011_offline_v2,pooled_snapshot,11,learned_benefit,0.5,0,1,True,1,fa7d31eefa44ec727b8b9c653550b614e2b263a2573eef8aeb9f30019883d929,128,3648,0.4745065789473684,0.3239888333327276,313.47397999888926,554.1851170000882,301.99486300080025,1181.9112639977902,161,62,3465,22,99,0.5673118775969058,0.8999112943016386,0.5061224489795918,0.7380952380952381,0.38509316770186336,0.5187069526189557,0.006309148264984227,0.9936908517350158,0.023026315789473683,6.030701754385965,,,
selectivestream_r01_20261011,selectivestream_r01_20261011_offline_v2,pooled_snapshot,11,learned_benefit,0.5,0,2,True,1,fa7d31eefa44ec727b8b9c653550b614e2b263a2573eef8aeb9f30019883d929,128,3648,0.4745065789473684,0.32289095175454813,313.30959200113284,548.1653460001326,304.8274679995302,1177.9061920005915,161,62,3465,22,99,0.5673118775969058,0.8999112943016386,0.5061224489795918,0.7380952380952381,0.38509316770186336,0.5187069526189557,0.006309148264984227,0.9936908517350158,0.023026315789473683,6.030701754385965,,,
selectivestream_r01_20261011,selectivestream_r01_20261011_offline_v2,pooled_snapshot,11,learned_benefit,0.75,0,0,True,1,50f0ae1a39e0df72129b621fb0600232cf14a551849481bfd17d3fbd2fffcad5,128,3648,0.796875,0.43096470668770015,297.2084579987495,916.6467619979812,346.5544820019204,1572.15924999673,161,62,3465,22,99,0.5684872170709263,0.8996352022685857,0.5061224489795918,0.7380952380952381,0.38509316770186336,0.5187069526189557,0.006309148264984227,0.9936908517350158,0.023026315789473683,6.030701754385965,,,
selectivestream_r01_20261011,selectivestream_r01_20261011_offline_v2,pooled_snapshot,11,learned_benefit,0.75,0,1,True,1,50f0ae1a39e0df72129b621fb0600232cf14a551849481bfd17d3fbd2fffcad5,128,3648,0.796875,0.44130245394675266,307.8356999958487,950.1357180015475,339.34683600000426,1609.8713519977537,161,62,3465,22,99,0.5684872170709263,0.8996352022685857,0.5061224489795918,0.7380952380952381,0.38509316770186336,0.5187069526189557,0.006309148264984227,0.9936908517350158,0.023026315789473683,6.030701754385965,,,
selectivestream_r01_20261011,selectivestream_r01_20261011_offline_v2,pooled_snapshot,11,learned_benefit,0.75,0,2,True,1,50f0ae1a39e0df72129b621fb0600232cf14a551849481bfd17d3fbd2fffcad5,128,3648,0.796875,0.4395448462172194,307.31883399948856,940.6396549993588,343.6371509997116,1603.4595990004163,161,62,3465,22,99,0.5684872170709263,0.8996352022685857,0.5061224489795918,0.7380952380952381,0.38509316770186336,0.5187069526189557,0.006309148264984227,0.9936908517350158,0.023026315789473683,6.030701754385965,,,
selectivestream_r01_20261011,selectivestream_r01_20261011_offline_v2,pooled_snapshot,11,learned_benefit,1.0,0,0,True,1,e9083791790ef6bdc9e167982d90eef40a4dac1641f70ffe54cce1293406e627,128,3648,1.0,0.5089149512061515,304.2633120012397,1188.4215899999617,351.7395119979483,1856.5217420000408,161,62,3465,22,99,0.5666323790908302,0.908477272281963,0.5061224489795918,0.7380952380952381,0.38509316770186336,0.5187069526189557,0.006309148264984227,0.9936908517350158,0.023026315789473683,6.030701754385965,,,
selectivestream_r01_20261011,selectivestream_r01_20261011_offline_v2,pooled_snapshot,11,learned_benefit,1.0,0,1,True,1,e9083791790ef6bdc9e167982d90eef40a4dac1641f70ffe54cce1293406e627,128,3648,1.0,0.4955304564141602,293.65426899857994,1154.869518999476,347.0918490011172,1807.6951049988566,161,62,3465,22,99,0.5666323790908302,0.908477272281963,0.5061224489795918,0.7380952380952381,0.38509316770186336,0.5187069526189557,0.006309148264984227,0.9936908517350158,0.023026315789473683,6.030701754385965,,,
selectivestream_r01_20261011,selectivestream_r01_20261011_offline_v2,pooled_snapshot,11,learned_benefit,1.0,0,2,True,1,e9083791790ef6bdc9e167982d90eef40a4dac1641f70ffe54cce1293406e627,128,3648,1.0,0.48552975328955755,284.1344350008512,1145.6631929995638,329.4749770020644,1771.212540000306,161,62,3465,22,99,0.5666323790908302,0.908477272281963,0.5061224489795918,0.7380952380952381,0.38509316770186336,0.5187069526189557,0.006309148264984227,0.9936908517350158,0.023026315789473683,6.030701754385965,,,
selectivestream_r01_20261011,selectivestream_r01_20261011_offline_v2,pooled_snapshot,22,margin,0.0,0,0,True,1,001ffb72285d554d950abb4b31221847d27f83d1ac848b13804efa4e192a95bc,128,3648,0.0,0.07871200383827695,279.6487839968904,0.16567900001973612,0.06432000191125553,287.1413900020343,161,61,3452,35,100,0.5484329854343531,0.9179659320243602,0.47470817120622566,0.6354166666666666,0.37888198757763975,0.4732715206479286,0.010037281330656725,0.9899627186693433,0.02631578947368421,9.594298245614034,,,
selectivestream_r01_20261011,selectivestream_r01_20261011_offline_v2,pooled_snapshot,22,margin,0.0,0,1,True,1,001ffb72285d554d950abb4b31221847d27f83d1ac848b13804efa4e192a95bc,128,3648,0.0,0.07783750411143749,276.55496100032906,0.15679700118198525,0.05768099617853295,283.95121499852394,161,61,3452,35,100,0.5484329854343531,0.9179659320243602,0.47470817120622566,0.6354166666666666,0.37888198757763975,0.4732715206479286,0.010037281330656725,0.9899627186693433,0.02631578947368421,9.594298245614034,,,
selectivestream_r01_20261011,selectivestream_r01_20261011_offline_v2,pooled_snapshot,22,margin,0.0,0,2,True,1,001ffb72285d554d950abb4b31221847d27f83d1ac848b13804efa4e192a95bc,128,3648,0.0,0.0739962319080066,262.57794100001774,0.16148600116139278,0.05992700062051881,269.93825400040805,161,61,3452,35,100,0.5484329854343531,0.9179659320243602,0.47470817120622566,0.6354166666666666,0.37888198757763975,0.4732715206479286,0.010037281330656725,0.9899627186693433,0.02631578947368421,9.594298245614034,,,
selectivestream_r01_20261011,selectivestream_r01_20261011_offline_v2,pooled_snapshot,22,margin,0.1,0,0,True,1,c6ea259d858be2043300bb933cb6f3b97cb3d420b5657b9b7c616747e707aaf3,128,3648,0.06112938596491228,0.15246629714869087,266.98631800081785,69.8794160016405,212.17950799928076,556.1970519984243,161,53,3479,8,108,0.5612327938905727,0.9185198973293884,0.4774774774774775,0.8688524590163934,0.32919254658385094,0.5236257342556737,0.002294235732721537,0.9977057642672784,0.016721491228070175,2.192982456140351,,,
selectivestream_r01_20261011,selectivestream_r01_20261011_offline_v2,pooled_snapshot,22,margin,0.1,0,1,True,1,c6ea259d858be2043300bb933cb6f3b97cb3d420b5657b9b7c616747e707aaf3,128,3648,0.06112938596491228,0.14914695696270946,261.62010000007285,71.61967299634853,203.56799100045464,544.0880989999641,161,53,3479,8,108,0.5612327938905727,0.9185198973293884,0.4774774774774775,0.8688524590163934,0.32919254658385094,0.5236257342556737,0.002294235732721537,0.9977057642672784,0.016721491228070175,2.192982456140351,,,
selectivestream_r01_20261011,selectivestream_r01_20261011_offline_v2,pooled_snapshot,22,margin,0.1,0,2,True,1,c6ea259d858be2043300bb933cb6f3b97cb3d420b5657b9b7c616747e707aaf3,128,3648,0.06112938596491228,0.14459098026277348,257.3289800002385,71.86207900213049,190.961411997705,527.4678959985977,161,53,3479,8,108,0.5612327938905727,0.9185198973293884,0.4774774774774775,0.8688524590163934,0.32919254658385094,0.5236257342556737,0.002294235732721537,0.9977057642672784,0.016721491228070175,2.192982456140351,,,
selectivestream_r01_20261011,selectivestream_r01_20261011_offline_v2,pooled_snapshot,22,margin,0.25,0,0,True,1,329b1a480de8ef6a871fc6af78308f275410f8677461865ebcd17472aee52fa8,128,3648,0.1768092105263158,0.17462237335626452,235.20261100020434,193.14067800132761,201.43633100269653,637.022418003653,161,53,3479,8,108,0.5625641651728642,0.9186249904258408,0.4774774774774775,0.8688524590163934,0.32919254658385094,0.5236257342556737,0.002294235732721537,0.9977057642672784,0.016721491228070175,2.192982456140351,,3.8132900748166776e-07,0.0
selectivestream_r01_20261011,selectivestream_r01_20261011_offline_v2,pooled_snapshot,22,margin,0.25,0,1,True,1,329b1a480de8ef6a871fc6af78308f275410f8677461865ebcd17472aee52fa8,128,3648,0.1768092105263158,0.1857797184760856,252.7007130020138,197.5063539985058,220.21250200214126,677.7244130007603,161,53,3479,8,108,0.5625641651728642,0.9186249904258408,0.4774774774774775,0.8688524590163934,0.32919254658385094,0.5236257342556737,0.002294235732721537,0.9977057642672784,0.016721491228070175,2.192982456140351,,3.8132900748166776e-07,0.0
selectivestream_r01_20261011,selectivestream_r01_20261011_offline_v2,pooled_snapshot,22,margin,0.25,0,2,True,1,329b1a480de8ef6a871fc6af78308f275410f8677461865ebcd17472aee52fa8,128,3648,0.1768092105263158,0.20059780043836103,276.2607669992576,198.89259800038417,249.2205520011339,731.780775999141,161,53,3479,8,108,0.5625641651728642,0.9186249904258408,0.4774774774774775,0.8688524590163934,0.32919254658385094,0.5236257342556737,0.002294235732721537,0.9977057642672784,0.016721491228070175,2.192982456140351,,3.8132900748166776e-07,0.0
selectivestream_r01_20261011,selectivestream_r01_20261011_offline_v2,pooled_snapshot,22,margin,0.5,0,0,True,1,4ef3772e173df590b60705800150add0d138c670fda76708d4327c8938bb4150,128,3648,0.5109649122807017,0.30607586540585535,280.4078369963463,527.1652680030456,301.5974810014086,1116.5647570005603,161,53,3479,8,108,0.5618636530365436,0.9132403051618524,0.4774774774774775,0.8688524590163934,0.32919254658385094,0.5236257342556737,0.002294235732721537,0.9977057642672784,0.016721491228070175,2.192982456140351,,,
selectivestream_r01_20261011,selectivestream_r01_20261011_offline_v2,pooled_snapshot,22,margin,0.5,0,1,True,1,4ef3772e173df590b60705800150add0d138c670fda76708d4327c8938bb4150,128,3648,0.5109649122807017,0.3136257401324696,300.0258760021097,527.5546790007866,308.9909689997512,1144.106700003249,161,53,3479,8,108,0.5618636530365436,0.9132403051618524,0.4774774774774775,0.8688524590163934,0.32919254658385094,0.5236257342556737,0.002294235732721537,0.9977057642672784,0.016721491228070175,2.192982456140351,,,
selectivestream_r01_20261011,selectivestream_r01_20261011_offline_v2,pooled_snapshot,22,margin,0.5,0,2,True,1,4ef3772e173df590b60705800150add0d138c670fda76708d4327c8938bb4150,128,3648,0.5109649122807017,0.3135289739577629,296.94893199666694,537.2986369966384,302.0606449981642,1143.7536969979192,161,53,3479,8,108,0.5618636530365436,0.9132403051618524,0.4774774774774775,0.8688524590163934,0.32919254658385094,0.5236257342556737,0.002294235732721537,0.9977057642672784,0.016721491228070175,2.192982456140351,,,
selectivestream_r01_20261011,selectivestream_r01_20261011_offline_v2,pooled_snapshot,22,margin,0.75,0,0,True,1,778cd08f8e7f1290cfed511b067e73d4473f8fdb829d9dcd0378ca618493d7d9,128,3648,0.8018092105263158,0.39731835964872925,300.84462499598885,796.3722179974866,344.7195320004539,1449.4173759985642,161,53,3479,8,108,0.5641039625286824,0.9150963561195354,0.4774774774774775,0.8688524590163934,0.32919254658385094,0.5236257342556737,0.002294235732721537,0.9977057642672784,0.016721491228070175,2.192982456140351,,,
selectivestream_r01_20261011,selectivestream_r01_20261011_offline_v2,pooled_snapshot,22,margin,0.75,0,1,True,1,778cd08f8e7f1290cfed511b067e73d4473f8fdb829d9dcd0378ca618493d7d9,128,3648,0.8018092105263158,0.40994388377126606,304.2822800007343,843.1948810011818,340.441025000473,1495.4752879975786,161,53,3479,8,108,0.5641039625286824,0.9150963561195354,0.4774774774774775,0.8688524590163934,0.32919254658385094,0.5236257342556737,0.002294235732721537,0.9977057642672784,0.016721491228070175,2.192982456140351,,,
selectivestream_r01_20261011,selectivestream_r01_20261011_offline_v2,pooled_snapshot,22,margin,0.75,0,2,True,1,778cd08f8e7f1290cfed511b067e73d4473f8fdb829d9dcd0378ca618493d7d9,128,3648,0.8018092105263158,0.41384392735703085,301.77273099889135,862.9483519971473,337.4720379997598,1509.7026469984485,161,53,3479,8,108,0.5641039625286824,0.9150963561195354,0.4774774774774775,0.8688524590163934,0.32919254658385094,0.5236257342556737,0.002294235732721537,0.9977057642672784,0.016721491228070175,2.192982456140351,,,
selectivestream_r01_20261011,selectivestream_r01_20261011_offline_v2,pooled_snapshot,22,margin,1.0,0,0,True,1,4adecd0bcbe2427cd62e936aacda719fd4d4da78ce498b005b53531894499780,128,3648,1.0,0.464186786731708,297.0631029993456,1024.3812810040254,364.39536200396105,1693.3533979972708,161,53,3479,8,108,0.5663151139062412,0.918217086712492,0.4774774774774775,0.8688524590163934,0.32919254658385094,0.5236257342556737,0.002294235732721537,0.9977057642672784,0.016721491228070175,2.192982456140351,,,
selectivestream_r01_20261011,selectivestream_r01_20261011_offline_v2,pooled_snapshot,22,margin,1.0,0,1,True,1,4adecd0bcbe2427cd62e936aacda719fd4d4da78ce498b005b53531894499780,128,3648,1.0,0.467925699012745,307.2467800011509,1020.9789500004263,371.3208819981446,1706.9929499984937,161,53,3479,8,108,0.5663151139062412,0.918217086712492,0.4774774774774775,0.8688524590163934,0.32919254658385094,0.5236257342556737,0.002294235732721537,0.9977057642672784,0.016721491228070175,2.192982456140351,,,
selectivestream_r01_20261011,selectivestream_r01_20261011_offline_v2,pooled_snapshot,22,margin,1.0,0,2,True,1,4adecd0bcbe2427cd62e936aacda719fd4d4da78ce498b005b53531894499780,128,3648,1.0,0.45962811842059637,303.13128899979347,1009.0853899964713,357.15897400223184,1676.7233759983355,161,53,3479,8,108,0.5663151139062412,0.918217086712492,0.4774774774774775,0.8688524590163934,0.32919254658385094,0.5236257342556737,0.002294235732721537,0.9977057642672784,0.016721491228070175,2.192982456140351,,,
selectivestream_r01_20261011,selectivestream_r01_20261011_offline_v2,pooled_snapshot,22,entropy,0.0,0,0,True,1,9da7ab815b61a3f265d5e6158181e7f6d9fb76481b7d847f24f427bc04405022,128,3648,0.0,0.08571775191886613,296.23070400066354,0.1589379953657044,0.0588670018260018,312.69835900002363,161,61,3452,35,100,0.5484329854343531,0.9179659320243602,0.47470817120622566,0.6354166666666666,0.37888198757763975,0.4732715206479286,0.010037281330656725,0.9899627186693433,0.02631578947368421,9.594298245614034,,,
selectivestream_r01_20261011,selectivestream_r01_20261011_offline_v2,pooled_snapshot,22,entropy,0.0,0,1,True,1,9da7ab815b61a3f265d5e6158181e7f6d9fb76481b7d847f24f427bc04405022,128,3648,0.0,0.08148357812518625,280.92955499960226,0.15421400075865677,0.06474100337072741,297.25209300067945,161,61,3452,35,100,0.5484329854343531,0.9179659320243602,0.47470817120622566,0.6354166666666666,0.37888198757763975,0.4732715206479286,0.010037281330656725,0.9899627186693433,0.02631578947368421,9.594298245614034,,,
selectivestream_r01_20261011,selectivestream_r01_20261011_offline_v2,pooled_snapshot,22,entropy,0.0,0,2,True,1,9da7ab815b61a3f265d5e6158181e7f6d9fb76481b7d847f24f427bc04405022,128,3648,0.0,0.07764478947355233,266.71942800203396,0.15345000156230526,0.06409300021914532,283.2481919995189,161,61,3452,35,100,0.5484329854343531,0.9179659320243602,0.47470817120622566,0.6354166666666666,0.37888198757763975,0.4732715206479286,0.010037281330656725,0.9899627186693433,0.02631578947368421,9.594298245614034,,,
selectivestream_r01_20261011,selectivestream_r01_20261011_offline_v2,pooled_snapshot,22,entropy,0.1,0,0,True,1,166e0744ddae05e63fa66f3eba0c5b1fd3e461644d8aaa236a94a861536eb522,128,3648,0.06030701754385965,0.16183315021927475,271.02397400176415,73.20140800402442,229.51509199538123,590.3673319999143,161,53,3479,8,108,0.5609588979433772,0.9184842725509301,0.4774774774774775,0.8688524590163934,0.32919254658385094,0.5236257342556737,0.002294235732721537,0.9977057642672784,0.016721491228070175,2.192982456140351,,,
selectivestream_r01_20261011,selectivestream_r01_20261011_offline_v2,pooled_snapshot,22,entropy,0.1,0,1,True,1,166e0744ddae05e63fa66f3eba0c5b1fd3e461644d8aaa236a94a861536eb522,128,3648,0.06030701754385965,0.1591742560307558,272.1250010008589,71.4518059958209,220.97587499956717,580.6676860001971,161,53,3479,8,108,0.5609588979433772,0.9184842725509301,0.4774774774774775,0.8688524590163934,0.32919254658385094,0.5236257342556737,0.002294235732721537,0.9977057642672784,0.016721491228070175,2.192982456140351,,,
selectivestream_r01_20261011,selectivestream_r01_20261011_offline_v2,pooled_snapshot,22,entropy,0.1,0,2,True,1,166e0744ddae05e63fa66f3eba0c5b1fd3e461644d8aaa236a94a861536eb522,128,3648,0.06030701754385965,0.1591470317977514,266.13195299796644,73.0786160011121,225.0518020018717,580.5683719981971,161,53,3479,8,108,0.5609588979433772,0.9184842725509301,0.4774774774774775,0.8688524590163934,0.32919254658385094,0.5236257342556737,0.002294235732721537,0.9977057642672784,0.016721491228070175,2.192982456140351,,,
selectivestream_r01_20261011,selectivestream_r01_20261011_offline_v2,pooled_snapshot,22,entropy,0.25,0,0,True,1,e21eca2e1644ad254a783a3162d9406dc67a99e4949b2eae45253bc8f6a45cf2,128,3648,0.1737938596491228,0.20249052604133777,286.7406530012886,192.29644499955612,243.05881800319185,738.6854389988002,161,53,3479,8,108,0.5620601422536853,0.9183043674197151,0.4774774774774775,0.8688524590163934,0.32919254658385094,0.5236257342556737,0.002294235732721537,0.9977057642672784,0.016721491228070175,2.192982456140351,,,
selectivestream_r01_20261011,selectivestream_r01_20261011_offline_v2,pooled_snapshot,22,entropy,0.25,0,1,True,1,e21eca2e1644ad254a783a3162d9406dc67a99e4949b2eae45253bc8f6a45cf2,128,3648,0.1737938596491228,0.20016241639247687,279.4515790019432,194.03113599855715,240.33255200174608,730.1924949997556,161,53,3479,8,108,0.5620601422536853,0.9183043674197151,0.4774774774774775,0.8688524590163934,0.32919254658385094,0.5236257342556737,0.002294235732721537,0.9977057642672784,0.016721491228070175,2.192982456140351,,,
selectivestream_r01_20261011,selectivestream_r01_20261011_offline_v2,pooled_snapshot,22,entropy,0.25,0,2,True,1,e21eca2e1644ad254a783a3162d9406dc67a99e4949b2eae45253bc8f6a45cf2,128,3648,0.1737938596491228,0.20417482675446064,289.6917999969446,190.9185240010629,247.53405499905057,744.8297680002725,161,53,3479,8,108,0.5620601422536853,0.9183043674197151,0.4774774774774775,0.8688524590163934,0.32919254658385094,0.5236257342556737,0.002294235732721537,0.9977057642672784,0.016721491228070175,2.192982456140351,,,
selectivestream_r01_20261011,selectivestream_r01_20261011_offline_v2,pooled_snapshot,22,entropy,0.5,0,0,True,1,acbe8fb670c16c150a69e2e967c4d7deaa57164b6efb19a0c97e4d201ef66518,128,3648,0.49835526315789475,0.3169688379932024,302.97945700021955,533.5028660019816,303.2855990004464,1156.3023209992025,161,53,3479,8,108,0.5619267323094346,0.9131601494103209,0.4774774774774775,0.8688524590163934,0.32919254658385094,0.5236257342556737,0.002294235732721537,0.9977057642672784,0.016721491228070175,2.192982456140351,,,
selectivestream_r01_20261011,selectivestream_r01_20261011_offline_v2,pooled_snapshot,22,entropy,0.5,0,1,True,1,acbe8fb670c16c150a69e2e967c4d7deaa57164b6efb19a0c97e4d201ef66518,128,3648,0.49835526315789475,0.3067447645285507,294.6025710007234,519.6906080009285,288.24888599865517,1119.004901000153,161,53,3479,8,108,0.5619267323094346,0.9131601494103209,0.4774774774774775,0.8688524590163934,0.32919254658385094,0.5236257342556737,0.002294235732721537,0.9977057642672784,0.016721491228070175,2.192982456140351,,,
selectivestream_r01_20261011,selectivestream_r01_20261011_offline_v2,pooled_snapshot,22,entropy,0.5,0,2,True,1,acbe8fb670c16c150a69e2e967c4d7deaa57164b6efb19a0c97e4d201ef66518,128,3648,0.49835526315789475,0.3171388684218631,305.343092001749,539.2453000004025,295.67419899831293,1156.9225920029567,161,53,3479,8,108,0.5619267323094346,0.9131601494103209,0.4774774774774775,0.8688524590163934,0.32919254658385094,0.5236257342556737,0.002294235732721537,0.9977057642672784,0.016721491228070175,2.192982456140351,,,
selectivestream_r01_20261011,selectivestream_r01_20261011_offline_v2,pooled_snapshot,22,entropy,0.75,0,0,True,1,b39299a9c69a3b46beaeab46414c5dbfbb896214de4ea43eac76078f80983512,128,3648,0.7850877192982456,0.4072683368978085,305.4294450030284,812.4523180022152,351.4175830041495,1485.7148930032054,161,53,3479,8,108,0.5616611550605999,0.9151284184201479,0.4774774774774775,0.8688524590163934,0.32919254658385094,0.5236257342556737,0.002294235732721537,0.9977057642672784,0.016721491228070175,2.192982456140351,,,
selectivestream_r01_20261011,selectivestream_r01_20261011_offline_v2,pooled_snapshot,22,entropy,0.75,0,1,True,1,b39299a9c69a3b46beaeab46414c5dbfbb896214de4ea43eac76078f80983512,128,3648,0.7850877192982456,0.4021316729705404,306.21392199554975,797.1651029974964,347.18894999787153,1466.9763429965315,161,53,3479,8,108,0.5616611550605999,0.9151284184201479,0.4774774774774775,0.8688524590163934,0.32919254658385094,0.5236257342556737,0.002294235732721537,0.9977057642672784,0.016721491228070175,2.192982456140351,,,
selectivestream_r01_20261011,selectivestream_r01_20261011_offline_v2,pooled_snapshot,22,entropy,0.75,0,2,True,1,b39299a9c69a3b46beaeab46414c5dbfbb896214de4ea43eac76078f80983512,128,3648,0.7850877192982456,0.4129169292771426,296.6052080009831,839.749185999608,353.1228070023644,1506.3209580030161,161,53,3479,8,108,0.5616611550605999,0.9151284184201479,0.4774774774774775,0.8688524590163934,0.32919254658385094,0.5236257342556737,0.002294235732721537,0.9977057642672784,0.016721491228070175,2.192982456140351,,,
selectivestream_r01_20261011,selectivestream_r01_20261011_offline_v2,pooled_snapshot,22,entropy,1.0,0,0,True,1,8d276c86938d01ce72e7079ed92da3ebf01cc43297b72e4dac412a34c1c5a421,128,3648,1.0,0.4594071748906452,284.90756700011843,1024.143202002051,349.69810099664755,1675.9173740010738,161,53,3479,8,108,0.5663151139062412,0.918217086712492,0.4774774774774775,0.8688524590163934,0.32919254658385094,0.5236257342556737,0.002294235732721537,0.9977057642672784,0.016721491228070175,2.192982456140351,,,
selectivestream_r01_20261011,selectivestream_r01_20261011_offline_v2,pooled_snapshot,22,entropy,1.0,0,1,True,1,8d276c86938d01ce72e7079ed92da3ebf01cc43297b72e4dac412a34c1c5a421,128,3648,1.0,0.450521327577173,291.73548800190474,998.2258530017134,337.06842199990206,1643.5018030015272,161,53,3479,8,108,0.5663151139062412,0.918217086712492,0.4774774774774775,0.8688524590163934,0.32919254658385094,0.5236257342556737,0.002294235732721537,0.9977057642672784,0.016721491228070175,2.192982456140351,,,
selectivestream_r01_20261011,selectivestream_r01_20261011_offline_v2,pooled_snapshot,22,entropy,1.0,0,2,True,1,8d276c86938d01ce72e7079ed92da3ebf01cc43297b72e4dac412a34c1c5a421,128,3648,1.0,0.45731820422146713,309.0027869993719,1000.747363004848,341.90985100212856,1668.2968089999122,161,53,3479,8,108,0.5663151139062412,0.918217086712492,0.4774774774774775,0.8688524590163934,0.32919254658385094,0.5236257342556737,0.002294235732721537,0.9977057642672784,0.016721491228070175,2.192982456140351,,,
selectivestream_r01_20261011,selectivestream_r01_20261011_offline_v2,pooled_snapshot,22,random,0.0,0,0,True,1,b3fcda2e8edf98b36ffac284b87c2693b155a2fc0785fc4f48947f41fecd2219,128,3648,0.0,0.08022326343250011,288.7401760017383,0.1999929972953396,0.07399599962809589,292.6544650017604,161,61,3452,35,100,0.5484329854343531,0.9179659320243602,0.47470817120622566,0.6354166666666666,0.37888198757763975,0.4732715206479286,0.010037281330656725,0.9899627186693433,0.02631578947368421,9.594298245614034,,,
selectivestream_r01_20261011,selectivestream_r01_20261011_offline_v2,pooled_snapshot,22,random,0.0,0,1,True,1,b3fcda2e8edf98b36ffac284b87c2693b155a2fc0785fc4f48947f41fecd2219,128,3648,0.0,0.08120979166635647,292.50232899994444,0.19521200101735303,0.06867999854875961,296.2533199988684,161,61,3452,35,100,0.5484329854343531,0.9179659320243602,0.47470817120622566,0.6354166666666666,0.37888198757763975,0.4732715206479286,0.010037281330656725,0.9899627186693433,0.02631578947368421,9.594298245614034,,,
selectivestream_r01_20261011,selectivestream_r01_20261011_offline_v2,pooled_snapshot,22,random,0.0,0,2,True,1,b3fcda2e8edf98b36ffac284b87c2693b155a2fc0785fc4f48947f41fecd2219,128,3648,0.0,0.07211283744567752,259.29083399933006,0.18396599898551358,0.07324900070670992,263.0676310018316,161,61,3452,35,100,0.5484329854343531,0.9179659320243602,0.47470817120622566,0.6354166666666666,0.37888198757763975,0.4732715206479286,0.010037281330656725,0.9899627186693433,0.02631578947368421,9.594298245614034,,,
selectivestream_r01_20261011,selectivestream_r01_20261011_offline_v2,pooled_snapshot,22,random,0.1,0,0,True,1,414a3805e5eca5ce84f9cc9b5a48d8a6609b13932c77fe742364e01833325dcb,128,3648,0.09237938596491228,0.16695058936271948,267.744834000041,110.02711599849135,227.30761999991955,609.0357499952006,161,61,3453,34,100,0.553166828490483,0.92121669305869,0.4765625,0.6421052631578947,0.37888198757763975,0.47605879829686354,0.009750501864066534,0.9902494981359334,0.026041666666666668,9.320175438596491,,,
selectivestream_r01_20261011,selectivestream_r01_20261011_offline_v2,pooled_snapshot,22,random,0.1,0,1,True,1,414a3805e5eca5ce84f9cc9b5a48d8a6609b13932c77fe742364e01833325dcb,128,3648,0.09237938596491228,0.16094376863955467,250.5428190015664,113.7422690017047,219.02793900153483,587.1228679970955,161,61,3453,34,100,0.553166828490483,0.92121669305869,0.4765625,0.6421052631578947,0.37888198757763975,0.47605879829686354,0.009750501864066534,0.9902494981359334,0.026041666666666668,9.320175438596491,,,
selectivestream_r01_20261011,selectivestream_r01_20261011_offline_v2,pooled_snapshot,22,random,0.1,0,2,True,1,414a3805e5eca5ce84f9cc9b5a48d8a6609b13932c77fe742364e01833325dcb,128,3648,0.09237938596491228,0.16757325109663548,268.2615559988335,113.8216069966802,225.4276240018953,611.3072200005263,161,61,3453,34,100,0.553166828490483,0.92121669305869,0.4765625,0.6421052631578947,0.37888198757763975,0.47605879829686354,0.009750501864066534,0.9902494981359334,0.026041666666666668,9.320175438596491,,,
selectivestream_r01_20261011,selectivestream_r01_20261011_offline_v2,pooled_snapshot,22,random,0.25,0,0,True,1,5bca8391450f84270b55421168a543d21802da0daebdea0c5c0c7c140a692f52,128,3648,0.24177631578947367,0.20983656195053219,264.80178400015575,271.9649210002899,224.8226230012733,765.4837779955415,161,58,3473,14,103,0.5545312081866568,0.9209646477510969,0.4978540772532189,0.8055555555555556,0.36024844720496896,0.5260278142949995,0.00401491253226269,0.9959850874677373,0.019736842105263157,3.837719298245614,,,
selectivestream_r01_20261011,selectivestream_r01_20261011_offline_v2,pooled_snapshot,22,random,0.25,0,1,True,1,5bca8391450f84270b55421168a543d21802da0daebdea0c5c0c7c140a692f52,128,3648,0.24177631578947367,0.2197260956686358,286.2320309968709,264.3193189996964,247.29771000420442,801.5607969991834,161,58,3473,14,103,0.5545312081866568,0.9209646477510969,0.4978540772532189,0.8055555555555556,0.36024844720496896,0.5260278142949995,0.00401491253226269,0.9959850874677373,0.019736842105263157,3.837719298245614,,,
selectivestream_r01_20261011,selectivestream_r01_20261011_offline_v2,pooled_snapshot,22,random,0.25,0,2,True,1,5bca8391450f84270b55421168a543d21802da0daebdea0c5c0c7c140a692f52,128,3648,0.24177631578947367,0.2230107817990856,297.4934710018715,259.5571350002501,252.77553599971725,813.5433320030643,161,58,3473,14,103,0.5545312081866568,0.9209646477510969,0.4978540772532189,0.8055555555555556,0.36024844720496896,0.5260278142949995,0.00401491253226269,0.9959850874677373,0.019736842105263157,3.837719298245614,,,
selectivestream_r01_20261011,selectivestream_r01_20261011_offline_v2,pooled_snapshot,22,random,0.5,0,0,True,1,2406b6998e74631e3943a76ae3af9a023a5c21e41f74653ea4e1a40c0837ff84,128,3648,0.4915021929824561,0.30084348300512803,291.59328500008996,514.7021669981768,287.3318579995612,1097.4770260027071,161,57,3474,13,104,0.5577823094203161,0.922551731631419,0.4935064935064935,0.8142857142857143,0.35403726708074534,0.5244706443646971,0.003728133065672498,0.9962718669343275,0.01918859649122807,3.56359649122807,,,
selectivestream_r01_20261011,selectivestream_r01_20261011_offline_v2,pooled_snapshot,22,random,0.5,0,1,True,1,2406b6998e74631e3943a76ae3af9a023a5c21e41f74653ea4e1a40c0837ff84,128,3648,0.4915021929824561,0.2945369912279567,288.39163999600714,506.4429519998157,275.8381490029933,1074.4709439995859,161,57,3474,13,104,0.5577823094203161,0.922551731631419,0.4935064935064935,0.8142857142857143,0.35403726708074534,0.5244706443646971,0.003728133065672498,0.9962718669343275,0.01918859649122807,3.56359649122807,,,
selectivestream_r01_20261011,selectivestream_r01_20261011_offline_v2,pooled_snapshot,22,random,0.5,0,2,True,1,2406b6998e74631e3943a76ae3af9a023a5c21e41f74653ea4e1a40c0837ff84,128,3648,0.4915021929824561,0.29452622916618076,287.83462599949416,507.77976799872704,275.07606399922224,1074.4316839982275,161,57,3474,13,104,0.5577823094203161,0.922551731631419,0.4935064935064935,0.8142857142857143,0.35403726708074534,0.5244706443646971,0.003728133065672498,0.9962718669343275,0.01918859649122807,3.56359649122807,,,
selectivestream_r01_20261011,selectivestream_r01_20261011_offline_v2,pooled_snapshot,22,random,0.75,0,0,True,1,31c815848af98a0d4e2f47b0a05baa35c3bad45cfe19264fb9e83650eb2c1f4d,128,3648,0.7415021929824561,0.3678137434207971,286.4579410006627,745.7971940002608,305.76375600230676,1341.7845359990679,161,55,3474,13,106,0.5551766155464536,0.9168677982283797,0.48034934497816595,0.8088235294117647,0.3416149068322981,0.5131143188208767,0.003728133065672498,0.9962718669343275,0.01864035087719298,3.56359649122807,,,
selectivestream_r01_20261011,selectivestream_r01_20261011_offline_v2,pooled_snapshot,22,random,0.75,0,1,True,1,31c815848af98a0d4e2f47b0a05baa35c3bad45cfe19264fb9e83650eb2c1f4d,128,3648,0.7415021929824561,0.37271356743386613,288.2920629999717,750.0008920005712,317.50470899805805,1359.6590939987436,161,55,3474,13,106,0.5551766155464536,0.9168677982283797,0.48034934497816595,0.8088235294117647,0.3416149068322981,0.5131143188208767,0.003728133065672498,0.9962718669343275,0.01864035087719298,3.56359649122807,,,
selectivestream_r01_20261011,selectivestream_r01_20261011_offline_v2,pooled_snapshot,22,random,0.75,0,2,True,1,31c815848af98a0d4e2f47b0a05baa35c3bad45cfe19264fb9e83650eb2c1f4d,128,3648,0.7415021929824561,0.38078458196266957,294.838091001111,767.3567190013273,323.10607400268054,1389.1021549998186,161,55,3474,13,106,0.5551766155464536,0.9168677982283797,0.48034934497816595,0.8088235294117647,0.3416149068322981,0.5131143188208767,0.003728133065672498,0.9962718669343275,0.01864035087719298,3.56359649122807,,,
selectivestream_r01_20261011,selectivestream_r01_20261011_offline_v2,pooled_snapshot,22,random,1.0,0,0,True,1,daaee861d85838b1c7a9ed1c7af83d87a053c05e542b30f26a57a1a4e77ed474,128,3648,1.0,0.4562927763163216,289.3250640017868,1025.9239740007615,345.2386130011291,1664.5560480019412,161,53,3479,8,108,0.5663151139062412,0.918217086712492,0.4774774774774775,0.8688524590163934,0.32919254658385094,0.5236257342556737,0.002294235732721537,0.9977057642672784,0.016721491228070175,2.192982456140351,,,
selectivestream_r01_20261011,selectivestream_r01_20261011_offline_v2,pooled_snapshot,22,random,1.0,0,1,True,1,daaee861d85838b1c7a9ed1c7af83d87a053c05e542b30f26a57a1a4e77ed474,128,3648,1.0,0.4494362412279479,293.72018100275454,1007.8525460012315,334.1463450005904,1639.543407999554,161,53,3479,8,108,0.5663151139062412,0.918217086712492,0.4774774774774775,0.8688524590163934,0.32919254658385094,0.5236257342556737,0.002294235732721537,0.9977057642672784,0.016721491228070175,2.192982456140351,,,
selectivestream_r01_20261011,selectivestream_r01_20261011_offline_v2,pooled_snapshot,22,random,1.0,0,2,True,1,daaee861d85838b1c7a9ed1c7af83d87a053c05e542b30f26a57a1a4e77ed474,128,3648,1.0,0.4548224665577456,301.45793500287255,1018.7849349977114,334.9253939986738,1659.192358002656,161,53,3479,8,108,0.5663151139062412,0.918217086712492,0.4774774774774775,0.8688524590163934,0.32919254658385094,0.5236257342556737,0.002294235732721537,0.9977057642672784,0.016721491228070175,2.192982456140351,,,
selectivestream_r01_20261011,selectivestream_r01_20261011_offline_v2,pooled_snapshot,22,random,0.0,1,0,True,1,6bcba9faa7d91152844dc3839df841ae9bd593a64e81137a4752694ac6184520,128,3648,0.0,0.0860501540576782,309.9962120031705,0.18518899923947174,0.07595599799969932,313.9109620024101,161,61,3452,35,100,0.5484329854343531,0.9179659320243602,0.47470817120622566,0.6354166666666666,0.37888198757763975,0.4732715206479286,0.010037281330656725,0.9899627186693433,0.02631578947368421,9.594298245614034,,,
selectivestream_r01_20261011,selectivestream_r01_20261011_offline_v2,pooled_snapshot,22,random,0.0,1,1,True,1,6bcba9faa7d91152844dc3839df841ae9bd593a64e81137a4752694ac6184520,128,3648,0.0,0.07091429632697455,254.83443600296596,0.19140799940942088,0.07054100115055917,258.69535300080315,161,61,3452,35,100,0.5484329854343531,0.9179659320243602,0.47470817120622566,0.6354166666666666,0.37888198757763975,0.4732715206479286,0.010037281330656725,0.9899627186693433,0.02631578947368421,9.594298245614034,,,
selectivestream_r01_20261011,selectivestream_r01_20261011_offline_v2,pooled_snapshot,22,random,0.0,1,2,True,1,6bcba9faa7d91152844dc3839df841ae9bd593a64e81137a4752694ac6184520,128,3648,0.0,0.0658078856908536,236.19524099922273,0.18778199864755152,0.0677030002407264,240.0671670002339,161,61,3452,35,100,0.5484329854343531,0.9179659320243602,0.47470817120622566,0.6354166666666666,0.37888198757763975,0.4732715206479286,0.010037281330656725,0.9899627186693433,0.02631578947368421,9.594298245614034,,,
selectivestream_r01_20261011,selectivestream_r01_20261011_offline_v2,pooled_snapshot,22,random,0.1,1,0,True,1,f289a1709f98abf229ec22d38cf38f03894de2fc5ada99b984f3510520d3eef3,128,3648,0.0962171052631579,0.1503247541115957,223.22118299689464,111.05605499869853,210.38339699862263,548.3847029991011,161,60,3452,35,101,0.547239605830373,0.9165124410632571,0.46875,0.631578947368421,0.37267080745341613,0.4676785572339684,0.010037281330656725,0.9899627186693433,0.026041666666666668,9.594298245614034,,,
selectivestream_r01_20261011,selectivestream_r01_20261011_offline_v2,pooled_snapshot,22,random,0.1,1,1,True,1,f289a1709f98abf229ec22d38cf38f03894de2fc5ada99b984f3510520d3eef3,128,3648,0.0962171052631579,0.15490987609704612,230.84275200017146,110.88235699935467,219.88626400161593,565.1112280020243,161,60,3452,35,101,0.547239605830373,0.9165124410632571,0.46875,0.631578947368421,0.37267080745341613,0.4676785572339684,0.010037281330656725,0.9899627186693433,0.026041666666666668,9.594298245614034,,,
selectivestream_r01_20261011,selectivestream_r01_20261011_offline_v2,pooled_snapshot,22,random,0.1,1,2,True,1,f289a1709f98abf229ec22d38cf38f03894de2fc5ada99b984f3510520d3eef3,128,3648,0.0962171052631579,0.1564946551524783,239.23398099668702,112.9633640002794,215.1068250004755,570.8925019962408,161,60,3452,35,101,0.547239605830373,0.9165124410632571,0.46875,0.631578947368421,0.37267080745341613,0.4676785572339684,0.010037281330656725,0.9899627186693433,0.026041666666666668,9.594298245614034,,,
selectivestream_r01_20261011,selectivestream_r01_20261011_offline_v2,pooled_snapshot,22,random,0.25,1,0,True,1,3f2b5df8704c0c0781d1e69b7f9012976dbe233179d52c78d88f32d86b82276e,128,3648,0.23574561403508773,0.21173531688533417,276.0745829946245,253.53037800141465,239.1152609980054,772.4104359976991,161,60,3454,33,101,0.5520435679665342,0.9175509033553197,0.47244094488188976,0.6451612903225806,0.37267080745341613,0.47329503277666135,0.00946372239747634,0.9905362776025236,0.02549342105263158,9.046052631578947,,,
selectivestream_r01_20261011,selectivestream_r01_20261011_offline_v2,pooled_snapshot,22,random,0.25,1,1,True,1,3f2b5df8704c0c0781d1e69b7f9012976dbe233179d52c78d88f32d86b82276e,128,3648,0.23574561403508773,0.2183633059221971,282.99680500185787,252.2394580009859,257.5268030013831,796.589340004175,161,60,3454,33,101,0.5520435679665342,0.9175509033553197,0.47244094488188976,0.6451612903225806,0.37267080745341613,0.47329503277666135,0.00946372239747634,0.9905362776025236,0.02549342105263158,9.046052631578947,,,
selectivestream_r01_20261011,selectivestream_r01_20261011_offline_v2,pooled_snapshot,22,random,0.25,1,2,True,1,3f2b5df8704c0c0781d1e69b7f9012976dbe233179d52c78d88f32d86b82276e,128,3648,0.23574561403508773,0.2158195594851601,278.5720500005482,247.11393600045994,257.9300300012619,787.309753001864,161,60,3454,33,101,0.5520435679665342,0.9175509033553197,0.47244094488188976,0.6451612903225806,0.37267080745341613,0.47329503277666135,0.00946372239747634,0.9905362776025236,0.02549342105263158,9.046052631578947,,,
selectivestream_r01_20261011,selectivestream_r01_20261011_offline_v2,pooled_snapshot,22,random,0.5,1,0,True,1,79ee05e468034ee99b5bc13d7bbc7d1d2f140ff7883ecee012a25117ae7ac00c,128,3648,0.5079495614035088,0.30479033333258004,294.34328099796403,521.402675999525,292.35821300153475,1111.875135997252,161,60,3459,28,101,0.55353558021515,0.9147953267415618,0.4819277108433735,0.6818181818181818,0.37267080745341613,0.4881328714214379,0.00802982506452538,0.9919701749354746,0.02412280701754386,7.675438596491228,,,
selectivestream_r01_20261011,selectivestream_r01_20261011_offline_v2,pooled_snapshot,22,random,0.5,1,1,True,1,79ee05e468034ee99b5bc13d7bbc7d1d2f140ff7883ecee012a25117ae7ac00c,128,3648,0.5079495614035088,0.30757343146983895,306.49432099835394,512.6257649981198,299.0476769991801,1122.0278780019726,161,60,3459,28,101,0.55353558021515,0.9147953267415618,0.4819277108433735,0.6818181818181818,0.37267080745341613,0.4881328714214379,0.00802982506452538,0.9919701749354746,0.02412280701754386,7.675438596491228,,,
selectivestream_r01_20261011,selectivestream_r01_20261011_offline_v2,pooled_snapshot,22,random,0.5,1,2,True,1,79ee05e468034ee99b5bc13d7bbc7d1d2f140ff7883ecee012a25117ae7ac00c,128,3648,0.5079495614035088,0.3038675542754526,295.2083149993996,520.7251499978156,288.81654199994955,1108.508837996851,161,60,3459,28,101,0.55353558021515,0.9147953267415618,0.4819277108433735,0.6818181818181818,0.37267080745341613,0.4881328714214379,0.00802982506452538,0.9919701749354746,0.02412280701754386,7.675438596491228,,,
selectivestream_r01_20261011,selectivestream_r01_20261011_offline_v2,pooled_snapshot,22,random,0.75,1,0,True,1,845e1c1a6ad10f4bb5bca18262867751846f926a6bfa6e235345d6b4bd4e238c,128,3648,0.7445175438596491,0.3823985194638649,293.0237400041733,765.0480669963144,333.00913899529405,1394.989799004179,161,64,3449,38,97,0.5564941224055979,0.9195013599759178,0.4866920152091255,0.6274509803921569,0.39751552795031053,0.4816720286301637,0.010897619730427301,0.9891023802695726,0.027960526315789474,10.416666666666666,,,
selectivestream_r01_20261011,selectivestream_r01_20261011_offline_v2,pooled_snapshot,22,random,0.75,1,1,True,1,845e1c1a6ad10f4bb5bca18262867751846f926a6bfa6e235345d6b4bd4e238c,128,3648,0.7445175438596491,0.38299653344234974,289.02598999866314,783.965953999541,320.367891999922,1397.1713539976918,161,64,3449,38,97,0.5564941224055979,0.9195013599759178,0.4866920152091255,0.6274509803921569,0.39751552795031053,0.4816720286301637,0.010897619730427301,0.9891023802695726,0.027960526315789474,10.416666666666666,,,
selectivestream_r01_20261011,selectivestream_r01_20261011_offline_v2,pooled_snapshot,22,random,0.75,1,2,True,1,845e1c1a6ad10f4bb5bca18262867751846f926a6bfa6e235345d6b4bd4e238c,128,3648,0.7445175438596491,0.38506512801561393,291.60650899939355,782.7208029993926,326.4137350033707,1404.7175870009596,161,64,3449,38,97,0.5564941224055979,0.9195013599759178,0.4866920152091255,0.6274509803921569,0.39751552795031053,0.4816720286301637,0.010897619730427301,0.9891023802695726,0.027960526315789474,10.416666666666666,,,
selectivestream_r01_20261011,selectivestream_r01_20261011_offline_v2,pooled_snapshot,22,random,1.0,1,0,True,1,a7cec3c28cfc9f8ab6172c1fb845c6e9206de9accd1da80e959c057dde4cbf8a,128,3648,1.0,0.4628369163919132,301.56260899730114,1012.7378770002906,370.2775030005796,1688.4290709976995,161,53,3479,8,108,0.5663151139062412,0.918217086712492,0.4774774774774775,0.8688524590163934,0.32919254658385094,0.5236257342556737,0.002294235732721537,0.9977057642672784,0.016721491228070175,2.192982456140351,,,
selectivestream_r01_20261011,selectivestream_r01_20261011_offline_v2,pooled_snapshot,22,random,1.0,1,1,True,1,a7cec3c28cfc9f8ab6172c1fb845c6e9206de9accd1da80e959c057dde4cbf8a,128,3648,1.0,0.46575315378243176,300.3506280001602,1026.4255610009059,368.43261000103666,1699.067504998311,161,53,3479,8,108,0.5663151139062412,0.918217086712492,0.4774774774774775,0.8688524590163934,0.32919254658385094,0.5236257342556737,0.002294235732721537,0.9977057642672784,0.016721491228070175,2.192982456140351,,,
selectivestream_r01_20261011,selectivestream_r01_20261011_offline_v2,pooled_snapshot,22,random,1.0,1,2,True,1,a7cec3c28cfc9f8ab6172c1fb845c6e9206de9accd1da80e959c057dde4cbf8a,128,3648,1.0,0.46676785307092333,297.41887299951486,1041.7718520002381,359.5967270002802,1702.7691280027284,161,53,3479,8,108,0.5663151139062412,0.918217086712492,0.4774774774774775,0.8688524590163934,0.32919254658385094,0.5236257342556737,0.002294235732721537,0.9977057642672784,0.016721491228070175,2.192982456140351,,,
selectivestream_r01_20261011,selectivestream_r01_20261011_offline_v2,pooled_snapshot,22,random,0.0,2,0,True,1,512587e818939186b4b34508db62578cc7bacdf4517fa2ff7af017cb151e7c95,128,3648,0.0,0.07820949205077404,281.3478869984465,0.20036100158904446,0.07515499873989029,285.3082270012237,161,61,3452,35,100,0.5484329854343531,0.9179659320243602,0.47470817120622566,0.6354166666666666,0.37888198757763975,0.4732715206479286,0.010037281330656725,0.9899627186693433,0.02631578947368421,9.594298245614034,,,
selectivestream_r01_20261011,selectivestream_r01_20261011_offline_v2,pooled_snapshot,22,random,0.0,2,1,True,1,512587e818939186b4b34508db62578cc7bacdf4517fa2ff7af017cb151e7c95,128,3648,0.0,0.07774236184226331,279.65363200019056,0.19112200334348017,0.06974500047363108,283.60413600057655,161,61,3452,35,100,0.5484329854343531,0.9179659320243602,0.47470817120622566,0.6354166666666666,0.37888198757763975,0.4732715206479286,0.010037281330656725,0.9899627186693433,0.02631578947368421,9.594298245614034,,,
selectivestream_r01_20261011,selectivestream_r01_20261011_offline_v2,pooled_snapshot,22,random,0.0,2,2,True,1,512587e818939186b4b34508db62578cc7bacdf4517fa2ff7af017cb151e7c95,128,3648,0.0,0.07781115899157405,279.90145300009317,0.19850499847962055,0.06954600212338846,283.8551080012621,161,61,3452,35,100,0.5484329854343531,0.9179659320243602,0.47470817120622566,0.6354166666666666,0.37888198757763975,0.4732715206479286,0.010037281330656725,0.9899627186693433,0.02631578947368421,9.594298245614034,,,
selectivestream_r01_20261011,selectivestream_r01_20261011_offline_v2,pooled_snapshot,22,random,0.1,2,0,True,1,8b837da95ec0f20c473da327f7d0d7b379c74c9347d4bfd5d9eb09a9bcb44158,128,3648,0.09155701754385964,0.1696653919943377,255.12414499735314,107.18130399982329,252.6312540012441,618.939349995344,161,61,3453,34,100,0.5558445419644006,0.9182785394553328,0.4765625,0.6421052631578947,0.37888198757763975,0.47605879829686354,0.009750501864066534,0.9902494981359334,0.026041666666666668,9.320175438596491,,,
selectivestream_r01_20261011,selectivestream_r01_20261011_offline_v2,pooled_snapshot,22,random,0.1,2,1,True,1,8b837da95ec0f20c473da327f7d0d7b379c74c9347d4bfd5d9eb09a9bcb44158,128,3648,0.09155701754385964,0.1710466285628268,277.1772919986688,107.90781299692753,235.23163499794464,623.9781009971921,161,61,3453,34,100,0.5558445419644006,0.9182785394553328,0.4765625,0.6421052631578947,0.37888198757763975,0.47605879829686354,0.009750501864066534,0.9902494981359334,0.026041666666666668,9.320175438596491,,,
selectivestream_r01_20261011,selectivestream_r01_20261011_offline_v2,pooled_snapshot,22,random,0.1,2,2,True,1,8b837da95ec0f20c473da327f7d0d7b379c74c9347d4bfd5d9eb09a9bcb44158,128,3648,0.09155701754385964,0.17487192626095238,278.7771870016513,110.17786300089938,245.19652500021039,637.9327869999543,161,61,3453,34,100,0.5558445419644006,0.9182785394553328,0.4765625,0.6421052631578947,0.37888198757763975,0.47605879829686354,0.009750501864066534,0.9902494981359334,0.026041666666666668,9.320175438596491,,,
selectivestream_r01_20261011,selectivestream_r01_20261011_offline_v2,pooled_snapshot,22,random,0.25,2,0,True,1,cde8bef1fbbedaea37b4d808d7518cd4051aa2d460f0669239fa6fdb8107d1f6,128,3648,0.2393092105263158,0.2169715666113597,279.8338859984142,262.318522998612,245.3372859963565,791.5122749982402,161,56,3474,13,105,0.558354018072293,0.9188360672382069,0.48695652173913045,0.8115942028985508,0.34782608695652173,0.5188186834806794,0.003728133065672498,0.9962718669343275,0.018914473684210526,3.56359649122807,,,
selectivestream_r01_20261011,selectivestream_r01_20261011_offline_v2,pooled_snapshot,22,random,0.25,2,1,True,1,cde8bef1fbbedaea37b4d808d7518cd4051aa2d460f0669239fa6fdb8107d1f6,128,3648,0.2393092105263158,0.22470629221515992,287.4250929999107,277.18474000175775,251.13507600053708,819.7285540009034,161,56,3474,13,105,0.558354018072293,0.9188360672382069,0.48695652173913045,0.8115942028985508,0.34782608695652173,0.5188186834806794,0.003728133065672498,0.9962718669343275,0.018914473684210526,3.56359649122807,,,
selectivestream_r01_20261011,selectivestream_r01_20261011_offline_v2,pooled_snapshot,22,random,0.25,2,2,True,1,cde8bef1fbbedaea37b4d808d7518cd4051aa2d460f0669239fa6fdb8107d1f6,128,3648,0.2393092105263158,0.2251616485739704,293.2480489980662,257.49716100108344,266.9384069995431,821.389693997844,161,56,3474,13,105,0.558354018072293,0.9188360672382069,0.48695652173913045,0.8115942028985508,0.34782608695652173,0.5188186834806794,0.003728133065672498,0.9962718669343275,0.018914473684210526,3.56359649122807,,,
selectivestream_r01_20261011,selectivestream_r01_20261011_offline_v2,pooled_snapshot,22,random,0.5,2,0,True,1,07956df87e4a95f612e98edb101daf7e3b6f36ec7d26b312de66c4e6cecb0999,128,3648,0.5104166666666666,0.3117547428732486,298.2912789993861,527.062788000876,308.00405999798386,1137.281302001611,161,56,3473,14,105,0.5608504681231592,0.9143802980725214,0.48484848484848486,0.8,0.34782608695652173,0.5147421254003495,0.00401491253226269,0.9959850874677373,0.01918859649122807,3.837719298245614,,,
selectivestream_r01_20261011,selectivestream_r01_20261011_offline_v2,pooled_snapshot,22,random,0.5,2,1,True,1,07956df87e4a95f612e98edb101daf7e3b6f36ec7d26b312de66c4e6cecb0999,128,3648,0.5104166666666666,0.30626063404632103,291.06501699970977,531.4226169984977,290.900832997977,1117.238793000979,161,56,3473,14,105,0.5608504681231592,0.9143802980725214,0.48484848484848486,0.8,0.34782608695652173,0.5147421254003495,0.00401491253226269,0.9959850874677373,0.01918859649122807,3.837719298245614,,,
selectivestream_r01_20261011,selectivestream_r01_20261011_offline_v2,pooled_snapshot,22,random,0.5,2,2,True,1,07956df87e4a95f612e98edb101daf7e3b6f36ec7d26b312de66c4e6cecb0999,128,3648,0.5104166666666666,0.30787841995642173,290.0365019986566,526.0524940013056,303.127842998947,1123.1404760010264,161,56,3473,14,105,0.5608504681231592,0.9143802980725214,0.48484848484848486,0.8,0.34782608695652173,0.5147421254003495,0.00401491253226269,0.9959850874677373,0.01918859649122807,3.837719298245614,,,
selectivestream_r01_20261011,selectivestream_r01_20261011_offline_v2,pooled_snapshot,22,random,0.75,2,0,True,1,b868fa7600dfd333ddb8a44f1f71a24ccd62e982efc8dea31c44f62abf3ca96e,128,3648,0.7417763157894737,0.3812607505480265,297.2447110005305,755.6043399999908,334.1944829962813,1390.8392179992006,161,55,3476,11,106,0.5671840150905242,0.912037968888881,0.4845814977973568,0.8333333333333334,0.3416149068322981,0.5215691914869043,0.0031545741324921135,0.9968454258675079,0.018092105263157895,3.0153508771929824,,,
selectivestream_r01_20261011,selectivestream_r01_20261011_offline_v2,pooled_snapshot,22,random,0.75,2,1,True,1,b868fa7600dfd333ddb8a44f1f71a24ccd62e982efc8dea31c44f62abf3ca96e,128,3648,0.7417763157894737,0.38592377823532753,305.2355020054165,755.9376919989518,342.52612599721033,1407.849943002475,161,55,3476,11,106,0.5671840150905242,0.912037968888881,0.4845814977973568,0.8333333333333334,0.3416149068322981,0.5215691914869043,0.0031545741324921135,0.9968454258675079,0.018092105263157895,3.0153508771929824,,,
selectivestream_r01_20261011,selectivestream_r01_20261011_offline_v2,pooled_snapshot,22,random,0.75,2,2,True,1,b868fa7600dfd333ddb8a44f1f71a24ccd62e982efc8dea31c44f62abf3ca96e,128,3648,0.7417763157894737,0.38151465213755736,293.76308799783146,754.9721659952411,339.1320539994922,1391.7654509978092,161,55,3476,11,106,0.5671840150905242,0.912037968888881,0.4845814977973568,0.8333333333333334,0.3416149068322981,0.5215691914869043,0.0031545741324921135,0.9968454258675079,0.018092105263157895,3.0153508771929824,,,
selectivestream_r01_20261011,selectivestream_r01_20261011_offline_v2,pooled_snapshot,22,random,1.0,2,0,True,1,d572a88cc4c5cd9b8e8487499a972c857adc20e583183588165bfcfe8b43e7e4,128,3648,1.0,0.46004733031785444,306.2794669995128,1008.5458190014833,359.6242150006219,1678.252660999533,161,53,3479,8,108,0.5663151139062412,0.918217086712492,0.4774774774774775,0.8688524590163934,0.32919254658385094,0.5236257342556737,0.002294235732721537,0.9977057642672784,0.016721491228070175,2.192982456140351,,,
selectivestream_r01_20261011,selectivestream_r01_20261011_offline_v2,pooled_snapshot,22,random,1.0,2,1,True,1,d572a88cc4c5cd9b8e8487499a972c857adc20e583183588165bfcfe8b43e7e4,128,3648,1.0,0.4565192716562319,299.3810600009965,1015.8572600003026,346.2591550005527,1665.382303001934,161,53,3479,8,108,0.5663151139062412,0.918217086712492,0.4774774774774775,0.8688524590163934,0.32919254658385094,0.5236257342556737,0.002294235732721537,0.9977057642672784,0.016721491228070175,2.192982456140351,,,
selectivestream_r01_20261011,selectivestream_r01_20261011_offline_v2,pooled_snapshot,22,random,1.0,2,2,True,1,d572a88cc4c5cd9b8e8487499a972c857adc20e583183588165bfcfe8b43e7e4,128,3648,1.0,0.4580494306468421,301.5183689994956,1015.8131279968075,349.85796000091796,1670.96432299968,161,53,3479,8,108,0.5663151139062412,0.918217086712492,0.4774774774774775,0.8688524590163934,0.32919254658385094,0.5236257342556737,0.002294235732721537,0.9977057642672784,0.016721491228070175,2.192982456140351,,,
selectivestream_r01_20261011,selectivestream_r01_20261011_offline_v2,pooled_snapshot,22,learned_benefit,0.0,0,0,True,1,30ee4417fb4563aa12109d0244340c4fa422d11fa6900145451e46dab84c8887,128,3648,0.0,0.08086970504400756,283.6608919988066,0.1412089995938004,0.06802799998695264,295.0126840005396,161,61,3452,35,100,0.5484329854343531,0.9179659320243602,0.47470817120622566,0.6354166666666666,0.37888198757763975,0.4732715206479286,0.010037281330656725,0.9899627186693433,0.02631578947368421,9.594298245614034,,,
selectivestream_r01_20261011,selectivestream_r01_20261011_offline_v2,pooled_snapshot,22,learned_benefit,0.0,0,1,True,1,30ee4417fb4563aa12109d0244340c4fa422d11fa6900145451e46dab84c8887,128,3648,0.0,0.07601273519790602,265.58821400158195,0.1491269995312905,0.059911997595918365,277.2944580019612,161,61,3452,35,100,0.5484329854343531,0.9179659320243602,0.47470817120622566,0.6354166666666666,0.37888198757763975,0.4732715206479286,0.010037281330656725,0.9899627186693433,0.02631578947368421,9.594298245614034,,,
selectivestream_r01_20261011,selectivestream_r01_20261011_offline_v2,pooled_snapshot,22,learned_benefit,0.0,0,2,True,1,30ee4417fb4563aa12109d0244340c4fa422d11fa6900145451e46dab84c8887,128,3648,0.0,0.07400216173118879,258.26882099954673,0.14093099707679357,0.05669900019711349,269.9598859953767,161,61,3452,35,100,0.5484329854343531,0.9179659320243602,0.47470817120622566,0.6354166666666666,0.37888198757763975,0.4732715206479286,0.010037281330656725,0.9899627186693433,0.02631578947368421,9.594298245614034,,,
selectivestream_r01_20261011,selectivestream_r01_20261011_offline_v2,pooled_snapshot,22,learned_benefit,0.1,0,0,True,1,a0df31b5aa15cdc6e46d712e706053d517b1bb4513f95e22a70a392f046ed48c,128,3648,0.03755482456140351,0.132807765351217,254.4378480006344,46.88375899786479,170.81795099966257,484.4827280012396,161,53,3479,8,108,0.5619352060388568,0.9182438052963358,0.4774774774774775,0.8688524590163934,0.32919254658385094,0.5236257342556737,0.002294235732721537,0.9977057642672784,0.016721491228070175,2.192982456140351,,,
selectivestream_r01_20261011,selectivestream_r01_20261011_offline_v2,pooled_snapshot,22,learned_benefit,0.1,0,1,True,1,a0df31b5aa15cdc6e46d712e706053d517b1bb4513f95e22a70a392f046ed48c,128,3648,0.03755482456140351,0.12812252768662005,232.69988799984276,44.74495199883677,178.018520002297,467.3909810007899,161,53,3479,8,108,0.5619352060388568,0.9182438052963358,0.4774774774774775,0.8688524590163934,0.32919254658385094,0.5236257342556737,0.002294235732721537,0.9977057642672784,0.016721491228070175,2.192982456140351,,,
selectivestream_r01_20261011,selectivestream_r01_20261011_offline_v2,pooled_snapshot,22,learned_benefit,0.1,0,2,True,1,a0df31b5aa15cdc6e46d712e706053d517b1bb4513f95e22a70a392f046ed48c,128,3648,0.03755482456140351,0.11664031387008315,212.68329799568164,45.02765800225461,155.8506010014753,425.50386499806336,161,53,3479,8,108,0.5619352060388568,0.9182438052963358,0.4774774774774775,0.8688524590163934,0.32919254658385094,0.5236257342556737,0.002294235732721537,0.9977057642672784,0.016721491228070175,2.192982456140351,,,
selectivestream_r01_20261011,selectivestream_r01_20261011_offline_v2,pooled_snapshot,22,learned_benefit,0.25,0,0,True,1,7e106cc9fe953d3d39f131670bd4b6f4fada517260ae8466951674e8b8609bcb,128,3648,0.14172149122807018,0.16033180975801298,216.52929700030654,167.88593199999013,188.06364899683103,584.8904419972314,161,53,3479,8,108,0.5629594589679575,0.9177504021146868,0.4774774774774775,0.8688524590163934,0.32919254658385094,0.5236257342556737,0.002294235732721537,0.9977057642672784,0.016721491228070175,2.192982456140351,,,
selectivestream_r01_20261011,selectivestream_r01_20261011_offline_v2,pooled_snapshot,22,learned_benefit,0.25,0,1,True,1,7e106cc9fe953d3d39f131670bd4b6f4fada517260ae8466951674e8b8609bcb,128,3648,0.14172149122807018,0.16159425877198805,221.155606001048,172.37205099809216,183.63550700178166,589.4958560002124,161,53,3479,8,108,0.5629594589679575,0.9177504021146868,0.4774774774774775,0.8688524590163934,0.32919254658385094,0.5236257342556737,0.002294235732721537,0.9977057642672784,0.016721491228070175,2.192982456140351,,,
selectivestream_r01_20261011,selectivestream_r01_20261011_offline_v2,pooled_snapshot,22,learned_benefit,0.25,0,2,True,1,7e106cc9fe953d3d39f131670bd4b6f4fada517260ae8466951674e8b8609bcb,128,3648,0.14172149122807018,0.17237150082344374,255.65854600245075,156.35294799722033,205.29256699865073,628.8112350039228,161,53,3479,8,108,0.5629594589679575,0.9177504021146868,0.4774774774774775,0.8688524590163934,0.32919254658385094,0.5236257342556737,0.002294235732721537,0.9977057642672784,0.016721491228070175,2.192982456140351,,,
selectivestream_r01_20261011,selectivestream_r01_20261011_offline_v2,pooled_snapshot,22,learned_benefit,0.5,0,0,True,1,e60e887e49c8819b05f6ea1b3d5759b911e39dd62019aa78edc5061c14161724,128,3648,0.4731359649122807,0.2888702072365696,261.9954650017462,522.8005839981051,257.2426560000167,1053.7985159990058,161,53,3479,8,108,0.5653382162745509,0.9180674626429667,0.4774774774774775,0.8688524590163934,0.32919254658385094,0.5236257342556737,0.002294235732721537,0.9977057642672784,0.016721491228070175,2.192982456140351,,,
selectivestream_r01_20261011,selectivestream_r01_20261011_offline_v2,pooled_snapshot,22,learned_benefit,0.5,0,1,True,1,e60e887e49c8819b05f6ea1b3d5759b911e39dd62019aa78edc5061c14161724,128,3648,0.4731359649122807,0.2979526376102034,279.5589260013003,524.3024580004203,271.04165500441013,1086.931222002022,161,53,3479,8,108,0.5653382162745509,0.9180674626429667,0.4774774774774775,0.8688524590163934,0.32919254658385094,0.5236257342556737,0.002294235732721537,0.9977057642672784,0.016721491228070175,2.192982456140351,,,
selectivestream_r01_20261011,selectivestream_r01_20261011_offline_v2,pooled_snapshot,22,learned_benefit,0.5,0,2,True,1,e60e887e49c8819b05f6ea1b3d5759b911e39dd62019aa78edc5061c14161724,128,3648,0.4731359649122807,0.2984206291114433,284.95536199989147,505.1320160000614,286.66934100328945,1088.638454998545,161,53,3479,8,108,0.5653382162745509,0.9180674626429667,0.4774774774774775,0.8688524590163934,0.32919254658385094,0.5236257342556737,0.002294235732721537,0.9977057642672784,0.016721491228070175,2.192982456140351,,,
selectivestream_r01_20261011,selectivestream_r01_20261011_offline_v2,pooled_snapshot,22,learned_benefit,0.75,0,0,True,1,0a2984ff8a42ca823bd196357010044c4ad85fe7c8a0720d050a33fd9cedd3df,128,3648,0.7823464912280702,0.39640997094312425,291.9089939996411,794.2958980002004,348.17585600012535,1446.1035740005173,161,53,3479,8,108,0.5643665303471045,0.9159103823073099,0.4774774774774775,0.8688524590163934,0.32919254658385094,0.5236257342556737,0.002294235732721537,0.9977057642672784,0.016721491228070175,2.192982456140351,,,
selectivestream_r01_20261011,selectivestream_r01_20261011_offline_v2,pooled_snapshot,22,learned_benefit,0.75,0,1,True,1,0a2984ff8a42ca823bd196357010044c4ad85fe7c8a0720d050a33fd9cedd3df,128,3648,0.7823464912280702,0.40118529303724343,308.45950100228947,804.8525399990467,338.53232599904004,1463.523948999864,161,53,3479,8,108,0.5643665303471045,0.9159103823073099,0.4774774774774775,0.8688524590163934,0.32919254658385094,0.5236257342556737,0.002294235732721537,0.9977057642672784,0.016721491228070175,2.192982456140351,,,
selectivestream_r01_20261011,selectivestream_r01_20261011_offline_v2,pooled_snapshot,22,learned_benefit,0.75,0,2,True,1,0a2984ff8a42ca823bd196357010044c4ad85fe7c8a0720d050a33fd9cedd3df,128,3648,0.7823464912280702,0.3908186063598438,287.67288899780397,804.1808440011664,322.16641300146875,1425.7062760007102,161,53,3479,8,108,0.5643665303471045,0.9159103823073099,0.4774774774774775,0.8688524590163934,0.32919254658385094,0.5236257342556737,0.002294235732721537,0.9977057642672784,0.016721491228070175,2.192982456140351,,,
selectivestream_r01_20261011,selectivestream_r01_20261011_offline_v2,pooled_snapshot,22,learned_benefit,1.0,0,0,True,1,79e900ed0be2010a9233404ef91edb523aa891217a96b244b0aea93b13536942,128,3648,1.0,0.46062160964915594,297.1875689991066,1015.9090289971573,354.69186000227637,1680.347632000121,161,53,3479,8,108,0.5663151139062412,0.918217086712492,0.4774774774774775,0.8688524590163934,0.32919254658385094,0.5236257342556737,0.002294235732721537,0.9977057642672784,0.016721491228070175,2.192982456140351,,,
selectivestream_r01_20261011,selectivestream_r01_20261011_offline_v2,pooled_snapshot,22,learned_benefit,1.0,0,1,True,1,79e900ed0be2010a9233404ef91edb523aa891217a96b244b0aea93b13536942,128,3648,1.0,0.4575845370064706,302.2526930008098,1002.576336999482,352.7277130015136,1669.268390999605,161,53,3479,8,108,0.5663151139062412,0.918217086712492,0.4774774774774775,0.8688524590163934,0.32919254658385094,0.5236257342556737,0.002294235732721537,0.9977057642672784,0.016721491228070175,2.192982456140351,,,
selectivestream_r01_20261011,selectivestream_r01_20261011_offline_v2,pooled_snapshot,22,learned_benefit,1.0,0,2,True,1,79e900ed0be2010a9233404ef91edb523aa891217a96b244b0aea93b13536942,128,3648,1.0,0.4517304366777652,280.90995400089014,1015.268139998625,339.9357249973036,1647.9126330004874,161,53,3479,8,108,0.5663151139062412,0.918217086712492,0.4774774774774775,0.8688524590163934,0.32919254658385094,0.5236257342556737,0.002294235732721537,0.9977057642672784,0.016721491228070175,2.192982456140351,,,
selectivestream_r01_20261011,selectivestream_r01_20261011_offline_v2,pooled_snapshot,33,margin,0.0,0,0,True,1,ac77130bb6f05c7d94420de6fa26d7ad965923a372a0a28b5b40760fe7f3257f,128,3648,0.0,0.07877275630475747,280.0353439997707,0.14890700003888924,0.056635996770637576,287.36301499975525,161,63,3468,19,98,0.5711476104100086,0.9111794117280332,0.5185185185185185,0.7682926829268293,0.391304347826087,0.5346456699998219,0.0054488098652136505,0.9945511901347863,0.022478070175438597,5.208333333333333,,,
selectivestream_r01_20261011,selectivestream_r01_20261011_offline_v2,pooled_snapshot,33,margin,0.0,0,1,True,1,ac77130bb6f05c7d94420de6fa26d7ad965923a372a0a28b5b40760fe7f3257f,128,3648,0.0,0.07602997807011211,269.8134320016834,0.15741699826321565,0.05946500004938571,277.35735999976896,161,63,3468,19,98,0.5711476104100086,0.9111794117280332,0.5185185185185185,0.7682926829268293,0.391304347826087,0.5346456699998219,0.0054488098652136505,0.9945511901347863,0.022478070175438597,5.208333333333333,,,
selectivestream_r01_20261011,selectivestream_r01_20261011_offline_v2,pooled_snapshot,33,margin,0.0,0,2,True,1,ac77130bb6f05c7d94420de6fa26d7ad965923a372a0a28b5b40760fe7f3257f,128,3648,0.0,0.0693211927084217,245.181953003339,0.19250599871156737,0.06429599943658104,252.88371100032236,161,63,3468,19,98,0.5711476104100086,0.9111794117280332,0.5185185185185185,0.7682926829268293,0.391304347826087,0.5346456699998219,0.0054488098652136505,0.9945511901347863,0.022478070175438597,5.208333333333333,,,
selectivestream_r01_20261011,selectivestream_r01_20261011_offline_v2,pooled_snapshot,33,margin,0.1,0,0,True,1,249a756c2f1d60acea4d23417883e89294abec2ebf4710333faaa8c64a035b52,128,3648,0.06030701754385965,0.14854839501067504,254.1136709978673,85.70936200067081,194.53443699967465,541.9045449989426,161,53,3477,10,108,0.5451162334093537,0.9050412623996494,0.4732142857142857,0.8412698412698413,0.32919254658385094,0.5144866066526549,0.0028677946659019216,0.9971322053340981,0.017269736842105265,2.741228070175439,,,
selectivestream_r01_20261011,selectivestream_r01_20261011_offline_v2,pooled_snapshot,33,margin,0.1,0,1,True,1,249a756c2f1d60acea4d23417883e89294abec2ebf4710333faaa8c64a035b52,128,3648,0.06030701754385965,0.14563985937561602,242.233509999096,83.56163300140906,198.19741000173963,531.2942070022473,161,53,3477,10,108,0.5451162334093537,0.9050412623996494,0.4732142857142857,0.8412698412698413,0.32919254658385094,0.5144866066526549,0.0028677946659019216,0.9971322053340981,0.017269736842105265,2.741228070175439,,,
selectivestream_r01_20261011,selectivestream_r01_20261011_offline_v2,pooled_snapshot,33,margin,0.1,0,2,True,1,249a756c2f1d60acea4d23417883e89294abec2ebf4710333faaa8c64a035b52,128,3648,0.06030701754385965,0.14596402412268472,247.9080420007449,85.02493999822036,190.1403299998492,532.4767599995539,161,53,3477,10,108,0.5451162334093537,0.9050412623996494,0.4732142857142857,0.8412698412698413,0.32919254658385094,0.5144866066526549,0.0028677946659019216,0.9971322053340981,0.017269736842105265,2.741228070175439,,,
selectivestream_r01_20261011,selectivestream_r01_20261011_offline_v2,pooled_snapshot,33,margin,0.25,0,0,True,1,ec8c575409b304513e7a09f29237c5b787c0d9b3dc8c3b751d98da29f72fa965,128,3648,0.1581688596491228,0.18908559978046324,258.9954889972432,209.18751100361987,214.38869799658278,689.78426799913,161,53,3477,10,108,0.5739418818447279,0.9065660029176693,0.4732142857142857,0.8412698412698413,0.32919254658385094,0.5144866066526549,0.0028677946659019216,0.9971322053340981,0.017269736842105265,2.741228070175439,,2.086127885436717e-07,0.0
selectivestream_r01_20261011,selectivestream_r01_20261011_offline_v2,pooled_snapshot,33,margin,0.25,0,1,True,1,ec8c575409b304513e7a09f29237c5b787c0d9b3dc8c3b751d98da29f72fa965,128,3648,0.1581688596491228,0.18353855619585902,251.68562800263317,213.20048600045993,197.2301339974365,669.5486530024937,161,53,3477,10,108,0.5739418818447279,0.9065660029176693,0.4732142857142857,0.8412698412698413,0.32919254658385094,0.5144866066526549,0.0028677946659019216,0.9971322053340981,0.017269736842105265,2.741228070175439,,2.086127885436717e-07,0.0
selectivestream_r01_20261011,selectivestream_r01_20261011_offline_v2,pooled_snapshot,33,margin,0.25,0,2,True,1,ec8c575409b304513e7a09f29237c5b787c0d9b3dc8c3b751d98da29f72fa965,128,3648,0.1581688596491228,0.20292687033960638,281.01527899980283,211.63472900025226,239.81775500487856,740.2772229988841,161,53,3477,10,108,0.5739418818447279,0.9065660029176693,0.4732142857142857,0.8412698412698413,0.32919254658385094,0.5144866066526549,0.0028677946659019216,0.9971322053340981,0.017269736842105265,2.741228070175439,,2.086127885436717e-07,0.0
selectivestream_r01_20261011,selectivestream_r01_20261011_offline_v2,pooled_snapshot,33,margin,0.5,0,0,True,1,61cf2df81e4119ee4c161b78ba25465545a8997b2149d43afb22190fe4415fe0,128,3648,0.45010964912280704,0.31812323108476104,289.2538610012707,568.7115470009303,294.94072800025606,1160.5135469972083,161,53,3477,10,108,0.568964068604317,0.8950823555816012,0.4732142857142857,0.8412698412698413,0.32919254658385094,0.5144866066526549,0.0028677946659019216,0.9971322053340981,0.017269736842105265,2.741228070175439,,,
selectivestream_r01_20261011,selectivestream_r01_20261011_offline_v2,pooled_snapshot,33,margin,0.5,0,1,True,1,61cf2df81e4119ee4c161b78ba25465545a8997b2149d43afb22190fe4415fe0,128,3648,0.45010964912280704,0.3188591557007289,289.87109299851,571.4689000033104,294.4284049981434,1163.198199996259,161,53,3477,10,108,0.568964068604317,0.8950823555816012,0.4732142857142857,0.8412698412698413,0.32919254658385094,0.5144866066526549,0.0028677946659019216,0.9971322053340981,0.017269736842105265,2.741228070175439,,,
selectivestream_r01_20261011,selectivestream_r01_20261011_offline_v2,pooled_snapshot,33,margin,0.5,0,2,True,1,61cf2df81e4119ee4c161b78ba25465545a8997b2149d43afb22190fe4415fe0,128,3648,0.45010964912280704,0.31668646765282166,291.76133899818524,564.0245719960149,292.0539699962319,1155.2722339974935,161,53,3477,10,108,0.568964068604317,0.8950823555816012,0.4732142857142857,0.8412698412698413,0.32919254658385094,0.5144866066526549,0.0028677946659019216,0.9971322053340981,0.017269736842105265,2.741228070175439,,,
selectivestream_r01_20261011,selectivestream_r01_20261011_offline_v2,pooled_snapshot,33,margin,0.75,0,0,True,1,754c978a67cf80ef6df4dcc0f4ea4e4ae21e3b32cd5cb506ce9f3e949be46ee3,128,3648,0.7727521929824561,0.4426917831691805,289.0496460004215,983.1212759982009,335.20034899811435,1614.9396250011705,161,53,3477,10,108,0.5666003790999606,0.9050501685942641,0.4732142857142857,0.8412698412698413,0.32919254658385094,0.5144866066526549,0.0028677946659019216,0.9971322053340981,0.017269736842105265,2.741228070175439,,,
selectivestream_r01_20261011,selectivestream_r01_20261011_offline_v2,pooled_snapshot,33,margin,0.75,0,1,True,1,754c978a67cf80ef6df4dcc0f4ea4e4ae21e3b32cd5cb506ce9f3e949be46ee3,128,3648,0.7727521929824561,0.4400510150769346,283.63011300371,993.0171659989355,321.14441400153737,1605.3061030006575,161,53,3477,10,108,0.5666003790999606,0.9050501685942641,0.4732142857142857,0.8412698412698413,0.32919254658385094,0.5144866066526549,0.0028677946659019216,0.9971322053340981,0.017269736842105265,2.741228070175439,,,
selectivestream_r01_20261011,selectivestream_r01_20261011_offline_v2,pooled_snapshot,33,margin,0.75,0,2,True,1,754c978a67cf80ef6df4dcc0f4ea4e4ae21e3b32cd5cb506ce9f3e949be46ee3,128,3648,0.7727521929824561,0.4433127776863693,288.29959299855545,996.8860969984235,324.42183799958,1617.2050129998752,161,53,3477,10,108,0.5666003790999606,0.9050501685942641,0.4732142857142857,0.8412698412698413,0.32919254658385094,0.5144866066526549,0.0028677946659019216,0.9971322053340981,0.017269736842105265,2.741228070175439,,,
selectivestream_r01_20261011,selectivestream_r01_20261011_offline_v2,pooled_snapshot,33,margin,1.0,0,0,True,1,2a3203c6cebd6a43fc07a9f0b86dc48a3c37586264cd84d596dc1e0112060935,128,3648,1.0,0.5248138297697112,303.0194670027413,1243.517682003585,360.28776800048945,1914.5208509999065,161,53,3477,10,108,0.5675018305828173,0.9135253033895196,0.4732142857142857,0.8412698412698413,0.32919254658385094,0.5144866066526549,0.0028677946659019216,0.9971322053340981,0.017269736842105265,2.741228070175439,,,
selectivestream_r01_20261011,selectivestream_r01_20261011_offline_v2,pooled_snapshot,33,margin,1.0,0,1,True,1,2a3203c6cebd6a43fc07a9f0b86dc48a3c37586264cd84d596dc1e0112060935,128,3648,1.0,0.5165013097580055,302.26893999861204,1222.8317230010362,351.5727180001704,1884.1967779972038,161,53,3477,10,108,0.5675018305828173,0.9135253033895196,0.4732142857142857,0.8412698412698413,0.32919254658385094,0.5144866066526549,0.0028677946659019216,0.9971322053340981,0.017269736842105265,2.741228070175439,,,
selectivestream_r01_20261011,selectivestream_r01_20261011_offline_v2,pooled_snapshot,33,margin,1.0,0,2,True,1,2a3203c6cebd6a43fc07a9f0b86dc48a3c37586264cd84d596dc1e0112060935,128,3648,1.0,0.5291004772481412,292.9973760055873,1264.7789199991166,364.5890760008115,1930.1585410012194,161,53,3477,10,108,0.5675018305828173,0.9135253033895196,0.4732142857142857,0.8412698412698413,0.32919254658385094,0.5144866066526549,0.0028677946659019216,0.9971322053340981,0.017269736842105265,2.741228070175439,,,
selectivestream_r01_20261011,selectivestream_r01_20261011_offline_v2,pooled_snapshot,33,entropy,0.0,0,0,True,1,f5faac495b4e2bd9782d3c92e48e80f1265b1f350c9663a86d2656cb460cd69c,128,3648,0.0,0.08321223629356186,287.1761359974698,0.17482099792687222,0.0624919985057204,303.5582379989137,161,63,3468,19,98,0.5711476104100086,0.9111794117280332,0.5185185185185185,0.7682926829268293,0.391304347826087,0.5346456699998219,0.0054488098652136505,0.9945511901347863,0.022478070175438597,5.208333333333333,,,
selectivestream_r01_20261011,selectivestream_r01_20261011_offline_v2,pooled_snapshot,33,entropy,0.0,0,1,True,1,f5faac495b4e2bd9782d3c92e48e80f1265b1f350c9663a86d2656cb460cd69c,128,3648,0.0,0.0770206439149864,264.0224719989419,0.157944999045867,0.07411500064335996,280.9713090018704,161,63,3468,19,98,0.5711476104100086,0.9111794117280332,0.5185185185185185,0.7682926829268293,0.391304347826087,0.5346456699998219,0.0054488098652136505,0.9945511901347863,0.022478070175438597,5.208333333333333,,,
selectivestream_r01_20261011,selectivestream_r01_20261011_offline_v2,pooled_snapshot,33,entropy,0.0,0,2,True,1,f5faac495b4e2bd9782d3c92e48e80f1265b1f350c9663a86d2656cb460cd69c,128,3648,0.0,0.08543739583301072,295.01361299753626,0.15924499984976137,0.06292600210144883,311.6756199988231,161,63,3468,19,98,0.5711476104100086,0.9111794117280332,0.5185185185185185,0.7682926829268293,0.391304347826087,0.5346456699998219,0.0054488098652136505,0.9945511901347863,0.022478070175438597,5.208333333333333,,,
selectivestream_r01_20261011,selectivestream_r01_20261011_offline_v2,pooled_snapshot,33,entropy,0.1,0,0,True,1,bdf42466aa4910825fa06b7518cb2e799884ee8fa4873d8e82b124c9ecd26e38,128,3648,0.062225877192982455,0.16898934731407758,283.6623540006258,87.22695800224756,229.29572800603637,616.473139001755,161,53,3477,10,108,0.5448308757921029,0.9050804496559537,0.4732142857142857,0.8412698412698413,0.32919254658385094,0.5144866066526549,0.0028677946659019216,0.9971322053340981,0.017269736842105265,2.741228070175439,,,
selectivestream_r01_20261011,selectivestream_r01_20261011_offline_v2,pooled_snapshot,33,entropy,0.1,0,1,True,1,bdf42466aa4910825fa06b7518cb2e799884ee8fa4873d8e82b124c9ecd26e38,128,3648,0.062225877192982455,0.1695086184212825,278.734461005115,90.67505200073356,232.33215199888946,618.3674400008385,161,53,3477,10,108,0.5448308757921029,0.9050804496559537,0.4732142857142857,0.8412698412698413,0.32919254658385094,0.5144866066526549,0.0028677946659019216,0.9971322053340981,0.017269736842105265,2.741228070175439,,,
selectivestream_r01_20261011,selectivestream_r01_20261011_offline_v2,pooled_snapshot,33,entropy,0.1,0,2,True,1,bdf42466aa4910825fa06b7518cb2e799884ee8fa4873d8e82b124c9ecd26e38,128,3648,0.062225877192982455,0.16007499040501658,258.3941809971293,91.3659039997583,217.8275999985999,583.9535649975005,161,53,3477,10,108,0.5448308757921029,0.9050804496559537,0.4732142857142857,0.8412698412698413,0.32919254658385094,0.5144866066526549,0.0028677946659019216,0.9971322053340981,0.017269736842105265,2.741228070175439,,,
selectivestream_r01_20261011,selectivestream_r01_20261011_offline_v2,pooled_snapshot,33,entropy,0.25,0,0,True,1,47cc3509c86766b1dca6685b1d8a24fe7c126c0ff37242cd8d9e43a8bccb3834,128,3648,0.18612938596491227,0.21650876452882353,278.2253370014587,249.18963599884592,245.94235499625938,789.8239730011483,161,53,3477,10,108,0.5426600125610451,0.9065321593781339,0.4732142857142857,0.8412698412698413,0.32919254658385094,0.5144866066526549,0.0028677946659019216,0.9971322053340981,0.017269736842105265,2.741228070175439,,,
selectivestream_r01_20261011,selectivestream_r01_20261011_offline_v2,pooled_snapshot,33,entropy,0.25,0,1,True,1,47cc3509c86766b1dca6685b1d8a24fe7c126c0ff37242cd8d9e43a8bccb3834,128,3648,0.18612938596491227,0.2146174671045293,273.32709599886584,247.06795199927,246.17242599924793,782.9245199973229,161,53,3477,10,108,0.5426600125610451,0.9065321593781339,0.4732142857142857,0.8412698412698413,0.32919254658385094,0.5144866066526549,0.0028677946659019216,0.9971322053340981,0.017269736842105265,2.741228070175439,,,
selectivestream_r01_20261011,selectivestream_r01_20261011_offline_v2,pooled_snapshot,33,entropy,0.25,0,2,True,1,47cc3509c86766b1dca6685b1d8a24fe7c126c0ff37242cd8d9e43a8bccb3834,128,3648,0.18612938596491227,0.21570604660126447,272.4707449997368,270.3606699969896,226.81064299922582,786.8956580014128,161,53,3477,10,108,0.5426600125610451,0.9065321593781339,0.4732142857142857,0.8412698412698413,0.32919254658385094,0.5144866066526549,0.0028677946659019216,0.9971322053340981,0.017269736842105265,2.741228070175439,,,
selectivestream_r01_20261011,selectivestream_r01_20261011_offline_v2,pooled_snapshot,33,entropy,0.5,0,0,True,1,3e469022ba28fc181c4a74419f0840a3fc7fac251931985d39f89691674900c8,128,3648,0.4725877192982456,0.33353820175519605,286.420647000341,631.5184479999516,282.3077520015431,1216.7473600029552,161,53,3477,10,108,0.5366389196223065,0.8959533814149092,0.4732142857142857,0.8412698412698413,0.32919254658385094,0.5144866066526549,0.0028677946659019216,0.9971322053340981,0.017269736842105265,2.741228070175439,,,
selectivestream_r01_20261011,selectivestream_r01_20261011_offline_v2,pooled_snapshot,33,entropy,0.5,0,1,True,1,3e469022ba28fc181c4a74419f0840a3fc7fac251931985d39f89691674900c8,128,3648,0.4725877192982456,0.33466301425384,290.76410599645897,631.282573000135,281.8279699995401,1220.8506759980082,161,53,3477,10,108,0.5366389196223065,0.8959533814149092,0.4732142857142857,0.8412698412698413,0.32919254658385094,0.5144866066526549,0.0028677946659019216,0.9971322053340981,0.017269736842105265,2.741228070175439,,,
selectivestream_r01_20261011,selectivestream_r01_20261011_offline_v2,pooled_snapshot,33,entropy,0.5,0,2,True,1,3e469022ba28fc181c4a74419f0840a3fc7fac251931985d39f89691674900c8,128,3648,0.4725877192982456,0.32861858991227283,293.2277210020402,599.4558279971898,289.26004900131375,1198.8006159999713,161,53,3477,10,108,0.5366389196223065,0.8959533814149092,0.4732142857142857,0.8412698412698413,0.32919254658385094,0.5144866066526549,0.0028677946659019216,0.9971322053340981,0.017269736842105265,2.741228070175439,,,
selectivestream_r01_20261011,selectivestream_r01_20261011_offline_v2,pooled_snapshot,33,entropy,0.75,0,0,True,1,c2385317417dc8dadaa6b0ba1fa8d021e7db241bb5edd884e4ef403847790528,128,3648,0.7809758771929824,0.44451441639194544,282.1053409970773,1006.4227550001306,316.2991000008333,1621.588590997817,161,53,3477,10,108,0.5338508956461699,0.9039582691345138,0.4732142857142857,0.8412698412698413,0.32919254658385094,0.5144866066526549,0.0028677946659019216,0.9971322053340981,0.017269736842105265,2.741228070175439,,,
selectivestream_r01_20261011,selectivestream_r01_20261011_offline_v2,pooled_snapshot,33,entropy,0.75,0,1,True,1,c2385317417dc8dadaa6b0ba1fa8d021e7db241bb5edd884e4ef403847790528,128,3648,0.7809758771929824,0.44296737225897487,288.7702609987173,970.4448179991232,340.10255000157485,1615.9449740007403,161,53,3477,10,108,0.5338508956461699,0.9039582691345138,0.4732142857142857,0.8412698412698413,0.32919254658385094,0.5144866066526549,0.0028677946659019216,0.9971322053340981,0.017269736842105265,2.741228070175439,,,
selectivestream_r01_20261011,selectivestream_r01_20261011_offline_v2,pooled_snapshot,33,entropy,0.75,0,2,True,1,c2385317417dc8dadaa6b0ba1fa8d021e7db241bb5edd884e4ef403847790528,128,3648,0.7809758771929824,0.4371747308118557,288.4467970006881,973.2551020024403,316.8545999988055,1594.8134180016496,161,53,3477,10,108,0.5338508956461699,0.9039582691345138,0.4732142857142857,0.8412698412698413,0.32919254658385094,0.5144866066526549,0.0028677946659019216,0.9971322053340981,0.017269736842105265,2.741228070175439,,,
selectivestream_r01_20261011,selectivestream_r01_20261011_offline_v2,pooled_snapshot,33,entropy,1.0,0,0,True,1,ba2d17716e696527225cf60387b46e3f3ad9746947ad7d02f3a489764b96df9a,128,3648,1.0,0.5239453083876462,296.88595200059353,1261.777820000134,335.5213369941339,1911.3524849981331,161,53,3477,10,108,0.5675018305828173,0.9135253033895196,0.4732142857142857,0.8412698412698413,0.32919254658385094,0.5144866066526549,0.0028677946659019216,0.9971322053340981,0.017269736842105265,2.741228070175439,,,
selectivestream_r01_20261011,selectivestream_r01_20261011_offline_v2,pooled_snapshot,33,entropy,1.0,0,1,True,1,ba2d17716e696527225cf60387b46e3f3ad9746947ad7d02f3a489764b96df9a,128,3648,1.0,0.5233625457791684,301.3496439989467,1244.8300249980093,346.5588620028939,1909.2265670024062,161,53,3477,10,108,0.5675018305828173,0.9135253033895196,0.4732142857142857,0.8412698412698413,0.32919254658385094,0.5144866066526549,0.0028677946659019216,0.9971322053340981,0.017269736842105265,2.741228070175439,,,
selectivestream_r01_20261011,selectivestream_r01_20261011_offline_v2,pooled_snapshot,33,entropy,1.0,0,2,True,1,ba2d17716e696527225cf60387b46e3f3ad9746947ad7d02f3a489764b96df9a,128,3648,1.0,0.5219277182019648,296.40718099835794,1260.906258000432,329.9825800004328,1903.9923160007675,161,53,3477,10,108,0.5675018305828173,0.9135253033895196,0.4732142857142857,0.8412698412698413,0.32919254658385094,0.5144866066526549,0.0028677946659019216,0.9971322053340981,0.017269736842105265,2.741228070175439,,,
selectivestream_r01_20261011,selectivestream_r01_20261011_offline_v2,pooled_snapshot,33,random,0.0,0,0,True,1,ba5144edf44ee84b78527fc9a96fb98294d63bce9ef443fe6d0aeb7ab73d7908,128,3648,0.0,0.07636300630502701,274.69321900025534,0.1883349996205652,0.06895299884490669,278.57224700073857,161,63,3468,19,98,0.5711476104100086,0.9111794117280332,0.5185185185185185,0.7682926829268293,0.391304347826087,0.5346456699998219,0.0054488098652136505,0.9945511901347863,0.022478070175438597,5.208333333333333,,,
selectivestream_r01_20261011,selectivestream_r01_20261011_offline_v2,pooled_snapshot,33,random,0.0,0,1,True,1,ba5144edf44ee84b78527fc9a96fb98294d63bce9ef443fe6d0aeb7ab73d7908,128,3648,0.0,0.06904678070147958,247.8363710024496,0.20161899828963215,0.07318900043173926,251.8826559989975,161,63,3468,19,98,0.5711476104100086,0.9111794117280332,0.5185185185185185,0.7682926829268293,0.391304347826087,0.5346456699998219,0.0054488098652136505,0.9945511901347863,0.022478070175438597,5.208333333333333,,,
selectivestream_r01_20261011,selectivestream_r01_20261011_offline_v2,pooled_snapshot,33,random,0.0,0,2,True,1,ba5144edf44ee84b78527fc9a96fb98294d63bce9ef443fe6d0aeb7ab73d7908,128,3648,0.0,0.06334525191875216,227.36041799544182,0.18257399824506138,0.06912200115039013,231.0834789996079,161,63,3468,19,98,0.5711476104100086,0.9111794117280332,0.5185185185185185,0.7682926829268293,0.391304347826087,0.5346456699998219,0.0054488098652136505,0.9945511901347863,0.022478070175438597,5.208333333333333,,,
selectivestream_r01_20261011,selectivestream_r01_20261011_offline_v2,pooled_snapshot,33,random,0.1,0,0,True,1,fdef08431c9b2a133da0f5ae9d95567c0a361150f24757e62a334cca75880826,128,3648,0.10005482456140351,0.14411647669968866,196.84090899954754,148.03397899868287,177.14603100102977,525.7369070004643,161,64,3468,19,97,0.5631530186815672,0.9077077770672612,0.5245901639344263,0.7710843373493976,0.39751552795031053,0.54004515693323,0.0054488098652136505,0.9945511901347863,0.02275219298245614,5.208333333333333,,,
selectivestream_r01_20261011,selectivestream_r01_20261011_offline_v2,pooled_snapshot,33,random,0.1,0,1,True,1,fdef08431c9b2a133da0f5ae9d95567c0a361150f24757e62a334cca75880826,128,3648,0.10005482456140351,0.1418271354163125,200.7177919986134,140.137475001211,172.9659509992416,517.385389998708,161,64,3468,19,97,0.5631530186815672,0.9077077770672612,0.5245901639344263,0.7710843373493976,0.39751552795031053,0.54004515693323,0.0054488098652136505,0.9945511901347863,0.02275219298245614,5.208333333333333,,,
selectivestream_r01_20261011,selectivestream_r01_20261011_offline_v2,pooled_snapshot,33,random,0.1,0,2,True,1,fdef08431c9b2a133da0f5ae9d95567c0a361150f24757e62a334cca75880826,128,3648,0.10005482456140351,0.15518737445182051,221.29393500017613,141.47553000202606,199.77442900017195,566.1235420002413,161,64,3468,19,97,0.5631530186815672,0.9077077770672612,0.5245901639344263,0.7710843373493976,0.39751552795031053,0.54004515693323,0.0054488098652136505,0.9945511901347863,0.02275219298245614,5.208333333333333,,,
selectivestream_r01_20261011,selectivestream_r01_20261011_offline_v2,pooled_snapshot,33,random,0.25,0,0,True,1,23a678f17f4caf1449949e81b39788aa5b2096e910b8651ec8b6477d9c43f66a,128,3648,0.25685307017543857,0.22290053234572943,258.0433089979124,331.4385579997179,219.95412100113754,813.141141997221,161,61,3471,16,100,0.5577776832672682,0.9090187689145308,0.5126050420168067,0.7922077922077922,0.37888198757763975,0.5348240493925512,0.004588471465443074,0.9954115285345569,0.021107456140350877,4.385964912280702,,,
selectivestream_r01_20261011,selectivestream_r01_20261011_offline_v2,pooled_snapshot,33,random,0.25,0,1,True,1,23a678f17f4caf1449949e81b39788aa5b2096e910b8651ec8b6477d9c43f66a,128,3648,0.25685307017543857,0.23264156469338104,270.31840899962845,341.8000169976949,232.74688700166735,848.676428001454,161,61,3471,16,100,0.5577776832672682,0.9090187689145308,0.5126050420168067,0.7922077922077922,0.37888198757763975,0.5348240493925512,0.004588471465443074,0.9954115285345569,0.021107456140350877,4.385964912280702,,,
selectivestream_r01_20261011,selectivestream_r01_20261011_offline_v2,pooled_snapshot,33,random,0.25,0,2,True,1,23a678f17f4caf1449949e81b39788aa5b2096e910b8651ec8b6477d9c43f66a,128,3648,0.25685307017543857,0.22444845367287694,263.22497699857195,333.2849459948193,218.65998100111028,818.7879589986551,161,61,3471,16,100,0.5577776832672682,0.9090187689145308,0.5126050420168067,0.7922077922077922,0.37888198757763975,0.5348240493925512,0.004588471465443074,0.9954115285345569,0.021107456140350877,4.385964912280702,,,
selectivestream_r01_20261011,selectivestream_r01_20261011_offline_v2,pooled_snapshot,33,random,0.5,0,0,True,1,cc1169e19499d1ef398f41dfd52cf353e4e3560141253f4510f785d7dd90babd,128,3648,0.49506578947368424,0.33185716666706777,292.1514459994796,624.3446470025447,290.350510997996,1210.6149440014633,161,64,3456,31,97,0.5570412256039705,0.9080462124626162,0.5,0.6736842105263158,0.39751552795031053,0.5011995214855491,0.008890163464295957,0.9911098365357041,0.026041666666666668,8.49780701754386,,,
selectivestream_r01_20261011,selectivestream_r01_20261011_offline_v2,pooled_snapshot,33,random,0.5,0,1,True,1,cc1169e19499d1ef398f41dfd52cf353e4e3560141253f4510f785d7dd90babd,128,3648,0.49506578947368424,0.33399486403446216,294.0286630000628,620.9963330002211,299.5154090012875,1218.4132639977179,161,64,3456,31,97,0.5570412256039705,0.9080462124626162,0.5,0.6736842105263158,0.39751552795031053,0.5011995214855491,0.008890163464295957,0.9911098365357041,0.026041666666666668,8.49780701754386,,,
selectivestream_r01_20261011,selectivestream_r01_20261011_offline_v2,pooled_snapshot,33,random,0.5,0,2,True,1,cc1169e19499d1ef398f41dfd52cf353e4e3560141253f4510f785d7dd90babd,128,3648,0.49506578947368424,0.3336998001652335,297.8705850064216,626.6690009988451,289.02131500126416,1217.3368710027717,161,64,3456,31,97,0.5570412256039705,0.9080462124626162,0.5,0.6736842105263158,0.39751552795031053,0.5011995214855491,0.008890163464295957,0.9911098365357041,0.026041666666666668,8.49780701754386,,,
selectivestream_r01_20261011,selectivestream_r01_20261011_offline_v2,pooled_snapshot,33,random,0.75,0,0,True,1,0629c5c024fdcc23225348e57242f6d68c391c494f22369ead9efa4c09d7dce5,128,3648,0.7475328947368421,0.4339751866788738,305.15525700138824,947.4079949986844,326.6476530016007,1583.1414810045317,161,56,3473,14,105,0.5646452664422922,0.9011091774773027,0.48484848484848486,0.8,0.34782608695652173,0.5147421254003495,0.00401491253226269,0.9959850874677373,0.01918859649122807,3.837719298245614,,,
selectivestream_r01_20261011,selectivestream_r01_20261011_offline_v2,pooled_snapshot,33,random,0.75,0,1,True,1,0629c5c024fdcc23225348e57242f6d68c391c494f22369ead9efa4c09d7dce5,128,3648,0.7475328947368421,0.44162988569003875,292.7717290003784,994.4382660005431,319.7793190010998,1611.0658229972614,161,56,3473,14,105,0.5646452664422922,0.9011091774773027,0.48484848484848486,0.8,0.34782608695652173,0.5147421254003495,0.00401491253226269,0.9959850874677373,0.01918859649122807,3.837719298245614,,,
selectivestream_r01_20261011,selectivestream_r01_20261011_offline_v2,pooled_snapshot,33,random,0.75,0,2,True,1,0629c5c024fdcc23225348e57242f6d68c391c494f22369ead9efa4c09d7dce5,128,3648,0.7475328947368421,0.42915033991214224,305.8629299985114,927.787919000366,327.92300199798774,1565.540439999495,161,56,3473,14,105,0.5646452664422922,0.9011091774773027,0.48484848484848486,0.8,0.34782608695652173,0.5147421254003495,0.00401491253226269,0.9959850874677373,0.01918859649122807,3.837719298245614,,,
selectivestream_r01_20261011,selectivestream_r01_20261011_offline_v2,pooled_snapshot,33,random,1.0,0,0,True,1,b5d46b47d246174b09d696e9339d05fc41df61d69844ebb32b2b414d4d415903,128,3648,1.0,0.5120974871160617,288.2037429990305,1240.9102769997844,335.1008829995408,1868.1316329993933,161,53,3477,10,108,0.5675018305828173,0.9135253033895196,0.4732142857142857,0.8412698412698413,0.32919254658385094,0.5144866066526549,0.0028677946659019216,0.9971322053340981,0.017269736842105265,2.741228070175439,,,
selectivestream_r01_20261011,selectivestream_r01_20261011_offline_v2,pooled_snapshot,33,random,1.0,0,1,True,1,b5d46b47d246174b09d696e9339d05fc41df61d69844ebb32b2b414d4d415903,128,3648,1.0,0.5157350353619293,293.0420820021027,1242.5607390005098,341.97779900023306,1881.4014090003184,161,53,3477,10,108,0.5675018305828173,0.9135253033895196,0.4732142857142857,0.8412698412698413,0.32919254658385094,0.5144866066526549,0.0028677946659019216,0.9971322053340981,0.017269736842105265,2.741228070175439,,,
selectivestream_r01_20261011,selectivestream_r01_20261011_offline_v2,pooled_snapshot,33,random,1.0,0,2,True,1,b5d46b47d246174b09d696e9339d05fc41df61d69844ebb32b2b414d4d415903,128,3648,1.0,0.5169617998900509,303.10534899854247,1236.472276998029,342.42311799971503,1885.8766459989056,161,53,3477,10,108,0.5675018305828173,0.9135253033895196,0.4732142857142857,0.8412698412698413,0.32919254658385094,0.5144866066526549,0.0028677946659019216,0.9971322053340981,0.017269736842105265,2.741228070175439,,,
selectivestream_r01_20261011,selectivestream_r01_20261011_offline_v2,pooled_snapshot,33,random,0.0,1,0,True,1,be7e1a381d8ea8c92f3b054b1e00915f32a92500aa788256f1e293d8fdadc124,128,3648,0.0,0.074539331961887,268.04925999931584,0.18629100395628484,0.07056499816826545,271.9194829969638,161,63,3468,19,98,0.5711476104100086,0.9111794117280332,0.5185185185185185,0.7682926829268293,0.391304347826087,0.5346456699998219,0.0054488098652136505,0.9945511901347863,0.022478070175438597,5.208333333333333,,,
selectivestream_r01_20261011,selectivestream_r01_20261011_offline_v2,pooled_snapshot,33,random,0.0,1,1,True,1,be7e1a381d8ea8c92f3b054b1e00915f32a92500aa788256f1e293d8fdadc124,128,3648,0.0,0.07695906551537503,277.02337199752947,0.178362000042398,0.08859499939717352,280.7466710000881,161,63,3468,19,98,0.5711476104100086,0.9111794117280332,0.5185185185185185,0.7682926829268293,0.391304347826087,0.5346456699998219,0.0054488098652136505,0.9945511901347863,0.022478070175438597,5.208333333333333,,,
selectivestream_r01_20261011,selectivestream_r01_20261011_offline_v2,pooled_snapshot,33,random,0.0,1,2,True,1,be7e1a381d8ea8c92f3b054b1e00915f32a92500aa788256f1e293d8fdadc124,128,3648,0.0,0.06502010745634834,233.51291599828983,0.1785830008884659,0.06894400212331675,237.19335200075875,161,63,3468,19,98,0.5711476104100086,0.9111794117280332,0.5185185185185185,0.7682926829268293,0.391304347826087,0.5346456699998219,0.0054488098652136505,0.9945511901347863,0.022478070175438597,5.208333333333333,,,
selectivestream_r01_20261011,selectivestream_r01_20261011_offline_v2,pooled_snapshot,33,random,0.1,1,0,True,1,c9f8641f4518afa3cd141b60d855dfd0b79c5df4d3c579d6e0acdeed3ef65f4b,128,3648,0.0981359649122807,0.1433939810861299,200.72062799863488,135.97773299989058,182.86142299803032,523.101243002202,161,80,3446,41,81,0.5702675828812944,0.9129357133060327,0.5673758865248227,0.6611570247933884,0.4968944099378882,0.5564259862480746,0.011757958130197877,0.9882420418698021,0.033168859649122806,11.239035087719298,,,
selectivestream_r01_20261011,selectivestream_r01_20261011_offline_v2,pooled_snapshot,33,random,0.1,1,1,True,1,c9f8641f4518afa3cd141b60d855dfd0b79c5df4d3c579d6e0acdeed3ef65f4b,128,3648,0.0981359649122807,0.14665470257718402,203.44755400310532,137.2289480004838,190.71954999890295,534.9963550015673,161,80,3446,41,81,0.5702675828812944,0.9129357133060327,0.5673758865248227,0.6611570247933884,0.4968944099378882,0.5564259862480746,0.011757958130197877,0.9882420418698021,0.033168859649122806,11.239035087719298,,,
selectivestream_r01_20261011,selectivestream_r01_20261011_offline_v2,pooled_snapshot,33,random,0.1,1,2,True,1,c9f8641f4518afa3cd141b60d855dfd0b79c5df4d3c579d6e0acdeed3ef65f4b,128,3648,0.0981359649122807,0.1576330693515665,230.95401699629292,140.7980019948809,199.57605900435738,575.0454369945146,161,80,3446,41,81,0.5702675828812944,0.9129357133060327,0.5673758865248227,0.6611570247933884,0.4968944099378882,0.5564259862480746,0.011757958130197877,0.9882420418698021,0.033168859649122806,11.239035087719298,,,
selectivestream_r01_20261011,selectivestream_r01_20261011_offline_v2,pooled_snapshot,33,random,0.25,1,0,True,1,3667056a284f90de55dab9e793aa36a02ae88766f73d9a2c7badb27d9772da16,128,3648,0.25164473684210525,0.22384714802688432,258.9766100027191,326.86727800046356,227.08289500042156,816.5943960020741,161,62,3468,19,99,0.5673687587073165,0.9093162358146585,0.512396694214876,0.7654320987654321,0.38509316770186336,0.5292023907383183,0.0054488098652136505,0.9945511901347863,0.022203947368421052,5.208333333333333,,,
selectivestream_r01_20261011,selectivestream_r01_20261011_offline_v2,pooled_snapshot,33,random,0.25,1,1,True,1,3667056a284f90de55dab9e793aa36a02ae88766f73d9a2c7badb27d9772da16,128,3648,0.25164473684210525,0.24112922642491172,295.6016419984735,327.9354450005485,252.3843239978305,879.639417998078,161,62,3468,19,99,0.5673687587073165,0.9093162358146585,0.512396694214876,0.7654320987654321,0.38509316770186336,0.5292023907383183,0.0054488098652136505,0.9945511901347863,0.022203947368421052,5.208333333333333,,,
selectivestream_r01_20261011,selectivestream_r01_20261011_offline_v2,pooled_snapshot,33,random,0.25,1,2,True,1,3667056a284f90de55dab9e793aa36a02ae88766f73d9a2c7badb27d9772da16,128,3648,0.25164473684210525,0.23681416310264386,285.6352100016011,323.34260800053016,251.21910099824163,863.8980669984448,161,62,3468,19,99,0.5673687587073165,0.9093162358146585,0.512396694214876,0.7654320987654321,0.38509316770186336,0.5292023907383183,0.0054488098652136505,0.9945511901347863,0.022203947368421052,5.208333333333333,,,
selectivestream_r01_20261011,selectivestream_r01_20261011_offline_v2,pooled_snapshot,33,random,0.5,1,0,True,1,aa6694bc8032b027efdfdfa07c97a9afec0fd37adfcf0a6acfb3120505a7d2e2,128,3648,0.49725877192982454,0.33882912362982326,301.3041530039118,631.6487599997345,298.8436530031322,1236.0486430015953,161,73,3463,24,88,0.5804527388577594,0.9099788566939849,0.5658914728682171,0.7525773195876289,0.453416149068323,0.5700746091019679,0.0068827071981646115,0.9931172928018354,0.026589912280701754,6.578947368421052,,,
selectivestream_r01_20261011,selectivestream_r01_20261011_offline_v2,pooled_snapshot,33,random,0.5,1,1,True,1,aa6694bc8032b027efdfdfa07c97a9afec0fd37adfcf0a6acfb3120505a7d2e2,128,3648,0.49725877192982454,0.33278468667824174,274.3839269987802,672.8590819984674,262.83095100097853,1213.998537002226,161,73,3463,24,88,0.5804527388577594,0.9099788566939849,0.5658914728682171,0.7525773195876289,0.453416149068323,0.5700746091019679,0.0068827071981646115,0.9931172928018354,0.026589912280701754,6.578947368421052,,,
selectivestream_r01_20261011,selectivestream_r01_20261011_offline_v2,pooled_snapshot,33,random,0.5,1,2,True,1,aa6694bc8032b027efdfdfa07c97a9afec0fd37adfcf0a6acfb3120505a7d2e2,128,3648,0.49725877192982454,0.33532164555856325,288.477488998069,656.2422489987512,274.6208470007332,1223.2533629976388,161,73,3463,24,88,0.5804527388577594,0.9099788566939849,0.5658914728682171,0.7525773195876289,0.453416149068323,0.5700746091019679,0.0068827071981646115,0.9931172928018354,0.026589912280701754,6.578947368421052,,,
selectivestream_r01_20261011,selectivestream_r01_20261011_offline_v2,pooled_snapshot,33,random,0.75,1,0,True,1,ac3f08c447b3302fcfbe11b701063047bc81bcd392d1ddb4ed3f744d74d50402,128,3648,0.762609649122807,0.4324624331136998,292.7519819986628,949.7760750009547,331.26241200079676,1577.622955998777,161,67,3469,18,94,0.5725798117849008,0.9115303157958485,0.5447154471544715,0.788235294117647,0.4161490683229814,0.5595638667272398,0.005162030398623459,0.9948379696013765,0.023300438596491228,4.934210526315789,,,
selectivestream_r01_20261011,selectivestream_r01_20261011_offline_v2,pooled_snapshot,33,random,0.75,1,1,True,1,ac3f08c447b3302fcfbe11b701063047bc81bcd392d1ddb4ed3f744d74d50402,128,3648,0.762609649122807,0.4888367637056789,302.5524479990054,1153.9820109992434,321.94509000328253,1783.2765139983167,161,67,3469,18,94,0.5725798117849008,0.9115303157958485,0.5447154471544715,0.788235294117647,0.4161490683229814,0.5595638667272398,0.005162030398623459,0.9948379696013765,0.023300438596491228,4.934210526315789,,,
selectivestream_r01_20261011,selectivestream_r01_20261011_offline_v2,pooled_snapshot,33,random,0.75,1,2,True,1,ac3f08c447b3302fcfbe11b701063047bc81bcd392d1ddb4ed3f744d74d50402,128,3648,0.762609649122807,0.45336518201709525,290.78400299840723,1031.658121001783,327.25249000395706,1653.8761839983636,161,67,3469,18,94,0.5725798117849008,0.9115303157958485,0.5447154471544715,0.788235294117647,0.4161490683229814,0.5595638667272398,0.005162030398623459,0.9948379696013765,0.023300438596491228,4.934210526315789,,,
selectivestream_r01_20261011,selectivestream_r01_20261011_offline_v2,pooled_snapshot,33,random,1.0,1,0,True,1,81be05a7b53a99d5c9b124e7753e41f7f30ce764ba6b0b65a06806e667e73dd5,128,3648,1.0,0.5527338873353652,299.5217639991097,1362.1970929989402,349.90096899764467,2016.3732209994123,161,53,3477,10,108,0.5675018305828173,0.9135253033895196,0.4732142857142857,0.8412698412698413,0.32919254658385094,0.5144866066526549,0.0028677946659019216,0.9971322053340981,0.017269736842105265,2.741228070175439,,,
selectivestream_r01_20261011,selectivestream_r01_20261011_offline_v2,pooled_snapshot,33,random,1.0,1,1,True,1,81be05a7b53a99d5c9b124e7753e41f7f30ce764ba6b0b65a06806e667e73dd5,128,3648,1.0,0.5418599766986326,291.48074799650203,1333.9175140054067,346.677684999122,1976.7051949966117,161,53,3477,10,108,0.5675018305828173,0.9135253033895196,0.4732142857142857,0.8412698412698413,0.32919254658385094,0.5144866066526549,0.0028677946659019216,0.9971322053340981,0.017269736842105265,2.741228070175439,,,
selectivestream_r01_20261011,selectivestream_r01_20261011_offline_v2,pooled_snapshot,33,random,1.0,1,2,True,1,81be05a7b53a99d5c9b124e7753e41f7f30ce764ba6b0b65a06806e667e73dd5,128,3648,1.0,0.5278858799331594,303.87665099806327,1267.0870400006606,350.69075700266694,1925.7276899961653,161,53,3477,10,108,0.5675018305828173,0.9135253033895196,0.4732142857142857,0.8412698412698413,0.32919254658385094,0.5144866066526549,0.0028677946659019216,0.9971322053340981,0.017269736842105265,2.741228070175439,,,
selectivestream_r01_20261011,selectivestream_r01_20261011_offline_v2,pooled_snapshot,33,random,0.0,2,0,True,1,2b03261ff04635af63b78e8a9ae75781b44abfbee106a1248c2b54516da00e8c,128,3648,0.0,0.07496402549316117,269.4580830002451,0.19485300163069041,0.07612499666720396,273.4687649990519,161,63,3468,19,98,0.5711476104100086,0.9111794117280332,0.5185185185185185,0.7682926829268293,0.391304347826087,0.5346456699998219,0.0054488098652136505,0.9945511901347863,0.022478070175438597,5.208333333333333,,,
selectivestream_r01_20261011,selectivestream_r01_20261011_offline_v2,pooled_snapshot,33,random,0.0,2,1,True,1,2b03261ff04635af63b78e8a9ae75781b44abfbee106a1248c2b54516da00e8c,128,3648,0.0,0.08325362691900744,298.30865200074186,0.3046869996978785,0.12479200177040184,303.70923100053915,161,63,3468,19,98,0.5711476104100086,0.9111794117280332,0.5185185185185185,0.7682926829268293,0.391304347826087,0.5346456699998219,0.0054488098652136505,0.9945511901347863,0.022478070175438597,5.208333333333333,,,
selectivestream_r01_20261011,selectivestream_r01_20261011_offline_v2,pooled_snapshot,33,random,0.0,2,2,True,1,2b03261ff04635af63b78e8a9ae75781b44abfbee106a1248c2b54516da00e8c,128,3648,0.0,0.06260802987917327,224.59605899712187,0.18589399951451924,0.06967099943722133,228.39409299922409,161,63,3468,19,98,0.5711476104100086,0.9111794117280332,0.5185185185185185,0.7682926829268293,0.391304347826087,0.5346456699998219,0.0054488098652136505,0.9945511901347863,0.022478070175438597,5.208333333333333,,,
selectivestream_r01_20261011,selectivestream_r01_20261011_offline_v2,pooled_snapshot,33,random,0.1,2,0,True,1,4008d6e897c3a9b12f53edf37cb70dbbf52028b62bc2ae265e72db996715ad4d,128,3648,0.10910087719298246,0.14917232894642812,210.03649899921584,150.64081700256793,179.9792259971582,544.1806559965698,161,61,3467,20,100,0.5744576344182856,0.9099761848356005,0.5041322314049587,0.7530864197530864,0.37888198757763975,0.5201446089501869,0.005735589331803843,0.9942644106681962,0.022203947368421052,5.482456140350878,,,
selectivestream_r01_20261011,selectivestream_r01_20261011_offline_v2,pooled_snapshot,33,random,0.1,2,1,True,1,4008d6e897c3a9b12f53edf37cb70dbbf52028b62bc2ae265e72db996715ad4d,128,3648,0.10910087719298246,0.1572190046602915,217.99462499802758,171.45176899794023,180.0913130027766,573.5349290007434,161,61,3467,20,100,0.5744576344182856,0.9099761848356005,0.5041322314049587,0.7530864197530864,0.37888198757763975,0.5201446089501869,0.005735589331803843,0.9942644106681962,0.022203947368421052,5.482456140350878,,,
selectivestream_r01_20261011,selectivestream_r01_20261011_offline_v2,pooled_snapshot,33,random,0.1,2,2,True,1,4008d6e897c3a9b12f53edf37cb70dbbf52028b62bc2ae265e72db996715ad4d,128,3648,0.10910087719298246,0.1654826469310939,235.91566100367345,168.31368999555707,195.62757500079897,603.6806960046306,161,61,3467,20,100,0.5744576344182856,0.9099761848356005,0.5041322314049587,0.7530864197530864,0.37888198757763975,0.5201446089501869,0.005735589331803843,0.9942644106681962,0.022203947368421052,5.482456140350878,,,
selectivestream_r01_20261011,selectivestream_r01_20261011_offline_v2,pooled_snapshot,33,random,0.25,2,0,True,1,b8e19d1fab0aef0be517b70a96fc66e4a575ea816b09f2f234df71fce2907678,128,3648,0.24533991228070176,0.22692154550366253,262.1054089968311,342.8271830016456,218.9960340010657,827.8097979973609,161,76,3448,39,85,0.5793316230846665,0.9164777069042602,0.5507246376811594,0.6608695652173913,0.4720496894409938,0.5417415844096256,0.011184399197017494,0.9888156008029825,0.031524122807017545,10.69078947368421,,,
selectivestream_r01_20261011,selectivestream_r01_20261011_offline_v2,pooled_snapshot,33,random,0.25,2,1,True,1,b8e19d1fab0aef0be517b70a96fc66e4a575ea816b09f2f234df71fce2907678,128,3648,0.24533991228070176,0.22839941200714475,267.90076000179397,346.10426099970937,215.18863399796828,833.2010550020641,161,76,3448,39,85,0.5793316230846665,0.9164777069042602,0.5507246376811594,0.6608695652173913,0.4720496894409938,0.5417415844096256,0.011184399197017494,0.9888156008029825,0.031524122807017545,10.69078947368421,,,
selectivestream_r01_20261011,selectivestream_r01_20261011_offline_v2,pooled_snapshot,33,random,0.25,2,2,True,1,b8e19d1fab0aef0be517b70a96fc66e4a575ea816b09f2f234df71fce2907678,128,3648,0.24533991228070176,0.22718065981420846,273.11673200347286,323.79991300149413,228.09202499865933,828.7550470022325,161,76,3448,39,85,0.5793316230846665,0.9164777069042602,0.5507246376811594,0.6608695652173913,0.4720496894409938,0.5417415844096256,0.011184399197017494,0.9888156008029825,0.031524122807017545,10.69078947368421,,,
selectivestream_r01_20261011,selectivestream_r01_20261011_offline_v2,pooled_snapshot,33,random,0.5,2,0,True,1,6d5d053b60d6a37b4a7f8ba5b06fd37d35577d6daa5c2a7d3602918dd1adec31,128,3648,0.4799890350877193,0.32310584210411736,286.3054640010887,613.5431150014483,274.8849590016107,1178.6901119958202,161,67,3457,30,94,0.5729681257685372,0.9155657125757248,0.5193798449612403,0.6907216494845361,0.4161490683229814,0.5203002169554909,0.008603383997705764,0.9913966160022942,0.026589912280701754,8.223684210526315,,,
selectivestream_r01_20261011,selectivestream_r01_20261011_offline_v2,pooled_snapshot,33,random,0.5,2,1,True,1,6d5d053b60d6a37b4a7f8ba5b06fd37d35577d6daa5c2a7d3602918dd1adec31,128,3648,0.4799890350877193,0.3314004106350535,294.3464779982605,624.6773070051859,285.9709410013238,1208.948697996675,161,67,3457,30,94,0.5729681257685372,0.9155657125757248,0.5193798449612403,0.6907216494845361,0.4161490683229814,0.5203002169554909,0.008603383997705764,0.9913966160022942,0.026589912280701754,8.223684210526315,,,
selectivestream_r01_20261011,selectivestream_r01_20261011_offline_v2,pooled_snapshot,33,random,0.5,2,2,True,1,6d5d053b60d6a37b4a7f8ba5b06fd37d35577d6daa5c2a7d3602918dd1adec31,128,3648,0.4799890350877193,0.32519522560286324,289.6140370003195,609.3386170014128,283.54125100213423,1186.3121829992451,161,67,3457,30,94,0.5729681257685372,0.9155657125757248,0.5193798449612403,0.6907216494845361,0.4161490683229814,0.5203002169554909,0.008603383997705764,0.9913966160022942,0.026589912280701754,8.223684210526315,,,
selectivestream_r01_20261011,selectivestream_r01_20261011_offline_v2,pooled_snapshot,33,random,0.75,2,0,True,1,9f062d119fbd315f600acd18622a4ce35906275111b975d757d637b1d0fe61ab,128,3648,0.7532894736842105,0.4242411252742809,281.89258800011885,941.2405560015031,320.7178129978274,1547.6316250005766,161,56,3473,14,105,0.5532027043915849,0.913090681092327,0.48484848484848486,0.8,0.34782608695652173,0.5147421254003495,0.00401491253226269,0.9959850874677373,0.01918859649122807,3.837719298245614,,,
selectivestream_r01_20261011,selectivestream_r01_20261011_offline_v2,pooled_snapshot,33,random,0.75,2,1,True,1,9f062d119fbd315f600acd18622a4ce35906275111b975d757d637b1d0fe61ab,128,3648,0.7532894736842105,0.43964987006604944,306.420892999995,962.1091969975168,331.04067300155293,1603.8427260009485,161,56,3473,14,105,0.5532027043915849,0.913090681092327,0.48484848484848486,0.8,0.34782608695652173,0.5147421254003495,0.00401491253226269,0.9959850874677373,0.01918859649122807,3.837719298245614,,,
selectivestream_r01_20261011,selectivestream_r01_20261011_offline_v2,pooled_snapshot,33,random,0.75,2,2,True,1,9f062d119fbd315f600acd18622a4ce35906275111b975d757d637b1d0fe61ab,128,3648,0.7532894736842105,0.42529917790545824,276.701564999712,972.4458329937988,298.49802699936845,1551.4914009991116,161,56,3473,14,105,0.5532027043915849,0.913090681092327,0.48484848484848486,0.8,0.34782608695652173,0.5147421254003495,0.00401491253226269,0.9959850874677373,0.01918859649122807,3.837719298245614,,,
selectivestream_r01_20261011,selectivestream_r01_20261011_offline_v2,pooled_snapshot,33,random,1.0,2,0,True,1,a434392bc8d3987172240436095d74af49eadc1b7cdadadcc0b1fad263f89f87,128,3648,1.0,0.5235606126657251,274.8613790035961,1313.874147000206,317.2377740002048,1909.949115004565,161,53,3477,10,108,0.5675018305828173,0.9135253033895196,0.4732142857142857,0.8412698412698413,0.32919254658385094,0.5144866066526549,0.0028677946659019216,0.9971322053340981,0.017269736842105265,2.741228070175439,,,
selectivestream_r01_20261011,selectivestream_r01_20261011_offline_v2,pooled_snapshot,33,random,1.0,2,1,True,1,a434392bc8d3987172240436095d74af49eadc1b7cdadadcc0b1fad263f89f87,128,3648,1.0,0.5106634495611592,275.7250049999129,1254.4880159975946,328.79357499950856,1862.9002639991086,161,53,3477,10,108,0.5675018305828173,0.9135253033895196,0.4732142857142857,0.8412698412698413,0.32919254658385094,0.5144866066526549,0.0028677946659019216,0.9971322053340981,0.017269736842105265,2.741228070175439,,,
selectivestream_r01_20261011,selectivestream_r01_20261011_offline_v2,pooled_snapshot,33,random,1.0,2,2,True,1,a434392bc8d3987172240436095d74af49eadc1b7cdadadcc0b1fad263f89f87,128,3648,1.0,0.5216407373893617,292.4637949963653,1255.3532830006588,351.0001980012021,1902.9454099963914,161,53,3477,10,108,0.5675018305828173,0.9135253033895196,0.4732142857142857,0.8412698412698413,0.32919254658385094,0.5144866066526549,0.0028677946659019216,0.9971322053340981,0.017269736842105265,2.741228070175439,,,
selectivestream_r01_20261011,selectivestream_r01_20261011_offline_v2,pooled_snapshot,33,learned_benefit,0.0,0,0,True,1,c16984b65dd756855c89b76cda82e13975a74a7a1fee71fe4967c123d6db98af,128,3648,0.0,0.07855421409013225,274.89900900309294,0.14667900086351437,0.05936500019743107,286.56577300080244,161,63,3468,19,98,0.5711476104100086,0.9111794117280332,0.5185185185185185,0.7682926829268293,0.391304347826087,0.5346456699998219,0.0054488098652136505,0.9945511901347863,0.022478070175438597,5.208333333333333,,,
selectivestream_r01_20261011,selectivestream_r01_20261011_offline_v2,pooled_snapshot,33,learned_benefit,0.0,0,1,True,1,c16984b65dd756855c89b76cda82e13975a74a7a1fee71fe4967c123d6db98af,128,3648,0.0,0.07175812116151137,250.06781599950045,0.13768600092589622,0.05623800007015234,261.77362599719345,161,63,3468,19,98,0.5711476104100086,0.9111794117280332,0.5185185185185185,0.7682926829268293,0.391304347826087,0.5346456699998219,0.0054488098652136505,0.9945511901347863,0.022478070175438597,5.208333333333333,,,
selectivestream_r01_20261011,selectivestream_r01_20261011_offline_v2,pooled_snapshot,33,learned_benefit,0.0,0,2,True,1,c16984b65dd756855c89b76cda82e13975a74a7a1fee71fe4967c123d6db98af,128,3648,0.0,0.06306528618438278,218.2824539977446,0.13750399921264034,0.05540800157177728,230.0621640006284,161,63,3468,19,98,0.5711476104100086,0.9111794117280332,0.5185185185185185,0.7682926829268293,0.391304347826087,0.5346456699998219,0.0054488098652136505,0.9945511901347863,0.022478070175438597,5.208333333333333,,,
selectivestream_r01_20261011,selectivestream_r01_20261011_offline_v2,pooled_snapshot,33,learned_benefit,0.1,0,0,True,1,485e5ad762b0c0a132ea0456d0f7a4e009b66749bb806f9ed4fe20445f7818db,128,3648,0.03837719298245614,0.11791878179753655,210.0693649972527,50.75357800160418,158.00253800261999,430.1677159974133,161,53,3477,10,108,0.5830172559079065,0.9093678917434233,0.4732142857142857,0.8412698412698413,0.32919254658385094,0.5144866066526549,0.0028677946659019216,0.9971322053340981,0.017269736842105265,2.741228070175439,,,
selectivestream_r01_20261011,selectivestream_r01_20261011_offline_v2,pooled_snapshot,33,learned_benefit,0.1,0,1,True,1,485e5ad762b0c0a132ea0456d0f7a4e009b66749bb806f9ed4fe20445f7818db,128,3648,0.03837719298245614,0.11523184238028175,208.63174499845627,48.21332800020173,151.95249899625196,420.36576100326783,161,53,3477,10,108,0.5830172559079065,0.9093678917434233,0.4732142857142857,0.8412698412698413,0.32919254658385094,0.5144866066526549,0.0028677946659019216,0.9971322053340981,0.017269736842105265,2.741228070175439,,,
selectivestream_r01_20261011,selectivestream_r01_20261011_offline_v2,pooled_snapshot,33,learned_benefit,0.1,0,2,True,1,485e5ad762b0c0a132ea0456d0f7a4e009b66749bb806f9ed4fe20445f7818db,128,3648,0.03837719298245614,0.11732124533967124,208.52594999632856,50.83134800224798,156.81047899852274,427.9879029991207,161,53,3477,10,108,0.5830172559079065,0.9093678917434233,0.4732142857142857,0.8412698412698413,0.32919254658385094,0.5144866066526549,0.0028677946659019216,0.9971322053340981,0.017269736842105265,2.741228070175439,,,
selectivestream_r01_20261011,selectivestream_r01_20261011_offline_v2,pooled_snapshot,33,learned_benefit,0.25,0,0,True,1,6c7af15bf273bffc74be87b97b58c55b5c2755cea40ec9f2870fd7fbd2508a86,128,3648,0.10115131578947369,0.1539803083882194,222.81701500378404,145.86160499766265,180.47199899865518,561.7201650002244,161,53,3477,10,108,0.5766968768029904,0.9047188581546007,0.4732142857142857,0.8412698412698413,0.32919254658385094,0.5144866066526549,0.0028677946659019216,0.9971322053340981,0.017269736842105265,2.741228070175439,,,
selectivestream_r01_20261011,selectivestream_r01_20261011_offline_v2,pooled_snapshot,33,learned_benefit,0.25,0,1,True,1,6c7af15bf273bffc74be87b97b58c55b5c2755cea40ec9f2870fd7fbd2508a86,128,3648,0.10115131578947369,0.15556989583294062,233.28970199872856,138.96431000193843,183.62254899784602,567.5189799985674,161,53,3477,10,108,0.5766968768029904,0.9047188581546007,0.4732142857142857,0.8412698412698413,0.32919254658385094,0.5144866066526549,0.0028677946659019216,0.9971322053340981,0.017269736842105265,2.741228070175439,,,
selectivestream_r01_20261011,selectivestream_r01_20261011_offline_v2,pooled_snapshot,33,learned_benefit,0.25,0,2,True,1,6c7af15bf273bffc74be87b97b58c55b5c2755cea40ec9f2870fd7fbd2508a86,128,3648,0.10115131578947369,0.15586044599764023,235.14294200231234,138.93552699755674,182.8401330003544,568.5789069993916,161,53,3477,10,108,0.5766968768029904,0.9047188581546007,0.4732142857142857,0.8412698412698413,0.32919254658385094,0.5144866066526549,0.0028677946659019216,0.9971322053340981,0.017269736842105265,2.741228070175439,,,
selectivestream_r01_20261011,selectivestream_r01_20261011_offline_v2,pooled_snapshot,33,learned_benefit,0.5,0,0,True,1,7d9f854cbdcbb6d8bc7ac3b7678b6b3ea84f14211b064f2f31d80a31f7ef86bd,128,3648,0.44435307017543857,0.29954643612908066,250.75977799860993,579.268196999692,251.0172389993386,1092.7453989988862,161,53,3477,10,108,0.5777985583155273,0.9066069714128966,0.4732142857142857,0.8412698412698413,0.32919254658385094,0.5144866066526549,0.0028677946659019216,0.9971322053340981,0.017269736842105265,2.741228070175439,,,
selectivestream_r01_20261011,selectivestream_r01_20261011_offline_v2,pooled_snapshot,33,learned_benefit,0.5,0,1,True,1,7d9f854cbdcbb6d8bc7ac3b7678b6b3ea84f14211b064f2f31d80a31f7ef86bd,128,3648,0.44435307017543857,0.3229750307022976,286.36196100160305,602.8105799987316,277.1506209992367,1178.2129120019817,161,53,3477,10,108,0.5777985583155273,0.9066069714128966,0.4732142857142857,0.8412698412698413,0.32919254658385094,0.5144866066526549,0.0028677946659019216,0.9971322053340981,0.017269736842105265,2.741228070175439,,,
selectivestream_r01_20261011,selectivestream_r01_20261011_offline_v2,pooled_snapshot,33,learned_benefit,0.5,0,2,True,1,7d9f854cbdcbb6d8bc7ac3b7678b6b3ea84f14211b064f2f31d80a31f7ef86bd,128,3648,0.44435307017543857,0.31324109895854035,278.0797720033661,587.0549769997524,265.63306500065664,1142.7035290007552,161,53,3477,10,108,0.5777985583155273,0.9066069714128966,0.4732142857142857,0.8412698412698413,0.32919254658385094,0.5144866066526549,0.0028677946659019216,0.9971322053340981,0.017269736842105265,2.741228070175439,,,
selectivestream_r01_20261011,selectivestream_r01_20261011_offline_v2,pooled_snapshot,33,learned_benefit,0.75,0,0,True,1,d9637b9eb90edfeb80748cb4cfe2026c7683c0448d51f1dce70d69e8acaa1998,128,3648,0.8497807017543859,0.45421421929740535,274.34755800004496,1057.4321979984234,313.257990999773,1656.9734719969347,161,53,3477,10,108,0.5769006944661716,0.9127005897682073,0.4732142857142857,0.8412698412698413,0.32919254658385094,0.5144866066526549,0.0028677946659019216,0.9971322053340981,0.017269736842105265,2.741228070175439,,,
selectivestream_r01_20261011,selectivestream_r01_20261011_offline_v2,pooled_snapshot,33,learned_benefit,0.75,0,1,True,1,d9637b9eb90edfeb80748cb4cfe2026c7683c0448d51f1dce70d69e8acaa1998,128,3648,0.8497807017543859,0.4593363070166122,274.57355899878166,1072.6466560008703,316.90866299777554,1675.6588479966013,161,53,3477,10,108,0.5769006944661716,0.9127005897682073,0.4732142857142857,0.8412698412698413,0.32919254658385094,0.5144866066526549,0.0028677946659019216,0.9971322053340981,0.017269736842105265,2.741228070175439,,,
selectivestream_r01_20261011,selectivestream_r01_20261011_offline_v2,pooled_snapshot,33,learned_benefit,0.75,0,2,True,1,d9637b9eb90edfeb80748cb4cfe2026c7683c0448d51f1dce70d69e8acaa1998,128,3648,0.8497807017543859,0.47712242242376013,286.6611620011099,1116.0579569987021,325.2929670015874,1740.5425970018769,161,53,3477,10,108,0.5769006944661716,0.9127005897682073,0.4732142857142857,0.8412698412698413,0.32919254658385094,0.5144866066526549,0.0028677946659019216,0.9971322053340981,0.017269736842105265,2.741228070175439,,,
selectivestream_r01_20261011,selectivestream_r01_20261011_offline_v2,pooled_snapshot,33,learned_benefit,1.0,0,0,True,1,57194536004d52f6917f5fbeffc99c69599f248d1216e1d8c0be40657dfe5350,128,3648,1.0,0.5382472242321986,291.8851750000613,1327.5853899986032,331.6047529933712,1963.5258739990604,161,53,3477,10,108,0.5675018305828173,0.9135253033895196,0.4732142857142857,0.8412698412698413,0.32919254658385094,0.5144866066526549,0.0028677946659019216,0.9971322053340981,0.017269736842105265,2.741228070175439,,,
selectivestream_r01_20261011,selectivestream_r01_20261011_offline_v2,pooled_snapshot,33,learned_benefit,1.0,0,1,True,1,57194536004d52f6917f5fbeffc99c69599f248d1216e1d8c0be40657dfe5350,128,3648,1.0,0.5343542001100874,308.0522830014161,1288.956546002737,339.8318740019022,1949.3241220015989,161,53,3477,10,108,0.5675018305828173,0.9135253033895196,0.4732142857142857,0.8412698412698413,0.32919254658385094,0.5144866066526549,0.0028677946659019216,0.9971322053340981,0.017269736842105265,2.741228070175439,,,
selectivestream_r01_20261011,selectivestream_r01_20261011_offline_v2,pooled_snapshot,33,learned_benefit,1.0,0,2,True,1,57194536004d52f6917f5fbeffc99c69599f248d1216e1d8c0be40657dfe5350,128,3648,1.0,0.52368026617363,299.85037999904307,1246.7797749986858,351.8035039996903,1910.3856110014021,161,53,3477,10,108,0.5675018305828173,0.9135253033895196,0.4732142857142857,0.8412698412698413,0.32919254658385094,0.5144866066526549,0.0028677946659019216,0.9971322053340981,0.017269736842105265,2.741228070175439,,,
selectivestream_r01_20261011,selectivestream_r01_20261011_offline_v2,pooled_snapshot,44,margin,0.0,0,0,True,1,929994359c6c2a2cdb0dcf874728c5249a549186284758bcb6ce18aff854b8f7,128,3648,0.0,0.07994006743472894,284.06243200061,0.17119899621320656,0.06144399958429858,291.62136600189115,161,63,3462,25,98,0.5424532812172829,0.9031798677251976,0.5060240963855421,0.7159090909090909,0.391304347826087,0.5142286847828247,0.007169486664754803,0.9928305133352452,0.02412280701754386,6.853070175438597,,,
selectivestream_r01_20261011,selectivestream_r01_20261011_offline_v2,pooled_snapshot,44,margin,0.0,0,1,True,1,929994359c6c2a2cdb0dcf874728c5249a549186284758bcb6ce18aff854b8f7,128,3648,0.0,0.07731088733489662,274.54788299928623,0.1636159968256834,0.05959699956292752,282.03011699770286,161,63,3462,25,98,0.5424532812172829,0.9031798677251976,0.5060240963855421,0.7159090909090909,0.391304347826087,0.5142286847828247,0.007169486664754803,0.9928305133352452,0.02412280701754386,6.853070175438597,,,
selectivestream_r01_20261011,selectivestream_r01_20261011_offline_v2,pooled_snapshot,44,margin,0.0,0,2,True,1,929994359c6c2a2cdb0dcf874728c5249a549186284758bcb6ce18aff854b8f7,128,3648,0.0,0.07055066913383862,249.59487300202454,0.18084899966197554,0.06741599918314023,257.36884100024326,161,63,3462,25,98,0.5424532812172829,0.9031798677251976,0.5060240963855421,0.7159090909090909,0.391304347826087,0.5142286847828247,0.007169486664754803,0.9928305133352452,0.02412280701754386,6.853070175438597,,,
selectivestream_r01_20261011,selectivestream_r01_20261011_offline_v2,pooled_snapshot,44,margin,0.1,0,0,True,1,4caf29e52a3d69c0bc9aac6669bb9092bd6028532292e275ba0964827e7b10d7,128,3648,0.06030701754385965,0.1499754492872478,240.70977800147375,82.65725000092061,216.1571940032445,547.11043899988,161,94,3426,61,67,0.5659688107962568,0.8991827675821642,0.5949367088607594,0.6064516129032258,0.5838509316770186,0.5767191030201112,0.01749354746200172,0.9825064525379983,0.0424890350877193,16.721491228070175,,,
selectivestream_r01_20261011,selectivestream_r01_20261011_offline_v2,pooled_snapshot,44,margin,0.1,0,1,True,1,4caf29e52a3d69c0bc9aac6669bb9092bd6028532292e275ba0964827e7b10d7,128,3648,0.06030701754385965,0.13479412143724084,212.09022000039113,87.87811699949089,184.12679499760998,491.7289550030546,161,94,3426,61,67,0.5659688107962568,0.8991827675821642,0.5949367088607594,0.6064516129032258,0.5838509316770186,0.5767191030201112,0.01749354746200172,0.9825064525379983,0.0424890350877193,16.721491228070175,,,
selectivestream_r01_20261011,selectivestream_r01_20261011_offline_v2,pooled_snapshot,44,margin,0.1,0,2,True,1,4caf29e52a3d69c0bc9aac6669bb9092bd6028532292e275ba0964827e7b10d7,128,3648,0.06030701754385965,0.13959453837748315,221.00995300388604,89.68252899921936,191.13266700242093,509.2408760010585,161,94,3426,61,67,0.5659688107962568,0.8991827675821642,0.5949367088607594,0.6064516129032258,0.5838509316770186,0.5767191030201112,0.01749354746200172,0.9825064525379983,0.0424890350877193,16.721491228070175,,,
selectivestream_r01_20261011,selectivestream_r01_20261011_offline_v2,pooled_snapshot,44,margin,0.25,0,0,True,1,60efbe317e328fc749c7d2e9f9f0107965d4d8762fcc2e55701de6eff765db10,128,3648,0.17790570175438597,0.20465062554869587,249.27238100099203,279.5638749967111,210.03656100128865,746.5654820016425,161,94,3422,65,67,0.5656655271380738,0.8985807088262169,0.5875,0.5911949685534591,0.5838509316770186,0.5685909022759839,0.01864066532836249,0.9813593346716375,0.04358552631578947,17.81798245614035,,1.0917432180512776e-07,0.0
selectivestream_r01_20261011,selectivestream_r01_20261011_offline_v2,pooled_snapshot,44,margin,0.25,0,1,True,1,60efbe317e328fc749c7d2e9f9f0107965d4d8762fcc2e55701de6eff765db10,128,3648,0.17790570175438597,0.21110786622800828,262.45323800139886,277.1171169997615,223.15592800259765,770.1214959997742,161,94,3422,65,67,0.5656655271380738,0.8985807088262169,0.5875,0.5911949685534591,0.5838509316770186,0.5685909022759839,0.01864066532836249,0.9813593346716375,0.04358552631578947,17.81798245614035,,1.0917432180512776e-07,0.0
selectivestream_r01_20261011,selectivestream_r01_20261011_offline_v2,pooled_snapshot,44,margin,0.25,0,2,True,1,60efbe317e328fc749c7d2e9f9f0107965d4d8762fcc2e55701de6eff765db10,128,3648,0.17790570175438597,0.22612787171158688,294.53105900211085,262.83047900051315,259.89523000043846,824.9144760038689,161,94,3422,65,67,0.5656655271380738,0.8985807088262169,0.5875,0.5911949685534591,0.5838509316770186,0.5685909022759839,0.01864066532836249,0.9813593346716375,0.04358552631578947,17.81798245614035,,1.0917432180512776e-07,0.0
selectivestream_r01_20261011,selectivestream_r01_20261011_offline_v2,pooled_snapshot,44,margin,0.5,0,0,True,1,b64642d8597ca162f199b86804d370b01b69b5dfa010a6855d58ce643cad2f2f,128,3648,0.46902412280701755,0.3396959100874192,265.44972399733524,684.7476560005816,281.477540999731,1239.210679998905,161,94,3422,65,67,0.5676830052046278,0.8985575527202191,0.5875,0.5911949685534591,0.5838509316770186,0.5685909022759839,0.01864066532836249,0.9813593346716375,0.04358552631578947,17.81798245614035,,,
selectivestream_r01_20261011,selectivestream_r01_20261011_offline_v2,pooled_snapshot,44,margin,0.5,0,1,True,1,b64642d8597ca162f199b86804d370b01b69b5dfa010a6855d58ce643cad2f2f,128,3648,0.46902412280701755,0.34952672944062835,306.82679399706103,658.5875889995805,301.8523980026657,1275.0735089994123,161,94,3422,65,67,0.5676830052046278,0.8985575527202191,0.5875,0.5911949685534591,0.5838509316770186,0.5685909022759839,0.01864066532836249,0.9813593346716375,0.04358552631578947,17.81798245614035,,,
selectivestream_r01_20261011,selectivestream_r01_20261011_offline_v2,pooled_snapshot,44,margin,0.5,0,2,True,1,b64642d8597ca162f199b86804d370b01b69b5dfa010a6855d58ce643cad2f2f,128,3648,0.46902412280701755,0.35605299095433757,300.9674670011009,685.5062760005239,304.858336999132,1298.8813110014235,161,94,3422,65,67,0.5676830052046278,0.8985575527202191,0.5875,0.5911949685534591,0.5838509316770186,0.5685909022759839,0.01864066532836249,0.9813593346716375,0.04358552631578947,17.81798245614035,,,
selectivestream_r01_20261011,selectivestream_r01_20261011_offline_v2,pooled_snapshot,44,margin,0.75,0,0,True,1,2f6db82b07abac34d1f648b2f0a27efa64690907925a39f75d14d4ead14b385d,128,3648,0.7680921052631579,0.48013206277381304,302.2327690014208,1101.334726998175,340.0983070041548,1751.52176499887,161,94,3421,66,67,0.603982956852926,0.901535784199342,0.5856697819314641,0.5875,0.5838509316770186,0.5666048834505479,0.01892744479495268,0.9810725552050473,0.043859649122807015,18.092105263157894,,,
selectivestream_r01_20261011,selectivestream_r01_20261011_offline_v2,pooled_snapshot,44,margin,0.75,0,1,True,1,2f6db82b07abac34d1f648b2f0a27efa64690907925a39f75d14d4ead14b385d,128,3648,0.7680921052631579,0.47766591200614356,301.70949500188726,1090.4150640017178,342.6090529974317,1742.5252469984116,161,94,3421,66,67,0.603982956852926,0.901535784199342,0.5856697819314641,0.5875,0.5838509316770186,0.5666048834505479,0.01892744479495268,0.9810725552050473,0.043859649122807015,18.092105263157894,,,
selectivestream_r01_20261011,selectivestream_r01_20261011_offline_v2,pooled_snapshot,44,margin,0.75,0,2,True,1,2f6db82b07abac34d1f648b2f0a27efa64690907925a39f75d14d4ead14b385d,128,3648,0.7680921052631579,0.47511273903498014,299.4500179993338,1087.4524849978116,338.6087239969129,1733.2112719996076,161,94,3421,66,67,0.603982956852926,0.901535784199342,0.5856697819314641,0.5875,0.5838509316770186,0.5666048834505479,0.01892744479495268,0.9810725552050473,0.043859649122807015,18.092105263157894,,,
selectivestream_r01_20261011,selectivestream_r01_20261011_offline_v2,pooled_snapshot,44,margin,1.0,0,0,True,1,03be4f39841a6b92f1021bdde17be4a610403bda66dbd37dcb25267bf48d44cb,128,3648,1.0,0.5989983717107973,303.1871020029939,1516.9178750038554,356.975900002908,2185.1460600009887,161,94,3421,66,67,0.6046629206533882,0.9074762160072817,0.5856697819314641,0.5875,0.5838509316770186,0.5666048834505479,0.01892744479495268,0.9810725552050473,0.043859649122807015,18.092105263157894,,,
selectivestream_r01_20261011,selectivestream_r01_20261011_offline_v2,pooled_snapshot,44,margin,1.0,0,1,True,1,03be4f39841a6b92f1021bdde17be4a610403bda66dbd37dcb25267bf48d44cb,128,3648,1.0,0.5665298925443969,300.09092400086956,1404.9029199968572,353.90645600091375,2066.70104800196,161,94,3421,66,67,0.6046629206533882,0.9074762160072817,0.5856697819314641,0.5875,0.5838509316770186,0.5666048834505479,0.01892744479495268,0.9810725552050473,0.043859649122807015,18.092105263157894,,,
selectivestream_r01_20261011,selectivestream_r01_20261011_offline_v2,pooled_snapshot,44,margin,1.0,0,2,True,1,03be4f39841a6b92f1021bdde17be4a610403bda66dbd37dcb25267bf48d44cb,128,3648,1.0,0.5777462930370204,309.8597720008911,1415.595769995889,374.39130499842577,2107.6184769990505,161,94,3421,66,67,0.6046629206533882,0.9074762160072817,0.5856697819314641,0.5875,0.5838509316770186,0.5666048834505479,0.01892744479495268,0.9810725552050473,0.043859649122807015,18.092105263157894,,,
selectivestream_r01_20261011,selectivestream_r01_20261011_offline_v2,pooled_snapshot,44,entropy,0.0,0,0,True,1,9a33320f84f7f9459c852feeb091f671b6204f434efd6991fb46079253406339,128,3648,0.0,0.08357350219262914,288.3737159991142,0.1657229968259344,0.06273799954215065,304.8761359987111,161,63,3462,25,98,0.5424532812172829,0.9031798677251976,0.5060240963855421,0.7159090909090909,0.391304347826087,0.5142286847828247,0.007169486664754803,0.9928305133352452,0.02412280701754386,6.853070175438597,,,
selectivestream_r01_20261011,selectivestream_r01_20261011_offline_v2,pooled_snapshot,44,entropy,0.0,0,1,True,1,9a33320f84f7f9459c852feeb091f671b6204f434efd6991fb46079253406339,128,3648,0.0,0.08411680619546084,290.43177800031117,0.15871599953243276,0.05904800036660163,306.85810900104116,161,63,3462,25,98,0.5424532812172829,0.9031798677251976,0.5060240963855421,0.7159090909090909,0.391304347826087,0.5142286847828247,0.007169486664754803,0.9928305133352452,0.02412280701754386,6.853070175438597,,,
selectivestream_r01_20261011,selectivestream_r01_20261011_offline_v2,pooled_snapshot,44,entropy,0.0,0,2,True,1,9a33320f84f7f9459c852feeb091f671b6204f434efd6991fb46079253406339,128,3648,0.0,0.07487465899153153,257.03180599793995,0.1449919982405845,0.06463399768108502,273.14275600110705,161,63,3462,25,98,0.5424532812172829,0.9031798677251976,0.5060240963855421,0.7159090909090909,0.391304347826087,0.5142286847828247,0.007169486664754803,0.9928305133352452,0.02412280701754386,6.853070175438597,,,
selectivestream_r01_20261011,selectivestream_r01_20261011_offline_v2,pooled_snapshot,44,entropy,0.1,0,0,True,1,7695f3db88d4df3175073edca0f06d030a498ca2beaf2580d721f95a091886e5,128,3648,0.05975877192982456,0.14695607456030357,240.83934799909912,84.81943300193961,194.06676499875175,536.0957599959875,161,94,3426,61,67,0.5661424566922029,0.8991863300600099,0.5949367088607594,0.6064516129032258,0.5838509316770186,0.5767191030201112,0.01749354746200172,0.9825064525379983,0.0424890350877193,16.721491228070175,,,
selectivestream_r01_20261011,selectivestream_r01_20261011_offline_v2,pooled_snapshot,44,entropy,0.1,0,1,True,1,7695f3db88d4df3175073edca0f06d030a498ca2beaf2580d721f95a091886e5,128,3648,0.05975877192982456,0.13683923876054419,215.05319899733877,85.17995400234213,181.94589599625033,499.1895429984652,161,94,3426,61,67,0.5661424566922029,0.8991863300600099,0.5949367088607594,0.6064516129032258,0.5838509316770186,0.5767191030201112,0.01749354746200172,0.9825064525379983,0.0424890350877193,16.721491228070175,,,
selectivestream_r01_20261011,selectivestream_r01_20261011_offline_v2,pooled_snapshot,44,entropy,0.1,0,2,True,1,7695f3db88d4df3175073edca0f06d030a498ca2beaf2580d721f95a091886e5,128,3648,0.05975877192982456,0.1345533078402165,215.28731300168147,79.9257899980148,179.3875460007257,490.8504670011098,161,94,3426,61,67,0.5661424566922029,0.8991863300600099,0.5949367088607594,0.6064516129032258,0.5838509316770186,0.5767191030201112,0.01749354746200172,0.9825064525379983,0.0424890350877193,16.721491228070175,,,
selectivestream_r01_20261011,selectivestream_r01_20261011_offline_v2,pooled_snapshot,44,entropy,0.25,0,0,True,1,76b895f6ae6bdab849209058b600013693368c062dd352b6e66ae6f43dbdfa8c,128,3648,0.18393640350877194,0.1936065531804899,222.78131100210885,266.5144260017769,200.94796899957146,706.2767060024271,161,94,3422,65,67,0.56552724726168,0.8993395166073811,0.5875,0.5911949685534591,0.5838509316770186,0.5685909022759839,0.01864066532836249,0.9813593346716375,0.04358552631578947,17.81798245614035,,,
selectivestream_r01_20261011,selectivestream_r01_20261011_offline_v2,pooled_snapshot,44,entropy,0.25,0,1,True,1,76b895f6ae6bdab849209058b600013693368c062dd352b6e66ae6f43dbdfa8c,128,3648,0.18393640350877194,0.21217828947403392,259.44253300167475,274.3853699994361,223.82111199840438,774.0264000012758,161,94,3422,65,67,0.56552724726168,0.8993395166073811,0.5875,0.5911949685534591,0.5838509316770186,0.5685909022759839,0.01864066532836249,0.9813593346716375,0.04358552631578947,17.81798245614035,,,
selectivestream_r01_20261011,selectivestream_r01_20261011_offline_v2,pooled_snapshot,44,entropy,0.25,0,2,True,1,76b895f6ae6bdab849209058b600013693368c062dd352b6e66ae6f43dbdfa8c,128,3648,0.18393640350877194,0.2106263736306988,259.931844001585,275.437483001042,216.7077629992491,768.3650110047893,161,94,3422,65,67,0.56552724726168,0.8993395166073811,0.5875,0.5911949685534591,0.5838509316770186,0.5685909022759839,0.01864066532836249,0.9813593346716375,0.04358552631578947,17.81798245614035,,,
selectivestream_r01_20261011,selectivestream_r01_20261011_offline_v2,pooled_snapshot,44,entropy,0.5,0,0,True,1,fe600495c43514fcee97895323c1cfeecce19203b5be6c2d71f0a2c68561699a,128,3648,0.4920504385964912,0.3486273623904305,272.6913560009052,693.3022359989991,289.2830459995821,1271.7926180002905,161,94,3422,65,67,0.567128630070037,0.8959551626538322,0.5875,0.5911949685534591,0.5838509316770186,0.5685909022759839,0.01864066532836249,0.9813593346716375,0.04358552631578947,17.81798245614035,,,
selectivestream_r01_20261011,selectivestream_r01_20261011_offline_v2,pooled_snapshot,44,entropy,0.5,0,1,True,1,fe600495c43514fcee97895323c1cfeecce19203b5be6c2d71f0a2c68561699a,128,3648,0.4920504385964912,0.34876372478047296,274.44769199701113,703.1135139977778,278.05922100287717,1272.2900679991653,161,94,3422,65,67,0.567128630070037,0.8959551626538322,0.5875,0.5911949685534591,0.5838509316770186,0.5685909022759839,0.01864066532836249,0.9813593346716375,0.04358552631578947,17.81798245614035,,,
selectivestream_r01_20261011,selectivestream_r01_20261011_offline_v2,pooled_snapshot,44,entropy,0.5,0,2,True,1,fe600495c43514fcee97895323c1cfeecce19203b5be6c2d71f0a2c68561699a,128,3648,0.4920504385964912,0.3568438656782391,282.9787509954258,732.6682010034347,268.69427600104245,1301.7664219942162,161,94,3422,65,67,0.567128630070037,0.8959551626538322,0.5875,0.5911949685534591,0.5838509316770186,0.5685909022759839,0.01864066532836249,0.9813593346716375,0.04358552631578947,17.81798245614035,,,
selectivestream_r01_20261011,selectivestream_r01_20261011_offline_v2,pooled_snapshot,44,entropy,0.75,0,0,True,1,b96ab80331d2daa9e21765cb25ab44ca7e7cbfa47ed80c1f3828303ade160a81,128,3648,0.8004385964912281,0.4819494457230053,294.12491499715543,1117.2343570005978,330.12135099943407,1758.1515779975234,161,94,3421,66,67,0.5662631075469459,0.9025599965800213,0.5856697819314641,0.5875,0.5838509316770186,0.5666048834505479,0.01892744479495268,0.9810725552050473,0.043859649122807015,18.092105263157894,,,
selectivestream_r01_20261011,selectivestream_r01_20261011_offline_v2,pooled_snapshot,44,entropy,0.75,0,1,True,1,b96ab80331d2daa9e21765cb25ab44ca7e7cbfa47ed80c1f3828303ade160a81,128,3648,0.8004385964912281,0.4860358319619532,299.4906769999943,1122.6281399985965,334.4404960007523,1773.0587149972052,161,94,3421,66,67,0.5662631075469459,0.9025599965800213,0.5856697819314641,0.5875,0.5838509316770186,0.5666048834505479,0.01892744479495268,0.9810725552050473,0.043859649122807015,18.092105263157894,,,
selectivestream_r01_20261011,selectivestream_r01_20261011_offline_v2,pooled_snapshot,44,entropy,0.75,0,2,True,1,b96ab80331d2daa9e21765cb25ab44ca7e7cbfa47ed80c1f3828303ade160a81,128,3648,0.8004385964912281,0.4812668470391831,294.4877109994195,1109.2124070000864,335.37614600300003,1755.66145799894,161,94,3421,66,67,0.5662631075469459,0.9025599965800213,0.5856697819314641,0.5875,0.5838509316770186,0.5666048834505479,0.01892744479495268,0.9810725552050473,0.043859649122807015,18.092105263157894,,,
selectivestream_r01_20261011,selectivestream_r01_20261011_offline_v2,pooled_snapshot,44,entropy,1.0,0,0,True,1,dbb1942e1601e10b5699fb31b6f29edf90e041158a36fe3168d2918604ec3548,128,3648,1.0,0.5642185693529842,293.73690099873784,1399.3653239995183,348.5397609993015,2058.2693409996864,161,94,3421,66,67,0.6046629206533882,0.9074762160072817,0.5856697819314641,0.5875,0.5838509316770186,0.5666048834505479,0.01892744479495268,0.9810725552050473,0.043859649122807015,18.092105263157894,,,
selectivestream_r01_20261011,selectivestream_r01_20261011_offline_v2,pooled_snapshot,44,entropy,1.0,0,1,True,1,dbb1942e1601e10b5699fb31b6f29edf90e041158a36fe3168d2918604ec3548,128,3648,1.0,0.5532645816882957,284.3919930028278,1382.6427570002124,333.781352997903,2018.3091939989026,161,94,3421,66,67,0.6046629206533882,0.9074762160072817,0.5856697819314641,0.5875,0.5838509316770186,0.5666048834505479,0.01892744479495268,0.9810725552050473,0.043859649122807015,18.092105263157894,,,
selectivestream_r01_20261011,selectivestream_r01_20261011_offline_v2,pooled_snapshot,44,entropy,1.0,0,2,True,1,dbb1942e1601e10b5699fb31b6f29edf90e041158a36fe3168d2918604ec3548,128,3648,1.0,0.5616952061412225,293.86327600059303,1386.4831200007757,351.97838099611545,2049.0641120031796,161,94,3421,66,67,0.6046629206533882,0.9074762160072817,0.5856697819314641,0.5875,0.5838509316770186,0.5666048834505479,0.01892744479495268,0.9810725552050473,0.043859649122807015,18.092105263157894,,,
selectivestream_r01_20261011,selectivestream_r01_20261011_offline_v2,pooled_snapshot,44,random,0.0,0,0,True,1,9bf8acd42b795595a87a3fae199695598bb58689d13e5199ad8990d27b710723,128,3648,0.0,0.07720434704052431,277.68468300382665,0.2137890005542431,0.07194699992396636,281.64145800383267,161,63,3462,25,98,0.5424532812172829,0.9031798677251976,0.5060240963855421,0.7159090909090909,0.391304347826087,0.5142286847828247,0.007169486664754803,0.9928305133352452,0.02412280701754386,6.853070175438597,,,
selectivestream_r01_20261011,selectivestream_r01_20261011_offline_v2,pooled_snapshot,44,random,0.0,0,1,True,1,9bf8acd42b795595a87a3fae199695598bb58689d13e5199ad8990d27b710723,128,3648,0.0,0.078259735197275,281.6899680046845,0.19444699864834547,0.0683940015733242,285.4915139996592,161,63,3462,25,98,0.5424532812172829,0.9031798677251976,0.5060240963855421,0.7159090909090909,0.391304347826087,0.5142286847828247,0.007169486664754803,0.9928305133352452,0.02412280701754386,6.853070175438597,,,
selectivestream_r01_20261011,selectivestream_r01_20261011_offline_v2,pooled_snapshot,44,random,0.0,0,2,True,1,9bf8acd42b795595a87a3fae199695598bb58689d13e5199ad8990d27b710723,128,3648,0.0,0.062086419133247785,222.367576000579,0.21053199816378765,0.07918399933259934,226.49125699808792,161,63,3462,25,98,0.5424532812172829,0.9031798677251976,0.5060240963855421,0.7159090909090909,0.391304347826087,0.5142286847828247,0.007169486664754803,0.9928305133352452,0.02412280701754386,6.853070175438597,,,
selectivestream_r01_20261011,selectivestream_r01_20261011_offline_v2,pooled_snapshot,44,random,0.1,0,0,True,1,88da77b541e0383ed974b08d5bbdc9000865e3c5fd5b4aea0073e69c1ad1cf7b,128,3648,0.0962171052631579,0.16309543037339194,223.79874499983998,164.85663800085604,202.44543500120926,594.9721300021338,161,100,3424,63,61,0.5405283057679537,0.9079785253835454,0.6172839506172839,0.6134969325153374,0.6211180124223602,0.5995117406018479,0.018067106395182105,0.981932893604818,0.04468201754385965,17.269736842105264,,,
selectivestream_r01_20261011,selectivestream_r01_20261011_offline_v2,pooled_snapshot,44,random,0.1,0,1,True,1,88da77b541e0383ed974b08d5bbdc9000865e3c5fd5b4aea0073e69c1ad1cf7b,128,3648,0.0962171052631579,0.1749094177634397,257.6905230007469,171.66595900016546,204.62090100045316,638.0695560010281,161,100,3424,63,61,0.5405283057679537,0.9079785253835454,0.6172839506172839,0.6134969325153374,0.6211180124223602,0.5995117406018479,0.018067106395182105,0.981932893604818,0.04468201754385965,17.269736842105264,,,
selectivestream_r01_20261011,selectivestream_r01_20261011_offline_v2,pooled_snapshot,44,random,0.1,0,2,True,1,88da77b541e0383ed974b08d5bbdc9000865e3c5fd5b4aea0073e69c1ad1cf7b,128,3648,0.0962171052631579,0.17260985553746833,256.9194130001051,162.98946799906844,205.96975199987355,629.6807530006845,161,100,3424,63,61,0.5405283057679537,0.9079785253835454,0.6172839506172839,0.6134969325153374,0.6211180124223602,0.5995117406018479,0.018067106395182105,0.981932893604818,0.04468201754385965,17.269736842105264,,,
selectivestream_r01_20261011,selectivestream_r01_20261011_offline_v2,pooled_snapshot,44,random,0.25,0,0,True,1,5a2736cebac5f1d26dd7b2a9243695c68dbdfe0af2db713ebcfff76f581877d2,128,3648,0.25274122807017546,0.2379367415015989,266.29709000280855,372.52702999921894,225.33360200213792,867.9932329978328,161,96,3429,58,65,0.5385229366055045,0.9018341417189312,0.6095238095238096,0.6233766233766234,0.5962732919254659,0.5920733465508895,0.016633209062231143,0.9833667909377689,0.042214912280701754,15.899122807017545,,,
selectivestream_r01_20261011,selectivestream_r01_20261011_offline_v2,pooled_snapshot,44,random,0.25,0,1,True,1,5a2736cebac5f1d26dd7b2a9243695c68dbdfe0af2db713ebcfff76f581877d2,128,3648,0.25274122807017546,0.2474445901865246,291.41823799818667,367.08122200161597,240.42521599858446,902.6778650004417,161,96,3429,58,65,0.5385229366055045,0.9018341417189312,0.6095238095238096,0.6233766233766234,0.5962732919254659,0.5920733465508895,0.016633209062231143,0.9833667909377689,0.042214912280701754,15.899122807017545,,,
selectivestream_r01_20261011,selectivestream_r01_20261011_offline_v2,pooled_snapshot,44,random,0.25,0,2,True,1,5a2736cebac5f1d26dd7b2a9243695c68dbdfe0af2db713ebcfff76f581877d2,128,3648,0.25274122807017546,0.2425719728617886,280.4724090010495,360.93029199582816,239.7673190016576,884.9025569998048,161,96,3429,58,65,0.5385229366055045,0.9018341417189312,0.6095238095238096,0.6233766233766234,0.5962732919254659,0.5920733465508895,0.016633209062231143,0.9833667909377689,0.042214912280701754,15.899122807017545,,,
selectivestream_r01_20261011,selectivestream_r01_20261011_offline_v2,pooled_snapshot,44,random,0.5,0,0,True,1,cc4644317ee0416d2cf7754b8693d7f411574d7eb43b87973fa69afee2a0282c,128,3648,0.4942434210526316,0.3500478911731582,283.20865699970454,699.8234739967302,290.20709399901534,1276.974706999681,161,96,3421,66,65,0.5663584140372301,0.9100607936844394,0.5944272445820433,0.5925925925925926,0.5962732919254659,0.5756437044047567,0.01892744479495268,0.9810725552050473,0.044407894736842105,18.092105263157894,,,
selectivestream_r01_20261011,selectivestream_r01_20261011_offline_v2,pooled_snapshot,44,random,0.5,0,1,True,1,cc4644317ee0416d2cf7754b8693d7f411574d7eb43b87973fa69afee2a0282c,128,3648,0.4942434210526316,0.3483318711631542,286.8233170011081,685.391496000193,294.4427470019946,1270.7146660031867,161,96,3421,66,65,0.5663584140372301,0.9100607936844394,0.5944272445820433,0.5925925925925926,0.5962732919254659,0.5756437044047567,0.01892744479495268,0.9810725552050473,0.044407894736842105,18.092105263157894,,,
selectivestream_r01_20261011,selectivestream_r01_20261011_offline_v2,pooled_snapshot,44,random,0.5,0,2,True,1,cc4644317ee0416d2cf7754b8693d7f411574d7eb43b87973fa69afee2a0282c,128,3648,0.4942434210526316,0.34833187993449266,283.0412299990712,704.6092000000499,279.28026499466796,1270.7146980010293,161,96,3421,66,65,0.5663584140372301,0.9100607936844394,0.5944272445820433,0.5925925925925926,0.5962732919254659,0.5756437044047567,0.01892744479495268,0.9810725552050473,0.044407894736842105,18.092105263157894,,,
selectivestream_r01_20261011,selectivestream_r01_20261011_offline_v2,pooled_snapshot,44,random,0.75,0,0,True,1,71e8555424d9b06a275d80f169ee5c8b56437dd7a71e2dada97fc8ad15454ef1,128,3648,0.7404057017543859,0.45288169435190884,288.69520299576834,1024.1980089995195,335.4172629979075,1652.1124209957634,161,93,3421,66,68,0.5836239540687781,0.9163556920380402,0.58125,0.5849056603773585,0.577639751552795,0.5620540770860207,0.01892744479495268,0.9810725552050473,0.04358552631578947,18.092105263157894,,,
selectivestream_r01_20261011,selectivestream_r01_20261011_offline_v2,pooled_snapshot,44,random,0.75,0,1,True,1,71e8555424d9b06a275d80f169ee5c8b56437dd7a71e2dada97fc8ad15454ef1,128,3648,0.7404057017543859,0.45948391118450244,296.7607790023976,1042.3267929982103,333.26343999942765,1676.1973080010648,161,93,3421,66,68,0.5836239540687781,0.9163556920380402,0.58125,0.5849056603773585,0.577639751552795,0.5620540770860207,0.01892744479495268,0.9810725552050473,0.04358552631578947,18.092105263157894,,,
selectivestream_r01_20261011,selectivestream_r01_20261011_offline_v2,pooled_snapshot,44,random,0.75,0,2,True,1,71e8555424d9b06a275d80f169ee5c8b56437dd7a71e2dada97fc8ad15454ef1,128,3648,0.7404057017543859,0.45424083552696876,286.1750520005444,1045.2169770051114,321.61362699844176,1657.070568002382,161,93,3421,66,68,0.5836239540687781,0.9163556920380402,0.58125,0.5849056603773585,0.577639751552795,0.5620540770860207,0.01892744479495268,0.9810725552050473,0.04358552631578947,18.092105263157894,,,
selectivestream_r01_20261011,selectivestream_r01_20261011_offline_v2,pooled_snapshot,44,random,1.0,0,0,True,1,f92fc43022a161f479494f5c12c103164e9ec82733a85a948aa8839ab467420b,128,3648,1.0,0.5787364479171505,296.8562239993844,1464.9863139984518,345.32846999991307,2111.230562001765,161,94,3421,66,67,0.6046629206533882,0.9074762160072817,0.5856697819314641,0.5875,0.5838509316770186,0.5666048834505479,0.01892744479495268,0.9810725552050473,0.043859649122807015,18.092105263157894,,,
selectivestream_r01_20261011,selectivestream_r01_20261011_offline_v2,pooled_snapshot,44,random,1.0,0,1,True,1,f92fc43022a161f479494f5c12c103164e9ec82733a85a948aa8839ab467420b,128,3648,1.0,0.5625128544410105,304.3395230015449,1387.8232090009988,355.9650250008417,2052.0468930008064,161,94,3421,66,67,0.6046629206533882,0.9074762160072817,0.5856697819314641,0.5875,0.5838509316770186,0.5666048834505479,0.01892744479495268,0.9810725552050473,0.043859649122807015,18.092105263157894,,,
selectivestream_r01_20261011,selectivestream_r01_20261011_offline_v2,pooled_snapshot,44,random,1.0,0,2,True,1,f92fc43022a161f479494f5c12c103164e9ec82733a85a948aa8839ab467420b,128,3648,1.0,0.5702346666668103,301.8312350041015,1406.923326998367,367.42634000438557,2080.216064000524,161,94,3421,66,67,0.6046629206533882,0.9074762160072817,0.5856697819314641,0.5875,0.5838509316770186,0.5666048834505479,0.01892744479495268,0.9810725552050473,0.043859649122807015,18.092105263157894,,,
selectivestream_r01_20261011,selectivestream_r01_20261011_offline_v2,pooled_snapshot,44,random,0.0,1,0,True,1,69c08d3789951a5ef6a0b19d755e20bf12650b1e3855cf03fbf4a6be2b44287c,128,3648,0.0,0.07939916557145273,285.69134800363827,0.20896799924230436,0.07254200045281323,289.64815600465954,161,63,3462,25,98,0.5424532812172829,0.9031798677251976,0.5060240963855421,0.7159090909090909,0.391304347826087,0.5142286847828247,0.007169486664754803,0.9928305133352452,0.02412280701754386,6.853070175438597,,,
selectivestream_r01_20261011,selectivestream_r01_20261011_offline_v2,pooled_snapshot,44,random,0.0,1,1,True,1,69c08d3789951a5ef6a0b19d755e20bf12650b1e3855cf03fbf4a6be2b44287c,128,3648,0.0,0.06801783305881895,244.41774200113286,0.17892599862534553,0.06642799871769967,248.12905499857152,161,63,3462,25,98,0.5424532812172829,0.9031798677251976,0.5060240963855421,0.7159090909090909,0.391304347826087,0.5142286847828247,0.007169486664754803,0.9928305133352452,0.02412280701754386,6.853070175438597,,,
selectivestream_r01_20261011,selectivestream_r01_20261011_offline_v2,pooled_snapshot,44,random,0.0,1,2,True,1,69c08d3789951a5ef6a0b19d755e20bf12650b1e3855cf03fbf4a6be2b44287c,128,3648,0.0,0.06346619490066611,227.7679300013915,0.17994600057136267,0.06718999793520197,231.52467899762996,161,63,3462,25,98,0.5424532812172829,0.9031798677251976,0.5060240963855421,0.7159090909090909,0.391304347826087,0.5142286847828247,0.007169486664754803,0.9928305133352452,0.02412280701754386,6.853070175438597,,,
selectivestream_r01_20261011,selectivestream_r01_20261011_offline_v2,pooled_snapshot,44,random,0.1,1,0,True,1,445e0b4e47e05ecee90cd03cd619f137bf85cbcb059738944b1ade506a191ef7,128,3648,0.08881578947368421,0.15008495394721522,215.5654450007205,141.4000099975965,186.94261900145648,547.5099119994411,161,100,3414,73,61,0.543163227866677,0.9018964850812335,0.5988023952095808,0.5780346820809249,0.6211180124223602,0.5799922978250698,0.020934901061084026,0.979065098938916,0.04742324561403509,20.010964912280702,,,
selectivestream_r01_20261011,selectivestream_r01_20261011_offline_v2,pooled_snapshot,44,random,0.1,1,1,True,1,445e0b4e47e05ecee90cd03cd619f137bf85cbcb059738944b1ade506a191ef7,128,3648,0.08881578947368421,0.14674102439596082,205.1463079988025,142.35800100595952,184.0017730010004,535.3112569964651,161,100,3414,73,61,0.543163227866677,0.9018964850812335,0.5988023952095808,0.5780346820809249,0.6211180124223602,0.5799922978250698,0.020934901061084026,0.979065098938916,0.04742324561403509,20.010964912280702,,,
selectivestream_r01_20261011,selectivestream_r01_20261011_offline_v2,pooled_snapshot,44,random,0.1,1,2,True,1,445e0b4e47e05ecee90cd03cd619f137bf85cbcb059738944b1ade506a191ef7,128,3648,0.08881578947368421,0.15146698437518535,225.4577120011163,140.71806599986303,182.55024400150432,552.5515590006762,161,100,3414,73,61,0.543163227866677,0.9018964850812335,0.5988023952095808,0.5780346820809249,0.6211180124223602,0.5799922978250698,0.020934901061084026,0.979065098938916,0.04742324561403509,20.010964912280702,,,
selectivestream_r01_20261011,selectivestream_r01_20261011_offline_v2,pooled_snapshot,44,random,0.25,1,0,True,1,651beae5ffa44031cdef55c99891eff3e7c10db1194df32100c378d34e6c2704,128,3648,0.25274122807017546,0.23694366118439103,258.13236600333767,366.6741990000446,235.76668199802953,864.3704760006585,161,97,3416,71,64,0.5579666124595506,0.9026615271986277,0.5896656534954408,0.5773809523809523,0.6024844720496895,0.5704393871596068,0.020361342127903644,0.9796386578720964,0.046052631578947366,19.462719298245613,,,
selectivestream_r01_20261011,selectivestream_r01_20261011_offline_v2,pooled_snapshot,44,random,0.25,1,1,True,1,651beae5ffa44031cdef55c99891eff3e7c10db1194df32100c378d34e6c2704,128,3648,0.25274122807017546,0.25099306524031073,269.2555999974502,403.05328799968265,239.19490599928395,915.6227019966536,161,97,3416,71,64,0.5579666124595506,0.9026615271986277,0.5896656534954408,0.5773809523809523,0.6024844720496895,0.5704393871596068,0.020361342127903644,0.9796386578720964,0.046052631578947366,19.462719298245613,,,
selectivestream_r01_20261011,selectivestream_r01_20261011_offline_v2,pooled_snapshot,44,random,0.25,1,2,True,1,651beae5ffa44031cdef55c99891eff3e7c10db1194df32100c378d34e6c2704,128,3648,0.25274122807017546,0.2561909550440022,296.44866899980116,388.64488499893923,245.45267799749126,934.5846040005199,161,97,3416,71,64,0.5579666124595506,0.9026615271986277,0.5896656534954408,0.5773809523809523,0.6024844720496895,0.5704393871596068,0.020361342127903644,0.9796386578720964,0.046052631578947366,19.462719298245613,,,
selectivestream_r01_20261011,selectivestream_r01_20261011_offline_v2,pooled_snapshot,44,random,0.5,1,0,True,1,36e15621e9336b6724dce7886b4e32b4df767660561c451d2c3f1da9ee9e8584,128,3648,0.5137061403508771,0.35965391063541574,283.2306050022453,745.5935929992847,279.35853399503685,1312.0174659979966,161,94,3421,66,67,0.5555089458992464,0.9015820964113379,0.5856697819314641,0.5875,0.5838509316770186,0.5666048834505479,0.01892744479495268,0.9810725552050473,0.043859649122807015,18.092105263157894,,,
selectivestream_r01_20261011,selectivestream_r01_20261011_offline_v2,pooled_snapshot,44,random,0.5,1,1,True,1,36e15621e9336b6724dce7886b4e32b4df767660561c451d2c3f1da9ee9e8584,128,3648,0.5137061403508771,0.35987402521828826,291.74678799699905,727.22877099568,289.92239000126574,1312.8204439963156,161,94,3421,66,67,0.5555089458992464,0.9015820964113379,0.5856697819314641,0.5875,0.5838509316770186,0.5666048834505479,0.01892744479495268,0.9810725552050473,0.043859649122807015,18.092105263157894,,,
selectivestream_r01_20261011,selectivestream_r01_20261011_offline_v2,pooled_snapshot,44,random,0.5,1,2,True,1,36e15621e9336b6724dce7886b4e32b4df767660561c451d2c3f1da9ee9e8584,128,3648,0.5137061403508771,0.35886116803677043,294.8556470000767,722.2066600006656,288.20372999689425,1309.1255409981386,161,94,3421,66,67,0.5555089458992464,0.9015820964113379,0.5856697819314641,0.5875,0.5838509316770186,0.5666048834505479,0.01892744479495268,0.9810725552050473,0.043859649122807015,18.092105263157894,,,
selectivestream_r01_20261011,selectivestream_r01_20261011_offline_v2,pooled_snapshot,44,random,0.75,1,0,True,1,06eb638ab758374235af3730173799c9df400066f27c458f8b29f9fdc960d739,128,3648,0.75,0.4612276927097606,282.04374100187124,1065.499127998919,331.12760199855984,1682.5586230052068,161,104,3408,79,57,0.5885110477983121,0.900532946685738,0.6046511627906976,0.5683060109289617,0.6459627329192547,0.5864943863833366,0.02265557786062518,0.9773444221393748,0.05016447368421053,21.655701754385966,,,
selectivestream_r01_20261011,selectivestream_r01_20261011_offline_v2,pooled_snapshot,44,random,0.75,1,1,True,1,06eb638ab758374235af3730173799c9df400066f27c458f8b29f9fdc960d739,128,3648,0.75,0.4689919788933538,298.6728550004045,1073.313601999871,334.9210690030304,1710.8827390029546,161,104,3408,79,57,0.5885110477983121,0.900532946685738,0.6046511627906976,0.5683060109289617,0.6459627329192547,0.5864943863833366,0.02265557786062518,0.9773444221393748,0.05016447368421053,21.655701754385966,,,
selectivestream_r01_20261011,selectivestream_r01_20261011_offline_v2,pooled_snapshot,44,random,0.75,1,2,True,1,06eb638ab758374235af3730173799c9df400066f27c458f8b29f9fdc960d739,128,3648,0.75,0.45543896244537974,288.3358800008864,1047.1146800018687,322.206357000141,1661.4413350007453,161,104,3408,79,57,0.5885110477983121,0.900532946685738,0.6046511627906976,0.5683060109289617,0.6459627329192547,0.5864943863833366,0.02265557786062518,0.9773444221393748,0.05016447368421053,21.655701754385966,,,
selectivestream_r01_20261011,selectivestream_r01_20261011_offline_v2,pooled_snapshot,44,random,1.0,1,0,True,1,772b90e90909f7c15d7179e1add6a76635a7a3e48f00ee53ea27f93643f56e12,128,3648,1.0,0.5509081877743994,279.5908890020655,1393.0805740019423,333.05149999796413,2009.713069001009,161,94,3421,66,67,0.6046629206533882,0.9074762160072817,0.5856697819314641,0.5875,0.5838509316770186,0.5666048834505479,0.01892744479495268,0.9810725552050473,0.043859649122807015,18.092105263157894,,,
selectivestream_r01_20261011,selectivestream_r01_20261011_offline_v2,pooled_snapshot,44,random,1.0,1,1,True,1,772b90e90909f7c15d7179e1add6a76635a7a3e48f00ee53ea27f93643f56e12,128,3648,1.0,0.5480672176535687,282.6523349976924,1376.4494200022455,336.40261300024576,1999.3492100002186,161,94,3421,66,67,0.6046629206533882,0.9074762160072817,0.5856697819314641,0.5875,0.5838509316770186,0.5666048834505479,0.01892744479495268,0.9810725552050473,0.043859649122807015,18.092105263157894,,,
selectivestream_r01_20261011,selectivestream_r01_20261011_offline_v2,pooled_snapshot,44,random,1.0,1,2,True,1,772b90e90909f7c15d7179e1add6a76635a7a3e48f00ee53ea27f93643f56e12,128,3648,1.0,0.5505430435859855,280.7440599990514,1392.3352719994,331.20731800227077,2008.3810230016752,161,94,3421,66,67,0.6046629206533882,0.9074762160072817,0.5856697819314641,0.5875,0.5838509316770186,0.5666048834505479,0.01892744479495268,0.9810725552050473,0.043859649122807015,18.092105263157894,,,
selectivestream_r01_20261011,selectivestream_r01_20261011_offline_v2,pooled_snapshot,44,random,0.0,2,0,True,1,a92a1b7537cd31a6921291a6acd7deee46a435d1fc08bcdaf33056ff0c94934f,128,3648,0.0,0.07639476946308789,274.57276200220804,0.21198200010985602,0.07260499660333153,278.6881190013446,161,63,3462,25,98,0.5424532812172829,0.9031798677251976,0.5060240963855421,0.7159090909090909,0.391304347826087,0.5142286847828247,0.007169486664754803,0.9928305133352452,0.02412280701754386,6.853070175438597,,,
selectivestream_r01_20261011,selectivestream_r01_20261011_offline_v2,pooled_snapshot,44,random,0.0,2,1,True,1,a92a1b7537cd31a6921291a6acd7deee46a435d1fc08bcdaf33056ff0c94934f,128,3648,0.0,0.07198599095409806,258.33716499619186,0.2062639987343573,0.08032499590626685,262.60489500054973,161,63,3462,25,98,0.5424532812172829,0.9031798677251976,0.5060240963855421,0.7159090909090909,0.391304347826087,0.5142286847828247,0.007169486664754803,0.9928305133352452,0.02412280701754386,6.853070175438597,,,
selectivestream_r01_20261011,selectivestream_r01_20261011_offline_v2,pooled_snapshot,44,random,0.0,2,2,True,1,a92a1b7537cd31a6921291a6acd7deee46a435d1fc08bcdaf33056ff0c94934f,128,3648,0.0,0.07092028179836793,254.83255900053337,0.18661100057215663,0.07076800011418527,258.7171880004462,161,63,3462,25,98,0.5424532812172829,0.9031798677251976,0.5060240963855421,0.7159090909090909,0.391304347826087,0.5142286847828247,0.007169486664754803,0.9928305133352452,0.02412280701754386,6.853070175438597,,,
selectivestream_r01_20261011,selectivestream_r01_20261011_offline_v2,pooled_snapshot,44,random,0.1,2,0,True,1,0579462cf3e002d55f0ce3184caa1a6dc48871b109682fbf9ad8fbb6b576becd,128,3648,0.10361842105263158,0.1751767206683964,256.3082440001381,174.77370899996458,204.09856599872,639.04467699831,161,62,3461,26,99,0.5388089129486223,0.9058018514197365,0.4979919678714859,0.7045454545454546,0.38509316770186336,0.5055300803290291,0.007456266131344996,0.992543733868655,0.02412280701754386,7.12719298245614,,,
selectivestream_r01_20261011,selectivestream_r01_20261011_offline_v2,pooled_snapshot,44,random,0.1,2,1,True,1,0579462cf3e002d55f0ce3184caa1a6dc48871b109682fbf9ad8fbb6b576becd,128,3648,0.10361842105263158,0.1688060057568121,251.88249399889173,164.66007299732155,195.36856100148725,615.8043090008505,161,62,3461,26,99,0.5388089129486223,0.9058018514197365,0.4979919678714859,0.7045454545454546,0.38509316770186336,0.5055300803290291,0.007456266131344996,0.992543733868655,0.02412280701754386,7.12719298245614,,,
selectivestream_r01_20261011,selectivestream_r01_20261011_offline_v2,pooled_snapshot,44,random,0.1,2,2,True,1,0579462cf3e002d55f0ce3184caa1a6dc48871b109682fbf9ad8fbb6b576becd,128,3648,0.10361842105263158,0.1751453936404695,263.4847940016698,164.17134400035138,207.66173100037122,638.9303960004327,161,62,3461,26,99,0.5388089129486223,0.9058018514197365,0.4979919678714859,0.7045454545454546,0.38509316770186336,0.5055300803290291,0.007456266131344996,0.992543733868655,0.02412280701754386,7.12719298245614,,,
selectivestream_r01_20261011,selectivestream_r01_20261011_offline_v2,pooled_snapshot,44,random,0.25,2,0,True,1,628b520f0f5a7e1bb1ae510877739f42374974d03d7d2defe1b9587b6f6c6935,128,3648,0.2590460526315789,0.2409008223692585,270.06140000139567,376.00785799986625,228.94713999721716,878.806200003055,161,79,3438,49,82,0.549755353066873,0.908546740599957,0.5467128027681661,0.6171875,0.4906832298136646,0.5320407699301878,0.014052193862919416,0.9859478061370806,0.03508771929824561,13.432017543859649,,,
selectivestream_r01_20261011,selectivestream_r01_20261011_offline_v2,pooled_snapshot,44,random,0.25,2,1,True,1,628b520f0f5a7e1bb1ae510877739f42374974d03d7d2defe1b9587b6f6c6935,128,3648,0.2590460526315789,0.24803526589903013,283.19144300076005,375.1057889976437,242.76502199882088,904.832649999662,161,79,3438,49,82,0.549755353066873,0.908546740599957,0.5467128027681661,0.6171875,0.4906832298136646,0.5320407699301878,0.014052193862919416,0.9859478061370806,0.03508771929824561,13.432017543859649,,,
selectivestream_r01_20261011,selectivestream_r01_20261011_offline_v2,pooled_snapshot,44,random,0.25,2,2,True,1,628b520f0f5a7e1bb1ae510877739f42374974d03d7d2defe1b9587b6f6c6935,128,3648,0.2590460526315789,0.2481158881565941,288.19043199655425,372.2941189989797,240.71198000183358,905.1267599952553,161,79,3438,49,82,0.549755353066873,0.908546740599957,0.5467128027681661,0.6171875,0.4906832298136646,0.5320407699301878,0.014052193862919416,0.9859478061370806,0.03508771929824561,13.432017543859649,,,
selectivestream_r01_20261011,selectivestream_r01_20261011_offline_v2,pooled_snapshot,44,random,0.5,2,0,True,1,2812418721629c65f5f0e7d8f18bbb891f4587a5c55621d359e41199b17e0c96,128,3648,0.4975328947368421,0.3510826184212914,285.84278999824164,707.2620819990334,283.7759069980166,1280.749392000871,161,59,3465,22,102,0.5911400811500174,0.9070620779577027,0.48760330578512395,0.7283950617283951,0.36645962732919257,0.5020290453739241,0.006309148264984227,0.9936908517350158,0.022203947368421052,6.030701754385965,,,
selectivestream_r01_20261011,selectivestream_r01_20261011_offline_v2,pooled_snapshot,44,random,0.5,2,1,True,1,2812418721629c65f5f0e7d8f18bbb891f4587a5c55621d359e41199b17e0c96,128,3648,0.4975328947368421,0.3624212648028353,300.2338000005693,717.7416879949305,300.14969499916333,1322.1127740007432,161,59,3465,22,102,0.5911400811500174,0.9070620779577027,0.48760330578512395,0.7283950617283951,0.36645962732919257,0.5020290453739241,0.006309148264984227,0.9936908517350158,0.022203947368421052,6.030701754385965,,,
selectivestream_r01_20261011,selectivestream_r01_20261011_offline_v2,pooled_snapshot,44,random,0.5,2,2,True,1,2812418721629c65f5f0e7d8f18bbb891f4587a5c55621d359e41199b17e0c96,128,3648,0.4975328947368421,0.36115471737935767,307.0636690017636,704.3451349991301,302.21954500029824,1317.4924089998967,161,59,3465,22,102,0.5911400811500174,0.9070620779577027,0.48760330578512395,0.7283950617283951,0.36645962732919257,0.5020290453739241,0.006309148264984227,0.9936908517350158,0.022203947368421052,6.030701754385965,,,
selectivestream_r01_20261011,selectivestream_r01_20261011_offline_v2,pooled_snapshot,44,random,0.75,2,0,True,1,c07cc2148a9dda70052a5a14695c6f71d941d62da52962148268c198dd7f6177,128,3648,0.743421052631579,0.4603644709428516,313.17564100027084,1012.9692879991126,349.49552200032485,1679.4095899995227,161,95,3418,69,66,0.6004137415210279,0.9057991795613521,0.5846153846153846,0.5792682926829268,0.5900621118012422,0.5652775481764295,0.019787783194723258,0.9802122168052767,0.044956140350877194,18.914473684210527,,,
selectivestream_r01_20261011,selectivestream_r01_20261011_offline_v2,pooled_snapshot,44,random,0.75,2,1,True,1,c07cc2148a9dda70052a5a14695c6f71d941d62da52962148268c198dd7f6177,128,3648,0.743421052631579,0.46123272368391643,295.78562999813585,1046.1374710002929,336.76577800360974,1682.576975998927,161,95,3418,69,66,0.6004137415210279,0.9057991795613521,0.5846153846153846,0.5792682926829268,0.5900621118012422,0.5652775481764295,0.019787783194723258,0.9802122168052767,0.044956140350877194,18.914473684210527,,,
selectivestream_r01_20261011,selectivestream_r01_20261011_offline_v2,pooled_snapshot,44,random,0.75,2,2,True,1,c07cc2148a9dda70052a5a14695c6f71d941d62da52962148268c198dd7f6177,128,3648,0.743421052631579,0.46028305455006613,314.4603599976108,1019.9964140019802,340.8937380008865,1679.1125829986413,161,95,3418,69,66,0.6004137415210279,0.9057991795613521,0.5846153846153846,0.5792682926829268,0.5900621118012422,0.5652775481764295,0.019787783194723258,0.9802122168052767,0.044956140350877194,18.914473684210527,,,
selectivestream_r01_20261011,selectivestream_r01_20261011_offline_v2,pooled_snapshot,44,random,1.0,2,0,True,1,959787f9ffcf306ff204e3c8c06b5b9386a955a6343f73f892e79e2f9c51ef06,128,3648,1.0,0.5529883744510032,302.0884799962005,1362.8612240026996,348.5240200006956,2017.3015899972597,161,94,3421,66,67,0.6046629206533882,0.9074762160072817,0.5856697819314641,0.5875,0.5838509316770186,0.5666048834505479,0.01892744479495268,0.9810725552050473,0.043859649122807015,18.092105263157894,,,
selectivestream_r01_20261011,selectivestream_r01_20261011_offline_v2,pooled_snapshot,44,random,1.0,2,1,True,1,959787f9ffcf306ff204e3c8c06b5b9386a955a6343f73f892e79e2f9c51ef06,128,3648,1.0,0.5523332645275172,299.27842099823465,1369.9156899956506,341.45661200182076,2014.9117489963828,161,94,3421,66,67,0.6046629206533882,0.9074762160072817,0.5856697819314641,0.5875,0.5838509316770186,0.5666048834505479,0.01892744479495268,0.9810725552050473,0.043859649122807015,18.092105263157894,,,
selectivestream_r01_20261011,selectivestream_r01_20261011_offline_v2,pooled_snapshot,44,random,1.0,2,2,True,1,959787f9ffcf306ff204e3c8c06b5b9386a955a6343f73f892e79e2f9c51ef06,128,3648,1.0,0.5612956038921387,300.64488100106246,1379.716321001979,363.318158997572,2047.606362998522,161,94,3421,66,67,0.6046629206533882,0.9074762160072817,0.5856697819314641,0.5875,0.5838509316770186,0.5666048834505479,0.01892744479495268,0.9810725552050473,0.043859649122807015,18.092105263157894,,,
selectivestream_r01_20261011,selectivestream_r01_20261011_offline_v2,pooled_snapshot,44,learned_benefit,0.0,0,0,True,1,51189f1d7bd7d4b52858b6bc109f2a3aca87a351395be6b8889fd6280a031f57,128,3648,0.0,0.08518723081121343,299.0840570000728,0.14366099821927492,0.0549809992662631,310.7630179993066,161,63,3462,25,98,0.5424532812172829,0.9031798677251976,0.5060240963855421,0.7159090909090909,0.391304347826087,0.5142286847828247,0.007169486664754803,0.9928305133352452,0.02412280701754386,6.853070175438597,,,
selectivestream_r01_20261011,selectivestream_r01_20261011_offline_v2,pooled_snapshot,44,learned_benefit,0.0,0,1,True,1,51189f1d7bd7d4b52858b6bc109f2a3aca87a351395be6b8889fd6280a031f57,128,3648,0.0,0.07709938898072148,269.6398560037778,0.14442600149777718,0.05679799960489618,281.25857100167195,161,63,3462,25,98,0.5424532812172829,0.9031798677251976,0.5060240963855421,0.7159090909090909,0.391304347826087,0.5142286847828247,0.007169486664754803,0.9928305133352452,0.02412280701754386,6.853070175438597,,,
selectivestream_r01_20261011,selectivestream_r01_20261011_offline_v2,pooled_snapshot,44,learned_benefit,0.0,0,2,True,1,51189f1d7bd7d4b52858b6bc109f2a3aca87a351395be6b8889fd6280a031f57,128,3648,0.0,0.0709286935298742,246.31301499812253,0.15480299953196663,0.06183499954204308,258.74787399698107,161,63,3462,25,98,0.5424532812172829,0.9031798677251976,0.5060240963855421,0.7159090909090909,0.391304347826087,0.5142286847828247,0.007169486664754803,0.9928305133352452,0.02412280701754386,6.853070175438597,,,
selectivestream_r01_20261011,selectivestream_r01_20261011_offline_v2,pooled_snapshot,44,learned_benefit,0.1,0,0,True,1,9f01326efc596a0b4825baabefee7e325ae1076ad5986e8eb46c3a7e8b42cf18,128,3648,0.038651315789473686,0.13102135197360248,228.36378800002421,47.02679199817794,190.79932599652238,477.96589199970185,161,51,3478,9,110,0.6072446989065343,0.9038478323212928,0.46153846153846156,0.85,0.3167701863354037,0.507374085874759,0.0025810151993117293,0.9974189848006882,0.01644736842105263,2.4671052631578947,,,
selectivestream_r01_20261011,selectivestream_r01_20261011_offline_v2,pooled_snapshot,44,learned_benefit,0.1,0,1,True,1,9f01326efc596a0b4825baabefee7e325ae1076ad5986e8eb46c3a7e8b42cf18,128,3648,0.038651315789473686,0.13729787225838264,238.71936199884658,49.31555300208856,200.71769299829612,500.8626379985799,161,51,3478,9,110,0.6072446989065343,0.9038478323212928,0.46153846153846156,0.85,0.3167701863354037,0.507374085874759,0.0025810151993117293,0.9974189848006882,0.01644736842105263,2.4671052631578947,,,
selectivestream_r01_20261011,selectivestream_r01_20261011_offline_v2,pooled_snapshot,44,learned_benefit,0.1,0,2,True,1,9f01326efc596a0b4825baabefee7e325ae1076ad5986e8eb46c3a7e8b42cf18,128,3648,0.038651315789473686,0.13777229358524573,240.49590400045417,52.782745002332376,197.1101869985432,502.5933269989764,161,51,3478,9,110,0.6072446989065343,0.9038478323212928,0.46153846153846156,0.85,0.3167701863354037,0.507374085874759,0.0025810151993117293,0.9974189848006882,0.01644736842105263,2.4671052631578947,,,
selectivestream_r01_20261011,selectivestream_r01_20261011_offline_v2,pooled_snapshot,44,learned_benefit,0.25,0,0,True,1,43cfe0d689f2a34925c62d07992520b8c099891a30b2eb6ea737e917fccf1de0,128,3648,0.14830043859649122,0.20795507044929787,277.5958869988244,230.33473299892648,238.9174389982145,758.6200969990387,161,94,3423,64,67,0.6017186357829512,0.8949487626623821,0.5893416927899686,0.5949367088607594,0.5838509316770186,0.5705950440517792,0.018353885861772296,0.9816461141382277,0.04331140350877193,17.54385964912281,,,
selectivestream_r01_20261011,selectivestream_r01_20261011_offline_v2,pooled_snapshot,44,learned_benefit,0.25,0,1,True,1,43cfe0d689f2a34925c62d07992520b8c099891a30b2eb6ea737e917fccf1de0,128,3648,0.14830043859649122,0.20907001672224182,276.4326140004414,227.84456000135833,246.29895499765553,762.6874210027381,161,94,3423,64,67,0.6017186357829512,0.8949487626623821,0.5893416927899686,0.5949367088607594,0.5838509316770186,0.5705950440517792,0.018353885861772296,0.9816461141382277,0.04331140350877193,17.54385964912281,,,
selectivestream_r01_20261011,selectivestream_r01_20261011_offline_v2,pooled_snapshot,44,learned_benefit,0.25,0,2,True,1,43cfe0d689f2a34925c62d07992520b8c099891a30b2eb6ea737e917fccf1de0,128,3648,0.14830043859649122,0.21451228892556773,284.6250590027921,228.95999899901653,256.58406799993827,782.540830000471,161,94,3423,64,67,0.6017186357829512,0.8949487626623821,0.5893416927899686,0.5949367088607594,0.5838509316770186,0.5705950440517792,0.018353885861772296,0.9816461141382277,0.04331140350877193,17.54385964912281,,,
selectivestream_r01_20261011,selectivestream_r01_20261011_offline_v2,pooled_snapshot,44,learned_benefit,0.5,0,0,True,1,839909fcb6ab16dd015e9f46cca24dd4b3367f8a24cd0e2b0546651d7db4a778,128,3648,0.4555921052631579,0.34921967680894905,290.2370609999707,670.3028770016317,301.43197599772975,1273.9533809990462,161,94,3422,65,67,0.6061811108516713,0.8996922019141192,0.5875,0.5911949685534591,0.5838509316770186,0.5685909022759839,0.01864066532836249,0.9813593346716375,0.04358552631578947,17.81798245614035,,,
selectivestream_r01_20261011,selectivestream_r01_20261011_offline_v2,pooled_snapshot,44,learned_benefit,0.5,0,1,True,1,839909fcb6ab16dd015e9f46cca24dd4b3367f8a24cd0e2b0546651d7db4a778,128,3648,0.4555921052631579,0.3506090150769599,286.5372849983032,703.1971180012988,276.8652269960512,1279.0216870007498,161,94,3422,65,67,0.6061811108516713,0.8996922019141192,0.5875,0.5911949685534591,0.5838509316770186,0.5685909022759839,0.01864066532836249,0.9813593346716375,0.04358552631578947,17.81798245614035,,,
selectivestream_r01_20261011,selectivestream_r01_20261011_offline_v2,pooled_snapshot,44,learned_benefit,0.5,0,2,True,1,839909fcb6ab16dd015e9f46cca24dd4b3367f8a24cd0e2b0546651d7db4a778,128,3648,0.4555921052631579,0.34571453947338787,288.6237680004342,672.5745949997872,287.82158399735636,1261.166639998919,161,94,3422,65,67,0.6061811108516713,0.8996922019141192,0.5875,0.5911949685534591,0.5838509316770186,0.5685909022759839,0.01864066532836249,0.9813593346716375,0.04358552631578947,17.81798245614035,,,
selectivestream_r01_20261011,selectivestream_r01_20261011_offline_v2,pooled_snapshot,44,learned_benefit,0.75,0,0,True,1,8258831837ddad21ed02dfdac4a73c3ff4af8717267bf37be6424b569bcf7114,128,3648,0.7697368421052632,0.4771190416664096,304.937210999924,1073.104579003484,350.653900002726,1740.5302639990623,161,94,3421,66,67,0.6039972539782742,0.9016195024287194,0.5856697819314641,0.5875,0.5838509316770186,0.5666048834505479,0.01892744479495268,0.9810725552050473,0.043859649122807015,18.092105263157894,,,
selectivestream_r01_20261011,selectivestream_r01_20261011_offline_v2,pooled_snapshot,44,learned_benefit,0.75,0,1,True,1,8258831837ddad21ed02dfdac4a73c3ff4af8717267bf37be6424b569bcf7114,128,3648,0.7697368421052632,0.47988551727067325,298.00645600153075,1100.7117309991372,340.04183700199064,1750.622367003416,161,94,3421,66,67,0.6039972539782742,0.9016195024287194,0.5856697819314641,0.5875,0.5838509316770186,0.5666048834505479,0.01892744479495268,0.9810725552050473,0.043859649122807015,18.092105263157894,,,
selectivestream_r01_20261011,selectivestream_r01_20261011_offline_v2,pooled_snapshot,44,learned_benefit,0.75,0,2,True,1,8258831837ddad21ed02dfdac4a73c3ff4af8717267bf37be6424b569bcf7114,128,3648,0.7697368421052632,0.4869848675983384,309.08407799597626,1093.900183000187,361.3364420016296,1776.5207969987387,161,94,3421,66,67,0.6039972539782742,0.9016195024287194,0.5856697819314641,0.5875,0.5838509316770186,0.5666048834505479,0.01892744479495268,0.9810725552050473,0.043859649122807015,18.092105263157894,,,
selectivestream_r01_20261011,selectivestream_r01_20261011_offline_v2,pooled_snapshot,44,learned_benefit,1.0,0,0,True,1,a12605a307886d7f83b3ae64514f18f30eee2ddcba21616a77de7208d1f8ba16,128,3648,1.0,0.570994931195943,303.74568500337773,1393.9705310012869,373.17679800071346,2082.9895090028003,161,94,3421,66,67,0.6046629206533882,0.9074762160072817,0.5856697819314641,0.5875,0.5838509316770186,0.5666048834505479,0.01892744479495268,0.9810725552050473,0.043859649122807015,18.092105263157894,,,
selectivestream_r01_20261011,selectivestream_r01_20261011_offline_v2,pooled_snapshot,44,learned_benefit,1.0,0,1,True,1,a12605a307886d7f83b3ae64514f18f30eee2ddcba21616a77de7208d1f8ba16,128,3648,1.0,0.5649285137063013,303.3155240000269,1375.826691999464,369.7526009982539,2060.859218000587,161,94,3421,66,67,0.6046629206533882,0.9074762160072817,0.5856697819314641,0.5875,0.5838509316770186,0.5666048834505479,0.01892744479495268,0.9810725552050473,0.043859649122807015,18.092105263157894,,,
selectivestream_r01_20261011,selectivestream_r01_20261011_offline_v2,pooled_snapshot,44,learned_benefit,1.0,0,2,True,1,a12605a307886d7f83b3ae64514f18f30eee2ddcba21616a77de7208d1f8ba16,128,3648,1.0,0.5890023903508503,306.6419679980754,1452.9270939992784,375.94296699808183,2148.680719999902,161,94,3421,66,67,0.6046629206533882,0.9074762160072817,0.5856697819314641,0.5875,0.5838509316770186,0.5666048834505479,0.01892744479495268,0.9810725552050473,0.043859649122807015,18.092105263157894,,,
selectivestream_r01_20261011,selectivestream_r01_20261011_offline_v2,pooled_snapshot,55,margin,0.0,0,0,True,1,5299cbca1c3eabc1d97dbb162c9f60733fde9ced8399e8e9f392869b5793a32e,128,3648,0.0,0.08311107127268681,295.16050000347605,0.20256700190657284,0.07186399943748256,303.1891880027615,161,75,3450,37,86,0.5608919992357245,0.9193927044016196,0.5494505494505495,0.6696428571428571,0.4658385093167702,0.5420039144551302,0.01061084026383711,0.9893891597361629,0.03070175438596491,10.142543859649123,,,
selectivestream_r01_20261011,selectivestream_r01_20261011_offline_v2,pooled_snapshot,55,margin,0.0,0,1,True,1,5299cbca1c3eabc1d97dbb162c9f60733fde9ced8399e8e9f392869b5793a32e,128,3648,0.0,0.07677279769854738,272.4954780032931,0.15792399972269777,0.058971999351342674,280.0671660043008,161,75,3450,37,86,0.5608919992357245,0.9193927044016196,0.5494505494505495,0.6696428571428571,0.4658385093167702,0.5420039144551302,0.01061084026383711,0.9893891597361629,0.03070175438596491,10.142543859649123,,,
selectivestream_r01_20261011,selectivestream_r01_20261011_offline_v2,pooled_snapshot,55,margin,0.0,0,2,True,1,5299cbca1c3eabc1d97dbb162c9f60733fde9ced8399e8e9f392869b5793a32e,128,3648,0.0,0.07634881359657604,270.9322259979672,0.1651740030865767,0.06401299924618797,278.5204720003094,161,75,3450,37,86,0.5608919992357245,0.9193927044016196,0.5494505494505495,0.6696428571428571,0.4658385093167702,0.5420039144551302,0.01061084026383711,0.9893891597361629,0.03070175438596491,10.142543859649123,,,
selectivestream_r01_20261011,selectivestream_r01_20261011_offline_v2,pooled_snapshot,55,margin,0.1,0,0,True,1,d808e8430f064dd9a2a0ad6604b10eb7fa6fb205cc844011f8311bb75fe316e2,128,3648,0.05866228070175439,0.1552852412280552,253.74766400000226,85.66355800212477,219.82207099972584,566.4805599999454,161,106,3418,69,55,0.571477502106121,0.9160493189432979,0.6309523809523809,0.6057142857142858,0.6583850931677019,0.613754346149476,0.019787783194723258,0.9802122168052767,0.04797149122807018,18.914473684210527,,,
selectivestream_r01_20261011,selectivestream_r01_20261011_offline_v2,pooled_snapshot,55,margin,0.1,0,1,True,1,d808e8430f064dd9a2a0ad6604b10eb7fa6fb205cc844011f8311bb75fe316e2,128,3648,0.05866228070175439,0.1609493264808997,272.25548300157243,81.02076400155056,226.52270899834548,587.1431430023222,161,106,3418,69,55,0.571477502106121,0.9160493189432979,0.6309523809523809,0.6057142857142858,0.6583850931677019,0.613754346149476,0.019787783194723258,0.9802122168052767,0.04797149122807018,18.914473684210527,,,
selectivestream_r01_20261011,selectivestream_r01_20261011_offline_v2,pooled_snapshot,55,margin,0.1,0,2,True,1,d808e8430f064dd9a2a0ad6604b10eb7fa6fb205cc844011f8311bb75fe316e2,128,3648,0.05866228070175439,0.16365070531826245,274.131624997608,82.3902980027924,233.03365799893072,596.9977730010214,161,106,3418,69,55,0.571477502106121,0.9160493189432979,0.6309523809523809,0.6057142857142858,0.6583850931677019,0.613754346149476,0.019787783194723258,0.9802122168052767,0.04797149122807018,18.914473684210527,,,
selectivestream_r01_20261011,selectivestream_r01_20261011_offline_v2,pooled_snapshot,55,margin,0.25,0,0,True,1,08a094ddb97bf2ad31b2d8765842aed26ba00c898aea86bcc61aa4e719bd8038,128,3648,0.18503289473684212,0.21065143695240926,278.5516499998266,233.92536300343636,248.46463500125537,768.4564420023889,161,106,3418,69,55,0.5815304189212316,0.9232562116254339,0.6309523809523809,0.6057142857142858,0.6583850931677019,0.613754346149476,0.019787783194723258,0.9802122168052767,0.04797149122807018,18.914473684210527,,1.5106198836267737e-07,0.0
selectivestream_r01_20261011,selectivestream_r01_20261011_offline_v2,pooled_snapshot,55,margin,0.25,0,1,True,1,08a094ddb97bf2ad31b2d8765842aed26ba00c898aea86bcc61aa4e719bd8038,128,3648,0.18503289473684212,0.2162041894197991,281.7374970018136,235.21638099464326,264.2949619985302,788.7128830034271,161,106,3418,69,55,0.5815304189212316,0.9232562116254339,0.6309523809523809,0.6057142857142858,0.6583850931677019,0.613754346149476,0.019787783194723258,0.9802122168052767,0.04797149122807018,18.914473684210527,,1.5106198836267737e-07,0.0
selectivestream_r01_20261011,selectivestream_r01_20261011_offline_v2,pooled_snapshot,55,margin,0.25,0,2,True,1,08a094ddb97bf2ad31b2d8765842aed26ba00c898aea86bcc61aa4e719bd8038,128,3648,0.18503289473684212,0.21242804605392712,289.11441700074647,222.03500300201995,256.50512099673506,774.9375120047262,161,106,3418,69,55,0.5815304189212316,0.9232562116254339,0.6309523809523809,0.6057142857142858,0.6583850931677019,0.613754346149476,0.019787783194723258,0.9802122168052767,0.04797149122807018,18.914473684210527,,1.5106198836267737e-07,0.0
selectivestream_r01_20261011,selectivestream_r01_20261011_offline_v2,pooled_snapshot,55,margin,0.5,0,0,True,1,26b445a96eac04c39dd27b6208e6fb82bc7ad5f56f6117038ccb2085dd3ac088,128,3648,0.5002741228070176,0.31749331387032453,287.754415998279,568.8983679992816,294.1371800025081,1158.215608998944,161,106,3417,70,55,0.5802010782506041,0.9111829742058791,0.629080118694362,0.6022727272727273,0.6583850931677019,0.6118214920355959,0.02007456266131345,0.9799254373386865,0.04824561403508772,19.18859649122807,,,
selectivestream_r01_20261011,selectivestream_r01_20261011_offline_v2,pooled_snapshot,55,margin,0.5,0,1,True,1,26b445a96eac04c39dd27b6208e6fb82bc7ad5f56f6117038ccb2085dd3ac088,128,3648,0.5002741228070176,0.31665532236851296,283.85347800031013,572.1153810000033,291.74710199822584,1155.1586160003353,161,106,3417,70,55,0.5802010782506041,0.9111829742058791,0.629080118694362,0.6022727272727273,0.6583850931677019,0.6118214920355959,0.02007456266131345,0.9799254373386865,0.04824561403508772,19.18859649122807,,,
selectivestream_r01_20261011,selectivestream_r01_20261011_offline_v2,pooled_snapshot,55,margin,0.5,0,2,True,1,26b445a96eac04c39dd27b6208e6fb82bc7ad5f56f6117038ccb2085dd3ac088,128,3648,0.5002741228070176,0.32153848739026497,294.6587250025914,581.7052960010187,289.20577600183606,1172.9724019996866,161,106,3417,70,55,0.5802010782506041,0.9111829742058791,0.629080118694362,0.6022727272727273,0.6583850931677019,0.6118214920355959,0.02007456266131345,0.9799254373386865,0.04824561403508772,19.18859649122807,,,
selectivestream_r01_20261011,selectivestream_r01_20261011_offline_v2,pooled_snapshot,55,margin,0.75,0,0,True,1,7737218cd51a111e95cbb5d98b299a6ac1155eadec44625a756d07a548987994,128,3648,0.8061951754385965,0.4190254871160373,286.11901399926865,907.0324949989299,328.12876000116376,1528.6049769993042,161,106,3417,70,55,0.5783277392155939,0.9126952460514386,0.629080118694362,0.6022727272727273,0.6583850931677019,0.6118214920355959,0.02007456266131345,0.9799254373386865,0.04824561403508772,19.18859649122807,,,
selectivestream_r01_20261011,selectivestream_r01_20261011_offline_v2,pooled_snapshot,55,margin,0.75,0,1,True,1,7737218cd51a111e95cbb5d98b299a6ac1155eadec44625a756d07a548987994,128,3648,0.8061951754385965,0.42330122560317424,300.21557500276685,904.1189649988155,332.0191299990256,1544.2028710003797,161,106,3417,70,55,0.5783277392155939,0.9126952460514386,0.629080118694362,0.6022727272727273,0.6583850931677019,0.6118214920355959,0.02007456266131345,0.9799254373386865,0.04824561403508772,19.18859649122807,,,
selectivestream_r01_20261011,selectivestream_r01_20261011_offline_v2,pooled_snapshot,55,margin,0.75,0,2,True,1,7737218cd51a111e95cbb5d98b299a6ac1155eadec44625a756d07a548987994,128,3648,0.8061951754385965,0.428212129386109,292.71256800075207,938.0842140017194,323.734845999752,1562.1178480005256,161,106,3417,70,55,0.5783277392155939,0.9126952460514386,0.629080118694362,0.6022727272727273,0.6583850931677019,0.6118214920355959,0.02007456266131345,0.9799254373386865,0.04824561403508772,19.18859649122807,,,
selectivestream_r01_20261011,selectivestream_r01_20261011_offline_v2,pooled_snapshot,55,margin,1.0,0,0,True,1,23e13a458d416b68691d1fa7474fc100e4b8f0088b9a63f84869fd5f6d3ad689,128,3648,1.0,0.5005202047694786,306.07619199872715,1172.877717002848,339.10623300016596,1825.8977069990578,161,106,3417,70,55,0.5848503455946054,0.914232455241919,0.629080118694362,0.6022727272727273,0.6583850931677019,0.6118214920355959,0.02007456266131345,0.9799254373386865,0.04824561403508772,19.18859649122807,,,
selectivestream_r01_20261011,selectivestream_r01_20261011_offline_v2,pooled_snapshot,55,margin,1.0,0,1,True,1,23e13a458d416b68691d1fa7474fc100e4b8f0088b9a63f84869fd5f6d3ad689,128,3648,1.0,0.4886827976973931,313.6395800001992,1110.2062369973282,351.2259520002772,1782.71484600009,161,106,3417,70,55,0.5848503455946054,0.914232455241919,0.629080118694362,0.6022727272727273,0.6583850931677019,0.6118214920355959,0.02007456266131345,0.9799254373386865,0.04824561403508772,19.18859649122807,,,
selectivestream_r01_20261011,selectivestream_r01_20261011_offline_v2,pooled_snapshot,55,margin,1.0,0,2,True,1,23e13a458d416b68691d1fa7474fc100e4b8f0088b9a63f84869fd5f6d3ad689,128,3648,1.0,0.48816120476913694,304.85345299894107,1125.4280660004952,342.9486079967319,1780.8120749978116,161,106,3417,70,55,0.5848503455946054,0.914232455241919,0.629080118694362,0.6022727272727273,0.6583850931677019,0.6118214920355959,0.02007456266131345,0.9799254373386865,0.04824561403508772,19.18859649122807,,,
selectivestream_r01_20261011,selectivestream_r01_20261011_offline_v2,pooled_snapshot,55,entropy,0.0,0,0,True,1,570ce841c87e6fac1cc2737854859475682e8d93107967998b3a2048c54cd5f2,128,3648,0.0,0.08165429934199876,281.3458839991654,0.1505270001871395,0.06009800017636735,297.8748839996115,161,75,3450,37,86,0.5608919992357245,0.9193927044016196,0.5494505494505495,0.6696428571428571,0.4658385093167702,0.5420039144551302,0.01061084026383711,0.9893891597361629,0.03070175438596491,10.142543859649123,,,
selectivestream_r01_20261011,selectivestream_r01_20261011_offline_v2,pooled_snapshot,55,entropy,0.0,0,1,True,1,570ce841c87e6fac1cc2737854859475682e8d93107967998b3a2048c54cd5f2,128,3648,0.0,0.08255466611809711,284.4808189984178,0.17311499959760113,0.06536200180562446,301.1594219988183,161,75,3450,37,86,0.5608919992357245,0.9193927044016196,0.5494505494505495,0.6696428571428571,0.4658385093167702,0.5420039144551302,0.01061084026383711,0.9893891597361629,0.03070175438596491,10.142543859649123,,,
selectivestream_r01_20261011,selectivestream_r01_20261011_offline_v2,pooled_snapshot,55,entropy,0.0,0,2,True,1,570ce841c87e6fac1cc2737854859475682e8d93107967998b3a2048c54cd5f2,128,3648,0.0,0.07939263075653352,272.38218400088954,0.17427299826522358,0.08147200060193427,289.62431699983426,161,75,3450,37,86,0.5608919992357245,0.9193927044016196,0.5494505494505495,0.6696428571428571,0.4658385093167702,0.5420039144551302,0.01061084026383711,0.9893891597361629,0.03070175438596491,10.142543859649123,,,
selectivestream_r01_20261011,selectivestream_r01_20261011_offline_v2,pooled_snapshot,55,entropy,0.1,0,0,True,1,0cdab6e03dc4cd9f3be812ea21a4f06643a75f393520bf5a32132308fe81a6e4,128,3648,0.0581140350877193,0.15455227521929454,253.59414000195102,82.48682499743154,210.96380300059536,563.8066999999864,161,106,3418,69,55,0.5713463657585782,0.9160136941648394,0.6309523809523809,0.6057142857142858,0.6583850931677019,0.613754346149476,0.019787783194723258,0.9802122168052767,0.04797149122807018,18.914473684210527,,,
selectivestream_r01_20261011,selectivestream_r01_20261011_offline_v2,pooled_snapshot,55,entropy,0.1,0,1,True,1,0cdab6e03dc4cd9f3be812ea21a4f06643a75f393520bf5a32132308fe81a6e4,128,3648,0.0581140350877193,0.15276232291701794,254.88838299952477,81.83264200033591,203.42859700031113,557.2769540012814,161,106,3418,69,55,0.5713463657585782,0.9160136941648394,0.6309523809523809,0.6057142857142858,0.6583850931677019,0.613754346149476,0.019787783194723258,0.9802122168052767,0.04797149122807018,18.914473684210527,,,
selectivestream_r01_20261011,selectivestream_r01_20261011_offline_v2,pooled_snapshot,55,entropy,0.1,0,2,True,1,0cdab6e03dc4cd9f3be812ea21a4f06643a75f393520bf5a32132308fe81a6e4,128,3648,0.0581140350877193,0.1562422563037408,262.52596199628897,82.05709799949545,208.62064399898372,569.9717509960465,161,106,3418,69,55,0.5713463657585782,0.9160136941648394,0.6309523809523809,0.6057142857142858,0.6583850931677019,0.613754346149476,0.019787783194723258,0.9802122168052767,0.04797149122807018,18.914473684210527,,,
selectivestream_r01_20261011,selectivestream_r01_20261011_offline_v2,pooled_snapshot,55,entropy,0.25,0,0,True,1,a5b02ec324c6a51f02e20fcfc11ea3907b4da4b51f0ddf96f05b6b8841454446,128,3648,0.17324561403508773,0.20028229851987545,268.47033600188297,216.280494003513,229.59771000296314,730.6298250005057,161,106,3418,69,55,0.5799135995895895,0.9216495341169598,0.6309523809523809,0.6057142857142858,0.6583850931677019,0.613754346149476,0.019787783194723258,0.9802122168052767,0.04797149122807018,18.914473684210527,,,
selectivestream_r01_20261011,selectivestream_r01_20261011_offline_v2,pooled_snapshot,55,entropy,0.25,0,1,True,1,a5b02ec324c6a51f02e20fcfc11ea3907b4da4b51f0ddf96f05b6b8841454446,128,3648,0.17324561403508773,0.20088983771914395,267.81708899670775,223.33567700297863,224.65090099740337,732.8461279994372,161,106,3418,69,55,0.5799135995895895,0.9216495341169598,0.6309523809523809,0.6057142857142858,0.6583850931677019,0.613754346149476,0.019787783194723258,0.9802122168052767,0.04797149122807018,18.914473684210527,,,
selectivestream_r01_20261011,selectivestream_r01_20261011_offline_v2,pooled_snapshot,55,entropy,0.25,0,2,True,1,a5b02ec324c6a51f02e20fcfc11ea3907b4da4b51f0ddf96f05b6b8841454446,128,3648,0.17324561403508773,0.2051569273574391,274.2202349991203,222.32327099573013,235.40514400156098,748.4124709999378,161,106,3418,69,55,0.5799135995895895,0.9216495341169598,0.6309523809523809,0.6057142857142858,0.6583850931677019,0.613754346149476,0.019787783194723258,0.9802122168052767,0.04797149122807018,18.914473684210527,,,
selectivestream_r01_20261011,selectivestream_r01_20261011_offline_v2,pooled_snapshot,55,entropy,0.5,0,0,True,1,7665edf0be53d970b49d66c04dc6f2f3260dd4b12cb4080ded6b4b2a67007e23,128,3648,0.4819078947368421,0.3087247387613065,283.181187001901,551.9325569966895,274.9294959985491,1126.2278470012461,161,106,3417,70,55,0.5809329447579046,0.9105916028834695,0.629080118694362,0.6022727272727273,0.6583850931677019,0.6118214920355959,0.02007456266131345,0.9799254373386865,0.04824561403508772,19.18859649122807,,,
selectivestream_r01_20261011,selectivestream_r01_20261011_offline_v2,pooled_snapshot,55,entropy,0.5,0,1,True,1,7665edf0be53d970b49d66c04dc6f2f3260dd4b12cb4080ded6b4b2a67007e23,128,3648,0.4819078947368421,0.3218926063605447,293.62976099946536,578.9195409988679,284.75426900058665,1174.264228003267,161,106,3417,70,55,0.5809329447579046,0.9105916028834695,0.629080118694362,0.6022727272727273,0.6583850931677019,0.6118214920355959,0.02007456266131345,0.9799254373386865,0.04824561403508772,19.18859649122807,,,
selectivestream_r01_20261011,selectivestream_r01_20261011_offline_v2,pooled_snapshot,55,entropy,0.5,0,2,True,1,7665edf0be53d970b49d66c04dc6f2f3260dd4b12cb4080ded6b4b2a67007e23,128,3648,0.4819078947368421,0.31425580756561294,290.52844600300887,557.5479290009753,281.5900319992579,1146.405185999356,161,106,3417,70,55,0.5809329447579046,0.9105916028834695,0.629080118694362,0.6022727272727273,0.6583850931677019,0.6118214920355959,0.02007456266131345,0.9799254373386865,0.04824561403508772,19.18859649122807,,,
selectivestream_r01_20261011,selectivestream_r01_20261011_offline_v2,pooled_snapshot,55,entropy,0.75,0,0,True,1,7fa9d5e50219728e0e155de6dcb46a03457c62d662497995f94896c4f12aaec0,128,3648,0.7864583333333334,0.4174258952856921,291.5672990020539,894.0272919962808,319.1354750006212,1522.7696660022048,161,106,3417,70,55,0.579006072422532,0.9129321508281869,0.629080118694362,0.6022727272727273,0.6583850931677019,0.6118214920355959,0.02007456266131345,0.9799254373386865,0.04824561403508772,19.18859649122807,,,
selectivestream_r01_20261011,selectivestream_r01_20261011_offline_v2,pooled_snapshot,55,entropy,0.75,0,1,True,1,7fa9d5e50219728e0e155de6dcb46a03457c62d662497995f94896c4f12aaec0,128,3648,0.7864583333333334,0.42909044928688,285.4509919989141,934.0701149994857,328.7656140009858,1565.3219589985383,161,106,3417,70,55,0.579006072422532,0.9129321508281869,0.629080118694362,0.6022727272727273,0.6583850931677019,0.6118214920355959,0.02007456266131345,0.9799254373386865,0.04824561403508772,19.18859649122807,,,
selectivestream_r01_20261011,selectivestream_r01_20261011_offline_v2,pooled_snapshot,55,entropy,0.75,0,2,True,1,7fa9d5e50219728e0e155de6dcb46a03457c62d662497995f94896c4f12aaec0,128,3648,0.7864583333333334,0.42020823684203223,289.6155540011023,898.475701001189,328.0517070015776,1532.9196479997336,161,106,3417,70,55,0.579006072422532,0.9129321508281869,0.629080118694362,0.6022727272727273,0.6583850931677019,0.6118214920355959,0.02007456266131345,0.9799254373386865,0.04824561403508772,19.18859649122807,,,
selectivestream_r01_20261011,selectivestream_r01_20261011_offline_v2,pooled_snapshot,55,entropy,1.0,0,0,True,1,fcfb7076a6f4f6a01dc2f1e699fc0dc12298a56cf930127e3508e7b8c0222e7d,128,3648,1.0,0.49472809950638447,302.48541299988574,1116.4508819983894,369.17321700002503,1804.7681069992905,161,106,3417,70,55,0.5848503455946054,0.914232455241919,0.629080118694362,0.6022727272727273,0.6583850931677019,0.6118214920355959,0.02007456266131345,0.9799254373386865,0.04824561403508772,19.18859649122807,,,
selectivestream_r01_20261011,selectivestream_r01_20261011_offline_v2,pooled_snapshot,55,entropy,1.0,0,1,True,1,fcfb7076a6f4f6a01dc2f1e699fc0dc12298a56cf930127e3508e7b8c0222e7d,128,3648,1.0,0.4871311107450538,295.82679699797154,1100.1814339997509,364.5923690010022,1777.0542919979562,161,106,3417,70,55,0.5848503455946054,0.914232455241919,0.629080118694362,0.6022727272727273,0.6583850931677019,0.6118214920355959,0.02007456266131345,0.9799254373386865,0.04824561403508772,19.18859649122807,,,
selectivestream_r01_20261011,selectivestream_r01_20261011_offline_v2,pooled_snapshot,55,entropy,1.0,0,2,True,1,fcfb7076a6f4f6a01dc2f1e699fc0dc12298a56cf930127e3508e7b8c0222e7d,128,3648,1.0,0.4951081096494722,305.2228790029403,1123.3732370019425,361.1037889995714,1806.1543840012746,161,106,3417,70,55,0.5848503455946054,0.914232455241919,0.629080118694362,0.6022727272727273,0.6583850931677019,0.6118214920355959,0.02007456266131345,0.9799254373386865,0.04824561403508772,19.18859649122807,,,
selectivestream_r01_20261011,selectivestream_r01_20261011_offline_v2,pooled_snapshot,55,random,0.0,0,0,True,1,2b5db6ba56d938096c498d0b512080fd0abc52b1478a20a87b72915e1ef32c9c,128,3648,0.0,0.07763468996669967,279.36456099814677,0.19987299492640886,0.06885300263093086,283.2113489985204,161,75,3450,37,86,0.5608919992357245,0.9193927044016196,0.5494505494505495,0.6696428571428571,0.4658385093167702,0.5420039144551302,0.01061084026383711,0.9893891597361629,0.03070175438596491,10.142543859649123,,,
selectivestream_r01_20261011,selectivestream_r01_20261011_offline_v2,pooled_snapshot,55,random,0.0,0,1,True,1,2b5db6ba56d938096c498d0b512080fd0abc52b1478a20a87b72915e1ef32c9c,128,3648,0.0,0.07829770806005511,281.6960330019356,0.20528200275293784,0.0694090012984816,285.63003900308104,161,75,3450,37,86,0.5608919992357245,0.9193927044016196,0.5494505494505495,0.6696428571428571,0.4658385093167702,0.5420039144551302,0.01061084026383711,0.9893891597361629,0.03070175438596491,10.142543859649123,,,
selectivestream_r01_20261011,selectivestream_r01_20261011_offline_v2,pooled_snapshot,55,random,0.0,0,2,True,1,2b5db6ba56d938096c498d0b512080fd0abc52b1478a20a87b72915e1ef32c9c,128,3648,0.0,0.07791139281702424,280.4112290004923,0.1950249979927321,0.07246700079122093,284.2207609965044,161,75,3450,37,86,0.5608919992357245,0.9193927044016196,0.5494505494505495,0.6696428571428571,0.4658385093167702,0.5420039144551302,0.01061084026383711,0.9893891597361629,0.03070175438596491,10.142543859649123,,,
selectivestream_r01_20261011,selectivestream_r01_20261011_offline_v2,pooled_snapshot,55,random,0.1,0,0,True,1,5295aa2e4b934dadba9c8c5bef47a2eb2e7e6e584f2978a7b74ad1e67e546f18,128,3648,0.109375,0.1793749270824831,281.675308998274,138.2178069989095,230.57605600024544,654.3597339968983,161,98,3426,61,63,0.5611725812350065,0.913595662326975,0.6125,0.6163522012578616,0.6086956521739131,0.5947382030358367,0.01749354746200172,0.9825064525379983,0.04358552631578947,16.721491228070175,,,
selectivestream_r01_20261011,selectivestream_r01_20261011_offline_v2,pooled_snapshot,55,random,0.1,0,1,True,1,5295aa2e4b934dadba9c8c5bef47a2eb2e7e6e584f2978a7b74ad1e67e546f18,128,3648,0.109375,0.1750620032891591,267.61709800030076,139.25845500034484,228.0497980000291,638.6261879988524,161,98,3426,61,63,0.5611725812350065,0.913595662326975,0.6125,0.6163522012578616,0.6086956521739131,0.5947382030358367,0.01749354746200172,0.9825064525379983,0.04358552631578947,16.721491228070175,,,
selectivestream_r01_20261011,selectivestream_r01_20261011_offline_v2,pooled_snapshot,55,random,0.1,0,2,True,1,5295aa2e4b934dadba9c8c5bef47a2eb2e7e6e584f2978a7b74ad1e67e546f18,128,3648,0.109375,0.17975173218269647,271.1373160018411,152.1633140000631,228.42057900379586,655.7343190024767,161,98,3426,61,63,0.5611725812350065,0.913595662326975,0.6125,0.6163522012578616,0.6086956521739131,0.5947382030358367,0.01749354746200172,0.9825064525379983,0.04358552631578947,16.721491228070175,,,
selectivestream_r01_20261011,selectivestream_r01_20261011_offline_v2,pooled_snapshot,55,random,0.25,0,0,True,1,0894ecc682d8542bc48f6e2e58dee75acebf8205d332a0eb8f36ad0c52707731,128,3648,0.2576754385964912,0.23606705125981184,285.1596979980968,318.4783399992739,253.76995099941269,861.1726029957936,161,95,3428,59,66,0.5583855831331146,0.913526194008981,0.6031746031746031,0.6168831168831169,0.5900621118012422,0.5854360059072244,0.016919988528821338,0.9830800114711786,0.042214912280701754,16.17324561403509,,,
selectivestream_r01_20261011,selectivestream_r01_20261011_offline_v2,pooled_snapshot,55,random,0.25,0,1,True,1,0894ecc682d8542bc48f6e2e58dee75acebf8205d332a0eb8f36ad0c52707731,128,3648,0.2576754385964912,0.24426627604157147,302.7804810026282,312.4159979997785,271.97196100223664,891.0833749996527,161,95,3428,59,66,0.5583855831331146,0.913526194008981,0.6031746031746031,0.6168831168831169,0.5900621118012422,0.5854360059072244,0.016919988528821338,0.9830800114711786,0.042214912280701754,16.17324561403509,,,
selectivestream_r01_20261011,selectivestream_r01_20261011_offline_v2,pooled_snapshot,55,random,0.25,0,2,True,1,0894ecc682d8542bc48f6e2e58dee75acebf8205d332a0eb8f36ad0c52707731,128,3648,0.2576754385964912,0.23731837417778137,288.3872139991581,301.55480100074783,272.0906869999453,865.7374290005464,161,95,3428,59,66,0.5583855831331146,0.913526194008981,0.6031746031746031,0.6168831168831169,0.5900621118012422,0.5854360059072244,0.016919988528821338,0.9830800114711786,0.042214912280701754,16.17324561403509,,,
selectivestream_r01_20261011,selectivestream_r01_20261011_offline_v2,pooled_snapshot,55,random,0.5,0,0,True,1,4af58940d98a62ce959b600aec7874cddc94194f6433d03729da94cc20e48efe,128,3648,0.5063048245614035,0.32524758305927653,301.1315600015223,577.1647639967341,304.41236999922694,1186.5031830002408,161,99,3415,72,62,0.5619206311182989,0.9138806605546422,0.5963855421686747,0.5789473684210527,0.6149068322981367,0.5774495769957947,0.020648121594493835,0.9793518784055062,0.046875,19.736842105263158,,,
selectivestream_r01_20261011,selectivestream_r01_20261011_offline_v2,pooled_snapshot,55,random,0.5,0,1,True,1,4af58940d98a62ce959b600aec7874cddc94194f6433d03729da94cc20e48efe,128,3648,0.5063048245614035,0.3200355951206216,294.82829099833907,570.0254850007695,298.603145000925,1167.4898510000276,161,99,3415,72,62,0.5619206311182989,0.9138806605546422,0.5963855421686747,0.5789473684210527,0.6149068322981367,0.5774495769957947,0.020648121594493835,0.9793518784055062,0.046875,19.736842105263158,,,
selectivestream_r01_20261011,selectivestream_r01_20261011_offline_v2,pooled_snapshot,55,random,0.5,0,2,True,1,4af58940d98a62ce959b600aec7874cddc94194f6433d03729da94cc20e48efe,128,3648,0.5063048245614035,0.3259063179833196,300.20855299972027,580.7954380006777,303.98469300052966,1188.9062480031498,161,99,3415,72,62,0.5619206311182989,0.9138806605546422,0.5963855421686747,0.5789473684210527,0.6149068322981367,0.5774495769957947,0.020648121594493835,0.9793518784055062,0.046875,19.736842105263158,,,
selectivestream_r01_20261011,selectivestream_r01_20261011_offline_v2,pooled_snapshot,55,random,0.75,0,0,True,1,64d5ec9c649b7508fa107ac62cae03957c8132792f7adeeb0cc8971331d8a930,128,3648,0.7623355263157895,0.4190554553167459,306.96514200008096,873.5987789959836,344.259499996042,1528.7143009954889,161,99,3417,70,62,0.5928323745108981,0.9173727794630276,0.6,0.5857988165680473,0.6149068322981367,0.5812498662691302,0.02007456266131345,0.9799254373386865,0.04632675438596491,19.18859649122807,,,
selectivestream_r01_20261011,selectivestream_r01_20261011_offline_v2,pooled_snapshot,55,random,0.75,0,1,True,1,64d5ec9c649b7508fa107ac62cae03957c8132792f7adeeb0cc8971331d8a930,128,3648,0.7623355263157895,0.4169938848682956,300.84550300034607,880.5307240027105,335.975297000914,1521.1936919995424,161,99,3417,70,62,0.5928323745108981,0.9173727794630276,0.6,0.5857988165680473,0.6149068322981367,0.5812498662691302,0.02007456266131345,0.9799254373386865,0.04632675438596491,19.18859649122807,,,
selectivestream_r01_20261011,selectivestream_r01_20261011_offline_v2,pooled_snapshot,55,random,0.75,0,2,True,1,64d5ec9c649b7508fa107ac62cae03957c8132792f7adeeb0cc8971331d8a930,128,3648,0.7623355263157895,0.41161472423231027,293.82549799902336,869.518150998374,334.2112350028401,1501.570513999468,161,99,3417,70,62,0.5928323745108981,0.9173727794630276,0.6,0.5857988165680473,0.6149068322981367,0.5812498662691302,0.02007456266131345,0.9799254373386865,0.04632675438596491,19.18859649122807,,,
selectivestream_r01_20261011,selectivestream_r01_20261011_offline_v2,pooled_snapshot,55,random,1.0,0,0,True,1,683b375bdf50a86b9382254265496304fa58e5ff230d44696eb8d68f583d616a,128,3648,1.0,0.4973470408444563,299.1466940029568,1146.7037219999838,364.4675239993376,1814.3220050005766,161,106,3417,70,55,0.5848503455946054,0.914232455241919,0.629080118694362,0.6022727272727273,0.6583850931677019,0.6118214920355959,0.02007456266131345,0.9799254373386865,0.04824561403508772,19.18859649122807,,,
selectivestream_r01_20261011,selectivestream_r01_20261011_offline_v2,pooled_snapshot,55,random,1.0,0,1,True,1,683b375bdf50a86b9382254265496304fa58e5ff230d44696eb8d68f583d616a,128,3648,1.0,0.49493593777464884,295.53004700119345,1135.678975000701,370.2335130001302,1805.526301001919,161,106,3417,70,55,0.5848503455946054,0.914232455241919,0.629080118694362,0.6022727272727273,0.6583850931677019,0.6118214920355959,0.02007456266131345,0.9799254373386865,0.04824561403508772,19.18859649122807,,,
selectivestream_r01_20261011,selectivestream_r01_20261011_offline_v2,pooled_snapshot,55,random,1.0,0,2,True,1,683b375bdf50a86b9382254265496304fa58e5ff230d44696eb8d68f583d616a,128,3648,1.0,0.5099873253843805,288.3776950020547,1214.1959540003882,353.6621390003347,1860.43376300222,161,106,3417,70,55,0.5848503455946054,0.914232455241919,0.629080118694362,0.6022727272727273,0.6583850931677019,0.6118214920355959,0.02007456266131345,0.9799254373386865,0.04824561403508772,19.18859649122807,,,
selectivestream_r01_20261011,selectivestream_r01_20261011_offline_v2,pooled_snapshot,55,random,0.0,1,0,True,1,c1319d33b9c3e7180e3bdf5d9847379b7ed973fcc202b54969692a0f0e656e6b,128,3648,0.0,0.077629084977977,279.2759610001667,0.1914470003612223,0.0731170002836734,283.1909019996601,161,75,3450,37,86,0.5608919992357245,0.9193927044016196,0.5494505494505495,0.6696428571428571,0.4658385093167702,0.5420039144551302,0.01061084026383711,0.9893891597361629,0.03070175438596491,10.142543859649123,,,
selectivestream_r01_20261011,selectivestream_r01_20261011_offline_v2,pooled_snapshot,55,random,0.0,1,1,True,1,c1319d33b9c3e7180e3bdf5d9847379b7ed973fcc202b54969692a0f0e656e6b,128,3648,0.0,0.07551192543898747,271.5765150041989,0.19935700402129441,0.07324499802052742,275.4675040014263,161,75,3450,37,86,0.5608919992357245,0.9193927044016196,0.5494505494505495,0.6696428571428571,0.4658385093167702,0.5420039144551302,0.01061084026383711,0.9893891597361629,0.03070175438596491,10.142543859649123,,,
selectivestream_r01_20261011,selectivestream_r01_20261011_offline_v2,pooled_snapshot,55,random,0.0,1,2,True,1,c1319d33b9c3e7180e3bdf5d9847379b7ed973fcc202b54969692a0f0e656e6b,128,3648,0.0,0.07770336513177872,279.63280600033613,0.19336100285727298,0.06878999920445494,283.4618760007288,161,75,3450,37,86,0.5608919992357245,0.9193927044016196,0.5494505494505495,0.6696428571428571,0.4658385093167702,0.5420039144551302,0.01061084026383711,0.9893891597361629,0.03070175438596491,10.142543859649123,,,
selectivestream_r01_20261011,selectivestream_r01_20261011_offline_v2,pooled_snapshot,55,random,0.1,1,0,True,1,9e64b20ab5785c3fb7ef9b4b3a60ed98681ef343a153490ac15e137afaa2c1ab,128,3648,0.09978070175438597,0.17629001343160572,272.80637999956525,130.03307199869596,236.50515800090943,643.1059689984977,161,100,3420,67,61,0.5688173456543612,0.9221669840240682,0.6097560975609756,0.5988023952095808,0.6211180124223602,0.5915013512849743,0.019214224261542873,0.9807857757384572,0.04577850877192982,18.36622807017544,,,
selectivestream_r01_20261011,selectivestream_r01_20261011_offline_v2,pooled_snapshot,55,random,0.1,1,1,True,1,9e64b20ab5785c3fb7ef9b4b3a60ed98681ef343a153490ac15e137afaa2c1ab,128,3648,0.09978070175438597,0.17719595970439722,282.46099700390914,125.34260399843333,234.9326490002568,646.410861001641,161,100,3420,67,61,0.5688173456543612,0.9221669840240682,0.6097560975609756,0.5988023952095808,0.6211180124223602,0.5915013512849743,0.019214224261542873,0.9807857757384572,0.04577850877192982,18.36622807017544,,,
selectivestream_r01_20261011,selectivestream_r01_20261011_offline_v2,pooled_snapshot,55,random,0.1,1,2,True,1,9e64b20ab5785c3fb7ef9b4b3a60ed98681ef343a153490ac15e137afaa2c1ab,128,3648,0.09978070175438597,0.16495620751125548,255.73732899920287,127.46220200097014,214.88652199877833,601.76024500106,161,100,3420,67,61,0.5688173456543612,0.9221669840240682,0.6097560975609756,0.5988023952095808,0.6211180124223602,0.5915013512849743,0.019214224261542873,0.9807857757384572,0.04577850877192982,18.36622807017544,,,
selectivestream_r01_20261011,selectivestream_r01_20261011_offline_v2,pooled_snapshot,55,random,0.25,1,0,True,1,5e932fb3d68bd559428d5fa5532e9b0d34ad2f84d18891b5519653039eccc43d,128,3648,0.24369517543859648,0.21198593393671872,260.8306760012056,283.09610900032567,225.39685900119366,773.3246870011499,161,83,3442,45,78,0.5729888145352944,0.9238181925056153,0.5743944636678201,0.6484375,0.515527950310559,0.5610542345425014,0.012905075996558647,0.9870949240034413,0.03508771929824561,12.335526315789474,,,
selectivestream_r01_20261011,selectivestream_r01_20261011_offline_v2,pooled_snapshot,55,random,0.25,1,1,True,1,5e932fb3d68bd559428d5fa5532e9b0d34ad2f84d18891b5519653039eccc43d,128,3648,0.24369517543859648,0.2149874657341275,267.02879799631773,288.1008859985741,225.55264699985855,784.2742749980971,161,83,3442,45,78,0.5729888145352944,0.9238181925056153,0.5743944636678201,0.6484375,0.515527950310559,0.5610542345425014,0.012905075996558647,0.9870949240034413,0.03508771929824561,12.335526315789474,,,
selectivestream_r01_20261011,selectivestream_r01_20261011_offline_v2,pooled_snapshot,55,random,0.25,1,2,True,1,5e932fb3d68bd559428d5fa5532e9b0d34ad2f84d18891b5519653039eccc43d,128,3648,0.24369517543859648,0.21775761896897325,274.8490180028966,287.26494100010314,228.47261100014293,794.3797939988144,161,83,3442,45,78,0.5729888145352944,0.9238181925056153,0.5743944636678201,0.6484375,0.515527950310559,0.5610542345425014,0.012905075996558647,0.9870949240034413,0.03508771929824561,12.335526315789474,,,
selectivestream_r01_20261011,selectivestream_r01_20261011_offline_v2,pooled_snapshot,55,random,0.5,1,0,True,1,45134a1f3ef41fcc03487624dc46470ba4d378d948566af3e2c5775d02213d54,128,3648,0.48327850877192985,0.3049194248903899,286.0778969998137,552.8236690015547,269.7098580019883,1112.3460620001424,161,96,3425,62,65,0.5752571990170408,0.918712271133064,0.6018808777429467,0.6075949367088608,0.5962732919254659,0.5837081224185172,0.017780326928591914,0.9822196730714081,0.04331140350877193,16.99561403508772,,,
selectivestream_r01_20261011,selectivestream_r01_20261011_offline_v2,pooled_snapshot,55,random,0.5,1,1,True,1,45134a1f3ef41fcc03487624dc46470ba4d378d948566af3e2c5775d02213d54,128,3648,0.48327850877192985,0.30399658360717075,281.3608390006266,552.3191919955934,271.46282799822075,1108.9795369989588,161,96,3425,62,65,0.5752571990170408,0.918712271133064,0.6018808777429467,0.6075949367088608,0.5962732919254659,0.5837081224185172,0.017780326928591914,0.9822196730714081,0.04331140350877193,16.99561403508772,,,
selectivestream_r01_20261011,selectivestream_r01_20261011_offline_v2,pooled_snapshot,55,random,0.5,1,2,True,1,45134a1f3ef41fcc03487624dc46470ba4d378d948566af3e2c5775d02213d54,128,3648,0.48327850877192985,0.30740571436513564,283.24707800129545,560.0361610040636,274.265877002108,1121.4160460040148,161,96,3425,62,65,0.5752571990170408,0.918712271133064,0.6018808777429467,0.6075949367088608,0.5962732919254659,0.5837081224185172,0.017780326928591914,0.9822196730714081,0.04331140350877193,16.99561403508772,,,
selectivestream_r01_20261011,selectivestream_r01_20261011_offline_v2,pooled_snapshot,55,random,0.75,1,0,True,1,311131194d14fe7d718ee0c4967f0b9ba26db8fb9bb3efcb7593739f56b7e30c,128,3648,0.746984649122807,0.39600706990066165,284.1047059991979,854.7937999983333,301.93561800115276,1444.6337909976137,161,105,3413,74,56,0.5726207999305263,0.9110369126141997,0.6176470588235294,0.5865921787709497,0.6521739130434783,0.599938492737798,0.02122168052767422,0.9787783194723257,0.04906798245614035,20.285087719298247,,,
selectivestream_r01_20261011,selectivestream_r01_20261011_offline_v2,pooled_snapshot,55,random,0.75,1,1,True,1,311131194d14fe7d718ee0c4967f0b9ba26db8fb9bb3efcb7593739f56b7e30c,128,3648,0.746984649122807,0.4006562456144218,279.4921670001713,884.686370000054,293.4449769973071,1461.5939840014107,161,105,3413,74,56,0.5726207999305263,0.9110369126141997,0.6176470588235294,0.5865921787709497,0.6521739130434783,0.599938492737798,0.02122168052767422,0.9787783194723257,0.04906798245614035,20.285087719298247,,,
selectivestream_r01_20261011,selectivestream_r01_20261011_offline_v2,pooled_snapshot,55,random,0.75,1,2,True,1,311131194d14fe7d718ee0c4967f0b9ba26db8fb9bb3efcb7593739f56b7e30c,128,3648,0.746984649122807,0.39429112609624145,284.42261099735333,843.1833940030629,306.88933100191207,1438.3740279990889,161,105,3413,74,56,0.5726207999305263,0.9110369126141997,0.6176470588235294,0.5865921787709497,0.6521739130434783,0.599938492737798,0.02122168052767422,0.9787783194723257,0.04906798245614035,20.285087719298247,,,
selectivestream_r01_20261011,selectivestream_r01_20261011_offline_v2,pooled_snapshot,55,random,1.0,1,0,True,1,48ee40699019ff96b57ea496e2f338781cf5beeaee005df24b2c27649de32ae3,128,3648,1.0,0.48261181661115515,296.19576599816355,1127.2241419992497,333.1383850008933,1760.567906997494,161,106,3417,70,55,0.5848503455946054,0.914232455241919,0.629080118694362,0.6022727272727273,0.6583850931677019,0.6118214920355959,0.02007456266131345,0.9799254373386865,0.04824561403508772,19.18859649122807,,,
selectivestream_r01_20261011,selectivestream_r01_20261011_offline_v2,pooled_snapshot,55,random,1.0,1,1,True,1,48ee40699019ff96b57ea496e2f338781cf5beeaee005df24b2c27649de32ae3,128,3648,1.0,0.48660041694086176,290.23059400060447,1144.6413480007323,336.05464799984475,1775.1183210002637,161,106,3417,70,55,0.5848503455946054,0.914232455241919,0.629080118694362,0.6022727272727273,0.6583850931677019,0.6118214920355959,0.02007456266131345,0.9799254373386865,0.04824561403508772,19.18859649122807,,,
selectivestream_r01_20261011,selectivestream_r01_20261011_offline_v2,pooled_snapshot,55,random,1.0,1,2,True,1,48ee40699019ff96b57ea496e2f338781cf5beeaee005df24b2c27649de32ae3,128,3648,1.0,0.48366232702914713,293.5559640000065,1128.9368869984173,338.0233829993813,1764.4001690023288,161,106,3417,70,55,0.5848503455946054,0.914232455241919,0.629080118694362,0.6022727272727273,0.6583850931677019,0.6118214920355959,0.02007456266131345,0.9799254373386865,0.04824561403508772,19.18859649122807,,,
selectivestream_r01_20261011,selectivestream_r01_20261011_offline_v2,pooled_snapshot,55,random,0.0,2,0,True,1,957bbfdcee66c941cee3b90fc0bfdc6db14c869a1b5ac37dff4f7fb0d15520ef,128,3648,0.0,0.07597511896923997,273.3925679985987,0.20174100245640147,0.06812199899286497,277.1572339997874,161,75,3450,37,86,0.5608919992357245,0.9193927044016196,0.5494505494505495,0.6696428571428571,0.4658385093167702,0.5420039144551302,0.01061084026383711,0.9893891597361629,0.03070175438596491,10.142543859649123,,,
selectivestream_r01_20261011,selectivestream_r01_20261011_offline_v2,pooled_snapshot,55,random,0.0,2,1,True,1,957bbfdcee66c941cee3b90fc0bfdc6db14c869a1b5ac37dff4f7fb0d15520ef,128,3648,0.0,0.06389667872771529,229.23891600203206,0.20233600207575364,0.07085099696269026,233.09508399870538,161,75,3450,37,86,0.5608919992357245,0.9193927044016196,0.5494505494505495,0.6696428571428571,0.4658385093167702,0.5420039144551302,0.01061084026383711,0.9893891597361629,0.03070175438596491,10.142543859649123,,,
selectivestream_r01_20261011,selectivestream_r01_20261011_offline_v2,pooled_snapshot,55,random,0.0,2,2,True,1,957bbfdcee66c941cee3b90fc0bfdc6db14c869a1b5ac37dff4f7fb0d15520ef,128,3648,0.0,0.051172170230485564,182.98934500035102,0.17774100069800625,0.06528299854835495,186.67607700081135,161,75,3450,37,86,0.5608919992357245,0.9193927044016196,0.5494505494505495,0.6696428571428571,0.4658385093167702,0.5420039144551302,0.01061084026383711,0.9893891597361629,0.03070175438596491,10.142543859649123,,,
selectivestream_r01_20261011,selectivestream_r01_20261011_offline_v2,pooled_snapshot,55,random,0.1,2,0,True,1,49a49a0346bab75c166e791450ce759b556b91ebd3e2c9c28b54dc9b440c497e,128,3648,0.10800438596491228,0.1432224928728394,206.23548699950334,136.96388600055798,175.6494509982076,522.4756540001181,161,60,3465,22,101,0.5705515419299289,0.9205335879317501,0.49382716049382713,0.7317073170731707,0.37267080745341613,0.507634737534615,0.006309148264984227,0.9936908517350158,0.022478070175438597,6.030701754385965,,,
selectivestream_r01_20261011,selectivestream_r01_20261011_offline_v2,pooled_snapshot,55,random,0.1,2,1,True,1,49a49a0346bab75c166e791450ce759b556b91ebd3e2c9c28b54dc9b440c497e,128,3648,0.10800438596491228,0.14524144627215632,207.5047429971164,132.36885899823392,186.36086100013927,529.8407960008262,161,60,3465,22,101,0.5705515419299289,0.9205335879317501,0.49382716049382713,0.7317073170731707,0.37267080745341613,0.507634737534615,0.006309148264984227,0.9936908517350158,0.022478070175438597,6.030701754385965,,,
selectivestream_r01_20261011,selectivestream_r01_20261011_offline_v2,pooled_snapshot,55,random,0.1,2,2,True,1,49a49a0346bab75c166e791450ce759b556b91ebd3e2c9c28b54dc9b440c497e,128,3648,0.10800438596491228,0.15612100219286412,234.3460199999754,133.57595800152922,197.98544899822446,569.5294159995683,161,60,3465,22,101,0.5705515419299289,0.9205335879317501,0.49382716049382713,0.7317073170731707,0.37267080745341613,0.507634737534615,0.006309148264984227,0.9936908517350158,0.022478070175438597,6.030701754385965,,,
selectivestream_r01_20261011,selectivestream_r01_20261011_offline_v2,pooled_snapshot,55,random,0.25,2,0,True,1,535fdaa52f1340eb0a413693af3dd7b2b19bda4f868be84cc18d5376a2ef9899,128,3648,0.2617872807017544,0.21603087061506407,257.2568770037833,308.3829399984097,218.50932699999248,788.0806160037537,161,70,3455,32,91,0.5726792695239564,0.9131717274633199,0.532319391634981,0.6862745098039216,0.43478260869565216,0.5302453405981757,0.009176942930886148,0.9908230570691139,0.027960526315789474,8.771929824561404,,,
selectivestream_r01_20261011,selectivestream_r01_20261011_offline_v2,pooled_snapshot,55,random,0.25,2,1,True,1,535fdaa52f1340eb0a413693af3dd7b2b19bda4f868be84cc18d5376a2ef9899,128,3648,0.2617872807017544,0.2178176376096038,261.38560100025643,311.2864630029435,218.26260799662123,794.5987419998346,161,70,3455,32,91,0.5726792695239564,0.9131717274633199,0.532319391634981,0.6862745098039216,0.43478260869565216,0.5302453405981757,0.009176942930886148,0.9908230570691139,0.027960526315789474,8.771929824561404,,,
selectivestream_r01_20261011,selectivestream_r01_20261011_offline_v2,pooled_snapshot,55,random,0.25,2,2,True,1,535fdaa52f1340eb0a413693af3dd7b2b19bda4f868be84cc18d5376a2ef9899,128,3648,0.2617872807017544,0.22377410553606056,271.6815139992832,305.6321179992665,235.17691800225293,816.327936995549,161,70,3455,32,91,0.5726792695239564,0.9131717274633199,0.532319391634981,0.6862745098039216,0.43478260869565216,0.5302453405981757,0.009176942930886148,0.9908230570691139,0.027960526315789474,8.771929824561404,,,
selectivestream_r01_20261011,selectivestream_r01_20261011_offline_v2,pooled_snapshot,55,random,0.5,2,0,True,1,ea4cdd024d0d6deccece56cd3e8ca027890cebf4d959a2915e7f0455ecb45cf1,128,3648,0.5117872807017544,0.31723840159059546,281.0047970015148,594.330962998356,278.189755998028,1157.2856890024923,161,57,3468,19,104,0.5661250208688215,0.9079714004278535,0.4810126582278481,0.75,0.35403726708074534,0.5012904057739894,0.0054488098652136505,0.9945511901347863,0.020833333333333332,5.208333333333333,,,
selectivestream_r01_20261011,selectivestream_r01_20261011_offline_v2,pooled_snapshot,55,random,0.5,2,1,True,1,ea4cdd024d0d6deccece56cd3e8ca027890cebf4d959a2915e7f0455ecb45cf1,128,3648,0.5117872807017544,0.31784981332256784,292.69281800134195,579.4081370013373,283.63859800083446,1159.5161190007275,161,57,3468,19,104,0.5661250208688215,0.9079714004278535,0.4810126582278481,0.75,0.35403726708074534,0.5012904057739894,0.0054488098652136505,0.9945511901347863,0.020833333333333332,5.208333333333333,,,
selectivestream_r01_20261011,selectivestream_r01_20261011_offline_v2,pooled_snapshot,55,random,0.5,2,2,True,1,ea4cdd024d0d6deccece56cd3e8ca027890cebf4d959a2915e7f0455ecb45cf1,128,3648,0.5117872807017544,0.31549146710574405,284.53710000030696,583.0811609994271,279.5180369994341,1150.9128720017543,161,57,3468,19,104,0.5661250208688215,0.9079714004278535,0.4810126582278481,0.75,0.35403726708074534,0.5012904057739894,0.0054488098652136505,0.9945511901347863,0.020833333333333332,5.208333333333333,,,
selectivestream_r01_20261011,selectivestream_r01_20261011_offline_v2,pooled_snapshot,55,random,0.75,2,0,True,1,8b2db8f49fa747798ce31b1d8d470a2fa71d1ea9599b829ceb92d2f9b2168f7f,128,3648,0.7541118421052632,0.3924022436940165,284.15529599988076,834.5728969979973,308.92548999963765,1431.4833849957722,161,105,3413,74,56,0.5816401367948926,0.9065410655727485,0.6176470588235294,0.5865921787709497,0.6521739130434783,0.599938492737798,0.02122168052767422,0.9787783194723257,0.04906798245614035,20.285087719298247,,,
selectivestream_r01_20261011,selectivestream_r01_20261011_offline_v2,pooled_snapshot,55,random,0.75,2,1,True,1,8b2db8f49fa747798ce31b1d8d470a2fa71d1ea9599b829ceb92d2f9b2168f7f,128,3648,0.7541118421052632,0.40364191145925543,293.23259200282337,855.280486997799,320.1609109992205,1472.4856930033638,161,105,3413,74,56,0.5816401367948926,0.9065410655727485,0.6176470588235294,0.5865921787709497,0.6521739130434783,0.599938492737798,0.02122168052767422,0.9787783194723257,0.04906798245614035,20.285087719298247,,,
selectivestream_r01_20261011,selectivestream_r01_20261011_offline_v2,pooled_snapshot,55,random,0.75,2,2,True,1,8b2db8f49fa747798ce31b1d8d470a2fa71d1ea9599b829ceb92d2f9b2168f7f,128,3648,0.7541118421052632,0.40181076864031273,298.1289609979285,826.0224609985016,337.7438159996018,1465.8056839998608,161,105,3413,74,56,0.5816401367948926,0.9065410655727485,0.6176470588235294,0.5865921787709497,0.6521739130434783,0.599938492737798,0.02122168052767422,0.9787783194723257,0.04906798245614035,20.285087719298247,,,
selectivestream_r01_20261011,selectivestream_r01_20261011_offline_v2,pooled_snapshot,55,random,1.0,2,0,True,1,30a017b02a414791388c28d4f8bacff0210ed379ed7464ba9ee6b5510b700c3f,128,3648,1.0,0.4921898031801974,293.6690090018601,1140.8606210006838,356.8312040006276,1795.50840200136,161,106,3417,70,55,0.5848503455946054,0.914232455241919,0.629080118694362,0.6022727272727273,0.6583850931677019,0.6118214920355959,0.02007456266131345,0.9799254373386865,0.04824561403508772,19.18859649122807,,,
selectivestream_r01_20261011,selectivestream_r01_20261011_offline_v2,pooled_snapshot,55,random,1.0,2,1,True,1,30a017b02a414791388c28d4f8bacff0210ed379ed7464ba9ee6b5510b700c3f,128,3648,1.0,0.48737556935326376,305.7520940019458,1101.1522119997608,367.0367279983111,1777.9460770007063,161,106,3417,70,55,0.5848503455946054,0.914232455241919,0.629080118694362,0.6022727272727273,0.6583850931677019,0.6118214920355959,0.02007456266131345,0.9799254373386865,0.04824561403508772,19.18859649122807,,,
selectivestream_r01_20261011,selectivestream_r01_20261011_offline_v2,pooled_snapshot,55,random,1.0,2,2,True,1,30a017b02a414791388c28d4f8bacff0210ed379ed7464ba9ee6b5510b700c3f,128,3648,1.0,0.4893551814682608,298.4736129974408,1127.2984130000623,355.4728869976316,1785.1677019962153,161,106,3417,70,55,0.5848503455946054,0.914232455241919,0.629080118694362,0.6022727272727273,0.6583850931677019,0.6118214920355959,0.02007456266131345,0.9799254373386865,0.04824561403508772,19.18859649122807,,,
selectivestream_r01_20261011,selectivestream_r01_20261011_offline_v2,pooled_snapshot,55,learned_benefit,0.0,0,0,True,1,b4f36039b17355c2b5a4bab96255a166124e0d96f8a0c2f146c5994e078fc4fa,128,3648,0.0,0.07645252138189064,267.0588940018206,0.15751399951113854,0.06288000258791726,278.89879800113704,161,75,3450,37,86,0.5608919992357245,0.9193927044016196,0.5494505494505495,0.6696428571428571,0.4658385093167702,0.5420039144551302,0.01061084026383711,0.9893891597361629,0.03070175438596491,10.142543859649123,,,
selectivestream_r01_20261011,selectivestream_r01_20261011_offline_v2,pooled_snapshot,55,learned_benefit,0.0,0,1,True,1,b4f36039b17355c2b5a4bab96255a166124e0d96f8a0c2f146c5994e078fc4fa,128,3648,0.0,0.07642697149123522,266.63181000003533,0.1699089998510317,0.06448999829444801,278.8055920000261,161,75,3450,37,86,0.5608919992357245,0.9193927044016196,0.5494505494505495,0.6696428571428571,0.4658385093167702,0.5420039144551302,0.01061084026383711,0.9893891597361629,0.03070175438596491,10.142543859649123,,,
selectivestream_r01_20261011,selectivestream_r01_20261011_offline_v2,pooled_snapshot,55,learned_benefit,0.0,0,2,True,1,b4f36039b17355c2b5a4bab96255a166124e0d96f8a0c2f146c5994e078fc4fa,128,3648,0.0,0.07685285773007172,268.01524399979826,0.17914900035975734,0.07094400189089356,280.35922499930166,161,75,3450,37,86,0.5608919992357245,0.9193927044016196,0.5494505494505495,0.6696428571428571,0.4658385093167702,0.5420039144551302,0.01061084026383711,0.9893891597361629,0.03070175438596491,10.142543859649123,,,
selectivestream_r01_20261011,selectivestream_r01_20261011_offline_v2,pooled_snapshot,55,learned_benefit,0.1,0,0,True,1,41bd14eb1bcdf970e4a057de46e7fb5e743471f093d343b2c5836385faddcac2,128,3648,0.03782894736842105,0.13708154769650113,250.35228499928053,59.75010799829761,177.5351580045026,500.0734859968361,161,52,3479,8,109,0.5718177602031094,0.9190133005110372,0.47058823529411764,0.8666666666666667,0.32298136645962733,0.5178674338648214,0.002294235732721537,0.9977057642672784,0.01644736842105263,2.192982456140351,,,
selectivestream_r01_20261011,selectivestream_r01_20261011_offline_v2,pooled_snapshot,55,learned_benefit,0.1,0,1,True,1,41bd14eb1bcdf970e4a057de46e7fb5e743471f093d343b2c5836385faddcac2,128,3648,0.03782894736842105,0.13077421189677807,242.88052200063248,55.23098000230675,166.70562900071673,477.0643249994464,161,52,3479,8,109,0.5718177602031094,0.9190133005110372,0.47058823529411764,0.8666666666666667,0.32298136645962733,0.5178674338648214,0.002294235732721537,0.9977057642672784,0.01644736842105263,2.192982456140351,,,
selectivestream_r01_20261011,selectivestream_r01_20261011_offline_v2,pooled_snapshot,55,learned_benefit,0.1,0,2,True,1,41bd14eb1bcdf970e4a057de46e7fb5e743471f093d343b2c5836385faddcac2,128,3648,0.03782894736842105,0.11836839062502286,215.1778950001244,49.602178996792645,155.50700199946732,431.8078890000834,161,52,3479,8,109,0.5718177602031094,0.9190133005110372,0.47058823529411764,0.8666666666666667,0.32298136645962733,0.5178674338648214,0.002294235732721537,0.9977057642672784,0.01644736842105263,2.192982456140351,,,
selectivestream_r01_20261011,selectivestream_r01_20261011_offline_v2,pooled_snapshot,55,learned_benefit,0.25,0,0,True,1,1af0cf16467b7ab68dadbf7ffd89af0c2f1473e0603ffbe7fdf78f2c0faf0198,128,3648,0.1356907894736842,0.17927761074475798,243.65511999894807,178.3478519992059,220.21826799937116,654.0047239968771,161,106,3418,69,55,0.5809553692831073,0.9165925968147886,0.6309523809523809,0.6057142857142858,0.6583850931677019,0.613754346149476,0.019787783194723258,0.9802122168052767,0.04797149122807018,18.914473684210527,,,
selectivestream_r01_20261011,selectivestream_r01_20261011_offline_v2,pooled_snapshot,55,learned_benefit,0.25,0,1,True,1,1af0cf16467b7ab68dadbf7ffd89af0c2f1473e0603ffbe7fdf78f2c0faf0198,128,3648,0.1356907894736842,0.17203738623849354,230.2074149993132,180.46046000017668,204.93783499750862,627.5923849980245,161,106,3418,69,55,0.5809553692831073,0.9165925968147886,0.6309523809523809,0.6057142857142858,0.6583850931677019,0.613754346149476,0.019787783194723258,0.9802122168052767,0.04797149122807018,18.914473684210527,,,
selectivestream_r01_20261011,selectivestream_r01_20261011_offline_v2,pooled_snapshot,55,learned_benefit,0.25,0,2,True,1,1af0cf16467b7ab68dadbf7ffd89af0c2f1473e0603ffbe7fdf78f2c0faf0198,128,3648,0.1356907894736842,0.19059256907900435,275.4132399986702,176.27493100007996,231.89930700300465,695.2816920002078,161,106,3418,69,55,0.5809553692831073,0.9165925968147886,0.6309523809523809,0.6057142857142858,0.6583850931677019,0.613754346149476,0.019787783194723258,0.9802122168052767,0.04797149122807018,18.914473684210527,,,
selectivestream_r01_20261011,selectivestream_r01_20261011_offline_v2,pooled_snapshot,55,learned_benefit,0.5,0,0,True,1,9e5d9934693ebc4066c747f4d6f0c0cc03069ba55b29fcbad1751e16029a156b,128,3648,0.4512061403508772,0.3071912335524542,285.02477899928635,543.5524660042574,279.6880849964509,1120.633619999353,161,106,3417,70,55,0.5875636154871361,0.911471534911392,0.629080118694362,0.6022727272727273,0.6583850931677019,0.6118214920355959,0.02007456266131345,0.9799254373386865,0.04824561403508772,19.18859649122807,,,
selectivestream_r01_20261011,selectivestream_r01_20261011_offline_v2,pooled_snapshot,55,learned_benefit,0.5,0,1,True,1,9e5d9934693ebc4066c747f4d6f0c0cc03069ba55b29fcbad1751e16029a156b,128,3648,0.4512061403508772,0.30796796820191885,289.53055400234007,523.4183479997228,298.8012960004198,1123.4671480006,161,106,3417,70,55,0.5875636154871361,0.911471534911392,0.629080118694362,0.6022727272727273,0.6583850931677019,0.6118214920355959,0.02007456266131345,0.9799254373386865,0.04824561403508772,19.18859649122807,,,
selectivestream_r01_20261011,selectivestream_r01_20261011_offline_v2,pooled_snapshot,55,learned_benefit,0.5,0,2,True,1,9e5d9934693ebc4066c747f4d6f0c0cc03069ba55b29fcbad1751e16029a156b,128,3648,0.4512061403508772,0.30765930427596805,293.69602700080577,519.0363849987989,297.81084599835594,1122.3411419987315,161,106,3417,70,55,0.5875636154871361,0.911471534911392,0.629080118694362,0.6022727272727273,0.6583850931677019,0.6118214920355959,0.02007456266131345,0.9799254373386865,0.04824561403508772,19.18859649122807,,,
selectivestream_r01_20261011,selectivestream_r01_20261011_offline_v2,pooled_snapshot,55,learned_benefit,0.75,0,0,True,1,64f4a1c51e7cb07423d59df8fd4616a1ecbd04cf8abad70ae5bf21d959052481,128,3648,0.7458881578947368,0.4096457730264746,300.7005429972196,841.9365330000801,339.9151170015102,1494.3877800005794,161,106,3417,70,55,0.585535559834998,0.9146261090438841,0.629080118694362,0.6022727272727273,0.6583850931677019,0.6118214920355959,0.02007456266131345,0.9799254373386865,0.04824561403508772,19.18859649122807,,,
selectivestream_r01_20261011,selectivestream_r01_20261011_offline_v2,pooled_snapshot,55,learned_benefit,0.75,0,1,True,1,64f4a1c51e7cb07423d59df8fd4616a1ecbd04cf8abad70ae5bf21d959052481,128,3648,0.7458881578947368,0.40645396271936096,296.7474619972563,845.9146079985658,328.43704499919113,1482.7440560002287,161,106,3417,70,55,0.585535559834998,0.9146261090438841,0.629080118694362,0.6022727272727273,0.6583850931677019,0.6118214920355959,0.02007456266131345,0.9799254373386865,0.04824561403508772,19.18859649122807,,,
selectivestream_r01_20261011,selectivestream_r01_20261011_offline_v2,pooled_snapshot,55,learned_benefit,0.75,0,2,True,1,64f4a1c51e7cb07423d59df8fd4616a1ecbd04cf8abad70ae5bf21d959052481,128,3648,0.7458881578947368,0.40569698245587515,289.4378679993679,842.2357960016598,336.4982359989881,1479.9825919990326,161,106,3417,70,55,0.585535559834998,0.9146261090438841,0.629080118694362,0.6022727272727273,0.6583850931677019,0.6118214920355959,0.02007456266131345,0.9799254373386865,0.04824561403508772,19.18859649122807,,,
selectivestream_r01_20261011,selectivestream_r01_20261011_offline_v2,pooled_snapshot,55,learned_benefit,1.0,0,0,True,1,3d828ce10f30db01f619dbd745f1d5f083c6c37191f8f8f76dbacd324a4d1572,128,3648,1.0,0.4990542478074196,298.06987599840795,1133.0048070003613,376.7989130001297,1820.5498960014665,161,106,3417,70,55,0.5848503455946054,0.914232455241919,0.629080118694362,0.6022727272727273,0.6583850931677019,0.6118214920355959,0.02007456266131345,0.9799254373386865,0.04824561403508772,19.18859649122807,,,
selectivestream_r01_20261011,selectivestream_r01_20261011_offline_v2,pooled_snapshot,55,learned_benefit,1.0,0,1,True,1,3d828ce10f30db01f619dbd745f1d5f083c6c37191f8f8f76dbacd324a4d1572,128,3648,1.0,0.4832873475874665,286.2480969979515,1102.3356600016996,362.311748999673,1763.0322439990778,161,106,3417,70,55,0.5848503455946054,0.914232455241919,0.629080118694362,0.6022727272727273,0.6583850931677019,0.6118214920355959,0.02007456266131345,0.9799254373386865,0.04824561403508772,19.18859649122807,,,
selectivestream_r01_20261011,selectivestream_r01_20261011_offline_v2,pooled_snapshot,55,learned_benefit,1.0,0,2,True,1,3d828ce10f30db01f619dbd745f1d5f083c6c37191f8f8f76dbacd324a4d1572,128,3648,1.0,0.49302827713853203,298.9770080012022,1123.4597069997108,363.9736629984327,1798.5671550013649,161,106,3417,70,55,0.5848503455946054,0.914232455241919,0.629080118694362,0.6022727272727273,0.6583850931677019,0.6118214920355959,0.02007456266131345,0.9799254373386865,0.04824561403508772,19.18859649122807,,,
