seed,split,chain_scope,policy_family,mc_T,deep_rate,N_direct,N_deep,N_fraud_direct,policy_config_id,N,N_positive,N_negative,tp,tn,fp,fn,f1,precision,fraud_recall,fnr,mcc,pr_auc,roc_auc,balanced_accuracy,undefined_reason,evidence_lane,prediction_unit,evaluation_population_id,dataset_version,split_id,model_id,calibration_id,threshold_id,fusion_id,prefix_id,replay_id,warmup_events,measurement_type,git_sha,config_sha256,experiment_id,canonical_row_id,frozen_selection_id,display_name,scientific_scope
11,validation,pooled,direct_only,1,0.0,3648,0,393,7b8818842faea375992cf8ee1c4131cda269eb1609ff58a590d6a676e8bb5a26,3648,393,3255,314,3178,77,79,0.8010204081632653,0.80306905370844,0.7989821882951654,0.2010178117048346,0.7770679828078988,0.859855630801124,0.9375835961898508,0.8876631371583354,,offline_contract_detection,contract,040303b940bba72688c9650a71798efe1544b592865e768daba734b220a4018f,frozen-GoG-bounded-cache-0fff3b048f96,validation,41f1973c3022845a3692cc5d27587cbf88230685ecf193d9074d3d684bd99ec3,1961e4b13a4b1bbc9281d5db03816c1cc98f9f0c25370ba639db69498810db5f,5e9b8325b94d43531783668bdd40cd601d1a2e91923729f23fff189507b423a4,06bad31060c1212ae832de4c031f7b31e3b48aed57858294478cb19450cf34ca,not_applicable,not_applicable,0,predictive,87f377e3753a8ee6111f8617dab3acab94c54a1d,a64ed75fc67d4ebac69374cd08f30e2e71c2afdccb8d264ff6a398444c6a8d08,4eb7d106d72c14c288f9ebd0f678fd872afc7af129ba433cc6a3f0d89a572b11,4eb7d106d72c14c288f9,34f9023642ac84280e1da7c555db7248d6e64322079f4779768fb211214e934d,Local fast path only,held-out contract; strict historical reference eligibility
11,validation,ethereum,direct_only,1,0.0,2170,0,361,7b8818842faea375992cf8ee1c4131cda269eb1609ff58a590d6a676e8bb5a26,2170,361,1809,307,1763,46,54,0.8599439775910365,0.8696883852691218,0.850415512465374,0.149584487534626,0.8324443791647232,0.9105536639924888,0.9498598114383454,0.9124935494886296,,offline_contract_detection,contract,edaf860076378fc4cb95f0dd08db895326e0dfbcdc87ada24e75d165c9014778,frozen-GoG-bounded-cache-0fff3b048f96,validation,41f1973c3022845a3692cc5d27587cbf88230685ecf193d9074d3d684bd99ec3,1961e4b13a4b1bbc9281d5db03816c1cc98f9f0c25370ba639db69498810db5f,5e9b8325b94d43531783668bdd40cd601d1a2e91923729f23fff189507b423a4,06bad31060c1212ae832de4c031f7b31e3b48aed57858294478cb19450cf34ca,not_applicable,not_applicable,0,predictive,87f377e3753a8ee6111f8617dab3acab94c54a1d,a64ed75fc67d4ebac69374cd08f30e2e71c2afdccb8d264ff6a398444c6a8d08,b846f05992943ce1d0c9db3067b6cb99f0c5f8c9843b568434789c88b160bbde,b846f05992943ce1d0c9,34f9023642ac84280e1da7c555db7248d6e64322079f4779768fb211214e934d,Local fast path only,held-out contract; strict historical reference eligibility
11,validation,bsc,direct_only,1,0.0,1125,0,31,7b8818842faea375992cf8ee1c4131cda269eb1609ff58a590d6a676e8bb5a26,1125,31,1094,7,1068,26,24,0.21875,0.2121212121212121,0.2258064516129032,0.7741935483870968,0.1960015732152937,0.1579388871033166,0.7900277171669516,0.6010202276346052,,offline_contract_detection,contract,48e8947fb1eac4d259abab9a80155c82885cbb490f27a341e231b6ebfc2cac73,frozen-GoG-bounded-cache-0fff3b048f96,validation,41f1973c3022845a3692cc5d27587cbf88230685ecf193d9074d3d684bd99ec3,1961e4b13a4b1bbc9281d5db03816c1cc98f9f0c25370ba639db69498810db5f,5e9b8325b94d43531783668bdd40cd601d1a2e91923729f23fff189507b423a4,06bad31060c1212ae832de4c031f7b31e3b48aed57858294478cb19450cf34ca,not_applicable,not_applicable,0,predictive,87f377e3753a8ee6111f8617dab3acab94c54a1d,a64ed75fc67d4ebac69374cd08f30e2e71c2afdccb8d264ff6a398444c6a8d08,ac607c592c4462eaf429b0f608cb89659670c966453d343a3d9db9340f310631,ac607c592c4462eaf429,34f9023642ac84280e1da7c555db7248d6e64322079f4779768fb211214e934d,Local fast path only,held-out contract; strict historical reference eligibility
11,validation,polygon,direct_only,1,0.0,353,0,1,7b8818842faea375992cf8ee1c4131cda269eb1609ff58a590d6a676e8bb5a26,353,1,352,0,347,5,1,0.0,0.0,0.0,1.0,-0.0063888699589318,0.0099009900990099,0.7159090909090908,0.4928977272727273,,offline_contract_detection,contract,410abef9e0bda6e6885592c5220658bd9734637436768627288079eb5a2fdc7c,frozen-GoG-bounded-cache-0fff3b048f96,validation,41f1973c3022845a3692cc5d27587cbf88230685ecf193d9074d3d684bd99ec3,1961e4b13a4b1bbc9281d5db03816c1cc98f9f0c25370ba639db69498810db5f,5e9b8325b94d43531783668bdd40cd601d1a2e91923729f23fff189507b423a4,06bad31060c1212ae832de4c031f7b31e3b48aed57858294478cb19450cf34ca,not_applicable,not_applicable,0,predictive,87f377e3753a8ee6111f8617dab3acab94c54a1d,a64ed75fc67d4ebac69374cd08f30e2e71c2afdccb8d264ff6a398444c6a8d08,9e9110217713808247efa4aca91d047bbb860df4c9d2f39b5a8bcb5cb7e878a9,9e9110217713808247ef,34f9023642ac84280e1da7c555db7248d6e64322079f4779768fb211214e934d,Local fast path only,held-out contract; strict historical reference eligibility
11,validation,pooled,primary,1,0.050438596491228,3464,184,333,9ebcdb90284f564441fcd528b7a9a5976e65fe39897b1096d39e1984d9d23888,3648,393,3255,317,3181,74,76,0.8086734693877551,0.8107416879795396,0.806615776081425,0.193384223918575,0.7856424482582522,0.8599215036841437,0.9376336268727306,0.8919407605445527,,offline_contract_detection,contract,040303b940bba72688c9650a71798efe1544b592865e768daba734b220a4018f,frozen-GoG-bounded-cache-0fff3b048f96,validation,41f1973c3022845a3692cc5d27587cbf88230685ecf193d9074d3d684bd99ec3,1961e4b13a4b1bbc9281d5db03816c1cc98f9f0c25370ba639db69498810db5f,5e9b8325b94d43531783668bdd40cd601d1a2e91923729f23fff189507b423a4,06bad31060c1212ae832de4c031f7b31e3b48aed57858294478cb19450cf34ca,not_applicable,not_applicable,0,predictive,87f377e3753a8ee6111f8617dab3acab94c54a1d,a64ed75fc67d4ebac69374cd08f30e2e71c2afdccb8d264ff6a398444c6a8d08,d71d3cae14f89ffaec44eb0bb77fc1e1fa8aefcd4a2d0eae14dc32d5564267b0,d71d3cae14f89ffaec44,34f9023642ac84280e1da7c555db7248d6e64322079f4779768fb211214e934d,Primary selective policy,held-out contract; strict historical reference eligibility
11,validation,ethereum,primary,1,0.06036866359447,2039,131,312,9ebcdb90284f564441fcd528b7a9a5976e65fe39897b1096d39e1984d9d23888,2170,361,1809,309,1764,45,52,0.8643356643356643,0.8728813559322034,0.8559556786703602,0.1440443213296399,0.837637654532317,0.9111239966040396,0.949994563960744,0.9155400283899064,,offline_contract_detection,contract,edaf860076378fc4cb95f0dd08db895326e0dfbcdc87ada24e75d165c9014778,frozen-GoG-bounded-cache-0fff3b048f96,validation,41f1973c3022845a3692cc5d27587cbf88230685ecf193d9074d3d684bd99ec3,1961e4b13a4b1bbc9281d5db03816c1cc98f9f0c25370ba639db69498810db5f,5e9b8325b94d43531783668bdd40cd601d1a2e91923729f23fff189507b423a4,06bad31060c1212ae832de4c031f7b31e3b48aed57858294478cb19450cf34ca,not_applicable,not_applicable,0,predictive,87f377e3753a8ee6111f8617dab3acab94c54a1d,a64ed75fc67d4ebac69374cd08f30e2e71c2afdccb8d264ff6a398444c6a8d08,1ea17aa65c969540984f7a1f928a206bcd71a0d3b622a8827f11c8c1aefb6b17,1ea17aa65c969540984f,34f9023642ac84280e1da7c555db7248d6e64322079f4779768fb211214e934d,Primary selective policy,held-out contract; strict historical reference eligibility
11,validation,bsc,primary,1,0.0364444444444444,1084,41,20,9ebcdb90284f564441fcd528b7a9a5976e65fe39897b1096d39e1984d9d23888,1125,31,1094,8,1071,23,23,0.2580645161290322,0.2580645161290322,0.2580645161290322,0.7419354838709677,0.2370407501326885,0.1597073635636844,0.7902046352538774,0.6185203750663443,,offline_contract_detection,contract,48e8947fb1eac4d259abab9a80155c82885cbb490f27a341e231b6ebfc2cac73,frozen-GoG-bounded-cache-0fff3b048f96,validation,41f1973c3022845a3692cc5d27587cbf88230685ecf193d9074d3d684bd99ec3,1961e4b13a4b1bbc9281d5db03816c1cc98f9f0c25370ba639db69498810db5f,5e9b8325b94d43531783668bdd40cd601d1a2e91923729f23fff189507b423a4,06bad31060c1212ae832de4c031f7b31e3b48aed57858294478cb19450cf34ca,not_applicable,not_applicable,0,predictive,87f377e3753a8ee6111f8617dab3acab94c54a1d,a64ed75fc67d4ebac69374cd08f30e2e71c2afdccb8d264ff6a398444c6a8d08,e87e075262d29ed4ede08e5651e8bb13d91b614c577ea15a2600bf165e5c7954,e87e075262d29ed4ede0,34f9023642ac84280e1da7c555db7248d6e64322079f4779768fb211214e934d,Primary selective policy,held-out contract; strict historical reference eligibility
11,validation,polygon,primary,1,0.0339943342776204,341,12,1,9ebcdb90284f564441fcd528b7a9a5976e65fe39897b1096d39e1984d9d23888,353,1,352,0,346,6,1,0.0,0.0,0.0,1.0,-0.0070087336511841,0.0099009900990099,0.7159090909090908,0.4914772727272727,,offline_contract_detection,contract,410abef9e0bda6e6885592c5220658bd9734637436768627288079eb5a2fdc7c,frozen-GoG-bounded-cache-0fff3b048f96,validation,41f1973c3022845a3692cc5d27587cbf88230685ecf193d9074d3d684bd99ec3,1961e4b13a4b1bbc9281d5db03816c1cc98f9f0c25370ba639db69498810db5f,5e9b8325b94d43531783668bdd40cd601d1a2e91923729f23fff189507b423a4,06bad31060c1212ae832de4c031f7b31e3b48aed57858294478cb19450cf34ca,not_applicable,not_applicable,0,predictive,87f377e3753a8ee6111f8617dab3acab94c54a1d,a64ed75fc67d4ebac69374cd08f30e2e71c2afdccb8d264ff6a398444c6a8d08,6b1d424579b207ba7c06952dce093e8d7c452f37892639d31cafb93cd007c355,6b1d424579b207ba7c06,34f9023642ac84280e1da7c555db7248d6e64322079f4779768fb211214e934d,Primary selective policy,held-out contract; strict historical reference eligibility
11,validation,pooled,full_deep,1,1.0,0,3648,0,7b57b77bf8289761dc4d02213997794643bbfb2cfe0e46894efae5133f7772d6,3648,393,3255,316,3181,74,77,0.8071519795657727,0.8102564102564103,0.8040712468193384,0.1959287531806615,0.7839751814248025,0.8642874213136157,0.9500873582626844,0.8906684959135094,,offline_contract_detection,contract,040303b940bba72688c9650a71798efe1544b592865e768daba734b220a4018f,frozen-GoG-bounded-cache-0fff3b048f96,validation,41f1973c3022845a3692cc5d27587cbf88230685ecf193d9074d3d684bd99ec3,1961e4b13a4b1bbc9281d5db03816c1cc98f9f0c25370ba639db69498810db5f,5e9b8325b94d43531783668bdd40cd601d1a2e91923729f23fff189507b423a4,06bad31060c1212ae832de4c031f7b31e3b48aed57858294478cb19450cf34ca,not_applicable,not_applicable,0,predictive,87f377e3753a8ee6111f8617dab3acab94c54a1d,a64ed75fc67d4ebac69374cd08f30e2e71c2afdccb8d264ff6a398444c6a8d08,27d8200e1a78f3286d3c84484295b96be83a140e90252ec59b1b9a4c0cbc449e,27d8200e1a78f3286d3c,34f9023642ac84280e1da7c555db7248d6e64322079f4779768fb211214e934d,Full relational inference,held-out contract; strict historical reference eligibility
11,validation,ethereum,full_deep,1,1.0,0,2170,0,7b57b77bf8289761dc4d02213997794643bbfb2cfe0e46894efae5133f7772d6,2170,361,1809,308,1764,45,53,0.8627450980392157,0.8725212464589235,0.853185595567867,0.1468144044321329,0.8357972902225609,0.9139943801436732,0.9625709556250756,0.9141549868386598,,offline_contract_detection,contract,edaf860076378fc4cb95f0dd08db895326e0dfbcdc87ada24e75d165c9014778,frozen-GoG-bounded-cache-0fff3b048f96,validation,41f1973c3022845a3692cc5d27587cbf88230685ecf193d9074d3d684bd99ec3,1961e4b13a4b1bbc9281d5db03816c1cc98f9f0c25370ba639db69498810db5f,5e9b8325b94d43531783668bdd40cd601d1a2e91923729f23fff189507b423a4,06bad31060c1212ae832de4c031f7b31e3b48aed57858294478cb19450cf34ca,not_applicable,not_applicable,0,predictive,87f377e3753a8ee6111f8617dab3acab94c54a1d,a64ed75fc67d4ebac69374cd08f30e2e71c2afdccb8d264ff6a398444c6a8d08,80718419019ea4b700e77d449918fd246475ea1f5bfe5e8a0c82bc3005a76e44,80718419019ea4b700e7,34f9023642ac84280e1da7c555db7248d6e64322079f4779768fb211214e934d,Full relational inference,held-out contract; strict historical reference eligibility
11,validation,bsc,full_deep,1,1.0,0,1125,0,7b57b77bf8289761dc4d02213997794643bbfb2cfe0e46894efae5133f7772d6,1125,31,1094,8,1071,23,23,0.2580645161290322,0.2580645161290322,0.2580645161290322,0.7419354838709677,0.2370407501326885,0.1711912561782146,0.7997287256000473,0.6185203750663443,,offline_contract_detection,contract,48e8947fb1eac4d259abab9a80155c82885cbb490f27a341e231b6ebfc2cac73,frozen-GoG-bounded-cache-0fff3b048f96,validation,41f1973c3022845a3692cc5d27587cbf88230685ecf193d9074d3d684bd99ec3,1961e4b13a4b1bbc9281d5db03816c1cc98f9f0c25370ba639db69498810db5f,5e9b8325b94d43531783668bdd40cd601d1a2e91923729f23fff189507b423a4,06bad31060c1212ae832de4c031f7b31e3b48aed57858294478cb19450cf34ca,not_applicable,not_applicable,0,predictive,87f377e3753a8ee6111f8617dab3acab94c54a1d,a64ed75fc67d4ebac69374cd08f30e2e71c2afdccb8d264ff6a398444c6a8d08,73465f696e792f7507669fc2cbb2b9700addb9cc995dae032c75497c768497df,73465f696e792f750766,34f9023642ac84280e1da7c555db7248d6e64322079f4779768fb211214e934d,Full relational inference,held-out contract; strict historical reference eligibility
11,validation,polygon,full_deep,1,1.0,0,353,0,7b57b77bf8289761dc4d02213997794643bbfb2cfe0e46894efae5133f7772d6,353,1,352,0,346,6,1,0.0,0.0,0.0,1.0,-0.0070087336511841,0.0060975609756097,0.5369318181818181,0.4914772727272727,,offline_contract_detection,contract,410abef9e0bda6e6885592c5220658bd9734637436768627288079eb5a2fdc7c,frozen-GoG-bounded-cache-0fff3b048f96,validation,41f1973c3022845a3692cc5d27587cbf88230685ecf193d9074d3d684bd99ec3,1961e4b13a4b1bbc9281d5db03816c1cc98f9f0c25370ba639db69498810db5f,5e9b8325b94d43531783668bdd40cd601d1a2e91923729f23fff189507b423a4,06bad31060c1212ae832de4c031f7b31e3b48aed57858294478cb19450cf34ca,not_applicable,not_applicable,0,predictive,87f377e3753a8ee6111f8617dab3acab94c54a1d,a64ed75fc67d4ebac69374cd08f30e2e71c2afdccb8d264ff6a398444c6a8d08,f4dd09152118ac0d55b549aeb843df00124dc0baa73bf17d60e6c78b57741f8a,f4dd09152118ac0d55b5,34f9023642ac84280e1da7c555db7248d6e64322079f4779768fb211214e934d,Full relational inference,held-out contract; strict historical reference eligibility
11,test,pooled,direct_only,1,0.0,3648,0,161,7b8818842faea375992cf8ee1c4131cda269eb1609ff58a590d6a676e8bb5a26,3648,161,3487,80,3448,39,81,0.5714285714285714,0.6722689075630253,0.4968944099378882,0.5031055900621118,0.5615864963889288,0.6485666898938883,0.900672773941187,0.7428550053704354,,offline_contract_detection,contract,cad8767b7ffb5c876a00c90d847d61be595ac2c9b4a71e92e62462778b62b488,frozen-GoG-bounded-cache-0fff3b048f96,test,41f1973c3022845a3692cc5d27587cbf88230685ecf193d9074d3d684bd99ec3,1961e4b13a4b1bbc9281d5db03816c1cc98f9f0c25370ba639db69498810db5f,5e9b8325b94d43531783668bdd40cd601d1a2e91923729f23fff189507b423a4,06bad31060c1212ae832de4c031f7b31e3b48aed57858294478cb19450cf34ca,not_applicable,not_applicable,0,predictive,87f377e3753a8ee6111f8617dab3acab94c54a1d,a64ed75fc67d4ebac69374cd08f30e2e71c2afdccb8d264ff6a398444c6a8d08,0673e48ad27cea0acdf77b32d4d4e8af4555254c14515ec39aded5dd5cf3ab21,0673e48ad27cea0acdf7,34f9023642ac84280e1da7c555db7248d6e64322079f4779768fb211214e934d,Local fast path only,held-out contract; strict historical reference eligibility
11,test,ethereum,direct_only,1,0.0,2170,0,136,7b8818842faea375992cf8ee1c4131cda269eb1609ff58a590d6a676e8bb5a26,2170,136,2034,77,2012,22,59,0.6553191489361702,0.7777777777777778,0.5661764705882353,0.4338235294117647,0.645077876488387,0.7521530481596477,0.9240810631037074,0.7776801723639308,,offline_contract_detection,contract,b5390b085970b2e07f65fbf1106c7994bf469ab00e90f34bb343a6a7f49f8cd8,frozen-GoG-bounded-cache-0fff3b048f96,test,41f1973c3022845a3692cc5d27587cbf88230685ecf193d9074d3d684bd99ec3,1961e4b13a4b1bbc9281d5db03816c1cc98f9f0c25370ba639db69498810db5f,5e9b8325b94d43531783668bdd40cd601d1a2e91923729f23fff189507b423a4,06bad31060c1212ae832de4c031f7b31e3b48aed57858294478cb19450cf34ca,not_applicable,not_applicable,0,predictive,87f377e3753a8ee6111f8617dab3acab94c54a1d,a64ed75fc67d4ebac69374cd08f30e2e71c2afdccb8d264ff6a398444c6a8d08,c4457700469f3f703fc2f543027276ada78aefd126921e79558545729e93c7f2,c4457700469f3f703fc2,34f9023642ac84280e1da7c555db7248d6e64322079f4779768fb211214e934d,Local fast path only,held-out contract; strict historical reference eligibility
11,test,bsc,direct_only,1,0.0,1125,0,25,7b8818842faea375992cf8ee1c4131cda269eb1609ff58a590d6a676e8bb5a26,1125,25,1100,3,1086,14,22,0.1428571428571428,0.1764705882352941,0.12,0.88,0.1296168098068514,0.1908040963769107,0.7876,0.5536363636363637,,offline_contract_detection,contract,6fb0bc38ab6aaca902bad4b2877d1f4a8259132c97f26d322eb0fccb403e2773,frozen-GoG-bounded-cache-0fff3b048f96,test,41f1973c3022845a3692cc5d27587cbf88230685ecf193d9074d3d684bd99ec3,1961e4b13a4b1bbc9281d5db03816c1cc98f9f0c25370ba639db69498810db5f,5e9b8325b94d43531783668bdd40cd601d1a2e91923729f23fff189507b423a4,06bad31060c1212ae832de4c031f7b31e3b48aed57858294478cb19450cf34ca,not_applicable,not_applicable,0,predictive,87f377e3753a8ee6111f8617dab3acab94c54a1d,a64ed75fc67d4ebac69374cd08f30e2e71c2afdccb8d264ff6a398444c6a8d08,364b7cae17c3e53b269a369f364b63e64242c83683ed70068da5a64d5104996b,364b7cae17c3e53b269a,34f9023642ac84280e1da7c555db7248d6e64322079f4779768fb211214e934d,Local fast path only,held-out contract; strict historical reference eligibility
11,test,polygon,direct_only,1,0.0,353,0,0,7b8818842faea375992cf8ee1c4131cda269eb1609ff58a590d6a676e8bb5a26,353,0,353,0,350,3,0,0.0,0.0,0.0,0.0,0.0,,,,single-class support,offline_contract_detection,contract,149a9a8d1b6ad8bbd483625a6b6907db9038675a60e85761a037939afd064816,frozen-GoG-bounded-cache-0fff3b048f96,test,41f1973c3022845a3692cc5d27587cbf88230685ecf193d9074d3d684bd99ec3,1961e4b13a4b1bbc9281d5db03816c1cc98f9f0c25370ba639db69498810db5f,5e9b8325b94d43531783668bdd40cd601d1a2e91923729f23fff189507b423a4,06bad31060c1212ae832de4c031f7b31e3b48aed57858294478cb19450cf34ca,not_applicable,not_applicable,0,predictive,87f377e3753a8ee6111f8617dab3acab94c54a1d,a64ed75fc67d4ebac69374cd08f30e2e71c2afdccb8d264ff6a398444c6a8d08,434b5695b21802f5a6992324c4e30afa8f8163a471a6ddbb2fbc43281fe844e9,434b5695b21802f5a699,34f9023642ac84280e1da7c555db7248d6e64322079f4779768fb211214e934d,Local fast path only,held-out contract; strict historical reference eligibility
11,test,pooled,primary,1,0.0326206140350877,3529,119,99,9ebcdb90284f564441fcd528b7a9a5976e65fe39897b1096d39e1984d9d23888,3648,161,3487,82,3455,32,79,0.5963636363636363,0.7192982456140351,0.5093167701863354,0.4906832298136646,0.5903976949316287,0.6647002179553627,0.9015331123409576,0.7500699136277247,,offline_contract_detection,contract,cad8767b7ffb5c876a00c90d847d61be595ac2c9b4a71e92e62462778b62b488,frozen-GoG-bounded-cache-0fff3b048f96,test,41f1973c3022845a3692cc5d27587cbf88230685ecf193d9074d3d684bd99ec3,1961e4b13a4b1bbc9281d5db03816c1cc98f9f0c25370ba639db69498810db5f,5e9b8325b94d43531783668bdd40cd601d1a2e91923729f23fff189507b423a4,06bad31060c1212ae832de4c031f7b31e3b48aed57858294478cb19450cf34ca,not_applicable,not_applicable,0,predictive,87f377e3753a8ee6111f8617dab3acab94c54a1d,a64ed75fc67d4ebac69374cd08f30e2e71c2afdccb8d264ff6a398444c6a8d08,5d3204ae6873413661c6ae551bf0f8223f233cfead14c3f6f014db2f651ce69e,5d3204ae6873413661c6,34f9023642ac84280e1da7c555db7248d6e64322079f4779768fb211214e934d,Primary selective policy,held-out contract; strict historical reference eligibility
11,test,ethereum,primary,1,0.0382488479262672,2087,83,85,9ebcdb90284f564441fcd528b7a9a5976e65fe39897b1096d39e1984d9d23888,2170,136,2034,75,2014,20,61,0.6493506493506493,0.7894736842105263,0.5514705882352942,0.4485294117647059,0.6416275420167189,0.7599043872187123,0.9245907802649084,0.7708188732720227,,offline_contract_detection,contract,b5390b085970b2e07f65fbf1106c7994bf469ab00e90f34bb343a6a7f49f8cd8,frozen-GoG-bounded-cache-0fff3b048f96,test,41f1973c3022845a3692cc5d27587cbf88230685ecf193d9074d3d684bd99ec3,1961e4b13a4b1bbc9281d5db03816c1cc98f9f0c25370ba639db69498810db5f,5e9b8325b94d43531783668bdd40cd601d1a2e91923729f23fff189507b423a4,06bad31060c1212ae832de4c031f7b31e3b48aed57858294478cb19450cf34ca,not_applicable,not_applicable,0,predictive,87f377e3753a8ee6111f8617dab3acab94c54a1d,a64ed75fc67d4ebac69374cd08f30e2e71c2afdccb8d264ff6a398444c6a8d08,8cea1fa09d49af95f7da143177cb325b092ec9efb856e8474f9bae43fff55af3,8cea1fa09d49af95f7da,34f9023642ac84280e1da7c555db7248d6e64322079f4779768fb211214e934d,Primary selective policy,held-out contract; strict historical reference eligibility
11,test,bsc,primary,1,0.0266666666666666,1095,30,14,9ebcdb90284f564441fcd528b7a9a5976e65fe39897b1096d39e1984d9d23888,1125,25,1100,7,1089,11,18,0.3255813953488372,0.3888888888888889,0.28,0.72,0.3171904098448769,0.2234613072585566,0.7894181818181818,0.635,,offline_contract_detection,contract,6fb0bc38ab6aaca902bad4b2877d1f4a8259132c97f26d322eb0fccb403e2773,frozen-GoG-bounded-cache-0fff3b048f96,test,41f1973c3022845a3692cc5d27587cbf88230685ecf193d9074d3d684bd99ec3,1961e4b13a4b1bbc9281d5db03816c1cc98f9f0c25370ba639db69498810db5f,5e9b8325b94d43531783668bdd40cd601d1a2e91923729f23fff189507b423a4,06bad31060c1212ae832de4c031f7b31e3b48aed57858294478cb19450cf34ca,not_applicable,not_applicable,0,predictive,87f377e3753a8ee6111f8617dab3acab94c54a1d,a64ed75fc67d4ebac69374cd08f30e2e71c2afdccb8d264ff6a398444c6a8d08,75d39cc3b20281d4740834c9e4d1114721299f7b39fcf078198e75672867930c,75d39cc3b20281d47408,34f9023642ac84280e1da7c555db7248d6e64322079f4779768fb211214e934d,Primary selective policy,held-out contract; strict historical reference eligibility
11,test,polygon,primary,1,0.0169971671388102,347,6,0,9ebcdb90284f564441fcd528b7a9a5976e65fe39897b1096d39e1984d9d23888,353,0,353,0,352,1,0,0.0,0.0,0.0,0.0,0.0,,,,single-class support,offline_contract_detection,contract,149a9a8d1b6ad8bbd483625a6b6907db9038675a60e85761a037939afd064816,frozen-GoG-bounded-cache-0fff3b048f96,test,41f1973c3022845a3692cc5d27587cbf88230685ecf193d9074d3d684bd99ec3,1961e4b13a4b1bbc9281d5db03816c1cc98f9f0c25370ba639db69498810db5f,5e9b8325b94d43531783668bdd40cd601d1a2e91923729f23fff189507b423a4,06bad31060c1212ae832de4c031f7b31e3b48aed57858294478cb19450cf34ca,not_applicable,not_applicable,0,predictive,87f377e3753a8ee6111f8617dab3acab94c54a1d,a64ed75fc67d4ebac69374cd08f30e2e71c2afdccb8d264ff6a398444c6a8d08,904aed842a2e70ab35685bc62d4f021bc65efe821be3ff0696ae8259f573da49,904aed842a2e70ab3568,34f9023642ac84280e1da7c555db7248d6e64322079f4779768fb211214e934d,Primary selective policy,held-out contract; strict historical reference eligibility
11,test,pooled,full_deep,1,1.0,0,3648,0,7b57b77bf8289761dc4d02213997794643bbfb2cfe0e46894efae5133f7772d6,3648,161,3487,82,3456,31,79,0.5985401459854015,0.7256637168141593,0.5093167701863354,0.4906832298136646,0.5932604176084899,0.6861795452700208,0.9306955559870111,0.7502133033610197,,offline_contract_detection,contract,cad8767b7ffb5c876a00c90d847d61be595ac2c9b4a71e92e62462778b62b488,frozen-GoG-bounded-cache-0fff3b048f96,test,41f1973c3022845a3692cc5d27587cbf88230685ecf193d9074d3d684bd99ec3,1961e4b13a4b1bbc9281d5db03816c1cc98f9f0c25370ba639db69498810db5f,5e9b8325b94d43531783668bdd40cd601d1a2e91923729f23fff189507b423a4,06bad31060c1212ae832de4c031f7b31e3b48aed57858294478cb19450cf34ca,not_applicable,not_applicable,0,predictive,87f377e3753a8ee6111f8617dab3acab94c54a1d,a64ed75fc67d4ebac69374cd08f30e2e71c2afdccb8d264ff6a398444c6a8d08,961aa0cb7065a8a88f00a3d64bf6901cc03b4fa8920a390543ebe15689d8ca75,961aa0cb7065a8a88f00,34f9023642ac84280e1da7c555db7248d6e64322079f4779768fb211214e934d,Full relational inference,held-out contract; strict historical reference eligibility
11,test,ethereum,full_deep,1,1.0,0,2170,0,7b57b77bf8289761dc4d02213997794643bbfb2cfe0e46894efae5133f7772d6,2170,136,2034,75,2014,20,61,0.6493506493506493,0.7894736842105263,0.5514705882352942,0.4485294117647059,0.6416275420167189,0.7746083036929187,0.9431791890797618,0.7708188732720227,,offline_contract_detection,contract,b5390b085970b2e07f65fbf1106c7994bf469ab00e90f34bb343a6a7f49f8cd8,frozen-GoG-bounded-cache-0fff3b048f96,test,41f1973c3022845a3692cc5d27587cbf88230685ecf193d9074d3d684bd99ec3,1961e4b13a4b1bbc9281d5db03816c1cc98f9f0c25370ba639db69498810db5f,5e9b8325b94d43531783668bdd40cd601d1a2e91923729f23fff189507b423a4,06bad31060c1212ae832de4c031f7b31e3b48aed57858294478cb19450cf34ca,not_applicable,not_applicable,0,predictive,87f377e3753a8ee6111f8617dab3acab94c54a1d,a64ed75fc67d4ebac69374cd08f30e2e71c2afdccb8d264ff6a398444c6a8d08,ca2499c653b7bffc8ad4fa17891fb97c694d6a616280ca6cc55c82d4f7df1324,ca2499c653b7bffc8ad4,34f9023642ac84280e1da7c555db7248d6e64322079f4779768fb211214e934d,Full relational inference,held-out contract; strict historical reference eligibility
11,test,bsc,full_deep,1,1.0,0,1125,0,7b57b77bf8289761dc4d02213997794643bbfb2cfe0e46894efae5133f7772d6,1125,25,1100,7,1090,10,18,0.3333333333333333,0.4117647058823529,0.28,0.72,0.3273373671393366,0.2582699230965483,0.8569090909090908,0.6354545454545455,,offline_contract_detection,contract,6fb0bc38ab6aaca902bad4b2877d1f4a8259132c97f26d322eb0fccb403e2773,frozen-GoG-bounded-cache-0fff3b048f96,test,41f1973c3022845a3692cc5d27587cbf88230685ecf193d9074d3d684bd99ec3,1961e4b13a4b1bbc9281d5db03816c1cc98f9f0c25370ba639db69498810db5f,5e9b8325b94d43531783668bdd40cd601d1a2e91923729f23fff189507b423a4,06bad31060c1212ae832de4c031f7b31e3b48aed57858294478cb19450cf34ca,not_applicable,not_applicable,0,predictive,87f377e3753a8ee6111f8617dab3acab94c54a1d,a64ed75fc67d4ebac69374cd08f30e2e71c2afdccb8d264ff6a398444c6a8d08,e43b174b72c25f0ac868cbef70754a09d1db9bad62ba9d85f100f09e2c722b72,e43b174b72c25f0ac868,34f9023642ac84280e1da7c555db7248d6e64322079f4779768fb211214e934d,Full relational inference,held-out contract; strict historical reference eligibility
11,test,polygon,full_deep,1,1.0,0,353,0,7b57b77bf8289761dc4d02213997794643bbfb2cfe0e46894efae5133f7772d6,353,0,353,0,352,1,0,0.0,0.0,0.0,0.0,0.0,,,,single-class support,offline_contract_detection,contract,149a9a8d1b6ad8bbd483625a6b6907db9038675a60e85761a037939afd064816,frozen-GoG-bounded-cache-0fff3b048f96,test,41f1973c3022845a3692cc5d27587cbf88230685ecf193d9074d3d684bd99ec3,1961e4b13a4b1bbc9281d5db03816c1cc98f9f0c25370ba639db69498810db5f,5e9b8325b94d43531783668bdd40cd601d1a2e91923729f23fff189507b423a4,06bad31060c1212ae832de4c031f7b31e3b48aed57858294478cb19450cf34ca,not_applicable,not_applicable,0,predictive,87f377e3753a8ee6111f8617dab3acab94c54a1d,a64ed75fc67d4ebac69374cd08f30e2e71c2afdccb8d264ff6a398444c6a8d08,bfeb661144924a2aa17a0283de0ff8c2502e0a417a08fa501f1e92c5794a642e,bfeb661144924a2aa17a,34f9023642ac84280e1da7c555db7248d6e64322079f4779768fb211214e934d,Full relational inference,held-out contract; strict historical reference eligibility
22,validation,pooled,direct_only,1,0.0,3648,0,393,638ef4b9dfb3ede047813785192a81e5fc1b3b7978c4b5a36a5ff52348a2fe64,3648,393,3255,321,3168,87,72,0.8014981273408239,0.7867647058823529,0.816793893129771,0.183206106870229,0.7771993667205992,0.821337997623857,0.9346372580058864,0.8950328912653464,,offline_contract_detection,contract,040303b940bba72688c9650a71798efe1544b592865e768daba734b220a4018f,frozen-GoG-bounded-cache-0fff3b048f96,validation,42a50e12578e4d05216b2ed4fd15f1d2a58a8c7434d1b5c54000b8d8a51e1bde,89a5f7fc654c2bc7bd7004315b8944bf279711c75d741018cf187f5274361842,63a626b5b40fa5abc54eedb8c2088a22a148f02e59b019529d1a5cb23ccf771d,8aed642bf5118b9d3c859bd4be35ecac75b6e873cce34e7b6f554b06f75550d7,not_applicable,not_applicable,0,predictive,87f377e3753a8ee6111f8617dab3acab94c54a1d,a64ed75fc67d4ebac69374cd08f30e2e71c2afdccb8d264ff6a398444c6a8d08,bc57e6428222afc337b4709a33250b074ba6e78757d5d7ed19726530101ff827,bc57e6428222afc337b4,c047ee98c207b0adc07251d29464cd80c988f1f63b3cfb7159ea4abff31b065a,Local fast path only,held-out contract; strict historical reference eligibility
22,validation,ethereum,direct_only,1,0.0,2170,0,361,638ef4b9dfb3ede047813785192a81e5fc1b3b7978c4b5a36a5ff52348a2fe64,2170,361,1809,314,1758,51,47,0.8650137741046832,0.8602739726027397,0.8698060941828255,0.1301939058171745,0.8379163353702525,0.8840815395862255,0.9470943221718432,0.920806861353436,,offline_contract_detection,contract,edaf860076378fc4cb95f0dd08db895326e0dfbcdc87ada24e75d165c9014778,frozen-GoG-bounded-cache-0fff3b048f96,validation,42a50e12578e4d05216b2ed4fd15f1d2a58a8c7434d1b5c54000b8d8a51e1bde,89a5f7fc654c2bc7bd7004315b8944bf279711c75d741018cf187f5274361842,63a626b5b40fa5abc54eedb8c2088a22a148f02e59b019529d1a5cb23ccf771d,8aed642bf5118b9d3c859bd4be35ecac75b6e873cce34e7b6f554b06f75550d7,not_applicable,not_applicable,0,predictive,87f377e3753a8ee6111f8617dab3acab94c54a1d,a64ed75fc67d4ebac69374cd08f30e2e71c2afdccb8d264ff6a398444c6a8d08,458d453c8376816c8f8769a5debf23385f39077d80f16cdeb918b364f55eb781,458d453c8376816c8f87,c047ee98c207b0adc07251d29464cd80c988f1f63b3cfb7159ea4abff31b065a,Local fast path only,held-out contract; strict historical reference eligibility
22,validation,bsc,direct_only,1,0.0,1125,0,31,638ef4b9dfb3ede047813785192a81e5fc1b3b7978c4b5a36a5ff52348a2fe64,1125,31,1094,7,1064,30,24,0.2058823529411764,0.1891891891891892,0.2258064516129032,0.7741935483870968,0.1820879326579421,0.2015274765874189,0.7963377956006369,0.5991920740697058,,offline_contract_detection,contract,48e8947fb1eac4d259abab9a80155c82885cbb490f27a341e231b6ebfc2cac73,frozen-GoG-bounded-cache-0fff3b048f96,validation,42a50e12578e4d05216b2ed4fd15f1d2a58a8c7434d1b5c54000b8d8a51e1bde,89a5f7fc654c2bc7bd7004315b8944bf279711c75d741018cf187f5274361842,63a626b5b40fa5abc54eedb8c2088a22a148f02e59b019529d1a5cb23ccf771d,8aed642bf5118b9d3c859bd4be35ecac75b6e873cce34e7b6f554b06f75550d7,not_applicable,not_applicable,0,predictive,87f377e3753a8ee6111f8617dab3acab94c54a1d,a64ed75fc67d4ebac69374cd08f30e2e71c2afdccb8d264ff6a398444c6a8d08,7ef3b42f083c47adbc317999c5b6374a65bedfabc0036dba2cee9d7eb666b31c,7ef3b42f083c47adbc31,c047ee98c207b0adc07251d29464cd80c988f1f63b3cfb7159ea4abff31b065a,Local fast path only,held-out contract; strict historical reference eligibility
22,validation,polygon,direct_only,1,0.0,353,0,1,638ef4b9dfb3ede047813785192a81e5fc1b3b7978c4b5a36a5ff52348a2fe64,353,1,352,0,346,6,1,0.0,0.0,0.0,1.0,-0.0070087336511841,0.0129870129870129,0.7840909090909091,0.4914772727272727,,offline_contract_detection,contract,410abef9e0bda6e6885592c5220658bd9734637436768627288079eb5a2fdc7c,frozen-GoG-bounded-cache-0fff3b048f96,validation,42a50e12578e4d05216b2ed4fd15f1d2a58a8c7434d1b5c54000b8d8a51e1bde,89a5f7fc654c2bc7bd7004315b8944bf279711c75d741018cf187f5274361842,63a626b5b40fa5abc54eedb8c2088a22a148f02e59b019529d1a5cb23ccf771d,8aed642bf5118b9d3c859bd4be35ecac75b6e873cce34e7b6f554b06f75550d7,not_applicable,not_applicable,0,predictive,87f377e3753a8ee6111f8617dab3acab94c54a1d,a64ed75fc67d4ebac69374cd08f30e2e71c2afdccb8d264ff6a398444c6a8d08,2451497be94eaa43e54c845261b1942665fd87c1f1dffeb5cd8ff34caa008bf3,2451497be94eaa43e54c,c047ee98c207b0adc07251d29464cd80c988f1f63b3cfb7159ea4abff31b065a,Local fast path only,held-out contract; strict historical reference eligibility
22,validation,pooled,primary,1,0.7502741228070176,911,2737,193,c196d8f51ba37b7f4ee031688dabd5bca4f1fdb895270ec1b4a49f203299ef29,3648,393,3255,337,3152,103,56,0.8091236494597839,0.7659090909090909,0.8575063613231552,0.1424936386768447,0.7862055844083218,0.8287723099201578,0.9413589584237207,0.9129313680655716,,offline_contract_detection,contract,040303b940bba72688c9650a71798efe1544b592865e768daba734b220a4018f,frozen-GoG-bounded-cache-0fff3b048f96,validation,42a50e12578e4d05216b2ed4fd15f1d2a58a8c7434d1b5c54000b8d8a51e1bde,89a5f7fc654c2bc7bd7004315b8944bf279711c75d741018cf187f5274361842,63a626b5b40fa5abc54eedb8c2088a22a148f02e59b019529d1a5cb23ccf771d,8aed642bf5118b9d3c859bd4be35ecac75b6e873cce34e7b6f554b06f75550d7,not_applicable,not_applicable,0,predictive,87f377e3753a8ee6111f8617dab3acab94c54a1d,a64ed75fc67d4ebac69374cd08f30e2e71c2afdccb8d264ff6a398444c6a8d08,99b22183da948973853c927867a727ed4ff7f8924686cff806baa4293b457dc2,99b22183da948973853c,c047ee98c207b0adc07251d29464cd80c988f1f63b3cfb7159ea4abff31b065a,Primary selective policy,held-out contract; strict historical reference eligibility
22,validation,ethereum,primary,1,0.7179723502304147,612,1558,189,c196d8f51ba37b7f4ee031688dabd5bca4f1fdb895270ec1b4a49f203299ef29,2170,361,1809,325,1744,65,36,0.8655126498002663,0.8333333333333334,0.9002770083102493,0.0997229916897507,0.8383357418191885,0.8802639487859426,0.9494371785271856,0.932172777234174,,offline_contract_detection,contract,edaf860076378fc4cb95f0dd08db895326e0dfbcdc87ada24e75d165c9014778,frozen-GoG-bounded-cache-0fff3b048f96,validation,42a50e12578e4d05216b2ed4fd15f1d2a58a8c7434d1b5c54000b8d8a51e1bde,89a5f7fc654c2bc7bd7004315b8944bf279711c75d741018cf187f5274361842,63a626b5b40fa5abc54eedb8c2088a22a148f02e59b019529d1a5cb23ccf771d,8aed642bf5118b9d3c859bd4be35ecac75b6e873cce34e7b6f554b06f75550d7,not_applicable,not_applicable,0,predictive,87f377e3753a8ee6111f8617dab3acab94c54a1d,a64ed75fc67d4ebac69374cd08f30e2e71c2afdccb8d264ff6a398444c6a8d08,6ee86984cae6a410cd6424dcf91cdffd693c5cf6686bdbd9e80347e2197431d0,6ee86984cae6a410cd64,c047ee98c207b0adc07251d29464cd80c988f1f63b3cfb7159ea4abff31b065a,Primary selective policy,held-out contract; strict historical reference eligibility
22,validation,bsc,primary,1,0.7866666666666666,240,885,4,c196d8f51ba37b7f4ee031688dabd5bca4f1fdb895270ec1b4a49f203299ef29,1125,31,1094,12,1064,30,19,0.3287671232876712,0.2857142857142857,0.3870967741935484,0.6129032258064516,0.3105705331446619,0.2222397240385167,0.8331220145072832,0.6798372353600284,,offline_contract_detection,contract,48e8947fb1eac4d259abab9a80155c82885cbb490f27a341e231b6ebfc2cac73,frozen-GoG-bounded-cache-0fff3b048f96,validation,42a50e12578e4d05216b2ed4fd15f1d2a58a8c7434d1b5c54000b8d8a51e1bde,89a5f7fc654c2bc7bd7004315b8944bf279711c75d741018cf187f5274361842,63a626b5b40fa5abc54eedb8c2088a22a148f02e59b019529d1a5cb23ccf771d,8aed642bf5118b9d3c859bd4be35ecac75b6e873cce34e7b6f554b06f75550d7,not_applicable,not_applicable,0,predictive,87f377e3753a8ee6111f8617dab3acab94c54a1d,a64ed75fc67d4ebac69374cd08f30e2e71c2afdccb8d264ff6a398444c6a8d08,1760e81beab90b786f8bd1dc3ba8a5435a6517054f7fa6668ba0e11e453ab77a,1760e81beab90b786f8b,c047ee98c207b0adc07251d29464cd80c988f1f63b3cfb7159ea4abff31b065a,Primary selective policy,held-out contract; strict historical reference eligibility
22,validation,polygon,primary,1,0.8328611898016998,59,294,0,c196d8f51ba37b7f4ee031688dabd5bca4f1fdb895270ec1b4a49f203299ef29,353,1,352,0,344,8,1,0.0,0.0,0.0,1.0,-0.0081164125592945,0.0103092783505154,0.7272727272727273,0.4886363636363636,,offline_contract_detection,contract,410abef9e0bda6e6885592c5220658bd9734637436768627288079eb5a2fdc7c,frozen-GoG-bounded-cache-0fff3b048f96,validation,42a50e12578e4d05216b2ed4fd15f1d2a58a8c7434d1b5c54000b8d8a51e1bde,89a5f7fc654c2bc7bd7004315b8944bf279711c75d741018cf187f5274361842,63a626b5b40fa5abc54eedb8c2088a22a148f02e59b019529d1a5cb23ccf771d,8aed642bf5118b9d3c859bd4be35ecac75b6e873cce34e7b6f554b06f75550d7,not_applicable,not_applicable,0,predictive,87f377e3753a8ee6111f8617dab3acab94c54a1d,a64ed75fc67d4ebac69374cd08f30e2e71c2afdccb8d264ff6a398444c6a8d08,05a0e25353060aa5a1c227e2d2cd89ea7d8262ecf4b02e655fa6cfa15cfe9eb2,05a0e25353060aa5a1c2,c047ee98c207b0adc07251d29464cd80c988f1f63b3cfb7159ea4abff31b065a,Primary selective policy,held-out contract; strict historical reference eligibility
22,validation,pooled,full_deep,1,1.0,0,3648,0,0e2463e4cd97a03fcd4698c681b6949bce0d022c431665103d28682d1c5f2d9c,3648,393,3255,335,3153,102,58,0.8072289156626506,0.7665903890160183,0.8524173027989822,0.1475826972010178,0.7839653150021295,0.8299585198715265,0.9475963774658678,0.910540448634514,,offline_contract_detection,contract,040303b940bba72688c9650a71798efe1544b592865e768daba734b220a4018f,frozen-GoG-bounded-cache-0fff3b048f96,validation,42a50e12578e4d05216b2ed4fd15f1d2a58a8c7434d1b5c54000b8d8a51e1bde,89a5f7fc654c2bc7bd7004315b8944bf279711c75d741018cf187f5274361842,63a626b5b40fa5abc54eedb8c2088a22a148f02e59b019529d1a5cb23ccf771d,8aed642bf5118b9d3c859bd4be35ecac75b6e873cce34e7b6f554b06f75550d7,not_applicable,not_applicable,0,predictive,87f377e3753a8ee6111f8617dab3acab94c54a1d,a64ed75fc67d4ebac69374cd08f30e2e71c2afdccb8d264ff6a398444c6a8d08,c240be782a4118acdc9ec39b6aae1a5e4697f7f035c93361e1981859dbf46412,c240be782a4118acdc9e,c047ee98c207b0adc07251d29464cd80c988f1f63b3cfb7159ea4abff31b065a,Full relational inference,held-out contract; strict historical reference eligibility
22,validation,ethereum,full_deep,1,1.0,0,2170,0,0e2463e4cd97a03fcd4698c681b6949bce0d022c431665103d28682d1c5f2d9c,2170,361,1809,325,1744,65,36,0.8655126498002663,0.8333333333333334,0.9002770083102493,0.0997229916897507,0.8383357418191885,0.8839689093584175,0.9570001638468172,0.932172777234174,,offline_contract_detection,contract,edaf860076378fc4cb95f0dd08db895326e0dfbcdc87ada24e75d165c9014778,frozen-GoG-bounded-cache-0fff3b048f96,validation,42a50e12578e4d05216b2ed4fd15f1d2a58a8c7434d1b5c54000b8d8a51e1bde,89a5f7fc654c2bc7bd7004315b8944bf279711c75d741018cf187f5274361842,63a626b5b40fa5abc54eedb8c2088a22a148f02e59b019529d1a5cb23ccf771d,8aed642bf5118b9d3c859bd4be35ecac75b6e873cce34e7b6f554b06f75550d7,not_applicable,not_applicable,0,predictive,87f377e3753a8ee6111f8617dab3acab94c54a1d,a64ed75fc67d4ebac69374cd08f30e2e71c2afdccb8d264ff6a398444c6a8d08,fbeb0c401a526e929e8431acafad78a0ec5725c519c9cd5add66442f8438e316,fbeb0c401a526e929e84,c047ee98c207b0adc07251d29464cd80c988f1f63b3cfb7159ea4abff31b065a,Full relational inference,held-out contract; strict historical reference eligibility
22,validation,bsc,full_deep,1,1.0,0,1125,0,0e2463e4cd97a03fcd4698c681b6949bce0d022c431665103d28682d1c5f2d9c,1125,31,1094,10,1065,29,21,0.2857142857142857,0.2564102564102564,0.3225806451612903,0.6774193548387096,0.2649355534327626,0.1889555103841977,0.8084124550333196,0.6480362092351242,,offline_contract_detection,contract,48e8947fb1eac4d259abab9a80155c82885cbb490f27a341e231b6ebfc2cac73,frozen-GoG-bounded-cache-0fff3b048f96,validation,42a50e12578e4d05216b2ed4fd15f1d2a58a8c7434d1b5c54000b8d8a51e1bde,89a5f7fc654c2bc7bd7004315b8944bf279711c75d741018cf187f5274361842,63a626b5b40fa5abc54eedb8c2088a22a148f02e59b019529d1a5cb23ccf771d,8aed642bf5118b9d3c859bd4be35ecac75b6e873cce34e7b6f554b06f75550d7,not_applicable,not_applicable,0,predictive,87f377e3753a8ee6111f8617dab3acab94c54a1d,a64ed75fc67d4ebac69374cd08f30e2e71c2afdccb8d264ff6a398444c6a8d08,8993524437d4545d937bec450728dc4577ac6ca7e913ccfb1c3381a9a694d7f0,8993524437d4545d937b,c047ee98c207b0adc07251d29464cd80c988f1f63b3cfb7159ea4abff31b065a,Full relational inference,held-out contract; strict historical reference eligibility
22,validation,polygon,full_deep,1,1.0,0,353,0,0e2463e4cd97a03fcd4698c681b6949bce0d022c431665103d28682d1c5f2d9c,353,1,352,0,344,8,1,0.0,0.0,0.0,1.0,-0.0081164125592945,0.0092592592592592,0.6960227272727273,0.4886363636363636,,offline_contract_detection,contract,410abef9e0bda6e6885592c5220658bd9734637436768627288079eb5a2fdc7c,frozen-GoG-bounded-cache-0fff3b048f96,validation,42a50e12578e4d05216b2ed4fd15f1d2a58a8c7434d1b5c54000b8d8a51e1bde,89a5f7fc654c2bc7bd7004315b8944bf279711c75d741018cf187f5274361842,63a626b5b40fa5abc54eedb8c2088a22a148f02e59b019529d1a5cb23ccf771d,8aed642bf5118b9d3c859bd4be35ecac75b6e873cce34e7b6f554b06f75550d7,not_applicable,not_applicable,0,predictive,87f377e3753a8ee6111f8617dab3acab94c54a1d,a64ed75fc67d4ebac69374cd08f30e2e71c2afdccb8d264ff6a398444c6a8d08,cfb21cfe022cc73a0b95cf84fa440831fde16dfcdb951e66fcb1e973d0f40531,cfb21cfe022cc73a0b95,c047ee98c207b0adc07251d29464cd80c988f1f63b3cfb7159ea4abff31b065a,Full relational inference,held-out contract; strict historical reference eligibility
22,test,pooled,direct_only,1,0.0,3648,0,161,638ef4b9dfb3ede047813785192a81e5fc1b3b7978c4b5a36a5ff52348a2fe64,3648,161,3487,79,3440,47,82,0.5505226480836237,0.626984126984127,0.4906832298136646,0.5093167701863354,0.5367395281568075,0.5874925302186007,0.9285117570675108,0.7386022974419628,,offline_contract_detection,contract,cad8767b7ffb5c876a00c90d847d61be595ac2c9b4a71e92e62462778b62b488,frozen-GoG-bounded-cache-0fff3b048f96,test,42a50e12578e4d05216b2ed4fd15f1d2a58a8c7434d1b5c54000b8d8a51e1bde,89a5f7fc654c2bc7bd7004315b8944bf279711c75d741018cf187f5274361842,63a626b5b40fa5abc54eedb8c2088a22a148f02e59b019529d1a5cb23ccf771d,8aed642bf5118b9d3c859bd4be35ecac75b6e873cce34e7b6f554b06f75550d7,not_applicable,not_applicable,0,predictive,87f377e3753a8ee6111f8617dab3acab94c54a1d,a64ed75fc67d4ebac69374cd08f30e2e71c2afdccb8d264ff6a398444c6a8d08,a17c65f52a907c3be7ea01da653d64930384c0017e82762e89543b11a68bb4fe,a17c65f52a907c3be7ea,c047ee98c207b0adc07251d29464cd80c988f1f63b3cfb7159ea4abff31b065a,Local fast path only,held-out contract; strict historical reference eligibility
22,test,ethereum,direct_only,1,0.0,2170,0,136,638ef4b9dfb3ede047813785192a81e5fc1b3b7978c4b5a36a5ff52348a2fe64,2170,136,2034,77,2014,20,59,0.6609442060085837,0.7938144329896907,0.5661764705882353,0.4338235294117647,0.6525330743891445,0.7323355705243918,0.9500549482329804,0.7781718144484933,,offline_contract_detection,contract,b5390b085970b2e07f65fbf1106c7994bf469ab00e90f34bb343a6a7f49f8cd8,frozen-GoG-bounded-cache-0fff3b048f96,test,42a50e12578e4d05216b2ed4fd15f1d2a58a8c7434d1b5c54000b8d8a51e1bde,89a5f7fc654c2bc7bd7004315b8944bf279711c75d741018cf187f5274361842,63a626b5b40fa5abc54eedb8c2088a22a148f02e59b019529d1a5cb23ccf771d,8aed642bf5118b9d3c859bd4be35ecac75b6e873cce34e7b6f554b06f75550d7,not_applicable,not_applicable,0,predictive,87f377e3753a8ee6111f8617dab3acab94c54a1d,a64ed75fc67d4ebac69374cd08f30e2e71c2afdccb8d264ff6a398444c6a8d08,9618e5a2bfafd50ceaf8f49e9d820681ccb279c18b4a7dff6be25885dd39f2ea,9618e5a2bfafd50ceaf8,c047ee98c207b0adc07251d29464cd80c988f1f63b3cfb7159ea4abff31b065a,Local fast path only,held-out contract; strict historical reference eligibility
22,test,bsc,direct_only,1,0.0,1125,0,25,638ef4b9dfb3ede047813785192a81e5fc1b3b7978c4b5a36a5ff52348a2fe64,1125,25,1100,2,1078,22,23,0.0816326530612244,0.0833333333333333,0.08,0.92,0.0612094274229843,0.162567742666948,0.8290545454545455,0.53,,offline_contract_detection,contract,6fb0bc38ab6aaca902bad4b2877d1f4a8259132c97f26d322eb0fccb403e2773,frozen-GoG-bounded-cache-0fff3b048f96,test,42a50e12578e4d05216b2ed4fd15f1d2a58a8c7434d1b5c54000b8d8a51e1bde,89a5f7fc654c2bc7bd7004315b8944bf279711c75d741018cf187f5274361842,63a626b5b40fa5abc54eedb8c2088a22a148f02e59b019529d1a5cb23ccf771d,8aed642bf5118b9d3c859bd4be35ecac75b6e873cce34e7b6f554b06f75550d7,not_applicable,not_applicable,0,predictive,87f377e3753a8ee6111f8617dab3acab94c54a1d,a64ed75fc67d4ebac69374cd08f30e2e71c2afdccb8d264ff6a398444c6a8d08,b9ddc7b80a105e5a5ba0fabdf8b1322dc56f44cef10c3420ee5451314f5d83cf,b9ddc7b80a105e5a5ba0,c047ee98c207b0adc07251d29464cd80c988f1f63b3cfb7159ea4abff31b065a,Local fast path only,held-out contract; strict historical reference eligibility
22,test,polygon,direct_only,1,0.0,353,0,0,638ef4b9dfb3ede047813785192a81e5fc1b3b7978c4b5a36a5ff52348a2fe64,353,0,353,0,348,5,0,0.0,0.0,0.0,0.0,0.0,,,,single-class support,offline_contract_detection,contract,149a9a8d1b6ad8bbd483625a6b6907db9038675a60e85761a037939afd064816,frozen-GoG-bounded-cache-0fff3b048f96,test,42a50e12578e4d05216b2ed4fd15f1d2a58a8c7434d1b5c54000b8d8a51e1bde,89a5f7fc654c2bc7bd7004315b8944bf279711c75d741018cf187f5274361842,63a626b5b40fa5abc54eedb8c2088a22a148f02e59b019529d1a5cb23ccf771d,8aed642bf5118b9d3c859bd4be35ecac75b6e873cce34e7b6f554b06f75550d7,not_applicable,not_applicable,0,predictive,87f377e3753a8ee6111f8617dab3acab94c54a1d,a64ed75fc67d4ebac69374cd08f30e2e71c2afdccb8d264ff6a398444c6a8d08,cbe9cda26279b702650a377f86b641653d4a1926eee67a34e1ca6d41c0a85ea1,cbe9cda26279b702650a,c047ee98c207b0adc07251d29464cd80c988f1f63b3cfb7159ea4abff31b065a,Local fast path only,held-out contract; strict historical reference eligibility
22,test,pooled,primary,1,0.8336074561403509,607,3041,33,c196d8f51ba37b7f4ee031688dabd5bca4f1fdb895270ec1b4a49f203299ef29,3648,161,3487,111,3434,53,50,0.683076923076923,0.676829268292683,0.6894409937888198,0.3105590062111801,0.6683339329762203,0.6331705972615906,0.9295466568817276,0.8371208410297699,,offline_contract_detection,contract,cad8767b7ffb5c876a00c90d847d61be595ac2c9b4a71e92e62462778b62b488,frozen-GoG-bounded-cache-0fff3b048f96,test,42a50e12578e4d05216b2ed4fd15f1d2a58a8c7434d1b5c54000b8d8a51e1bde,89a5f7fc654c2bc7bd7004315b8944bf279711c75d741018cf187f5274361842,63a626b5b40fa5abc54eedb8c2088a22a148f02e59b019529d1a5cb23ccf771d,8aed642bf5118b9d3c859bd4be35ecac75b6e873cce34e7b6f554b06f75550d7,not_applicable,not_applicable,0,predictive,87f377e3753a8ee6111f8617dab3acab94c54a1d,a64ed75fc67d4ebac69374cd08f30e2e71c2afdccb8d264ff6a398444c6a8d08,09061d27a692df755458c3b0d1b71dc5e68c827231b11191d2ae5ea77d1bb33a,09061d27a692df755458,c047ee98c207b0adc07251d29464cd80c988f1f63b3cfb7159ea4abff31b065a,Primary selective policy,held-out contract; strict historical reference eligibility
22,test,ethereum,primary,1,0.8447004608294931,337,1833,31,c196d8f51ba37b7f4ee031688dabd5bca4f1fdb895270ec1b4a49f203299ef29,2170,136,2034,100,2003,31,36,0.7490636704119851,0.7633587786259542,0.7352941176470589,0.2647058823529412,0.7327659162008895,0.7344122005607687,0.942767077332408,0.8600266065128117,,offline_contract_detection,contract,b5390b085970b2e07f65fbf1106c7994bf469ab00e90f34bb343a6a7f49f8cd8,frozen-GoG-bounded-cache-0fff3b048f96,test,42a50e12578e4d05216b2ed4fd15f1d2a58a8c7434d1b5c54000b8d8a51e1bde,89a5f7fc654c2bc7bd7004315b8944bf279711c75d741018cf187f5274361842,63a626b5b40fa5abc54eedb8c2088a22a148f02e59b019529d1a5cb23ccf771d,8aed642bf5118b9d3c859bd4be35ecac75b6e873cce34e7b6f554b06f75550d7,not_applicable,not_applicable,0,predictive,87f377e3753a8ee6111f8617dab3acab94c54a1d,a64ed75fc67d4ebac69374cd08f30e2e71c2afdccb8d264ff6a398444c6a8d08,f6527679ae2cad199676f978096281f3dc45ef4045346ad13248b65739625e4e,f6527679ae2cad199676,c047ee98c207b0adc07251d29464cd80c988f1f63b3cfb7159ea4abff31b065a,Primary selective policy,held-out contract; strict historical reference eligibility
22,test,bsc,primary,1,0.8106666666666666,213,912,2,c196d8f51ba37b7f4ee031688dabd5bca4f1fdb895270ec1b4a49f203299ef29,1125,25,1100,11,1082,18,14,0.4074074074074074,0.3793103448275862,0.44,0.56,0.3940536026586987,0.2302748554927605,0.8400727272727273,0.7118181818181818,,offline_contract_detection,contract,6fb0bc38ab6aaca902bad4b2877d1f4a8259132c97f26d322eb0fccb403e2773,frozen-GoG-bounded-cache-0fff3b048f96,test,42a50e12578e4d05216b2ed4fd15f1d2a58a8c7434d1b5c54000b8d8a51e1bde,89a5f7fc654c2bc7bd7004315b8944bf279711c75d741018cf187f5274361842,63a626b5b40fa5abc54eedb8c2088a22a148f02e59b019529d1a5cb23ccf771d,8aed642bf5118b9d3c859bd4be35ecac75b6e873cce34e7b6f554b06f75550d7,not_applicable,not_applicable,0,predictive,87f377e3753a8ee6111f8617dab3acab94c54a1d,a64ed75fc67d4ebac69374cd08f30e2e71c2afdccb8d264ff6a398444c6a8d08,5a1918b63919b0e83125f6c0ca3bc0c874fcb12f0c9ece9f334c5a768fe530f0,5a1918b63919b0e83125,c047ee98c207b0adc07251d29464cd80c988f1f63b3cfb7159ea4abff31b065a,Primary selective policy,held-out contract; strict historical reference eligibility
22,test,polygon,primary,1,0.8385269121813032,57,296,0,c196d8f51ba37b7f4ee031688dabd5bca4f1fdb895270ec1b4a49f203299ef29,353,0,353,0,349,4,0,0.0,0.0,0.0,0.0,0.0,,,,single-class support,offline_contract_detection,contract,149a9a8d1b6ad8bbd483625a6b6907db9038675a60e85761a037939afd064816,frozen-GoG-bounded-cache-0fff3b048f96,test,42a50e12578e4d05216b2ed4fd15f1d2a58a8c7434d1b5c54000b8d8a51e1bde,89a5f7fc654c2bc7bd7004315b8944bf279711c75d741018cf187f5274361842,63a626b5b40fa5abc54eedb8c2088a22a148f02e59b019529d1a5cb23ccf771d,8aed642bf5118b9d3c859bd4be35ecac75b6e873cce34e7b6f554b06f75550d7,not_applicable,not_applicable,0,predictive,87f377e3753a8ee6111f8617dab3acab94c54a1d,a64ed75fc67d4ebac69374cd08f30e2e71c2afdccb8d264ff6a398444c6a8d08,984faf5d5fdeb4da3f946073cfc478cbf552bc384c2dff096c987c24d2323747,984faf5d5fdeb4da3f94,c047ee98c207b0adc07251d29464cd80c988f1f63b3cfb7159ea4abff31b065a,Primary selective policy,held-out contract; strict historical reference eligibility
22,test,pooled,full_deep,1,1.0,0,3648,0,0e2463e4cd97a03fcd4698c681b6949bce0d022c431665103d28682d1c5f2d9c,3648,161,3487,111,3438,49,50,0.6915887850467289,0.69375,0.6894409937888198,0.3105590062111801,0.677398977298511,0.6382206062094108,0.927296952122079,0.8376943999629503,,offline_contract_detection,contract,cad8767b7ffb5c876a00c90d847d61be595ac2c9b4a71e92e62462778b62b488,frozen-GoG-bounded-cache-0fff3b048f96,test,42a50e12578e4d05216b2ed4fd15f1d2a58a8c7434d1b5c54000b8d8a51e1bde,89a5f7fc654c2bc7bd7004315b8944bf279711c75d741018cf187f5274361842,63a626b5b40fa5abc54eedb8c2088a22a148f02e59b019529d1a5cb23ccf771d,8aed642bf5118b9d3c859bd4be35ecac75b6e873cce34e7b6f554b06f75550d7,not_applicable,not_applicable,0,predictive,87f377e3753a8ee6111f8617dab3acab94c54a1d,a64ed75fc67d4ebac69374cd08f30e2e71c2afdccb8d264ff6a398444c6a8d08,c5bbb6198850f67f63f2693a32a00cc363d2803375fe02f2e165acd306978c79,c5bbb6198850f67f63f2,c047ee98c207b0adc07251d29464cd80c988f1f63b3cfb7159ea4abff31b065a,Full relational inference,held-out contract; strict historical reference eligibility
22,test,ethereum,full_deep,1,1.0,0,2170,0,0e2463e4cd97a03fcd4698c681b6949bce0d022c431665103d28682d1c5f2d9c,2170,136,2034,100,2003,31,36,0.7490636704119851,0.7633587786259542,0.7352941176470589,0.2647058823529412,0.7327659162008895,0.7260064306859596,0.93881586557927,0.8600266065128117,,offline_contract_detection,contract,b5390b085970b2e07f65fbf1106c7994bf469ab00e90f34bb343a6a7f49f8cd8,frozen-GoG-bounded-cache-0fff3b048f96,test,42a50e12578e4d05216b2ed4fd15f1d2a58a8c7434d1b5c54000b8d8a51e1bde,89a5f7fc654c2bc7bd7004315b8944bf279711c75d741018cf187f5274361842,63a626b5b40fa5abc54eedb8c2088a22a148f02e59b019529d1a5cb23ccf771d,8aed642bf5118b9d3c859bd4be35ecac75b6e873cce34e7b6f554b06f75550d7,not_applicable,not_applicable,0,predictive,87f377e3753a8ee6111f8617dab3acab94c54a1d,a64ed75fc67d4ebac69374cd08f30e2e71c2afdccb8d264ff6a398444c6a8d08,24bf3b0cd9e6eaf29e5d7ac6e0cff3168d1953e1683f47f16aee2f2d0c70c9ef,24bf3b0cd9e6eaf29e5d,c047ee98c207b0adc07251d29464cd80c988f1f63b3cfb7159ea4abff31b065a,Full relational inference,held-out contract; strict historical reference eligibility
22,test,bsc,full_deep,1,1.0,0,1125,0,0e2463e4cd97a03fcd4698c681b6949bce0d022c431665103d28682d1c5f2d9c,1125,25,1100,11,1086,14,14,0.44,0.44,0.44,0.56,0.4272727272727272,0.2654315551019096,0.8416363636363637,0.7136363636363636,,offline_contract_detection,contract,6fb0bc38ab6aaca902bad4b2877d1f4a8259132c97f26d322eb0fccb403e2773,frozen-GoG-bounded-cache-0fff3b048f96,test,42a50e12578e4d05216b2ed4fd15f1d2a58a8c7434d1b5c54000b8d8a51e1bde,89a5f7fc654c2bc7bd7004315b8944bf279711c75d741018cf187f5274361842,63a626b5b40fa5abc54eedb8c2088a22a148f02e59b019529d1a5cb23ccf771d,8aed642bf5118b9d3c859bd4be35ecac75b6e873cce34e7b6f554b06f75550d7,not_applicable,not_applicable,0,predictive,87f377e3753a8ee6111f8617dab3acab94c54a1d,a64ed75fc67d4ebac69374cd08f30e2e71c2afdccb8d264ff6a398444c6a8d08,f491ba6d5c95731093c523031ab7610bf8767f9ccce0f24c81659664483ddabe,f491ba6d5c95731093c5,c047ee98c207b0adc07251d29464cd80c988f1f63b3cfb7159ea4abff31b065a,Full relational inference,held-out contract; strict historical reference eligibility
22,test,polygon,full_deep,1,1.0,0,353,0,0e2463e4cd97a03fcd4698c681b6949bce0d022c431665103d28682d1c5f2d9c,353,0,353,0,349,4,0,0.0,0.0,0.0,0.0,0.0,,,,single-class support,offline_contract_detection,contract,149a9a8d1b6ad8bbd483625a6b6907db9038675a60e85761a037939afd064816,frozen-GoG-bounded-cache-0fff3b048f96,test,42a50e12578e4d05216b2ed4fd15f1d2a58a8c7434d1b5c54000b8d8a51e1bde,89a5f7fc654c2bc7bd7004315b8944bf279711c75d741018cf187f5274361842,63a626b5b40fa5abc54eedb8c2088a22a148f02e59b019529d1a5cb23ccf771d,8aed642bf5118b9d3c859bd4be35ecac75b6e873cce34e7b6f554b06f75550d7,not_applicable,not_applicable,0,predictive,87f377e3753a8ee6111f8617dab3acab94c54a1d,a64ed75fc67d4ebac69374cd08f30e2e71c2afdccb8d264ff6a398444c6a8d08,61bb6df2a6194b5896b9a930359e9966cd2ffc5b83f2b5cb181a5d278f35be9e,61bb6df2a6194b5896b9,c047ee98c207b0adc07251d29464cd80c988f1f63b3cfb7159ea4abff31b065a,Full relational inference,held-out contract; strict historical reference eligibility
33,validation,pooled,direct_only,1,0.0,3648,0,393,c82b838a1692bd842427a9b92f5aef71685f68967c280e2c6a8d35ead615f125,3648,393,3255,319,3173,82,74,0.8035264483627204,0.7955112219451371,0.811704834605598,0.188295165394402,0.7795863893105147,0.8557497243569263,0.9375484183659508,0.8932564111584057,,offline_contract_detection,contract,040303b940bba72688c9650a71798efe1544b592865e768daba734b220a4018f,frozen-GoG-bounded-cache-0fff3b048f96,validation,6919da56faf1e0d74ea7a2c3596ac00f3f428060b0cbf2a211976252b99a6635,ccb6bab4fe82151e93becb7c02c8059131d3253c9060a26f3e63ced4b98cef55,3fdbd516e6a70d139e0d9b35708e2e8eabcb7e22a8b012de3d1cb3d403290f98,14be4b45f18e0d8c67b4f719b5144eee88497e413709d11d85b096d8e2346310,not_applicable,not_applicable,0,predictive,87f377e3753a8ee6111f8617dab3acab94c54a1d,a64ed75fc67d4ebac69374cd08f30e2e71c2afdccb8d264ff6a398444c6a8d08,a73c68d3c91e447d1bac951999da1a58cddcaa31ddcfb542d674850d61a49881,a73c68d3c91e447d1bac,0a904b431f22c8f399dac0276a0ae92d47c48117eb08a1485f84d67d930c8588,Local fast path only,held-out contract; strict historical reference eligibility
33,validation,ethereum,direct_only,1,0.0,2170,0,361,c82b838a1692bd842427a9b92f5aef71685f68967c280e2c6a8d35ead615f125,2170,361,1809,312,1761,48,49,0.8654646324549237,0.8666666666666667,0.8642659279778393,0.1357340720221606,0.8386628701204114,0.904320032529829,0.9494555538711492,0.9188659656472944,,offline_contract_detection,contract,edaf860076378fc4cb95f0dd08db895326e0dfbcdc87ada24e75d165c9014778,frozen-GoG-bounded-cache-0fff3b048f96,validation,6919da56faf1e0d74ea7a2c3596ac00f3f428060b0cbf2a211976252b99a6635,ccb6bab4fe82151e93becb7c02c8059131d3253c9060a26f3e63ced4b98cef55,3fdbd516e6a70d139e0d9b35708e2e8eabcb7e22a8b012de3d1cb3d403290f98,14be4b45f18e0d8c67b4f719b5144eee88497e413709d11d85b096d8e2346310,not_applicable,not_applicable,0,predictive,87f377e3753a8ee6111f8617dab3acab94c54a1d,a64ed75fc67d4ebac69374cd08f30e2e71c2afdccb8d264ff6a398444c6a8d08,4f265449bafcc8b2be0507db121b9c5eac8657ca7efda7517e6ed6e5d4171d62,4f265449bafcc8b2be05,0a904b431f22c8f399dac0276a0ae92d47c48117eb08a1485f84d67d930c8588,Local fast path only,held-out contract; strict historical reference eligibility
33,validation,bsc,direct_only,1,0.0,1125,0,31,c82b838a1692bd842427a9b92f5aef71685f68967c280e2c6a8d35ead615f125,1125,31,1094,7,1067,27,24,0.2153846153846154,0.2058823529411764,0.2258064516129032,0.7741935483870968,0.1923121431830345,0.1816233165654686,0.7973403314265496,0.6005631892433803,,offline_contract_detection,contract,48e8947fb1eac4d259abab9a80155c82885cbb490f27a341e231b6ebfc2cac73,frozen-GoG-bounded-cache-0fff3b048f96,validation,6919da56faf1e0d74ea7a2c3596ac00f3f428060b0cbf2a211976252b99a6635,ccb6bab4fe82151e93becb7c02c8059131d3253c9060a26f3e63ced4b98cef55,3fdbd516e6a70d139e0d9b35708e2e8eabcb7e22a8b012de3d1cb3d403290f98,14be4b45f18e0d8c67b4f719b5144eee88497e413709d11d85b096d8e2346310,not_applicable,not_applicable,0,predictive,87f377e3753a8ee6111f8617dab3acab94c54a1d,a64ed75fc67d4ebac69374cd08f30e2e71c2afdccb8d264ff6a398444c6a8d08,a37461744b76c56cbccbd7dbfefca9f66c04542e778ab972256100ebe2e98ff0,a37461744b76c56cbccb,0a904b431f22c8f399dac0276a0ae92d47c48117eb08a1485f84d67d930c8588,Local fast path only,held-out contract; strict historical reference eligibility
33,validation,polygon,direct_only,1,0.0,353,0,1,c82b838a1692bd842427a9b92f5aef71685f68967c280e2c6a8d35ead615f125,353,1,352,0,345,7,1,0.0,0.0,0.0,1.0,-0.0075812294129287,0.0089285714285714,0.6846590909090908,0.4900568181818182,,offline_contract_detection,contract,410abef9e0bda6e6885592c5220658bd9734637436768627288079eb5a2fdc7c,frozen-GoG-bounded-cache-0fff3b048f96,validation,6919da56faf1e0d74ea7a2c3596ac00f3f428060b0cbf2a211976252b99a6635,ccb6bab4fe82151e93becb7c02c8059131d3253c9060a26f3e63ced4b98cef55,3fdbd516e6a70d139e0d9b35708e2e8eabcb7e22a8b012de3d1cb3d403290f98,14be4b45f18e0d8c67b4f719b5144eee88497e413709d11d85b096d8e2346310,not_applicable,not_applicable,0,predictive,87f377e3753a8ee6111f8617dab3acab94c54a1d,a64ed75fc67d4ebac69374cd08f30e2e71c2afdccb8d264ff6a398444c6a8d08,644fd3fc1d0303fe1e2c2bd9f5ab73ade9da259e53a2c1283304a4d524ef8abf,644fd3fc1d0303fe1e2c,0a904b431f22c8f399dac0276a0ae92d47c48117eb08a1485f84d67d930c8588,Local fast path only,held-out contract; strict historical reference eligibility
33,validation,pooled,primary,1,0.950109649122807,182,3466,175,255c2ec0d817867313ee59839e6111af22fe8b7de42afbb99fabaccb86b9b87f,3648,393,3255,302,3211,44,91,0.8173207036535859,0.8728323699421965,0.7684478371501272,0.2315521628498727,0.7988255935832866,0.8804444387306553,0.9513897194763976,0.8774650860097795,,offline_contract_detection,contract,040303b940bba72688c9650a71798efe1544b592865e768daba734b220a4018f,frozen-GoG-bounded-cache-0fff3b048f96,validation,6919da56faf1e0d74ea7a2c3596ac00f3f428060b0cbf2a211976252b99a6635,ccb6bab4fe82151e93becb7c02c8059131d3253c9060a26f3e63ced4b98cef55,3fdbd516e6a70d139e0d9b35708e2e8eabcb7e22a8b012de3d1cb3d403290f98,14be4b45f18e0d8c67b4f719b5144eee88497e413709d11d85b096d8e2346310,not_applicable,not_applicable,0,predictive,87f377e3753a8ee6111f8617dab3acab94c54a1d,a64ed75fc67d4ebac69374cd08f30e2e71c2afdccb8d264ff6a398444c6a8d08,ae2153d0f2b9591c5e0829b836fe044b9e15d3fe5c00c935c1bcecb7fde35763,ae2153d0f2b9591c5e08,0a904b431f22c8f399dac0276a0ae92d47c48117eb08a1485f84d67d930c8588,Primary selective policy,held-out contract; strict historical reference eligibility
33,validation,ethereum,primary,1,0.9161290322580644,182,1988,175,255c2ec0d817867313ee59839e6111af22fe8b7de42afbb99fabaccb86b9b87f,2170,361,1809,298,1781,28,63,0.8675400291120815,0.9141104294478528,0.8254847645429363,0.1745152354570637,0.8442521658459008,0.924514980794238,0.9633718143661502,0.90500329990552,,offline_contract_detection,contract,edaf860076378fc4cb95f0dd08db895326e0dfbcdc87ada24e75d165c9014778,frozen-GoG-bounded-cache-0fff3b048f96,validation,6919da56faf1e0d74ea7a2c3596ac00f3f428060b0cbf2a211976252b99a6635,ccb6bab4fe82151e93becb7c02c8059131d3253c9060a26f3e63ced4b98cef55,3fdbd516e6a70d139e0d9b35708e2e8eabcb7e22a8b012de3d1cb3d403290f98,14be4b45f18e0d8c67b4f719b5144eee88497e413709d11d85b096d8e2346310,not_applicable,not_applicable,0,predictive,87f377e3753a8ee6111f8617dab3acab94c54a1d,a64ed75fc67d4ebac69374cd08f30e2e71c2afdccb8d264ff6a398444c6a8d08,142ed9c8e7121bdb9c5814259a62e6adca57ecdd507d0e079aaf878f4e0d38f2,142ed9c8e7121bdb9c58,0a904b431f22c8f399dac0276a0ae92d47c48117eb08a1485f84d67d930c8588,Primary selective policy,held-out contract; strict historical reference eligibility
33,validation,bsc,primary,1,1.0,0,1125,0,255c2ec0d817867313ee59839e6111af22fe8b7de42afbb99fabaccb86b9b87f,1125,31,1094,4,1082,12,27,0.1702127659574468,0.25,0.1290322580645161,0.8709677419354839,0.1632220381159804,0.1817436298119572,0.8045939729905054,0.5590316683375597,,offline_contract_detection,contract,48e8947fb1eac4d259abab9a80155c82885cbb490f27a341e231b6ebfc2cac73,frozen-GoG-bounded-cache-0fff3b048f96,validation,6919da56faf1e0d74ea7a2c3596ac00f3f428060b0cbf2a211976252b99a6635,ccb6bab4fe82151e93becb7c02c8059131d3253c9060a26f3e63ced4b98cef55,3fdbd516e6a70d139e0d9b35708e2e8eabcb7e22a8b012de3d1cb3d403290f98,14be4b45f18e0d8c67b4f719b5144eee88497e413709d11d85b096d8e2346310,not_applicable,not_applicable,0,predictive,87f377e3753a8ee6111f8617dab3acab94c54a1d,a64ed75fc67d4ebac69374cd08f30e2e71c2afdccb8d264ff6a398444c6a8d08,e325d9c61c1d38cdc86bf213e945673ca575e6182aee916a46229cf68d1ac822,e325d9c61c1d38cdc86b,0a904b431f22c8f399dac0276a0ae92d47c48117eb08a1485f84d67d930c8588,Primary selective policy,held-out contract; strict historical reference eligibility
33,validation,polygon,primary,1,1.0,0,353,0,255c2ec0d817867313ee59839e6111af22fe8b7de42afbb99fabaccb86b9b87f,353,1,352,0,348,4,1,0.0,0.0,0.0,1.0,-0.0057061863487378,0.0081967213114754,0.65625,0.4943181818181818,,offline_contract_detection,contract,410abef9e0bda6e6885592c5220658bd9734637436768627288079eb5a2fdc7c,frozen-GoG-bounded-cache-0fff3b048f96,validation,6919da56faf1e0d74ea7a2c3596ac00f3f428060b0cbf2a211976252b99a6635,ccb6bab4fe82151e93becb7c02c8059131d3253c9060a26f3e63ced4b98cef55,3fdbd516e6a70d139e0d9b35708e2e8eabcb7e22a8b012de3d1cb3d403290f98,14be4b45f18e0d8c67b4f719b5144eee88497e413709d11d85b096d8e2346310,not_applicable,not_applicable,0,predictive,87f377e3753a8ee6111f8617dab3acab94c54a1d,a64ed75fc67d4ebac69374cd08f30e2e71c2afdccb8d264ff6a398444c6a8d08,b738a95dcdb453dc9839aef74cedb129286570a7ab7776d2198fa87e4eedc7ff,b738a95dcdb453dc9839,0a904b431f22c8f399dac0276a0ae92d47c48117eb08a1485f84d67d930c8588,Primary selective policy,held-out contract; strict historical reference eligibility
33,validation,pooled,full_deep,1,1.0,0,3648,0,c7530ca09a18aff2f798bd9de5706002c9bec435810de9128a866fb938074f71,3648,393,3255,315,3191,64,78,0.8160621761658031,0.8311345646437994,0.8015267175572519,0.1984732824427481,0.794467781173696,0.8822769184604158,0.9515734258900967,0.890932329592758,,offline_contract_detection,contract,040303b940bba72688c9650a71798efe1544b592865e768daba734b220a4018f,frozen-GoG-bounded-cache-0fff3b048f96,validation,6919da56faf1e0d74ea7a2c3596ac00f3f428060b0cbf2a211976252b99a6635,ccb6bab4fe82151e93becb7c02c8059131d3253c9060a26f3e63ced4b98cef55,3fdbd516e6a70d139e0d9b35708e2e8eabcb7e22a8b012de3d1cb3d403290f98,14be4b45f18e0d8c67b4f719b5144eee88497e413709d11d85b096d8e2346310,not_applicable,not_applicable,0,predictive,87f377e3753a8ee6111f8617dab3acab94c54a1d,a64ed75fc67d4ebac69374cd08f30e2e71c2afdccb8d264ff6a398444c6a8d08,b0cb07aabbf0f9ab3136b53cd4543ce41b6d321e2117a52c9e2d0131fc207505,b0cb07aabbf0f9ab3136,0a904b431f22c8f399dac0276a0ae92d47c48117eb08a1485f84d67d930c8588,Full relational inference,held-out contract; strict historical reference eligibility
33,validation,ethereum,full_deep,1,1.0,0,2170,0,c7530ca09a18aff2f798bd9de5706002c9bec435810de9128a866fb938074f71,2170,361,1809,310,1770,39,51,0.8732394366197183,0.8882521489971347,0.8587257617728532,0.1412742382271468,0.8486277741055491,0.9266640797292064,0.9637561653107194,0.918583444733856,,offline_contract_detection,contract,edaf860076378fc4cb95f0dd08db895326e0dfbcdc87ada24e75d165c9014778,frozen-GoG-bounded-cache-0fff3b048f96,validation,6919da56faf1e0d74ea7a2c3596ac00f3f428060b0cbf2a211976252b99a6635,ccb6bab4fe82151e93becb7c02c8059131d3253c9060a26f3e63ced4b98cef55,3fdbd516e6a70d139e0d9b35708e2e8eabcb7e22a8b012de3d1cb3d403290f98,14be4b45f18e0d8c67b4f719b5144eee88497e413709d11d85b096d8e2346310,not_applicable,not_applicable,0,predictive,87f377e3753a8ee6111f8617dab3acab94c54a1d,a64ed75fc67d4ebac69374cd08f30e2e71c2afdccb8d264ff6a398444c6a8d08,837f79dc7fc3e8a08e3f1b0ef829789561154f7e5f6049d6631f812797869326,837f79dc7fc3e8a08e3f,0a904b431f22c8f399dac0276a0ae92d47c48117eb08a1485f84d67d930c8588,Full relational inference,held-out contract; strict historical reference eligibility
33,validation,bsc,full_deep,1,1.0,0,1125,0,c7530ca09a18aff2f798bd9de5706002c9bec435810de9128a866fb938074f71,1125,31,1094,5,1075,19,26,0.1818181818181818,0.2083333333333333,0.1612903225806451,0.8387096774193549,0.1630497057545462,0.1817436298119572,0.8045939729905054,0.5719614318570502,,offline_contract_detection,contract,48e8947fb1eac4d259abab9a80155c82885cbb490f27a341e231b6ebfc2cac73,frozen-GoG-bounded-cache-0fff3b048f96,validation,6919da56faf1e0d74ea7a2c3596ac00f3f428060b0cbf2a211976252b99a6635,ccb6bab4fe82151e93becb7c02c8059131d3253c9060a26f3e63ced4b98cef55,3fdbd516e6a70d139e0d9b35708e2e8eabcb7e22a8b012de3d1cb3d403290f98,14be4b45f18e0d8c67b4f719b5144eee88497e413709d11d85b096d8e2346310,not_applicable,not_applicable,0,predictive,87f377e3753a8ee6111f8617dab3acab94c54a1d,a64ed75fc67d4ebac69374cd08f30e2e71c2afdccb8d264ff6a398444c6a8d08,4fa4e961c5fb99036e89dbfefcd861932ca7dee3f8082e687756e8903151abc4,4fa4e961c5fb99036e89,0a904b431f22c8f399dac0276a0ae92d47c48117eb08a1485f84d67d930c8588,Full relational inference,held-out contract; strict historical reference eligibility
33,validation,polygon,full_deep,1,1.0,0,353,0,c7530ca09a18aff2f798bd9de5706002c9bec435810de9128a866fb938074f71,353,1,352,0,346,6,1,0.0,0.0,0.0,1.0,-0.0070087336511841,0.0081967213114754,0.65625,0.4914772727272727,,offline_contract_detection,contract,410abef9e0bda6e6885592c5220658bd9734637436768627288079eb5a2fdc7c,frozen-GoG-bounded-cache-0fff3b048f96,validation,6919da56faf1e0d74ea7a2c3596ac00f3f428060b0cbf2a211976252b99a6635,ccb6bab4fe82151e93becb7c02c8059131d3253c9060a26f3e63ced4b98cef55,3fdbd516e6a70d139e0d9b35708e2e8eabcb7e22a8b012de3d1cb3d403290f98,14be4b45f18e0d8c67b4f719b5144eee88497e413709d11d85b096d8e2346310,not_applicable,not_applicable,0,predictive,87f377e3753a8ee6111f8617dab3acab94c54a1d,a64ed75fc67d4ebac69374cd08f30e2e71c2afdccb8d264ff6a398444c6a8d08,e0ca91112a6d386bfb10d35af5a212e1743730fcafc29df6e08ea6e3c168ada1,e0ca91112a6d386bfb10,0a904b431f22c8f399dac0276a0ae92d47c48117eb08a1485f84d67d930c8588,Full relational inference,held-out contract; strict historical reference eligibility
33,test,pooled,direct_only,1,0.0,3648,0,161,c82b838a1692bd842427a9b92f5aef71685f68967c280e2c6a8d35ead615f125,3648,161,3487,87,3440,47,74,0.5898305084745763,0.6492537313432836,0.5403726708074534,0.4596273291925465,0.5753192645278439,0.6261416074376452,0.9197765613895088,0.7634470179388573,,offline_contract_detection,contract,cad8767b7ffb5c876a00c90d847d61be595ac2c9b4a71e92e62462778b62b488,frozen-GoG-bounded-cache-0fff3b048f96,test,6919da56faf1e0d74ea7a2c3596ac00f3f428060b0cbf2a211976252b99a6635,ccb6bab4fe82151e93becb7c02c8059131d3253c9060a26f3e63ced4b98cef55,3fdbd516e6a70d139e0d9b35708e2e8eabcb7e22a8b012de3d1cb3d403290f98,14be4b45f18e0d8c67b4f719b5144eee88497e413709d11d85b096d8e2346310,not_applicable,not_applicable,0,predictive,87f377e3753a8ee6111f8617dab3acab94c54a1d,a64ed75fc67d4ebac69374cd08f30e2e71c2afdccb8d264ff6a398444c6a8d08,5f79390e9da86a114628a15263a36e14912162c586532b683f432a5efb1f49de,5f79390e9da86a114628,0a904b431f22c8f399dac0276a0ae92d47c48117eb08a1485f84d67d930c8588,Local fast path only,held-out contract; strict historical reference eligibility
33,test,ethereum,direct_only,1,0.0,2170,0,136,c82b838a1692bd842427a9b92f5aef71685f68967c280e2c6a8d35ead615f125,2170,136,2034,82,2009,25,54,0.6748971193415638,0.7663551401869159,0.6029411764705882,0.3970588235294117,0.6612013405150383,0.7302853131869521,0.9377711261495748,0.7953250621782636,,offline_contract_detection,contract,b5390b085970b2e07f65fbf1106c7994bf469ab00e90f34bb343a6a7f49f8cd8,frozen-GoG-bounded-cache-0fff3b048f96,test,6919da56faf1e0d74ea7a2c3596ac00f3f428060b0cbf2a211976252b99a6635,ccb6bab4fe82151e93becb7c02c8059131d3253c9060a26f3e63ced4b98cef55,3fdbd516e6a70d139e0d9b35708e2e8eabcb7e22a8b012de3d1cb3d403290f98,14be4b45f18e0d8c67b4f719b5144eee88497e413709d11d85b096d8e2346310,not_applicable,not_applicable,0,predictive,87f377e3753a8ee6111f8617dab3acab94c54a1d,a64ed75fc67d4ebac69374cd08f30e2e71c2afdccb8d264ff6a398444c6a8d08,7bb4675b34db46379ede58b677c46af9561584be16a673560fc23ee6d2934357,7bb4675b34db46379ede,0a904b431f22c8f399dac0276a0ae92d47c48117eb08a1485f84d67d930c8588,Local fast path only,held-out contract; strict historical reference eligibility
33,test,bsc,direct_only,1,0.0,1125,0,25,c82b838a1692bd842427a9b92f5aef71685f68967c280e2c6a8d35ead615f125,1125,25,1100,5,1084,16,20,0.217391304347826,0.238095238095238,0.2,0.8,0.2019805940217469,0.2072887523381478,0.828,0.5927272727272728,,offline_contract_detection,contract,6fb0bc38ab6aaca902bad4b2877d1f4a8259132c97f26d322eb0fccb403e2773,frozen-GoG-bounded-cache-0fff3b048f96,test,6919da56faf1e0d74ea7a2c3596ac00f3f428060b0cbf2a211976252b99a6635,ccb6bab4fe82151e93becb7c02c8059131d3253c9060a26f3e63ced4b98cef55,3fdbd516e6a70d139e0d9b35708e2e8eabcb7e22a8b012de3d1cb3d403290f98,14be4b45f18e0d8c67b4f719b5144eee88497e413709d11d85b096d8e2346310,not_applicable,not_applicable,0,predictive,87f377e3753a8ee6111f8617dab3acab94c54a1d,a64ed75fc67d4ebac69374cd08f30e2e71c2afdccb8d264ff6a398444c6a8d08,00c099f02af0bf8e9f02a81ec9dfed77e9ac97f9f05da5304fa5a6264f24fc20,00c099f02af0bf8e9f02,0a904b431f22c8f399dac0276a0ae92d47c48117eb08a1485f84d67d930c8588,Local fast path only,held-out contract; strict historical reference eligibility
33,test,polygon,direct_only,1,0.0,353,0,0,c82b838a1692bd842427a9b92f5aef71685f68967c280e2c6a8d35ead615f125,353,0,353,0,347,6,0,0.0,0.0,0.0,0.0,0.0,,,,single-class support,offline_contract_detection,contract,149a9a8d1b6ad8bbd483625a6b6907db9038675a60e85761a037939afd064816,frozen-GoG-bounded-cache-0fff3b048f96,test,6919da56faf1e0d74ea7a2c3596ac00f3f428060b0cbf2a211976252b99a6635,ccb6bab4fe82151e93becb7c02c8059131d3253c9060a26f3e63ced4b98cef55,3fdbd516e6a70d139e0d9b35708e2e8eabcb7e22a8b012de3d1cb3d403290f98,14be4b45f18e0d8c67b4f719b5144eee88497e413709d11d85b096d8e2346310,not_applicable,not_applicable,0,predictive,87f377e3753a8ee6111f8617dab3acab94c54a1d,a64ed75fc67d4ebac69374cd08f30e2e71c2afdccb8d264ff6a398444c6a8d08,02bd29af91908c414015a24b4be85cd083b1686d2748f82899788626cf49edc6,02bd29af91908c414015,0a904b431f22c8f399dac0276a0ae92d47c48117eb08a1485f84d67d930c8588,Local fast path only,held-out contract; strict historical reference eligibility
33,test,pooled,primary,1,0.9912280701754386,32,3616,26,255c2ec0d817867313ee59839e6111af22fe8b7de42afbb99fabaccb86b9b87f,3648,161,3487,70,3461,26,91,0.5447470817120622,0.7291666666666666,0.4347826086956521,0.5652173913043478,0.5483103987478783,0.6617497982512377,0.9292206901588332,0.7136631712821536,,offline_contract_detection,contract,cad8767b7ffb5c876a00c90d847d61be595ac2c9b4a71e92e62462778b62b488,frozen-GoG-bounded-cache-0fff3b048f96,test,6919da56faf1e0d74ea7a2c3596ac00f3f428060b0cbf2a211976252b99a6635,ccb6bab4fe82151e93becb7c02c8059131d3253c9060a26f3e63ced4b98cef55,3fdbd516e6a70d139e0d9b35708e2e8eabcb7e22a8b012de3d1cb3d403290f98,14be4b45f18e0d8c67b4f719b5144eee88497e413709d11d85b096d8e2346310,not_applicable,not_applicable,0,predictive,87f377e3753a8ee6111f8617dab3acab94c54a1d,a64ed75fc67d4ebac69374cd08f30e2e71c2afdccb8d264ff6a398444c6a8d08,9c3a859409a16f20cd2a1e5ede7eec8d71e7082d5481b74398ec0822b13234ef,9c3a859409a16f20cd2a,0a904b431f22c8f399dac0276a0ae92d47c48117eb08a1485f84d67d930c8588,Primary selective policy,held-out contract; strict historical reference eligibility
33,test,ethereum,primary,1,0.9857142857142858,31,2139,26,255c2ec0d817867313ee59839e6111af22fe8b7de42afbb99fabaccb86b9b87f,2170,136,2034,67,2019,15,69,0.6146788990825688,0.8170731707317073,0.4926470588235294,0.5073529411764706,0.6168198923233709,0.7447819678981474,0.937304789172306,0.7426362137775464,,offline_contract_detection,contract,b5390b085970b2e07f65fbf1106c7994bf469ab00e90f34bb343a6a7f49f8cd8,frozen-GoG-bounded-cache-0fff3b048f96,test,6919da56faf1e0d74ea7a2c3596ac00f3f428060b0cbf2a211976252b99a6635,ccb6bab4fe82151e93becb7c02c8059131d3253c9060a26f3e63ced4b98cef55,3fdbd516e6a70d139e0d9b35708e2e8eabcb7e22a8b012de3d1cb3d403290f98,14be4b45f18e0d8c67b4f719b5144eee88497e413709d11d85b096d8e2346310,not_applicable,not_applicable,0,predictive,87f377e3753a8ee6111f8617dab3acab94c54a1d,a64ed75fc67d4ebac69374cd08f30e2e71c2afdccb8d264ff6a398444c6a8d08,3177b74be131cb38838c28f4cdb7e3aedf529b2c653f0518105ed207b9100d6a,3177b74be131cb38838c,0a904b431f22c8f399dac0276a0ae92d47c48117eb08a1485f84d67d930c8588,Primary selective policy,held-out contract; strict historical reference eligibility
33,test,bsc,primary,1,0.9991111111111112,1,1124,0,255c2ec0d817867313ee59839e6111af22fe8b7de42afbb99fabaccb86b9b87f,1125,25,1100,3,1091,9,22,0.1621621621621621,0.25,0.12,0.88,0.160450312766739,0.2437839690789828,0.8693818181818181,0.5559090909090909,,offline_contract_detection,contract,6fb0bc38ab6aaca902bad4b2877d1f4a8259132c97f26d322eb0fccb403e2773,frozen-GoG-bounded-cache-0fff3b048f96,test,6919da56faf1e0d74ea7a2c3596ac00f3f428060b0cbf2a211976252b99a6635,ccb6bab4fe82151e93becb7c02c8059131d3253c9060a26f3e63ced4b98cef55,3fdbd516e6a70d139e0d9b35708e2e8eabcb7e22a8b012de3d1cb3d403290f98,14be4b45f18e0d8c67b4f719b5144eee88497e413709d11d85b096d8e2346310,not_applicable,not_applicable,0,predictive,87f377e3753a8ee6111f8617dab3acab94c54a1d,a64ed75fc67d4ebac69374cd08f30e2e71c2afdccb8d264ff6a398444c6a8d08,b54810e1e17108adbd125b1d88c455a275be126d58a88c2c65befdd525ce272b,b54810e1e17108adbd12,0a904b431f22c8f399dac0276a0ae92d47c48117eb08a1485f84d67d930c8588,Primary selective policy,held-out contract; strict historical reference eligibility
33,test,polygon,primary,1,1.0,0,353,0,255c2ec0d817867313ee59839e6111af22fe8b7de42afbb99fabaccb86b9b87f,353,0,353,0,351,2,0,0.0,0.0,0.0,0.0,0.0,,,,single-class support,offline_contract_detection,contract,149a9a8d1b6ad8bbd483625a6b6907db9038675a60e85761a037939afd064816,frozen-GoG-bounded-cache-0fff3b048f96,test,6919da56faf1e0d74ea7a2c3596ac00f3f428060b0cbf2a211976252b99a6635,ccb6bab4fe82151e93becb7c02c8059131d3253c9060a26f3e63ced4b98cef55,3fdbd516e6a70d139e0d9b35708e2e8eabcb7e22a8b012de3d1cb3d403290f98,14be4b45f18e0d8c67b4f719b5144eee88497e413709d11d85b096d8e2346310,not_applicable,not_applicable,0,predictive,87f377e3753a8ee6111f8617dab3acab94c54a1d,a64ed75fc67d4ebac69374cd08f30e2e71c2afdccb8d264ff6a398444c6a8d08,d2b4532a0c2389bc05f20b59b80048de0f9b7315ca8440f8f6136b538b5540fb,d2b4532a0c2389bc05f2,0a904b431f22c8f399dac0276a0ae92d47c48117eb08a1485f84d67d930c8588,Primary selective policy,held-out contract; strict historical reference eligibility
33,test,pooled,full_deep,1,1.0,0,3648,0,c7530ca09a18aff2f798bd9de5706002c9bec435810de9128a866fb938074f71,3648,161,3487,83,3454,33,78,0.5992779783393501,0.7155172413793104,0.515527950310559,0.484472049689441,0.5923865768941632,0.6634351760207616,0.9293899078565108,0.7530321139565412,,offline_contract_detection,contract,cad8767b7ffb5c876a00c90d847d61be595ac2c9b4a71e92e62462778b62b488,frozen-GoG-bounded-cache-0fff3b048f96,test,6919da56faf1e0d74ea7a2c3596ac00f3f428060b0cbf2a211976252b99a6635,ccb6bab4fe82151e93becb7c02c8059131d3253c9060a26f3e63ced4b98cef55,3fdbd516e6a70d139e0d9b35708e2e8eabcb7e22a8b012de3d1cb3d403290f98,14be4b45f18e0d8c67b4f719b5144eee88497e413709d11d85b096d8e2346310,not_applicable,not_applicable,0,predictive,87f377e3753a8ee6111f8617dab3acab94c54a1d,a64ed75fc67d4ebac69374cd08f30e2e71c2afdccb8d264ff6a398444c6a8d08,ff0c683569683721bda7b00ec301ae2c71d31f88a9ab5f8a67c58ff63a19894a,ff0c683569683721bda7,0a904b431f22c8f399dac0276a0ae92d47c48117eb08a1485f84d67d930c8588,Full relational inference,held-out contract; strict historical reference eligibility
33,test,ethereum,full_deep,1,1.0,0,2170,0,c7530ca09a18aff2f798bd9de5706002c9bec435810de9128a866fb938074f71,2170,136,2034,79,2014,20,57,0.6723404255319149,0.797979797979798,0.5808823529411765,0.4191176470588235,0.6633016015346657,0.748265664229176,0.9376373705824512,0.7855247556249638,,offline_contract_detection,contract,b5390b085970b2e07f65fbf1106c7994bf469ab00e90f34bb343a6a7f49f8cd8,frozen-GoG-bounded-cache-0fff3b048f96,test,6919da56faf1e0d74ea7a2c3596ac00f3f428060b0cbf2a211976252b99a6635,ccb6bab4fe82151e93becb7c02c8059131d3253c9060a26f3e63ced4b98cef55,3fdbd516e6a70d139e0d9b35708e2e8eabcb7e22a8b012de3d1cb3d403290f98,14be4b45f18e0d8c67b4f719b5144eee88497e413709d11d85b096d8e2346310,not_applicable,not_applicable,0,predictive,87f377e3753a8ee6111f8617dab3acab94c54a1d,a64ed75fc67d4ebac69374cd08f30e2e71c2afdccb8d264ff6a398444c6a8d08,79a2166a5551794977d829a302221db4b20667c1e6f72e2e6dfb790e9a901eaf,79a2166a5551794977d8,0a904b431f22c8f399dac0276a0ae92d47c48117eb08a1485f84d67d930c8588,Full relational inference,held-out contract; strict historical reference eligibility
33,test,bsc,full_deep,1,1.0,0,1125,0,c7530ca09a18aff2f798bd9de5706002c9bec435810de9128a866fb938074f71,1125,25,1100,4,1091,9,21,0.2105263157894736,0.3076923076923077,0.16,0.84,0.20939488229875,0.2437839690789828,0.8693818181818181,0.5759090909090909,,offline_contract_detection,contract,6fb0bc38ab6aaca902bad4b2877d1f4a8259132c97f26d322eb0fccb403e2773,frozen-GoG-bounded-cache-0fff3b048f96,test,6919da56faf1e0d74ea7a2c3596ac00f3f428060b0cbf2a211976252b99a6635,ccb6bab4fe82151e93becb7c02c8059131d3253c9060a26f3e63ced4b98cef55,3fdbd516e6a70d139e0d9b35708e2e8eabcb7e22a8b012de3d1cb3d403290f98,14be4b45f18e0d8c67b4f719b5144eee88497e413709d11d85b096d8e2346310,not_applicable,not_applicable,0,predictive,87f377e3753a8ee6111f8617dab3acab94c54a1d,a64ed75fc67d4ebac69374cd08f30e2e71c2afdccb8d264ff6a398444c6a8d08,4aa20749b3f795cef0dab68900abcd16fa595fa25688c411c017956b33d00529,4aa20749b3f795cef0da,0a904b431f22c8f399dac0276a0ae92d47c48117eb08a1485f84d67d930c8588,Full relational inference,held-out contract; strict historical reference eligibility
33,test,polygon,full_deep,1,1.0,0,353,0,c7530ca09a18aff2f798bd9de5706002c9bec435810de9128a866fb938074f71,353,0,353,0,349,4,0,0.0,0.0,0.0,0.0,0.0,,,,single-class support,offline_contract_detection,contract,149a9a8d1b6ad8bbd483625a6b6907db9038675a60e85761a037939afd064816,frozen-GoG-bounded-cache-0fff3b048f96,test,6919da56faf1e0d74ea7a2c3596ac00f3f428060b0cbf2a211976252b99a6635,ccb6bab4fe82151e93becb7c02c8059131d3253c9060a26f3e63ced4b98cef55,3fdbd516e6a70d139e0d9b35708e2e8eabcb7e22a8b012de3d1cb3d403290f98,14be4b45f18e0d8c67b4f719b5144eee88497e413709d11d85b096d8e2346310,not_applicable,not_applicable,0,predictive,87f377e3753a8ee6111f8617dab3acab94c54a1d,a64ed75fc67d4ebac69374cd08f30e2e71c2afdccb8d264ff6a398444c6a8d08,8c425cb4d840a455ab877f98d336f1d63b95cce6ef5063e5ec9c314175aa443b,8c425cb4d840a455ab87,0a904b431f22c8f399dac0276a0ae92d47c48117eb08a1485f84d67d930c8588,Full relational inference,held-out contract; strict historical reference eligibility
44,validation,pooled,direct_only,1,0.0,3648,0,393,74e6f5914e4bf5f276d119035c5e0ced57cff5439c36d5aed98092b8684053aa,3648,393,3255,331,3164,91,62,0.8122699386503067,0.7843601895734598,0.8422391857506362,0.1577608142493638,0.7893294452715781,0.8296300812290628,0.934749827042366,0.907141098251662,,offline_contract_detection,contract,040303b940bba72688c9650a71798efe1544b592865e768daba734b220a4018f,frozen-GoG-bounded-cache-0fff3b048f96,validation,7120d6023081d7820cb3ae4a1230b91e15c90dee4978950b14a4a49ac6e56e5b,f1a0e54593aeffa47c493f7cf522e9f7117a8218422cb4e4c1419bc530b0d2fa,f600bb6f2e5197f009a28852b5137660101d7c76d08dd17d2e37ca671c59e4e5,7401ddc0d66827032d5d0b52d73b5504944e564959e75bfb4ea59b8b22455841,not_applicable,not_applicable,0,predictive,87f377e3753a8ee6111f8617dab3acab94c54a1d,a64ed75fc67d4ebac69374cd08f30e2e71c2afdccb8d264ff6a398444c6a8d08,e2a3e31cebace27144fa6441a8958b8e0e76e733ebefba111338abab6ad033d0,e2a3e31cebace27144fa,02f6acf8fe640a05a5e2815ed0f2a25388de3372a49183d6032b5ee0961a32f9,Local fast path only,held-out contract; strict historical reference eligibility
44,validation,ethereum,direct_only,1,0.0,2170,0,361,74e6f5914e4bf5f276d119035c5e0ced57cff5439c36d5aed98092b8684053aa,2170,361,1809,318,1750,59,43,0.8617886178861789,0.843501326259947,0.8808864265927978,0.1191135734072022,0.8337715159109769,0.8815639010439131,0.9461816800883244,0.9241358611681512,,offline_contract_detection,contract,edaf860076378fc4cb95f0dd08db895326e0dfbcdc87ada24e75d165c9014778,frozen-GoG-bounded-cache-0fff3b048f96,validation,7120d6023081d7820cb3ae4a1230b91e15c90dee4978950b14a4a49ac6e56e5b,f1a0e54593aeffa47c493f7cf522e9f7117a8218422cb4e4c1419bc530b0d2fa,f600bb6f2e5197f009a28852b5137660101d7c76d08dd17d2e37ca671c59e4e5,7401ddc0d66827032d5d0b52d73b5504944e564959e75bfb4ea59b8b22455841,not_applicable,not_applicable,0,predictive,87f377e3753a8ee6111f8617dab3acab94c54a1d,a64ed75fc67d4ebac69374cd08f30e2e71c2afdccb8d264ff6a398444c6a8d08,09b8f15e8f6419ed65b56b2396df43aef6c53b63e4a05769f6cb12b7fcb3d822,09b8f15e8f6419ed65b5,02f6acf8fe640a05a5e2815ed0f2a25388de3372a49183d6032b5ee0961a32f9,Local fast path only,held-out contract; strict historical reference eligibility
44,validation,bsc,direct_only,1,0.0,1125,0,31,74e6f5914e4bf5f276d119035c5e0ced57cff5439c36d5aed98092b8684053aa,1125,31,1094,13,1068,26,18,0.3714285714285714,0.3333333333333333,0.4193548387096774,0.5806451612903226,0.3539861950855436,0.1930060805469186,0.7901161762104145,0.6977944211829923,,offline_contract_detection,contract,48e8947fb1eac4d259abab9a80155c82885cbb490f27a341e231b6ebfc2cac73,frozen-GoG-bounded-cache-0fff3b048f96,validation,7120d6023081d7820cb3ae4a1230b91e15c90dee4978950b14a4a49ac6e56e5b,f1a0e54593aeffa47c493f7cf522e9f7117a8218422cb4e4c1419bc530b0d2fa,f600bb6f2e5197f009a28852b5137660101d7c76d08dd17d2e37ca671c59e4e5,7401ddc0d66827032d5d0b52d73b5504944e564959e75bfb4ea59b8b22455841,not_applicable,not_applicable,0,predictive,87f377e3753a8ee6111f8617dab3acab94c54a1d,a64ed75fc67d4ebac69374cd08f30e2e71c2afdccb8d264ff6a398444c6a8d08,9a99dd007084e423827ba29c94f15eb79e015e58a7ee2821f937e4d4991daec7,9a99dd007084e423827b,02f6acf8fe640a05a5e2815ed0f2a25388de3372a49183d6032b5ee0961a32f9,Local fast path only,held-out contract; strict historical reference eligibility
44,validation,polygon,direct_only,1,0.0,353,0,1,74e6f5914e4bf5f276d119035c5e0ced57cff5439c36d5aed98092b8684053aa,353,1,352,0,346,6,1,0.0,0.0,0.0,1.0,-0.0070087336511841,0.0064516129032258,0.5625,0.4914772727272727,,offline_contract_detection,contract,410abef9e0bda6e6885592c5220658bd9734637436768627288079eb5a2fdc7c,frozen-GoG-bounded-cache-0fff3b048f96,validation,7120d6023081d7820cb3ae4a1230b91e15c90dee4978950b14a4a49ac6e56e5b,f1a0e54593aeffa47c493f7cf522e9f7117a8218422cb4e4c1419bc530b0d2fa,f600bb6f2e5197f009a28852b5137660101d7c76d08dd17d2e37ca671c59e4e5,7401ddc0d66827032d5d0b52d73b5504944e564959e75bfb4ea59b8b22455841,not_applicable,not_applicable,0,predictive,87f377e3753a8ee6111f8617dab3acab94c54a1d,a64ed75fc67d4ebac69374cd08f30e2e71c2afdccb8d264ff6a398444c6a8d08,f308bdd221ef84f5ac07ce20253015069f89e1962142380c1ea3ebf9465dad32,f308bdd221ef84f5ac07,02f6acf8fe640a05a5e2815ed0f2a25388de3372a49183d6032b5ee0961a32f9,Local fast path only,held-out contract; strict historical reference eligibility
44,validation,pooled,primary,1,0.100328947368421,3282,366,241,2f8da9bf1373e9f4173978813edc3a627b79f4c60f3f4738044e2b82bd8e8dc3,3648,393,3255,306,3203,52,87,0.8149134487350199,0.8547486033519553,0.7786259541984732,0.2213740458015267,0.7948000518304523,0.8461081127051822,0.9368800397118544,0.8813252658857189,,offline_contract_detection,contract,040303b940bba72688c9650a71798efe1544b592865e768daba734b220a4018f,frozen-GoG-bounded-cache-0fff3b048f96,validation,7120d6023081d7820cb3ae4a1230b91e15c90dee4978950b14a4a49ac6e56e5b,f1a0e54593aeffa47c493f7cf522e9f7117a8218422cb4e4c1419bc530b0d2fa,f600bb6f2e5197f009a28852b5137660101d7c76d08dd17d2e37ca671c59e4e5,7401ddc0d66827032d5d0b52d73b5504944e564959e75bfb4ea59b8b22455841,not_applicable,not_applicable,0,predictive,87f377e3753a8ee6111f8617dab3acab94c54a1d,a64ed75fc67d4ebac69374cd08f30e2e71c2afdccb8d264ff6a398444c6a8d08,e43b21743317082b4ae13163742fd5580ff233304328a4dd6ccd5da2782d4afb,e43b21743317082b4ae1,02f6acf8fe640a05a5e2815ed0f2a25388de3372a49183d6032b5ee0961a32f9,Primary selective policy,held-out contract; strict historical reference eligibility
44,validation,ethereum,primary,1,0.1216589861751152,1906,264,229,2f8da9bf1373e9f4173978813edc3a627b79f4c60f3f4738044e2b82bd8e8dc3,2170,361,1809,301,1770,39,60,0.8587731811697575,0.8852941176470588,0.8337950138504155,0.1662049861495844,0.8321281061741375,0.8934140932288007,0.94864857001542,0.9061180707726372,,offline_contract_detection,contract,edaf860076378fc4cb95f0dd08db895326e0dfbcdc87ada24e75d165c9014778,frozen-GoG-bounded-cache-0fff3b048f96,validation,7120d6023081d7820cb3ae4a1230b91e15c90dee4978950b14a4a49ac6e56e5b,f1a0e54593aeffa47c493f7cf522e9f7117a8218422cb4e4c1419bc530b0d2fa,f600bb6f2e5197f009a28852b5137660101d7c76d08dd17d2e37ca671c59e4e5,7401ddc0d66827032d5d0b52d73b5504944e564959e75bfb4ea59b8b22455841,not_applicable,not_applicable,0,predictive,87f377e3753a8ee6111f8617dab3acab94c54a1d,a64ed75fc67d4ebac69374cd08f30e2e71c2afdccb8d264ff6a398444c6a8d08,45ac05b18b40d13faa806f949d25f42d68a85aaa0b77ce01ad629fbd75defa9e,45ac05b18b40d13faa80,02f6acf8fe640a05a5e2815ed0f2a25388de3372a49183d6032b5ee0961a32f9,Primary selective policy,held-out contract; strict historical reference eligibility
44,validation,bsc,primary,1,0.064,1053,72,11,2f8da9bf1373e9f4173978813edc3a627b79f4c60f3f4738044e2b82bd8e8dc3,1125,31,1094,5,1083,11,26,0.2127659574468085,0.3125,0.1612903225806451,0.8387096774193549,0.2090823759982177,0.1988734706696822,0.7892905584714278,0.5756177389868491,,offline_contract_detection,contract,48e8947fb1eac4d259abab9a80155c82885cbb490f27a341e231b6ebfc2cac73,frozen-GoG-bounded-cache-0fff3b048f96,validation,7120d6023081d7820cb3ae4a1230b91e15c90dee4978950b14a4a49ac6e56e5b,f1a0e54593aeffa47c493f7cf522e9f7117a8218422cb4e4c1419bc530b0d2fa,f600bb6f2e5197f009a28852b5137660101d7c76d08dd17d2e37ca671c59e4e5,7401ddc0d66827032d5d0b52d73b5504944e564959e75bfb4ea59b8b22455841,not_applicable,not_applicable,0,predictive,87f377e3753a8ee6111f8617dab3acab94c54a1d,a64ed75fc67d4ebac69374cd08f30e2e71c2afdccb8d264ff6a398444c6a8d08,5e281286b07e2742b40ca33f7f9ba54512163ac8790c05a78335f7354c15caf1,5e281286b07e2742b40c,02f6acf8fe640a05a5e2815ed0f2a25388de3372a49183d6032b5ee0961a32f9,Primary selective policy,held-out contract; strict historical reference eligibility
44,validation,polygon,primary,1,0.0849858356940509,323,30,1,2f8da9bf1373e9f4173978813edc3a627b79f4c60f3f4738044e2b82bd8e8dc3,353,1,352,0,350,2,1,0.0,0.0,0.0,1.0,-0.0040233712465438,0.0064516129032258,0.5625,0.4971590909090909,,offline_contract_detection,contract,410abef9e0bda6e6885592c5220658bd9734637436768627288079eb5a2fdc7c,frozen-GoG-bounded-cache-0fff3b048f96,validation,7120d6023081d7820cb3ae4a1230b91e15c90dee4978950b14a4a49ac6e56e5b,f1a0e54593aeffa47c493f7cf522e9f7117a8218422cb4e4c1419bc530b0d2fa,f600bb6f2e5197f009a28852b5137660101d7c76d08dd17d2e37ca671c59e4e5,7401ddc0d66827032d5d0b52d73b5504944e564959e75bfb4ea59b8b22455841,not_applicable,not_applicable,0,predictive,87f377e3753a8ee6111f8617dab3acab94c54a1d,a64ed75fc67d4ebac69374cd08f30e2e71c2afdccb8d264ff6a398444c6a8d08,c775a663a1eed4c1a89aa45651eff036a2fedfe6c808298b31249f764381c880,c775a663a1eed4c1a89a,02f6acf8fe640a05a5e2815ed0f2a25388de3372a49183d6032b5ee0961a32f9,Primary selective policy,held-out contract; strict historical reference eligibility
44,validation,pooled,full_deep,1,1.0,0,3648,0,44c6c4698212692d794ab71dda062c15e249ad954333c0fe4af200677a3fa4e5,3648,393,3255,328,3169,86,65,0.8128872366790583,0.7922705314009661,0.8346055979643766,0.1653944020356234,0.78997295166605,0.8401626506822119,0.936229640834418,0.9040923535136784,,offline_contract_detection,contract,040303b940bba72688c9650a71798efe1544b592865e768daba734b220a4018f,frozen-GoG-bounded-cache-0fff3b048f96,validation,7120d6023081d7820cb3ae4a1230b91e15c90dee4978950b14a4a49ac6e56e5b,f1a0e54593aeffa47c493f7cf522e9f7117a8218422cb4e4c1419bc530b0d2fa,f600bb6f2e5197f009a28852b5137660101d7c76d08dd17d2e37ca671c59e4e5,7401ddc0d66827032d5d0b52d73b5504944e564959e75bfb4ea59b8b22455841,not_applicable,not_applicable,0,predictive,87f377e3753a8ee6111f8617dab3acab94c54a1d,a64ed75fc67d4ebac69374cd08f30e2e71c2afdccb8d264ff6a398444c6a8d08,64b9434721f53216a3ee702fd5c469716ccca0218a805c6c19a556504a0f05a1,64b9434721f53216a3ee,02f6acf8fe640a05a5e2815ed0f2a25388de3372a49183d6032b5ee0961a32f9,Full relational inference,held-out contract; strict historical reference eligibility
44,validation,ethereum,full_deep,1,1.0,0,2170,0,44c6c4698212692d794ab71dda062c15e249ad954333c0fe4af200677a3fa4e5,2170,361,1809,318,1753,56,43,0.8653061224489796,0.8502673796791443,0.8808864265927978,0.1191135734072022,0.8380445875413636,0.8900391936123101,0.9479809325180808,0.9249650485645028,,offline_contract_detection,contract,edaf860076378fc4cb95f0dd08db895326e0dfbcdc87ada24e75d165c9014778,frozen-GoG-bounded-cache-0fff3b048f96,validation,7120d6023081d7820cb3ae4a1230b91e15c90dee4978950b14a4a49ac6e56e5b,f1a0e54593aeffa47c493f7cf522e9f7117a8218422cb4e4c1419bc530b0d2fa,f600bb6f2e5197f009a28852b5137660101d7c76d08dd17d2e37ca671c59e4e5,7401ddc0d66827032d5d0b52d73b5504944e564959e75bfb4ea59b8b22455841,not_applicable,not_applicable,0,predictive,87f377e3753a8ee6111f8617dab3acab94c54a1d,a64ed75fc67d4ebac69374cd08f30e2e71c2afdccb8d264ff6a398444c6a8d08,7d6d0c05a5169c9e4ea0ae1bebed34f361828f8c0ca3141ed34404f6f613e4d8,7d6d0c05a5169c9e4ea0,02f6acf8fe640a05a5e2815ed0f2a25388de3372a49183d6032b5ee0961a32f9,Full relational inference,held-out contract; strict historical reference eligibility
44,validation,bsc,full_deep,1,1.0,0,1125,0,44c6c4698212692d794ab71dda062c15e249ad954333c0fe4af200677a3fa4e5,1125,31,1094,10,1070,24,21,0.3076923076923077,0.2941176470588235,0.3225806451612903,0.6774193548387096,0.2874673232508752,0.1943773089828348,0.7900572035147726,0.6503214011912485,,offline_contract_detection,contract,48e8947fb1eac4d259abab9a80155c82885cbb490f27a341e231b6ebfc2cac73,frozen-GoG-bounded-cache-0fff3b048f96,validation,7120d6023081d7820cb3ae4a1230b91e15c90dee4978950b14a4a49ac6e56e5b,f1a0e54593aeffa47c493f7cf522e9f7117a8218422cb4e4c1419bc530b0d2fa,f600bb6f2e5197f009a28852b5137660101d7c76d08dd17d2e37ca671c59e4e5,7401ddc0d66827032d5d0b52d73b5504944e564959e75bfb4ea59b8b22455841,not_applicable,not_applicable,0,predictive,87f377e3753a8ee6111f8617dab3acab94c54a1d,a64ed75fc67d4ebac69374cd08f30e2e71c2afdccb8d264ff6a398444c6a8d08,db63e50c135f0bc5e7cbf74128dfe5e0ba7e182c1551f6ea05bb472a0c2a2727,db63e50c135f0bc5e7cb,02f6acf8fe640a05a5e2815ed0f2a25388de3372a49183d6032b5ee0961a32f9,Full relational inference,held-out contract; strict historical reference eligibility
44,validation,polygon,full_deep,1,1.0,0,353,0,44c6c4698212692d794ab71dda062c15e249ad954333c0fe4af200677a3fa4e5,353,1,352,0,346,6,1,0.0,0.0,0.0,1.0,-0.0070087336511841,0.0064102564102564,0.5596590909090908,0.4914772727272727,,offline_contract_detection,contract,410abef9e0bda6e6885592c5220658bd9734637436768627288079eb5a2fdc7c,frozen-GoG-bounded-cache-0fff3b048f96,validation,7120d6023081d7820cb3ae4a1230b91e15c90dee4978950b14a4a49ac6e56e5b,f1a0e54593aeffa47c493f7cf522e9f7117a8218422cb4e4c1419bc530b0d2fa,f600bb6f2e5197f009a28852b5137660101d7c76d08dd17d2e37ca671c59e4e5,7401ddc0d66827032d5d0b52d73b5504944e564959e75bfb4ea59b8b22455841,not_applicable,not_applicable,0,predictive,87f377e3753a8ee6111f8617dab3acab94c54a1d,a64ed75fc67d4ebac69374cd08f30e2e71c2afdccb8d264ff6a398444c6a8d08,050575a7a065f1ba358423b845a3746fb003872b57fc82e4db760b5593a00041,050575a7a065f1ba3584,02f6acf8fe640a05a5e2815ed0f2a25388de3372a49183d6032b5ee0961a32f9,Full relational inference,held-out contract; strict historical reference eligibility
44,test,pooled,direct_only,1,0.0,3648,0,161,74e6f5914e4bf5f276d119035c5e0ced57cff5439c36d5aed98092b8684053aa,3648,161,3487,98,3447,40,63,0.6555183946488294,0.7101449275362319,0.6086956521739131,0.391304347826087,0.642959187535828,0.6417319605730268,0.9286578186591902,0.7986122367551527,,offline_contract_detection,contract,cad8767b7ffb5c876a00c90d847d61be595ac2c9b4a71e92e62462778b62b488,frozen-GoG-bounded-cache-0fff3b048f96,test,7120d6023081d7820cb3ae4a1230b91e15c90dee4978950b14a4a49ac6e56e5b,f1a0e54593aeffa47c493f7cf522e9f7117a8218422cb4e4c1419bc530b0d2fa,f600bb6f2e5197f009a28852b5137660101d7c76d08dd17d2e37ca671c59e4e5,7401ddc0d66827032d5d0b52d73b5504944e564959e75bfb4ea59b8b22455841,not_applicable,not_applicable,0,predictive,87f377e3753a8ee6111f8617dab3acab94c54a1d,a64ed75fc67d4ebac69374cd08f30e2e71c2afdccb8d264ff6a398444c6a8d08,a05a60e31cf581b4f7fa7d98f127e1338639fd5c18b040150da19bf55dd3ce55,a05a60e31cf581b4f7fa,02f6acf8fe640a05a5e2815ed0f2a25388de3372a49183d6032b5ee0961a32f9,Local fast path only,held-out contract; strict historical reference eligibility
44,test,ethereum,direct_only,1,0.0,2170,0,136,74e6f5914e4bf5f276d119035c5e0ced57cff5439c36d5aed98092b8684053aa,2170,136,2034,88,2011,23,48,0.7125506072874493,0.7927927927927928,0.6470588235294118,0.3529411764705882,0.6994269393439103,0.7384619043548502,0.9457820001156804,0.8178755277922378,,offline_contract_detection,contract,b5390b085970b2e07f65fbf1106c7994bf469ab00e90f34bb343a6a7f49f8cd8,frozen-GoG-bounded-cache-0fff3b048f96,test,7120d6023081d7820cb3ae4a1230b91e15c90dee4978950b14a4a49ac6e56e5b,f1a0e54593aeffa47c493f7cf522e9f7117a8218422cb4e4c1419bc530b0d2fa,f600bb6f2e5197f009a28852b5137660101d7c76d08dd17d2e37ca671c59e4e5,7401ddc0d66827032d5d0b52d73b5504944e564959e75bfb4ea59b8b22455841,not_applicable,not_applicable,0,predictive,87f377e3753a8ee6111f8617dab3acab94c54a1d,a64ed75fc67d4ebac69374cd08f30e2e71c2afdccb8d264ff6a398444c6a8d08,4d8de0eaeac070b7e08e274df94b0d903c4aec64b987956fae1ca4b236e35506,4d8de0eaeac070b7e08e,02f6acf8fe640a05a5e2815ed0f2a25388de3372a49183d6032b5ee0961a32f9,Local fast path only,held-out contract; strict historical reference eligibility
44,test,bsc,direct_only,1,0.0,1125,0,25,74e6f5914e4bf5f276d119035c5e0ced57cff5439c36d5aed98092b8684053aa,1125,25,1100,10,1087,13,15,0.4166666666666667,0.4347826086956521,0.4,0.6,0.4043401068446133,0.2570425038390815,0.8342909090909091,0.6940909090909091,,offline_contract_detection,contract,6fb0bc38ab6aaca902bad4b2877d1f4a8259132c97f26d322eb0fccb403e2773,frozen-GoG-bounded-cache-0fff3b048f96,test,7120d6023081d7820cb3ae4a1230b91e15c90dee4978950b14a4a49ac6e56e5b,f1a0e54593aeffa47c493f7cf522e9f7117a8218422cb4e4c1419bc530b0d2fa,f600bb6f2e5197f009a28852b5137660101d7c76d08dd17d2e37ca671c59e4e5,7401ddc0d66827032d5d0b52d73b5504944e564959e75bfb4ea59b8b22455841,not_applicable,not_applicable,0,predictive,87f377e3753a8ee6111f8617dab3acab94c54a1d,a64ed75fc67d4ebac69374cd08f30e2e71c2afdccb8d264ff6a398444c6a8d08,e1d78b567918a35df6d5e473ff4b7d357e41d8acb16fae221dc029c47ab6f671,e1d78b567918a35df6d5,02f6acf8fe640a05a5e2815ed0f2a25388de3372a49183d6032b5ee0961a32f9,Local fast path only,held-out contract; strict historical reference eligibility
44,test,polygon,direct_only,1,0.0,353,0,0,74e6f5914e4bf5f276d119035c5e0ced57cff5439c36d5aed98092b8684053aa,353,0,353,0,349,4,0,0.0,0.0,0.0,0.0,0.0,,,,single-class support,offline_contract_detection,contract,149a9a8d1b6ad8bbd483625a6b6907db9038675a60e85761a037939afd064816,frozen-GoG-bounded-cache-0fff3b048f96,test,7120d6023081d7820cb3ae4a1230b91e15c90dee4978950b14a4a49ac6e56e5b,f1a0e54593aeffa47c493f7cf522e9f7117a8218422cb4e4c1419bc530b0d2fa,f600bb6f2e5197f009a28852b5137660101d7c76d08dd17d2e37ca671c59e4e5,7401ddc0d66827032d5d0b52d73b5504944e564959e75bfb4ea59b8b22455841,not_applicable,not_applicable,0,predictive,87f377e3753a8ee6111f8617dab3acab94c54a1d,a64ed75fc67d4ebac69374cd08f30e2e71c2afdccb8d264ff6a398444c6a8d08,15b8ebe0dd9a992f25debf4774fa7379b52016a815c2a8cba9b223718b8f3b7b,15b8ebe0dd9a992f25de,02f6acf8fe640a05a5e2815ed0f2a25388de3372a49183d6032b5ee0961a32f9,Local fast path only,held-out contract; strict historical reference eligibility
44,test,pooled,primary,1,0.0608552631578947,3426,222,68,2f8da9bf1373e9f4173978813edc3a627b79f4c60f3f4738044e2b82bd8e8dc3,3648,161,3487,74,3461,26,87,0.5670498084291188,0.74,0.4596273291925465,0.5403726708074534,0.5687872754989178,0.6491016057138522,0.928394195298598,0.7260855315306007,,offline_contract_detection,contract,cad8767b7ffb5c876a00c90d847d61be595ac2c9b4a71e92e62462778b62b488,frozen-GoG-bounded-cache-0fff3b048f96,test,7120d6023081d7820cb3ae4a1230b91e15c90dee4978950b14a4a49ac6e56e5b,f1a0e54593aeffa47c493f7cf522e9f7117a8218422cb4e4c1419bc530b0d2fa,f600bb6f2e5197f009a28852b5137660101d7c76d08dd17d2e37ca671c59e4e5,7401ddc0d66827032d5d0b52d73b5504944e564959e75bfb4ea59b8b22455841,not_applicable,not_applicable,0,predictive,87f377e3753a8ee6111f8617dab3acab94c54a1d,a64ed75fc67d4ebac69374cd08f30e2e71c2afdccb8d264ff6a398444c6a8d08,eac772c8192702564c4f5a28a0de0ef18eab7ddc277fa99c77ab0c5d68de0c9f,eac772c8192702564c4f,02f6acf8fe640a05a5e2815ed0f2a25388de3372a49183d6032b5ee0961a32f9,Primary selective policy,held-out contract; strict historical reference eligibility
44,test,ethereum,primary,1,0.0695852534562212,2019,151,55,2f8da9bf1373e9f4173978813edc3a627b79f4c60f3f4738044e2b82bd8e8dc3,2170,136,2034,68,2019,15,68,0.6210045662100456,0.8192771084337349,0.5,0.5,0.62253164211498,0.7500421691709017,0.9459193706981318,0.7463126843657817,,offline_contract_detection,contract,b5390b085970b2e07f65fbf1106c7994bf469ab00e90f34bb343a6a7f49f8cd8,frozen-GoG-bounded-cache-0fff3b048f96,test,7120d6023081d7820cb3ae4a1230b91e15c90dee4978950b14a4a49ac6e56e5b,f1a0e54593aeffa47c493f7cf522e9f7117a8218422cb4e4c1419bc530b0d2fa,f600bb6f2e5197f009a28852b5137660101d7c76d08dd17d2e37ca671c59e4e5,7401ddc0d66827032d5d0b52d73b5504944e564959e75bfb4ea59b8b22455841,not_applicable,not_applicable,0,predictive,87f377e3753a8ee6111f8617dab3acab94c54a1d,a64ed75fc67d4ebac69374cd08f30e2e71c2afdccb8d264ff6a398444c6a8d08,c723030dae2a2662421825444c66b2c62ef48102556f8e729b4fcf6db2a31391,c723030dae2a26624218,02f6acf8fe640a05a5e2815ed0f2a25388de3372a49183d6032b5ee0961a32f9,Primary selective policy,held-out contract; strict historical reference eligibility
44,test,bsc,primary,1,0.0515555555555555,1067,58,13,2f8da9bf1373e9f4173978813edc3a627b79f4c60f3f4738044e2b82bd8e8dc3,1125,25,1100,6,1091,9,19,0.3,0.4,0.24,0.76,0.2979248458239322,0.2500060595524124,0.8326909090909091,0.615909090909091,,offline_contract_detection,contract,6fb0bc38ab6aaca902bad4b2877d1f4a8259132c97f26d322eb0fccb403e2773,frozen-GoG-bounded-cache-0fff3b048f96,test,7120d6023081d7820cb3ae4a1230b91e15c90dee4978950b14a4a49ac6e56e5b,f1a0e54593aeffa47c493f7cf522e9f7117a8218422cb4e4c1419bc530b0d2fa,f600bb6f2e5197f009a28852b5137660101d7c76d08dd17d2e37ca671c59e4e5,7401ddc0d66827032d5d0b52d73b5504944e564959e75bfb4ea59b8b22455841,not_applicable,not_applicable,0,predictive,87f377e3753a8ee6111f8617dab3acab94c54a1d,a64ed75fc67d4ebac69374cd08f30e2e71c2afdccb8d264ff6a398444c6a8d08,2fba1faf5150da57ad81a24ee361aaa6112d174fbab7b9d6783e22279da7f977,2fba1faf5150da57ad81,02f6acf8fe640a05a5e2815ed0f2a25388de3372a49183d6032b5ee0961a32f9,Primary selective policy,held-out contract; strict historical reference eligibility
44,test,polygon,primary,1,0.036827195467422,340,13,0,2f8da9bf1373e9f4173978813edc3a627b79f4c60f3f4738044e2b82bd8e8dc3,353,0,353,0,351,2,0,0.0,0.0,0.0,0.0,0.0,,,,single-class support,offline_contract_detection,contract,149a9a8d1b6ad8bbd483625a6b6907db9038675a60e85761a037939afd064816,frozen-GoG-bounded-cache-0fff3b048f96,test,7120d6023081d7820cb3ae4a1230b91e15c90dee4978950b14a4a49ac6e56e5b,f1a0e54593aeffa47c493f7cf522e9f7117a8218422cb4e4c1419bc530b0d2fa,f600bb6f2e5197f009a28852b5137660101d7c76d08dd17d2e37ca671c59e4e5,7401ddc0d66827032d5d0b52d73b5504944e564959e75bfb4ea59b8b22455841,not_applicable,not_applicable,0,predictive,87f377e3753a8ee6111f8617dab3acab94c54a1d,a64ed75fc67d4ebac69374cd08f30e2e71c2afdccb8d264ff6a398444c6a8d08,0275d18af05458a33b46fef5ac0a860e3c7b3009546d51836e6790b9d9356eee,0275d18af05458a33b46,02f6acf8fe640a05a5e2815ed0f2a25388de3372a49183d6032b5ee0961a32f9,Primary selective policy,held-out contract; strict historical reference eligibility
44,test,pooled,full_deep,1,1.0,0,3648,0,44c6c4698212692d794ab71dda062c15e249ad954333c0fe4af200677a3fa4e5,3648,161,3487,95,3449,38,66,0.6462585034013606,0.7142857142857143,0.5900621118012422,0.4099378881987577,0.6346764069577386,0.6498756239222163,0.930480026077338,0.7895822460354074,,offline_contract_detection,contract,cad8767b7ffb5c876a00c90d847d61be595ac2c9b4a71e92e62462778b62b488,frozen-GoG-bounded-cache-0fff3b048f96,test,7120d6023081d7820cb3ae4a1230b91e15c90dee4978950b14a4a49ac6e56e5b,f1a0e54593aeffa47c493f7cf522e9f7117a8218422cb4e4c1419bc530b0d2fa,f600bb6f2e5197f009a28852b5137660101d7c76d08dd17d2e37ca671c59e4e5,7401ddc0d66827032d5d0b52d73b5504944e564959e75bfb4ea59b8b22455841,not_applicable,not_applicable,0,predictive,87f377e3753a8ee6111f8617dab3acab94c54a1d,a64ed75fc67d4ebac69374cd08f30e2e71c2afdccb8d264ff6a398444c6a8d08,5c64d023ccc6ce0b1c03c9cd1af09616e8f10d659706799bfb257c6f495a79a6,5c64d023ccc6ce0b1c03,02f6acf8fe640a05a5e2815ed0f2a25388de3372a49183d6032b5ee0961a32f9,Full relational inference,held-out contract; strict historical reference eligibility
44,test,ethereum,full_deep,1,1.0,0,2170,0,44c6c4698212692d794ab71dda062c15e249ad954333c0fe4af200677a3fa4e5,2170,136,2034,85,2012,22,51,0.6995884773662552,0.794392523364486,0.625,0.375,0.687546119365094,0.7453506944382288,0.9468592746833246,0.8070919370698132,,offline_contract_detection,contract,b5390b085970b2e07f65fbf1106c7994bf469ab00e90f34bb343a6a7f49f8cd8,frozen-GoG-bounded-cache-0fff3b048f96,test,7120d6023081d7820cb3ae4a1230b91e15c90dee4978950b14a4a49ac6e56e5b,f1a0e54593aeffa47c493f7cf522e9f7117a8218422cb4e4c1419bc530b0d2fa,f600bb6f2e5197f009a28852b5137660101d7c76d08dd17d2e37ca671c59e4e5,7401ddc0d66827032d5d0b52d73b5504944e564959e75bfb4ea59b8b22455841,not_applicable,not_applicable,0,predictive,87f377e3753a8ee6111f8617dab3acab94c54a1d,a64ed75fc67d4ebac69374cd08f30e2e71c2afdccb8d264ff6a398444c6a8d08,da15c4ee52eb676f1732f2c3b51c953a8bebd87190e0337f322ab6b88c0948e2,da15c4ee52eb676f1732,02f6acf8fe640a05a5e2815ed0f2a25388de3372a49183d6032b5ee0961a32f9,Full relational inference,held-out contract; strict historical reference eligibility
44,test,bsc,full_deep,1,1.0,0,1125,0,44c6c4698212692d794ab71dda062c15e249ad954333c0fe4af200677a3fa4e5,1125,25,1100,10,1088,12,15,0.425531914893617,0.4545454545454545,0.4,0.6,0.4142078584167014,0.2614912968947868,0.8395272727272727,0.6945454545454546,,offline_contract_detection,contract,6fb0bc38ab6aaca902bad4b2877d1f4a8259132c97f26d322eb0fccb403e2773,frozen-GoG-bounded-cache-0fff3b048f96,test,7120d6023081d7820cb3ae4a1230b91e15c90dee4978950b14a4a49ac6e56e5b,f1a0e54593aeffa47c493f7cf522e9f7117a8218422cb4e4c1419bc530b0d2fa,f600bb6f2e5197f009a28852b5137660101d7c76d08dd17d2e37ca671c59e4e5,7401ddc0d66827032d5d0b52d73b5504944e564959e75bfb4ea59b8b22455841,not_applicable,not_applicable,0,predictive,87f377e3753a8ee6111f8617dab3acab94c54a1d,a64ed75fc67d4ebac69374cd08f30e2e71c2afdccb8d264ff6a398444c6a8d08,75e49f2425d21aa86bc5f861d1bcaad38ec732a23c60a8cbb8d441e2ff5c9690,75e49f2425d21aa86bc5,02f6acf8fe640a05a5e2815ed0f2a25388de3372a49183d6032b5ee0961a32f9,Full relational inference,held-out contract; strict historical reference eligibility
44,test,polygon,full_deep,1,1.0,0,353,0,44c6c4698212692d794ab71dda062c15e249ad954333c0fe4af200677a3fa4e5,353,0,353,0,349,4,0,0.0,0.0,0.0,0.0,0.0,,,,single-class support,offline_contract_detection,contract,149a9a8d1b6ad8bbd483625a6b6907db9038675a60e85761a037939afd064816,frozen-GoG-bounded-cache-0fff3b048f96,test,7120d6023081d7820cb3ae4a1230b91e15c90dee4978950b14a4a49ac6e56e5b,f1a0e54593aeffa47c493f7cf522e9f7117a8218422cb4e4c1419bc530b0d2fa,f600bb6f2e5197f009a28852b5137660101d7c76d08dd17d2e37ca671c59e4e5,7401ddc0d66827032d5d0b52d73b5504944e564959e75bfb4ea59b8b22455841,not_applicable,not_applicable,0,predictive,87f377e3753a8ee6111f8617dab3acab94c54a1d,a64ed75fc67d4ebac69374cd08f30e2e71c2afdccb8d264ff6a398444c6a8d08,76fdaba738d3ee1341a5a349f57c08a64adb842f72a362a6da78203e4395a703,76fdaba738d3ee1341a5,02f6acf8fe640a05a5e2815ed0f2a25388de3372a49183d6032b5ee0961a32f9,Full relational inference,held-out contract; strict historical reference eligibility
55,validation,pooled,direct_only,1,0.0,3648,0,393,00c80b89206aa7dabb468a93fbf1617a3ed1e4ef9893da69056c11305caf0fb5,3648,393,3255,321,3180,75,72,0.8136882129277566,0.8106060606060606,0.816793893129771,0.183206106870229,0.7911047128877969,0.8676033481916311,0.9436021309943988,0.8968762092376965,,offline_contract_detection,contract,040303b940bba72688c9650a71798efe1544b592865e768daba734b220a4018f,frozen-GoG-bounded-cache-0fff3b048f96,validation,200d74022a918c5fa2aa1d23de08b4b9bc62f931238c12e32aa9048805f2f3e5,463d07987554fdfa22bce9f4ec4eb05c88cedae9e532373c3a0ea1e50b26b7f4,85fa13cd8d67cb0847c953dbe5dd1e8de987e92cf0301d944368bae521e89e8e,1e9d7c27c8bbc8ddf0055c93e064a62fa995d177fee28cc8fa949bc8a4db06f4,not_applicable,not_applicable,0,predictive,87f377e3753a8ee6111f8617dab3acab94c54a1d,a64ed75fc67d4ebac69374cd08f30e2e71c2afdccb8d264ff6a398444c6a8d08,d3493703eb38f0a4b31bff637c831f40eb990b48192eba93eedb3ecdb985f195,d3493703eb38f0a4b31b,2dc5ae59ae4a553952fdb45113bd72ac207982ba72c5ae3599089ce6aa5d62a0,Local fast path only,held-out contract; strict historical reference eligibility
55,validation,ethereum,direct_only,1,0.0,2170,0,361,00c80b89206aa7dabb468a93fbf1617a3ed1e4ef9893da69056c11305caf0fb5,2170,361,1809,314,1764,45,47,0.8722222222222222,0.8746518105849582,0.8698060941828255,0.1301939058171745,0.8468127885366399,0.9158141985662124,0.9563248699561594,0.9224652361461392,,offline_contract_detection,contract,edaf860076378fc4cb95f0dd08db895326e0dfbcdc87ada24e75d165c9014778,frozen-GoG-bounded-cache-0fff3b048f96,validation,200d74022a918c5fa2aa1d23de08b4b9bc62f931238c12e32aa9048805f2f3e5,463d07987554fdfa22bce9f4ec4eb05c88cedae9e532373c3a0ea1e50b26b7f4,85fa13cd8d67cb0847c953dbe5dd1e8de987e92cf0301d944368bae521e89e8e,1e9d7c27c8bbc8ddf0055c93e064a62fa995d177fee28cc8fa949bc8a4db06f4,not_applicable,not_applicable,0,predictive,87f377e3753a8ee6111f8617dab3acab94c54a1d,a64ed75fc67d4ebac69374cd08f30e2e71c2afdccb8d264ff6a398444c6a8d08,c2321d97ca878e7d8e33828dda0b90e42f0eba81137659739b7144d407280da9,c2321d97ca878e7d8e33,2dc5ae59ae4a553952fdb45113bd72ac207982ba72c5ae3599089ce6aa5d62a0,Local fast path only,held-out contract; strict historical reference eligibility
55,validation,bsc,direct_only,1,0.0,1125,0,31,00c80b89206aa7dabb468a93fbf1617a3ed1e4ef9893da69056c11305caf0fb5,1125,31,1094,7,1070,24,24,0.2258064516129032,0.2258064516129032,0.2258064516129032,0.7741935483870968,0.2038686088341098,0.1801058369910881,0.776935778734446,0.6019343044170549,,offline_contract_detection,contract,48e8947fb1eac4d259abab9a80155c82885cbb490f27a341e231b6ebfc2cac73,frozen-GoG-bounded-cache-0fff3b048f96,validation,200d74022a918c5fa2aa1d23de08b4b9bc62f931238c12e32aa9048805f2f3e5,463d07987554fdfa22bce9f4ec4eb05c88cedae9e532373c3a0ea1e50b26b7f4,85fa13cd8d67cb0847c953dbe5dd1e8de987e92cf0301d944368bae521e89e8e,1e9d7c27c8bbc8ddf0055c93e064a62fa995d177fee28cc8fa949bc8a4db06f4,not_applicable,not_applicable,0,predictive,87f377e3753a8ee6111f8617dab3acab94c54a1d,a64ed75fc67d4ebac69374cd08f30e2e71c2afdccb8d264ff6a398444c6a8d08,44dc58e56223e71016455586892e1a337a86b8ebf211514546c0ee60eeeb1077,44dc58e56223e7101645,2dc5ae59ae4a553952fdb45113bd72ac207982ba72c5ae3599089ce6aa5d62a0,Local fast path only,held-out contract; strict historical reference eligibility
55,validation,polygon,direct_only,1,0.0,353,0,1,00c80b89206aa7dabb468a93fbf1617a3ed1e4ef9893da69056c11305caf0fb5,353,1,352,0,346,6,1,0.0,0.0,0.0,1.0,-0.0070087336511841,0.0133333333333333,0.7897727272727273,0.4914772727272727,,offline_contract_detection,contract,410abef9e0bda6e6885592c5220658bd9734637436768627288079eb5a2fdc7c,frozen-GoG-bounded-cache-0fff3b048f96,validation,200d74022a918c5fa2aa1d23de08b4b9bc62f931238c12e32aa9048805f2f3e5,463d07987554fdfa22bce9f4ec4eb05c88cedae9e532373c3a0ea1e50b26b7f4,85fa13cd8d67cb0847c953dbe5dd1e8de987e92cf0301d944368bae521e89e8e,1e9d7c27c8bbc8ddf0055c93e064a62fa995d177fee28cc8fa949bc8a4db06f4,not_applicable,not_applicable,0,predictive,87f377e3753a8ee6111f8617dab3acab94c54a1d,a64ed75fc67d4ebac69374cd08f30e2e71c2afdccb8d264ff6a398444c6a8d08,f7b8fb816b9a9f863aa28d25b21e1b5bd9c4afedeeb68b1500f715caffe8e2d0,f7b8fb816b9a9f863aa2,2dc5ae59ae4a553952fdb45113bd72ac207982ba72c5ae3599089ce6aa5d62a0,Local fast path only,held-out contract; strict historical reference eligibility
55,validation,pooled,primary,1,0.050438596491228,3464,184,333,d58590dd236a2df9ffa35a71931d80768a6fa14281767349076478eb6b26deb3,3648,393,3255,317,3187,68,76,0.8149100257069408,0.8233766233766234,0.806615776081425,0.193384223918575,0.7928724956838155,0.8655230977936353,0.9431370019895016,0.8928624195307279,,offline_contract_detection,contract,040303b940bba72688c9650a71798efe1544b592865e768daba734b220a4018f,frozen-GoG-bounded-cache-0fff3b048f96,validation,200d74022a918c5fa2aa1d23de08b4b9bc62f931238c12e32aa9048805f2f3e5,463d07987554fdfa22bce9f4ec4eb05c88cedae9e532373c3a0ea1e50b26b7f4,85fa13cd8d67cb0847c953dbe5dd1e8de987e92cf0301d944368bae521e89e8e,1e9d7c27c8bbc8ddf0055c93e064a62fa995d177fee28cc8fa949bc8a4db06f4,not_applicable,not_applicable,0,predictive,87f377e3753a8ee6111f8617dab3acab94c54a1d,a64ed75fc67d4ebac69374cd08f30e2e71c2afdccb8d264ff6a398444c6a8d08,0b52969e642524074cc40aed899f665783ffd974ee34fd4a143d1b24dfa6f8c3,0b52969e642524074cc4,2dc5ae59ae4a553952fdb45113bd72ac207982ba72c5ae3599089ce6aa5d62a0,Primary selective policy,held-out contract; strict historical reference eligibility
55,validation,ethereum,primary,1,0.0539170506912442,2053,117,317,d58590dd236a2df9ffa35a71931d80768a6fa14281767349076478eb6b26deb3,2170,361,1809,311,1766,43,50,0.8699300699300699,0.8785310734463276,0.8614958448753463,0.1385041551246537,0.8443358419027333,0.9144189503495448,0.9559068308809904,0.9188629030899672,,offline_contract_detection,contract,edaf860076378fc4cb95f0dd08db895326e0dfbcdc87ada24e75d165c9014778,frozen-GoG-bounded-cache-0fff3b048f96,validation,200d74022a918c5fa2aa1d23de08b4b9bc62f931238c12e32aa9048805f2f3e5,463d07987554fdfa22bce9f4ec4eb05c88cedae9e532373c3a0ea1e50b26b7f4,85fa13cd8d67cb0847c953dbe5dd1e8de987e92cf0301d944368bae521e89e8e,1e9d7c27c8bbc8ddf0055c93e064a62fa995d177fee28cc8fa949bc8a4db06f4,not_applicable,not_applicable,0,predictive,87f377e3753a8ee6111f8617dab3acab94c54a1d,a64ed75fc67d4ebac69374cd08f30e2e71c2afdccb8d264ff6a398444c6a8d08,860774fbbec820276cfc47a6d698b1efb11a30c0101014afcbe77cc7d8162a6f,860774fbbec820276cfc,2dc5ae59ae4a553952fdb45113bd72ac207982ba72c5ae3599089ce6aa5d62a0,Primary selective policy,held-out contract; strict historical reference eligibility
55,validation,bsc,primary,1,0.0506666666666666,1068,57,15,d58590dd236a2df9ffa35a71931d80768a6fa14281767349076478eb6b26deb3,1125,31,1094,6,1074,20,25,0.2105263157894736,0.2307692307692307,0.1935483870967742,0.8064516129032258,0.1909430136037873,0.1761168680395074,0.7759922156041752,0.5876334257238899,,offline_contract_detection,contract,48e8947fb1eac4d259abab9a80155c82885cbb490f27a341e231b6ebfc2cac73,frozen-GoG-bounded-cache-0fff3b048f96,validation,200d74022a918c5fa2aa1d23de08b4b9bc62f931238c12e32aa9048805f2f3e5,463d07987554fdfa22bce9f4ec4eb05c88cedae9e532373c3a0ea1e50b26b7f4,85fa13cd8d67cb0847c953dbe5dd1e8de987e92cf0301d944368bae521e89e8e,1e9d7c27c8bbc8ddf0055c93e064a62fa995d177fee28cc8fa949bc8a4db06f4,not_applicable,not_applicable,0,predictive,87f377e3753a8ee6111f8617dab3acab94c54a1d,a64ed75fc67d4ebac69374cd08f30e2e71c2afdccb8d264ff6a398444c6a8d08,24beaf34a9a2cd418822a9dbef279a56cf05cc4d951dfb6e16cf435d00acb638,24beaf34a9a2cd418822,2dc5ae59ae4a553952fdb45113bd72ac207982ba72c5ae3599089ce6aa5d62a0,Primary selective policy,held-out contract; strict historical reference eligibility
55,validation,polygon,primary,1,0.0283286118980169,343,10,1,d58590dd236a2df9ffa35a71931d80768a6fa14281767349076478eb6b26deb3,353,1,352,0,347,5,1,0.0,0.0,0.0,1.0,-0.0063888699589318,0.0133333333333333,0.7897727272727273,0.4928977272727273,,offline_contract_detection,contract,410abef9e0bda6e6885592c5220658bd9734637436768627288079eb5a2fdc7c,frozen-GoG-bounded-cache-0fff3b048f96,validation,200d74022a918c5fa2aa1d23de08b4b9bc62f931238c12e32aa9048805f2f3e5,463d07987554fdfa22bce9f4ec4eb05c88cedae9e532373c3a0ea1e50b26b7f4,85fa13cd8d67cb0847c953dbe5dd1e8de987e92cf0301d944368bae521e89e8e,1e9d7c27c8bbc8ddf0055c93e064a62fa995d177fee28cc8fa949bc8a4db06f4,not_applicable,not_applicable,0,predictive,87f377e3753a8ee6111f8617dab3acab94c54a1d,a64ed75fc67d4ebac69374cd08f30e2e71c2afdccb8d264ff6a398444c6a8d08,81170832dd7f8f6c3dba569e4a0b6fc4d8eee8dc331faa7951bcd22fdaf7ab1b,81170832dd7f8f6c3dba,2dc5ae59ae4a553952fdb45113bd72ac207982ba72c5ae3599089ce6aa5d62a0,Primary selective policy,held-out contract; strict historical reference eligibility
55,validation,pooled,full_deep,1,1.0,0,3648,0,37e0f6e3c82379929984eab6639764b1dc04616702408eeef435eebff4fa63ac,3648,393,3255,317,3187,68,76,0.8149100257069408,0.8233766233766234,0.806615776081425,0.193384223918575,0.7928724956838155,0.8690139628464366,0.9440860215053763,0.8928624195307279,,offline_contract_detection,contract,040303b940bba72688c9650a71798efe1544b592865e768daba734b220a4018f,frozen-GoG-bounded-cache-0fff3b048f96,validation,200d74022a918c5fa2aa1d23de08b4b9bc62f931238c12e32aa9048805f2f3e5,463d07987554fdfa22bce9f4ec4eb05c88cedae9e532373c3a0ea1e50b26b7f4,85fa13cd8d67cb0847c953dbe5dd1e8de987e92cf0301d944368bae521e89e8e,1e9d7c27c8bbc8ddf0055c93e064a62fa995d177fee28cc8fa949bc8a4db06f4,not_applicable,not_applicable,0,predictive,87f377e3753a8ee6111f8617dab3acab94c54a1d,a64ed75fc67d4ebac69374cd08f30e2e71c2afdccb8d264ff6a398444c6a8d08,a0ca74ae3ba4abc3d1dc13d424cecee2bf00d60b7e5a280fc605f5dbb519873c,a0ca74ae3ba4abc3d1dc,2dc5ae59ae4a553952fdb45113bd72ac207982ba72c5ae3599089ce6aa5d62a0,Full relational inference,held-out contract; strict historical reference eligibility
55,validation,ethereum,full_deep,1,1.0,0,2170,0,37e0f6e3c82379929984eab6639764b1dc04616702408eeef435eebff4fa63ac,2170,361,1809,311,1766,43,50,0.8699300699300699,0.8785310734463276,0.8614958448753463,0.1385041551246537,0.8443358419027333,0.9148058894303638,0.9564734039865308,0.9188629030899672,,offline_contract_detection,contract,edaf860076378fc4cb95f0dd08db895326e0dfbcdc87ada24e75d165c9014778,frozen-GoG-bounded-cache-0fff3b048f96,validation,200d74022a918c5fa2aa1d23de08b4b9bc62f931238c12e32aa9048805f2f3e5,463d07987554fdfa22bce9f4ec4eb05c88cedae9e532373c3a0ea1e50b26b7f4,85fa13cd8d67cb0847c953dbe5dd1e8de987e92cf0301d944368bae521e89e8e,1e9d7c27c8bbc8ddf0055c93e064a62fa995d177fee28cc8fa949bc8a4db06f4,not_applicable,not_applicable,0,predictive,87f377e3753a8ee6111f8617dab3acab94c54a1d,a64ed75fc67d4ebac69374cd08f30e2e71c2afdccb8d264ff6a398444c6a8d08,d9575ce1e340c10d03757275a9b8da7088643f257420021f842f959988277413,d9575ce1e340c10d0375,2dc5ae59ae4a553952fdb45113bd72ac207982ba72c5ae3599089ce6aa5d62a0,Full relational inference,held-out contract; strict historical reference eligibility
55,validation,bsc,full_deep,1,1.0,0,1125,0,37e0f6e3c82379929984eab6639764b1dc04616702408eeef435eebff4fa63ac,1125,31,1094,6,1074,20,25,0.2105263157894736,0.2307692307692307,0.1935483870967742,0.8064516129032258,0.1909430136037873,0.1782388952793599,0.77767293742997,0.5876334257238899,,offline_contract_detection,contract,48e8947fb1eac4d259abab9a80155c82885cbb490f27a341e231b6ebfc2cac73,frozen-GoG-bounded-cache-0fff3b048f96,validation,200d74022a918c5fa2aa1d23de08b4b9bc62f931238c12e32aa9048805f2f3e5,463d07987554fdfa22bce9f4ec4eb05c88cedae9e532373c3a0ea1e50b26b7f4,85fa13cd8d67cb0847c953dbe5dd1e8de987e92cf0301d944368bae521e89e8e,1e9d7c27c8bbc8ddf0055c93e064a62fa995d177fee28cc8fa949bc8a4db06f4,not_applicable,not_applicable,0,predictive,87f377e3753a8ee6111f8617dab3acab94c54a1d,a64ed75fc67d4ebac69374cd08f30e2e71c2afdccb8d264ff6a398444c6a8d08,b72076fd7722a60d8083a55c5177ec8bd1fa0c3c6d4468478daf2a195be79bdf,b72076fd7722a60d8083,2dc5ae59ae4a553952fdb45113bd72ac207982ba72c5ae3599089ce6aa5d62a0,Full relational inference,held-out contract; strict historical reference eligibility
55,validation,polygon,full_deep,1,1.0,0,353,0,37e0f6e3c82379929984eab6639764b1dc04616702408eeef435eebff4fa63ac,353,1,352,0,347,5,1,0.0,0.0,0.0,1.0,-0.0063888699589318,0.0131578947368421,0.7869318181818181,0.4928977272727273,,offline_contract_detection,contract,410abef9e0bda6e6885592c5220658bd9734637436768627288079eb5a2fdc7c,frozen-GoG-bounded-cache-0fff3b048f96,validation,200d74022a918c5fa2aa1d23de08b4b9bc62f931238c12e32aa9048805f2f3e5,463d07987554fdfa22bce9f4ec4eb05c88cedae9e532373c3a0ea1e50b26b7f4,85fa13cd8d67cb0847c953dbe5dd1e8de987e92cf0301d944368bae521e89e8e,1e9d7c27c8bbc8ddf0055c93e064a62fa995d177fee28cc8fa949bc8a4db06f4,not_applicable,not_applicable,0,predictive,87f377e3753a8ee6111f8617dab3acab94c54a1d,a64ed75fc67d4ebac69374cd08f30e2e71c2afdccb8d264ff6a398444c6a8d08,264ce1faf01d7f34af7a43192a6857bf2e607568dc4b06a866e6c0e90ccbbe1b,264ce1faf01d7f34af7a,2dc5ae59ae4a553952fdb45113bd72ac207982ba72c5ae3599089ce6aa5d62a0,Full relational inference,held-out contract; strict historical reference eligibility
55,test,pooled,direct_only,1,0.0,3648,0,161,00c80b89206aa7dabb468a93fbf1617a3ed1e4ef9893da69056c11305caf0fb5,3648,161,3487,93,3448,39,68,0.6348122866894198,0.7045454545454546,0.577639751552795,0.422360248447205,0.62300738917787,0.6654101112539756,0.9338438957832732,0.7832276761778887,,offline_contract_detection,contract,cad8767b7ffb5c876a00c90d847d61be595ac2c9b4a71e92e62462778b62b488,frozen-GoG-bounded-cache-0fff3b048f96,test,200d74022a918c5fa2aa1d23de08b4b9bc62f931238c12e32aa9048805f2f3e5,463d07987554fdfa22bce9f4ec4eb05c88cedae9e532373c3a0ea1e50b26b7f4,85fa13cd8d67cb0847c953dbe5dd1e8de987e92cf0301d944368bae521e89e8e,1e9d7c27c8bbc8ddf0055c93e064a62fa995d177fee28cc8fa949bc8a4db06f4,not_applicable,not_applicable,0,predictive,87f377e3753a8ee6111f8617dab3acab94c54a1d,a64ed75fc67d4ebac69374cd08f30e2e71c2afdccb8d264ff6a398444c6a8d08,db0abe65ae7ccaa850fa052ce09f99c922c3f223e13a41158c3ad1b68553fa16,db0abe65ae7ccaa850fa,2dc5ae59ae4a553952fdb45113bd72ac207982ba72c5ae3599089ce6aa5d62a0,Local fast path only,held-out contract; strict historical reference eligibility
55,test,ethereum,direct_only,1,0.0,2170,0,136,00c80b89206aa7dabb468a93fbf1617a3ed1e4ef9893da69056c11305caf0fb5,2170,136,2034,86,2013,21,50,0.7078189300411523,0.8037383177570093,0.6323529411764706,0.3676470588235294,0.6963277123151126,0.7704682096129748,0.946186881832379,0.8110142287003297,,offline_contract_detection,contract,b5390b085970b2e07f65fbf1106c7994bf469ab00e90f34bb343a6a7f49f8cd8,frozen-GoG-bounded-cache-0fff3b048f96,test,200d74022a918c5fa2aa1d23de08b4b9bc62f931238c12e32aa9048805f2f3e5,463d07987554fdfa22bce9f4ec4eb05c88cedae9e532373c3a0ea1e50b26b7f4,85fa13cd8d67cb0847c953dbe5dd1e8de987e92cf0301d944368bae521e89e8e,1e9d7c27c8bbc8ddf0055c93e064a62fa995d177fee28cc8fa949bc8a4db06f4,not_applicable,not_applicable,0,predictive,87f377e3753a8ee6111f8617dab3acab94c54a1d,a64ed75fc67d4ebac69374cd08f30e2e71c2afdccb8d264ff6a398444c6a8d08,23378ba08e0efecd03eb08720b072352280313c3de326f07e174ff19e9aeb7c9,23378ba08e0efecd03eb,2dc5ae59ae4a553952fdb45113bd72ac207982ba72c5ae3599089ce6aa5d62a0,Local fast path only,held-out contract; strict historical reference eligibility
55,test,bsc,direct_only,1,0.0,1125,0,25,00c80b89206aa7dabb468a93fbf1617a3ed1e4ef9893da69056c11305caf0fb5,1125,25,1100,7,1086,14,18,0.3043478260869565,0.3333333333333333,0.28,0.72,0.2910896796195764,0.2317079513665454,0.8574909090909091,0.6336363636363637,,offline_contract_detection,contract,6fb0bc38ab6aaca902bad4b2877d1f4a8259132c97f26d322eb0fccb403e2773,frozen-GoG-bounded-cache-0fff3b048f96,test,200d74022a918c5fa2aa1d23de08b4b9bc62f931238c12e32aa9048805f2f3e5,463d07987554fdfa22bce9f4ec4eb05c88cedae9e532373c3a0ea1e50b26b7f4,85fa13cd8d67cb0847c953dbe5dd1e8de987e92cf0301d944368bae521e89e8e,1e9d7c27c8bbc8ddf0055c93e064a62fa995d177fee28cc8fa949bc8a4db06f4,not_applicable,not_applicable,0,predictive,87f377e3753a8ee6111f8617dab3acab94c54a1d,a64ed75fc67d4ebac69374cd08f30e2e71c2afdccb8d264ff6a398444c6a8d08,27df75f8f0c6726af492c697714ac32ffb1de03912e9ac04108d17ca33d2b519,27df75f8f0c6726af492,2dc5ae59ae4a553952fdb45113bd72ac207982ba72c5ae3599089ce6aa5d62a0,Local fast path only,held-out contract; strict historical reference eligibility
55,test,polygon,direct_only,1,0.0,353,0,0,00c80b89206aa7dabb468a93fbf1617a3ed1e4ef9893da69056c11305caf0fb5,353,0,353,0,349,4,0,0.0,0.0,0.0,0.0,0.0,,,,single-class support,offline_contract_detection,contract,149a9a8d1b6ad8bbd483625a6b6907db9038675a60e85761a037939afd064816,frozen-GoG-bounded-cache-0fff3b048f96,test,200d74022a918c5fa2aa1d23de08b4b9bc62f931238c12e32aa9048805f2f3e5,463d07987554fdfa22bce9f4ec4eb05c88cedae9e532373c3a0ea1e50b26b7f4,85fa13cd8d67cb0847c953dbe5dd1e8de987e92cf0301d944368bae521e89e8e,1e9d7c27c8bbc8ddf0055c93e064a62fa995d177fee28cc8fa949bc8a4db06f4,not_applicable,not_applicable,0,predictive,87f377e3753a8ee6111f8617dab3acab94c54a1d,a64ed75fc67d4ebac69374cd08f30e2e71c2afdccb8d264ff6a398444c6a8d08,61a46b1d6dd31ccc934af27fb70fc5ccd7b51ce1b30f078c1f9421d2ceec0af5,61a46b1d6dd31ccc934a,2dc5ae59ae4a553952fdb45113bd72ac207982ba72c5ae3599089ce6aa5d62a0,Local fast path only,held-out contract; strict historical reference eligibility
55,test,pooled,primary,1,0.0359100877192982,3517,131,95,d58590dd236a2df9ffa35a71931d80768a6fa14281767349076478eb6b26deb3,3648,161,3487,82,3456,31,79,0.5985401459854015,0.7256637168141593,0.5093167701863354,0.4906832298136646,0.5932604176084899,0.6714612410396492,0.9341431439223238,0.7502133033610197,,offline_contract_detection,contract,cad8767b7ffb5c876a00c90d847d61be595ac2c9b4a71e92e62462778b62b488,frozen-GoG-bounded-cache-0fff3b048f96,test,200d74022a918c5fa2aa1d23de08b4b9bc62f931238c12e32aa9048805f2f3e5,463d07987554fdfa22bce9f4ec4eb05c88cedae9e532373c3a0ea1e50b26b7f4,85fa13cd8d67cb0847c953dbe5dd1e8de987e92cf0301d944368bae521e89e8e,1e9d7c27c8bbc8ddf0055c93e064a62fa995d177fee28cc8fa949bc8a4db06f4,not_applicable,not_applicable,0,predictive,87f377e3753a8ee6111f8617dab3acab94c54a1d,a64ed75fc67d4ebac69374cd08f30e2e71c2afdccb8d264ff6a398444c6a8d08,6a47a4c30a8ca49992d3f5e0899e91bea83411a4dfd63094fdb661919bba40e4,6a47a4c30a8ca49992d3,2dc5ae59ae4a553952fdb45113bd72ac207982ba72c5ae3599089ce6aa5d62a0,Primary selective policy,held-out contract; strict historical reference eligibility
55,test,ethereum,primary,1,0.0396313364055299,2084,86,84,d58590dd236a2df9ffa35a71931d80768a6fa14281767349076478eb6b26deb3,2170,136,2034,77,2015,19,59,0.6637931034482759,0.8020833333333334,0.5661764705882353,0.4338235294117647,0.6563442311552932,0.7704833377113174,0.9461579617097576,0.7784176354907745,,offline_contract_detection,contract,b5390b085970b2e07f65fbf1106c7994bf469ab00e90f34bb343a6a7f49f8cd8,frozen-GoG-bounded-cache-0fff3b048f96,test,200d74022a918c5fa2aa1d23de08b4b9bc62f931238c12e32aa9048805f2f3e5,463d07987554fdfa22bce9f4ec4eb05c88cedae9e532373c3a0ea1e50b26b7f4,85fa13cd8d67cb0847c953dbe5dd1e8de987e92cf0301d944368bae521e89e8e,1e9d7c27c8bbc8ddf0055c93e064a62fa995d177fee28cc8fa949bc8a4db06f4,not_applicable,not_applicable,0,predictive,87f377e3753a8ee6111f8617dab3acab94c54a1d,a64ed75fc67d4ebac69374cd08f30e2e71c2afdccb8d264ff6a398444c6a8d08,4c9b5a698792190cceb33a26ec283f63c0d40bd79ac30856195421fe3f8af9c6,4c9b5a698792190cceb3,2dc5ae59ae4a553952fdb45113bd72ac207982ba72c5ae3599089ce6aa5d62a0,Primary selective policy,held-out contract; strict historical reference eligibility
55,test,bsc,primary,1,0.0302222222222222,1091,34,11,d58590dd236a2df9ffa35a71931d80768a6fa14281767349076478eb6b26deb3,1125,25,1100,5,1090,10,20,0.25,0.3333333333333333,0.2,0.8,0.2453498730314735,0.2545963350587829,0.858690909090909,0.5954545454545455,,offline_contract_detection,contract,6fb0bc38ab6aaca902bad4b2877d1f4a8259132c97f26d322eb0fccb403e2773,frozen-GoG-bounded-cache-0fff3b048f96,test,200d74022a918c5fa2aa1d23de08b4b9bc62f931238c12e32aa9048805f2f3e5,463d07987554fdfa22bce9f4ec4eb05c88cedae9e532373c3a0ea1e50b26b7f4,85fa13cd8d67cb0847c953dbe5dd1e8de987e92cf0301d944368bae521e89e8e,1e9d7c27c8bbc8ddf0055c93e064a62fa995d177fee28cc8fa949bc8a4db06f4,not_applicable,not_applicable,0,predictive,87f377e3753a8ee6111f8617dab3acab94c54a1d,a64ed75fc67d4ebac69374cd08f30e2e71c2afdccb8d264ff6a398444c6a8d08,771f53ec9a1da266f62795480bf81923424f7f3ae60bbe8d2d2776fc4d5720e3,771f53ec9a1da266f627,2dc5ae59ae4a553952fdb45113bd72ac207982ba72c5ae3599089ce6aa5d62a0,Primary selective policy,held-out contract; strict historical reference eligibility
55,test,polygon,primary,1,0.0311614730878186,342,11,0,d58590dd236a2df9ffa35a71931d80768a6fa14281767349076478eb6b26deb3,353,0,353,0,351,2,0,0.0,0.0,0.0,0.0,0.0,,,,single-class support,offline_contract_detection,contract,149a9a8d1b6ad8bbd483625a6b6907db9038675a60e85761a037939afd064816,frozen-GoG-bounded-cache-0fff3b048f96,test,200d74022a918c5fa2aa1d23de08b4b9bc62f931238c12e32aa9048805f2f3e5,463d07987554fdfa22bce9f4ec4eb05c88cedae9e532373c3a0ea1e50b26b7f4,85fa13cd8d67cb0847c953dbe5dd1e8de987e92cf0301d944368bae521e89e8e,1e9d7c27c8bbc8ddf0055c93e064a62fa995d177fee28cc8fa949bc8a4db06f4,not_applicable,not_applicable,0,predictive,87f377e3753a8ee6111f8617dab3acab94c54a1d,a64ed75fc67d4ebac69374cd08f30e2e71c2afdccb8d264ff6a398444c6a8d08,9311fc0e127b52481e46b78966873de30e5dff7b06bb411bb244b1dea2a69798,9311fc0e127b52481e46,2dc5ae59ae4a553952fdb45113bd72ac207982ba72c5ae3599089ce6aa5d62a0,Primary selective policy,held-out contract; strict historical reference eligibility
55,test,pooled,full_deep,1,1.0,0,3648,0,37e0f6e3c82379929984eab6639764b1dc04616702408eeef435eebff4fa63ac,3648,161,3487,82,3456,31,79,0.5985401459854015,0.7256637168141593,0.5093167701863354,0.4906832298136646,0.5932604176084899,0.6740370126165114,0.9348707800223368,0.7502133033610197,,offline_contract_detection,contract,cad8767b7ffb5c876a00c90d847d61be595ac2c9b4a71e92e62462778b62b488,frozen-GoG-bounded-cache-0fff3b048f96,test,200d74022a918c5fa2aa1d23de08b4b9bc62f931238c12e32aa9048805f2f3e5,463d07987554fdfa22bce9f4ec4eb05c88cedae9e532373c3a0ea1e50b26b7f4,85fa13cd8d67cb0847c953dbe5dd1e8de987e92cf0301d944368bae521e89e8e,1e9d7c27c8bbc8ddf0055c93e064a62fa995d177fee28cc8fa949bc8a4db06f4,not_applicable,not_applicable,0,predictive,87f377e3753a8ee6111f8617dab3acab94c54a1d,a64ed75fc67d4ebac69374cd08f30e2e71c2afdccb8d264ff6a398444c6a8d08,f8bac108612da9dab8a7dfb71fe7755cefd09f9ef53416a5e5af461a784666fc,f8bac108612da9dab8a7,2dc5ae59ae4a553952fdb45113bd72ac207982ba72c5ae3599089ce6aa5d62a0,Full relational inference,held-out contract; strict historical reference eligibility
55,test,ethereum,full_deep,1,1.0,0,2170,0,37e0f6e3c82379929984eab6639764b1dc04616702408eeef435eebff4fa63ac,2170,136,2034,77,2015,19,59,0.6637931034482759,0.8020833333333334,0.5661764705882353,0.4338235294117647,0.6563442311552932,0.7725542837881292,0.946486928104575,0.7784176354907745,,offline_contract_detection,contract,b5390b085970b2e07f65fbf1106c7994bf469ab00e90f34bb343a6a7f49f8cd8,frozen-GoG-bounded-cache-0fff3b048f96,test,200d74022a918c5fa2aa1d23de08b4b9bc62f931238c12e32aa9048805f2f3e5,463d07987554fdfa22bce9f4ec4eb05c88cedae9e532373c3a0ea1e50b26b7f4,85fa13cd8d67cb0847c953dbe5dd1e8de987e92cf0301d944368bae521e89e8e,1e9d7c27c8bbc8ddf0055c93e064a62fa995d177fee28cc8fa949bc8a4db06f4,not_applicable,not_applicable,0,predictive,87f377e3753a8ee6111f8617dab3acab94c54a1d,a64ed75fc67d4ebac69374cd08f30e2e71c2afdccb8d264ff6a398444c6a8d08,1e9fc8f2ff8134fb5f6b9b7c5241cea40baf67ec9b5970abcfd7992b8a5fb23d,1e9fc8f2ff8134fb5f6b,2dc5ae59ae4a553952fdb45113bd72ac207982ba72c5ae3599089ce6aa5d62a0,Full relational inference,held-out contract; strict historical reference eligibility
55,test,bsc,full_deep,1,1.0,0,1125,0,37e0f6e3c82379929984eab6639764b1dc04616702408eeef435eebff4fa63ac,1125,25,1100,5,1090,10,20,0.25,0.3333333333333333,0.2,0.8,0.2453498730314735,0.2586411552450828,0.8610545454545455,0.5954545454545455,,offline_contract_detection,contract,6fb0bc38ab6aaca902bad4b2877d1f4a8259132c97f26d322eb0fccb403e2773,frozen-GoG-bounded-cache-0fff3b048f96,test,200d74022a918c5fa2aa1d23de08b4b9bc62f931238c12e32aa9048805f2f3e5,463d07987554fdfa22bce9f4ec4eb05c88cedae9e532373c3a0ea1e50b26b7f4,85fa13cd8d67cb0847c953dbe5dd1e8de987e92cf0301d944368bae521e89e8e,1e9d7c27c8bbc8ddf0055c93e064a62fa995d177fee28cc8fa949bc8a4db06f4,not_applicable,not_applicable,0,predictive,87f377e3753a8ee6111f8617dab3acab94c54a1d,a64ed75fc67d4ebac69374cd08f30e2e71c2afdccb8d264ff6a398444c6a8d08,bab8410c70078b592d2616ed314ac66f3a5f9f03954d6ff2c903f6fb4bd0a89f,bab8410c70078b592d26,2dc5ae59ae4a553952fdb45113bd72ac207982ba72c5ae3599089ce6aa5d62a0,Full relational inference,held-out contract; strict historical reference eligibility
55,test,polygon,full_deep,1,1.0,0,353,0,37e0f6e3c82379929984eab6639764b1dc04616702408eeef435eebff4fa63ac,353,0,353,0,351,2,0,0.0,0.0,0.0,0.0,0.0,,,,single-class support,offline_contract_detection,contract,149a9a8d1b6ad8bbd483625a6b6907db9038675a60e85761a037939afd064816,frozen-GoG-bounded-cache-0fff3b048f96,test,200d74022a918c5fa2aa1d23de08b4b9bc62f931238c12e32aa9048805f2f3e5,463d07987554fdfa22bce9f4ec4eb05c88cedae9e532373c3a0ea1e50b26b7f4,85fa13cd8d67cb0847c953dbe5dd1e8de987e92cf0301d944368bae521e89e8e,1e9d7c27c8bbc8ddf0055c93e064a62fa995d177fee28cc8fa949bc8a4db06f4,not_applicable,not_applicable,0,predictive,87f377e3753a8ee6111f8617dab3acab94c54a1d,a64ed75fc67d4ebac69374cd08f30e2e71c2afdccb8d264ff6a398444c6a8d08,3a33f23a65fb4e6ef7e0bb2534f33823627a9f1ee0abf53eaf3f6a3d5807079c,3a33f23a65fb4e6ef7e0,2dc5ae59ae4a553952fdb45113bd72ac207982ba72c5ae3599089ce6aa5d62a0,Full relational inference,held-out contract; strict historical reference eligibility
