target_contract_id,target_chain,split,target_cutoff,eligible_reference_count,selected_neighbor_count,max_selected_reference_cutoff,temporal_violation_count
0x635f15eb7aa2e62d122f6b1f9f519fdccf4abdda,ethereum,test,1709042903,16827,8,1706085731,0
0x3e3764f501f25b3ee12e260fee2a712dba52cb8f,ethereum,test,1709043131,16827,8,1704658896,0
0xbfa9f58a6aacf2197ce1c735acb0cf3539fad27d,ethereum,test,1709043575,16827,8,1706051087,0
0x6e975115250b05c828ecb8ededb091975fc20a5d,ethereum,test,1709043731,16827,8,1708598992,0
0x739763a258640919981f9ba610ae65492455be53,ethereum,test,1709044595,16827,8,1708656525,0
0xc1d9b5a0776d7c8b98b8a838e5a0dd1bc5fdd53c,ethereum,test,1709044727,16827,8,1708371816,0
0xff4927e04c6a01868284f5c3fb9cba7f7ca4aec0,ethereum,test,1709045555,16828,8,1704385871,0
0x9af5a20aac8d83230ba68542ba29d132d50cbe08,ethereum,test,1709045723,16830,8,1705432121,0
0x112eba094e03dfac405f3afd2d3ec8db883762a6,ethereum,test,1709045759,16830,8,1708608467,0
0x19ac2659599fd01c853de846919544276ad26f50,ethereum,test,1709046011,16831,8,1704823571,0
0x4e12eb8e506ccd1427f6b8f7faa3e88fb698eb28,ethereum,test,1709046311,16831,8,1708753156,0
0x2bd0fb740e403b505a3146f9ac02df883fd5c3fc,ethereum,test,1709046347,16831,8,1708846047,0
0xdfdd3459d4f87234751696840092ee20c970fb07,ethereum,test,1709046719,16832,8,1708775265,0
0x765f0c16d1ddc279295c1a7c24b0883f62d33f75,ethereum,test,1709046731,16832,8,1708768914,0
0x94804dc4948184ffd7355f62ccbb221c9765886f,ethereum,test,1709047139,16832,8,1708572093,0
0xe16f2ec94e8a0819eb93022c45e05d582f4e5c15,ethereum,test,1709047535,16832,8,1706085731,0
0x9d1233cc46795e94029fda81aaadc1455d510f15,ethereum,test,1709048027,16832,8,1708903585,0
0x72e203a17add19a3099137c9d7015fd3e2b7dba9,ethereum,test,1709048183,16832,8,1708204949,0
0x26e1f9f817b3b5fc2146c01ae34826593e593962,ethereum,test,1709048363,16832,8,1708094751,0
0x2f6f397332b0f8b4536430bcc97980aa838f62f9,ethereum,test,1709048411,16832,8,1708955896,0
0xca9b78435be8267922e7ac5cde70401e7502c9cc,ethereum,test,1709048783,16832,8,1706242715,0
0xb4058411967d5046f3510943103805be61f0600e,ethereum,test,1709048855,16832,8,1707332845,0
0x267a6c9a9bd11bcd3ee661435b3480ee5d3057eb,ethereum,test,1709048999,16832,8,1705060751,0
0x77e0e0c2baef16db6a8c137b55403fd008686bd2,ethereum,test,1709050163,16836,8,1708702928,0
0x5bb29c33c4a3c29f56f8aca40b4db91d8a5fe2c5,ethereum,test,1709050355,16836,8,1708822151,0
0x9d409a0a012cfba9b15f6d4b36ac57a46966ab9a,ethereum,test,1709050895,16836,8,1708931085,0
0xc5bddf9843308380375a611c18b50fb9341f502a,ethereum,test,1709050895,16836,8,1708528807,0
0x9b110fda4e20db18ad7052f8468a455de7449eb6,ethereum,test,1709051243,16837,8,1706595284,0
0xad8f047d9b742565bb9e10c7655bd3ee9c1eab75,ethereum,test,1709051387,16837,8,1708953114,0
0x03d1b1a56708fa298198dd5e23651a29b76a16d2,ethereum,test,1709051459,16837,8,1705436987,0
0x967b0c95295ead8faef70d26a7846aecd349aaff,ethereum,test,1709052527,16837,8,1708949018,0
0x5bf844122db21ae6f787ddda9806aa7dd6489998,ethereum,test,1709052623,16837,8,1708440051,0
0xb9d7cb55f463405cdfbe4e90a6d2df01c2b92bf1,ethereum,test,1709052815,16837,8,1705610632,0
0x101cc05f4a51c0319f570d5e146a8c625198e636,ethereum,test,1709052851,16837,8,1708005290,0
0x04a1255f37bf739a234f6bf4e945bf7127e007a5,ethereum,test,1709052863,16837,8,1707540824,0
0xd37ee7e4f452c6638c96536e68090de8cbcdb583,ethereum,test,1709052899,16837,8,1707421873,0
0x2509ee05b8df07ec75046e24bbf1cfcdb8b2a183,ethereum,test,1709052947,16838,8,1708013489,0
0xb2021671e5a8c8695e017ebbab41999c3dccfc7a,ethereum,test,1709052995,16838,8,1708946009,0
0xa3c56427683a19f7574b9fc219cfd27d5d6e87fa,ethereum,test,1709054519,16840,8,1708600404,0
0x90f1935f733dd8826dca2bd01ccfc600f20e978e,ethereum,test,1709054867,16840,8,1708344851,0
0xd16cb4138a0f09885defdbc1fe4a65a8f2fb3950,ethereum,test,1709054867,16840,8,1708845828,0
0xb5fe6946836d687848b5abd42dabf531d5819632,ethereum,test,1709054999,16840,8,1692065903,0
0x6765fdd028be3d7874bc2bb3d7d5ca01c1bf14b2,ethereum,test,1709055323,16840,8,1708922192,0
0xf3de3a7acc03ea36582c091d5680062adbb62e8d,ethereum,test,1709055503,16840,8,1708710068,0
0xddb5b7bf7a018e64a2f3e6626bf3711dc636bee4,ethereum,test,1709055815,16841,8,1706133551,0
0x3f435be6504aedcf862ae49578945c9474076a56,ethereum,test,1709055863,16841,8,1705233551,0
0xea01906843ea8d910658a2c485ffce7c104ab2b6,ethereum,test,1709055863,16841,8,1708724004,0
0x5f18c75abdae578b483e5f43f12a39cf75b973a9,ethereum,test,1709056163,16843,8,1708725976,0
0x72e9d9038ce484ee986fea183f8d8df93f9ada13,ethereum,test,1709056355,16843,8,1708561202,0
0xeff3f1b9400d6d0f1e8805bdde592f61535f5ecd,ethereum,test,1709056991,16843,8,1708702928,0
0x93b1e78a3e652cd2e71c4a767595b77282344932,ethereum,test,1709057171,16843,8,1706283586,0
0x7e80e4d7d5725499791cf8b17a4586f1f0672a0c,ethereum,test,1709057411,16843,8,1708388465,0
0xfe60fba03048effb4acf3f0088ec2f53d779d3bb,ethereum,test,1709057411,16843,8,1708181328,0
0x878fcc2bdcccff8c56812607b9a58f29b274c4f0,ethereum,test,1709057675,16843,8,1708856497,0
0xac8ed2cda5c82085196e30c5fd4d994fb977f694,ethereum,test,1709058311,16843,8,1707792657,0
0x3ef389f264e07fff3106a3926f2a166d1393086f,ethereum,test,1709058407,16843,8,1709056052,0
0x499293ff84c50252646146ac0bd09f3db3f87ee1,ethereum,test,1709058671,16844,8,1708899931,0
0x31d4eb09a216e181ec8a43ce79226a487d6f0ba9,ethereum,test,1709059571,16846,8,1708939777,0
0x4297394c20800e8a38a619a243e9bbe7681ff24e,ethereum,test,1709059955,16846,8,1708954056,0
0xc12d3ee1744a733d95ea7beded98e3f156a29e2e,ethereum,test,1709060195,16847,8,1707509734,0
0x3ac81633a291f342b62e7de5d00eb02924032e06,ethereum,test,1709060507,16847,8,1708238467,0
0xbf0b8b7475edb32d103001efd19fdd2753d7b76d,ethereum,test,1709060651,16847,8,1708504476,0
0x3bf954e809620bf2f1fcb667f1c7d2d2e94350d1,ethereum,test,1709060879,16847,8,1708181328,0
0x4674672bcddda2ea5300f5207e1158185c944bc0,ethereum,test,1709060999,16847,8,1708949772,0
0x8eed869396d83f5b79360b079e5da92c17a912e4,ethereum,test,1709061431,16847,8,1701862019,0
0x04cb9ac86dc1a9af320b88a898d2205f3a0d9e8b,ethereum,test,1709061815,16847,8,1703993639,0
0x9fc8f0ca1668e87294941b7f627e9c15ea06b459,ethereum,test,1709062247,16847,8,1708312759,0
0xf0bc1ae4ef7ffb126a8347d06ac6f8add770e1ce,ethereum,test,1709062271,16847,8,1709032702,0
0x299698b4b44bd6d023981a7317798dee12860834,ethereum,test,1709062559,16848,8,1708188397,0
0xf073bac22dab7faf4a3dd6c6189a70d54110525c,ethereum,test,1709062631,16848,8,1706479269,0
0x77571a64342667f7818520ef004b2b91f47a266b,ethereum,test,1709063279,16848,8,1708951657,0
0x6d6b11219a15aefc32a430ac7ad6429ad36748c9,ethereum,test,1709063855,16848,8,1707524232,0
0x87aa2276f23f4fb37b47c75abb4e822cc64a8174,ethereum,test,1709064083,16848,8,1705370063,0
0x21268848944179e87dc8dc4253f9347564e9f96f,ethereum,test,1709064371,16848,8,1706302931,0
0x212dd60d4bf0da8372fe8116474602d429e5735f,ethereum,test,1709064371,16848,8,1708981106,0
0xd632f22692fac7611d2aa1c0d552930d43caed3b,ethereum,test,1709064563,16848,8,1708686565,0
0x553531c45eabc2f3343d19885262ac784046fd5f,ethereum,test,1709064707,16848,8,1708756134,0
0x99cfb8cba9c821b4a343c6a1fc630465c9708df5,ethereum,test,1709064863,16848,8,1708409849,0
0xaef4f02e31cdbf007f8d98da4ae365188a0e9ecc,ethereum,test,1709066339,16850,8,1703734487,0
0xdc5864ede28bd4405aa04d93e05a0531797d9d59,ethereum,test,1709066423,16850,8,1708949540,0
0x966e770030209c95f974f37edbde65d98e853354,ethereum,test,1709068271,16852,8,1708839443,0
0x00000100f2a2bd000715001920eb70d229700085,ethereum,test,1709070047,16852,8,1706804790,0
0xf190dbd849e372ff824e631a1fdf199f38358bcf,ethereum,test,1709070047,16852,8,1708617215,0
0x8fc01e6cbdffaf09b54f423f9bb1f856b22e47b2,ethereum,test,1709070227,16852,8,1708831527,0
0xc564f3751e0d1e760ef0776af3157a631b06ee3a,ethereum,test,1709070719,16852,8,1708938127,0
0x60bb16c4a931b1a0b8a7d945c651dd90f41d42cf,ethereum,test,1709070815,16852,8,1703591340,0
0x4bae380b5d762d543d426331b8437926443ae9ec,ethereum,test,1709071895,16853,8,1709053218,0
0x113c65707c530502fef959308197353f6df97867,ethereum,test,1709072015,16853,8,1706339790,0
0xc9393609a47f5744ce98369208b9dc66224e6b5d,ethereum,test,1709072039,16853,8,1708848329,0
0x9c2500cfd2f1de40255cee5ec8ada6466e1eddf1,ethereum,test,1709072675,16854,8,1708955371,0
0xa7df4a42eac0670cc6cef002522dc69af3b145b1,ethereum,test,1709072747,16855,8,1709001964,0
0xff3ac80c1caa08cbd43a7e90d20c398d54c7342f,ethereum,test,1709073647,16856,8,1707261311,0
0xc87cee866ebdfc4f0e07e80157f0f4cbb7ad329e,ethereum,test,1709073695,16856,8,1708636976,0
0x86f0cdb38a853420be4dbf6a3a9a3fe0756bc701,ethereum,test,1709073755,16856,8,1707982335,0
0x14da7b27b2e0fedefe0a664118b0c9bc68e2e9af,ethereum,test,1709073815,16856,8,1706075022,0
0xd1c8fa30fded3e0031dc24c1646d74108b096cc2,ethereum,test,1709073899,16859,8,1707524232,0
0x65f7ba4ec257af7c55fd5854e5f6356bbd0fb8ec,ethereum,test,1709074223,16859,8,1707261311,0
0x6ad3403e4d5079165c42ce0a86ef83392b3f3b80,ethereum,test,1709074535,16860,8,1709024266,0
0x99295f1141d58a99e939f7be6bbe734916a875b8,ethereum,test,1709075051,16860,8,1709055970,0
0x7f3141c4d6b047fb930991b450f1ed996a51cb26,ethereum,test,1709075291,16860,8,1708926209,0
0x797de1dc0b9faf5e25c1f7efe8df9599138fa09d,ethereum,test,1709075579,16861,8,1708919582,0
0x805ea9c07b49dd23ce11ec66dc6d8a2957385035,ethereum,test,1709075651,16861,8,1708203299,0
0x675ababd3a210566a5e213547523b740be80041a,ethereum,test,1709075663,16861,8,1704434182,0
0x2b95a1dcc3d405535f9ed33c219ab38e8d7e0884,ethereum,test,1709076131,16861,8,1709046391,0
0xe5f625e8f4d2a038ae9583da254945285e5a77a4,ethereum,test,1709076143,16861,8,1708983800,0
0x9aeb50f542050172359a0e1a25a9933bc8c01259,ethereum,test,1709076167,16861,8,1709032702,0
0x1936c91190e901b7dd55229a574ae22b58ff498a,ethereum,test,1709076515,16861,8,1707266095,0
0xae36155a55f04a696b8362777620027882b31db5,ethereum,test,1709076599,16861,8,1708682053,0
0x07d2b06b9cdb83481116d83439ef4ebef4ccb2d3,ethereum,test,1709076671,16861,8,1693913531,0
0x0f644658510c95cb46955e55d7ba9dda9e9fbec6,ethereum,test,1709076767,16861,8,1708018192,0
0x4e38d89362f7e5db0096ce44ebd021c3962aa9a0,ethereum,test,1709076767,16861,8,1708560447,0
0x8a2ead49d2123edee893181fb69527a022235c36,ethereum,test,1709076911,16861,8,1707275634,0
0x2ba8349123de45e931a8c8264c332e6e9cf593f9,ethereum,test,1709076923,16861,8,1708851420,0
0x06d5ca7c9accd15a87d4993a421b7e702bdbab20,ethereum,test,1709077151,16861,8,1705463879,0
0x309627af60f0926daa6041b8279484312f2bf060,ethereum,test,1709077151,16861,8,1708972966,0
0x6d1a4af16d0e1ba103ae6710f4ccb885a335cee3,ethereum,test,1709077223,16861,8,1703432615,0
0x0c07ef27cfd6a1657c6b7431341f2ddff5d9dd72,ethereum,test,1709077343,16861,8,1702037663,0
0x49c3d304f24cac59afe332d2ef4817115381f7e7,ethereum,test,1709077343,16861,8,1706138819,0
0x93d89bf6a59c71830ca53f92e866cc608336f281,ethereum,test,1709077343,16861,8,1699661183,0
0x1f961bceaef8edf6fb2797c0293ffbde3e994614,ethereum,test,1709077523,16861,8,1708676535,0
0x7102dc82ef61bfb0410b1b1bf8ea74575bf0a105,ethereum,test,1709078159,16861,8,1708922192,0
0x7105faa4a26ed1c67b8b2b41bec98f06ee21d105,ethereum,test,1709078327,16861,8,1708922192,0
0x7104d1f179cc9cc7fb5c79be6da846e3fbc4c105,ethereum,test,1709078447,16862,8,1705979750,0
0x8947da500eb47f82df21143d0c01a29862a8c3c5,ethereum,test,1709078471,16862,8,1708588874,0
0xf921ae2dac5fa128dc0f6168bf153ea0943d2d43,ethereum,test,1709079419,16863,8,1708953795,0
0x97cb5cc1b2e10cc56dc16ab9179f06dfedbe41a2,ethereum,test,1709079599,16863,8,1708559306,0
0x004b0a4ae06f9d5078fda0cbcd897187499a37c8,ethereum,test,1709079695,16863,8,1708986050,0
0x7da96a3891add058ada2e826306d812c638d87a7,ethereum,test,1709079839,16863,8,1708561832,0
0x7103ebdbf1f89be2d53eff9b3cf996c9e775c105,ethereum,test,1709079875,16863,8,1708771109,0
0x33425df320241c8942e0e3377361cb4b27c9930f,ethereum,test,1709080595,16863,8,1709031275,0
0x299a1503e88433c0fd1bd68625c25c5a703eb64f,ethereum,test,1709080955,16864,8,1706381649,0
0xe630943d2a62cfb48dbcd1be812f74f8dfa6eff5,ethereum,test,1709081795,16864,8,1708849782,0
0xf8f16227f415287a3a10c38d5a7bebeee48598c9,ethereum,test,1709081795,16864,8,1708940782,0
0xa41161af8d4ee421ba5fed4328f2b12034796a21,ethereum,test,1709082371,16864,8,1700787062,0
0x1de5e000c41c8d35b9f1f4985c23988f05831057,ethereum,test,1709082467,16864,8,1708823352,0
0xeeeeeb57642040be42185f49c52f7e9b38f8eeee,ethereum,test,1709082515,16864,8,1708974690,0
0x524ebc93beef838f70b4ae54b675d3e971d5884e,ethereum,test,1709082563,16864,8,1707302934,0
0xecc0f1f860a82ab3b442382d93853c02d6384389,ethereum,test,1709082635,16864,8,1708971799,0
0xa11bd36801d8fa4448f0ac4ea7a62e3634ce8c7c,ethereum,test,1709082719,16864,8,1708152319,0
0x742f6f19cccf9b4115b08c104bb308196c0fa224,ethereum,test,1709082755,16864,8,1708941284,0
0x95efd1fe6099f65a7ed524def487483221094947,ethereum,test,1709082863,16864,8,1708932300,0
0xdd50c053c096cb04a3e3362e2b622529ec5f2e8a,ethereum,test,1709082971,16864,8,1707179826,0
0x8fc8bfd80d6a9f17fb98a373023d72531792b431,ethereum,test,1709083031,16864,8,1708911735,0
0x24e3794605c84e580eea4972738d633e8a7127c8,ethereum,test,1709083043,16864,8,1708845828,0
0x579120871266ccd8de6c85ef59e2ff6743e7cd15,ethereum,test,1709083235,16864,8,1698634871,0
0xe1a3864dbf62fb94834b108ff6bf439ce70183ac,ethereum,test,1709083331,16864,8,1706800065,0
0xcdca1b81dbb543baa92c97b701396cd3ba315e5d,ethereum,test,1709083379,16864,8,1708929915,0
0x282d0ad1fa03dfbdb88243b958e77349c73737d1,ethereum,test,1709083535,16864,8,1709066855,0
0xacd43e627e64355f1861cec6d3a6688b31a6f952,ethereum,test,1709083847,16864,8,1708203299,0
0x2b67d1a87a8d8b280a23e97bc55095215ee0ec53,ethereum,test,1709084003,16864,8,1707500778,0
0x697ef32b4a3f5a4c39de1cb7563f24ca7bfc5947,ethereum,test,1709084087,16864,8,1709073898,0
0xbf494f02ee3fde1f20bee6242bce2d1ed0c15e47,ethereum,test,1709084519,16864,8,1708856113,0
0x0fd67b4ceb9b607ef206904ec73459c4880132c9,ethereum,test,1709084675,16864,8,1708942615,0
0x327673ae6b33bd3d90f0096870059994f30dc8af,ethereum,test,1709084675,16864,8,1708044389,0
0xb78b3320493a4efaa1028130c5ba26f0b6085ef8,ethereum,test,1709085251,16864,8,1709073898,0
0x9b83f827928abdf18cf1f7e67053572b9bceff3a,ethereum,test,1709085611,16864,8,1708304706,0
0xb10cb07ca2cdac77fbb5707f6690301f9d036f45,ethereum,test,1709085803,16864,8,1696661099,0
0xe2e109f1b4eaa8915655fe8fdefc112a34acc5f0,ethereum,test,1709085911,16865,8,1708574982,0
0x1aabf9b575e4329b8c8f272428ad5e43ab4aefc8,ethereum,test,1709086343,16866,8,1707252776,0
0xebe6880ac817f026cb9d4e040da3e9e4cb418fb4,ethereum,test,1709086643,16866,8,1706098619,0
0x1dd80016e3d4ae146ee2ebb484e8edd92dacc4ce,ethereum,test,1709086703,16866,8,1708923304,0
0x4cce605ed955295432958d8951d0b176c10720d5,ethereum,test,1709086751,16866,8,1708843584,0
0x10345d3bfad41aee695ec0e7ca5c39abb44a9a21,ethereum,test,1709086907,16866,8,1708838970,0
0xd44fc10f34b260d4ce7af7359012ea4ae1967ebf,ethereum,test,1709086943,16866,8,1708107524,0
0x5d843fa9495d23de997c394296ac7b4d721e841c,ethereum,test,1709086979,16866,8,1708564397,0
0x564a80d0123bdd750fb6a9993834968fc595c09a,ethereum,test,1709088155,16867,8,1701454267,0
0x76eb2fe28b36b3ee97f3adae0c69606eedb2a37c,ethereum,test,1709088167,16867,8,1708966116,0
0x314bd765cab4774b2e547eb0aa15013e03ff74d2,ethereum,test,1709088371,16867,8,1708841411,0
0xf475e5dccd918108ec7c1f843c7245904b453318,ethereum,test,1709089715,16867,8,1708419786,0
0x7051faed0775f664a0286af4f75ef5ed74e02754,ethereum,test,1709090147,16867,8,1708611252,0
0x2c9c19ce3b15ae77c6d80aec3c1194cfd6f7f3fa,ethereum,test,1709090315,16867,8,1708104539,0
0x16c525c7cd751c19adf26f39118154d7c4bd0088,ethereum,test,1709090507,16867,8,1707238942,0
0x8c6fa66c21ae3fc435790e451946a9ea82e6e523,ethereum,test,1709090543,16867,8,1708633330,0
0xd50c8a17d5c4b8e2d984933c7e37e5b92d687b8d,ethereum,test,1709091095,16867,8,1708946495,0
0xdcfa8c46ec015d4bf13d6be492cb7a8eb4580899,ethereum,test,1709091143,16867,8,1708778190,0
0x900db999074d9277c5da2a43f252d74366230da0,ethereum,test,1709091155,16867,8,1708190953,0
0x58f7345b5295e43aa454911571f13be186655be9,ethereum,test,1709091371,16867,8,1708938571,0
0x0a266778c113a8f0d3d7aeacd12b74a7da5037a0,ethereum,test,1709091551,16868,8,1708565084,0
0x2494a68c1484376fef880b4c24d91f049d29b02a,ethereum,test,1709091623,16868,8,1708014347,0
0x52284158e02425290f6b627aeb5fff65edf058ad,ethereum,test,1709091659,16868,8,1708522187,0
0x4cd4441f169e472dd7ea462167ba93180b6e6074,ethereum,test,1709091815,16868,8,1708615557,0
0x272f97b7a56a387ae942350bbc7df5700f8a4576,ethereum,test,1709091995,16868,8,1707421873,0
0x888888888888f195e27a2e0f98d712952ab9348e,ethereum,test,1709092139,16868,8,1702185131,0
0x0ae38f7e10a43b5b2fb064b42a2f4514cba909ef,ethereum,test,1709092151,16868,8,1708673629,0
0x4f3afec4e5a3f2a6a1a411def7d7dfe50ee057bf,ethereum,test,1709092283,16868,8,1708646173,0
0x7d4cc8383cfb483addce23ba3905bc31b97740ac,ethereum,test,1709092331,16868,8,1698242291,0
0x7e9d8f07a64e363e97a648904a89fb4cd5fb94cd,ethereum,test,1709092451,16868,8,1708719260,0
0x8a6f3bf52a26a21531514e23016eeae8ba7e7018,ethereum,test,1709093063,16868,8,1708702928,0
0xffd822149fa6749176c7a1424e71a417f26189c8,ethereum,test,1709093183,16869,8,1704804707,0
0xd6c7bb8531295e88d364ea67d5d1acc7d3f87454,ethereum,test,1709093231,16869,8,1706345243,0
0xfeb6d5238ed8f1d59dcab2db381aa948e625966d,ethereum,test,1709093231,16869,8,1708530450,0
0x412d397ddca07d753e3e0c61e367fb1b474b3e7d,ethereum,test,1709093303,16869,8,1708724049,0
0x6ec47a178a9d50d4ec4683003d8324f19ca35382,ethereum,test,1709093303,16869,8,1709080954,0
0x9205c049c231dda51bace0ba569f047e3e1e9979,ethereum,test,1709093303,16869,8,1698826403,0
0xcacc19c5ca77e06d6578decac80408cc036e0499,ethereum,test,1709093303,16869,8,1708516669,0
0x758af03ad0bf7f44abe4f804eb6a90eea9eb7c09,ethereum,test,1709093411,16869,8,1708686565,0
0xfba2b8d6d4554ed67ddde4814847b02c5114285d,ethereum,test,1709093435,16869,8,1708923249,0
0x93dfaf57d986b9ca77df9376c50878e013d9c7c8,ethereum,test,1709093555,16869,8,1707895672,0
0xcf9c692f7e62af3c571d4173fd4abf9a3e5330d0,ethereum,test,1709093579,16869,8,1708861923,0
0x2ba64efb7a4ec8983e22a49c81fa216ac33f383a,ethereum,test,1709093615,16869,8,1708821148,0
0x7cf74238d48ce383db00a1efff8da99303552cb0,ethereum,test,1709093747,16869,8,1708613480,0
0x725440512cb7b78bf56b334e50e31707418231cb,ethereum,test,1709093987,16869,8,1705611443,0
0x9d5963ba32e877871dff3e2e697283dc64066271,ethereum,test,1709094107,16869,8,1706984146,0
0x4ece5c5cfb9b960a49aae739e15cdb6cfdcc5782,ethereum,test,1709094155,16869,8,1708587719,0
0xcbb40829386575806dc59bf17fd38b01911779d8,ethereum,test,1709094263,16869,8,1708810534,0
0x9cc83d580180f0d37d00e5d86ce868f73b6e3d0a,ethereum,test,1709094575,16869,8,1708719260,0
0x171b1daefac13a0a3524fcb6beddc7b31e58e079,ethereum,test,1709095007,16869,8,1694759279,0
0xf1dc500fde233a4055e25e5bbf516372bc4f6871,ethereum,test,1709095307,16869,8,1708886565,0
0x9e8f249e6519225f6fca361aee9e81344f8853d1,ethereum,test,1709095475,16869,8,1702804289,0
0xda8263d8ce3f726233f8b5585bcb86a3120a58b6,ethereum,test,1709096075,16870,8,1708946393,0
0x3ebb4a4e91ad83be51f8d596533818b246f4bee1,ethereum,test,1709096087,16870,8,1709031943,0
0x946551dd05c5abd7cc808927480225ce36d8c475,ethereum,test,1709096195,16870,8,1703827811,0
0xdeadface8503399df4b083ef42fa8e02fd39dead,ethereum,test,1709096447,16870,8,1708883208,0
0x36dd1985a430c2d7bf5ceacf421c0a18989535c0,ethereum,test,1709096819,16871,8,1692791843,0
0x5d126613137ac026e77a88e8ae30c3d4a142cf0c,ethereum,test,1709096843,16871,8,1658658518,0
0x23d217ba41633ad4b3249c94b7f312acc6454460,ethereum,test,1709096891,16871,8,1698229751,0
0xd583270f8b5eb833961c93223786803bbb402884,ethereum,test,1709096903,16871,8,1707540824,0
0xc452966d9e51d924e9309b532a46957f0a1b14ad,ethereum,test,1709096915,16871,8,1698099995,0
0x4123a68092fcdc2369f2025a8896646c4a476216,ethereum,test,1709096939,16872,8,1698224291,0
0x7fc1e4d5911ac31ce3db332bff3b3d45fcb7c115,ethereum,test,1709097011,16872,8,1698920267,0
0x762b2edf021d48731d5264c8ab33dc2033103df3,ethereum,test,1709097035,16872,8,1698920267,0
0xa9b67ad2eaa34f651a8a7da682650c98a124ea8b,ethereum,test,1709097059,16872,8,1698920267,0
0xe115401b985306837b9f1495c8e9d7f8f8328cc3,ethereum,test,1709097095,16872,8,1708684306,0
0x34c1ba5e220b0ae4c946dd28a188ebb62c45f508,ethereum,test,1709097215,16872,8,1705403945,0
0x105ec932edf7a700f58f9aea53ffaaeff1d00f71,ethereum,test,1709097239,16872,8,1697197607,0
0xfd4168e642ebd04c3684a6cdb3a5e86de85d3908,ethereum,test,1709097251,16872,8,1705025867,0
0x9fa648ddb81ffd1c5c1b3f22ebac2f3b6b287b47,ethereum,test,1709097383,16873,8,1692791843,0
0xd407c419149391d91270abd1cdf680abf7f73ac5,ethereum,test,1709097419,16873,8,1698224291,0
0x5bdd8a0d6286945181d57e94a948f9df6c101788,ethereum,test,1709097455,16873,8,1698920267,0
0x5e12219e496f7fe5c1fa7803a9a2583512fb1e0e,ethereum,test,1709097503,16873,8,1698229751,0
0x0d6ecf13d8854588d97197e05006a5a0e7c4c4ba,ethereum,test,1709097527,16873,8,1698099995,0
0x5d69b9c68d01b256f42a5b8e57f3ebf32f78e24d,ethereum,test,1709097551,16873,8,1698224291,0
0xf0c5831ec3da15f3696b4dad8b21c7ce2f007f28,ethereum,test,1709097647,16873,8,1708354411,0
0xc55c2175e90a46602fd42e931f62b3acc1a013ca,ethereum,test,1709097719,16873,8,1708843584,0
0x3c917054e03485808137eb306eafa8da0ab695cd,ethereum,test,1709097755,16873,8,1708702928,0
0xb64d9bc3ed8b1f582bb9698809a937e392acc54e,ethereum,test,1709097851,16873,8,1699153355,0
0xf40f24d6dc152f26184ba34d24cecddef61f822d,ethereum,test,1709097887,16873,8,1698229751,0
0x033803f7bc7787500f085db433c1b995fdd4af56,ethereum,test,1709097959,16873,8,1696505135,0
0xd5739016fc5532c8b80c3355a99967c46e2071ec,ethereum,test,1709098019,16873,8,1698099995,0
0x223944631173ea6e8042936b1044a3b188f6447f,ethereum,test,1709098043,16873,8,1698099995,0
0x9b1f40e8d879b153a93283f2c4e5fd9cf3a7e849,ethereum,test,1709098199,16873,8,1692791843,0
0x0a26e7ab5c554232314a8d459eff0ede72333f08,ethereum,test,1709098223,16873,8,1708948946,0
0x62187066fd9c24559ffb54b0495a304ade26d50b,ethereum,test,1709098223,16873,8,1708971299,0
0x7b95ec873268a6bfc6427e7a28e396db9d0ebc65,ethereum,test,1709098367,16874,8,1707985174,0
0x488e0369f9bc5c40c002ea7c1fe4fd01a198801c,ethereum,test,1709098679,16875,8,1708656841,0
0x20ab3111fb07c47b528672129489e5f284ae8c68,ethereum,test,1709098727,16875,8,1705233551,0
0x11a2ab94ade17e96197c78f9d5f057332a19a0b9,ethereum,test,1709098943,16875,8,1708934772,0
0x147faf8de9d8d8daae129b187f0d02d819126750,ethereum,test,1709099147,16875,8,1708007908,0
0x56b4f8c39e07d4d5d91692acf9d0f6d4d3493763,ethereum,test,1709099159,16875,8,1708547651,0
0x3eb9c7ee5f72e51f61e832137719fe8d1e53a2ce,ethereum,test,1709099555,16875,8,1708117320,0
0xaaaaaaaba2ea3daab0a6c05f1b962c78c9836d99,ethereum,test,1709099687,16875,8,1707995078,0
0xa227d3ada18b1f2c6b521562e977afed41167658,ethereum,test,1709100203,16877,8,1703929564,0
0x553c7f9c780316fc1d34b8e14ac2465ab22a090b,ethereum,test,1709101067,16880,8,1708880287,0
0x504624040e0642921c2c266a9ac37cafbd8cda4e,ethereum,test,1709101103,16880,8,1708181328,0
0xb1abd7aba7d99bbefb33d1dfc66b0dd522335350,ethereum,test,1709101127,16880,8,1705907579,0
0x94d916873b22c9c1b53695f1c002f78537b9b3b2,ethereum,test,1709101175,16880,8,1708448181,0
0xd3e133a0a14bb8b595e5fbf9851c7c783685ba69,ethereum,test,1709101583,16880,8,1706157935,0
0x87a92428bbc876d463c21c8e51b903f127d9a9f4,ethereum,test,1709102123,16880,8,1708684243,0
0x603778e5e07e180e300bd10df7fa626313a206b2,ethereum,test,1709102279,16880,8,1708560154,0
0xe46a1d19962ea120765d3139c588ffd617be04a8,ethereum,test,1709102339,16880,8,1708944758,0
0x6c37bf4f042712c978a73e3fd56d1f5738dd7c43,ethereum,test,1709102579,16880,8,1708883338,0
0x6aa9bcf20ae2fcb9a29d7d99c624d9db43d93969,ethereum,test,1709102735,16880,8,1708900313,0
0x53011e93f21ec7a74cdfbb7e6548f1abce306833,ethereum,test,1709102783,16880,8,1708548224,0
0xd90d2ab1763777060be4d0ab08411cf03faea955,ethereum,test,1709102831,16880,8,1708597154,0
0xb274151f44d74c05e80c2d35f78d5430ce9a8f3b,ethereum,test,1709102855,16880,8,1687502375,0
0x451207c61f39b47bb9b845c058f63cc930d9a5d0,ethereum,test,1709102891,16880,8,1705144379,0
0xde6a34dfbaaf091504193339cc51202d2824ff51,ethereum,test,1709102987,16880,8,1708942969,0
0x34bc13de8e5124a7c47d4b7ff7c5ade6ee34faba,ethereum,test,1709103059,16880,8,1708805820,0
0xb8e08dda1a886013f8526f0b76584d27e6527bf7,ethereum,test,1709103119,16880,8,1708223704,0
0xe74dc43867e0cbeb208f1a012fc60dcbbf0e3044,ethereum,test,1709104079,16881,8,1708818573,0
0x4daeb4a06f70f4b1a5c329115731fe4b89c0b227,ethereum,test,1709104163,16881,8,1708981106,0
0xf240b48464ef6bae0306592b48131bece8cb7333,ethereum,test,1709104607,16881,8,1707278850,0
0x668dbf100635f593a3847c0bdaf21f0a09380188,ethereum,test,1709104679,16881,8,1708182884,0
0x20e7125677311fca903a8897042b9983f22ea295,ethereum,test,1709104823,16882,8,1708900313,0
0x0a5e677a6a24b2f1a2bf4f3bffc443231d2fdec8,ethereum,test,1709104991,16882,8,1708784031,0
0x77774a06271d6a305caccdbc06f847def05c7777,ethereum,test,1709105171,16882,8,1708821432,0
0xfb09122d1e17170c1807bfc1ef3c614bd85e1b6e,ethereum,test,1709105783,16883,8,1705390455,0
0xdd690d8824c00c84d64606ffb12640e932c1af56,ethereum,test,1709106071,16883,8,1708283063,0
0x76fca1adb104770b38581b64d55e67fa5a0f3966,ethereum,test,1709106239,16883,8,1708153996,0
0xb2dbf14d0b47ed3ba02bdb7c954e05a72deb7544,ethereum,test,1709106359,16883,8,1708860487,0
0xc1abb8c93be6811affc70675b0432926c4bfbb5d,ethereum,test,1709106827,16884,8,1707388261,0
0x6e0d90408e6e28ff19d5e444c6d9d2751712bfaa,ethereum,test,1709106959,16884,8,1708938571,0
0x72955ecff76e48f2c8abcce11d54e5734d6f3657,ethereum,test,1709107211,16884,8,1708595008,0
0x72377f31e30a405282b522d588aebbea202b4f23,ethereum,test,1709107403,16884,8,1708876317,0
0x8c3ee4f778e282b59d42d693a97b80b1ed80f4ee,ethereum,test,1709107595,16884,8,1708380527,0
0x1a403e1c96792dfedb8232cf56400eb72ab95acb,ethereum,test,1709107679,16884,8,1708784031,0
0xc3d088842dcf02c13699f936bb83dfbbc6f721ab,ethereum,test,1709107979,16884,8,1708909996,0
0x35a18000230da775cac24873d00ff85bccded550,ethereum,test,1709108099,16884,8,1707660020,0
0x76ff2ab6b34142421f44a68cc8dd08f45f9ee2f2,ethereum,test,1709108171,16884,8,1708936037,0
0xc353bf07405304aeab75f4c2fac7e88d6a68f98e,ethereum,test,1709108303,16884,8,1708539696,0
0xea610b1153477720748dc13ed378003941d84fab,ethereum,test,1709108495,16884,8,1708430456,0
0x9a0aba393aac4dfbff4333b06c407458002c6183,ethereum,test,1709108651,16884,8,1709078978,0
0xdfbb98b366b90a09938f4a753ca02b965d74b61a,ethereum,test,1709108843,16884,8,1708828574,0
0x6fe88a211863d0d818608036880c9a4b0ea86795,ethereum,test,1709109059,16885,8,1708668780,0
0x3810a4ddf41e586fa0dba1463a7951b748cecfca,ethereum,test,1709109335,16885,8,1708006958,0
0xd0d6d6c5fe4a677d343cc433536bb717bae167dd,ethereum,test,1709109539,16885,8,1701237479,0
0x7b69d465c0f9fb22affae56aa86149973e9b0966,ethereum,test,1709109647,16885,8,1708505973,0
0xac8e742a84f7619ecfd332e6721c5af65927716f,ethereum,test,1709109947,16886,8,1706020751,0
0x94e0bab2f6ab1f19f4750e42d7349f2740513ad5,ethereum,test,1709110151,16886,8,1708559306,0
0x3025680925349c9c01c0f01cf300ec963832ec64,ethereum,test,1709110187,16886,8,1708904230,0
0x9014f29610e904c8269726c74ebc79f5d512dafd,ethereum,test,1709110187,16886,8,1709055970,0
0x1117ac6ad6cdf1a3bc543bad3b133724620522d5,ethereum,test,1709110499,16886,8,1708901193,0
0x8bc2bcb1b1896291942c36f3cca3c1afa0aaa7fd,ethereum,test,1709110571,16886,8,1708234772,0
0x80ce3027a70e0a928d9268994e9b85d03bd4cdcf,ethereum,test,1709110667,16886,8,1706310935,0
0x8666cb197af5103f7a3a0295b50efea47f3df78b,ethereum,test,1709110775,16886,8,1705193243,0
0x19e2a43fbbc643c3b2d9667d858d49cad17bc2b5,ethereum,test,1709111195,16886,8,1708262360,0
0x106538cc16f938776c7c180186975bca23875287,ethereum,test,1709111459,16886,8,1708980438,0
0x6361f338ab8def2af3f2a1be7bd8a7db3156f7e7,ethereum,test,1709111639,16886,8,1708941482,0
0x8064d9ae6cdf087b1bcd5bdf3531bd5d8c537a68,ethereum,test,1709111771,16887,8,1708563272,0
0xca1262e77fb25c0a4112cfc9bad3ff54f617f2e6,ethereum,test,1709112203,16888,8,1708132858,0
0xb7153f71663f6c9a96d1c6810cbd17259a31af5c,ethereum,test,1709112467,16888,8,1707209765,0
0xff69e48af1174da7f15d0c771861c33d3f19ed8a,ethereum,test,1709112743,16890,8,1708941597,0
0x3a4cab3dcfab144fe7eb2b5a3e288cc03dc07659,ethereum,test,1709112875,16891,8,1708930275,0
0x94efe52d17983e6545180fa46d14f344372e180f,ethereum,test,1709113055,16892,8,1708501364,0
0x78223d31298107f3e310b09797b07967832046a6,ethereum,test,1709113535,16893,8,1708493794,0
0xe901ec5fc8d576b48b75b42191abc3a2cc8d3cf8,ethereum,test,1709113619,16893,8,1706051114,0
0x77d1b367221a5864af03d7a9e4e6ae2e6cd2a0ae,ethereum,test,1709114027,16893,8,1708006283,0
0x037469519af5556ba582944cc93fbcac3b17922a,ethereum,test,1709114399,16893,8,1708950297,0
0x11c039f368606d91664bfd10137b00eee13cde77,ethereum,test,1709114507,16893,8,1708137647,0
0x9532ca064278ce3ba4fcc66cebec6d9f04f58f70,ethereum,test,1709114567,16893,8,1705770287,0
0x0099c668b1691fd74e1b3fa2b4f55985265f574b,ethereum,test,1709114963,16893,8,1708656525,0
0xd4568d313fa2d5c6eba37c9f30f6fb8d1c552ddd,ethereum,test,1709114963,16893,8,1708560447,0
0x218de5e6324c5351c3a2bf0c40d76f585b8de04d,ethereum,test,1709115395,16893,8,1702550025,0
0x0b4663216b812e4a2f0fc2029ff1232958f4bf8c,ethereum,test,1709115431,16893,8,1709045646,0
0x6d57b2e05f26c26b549231c866bdd39779e4a488,ethereum,test,1709115779,16893,8,1706804790,0
0x20c3fa331a385b63ee39137e99d0cf2db142fce1,ethereum,test,1709115935,16893,8,1704658896,0
0xf3a3023e6dede84ad88a656a3269f2a36e83c9a9,ethereum,test,1709116091,16893,8,1707189113,0
0xc38261846c42c1e1d59e04da675eb1974e9ce7b1,ethereum,test,1709116187,16893,8,1702247171,0
0xce13abce0db5a8224616ef24d3979d466f19cf90,ethereum,test,1709116991,16896,8,1708664626,0
0x9779a8660ede78e8bd4dce716a7ab7001838a735,ethereum,test,1709117051,16896,8,1696436747,0
0x3db045814d0a29d831fe38055cb97a956ef7cafb,ethereum,test,1709117183,16896,8,1708937047,0
0x7b123f53421b1bf8533339bfbdc7c98aa94163db,ethereum,test,1709117291,16896,8,1709037463,0
0xc427f19dea9e7c967fb3c49bfb4f3d8a8cdcd2ea,ethereum,test,1709117351,16897,8,1698600827,0
0x3d382228c54736d831fac2748f4734d9177c7332,ethereum,test,1709117363,16897,8,1706043409,0
0xd909c5862cdb164adb949d92622082f0092efc3d,ethereum,test,1709117987,16897,8,1707553779,0
0x1a23a6bfbadb59fa563008c0fb7cf96dfcf34ea1,ethereum,test,1709118503,16897,8,1709098386,0
0xaa2ce7ae64066175e0b90497ce7d9c190c315db4,ethereum,test,1709118947,16897,8,1708431251,0
0x155040625d7ae3e9cada9a73e3e44f76d3ed1409,ethereum,test,1709119007,16897,8,1707895672,0
0xbf4a9a37ecfc21825011285222c36ab35de51f14,ethereum,test,1709119247,16897,8,1708872707,0
0x628ebc64a38269e031afbdd3c5ba857483b5d048,ethereum,test,1709119319,16898,8,1701505703,0
0xed40834a13129509a89be39a9be9c0e96a0ddd71,ethereum,test,1709119391,16898,8,1708191889,0
0x35872fea6a4843facbcdbce99e3b69596a3680b8,ethereum,test,1709119835,16898,8,1707301476,0
0x5f6dee1c84f7ba36fb2d21c88e680812eb670a05,ethereum,test,1709120111,16899,8,1705917080,0
0x0981d9774a59a703db85f5eaa23672283ea31106,ethereum,test,1709120219,16899,8,1706864577,0
0x2e7729f4e4aa8e68d13830d372f975046d4a498f,ethereum,test,1709120231,16899,8,1708724049,0
0xf5cb350b40726b5bcf170d12e162b6193b291b41,ethereum,test,1709120363,16899,8,1708979754,0
0xf9c53268e9de692ae1b2ea5216e24e1c3ad7cb1e,ethereum,test,1709120399,16899,8,1708516669,0
0x6ddeb5340a20ac5cd53beb733d579a8b83270691,ethereum,test,1709120519,16899,8,1697969099,0
0xd3f38425194990cdeacc82c6b15a463cd1351939,ethereum,test,1709120591,16900,8,1708167427,0
0x4d9b0b7a6db042cb990d36a0df5aa2960e552f16,ethereum,test,1709120627,16900,8,1708930413,0
0x45734927fa2f616fbe19e65f42a0ef3d37d1c80a,ethereum,test,1709120639,16900,8,1706049227,0
0xa685a61171bb30d4072b338c80cb7b2c865c873e,ethereum,test,1709120843,16900,8,1705332565,0
0x179e31fb25e433441a2839389a7b8ec9c4654b7b,ethereum,test,1709120855,16900,8,1708768914,0
0x79be75ffc64dd58e66787e4eae470c8a1fd08ba4,ethereum,test,1709122031,16900,8,1707509096,0
0xfbce0f9e92ad1003e893ba647bc055d845aaa507,ethereum,test,1709122079,16900,8,1704654023,0
0x41cda8a77105cd1d8bd59fd94cf8324dc9a3f099,ethereum,test,1709122271,16900,8,1708269588,0
0x205ed31c867bf715e4182137af95afe9177cd8e7,ethereum,test,1709122439,16900,8,1705479851,0
0x79b4d12fa63a8d1202b26c5ba6d62136a4a09dda,ethereum,test,1709123219,16900,8,1703438411,0
0x63f88a2298a5c4aee3c216aa6d926b184a4b2437,ethereum,test,1709124011,16902,8,1705917080,0
0xbff28c0b8c3df7b89e71743e835a7be2c98599f6,ethereum,test,1709124011,16902,8,1707341403,0
0x795dbf627484f8248d3d6c09c309825c1563e873,ethereum,test,1709124047,16902,8,1708647959,0
0x26946ada5ecb57f3a1f91605050ce45c482c9eb1,ethereum,test,1709124083,16902,8,1708846227,0
0x926cbe8eef374d68a1d08d25b78ba2b6690c6493,ethereum,test,1709124515,16902,8,1708572393,0
0x05fcc72cfb4150abae415c885f7a433ff523296f,ethereum,test,1709124683,16902,8,1704374699,0
0x79d4f0232a66c4c91b89c76362016a1707cfbf4f,ethereum,test,1709124731,16902,8,1707849715,0
0xb4039240e71535100be947116c778d5d98bd9f62,ethereum,test,1709124731,16902,8,1705957241,0
0xb6667b04cb61aa16b59617f90ffa068722cf21da,ethereum,test,1709124863,16902,8,1705084271,0
0x018d7d179350f1bb9853d04982820e37cce13a92,ethereum,test,1709124911,16902,8,1709111985,0
0xaf6a1125d4cc55a4110dc63cd2ff6e005afb8676,ethereum,test,1709125259,16902,8,1708946009,0
0x130914e1b240a7f4c5d460b7d3a2fd3846b576fa,ethereum,test,1709125511,16902,8,1708265938,0
0x5dfc78c4d073fd343bc6661668948178522a0de5,ethereum,test,1709125535,16902,8,1705427363,0
0xc1534fe936be00369c7a827a6e731a233bd0ed34,ethereum,test,1709125619,16902,8,1708019875,0
0x5fa54fddf1870c344dbfabb37dfab8700ec0def1,ethereum,test,1709125739,16902,8,1708339056,0
0x9cbb5bcf2848ae70c6950f4969092f691276a852,ethereum,test,1709125739,16902,8,1708942969,0
0x7778360f035c589fce2f4ea5786cbd8b36e5396b,ethereum,test,1709126027,16902,8,1709032702,0
0xa9299c296d7830a99414d1e5546f5171fa01e9c8,ethereum,test,1709126135,16902,8,1708902188,0
0x14cc8dfaf2258e1b8b2869300dba1b734dc0fe43,ethereum,test,1709126519,16902,8,1704044579,0
0x94f31ac896c9823d81cf9c2c93feceed4923218f,ethereum,test,1709126555,16903,8,1708725976,0
0x71abbd6b628da7874e9861b6a9e5d67b10eec729,ethereum,test,1709126891,16903,8,1708538268,0
0xe1a4c5bbb704a92599fedb191f451e0d3a1ed842,ethereum,test,1709126951,16903,8,1708184701,0
0x67d85a291fcdc862a78812a3c26d55e28ffb2701,ethereum,test,1709127011,16903,8,1706091954,0
0x72e5390edb7727e3d4e3436451dadaff675dbcc0,ethereum,test,1709127539,16903,8,1706310935,0
0x09f098b155d561fc9f7bccc97038b7e3d20baf74,ethereum,test,1709127899,16903,8,1705988543,0
0xf406f7a9046793267bc276908778b29563323996,ethereum,test,1709128319,16903,8,1708832187,0
0xb459f7204a8ac84f9e7758d6d839ebd01670e35c,ethereum,test,1709128343,16903,8,1708818573,0
0x4c584cd339bdde73b7f5210486dd8bbeee3fde6d,ethereum,test,1709128355,16903,8,1708107524,0
0x53340a1ef3a0ddeba1d94bbd1e2ff55936f0ea60,ethereum,test,1709128439,16903,8,1708008010,0
0xd94a8f9caed25e63ecc90edfefaf3635ea1e182a,ethereum,test,1709128451,16903,8,1709031275,0
0x9424fde68418b71ea1d3de95547ef67f4dc8f573,ethereum,test,1709128523,16903,8,1708572171,0
0x6f38e0f1a73c96cb3f42598613ea3474f09cb200,ethereum,test,1709128607,16904,8,1708945019,0
0x7a429f2d059c2f750d2ed53260c2c3bdd9d52857,ethereum,test,1709128619,16904,8,1698099995,0
0x1f844add5f448b4d472fc7b383da0cc79514e4ae,ethereum,test,1709128811,16904,8,1708946393,0
0xe7e4279b80d319ede2889855135a22021baf0907,ethereum,test,1709128859,16904,8,1709050930,0
0xc57f1d079c862b70aa12faab19293f827187aaf6,ethereum,test,1709129039,16904,8,1708907029,0
0x591127253e40d4f63bf29ccf3d81fd062a149c8c,ethereum,test,1709129219,16904,8,1708363659,0
0x26f6ff8915a006680e65715415fdeef22caf05a1,ethereum,test,1709129711,16905,8,1698920267,0
0x8be8b0dde627dd6be9a4b7fcadd04899aabdb2b1,ethereum,test,1709129723,16905,8,1707787367,0
0x0173661769325565d4f011b2e5cda688689cc87c,ethereum,test,1709130083,16905,8,1708572027,0
0xc36ad98e62598ae24d4487d8012209f687c30d45,ethereum,test,1709130395,16905,8,1709014547,0
0x57f12fe6a4e5fe819eec699fadf9db2d06606bb4,ethereum,test,1709130527,16905,8,1708522187,0
0xd502f487e1841fdc805130e13eae80c61186bc98,ethereum,test,1709130563,16905,8,1706370263,0
0xb9d27bc093ed0a3b7c18366266704cfe5e7af77b,ethereum,test,1709130611,16905,8,1708899931,0
0x5d30ad9c6374bf925d0a75454fa327aacf778492,ethereum,test,1709130935,16905,8,1708572255,0
0x667210a731447f8b385e068205759be2311b86d4,ethereum,test,1709131031,16905,8,1707971683,0
0xa350da05405cc204e551c4eed19c3039646528d5,ethereum,test,1709131271,16905,8,1708886565,0
0x1ba9843bd4327c6c77011406de5fa8749f7e3479,ethereum,test,1709131691,16906,8,1703776199,0
0x8a7adc1b690e81c758f1bd0f72dfe27ae6ec56a5,ethereum,test,1709131895,16906,8,1708949772,0
0x0eb3032bcac2be1fa95e296442f225edb80fc3cd,ethereum,test,1709132231,16906,8,1708234772,0
0x723cbfc05e2cfcc71d3d89e770d32801a5eef5ab,ethereum,test,1709132603,16906,8,1708234929,0
0x75a6cda5968e5ede57fc759887937688a0c78f71,ethereum,test,1709132615,16906,8,1705480780,0
0xa98e5f5051f852a02c2f769ba79f7b690b525e43,ethereum,test,1709132783,16906,8,1708843584,0
0xccdecab4980afce6ff8850d002caee4acb2f70e6,ethereum,test,1709132855,16906,8,1709050930,0
0xe7f58a92476056627f9fdb92286778abd83b285f,ethereum,test,1709132855,16906,8,1708516669,0
0xb7b1570e26315baad369b8ea0a943b7f140db9eb,ethereum,test,1709133011,16906,8,1708603863,0
0xd6ad7a6750a7593e092a9b218d66c0a814a3436e,ethereum,test,1709133071,16906,8,1708074583,0
0x310c8f00b9de3c31ab95ea68feb6c877538f7947,ethereum,test,1709133155,16906,8,1708006073,0
0x82cc3da7d315c47557147f44984c3e805c34789c,ethereum,test,1709133311,16906,8,1708691869,0
0x341c05c0e9b33c0e38d64de76516b2ce970bb3be,ethereum,test,1709133395,16906,8,1706084147,0
0x7e16e4253ce4a1c96422a9567b23b4b5ebc207f1,ethereum,test,1709133443,16906,8,1708892582,0
0x10010078a54396f62c96df8532dc2b4847d47ed3,ethereum,test,1709133695,16906,8,1708919076,0
0x307d45afbb7e84f82ef3d251a6bb0f00edf632e4,ethereum,test,1709133791,16906,8,1708960117,0
0xddd5592cf4759313c649eb4e624a79541ed222ed,ethereum,test,1709133791,16906,8,1708562840,0
0xd0cd466b34a24fcb2f87676278af2005ca8a78c4,ethereum,test,1709134163,16907,8,1708328630,0
0x1045f5ccb01daea4f8eab055f5fcbb7c0e7c89f0,ethereum,test,1709134559,16908,8,1708954443,0
0x7b22938ca841aa392c93dbb7f4c42178e3d65e88,ethereum,test,1709135003,16909,8,1704823691,0
0x5c59a5b139b0538cb106d775a022cad98dd14b5a,ethereum,test,1709135015,16909,8,1708883422,0
0xe0b9a2c3e9f40cf74b2c7f591b2b0cca055c3112,ethereum,test,1709135807,16909,8,1708995089,0
0x8cb924583681cbfe487a62140a994a49f833c244,ethereum,test,1709136143,16910,8,1708663954,0
0x4fbb350052bca5417566f188eb2ebce5b19bc964,ethereum,test,1709136335,16910,8,1709045688,0
0x99d36e97676a68313ffdc627fd6b56382a2a08b6,ethereum,test,1709136503,16910,8,1708704974,0
0xa92cdf011c895780733b2a6a6e15c4c1ed836148,ethereum,test,1709136611,16910,8,1707398254,0
0x425c5b7b55f9c981c71935418ed044e79d8080e2,ethereum,test,1709137211,16910,8,1708835310,0
0xffc97d72e13e01096502cb8eb52dee56f74dad7b,ethereum,test,1709137487,16910,8,1708785384,0
0x5c84bc60a796534bfec3439af0e6db616a966335,ethereum,test,1709137835,16911,8,1708839502,0
0x378cb52b00f9d0921cb46dfc099cff73b42419dc,ethereum,test,1709139011,16914,8,1708380527,0
0x60c7aea107ea3cdab21455e187cfb7e54e09b760,ethereum,test,1709139047,16914,8,1708949540,0
0xda0c94c73d127ee191955fb46bacd7ff999b2bcd,ethereum,test,1709139371,16914,8,1708088984,0
0x4fb721ef3bf99e0f2c193847afa296b9257d3c30,ethereum,test,1709139515,16914,8,1709060039,0
0x608917f8392634428ec71c6766f3ec3f5cc8f421,ethereum,test,1709139575,16914,8,1708765075,0
0xb30ff8473d3c25554a44213f7c0715085e35d0a0,ethereum,test,1709139599,16914,8,1708869307,0
0xa499648fd0e80fd911972bbeb069e4c20e68bf22,ethereum,test,1709140631,16915,8,1708363659,0
0x1b17dbb40fbed8735e7fe8c9eb02c20984fadfd6,ethereum,test,1709140691,16915,8,1705858847,0
0x8aa9381b2544b48c26f3b850f6e07e2c5161eb3e,ethereum,test,1709140955,16915,8,1709065356,0
0xd7d8f3b8bc8bc48d3acc37879eaba7b85889fa52,ethereum,test,1709141087,16915,8,1708118403,0
0x396ec402b42066864c406d1ac3bc86b575003ed8,ethereum,test,1709141135,16915,8,1708390679,0
0xda30f261a962d5aae94c9ecd170544600d193766,ethereum,test,1709141219,16917,8,1708702152,0
0x46cca329970b33e1a007dd4ef0594a1cedb3e72a,ethereum,test,1709141267,16917,8,1708848078,0
0x39162d9f64c0f9d64d14eac3b6d5a15d3d569eea,ethereum,test,1709141291,16917,8,1708919256,0
0xbc6da0fe9ad5f3b0d58160288917aa56653660e9,ethereum,test,1709141639,16917,8,1708840455,0
0x0acc0fee1d86d2cd5af372615bf59b298d50cd69,ethereum,test,1709142299,16919,8,1708974690,0
0x0649cef6d11ed6f88535462e147304d3fe5ae14d,ethereum,test,1709142587,16919,8,1707265375,0
0x60f5672a271c7e39e787427a18353ba59a4a3578,ethereum,test,1709142803,16919,8,1708676232,0
0x34103e1190b824a44c6a638438d425cba21143ba,ethereum,test,1709144303,16922,8,1704445103,0
0x009c43b42aefac590c719e971020575974122803,ethereum,test,1709144459,16923,8,1704523343,0
0x69fa8e7f6bf1ca1fb0de61e1366f7412b827cc51,ethereum,test,1709144555,16923,8,1708929915,0
0x6bf765c43030387a983f429c1438e9d2025b7e12,ethereum,test,1709145095,16923,8,1708538713,0
0x262b6a8b044ab9b7a345353ded8f541c1ac37bd3,ethereum,test,1709145203,16923,8,1707249807,0
0x8078198fc424986ae89ce4a910fc109587b6abf3,ethereum,test,1709145203,16923,8,1708471780,0
0xc6d1f1d5a46de07e73091f1c8793293b203f01a1,ethereum,test,1709145431,16924,8,1705348518,0
0xea068fba19ce95f12d252ad8cb2939225c4ea02d,ethereum,test,1709145563,16925,8,1709100483,0
0xa8258dee2a677874a48f5320670a869d74f0cbc1,ethereum,test,1709145875,16930,8,1708703558,0
0x22b59a7387f7d25fe2b1c692ee825e1802e6e3d5,ethereum,test,1709145887,16930,8,1706383187,0
0xc11b1268c1a384e55c48c2391d8d480264a3a7f4,ethereum,test,1709146295,16935,8,1708849056,0
0x55488fcb7adbd694c9e2fa8106feb7e5429555bd,ethereum,test,1709146331,16935,8,1708880287,0
0x0000000de40dfa9b17854cbc7869d80f9f98d823,ethereum,test,1709146355,16935,8,1709032702,0
0x39c6b3e42d6a679d7d776778fe880bc9487c2eda,ethereum,test,1709146919,16938,8,1706815219,0
0x153d015147f25db5c38e1f3af9111888431eb05f,ethereum,test,1709147615,16942,8,1702508912,0
0x5bb15141bb6def6d2bafeed8ff84bf889c0c573b,ethereum,test,1709147615,16942,8,1708586669,0
0xba485b556399123261a5f9c95d413b4f93107407,ethereum,test,1709147807,16944,8,1708923249,0
0x24e79e946dea5482212c38aab2d0782f04cdb0e0,ethereum,test,1709148263,16948,8,1708505973,0
0xa791dbc054ece11bf241ecb8602a4dd9bfe7710c,ethereum,test,1709148683,16951,8,1701569759,0
0x6b66ccd1340c479b07b390d326eadcbb84e726ba,ethereum,test,1709148707,16951,8,1709116227,0
0x4d953cf077c0c95ba090226e59a18fcf97db44ec,ethereum,test,1709148803,16951,8,1708763134,0
0xa2847348b58ced0ca58d23c7e9106a49f1427df6,ethereum,test,1709148959,16951,8,1708328630,0
0x5cb3ce6d081fb00d5f6677d196f2d70010ea3f4a,ethereum,test,1709149115,16951,8,1708210050,0
0x7cfea0dd176651e7b5a1ced9c4faf8ee295315fd,ethereum,test,1709149391,16953,8,1708667907,0
0xc54ff26fd5564ff46b14d9825a2259a0d53bf7d9,ethereum,test,1709149439,16953,8,1708229918,0
0x93581991f68dbae1ea105233b67f7fa0d6bdee7b,ethereum,test,1709149463,16953,8,1708849890,0
0x4e51a6b3cc6d5ae69a0d44db9de846aeb5a582dd,ethereum,test,1709149667,16954,8,1708834882,0
0xde0e9bd25dc63a629f40e1ec7959b57726e94d88,ethereum,test,1709149727,16954,8,1708682053,0
0x5d858bcd53e085920620549214a8b27ce2f04670,ethereum,test,1709149931,16955,8,1708559306,0
0x923b83c26b3809d960ff80332ed00aa46d7ed375,ethereum,test,1709150219,16955,8,1707935884,0
0x383b0b2ce2e1757b5e1d087d8f36013ea595541a,ethereum,test,1709150351,16955,8,1706855056,0
0x804ea14b08dec488e5b0bc408f23eef107fe3717,ethereum,test,1709150375,16955,8,1708763134,0
0x6e1a19f235be7ed8e3369ef73b196c07257494de,ethereum,test,1709150507,16957,8,1709037463,0
0xe0bceef36f3a6efdd5eebfacd591423f8549b9d5,ethereum,test,1709150723,16958,8,1708944758,0
0x2e7b0d4f9b2eaf782ed3d160e3a0a4b1a7930ada,ethereum,test,1709151215,16962,8,1708805820,0
0xb3cc3d7e656893f22d2372b0ae57106f6b155cbe,ethereum,test,1709151503,16964,8,1708930413,0
0xfb5453340c03db5ade474b27e68b6a9c6b2823eb,ethereum,test,1709151503,16964,8,1709100483,0
0x08ad83d779bdf2bbe1ad9cc0f78aa0d24ab97802,ethereum,test,1709151515,16964,8,1708790552,0
0x8f006d1e1d9dc6c98996f50a4c810f17a47fbf19,ethereum,test,1709151695,16964,8,1708705004,0
0xabc430136a4de71c9998242de8c1b4b97d2b9045,ethereum,test,1709151827,16964,8,1709119314,0
0xda957fe4c8e59cc1188a403728fa7db480890600,ethereum,test,1709151863,16964,8,1708269588,0
0x63f7b1b538a78cb699e5399621b3d2e047c40de4,ethereum,test,1709152043,16964,8,1709086075,0
0xc9c32cd16bf7efb85ff14e0c8603cc90f6f2ee49,ethereum,test,1709152319,16965,8,1708979964,0
0x3486b751a36f731a1bebff779374bad635864919,ethereum,test,1709152343,16965,8,1708561202,0
0x7c974104df9dd7fb91205ab3d66d15aff1049de8,ethereum,test,1709152655,16966,8,1708900773,0
0xff0a024b66739357c4ed231fb3dbc0c8c22749f5,ethereum,test,1709152679,16966,8,1708899209,0
0x6a26ee7755d939b96cdcd8a0370630d48902fd7c,ethereum,test,1709152811,16966,8,1708761545,0
0x661ecf29b533e7d09f67f597af77eeaf3cc6b1e7,ethereum,test,1709152835,16966,8,1707189113,0
0xc4f6e93aeddc11dc22268488465babcaf09399ac,ethereum,test,1709153315,16969,8,1708027951,0
0xf91e605af079384cc7077b3914a4a36019a89ee8,ethereum,test,1709153315,16969,8,1708854913,0
0x3d5d3dcd01469ef8c6bc9c45665835814635c725,ethereum,test,1709153327,16969,8,1707660020,0
0x4f640f2529ee0cf119a2881485845fa8e61a782a,ethereum,test,1709153399,16969,8,1708949540,0
0x0501b9188436e35bb10f35998c40adc079003866,ethereum,test,1709153627,16970,8,1702505791,0
0x1f1c8b8caa6d207c68f1bbf26b8f38ac83fab086,ethereum,test,1709153927,16971,8,1706068559,0
0x752efadc0a7e05ad1bcccda22c141d01a75ef1e4,ethereum,test,1709153999,16971,8,1708238467,0
0xb0dfd28d3cf7a5897c694904ace292539242f858,ethereum,test,1709154047,16971,8,1706157935,0
0x9b4a69de6ca0defdd02c0c4ce6cb84de5202944e,ethereum,test,1709154191,16971,8,1707189137,0
0xcafe34bae6f1b23a6b575303edcc0578d2188131,ethereum,test,1709154191,16971,8,1708662782,0
0x72555cbafc1667bbcc3ffb207ca66200943d4b6d,ethereum,test,1709154227,16971,8,1708719260,0
0xefc0ced4b3d536103e76a1c4c74f0385c8f4bdd3,ethereum,test,1709154227,16971,8,1701962845,0
0xe0ad1806fd3e7edf6ff52fdb822432e847411033,ethereum,test,1709154251,16971,8,1709016688,0
0x36f3fd68e7325a35eb768f1aedaae9ea0689d723,ethereum,test,1709154539,16973,8,1708511753,0
0x9e78b8274e1d6a76a0dbbf90418894df27cbceb5,ethereum,test,1709154659,16973,8,1708980520,0
0x17c090f9a17e4e5a8ceb23bbe7e7e28e3c4ca196,ethereum,test,1709154791,16973,8,1708938127,0
0x486a72811ae65c4c814ba929d6da35497d21296f,ethereum,test,1709154851,16973,8,1709134511,0
0xf3115b544c287380d34a19280dcfd029eeada9c8,ethereum,test,1709155499,16975,8,1708949598,0
0x16b3e050e9e2f0ac4f1bea1b3e4fdc43d7f062dd,ethereum,test,1709155523,16975,8,1707847973,0
0x6e99277f5349614ae653b8ac9c5e2f105943e8d9,ethereum,test,1709155631,16975,8,1708860487,0
0xeb83006b0aaddd15ad8afbebe2f4e0937f210673,ethereum,test,1709155631,16975,8,1709149211,0
0xc6bdb96e29c38dc43f014eed44de4106a6a8eb5f,ethereum,test,1709155871,16977,8,1708944758,0
0xc7b4c17861357b8abb91f25581e7263e08dcb59c,ethereum,test,1709155979,16977,8,1709073898,0
0x957891c11616d3e0b0a76a76fb42724c382e0ef3,ethereum,test,1709156171,16979,8,1708283063,0
0xf107ecf44ef6263ffc77963166be6529fcc16af4,ethereum,test,1709156291,16979,8,1708768067,0
0x19ebaa7f212b09de2aee2a32d40338553c70e2e3,ethereum,test,1709156831,16981,8,1703997047,0
0xbe1a001fe942f96eea22ba08783140b9dcc09d28,ethereum,test,1709156963,16981,8,1708572153,0
0x40cc9ae258ac25119a602f4a2075240d3b60a995,ethereum,test,1709156987,16981,8,1700149055,0
0x7e291890b01e5181f7ecc98d79ffbe12ad23df9e,ethereum,test,1709157227,16981,8,1704804707,0
0x1e8e29ca51363d923725ab9dac73bd7e9c440f71,ethereum,test,1709157575,16982,8,1708891256,0
0x5bc25f649fc4e26069ddf4cf4010f9f706c23831,ethereum,test,1709158259,16983,8,1709150856,0
0x9393fdc77090f31c7db989390d43f454b1a6e7f3,ethereum,test,1709158595,16984,8,1709104755,0
0xb0f92f94d02a4d634fd394c1889fe3cab1fcffc7,ethereum,test,1709158763,16984,8,1708891323,0
0x4da34f8264cb33a5c9f17081b9ef5ff6091116f4,ethereum,test,1709158943,16984,8,1709151248,0
0xd7b7d3c0bda57723fb54ab95fd8f9ea033af37f2,ethereum,test,1709159123,16984,8,1708931085,0
0x29ef81cc8737f19449d501396d4968d138140675,ethereum,test,1709159243,16984,8,1708587719,0
0x6a6bfdd2174ade27258fe96b9afae3758dec14f2,ethereum,test,1709159303,16985,8,1708684306,0
0x65167e381388bc803aa2f22cd99d093068e98007,ethereum,test,1709159483,16985,8,1703854635,0
0x2d9e5de7d36f3830c010a28b29b3bdf5ca73198e,ethereum,test,1709159735,16986,8,1708849890,0
0xd3b9a9e5ee4aab3963c95dd715882def4f22b449,ethereum,test,1709160095,16988,8,1708684306,0
0x33b4fe5e40e4903a0849ca97b3292eac3eb0aa36,ethereum,test,1709160419,16988,8,1707248844,0
0xa2791bdf2d5055cda4d46ec17f9f429568275047,ethereum,test,1709160815,16988,8,1709087565,0
0x9681ee0d91e737c3b60aceba7fbdae61b5462f42,ethereum,test,1709160899,16988,8,1708098901,0
0x7163436b8efffb469f6bb81cc908b1661d4795e6,ethereum,test,1709161295,16989,8,1708590671,0
0x7758896b6ac966bbabcf143efa963030f17d3edf,ethereum,test,1709161403,16990,8,1708941482,0
0xcbc72d92b2dc8187414f6734718563898740c0bc,ethereum,test,1709161403,16990,8,1708717927,0
0x469eda64aed3a3ad6f868c44564291aa415cb1d9,ethereum,test,1709161451,16990,8,1709111985,0
0x831091da075665168e01898c6dac004a867f1e1b,ethereum,test,1709161523,16990,8,1707860000,0
0x69681f8fde45345c3870bcd5eaf4a05a60e7d227,ethereum,test,1709161559,16990,8,1709018968,0
0x97fe22e7341a0cd8db6f6c021a24dc8f4dad855f,ethereum,test,1709161559,16990,8,1708711306,0
0xb8366948b4a3f07bcbf14eb1739daa42a26b07c4,ethereum,test,1709161559,16990,8,1704360563,0
0xc98a910ede52e7d5308525845f19e17470dbccf7,ethereum,test,1709161559,16990,8,1708958916,0
0x9c78ee466d6cb57a4d01fd887d2b5dfb2d46288f,ethereum,test,1709161583,16990,8,1709136126,0
0x2bf9671f00643afc813a6623074e0ddf6db4fc2b,ethereum,test,1709161931,16990,8,1708775265,0
0x6ef3d766dfe02dc4bf04aae9122eb9a0ded25615,ethereum,test,1709161943,16990,8,1708509530,0
0xf05897cfe3ce9bbbfe0751cbe6b1b2c686848dcb,ethereum,test,1709161943,16990,8,1708772431,0
0x06a00715e6f92210af9d7680b584931faf71a833,ethereum,test,1709162231,16990,8,1708905175,0
0x88303fed02b31db9c7a9eafb711da9ef4a03e5d3,ethereum,test,1709162951,16991,8,1708902188,0
0x7b6f71c8b123b38aa8099e0098bec7fbc35b8a13,ethereum,test,1709163035,16991,8,1708570227,0
0x0e192d382a36de7011f795acc4391cd302003606,ethereum,test,1709163107,16991,8,1709073898,0
0xbbbbbbb5aa847a2003fbc6b5c16df0bd1e725f61,ethereum,test,1709163215,16992,8,1709073898,0
0x4159862bcf6b4393a80550b1ed03dffa6f90533c,ethereum,test,1709163395,16993,8,1708702928,0
0x1e31b601488e97bc247c57af7b6aa336edbc5477,ethereum,test,1709163539,16994,8,1708940768,0
0xc10b6f220b38271bbd6e6f1659652b4f6acf2c20,ethereum,test,1709163647,16994,8,1708665079,0
0x93e32efafd24973d45f363a76d73ccb9edf59986,ethereum,test,1709163911,16994,8,1707977941,0
0xb1f1f47061a7be15c69f378cb3f69423bd58f2f8,ethereum,test,1709164271,16995,8,1708188613,0
0xf2a301e433a7cdf99b658c679b3f9a7809aa5612,ethereum,test,1709164391,16995,8,1695366095,0
0x31fdd1c6607f47c14a2821f599211c67ac20fa96,ethereum,test,1709164559,16996,8,1706380367,0
0x3e828ac5c480069d4765654fb4b8733b910b13b2,ethereum,test,1709164619,16996,8,1709016251,0
0xbbd900e05b4af2124390d206f70bc4e583b1be85,ethereum,test,1709164727,16997,8,1709097364,0
0xcf4f5849dc6e2598574c212b93bfedd001573b0a,ethereum,test,1709164763,16997,8,1704724379,0
0x3dbb00c9be5a327e25caf4f650844c5dba81e34b,ethereum,test,1709164835,16997,8,1707697670,0
0x3a859b9ea4998d344547283c7ce8ebc4abb77656,ethereum,test,1709164859,16997,8,1708821432,0
0x0335a7610d817aeca1bebbefbd392ecc2ed587b8,ethereum,test,1709164895,16998,8,1708003970,0
0x063fa24de351f0de04bb665ee2aa2f2cf7eddbba,ethereum,test,1709165099,16999,8,1706300867,0
0x28bf43bf96cfa27724cbed59aa77c06106cfdc45,ethereum,test,1709165099,16999,8,1700878715,0
0x2dc0b7bf8150b104d75215194556da9db6e4d258,ethereum,test,1709165099,16999,8,1705790171,0
0xbb7e7a029981fddfb796aaf2ef65a4c1f428e5c6,ethereum,test,1709165099,16999,8,1701781091,0
0xd1e2d5085b39b80c9948aeb1b9aa83af6756bcc5,ethereum,test,1709165387,16999,8,1707956965,0
0x9b00e6e8d787b13756eb919786c9745054db64f9,ethereum,test,1709165603,16999,8,1709146379,0
0x39795344cbcc76cc3fb94b9d1b15c23c2070c66d,ethereum,test,1709165627,16999,8,1708942615,0
0x000000000000d0151e748d25b766e77efe2a6c83,ethereum,test,1709165807,16999,8,1708643383,0
0xca75c43f8c9afd356c585ce7aa4490b48a95c466,ethereum,test,1709166155,16999,8,1708900559,0
0xeb3198ee48ee7064c287b00d8ea41262574455b1,ethereum,test,1709166191,16999,8,1698418487,0
0xcadc0acd4b445166f12d2c07eac6e2544fbe2eef,ethereum,test,1709166251,17000,8,1708511753,0
0x7025bab2ec90410de37f488d1298204cd4d6b29d,ethereum,test,1709166275,17000,8,1705084774,0
0xa150db9b1fa65b44799d4dd949d922c0a33ee606,ethereum,test,1709166671,17001,8,1708234929,0
0x9ba021b0a9b958b5e75ce9f6dff97c7ee52cb3e6,ethereum,test,1709166731,17001,8,1708923352,0
0xd52aae39a2b5cc7812f7b9450ebb61dfef702b15,ethereum,test,1709166839,17001,8,1704727159,0
0xb755506531786c8ac63b756bab1ac387bacb0c04,ethereum,test,1709166935,17001,8,1709072454,0
0xc2bc2320d22d47d1e197e99d4a5dd3261ccf4a68,ethereum,test,1709166959,17001,8,1708908853,0
0x73da6c5f616eb9d8a3b3a4bb920365edef8af4e4,ethereum,test,1709166971,17003,8,1709154489,0
0x2620638eda99f9e7e902ea24a285456ee9438861,ethereum,test,1709167139,17003,8,1709146379,0
0x3f4cd830543db25254ec0f05eac058d4d6e86166,ethereum,test,1709167163,17003,8,1707411794,0
0x57b59f981730c6257df57cf6f0d98283749a9eeb,ethereum,test,1709167391,17004,8,1708710017,0
0x4c05f1e65069a8c0694470720be77e50d2b212d6,ethereum,test,1709167403,17004,8,1707249309,0
0x0e1c5509b503358ea1dac119c1d413e28cc4b303,ethereum,test,1709167511,17004,8,1709163927,0
0x36919a60a2b67b6d2329863093d180d23d5a0308,ethereum,test,1709168171,17005,8,1708398252,0
0xc813ea5e3b48bebeedb796ab42a30c5599b01740,ethereum,test,1709168195,17005,8,1708505973,0
0x27fc3baf0d2b14eabacff6a93890cd47520f20ff,ethereum,test,1709168843,17006,8,1708977288,0
0xd31695a1d35e489252ce57b129fd4b1b05e6acac,ethereum,test,1709168843,17006,8,1708872707,0
0x80c8c3dcfb854f9542567c8dac3f44d709ebc1de,ethereum,test,1709169011,17006,8,1705332565,0
0x1a76bffd6d1fc1660e1d0e0552fde51ddbb120cf,ethereum,test,1709169251,17009,8,1709145439,0
0x6595b8fd9c920c81500dca94e53cdc712513fb1f,ethereum,test,1709169503,17009,8,1708572093,0
0xe5097d9baeafb89f9bcb78c9290d545db5f9e9cb,ethereum,test,1709169647,17009,8,1708719260,0
0x01824357d7d7eaf4677bc17786abd26cbdec9ad7,ethereum,test,1709169683,17009,8,1705758748,0
0x6141bdc53a28ed85631a542956508d3e94b8380a,ethereum,test,1709169755,17010,8,1706556842,0
0x6589fe1271a0f29346796c6baf0cdf619e25e58e,ethereum,test,1709169803,17010,8,1709046391,0
0xc0b68eb52c89e3fffa62d78012ac8b661bfaa323,ethereum,test,1709169863,17010,8,1708162825,0
0xfb19075d77a0f111796fb259819830f4780f1429,ethereum,test,1709170487,17012,8,1708880802,0
0x84342e932797fc62814189f01f0fb05f52519708,ethereum,test,1709170751,17012,8,1708538713,0
0xd0e94bf2466979b81d738c34058d4a6559c4d8be,ethereum,test,1709170967,17013,8,1708107524,0
0x28cca76f6e8ec81e4550ecd761f899110b060e97,ethereum,test,1709171027,17014,8,1708846587,0
0xcb4336d9aa2027f563437b721b34c56a3e7a23f4,ethereum,test,1709171171,17014,8,1708861791,0
0x16594930d16f3970e1a4317c6016555cb2e7b7fc,ethereum,test,1709171183,17014,8,1709156563,0
0x24bcec1afda63e622a97f17cff9a61ffcfd9b735,ethereum,test,1709171915,17014,8,1708547651,0
0x8d3e855f3f55109d473735ab76f753218400fe96,ethereum,test,1709171915,17014,8,1708656525,0
0x14a32f050facf226ec60882398a9bf36d91dbac2,ethereum,test,1709172503,17014,8,1703635355,0
0xbede1f59fa4412556fef69f1b9969f2003e3f8c1,ethereum,test,1709172503,17014,8,1709098386,0
0x343c6de13833bc7d9890eb6b1cd3fbebc730ebec,ethereum,test,1709172599,17014,8,1708425313,0
0xe632ea2ef2cfd8fc4a2731c76f99078aef6a4b31,ethereum,test,1709172755,17014,8,1708937773,0
0x903bef1736cddf2a537176cf3c64579c3867a881,ethereum,test,1709172815,17014,8,1709149211,0
0xbb19da2482308ec02a242aced4fe0f09d06b12a7,ethereum,test,1709172863,17014,8,1708995089,0
0x8861cff2366c1128fd699b68304ad99a0764ef9a,ethereum,test,1709172971,17014,8,1709049611,0
0x7cd167b101d2808cfd2c45d17b2e7ea9f46b74b6,ethereum,test,1709173187,17014,8,1709078978,0
0xd8e3fb3b08eba982f2754988d70d57edc0055ae6,ethereum,test,1709173295,17014,8,1708863702,0
0x9f9913853f749b3fe6d6d4e16a1cc3c1656b6d51,ethereum,test,1709173427,17014,8,1708958683,0
0x24a6a37576377f63f194caa5f518a60f45b42921,ethereum,test,1709173511,17015,8,1709055970,0
0x64a77277e37d44957fe5815d6ff442ab8b16cc29,ethereum,test,1709173583,17015,8,1708929915,0
0x4049295fb42de67ccf028a2570b05564cb8cb785,ethereum,test,1709173811,17015,8,1709049743,0
0x2ee543b8866f46cc3dc93224c6742a8911a59750,ethereum,test,1709173955,17015,8,1708768067,0
0xc07a150ecadf2cc352f5586396e344a6b17625eb,ethereum,test,1709174183,17015,8,1703328923,0
0xe516d78d784c77d479977be58905b3f2b1111126,ethereum,test,1709174219,17015,8,1709150788,0
0x7dbbcae15d4db168e01673400d7844870cc1e36f,ethereum,test,1709174471,17015,8,1708019875,0
0xe2ba8693ce7474900a045757fe0efca900f6530b,ethereum,test,1709174543,17015,8,1708558798,0
0x32d222e1f6386b3df7065d639870be0ef76d3599,ethereum,test,1709174615,17016,8,1708738369,0
0x8a6d4c8735371ebaf8874fbd518b56edd66024eb,ethereum,test,1709174651,17016,8,1709158154,0
0xde60adfddaabaaac3dafa57b26acc91cb63728c4,ethereum,test,1709174903,17016,8,1708540314,0
0x5c0a86a32c129538d62c106eb8115a8b02358d57,ethereum,test,1709175023,17016,8,1705436987,0
0x47e78b0a563eb907331915793756899d492f2b41,ethereum,test,1709175191,17016,8,1706989325,0
0xd16fd95d949f996e3808eeea0e3881c59e76ef1e,ethereum,test,1709175347,17017,8,1707284097,0
0xe1ec350ea16d1ddaff57f31387b2d9708eb7ce28,ethereum,test,1709175479,17017,8,1708575751,0
0x469084939d1c20fae3c73704fe963941c51be863,ethereum,test,1709175503,17017,8,1706847816,0
0x47dac6bd80f024575a6d367af5ba8e89202a09fc,ethereum,test,1709175551,17017,8,1708328630,0
0x8530b66ca3ddf50e0447eae8ad7ea7d5e62762ed,ethereum,test,1709175839,17018,8,1709141170,0
0x9b6b9d2468e165a02fef69e61b6d3d6cbc0ac409,ethereum,test,1709176211,17019,8,1661684534,0
0x820802fa8a99901f52e39acd21177b0be6ee2974,ethereum,test,1709176319,17019,8,1708125389,0
0xa420dd089a33d3751e8750f0b3554c72761dc83e,ethereum,test,1709176499,17019,8,1708852502,0
0x19d4beb2bc410b80084fcbd0ac024326f4d3a370,ethereum,test,1709176667,17019,8,1706386799,0
0x4dfae3690b93c47470b03036a17b23c1be05127c,ethereum,test,1709176871,17019,8,1709116227,0
0x5a35a6686db167b05e2eb74e1ede9fb5d9cdb3e0,ethereum,test,1709177063,17019,8,1708716347,0
0xcb56b52316041a62b6b5d0583dce4a8ae7a3c629,ethereum,test,1709177063,17019,8,1706577536,0
0x8e0fe2947752be0d5acf73aae77362daf79cb379,ethereum,test,1709177087,17019,8,1708451660,0
0x18a3563c21062897950bb09339c82b9686a35667,ethereum,test,1709177135,17019,8,1708800083,0
0x665f77fba5975ab40ce61c90f28007fb5b09d7b1,ethereum,test,1709177183,17019,8,1708839680,0
0x98c36c0e953463bd5146c8783ce081ce1d187acf,ethereum,test,1709177279,17019,8,1709145439,0
0xb76cf92076adbf1d9c39294fa8e7a67579fde357,ethereum,test,1709177471,17019,8,1709109685,0
0x8d85b9553896bd8159e608cb958628e01ed10916,ethereum,test,1709177483,17019,8,1708022343,0
0xe785ec36356b973d8c0a071d478940d6f42c0178,ethereum,test,1709177567,17019,8,1708487413,0
0x56de8bc61346321d4f2211e3ac3c0a7f00db9b76,ethereum,test,1709177591,17019,8,1708668513,0
0x722f97a435278b7383a1e3c47f41773bebf3232c,ethereum,test,1709177627,17019,8,1708905175,0
0x6e109e9dd7fa1a58bc3eff667e8e41fc3cc07aef,ethereum,test,1709177663,17019,8,1708380527,0
0x4dae20c6df4ef1a8f9b99637daf9626153fb77d2,ethereum,test,1709177867,17020,8,1708900313,0
0xc8c97d9b0af219c2329a0179f6ab8c7a55b39fc1,ethereum,test,1709177867,17020,8,1702737635,0
0x4d2ee5dae46c86da2ff521f7657dad98834f97b8,ethereum,test,1709177903,17020,8,1709148133,0
0xd96e84ddbc7cbe1d73c55b6fe8c64f3a6550deea,ethereum,test,1709178239,17020,8,1705827443,0
0xfd30c9bea1a952feeed2ef2c6b2ff8a8fc4aad07,ethereum,test,1709178347,17020,8,1709169690,0
0x925f2c11b99c1a4c46606898ee91ed3d450cfeda,ethereum,test,1709178419,17020,8,1708539924,0
0x20a8cec5fffea65be7122bcab2ffe32ed4ebf03a,ethereum,test,1709178455,17020,8,1708580856,0
0xbace7e22f06554339911a03b8e0ae28203da9598,ethereum,test,1709178587,17020,8,1703783315,0
0xa12ca1b75ad1c73ca610d9788d4d7dcb5caee012,ethereum,test,1709178611,17020,8,1706234531,0
0xeabb8996ea1662cad2f7fb715127852cd3262ae9,ethereum,test,1709178695,17020,8,1708538154,0
0xaca55d5a5f58e29bd1e00e4b1bdeda62d2ecf33f,ethereum,test,1709178815,17020,8,1708816740,0
0x6923f9b683111dcc0e20124e9a031deeae5dad93,ethereum,test,1709179043,17020,8,1708627512,0
0x8eecaad83a1ea77bd88a818d4628fafc4cad7969,ethereum,test,1709179127,17020,8,1708188397,0
0x671a912c10bba0cfa74cfc2d6fba9ba1ed9530b2,ethereum,test,1709179283,17020,8,1709128584,0
0xc8168d5665f4418353728ac970713e09c0b7c20e,ethereum,test,1709179415,17020,8,1708483737,0
0xad13ed877ae40e7036c0e02ee9d7b8681c0ba95f,ethereum,test,1709179523,17020,8,1707238942,0
0x29ceddcf0da3c1d8068a7dfbd0fb06c2e438ff70,ethereum,test,1709179883,17020,8,1707509734,0
0x37dba54fdc402aff647ce06c66972f5d662c326d,ethereum,test,1709180003,17020,8,1708818573,0
0xaceb230c0b87fd5d139f97a8259887476a950518,ethereum,test,1709180039,17020,8,1705515059,0
0x83869de76b9ad8125e22b857f519f001588c0f62,ethereum,test,1709180363,17020,8,1709000533,0
0x2a6ae93c75d762646ea641cd5b955fb09dc59a77,ethereum,test,1709180627,17020,8,1709153831,0
0x42b91f1d05afea671a2da3c780eda2abf0a2a366,ethereum,test,1709180843,17020,8,1708824128,0
0xee772cec929d8430b4fa7a01cd7fbd159a68aa83,ethereum,test,1709180891,17020,8,1708946393,0
0x8bbe1a2961b41340468d0548c2cd5b7dfa9b684c,ethereum,test,1709181011,17020,8,1705480780,0
0x2c022e58c5e3ee213f06f975fd8a0d3a6fe9ca1c,ethereum,test,1709181299,17020,8,1708592417,0
0x7b39917f9562c8bc83c7a6c2950ff571375d505d,ethereum,test,1709181407,17020,8,1708516669,0
0x25b24b3c47918b7962b3e49c4f468367f73cc0e0,ethereum,test,1709181491,17020,8,1708862500,0
0xf91ac30e9b517f6d57e99446ee44894e6c22c032,ethereum,test,1709181515,17020,8,1708945742,0
0x9de7f7a6c0b00902983c6f0658e157a8a684cfd5,ethereum,test,1709181731,17020,8,1684963145,0
0xd9dcd611bed2be9a4700c725a3810870b9bff094,ethereum,test,1709181875,17020,8,1708447980,0
0x012ba3ae1074ae43a34a14bca5c4ed0af01b6e53,ethereum,test,1709181971,17020,8,1708832539,0
0xb870679a7fa65b924026f496de7f27c1dd0e5c5f,ethereum,test,1709182091,17020,8,1709146959,0
0xd69f306549e9d96f183b1aeca30b8f4353c2ecc3,ethereum,test,1709182091,17020,8,1700573435,0
0x95da1e3eecae3771acb05c145a131dca45c67fd4,ethereum,test,1709182583,17020,8,1708663954,0
0x4501a82790ef2587dfeb93dc038541228e516597,ethereum,test,1709182643,17020,8,1705436987,0
0x9863bcc2fb23dfdf5fe275aa4c5575a32a580911,ethereum,test,1709182703,17020,8,1709148133,0
0xd3c625f54dec647db8780dbbe0e880ef21ba4329,ethereum,test,1709182703,17020,8,1707290814,0
0x7616113782aadab041d7b10d474f8a0c04eff258,ethereum,test,1709182811,17020,8,1701827039,0
0xdf96bde075d59e9143b325c75af38e208c986e6f,ethereum,test,1709182811,17020,8,1708548224,0
0xaa99199d1e9644b588796f3215089878440d58e0,ethereum,test,1709182991,17020,8,1708888835,0
0x3d3af44cf092a49280e316f09c8f20ecf97bc933,ethereum,test,1709183159,17020,8,1700651039,0
0x27ad8e47c48063b209fa5ca14c8c46ece49b82d2,ethereum,test,1709183243,17020,8,1709100483,0
0x72630b1e3b42874bf335020ba0249e3e9e47bafc,ethereum,test,1709183267,17020,8,1708493632,0
0xe20b9e246db5a0d21bf9209e4858bc9a3ff7a034,ethereum,test,1709183291,17020,8,1709037463,0
0x8365332d4baf69bc24ca2401b90c3853ab9f818e,ethereum,test,1709183363,17020,8,1708941597,0
0xd075e95423c5c4ba1e122cae0f4cdfa19b82881b,ethereum,test,1709183747,17020,8,1708134221,0
0x2217e5921b7edfb4bb193a6228459974010d2198,ethereum,test,1709183795,17020,8,1707464170,0
0x9c2dc0c3cc2badde84b0025cf4df1c5af288d835,ethereum,test,1709183879,17020,8,1705706231,0
0x3e5d9d8a63cc8a88748f229999cf59487e90721e,ethereum,test,1709183891,17020,8,1708724049,0
0x9bd2177027edee300dc9f1fb88f24db6e5e1edc6,ethereum,test,1709184119,17020,8,1709169690,0
0x0c3ef32f802967db75b9d49fe1e76620151ccb81,ethereum,test,1709184335,17020,8,1705427363,0
0xb13b85363a25c7361877eebaecced99e353f2af9,ethereum,test,1709184431,17020,8,1709163501,0
0xa4bbe66f151b22b167127c770016b15ff97dd35c,ethereum,test,1709184443,17020,8,1706984146,0
0xb56a1f3310578f23120182fb2e58c087efe6e147,ethereum,test,1709184959,17020,8,1705961692,0
0x6422542365d8c2a22ce32c1c21d1aa14e861ff7d,ethereum,test,1709185091,17020,8,1708939675,0
0x9a44fd41566876a39655f74971a3a6ea0a17a454,ethereum,test,1709185223,17020,8,1708547651,0
0xb045f7f363fe4949954811b113bd56d208c67b23,ethereum,test,1709185223,17020,8,1709073099,0
0x08037036451c768465369431da5c671ad9b37dbc,ethereum,test,1709185367,17020,8,1705433327,0
0x49849c98ae39fff122806c06791fa73784fb3675,ethereum,test,1709185691,17020,8,1708982678,0
0x67b66c99d3eb37fa76aa3ed1ff33e8e39f0b9c7a,ethereum,test,1709185919,17020,8,1706246630,0
0x4164e5b047842ad7dff18fc6a6e63a1e40610f46,ethereum,test,1709186027,17020,8,1708774374,0
0xd71ecff9342a5ced620049e616c5035f1db98620,ethereum,test,1709186111,17020,8,1709174582,0
0xdd1b6b259986571a85da82a84f461e1c212591c0,ethereum,test,1709186375,17020,8,1707780210,0
0xf063fe1ab7a291c5d06a86e14730b00bf24cb589,ethereum,test,1709186375,17020,8,1708931085,0
0x7a8adcf432ebcc2311b955d176ee4bfed13bb9a7,ethereum,test,1709186411,17020,8,1706117243,0
0x674c964ac0e89d847d6b0abd144b797bf78ba56b,ethereum,test,1709186495,17020,8,1707564983,0
0xd5930c307d7395ff807f2921f12c5eb82131a789,ethereum,test,1709186723,17020,8,1707952200,0
0x0a6c7d5b442ddf53d963581d87932f25743dd3a0,ethereum,test,1709186855,17020,8,1703580900,0
0x586a7cfe21e55ec0e24f0bfb118f77fe4ca87bab,ethereum,test,1709187023,17020,8,1708929915,0
0xc7d9c108d4e1dd1484d3e2568d7f74bfd763d356,ethereum,test,1709187083,17020,8,1709116841,0
0xedb0414627e6f1e3f082de65cd4f9c693d78cca9,ethereum,test,1709187191,17020,8,1708838463,0
0x9559aaa82d9649c7a7b220e7c461d2e74c9a3593,ethereum,test,1709187239,17020,8,1708378442,0
0x9657477ac915f56ca87c253db1320218ec2d5ddd,ethereum,test,1709187455,17020,8,1708572093,0
0x34612903db071e888a4dadcaa416d3ee263a87b9,ethereum,test,1709187551,17020,8,1709055970,0
0x76bc677d444f1e9d57daf5187ee2b7dc852745ae,ethereum,test,1709187695,17020,8,1708849477,0
0xaba0cb70358d404be982513e4856acf7020205e8,ethereum,test,1709187767,17020,8,1708775490,0
0xfdb867e3b2c9482e7467f53f3958339fc0902a77,ethereum,test,1709187815,17020,8,1708890739,0
0xc1fa06e8596c3fa98ccd2113c38b6b60b6efa00d,ethereum,test,1709187851,17020,8,1708929915,0
0xdac657ffd44a3b9d8aba8749830bf14beb66ff2d,ethereum,test,1709187935,17020,8,1708946393,0
0x04bc0ab673d88ae9dbc9da2380cb6b79c4bca9ae,ethereum,test,1709187983,17020,8,1709167308,0
0xf5aed4f6a1ad00f39dd21febb6f400ea020030c2,ethereum,test,1709188019,17020,8,1708089935,0
0xbee9cf658702527b0acb2719c1faa29edc006a92,ethereum,test,1709188103,17020,8,1708504476,0
0xe83ce6bfb580583bd6a62b4be7b34fc25f02910d,ethereum,test,1709188235,17020,8,1708535305,0
0x6e0dade58d2d89ebbe7afc384e3e4f15b70b14d8,ethereum,test,1709188283,17020,8,1704423546,0
0x843c9af34f698618f90c898e3967278a260c8d9a,ethereum,test,1709188295,17020,8,1703783315,0
0xc2cb1040220768554cf699b0d863a3cd4324ce32,ethereum,test,1709188391,17020,8,1709167308,0
0x887168120cb89fb06f3e74dc4af20d67df0977f6,ethereum,test,1709188655,17020,8,1708955371,0
0xa6fb1df483b24eeab569e19447e0e107003b9e15,ethereum,test,1709188715,17020,8,1702218470,0
0x06d6f0dd6703a1cfe16025dcc55f36f017887627,ethereum,test,1709188727,17020,8,1709156007,0
0x1571ed0bed4d987fe2b498ddbae7dfa19519f651,ethereum,test,1709188799,17020,8,1709128584,0
0xd8e2d95c8614f28169757cd6445a71c291dec5bf,ethereum,test,1709188859,17020,8,1708505973,0
0xea7aa1edd21735a5ab05ee3e90869016191e274e,ethereum,test,1709188895,17020,8,1705014347,0
0x182f4c4c97cd1c24e1df8fc4c053e5c47bf53bef,ethereum,test,1709188907,17020,8,1708848329,0
0x8dcc22dcc33fa7fab495596f3310dc1b0fc78583,ethereum,test,1709188907,17020,8,1707599458,0
0x4e241a9ec66832a16bceaeb9156e524487f061d7,ethereum,test,1709189183,17020,8,1708940782,0
0xd82fd4d6d62f89a1e50b1db69ad19932314aa408,ethereum,test,1709189243,17020,8,1705810379,0
0xe07f9d810a48ab5c3c914ba3ca53af14e4491e8a,ethereum,test,1709189243,17020,8,1709072454,0
0xbd1848e1491d4308ad18287a745dd4db2a4bd55b,ethereum,test,1709189279,17020,8,1709128584,0
0x41a1ef3d81d091465f22e8ed2a7e06d59a8532b7,ethereum,test,1709189387,17020,8,1707356604,0
0xea3983fc6d0fbbc41fb6f6091f68f3e08894dc06,ethereum,test,1709189519,17020,8,1709097364,0
0x8dbf9a4c99580fc7fd4024ee08f3994420035727,ethereum,test,1709189567,17020,8,1704176399,0
0x871407d1630ce22a831bb74f0c94aee2e6af7ddf,ethereum,test,1709189663,17020,8,1704804707,0
0xaa602de53347579f86b996d2add74bb6f79462b2,ethereum,test,1709189663,17020,8,1709050930,0
0x8052327f1baf94a9dc8b26b9100f211ee3774f54,ethereum,test,1709189747,17020,8,1708942615,0
0xd1ba9bac957322d6e8c07a160a3a8da11a0d2867,ethereum,test,1709189831,17020,8,1703098883,0
0x6e8908cfa881c9f6f2c64d3436e7b80b1bf0093f,ethereum,test,1709190059,17020,8,1708561202,0
0x66861d5f0fbfb7b2711712fef2172c560d08d0ab,ethereum,test,1709190155,17020,8,1708845732,0
0xd2c869382c7ac9f87ff73548d029d67c0f9dee31,ethereum,test,1709190191,17020,8,1708772602,0
0x431d5dff03120afa4bdf332c61a6e1766ef37bdb,ethereum,test,1709190479,17020,8,1708934772,0
0x52f4d5ee6c91e01be67ca1f64b11ed0ee370817d,ethereum,test,1709190503,17020,8,1708590671,0
0xedaa2fa0fd153b78efde805b0a46225bb95e3ca1,ethereum,test,1709190503,17020,8,1708941482,0
0x5e7f20e72c21f6d0bf0a2814fd4164176401cf8e,ethereum,test,1709190575,17020,8,1708959303,0
0x198d14f2ad9ce69e76ea330b374de4957c3f850a,ethereum,test,1709190611,17020,8,1709116227,0
0xaa4e3edb11afa93c41db59842b29de64b72e355b,ethereum,test,1709190731,17020,8,1708601236,0
0x82f13ab56cc0d1b727e8253a943f0de75b048b0b,ethereum,test,1709190743,17020,8,1707034017,0
0xe8a3bf796ca5a13283ec6b1c5b645b91d7cfef5d,ethereum,test,1709190743,17020,8,1707787367,0
0xdf4ef6ee483953fe3b84abd08c6a060445c01170,ethereum,test,1709190851,17020,8,1709112693,0
0xdbecdd726f6ad8e24afc78fe3cc8eb7b73c2d94d,ethereum,test,1709190959,17020,8,1708766165,0
0x5582a479f0c403e207d2578963ccef5d03ba636f,ethereum,test,1709191127,17020,8,1707780210,0
0xae4533189c7281501f04ba4b7c37e3aded402902,ethereum,test,1709191139,17020,8,1708938127,0
0x6069c9223e8a5da1ec49ac5525d4bb757af72cd8,ethereum,test,1709191151,17020,8,1708013354,0
0x3541a5c1b04adaba0b83f161747815cd7b1516bc,ethereum,test,1709191427,17020,8,1708006958,0
0xa338b5a4bbd8053994bb6c55d770fc2447d66b88,ethereum,test,1709191451,17020,8,1707544542,0
0x0bee7f54cb968edddad325c47740a845e4aa1cc2,ethereum,test,1709191487,17020,8,1706015469,0
0xd81b71cbb89b2800cdb000aa277dc1491dc923c3,ethereum,test,1709191631,17020,8,1707995078,0
0xfbbe9b1142c699512545f47937ee6fae0e4b0aa9,ethereum,test,1709191643,17020,8,1708790552,0
0xa5b947687163fe88c3e6af5b17ae69896f4abccf,ethereum,test,1709191715,17020,8,1709000533,0
0x20a62aca58526836165ca53fe67dd884288c8abf,ethereum,test,1709191811,17020,8,1708946393,0
0x7c9f4c87d911613fe9ca58b579f737911aad2d43,ethereum,test,1709192099,17020,8,1709136126,0
0x0c90c57aaf95a3a87eadda6ec3974c99d786511f,ethereum,test,1709192291,17020,8,1708013996,0
0xbe9f61555f50dd6167f2772e9cf7519790d96624,ethereum,test,1709192591,17020,8,1708578366,0
0xb14ebf566511b9e6002bb286016ab2497b9b9c9d,ethereum,test,1709192747,17020,8,1708930275,0
0xdb298285fe4c5410b05390ca80e8fbe9de1f259b,ethereum,test,1709192843,17020,8,1708674868,0
0x2596825a84888e8f24b747df29e11b5dd03c81d7,ethereum,test,1709192999,17020,8,1708572093,0
0xb1d5a03d2ff72f7f226372c4b2fa7b50cd9d7910,ethereum,test,1709193047,17020,8,1709019364,0
0xe85eb7333b9d77d6e60811cb87a58ed66243771e,ethereum,test,1709193143,17020,8,1708265938,0
0xcba78d126f0b1feda0c538bcaf4c852a7a171099,ethereum,test,1709193311,17020,8,1708538713,0
0xbbfdc476c8178f628512042dd9453e15395d3208,ethereum,test,1709193467,17020,8,1697532719,0
0x0eb3f11ed8ca69813744868d02d83d4fbf72841e,ethereum,test,1709193563,17020,8,1708830813,0
0x887bdd18d042a85b9c702698efe71e1c38d5c868,ethereum,test,1709193563,17020,8,1706323789,0
0x5d929aa919e489505ccaad8a199619c6dca0c2de,ethereum,test,1709193779,17020,8,1709009945,0
0xe020b01b6fbd83066aa2e8ee0ccd1eb8d9cc70bf,ethereum,test,1709193779,17020,8,1708716347,0
0x925206b8a707096ed26ae47c84747fe0bb734f59,ethereum,test,1709193935,17020,8,1707599458,0
0xbd8fdda057de7e0162b7a386bec253844b5e07a5,ethereum,test,1709193947,17020,8,1699898000,0
0x4b19c70da4c6fa4baa0660825e889d2f7eabc279,ethereum,test,1709194091,17020,8,1709073898,0
0xb012be90957d70d9a070918027655f998c123a88,ethereum,test,1709194103,17020,8,1709155659,0
0xd123575d94a7ad9bff3ad037ae9d4d52f41a7518,ethereum,test,1709194175,17020,8,1702157267,0
0x6b8425cbebaad330dfaa7a8400a38dffc4aaddaf,ethereum,test,1709194379,17020,8,1707402986,0
0x677fe4bd9ee5a3e36d3662505977cc387cee7b1a,ethereum,test,1709194427,17020,8,1708919030,0
0xd7c9f0e536dc865ae858b0c0453fe76d13c3beac,ethereum,test,1709194439,17020,8,1709087565,0
0x4bc3263eb5bb2ef7ad9ab6fb68be80e43b43801f,ethereum,test,1709194811,17020,8,1698660191,0
0xbf46b218fa7b5c23c686251406a374cdfe508bac,ethereum,test,1709194847,17020,8,1707427411,0
0x2c9023bbc572ff8dc1228c7858a280046ea8c9e5,ethereum,test,1709195231,17020,8,1704974687,0
0xd487892bb4c57edbe7ab401d9fe801c8fe6473f5,ethereum,test,1709195351,17020,8,1709138413,0
0x8e57c27761ebbd381b0f9d09bb92ceb51a358abb,ethereum,test,1709195639,17020,8,1708603863,0
0xdad33e12e61dc2f2692f2c12e6303b5ade7277ba,ethereum,test,1709195687,17020,8,1709016688,0
0x758b4684be769e92eefea93f60dda0181ea303ec,ethereum,test,1709195771,17020,8,1708984491,0
0x7ca4408137eb639570f8e647d9bd7b7e8717514a,ethereum,test,1709195963,17020,8,1709155659,0
0xe8e06a5613dc86d459bc8fb989e173bb8b256072,ethereum,test,1709196275,17020,8,1709073898,0
0xa58a4f5c4bb043d2cc1e170613b74e767c94189b,ethereum,test,1709196311,17020,8,1706157935,0
0xaebbd7b2eb03f84126f6849753b809755d7532f9,ethereum,test,1709196407,17020,8,1704789938,0
0xb87511364014c088e30f872efc4a00d7efb843ac,ethereum,test,1709196479,17020,8,1708879147,0
0xed97f94dd94255637a054098604e0201c442a3fd,ethereum,test,1709196479,17020,8,1708738770,0
0x27460aac4b005de72e2326bd8391c27fb41780f8,ethereum,test,1709196599,17020,8,1708832539,0
0x466c5ad27b9b82dd63e46133ce3ecf782ac80bd6,ethereum,test,1709196659,17020,8,1708811101,0
0xb9d99c33ea2d86ec5ec6b8a4dd816ebba64404af,ethereum,test,1709196863,17020,8,1708580856,0
0x7a5d3a9dcd33cb8d527f7b5f96eb4fef43d55636,ethereum,test,1709196971,17020,8,1708861923,0
0x1bea0050e63e05fbb5d8ba2f10cf5800b6224449,ethereum,test,1709197223,17020,8,1709167308,0
0x1bea3ccd22f4ebd3d37d731ba31eeca95713716d,ethereum,test,1709197223,17020,8,1709167308,0
0x217bed0d3a967d063eb287445a1eccac5c2e09bc,ethereum,test,1709197235,17020,8,1707498605,0
0x721a1b990699ee9d90b6327faad0a3e840ae8335,ethereum,test,1709197271,17020,8,1708949018,0
0xe3bdbac1211df5ac10e2cdb42581ea0b278ad32b,ethereum,test,1709197319,17020,8,1705084271,0
0x419777d3e39aa9b00405724eace5ea57620c9062,ethereum,test,1709197367,17020,8,1707277674,0
0x86b4dbe5d203e634a12364c0e428fa242a3fba98,ethereum,test,1709197547,17020,8,1709112693,0
0xdfc5964141c018485b4d017634660f85aa667714,ethereum,test,1709197655,17020,8,1709147219,0
0x4b6d036d0bc62a633acca6d10956e9dbbb16748f,ethereum,test,1709197919,17020,8,1706248943,0
0x96184d9c811ea0624fc30c80233b1d749b9e485b,ethereum,test,1709198171,17020,8,1708073677,0
0xed6bb4700abd545575f0642bb5ea8e0d3b24e9f3,ethereum,test,1709198171,17020,8,1707681367,0
0x004626a008b1acdc4c74ab51644093b155e59a23,ethereum,test,1709198543,17020,8,1708837327,0
0x013062189dc3dcc99e9cee714c513033b8d99e3c,ethereum,test,1709198579,17020,8,1708548224,0
0x85b6acaba696b9e4247175274f8263f99b4b9180,ethereum,test,1709198759,17020,8,1704658896,0
0x18cc2ba8995c6307e355726244adb023cf00522f,ethereum,test,1709198807,17020,8,1708837478,0
0x5516ac1aaca7bb2fd5b7bdde1549ef1ea242953d,ethereum,test,1709198879,17020,8,1706157323,0
0xedf6568618a00c6f0908bf7758a16f76b6e04af9,ethereum,test,1709198975,17020,8,1708682053,0
0x26ea744e5b887e5205727f55dfbe8685e3b21951,ethereum,test,1709199155,17020,8,1709167308,0
0xe6354ed5bc4b393a5aad09f21c46e101e692d447,ethereum,test,1709199155,17020,8,1709167308,0
0x8e964e35a76103af4c7d7318e1b1a82c682ae296,ethereum,test,1709199419,17020,8,1708946255,0
0xe5acbb03d73267c03349c76ead672ee4d941f499,ethereum,test,1709199479,17020,8,1706804790,0
0x162bb2bb5fb03976a69dd25bb9afce6140db1433,ethereum,test,1709199539,17020,8,1708545476,0
0x7cca2e1c9b0519f52029467914a15e782bf66971,ethereum,test,1709199647,17020,8,1708231263,0
0x9f7fc686cfd64aa5ae15b351d03071e91533094b,ethereum,test,1709199863,17020,8,1707275126,0
0x1f17d72cbe65df609315df5c4f5f729efbd00ade,ethereum,test,1709199923,17020,8,1709148345,0
0x8a458a9dc9048e005d22849f470891b840296619,ethereum,test,1709199923,17020,8,1708547651,0
0xb475332d25d34b59176f5c1d94cb9bc9b5e3954a,ethereum,test,1709199947,17020,8,1705022577,0
0x89fcb32f29e509cc42d0c8b6f058c993013a843f,ethereum,test,1709200331,17020,8,1708911735,0
0x90b831fa3bebf58e9744a14d638e25b4ee06f9bc,ethereum,test,1709200343,17020,8,1708441909,0
0x516c164a879892a156920a215855c3416616c46e,ethereum,test,1709201099,17020,8,1709014547,0
0x5f944b0c4315cb7c3a846b025ab4045da44abf6c,ethereum,test,1709202107,17020,8,1708758384,0
0xd4126f195a8de772eeffa61a4ab6dd43462f4e39,ethereum,test,1709202203,17020,8,1709085872,0
0x246fcdc18bf3781b4c5100b3a6decef8dbcc8a31,ethereum,test,1709202455,17020,8,1708365361,0
0x8287c7b963b405b7b8d467db9d79eec40625b13a,ethereum,test,1709202539,17020,8,1708534815,0
0xf482d79ae6e8725c199213fc909d6bc30df62815,ethereum,test,1709202695,17020,8,1708983202,0
0x7815bda662050d84718b988735218cffd32f75ea,ethereum,test,1709202791,17020,8,1708745412,0
0xfaa361697ea5bf878e734595278e3db7caf94f37,ethereum,test,1709202899,17020,8,1698585347,0
0xfa99e789aa0164a7eac475f3eda666be1d0669f2,ethereum,test,1709203103,17020,8,1708222523,0
0x24ccedebf841544c9e6a62af4e8c2fa6e5a46fde,ethereum,test,1709203163,17020,8,1706167016,0
0xadb2437e6f65682b85f814fbc12fec0508a7b1d0,ethereum,test,1709203283,17020,8,1709140127,0
0x62003030f45b8bcd272d54ab8f782c1ae894eaf6,ethereum,test,1709203343,17020,8,1706684130,0
0x996dc5dfc819408dd98cd92c9a76f64b0738dc3d,ethereum,test,1709203343,17020,8,1706804790,0
0x59c6766de1dc50a9c9db86cb0461b5ce07408ab7,ethereum,test,1709203379,17020,8,1704167395,0
0xd18475521245a127a933a4fcaf99e8c45a416f7e,ethereum,test,1709203403,17020,8,1703532263,0
0x446f2a8a39cc730ef378be759a3c57f1a3fe824c,ethereum,test,1709203487,17020,8,1708980856,0
0x0f6011f7dbc40c17ece894b1147f4ecfa712b600,ethereum,test,1709203607,17020,8,1709031275,0
0xbcc66ed2ab491e9ae7bf8386541fb17421fa9d35,ethereum,test,1709203739,17020,8,1708200762,0
0xfd09911130e6930bf87f2b0554c44f400bd80d3e,ethereum,test,1709203799,17020,8,1708662782,0
0xab846fb6c81370327e784ae7cbb6d6a6af6ff4bf,ethereum,test,1709204195,17020,8,1708548224,0
0x02d7a93829b365b7ad4c582dace1493aac50a290,ethereum,test,1709204231,17020,8,1709148087,0
0xc32db1d3282e872d98f6437d3bcfa57801ca6d5c,ethereum,test,1709204267,17020,8,1708547144,0
0x3d90feec1ec985a9f09d2269af0f77195e542297,ethereum,test,1709204279,17020,8,1708613766,0
0xcf03425b54e58bfe24b2dea2c555f8ee5562fd97,ethereum,test,1709204543,17020,8,1708816341,0
0x77ebcf0659bbf4e68d8ce6d84bb25c5cde207b97,ethereum,test,1709204687,17020,8,1708104539,0
0xb49fa25978abf9a248b8212ab4b87277682301c0,ethereum,test,1709204687,17020,8,1709093143,0
0xc237868a9c5729bdf3173dddacaa336a0a5bb6e0,ethereum,test,1709204771,17020,8,1708938571,0
0xd6caf5bd23cf057f5fccce295dcc50c01c198707,ethereum,test,1709204783,17020,8,1706806152,0
0x4fadc7a98f2dc96510e42dd1a74141eeae0c1543,ethereum,test,1709204915,17020,8,1709166961,0
0xe97db8503dd3e3eb0286aafc50327c598efdb578,ethereum,test,1709205371,17020,8,1705128623,0
0xfcfc434ee5bff924222e084a8876eee74ea7cfba,ethereum,test,1709205455,17020,8,1708949540,0
0x2f3c7015d7d840005bd874d1393a961ec18e687d,ethereum,test,1709205611,17020,8,1708777953,0
0xe51b8ab09008285a0380dd2680cd9dd5e13924d3,ethereum,test,1709205623,17020,8,1708779687,0
0x6d52dfefb16bb9cdc78bfca09061e44574886626,ethereum,test,1709206391,17020,8,1708765132,0
0x640bb7b0716a3c58b29f83a10e0b4b51580693d3,ethereum,test,1709206643,17020,8,1708536570,0
0x05fb86775fd5c16290f1e838f5caaa7342bd9a63,ethereum,test,1709206727,17020,8,1709164665,0
0x05e7236e79d5082bb93113830f82b2592daea24b,ethereum,test,1709206775,17020,8,1708665079,0
0x4a8f5f96d5436e43112c2fbc6a9f70da9e4e16d4,ethereum,test,1709207195,17020,8,1709100483,0
0xfd05d3c7fe2924020620a8be4961bbaa747e6305,ethereum,test,1709207243,17020,8,1704396575,0
0xf29ae508698bdef169b89834f76704c3b205aedf,ethereum,test,1709207447,17020,8,1703498652,0
0x4da419348259d09ea9706160dbf992d255ed2dd1,ethereum,test,1709207639,17020,8,1707910613,0
0xf23a2bf7619ad93300499c3fc7d7145a06cca562,ethereum,test,1709207675,17020,8,1708772431,0
0x21b8bfbbefc9e2b9a994871ecd742a5132b98aed,ethereum,test,1709207711,17020,8,1708879846,0
0xefe2afb5f2a9ea8ec6d8a57fe88febcfe29db813,ethereum,test,1709207759,17020,8,1708312759,0
0x24ae2da0f361aa4be46b48eb19c91e02c5e4f27e,ethereum,test,1709207819,17020,8,1708768914,0
0xf1f508c7c9f0d1b15a76fba564eef2d956220cf7,ethereum,test,1709207819,17020,8,1704789938,0
0x878cf148ccbb50426043a9affe54ba408221c7fa,ethereum,test,1709208095,17020,8,1708811101,0
0xfa99a87b14b02e2240c79240c5a20f945ca5ef76,ethereum,test,1709208107,17020,8,1708941898,0
0xb197a6fdd8ab825332edeba1ab5c4d1bf97fb9a8,ethereum,test,1709208491,17020,8,1708865765,0
0x325a0e5c84b4d961b19161956f57ae8ba5bb3c26,ethereum,test,1709208563,17020,8,1708703558,0
0xf6aeaf0fe66cf2ef2e738ba465fb531ffe39b4e2,ethereum,test,1709208575,17020,8,1708845795,0
0x580c8520deda0a441522aeae0f9f7a5f29629afa,ethereum,test,1709208659,17020,8,1709000533,0
0xbf1aa3a0e1294b3b996533f5d648dec2e59bad05,ethereum,test,1709208695,17020,8,1706386799,0
0xea18dc833653172bbe819feb5320d9da9f99799a,ethereum,test,1709208803,17020,8,1706883395,0
0x4a3e164684812dfb684ac36457e7fa805087c68e,ethereum,test,1709208815,17020,8,1709056052,0
0xf5ec1a08902ae0ae5323466c35ea49a37409e4ca,ethereum,test,1709208863,17020,8,1708849890,0
0x136471a34f6ef19fe571effc1ca711fdb8e49f2b,ethereum,test,1709208923,17020,8,1708711306,0
0x7a5ce6abd131ea6b148a022cb76fc180ae3315a6,ethereum,test,1709209139,17020,8,1708304706,0
0x93ef1ea305d11a9b2a3ebb9bb4fcc34695292e7d,ethereum,test,1709209223,17020,8,1706545822,0
0xa696a63cc78dffa1a63e9e50587c197387ff6c7e,ethereum,test,1709209271,17020,8,1708398252,0
0x7a786dac1f315c8a0e9962172ad8ae0c04d9c9b6,ethereum,test,1709209355,17020,8,1707509734,0
0xdf3ac4f479375802a821f7b7b46cd7eb5e4262cc,ethereum,test,1709209427,17020,8,1702228479,0
0x97de57ec338ab5d51557da3434828c5dbfada371,ethereum,test,1709209451,17020,8,1708880802,0
0x2e8f4bdbe3d47d7d7de490437aea9915d930f1a3,ethereum,test,1709209463,17020,8,1708860487,0
0xf6af18f94d55b8888b557cb3da0ec623ba245f80,ethereum,test,1709209499,17020,8,1708844385,0
0x8eb1779a32678452eb273a22d413207299904d90,ethereum,test,1709209547,17020,8,1708890955,0
0xcb8d1260f9c92a3a545d409466280ffdd7af7042,ethereum,test,1709209751,17020,8,1708934772,0
0xeaa260c1d247135cec29ec10fb6acedf2a55dc6b,ethereum,test,1709209763,17020,8,1706076083,0
0xf5a1f988ba746f46706f726a6f69b3fd160f227f,ethereum,test,1709210027,17020,8,1708531333,0
0x045da4bfe02b320f4403674b3b7d121737727a36,ethereum,test,1709210207,17020,8,1708980856,0
0x27c1ba4f85b8dc1c150157816623a6ce80b7f187,ethereum,test,1709210327,17020,8,1705957241,0
0x001a8ffcb0f03e99141652ebcdecdb0384e3bd6c,ethereum,test,1709210387,17020,8,1708702928,0
0x1ea48b9965bb5086f3b468e50ed93888a661fc17,ethereum,test,1709210399,17020,8,1706157935,0
0x8193711b2763bc7dfd67da0d6c8c26642eafdaf3,ethereum,test,1709210543,17020,8,1708959303,0
0x1783d3979038d986f3959adf7dbfc527f42c4269,ethereum,test,1709210567,17020,8,1708562840,0
0xa7a5c1058194af8f00c187adb7fcc0c95f1c6c2d,ethereum,test,1709210711,17020,8,1704703930,0
0xd6a5ab46ead26f49b03bbb1f9eb1ad5c1767974a,ethereum,test,1709210735,17020,8,1706966788,0
0xe05082b184a34668cd8a904d85fa815802bbb04c,ethereum,test,1709210867,17020,8,1708473211,0
0x1f7ad58fad8cfbdc60f725895d61a4427775af8b,ethereum,test,1709210963,17020,8,1705886771,0
0x465a5a630482f3abd6d3b84b39b29b07214d19e5,ethereum,test,1709211083,17020,8,1707524232,0
0x08ba718f288c3b12b01146816bef9fa03cc635bc,ethereum,test,1709211119,17020,8,1708828574,0
0x2e880962a9609aa3eab4def919fe9e917e99073b,ethereum,test,1709211131,17020,8,1709156563,0
0xcdb9d30a3ba48cdfcb0ecbe19317e6cf783672f1,ethereum,test,1709211143,17020,8,1706017799,0
0xc382e04099a435439725bb40647e2b32dc136806,ethereum,test,1709211311,17020,8,1708545527,0
0xe7eaec9bca79d537539c00c58ae93117fb7280b9,ethereum,test,1709211359,17020,8,1707275634,0
0x4b94c8567763654101f690cf4d54957206383b75,ethereum,test,1709211419,17020,8,1707648454,0
0x3496b523e5c00a4b4150d6721320cddb234c3079,ethereum,test,1709211467,17020,8,1709112693,0
0xc28e931814725bbeb9e670676fabbcb694fe7df2,ethereum,test,1709211551,17020,8,1708844382,0
0x12d102f06da35cc0111eb58017fd2cd28537d0e1,ethereum,test,1709211599,17020,8,1708071895,0
0xac0968a3e2020ac8ca83e60ccf69081ebc6d3bc3,ethereum,test,1709211971,17020,8,1708940768,0
0xcfa0885131f602d11d4da248d2c65a62063567a9,ethereum,test,1709212223,17020,8,1708857499,0
0xb9d7dddca9a4ac480991865efef82e01273f79c3,ethereum,test,1709212271,17020,8,1708949772,0
0xdcd90c7f6324cfa40d7169ef80b12031770b4325,ethereum,test,1709212475,17020,8,1708555575,0
0xff742d05420b6aca4481f635ad8341f81a6300c2,ethereum,test,1709212679,17020,8,1709016688,0
0x5b8c556b8b2a78696f0b9b830b3d67623122e270,ethereum,test,1709212979,17020,8,1708575751,0
0xf88506b0f1d30056b9e5580668d5875b9cd30f23,ethereum,test,1709213255,17020,8,1707243297,0
0x1955d744f9435522be508d1ba60e3c12d0690b6a,ethereum,test,1709213339,17020,8,1708779687,0
0xb647a1d7633c6c4d434e22ee9756b36f2b219525,ethereum,test,1709213459,17020,8,1698826403,0
0x9b06f3c5de42d4623d7a2bd940ec735103c68a76,ethereum,test,1709213555,17020,8,1708847181,0
0x00c5ca160a968f47e7272a0cfcda36428f386cb6,ethereum,test,1709213627,17020,8,1708383365,0
0x23696914ca9737466d8553a2d619948f548ee424,ethereum,test,1709213783,17020,8,1705436987,0
0x1940a7b039ab210689aafb332c5f07b523d81f36,ethereum,test,1709213843,17020,8,1706017595,0
0x42a43bc18a20831a6abfc551c9476eba124c03c2,ethereum,test,1709213927,17020,8,1708926407,0
0xa06bc25b5805d5f8d82847d191cb4af5a3e873e0,ethereum,test,1709213939,17020,8,1706900214,0
0x4c612e3b15b96ff9a6faed838f8d07d479a8dd4c,ethereum,test,1709214047,17020,8,1708845828,0
0x6d765cbe5bc922694afe112c140b8878b9fb0390,ethereum,test,1709214119,17020,8,1709168577,0
0xfd1c027190418982eeade3a8a091556ae8f0a8c9,ethereum,test,1709214155,17020,8,1709021590,0
0x5b649c07e7ba0a1c529deaabed0b47699919b4a2,ethereum,test,1709214179,17020,8,1708879051,0
0x5dbbb101cdc29443d12055ecdddd7ca037dce721,ethereum,test,1709214239,17020,8,1708900773,0
0x232fb065d9d24c34708eedbf03724f2e95abe768,ethereum,test,1709214311,17020,8,1708981106,0
0x4e56811fe186ba9dc1e4dd156821a19b8d9065b1,ethereum,test,1709214335,17020,8,1706847816,0
0xa1d65e8fb6e87b60feccbc582f7f97804b725521,ethereum,test,1709214527,17020,8,1709168577,0
0x3a457262cac0b6b29b54f976e3f58a3cf8998ea2,ethereum,test,1709214719,17020,8,1708218015,0
0x0aee8703d34dd9ae107386d3eff22ae75dd616d1,ethereum,test,1709214767,17020,8,1709174582,0
0xe1d7c7a4596b038ced2a84bf65b8647271c53208,ethereum,test,1709214863,17020,8,1709146135,0
0xb73758fe1dc58ac2a255a2950a3fdd84da656b84,ethereum,test,1709214899,17020,8,1708949772,0
0x00c2999c8b2adf4abc835cc63209533973718eb1,ethereum,test,1709214959,17020,8,1708843584,0
0x11bac0c3c81838022327198aa46124cdb8ce6ab9,ethereum,test,1709214995,17020,8,1708902188,0
0x2223bf1d7c19ef7c06dab88938ec7b85952ccd89,ethereum,test,1709215199,17020,8,1708930275,0
0x355a824bea1adc22733978a3748271e1bbb34130,ethereum,test,1709215271,17020,8,1709137546,0
0xd6123271f980d966b00ca4fca6c2c021f05e2e73,ethereum,test,1709215283,17020,8,1708107956,0
0xb88b337c153e82c864dcbc823b4450854e97c064,ethereum,test,1709215355,17020,8,1688406383,0
0x6020da0f7c1857dbe4431ec92a15cc318d933eaa,ethereum,test,1709215403,17020,8,1701630083,0
0xfc4b4ec763722b71eb1d729749b447a9645f5f30,ethereum,test,1709215427,17020,8,1708829441,0
0x79df40230ee1771d0fab78e21292f0af8d8af3d9,ethereum,test,1709215463,17020,8,1708094751,0
0x2960d71855a521c8414d29a27218efdb67c34180,ethereum,test,1709215691,17020,8,1701658885,0
0x740de62193c26f47adf4ca6b2ad2eadac6176379,ethereum,test,1709215811,17020,8,1706284283,0
0xa2085073878152ac3090ea13d1e41bd69e60dc99,ethereum,test,1709215847,17020,8,1706354219,0
0x66c0dded8433c9ea86c8cf91237b14e10b4d70b7,ethereum,test,1709215955,17020,8,1708328630,0
0x0c10bf8fcb7bf5412187a595ab97a3609160b5c6,ethereum,test,1709216267,17020,8,1709000533,0
0x2c056f9402a0627bc0e580365bb12979fc011e2c,ethereum,test,1709216291,17020,8,1707287388,0
0x2c537e5624e4af88a7ae4060c022609376c8d0eb,ethereum,test,1709216315,17020,8,1707272398,0
0x52662717e448be36cb54588499d5a8328bd95292,ethereum,test,1709216327,17020,8,1708487413,0
0xd7b497d351691de8bb1dc574d32f9e3cfab9246f,ethereum,test,1709216327,17020,8,1692609611,0
0x06af07097c9eeb7fd685c692751d5c66db49c215,ethereum,test,1709216447,17020,8,1708505973,0
0x8133b63b6a94b9b977282b5bd2fac41ab486324a,ethereum,test,1709216507,17020,8,1708673755,0
0x9ad45e692350ba56e2583671c4bd76c5331a249e,ethereum,test,1709216507,17020,8,1708351334,0
0xaf2ca40d3fc4459436d11b94d21fa4b8a89fb51d,ethereum,test,1709216675,17020,8,1696661099,0
0xa203eb78fee91c8459c6d4ef3a899d8724ee5b35,ethereum,test,1709216987,17020,8,1709147303,0
0x4c5cb5d87709387f8821709f7a6664f00dcf0c93,ethereum,test,1709217131,17020,8,1708711809,0
0x3edbe670d03c4a71367deda78e73ea4f8d68f2e4,ethereum,test,1709217167,17020,8,1708949540,0
0x9ea463ec4ce9e9e5bc9cfd0187c4ac3a70dd951d,ethereum,test,1709217239,17020,8,1708603954,0
0x186d0ba3dfc3386c464eecd96a61fbb1e2da00bf,ethereum,test,1709217347,17020,8,1708941284,0
0x48b548d448a3890a18caf93dea7f8845b9bc913e,ethereum,test,1709217359,17020,8,1707594889,0
0x10bc518c32fbae5e38ecb50a612160571bd81e44,ethereum,test,1709217419,17020,8,1709148087,0
0x50eec6d765792dcfb0913c8403ef2a12e1b861a6,ethereum,test,1709217431,17020,8,1708957466,0
0xaf69d0518d341af4961b5fcfdb86a3e3453f1dc5,ethereum,test,1709217479,17020,8,1704823919,0
0x471ea49dd8e60e697f4cac262b5fafcc307506e4,ethereum,test,1709217527,17020,8,1702355771,0
0x614857c755739354d68ae0abd53849cf45d6a41d,ethereum,test,1709217563,17020,8,1708669503,0
0xe87e15b9c7d989474cb6d8c56b3db4efad5b21e8,ethereum,test,1709217575,17020,8,1709144380,0
0xb113c6cf239f60d380359b762e95c13817275277,ethereum,test,1709217611,17020,8,1702510139,0
0xf56408077487cb879c992909c5b5c66d68c02eb4,ethereum,test,1709217647,17020,8,1709144380,0
0xcb547759b40dff8214ed8575017e0c57772bf3a8,ethereum,test,1709217719,17020,8,1705362215,0
0xd31a2fc24843f70c2d0fdd4c36e1e0efdc3748ee,ethereum,test,1709217755,17020,8,1699745395,0
0x1e9d0bb190ac34492aa11b80d28c1c86487a341f,ethereum,test,1709217995,17020,8,1708587719,0
0xb954562066c71b3e6e7b2ac330b03c74c0dcd5ae,ethereum,test,1709217995,17020,8,1708853694,0
0x505a84a03e382331a1be487b632cf357748b65d6,ethereum,test,1709218043,17020,8,1707364610,0
0x2f9411088cef82fd9fb904eb8092f28eb485c8f6,ethereum,test,1709218091,17020,8,1701708647,0
0x583019ff0f430721ada9cfb4fac8f06ca104d0b4,ethereum,test,1709218115,17020,8,1709131619,0
0x29d578cec46b50fa5c88a99c6a4b70184c062953,ethereum,test,1709218187,17020,8,1709049743,0
0xa4eb9c64ec359d093eac7b65f51ef933d6e5f7cd,ethereum,test,1709218199,17020,8,1708951468,0
0x675ad1c6abac870b2aef613b4ee238348b21e727,ethereum,test,1709218319,17020,8,1708816740,0
0x0f1e49d6dcfc9eefcce9d5ae3c660f8ead75061a,ethereum,test,1709218391,17020,8,1705735439,0
0x8640353cdc9778deab0df45d12fb3013deac079c,ethereum,test,1709218391,17020,8,1705281203,0
0x96c645d3d3706f793ef52c19bbace441900ed47d,ethereum,test,1709218439,17020,8,1708011080,0
0x77b0404d649f2cbce92ab68aec0816c1659acff6,ethereum,test,1709218463,17020,8,1699224737,0
0xba745513acebcbb977497c569d4f7d340f2a936b,ethereum,test,1709218571,17020,8,1708918854,0
0xf55a93b613d172b86c2ba3981a849dae2aecde2f,ethereum,test,1709218691,17020,8,1704063875,0
0x0ba74fb26ca523f2dc22fa4318581cc2452eaba1,ethereum,test,1709218799,17020,8,1708941542,0
0x6a15aa3e4ffca098332e9727a7a55379011711c8,ethereum,test,1709218907,17020,8,1708714627,0
0x47da5456bc2e1ce391b645ce80f2e97192e4976a,ethereum,test,1709218919,17020,8,1708736169,0
0x3a645ff83560231aab0f9c830ba108b06c94e34a,ethereum,test,1709219015,17020,8,1708519607,0
0x2216e873ea4282ebef7a02ac5aea220be6391a7c,ethereum,test,1709219051,17020,8,1704769787,0
0xb2fd1e0478dbf61772996bcce8a2f1151eeeda37,ethereum,test,1709219147,17020,8,1709145933,0
0xe5ecb601e631dc74da26fa1e0e0ba1b99ed1a33c,ethereum,test,1709219147,17020,8,1708127073,0
0x9ce5f9eed386944df1748d4cde4ccc70d29f148a,ethereum,test,1709219183,17020,8,1690517387,0
0xed3d4e446a96dc3b181b64b75c3c70da41dc3cbe,ethereum,test,1709219291,17020,8,1708932300,0
0x6e765d26388a17a6e86c49a8e41df3f58abcd337,ethereum,test,1709219315,17020,8,1708872707,0
0x96eafff5bedf18566b18fce71c2323b69c795623,ethereum,test,1709219351,17020,8,1707243726,0
0x45080a6531d671ddff20db42f93792a489685e32,ethereum,test,1709219387,17020,8,1708848329,0
0x68037790a0229e9ce6eaa8a99ea92964106c4703,ethereum,test,1709219387,17020,8,1707964496,0
0x1806855b73881ed4e435c97c6da58b01be5d7390,ethereum,test,1709219543,17020,8,1708419786,0
0xb359f0a97ca269ae5574dc75be48b0e81efd1da2,ethereum,test,1709219543,17020,8,1708717927,0
0x196f4727526ea7fb1e17b2071b3d8eaa38486988,ethereum,test,1709219555,17020,8,1705084774,0
0xcaabcaa4ca42e1d86de1a201c818639def0ba7a7,ethereum,test,1709219639,17020,8,1696765739,0
0x0c37bcf456bc661c14d596683325623076d7e283,ethereum,test,1709219831,17020,8,1708633246,0
0x58fcaa970339a9b1f8c0a5b4f3fcd7af2ba3075e,ethereum,test,1709219855,17020,8,1708841411,0
0x1da87b114f35e1dc91f72bf57fc07a768ad40bb0,ethereum,test,1709219927,17020,8,1708852502,0
0xad7bec56506d181f994ec380b1ba34fb3fbfbad3,ethereum,test,1709219951,17020,8,1708702928,0
0x7c95e7ad2b349dc2f82d0f1117a44b561fa2699a,ethereum,test,1709219963,17020,8,1708954443,0
0x70881d5c8a5950ceedf1f1b4b5d4105718642548,ethereum,test,1709220035,17020,8,1709032962,0
0xda429496c38f35179e0dd6287244980a08c72b9a,ethereum,test,1709220035,17020,8,1707544542,0
0xe4dae00bc1c46ea2f44ae71b1beb8b171c15d812,ethereum,test,1709220131,17020,8,1709137546,0
0xfa0421277547d3790995b903b2f24ca26b79c8e1,ethereum,test,1709220239,17020,8,1708403702,0
0xba8a621b4a54e61c442f5ec623687e2a942225ef,ethereum,test,1709220287,17020,8,1707509734,0
0xb26631c6dda06ad89b93c71400d25692de89c068,ethereum,test,1709220311,17020,8,1708633246,0
0xad45fd0a77e780653e78e739b732f5ebc13de239,ethereum,test,1709220407,17020,8,1703734487,0
0x3b022edecd65b63288704a6fa33a8b9185b5096b,ethereum,test,1709220419,17020,8,1706134775,0
0x7ab7d54f8cb054141142f04ba0b3d41ac4c4d61c,ethereum,test,1709220563,17020,8,1700787062,0
0xaef420fd77477d9dc8b46d704d44dd09d6c27866,ethereum,test,1709220599,17020,8,1708774374,0
0x9040e237c3bf18347bb00957dc22167d0f2b999d,ethereum,test,1709220671,17020,8,1704340703,0
0x916c5de09cf63f6602d1e1793fb41f6437814a62,ethereum,test,1709220743,17020,8,1708842597,0
0x2e95cea14dd384429eb3c4331b776c4cfbb6fcd9,ethereum,test,1709220815,17020,8,1709141998,0
0x8cd66652c1b201ca7ce8bcf1e83bfc4d1c4fc518,ethereum,test,1709220815,17020,8,1684979536,0
0x1e4746dc744503b53b4a082cb3607b169a289090,ethereum,test,1709220839,17020,8,1709054062,0
0x9a1722b1f4a1bb2f271211ade8e851afc54f77e5,ethereum,test,1709220875,17020,8,1707187565,0
0xbbaec992fc2d637151daf40451f160bf85f3c8c1,ethereum,test,1709220923,17020,8,1703960483,0
0x159cdaf78be31e730d9e1330adfcfbb79a5fdb95,ethereum,test,1709220947,17020,8,1706856995,0
0x38d9eb07a7b8df7d86f440a4a5c4a4c1a27e1a08,ethereum,test,1709221055,17020,8,1709000533,0
0x888888888889c00c67689029d7856aac1065ec11,ethereum,test,1709221055,17020,8,1709128584,0
0x7869c4a1a3f6f8684fbcc422a21ad7abe3167834,ethereum,test,1709221211,17020,8,1708797870,0
0x07c904d8c04323ef9fe6bf13aaeba05b62c54825,ethereum,test,1709221223,17020,8,1707464170,0
0x4d466fd944f88820da9a0d20d3bdbfa507b92269,ethereum,test,1709221271,17020,8,1707008312,0
0xa3a95fd17fc0ea756872d837e40d3c08aa1958a8,ethereum,test,1709221415,17020,8,1704063875,0
0x295b42684f90c77da7ea46336001010f2791ec8c,ethereum,test,1709221427,17020,8,1708006073,0
0x306ee01a6ba3b4a8e993fa2c1adc7ea24462000c,ethereum,test,1709221451,17020,8,1705874077,0
0xa2c3a0dc05bfa9bc957732590143252d45df30e2,ethereum,test,1709221475,17020,8,1708941482,0
0x3a8cccb969a61532d1e6005e2ce12c200caece87,ethereum,test,1709221499,17020,8,1708927128,0
0x3a97e00b48d56bd5e0502e1a2a8c036a040e1b99,ethereum,test,1709221511,17020,8,1708426369,0
0x256ed1d83e3e4efdda977389a5389c3433137dda,ethereum,test,1709221571,17020,8,1709095989,0
0x3cbb7f5d7499af626026e96a2f05df806f2200dc,ethereum,test,1709221607,17020,8,1709031943,0
0x32296969ef14eb0c6d29669c550d4a0449130230,ethereum,test,1709221751,17020,8,1708785384,0
0x4aa41bc1649c9c3177ed16caaa11482295fc7441,ethereum,test,1709221787,17020,8,1708936801,0
0xf2d65d9cae4e0a5593f760248ce31801bb797655,ethereum,test,1709221787,17020,8,1704773448,0
0xf009f5531de69067435e32c4b9d36077f4c4a673,ethereum,test,1709221811,17020,8,1708680493,0
0x88417754ff7062c10f4e3a4ab7e9f9d9cbda6023,ethereum,test,1709221835,17020,8,1708951468,0
0x23b608675a2b2fb1890d3abbd85c5775c51691d5,ethereum,test,1709221859,17020,8,1709144166,0
0x9ea3b5b4ec044b70375236a281986106457b20ef,ethereum,test,1709221943,17020,8,1709093143,0
0xb8cb60d07056d54df518785de9600bd4e6b2b53b,ethereum,test,1709221943,17020,8,1708985003,0
0x9f90b457dea25ef802e38d470dda7343691d8fe1,ethereum,test,1709221967,17020,8,1709174582,0
0xa0bed124a09ac2bd941b10349d8d224fe3c955eb,ethereum,test,1709222051,17020,8,1708843584,0
0xf92d62ed69242d655e685c96b98f32f1409c3262,ethereum,test,1709222087,17020,8,1707304496,0
0x73374ea518de7addd4c2b624c0e8b113955ee041,ethereum,test,1709222123,17020,8,1709123682,0
0x4946fcea7c692606e8908002e55a582af44ac121,ethereum,test,1709222147,17020,8,1709093143,0
0xaaca86b876ca011844b5798eca7a67591a9743c8,ethereum,test,1709222159,17020,8,1709120584,0
0xce246eea10988c495b4a90a905ee9237a0f91543,ethereum,test,1709222267,17020,8,1709000533,0
0xba6b0dbb2ba8daa8f5d6817946393aef8d3a4487,ethereum,test,1709222351,17020,8,1706397137,0
0xe94b97b6b43639e238c851a7e693f50033efd75c,ethereum,test,1709222351,17020,8,1708027951,0
0xf94fd4f1638d5e7daf6b5853ffbb6650be3e45c1,ethereum,test,1709222363,17020,8,1708487671,0
0xa16a609ff4e1a15b6ccb469e7a5dd14e89305283,ethereum,test,1709222447,17020,8,1708572153,0
0x97abee33cd075c58bfdd174e0885e08e8f03556f,ethereum,test,1709222471,17020,8,1707294425,0
0x965b85d4674f64422c4898c8f8083187f02b32c0,ethereum,test,1709222579,17020,8,1706595284,0
0xbd713f15673b9861b6123840f6e0eba03d6aae51,ethereum,test,1709222663,17020,8,1707315421,0
0x3235b13708f178af6f110de7177ed5de10c1093d,ethereum,test,1709222711,17020,8,1705048763,0
0xa130e3a33a4d84b04c3918c4e5762223ae252f80,ethereum,test,1709222759,17020,8,1708328630,0
0x87d907568a0761ea45d2917e324557920668f224,ethereum,test,1709222783,17020,8,1708669890,0
0xbb1ee07d6c7baeb702949904080eb61f5d5e7732,ethereum,test,1709222795,17020,8,1707763254,0
0xc5946f2a2b061f4ff8e49d63f0ea60d9fb4fc896,ethereum,test,1709222819,17020,8,1708857499,0
0x02a97fd243b8301bcd6ba3a87693162d6bd130bd,ethereum,test,1709222855,17020,8,1709156007,0
0xc9c23f2bba3b8618fb163fbd93561e5f78db2e88,ethereum,test,1709222855,17020,8,1706354219,0
0x3001f57f8308b189eb412a64322aad5ef9951290,ethereum,test,1709222891,17020,8,1708447980,0
0x62dc4817588d53a056cbbd18231d91ffccd34b2a,ethereum,test,1709222987,17020,8,1708872707,0
0xf1fb4cf949277adc3f89c0d6091100789033b7b5,ethereum,test,1709222987,17020,8,1708738770,0
0x6399c842dd2be3de30bf99bc7d1bbf6fa3650e70,ethereum,test,1709223023,17020,8,1708832539,0
0x2162f572b25f7358db9376ab58a947a4e45cede1,ethereum,test,1709223131,17020,8,1706307060,0
0x21d486f6b7eb7b556978c5a0c96c79a08eb841de,ethereum,test,1709223131,17020,8,1701505703,0
0xa918897bd10d6dee614470c24a061b78b021b3a9,ethereum,test,1709223311,17020,8,1708374024,0
0x741b0428efdf4372a8df6fb54b018db5e5ab7710,ethereum,test,1709223347,17020,8,1709168577,0
0x73c6a7491d0db90bdb0060308cde0f49dfd1d0b0,ethereum,test,1709223395,17020,8,1705980527,0
0xcccd1ba9f7acd6117834e0d28f25645decb1736a,ethereum,test,1709223395,17020,8,1704297035,0
0xa1a4e303e9c56962f201c5e834abc1e677a3c4f3,ethereum,test,1709223407,17020,8,1705991759,0
0x4086e77c5e993fdb90a406285d00111a974f877a,ethereum,test,1709223467,17020,8,1709156563,0
0x8e32b8a41f2e86a3ee198912ac8d756c84295b40,ethereum,test,1709223539,17020,8,1707970426,0
0x3505f494c3f0fed0b594e01fa41dd3967645ca39,ethereum,test,1709223839,17020,8,1709146959,0
0xb3f37491858dc4d7330e863f954d6bda1bccd7db,ethereum,test,1709223923,17020,8,1699548311,0
0x1cf4592ebffd730c7dc92c1bdffdfc3b9efcf29a,ethereum,test,1709223935,17020,8,1706595284,0
0x761a3557184cbc07b7493da0661c41177b2f97fa,ethereum,test,1709223983,17020,8,1708949540,0
0x8eedefe828a0f16c8fc80e46a87bc0f1de2d960c,ethereum,test,1709224139,17020,8,1708829018,0
0x830a8512db4f6fca51968593e2667156c2c483a8,ethereum,test,1709224235,17020,8,1708958683,0
0x9a2af0abb12bee5369b180976be01e8c80d0e7b6,ethereum,test,1709224259,17020,8,1709100483,0
0x35f6b052c598d933d69a4eec4d04c73a191fe6c2,ethereum,test,1709224463,17020,8,1708777445,0
0x9ae380f0272e2162340a5bb646c354271c0f5cfc,ethereum,test,1709224667,17020,8,1709146115,0
0x745407c86df8db893011912d3ab28e68b62e49b0,ethereum,test,1709224835,17020,8,1708674868,0
0xbea0e11282e2bb5893bece110cf199501e872bad,ethereum,test,1709224991,17020,8,1708900801,0
0x8db90e3e7d04c875a51997092f9178fcac9defdb,ethereum,test,1709225027,17020,8,1705988543,0
0x347a96a5bd06d2e15199b032f46fb724d6c73047,ethereum,test,1709225063,17020,8,1708667907,0
0xf51ebf9a26dbc02b13f8b3a9110dac47a4d62d78,ethereum,test,1709225135,17020,8,1701454267,0
0x53c8395465a84955c95159814461466053dedede,ethereum,test,1709225219,17020,8,1703635355,0
0x536381a8628dbcc8c70ac9a30a7258442eab4c92,ethereum,test,1709225231,17020,8,1708899626,0
0xdefb0b264032e4e128b00d02b3fd0aa00331237b,ethereum,test,1709225291,17020,8,1705494071,0
0xdadb4ae5b5d3099dd1f586f990b845f2404a1c4c,ethereum,test,1709225339,17020,8,1709148345,0
0x011e128ec62840186f4a07e85e3ace28858c5606,ethereum,test,1709225363,17020,8,1708979754,0
0xc076ac8a2afbbf69b0b1142c99d0b66170acee98,ethereum,test,1709225567,17020,8,1705362215,0
0xf62ac0fcae17f9195280ced4de978313effe2daa,ethereum,test,1709225651,17020,8,1708312153,0
0x61c6ebf443ad613c9648762585b3cfd3ba1f3fa8,ethereum,test,1709225807,17020,8,1708772032,0
0x85225ed797fd4128ac45a992c46ea4681a7a15da,ethereum,test,1709225879,17020,8,1708527830,0
0xc0200b1c6598a996a339196259ffdc30c1f44339,ethereum,test,1709225999,17020,8,1708816740,0
0xee1cea7665ba7aa97e982edeaecb26b59a04d035,ethereum,test,1709226095,17020,8,1708995089,0
0x15f73a3ab443ee6ebf36c605c7868159ce5d028c,ethereum,test,1709226107,17020,8,1706248787,0
0x7f3edcdd180dbe4819bd98fee8929b5cedb3adeb,ethereum,test,1709226107,17020,8,1709103773,0
0xc57d533c50bc22247d49a368880fb49a1caa39f7,ethereum,test,1709226131,17020,8,1709054062,0
0x602f65bb8b8098ad804e99db6760fd36208cd967,ethereum,test,1709226155,17020,8,1708944758,0
0xbc19712feb3a26080ebf6f2f7849b417fdd792ca,ethereum,test,1709226155,17020,8,1707656765,0
0x182c00807f2d4904d02d5e0d179600ff6a3ae67c,ethereum,test,1709226191,17020,8,1708840455,0
0x2fc8bc3ee171ed5610ba3093909421e90b47fc07,ethereum,test,1709226335,17020,8,1708845828,0
0x00eec39f88e6a0e2ad39c52f00ca496d7fae221e,ethereum,test,1709226419,17020,8,1698019115,0
0x852e5427c86a3b46dd25e5fe027bb15f53c4bcb8,ethereum,test,1709226431,17020,8,1708538268,0
0x5919dea604631016c15c805e3d948a0384879892,ethereum,test,1709226503,17020,8,1704344939,0
0x9ce115f0341ae5dabc8b477b74e83db2018a6f42,ethereum,test,1709226587,17020,8,1707265375,0
0xd7f0cc50ad69408ae58be033f4f85d2367c2e468,ethereum,test,1709226647,17020,8,1708941284,0
0x263b6b028f3e4ed8c4329eb2b5f409ee38d97296,ethereum,test,1709226659,17020,8,1709144166,0
0x4554cc10898f92d45378b98d6d6c2dd54c687fb2,ethereum,test,1709226755,17020,8,1709156563,0
0xd23ac27148af6a2f339bd82d0e3cff380b5093de,ethereum,test,1709226755,17020,8,1707411794,0
0x995a6c0944322b7285d0712824acf0cf9bf3993a,ethereum,test,1709226791,17020,8,1708878481,0
0xff75ced57419bcaebe5f05254983b013b0646ef5,ethereum,test,1709226851,17020,8,1706892866,0
0x00d8318e44780edeefcf3020a5448f636788883c,ethereum,test,1709227007,17020,8,1708580856,0
0x3be7bf1a5f23bd8336787d0289b70602f1940875,ethereum,test,1709227043,17020,8,1708823352,0
0x695afdb42edff97af470a15920a66df81a234c0e,ethereum,test,1709227091,17020,8,1706386799,0
0x87fdd1e031b356bdc1c55a3231cfe266552d8284,ethereum,test,1709227175,17020,8,1703881283,0
0x922e2708462c7a3d014d8344f7c4d92b27ecf332,ethereum,test,1709227271,17020,8,1708845828,0
0x6d0f5149c502faf215c89ab306ec3e50b15e2892,ethereum,test,1709227439,17020,8,1708800095,0
0x5e27e384acbba20982f991893b9970aaf3f43181,ethereum,test,1709227595,17020,8,1708684306,0
0xa589d8868607b8d79ee4288ce192796051263b64,ethereum,test,1709227655,17020,8,1708860487,0
0xe580074a10360404af3abfe2d524d5806d993ea3,ethereum,test,1709227811,17020,8,1708886432,0
0xa0f0546eb5e3ee7e8cfc5da12e5949f3ae622675,ethereum,test,1709227823,17020,8,1708378442,0
0xc99156c34260ae579c9eaf63f0e88fd47af064b9,ethereum,test,1709227847,17020,8,1708152319,0
0xf98ab0874b13a7fdc39d7295dedd49850a5d426b,ethereum,test,1709227943,17020,8,1708811101,0
0x2e19067cbeb38d6554d31a1a83aefc4018a1688a,ethereum,test,1709227967,17020,8,1708719260,0
0x3cbc780d2934d55a06069e837fabd3e6fc23dab0,ethereum,test,1709228111,17020,8,1705836855,0
0x8d6cebd76f18e1558d4db88138e2defb3909fad6,ethereum,test,1709228111,17020,8,1708843584,0
0xaa07810ae08575921c476ff088bc949da43e4964,ethereum,test,1709228111,17020,8,1708293198,0
0x410e731c2970dce3add351064acf5ce9e33fdbf0,ethereum,test,1709228183,17020,8,1708800095,0
0x4c406c068106375724275cbff028770c544a1333,ethereum,test,1709228183,17020,8,1707710482,0
0x2b1d36f5b61addaf7da7ebbd11b35fd8cfb0de31,ethereum,test,1709228411,17020,8,1708320636,0
0x069f967be0ca21c7d793d8c343f71e597d9a49b3,ethereum,test,1709228435,17020,8,1708852502,0
0x40331eb48d295d35be0e05169d4bd1428c0853bd,ethereum,test,1709228459,17020,8,1675169651,0
0xf6f31b8afbf8e3f7fc8246bef26093f02838da98,ethereum,test,1709228471,17020,8,1708934772,0
0x6cb7d80bdefef3f820a3a77ee56f06afcb20ea7e,ethereum,test,1709228543,17020,8,1706306891,0
0x7dedbce5a2e31e4c75f87fea60bf796c17718715,ethereum,test,1709228579,17020,8,1707928684,0
0xf6d2224916ddfbbab6e6bd0d1b7034f4ae0cab18,ethereum,test,1709228651,17020,8,1709073898,0
0x7d60de2e7d92cb5c863bc82f8d59b37c59fc0a7a,ethereum,test,1709229023,17020,8,1708958683,0
0xb31ef9e52d94d4120eb44fe1ddfde5b4654a6515,ethereum,test,1709229059,17020,8,1709112931,0
0x6c936d4ae98e6d2172db18c16c4b601c99918ee6,ethereum,test,1709229071,17020,8,1708879051,0
0xac12e8f6b0c17d7b736a800920b336d764b59973,ethereum,test,1709229071,17020,8,1708018192,0
0x67cc621ab2d086a101cff3340df0a065ac75827c,ethereum,test,1709229155,17020,8,1707707225,0
0xc106b98c4d0b3f1c92da0e9a6089e9c63ceacbb0,ethereum,test,1709229155,17020,8,1708497874,0
0x4057db5bd9f67a566aa10e5587b1a964affc6a16,ethereum,test,1709229215,17020,8,1708669503,0
0x72e72a2b3766712b952df6e5bfcf5b67cfd8cafb,ethereum,test,1709229335,17020,8,1705014347,0
0x1b19c19393e2d034d8ff31ff34c81252fcbbee92,ethereum,test,1709229443,17020,8,1709156007,0
0xccf139bc237a4ef4b33831540a42db6f24ea162b,ethereum,test,1709229467,17020,8,1697458211,0
0x0e2ef8aecb3c01ad5d596f1b67134e178199984d,ethereum,test,1709229515,17020,8,1709113463,0
0xd4a0e8962611792a85a9ff176194022659e7184f,ethereum,test,1709229587,17020,8,1700387003,0
0xd585aaafa2b58b1cd75092b51ade9fa4ce52f247,ethereum,test,1709229647,17020,8,1709163927,0
0xc2099171aebddaa05418a4fbf4f79e3a9a3a4297,ethereum,test,1709229707,17020,8,1707763254,0
0x77777777772cf0455fb38ee0e75f38034dfa50de,ethereum,test,1709229791,17020,8,1708886565,0
0xa6422e3e219ee6d4c1b18895275fe43556fd50ed,ethereum,test,1709229791,17020,8,1709032962,0
0x8db253a1943dddf1af9bcf8706ac9a0ce939d922,ethereum,test,1709229911,17020,8,1706804790,0
0x0a44a7ccea34a7563ba1d45a5f757d0b02281124,ethereum,test,1709229983,17020,8,1708800095,0
0xa92e7c82b11d10716ab534051b271d2f6aef7df5,ethereum,test,1709229983,17020,8,1708601236,0
0x4ce4c025692b3142dbde1cd432ef55b9a8d18701,ethereum,test,1709230031,17020,8,1708949598,0
0x21381e026ad6d8266244f2a583b35f9e4413fa2a,ethereum,test,1709230127,17020,8,1705432121,0
0x018008bfb33d285247a21d44e50697654f754e63,ethereum,test,1709230139,17020,8,1709117345,0
0x225927f8fa71d16ee07968b8746364d1d9f839bd,ethereum,test,1709230187,17020,8,1709074338,0
0xe99379955b676d5a7ebe3f42f2b684796e48d437,ethereum,test,1709230199,17020,8,1708942969,0
0xfeb01e7179e4d7775b5523c15b310ea92e3004eb,ethereum,test,1709230199,17020,8,1697913008,0
0x19f5d973335480d26270dc498459e2f39cf2da53,ethereum,test,1709230211,17020,8,1704496019,0
0xba41ddf06b7ffd89d1267b5a93bfef2424eb2003,ethereum,test,1709230223,17020,8,1708572093,0
0x10f2cf6ef155460c5b716080eb57928652867f2e,ethereum,test,1709230247,17020,8,1708314952,0
0xa4ffdf3208f46898ce063e25c1c43056fa754739,ethereum,test,1709230367,17020,8,1708880949,0
0x5de597849cf72c72f073e9085bdd0dadd8e6c199,ethereum,test,1709230391,17020,8,1707476478,0
0x08a1c30bbb26425c1031ee9e43fa0b9960742539,ethereum,test,1709230451,17020,8,1708603863,0
0x7721a4cb6190edb11d47f51c20968436eccdafb8,ethereum,test,1709230475,17020,8,1708869307,0
0xe0c99ed6950ccb38347154abd06e10eba5a1f89a,ethereum,test,1709230475,17020,8,1709148345,0
0xa700b4eb416be35b2911fd5dee80678ff64ff6c9,ethereum,test,1709230499,17020,8,1709144166,0
0xc2a81eb482cb4677136d8812cc6db6e0cb580883,ethereum,test,1709230559,17020,8,1709112693,0
0x551d0501cd5df92663c3d12c3201c9d70ba79998,ethereum,test,1709230619,17020,8,1707332845,0
0xf0655dcee37e5c0b70fffd70d85f88f8edf0aff6,ethereum,test,1709230679,17020,8,1707267994,0
0xed9f6aa6532869576211fd6367e3c328810fbeb3,ethereum,test,1709230715,17020,8,1709119314,0
0xf03a7eb46d01d9ecaa104558c732cf82f6b6b645,ethereum,test,1709230799,17020,8,1706595284,0
0xd87996ff3d06858bfc20989aef50cc5fcd4d84ca,ethereum,test,1709230835,17020,8,1705136000,0
0x464fdb8affc9bac185a7393fd4298137866dcfb8,ethereum,test,1709230871,17020,8,1708888835,0
0xfe18be6b3bd88a2d2a7f928d00292e7a9963cfc6,ethereum,test,1709230919,17020,8,1708561832,0
0xd85ad783cc94bd04196a13dc042a3054a9b52210,ethereum,test,1709230931,17020,8,1708749794,0
0x5eed99d066a8caf10f3e4327c1b3d8b673485eed,ethereum,test,1709231039,17020,8,1708919030,0
0xe0bd989ec7417374a1c0d9d4fb8b692d1a9e27eb,ethereum,test,1709231075,17020,8,1694013158,0
0xca5b0ae1d104030a9b8f879523508efd86c14483,ethereum,test,1709231135,17020,8,1708878223,0
0x8954d907520532c1f0d89d42569232fd0f995fdf,ethereum,test,1709231159,17020,8,1708784031,0
0x9a0c8ff858d273f57072d714bca7411d717501d7,ethereum,test,1709231183,17020,8,1704092411,0
0xaccfac2339e16dc80c50d2fa81b5c2b049b4f947,ethereum,test,1709231243,17020,8,1709148319,0
0x3bde290b9b3c6113ce8491413f549b3c94e82859,ethereum,test,1709231291,17020,8,1708930413,0
0x0c4576ca1c365868e162554af8e385dc3e7c66d9,ethereum,test,1709231327,17020,8,1706370263,0
0x4b7ffcb2b92fb4890f22f62a52fb7a180eab818e,ethereum,test,1709231339,17020,8,1708538713,0
0x018dd3a0dd7f213cc822076b3800816d3ce1ed86,ethereum,test,1709231447,17020,8,1708425313,0
0x6758647a4cd6b4225b922b456be5c05359012032,ethereum,test,1709231459,17020,8,1705554107,0
0x03e3f0c25965f13dbbc58246738c183e27b26a56,ethereum,test,1709231531,17020,8,1708603954,0
0x2d46012abea1a9f1e44af061896f14c30026e230,ethereum,test,1709231531,17020,8,1706116204,0
0x6bc40d4099f9057b23af309c08d935b890d7adc0,ethereum,test,1709231555,17020,8,1708919030,0
0xdece0f6864c1511369ae2c30b90db9f5fe92832c,ethereum,test,1709231555,17020,8,1708719260,0
0x83249c6794bca5a77eb8c0af9f1a86e055459cea,ethereum,test,1709231591,17020,8,1709145739,0
0x78d9a9355a7823887868492c47368956ea473618,ethereum,test,1709231687,17020,8,1708354411,0
0x42dbbd5ae373fea2fc320f62d44c058522bb3758,ethereum,test,1709231831,17020,8,1708949018,0
0x8af78f0c818302164f73b2365fe152c2d1fe80e1,ethereum,test,1709231891,17020,8,1708540314,0
0x328bf595cfe9023532006f02927c1248c41953e3,ethereum,test,1709231939,17020,8,1708756134,0
0x39ea10e507720783c27edd5f96bf2d6e199579b8,ethereum,test,1709232023,17020,8,1708451660,0
0xb17c88bda07d28b3838e0c1de6a30eafbcf52d85,ethereum,test,1709232047,17020,8,1709037463,0
0xacf8d5e515ed005655dfefa09c22673a37a7cdee,ethereum,test,1709232119,17020,8,1704455465,0
0xa663b02cf0a4b149d2ad41910cb81e23e1c41c32,ethereum,test,1709232215,17020,8,1708936801,0
0x2a770fad9f0cfb5b49f0eda4ffae259aeac60d0c,ethereum,test,1709232323,17020,8,1707544542,0
0x11c70caa910647d820bd014d676dcd97edd64a99,ethereum,test,1709232335,17020,8,1705554551,0
0x26f9111a358385dc46a832cf1a1a021ee72e58a1,ethereum,test,1709232335,17020,8,1708684306,0
0xab05cf7c6c3a288cd36326e4f7b8600e7268e344,ethereum,test,1709232335,17020,8,1708563680,0
0xda7c0810ce6f8329786160bb3d1734cf6661ca6e,ethereum,test,1709232347,17020,8,1708936801,0
0xb7bda6a89e724f63572ce68fddc1a6d1d5d24bcf,ethereum,test,1709232371,17020,8,1697577011,0
0x4cf89ca06ad997bc732dc876ed2a7f26a9e7f361,ethereum,test,1709232623,17020,8,1708949258,0
0xa95c5ebb86e0de73b4fb8c47a45b792cfea28c23,ethereum,test,1709232623,17020,8,1708768914,0
0xe88f8313e61a97cec1871ee37fbbe2a8bf3ed1e4,ethereum,test,1709232659,17020,8,1709155419,0
0x565d3902d6a5a2d5ce28ff427423e88933334dd2,ethereum,test,1709232671,17020,8,1708924831,0
0x5552e5a89a70cb2ef5adbbc45a6be442fe7160ec,ethereum,test,1709232707,17020,8,1705715733,0
0xbeef8e0982874e0292e6c5751c5a4092b3e1beef,ethereum,test,1709232707,17020,8,1709123682,0
0x0a77ef9bf662d62fbf9ba4cf861eaa83f9cc4fec,ethereum,test,1709232779,17020,8,1709056052,0
0x3b27f92c0e212c671ea351827edf93db27cc0c65,ethereum,test,1709232779,17020,8,1709016251,0
0xa354f35829ae975e850e23e9615b11da1b3dc4de,ethereum,test,1709232779,17020,8,1708702928,0
0xcb86c6a22cb56b6cf40cafedb06ba0df188a416e,ethereum,test,1709232803,17020,8,1709141998,0
0x6fdb90535c09b82825e38d41edf5e66211d4b442,ethereum,test,1709232887,17020,8,1705494071,0
0x2c5bc2ba3614fd27fcc7022ea71d9172e2632c16,ethereum,test,1709232911,17020,8,1707265375,0
0xa5e262ec733051b14b38901901a82f2684637e78,ethereum,test,1709232923,17020,8,1708014347,0
0x746dda2ea243400d5a63e0700f190ab79f06489e,ethereum,test,1709233055,17020,8,1708852502,0
0x0b452278223d3954f4ac050949d7998e373e7e43,ethereum,test,1709233079,17020,8,1705348518,0
0x7c84d7e3829e004a49204d650883697bc7f06748,ethereum,test,1709233079,17020,8,1708995089,0
0xd8f1460044925d2d5c723c7054cd9247027415b7,ethereum,test,1709233151,17020,8,1707513993,0
0xb1f1ee126e9c96231cc3d3fad7c08b4cf873b1f1,ethereum,test,1709233211,17020,8,1708847181,0
0xa406844323f1603701e6ad95adc8a082213a68ce,ethereum,test,1709233403,17020,8,1708879051,0
0x6f59e0461ae5e2799f1fb3847f05a63b16d0dbf8,ethereum,test,1709233451,17020,8,1709098386,0
0x891de5f139791ddf9dbabf519cfe2a049f8fc6d3,ethereum,test,1709233547,17020,8,1708832539,0
0x6f62b016b3393fdfb1f1688871b6580d47acad74,ethereum,test,1709233607,17020,8,1696436747,0
0x8929e9dbd2785e3ba16175e596cdd61520fee0d1,ethereum,test,1709233619,17020,8,1708580856,0
0x9a0df129e798438a8ad995368bd82baa7eee8913,ethereum,test,1709233619,17020,8,1708974690,0
0x7c5b267ed81009aa7374b5ca7e5137da47045ba8,ethereum,test,1709233631,17020,8,1708572093,0
0x7e6f60e237c34307d516ef80218c2b04bccbca40,ethereum,test,1709233631,17020,8,1708869307,0
0xd0d3ebcad6a20ce69bc3bc0e1ec964075425e533,ethereum,test,1709233691,17020,8,1709155100,0
0x02de007d412266a2e0fa9287c103474170f06560,ethereum,test,1709233715,17020,8,1707289479,0
0x796ef302e922fbe7020ccc1a5ead2da2970d2ff7,ethereum,test,1709233715,17020,8,1709150788,0
0x343cf59a43bd7ddd38b7236a478139a86a26222b,ethereum,test,1709233739,17020,8,1709150788,0
0xa0d3707c569ff8c87fa923d3823ec5d81c98be78,ethereum,test,1709233835,17020,8,1708940768,0
0xbd100d061e120b2c67a24453cf6368e63f1be056,ethereum,test,1709233871,17020,8,1708758384,0
0x064797ac7f833d01faeeae0e69f3af5a52a91fc8,ethereum,test,1709233883,17020,8,1708856497,0
0x82967568a57625675b260ebab1294038c9accc6e,ethereum,test,1709233883,17020,8,1708922192,0
0xe939f011a3d8fc0aa874c97e8156053a903d7176,ethereum,test,1709233943,17020,8,1707952200,0
0x51fe05eac152494908ff1ebbd50e116e960baf64,ethereum,test,1709234015,17020,8,1706710207,0
0xe1fc4455f62a6e89476f1072530c20cf1a0622da,ethereum,test,1709234027,17020,8,1708839443,0
0x68749665ff8d2d112fa859aa293f07a622782f38,ethereum,test,1709234063,17020,8,1708838970,0
0x3a810ff7211b40c4fa76205a14efe161615d0385,ethereum,test,1709234075,17020,8,1706263535,0
0xe0151763455a8a021e64880c238ba1cff3787ff0,ethereum,test,1709234075,17020,8,1708783401,0
0x7ae1d57b58fa6411f32948314badd83583ee0e8c,ethereum,test,1709234099,17020,8,1709163927,0
0xd057b63f5e69cf1b929b356b579cba08d7688048,ethereum,test,1709234255,17020,8,1708868073,0
0xe063f04f280c60aeca68b38341c2eecbec703ae2,ethereum,test,1709234291,17020,8,1708811248,0
0x072382557067b36966dab6f5fb90be32c2da07eb,ethereum,test,1709234363,17020,8,1708093104,0
0xf7dd746a613fb6362d44ecedeb743f62ade6c3aa,ethereum,test,1709234363,17020,8,1708182075,0
0x9ee8c380e1926730ad89e91665ff27063b13c90a,ethereum,test,1709234375,17020,8,1708447980,0
0xc3e8abfa04b0ec442c2a4d65699a40f7fced8055,ethereum,test,1709234375,17020,8,1708949772,0
0xe0ffddf8fd7d63cf907e433c9293069704d4d40d,ethereum,test,1709234375,17020,8,1708883422,0
0x075b1bb99792c9e1041ba13afef80c91a1e70fb3,ethereum,test,1709234435,17020,8,1709144254,0
0xc2544a32872a91f4a553b404c6950e89de901fdb,ethereum,test,1709234615,17020,8,1708949540,0
0x5c6ee304399dbdb9c8ef030ab642b10820db8f56,ethereum,test,1709234699,17020,8,1709111985,0
0x616e8bfa43f920657b3497dbf40d6b1a02d4608d,ethereum,test,1709234699,17020,8,1708843584,0
0x1729981345aa5cacdc19ea9eeffea90cf1c6e28b,ethereum,test,1709234711,17020,8,1708902188,0
0x26b80fbfc01b71495f477d5237071242e0d959d7,ethereum,test,1709234735,17020,8,1709056052,0
0x8c1bed5b9a0928467c9b1341da1d7bd5e10b6549,ethereum,test,1709234771,17020,8,1705810379,0
0xd05d90a656fc375ac1478689d7bcd31098f2dd1f,ethereum,test,1709234771,17020,8,1708561832,0
0x65a8fba02f641a13bb7b01d5e1129b0521004f52,ethereum,test,1709234819,17020,8,1707989543,0
0xfac0403a24229d7e2edd994d50f5940624cbeac2,ethereum,test,1709234819,17020,8,1707265375,0
0xec19caef9c046f5f87a497154766742ab9c90820,ethereum,test,1709234939,17020,8,1709098324,0
0xbddc20ed7978b7d59ef190962f441cd18c14e19f,ethereum,test,1709234951,17020,8,1707128809,0
0xfeeeef4d7b4bf3cc8bd012d02d32ba5fd3d51e31,ethereum,test,1709234975,17020,8,1709056052,0
0x92e187a03b6cd19cb6af293ba17f2745fd2357d5,ethereum,test,1709235011,17020,8,1708980454,0
0xaea17c97311061504f3d58026decf0fb7320afc9,ethereum,test,1709235011,17020,8,1707364610,0
0x70bef3bb2f001da2fddb207dae696cd9faff3f5d,ethereum,test,1709235023,17020,8,1706479269,0
0x83e9f223e1edb3486f876ee888d76bfba26c475a,ethereum,test,1709235095,17020,8,1708767197,0
0xbddf903f43dc7d9801f3f0034ba306169074ef8e,ethereum,test,1709235191,17020,8,1709169952,0
0xc0b314a8c08637685fc3dafc477b92028c540cfb,ethereum,test,1709235191,17020,8,1708552590,0
0xf32aa187d5bc16a2c02a6afb7df1459d0d107574,ethereum,test,1709235215,17020,8,1708006073,0
0x6e433fd2d4af81c1908fc7bfb3b68a7134c891a9,ethereum,test,1709235311,17020,8,1691744495,0
0xc5578194d457dcce3f272538d1ad52c68d1ce849,ethereum,test,1709235311,17020,8,1707469328,0
0xd81b1a8b1ad00baa2d6609e0bae28a38713872f7,ethereum,test,1709235311,17020,8,1693625795,0
0xe0a6136f866684c0f19936c0c42a8c181c066f1b,ethereum,test,1709235311,17020,8,1708764091,0
0xd049206fb408a611e543791f2d8f102a8bc253dc,ethereum,test,1709235371,17020,8,1707314086,0
0x4236f8aaf2b1f3a28420eb15b8e0ddf63201a95e,ethereum,test,1709235395,17020,8,1709158154,0
0x1ed81e03d7ddb67a21755d02ed2f24da71c27c55,ethereum,test,1709235455,17020,8,1700910890,0
0x5d07f52ae5f779422447c2a32f58c93a15e7d6f2,ethereum,test,1709235479,17020,8,1708169523,0
0x9cb1aeafcc8a9406632c5b084246ea72f62d37b6,ethereum,test,1709235491,17020,8,1708134221,0
0x8acee0fcee91cedad1c5013f031762c814740587,ethereum,test,1709235503,17020,8,1708944758,0
0xc03fbf20a586fa89c2a5f6f941458e1fbc40c661,ethereum,test,1709235551,17020,8,1704092543,0
0x9609831bb1d77de5ea10e18c9c718cb6c37d4284,ethereum,test,1709235575,17020,8,1708918518,0
0xb8b295df2cd735b15be5eb419517aa626fc43cd5,ethereum,test,1709235575,17020,8,1708949772,0
0x788d86e00ab31db859c3d6b80d5a9375801d7f2a,ethereum,test,1709235671,17020,8,1708763025,0
0x569d0e52c3dbe95983bcc2434cb9f69d905be919,ethereum,test,1709235695,17020,8,1708818573,0
0xc5922505c27ab3704a5f954ef297a88e9cf35352,ethereum,test,1709235803,17020,8,1652058735,0
0x03042482d64577a7bdb282260e2ea4c8a89c064b,ethereum,test,1709235839,17020,8,1708347380,0
0xf2b2f7b47715256ce4ea43363a867fdce9353e3a,ethereum,test,1709235839,17020,8,1708840455,0
0xf34b1db61aca1a371fe97bad2606c9f534fb9d7d,ethereum,test,1709235839,17020,8,1708548224,0
0xdddddd4301a082e62e84e43f474f044423921918,ethereum,test,1709235851,17020,8,1708328630,0
0xa67e9f021b9d208f7e3365b2a155e3c55b27de71,ethereum,test,1709235875,17020,8,1706991842,0
0xbeab712832112bd7664226db7cd025b153d3af55,ethereum,test,1709235911,17020,8,1707332845,0
0x3231cb76718cdef2155fc47b5286d82e6eda273f,ethereum,test,1709236019,17020,8,1708843584,0
0x267eb2a9a13dc304a9deff4277abe850d0852c5f,ethereum,test,1709236055,17020,8,1707011417,0
0x5ba19d656b65f1684cfea4af428c23b9f3628f97,ethereum,test,1709236055,17020,8,1706380156,0
0x1161ab556baa457994b1d6a6cca3a7a6891009fd,ethereum,test,1709236067,17020,8,1708559306,0
0x7105e64bf67eca3ae9b123f0e5ca2b83b2ef2da0,ethereum,test,1709236091,17020,8,1705851286,0
0x321c2fe4446c7c963dc41dd58879af648838f98d,ethereum,test,1709236175,17020,8,1698335263,0
0x79986af15539de2db9a5086382daeda917a9cf0c,ethereum,test,1709236187,17020,8,1708522499,0
0xbede0b8b6141856ea0d311f3b8908c91b30e1ca6,ethereum,test,1709236187,17020,8,1708900153,0
0xcb9f85730f57732fc899fb158164b9ed60c77d49,ethereum,test,1709236187,17020,8,1707977941,0
0x20bc832ca081b91433ff6c17f85701b6e92486c5,ethereum,test,1709236247,17020,8,1705917038,0
0xfe2e637202056d30016725477c5da089ab0a043a,ethereum,test,1709236247,17020,8,1707495781,0
0xd779eea9936b4e323cddff2529eb6f13d0a4d66e,ethereum,test,1709236295,17020,8,1708772961,0
0x0a13a5929e5f0ff0eaba4bd9e9512c91fce40280,ethereum,test,1709236307,17020,8,1708672548,0
0x7b86f9feb2832c3c455148f33acaf59f8a4250ed,ethereum,test,1709236343,17020,8,1708879147,0
0x0ec72cd6690db40b16be166858299f19d4f8e5b0,ethereum,test,1709236355,17020,8,1707011417,0
0x6c5024cd4f8a59110119c56f8933403a539555eb,ethereum,test,1709236379,17020,8,1708891323,0
0x445bd590a01fe6709d4f13a8f579c1e4846921db,ethereum,test,1709236391,17020,8,1708919582,0
0x927402ab67c0cda3c187e9dfe34554ac581441f2,ethereum,test,1709236403,17020,8,1703485439,0
0xcd6926193308d3b371fdd6a6219067e550000000,ethereum,test,1709236487,17020,8,1706040671,0
0x69e37422cb87d963367f73a119c8ce9a4d529b72,ethereum,test,1709236511,17020,8,1708971299,0
0xae788f80f2756a86aa2f410c651f2af83639b95b,ethereum,test,1709236535,17020,8,1708466029,0
0x96f6ef951840721adbf46ac996b59e0235cb985c,ethereum,test,1709236655,17020,8,1708572417,0
0xee3b9b531f4c564c70e14b7b3bb7d516f33513ff,ethereum,test,1709236667,17020,8,1705833611,0
0xc4c7ea4fab34bd9fb9a5e1b1a98df76e26e6407c,ethereum,test,1709236679,17020,8,1705982543,0
0xf680429328caaacabee69b7a9fdb21a71419c063,ethereum,test,1709236691,17020,8,1708901193,0
0x19de6b897ed14a376dda0fe53a5420d2ac828a28,ethereum,test,1709236703,17020,8,1708848078,0
0x131157c6760f78f7ddf877c0019eba175ba4b6f6,ethereum,test,1709236763,17020,8,1708940782,0
0xcc9ee9483f662091a1de4795249e24ac0ac2630f,ethereum,test,1709236787,17020,8,1708785384,0
0x9d7b68970d2be6dc93124477b4e2e1c9a6b180aa,ethereum,test,1709236811,17020,8,1708860487,0
0x8a001303158670e284950565164933372807cd48,ethereum,test,1709236847,17020,8,1705427363,0
0xc22b30e4cce6b78aaaadae91e44e73593929a3e9,ethereum,test,1709236847,17020,8,1708945784,0
0x491e136ff7ff03e6ab097e54734697bb5802fc1c,ethereum,test,1709236883,17020,8,1708929102,0
0x8bcbef61acd66537362f38167f11875134ffcd63,ethereum,test,1709236895,17020,8,1708152319,0
0xfa3436d54c5737047b5966299720ff8a20ff1794,ethereum,test,1709236919,17020,8,1708673755,0
0xde52a16c6db7914e6953e27a7df4ce6a315f8b45,ethereum,test,1709236991,17020,8,1709167308,0
0x00059ae69c1622a7542edc15e8d17b060fe307b6,ethereum,test,1709237027,17020,8,1708669503,0
0xf8ad7dfe656188a23e89da09506adf7ad9290d5d,ethereum,test,1709237039,17020,8,1683191786,0
0x73f2651ea38d48b3b808ffddbd398fd600ab5ba7,ethereum,test,1709237063,17020,8,1708617152,0
0x73d3a884322af11c6a5e35118c8296cbdad68caf,ethereum,test,1709237075,17020,8,1709060039,0
0x9994e35db50125e0df82e4c2dde62496ce330999,ethereum,test,1709237087,17020,8,1707209765,0
0xe7ef051c6ea1026a70967e8f04da143c67fa4e1f,ethereum,test,1709237087,17020,8,1708955071,0
0x4bdcb66b968060d9390c1d12bd29734496205581,ethereum,test,1709237099,17020,8,1708852502,0
0xcfeaead4947f0705a14ec42ac3d44129e1ef3ed5,ethereum,test,1709237123,17020,8,1709141998,0
0x911d86c72155c33993d594b0ec7e6206b4c803da,ethereum,test,1709237135,17020,8,1709146261,0
0x0ebe30595a44e5288c24161ddfc1e9fa08e33a0c,ethereum,test,1709237315,17020,8,1708853694,0
0x3446dd70b2d52a6bf4a5a192d9b0a161295ab7f9,ethereum,test,1709237315,17020,8,1708876956,0
0x8ed2fc62d6850eaadcb717465752dab591286839,ethereum,test,1709237315,17020,8,1708022343,0
0xfc10cd3895f2c66d6639ec33ae6360d6cfca7d6d,ethereum,test,1709237327,17020,8,1704804707,0
0xb26c4b3ca601136daf98593feaeff9e0ca702a8d,ethereum,test,1709237351,17020,8,1709065356,0
0x3330bfb7332ca23cd071631837dc289b09c33333,ethereum,test,1709237363,17020,8,1709128584,0
0xe3e24b4ea87935e15bbe99a24e9ace9998e4614d,ethereum,test,1709237423,17020,8,1708021764,0
0x1eb7bd905855c483db19f53c8c4d42db42a159fc,ethereum,test,1709237435,17020,8,1708941597,0
0x7ae075546e8042dc263fa0eb6519ce0a04eabb93,ethereum,test,1709237435,17020,8,1708153996,0
0xbe9f4f6c8dadb2ac61f31eb1f5171e27d8552df7,ethereum,test,1709237483,17020,8,1708801118,0
0x42baf1f659d765c65ade5bb7e08eb2c680360d9d,ethereum,test,1709237579,17020,8,1709148133,0
0x8888888837f84a7a82668e0320ac454f5945d0b9,ethereum,test,1709237579,17020,8,1708797114,0
0xa3ad8c7ab6b731045b5b16e3fdf77975c71abe79,ethereum,test,1709237579,17020,8,1708418540,0
0xaafec8e08d524d534327fa13fb306f440b5f88eb,ethereum,test,1709237615,17020,8,1707281475,0
0xb44b653f147569d88a684cbf6549e1968e8b2a1d,ethereum,test,1709237711,17020,8,1709085872,0
0xb44a59d72cb84a2f29cd1836734208e1860798fd,ethereum,test,1709237807,17020,8,1709148345,0
0xe796d6ca1ceb1b022ece5296226bf784110031cd,ethereum,test,1709237807,17020,8,1705399873,0
0x7d8daff6d70cead12c6f077048552cf89130a2b1,ethereum,test,1709237831,17020,8,1708442326,0
0xaec65404ddc3af3c897ad89571d5772c1a695f22,ethereum,test,1709237843,17020,8,1708880949,0
0x431ad2ff6a9c365805ebad47ee021148d6f7dbe0,ethereum,test,1709237891,17020,8,1708674868,0
0x70008f18fc58928dce982b0a69c2c21ff80dca54,ethereum,test,1709237891,17020,8,1708663954,0
0x183395dbd0b5e93323a7286d1973150697fffcb3,ethereum,test,1709237951,17020,8,1706946832,0
0xcb781689de60d5c48037065a2cf5f837805ff133,ethereum,test,1709238047,17020,8,1708198985,0
0x6dca182ac5e3f99985bc4ee0f726d6472ab1ec55,ethereum,test,1709238071,17020,8,1708932300,0
0x30647a72dc82d7fbb1123ea74716ab8a317eac19,ethereum,test,1709238119,17020,8,1705933103,0
0x5eca7b975e34567d9460fa613013a7a6993ad185,ethereum,test,1709238119,17020,8,1708539144,0
0xe35009059cb55ded065027e9832a2c564aff7512,ethereum,test,1709238215,17020,8,1708044389,0
0x08931c0b7b1f464515c9b179de8562a8188df8cd,ethereum,test,1709238239,17020,8,1701408563,0
0x4a615bb7166210cce20e6642a6f8fb5d4d044496,ethereum,test,1709238263,17020,8,1707400114,0
0x313408eb31939a9c33b40afe28dc378845d0992f,ethereum,test,1709238323,17020,8,1705917080,0
0x556bb0b27e855e6f2cebb47174495b9bbeb97ff1,ethereum,test,1709238371,17020,8,1708829441,0
0x98ce7f261e425ad0ca667e60675938dcffc1571a,ethereum,test,1709238395,17020,8,1708615557,0
0xa2c2c937333165d4c5f2dc5f31a43e1239fecfeb,ethereum,test,1709238419,17020,8,1709087565,0
0x1735db6ab5baa19ea55d0adceed7bcdc008b3136,ethereum,test,1709238443,17020,8,1708949018,0
0x7866e48c74cbfb8183cd1a929cd9b95a7a5cb4f4,ethereum,test,1709238443,17020,8,1708466483,0
0xe19f85c920b572ca48942315b06d6cac86585c87,ethereum,test,1709238467,17020,8,1705750403,0
0xfcaf0e4498e78d65526a507360f755178b804ba8,ethereum,test,1709238467,17020,8,1706310935,0
0x6a6c2ada3ce053561c2fbc3ee211f23d9b8c520a,ethereum,test,1709238491,17020,8,1708132858,0
0xfd0205066521550d7d7ab19da8f72bb004b4c341,ethereum,test,1709238527,17020,8,1708982678,0
0x9c354503c38481a7a7a51629142963f98ecc12d0,ethereum,test,1709238575,17020,8,1704434182,0
0xd2adc1c84443ad06f0017adca346bd9b6fc52cab,ethereum,test,1709238599,17020,8,1708946255,0
0x0b498ff89709d3838a063f1dfa463091f9801c2b,ethereum,test,1709238635,17020,8,1709144166,0
0xa487bf43cf3b10dffc97a9a744cbb7036965d3b9,ethereum,test,1709238647,17020,8,1708018192,0
0x55c08ca52497e2f1534b59e2917bf524d4765257,ethereum,test,1709238695,17020,8,1708982678,0
0xc4e8a9d47000ab8e59c7031e311762c68215e467,ethereum,test,1709238803,17020,8,1708905175,0
0x8a3d77e9d6968b780564936d15b09805827c21fa,ethereum,test,1709238815,17020,8,1708847181,0
0x31c5dec1f10dc084b95c239734dea0adb9c97c9c,ethereum,test,1709238851,17020,8,1707783695,0
0xe3668873d944e4a949da05fc8bde419eff543882,ethereum,test,1709238923,17020,8,1708919030,0
0x9e24415d1e549ebc626a13a482bb117a2b43e9cf,ethereum,test,1709239043,17020,8,1708828007,0
0xea81dab2e0ecbc6b5c4172de4c22b6ef6e55bd8f,ethereum,test,1709239127,17020,8,1707265375,0
0x19f78a898f3e3c2f40c6e0cd2ee5545f549d5e99,ethereum,test,1709239163,17020,8,1708984491,0
0x4e47951508fd4a4126f8ff9cf5e6fa3b7cc8e073,ethereum,test,1709239175,17020,8,1709146115,0
0x518b63da813d46556fea041a88b52e3caa8c16a8,ethereum,test,1709239187,17020,8,1708562969,0
0x98585dfc8d9e7d48f0b1ae47ce33332cf4237d96,ethereum,test,1709239199,17020,8,1708013306,0
0x36e43065e977bc72cb86dbd8405fae7057cdc7fd,ethereum,test,1709239223,17020,8,1707727268,0
0x7c0e72f431fd69560d951e4c04a4de3657621a88,ethereum,test,1709239223,17020,8,1708846587,0
0x5d74468b69073f809d4fae90afec439e69bf6263,ethereum,test,1709239247,17020,8,1706383187,0
0xfef4c6b56e011a684dc2054afd576d83817c2620,ethereum,test,1709239247,17020,8,1709150788,0
0xf4dc48d260c93ad6a96c5ce563e70ca578987c74,ethereum,test,1709239295,17020,8,1708888835,0
0x29d7139271398d0c2e22523fda06e023dcb07f8f,ethereum,test,1709239319,17020,8,1708608467,0
0xd794dd1cada4cf79c9eebaab8327a1b0507ef7d4,ethereum,test,1709239319,17020,8,1709156563,0
0xdf87270e04bc5ac140e93571d0dd0c6f4a058b41,ethereum,test,1709239319,17020,8,1704297035,0
0xe95a203b1a91a908f9b9ce46459d101078c2c3cb,ethereum,test,1709239367,17020,8,1709152940,0
0x3a82d3111ab5faf39d847d46023d9090261a658f,ethereum,test,1709239439,17020,8,1706653820,0
0x79dbe8c482e2fdab1d1874560a9ba60161c7561d,ethereum,test,1709239451,17020,8,1708949540,0
0xd9fcd98c322942075a5c3860693e9f4f03aae07b,ethereum,test,1709239571,17020,8,1708363659,0
0x144805be43c48ef85435c94e0da4cb4efb1ab4f3,ethereum,test,1709239583,17020,8,1707464170,0
0xe57425f1598f9b0d6219706b77f4b3da573a3695,ethereum,test,1709239583,17020,8,1708839443,0
0x375abb85c329753b1ba849a601438ae77eec9893,ethereum,test,1709239607,17020,8,1709016688,0
0x7d8d7c26179b7a6aebbf66a91c38ed92d5b4996b,ethereum,test,1709239631,17020,8,1707880222,0
0x8c543aed163909142695f2d2acd0d55791a9edb9,ethereum,test,1709239631,17020,8,1709073898,0
0x66d28cb58487a7609877550e1a34691810a6b9fc,ethereum,test,1709239691,17020,8,1708876956,0
0xf1dba5c1972778763409447d9adedabbbeb177c1,ethereum,test,1709239691,17020,8,1706556842,0
0x87de305311d5788e8da38d19bb427645b09cb4e5,ethereum,test,1709239703,17020,8,1709073898,0
0x48c3399719b582dd63eb5aadf12a40b4c3f52fa2,ethereum,test,1709239775,17020,8,1707643467,0
0x7a2bc711e19ba6aff6ce8246c546e8c4b4944dfd,ethereum,test,1709239775,17020,8,1708980520,0
0x1037f509ade6bdcc82b52755cb96ca1f5260b695,ethereum,test,1709239799,17020,8,1708269588,0
0x73a83269b9bbafc427e76be0a2c1a1db2a26f4c2,ethereum,test,1709239799,17020,8,1709016688,0
0x83e817e1574e2201a005ec0f7e700ed5606f555e,ethereum,test,1709239811,17020,8,1708697869,0
0x5dcd6272c3cbb250823f0b7e6c618bce11b21f90,ethereum,test,1709239835,17020,8,1708971299,0
0x87869a9789291a6cec99f3c3ef2ff71fceb12a8e,ethereum,test,1709239859,17020,8,1708899931,0
0xda16cf041e2780618c49dbae5d734b89a6bac9b3,ethereum,test,1709239895,17020,8,1706804790,0
0x5c8190b76e90b4dd0702740cf6eb0f7ee01ab5e9,ethereum,test,1709239919,17020,8,1709150788,0
0xc4ee0aa2d993ca7c9263ecfa26c6f7e13009d2b6,ethereum,test,1709239919,17020,8,1708519607,0
0x082646b22a3960da69ef7a778c16dd6fb85dd999,ethereum,test,1709239991,17020,8,1708565084,0
0x8db1d28ee0d822367af8d220c0dc7cb6fe9dc442,ethereum,test,1709240003,17020,8,1709164665,0
0xbec252e41ce0dc961e122376a9a9b031cacab7c5,ethereum,test,1709240003,17020,8,1703274287,0
0x571e21a545842c6ce596663cda5caa8196ac1c7a,ethereum,test,1709240039,17020,8,1707544542,0
0x6b42cd132fdab81bc957bd03ffa981dd16fa3143,ethereum,test,1709240099,17020,8,1700971652,0
0x69bbc3f8787d573f1bbdd0a5f40c7ba0aee9bcc9,ethereum,test,1709240111,17020,8,1708255890,0
0x70b790d0948a760e80bc3f892b142f7779b538b2,ethereum,test,1709240243,17020,8,1706076083,0
0x171f9cfc136f2b2aaa148fcc6b660a2029bab048,ethereum,test,1709240255,17020,8,1707977941,0
0x8c6778023c3d4fd79ddd14810079f64c39e9e43d,ethereum,test,1709240291,17020,8,1709085872,0
0x48759f220ed983db51fa7a8c0d2aab8f3ce4166a,ethereum,test,1709240303,17020,8,1708570227,0
0x22b6c31c2beb8f2d0d5373146eed41ab9ede3caf,ethereum,test,1709240339,17020,8,1707880222,0
0x3250577e12b9469915c1fa3a71c22817ca44c4d9,ethereum,test,1709240339,17020,8,1704006851,0
0xad038eb671c44b853887a7e32528fab35dc5d710,ethereum,test,1709240363,17020,8,1708466029,0
0xbb63e6be33bc5b5386d7ab0529dc6c400f2ac2ec,ethereum,test,1709240387,17020,8,1705714979,0
0x9ac59862934ebc36072d4d8ada37c62373a13856,ethereum,test,1709240411,17020,8,1708959303,0
0xef3a930e1ffffacd2fc13434ac81bd278b0ecc8d,ethereum,test,1709240411,17020,8,1708901193,0
0x01eeffcd9a10266ed00946121df097eed173b43d,ethereum,test,1709240435,17020,8,1708418540,0
0x777172d858dc1599914a1c4c6c9fc48c99a60990,ethereum,test,1709240435,17020,8,1709074338,0
0x48afbbd342f64ef8a9ab1c143719b63c2ad81710,ethereum,test,1709240483,17020,8,1707585017,0
0xe831f96a7a1dce1aa2eb760b1e296c6a74caa9d5,ethereum,test,1709240531,17020,8,1705925680,0
0xf17a3fe536f8f7847f1385ec1bc967b2ca9cae8d,ethereum,test,1709240543,17020,8,1708981106,0
0x50d5118fb90d572b9d42ba65e0addc4900867809,ethereum,test,1709240555,17020,8,1708785381,0
0xd7c49cee7e9188cca6ad8ff264c1da2e69d4cf3b,ethereum,test,1709240567,17020,8,1707593173,0
0x5362ca75aa3c0e714bc628296640c43dc5cb9ed6,ethereum,test,1709240807,17020,8,1707935884,0
0x155ff1a85f440ee0a382ea949f24ce4e0b751c65,ethereum,test,1709241107,17020,8,1709016688,0
0x12c51b8f1b8a98c70fe6ae45c158a78931423e4c,ethereum,test,1709241323,17020,8,1708837478,0
0x81f8f0bb1cb2a06649e51913a151f0e7ef6fa321,ethereum,test,1709241323,17020,8,1708719260,0
0xe46a5e19b19711332e33f33c2db3ea143e86bc10,ethereum,test,1709241359,17020,8,1706283586,0
0x5b09a0371c1da44a8e24d36bf5deb1141a84d875,ethereum,test,1709241383,17020,8,1709159592,0
0x32bd822d615a3658a68b6fdd30c2fcb2c996d678,ethereum,test,1709241395,17020,8,1708647959,0
0xd7c302fc3ac829c7e896a32c4bd126f3e8bd0a1f,ethereum,test,1709241395,17020,8,1705418297,0
0xb551b43af192965f74e3dfaa476c890b403cad95,ethereum,test,1709241467,17020,8,1707544542,0
0x68eb95dc9934e19b86687a10df8e364423240e94,ethereum,test,1709241491,17020,8,1702669571,0
0x85f17cf997934a597031b2e18a9ab6ebd4b9f6a4,ethereum,test,1709241515,17020,8,1709129500,0
0xf017d3690346eb8234b85f74cee5e15821fee1f4,ethereum,test,1709241515,17020,8,1703780959,0
0x965697b4ef02f0de01384d0d4f9f782b1670c163,ethereum,test,1709241575,17020,8,1708953795,0
0x8d610e20481f4c4f3acb87bba9c46bef7795fdfe,ethereum,test,1709241599,17020,8,1709148133,0
0xd43be54c1aedf7ee4099104f2dae4ea88b18a249,ethereum,test,1709241599,17020,8,1707290328,0
0x1b8568fbb47708e9e9d31ff303254f748805bf21,ethereum,test,1709241611,17020,8,1705874077,0
0xd3210f246ae54c5a45a7b4a83315bf718f591bfc,ethereum,test,1709241755,17020,8,1708104539,0
0xff44b937788215eca197baaf9af69dbdc214aa04,ethereum,test,1709241767,17020,8,1709056052,0
0x5c1ac4e697a2814812a284509e1f1b8aa34a25f3,ethereum,test,1709241827,17020,8,1702690880,0
0x33e07f5055173cf8febede8b21b12d1e2b523205,ethereum,test,1709241875,17020,8,1709141998,0
0xd85a6ae55a7f33b0ee113c234d2ee308edeaf7fd,ethereum,test,1709241887,17020,8,1708710771,0
0x24ec2ca132abf8f6f8a6e24a1b97943e31f256a7,ethereum,test,1709242043,17020,8,1708715312,0
0xb097dd6a23175c10eaa45a1f410d7eb4cfdafc8a,ethereum,test,1709242187,17020,8,1698047197,0
0x695d38eb4e57e0f137e36df7c1f0f2635981246b,ethereum,test,1709242247,17020,8,1708563680,0
0x4f43c77872db6ba177c270986cd30c3381af37ee,ethereum,test,1709242259,17020,8,1709096520,0
0xcd17fa52528f37facb3028688e62ec82d9417581,ethereum,test,1709242271,17020,8,1709056052,0
0xd567b5f02b9073ad3a982a099a23bf019ff11d1c,ethereum,test,1709242283,17020,8,1708949018,0
0xd39a2cecba2657e125ba6a5c98ad2f6b6d7e83fd,ethereum,test,1709242307,17020,8,1708211587,0
0x8dd09822e83313adca54c75696ae80c5429697ff,ethereum,test,1709242415,17020,8,1709116227,0
0x426aedbed16726e3f220cb4fed4d4060b95cca46,ethereum,test,1709242475,17020,8,1703734487,0
0x280df82db83abb0a4c734bb02afc7985a1c8eaf2,ethereum,test,1709242535,17020,8,1708777445,0
0xcf4c68db4c2fa0bf58df07b14f45ce7709a716ac,ethereum,test,1709242535,17020,8,1708931739,0
0xcc6f1e1b87cfcbe9221808d2d85c501aab0b5192,ethereum,test,1709242559,17020,8,1708886565,0
0x0ed3a1d45dfdcf85bcc6c7bafdc0170a357b974c,ethereum,test,1709242607,17020,8,1709163927,0
0xec70ff4a5b09110e4d20ada4f2db4a86ec61fac6,ethereum,test,1709242607,17020,8,1706180735,0
0x59d9356e565ab3a36dd77763fc0d87feaf85508c,ethereum,test,1709242643,17020,8,1707964496,0
0x6d614686550b9e1c1df4b2cd8f91c9d4df66c810,ethereum,test,1709242691,17020,8,1709060039,0
0x52e11b84b027c2d44a57e9c632e9a6895450a772,ethereum,test,1709242763,17020,8,1705800503,0
0xd6c67b93a7b248df608a653d82a100556144c5da,ethereum,test,1709242763,17020,8,1707314434,0
0x01ba67aac7f75f647d94220cc98fb30fcc5105bf,ethereum,test,1709242775,17020,8,1709169952,0
0x3212b29e33587a00fb1c83346f5dbfa69a458923,ethereum,test,1709242823,17020,8,1709119314,0
0xb4272071ecadd69d933adcd19ca99fe80664fc08,ethereum,test,1709242823,17020,8,1708981106,0
0x0aa1582bebf8d96ea384b6829a5d41278579cd88,ethereum,test,1709242907,17020,8,1708848489,0
0xe1bda0c3bfa2be7f740f0119b6a34f057bd58eba,ethereum,test,1709242919,17020,8,1708495891,0
0x30f7c830e0c2f4bec871df809d73e27ef19eb151,ethereum,test,1709242967,17020,8,1708931085,0
0x185ece9bc75164f9fc0fbe44738e8dd1863f8464,ethereum,test,1709243015,17020,8,1706091954,0
0xff770e4c68e35db85c6e0e89a43750ec02bdb2ac,ethereum,test,1709243015,17020,8,1706723580,0
0x613577bfea8ba6571f6b7a86716d04c80a3fbeb4,ethereum,test,1709243087,17020,8,1708563353,0
0x335f4e66b9b61cee5ceade4e727fcec20156b2f0,ethereum,test,1709243099,17020,8,1709049743,0
0xc9fe6e1c76210be83dc1b5b20ec7fd010b0b1d15,ethereum,test,1709243147,17020,8,1709013881,0
0x5f190f9082878ca141f858c1c90b4c59fe2782c5,ethereum,test,1709243159,17020,8,1706388911,0
0x856c4efb76c1d1ae02e20ceb03a2a6a08b0b8dc3,ethereum,test,1709243183,17020,8,1708615541,0
0x1712aad2c773ee04bdc9114b32163c058321cd85,ethereum,test,1709243207,17020,8,1708856497,0
0xec5483804e637d45cde22fa0869656b64b5ab1ab,ethereum,test,1709243267,17020,8,1708868887,0
0x91235900178f3ce970028fad5f1be25cd385a2e4,ethereum,test,1709243315,17020,8,1697969099,0
0x3af33bef05c2dcb3c7288b77fe1c8d2aeba4d789,ethereum,test,1709243363,17020,8,1707763254,0
0x4be2b2c45b432ba362f198c08094017b61e3bdc6,ethereum,test,1709243363,17020,8,1708719260,0
0xb076bda1abc154ddb4ccd9be45542a823aee290e,ethereum,test,1709243387,17020,8,1708823352,0
0x4574562e9310a94f9ca962bd23168d8a06875b1a,ethereum,test,1709243399,17020,8,1705774883,0
0x3540abe4f288b280a0740ad5121aec337c404d15,ethereum,test,1709243423,17020,8,1703783315,0
0x8df5066cf67d909eb67b82854cf54026d31fffae,ethereum,test,1709243483,17020,8,1708958683,0
0x0b9ae6b1d4f0eeed904d1cef68b9bd47499f3fff,ethereum,test,1709243495,17020,8,1708944758,0
0xf538296e7dd856af7044deec949489e2f25705bc,ethereum,test,1709243495,17020,8,1704075071,0
0x256d1fce1b1221e8398f65f9b36033ce50b2d497,ethereum,test,1709243507,17020,8,1708949258,0
0x59f4f336bf3d0c49dbfba4a74ebd2a6ace40539a,ethereum,test,1709243507,17020,8,1707709292,0
0xc14b4d4ca66f40f352d7a50fd230ef8b2fb3b8d4,ethereum,test,1709243543,17020,8,1708856497,0
0x8b12bd54ca9b2311960057c8f3c88013e79316e3,ethereum,test,1709243603,17020,8,1706989325,0
0x93c9175e26f57d2888c7df8b470c9eea5c0b0a93,ethereum,test,1709243615,17020,8,1707738046,0
0xc3d688b66703497daa19211eedff47f25384cdc3,ethereum,test,1709243615,17020,8,1706134775,0
0x329c6e459ffa7475718838145e5e85802db2a303,ethereum,test,1709243639,17020,8,1708981106,0
0x9ee91f9f426fa633d227f7a9b000e28b9dfd8599,ethereum,test,1709243639,17020,8,1706965651,0
0x7d4a7be025652995364e0e232063abd9e8d65e6e,ethereum,test,1709243675,17020,8,1708536231,0
0xf1bb87563a122211d40d393ebf1c633c330377f9,ethereum,test,1709243687,17020,8,1706707716,0
0x7138eb0d563f3f6722500936a11dcae99d738a2c,ethereum,test,1709243711,17020,8,1708132858,0
0xa0e7626287bd02cbe3531c65148261bf0c0ed98b,ethereum,test,1709243723,17020,8,1708031534,0
0xcb0d82f4dfa503c9e3b8abc7a3caa01175b2da39,ethereum,test,1709243735,17020,8,1708951468,0
0x55a380d134d722006a5ce2d510562e1239d225b1,ethereum,test,1709243819,17020,8,1708869307,0
0xef3daa5fda8ad7aabff4658f1f78061fd626b8f0,ethereum,test,1709243819,17020,8,1708932300,0
0x66087d2f2923a63e48f930cf95a10641817e28e9,ethereum,test,1709243843,17020,8,1705994807,0
0x3e34eabf5858a126cb583107e643080cee20ca64,ethereum,test,1709243867,17020,8,1709155419,0
0xcfcecfe2bd2fed07a9145222e8a7ad9cf1ccd22a,ethereum,test,1709243879,17020,8,1709154507,0
0x450e7f6e3a2f247a51b98c39297a9a5bfbdb3170,ethereum,test,1709243891,17020,8,1708511753,0
0xe60779cc1b2c1d0580611c526a8df0e3f870ec48,ethereum,test,1709243891,17020,8,1709145933,0
0xf7e945fce8f19302aacc7e1418b0a0bdef89327b,ethereum,test,1709243891,17020,8,1709156563,0
0x46b2deae6eff3011008ea27ea36b7c27255ddfa9,ethereum,test,1709243903,17020,8,1706012567,0
0x42a7797351dfd281a80807196c8508eb70bb2af9,ethereum,test,1709244011,17020,8,1708389632,0
0x26805021988f1a45dc708b5fb75fc75f21747d8c,ethereum,test,1709244035,17020,8,1705436987,0
0xcaa79bf8b1d00bf3d4f6dbec6221955871c04618,ethereum,test,1709244095,17020,8,1708552590,0
0x65e9ed59a6c03e97ae984b6c4ff912448ebd3566,ethereum,test,1709244107,17020,8,1708828574,0
0x2791bfd60d232150bff86b39b7146c0eaaa2ba81,ethereum,test,1709244119,17020,8,1708006073,0
0xabec00542d141bddf58649bfe860c6449807237c,ethereum,test,1709244179,17020,8,1705988543,0
0xfd1450a131599ff34f3be1775d8c8bf79e353d8c,ethereum,test,1709244179,17020,8,1709032962,0
0x6bea7cfef803d1e3d5f7c0103f7ded065644e197,ethereum,test,1709244215,17020,8,1708314952,0
0xab2a7b5876d707e0126b3a75ef7781c77c8877ee,ethereum,test,1709244215,17020,8,1709111985,0
0x2b896c7f060ae441b76bbe47cddca934ba60f37f,ethereum,test,1709244263,17020,8,1707492484,0
0x2ebd53d035150f328bd754d6dc66b99b0edb89aa,ethereum,test,1709244383,17020,8,1706066195,0
0x34dce75a3d1910cc9d188aa5a75fb9addcae0fcc,ethereum,test,1709244455,17020,8,1708418540,0
0xbb3a8fd6ec4bf0fdc6cd2739b1e41192d12b1873,ethereum,test,1709244455,17020,8,1709143540,0
0xfcf8eda095e37a41e002e266daad7efc1579bc0a,ethereum,test,1709244467,17020,8,1708860487,0
0x8d1ce361eb68e9e05573443c407d4a3bed23b033,ethereum,test,1709244491,17020,8,1709096520,0
0xc5b3da6fb2d6977e521097dc3b71e2b3638290fb,ethereum,test,1709244491,17020,8,1691586683,0
0x9be776559fed779cabd67042a7b8987aae592541,ethereum,test,1709244503,17020,8,1705744822,0
0x58f9102bf53cf186682bd9a281d3cd3c616eec41,ethereum,test,1709244563,17020,8,1708785384,0
0x0b0a8c7c34374c1d0c649917a97eee6c6c929b1b,ethereum,test,1709244587,17020,8,1706595913,0
0x5aa158404fed6b4730c13f49d3a7f820e14a636f,ethereum,test,1709244611,17020,8,1709049611,0
0x2e1e15c44ffe4df6a0cb7371cd00d5028e571d14,ethereum,test,1709244671,17020,8,1708844382,0
0x056c1d42fb1326f57da7f19ebb7dda4673f1ff55,ethereum,test,1709244683,17020,8,1709153492,0
0x5b322514ff727253292637d9054301600c2c81e8,ethereum,test,1709244743,17020,8,1708572093,0
0x4af8aa621df6dd3e2d653188a357fc2b35c6a037,ethereum,test,1709244815,17020,8,1709148087,0
0x6c22910c6f75f828b305e57c6a54855d8adeabf8,ethereum,test,1709244815,17020,8,1708662782,0
0x8a3c710e41cd95799c535f22dbae371d7c858651,ethereum,test,1709244815,17020,8,1702050127,0
0xa1f410f13b6007fca76833ee7eb58478d47bc5ef,ethereum,test,1709244815,17020,8,1708768914,0
0x15c65da8309153d4d0edb47041555f155d5e4933,ethereum,test,1709244875,17020,8,1708859701,0
0x0b925ed163218f6662a35e0f0371ac234f9e9371,ethereum,test,1709244899,17020,8,1709153492,0
0x333000333b26ee30214b4af6419d9ab07a450400,ethereum,test,1709244899,17020,8,1709175606,0
0x34c8e19fb8700e9de2c8149bd3257c32d3c2f212,ethereum,test,1709244911,17020,8,1694759279,0
0xb435a47ecea7f5366b2520e45b9bed7e01d2ffae,ethereum,test,1709244911,17020,8,1707995078,0
0xf136d7b0b7ae5b86d21e7b78dfa95375a7360f19,ethereum,test,1709244911,17020,8,1708946495,0
0x2dd087589ce9c5b2d1b42e20d2519b3c8cf022b7,ethereum,test,1709244971,17020,8,1708590140,0
0xf0610eb7d8ee12d59412da32625d5e273e78ff0b,ethereum,test,1709244971,17020,8,1701272500,0
0x9cf0ed013e67db12ca3af8e7506fe401aa14dad6,ethereum,test,1709245067,17020,8,1708942969,0
0xa1f82e14bc09a1b42710df1a8a999b62f294e592,ethereum,test,1709245067,17020,8,1709058539,0
0x9ce07410673206c693bcec9b07710767637a564c,ethereum,test,1709245079,17020,8,1708117320,0
0x31adda225642a8f4d7e90d4152be6661ab22a5a2,ethereum,test,1709245091,17020,8,1709154489,0
0x19ae49b9f38dd836317363839a5f6bfbfa7e319a,ethereum,test,1709245115,17020,8,1708876533,0
0x682f3317a8db21ba205dc84a0b7bd5010333bda7,ethereum,test,1709245187,17020,8,1707544542,0
0x04c154b66cb340f3ae24111cc767e0184ed00cc6,ethereum,test,1709245223,17020,8,1708923219,0
0x42af2345dd4b4b3274f6a25a367fae10e0ebcf0c,ethereum,test,1709245223,17020,8,1707727268,0
0xa067237f8016d5e3770cf08b20e343ab9ee813d5,ethereum,test,1709245223,17020,8,1708847181,0
0xcd2828fc4d8e8a0ede91bb38cf64b1a81de65bf6,ethereum,test,1709245223,17020,8,1709016251,0
0x1831186e1cbd4fa7f4f23d8453a68969067e34e1,ethereum,test,1709245271,17020,8,1707780934,0
0x1a6658f40e51b372e593b7d2144c1402d5cf33e8,ethereum,test,1709245271,17020,8,1708839443,0
0x5fc111f3fa4c6b32eaf65659cfebdeed57234069,ethereum,test,1709245271,17020,8,1704303360,0
0xaedf386b755465871ff874e3e37af5976e247064,ethereum,test,1709245283,17020,8,1695906931,0
0xe76c6c83af64e4c60245d8c7de953df673a7a33d,ethereum,test,1709245283,17020,8,1708451660,0
0x821a278dfff762c76410264303f25bf42e195c0c,ethereum,test,1709245307,17020,8,1709153492,0
0x961d4921e1718e633bac8ded88c4a1cae44b785a,ethereum,test,1709245427,17020,8,1708527426,0
0x0f5c78f152152dda52a2ea45b0a8c10733010748,ethereum,test,1709245439,17020,8,1708880531,0
0x892a6f9df0147e5f079b0993f486f9aca3c87881,ethereum,test,1709245451,17020,8,1709136126,0
0x52a8845df664d76c69d2eea607cd793565af42b8,ethereum,test,1709245511,17020,8,1704365687,0
0xf5cfbc74057c610c8ef151a439252680ac68c6dc,ethereum,test,1709245523,17020,8,1708949598,0
0x99bb69ee1bbfc7706c3ebb79b21c5b698fe58ec0,ethereum,test,1709245571,17020,8,1708919256,0
0xe4f726adc8e89c6a6017f01eada77865db22da14,ethereum,test,1709245595,17020,8,1708843584,0
0xe9b076b476d8865cdf79d1cf7df420ee397a7f75,ethereum,test,1709245619,17020,8,1709100483,0
0xbba39fd2935d5769116ce38d46a71bde9cf03099,ethereum,test,1709245655,17020,8,1708949018,0
0x444444444444c1a66f394025ac839a535246fcc8,ethereum,test,1709245679,17020,8,1704846875,0
0x8fc8f8269ebca376d046ce292dc7eac40c8d358a,ethereum,test,1709245691,17020,8,1707977941,0
0xa1116930326d21fb917d5a27f1e9943a9595fb47,ethereum,test,1709245691,17020,8,1708937047,0
0x823e1b82ce1dc147bbdb25a203f046afab1ce918,ethereum,test,1709245715,17020,8,1708780828,0
0xc9f00080d96cea3ef92d2e2e563d4cd41fb5bb36,ethereum,test,1709245715,17020,8,1708941482,0
0x07f9702ce093db82dfdc92c2c6e578d6ea8d5e22,ethereum,test,1709245763,17020,8,1707314434,0
0x6bb61215298f296c55b19ad842d3df69021da2ef,ethereum,test,1709245763,17020,8,1707508130,0
0x4463e6a3ded0dbe3f6e15bc8420dfc55e5fea830,ethereum,test,1709245811,17020,8,1708555575,0
0xae12c5930881c53715b369cec7606b70d8eb229f,ethereum,test,1709245811,17020,8,1705427363,0
0xda816459f1ab5631232fe5e97a05bbbb94970c95,ethereum,test,1709245871,17020,8,1709146379,0
0x31429d1856ad1377a8a0079410b297e1a9e214c2,ethereum,test,1709245883,17020,8,1708805034,0
0x40d16fc0246ad3160ccc09b8d0d3a2cd28ae6c2f,ethereum,test,1709245919,17020,8,1709148087,0
0xd2aee1ce2b4459de326971de036e82f1318270af,ethereum,test,1709245919,17020,8,1708991539,0
0x41a08648c3766f9f9d85598ff102a08f4ef84f84,ethereum,test,1709245931,17020,8,1709162278,0
0xbd7e92cf6f857be8541fca6abfb72aef8e16c307,ethereum,test,1709245955,17020,8,1708845828,0
0xeec2be5c91ae7f8a338e1e5f3b5de49d07afdc81,ethereum,test,1709245955,17020,8,1707332845,0
0xf03d5fc6e08de6ad886fca34abf9a59ef633b78a,ethereum,test,1709245955,17020,8,1703389343,0
0x94025780a1ab58868d9b2dbbb775f44b32e8e6e5,ethereum,test,1709245967,17020,8,1708901193,0
0x47879db9e657e644082071b48e2f33d80f369f02,ethereum,test,1709245991,17020,8,1707763254,0
0x0a58153a0cd1cfaea94ce1f7fdc5d7e679eca936,ethereum,test,1709246003,17020,8,1708785384,0
0x6f80310ca7f2c654691d1383149fa1a57d8ab1f8,ethereum,test,1709246027,17020,8,1708572093,0
0x74d2d73b455540b037298c0e0925bc702aedbe4a,ethereum,test,1709246027,17020,8,1708363968,0
0x8b227d72570d3ead66014bca8305cbef7f90d1ee,ethereum,test,1709246051,17020,8,1708682053,0
0x992d339532a9c42f1b0e59a57e95f38da38c66f6,ethereum,test,1709246051,17020,8,1705988543,0
0x470ebf5f030ed85fc1ed4c2d36b9dd02e77cf1b7,ethereum,test,1709246075,17020,8,1709144166,0
0x46b7f43137e4996b40ad7e55c791949cc3e7c734,ethereum,test,1709246099,17020,8,1709078978,0
0xa5fd0e8991be631917d2d2b2d5dacfd7bfef7876,ethereum,test,1709246099,17020,8,1709129500,0
0x37fe0f067fa808ffbdd12891c0858532cfe7361d,ethereum,test,1709246123,17020,8,1707275126,0
0x62784378a40f6b3ecfad6cd6c167c41ddf5b5e05,ethereum,test,1709246159,17020,8,1700363339,0
0x96e61422b6a9ba0e068b6c5add4ffabc6a4aae27,ethereum,test,1709246231,17020,8,1709073898,0
0xf9a2d7e60a3297e513317ad1d7ce101cc4c6c8f6,ethereum,test,1709246231,17020,8,1709150644,0
0x03049b395147713ae53c0617093675b4b86dde78,ethereum,test,1709246243,17020,8,1707262071,0
0x60eb57d085c59932d5faa6c6026268a4386927d0,ethereum,test,1709246255,17020,8,1706847816,0
0x614da3b37b6f66f7ce69b4bbbcf9a55ce6168707,ethereum,test,1709246279,17020,8,1708845828,0
0xa41f142b6eb2b164f8164cae0716892ce02f311f,ethereum,test,1709246339,17020,8,1708995089,0
0x1e610de0d7acfa1d820024948a91d96c5c9ce6b9,ethereum,test,1709246351,17020,8,1706991842,0
0xd38225129de04636e21f41492025fc6b75d7ffe5,ethereum,test,1709246351,17020,8,1708587719,0
0x9ad37205d608b8b219e6a2573f922094cec5c200,ethereum,test,1709246399,17020,8,1708941284,0
0xc581b735a1688071a1746c968e0798d642ede491,ethereum,test,1709246411,17020,8,1707400114,0
0xba25b2281214300e4e649fead9a6d6acd25f1c0a,ethereum,test,1709246471,17020,8,1708905175,0
0x35e78b3982e87ecfd5b3f3265b601c046cdbe232,ethereum,test,1709246483,17020,8,1708771349,0
0xab5d6508e4726141d29c6074ab366afa03f4ec8d,ethereum,test,1709246483,17020,8,1708511753,0
0x49446a0874197839d15395b908328a74ccc96bc0,ethereum,test,1709246495,17020,8,1707238942,0
0x8503a7b00b4b52692cc6c14e5b96f142e30547b7,ethereum,test,1709246507,17020,8,1708811998,0
0x579cea1889991f68acc35ff5c3dd0621ff29b0c9,ethereum,test,1709246519,17020,8,1709144166,0
0xb5b1b659da79a2507c27aad509f15b4874edc0cc,ethereum,test,1709246519,17020,8,1709148133,0
0x1fc5ef0337aea85c5f9198853a6e3a579a7a6987,ethereum,test,1709246531,17020,8,1708548224,0
0x24bff4fe25b5807bad49b2c08d79bb271766e68a,ethereum,test,1709246531,17020,8,1708805820,0
0xac042d9284df95cc6bd35982f6a61e3e7a6f875b,ethereum,test,1709246555,17020,8,1708955896,0
0x9e20461bc2c4c980f62f1b279d71734207a6a356,ethereum,test,1709246615,17020,8,1709136126,0
0x02d3a27ac3f55d5d91fb0f52759842696a864217,ethereum,test,1709246627,17020,8,1708971799,0
0x3fe6a295459fae07df8a0cecc36f37160fe86aa9,ethereum,test,1709246627,17020,8,1705563971,0
0x6243d8cea23066d098a15582d81a598b4e8391f4,ethereum,test,1709246627,17020,8,1709112931,0
0x5fa3418d828e5cd3c61a66e0fc7fa4a35dadf960,ethereum,test,1709246639,17020,8,1708719260,0
0x8ee325ae3e54e83956ef2d5952d3c8bc1fa6ec27,ethereum,test,1709246639,17020,8,1709166969,0
0x66a3a58f812d0f433daaf1d96e14fd72d1d03d67,ethereum,test,1709246687,17020,8,1709146959,0
0xa0b93b9e90ab887e53f9fb8728c009746e989b53,ethereum,test,1709246687,17020,8,1706814814,0
0x081131434f93063751813c619ecca9c4dc7862a3,ethereum,test,1709246711,17020,8,1708862500,0
0x5a3153ae94e9fe2ecfdbd7ba7284c51560cb7aee,ethereum,test,1709246711,17020,8,1707674093,0
0x7cdbfc86a0bfa20f133748b0cf5cea5b787b182c,ethereum,test,1709246711,17020,8,1708869307,0
0xb6ff96b8a8d214544ca0dbc9b33f7ad6503efd32,ethereum,test,1709246759,17020,8,1708849477,0
0xe5a733681bbe6cd8c764bb8078ef8e13a576dd78,ethereum,test,1709246759,17020,8,1709163313,0
0x4ffe9cc172527df1e40d0b2efe1e9f05884a13da,ethereum,test,1709246771,17020,8,1708751185,0
0xe2353069f71a27bbbe66eeabff05de109c7d5e19,ethereum,test,1709246771,17020,8,1708641706,0
0x4ec1b60b96193a64acae44778e51f7bff2007831,ethereum,test,1709246783,17020,8,1705744822,0
0x0b6f3c17e1626a7cbfa4302ce4e3c45522d23a83,ethereum,test,1709246819,17020,8,1707261753,0
0x12e2b8033420270db2f3b328e32370cb5b2ca134,ethereum,test,1709246819,17020,8,1708706213,0
0x0d86eb9f43c57f6ff3bc9e23d8f9d82503f0e84b,ethereum,test,1709246831,17020,8,1709150788,0
0xcb129aa11ceaa00da1a92d12e26bb776ef3c3628,ethereum,test,1709246831,17020,8,1709032702,0
0xfc82bb4ba86045af6f327323a46e80412b91b27d,ethereum,test,1709246867,17020,8,1707275126,0
0x92cc36d66e9d739d50673d1f27929a371fb83a67,ethereum,test,1709246915,17020,8,1709073898,0
0x23878914efe38d27c4d67ab83ed1b93a74d4086a,ethereum,test,1709246975,17020,8,1708547651,0
0x6ca88cc8d9288f5cad825053b6a1b179b05c76fc,ethereum,test,1709246999,17020,8,1705330560,0
0x2c06ba9e7f0daccbc1f6a33ea67e85bb68fbee3a,ethereum,test,1709247059,17020,8,1708981106,0
0x67f3086f7823eaf35f5aaadfb2e9b9c5b09578cf,ethereum,test,1709247071,17020,8,1708829441,0
0x792348668c8d4b640bb7c09d7127234d4c29053e,ethereum,test,1709247071,17020,8,1709155987,0
0x2dc917b722184ece1dcb9bb9dddfb1d63ccd25eb,ethereum,test,1709247095,17020,8,1708891256,0
0xaa68ca9c69a4ff22203ce189ce4448d7401875e8,ethereum,test,1709247095,17020,8,1705085603,0
0xac440d0ee23fa69632aa731322c2a480dd1376e4,ethereum,test,1709247095,17020,8,1708876791,0
0x441761326490cacf7af299725b6292597ee822c2,ethereum,test,1709247131,17020,8,1704194243,0
0x4b5f49487ea7b3609b1ad05459be420548789f1f,ethereum,test,1709247131,17020,8,1708014347,0
0xe04f47ff45576249bc5083dfdf987e03d0550113,ethereum,test,1709247167,17020,8,1707288195,0
0xa2881f7f441267042f9778ffa0d4f834693426be,ethereum,test,1709247179,17020,8,1709148133,0
0xedadeb5faa413e6c8623461849dfd0b7c3790c32,ethereum,test,1709247179,17020,8,1708905175,0
0xc19b6a4ac7c7cc24459f08984bbd09664af17bd1,ethereum,test,1709247191,17020,8,1706386799,0
0x3e2324342bf5b8a1dca42915f0489497203d640e,ethereum,test,1709247227,17020,8,1709045688,0
0xa23c1194d421f252b4e6d5edcc3205f7650a4ebe,ethereum,test,1709247239,17020,8,1708576737,0
0xde5ed76e7c05ec5e4572cfc88d1acea165109e44,ethereum,test,1709247287,17020,8,1708234929,0
0x40803cea2b2a32bda1be61d3604af6a814e70976,ethereum,test,1709247323,17020,8,1699353815,0
0x94e9eb8b5ab9fd6b9ea3169d55ffade62a01702e,ethereum,test,1709247323,17020,8,1708563680,0
0x160403f6239b36c640efdf2c79cd3de11956591c,ethereum,test,1709247371,17020,8,1704541467,0
0x39b46b212bdf15b42b166779b9d1787a68b9d0c3,ethereum,test,1709247395,17020,8,1708431251,0
0x4740735aa98dc8aa232bd049f8f0210458e7fca3,ethereum,test,1709247395,17020,8,1706157323,0
0x5f5c86a9f8aaf63ce27b82fab3b33df73cbc3d12,ethereum,test,1709247431,17020,8,1708031534,0
0x77f76483399dc6328456105b1db23e2aca455bf9,ethereum,test,1709247431,17020,8,1708595692,0
0xa2120b9e674d3fc3875f415a7df52e382f141225,ethereum,test,1709247431,17020,8,1708358753,0
0x2614f29c39de46468a921fd0b41fdd99a01f2edf,ethereum,test,1709247443,17020,8,1709073898,0
0x81994dfbbe69c9e03226c2ebe62f7352dc3db812,ethereum,test,1709247443,17020,8,1709146115,0
0x6c10d1611a5a95cb967e4bcab5791fd101194949,ethereum,test,1709247479,17020,8,1708552590,0
0xaaa9214f675316182eaa21c85f0ca99160cc3aaa,ethereum,test,1709247479,17020,8,1708241244,0
0xf1376bcef0f78459c0ed0ba5ddce976f1ddf51f4,ethereum,test,1709247491,17020,8,1707928684,0
0xa444ec96ee01bb219a44b285de47bf33c3447ad5,ethereum,test,1709247503,17020,8,1708838970,0
0x977b6fc5de62598b08c85ac8cf2b745874e8b78c,ethereum,test,1709247539,17020,8,1709104755,0
0xee9c1ea4dcf0aaf4ff2d78b6ff83aa69797b65eb,ethereum,test,1709247551,17020,8,1708945277,0
0x000000007a58f5f58e697e51ab0357bc9e260a04,ethereum,test,1709247611,17020,8,1707301476,0
0xbea0000029ad1c77d3d5d23ba2d8893db9d1efab,ethereum,test,1709247635,17020,8,1709149477,0
0x4096fc7119040175589387656f7c6073265f4096,ethereum,test,1709247647,17020,8,1708936037,0
0x5f474906637bdcda05f29c74653f6962bb0f8eda,ethereum,test,1709247647,17020,8,1708860487,0
0x965d79f1a1016b574a62986e13ca8ab04dfdd15c,ethereum,test,1709247647,17020,8,1709149477,0
0xc691bc298a304d591ad9b352c7a8d216de9f2ced,ethereum,test,1709247647,17020,8,1708471780,0
0x256fb830945141f7927785c06b65dabc3744213c,ethereum,test,1709247671,17020,8,1709163927,0
0x740a5ac14d0096c81d331adc1611cf2fd28ae317,ethereum,test,1709247671,17020,8,1709148005,0
0x27b5739e22ad9033bcbf192059122d163b60349d,ethereum,test,1709247707,17020,8,1709119314,0
0xfcc5c47be19d06bf83eb04298b026f81069ff65b,ethereum,test,1709247707,17020,8,1709117345,0
0x2c2f7e7c5604d162d75641256b80f1bf6f4dc796,ethereum,test,1709247731,17020,8,1708772431,0
0x1b073382e63411e3bcffe90ac1b9a43fefa1ec6f,ethereum,test,1709247743,17020,8,1705722095,0
0x5b685863494c33f344081f75e5430c260c224a32,ethereum,test,1709247767,17020,8,1705084774,0
0x2de509bf0014ddf697b220be628213034d320ece,ethereum,test,1709247779,17020,8,1703734487,0
0x9d09f24c6e64834a66c7a2d6dd633cafd1cb1f09,ethereum,test,1709247779,17020,8,1708844382,0
0x365accfca291e7d3914637abf1f7635db165bb09,ethereum,test,1709247791,17020,8,1708800095,0
0x88a9a52f944315d5b4e917b9689e65445c401e83,ethereum,test,1709247791,17020,8,1709146959,0
0x97d4f49eeb0e2c96d5ebaa71ab8418e563ecd9fd,ethereum,test,1709247803,17020,8,1706353228,0
0x9b2b931d6ab97b6a887b2c5d8529537e6fe73ebe,ethereum,test,1709247803,17020,8,1708672548,0
0x4872208c83acbfd7f6dea5aa6ce6d5d7aed2ac1c,ethereum,test,1709247827,17020,8,1707845669,0
0x6b1a8f210ec6b7b6643cea3583fb0c079f367898,ethereum,test,1709247875,17020,8,1708930275,0
0xf56b164efd3cfc02ba739b719b6526a6fa1ca32a,ethereum,test,1709247887,17020,8,1708255890,0
0xb5c578947de0fd71303f71f2c3d41767438bd0de,ethereum,test,1709247899,17020,8,1708980944,0
0x89bd2e7e388fab44ae88bef4e1ad12b4f1e0911c,ethereum,test,1709247923,17020,8,1708883238,0
0xc7555f6410e983c867748879b2f6d2b0b0e100fd,ethereum,test,1709247923,17020,8,1704297035,0
0x3da932456d082cba208feb0b096d49b202bf89c8,ethereum,test,1709247947,17020,8,1703225147,0
0xde715330043799d7a80249660d1e6b61eb3713b3,ethereum,test,1709247947,17020,8,1709175606,0
0x97effb790f2fbb701d88f89db4521348a2b77be8,ethereum,test,1709247971,17020,8,1708869853,0
0x58cb30368ceb2d194740b144eab4c2da8a917dcb,ethereum,test,1709247983,17020,8,1709073898,0
0xc9eb61ffb66d5815d643bbb8195e17c49687ae1e,ethereum,test,1709247983,17020,8,1707275126,0
0xbcd4d5ac29e06e4973a1ddcd782cd035d04bc0b7,ethereum,test,1709248007,17020,8,1708016457,0
0x693c216aa181ebf776730d16c7ba06842548415e,ethereum,test,1709248043,17020,8,1688007866,0
0xafcdd4f666c84fed1d8bd825aa762e3714f652c9,ethereum,test,1709248055,17020,8,1709136126,0
0x1416946162b1c2c871a73b07e932d2fb6c932069,ethereum,test,1709248091,17020,8,1708923239,0
0x456815812b3129a4389ea4d73e9706697cc91373,ethereum,test,1709248091,17020,8,1707565958,0
0x5e21d1ee5cf0077b314c381720273ae82378d613,ethereum,test,1709248091,17020,8,1708853694,0
0xab14f1262ea8d910756828cbe08e6cedfb66360d,ethereum,test,1709248091,17020,8,1707278850,0
0x0d8ca4b20b115d4da5c13dc45dd582a5de3e78bf,ethereum,test,1709248103,17020,8,1705611347,0
0x5c147e74d63b1d31aa3fd78eb229b65161983b2b,ethereum,test,1709248103,17020,8,1708293762,0
0xc5190e7fec4d97a3a3b1ab42dfedac608e2d0793,ethereum,test,1709248103,17020,8,1708828007,0
0x7e877b99897d514da01bd1d177e693ec639961af,ethereum,test,1709248127,17020,8,1708930413,0
0x8ed97a637a790be1feff5e888d43629dc05408f6,ethereum,test,1709248139,17020,8,1708152319,0
0x61b57bdc01e3072fab3e9e2f3c7b88d482734e05,ethereum,test,1709248175,17020,8,1708561202,0
0x8e1308f4808788767a864eee9a4927e38c790352,ethereum,test,1709248187,17020,8,1706109809,0
0x12ed0641242e4c6c220e3ca8f616e9d5470ac99a,ethereum,test,1709248211,17020,8,1705357451,0
0x64d0f55cd8c7133a9d7102b13987235f486f2224,ethereum,test,1709248223,17020,8,1708708533,0
0xa9049425b938c46ac3e312d4cdaeccb26282aeb2,ethereum,test,1709248235,17020,8,1707593173,0
0x1afb69dbc9f54d08dab1bd3436f8da1af819e647,ethereum,test,1709248247,17020,8,1705480780,0
0x72e2f4830b9e45d52f80ac08cb2bec0fef72ed9c,ethereum,test,1709248247,17020,8,1708958916,0
0xb970e14df2161c0a2f32eba35901f2446581b482,ethereum,test,1709248247,17020,8,1708828574,0
0xccdb064a41afcd432bcea6f6d0d1e7c371d0b002,ethereum,test,1709248247,17020,8,1708563353,0
0x5250fc0f7c66cf9fb0462db50109f329dc575f79,ethereum,test,1709248259,17020,8,1705705125,0
0xbea98c05eeae2f3bc8c3565db7551eb738c8ccab,ethereum,test,1709248259,17020,8,1706351894,0
0xc4e30d504fe3b18423d82a34e7ebe529a56f89c2,ethereum,test,1709248259,17020,8,1707593173,0
0x0e6fa9c050c8a707e7f56a2b3695665e4f9eac9b,ethereum,test,1709248271,17020,8,1708519430,0
0x485d17a6f1b8780392d53d64751824253011a260,ethereum,test,1709248271,17020,8,1708540314,0
0xe6f47303032a09c8c0f8ebb713c00e6ed345e8c3,ethereum,test,1709248295,17020,8,1708944758,0
0xb7037457de15fed6cbecc0c62d5d610834b958ec,ethereum,test,1709248355,17020,8,1707544542,0
0x0b61c4f33bcdef83359ab97673cb5961c6435f4e,ethereum,test,1709248367,17020,8,1706117243,0
0x85f138bfee4ef8e540890cfb48f620571d67eda3,ethereum,test,1709248367,17020,8,1709031943,0
0x9a96ec9b57fb64fbc60b423d1f4da7691bd35079,ethereum,test,1709248415,17020,8,1708018192,0
0xa9fbcc25435ad713a9468d8c89dd7baae8914e3a,ethereum,test,1709248415,17020,8,1703058323,0
0x7391a131ccb43a571a34e09f986080d117b4313c,ethereum,test,1709248463,17020,8,1706804790,0
0xb44377b74ef1773639b663d0754cb8410a847d02,ethereum,test,1709248463,17020,8,1708014818,0
0x44ff8620b8ca30902395a7bd3f2407e1a091bf73,ethereum,test,1709248499,17020,8,1705816871,0
0xae6e307c3fe9e922e5674dbd7f830ed49c014c6b,ethereum,test,1709248499,17020,8,1709175606,0
0xcb8fb2438a805664cd8c3e640b85ac473da5be87,ethereum,test,1709248499,17020,8,1708981106,0
0xd47bdf574b4f76210ed503e0efe81b58aa061f3d,ethereum,test,1709248499,17020,8,1708901193,0
0x6953f27db0701e22616e701dba91acc2e4b6deca,ethereum,test,1709248547,17020,8,1708985396,0
0x968f6f898a6df937fc1859b323ac2f14643e3fed,ethereum,test,1709248547,17020,8,1702825513,0
0x60d1afd87c5ab1a13e27638f1e75277febf4908c,ethereum,test,1709248595,17020,8,1708344851,0
0xaf86da90a5c1e1a41be3b944b16944081087b7aa,ethereum,test,1709248595,17020,8,1708971677,0
0xbef26bd568e421d6708cca55ad6e35f8bfa0c406,ethereum,test,1709248607,17020,8,1708839443,0
0xaf6aca2769be86b9910165bff78fea643c086c61,ethereum,test,1709248643,17020,8,1705982123,0
0x0a638f07acc6969abf392bb009f216d22adea36d,ethereum,test,1709248655,17020,8,1709000533,0
0xa88842ae47dbe87116cf7001dddd1b246fcd8262,ethereum,test,1709248655,17020,8,1709153174,0
0x574d22e2555cac0ce71e44778f6de2e7487ae229,ethereum,test,1709248691,17020,8,1707709292,0
0x3267c5b73cc15e253b1a90c01366b17d560bc6fb,ethereum,test,1709248703,17020,8,1705193243,0
0x9b865edef736f10a4b84bf0d5abef417fa439953,ethereum,test,1709248727,17020,8,1706995700,0
0xed4e879087ebd0e8a77d66870012b5e0dffd0fa4,ethereum,test,1709248727,17020,8,1708363659,0
0x1c3d163219bb74f430411b95d66b72056f366ec1,ethereum,test,1709248739,17020,8,1708905175,0
0x0aa8a7d1fb4c64b3b1dcea9a7ade81c59c25b95b,ethereum,test,1709248751,17020,8,1708563353,0
0x443459d45c30a03f90037d011cbe22e2183d3b12,ethereum,test,1709248799,17020,8,1707670290,0
0x4ad434b8cdc3aa5ac97932d6bd18b5d313ab0f6f,ethereum,test,1709248799,17020,8,1708930413,0
0xaa0c3f5f7dfd688c6e646f66cd2a6b66acdbe434,ethereum,test,1709248811,17020,8,1709163927,0
0x2b81945875f892aff04af0a298d35fb2cf848c7b,ethereum,test,1709248847,17020,8,1708944758,0
0x00000000441378008ea67f4284a57932b1c000a5,ethereum,test,1709248859,17020,8,1704297035,0
0x5efcea234f7547de4569aad1215fa5d2adaced38,ethereum,test,1709248859,17020,8,1709131619,0
0x4f4a556361b8b4869f97b8709ff47c1b057ea13b,ethereum,test,1709248883,17020,8,1706260175,0
0x824e35f7a75324f99300afac75ecf7354e17ea26,ethereum,test,1709248919,17020,8,1708705004,0
0x16368ae7d33a5f7fb5fcfd48d7e29092e81a2661,ethereum,test,1709248931,17020,8,1708265938,0
0x723696965f47b990dff00064fcaca95f0ee01123,ethereum,test,1709248955,17020,8,1708570227,0
0xcdd981ef3330e159029e6e226dbd73d99f868f4d,ethereum,test,1709248955,17020,8,1708188613,0
0x0e8d2eb7d6bdf28393c25a1966385ad32ff0259a,ethereum,test,1709248967,17020,8,1708039999,0
0x8c7ac134ed985367eadc6f727d79e8295e11435c,ethereum,test,1709248967,17020,8,1708832539,0
0xf60ef5fb792d06fd6f28d49dd2e00ba0dd7ad201,ethereum,test,1709248967,17020,8,1709173460,0
0xf250b1f6193941bb8bff4152d719edf1a59c0e69,ethereum,test,1709248979,17020,8,1707278850,0
0x7825e833d495f3d1c28872415a4aee339d26ac88,ethereum,test,1709249027,17020,8,1708949540,0
0xd0354d4e7bcf345fb117cabe41acadb724eccca2,ethereum,test,1709249027,17020,8,1709056052,0
0xa55576918117bcc925b76ab1f3f9adccf0f6faf5,ethereum,test,1709249039,17020,8,1690944551,0
0xc9becdbc62efb867cb52222b34c187fb170379c6,ethereum,test,1709249051,17020,8,1708529215,0
0x7d0c49057c09501595a8ce23b773bb36a40b521f,ethereum,test,1709249087,17020,8,1708511753,0
0xbc544207ff1c5b2bc47a35f745010b603b97e99e,ethereum,test,1709249099,17020,8,1708198985,0
0x0c9c7712c83b3c70e7c5e11100d33d9401bdf9dd,ethereum,test,1709249111,17020,8,1709168577,0
0x179a60a8acf90b000cef6f4288ad8307f41301c0,ethereum,test,1709249111,17020,8,1691473451,0
0x79126d32a86e6663f3aaac4527732d0701c1ae6c,ethereum,test,1709249111,17020,8,1708535520,0
0x411099c0b413f4feddb10edf6a8be63bd321311c,ethereum,test,1709249135,17020,8,1708951657,0
0xb62e24b747eaa41454857cf6011832117df59cb8,ethereum,test,1709249135,17020,8,1709148345,0
0xda49af8773cb162ca56f8431442c750896f8c87a,ethereum,test,1709249135,17020,8,1708792203,0
0x68b36248477277865c64dfc78884ef80577078f3,ethereum,test,1709249147,17020,8,1709145933,0
0x7ad16874759348f04b6b6119463d66c07ae54899,ethereum,test,1709249147,17020,8,1708312153,0
0x40a7df3df8b56147b781353d379cb960120211d7,ethereum,test,1709249159,17020,8,1708680493,0
0x2af5d2ad76741191d15dfe7bf6ac92d4bd912ca3,ethereum,test,1709249171,17020,8,1707400114,0
0x2b867efd2de4ad2b583ca0cb3df9c4040ef4d329,ethereum,test,1709249171,17020,8,1708949772,0
0x466d69cba6854283e7617cd518ae76e11e57fdbd,ethereum,test,1709249171,17020,8,1707997120,0
0x94e496474f1725f1c1824cb5bdb92d7691a4f03a,ethereum,test,1709249183,17020,8,1702669571,0
0x7b37a55ffb30c11d95f943672ae98f28cfb7b087,ethereum,test,1709249207,17020,8,1707783695,0
0xa9d54f37ebb99f83b603cc95fc1a5f3907aaccfd,ethereum,test,1709249207,17020,8,1708852502,0
0xb2492e97a68a6e4b9e9a11b99f6c42e5accd38c7,ethereum,test,1709249243,17020,8,1708664683,0
0x2df7d0e4903029717c949cad204075a3d75c8806,ethereum,test,1709249255,17020,8,1706997367,0
0x7ca5af5ba3472af6049f63c1abc324475d44efc1,ethereum,test,1709249255,17020,8,1708923352,0
0xce722f60f35c37ab295adc4e6ba45bcc7ca89dd6,ethereum,test,1709249255,17020,8,1705916909,0
0xd38bb40815d2b0c2d2c866e0c72c5728ffc76dd9,ethereum,test,1709249255,17020,8,1708831527,0
0xf7168c8abb0ff80116413a8d95396bbdc318a3ff,ethereum,test,1709249255,17020,8,1708930275,0
0xd721706581d97ecd202bbab5c71b5a85f0f78e69,ethereum,test,1709249279,17020,8,1705750403,0
0x02f92800f57bcd74066f5709f1daa1a4302df875,ethereum,test,1709249291,17020,8,1708328630,0
0x30dcba0405004cf124045793e1933c798af9e66a,ethereum,test,1709249291,17020,8,1708483737,0
0x67268687e26d0f34cac5de30e6c2f63facb592bd,ethereum,test,1709249315,17020,8,1707914001,0
0x24c19f7101c1731b85f1127eaa0407732e36ecdd,ethereum,test,1709249327,17020,8,1708483737,0
0xe2808d7298f0d4111ea1773d3320f5d80eab83e8,ethereum,test,1709249339,17020,8,1708563833,0
0x1123d17fcf93ed2b41440317503346a0fdfe3ed7,ethereum,test,1709249351,17020,8,1709085872,0
0xa01199c61841fce3b3dafb83fefc1899715c8756,ethereum,test,1709249375,17020,8,1708880949,0
0xd4f4d0a10bcae123bb6655e8fe93a30d01eebd04,ethereum,test,1709249387,17020,8,1708080024,0
0x3d3d35bb9bec23b06ca00fe472b50e7a4c692c30,ethereum,test,1709249399,17020,8,1708739491,0
0xaddeadd3d33efd3a9fc3c1e7e6d1502c212141ec,ethereum,test,1709249399,17020,8,1708893707,0
0x4b9278b94a1112cad404048903b8d343a810b07e,ethereum,test,1709249411,17020,8,1709146115,0
0x3294395e62f4eb6af3f1fcf89f5602d90fb3ef69,ethereum,test,1709249423,17020,8,1709073898,0
0x47d20c7800906e01adfc890f283c110ba70a6c97,ethereum,test,1709249423,17020,8,1704303360,0
0x5eaa69b29f99c84fe5de8200340b4e9b4ab38eac,ethereum,test,1709249435,17020,8,1708905175,0
0x675bbc7514013e2073db7a919f6e4cbef576de37,ethereum,test,1709249459,17020,8,1708003970,0
0x15f74458ae0bfdaa1a96ca1aa779d715cc1eefe4,ethereum,test,1709249483,17020,8,1709148087,0
0x8de5b80a0c1b02fe4976851d030b36122dbb8624,ethereum,test,1709249507,17020,8,1709093143,0
0xfbcb5cbedeebcc55dcd136d34db1daaf74cf67e8,ethereum,test,1709249519,17020,8,1708829018,0
0x581911b360b6eb3a14ef295a83a91dc2bce2d6f7,ethereum,test,1709249543,17020,8,1702052521,0
0xb0ed33f79d89541dfdcb04a8f04bc2c6be025ecc,ethereum,test,1709249543,17020,8,1705780235,0
0x60be1e1fe41c1370adaf5d8e66f07cf1c2df2268,ethereum,test,1709249579,17020,8,1708949772,0
0x16cc8367055ae7e9157dbcb9d86fd6ce82522b31,ethereum,test,1709249591,17020,8,1708843584,0
0xa2fe5e51729be71261bcf42854012827bc44c044,ethereum,test,1709249615,17020,8,1708107524,0
0x00813e3421e1367353bfe7615c7f7f133c89df74,ethereum,test,1709249627,17020,8,1709119314,0
0x3708dea52a5846fd16d0060aab01c87bb5932b02,ethereum,test,1709249639,17020,8,1708529985,0
0x55a8f6c6b3aa58ad6d1f26f6afeded78f32e19f4,ethereum,test,1709249639,17020,8,1708017699,0
0x313cae7ad4454aac7b208c1f089da2b0e5825e46,ethereum,test,1709249651,17020,8,1708777953,0
0xa0dd6dd7775e93eb842db0aa142c9c581031ed3b,ethereum,test,1709249651,17020,8,1708846227,0
0xfd020998a1bb316dfe7b136fe59ae4b365d79978,ethereum,test,1709249651,17020,8,1709169075,0
0x176bc22e1855cd5cf5a840081c6c5b92b55e2210,ethereum,test,1709249663,17020,8,1708949598,0
0x6553565eac5daa9bfc5e2892b36291634c9b2ad6,ethereum,test,1709249663,17020,8,1707509734,0
0xe55d97a97ae6a17706ee281486e98a84095d8aaf,ethereum,test,1709249675,17020,8,1709131619,0
0x73fbd93bfda83b111ddc092aa3a4ca77fd30d380,ethereum,test,1709249687,17020,8,1708538713,0
0x0808e6c4400bde1d70db0d02170b67de05e07ef5,ethereum,test,1709249699,17020,8,1706443216,0
0x0e9cc0f7e550bd43bd2af2214563c47699f96479,ethereum,test,1709249699,17020,8,1708941284,0
0x580e933d90091b9ce380740e3a4a39c67eb85b4c,ethereum,test,1709249699,17020,8,1709144166,0
0xa3d4bee77b05d4a0c943877558ce21a763c4fa29,ethereum,test,1709249699,17020,8,1709100483,0
0x207e14389183a94343942de7afbc607f57460618,ethereum,test,1709249711,17020,8,1707513993,0
0x61b34a012646cd7357f58ee9c0160c6d0021fa41,ethereum,test,1709249711,17020,8,1709000533,0
0xeb986da994e4a118d5956b02d8b7c3c7ce373674,ethereum,test,1709249711,17020,8,1708946495,0
0xcf9560b9e952b195d408be966e4f6cf4ab8206e5,ethereum,test,1709249723,17020,8,1708702928,0
0x6c4c193bff0a117f0c2b516802abba961a1eeb12,ethereum,test,1709249735,17020,8,1708656525,0
0x7340ea46360576dc46ef49bce99bc5072c32421d,ethereum,test,1709249735,17020,8,1702395270,0
0xe6179bb571d2d69837be731da88c76e377ec4738,ethereum,test,1709249735,17020,8,1709167578,0
0x19373ecbb4b8cc2253d70f2a246fa299303227ba,ethereum,test,1709249855,17020,8,1708949772,0
0x2862259f492b51cd01a702b24d6d3ad6146c2972,ethereum,test,1709249855,17020,8,1708762865,0
0x2a8e1e676ec238d8a992307b495b45b3feaa5e86,ethereum,test,1709249855,17020,8,1708821432,0
0x1ab43204a195a0fd37edec621482afd3792ef90b,ethereum,test,1709249867,17020,8,1709093143,0
0xd0d56273290d339aaf1417d9bfa1bb8cfe8a0933,ethereum,test,1709249879,17020,8,1709145933,0
0x65ef703f5594d2573eb71aaf55bc0cb548492df4,ethereum,test,1709249891,17020,8,1705502711,0
0x17be998a578fd97687b24e83954fec86dc20c979,ethereum,test,1709249903,17020,8,1704456275,0
0x4f81c790581b240a5c948afd173620ecc8c71c8d,ethereum,test,1709249903,17020,8,1705980527,0
0x5abf88cf3444611d13f6d1b39f3f3ee8575c91a2,ethereum,test,1709249903,17020,8,1704365687,0
0xf51092fe93b4e9282f42c459f05d93d2d079549e,ethereum,test,1709249903,17020,8,1707364610,0
0x2407d54b42a570aeb63819d433a63676163cb6d6,ethereum,test,1709249915,17020,8,1708113353,0
0x4309e88d1d511f3764ee0f154cee98d783b61f09,ethereum,test,1709249915,17020,8,1708930275,0
0x67f4c72a50f8df6487720261e188f2abe83f57d7,ethereum,test,1709249915,17020,8,1709145735,0
0x1fbd3df007eb8a7477a1eab2c63483dcc24effd6,ethereum,test,1709249927,17020,8,1708849477,0
0x5b1d655c93185b06b00f7925791106132cb3ad75,ethereum,test,1709249939,17020,8,1708936801,0
0x79f05c263055ba20ee0e814acd117c20caa10e0c,ethereum,test,1709249939,17020,8,1709098324,0
0xe3944ab788a60ca266f1eec3c26925b95f6370ad,ethereum,test,1709249939,17020,8,1708371087,0
0x111111517e4929d3dcbdfa7cce55d30d4b6bc4d6,ethereum,test,1709249963,17020,8,1709160990,0
0x808688c820ab080a6ff1019f03e5ec227d9b522b,ethereum,test,1709249963,17020,8,1708094751,0
0xf1c9acdc66974dfb6decb12aa385b9cd01190e38,ethereum,test,1709249963,17020,8,1709162278,0
0x6f222e04f6c53cc688ffb0abe7206aac66a8ff98,ethereum,test,1709249975,17020,8,1708132858,0
0xadf86e75d8f0f57e0288d0970e7407eaa49b3cab,ethereum,test,1709249987,17020,8,1705233244,0
0x3c8d2fce49906e11e71cb16fa0ffeb2b16c29638,ethereum,test,1709250011,17020,8,1708840455,0
0xfe80d611c6403f70e5b1b9b722d2b3510b740b2b,ethereum,test,1709250011,17020,8,1703762362,0
0x1b84765de8b7566e4ceaf4d0fd3c5af52d3dde4f,ethereum,test,1709250023,17020,8,1708900801,0
0x3700adfd26d5bc062cb8b8a77e68fbd43f58ecab,ethereum,test,1709250023,17020,8,1708196189,0
0x947aeb02304391f8fbe5b25d7d98d649b57b1788,ethereum,test,1709250023,17020,8,1709093143,0
0x25931894a86d47441213199621f1f2994e1c39aa,ethereum,test,1709250035,17020,8,1708843584,0
0x41f7b8b9b897276b7aae926a9016935280b44e97,ethereum,test,1709250047,17020,8,1708863603,0
0xba358b6f5b4c0215650444b8c30d870b55050d2d,ethereum,test,1709250047,17020,8,1707332845,0
0x2be5e8c109e2197d077d13a82daead6a9b3433c5,ethereum,test,1709250059,17020,8,1709153831,0
0xc73c31696af85b244bfc83b2be268c9b1fab6b72,ethereum,test,1709250059,17020,8,1706017595,0
0x33c04bed4533e31f2afb8ac4a61a48eda38c4fa0,ethereum,test,1709250071,17020,8,1708418540,0
0x75d86078625d1e2f612de2627d34c7bc411c18b8,ethereum,test,1709250071,17020,8,1706006759,0
0x000000000077ee1fcfe351df1ff22736e995806b,ethereum,test,1709250083,17020,8,1708768914,0
0x4e4990e997e1df3f6b39ff49384e2e7e99bc55fe,ethereum,test,1709250083,17020,8,1708680493,0
0xe7bac7d798d66d353b9e50ebfc6859950fe13ce4,ethereum,test,1709250083,17020,8,1708236726,0
0xc17c30e98541188614df99239cabd40280810ca3,ethereum,test,1709250095,17020,8,1708814500,0
0x66f73d0fd4161cfad4302dc145ff994375c13475,ethereum,test,1709250107,17020,8,1708779687,0
0xe0c8b298db4cffe05d1bea0bb1ba414522b33c1b,ethereum,test,1709250131,17020,8,1708534815,0
0x509a38b7a1cc0dcd83aa9d06214663d9ec7c7f4a,ethereum,test,1709250143,17020,8,1708922891,0
0x1b6e9c73bee68102d9dd4a2627f97bff4183ab0a,ethereum,test,1709250155,17020,8,1708816341,0
0x92f419fb7a750aed295b0ddf536276bf5a40124f,ethereum,test,1709250155,17020,8,1708633246,0
0x0dcee5f694e492f0dd842a7fbe5bed4c6e4665a6,ethereum,test,1709250167,17020,8,1707845669,0
0x561cf9121e89926c27fa1cfc78dfcc4c422937a4,ethereum,test,1709250167,17020,8,1708031534,0
0x82d09e30d5d682d69b4a5d97c61b7ba651457625,ethereum,test,1709250167,17020,8,1708431251,0
0xa0d69e286b938e21cbf7e51d71f6a4c8918f482f,ethereum,test,1709250179,17020,8,1708746568,0
0x0a9b3e9040be8a8106647994fd41c20c51b6c8b9,ethereum,test,1709250203,17020,8,1701665687,0
0x1bed97cbc3c24a4fb5c069c6e311a967386131f7,ethereum,test,1709250203,17020,8,1708808682,0
0x3cb48aeb3d1abadc23d2d8a6894b3a68338381c2,ethereum,test,1709250203,17020,8,1708804558,0
0xac0047886a985071476a1186be89222659970d65,ethereum,test,1709250203,17020,8,1709148319,0
0xc69ad9bab1dee23f4605a82b3354f8e40d1e5966,ethereum,test,1709250203,17020,8,1707511299,0
0xf1fd4834636dd897e3b56c1d870794ad7e4bc2e0,ethereum,test,1709250203,17020,8,1705790171,0
0xf920e4f3fbef5b3ad0a25017514b769bdc4ac135,ethereum,test,1709250203,17020,8,1709112693,0
0x064bac371767c7ef2bdaaf8755eb603e1aa9189e,ethereum,test,1709250215,17020,8,1703274287,0
0x33be1da2ba1e16ec5648aa79c9bc30d1c7af6253,ethereum,test,1709250239,17020,8,1706049923,0
0x3005003bda885dee7c74182e5fe336e9e3df87bb,ethereum,test,1709250263,17020,8,1708373563,0
0x5052fa4a2a147eaaa4c0242e9cc54a10a4f42070,ethereum,test,1709250299,17020,8,1707248838,0
0x6732efaf6f39926346bef8b821a04b6361c4f3e5,ethereum,test,1709250299,17020,8,1709153174,0
0xd377f28245bc505190c8f34d2bfe5f215754f634,ethereum,test,1709250299,17020,8,1708117320,0
0x95ccffae3eb8767d4a941ec43280961dde89f4de,ethereum,test,1709250335,17020,8,1708719260,0
0x168e209d7b2f58f1f24b8ae7b7d35e662bbf11cc,ethereum,test,1709250347,17020,8,1708934772,0
0xa91ac63d040deb1b7a5e4d4134ad23eb0ba07e14,ethereum,test,1709250347,17020,8,1707820512,0
0x15b7c0c907e4c6b9adaaaabc300c08991d6cea05,ethereum,test,1709250359,17020,8,1709100483,0
0x64d5fea7d2d600918b76159285994d6ed218f264,ethereum,test,1709250359,17020,8,1708519607,0
0x05d3606d5c81eb9b7b18530995ec9b29da05faba,ethereum,test,1709250371,17020,8,1708946255,0
0x22e12a50e3ca49fb183074235cb1db84fe4c716d,ethereum,test,1709250383,17020,8,1704728758,0
0x5c0217e4e126d501896594bec409898a9afc5970,ethereum,test,1709250383,17020,8,1708809511,0
0x9778ac3d5a2f916aa9abf1eb85c207d990ca2655,ethereum,test,1709250383,17020,8,1708809511,0
0xd5fa38027462691769b8a8ba6c444890103b5b94,ethereum,test,1709250383,17020,8,1706049227,0
0xeee8aed1957ca1545a0508afb51b53cca7e3c0d1,ethereum,test,1709250383,17020,8,1708798017,0
0x423352f2c6e0e72422b69af03aba259310146d90,ethereum,test,1709250407,17020,8,1706814814,0
0x01d33fd36ec67c6ada32cf36b31e88ee190b1839,ethereum,test,1709250431,17020,8,1707996343,0
0x7a65cb87f596caf31a4932f074c59c0592be77d7,ethereum,test,1709250431,17020,8,1708847181,0
0xc5f0f7b66764f6ec8c8dff7ba683102295e16409,ethereum,test,1709250431,17020,8,1704523343,0
0x4abb9cc67bd3da9eb966d1159a71a0e68bd15432,ethereum,test,1709250443,17020,8,1708790552,0
0xac5b038058bcd0424c9c252c6487c25f032e5ddc,ethereum,test,1709250443,17020,8,1708765132,0
0xbbbbbbbb46a1da0f0c3f64522c275baa4c332636,ethereum,test,1709250455,17020,8,1708902188,0
0x2f3d0d2317802a65faac6e4cd94067c37b4d4804,ethereum,test,1709250467,17020,8,1704076859,0
0x24edded3f03abb2e9d047464294133378bddb596,ethereum,test,1709250491,17020,8,1708312153,0
0x686f2404e77ab0d9070a46cdfb0b7fecdd2318b0,ethereum,test,1709250503,17020,8,1709136126,0
0x7199b5a15c7fb79aa861780230adc65fff99ec73,ethereum,test,1709250503,17020,8,1708700100,0
0x035df12e0f3ac6671126525f1015e47d79dfeddf,ethereum,test,1709250527,17020,8,1708680493,0
0x3d234a9d23f01c5556ad3dfa88f470f8982ab1b4,ethereum,test,1709250527,17020,8,1701481313,0
0x730a5e2acebccaa5e9095723b3cb862739da793c,ethereum,test,1709250527,17020,8,1709148319,0
0x7786729eee8b9d30fe7d91fdff23a0f1d0c615d9,ethereum,test,1709250527,17020,8,1709150644,0
0xb05cabcd99cf9a73b19805edefc5f67ca5d1895e,ethereum,test,1709250527,17020,8,1709149211,0
0x0c58ee13483604abda345b95294785dbe245ba22,ethereum,test,1709250551,17020,8,1688666315,0
0xbc0899e527007f1b8ced694508fcb7a2b9a46f53,ethereum,test,1709250551,17020,8,1709109685,0
0xb813322cd994a2f7808c340ea12e0a2283a7a757,ethereum,test,1709250575,17020,8,1701688127,0
0xcd24ba0e3364233ee9301c1d608a14753c8739c5,ethereum,test,1709250587,17020,8,1707593173,0
0x089453742936dd35134383aee9d78bee63a69b01,ethereum,test,1709250599,17020,8,1708750518,0
0x5da151b95657e788076d04d56234bd93e409cb09,ethereum,test,1709250599,17020,8,1708841411,0
0x785c34312dfa6b74f6f1829f79ade39042222168,ethereum,test,1709250599,17020,8,1709093143,0
0xee7527841a932d2912224e20a405e1a1ff747084,ethereum,test,1709250599,17020,8,1707288195,0
0xf091867ec603a6628ed83d274e835539d82e9cc8,ethereum,test,1709250599,17020,8,1708572171,0
0x0de05f6447ab4d22c8827449ee4ba2d5c288379b,ethereum,test,1709250623,17020,8,1708489257,0
0x369733153e6e08d38f2bc72ae2432e855cfbe221,ethereum,test,1709250623,17020,8,1708845795,0
0x3d2b66bc4f9d6388bd2d97b95b565be1686aefb3,ethereum,test,1709250623,17020,8,1705706231,0
0xcd5fe23c85820f7b72d0926fc9b05b43e359b7ee,ethereum,test,1709250623,17020,8,1705982123,0
0xc47b0443f8608943c596168504bb6d4a062e0edc,ethereum,test,1709250635,17020,8,1708451660,0
0x7863e06bca47ded821fcb53ab788eeb371243eda,ethereum,test,1709250647,17020,8,1705863167,0
0xde4ee8057785a7e8e800db58f9784845a5c2cbd6,ethereum,test,1709250647,17020,8,1708044389,0
0x8e3a59427b1d87db234dd4ff63b25e4bf94672f4,ethereum,test,1709250659,17020,8,1708448980,0
0xb4460e76d99ecad95030204d3c25fb33c4833997,ethereum,test,1709250671,17020,8,1706098619,0
0x7c07f7abe10ce8e33dc6c5ad68fe033085256a84,ethereum,test,1709250683,17020,8,1709097364,0
0x89e8e084cc60e6988527f0904b4be71656e8bfa9,ethereum,test,1709250683,17020,8,1704617159,0
0xa6c0c097741d55ecd9a3a7def3a8253fd022ceb9,ethereum,test,1709250683,17020,8,1701433967,0
0x02e3ff1ad1d94262e3219b2d1ba7a3e9216bc2f1,ethereum,test,1709250695,17020,8,1708763461,0
0x304645590f197d99fad9fa1d05e7bcdc563e1378,ethereum,test,1709250695,17020,8,1708351334,0
0x523530e1add0e4a23d0fa7b057778fd294b3302b,ethereum,test,1709250707,17020,8,1708744801,0
0x70bc0dc6414eb8974bc70685f798838a87d8cce4,ethereum,test,1709250707,17020,8,1709153492,0
0x102c776ddb30c754ded4fdcc77a19230a60d4e4f,ethereum,test,1709250731,17020,8,1708942282,0
0x3429d03c6f7521aec737a0bbf2e5ddcef2c3ae31,ethereum,test,1709250731,17020,8,1708572153,0
0xcc8e21f599995d1c8367054841b8af5024ddf01b,ethereum,test,1709250731,17020,8,1708980542,0
0xf939e0a03fb07f59a73314e73794be0e57ac1b4e,ethereum,test,1709250731,17020,8,1708982678,0
0xd3c4163e18aaebe43b4fc8b1a53dc3241fb3d017,ethereum,test,1709250743,17020,8,1708869307,0
0x3f57c35633cb29834bb7577ba8052eab90f52a02,ethereum,test,1709250755,17020,8,1704167395,0
0xd9adfb67381d392c6e9671f64cdd9014bfcd74f2,ethereum,test,1709250755,17020,8,1707513261,0
0xfc1c93a2507975e98b9d0e9260ded61a00152bf1,ethereum,test,1709250755,17020,8,1708941284,0
0x722fa24f9c26e60ab08403e668b93e82d7f6ad3a,ethereum,test,1709250767,17020,8,1701299951,0
0xd8b90d2e680ea535eacce1b025c998b347892f68,ethereum,test,1709250767,17020,8,1708829441,0
0xddfbe9173c90deb428fdd494cb16125653172919,ethereum,test,1709250767,17020,8,1703783315,0
0x5de869e3e62b0fb2c15573246ba3bb3fd97a2275,ethereum,test,1709250779,17020,8,1709155100,0
0x9d39a5de30e57443bff2a8307a4256c8797a3497,ethereum,test,1709250779,17020,8,1708945019,0
0xeb575c45004bd7b61c6a8d3446a62a05a6ce18d8,ethereum,test,1709250779,17020,8,1708985396,0
0x6ff2241756549b5816a177659e766eaf14b34429,ethereum,test,1709250791,17020,8,1708031534,0
0x05fe069626543842439ef90d9fa1633640c50cf1,ethereum,test,1709250803,17020,8,1708320636,0
0x6100dd79fcaa88420750dcee3f735d168abcb771,ethereum,test,1709250803,17020,8,1704363143,0
0xd076c4ba62c57b3fa10800bcfd8da66742110e0e,ethereum,test,1709250803,17020,8,1708717781,0
0x1a7e4e63778b4f12a199c062f3efdd288afcbce8,ethereum,test,1709250815,17020,8,1709134741,0
0x5483dc6abda5f094865120b2d251b5744fc2ecb5,ethereum,test,1709250815,17020,8,1708231484,0
0x7237c0b30b1355f1b76355582f182f6f04b08740,ethereum,test,1709250815,17020,8,1708955371,0
0xdfcf3b6b50186de1ded1aaab54e5a6b1da3bf7c7,ethereum,test,1709250815,17020,8,1708930413,0
0x00000000051b48047be6dc0ada6de5c3de86a588,ethereum,test,1709250827,17020,8,1705705125,0
0xa876f27f13a9eb6e621202cefdd5afc4a90e6457,ethereum,test,1709250827,17020,8,1708565084,0
0xd8c0b13b551718b808fc97ead59499d5ef862775,ethereum,test,1709250827,17020,8,1708603863,0
0xfae103dc9cf190ed75350761e95403b7b8afa6c0,ethereum,test,1709250827,17020,8,1709138413,0
0x24249b5a869a445c9b0ce269a08d73c618df9d21,ethereum,test,1709250839,17020,8,1708398252,0
0x3ee4b152824b657644c7a9b50694787e80eb8f4a,ethereum,test,1709250839,17020,8,1707965058,0
0x5ee5bf7ae06d1be5997a1a72006fe6c607ec6de8,ethereum,test,1709250851,17020,8,1709013881,0
0x98c23e9d8f34fefb1b7bd6a91b7ff122f4e16f5c,ethereum,test,1709250851,17020,8,1708255890,0
0x9e18d5bab2fa94a6a95f509ecb38f8f68322abd3,ethereum,test,1709250851,17020,8,1708548224,0
0xa76cec201e939660f8afb1fb8d5865d069df0750,ethereum,test,1709250851,17020,8,1708627512,0
0xd155fa55c40d010335aa152891aa687e2f3090bd,ethereum,test,1709250875,17020,8,1706585299,0
0x3bd7d4f524d09f4e331577247a048d56e4b67a7f,ethereum,test,1709250899,17020,8,1706888043,0
0x47313dd87535b46102e6e0a9225705514eb133d8,ethereum,test,1709250899,17020,8,1706051087,0
0x50327c6c5a14dcade707abad2e27eb517df87ab5,ethereum,test,1709250899,17020,8,1709144166,0
0x5e8c8a7243651db1384c0ddfdbe39761e8e7e51a,ethereum,test,1709250899,17020,8,1709112693,0
0x73454acfddb7a36a3cd8eb171fbea86c6a55e550,ethereum,test,1709250899,17020,8,1708947218,0
0x73d7c860998ca3c01ce8c808f5577d94d545d1b4,ethereum,test,1709250899,17020,8,1708007908,0
0x8fac8031e079f409135766c7d5de29cf22ef897c,ethereum,test,1709250899,17020,8,1707977941,0
0xe92344b4edf545f3209094b192e46600a19e7c2d,ethereum,test,1709250899,17020,8,1706098955,0
0xf47245e9a3ba3dca8b004e34afc1290b1d435a52,ethereum,test,1709250899,17020,8,1708845828,0
0x2ef8a2ccb058915e00e16aa13cc6e36f19d8893b,ethereum,test,1709250911,17020,8,1706316815,0
0x35282d87011f87508d457f08252bc5bfa52e10a0,ethereum,test,1709250911,17020,8,1709153492,0
0xa1a52e35bf516edbd166d9a1b0097cbf11483a5d,ethereum,test,1709250911,17020,8,1708534815,0
0xf7498c98789957f4ee53b3e37ff5b7ef8a6cfc7b,ethereum,test,1709250911,17020,8,1708425313,0
0x92098551e613dfdcd4d7c7b2c35615709e4e0397,ethereum,test,1709250923,17020,8,1707783695,0
0x1bb9b64927e0c5e207c9db4093b3738eef5d8447,ethereum,test,1709250935,17020,8,1706075022,0
0x614d7f40701132e25fe6fc17801fbd34212d2eda,ethereum,test,1709250935,17020,8,1708949772,0
0x66d5c66e7c83e0682d947176534242c9f19b3365,ethereum,test,1709250935,17020,8,1704477784,0
0x890a60b4450484847380bddca0c3c3ee2ff0dfbe,ethereum,test,1709250935,17020,8,1708563353,0
0x922d8563631b03c2c4cf817f4d18f6883aba0109,ethereum,test,1709250935,17020,8,1708548224,0
0xcda4e840411c00a614ad9205caec807c7458a0e3,ethereum,test,1709250935,17020,8,1708766165,0
0xd4318fa09c45cfb6355ded6085b0d698b64ec1cd,ethereum,test,1709250935,17020,8,1708985396,0
0x10f6f2b97f3ab29583d9d38babf2994df7220c21,ethereum,test,1709250947,17020,8,1708222725,0
0x3ba925fdeae6b46d0bb4d424d829982cb2f7309e,ethereum,test,1709250947,17020,8,1708785384,0
0x4c45bbec2ff7810ef4a77ad7bd4757c446fe4155,ethereum,test,1709250947,17020,8,1708981106,0
0x69b14e8d3cebfdd8196bfe530954a0c226e5008e,ethereum,test,1709250947,17020,8,1708862500,0
0x43a96962254855f16b925556f9e97be436a43448,ethereum,test,1709250959,17020,8,1709113463,0
0x814a870726edb7dfc4798300ae1ce3e5da0ac467,ethereum,test,1709250959,17020,8,1709175606,0
0xeeee2a2e650697d2a8e8bc990c2f3d04203be06f,ethereum,test,1709250959,17020,8,1709074338,0
0x357c915d7c12dc506d13332bb06c932af13e99a0,ethereum,test,1709250971,17020,8,1706892866,0
0x4a27e9aab8f8ba9de06766c8476ed1d16494e35f,ethereum,test,1709250971,17020,8,1708892582,0
0xdd2f31ddeb5a3e9040f45b670ee2a62756c11dcd,ethereum,test,1709250971,17020,8,1708878481,0
0x0caa29cc8fc91f09c3d0510a941a9c11e31f180b,ethereum,test,1709250995,17020,8,1707281475,0
0x1063181dc986f76f7ea2dd109e16fc596d0f522a,ethereum,test,1709250995,17020,8,1708563353,0
0x2653891204f463fb2a2f4f412564b19e955166ae,ethereum,test,1709250995,17020,8,1708580856,0
0x4c4a50a61bed3b9024d8ffc1f1d168dc8cb1c689,ethereum,test,1709250995,17020,8,1709148133,0
0x9360c489056b64d5003bf22f4f31458e31cc8028,ethereum,test,1709250995,17020,8,1708952119,0
0x050d94685c6b0477e1fc555888af6e2bb8dfbda5,ethereum,test,1709251007,17020,8,1709146959,0
0xa2e3356610840701bdf5611a53974510ae27e2e1,ethereum,test,1709251019,17020,8,1707977941,0
0x50b806c5fe274c07e46b96be8c68d2fd2d9597b4,ethereum,test,1709251031,17020,8,1708785381,0
0x5e8422345238f34275888049021821e8e08caa1f,ethereum,test,1709251031,17020,8,1709136126,0
0x8e0e57dcb1ce8d9091df38ec1bfc3b224529754a,ethereum,test,1709251031,17020,8,1706728071,0
0xb945e3f853b5f8033c8513cf3ce9f8ad9bebb1c9,ethereum,test,1709251031,17020,8,1709155100,0
0xdd66781d0e9a08d4fbb5ec7bac80b691be27f21d,ethereum,test,1709251031,17020,8,1708852502,0
0x5d0ebc4ec5ac18d30512fb6287886245061b3dbd,ethereum,test,1709251043,17020,8,1709141200,0
0xa5e8f359d0c06b3b89f5f9bc8c5d62ded213bc27,ethereum,test,1709251043,17020,8,1702207331,0
0xdbb4f2d1817f81150967c7b66e0fbbe7dd6f5c25,ethereum,test,1709251043,17020,8,1702251359,0
0x6b0faca7ba905a86f221ceb5ca404f605e5b3131,ethereum,test,1709251055,17020,8,1709073823,0
0x95640a134721475bc78594c8ea66c0182c7b9a50,ethereum,test,1709251055,17020,8,1706234531,0
0x888888435fde8e7d4c54cab67f206e4199454c60,ethereum,test,1709251067,17020,8,1708888835,0
0xc5170dd7386247cdb8c48545c803f5d0e3347022,ethereum,test,1709251067,17020,8,1708800962,0
0x4594cffbfc09bc5e7ecf1c2e1c1e24f0f7d29036,ethereum,test,1709251079,17020,8,1709096938,0
0x8dce83eca4af45dbe618da1779f9aaca43201084,ethereum,test,1709251079,17020,8,1708805820,0
0xcdb37a4fbc2da5b78aa4e41a432792f9533e85cc,ethereum,test,1709251079,17020,8,1709141998,0
0x1aa51bc7eb181ce48ce626bf62f8956fa9555136,ethereum,test,1709251091,17020,8,1708331374,0
0x5aef5bba19e6a1644805bd4f5c93c8557b87c62c,ethereum,test,1709251091,17020,8,1708953930,0
0x6390ee51738652b4f22c20f0fd02275cbd5ff685,ethereum,test,1709251091,17020,8,1708804558,0
0x7d225c4cc612e61d26523b099b0718d03152edef,ethereum,test,1709251091,17020,8,1708705712,0
0xbdab72602e9ad40fc6a6852caf43258113b8f7a5,ethereum,test,1709251091,17020,8,1708768914,0
0xd2bdaaf2b9cc6981fd273dcb7c04023bfbe0a7fe,ethereum,test,1709251091,17020,8,1705193243,0
0x2a79324c19ef2b89ea98b23bc669b7e7c9f8a517,ethereum,test,1709251103,17020,8,1708699158,0
0xb140a429c342083e97daf42d5d82634bd7ade7d4,ethereum,test,1709251103,17020,8,1709045646,0
0xd7b2c1a7f3c67fb0ea57a7ef29bc1f18d7be3195,ethereum,test,1709251103,17020,8,1701630083,0
0xeaa63125dd63f10874f99cdbbb18410e7fc79dd3,ethereum,test,1709251103,17020,8,1707509734,0
0x4591dbff62656e7859afe5e45f6f47d3669fbb28,ethereum,test,1709251115,17020,8,1709148087,0
0xaf1eeb83c364ad9ffeb5f97f223c1705d4810033,ethereum,test,1709251115,17020,8,1709146379,0
0xda47862a83dac0c112ba89c6abc2159b95afd71c,ethereum,test,1709251115,17020,8,1708006958,0
0x18084fba666a33d37592fa2633fd49a74dd93a88,ethereum,test,1709251127,17020,8,1708255890,0
0x3802c218221390025bceabbad5d8c59f40eb74b8,ethereum,test,1709251127,17020,8,1708892582,0
0x3d000462fb9826804a45c0ea869b83b69587f2db,ethereum,test,1709251127,17020,8,1708071895,0
0x455e53cbb86018ac2b8092fdcd39d8444affc3f6,ethereum,test,1709251127,17020,8,1708838270,0
0x80122c6a83c8202ea365233363d3f4837d13e888,ethereum,test,1709251127,17020,8,1707267418,0
0xbd6323a83b613f668687014e8a5852079494fb68,ethereum,test,1709251127,17020,8,1708883338,0
0xc73abe8d7a0da644743fe2ad24f4e16bb7ed43f8,ethereum,test,1709251127,17020,8,1708719260,0
0xe453c3409f8ad2b1fe1ed08e189634d359705a5b,ethereum,test,1709251127,17020,8,1708852502,0
0xe6cc10ef4de1ccfb821c99c04abfe1859d8eab8f,ethereum,test,1709251127,17020,8,1704694031,0
0xea7b7dc089c9a4a916b5a7a37617f59fd54e37e4,ethereum,test,1709251127,17020,8,1707995078,0
0xed1167b6dc64e8a366db86f2e952a482d0981ebd,ethereum,test,1709251127,17020,8,1708843584,0
0x2598c30330d5771ae9f983979209486ae26de875,ethereum,test,1709251139,17020,8,1708843584,0
0x328a268b191ef593b72498a9e8a481c086eb21be,ethereum,test,1709251139,17020,8,1708255890,0
0x8b3870df408ff4d7c3a26df852d41034eda11d81,ethereum,test,1709251139,17020,8,1708829441,0
0x912529007bc0d2a5464a6a211ebfe217dfb75dff,ethereum,test,1709251139,17020,8,1709111985,0
0x297e4e5e59ad72b1b0a2fd446929e76117be0e0a,ethereum,test,1709251151,17020,8,1701219155,0
0x2dff88a56767223a5529ea5960da7a3f5f766406,ethereum,test,1709251151,17020,8,1709175606,0
0xbfb2b6870501a6ff17121d676a0a45a38c9eed1e,ethereum,test,1709251151,17020,8,1708089935,0
0x0b7f0e51cd1739d6c96982d55ad8fa634dd43a9c,ethereum,test,1709251163,17020,8,1708738369,0
0x10633216e7e8281e33c86f02bf8e565a635d9770,ethereum,test,1709251163,17020,8,1700573435,0
0x57b49219614859176ddb029298486b6c30193cbd,ethereum,test,1709251163,17020,8,1705735439,0
0xc314b0e758d5ff74f63e307a86ebfe183c95767b,ethereum,test,1709251163,17020,8,1708389632,0
0x40eb746dee876ac1e78697b7ca85142d178a1fc8,ethereum,test,1709251175,17020,8,1708241244,0
0x5c99a6c14f8dc0c2c3655c64a2cef68ff9f771ba,ethereum,test,1709251175,17020,8,1708425313,0
0x5fab9761d60419c9eeebe3915a8fa1ed7e8d2e1b,ethereum,test,1709251175,17020,8,1708705004,0
0x60927b83ddd2096f38f22a8a2d84cf863402d1a1,ethereum,test,1709251175,17020,8,1707845669,0
0x6dd5f0038474dc29a0adc6ad34d37b0ba53e5435,ethereum,test,1709251175,17020,8,1705052915,0
0x6e5970dbd6fc7eb1f29c6d2edf2bc4c36124c0c1,ethereum,test,1709251175,17020,8,1708880949,0
0x8afe4055ebc86bd2afb3940c0095c9aca511d852,ethereum,test,1709251175,17020,8,1708118403,0
0xe6fd75ff38adca4b97fbcd938c86b98772431867,ethereum,test,1709251175,17020,8,1708936801,0
0x02e7f808990638e9e67e1f00313037ede2362361,ethereum,test,1709251187,17020,8,1708930275,0
0xca14007eff0db1f8135f4c25b34de49ab0d42766,ethereum,test,1709251187,17020,8,1705841963,0
0x0d505c03d30e65f6e9b4ef88855a47a89e4b7676,ethereum,test,1709251199,17020,8,1708944758,0
0x354c8cda7e3b737d360513a0dc5abcee8ee1cea3,ethereum,test,1709251199,17020,8,1708418540,0
0x38d64ce1bdf1a9f24e0ec469c9cade61236fb4a0,ethereum,test,1709251199,17020,8,1705249727,0
0x427a03fb96d9a94a6727fbcfbba143444090dd64,ethereum,test,1709251199,17020,8,1709128584,0
0x5cc5e64ab764a0f1e97f23984e20fd4528356a6a,ethereum,test,1709251199,17020,8,1709045688,0
0x6af53c6ec427525f7240e211941223288a0e7c66,ethereum,test,1709251199,17020,8,1708702928,0
0xa685406eff334b1368318d0325fc2cdc0e7086f1,ethereum,test,1709251199,17020,8,1708013306,0
0xb3d0be7980ce684e433e7d15d15ef9eb82223130,bsc,test,1709218114,17020,8,1707593173,0
0xb21f4e20bf387bd207adc0ba4e5169aca3b253bf,bsc,test,1709218255,17020,8,1708958727,0
0xde846b7805665cd2930cc723cacccbb9ac099db2,bsc,test,1709218279,17020,8,1709156007,0
0x0da1774e58ed28ff9749340f116055f8d836a7c8,bsc,test,1709218312,17020,8,1706098955,0
0xdc49a53e1f15fd7fd522e0691cb570f442e9ca6c,bsc,test,1709218399,17020,8,1701574391,0
0x316622977073bbc3df32e7d2a9b3c77596a0a603,bsc,test,1709218501,17020,8,1708302767,0
0x9943d22848625d201aef1091fbc5360efd84aa3c,bsc,test,1709218579,17020,8,1709155659,0
0x7470ff44a57fce4b7413f31fdc9b625ff58dbb9c,bsc,test,1709218618,17020,8,1703997371,0
0x5986d5c77c65e5801a5caa4fae80089f870a71da,bsc,test,1709218672,17020,8,1708328630,0
0x19100a472960e7eedecae2956de4c29df145e9fb,bsc,test,1709218726,17020,8,1706283335,0
0xe8ebcf4fd1faa9b77c0ec0b26e7cc32a251cd799,bsc,test,1709218768,17020,8,1708662782,0
0x7283dfa2d8d7e277b148cc263b5d8ae02f1076d3,bsc,test,1709218846,17020,8,1709160990,0
0x307670528b8d962af7a38bae01cde7afe784daad,bsc,test,1709218849,17020,8,1698854392,0
0x3a7bea5d56bbcdc599827444786c370cf4d62dfa,bsc,test,1709218921,17020,8,1708848329,0
0x8888888888f004100c0353d657be6300587a6ccd,bsc,test,1709219065,17020,8,1709156563,0
0x80d5f92c2c8c682070c95495313ddb680b267320,bsc,test,1709219110,17020,8,1709055970,0
0x7ee43f72b5431082993ae81356472afbb42f9dac,bsc,test,1709219290,17020,8,1708734288,0
0x401745f8f07d3ec9524754a79fe9213f9d13ef50,bsc,test,1709219329,17020,8,1708872707,0
0x2002f7c235fedc8acbfbbf0479527eb59d8f5dc7,bsc,test,1709219422,17020,8,1708821432,0
0xf82aa46120314904cd8119dac84f6bcc7d90ed2e,bsc,test,1709219458,17020,8,1707660020,0
0x7111e5c9b01ffa18957b1aa27e9cb0e8fba214f5,bsc,test,1709219497,17020,8,1708312153,0
0x683bbaa70fd8e2cf62617e48b100a7609ee48946,bsc,test,1709219503,17020,8,1709150856,0
0xebc148d40313be9c9f214d3beb9f2ddebec0ec52,bsc,test,1709219611,17020,8,1707588466,0
0x072b4e4209df4e418bae0a490dcd8c8b75d1d7c7,bsc,test,1709219617,17020,8,1708800398,0
0x08da9eb6147694e671a455d946a620a70d721eae,bsc,test,1709219692,17020,8,1708841528,0
0x86cd1faf05abbb705842ec3c98ef5006173fb4d6,bsc,test,1709219848,17020,8,1707876103,0
0xeaf185c6a1960e933eb18ba5c8b0745e6f24747e,bsc,test,1709220212,17020,8,1708800083,0
0xa04f060077d90fe2647b61e4da4ad1f97d6649dc,bsc,test,1709220218,17020,8,1709153831,0
0xb2cf1816907bcb39be67451dab7ea8df2cb7d91f,bsc,test,1709220272,17020,8,1708013489,0
0x5f0388ebc2b94fa8e123f404b79ccf5f40b29176,bsc,test,1709220650,17020,8,1709146115,0
0xc67c4dfbfe9eb47f6aeb2792457d4e80fb3e752a,bsc,test,1709220710,17020,8,1697845751,0
0xb56eae36fc86513807d2fcb53c4434fc58582c26,bsc,test,1709220770,17020,8,1705736447,0
0x31cd5df78eee2f105c4717d1b61f5e496d5e377e,bsc,test,1709220818,17020,8,1708798017,0
0x57adce4facbbbb8c7f0890eebbe3a416626379be,bsc,test,1709220908,17020,8,1707783695,0
0x1cc73d96ff2cb0d7bec74eaf4c81f27c9132ee86,bsc,test,1709220950,17020,8,1709145933,0
0x30b832e2e98463d9130b822bd9f294287edd0422,bsc,test,1709220962,17020,8,1708538390,0
0xcafe001067cdef266afb7eb5a286dcfd277f3de5,bsc,test,1709220977,17020,8,1708772431,0
0x06250a4962558f0f3e69fc07f4c67bb9c9eac739,bsc,test,1709221010,17020,8,1709016251,0
0x75ef7e9028798b4deaa10ac8348dfe70b770325c,bsc,test,1709221160,17020,8,1708977288,0
0x96eb216c0b067a5d6ec0ded4f3324e460013e699,bsc,test,1709221196,17020,8,1704375779,0
0x894a56c1276e885ebb369b99e3d154512b4c682c,bsc,test,1709221229,17020,8,1708506327,0
0x1ac8c748898d1d9aaa72c19ffabb7edf7faa04e2,bsc,test,1709221289,17020,8,1708768067,0
0x978396a2fe2c0d3c69dac6c60263e6e5b7b03020,bsc,test,1709221307,17020,8,1708942282,0
0x0a23558a20a128f463b1e7034c89620c862c36f5,bsc,test,1709221397,17020,8,1707906557,0
0xf9114498b7f38f3337d6295a3a0f3edf8da71326,bsc,test,1709221493,17020,8,1708773663,0
0x12668c61275f4b776f7e3cd8e6e00109bdffe1ad,bsc,test,1709221637,17020,8,1708365361,0
0x14a9a94e555fdd54c21d7f7e328e61d7ebece54b,bsc,test,1709221643,17020,8,1709037463,0
0xc6f2c653bb0ba29199527b020211c74aaba37cc9,bsc,test,1709221667,17020,8,1709018968,0
0x9e45ea5a1ed98aa7ce138bd52145edf0da88add4,bsc,test,1709221802,17020,8,1707302934,0
0x1ffefd272269090439613055db0042d3f509d379,bsc,test,1709221898,17020,8,1708982914,0
0xcbcd9c0f344960f40c5ce7eb17a17e837fe8bb92,bsc,test,1709221913,17020,8,1708190953,0
0x31c78f583ed0288d67b2b80dc5c443bc3b15c661,bsc,test,1709221934,17020,8,1702770371,0
0xd882739fca9cbae00f3821c4c65189e2d7e26147,bsc,test,1709221944,17020,8,1708980438,0
0x0a07437d0ca1fbbf56d096f3d83c63dfed2c609b,bsc,test,1709221953,17020,8,1706847816,0
0xbce62f8936b1aff0a57ceb3d1031486f1d61d095,bsc,test,1709221971,17020,8,1708600404,0
0xbb38f4b6e289aa900505c92bd9743bd4d3c8d2de,bsc,test,1709222010,17020,8,1708971799,0
0x9c0f06b1a025eed91215e662f28e78423b262b3f,bsc,test,1709222025,17020,8,1707215677,0
0x48cb1c21af7b5d04a8c48479d1bdfa783ce94d99,bsc,test,1709222049,17020,8,1708763461,0
0x9f2fd23bd0a5e08c5f2b9dd6cf9c96bfb5fa515c,bsc,test,1709222109,17020,8,1708412308,0
0x662ef487029c4c3c7e175a2fce013787d351a483,bsc,test,1709222178,17020,8,1709113463,0
0x11bdcedef61e0a254847c1508d0b8a1cc89d699c,bsc,test,1709222220,17020,8,1708536231,0
0x736bf1d21a28b5dc19a1ac8ca71fc2856c23c03f,bsc,test,1709222268,17020,8,1709156433,0
0x16b8dba442cc9faa40d0dd53f698087546ccf096,bsc,test,1709222361,17020,8,1708922192,0
0x499fc0ec9aade85de50af0c17513c7b850eb275f,bsc,test,1709222415,17020,8,1697724575,0
0xd9a44c40584288505931880c9915c6a5eb5f2fb1,bsc,test,1709222418,17020,8,1708847181,0
0x4ef285c8cbe52267c022c39da98b97ca4b7e2ff9,bsc,test,1709222511,17020,8,1709146379,0
0x5fda925294f9e5b31b7c0e81bad6bad5b5e792ee,bsc,test,1709222517,17020,8,1708555575,0
0x6d647744f768da611f4544d7c9039effa4af9147,bsc,test,1709222566,17020,8,1708582000,0
0x59cde41a855682349edaea221169d9b686687748,bsc,test,1709222587,17020,8,1709144166,0
0x2292ff9c69a79b55b20c432076fd8c0a9e2a9940,bsc,test,1709222624,17020,8,1708601236,0
0x897504dc693b30c367cdacfa88578582686c1d95,bsc,test,1709222633,17020,8,1708739491,0
0x9a8284c2cec196478f01ef4446a0222dd4def00e,bsc,test,1709222707,17020,8,1706209847,0
0xc7e9841afc184485e6a3375bc59ce2f43e9f738a,bsc,test,1709222864,17020,8,1708960117,0
0x638eebe886b0e9e7c6929e69490064a6c94d204d,bsc,test,1709222937,17020,8,1709031943,0
0xc87cee866ebdfc4f0e07e80157f0f4cbb7ad329e,bsc,test,1709222940,17020,8,1708953516,0
0x4011ee1efd5cb4ef4a6910b884000b645e703d25,bsc,test,1709223003,17020,8,1709156007,0
0x49913bed05873c97d169c211949f7d288fbeafb6,bsc,test,1709223006,17020,8,1708968391,0
0x4ec5780db9afcf9f9a5c007a309cc832ac556d7e,bsc,test,1709223024,17020,8,1709146823,0
0x2bc8c2ae9dad57948fa4168e56e177a29ae0c0b1,bsc,test,1709223099,17020,8,1709155419,0
0x7cd392a37a36152f5b3afe086a9832ad2ef8d145,bsc,test,1709223309,17020,8,1708960117,0
0x3190afb6bfada4ff688dce86ab608e6e6f8d18a7,bsc,test,1709223312,17020,8,1709169690,0
0x4ebfda2ebc92583bb01a3db05628233364a3aeb5,bsc,test,1709223315,17020,8,1705362215,0
0xc513caec0d339535c1eda50d8e2ca4bc431ec493,bsc,test,1709223339,17020,8,1706943862,0
0xe03244ff6d45d45fa33faaef3b912048c4b8f0db,bsc,test,1709223354,17020,8,1708883422,0
0x7e46d5eb5b7ca573b367275fee94af1945f5b636,bsc,test,1709223369,17020,8,1709175606,0
0x1fdc9f747e0d1bdd0f5229c1e89818518c07fd80,bsc,test,1709223495,17020,8,1708572132,0
0xe6884e29ffe5c6f68f4958cf201b0e308f982ac9,bsc,test,1709223528,17020,8,1706710207,0
0x502eed71ffe313252cadc745fac1223e126e002e,bsc,test,1709223558,17020,8,1709134085,0
0x211f799afb5839021707c9f7ba9c9e05cdb134c7,bsc,test,1709223579,17020,8,1708918518,0
0x65c8743a5a266c3512eabd34e65ade42d4355ef1,bsc,test,1709223579,17020,8,1708457254,0
0x52b7c9d984ea17e9ee31159ca3fff3790981b64a,bsc,test,1709223591,17020,8,1707921817,0
0xf3744f2a8b2b26896d55ad3f6d06a0382bc00a19,bsc,test,1709223606,17020,8,1708542049,0
0xad88cc97f6c175c39a391e57469e332e5a2bde75,bsc,test,1709223627,17020,8,1708704974,0
0x08b87b1cfdba00dfb79d77cac1a5970ba6c9cde2,bsc,test,1709223669,17020,8,1708788003,0
0x8abfa6a4f4b9865b0e7acfdce1839a2584636d06,bsc,test,1709223675,17020,8,1709158154,0
0x66dfc88ce5ec3bc9341f51c26bf3188a109d2ce7,bsc,test,1709223753,17020,8,1709170980,0
0xc9132c76060f6b319764ea075973a650a1a53bc9,bsc,test,1709223774,17020,8,1708198985,0
0x114597f4260caf4cde1eeb0b9d9865b0b7b9a46a,bsc,test,1709223828,17020,8,1708613480,0
0x616a63a03b808dd2e43bbf42b68f521d7edef1ea,bsc,test,1709223828,17020,8,1707775206,0
0x8c21cef3c0f25e7fa267e33602702e3f91775360,bsc,test,1709223849,17020,8,1708947218,0
0xf4914e6d97a75f014acfcf4072f11be5cffc4ca6,bsc,test,1709223909,17020,8,1709148005,0
0xb800aff8391abacdeb0199ab9cebf63771fcf491,bsc,test,1709223954,17020,8,1709157439,0
0x0beb5e79160aa1e8e1dcc4745632543ee8a7eefa,bsc,test,1709224086,17020,8,1708373563,0
0x6a1225c87f15da91e2fa5ee7b2075e2e3a9dbc39,bsc,test,1709224095,17020,8,1708572171,0
0x7c869b5a294b1314e985283d01c702b62224a05f,bsc,test,1709224149,17020,8,1709144166,0
0xb1a05d0ee3c8d936f70b77318a348c0de2f8a396,bsc,test,1709224155,17020,8,1708929915,0
0xe2efe9d38e21293347018914ee1d23913ecb811c,bsc,test,1709224203,17020,8,1696990151,0
0xc353b7a1e13ddba393b5e120d4169da7185aa2cb,bsc,test,1709224308,17020,8,1706965651,0
0xa1589618c93a547d08c909775ba6f2082d1e62e0,bsc,test,1709224317,17020,8,1708919256,0
0x3ab63309f85df5d4c3351ff8eacb87980e05da4e,bsc,test,1709224335,17020,8,1709119314,0
0x3f670f65b9ce89b82e82121fd68c340ac22c08d6,bsc,test,1709224455,17020,8,1708980944,0
0x17f6efdde59c5e92c106b589ffe5f0480a3b602b,bsc,test,1709224587,17020,8,1709163501,0
0xbc66460b9300bee6ba61db1cf0b07f8f0ee0a0d8,bsc,test,1709224590,17020,8,1709150644,0
0x2c1d150454889c01ddaa78ecb6aae144a1994b2d,bsc,test,1709224740,17020,8,1708066633,0
0x4437743ac02957068995c48e08465e0ee1769fbe,bsc,test,1709224872,17020,8,1708427926,0
0xb823746401d03ce7b4d748bb3e9c7a4912c68377,bsc,test,1709225154,17020,8,1708937773,0
0xde2f075f6f14eb9d96755b24e416a53e736ca363,bsc,test,1709225193,17020,8,1708919030,0
0x985051a53a8ab90670540c2e7d537013fd5ae5e4,bsc,test,1709225202,17020,8,1709170954,0
0x68569056c9d8e93201270a22588632a138fca324,bsc,test,1709225259,17020,8,1708953795,0
0x03002eb4de8ff52018da7f65020da66094166bb6,bsc,test,1709225388,17020,8,1708210050,0
0x22b4a6a60324baa5b26b90574a27836eefba4890,bsc,test,1709225436,17020,8,1708724379,0
0x00000000ba2ca30042001abc545871380f570b1f,bsc,test,1709225505,17020,8,1708152319,0
0x5dc2085fe510bbaaba2119d71b09c25098caca3f,bsc,test,1709225505,17020,8,1709046391,0
0xb3a95bdbe4ac65b0628db1e6600f71ed59b89255,bsc,test,1709225505,17020,8,1708772032,0
0xe1d9adb6521c3c423acc0973fd5a481387c9c9ce,bsc,test,1709225523,17020,8,1708054246,0
0x3103c03ac3b5e15c611cd6b1b86ed66cc316e6ab,bsc,test,1709225589,17020,8,1708771109,0
0x83c7679d9f1e0aa9f219970a2af2f534eac3db99,bsc,test,1709225634,17020,8,1708980944,0
0x52cd40697ee19e0a3b99f67b5f8c111ad54728bb,bsc,test,1709225667,17020,8,1708905175,0
0xfdb7d8c703c1b6aaac21a9b063110b76dca127ea,bsc,test,1709225769,17020,8,1707243669,0
0x33ddf4b5e19b7cbe69410cfaa2b69ae1f9ebcad8,bsc,test,1709225862,17020,8,1708664683,0
0x08f6548c5ec2631f8cda420241b39659350c6176,bsc,test,1709226030,17020,8,1708845732,0
0x8526ff6bbd8a976127443b1ce451ca1044aa3ce2,bsc,test,1709226045,17020,8,1707311178,0
0xf551013bf5e31314e776c25ffd4e883a197b9659,bsc,test,1709226051,17020,8,1708862500,0
0xde9ce63cc1e60cfb26cd045fab92b5348cb3cf66,bsc,test,1709226228,17020,8,1708775490,0
0xa413427cdfe9fd921c37524fa46127f781fdc6d1,bsc,test,1709226273,17020,8,1708949018,0
0xb0eb3e295b44d7d405ba8026a9734a9ab354a8b2,bsc,test,1709226582,17020,8,1708188613,0
0x2a7296ffadc3ac137a3e7fecd474a1ed88319a24,bsc,test,1709226633,17020,8,1704615647,0
0x151f5d74823bd2dbd7e574706474a291db8caf95,bsc,test,1709226699,17020,8,1709168577,0
0x7a532aa9a2ab86f6bd7e1dcd93d3fdd2b0b410a6,bsc,test,1709226708,17020,8,1704773732,0
0x04f97bc4e942a5c3fb8e180a885f87819fa18a61,bsc,test,1709226888,17020,8,1707014054,0
0xbd1221c4c0e9ff2c8d648561d794e3715b38230a,bsc,test,1709226954,17020,8,1704338159,0
0x8005d97e993668a528008d16338b42f9e976ed0f,bsc,test,1709226972,17020,8,1707989182,0
0x5b7d8a53e63f1817b68d40dc997cb7394db0ff1a,bsc,test,1709227071,17020,8,1708283063,0
0x0e4463b3ade4e05e337ebb4498c0eb597166edf8,bsc,test,1709227080,17020,8,1708950297,0
0x0f2e518642ead9b3a4c5a7af0f9a7013bb591dd9,bsc,test,1709227353,17020,8,1708536231,0
0x92d28e49a4ffd443c1e2a907dcc07d2a41e67f4d,bsc,test,1709227356,17020,8,1708541542,0
0x402a165107d1ac76bdfce938a8ec9af015268ed4,bsc,test,1709227374,17020,8,1708850103,0
0x5cdabc6bc3b14a77a502cce5ea05d04a0cf52557,bsc,test,1709227401,17020,8,1708816740,0
0xc4a904adf2ef39bee4f272a34dfa1d4570eea5e7,bsc,test,1709227434,17020,8,1708856497,0
0xeaed1c1c9abc4096ca07247d570a5b34906c73d8,bsc,test,1709227560,17020,8,1707583976,0
0x31c573d1a50a745b01862edaf2ae72017cea036a,bsc,test,1709227590,17020,8,1707275126,0
0x50a53ad44590df1d6c9fcf257d6416e937e5ed4f,bsc,test,1709227602,17020,8,1707094100,0
0x044727e50ff30db57fad06ff4f5846eab5ea52a2,bsc,test,1709227635,17020,8,1707989543,0
0xbc424fee216ed9a8c5cf6388b340eeeeeba99f7b,bsc,test,1709227752,17020,8,1709086075,0
0xb8501a9a9aaae239a2490f44e00b284baa0b131a,bsc,test,1709227821,17020,8,1708891323,0
0xae908ba89ce0031d19972f19e863b86aabb00280,bsc,test,1709227845,17020,8,1708942969,0
0xdae4f1dca49408288b55250022f67195eff2445a,bsc,test,1709227869,17020,8,1705303211,0
0x1f7216fdb338247512ec99715587bb97bbf96eae,bsc,test,1709227941,17020,8,1708911196,0
0xaf9c10b341f55465e8785f0f81dbb52a9bfe005d,bsc,test,1709227995,17020,8,1709148319,0
0x6b9943e598d8da89757caa687ec141c961231fa8,bsc,test,1709228181,17020,8,1708737282,0
0xe097bceb09bfb18047cf259f321cc129b7beba5e,bsc,test,1709228193,17020,8,1708307002,0
0x0bf3bacaf2442ecb7545709960056dbde23fd674,bsc,test,1709228202,17020,8,1708957466,0
0xa1ac3b22b102caa62c9ecaf418585528855b0ddd,bsc,test,1709228319,17020,8,1708838463,0
0xfc5bb1e8c29b100ef8f12773f972477bcab68862,bsc,test,1709228319,17020,8,1708942282,0
0x73052f51b68d974d2ed6cec7b9e817adac168168,bsc,test,1709228358,17020,8,1708797074,0
0xad1f255571ac404d1213842ad86658f8c6b3d717,bsc,test,1709228451,17020,8,1706058431,0
0xd8cb4c2369db13c94c90c7fd3bebc9757900ee6b,bsc,test,1709228496,17020,8,1708844382,0
0x3051097ca576ab99388532567baba174982a1e94,bsc,test,1709228541,17020,8,1708931739,0
0x1036472c340398398ee8f08a5664a9089f284c0e,bsc,test,1709228688,17020,8,1708800398,0
0xe83ce6bfb580583bd6a62b4be7b34fc25f02910d,bsc,test,1709228754,17020,8,1709155419,0
0x43a0ee2e4c005277195f409e77919d1b1a5c9c1f,bsc,test,1709228778,17020,8,1709155419,0
0xa1b4c67ab08dceab25e7b22b4a11897ea042a1a8,bsc,test,1709228826,17020,8,1708172149,0
0x911877a6711d1c7b0acb7d05517025c55beeb71c,bsc,test,1709228886,17020,8,1708974690,0
0x021f48697343a6396bafc01795a4c140b637f4b4,bsc,test,1709228979,17020,8,1709108947,0
0xb5dfcc4de7456cf3ed67ab08f6310a0348c57850,bsc,test,1709229060,17020,8,1708845795,0
0x451f5b58e3d27c7d5b2f3a702b547e77d1ded36b,bsc,test,1709229102,17020,8,1708941407,0
0xf834673d496aeacb5e99dfbfc34f1bdcdf81d7bd,bsc,test,1709229111,17020,8,1708632418,0
0xe04e25ec3a5f1a0d574c18a9f6326bed39d1f51b,bsc,test,1709229189,17020,8,1708871123,0
0x7597bdccf10e41bccc374a6a0104cf430c420884,bsc,test,1709229282,17020,8,1708940008,0
0xfc76ba9157ee5d079de8c1e969ee54096aaa6c9c,bsc,test,1709229294,17020,8,1708889846,0
0xc643e83587818202e0fff5ed96d10abbc8bb48e7,bsc,test,1709229315,17020,8,1708768914,0
0x44c99ca267c2b2646ceec72e898273085ab87ca5,bsc,test,1709229393,17020,8,1707611551,0
0x5bad181ad2227ed1e002f8c2eafecc92d643b1eb,bsc,test,1709229775,17020,8,1707238942,0
0xff44967f2e4ebe0b8c5b6812f25e1b9bcec70b34,bsc,test,1709229865,17020,8,1708839443,0
0xd96e43fb44be20e9e9a5872ce1904ebaa9975ead,bsc,test,1709229892,17020,8,1708941407,0
0xf47f9448d4765bbedcfaf57a6403ee0e48e0e158,bsc,test,1709229991,17020,8,1706595284,0
0x564bef31ec942ffe1bff250786f76a5c5141b9f3,bsc,test,1709230015,17020,8,1708929102,0
0x9ebfd6d708ed4209c43e5dd97b708316c112f458,bsc,test,1709230027,17020,8,1708000604,0
0xecb4c542de0d7af3aa294c5c4ae0befe8e93bd9c,bsc,test,1709230099,17020,8,1706353228,0
0xd963b2236d227a0302e19f2f9595f424950dc186,bsc,test,1709230114,17020,8,1709108947,0
0xf6565a97dc832d93dc83b75ee9aa5c7e8ecb0f9d,bsc,test,1709230114,17020,8,1708007908,0
0x99f4cc2bae97f82a823ca80dcae52ef972b7f270,bsc,test,1709230162,17020,8,1709096520,0
0xe95412d2d374b957ca7f8d96abe6b6c1148fa438,bsc,test,1709230189,17020,8,1707281475,0
0x9776191f4ebbba7f358c1663bf82c0a0906c77fa,bsc,test,1709230192,17020,8,1707544542,0
0x598308047116a8055c1e3debd2b761e3bc3dbcb8,bsc,test,1709230240,17020,8,1709116841,0
0x8d7e34b786064c205b0c7a1c815c62564cdeee4e,bsc,test,1709230249,17020,8,1708772431,0
0xa3ba9f53e1d9662573a822a1680b8f359d4a5519,bsc,test,1709230336,17020,8,1708539924,0
0xa8de5067fa003febb7a006589dc7fe097ce5e2f9,bsc,test,1709230498,17020,8,1708632418,0
0x8fb7a3d213c3a2b605386cd3617fe0eaab7f3b1c,bsc,test,1709230609,17020,8,1709150473,0
0xedd52d44de950ccc3b2e6abdf0da8e99bb0ec480,bsc,test,1709230627,17020,8,1707194532,0
0xb8927b3ee00e9aded1431feea6975795403873ef,bsc,test,1709230720,17020,8,1708878223,0
0xf0d43f46cea02bbb5e616bf6d795d4f8719cd80d,bsc,test,1709230741,17020,8,1708853694,0
0xf86dda825885674f85c5420079e1df1bc0f372c6,bsc,test,1709230774,17020,8,1709148319,0
0xc3e49c20c841d6e0b2a1ccbbc5f29a64e068b25f,bsc,test,1709230909,17020,8,1707264004,0
0xa069008a669e2af00a86673d9d584cfb524a42cc,bsc,test,1709230957,17020,8,1709098386,0
0xe38e3a21a4c0887e1ab0c2fbc3caa4c71d8ae170,bsc,test,1709230975,17020,8,1708934772,0
0xa99600043e84181a9d4137ad1cefb8cfe9138674,bsc,test,1709230984,17020,8,1706257859,0
0x42586ef4495bb512a86cf7496f6ef85ae7d69a64,bsc,test,1709230999,17020,8,1709167308,0
0xef90fb9a8226fda3ba81161afee16ce7f2680736,bsc,test,1709231008,17020,8,1705169795,0
0xe79a1163a95734ccfbd006cbaaba954f3e846beb,bsc,test,1709231062,17020,8,1709146261,0
0x888ed27c3ab248868c29dabe3d1b3d7cc5c89c5b,bsc,test,1709231083,17020,8,1708849890,0
0x7b933e1c1f44be9fb111d87501baada7c8518abe,bsc,test,1709231104,17020,8,1709134085,0
0x3b2cb8b2a9baf200142456c550a328e6c45c176b,bsc,test,1709231197,17020,8,1707181960,0
0x4631d9d8b34f51b82958a19453bdc9ea0c4e49fc,bsc,test,1709231287,17020,8,1708751253,0
0x9babcd3a6f62d9adc709e919d5faa39aa85749fc,bsc,test,1709231338,17020,8,1708547651,0
0x8efda9d7f69b7f5b1fce47bde3bddfcb3af127a0,bsc,test,1709231431,17020,8,1708937773,0
0xacbe25ad33b998c7c4b8442f21d914da0902aeb6,bsc,test,1709231660,17020,8,1707422365,0
0x163bb130dc98b0937001eb772ace9602b894e34e,bsc,test,1709231846,17020,8,1708954443,0
0x8c73dc245d2626311dd28319793893460b358f3c,bsc,test,1709231870,17020,8,1704808751,0
0x4d134deeccfb487e499c78396e521b8f7431daed,bsc,test,1709231876,17020,8,1706222142,0
0x2210502051221a600d3653eccc899eceea11a0fd,bsc,test,1709231882,17020,8,1709112851,0
0x348af621847fd7032dd1863f08262fd83d859c1d,bsc,test,1709232002,17020,8,1708236726,0
0x8f2e2bad6020d8bb5bf947199cae8eb86d24cfd7,bsc,test,1709232056,17020,8,1708066633,0
0xf542ac438cf8cd4477a1fc7ab88adda5426d55ed,bsc,test,1709232248,17020,8,1708363968,0
0x26d3163b165be95137cee97241e716b2791a7572,bsc,test,1709232306,17020,8,1709154507,0
0x471ed23831918959bbd85c479120a4365db7f31a,bsc,test,1709232325,17020,8,1709126522,0
0x991bb6093fa735d27cd1444b2ad8fdd95876fed5,bsc,test,1709232376,17020,8,1709145783,0
0x0255af6c9f86f6b0543357bacefa262a2664f80f,bsc,test,1709232382,17020,8,1708563272,0
0x566f3cfe3b5cdefe9fd329c18a3b2a396ccce69e,bsc,test,1709232445,17020,8,1708945742,0
0xc6f18446997f7973cffb2adf9a3ffe16513b74d5,bsc,test,1709232537,17020,8,1708020151,0
0x3cd55356433c89e50dc51ab07ee0fa0a95623d53,bsc,test,1709232562,17020,8,1709177759,0
0xa155464b1566cdddf9782205602651b8b871b3d5,bsc,test,1709232666,17020,8,1709065356,0
0x6fdce1382566baa7f7e35cfa4005c677d649e375,bsc,test,1709232678,17020,8,1707780934,0
0x9792f67b919d0694edfcb69294872e392bfbb0f9,bsc,test,1709232753,17020,8,1707274800,0
0x803b581b817b1a2453af92d68c7bb5ac4b21faa5,bsc,test,1709232780,17020,8,1705788544,0
0x0ca2f09eca544b61b91d149dea2580c455c564b2,bsc,test,1709232783,17020,8,1708663954,0
0x5897fd0b7a5407eaef5b246ee5dd36a6ffd5d22e,bsc,test,1709232789,17020,8,1700397331,0
0x2af97c7199c42df83278cbea98ed2a957796dc7f,bsc,test,1709232922,17020,8,1708739491,0
0xbd4b29918d92d613b019252091ab0189f354534f,bsc,test,1709232940,17020,8,1708838270,0
0xbebdcc8a61bf7372461cd1e746a0c2ead1bc06d2,bsc,test,1709232955,17020,8,1708844382,0
0x545356d4d69d8cd1213ee7e339867574738751ca,bsc,test,1709232979,17020,8,1704212741,0
0x2b1b730c997d81db2e792b47d0bc42a64ee6aa55,bsc,test,1709232994,17020,8,1708951468,0
0x1ac6c8f229c941683dff17a431d6502d5e65b9e1,bsc,test,1709233000,17020,8,1708779687,0
0x769c6f0c5c2bcd1b76638bd58e5350f5c94128f3,bsc,test,1709233114,17020,8,1708848489,0
0x58732f1c1243a0d5876a601fb8d1ee508b21580d,bsc,test,1709233144,17020,8,1708980878,0
0xeda1d0e1681d59dea451702963d6287b844cb94c,bsc,test,1709233144,17020,8,1706323789,0
0xb47e21328b4f1c6d685c213d707fab3edb234fa0,bsc,test,1709233282,17020,8,1709056052,0
0xac5d23ce5e4a5eb11a5407a5fbee201a75e8c8ad,bsc,test,1709233345,17020,8,1708931085,0
0xad376fcbd1ddab4a761c9fcbb39f28d4dec8b5cc,bsc,test,1709233378,17020,8,1709175322,0
0x11266bbf6c4432328ad2ba02e30e0e0aa993dd21,bsc,test,1709233414,17020,8,1708021764,0
0x5a549cb605f1e651200c22d1a8482929b36330f7,bsc,test,1709233492,17020,8,1709146379,0
0xddb082c34022141a73a9cd1a4403305c8df3910d,bsc,test,1709233513,17020,8,1707262467,0
0xb10aaaa0275b31d7d8d49025c4cc2e2417210967,bsc,test,1709233573,17020,8,1708949258,0
0xe10535928af57f0a043609b73a904f6416ec7317,bsc,test,1709233573,17020,8,1708822340,0
0xb63ad3ce4120c4a0cf6f90e5410d3fbc31b69e26,bsc,test,1709233579,17020,8,1706242715,0
0xcd392021084683803525fe5e6c00cae9c6be5774,bsc,test,1709233696,17020,8,1709160006,0
0x298eff8af1ecebbb2c034eaa3b9a5d0cc56c59cd,bsc,test,1709233732,17020,8,1709138699,0
0x43af4815ff9c42f6cb9423de48497e92116ca61f,bsc,test,1709233804,17020,8,1708018447,0
0xe1b66a1f5ef08eb246890c3fab259a2656653e7f,bsc,test,1709233900,17020,8,1704615647,0
0x3f56e0c36d275367b8c502090edf38289b3dea0d,bsc,test,1709233985,17020,8,1709016688,0
0x4e7f408be2d4e9d60f49a64b89bb619c84c7c6f5,bsc,test,1709233985,17020,8,1705048739,0
0x0b1e1e818433abcdb0acb878c3d3ec95a8534527,bsc,test,1709234027,17020,8,1705611347,0
0x18d9d0d6e42bb52a13236f4fa33d9d2485d9015a,bsc,test,1709234093,17020,8,1709128584,0
0x5820cc43eeed7a8b74a61af1f8331eea31564b73,bsc,test,1709234111,17020,8,1707935884,0
0xb5b5308b92a7aead4c282e2f09e6d6dff32d881b,bsc,test,1709234354,17020,8,1705370063,0
0x699060b76f0269c19171b4e193c0a792fa25cad7,bsc,test,1709234375,17020,8,1709111655,0
0x9528cceb678b90daf02ca5ca45622d5cbaf58a30,bsc,test,1709234390,17020,8,1708764799,0
0x6a97da9951ab920e087c6d12f464afbd2bf9fd14,bsc,test,1709234480,17020,8,1709150473,0
0x542312eca286c95a42495f9b7c89d3d2453e2b6a,bsc,test,1709234486,17020,8,1707899925,0
0xc58c1117da964aebe91fef88f6f5703e79bda574,bsc,test,1709234495,17020,8,1708858423,0
0xef540f67cc1b59f769ec1f392f1723e23b4048c8,bsc,test,1709234615,17020,8,1706720583,0
0x4c888e116d57a32f84865f3789dcb131fdc9fab6,bsc,test,1709234621,17020,8,1709112851,0
0xcf123d8638266629fb02fc415ad47bd47de01a6b,bsc,test,1709234642,17020,8,1708090727,0
0xd6ea4ec77fb7e0d5c331f9109f00ccede255b9c8,bsc,test,1709234657,17020,8,1709146515,0
0x242f023402c0a1292dff73e2abc96c1c991ef1f3,bsc,test,1709234732,17020,8,1707011417,0
0x6448be0ca45a7581d9c4c9dd665e14ec60b25113,bsc,test,1709234762,17020,8,1709018968,0
0x87bb7c683d82aea0f16b14cf524d13bd6a84a2d3,bsc,test,1709234795,17020,8,1708426369,0
0xa86d21e7da30cc74adb457cb33b15488c9b9d68e,bsc,test,1709234798,17020,8,1708891256,0
0x81ddc2d9908f92bc56390ef3b1f4347f1c51db9b,bsc,test,1709234810,17020,8,1708715312,0
0xfb0e9a8f741c09128810cd5e2fac498bc0848b59,bsc,test,1709234894,17020,8,1709160002,0
0x43a8cab15d06d3a5fe5854d714c37e7e9246f170,bsc,test,1709234957,17020,8,1708886794,0
0xa700075303cc6355ae5d1383681def9589e20f45,bsc,test,1709234975,17020,8,1707319317,0
0xc1a8f8bb27958c92ca1ed00340a50297cd4ccdd8,bsc,test,1709235002,17020,8,1708861974,0
0x0d7c1fad6b572eadca2ada5a37365876019e290b,bsc,test,1709235050,17020,8,1708152319,0
0xea51801b8f5b88543ddad3d1727400c15b209d8f,bsc,test,1709235119,17020,8,1705960463,0
0x68306de72d3cad418279a0d2411c1197d34dd17f,bsc,test,1709235128,17020,8,1708784031,0
0x563b7b186dd21b320d8f721c971b40b3d6d36113,bsc,test,1709235227,17020,8,1708777953,0
0x5c2c6c0fde46fb928cd60c9cbc6f9a94775c12b1,bsc,test,1709235233,17020,8,1709146379,0
0xcf0990170a60da34ffcffa14ead4a3de27d0f4ce,bsc,test,1709235239,17020,8,1708953564,0
0xbb7a49f016106de3f8d09837f07dfeb79a38ba36,bsc,test,1709235263,17020,8,1708028876,0
0x2aaa5cb023cf458e7dfa765fd48b64cd95995ab7,bsc,test,1709235266,17020,8,1704329747,0
0xabcad2648fd27538e44bbd91109835aadaf981bc,bsc,test,1709235284,17020,8,1708699158,0
0x926302efd204d7bb6fdc57ec1ae55a0906f70412,bsc,test,1709235290,17020,8,1707961853,0
0x0475ae77fb55005f15554642d6016c75fd04227a,bsc,test,1709235362,17020,8,1708342080,0
0xaf20f5f19698f1d19351028cd7103b63d30de7d7,bsc,test,1709235401,17020,8,1708521866,0
0x75a320c97205dd2e70e09085d1408c73a73d4d8f,bsc,test,1709235428,17020,8,1709154507,0
0xfce146bf3146100cfe5db4129cf6c82b0ef4ad8c,bsc,test,1709235428,17020,8,1708929219,0
0x1a076e4633fa139d7b908b88326de603fbe8c199,bsc,test,1709235431,17020,8,1705722455,0
0xf1b602fc211e3e2976ef44e4017b764a778197e0,bsc,test,1709235440,17020,8,1696887230,0
0x1dc84fc11e48ae640d48044f22a603bbe914a612,bsc,test,1709235461,17020,8,1708856640,0
0xbe63ac9aacc3a6e785ec5723fa9f191544691bb6,bsc,test,1709235470,17020,8,1703274287,0
0xf599ef4aaec7462e685c783079baa3c433f0f6d5,bsc,test,1709235485,17020,8,1709160006,0
0x6cb1e50ae2f832ef38052cf313dc3960ddbcf62a,bsc,test,1709235491,17020,8,1708578426,0
0x72ef0cf8dc02fe91150a2472cc551de929e22fac,bsc,test,1709235635,17020,8,1709155659,0
0x885c99a787be6b41cbf964174c771a9f7ec48e04,bsc,test,1709235635,17020,8,1708473211,0
0xa22dc6babab39c2d83f0d4b174ef7016424253a7,bsc,test,1709235677,17020,8,1708466029,0
0xe2ec9a21783f9ef6d31038aa5f72e76e8e96a4bc,bsc,test,1709235728,17020,8,1705364579,0
0x41d5c3ed01b72ecb5c99d3b838553098ecda9ef9,bsc,test,1709235734,17020,8,1706009795,0
0x2fd2799e83a723b19026a979899dfb70bbf6bf6b,bsc,test,1709235821,17020,8,1708013489,0
0xef6d459fe81c3ed53d292c936b2df5a8084975de,bsc,test,1709235827,17020,8,1708592417,0
0xd4fbc57b6233f268e7fba3b66e62719d74deecbc,bsc,test,1709235866,17020,8,1709162278,0
0xd83c88db3a6ca4a32fff1603b0f7ddce01f5f727,bsc,test,1709235878,17020,8,1709176015,0
0x47bb3d817e627d196ae74b89afa7928c2bb159a9,bsc,test,1709235902,17020,8,1708538268,0
0x83451a4e3585fda74feb348ad929f2c4ca189660,bsc,test,1709235920,17020,8,1708949598,0
0x9095e8d707e40982affce41c61c10895157a1b22,bsc,test,1709235953,17020,8,1709176015,0
0x45abd7773b55d74095b80b3312faf6e657b77b5b,bsc,test,1709235956,17020,8,1708848329,0
0xde314a065aaaf11e794706f8585c77e3bb7a2741,bsc,test,1709235968,17020,8,1704425628,0
0x7c67dccb04b67d4666fd97b2a00bb6d9b8d82e3f,bsc,test,1709235992,17020,8,1709163313,0
0x305bbd18f9a3b55047740843889521722dab1fde,bsc,test,1709236004,17020,8,1708899091,0
0x4d6d0335e3b715341eb4f10b5751771cbcb7cea3,bsc,test,1709236160,17020,8,1709150856,0
0xf0aaa03cd21c989c98074aded9c942ff938b2ab0,bsc,test,1709236235,17020,8,1704375936,0
0x58b121e0f6b7c3aaa656fab68a9ac3f76effe5dc,bsc,test,1709236265,17020,8,1708777953,0
0x12d803497d1e58dd4d4a4f455d754f1d0f937c8b,bsc,test,1709236316,17020,8,1707738046,0
0xcf8847dca5e97e723792e6fc6410c2c29bd22e5c,bsc,test,1709236349,17020,8,1708738357,0
0xaf7c3e578621aabab184c706bad94ffb1a2e0179,bsc,test,1709236358,17020,8,1707298066,0
0xdd63e7fda4aad4132d7bf38de04ecc61c6c4b368,bsc,test,1709236394,17020,8,1708660691,0
0xe356337a72d4990a3cfd4d13367659f14f304545,bsc,test,1709236406,17020,8,1708981028,0
0x78aae7e000bf6fc98a6b717d5ec8ef2bcd04f428,bsc,test,1709236430,17020,8,1708839443,0
0xaff6a69959314d06f7ed743232144f98701e34d5,bsc,test,1709236604,17020,8,1708846227,0
0x6b471d5ab9f3d92a600e7d49a0b135bf6d4c6a5b,bsc,test,1709236628,17020,8,1709154507,0
0xacbf126a6660d99b543e3d3b8866dd2e2229ad06,bsc,test,1709236628,17020,8,1708018447,0
0x1c9c55d392ade1f279c2062e4b21098d8154cf4c,bsc,test,1709236688,17020,8,1708650479,0
0xa803778ab953d3ffe4fbd20cfa0042ecefe8319d,bsc,test,1709236688,17020,8,1707853821,0
0xbcb3ac7a3ceb2d0c5e162a03901d6d7bb8602912,bsc,test,1709236910,17020,8,1707273292,0
0x333719d510ad91bd8af2a7ef0618fac064b4a178,bsc,test,1709237006,17020,8,1708835310,0
0x7c56d81ecb5e1d287a1e22b89b01348f07be3541,bsc,test,1709237006,17020,8,1708010369,0
0xe9b9c1c38dab5eab3b7e2ad295425e89bd8db066,bsc,test,1709237060,17020,8,1709111985,0
0x974e9f2075b8cc77a54f8b439042f242df353990,bsc,test,1709237219,17020,8,1709177759,0
0x1dbd1fbfb0eb339c14f63f908a4aba27b58b6fab,bsc,test,1709237255,17020,8,1708931739,0
0xa0c1d3f3570917e8b31932daecd5ca010759519f,bsc,test,1709237315,17020,8,1708278246,0
0x367c17d19fcd0f7746764455497d63c8e8b2bba3,bsc,test,1709237396,17020,8,1708834527,0
0xca39370ab6cf858343cea824a1c784964e5bf247,bsc,test,1709237399,17020,8,1708534815,0
0x9a442c0f0c6618388f1fa0e2565d365aef520e7a,bsc,test,1709237402,17020,8,1708829018,0
0xf300e4f1a193dd047b0c6747ad4e16dedf886297,bsc,test,1709237471,17020,8,1708852502,0
0x34c1433f5c547beb6174d0bbba8da7fdc4e81c1c,bsc,test,1709237564,17020,8,1708691108,0
0xd676c90a3979e73dffb61f7a8608234781fc9cf8,bsc,test,1709237676,17020,8,1708699158,0
0x9c4a515cd72d27a4710571aca94858a53d9278d5,bsc,test,1709237770,17020,8,1708923352,0
0x637c2173f6e678ac3c9b43b6665c760dc6021c13,bsc,test,1709237782,17020,8,1708768914,0
0x9ee10d2e9571aecfe5a604af7fe71b96eba84b7b,bsc,test,1709237782,17020,8,1708583099,0
0xdefcafe7eac90d31bbba841038df365de3c4e207,bsc,test,1709237782,17020,8,1708713313,0
0x2003f7ba57ea956b05b85c60b4b2ceea9b111256,bsc,test,1709237812,17020,8,1708981106,0
0x0034719300501b06e10ebb1d07ea5967301f0941,bsc,test,1709237914,17020,8,1700800895,0
0x0bcefb75933b2bce5f01515f6250b5c0d66cb7fb,bsc,test,1709237923,17020,8,1708304706,0
0x6911f552842236bd9e8ea8ddbb3fb414e2c5fa9d,bsc,test,1709237935,17020,8,1708786899,0
0xc5326b32e8baef125acd68f8bc646fd646104f1c,bsc,test,1709238031,17020,8,1708802491,0
0xbfc89d2134053d15d277a01c2a1a1980e0a5dbcd,bsc,test,1709238046,17020,8,1708398252,0
0x64cf1e2cab86694ac8b31653460faa47a68f59f0,bsc,test,1709238076,17020,8,1708770335,0
0x5663d1952dc8b732d9c206b3f5dec70d25180460,bsc,test,1709238088,17020,8,1709073099,0
0x77edfae59a7948d66e9911a30cc787d2172343d4,bsc,test,1709238109,17020,8,1708561271,0
0x9158e70119d661ba0caeb2b392edd9565cac82b7,bsc,test,1709238145,17020,8,1707780210,0
0x28a8ececdf311c0a71231775d6ff4b8481c4ef21,bsc,test,1709238196,17020,8,1708675512,0
0x25b9d4b9535920194c359d2879db6a1382c2ff26,bsc,test,1709238209,17020,8,1708680493,0
0x1a131f7b106d58f33eaf0fe5b47db2f2045e5732,bsc,test,1709238215,17020,8,1706653753,0
0xfb19f247f1f22cef1f0384535c779c664632cb6f,bsc,test,1709238218,17020,8,1708572255,0
0x4d9f39f7cb7c7444335077223ceef33dbb58096f,bsc,test,1709238297,17020,8,1708923219,0
0x43933924ac01bc7bf19fe9fe5dc53b27124eaf34,bsc,test,1709238306,17020,8,1704455465,0
0x3496212ec43cc49f5151ec4405efd4975e036f89,bsc,test,1709238309,17020,8,1708538268,0
0x8efda34c7417071b8da1239aa2f4033a223b5a34,bsc,test,1709238340,17020,8,1708946009,0
0xc2eb046621b59f604c7abdb1600d01636adc4fed,bsc,test,1709238373,17020,8,1708945277,0
0x3e2ed75f718251fd011312b9e33bf10a4dbfda54,bsc,test,1709238412,17020,8,1708505973,0
0x1d4268a58ee7ec2cc2af5d70a2fd2b3a896527a2,bsc,test,1709238454,17020,8,1708923219,0
0x94025780a1ab58868d9b2dbbb775f44b32e8e6e5,bsc,test,1709238493,17020,8,1708969401,0
0x19ed34d112d0d20db619d728ce96745600abafc3,bsc,test,1709238502,17020,8,1705815587,0
0x5ecd2527b80b232fd7db5287d5c97f106f84a1d2,bsc,test,1709238553,17020,8,1708953564,0
0xd4ed60d8368a92b5f1ca33af61ef2a94714b2d46,bsc,test,1709238604,17020,8,1706101997,0
0x6aac56305825f712fd44599e59f2ede51d42c3e7,bsc,test,1709238655,17020,8,1707599458,0
0xdb612e3b52d8eda1a3e27bde2c82cc2d9ca9a61d,bsc,test,1709238664,17020,8,1708545476,0
0x986854779804799c1d68867f5e03e601e781e41b,bsc,test,1709238676,17020,8,1707058556,0
0x7361de48dde2d05e379d9e6641b7e7b2e323a464,bsc,test,1709238700,17020,8,1705026333,0
0x16b3e050e9e2f0ac4f1bea1b3e4fdc43d7f062dd,bsc,test,1709238739,17020,8,1708627512,0
0x8868f307098e2f5fd81b8beeb21582a6a3c2cb25,bsc,test,1709238751,17020,8,1709158154,0
0xc4d2928cbb5516c34656636e0fb4ef3b99d20877,bsc,test,1709238763,17020,8,1708899931,0
0x1cf3fe1b24040a4ae715c57dd77d56bfa65fa4d8,bsc,test,1709238796,17020,8,1708317229,0
0x81663d5149cadbbc48cf1a7f21b05719ee1420a9,bsc,test,1709238808,17020,8,1709162278,0
0x64abc804dd486e74bd1470b6f7447de80fafcac4,bsc,test,1709238976,17020,8,1708784031,0
0xee0736c93e98b2e9fbf11f47db19e7b68db71e94,bsc,test,1709239003,17020,8,1707780934,0
0x7ba1a5780ce75a6998e0f65529393873a6d57cda,bsc,test,1709239012,17020,8,1707783695,0
0xa37100bb05271853766af8ed7a32ca20c8311acc,bsc,test,1709239048,17020,8,1708880802,0
0xf7d9f74f02f258961f229f10666a1dba85d0529f,bsc,test,1709239054,17020,8,1705833143,0
0x883916d358d6262a47b0516a4243bb08310dbdf0,bsc,test,1709239126,17020,8,1708729979,0
0x012a6a39eec345a0ea2b994b17875e721d17ee45,bsc,test,1709239129,17020,8,1708749794,0
0x14f1ec1ba0f8a8e9a3b8178c9dcc32155e82c70b,bsc,test,1709239195,17020,8,1708816341,0
0xd39a0fc1bce46db79a466320b5bc662ac4ba5628,bsc,test,1709239294,17020,8,1708700100,0
0x1ef68f4507374960cf186c8999aadadb86736ca4,bsc,test,1709239306,17020,8,1708930413,0
0x0d07873cacd5f40f47fb19b2c1115b7e1a9db4bf,bsc,test,1709239369,17020,8,1708710771,0
0xdf9e1a85db4f985d5bb5644ad07d9d7ee5673b5e,bsc,test,1709239372,17020,8,1709147219,0
0x767b28a30e3a15dcece7bff7a020adfde9d19cf8,bsc,test,1709239378,17020,8,1709175322,0
0x39006641db2d9c3618523a1778974c0d7e98e39d,bsc,test,1709239540,17020,8,1708392721,0
0x3a599e584075065eaaac768d75eaef85c2f2ff64,bsc,test,1709239594,17020,8,1709000533,0
0x0a92285241b0ea93eff4195db4530af1a4bcfe0c,bsc,test,1709239702,17020,8,1709140127,0
0xf11d23251bd589a18fd90e70069afb0c01a1f139,bsc,test,1709239717,17020,8,1708560154,0
0x62175af6d9b045d8435cdedd9bf542c7bcc56dcc,bsc,test,1709239747,17020,8,1708371390,0
0x5f7cc946abf0c853a2367ac436755de6aa8d48bd,bsc,test,1709239783,17020,8,1709058539,0
0xa3a3d699b0a3a027d32c8d5040352dde1b8a8106,bsc,test,1709239789,17020,8,1708846227,0
0x1f76aadeaba6a6a39fae849c20c5c5638058b4c2,bsc,test,1709239798,17020,8,1708880802,0
0xb60f2a8bfdd0d47e7845339c418505541d14bf70,bsc,test,1709239834,17020,8,1708871453,0
0xa3f020a5c92e15be13caf0ee5c95cf79585eecc9,bsc,test,1709239840,17020,8,1699813637,0
0x18905200183e2c6f33653f469ec10a2a16027957,bsc,test,1709239924,17020,8,1707593173,0
0x4f0b02452d133353df3c5cc80e1dad0485c9f53a,bsc,test,1709239966,17020,8,1707222074,0
0x1555bb429075dc2aa97aefe99ef3ad7ea6cace78,bsc,test,1709240044,17020,8,1708552582,0
0x454b90716a9435e7161a9aea5cf00e0acbe565ae,bsc,test,1709240116,17020,8,1705418297,0
0xf27be4a7b56e892f10861db447dbf0b84adb1706,bsc,test,1709240122,17020,8,1704811009,0
0xed9b3d9a4b8f1a567761c793bb88214904832d17,bsc,test,1709240230,17020,8,1706263535,0
0xf7b6d7e3434cb9441982f9534e6998c43eef144a,bsc,test,1709240233,17020,8,1709111655,0
0xf1b6460e7fa76e7afddfe20740c260b0ec6807a8,bsc,test,1709240374,17020,8,1694206614,0
0x3039d49843b8820fc9d457bb40e29ff0e0450a79,bsc,test,1709240479,17020,8,1708676220,0
0x40491520d7bdcdd670cf387902bad615ab65f43b,bsc,test,1709240503,17020,8,1705956338,0
0x52f9ca8cac2827d379068b069580f9fd730cc9f3,bsc,test,1709240548,17020,8,1706813452,0
0x2947c22608d742af4e8c16d86f90a93969f13f8d,bsc,test,1709240551,17020,8,1708563353,0
0x8b3a78c6f3fc801cbad6c50b2c1a180e3cd267eb,bsc,test,1709240596,17020,8,1708534815,0
0xb30f5e41de59a3a243f7c0eda54894e3db9ddebc,bsc,test,1709240611,17020,8,1706116230,0
0x972207a639cc1b374b893cc33fa251b55ceb7c07,bsc,test,1709240617,17020,8,1708849056,0
0x3eb094ab01e4456fa0bd0ab30ca7d1cee107ef92,bsc,test,1709240668,17020,8,1697000557,0
0xe2ee021a370ce5a5bc776a87578ded7951da18ea,bsc,test,1709240689,17020,8,1704344939,0
0x5801d0e1c7d977d78e4890880b8e579eb4943276,bsc,test,1709240779,17020,8,1709153831,0
0x8203caf86e33ae8df3745938d8ff3cabb7f0866f,bsc,test,1709240812,17020,8,1709100160,0
0x488907d99ce2ac919a47acfac896e825fd23598f,bsc,test,1709240893,17020,8,1708006283,0
0xf1ca73caa1c7ad66af11147ba7d5636243af0493,bsc,test,1709241001,17020,8,1707400114,0
0x0712bc03807ebacc3a457a7149e7ab3bcd2e8009,bsc,test,1709241022,17020,8,1700429651,0
0xd509c2c09c08bbef6ab4f9e13ab81d661aa009da,bsc,test,1709241040,17020,8,1708809175,0
0xd1e06c33ec1b1e8e1a549b9b352bf04d4ab445ff,bsc,test,1709241127,17020,8,1708771633,0
0xa58aad37fa608a2a78a24954c35590c40a51a7b0,bsc,test,1709241157,17020,8,1705427363,0
0xca2483727292ba552aec12dfee4dc105cb1376b9,bsc,test,1709241166,17020,8,1708888727,0
0xe0b58022487131ec9913c1f3acfd8f74fc6a6c7e,bsc,test,1709241166,17020,8,1709145851,0
0x9377e3c3180dddfcda4e4217ed21f2f7c3b235a0,bsc,test,1709241247,17020,8,1702199195,0
0x44846e92dd01e3fe8f84a9a33d555b2aee862edb,bsc,test,1709241286,17020,8,1708771633,0
0x4937e7d93dd8d8e76eb83659f109cdc633ffdee9,bsc,test,1709241301,17020,8,1702050127,0
0xa14c04dea16798aa8f25b1da583cd5fbbfd6579e,bsc,test,1709241358,17020,8,1707995078,0
0x0b66a250dadf3237ddb38d485082a7bfe400356e,bsc,test,1709241385,17020,8,1709163313,0
0x2510a3c9409d850f8b1aeff16f006571aa1f852e,bsc,test,1709241400,17020,8,1709148319,0
0xbd566c45e13023b94ad0f07f2a93d1ed74801f90,bsc,test,1709241421,17020,8,1708805820,0
0x668935b74cd1683c44dc3e5dfa61a6e0b219b913,bsc,test,1709241493,17020,8,1708777445,0
0xe252fcb1aa2e0876e9b5f3ed1e15b9b4d11a0b00,bsc,test,1709241598,17020,8,1709162278,0
0xa41f142b6eb2b164f8164cae0716892ce02f311f,bsc,test,1709241628,17020,8,1704959783,0
0xefd8bb69ab5c0b022b1d33120ddd1dac3a83877e,bsc,test,1709241640,17020,8,1708805820,0
0xf376c874eacdcaaeb2f4012e5e09cf99357d830f,bsc,test,1709241643,17020,8,1709155659,0
0x9482e71fff16842f1271d07941d5492bd4b27215,bsc,test,1709241688,17020,8,1700636110,0
0xc966ad1c98d7c804985c547785f8308dee026bd9,bsc,test,1709241775,17020,8,1708504593,0
0xda1060158f7d593667cce0a15db346bb3ffb3596,bsc,test,1709241820,17020,8,1708405538,0
0x1a515bf4e35aa2df67109281de6b3b00ec37675e,bsc,test,1709241823,17020,8,1709153831,0
0x81aa4d3ad2a86e7a2cd44630c36ccaacd6b30568,bsc,test,1709241844,17020,8,1708953627,0
0x963556de0eb8138e97a85f0a86ee0acd159d210b,bsc,test,1709241874,17020,8,1708980520,0
0xedd9f422bc4d8e55c93a4e2fe64615f8dab27223,bsc,test,1709241874,17020,8,1709150473,0
0x0aa086e7a108d387de63294fe2a88b05820a9855,bsc,test,1709241880,17020,8,1708971799,0
0xca0a9df6a8cad800046c1ddc5755810718b65c44,bsc,test,1709241895,17020,8,1709144166,0
0x1ba8d3c4c219b124d351f603060663bd1bcd9bbf,bsc,test,1709242018,17020,8,1708007908,0
0x6f1462bf17724d6f8551544d57e29bbbcbf3b1c1,bsc,test,1709242036,17020,8,1709112851,0
0xa1428370f540b4c4e319224165ecae513a391f77,bsc,test,1709242039,17020,8,1708179668,0
0x3606f220daeaeb3d47ac1923a8ce2a61205c88cd,bsc,test,1709242057,17020,8,1709098386,0
0x95a6772a2272b9822d4b3dfeeaedf732f1d28db8,bsc,test,1709242060,17020,8,1707556427,0
0x8c18ffd66d943c9b0ad3dc40e2d64638f1e6e1ab,bsc,test,1709242120,17020,8,1705733639,0
0x39132daa2082e12ac33a08478a74362e3c394357,bsc,test,1709242126,17020,8,1707255974,0
0x5f99acf13caff815dd9cb4a415c0fb34e9f4545b,bsc,test,1709242153,17020,8,1709156007,0
0xd73e883e203646e87f6d073baf3d7719bda68bcb,bsc,test,1709242171,17020,8,1708905175,0
0xdfaabaa57dec10c049335bdaa2e949b4ce2ead30,bsc,test,1709242198,17020,8,1708822340,0
0x53e4b7aa6caccb9576548be3259e62de4ddd4417,bsc,test,1709242246,17020,8,1708922117,0
0xde7d1ce109236b12809c45b23d22f30dba0ef424,bsc,test,1709242276,17020,8,1709146261,0
0x7cdf887bfd5c1fee94f549e90e1f6cd7a3e8e5f8,bsc,test,1709242306,17020,8,1708185121,0
0x43a0c5eb1763a211aa3c05849a617f2ee0452767,bsc,test,1709242327,17020,8,1707302934,0
0x0556551f81623ae32c5c7cf853c67fafbe61648a,bsc,test,1709242345,17020,8,1708850074,0
0x61d9f522b332d1f2ab25d5803371e5eac6cf8808,bsc,test,1709242369,17020,8,1708879147,0
0xfd0fd32a20532ad690731c2685d77c351015ebba,bsc,test,1709242372,17020,8,1707977941,0
0x270178366a592ba598c2e9d2971da65f7baa7c86,bsc,test,1709242375,17020,8,1709150856,0
0xa24259b154f6199f881c99fca26d7b3e8f8f2711,bsc,test,1709242414,17020,8,1709177759,0
0x51213757f952d333fb4240356d67acdcef38645a,bsc,test,1709242441,17020,8,1708829441,0
0x495205d4c6307a73595c5c11b44bee9b3418ac69,bsc,test,1709242453,17020,8,1708100557,0
0x55f92a211fa8ecae297de480b05079510d76539a,bsc,test,1709242459,17020,8,1704281927,0
0x56e344be9a7a7a1d27c854628483efd67c11214f,bsc,test,1709242522,17020,8,1709156007,0
0x5662ac531a2737c3db8901e982b43327a2fde2ae,bsc,test,1709242555,17020,8,1708848078,0
0x8bd22c61b409587d24d87fb56e88bd84e5d91596,bsc,test,1709242555,17020,8,1708979964,0
0xcdb96d3aef363a036c6cf6c9b5736d79f0e404e2,bsc,test,1709242585,17020,8,1708982678,0
0x590d11c0696b0023176f5d7587d6b2f502a08047,bsc,test,1709242594,17020,8,1709016688,0
0x722f41f6511ff7cda73a1cb0a9ea2f731738c4a0,bsc,test,1709242612,17020,8,1708538713,0
0x780207b8c0fdc32cf60e957415bfa1f2d4d9718c,bsc,test,1709242645,17020,8,1708862500,0
0x08b450e4a48c04cdf6db2bd4cf24057f7b9563ff,bsc,test,1709242648,17020,8,1706804790,0
0xa5e94e1cd621c0f6361c57c39712d777ebcd4146,bsc,test,1709242666,17020,8,1709045646,0
0xcfdf8a80fecaeecc144fa74c0df8691bfd0e26e3,bsc,test,1709242693,17020,8,1709150473,0
0x8689dea88ec1e2638250eef702e722c6dacff70e,bsc,test,1709242702,17020,8,1707721815,0
0xffb3edd21be33d5e78c9e0c2a275b3fd42670d67,bsc,test,1709242717,17020,8,1709150473,0
0x316beb3f482f40b804a5fda0ee0e321ae84caa0a,bsc,test,1709242720,17020,8,1708544513,0
0x6c5fe6e99d2484db7e4bf34f365aba42d0e4dc20,bsc,test,1709242744,17020,8,1708941407,0
0x6d4e8507084c7b58d33b3b88915591670f959b2f,bsc,test,1709242753,17020,8,1705357451,0
0x7764bdfc4ab0203a7d4e3edf33b181f395458870,bsc,test,1709242756,17020,8,1706710207,0
0x797bb0beea437d2762a755ea911c0046c1284568,bsc,test,1709242798,17020,8,1708995089,0
0x0af8c016620d3ed0c56381060e8ab2917775885e,bsc,test,1709242813,17020,8,1709013881,0
0x939f8841a10c0ba2585b0ae5899e8366f1dbd58b,bsc,test,1709242861,17020,8,1707583976,0
0xcbbb3e5099f769f6d4e2b8b92dc0e268f7e099d8,bsc,test,1709242861,17020,8,1709129500,0
0xf0186490b18cb74619816cfc7feb51cdbe4ae7b9,bsc,test,1709242945,17020,8,1708312153,0
0x8eb12bf64c5513653de549a61078f244ef11dbff,bsc,test,1709242978,17020,8,1709162278,0
0x854a63b35b70a7becbed508ff0b6ff5038d0c917,bsc,test,1709243095,17020,8,1708705712,0
0x80e7dc4e726e052b0db04ec8b506596458809c11,bsc,test,1709243143,17020,8,1709163501,0
0x97a30c692ece9c317235d48287d23d358170fc40,bsc,test,1709243170,17020,8,1708941407,0
0x5a29c96fa93ffa8845fb7f8616a03aa85fcc11d6,bsc,test,1709243221,17020,8,1708770335,0
0xb2f307fc5d7b34f22267aef01e84915a4509cf86,bsc,test,1709243221,17020,8,1708980944,0
0x7a2277f34f275ded630deff758fbc818409ca36d,bsc,test,1709243224,17020,8,1708931085,0
0xb4b486496469b3269c8907543706c377daaa4dd9,bsc,test,1709243239,17020,8,1707705504,0
0x1eea643fc6c0b4d253621839986fc566fce40704,bsc,test,1709243242,17020,8,1704375779,0
0xb72842d6f5fedf91d22d56202802bb9a79c6322e,bsc,test,1709243251,17020,8,1708982914,0
0x988f7c894e4001eeb7b570cde80dffe21cf7b6b9,bsc,test,1709243254,17020,8,1708749794,0
0x417e99871cdc1a48cc313be8b586667d54b46494,bsc,test,1709243260,17020,8,1708572171,0
0x50ba8bf9e34f0f83f96a340387d1d3888ba4b3b5,bsc,test,1709243323,17020,8,1708893707,0
0x82598bb4c9b40217c0bb28b63eaae3a7aabd9b7e,bsc,test,1709243329,17020,8,1708552582,0
0x61dc650c10ec3c758d251cd2d1ab45af1a43e941,bsc,test,1709243338,17020,8,1708708533,0
0x54012cdf4119de84218f7eb90eeb87e25ae6ebd7,bsc,test,1709243341,17020,8,1706247566,0
0x5f2172b64a33f423bc7f0c48c23f7d3008f7e4fe,bsc,test,1709243368,17020,8,1708771349,0
0x8d3633998a91041ad986e751a753c100c792b260,bsc,test,1709243368,17020,8,1702889567,0
0x3c5cb21423a3dc2fda4339ddc5dafb1d9a12821c,bsc,test,1709243371,17020,8,1691933063,0
0xa73df9480e9408908c828be2e1a7345855501508,bsc,test,1709243437,17020,8,1708005290,0
0x9c1962e0ac2a370ab4c4f4eecba6483d8764c4b2,bsc,test,1709243461,17020,8,1686234731,0
0x12ef97ebe8a51bb7cff3e1799c8f7936db9d13d3,bsc,test,1709243470,17020,8,1707964496,0
0x405be90996e7f995a08c2fbd8d8822ef5b03466c,bsc,test,1709243488,17020,8,1708953249,0
0xbccd27062ae1a2bea5731c904b96edfb163aba21,bsc,test,1709243524,17020,8,1708562969,0
0x0a145c337464dac88c43a6ccfcfe82689c2a37cc,bsc,test,1709243575,17020,8,1708958727,0
0xa752df1de29cddba6f1142db2a75d407092cce4b,bsc,test,1709243630,17020,8,1708358753,0
0x7dc6dc21ce07e6499fdcc30dcdb943a8ee4db802,bsc,test,1709243694,17020,8,1706260175,0
0x307bc76e3d59ed73886a9cf9360a9286f6281ba7,bsc,test,1709243712,17020,8,1706595284,0
0x8f9f2c61730932c99fae229a7265851aaaf9d59e,bsc,test,1709243841,17020,8,1708955371,0
0x027a9d301fb747cd972cfb29a63f3bda551dfc5c,bsc,test,1709243874,17020,8,1708022343,0
0x6f23128677a56b50ac30a3ce78f0a606643c69b5,bsc,test,1709243883,17020,8,1707911735,0
0x4e22ab2bbcb3e7f74249c87f62bb35ef92c3d964,bsc,test,1709243907,17020,8,1709153831,0
0x909da1e112e9eef53ed438c06937b15b852b8d94,bsc,test,1709243931,17020,8,1708856595,0
0x8f7ebc23212f6adcc7a5f1c86197ec337c2f4997,bsc,test,1709243960,17020,8,1709160990,0
0x14ff6d20d6004f707cb347407f4ed8b3408c06b7,bsc,test,1709243978,17020,8,1708014818,0
0x498941ae8351942acfc062cda5f59fa29e5396a5,bsc,test,1709243992,17020,8,1709164895,0
0x7d23de8d1e71b42b821ea4157ca6b81524729cf3,bsc,test,1709243992,17020,8,1708474737,0
0x7b9f36a2f331ece03a7483d2713cfd806f9beef2,bsc,test,1709243998,17020,8,1708210050,0
0x140b890bf8e2fe3e26fcd516c75728fb20b31c4f,bsc,test,1709244007,17020,8,1708841411,0
0x178fbe1cf4775fbdb9756d6349195a05799c0fe5,bsc,test,1709244019,17020,8,1708839443,0
0x88b985007d714d1578bccdec2303212c14946cdc,bsc,test,1709244037,17020,8,1708829441,0
0x63d0761ab9705ce0af64e78664a64e550cc53b92,bsc,test,1709244073,17020,8,1706804790,0
0x1ffe17b99b439be0afc831239ddecda2a790ff3a,bsc,test,1709244142,17020,8,1709176015,0
0xbc2a152ce36a76e3071ce221761e2445c1c496d4,bsc,test,1709244142,17020,8,1708832539,0
0x8ea93d00cc6252e2bd02a34782487eed65738152,bsc,test,1709244151,17020,8,1708553644,0
0xebdba914eb214fbf7ab1acd02563da43831ad0a4,bsc,test,1709244187,17020,8,1705733639,0
0x14e3598571f4683cea1ff2a917f4a3354cd5842b,bsc,test,1709244244,17020,8,1705261561,0
0xd5239b38b93b54a31b348afaac3edcdf9e3c546a,bsc,test,1709244271,17020,8,1708852502,0
0x5f54b428f08bcf68c8c1dc07db9971040e5997ec,bsc,test,1709244280,17020,8,1709148319,0
0xe20b9e246db5a0d21bf9209e4858bc9a3ff7a034,bsc,test,1709244292,17020,8,1707758793,0
0xcfe90d9fcbee5b4fe05a1723c493483b08b1a77f,bsc,test,1709244295,17020,8,1709156007,0
0xbe76f927d274072266cade09daa54750cd4293a1,bsc,test,1709244316,17020,8,1709112693,0
0x6e61579c22f9a6da63a33e819f29b6697d2a126e,bsc,test,1709244325,17020,8,1707179826,0
0x11d67aa725e04f764104fc46618fc0267b0a00e1,bsc,test,1709244328,17020,8,1708538154,0
0xaa390bd1657514730d98baabce4b393a53acd579,bsc,test,1709244454,17020,8,1709141170,0
0x851944049dfdd189725b136c5ae3fb83cc62b28d,bsc,test,1709244460,17020,8,1708682053,0
0x582c12b30f85162fa393e5dbe2573f9f601f9d91,bsc,test,1709244577,17020,8,1709016688,0
0x2e8799f0a26d8a9f37a0b4747fa534f039c2d234,bsc,test,1709244622,17020,8,1705744822,0
0xdbe373d9374cee42cdd40754c71cd3f5eded4da7,bsc,test,1709244622,17020,8,1709055970,0
0x27c073e8427aa493a90b8dc8b73a89e670fd77bb,bsc,test,1709244661,17020,8,1708843584,0
0x19961cf3b822d37e16e310ab7c6c0277f95f31c3,bsc,test,1709244685,17020,8,1709134741,0
0xec153c1114dd485e439ab1aabbfb9565c690cdb2,bsc,test,1709244688,17020,8,1709159592,0
0x5fb7097e62979907b4e71a5989cf695d635890c0,bsc,test,1709244733,17020,8,1708304706,0
0x571dbcaa3df80dfebf69fefd084dace4a22ea7bf,bsc,test,1709244829,17020,8,1709148319,0
0x936dcfc3ff6a8da20a945d867bdfea09988ffa0c,bsc,test,1709244832,17020,8,1709100908,0
0x8f74c41e5fe759185c7f6b82d2033264844b03f0,bsc,test,1709244838,17020,8,1706684130,0
0x8013d731f429b3ad418f5467f9f68285efd67ca7,bsc,test,1709244844,17020,8,1709155659,0
0x0e28bc9b03971e95acf9ae1326e51ecf9c55b498,bsc,test,1709244943,17020,8,1704500327,0
0xe2eb47954e821dc94e19013677004cd59be0b17f,bsc,test,1709244958,17020,8,1709037463,0
0x9e02b86a56b208058e41f442222fffa6ebfbefd2,bsc,test,1709244961,17020,8,1708682053,0
0x1bb8c6d13f6bd7778b024794d19ef8c45f178955,bsc,test,1709245018,17020,8,1708953264,0
0x3e098c23dcfbbe0a3f468a6bed1cf1a59dc1770d,bsc,test,1709245048,17020,8,1709078373,0
0x738076a6cb6c30d906bcb2e9ba0e0d9a58b3292e,bsc,test,1709245078,17020,8,1707956965,0
0x57a5297f2cb2c0aac9d554660acd6d385ab50c6b,bsc,test,1709245099,17020,8,1709031943,0
0x4374142ddf613bc64a573b8bdb14870c0acaf9dd,bsc,test,1709245105,17020,8,1707262071,0
0xec3422ef92b2fb59e84c8b02ba73f1fe84ed8d71,bsc,test,1709245123,17020,8,1704736450,0
0x529a1468a91fa4ee0d65ee2b4b66fe4f6a55154f,bsc,test,1709245150,17020,8,1709123682,0
0xbda093c16347b5b106bc5bf9afd0ddeef85ea60c,bsc,test,1709245153,17020,8,1703625647,0
0x9194d7e750217f9637d5f35592411459bd587dae,bsc,test,1709245156,17020,8,1709056052,0
0xd773affb89f9dbef8b1bcd2003a9de421f979416,bsc,test,1709245204,17020,8,1702194229,0
0xa11ff9976018fda2a8c4ccfa6ffbe8423c5ab668,bsc,test,1709245210,17020,8,1708945277,0
0x0da6ed8b13214ff28e9ca979dd37439e8a88f6c4,bsc,test,1709245246,17020,8,1709108947,0
0x988c49d4a1515ee341b3540ec70a1f7a167b3759,bsc,test,1709245258,17020,8,1708949018,0
0x2c961ff9b386b597abc58a56f3ec63e313cada76,bsc,test,1709245273,17020,8,1709156007,0
0xfba3b64fc886aa48ce53d700a3cd1cdfc7a1dac4,bsc,test,1709245279,17020,8,1708849356,0
0x2563a4f7c37f2aca9f3222def6849c4156d6f9d2,bsc,test,1709245300,17020,8,1705706231,0
0x2bf74bbe84e6a6ed8ffe41103d69233f242f1cd8,bsc,test,1709245336,17020,8,1709098324,0
0x181de8c57c4f25eba9fd27757bbd11cc66a55d31,bsc,test,1709245345,17020,8,1709170980,0
0x7fe378c5e0b5c32af2ecc8829bedf02245a0e4ef,bsc,test,1709245345,17020,8,1709146515,0
0x3ca994d9f723736381d44388bc8dd1e7ee8c1653,bsc,test,1709245360,17020,8,1708971799,0
0xdd1b6b259986571a85da82a84f461e1c212591c0,bsc,test,1709245375,17020,8,1708821432,0
0xf03a2dc374d494fbe894563fe22ee544d826aa50,bsc,test,1709245405,17020,8,1708881678,0
0x0ff81f18bcb9519ac6027c732d196945ca4d2a9a,bsc,test,1709245411,17020,8,1708763058,0
0xc69ec15775aa8be1698893b681f415038dee8339,bsc,test,1709245417,17020,8,1709161370,0
0xd7bde0c14abce1017e7f6fa4292262fc19eb39c9,bsc,test,1709245432,17020,8,1704004859,0
0x4dd1984a706e1c2c227bea67ad2f92dbde30afce,bsc,test,1709245498,17020,8,1708863603,0
0xbb73bb2505ac4643d5c0a99c2a1f34b3dfd09d11,bsc,test,1709245507,17020,8,1708772431,0
0x440758df68a045db3f2517257f27330a12438656,bsc,test,1709245516,17020,8,1705982123,0
0xa5522ae272b74b014bc20ef7ef2e2b87af0787d8,bsc,test,1709245531,17020,8,1709163927,0
0x160f2098db37da1bed6c541663d20d74632e3953,bsc,test,1709245591,17020,8,1709146823,0
0x36eb2abdde415ad4b972cf2373d57cf7da2b02b1,bsc,test,1709245633,17020,8,1708022343,0
0xb962150760f9a3bb00e3e9cf48297ee20ada4a33,bsc,test,1709245645,17020,8,1709153492,0
0xbc648cbd7b2b2c666f9f46ac5c5ce6ee77f9c407,bsc,test,1709245657,17020,8,1708960117,0
0x47a9b109cfb8f89d16e8b34036150ee112572435,bsc,test,1709245708,17020,8,1707593173,0
0xfe1179267621899d85e6eddc0dc9bf9345fb5e55,bsc,test,1709245720,17020,8,1707277914,0
0xbbe626be0abd64e8efd72a934f08ff9e81c909c8,bsc,test,1709245735,17020,8,1708617152,0
0xc6ae5582a30a58bcddc0fa0063b8a97488ba3114,bsc,test,1709245744,17020,8,1708530450,0
0x3969fe107bae2537cb58047159a83c33dfbd73f9,bsc,test,1709245777,17020,8,1709170980,0
0xba26397cdff25f0d26e815d218ef3c77609ae7f1,bsc,test,1709245783,17020,8,1709145851,0
0x131ded61462cb0f8034656d9294f79247f72ad0b,bsc,test,1709245789,17020,8,1708697869,0
0x77972a1ba3cab14e1e907b58bbc4971544f4719d,bsc,test,1709245795,17020,8,1709173460,0
0x7849ed1447250d0b896f89b58f3075b127ca29b3,bsc,test,1709245795,17020,8,1708784031,0
0xc7d495d8ba942d62e69ba5c617a8575bea35717a,bsc,test,1709245795,17020,8,1709146123,0
0x99945f484ebc48f5307cc00cf8dcf8d6d3d4b017,bsc,test,1709245801,17020,8,1709166961,0
0xee0074509a481340fa2dc31177d1592f277c536f,bsc,test,1709245801,17020,8,1708986924,0
0x7db21353a0c4659b6a9a0519066aa8d52639dfa5,bsc,test,1709245810,17020,8,1709128584,0
0x7faaf8d4c411218415d9d3f82d56214658349dbb,bsc,test,1709245822,17020,8,1709073898,0
0xd2ddfba7bb12f6e70c2aab6b6bf9edaef42ed22f,bsc,test,1709245825,17020,8,1709156007,0
0x604642b431edc7a036cab175adce1f40b6654fe0,bsc,test,1709245843,17020,8,1709104755,0
0x7762a14082ab475c06d3868b385e46ae27017231,bsc,test,1709245852,17020,8,1709167308,0
0x49074051ad996828504d7f719fc5769ac942220d,bsc,test,1709245858,17020,8,1708559306,0
0x1b818cecf52e3b47ee47f7c909e023e4d1b3027c,bsc,test,1709245870,17020,8,1702884721,0
0xb699390735ed74e2d89075b300761dae34b4b36b,bsc,test,1709245885,17020,8,1709144380,0
0x4b5c23cac08a567ecf0c1ffca8372a45a5d33743,bsc,test,1709245888,17020,8,1709073898,0
0x3cb7378565718c64ab86970802140cc48ef1f969,bsc,test,1709245906,17020,8,1709146135,0
0xca127b33f6e606660d8aba486a4b167fed4b5612,bsc,test,1709245915,17020,8,1709162278,0
0x230f6e7904ffc156abd8adfd7556e56e2a358cb1,bsc,test,1709245936,17020,8,1709032962,0
0x28d82c4d7315c02d19562db1080a713eb5cc2639,bsc,test,1709245981,17020,8,1709146261,0
0x0d3843f92d622468ba67df5a6a4149b484a75af3,bsc,test,1709245990,17020,8,1708930275,0
0xde5ed76e7c05ec5e4572cfc88d1acea165109e44,bsc,test,1709246008,17020,8,1709156563,0
0xe64e30276c2f826febd3784958d6da7b55dfbad3,bsc,test,1709246023,17020,8,1708063692,0
0x1a3264f2e7b1cfc6220ec9348d33ccf02af7aaa4,bsc,test,1709246032,17020,8,1708936801,0
0x1d8bbde12b6b34140604e18e9f9c6e14dec16854,bsc,test,1709246056,17020,8,1708804558,0
0x558ad2b02ce979ca54f88206ed8597c8c740774e,bsc,test,1709246068,17020,8,1708729979,0
0x2d5b47a42984713f6ef447e1a95eb9a21007a02d,bsc,test,1709246077,17020,8,1708951468,0
0xb1ff83ef5e44862d634413be77ca4dc6ac50b74f,bsc,test,1709246080,17020,8,1708755070,0
0xdf34f62a90717bac9067a1b9eb49f5e7419fdc7f,bsc,test,1709246131,17020,8,1709031275,0
0xdae6c2a48bfaa66b43815c5548b10800919c993e,bsc,test,1709246137,17020,8,1708929102,0
0x7b86f5ca09dc00502e342b0fef5117e1c32222ce,bsc,test,1709246164,17020,8,1708785381,0
0x98d4c60deea495c94d50d162d331278658a6b681,bsc,test,1709246167,17020,8,1708699158,0
0xf91d58b5ae142dacc749f58a49fcbac340cb0343,bsc,test,1709246200,17020,8,1708979754,0
0xf040266885a04190b94e136da727f7f901f4317f,bsc,test,1709246203,17020,8,1708959303,0
0x610547fb5e781c98ce52b62f9ace4e1526385311,bsc,test,1709246209,17020,8,1704297035,0
0xaf42a5df3c1c1427da8fc0326bd7b030a9367e78,bsc,test,1709246209,17020,8,1709147303,0
0x0747cda49c82d3fc6b06df1822e1de0c16673e9f,bsc,test,1709246224,17020,8,1709170980,0
0x00f5960f7bf0f2a5978e3617c170cb6fb2ef4d0c,bsc,test,1709246233,17020,8,1708900801,0
0xda8f07e6a964179a49e30c183a236332e5dc7f07,bsc,test,1709246233,17020,8,1709108947,0
0xeb8eec5a2dbf6e6f4cc542ad31cce706f8f80419,bsc,test,1709246233,17020,8,1708299902,0
0xaa967da5092074cd7e54ff88122e958adf63fbd8,bsc,test,1709246236,17020,8,1708339056,0
0xeec0f509e651135c7cd01c07ea140064cf9ac41b,bsc,test,1709246242,17020,8,1708190953,0
0x25261bd17a1ff9d992e03a4bfbcb312e74f4db80,bsc,test,1709246245,17020,8,1708345583,0
0x0a23454f4c5d57a020372ab7138d80b43da95c3e,bsc,test,1709246254,17020,8,1708745412,0
0x70b6c6a555507ee4ac91c15e5c80b7dc8ff3b489,bsc,test,1709246254,17020,8,1707279411,0
0xb0c4080a8fa7afa11a09473f3be14d44af3f8743,bsc,test,1709246254,17020,8,1709148207,0
0x57f12fe6a4e5fe819eec699fadf9db2d06606bb4,bsc,test,1709246281,17020,8,1708869445,0
0x45f73df56babe3681447da85a57ab40289ec03c6,bsc,test,1709246287,17020,8,1708900801,0
0xf215a127a196e3988c09d052e16bcfd365cd7aa3,bsc,test,1709246287,17020,8,1708891323,0
0x210c14fbecc2bd9b6231199470da12ad45f64d45,bsc,test,1709246293,17020,8,1708433504,0
0x42c1613dd2236cfd60b5cbec846b5ead71be99df,bsc,test,1709246293,17020,8,1708908853,0
0x096901973ac5b4dd14728fae04597b90b2a47da9,bsc,test,1709246296,17020,8,1708766594,0
0x530e9346870e632a63e8d461bb3c3622e00782de,bsc,test,1709246296,17020,8,1709153831,0
0x5c9476fcd6a4f9a3654139721c949c2233bbbbc8,bsc,test,1709246296,17020,8,1708832187,0
0x5fdab5bdbad5277b383b3482d085f4bfef68828c,bsc,test,1709246296,17020,8,1708772602,0
0x80ef6c9c91c8f150098c5b0763d0a40d46fb3b3e,bsc,test,1709246296,17020,8,1708879147,0
0x2b339d46e157cf93de6a919aa05350e952f67359,bsc,test,1709246299,17020,8,1708970203,0
0x388d819724dd6d71760a38f00dc01d310d879771,bsc,test,1709246299,17020,8,1709134085,0
0x8ac0a467f878f3561d309cf9b0994b0530b0a9d2,bsc,test,1709246299,17020,8,1709152998,0
0xe20b7bab4e535db596f03e9b63568222e427df1b,bsc,test,1709246305,17020,8,1708937773,0
0x567bbef0efdf53355c569b7aedde4c4f7c008014,bsc,test,1709246308,17020,8,1708802491,0
0x579a6277a6c2c63a5b25006f63bce5dc8d9c25e7,bsc,test,1709246308,17020,8,1709167308,0
0xc999d595e73d06040f6cdd78d58ff20abe079337,bsc,test,1709246308,17020,8,1708766594,0
0xf7f0dc9fd88e436847580d883319137ec2aa6b94,bsc,test,1709246311,17020,8,1708899541,0
0x94733910a43d412ddad505a8772839aa77ac1b6d,bsc,test,1709246323,17020,8,1709160002,0
0x2749c9f2f8568d389bbf61ed77784a43c3cd3e19,bsc,test,1709246329,17020,8,1708643383,0
0xa0ed3c520dc0632657ad2eaaf19e26c4fd431a84,bsc,test,1709246335,17020,8,1709119314,0
0xdfd7b0dd7bf1012dfdf3307a964c36b972300ac8,bsc,test,1709246335,17020,8,1708844382,0
0x055dab90880613a556a5ae2903b2682f8a5b8d27,bsc,test,1709246350,17020,8,1709150644,0
0x4b85a666dec7c959e88b97814e46113601b07e57,bsc,test,1709246350,17020,8,1709134741,0
0x94174f59c009f49b6abc362706fda402616b0427,bsc,test,1709246350,17020,8,1709066855,0
0xa23c6aff5e994be5070974bca74fce664d71e6f2,bsc,test,1709246350,17020,8,1707935884,0
0xb49b7e0742ecb4240ffe91661d2a580677460b6a,bsc,test,1709246350,17020,8,1708089935,0
0xb92c5e0135a510a4a3a8803f143d2cb085bbaf73,bsc,test,1709246350,17020,8,1708845828,0
0xe05a08226c49b636acf99c40da8dc6af83ce5bb3,bsc,test,1709246350,17020,8,1709160990,0
0x75bd1a659bdc62e4c313950d44a2416fab43e785,bsc,test,1709246356,17020,8,1709146135,0
0x198800af50914004a9e9d19ca18c0b24587a50cf,bsc,test,1709246359,17020,8,1708942282,0
0x4978591f17670a846137d9d613e333c38dc68a37,bsc,test,1709246359,17020,8,1706303990,0
0xf1288cf18b1faaa35f40111c3e5d2f827e1e920e,bsc,test,1709246359,17020,8,1709072454,0
0x198abb2d13faa2e52e577d59209b5c23c20cd6b3,bsc,test,1709246362,17020,8,1709072454,0
0x7358cda6a5db35ce11a3a79a61145ec93b63eed4,bsc,test,1709246362,17020,8,1708571505,0
0x9f8b8fe01b26957cf3dcd6fbd3675053ba2c02c8,bsc,test,1709246362,17020,8,1708805034,0
0xa0bed124a09ac2bd941b10349d8d224fe3c955eb,bsc,test,1709246362,17020,8,1709153831,0
0xf0e406c49c63abf358030a299c0e00118c4c6ba5,bsc,test,1709246362,17020,8,1709056052,0
0x039471b9e8a86b977aaeb5ec4182cf3866f436b0,bsc,test,1709246371,17020,8,1709151280,0
0x171401a3d18b21bfa3f9bf4f9637f3691158365a,bsc,test,1709246371,17020,8,1708722220,0
0x4aac18de824ec1b553dbf342829834e4ff3f7a9f,bsc,test,1709246371,17020,8,1709149477,0
0x8e8538c75f273ab2df6adeecd3622a9c314fccf3,bsc,test,1709246371,17020,8,1708931085,0
0xa7ebcb0da35a8b6d2ea6943faec8949676a316cd,bsc,test,1709246377,17020,8,1709166961,0
0xbe1936a67f503e0eaf2434b0cf9f4e3d7100008a,bsc,test,1709246377,17020,8,1709153831,0
0x7f70642d88cf1c4a3a7abb072b53b929b653eda5,bsc,test,1709246380,17020,8,1709166961,0
0x237ace23ab2c36a004aa5e4fb134fe5c1cedf06c,bsc,test,1709246383,17020,8,1708418540,0
0x9b208b117b2c4f76c1534b6f006b033220a681a4,bsc,test,1709246383,17020,8,1708843584,0
0xf7c71cab11e3694638bb9a106e0f430565bd15f1,bsc,test,1709246383,17020,8,1709161370,0
0x3ad2ea050c3a103961475e10c2332e043e170840,bsc,test,1709246398,17020,8,1709149211,0
0x845705db1623b8363a6d9813f33b73ec50cea0a2,bsc,test,1709246398,17020,8,1702518846,0
0x64048a7eecf3a2f1ba9e144aac3d7db6e58f555e,bsc,test,1709246404,17020,8,1709056052,0
0xab9d0fae6eb062f2698c2d429a1be9185a5d4f6e,bsc,test,1709246404,17020,8,1708904230,0
0x8efa59bf5f47c6fe0e97c15cad12f2be6bb899a1,bsc,test,1709246413,17020,8,1709149183,0
0x57a5aa266107261c2f497c8b4047d5299824d3cb,bsc,test,1709246419,17020,8,1708745412,0
0x1236ea13c7339287cd00ab196aaa8217006b04dc,bsc,test,1709246422,17020,8,1703763547,0
0x36c618f869050106e1f64d777395baf7d56a9ead,bsc,test,1709246422,17020,8,1708984935,0
0xa4a94dcf0dc96f7b51d5b099efe10bdf150ffdbe,bsc,test,1709246422,17020,8,1709145439,0
0xb22e110e8b83e5efe88e4af3a52ff39a7afd814c,bsc,test,1709246422,17020,8,1709166235,0
0xe7eada32caf827d3ba8cb1074830d803c9bd48c3,bsc,test,1709246422,17020,8,1709170980,0
0xfc8e68e30350c6603d3d29fcc8e676380c28fcf4,bsc,test,1709246422,17020,8,1709150856,0
0xb70d593ef89b707ce05925e1d80fffcd9a655406,bsc,test,1709246425,17020,8,1708868887,0
0xcbd787129d6e36225d93e46fa08556cc7f3a2458,bsc,test,1709246425,17020,8,1708908853,0
0x068c581b987663a7c1d0d956a44eff95b23f9efa,bsc,test,1709246434,17020,8,1709072454,0
0x4f3266a56589357b4f8082918b14b923693e57f0,bsc,test,1709246434,17020,8,1708132780,0
0xb9eee0069bb54c2aa5762d184455686ec58a431f,bsc,test,1709246461,17020,8,1708344851,0
0x404f83279c36e3e0e2771b7ae9f9b0b2b50ee27c,bsc,test,1709246464,17020,8,1708705712,0
0x336f374198c872ba760e85af9c6331c3c5a535d3,bsc,test,1709246467,17020,8,1708880173,0
0x39987764125ad0c5c70335a8f8fc3d2e501029c0,bsc,test,1709246476,17020,8,1708427926,0
0x77f6a5f1b7a2b6d6c322af8581317d6bb0a52689,bsc,test,1709246476,17020,8,1708800095,0
0x9066e87bac891409d690cfefa41379b34af06391,bsc,test,1709246476,17020,8,1708563209,0
0xaf83f292fced83032f52ced45ef7dbddb586441a,bsc,test,1709246476,17020,8,1709119314,0
0x04bd1bc77cdbf6af47d6891f6041425d535d7c58,bsc,test,1709246497,17020,8,1706053631,0
0xc294a07df611cfc515dcdc7d377648a7a0d85c8f,bsc,test,1709246497,17020,8,1708981106,0
0x695909b05926b9961bb1cc4c7a8f392c1da8e285,bsc,test,1709246503,17020,8,1708123846,0
0x2b7f68170a598e507b19bca41ed745eabc936b3f,bsc,test,1709246506,17020,8,1708944758,0
0x6f620ec89b8479e97a6985792d0c64f237566746,bsc,test,1709246506,17020,8,1708716347,0
0x18e37f96628db3037d633fe4d469fb1933a63c5b,bsc,test,1709246533,17020,8,1708880287,0
0xd306c124282880858a634e7396383ae58d37c79c,bsc,test,1709246539,17020,8,1708834303,0
0x327cebe8fc71edefdf3ab79d0c5b18b3303a2289,bsc,test,1709246545,17020,8,1708946393,0
0x6b2812f1a8350de38c4da2d29446ead15b91fa3c,bsc,test,1709246551,17020,8,1709163927,0
0xece1688ccde78c6d511c57c30a05d05f014b0234,bsc,test,1709246560,17020,8,1709111655,0
0xfd81ef21ea7cf1dc00e9c6dd261b4f3be0341d5c,bsc,test,1709246560,17020,8,1709117345,0
0x87374baef80590f5274bae9c2533e10b6a3a79b8,bsc,test,1709246590,17020,8,1704786503,0
0xb0f2939a1c0e43683e5954c9fe142f7df9f8d967,bsc,test,1709246608,17020,8,1709170980,0
0x2f3391aebe27393aba0a790aa5e1577fea0361c2,bsc,test,1709246623,17020,8,1709058539,0
0x4374f26f0148a6331905edf4cd33b89d8eed78d1,bsc,test,1709246623,17020,8,1709161370,0
0x82190d28e710ea9c029d009fad951c6f1d803bb3,bsc,test,1709246623,17020,8,1708974690,0
0xcb008773ebef8c527fc33a4382659b13c9e73f70,bsc,test,1709246653,17020,8,1708905175,0
0x3524fd7488fdb1f4723bbc22c9cbd1bf89f46e3b,bsc,test,1709246659,17020,8,1703623514,0
0x382ec3f9f2e79b03abf0127f3aa985b148cef6d7,bsc,test,1709246662,17020,8,1707758793,0
0x5239fe1a8c0b6ece6ad6009d15315e02b1e7c4ea,bsc,test,1709246671,17020,8,1709150473,0
0xd9780513292477c4039dfda1cfcd89ff111e9da5,bsc,test,1709246671,17020,8,1708672548,0
0xe7d36c00aabfc34f40ea17166229a0b4ae7dc856,bsc,test,1709246671,17020,8,1709148207,0
0x8691ee64846c7d37e339093eae047c3441f13c51,bsc,test,1709246695,17020,8,1708240521,0
0xa30e41296ec0fefa9aa8c605af5b8f9a36fe68c5,bsc,test,1709246740,17020,8,1708824128,0
0xd7e81c66502e19cefc44a4bce4c0b4fb7a5f144a,bsc,test,1709246752,17020,8,1709150788,0
0x6c1efbed2f57dd486ec091dffd08ee5235a570b1,bsc,test,1709246773,17020,8,1708944758,0
0x55493e35e33fcf811571707ac5bf1dbcb658bafc,bsc,test,1709246812,17020,8,1709166969,0
0x0f5c78f152152dda52a2ea45b0a8c10733010748,bsc,test,1709246815,17020,8,1708773663,0
0x85849af2a4cef3b9fcae3bc0838fefcdd4530fb0,bsc,test,1709246815,17020,8,1707290814,0
0x567351e802f52ca60b2ac9d61d5b538e9582e78d,bsc,test,1709246818,17020,8,1708879147,0
0xe7c9c6bc87b86f9e5b57072f907ee6460b593924,bsc,test,1709246818,17020,8,1708941407,0
0xaed8bd0608ef3cc45290a8d0e4223ef4c92dd3dc,bsc,test,1709246854,17020,8,1708823352,0
0xeb986da994e4a118d5956b02d8b7c3c7ce373674,bsc,test,1709246860,17020,8,1708957466,0
0xd3cc9d8f3689b83c91b7b59cab4946b063eb894a,bsc,test,1709246875,17020,8,1708555575,0
0x3764be118a1e09257851a3bd636d48dfeab5cafe,bsc,test,1709246893,17020,8,1707880222,0
0x6e8ce91124d57c37556672f8889cb89af52a6746,bsc,test,1709246896,17020,8,1709159592,0
0x5a4212faa21c7b4dd954e5f33f86c2575419a083,bsc,test,1709246959,17020,8,1708907029,0
0xbb689057fe1c4bfc573a54c0679ae1a7a1982f26,bsc,test,1709246977,17020,8,1708899931,0
0x1475ff9356a8f8099a675ca81a5a4de481c15994,bsc,test,1709246983,17020,8,1707752050,0
0x67b29bf4561c4d1bba459be70ef9e2b83f6389a1,bsc,test,1709247001,17020,8,1708949598,0
0xc9363d559d2e6dcac6955a00b47d28326e07cf07,bsc,test,1709247007,17020,8,1708218015,0
0xc501a6232c0296ffd48b67496435aaadf684e3e3,bsc,test,1709247010,17020,8,1705362215,0
0x45808ce43eb2d7685ff0242631f0feb6f3d8701a,bsc,test,1709247013,17020,8,1707792657,0
0x36aaa2ef28afb12b3adb6ce556a9db6fc3a66f2d,bsc,test,1709247016,17020,8,1707544542,0
0xcb129aa11ceaa00da1a92d12e26bb776ef3c3628,bsc,test,1709247019,17020,8,1709138699,0
0x9e20461bc2c4c980f62f1b279d71734207a6a356,bsc,test,1709247031,17020,8,1708980944,0
0x30b5e345c79255101b8af22a19805a6fb96ddebb,bsc,test,1709247043,17020,8,1708974690,0
0x0bf8c72d618b5d46b055165e21d661400008fa0f,bsc,test,1709247049,17020,8,1709148319,0
0xbc0ae82bbc2e1e4faaf73703db30df1eb0dcdd32,bsc,test,1709247052,17020,8,1708880531,0
0x3e1d18f4a270faddd36aed81f74252adf5f52f5e,bsc,test,1709247139,17020,8,1709000533,0
0x0e6c06a9e67216e7acb1f5a55575fc7d2ad5bf1a,bsc,test,1709247172,17020,8,1709152998,0
0xc9d53a339f3c22e016c6fa1e3eb85ac32c75fed2,bsc,test,1709247211,17020,8,1707307034,0
0xe273273f9471c6ebe57a412783bd70d8b63e56dd,bsc,test,1709247211,17020,8,1708737282,0
0x08ccac619e9c6e95d48dfd23793d722a994b95b8,bsc,test,1709247217,17020,8,1708947218,0
0xedce88aa6dd78d5ce2a247e49c32f549f6dd6b6b,bsc,test,1709247226,17020,8,1708856497,0
0x5b6ebb33eea2d12eefd4a9b2aeaf733231169684,bsc,test,1709247232,17020,8,1708844385,0
0xa2c17a6fd0afe27afa2630a7528bc673089e6b8d,bsc,test,1709247277,17020,8,1708427926,0
0x45f7967926e95fd161e56ed66b663c9114c5226f,bsc,test,1709247313,17020,8,1706991842,0
0x1ab97766d4e2313d20dd5b82ca5736cfa4ba55c1,bsc,test,1709247448,17020,8,1709128584,0
0x4c2f66dc540eb6a87a7acbbe6d30d16849650884,bsc,test,1709247454,17020,8,1707831542,0
0x14992f58a6601abec692d827db289ae9011f3019,bsc,test,1709247466,17020,8,1705401419,0
0x1f6c1516bdeba1a01643b792eb12d68cec8658ba,bsc,test,1709247475,17020,8,1708573692,0
0x9bb2b75250fc34e16d9503c04781c718b2d467c8,bsc,test,1709247475,17020,8,1709148319,0
0xeaf0acd7fe39f2ea5ac52b0a8c20d3878082cc36,bsc,test,1709247487,17020,8,1708358753,0
0x9d7c752b80704ea2594cebb31131ccbd809f532c,bsc,test,1709247544,17020,8,1709160006,0
0x1ee8a2f28586e542af677eb15fd00430f98d8fd8,bsc,test,1709247574,17020,8,1706303990,0
0xed66ec1acb7dbd0c01cccff33e3ff1f423057c21,bsc,test,1709247574,17020,8,1707705504,0
0xac472d0eed2b8a2f57a6e304ea7ebd8e88d1d36f,bsc,test,1709247592,17020,8,1708772032,0
0x185674a45c57ebb884c609c2619740f2994767e9,bsc,test,1709247610,17020,8,1708584143,0
0xff8bbc599ea030aa69d0298035dfe263740a95bc,bsc,test,1709247643,17020,8,1708838463,0
0x76f3ce6af26de7a9854dbd153acd8f46a2cf5133,bsc,test,1709247763,17020,8,1703783315,0
0x03d4c4fabde3192e7dec00eec1f526e0898e2eb7,bsc,test,1709247769,17020,8,1708553644,0
0x4be8c674c51674beb729832682bba5e5b105b6e2,bsc,test,1709247769,17020,8,1706098955,0
0x405ef490862ad5fb2d80995b35459594290a7aa9,bsc,test,1709247775,17020,8,1708809511,0
0x3d5fff6a52f98f7dbf657fd24fb90225dbd5c577,bsc,test,1709247787,17020,8,1708759136,0
0xb0461d7e8212d311b842a58e9989ede849ac6816,bsc,test,1709247787,17020,8,1708937773,0
0x6e64fcf15be3eb71c3d42acf44d85bb119b2d98b,bsc,test,1709247806,17020,8,1709143540,0
0x4cc23264e1ef8dd8173e4ec07e6a01cc7476d997,bsc,test,1709247818,17020,8,1708965478,0
0x891e4554227385c5c740f9b483e935e3cbc29f01,bsc,test,1709247818,17020,8,1707281124,0
0x235d650fc6d9eb7d4bac77e128265295a0054304,bsc,test,1709247878,17020,8,1709112693,0
0x334b3ecb4dca3593bccc3c7ebd1a1c1d1780fbf1,bsc,test,1709247929,17020,8,1708981704,0
0x4301a638fcb45c4bb65230b87f3797c213f832b8,bsc,test,1709247959,17020,8,1708904230,0
0xc8cc4bbd33264db465e4c9ea011f895d02505959,bsc,test,1709247989,17020,8,1707176132,0
0xb1547683da678f2e1f003a780143ec10af8a832b,bsc,test,1709248007,17020,8,1709146823,0
0xbc7a566b85ef73f935e640a06b5a8b031cd975df,bsc,test,1709248022,17020,8,1709166961,0
0x6c6d604d3f07abe287c1a3df0281e999a83495c0,bsc,test,1709248043,17020,8,1709149841,0
0x7c59a57fc16eac270421b74615c4bc009ecd486d,bsc,test,1709248043,17020,8,1709166969,0
0x1104918312cc9ad88eadabe07b5110cae99583f6,bsc,test,1709248067,17020,8,1708921263,0
0xdde5b33a56f3f1c22e5a6bd8429e6ad508bff24e,bsc,test,1709248073,17020,8,1708238086,0
0x37ceab7a62a5cd4c974b8b6dfdcf772a0e63251a,bsc,test,1709248106,17020,8,1709100160,0
0xe298ed3543b45037a2d4037ac6dfeb2e801f9803,bsc,test,1709248127,17020,8,1707275126,0
0x96f77f24b3d17166fcaf3a9e3b8330ff38b966f9,bsc,test,1709248136,17020,8,1708834527,0
0x12b2332b29257ad8f8004f568d7a419e2d2e55c8,bsc,test,1709248139,17020,8,1708985003,0
0xde3ab7aa2964fa7e2e45321dc0ee613e854623fc,bsc,test,1709248145,17020,8,1709120584,0
0x2e94171493fabe316b6205f1585779c887771e2f,bsc,test,1709248148,17020,8,1709146135,0
0xb1ebdd56729940089ecc3ad0bbeeb12b6842ea6f,bsc,test,1709248181,17020,8,1709153831,0
0xb81408a1cc2f4be70a6a3178d351ca95a77c5a06,bsc,test,1709248211,17020,8,1708668513,0
0x9f1f27179fb25f11e1f8113be830cff5926c4605,bsc,test,1709248220,17020,8,1705705125,0
0xb4fcdcb8a0b29247466720ff81587d1a6f4fc4d7,bsc,test,1709248223,17020,8,1708527830,0
0x0465aad9da170798433f4ab7fa7ec8b9b9bf0bb1,bsc,test,1709248268,17020,8,1708576737,0
0x080f52a881ba96eee2268682733c857c560e5dd4,bsc,test,1709248268,17020,8,1708899541,0
0xb0a480e2fa5af51c733a0af9fcb4de62bc48c38b,bsc,test,1709248274,17020,8,1707565958,0
0x05822195b28613b0f8a484313d3be7b357c53a4a,bsc,test,1709248283,17020,8,1706826037,0
0x43adc41cf63666ebb1938b11256f0ea3f16e6932,bsc,test,1709248283,17020,8,1709167578,0
0xb007549db2a335364dfdce86001ee3b081051f03,bsc,test,1709248310,17020,8,1708018192,0
0xb24a7830cb83987a3b3034cf48210d0ac28ff50e,bsc,test,1709248325,17020,8,1695624035,0
0xbef05cf52d8b244eeca6033fb8b9b69e1974f681,bsc,test,1709248328,17020,8,1702050127,0
0xa5dec77c4d1b4eba2807c9926b182812a0cbf9eb,bsc,test,1709248400,17020,8,1708709822,0
0xcb4e83b660e941e021c6842fc6eb63ad638600e3,bsc,test,1709248429,17020,8,1708951657,0
0x5cc97dab7bc2c01556fbe3d06a09b8c559dff7d5,bsc,test,1709248517,17020,8,1708743102,0
0x9dcd6ab0511b2e72af3d088538d678bae9bbf552,bsc,test,1709248523,17020,8,1708931085,0
0xf78a2e1824638d09571172368bbe1d8d399893ab,bsc,test,1709248532,17020,8,1706339790,0
0x84e9a6f9d240fdd33801f7135908bfa16866939a,bsc,test,1709248535,17020,8,1709146379,0
0x00901a076785e0906d1028c7d6372d247bec7d61,bsc,test,1709248541,17020,8,1708547651,0
0xbf76dbf84b16da71366fc73cf8c19600449ce71a,bsc,test,1709248544,17020,8,1707238942,0
0xc13cbf50370e5eae6f5dd9d8a1015007f34c4ead,bsc,test,1709248575,17020,8,1708805820,0
0x96412902aa9aff61e13f085e70d3152c6ef2a817,bsc,test,1709248587,17020,8,1709146135,0
0x035de3679e692c471072d1a09beb9298fbb2bd31,bsc,test,1709248609,17020,8,1709146379,0
0x87e0ce18ce0ce0a86b22537b48c15e03a519b112,bsc,test,1709248615,17020,8,1708841528,0
0xbdc87a65e0b6bfb631847b7de815d2b07dec8ee7,bsc,test,1709248615,17020,8,1708982914,0
0x83e3c857fc785e4487caf0e682819b2e6ab9733f,bsc,test,1709248624,17020,8,1708339056,0
0x64e21979539e7862d6e947cdc956c2570d5219ef,bsc,test,1709248627,17020,8,1708848329,0
0x2a597cde5f37d4cf2bbd9f902444f7085a977379,bsc,test,1709248630,17020,8,1708643383,0
0x91829779e4a3c23f96f006e5e47a995985adab05,bsc,test,1709248644,17020,8,1708941898,0
0x37ac5f3bfd18a164fc6cf0f0f0ecd334d9179d57,bsc,test,1709248653,17020,8,1709134085,0
0x383acfcadb1ba2b676e0fafedcd50585da778af7,bsc,test,1709248653,17020,8,1709146515,0
0x6d41f64c567acbf36f88763306ff6fb50ff61458,bsc,test,1709248671,17020,8,1708902188,0
0x735f9fd455ba15ab8e53aa3c4620c4297c8df5c7,bsc,test,1709248680,17020,8,1707306212,0
0x000000ef379ee7f4c051f4b9af901a9219d9ec5c,bsc,test,1709248698,17020,8,1708516669,0
0x69bfa36d50d92e8985d27e6aa6e685c0325ce7b4,bsc,test,1709248698,17020,8,1708949598,0
0x8b62e98b3ad434cc6491c8d0dd97da05e7710fcb,bsc,test,1709248701,17020,8,1706098955,0
0xb5102cee1528ce2c760893034a4603663495fd72,bsc,test,1709248726,17020,8,1709146123,0
0x6cb8065f96d63630425fd95a408a0d6cd697c662,bsc,test,1709248732,17020,8,1708930275,0
0x27348c55a6ca17f0d3cb75049c21a04e08cf6e78,bsc,test,1709248747,17020,8,1709166961,0
0xf77351d8f4ee853135961a936bb8d2e4ffa75f9d,bsc,test,1709248756,17020,8,1709037463,0
0x95b0fffabd2817959ce410070600d77bce93d454,bsc,test,1709248762,17020,8,1708941284,0
0x60d01ec2d5e98ac51c8b4cf84dfcce98d527c747,bsc,test,1709248783,17020,8,1708941284,0
0x30807d3b851a31d62415b8bb7af7dca59390434a,bsc,test,1709248819,17020,8,1708958916,0
0x5921dee8556c4593eefcfad3ca5e2f618606483b,bsc,test,1709248831,17020,8,1708921263,0
0xc6dddb5bc6e61e0841c54f3e723ae1f3a807260b,bsc,test,1709248846,17020,8,1708879846,0
0x3235b13708f178af6f110de7177ed5de10c1093d,bsc,test,1709248861,17020,8,1708185121,0
0x64434605adac8f5441029133fd12c4289fc8b4a8,bsc,test,1709248864,17020,8,1696731251,0
0x98631c69602083d04f83934576a53e2a133d482f,bsc,test,1709248876,17020,8,1708953516,0
0xaf16cb45b8149da403af41c63abfebfbcd16264b,bsc,test,1709248897,17020,8,1709160990,0
0x291c4e4277f8717e0552d108dbd7f795a9fef016,bsc,test,1709248907,17020,8,1708845795,0
0x08d071f71188ea3232ab5484c970c1cb8a1d51e6,bsc,test,1709248947,17020,8,1708982678,0
0x8626264b6a1b4e920905efd381002aba52ea0eea,bsc,test,1709248953,17020,8,1709166961,0
0x0864c156b3c5f69824564dec60c629ae6401bf2a,bsc,test,1709248962,17020,8,1708663954,0
0x488cf9905cd9f5dea7212b4571c8b1052631ab8d,bsc,test,1709248971,17020,8,1709112851,0
0x14ee333538b4621a600f011e508d783ea200d60e,bsc,test,1709248980,17020,8,1708510535,0
0x7d10b6157c7c577caa62d319dc215209cf2db8c3,bsc,test,1709248989,17020,8,1709117345,0
0x4c61d70c0089d708040919aac7bdd600da72bc81,bsc,test,1709249004,17020,8,1708909996,0
0x2d2567dec25c9795117228adc7fd58116d2e310c,bsc,test,1709249056,17020,8,1709113463,0
0x194d1d62d8d798fcc81a6435e6d13adf8bcc2966,bsc,test,1709249068,17020,8,1708562840,0
0x886640149e31e1430fa74cc39725431eb82ddfb2,bsc,test,1709249075,17020,8,1708849477,0
0x99956d38059cf7beda96ec91aa7bb2477e0901dd,bsc,test,1709249075,17020,8,1708936801,0
0xb04906e95ab5d797ada81508115611fee694c2b3,bsc,test,1709249090,17020,8,1709016688,0
0x26da28954763b92139ed49283625cecaf52c6f94,bsc,test,1709249099,17020,8,1708328630,0
0xd517ce9206c09dfaa7e7f40f98e59f54fb10e09f,bsc,test,1709249111,17020,8,1708922192,0
0xba5d93b6b797981d7a156f1759e388a1f721bdb7,bsc,test,1709249144,17020,8,1708888727,0
0x824a50df33ac1b41afc52f4194e2e8356c17c3ac,bsc,test,1709249147,17020,8,1707248838,0
0x36f1f32c728c3f330409ec1f0928fa3ab3c8a76f,bsc,test,1709249178,17020,8,1708829018,0
0x829555f1197171d35ec51c095e27b47a246ac6a6,bsc,test,1709249217,17020,8,1708482774,0
0x935a544bf5816e3a7c13db2efe3009ffda0acda2,bsc,test,1709249277,17020,8,1708498567,0
0xf0eb3c9088718a533c8fd64dbcaa5927faed6d18,bsc,test,1709249283,17020,8,1708979754,0
0x59dc4965bda44b13dea7f4e6ad5fcb78dc7231ef,bsc,test,1709249292,17020,8,1707398254,0
0x83f56693c0d6f59c1d6dfbb90557e1af90712589,bsc,test,1709249322,17020,8,1708054246,0
0x027b19b319f4381f20060606459c055c14791db1,bsc,test,1709249349,17020,8,1708848329,0
0xa34e39ef115e13df544208a98361439dea39f76b,bsc,test,1709249355,17020,8,1709153831,0
0x41ec355ca2179de9a8211f0a67379b3261db9608,bsc,test,1709249364,17020,8,1708547651,0
0x1cc1aca0dae2d6c4a0e8ae7b4f2d01eabbc435ee,bsc,test,1709249367,17020,8,1708953249,0
0xe9da86435265477bcde46c7e9aa7ace5aa7e2d18,bsc,test,1709249370,17020,8,1707252062,0
0x5e57f24415f37c7d304e85df9b4c36bc08789794,bsc,test,1709249388,17020,8,1709119314,0
0x63a6a5a16b81dbf30045eb3b46d977cac24ad5d0,bsc,test,1709249391,17020,8,1708457797,0
0x13ab6739368a4e4abf24695bf52959224367391f,bsc,test,1709249406,17020,8,1706066195,0
0xb3cb6d2f8f2fde203a022201c81a96c167607f15,bsc,test,1709249439,17020,8,1709046391,0
0x9b00a09492a626678e5a3009982191586c444df9,bsc,test,1709249454,17020,8,1709141170,0
0xa6c59de838f1eeb82d86f5af0750f5f656439999,bsc,test,1709249466,17020,8,1708771109,0
0x1bdaf9ddd7658d8049391971d1fd48c0484f66ec,bsc,test,1709249499,17020,8,1708927128,0
0x7e89c8f874ca0abd4562395db2d96385282d4638,bsc,test,1709249499,17020,8,1708878481,0
0xdebd6e2da378784a69dc6ec99fe254223b312287,bsc,test,1709249505,17020,8,1709145739,0
0x51c2a9db58b6976ea8a332f17c6e4109911c0fb3,bsc,test,1709249511,17020,8,1708016664,0
0x1b2fdb1626285b94782af2fda8e270e95cebc3b4,bsc,test,1709249514,17020,8,1708764091,0
0x324e8e649a6a3df817f97cddbed2b746b62553dd,bsc,test,1709249514,17020,8,1708884256,0
0xbe2b6c5e31f292009f495ddbda88e28391c9815e,bsc,test,1709249520,17020,8,1703780697,0
0x68ae2f202799be2008c89e2100257e66f77da1f3,bsc,test,1709249529,17020,8,1708667907,0
0xbd100d061e120b2c67a24453cf6368e63f1be056,bsc,test,1709249532,17020,8,1707307034,0
0x9cae159a21a278e0a98ee42d197ae87cbc7165b3,bsc,test,1709249535,17020,8,1706631890,0
0xc2c07cd0f570ee77c05b4360982a38d0306c534a,bsc,test,1709249535,17020,8,1708761638,0
0x328fd053c4bb968875afd9ad0af36fcf4a0bdda9,bsc,test,1709249547,17020,8,1707758793,0
0x7758a52c1bb823d02878b67ad87b6ba37a0cdbf5,bsc,test,1709249562,17020,8,1709072454,0
0x070a9867ea49ce7afc4505817204860e823489fe,bsc,test,1709249577,17020,8,1709040377,0
0x623be4fde518a00ac49a870bd439cfd5c35e08ed,bsc,test,1709249610,17020,8,1708941542,0
0x4a0cc0876ec16428a4fa4a7c4c300de2db73b75b,bsc,test,1709249620,17020,8,1706157935,0
0x0d3608ce95cd2b561298beed3f9fd3ddd3083163,bsc,test,1709249641,17020,8,1709097364,0
0x602b6c6cce5f95c00603bd07d8fa7ebaf3747d44,bsc,test,1709249647,17020,8,1708980944,0
0x6125adcab2f171bc70cfe2caecfec5509273a86a,bsc,test,1709249659,17020,8,1707895672,0
0x9e0335fb61958fe19bb120f3f8408b4297921820,bsc,test,1709249668,17020,8,1708198985,0
0xa9251ca9de909cb71783723713b21e4233fbf1b1,bsc,test,1709249677,17020,8,1707474261,0
0xa719b8ab7ea7af0ddb4358719a34631bb79d15dc,bsc,test,1709249686,17020,8,1708899541,0
0x2c8d970d7c8c878db422c4bcd7d2542104ecfa2c,bsc,test,1709249704,17020,8,1704823691,0
0xa113689c21a83fb82e3010c9e625f00d5c6d9c87,bsc,test,1709249710,17020,8,1705585778,0
0x3da932456d082cba208feb0b096d49b202bf89c8,bsc,test,1709249719,17020,8,1707985174,0
0x28b9aed756de31b6b362aa0f23211d13093ebb79,bsc,test,1709249725,17020,8,1709163501,0
0x99bb559743d87ea685f651e3f62c606b08159653,bsc,test,1709249725,17020,8,1708016733,0
0x246fcdc18bf3781b4c5100b3a6decef8dbcc8a31,bsc,test,1709249731,17020,8,1708534815,0
0x7ec0da57eba5398470c6bcb5518406d885240c85,bsc,test,1709249749,17020,8,1709149841,0
0x57488fcc3dc72edb0a4c06a356c2c43c08bdfb42,bsc,test,1709249752,17020,8,1709150856,0
0xb4c20bb1c75300fa724ec3196b5d1c854a7d58a0,bsc,test,1709249752,17020,8,1709145739,0
0x609f59c97ddf58475c7d3f3fc829c3ff9fc4f76f,bsc,test,1709249761,17020,8,1708580856,0
0x7a45d24affe81e98a03ee68d10cb2dc1f857676b,bsc,test,1709249776,17020,8,1708771349,0
0xd399359683c1cd5267f611261ede08f22ce9729f,bsc,test,1709249779,17020,8,1709151248,0
0x0ae38f7e10a43b5b2fb064b42a2f4514cba909ef,bsc,test,1709249782,17020,8,1709140127,0
0x0892f6273c31d4c55c6bace88bc09ea300e2808b,bsc,test,1709249791,17020,8,1708937773,0
0xd911375e7e9582c70fc98b1c6c2fbaad86f457ef,bsc,test,1709249809,17020,8,1708888835,0
0x5f113f7ef20ff111fd130e83d8e97fd1e0e2518f,bsc,test,1709249824,17020,8,1708899541,0
0xd30c1484652a32c98855655d21532ef16d1ac204,bsc,test,1709249842,17020,8,1708681951,0
0x37b8dda68f232a7963148dcbfebed4043e069be9,bsc,test,1709249851,17020,8,1709169952,0
0x8729123ac749359144db4396f8ecf32976f7a86e,bsc,test,1709249854,17020,8,1708955071,0
0x83b27de2fca046fa63a11c7ce7743de33ec58822,bsc,test,1709249860,17020,8,1709166969,0
0x83b79f74f225e8f9a29fc67cb1678e7909d7d73d,bsc,test,1709249863,17020,8,1707763254,0
0xb71488935ea2493a23e34bb893700edb809d1b2a,bsc,test,1709249863,17020,8,1707016359,0
0x8038b1f3eb4f70436569618530ac96b439d67bae,bsc,test,1709249893,17020,8,1708384304,0
0x88fa341d1c61f6723491dceb56ee09f1fda6d972,bsc,test,1709249911,17020,8,1708844382,0
0x640565e70cbe956696fd4201a42b484d60482c31,bsc,test,1709249923,17020,8,1703963387,0
0x27991b9d5f2ef3b13ad64e31c19650880ce1a55b,bsc,test,1709249929,17020,8,1706283335,0
0x1f250413937d730891ed06fa5b8bc2ab4265a2c0,bsc,test,1709249938,17020,8,1707758793,0
0xad0926ecf31719263dc86426024794332d9dd9a3,bsc,test,1709249941,17020,8,1708775490,0
0xf2b688b2201979d44fdf18d1d8c641305cf560ba,bsc,test,1709249944,17020,8,1708982678,0
0x722cb8e411d40942c0f581b919ecce3e4d759602,bsc,test,1709249959,17020,8,1708231484,0
0xa73164db271931cf952cbaeff9e8f5817b42fa5c,bsc,test,1709249989,17020,8,1708856640,0
0x1bd5b673627810576f490135a3e54847da1d9c58,bsc,test,1709249992,17020,8,1708850074,0
0xfe7e505865d6ff8e09b6d18133c0c393c27de410,bsc,test,1709249992,17020,8,1708953795,0
0xaa83bb1be2a74aaa8795a8887054919a0ea96bfa,bsc,test,1709250001,17020,8,1709170954,0
0x3fd230b77ad19aaf6330da7854ec76d5aeb49ead,bsc,test,1709250010,17020,8,1708883422,0
0x502b8136c48977b975a6c62b08ac4e15dabc8172,bsc,test,1709250025,17020,8,1709113463,0
0x644c545703f57a4b905f4c558f52342a206e2c55,bsc,test,1709250037,17020,8,1706084147,0
0xffd3ff27ec7bc4490a7f9fd7035c1519fa918ce9,bsc,test,1709250037,17020,8,1708236726,0
0xc03fbf20a586fa89c2a5f6f941458e1fbc40c661,bsc,test,1709250049,17020,8,1707288195,0
0x6eabbb5c4fda0033936d07cf1a444e8816c009fc,bsc,test,1709250058,17020,8,1706084328,0
0x69a87c8788d4a48c1362b3b357d0e6b59c11d93f,bsc,test,1709250076,17020,8,1708919030,0
0xae71b7f53036b0c91907ea1330afd560786c3835,bsc,test,1709250082,17020,8,1706061857,0
0xbd4c4dc19f208cda6caacadadc0bff4cd975fa34,bsc,test,1709250082,17020,8,1699516835,0
0x40fed5691e547885cabd7a2990de719dcc8497fc,bsc,test,1709250112,17020,8,1708986050,0
0x23316e6b09e8f4f67b95d53b4f1e59d1fb518f29,bsc,test,1709250115,17020,8,1708931085,0
0xa84c6fcf549e900b11299475cfe7c255f2320c91,bsc,test,1709250115,17020,8,1708235431,0
0x7f2d1f6a46d619715292c31adb3b647e03ec21b0,bsc,test,1709250133,17020,8,1702636972,0
0xf899e83e6c6df1a0d4887cf0209193aa97236322,bsc,test,1709250139,17020,8,1708152319,0
0x650b940a1033b8a1b1873f78730fcfc73ec11f1f,bsc,test,1709250145,17020,8,1708843584,0
0x19857937848c02afbde8b526610f0f2f89e9960d,bsc,test,1709250154,17020,8,1708886432,0
0x2b5d9adea07b590b638ffc165792b2c610eda649,bsc,test,1709250169,17020,8,1708181328,0
0x5e4f0f6fac92e76e41a0d043df565fe8fbfc1de3,bsc,test,1709250178,17020,8,1708981028,0
0x9498c4383406a5bdd9100cff3fe0b550a111dd3d,bsc,test,1709250184,17020,8,1701897599,0
0xd52669712f253cd6b2fe8a8638f66ed726cb770c,bsc,test,1709250232,17020,8,1709031943,0
0x92eae2e0623e6124516834ed64ba4353b58d52d4,bsc,test,1709250256,17020,8,1708383365,0
0xffcec3e4584aaefde72ac1579996b982396254c8,bsc,test,1709250295,17020,8,1707335227,0
0x8e5cb7626dd949dff56fe2c130b75a8b6f1a05f8,bsc,test,1709250304,17020,8,1708684306,0
0x778db6aeebbb78dbc1b63dcd8571da2d74897beb,bsc,test,1709250328,17020,8,1709120584,0
0x0e8fe6eed5342ea9189d9268d088821f0532fb74,bsc,test,1709250340,17020,8,1709149211,0
0xa2741bec3115a4cc43bbccdc351e21df4c6c0e31,bsc,test,1709250340,17020,8,1708883338,0
0x2d8269dae518e78d95110dbfadf1fb479b8152e7,bsc,test,1709250349,17020,8,1707315421,0
0x34e4a7454cae15990850166a8771cb8408b62a26,bsc,test,1709250355,17020,8,1708031534,0
0x376c4773c3280a8f029aeb674acafdce9b20d26b,bsc,test,1709250355,17020,8,1708947218,0
0x8eef759dd4a7175286c470a9bf9c03e3b2a04741,bsc,test,1709250358,17020,8,1708304706,0
0x50c34995a273075a80c23625f69f40d56ce414de,bsc,test,1709250367,17020,8,1709056052,0
0x4cfac133438b25c22434ed56106eaf8503ec65ea,bsc,test,1709250373,17020,8,1709160002,0
0x9f68f166301aca720aa5b5588329230d3316e358,bsc,test,1709250388,17020,8,1708980944,0
0x522348779dcb2911539e76a1042aa922f9c47ee3,bsc,test,1709250391,17020,8,1707296823,0
0xd585a6213f7c582857306e1cc5f9d267b8106d7f,bsc,test,1709250391,17020,8,1709177759,0
0x7b099edc196de9504a9f7bb0c3ec2aca26e7237e,bsc,test,1709250397,17020,8,1708980520,0
0x52c1751c89fc913ed274d72e8d56dce4ee44a5cf,bsc,test,1709250403,17020,8,1708980944,0
0x026db614f070cb4c7e421da22df84ea1021236eb,bsc,test,1709250409,17020,8,1708511753,0
0x77b459a392e00d2a132a00ad6a0b29cccc59732f,bsc,test,1709250409,17020,8,1708565084,0
0x524bc91dc82d6b90ef29f76a3ecaabafffd490bc,bsc,test,1709250421,17020,8,1709136126,0
0xc14a7747cfec02cfea62e72bb93538de6b2078e6,bsc,test,1709250421,17020,8,1708852502,0
0x1ee098cbaf1f846d5df1993f7e2d10afb35a878d,bsc,test,1709250424,17020,8,1699516835,0
0xb0b195aefa3650a6908f15cdac7d92f8a5791b0b,bsc,test,1709250424,17020,8,1708647959,0
0xe80772eaf6e2e18b651f160bc9158b2a5cafca65,bsc,test,1709250424,17020,8,1708027951,0
0xfa4ba88cf97e282c505bea095297786c16070129,bsc,test,1709250424,17020,8,1707977941,0
0x7536c00711e41df6aebcca650791107645b6bc52,bsc,test,1709250436,17020,8,1708505973,0
0x3dcb18569425930954feb191122e574b87f66abd,bsc,test,1709250457,17020,8,1709056052,0
0x2f03d0b2f702884fa43aee8e092e83650c5670e9,bsc,test,1709250490,17020,8,1708561202,0
0x6b6689f49336bf8d2ce938c231ad022385c8aa54,bsc,test,1709250490,17020,8,1709019364,0
0x0fb6b79b89fc91d55a00a8e0ac1b1dc5957944ee,bsc,test,1709250499,17020,8,1709111985,0
0x37fe635d1e25b2f7276c1b9dbbcc7b087f80c050,bsc,test,1709250499,17020,8,1709164665,0
0xe48a3d7d0bc88d552f730b62c006bc925eadb9ee,bsc,test,1709250505,17020,8,1709145739,0
0x520931e1dc1c638ff60870d132689b1a812fbe3e,bsc,test,1709250508,17020,8,1707272398,0
0x02d53c32fb512ab57a0c317d62d5fb79c3bafe96,bsc,test,1709250535,17020,8,1709166961,0
0xaa3ed6e6ea3ed78d4d57e373aabd6f54df5bb508,bsc,test,1709250538,17020,8,1707513261,0
0x52f24a5e03aee338da5fd9df68d2b6fae1178827,bsc,test,1709250559,17020,8,1708296586,0
0x5569edd2e1535be2003470b2663f2ff77e83d27e,bsc,test,1709250568,17020,8,1709170954,0
0x1b24ebbec03298576337b1805c733cd225c8a6bc,bsc,test,1709250586,17020,8,1708879846,0
0xc18358243294ecf28955f7029559a253f04b4ad9,bsc,test,1709250589,17020,8,1708785381,0
0x708cb02ad77e1b245b1640cee51b3cc844bcaef4,bsc,test,1709250595,17020,8,1709166961,0
0xbabacc135bbf2ce30f9c0f12665b244d3689a29c,bsc,test,1709250601,17020,8,1708923219,0
0x2a71722a0419ac740a7cbab31c75a34def4337e0,bsc,test,1709250631,17020,8,1708766594,0
0xa75e7928d3de682e3f44da60c26f33117c4e6c5c,bsc,test,1709250634,17020,8,1709161370,0
0x5012c90f14d190607662ca8344120812aaa2639d,bsc,test,1709250640,17020,8,1708851420,0
0x51baa3f61a24d59ef9239009a899b7a65de04ae0,bsc,test,1709250640,17020,8,1708945277,0
0x5de40c1152c990492eaeaeecc4ecaab788bbc4fd,bsc,test,1709250646,17020,8,1708495891,0
0xb88bb087144c1bacbfd585ad1fca832964f04526,bsc,test,1709250649,17020,8,1708765132,0
0xd6eb8555bf4ec4532fd17f6f7e638c85b391375b,bsc,test,1709250670,17020,8,1709158154,0
0x1225075c06b8e288953531e96f22490dd85b7f60,bsc,test,1709250682,17020,8,1708132858,0
0xb0dba141b38e61d704168fab3ce7366575c503ad,bsc,test,1709250739,17020,8,1706009219,0
0xbe96fcf736ad906b1821ef74a0e4e346c74e6221,bsc,test,1709250748,17020,8,1709147733,0
0x1ebc21f65ffed4836e51b9c5d680b28c01ed0e8d,bsc,test,1709250751,17020,8,1709152998,0
0xb66279ce85ff79df18901946e65216777b093967,bsc,test,1709250757,17020,8,1707911735,0
0x34294afabcbaffc616ac6614f6d2e17260b78bed,bsc,test,1709250781,17020,8,1708763025,0
0x5f588efaf8eb57e3837486e834fc5a4e07768d98,bsc,test,1709250811,17020,8,1708380527,0
0x6ec9a568881755c9698384cc6b5b13bf4064e12b,bsc,test,1709250817,17020,8,1703665602,0
0x44f5909e97e1cbf5fbbdf0fc92fd83cde5d5c58a,bsc,test,1709250841,17020,8,1708872707,0
0x5fb4968fc85868df3ad2d6e59883a10570f01d18,bsc,test,1709250841,17020,8,1708862500,0
0x7d4984490c4c68f8ead9dddca6d04c514ef77324,bsc,test,1709250841,17020,8,1704303360,0
0x8780fea4c6b242677d4a397fe1110ac09ce99ad2,bsc,test,1709250853,17020,8,1708483737,0
0xb7e2713cf55cf4b469b5a8421ae6fc0ed18f1467,bsc,test,1709250865,17020,8,1709045646,0
0x0de08c1abe5fb86dd7fd2ac90400ace305138d5b,bsc,test,1709250871,17020,8,1709123682,0
0x4e89d67d88dba3c42a8c37e1991c192384c75625,bsc,test,1709250874,17020,8,1708538713,0
0x7d38315b92d0e7a85b35b2b7fe969b25935619d7,bsc,test,1709250874,17020,8,1707498605,0
0x7881cd2b5724431372f57c50e91611352557a606,bsc,test,1709250880,17020,8,1707985174,0
0xe239b561369aef79ed55dfdded84848a3bf60480,bsc,test,1709250883,17020,8,1708980878,0
0xcdf937995a55a9ab551d81b463ac0f7f02795368,bsc,test,1709250886,17020,8,1708603863,0
0xb2cb83e8e1b326373b7f1068d10c50ebfa04f070,bsc,test,1709250889,17020,8,1708772431,0
0x510aeb87665d3fce5395a62045c5b7ae8990bf35,bsc,test,1709250895,17020,8,1705939501,0
0xac6ec101ddcb953774d103ba4a82fa257138459f,bsc,test,1709250895,17020,8,1708627512,0
0x6eadc05928acd93efb3fa0dfbc644d96c6aa1df8,bsc,test,1709250898,17020,8,1708409849,0
0xd3a29be0ffa8ce4fa6ed88e58ee2a510e22b1834,bsc,test,1709250901,17020,8,1700398559,0
0x7029f86dc4634c5d59ee3f1578c193783505e2c1,bsc,test,1709250904,17020,8,1708538154,0
0x1294f4183763743c7c9519bec51773fb3acd78fd,bsc,test,1709250907,17020,8,1708431251,0
0x2019941099e3e2c536c8a91c5e57a33ab0f9d9db,bsc,test,1709250913,17020,8,1709145851,0
0x3e81aa8d6813ec9d7e6ddb4e523fb1601a0e86f3,bsc,test,1709250916,17020,8,1707415366,0
0x682f8fddfec6ebdf6c7bf1c0eec276b37a647d59,bsc,test,1709250922,17020,8,1708959303,0
0x2d35c695be9080d27ef5c6efe80beefcfaab8573,bsc,test,1709250925,17020,8,1706989325,0
0x613e18f13391cd4bfedf8a904991077c7ef29ee6,bsc,test,1709250925,17020,8,1708068149,0
0x07d3d3353233e0d22000bae88df54dbe70b4892c,bsc,test,1709250928,17020,8,1708536585,0
0xff022329c5ff7d0aee3ba099a0878789aecd090d,bsc,test,1709250928,17020,8,1708738357,0
0x11cd72f7a4b699c67f225ca8abb20bc9f8db90c7,bsc,test,1709250946,17020,8,1705991759,0
0xc84fae1141b92fa5bf847276828f69caf651cb7f,bsc,test,1709250946,17020,8,1708795753,0
0xf1c3e69494e27bf067c4076a6f244a46446719d6,bsc,test,1709250952,17020,8,1708749347,0
0x95ca12cd249d27008a482009e101a8501cf3a64f,bsc,test,1709250958,17020,8,1708818573,0
0x1785113910847770290f5f840b4c74fc46451201,bsc,test,1709250961,17020,8,1708851420,0
0x271d4d50b0aec888a7a3f9828ea25a052912c86f,bsc,test,1709250961,17020,8,1708684306,0
0x332e78c687c3fcd91494c6b13f0fc685b2a57434,bsc,test,1709250961,17020,8,1709144166,0
0xbd7b8e4de08d9b01938f7ff2058f110ee1e0e8d4,bsc,test,1709250964,17020,8,1708777445,0
0x577ad06f635b402fc2724efd6a53a3a0aed3d155,bsc,test,1709250976,17020,8,1709167308,0
0xae5ffa7e4a82ce807a42b8f9696a2205d1fc8d04,bsc,test,1709250982,17020,8,1708908853,0
0xb248a295732e0225acd3337607cc01068e3b9c10,bsc,test,1709250982,17020,8,1709073898,0
0x61efd49636b558ec4895a9f5d8273ab51dacea35,bsc,test,1709250994,17020,8,1709145933,0
0x051a66a7750098fb1ec6548d36e275bb23749a78,bsc,test,1709250997,17020,8,1706984146,0
0x4a9a2b2b04549c3927dd2c9668a5ef3fca473623,bsc,test,1709250997,17020,8,1709144166,0
0x3151073977746533e1d585b3c1afdbcada54baac,bsc,test,1709251000,17020,8,1708738770,0
0x657ef7af0fffc7ac913a0492150060935b668f2c,bsc,test,1709251000,17020,8,1708766594,0
0x4ea98c1999575aaadfb38237dd015c5e773f75a2,bsc,test,1709251003,17020,8,1709119314,0
0x56a7ddc4e848ebf43845854205ad71d5d5f72d3d,bsc,test,1709251003,17020,8,1708547651,0
0x98999aa1b0d17fb832fd509e13b67fe506513a6d,bsc,test,1709251003,17020,8,1709134741,0
0x2024b9be6b03f2a57d3533ae33c7e1d0b0b4be47,bsc,test,1709251006,17020,8,1707556487,0
0x2466858ab5edad0bb597fe9f008f568b00d25fe3,bsc,test,1709251012,17020,8,1708182884,0
0x1a8ae40f498aed05e3647933fbdad54ecfd2134b,bsc,test,1709251015,17020,8,1708724049,0
0x4d5ac5cc4f8abdf2ec2cb986c00c382369f787d4,bsc,test,1709251033,17020,8,1703783315,0
0xa77d560e34bd6a8d7265f754b4fcd65d9a8e5619,bsc,test,1709251036,17020,8,1709123682,0
0x1006ea3289b833b6720aaa82746990ec77de8c36,bsc,test,1709251045,17020,8,1708402061,0
0x14220f5893e945eed36389905b991d6b972e04f0,bsc,test,1709251048,17020,8,1708633246,0
0x71be881e9c5d4465b3fff61e89c6f3651e69b5bb,bsc,test,1709251054,17020,8,1708919030,0
0x0976bd9e6c5c4eedf2a535c2a87ea390787a6e45,bsc,test,1709251057,17020,8,1708092206,0
0xaead93f0b9567fe2df40ad15071a50163c0e2f77,bsc,test,1709251057,17020,8,1705559591,0
0xf8f1cecc95a3441725243350172269299ae133b8,bsc,test,1709251060,17020,8,1708790552,0
0x5f980533b994c93631a639deda7892fc49995839,bsc,test,1709251063,17020,8,1700828798,0
0xcbfb0d98151d03ef8bb71fa668f57df5e3fb4673,bsc,test,1709251066,17020,8,1708983202,0
0x23b891e5c62e0955ae2bd185990103928ab817b3,bsc,test,1709251072,17020,8,1708634876,0
0xdd770074aa548b66ab54cf0f6e67f9354e3b732e,bsc,test,1709251078,17020,8,1708958916,0
0x4f8b986ecffe7bed5dbeb2b49310fb00ca85a539,bsc,test,1709251084,17020,8,1706991842,0
0x9e1170c12fddd3b00fec42ddf4c942565d9be577,bsc,test,1709251084,17020,8,1708545527,0
0xaa086b3a3457e8b98cd649f405371a3d5817bd40,bsc,test,1709251084,17020,8,1708849782,0
0x53ff62409b219ccaff01042bb2743211bb99882e,bsc,test,1709251087,17020,8,1708949598,0
0x4b4594bfe661919a8e2373eb175004da2989a479,bsc,test,1709251090,17020,8,1707763254,0
0x1c2fb104ee3c7997e9dbced4e6c494890e66d22a,bsc,test,1709251096,17020,8,1708856595,0
0xaf55e53cfa099a59aa30554fe106f33c47564a25,bsc,test,1709251099,17020,8,1709153831,0
0xfd2700c51812753215754de9ec51cdd42bf725b9,bsc,test,1709251099,17020,8,1709167308,0
0x4ee251c23f81744865fb24082503977a1843f237,bsc,test,1709251102,17020,8,1708868887,0
0x17179f506b89d80291b581f200f34b17ff172cd3,bsc,test,1709251105,17020,8,1708995089,0
0x0df73831c00b157bb0fed3c06eb475f201b64a78,bsc,test,1709251108,17020,8,1705742915,0
0xd6ef2222cc850fdc7ee30f2b2d5384e0167700a3,bsc,test,1709251108,17020,8,1708979964,0
0x4bb5b7f0865322fd5b48d430e1a117235744769b,bsc,test,1709251114,17020,8,1708799002,0
0x0dcee5f694e492f0dd842a7fbe5bed4c6e4665a6,bsc,test,1709251123,17020,8,1707315421,0
0x109349e7cebbe7e7c62e83c50ada9871b1da2fee,bsc,test,1709251132,17020,8,1708224585,0
0xa80221d067603e30060f75e2458aa361f8ee5402,bsc,test,1709251132,17020,8,1707952200,0
0x4d3dc895a9edb234dfa3e303a196c009dc918f84,bsc,test,1709251135,17020,8,1708944410,0
0x6f3aaf802f57d045efdd2ac9c06d8879305542af,bsc,test,1709251135,17020,8,1708974690,0
0x5f330ab43c0b477ac55858e0c9c97c4896099300,bsc,test,1709251138,17020,8,1709150644,0
0xe356cb3efc9cb4320b945393a10fd71c77dc24a0,bsc,test,1709251138,17020,8,1709169083,0
0x1c73c9a44b3023134f7eac7ab30e9ab5a4615a76,bsc,test,1709251147,17020,8,1708799002,0
0x511d2b382afb97e30ae5e3284c53a76aa9fa5f1a,bsc,test,1709251147,17020,8,1709067688,0
0x48a8ba1754fe84e2f9dfa97982e524f18e5b4bd3,bsc,test,1709251150,17020,8,1708959303,0
0x66e4d38b20173f509a1ff5d82866949e4fe898da,bsc,test,1709251150,17020,8,1704063875,0
0xb7f86029269ee2f93f51e116e08901e955a6668c,bsc,test,1709251153,17020,8,1707275634,0
0xce9c5d8cf8673808e2b164f24d7b823d7c0004c4,bsc,test,1709251156,17020,8,1702978131,0
0xfdc66a08b0d0dc44c17bbd471b88f49f50cdd20f,bsc,test,1709251156,17020,8,1708777183,0
0xbd6ceeef56985b608252c3651dd903a3fcc34910,bsc,test,1709251159,17020,8,1708844382,0
0x04e6d1a23d1da5e78f22c793a632fe0cf5f6c8a0,bsc,test,1709251171,17020,8,1708263512,0
0x8457ca5040ad67fdebbcc8edce889a335bc0fbfb,bsc,test,1709251183,17020,8,1708880802,0
0xc51ef828319b131b595b7ec4b28210ecf4d05ad0,bsc,test,1709251183,17020,8,1708937773,0
0xbe0d3526fc797583dada3f30bc390013062a048b,bsc,test,1709251189,17020,8,1709160006,0
0x41065e3428188ba6eb27fbdde8526ae3af8e3830,bsc,test,1709251192,17020,8,1709146515,0
0x85057d5a8d063f9075ba963101d76352051675e5,polygon,test,1709243533,17020,8,1702549343,0
0xa3ed22eee92a3872709823a6970069e12a4540eb,polygon,test,1709243597,17020,8,1709134741,0
0x3553f861dec0257bada9f8ed268bf0d74e45e89c,polygon,test,1709243681,17020,8,1708018192,0
0x492fa53b88614923937b7197c87e0f7f8eeb7b20,polygon,test,1709243699,17020,8,1709013881,0
0xc52f0f8361835b53a18408bb44d7f4136f0ef69d,polygon,test,1709243729,17020,8,1709138413,0
0x8f15330737184643473348004ef70c1c57c2966d,polygon,test,1709243773,17020,8,1708493794,0
0x6fe947ffd91ae3a7c8a6090b692ca2bdecd30269,polygon,test,1709243827,17020,8,1709086075,0
0xd3b71117e6c1558c1553305b44988cd944e97300,polygon,test,1709243903,17020,8,1709112931,0
0xae740d42e4ff0c5086b2b5b5d149eb2f9e1a754f,polygon,test,1709243969,17020,8,1700172335,0
0xc3e8abfa04b0ec442c2a4d65699a40f7fced8055,polygon,test,1709244059,17020,8,1709156007,0
0x59b5654a17ac44f3068b3882f298881433bb07ef,polygon,test,1709244077,17020,8,1709129500,0
0xd4cce747e623ce2d72322892e5db238e2a5eb4f3,polygon,test,1709244475,17020,8,1708647959,0
0x6d9c0b104e5af90a6d11a13eb77288e533333301,polygon,test,1709244537,17020,8,1708863603,0
0xaa7dbd1598251f856c12f63557a4c4397c253cea,polygon,test,1709244625,17020,8,1709163313,0
0x823cd4264c1b951c9209ad0deaea9988fe8429bf,polygon,test,1709244663,17020,8,1708766594,0
0x8de5b80a0c1b02fe4976851d030b36122dbb8624,polygon,test,1709244727,17020,8,1706350607,0
0x8c1245ba1714bd7a61a34cb63b95331fa3db497c,polygon,test,1709244775,17020,8,1708946009,0
0xa25d8e286d56adab20f9cf20b56646a6d7df2cee,polygon,test,1709244993,17020,8,1709168577,0
0x0df0f72ee0e5c9b7ca761ecec42754992b2da5bf,polygon,test,1709245031,17020,8,1709144380,0
0x203c542e5918a1ec2204bfb782c043cc4f3024fa,polygon,test,1709245099,17020,8,1708839132,0
0x8fd0195469b51a935dc3c48617ced6b400e38c9c,polygon,test,1709245171,17020,8,1708941284,0
0x4438da4ef8e791a9964d27742676e6a70beb2514,polygon,test,1709245195,17020,8,1709154507,0
0x8346ab8d5ea7a9db0209aed2d1806afa0e2c4c21,polygon,test,1709245275,17020,8,1709136126,0
0xf9cea445c2ac1668f50caa2c2924f93606a4a37d,polygon,test,1709245285,17020,8,1709136126,0
0xbd7a5cf51d22930b8b3df6d834f9bcef90ee7c4f,polygon,test,1709245319,17020,8,1708775504,0
0x08e175a1eac9744a0f1ccaeb8f669af6a2bda3ce,polygon,test,1709245347,17020,8,1708089935,0
0x3afe98235d680e8d7a52e1458a59d60f45f935c0,polygon,test,1709245347,17020,8,1709146379,0
0x57fcbd6503c8be3b1abad191bc7799ef414a5b31,polygon,test,1709245347,17020,8,1709040377,0
0x5c59d7cb794471a9633391c4927ade06b8787a90,polygon,test,1709245347,17020,8,1708984935,0
0xbcd2c5c78000504efbc1ce6489dfcac71835406a,polygon,test,1709245381,17020,8,1708909996,0
0x4e830f67ec499e69930867f9017aeb5b3f629c73,polygon,test,1709245425,17020,8,1708240521,0
0xf59036caebea7dc4b86638dfa2e3c97da9fccd40,polygon,test,1709245441,17020,8,1708743375,0
0xf84bd51eab957c2e7b7d646a3427c5a50848281d,polygon,test,1709245481,17020,8,1709150788,0
0x6ab4e20f36ca48b61ecd66c0450fdf665fa130be,polygon,test,1709245517,17020,8,1703631682,0
0xb7486718ea21c79bbd894126f79f504fd3625f68,polygon,test,1709245587,17020,8,1708093104,0
0xba25b552c8a098afdf276324c32c71fe28e0ad40,polygon,test,1709245599,17020,8,1707338248,0
0x59d9356e565ab3a36dd77763fc0d87feaf85508c,polygon,test,1709245631,17020,8,1709144166,0
0x081ec4c0e30159c8259bad8f4887f83010a681dc,polygon,test,1709245655,17020,8,1707937887,0
0xc56d17dd519e5eb43a19c9759b5d5372115220bd,polygon,test,1709245669,17020,8,1709145439,0
0x4c664c29558f6e3e381f52d9317fe4ed1b09d2a3,polygon,test,1709245677,17020,8,1709013881,0
0x593c64da6c02e0f099f23191f3d50395304993da,polygon,test,1709245691,17020,8,1709021590,0
0xa0e4c84693266a9d3bbef2f394b33712c76599ab,polygon,test,1709245701,17020,8,1707244746,0
0xc8bb8eda94931ca2f20ef43ea7dbd58e68400400,polygon,test,1709245725,17020,8,1709136126,0
0xcdb3867935247049e87c38ea270edd305d84c9ae,polygon,test,1709245725,17020,8,1708785384,0
0x6e65ae5572df196fae40be2545ebc2a9a24eace9,polygon,test,1709245733,17020,8,1708523713,0
0xacd7b3d9c10e97d0efa418903c0c7669e702e4c0,polygon,test,1709245755,17020,8,1709059126,0
0x047fd3b3d2366f9babe105ade4598e263d6c699c,polygon,test,1709245765,17020,8,1709116841,0
0x7cdc0421469398e0f3aa8890693d86c840ac8931,polygon,test,1709245785,17020,8,1709144254,0
0x0c0391a4abef50fc9386f69f2266d4d2fbeb96c7,polygon,test,1709245789,17020,8,1708107524,0
0x07cc1cc3628cc1615120df781ef9fc8ec2feae09,polygon,test,1709245791,17020,8,1708936801,0
0x381caf412b45dac0f62fbeec89de306d3eabe384,polygon,test,1709245795,17020,8,1709167308,0
0xc708d6f2153933daa50b2d0758955be0a93a8fec,polygon,test,1709245821,17020,8,1709078978,0
0x503836c8c3a453c57f58cc99b070f2e78ec14fc0,polygon,test,1709245839,17020,8,1709155659,0
0xef205f99bd869e74b16050199d54327a0ecd343d,polygon,test,1709245855,17020,8,1709148319,0
0xafcdd4f666c84fed1d8bd825aa762e3714f652c9,polygon,test,1709245873,17020,8,1708921263,0
0xe79feaaa457ad7899357e8e2065a3267ac9ee601,polygon,test,1709245949,17020,8,1708571505,0
0x6eaea1ed457e06f8cf6ee7adf34e621844c3b0fc,polygon,test,1709246059,17020,8,1707080366,0
0x62104f305c22f4f0fc3d33adfc185808f20192f0,polygon,test,1709246107,17020,8,1705996775,0
0xe58e8391ba17731c5671f9c6e00e420608dca10e,polygon,test,1709246145,17020,8,1709163501,0
0x546b4c391520e6652897c65153074088bfc0a909,polygon,test,1709246147,17020,8,1709146515,0
0x9719d867a500ef117cc201206b8ab51e794d3f82,polygon,test,1709246153,17020,8,1708879147,0
0xb837f0e111596348a27e424e43938eb01753cf34,polygon,test,1709246153,17020,8,1709129500,0
0x72bba3aa59a1ccb1591d7cddb714d8e4d5597e96,polygon,test,1709246159,17020,8,1708958916,0
0x612d833c0c7a54cdfbe9a4328b6d658020563ec0,polygon,test,1709246163,17020,8,1709174582,0
0x17d342b29f054030a455b4191f977c3b0aa62fd9,polygon,test,1709246167,17020,8,1709120584,0
0x11a819beb0aa3327e39f52f90d65cc9bca499f33,polygon,test,1709246169,17020,8,1708107956,0
0x69bde563680f580a2da5b5d4e202eca4fdf35664,polygon,test,1709246169,17020,8,1708236726,0
0xc298812164bd558268f51cc6e3b8b5daaf0b6341,polygon,test,1709246175,17020,8,1708293762,0
0x0e50bea95fe001a370a4f1c220c49aedcb982dec,polygon,test,1709246189,17020,8,1709154507,0
0x2f1b1662a895c6ba01a99dcaf56778e7d77e5609,polygon,test,1709246203,17020,8,1709166235,0
0x3809dcdd5dde24b37abe64a5a339784c3323c44f,polygon,test,1709246203,17020,8,1708941542,0
0x9af3b7dc29d3c4b1a5731408b6a9656fa7ac3b72,polygon,test,1709246203,17020,8,1709059126,0
0xab5f7a0e20b0d056aed4aa4528c78da45be7308b,polygon,test,1709246231,17020,8,1708821148,0
0x72c96c73207936e94066b4c8566c6987c9a1f1de,polygon,test,1709246233,17020,8,1709149841,0
0x0c47298beee5203358e7bc30b9954b584361eab5,polygon,test,1709246241,17020,8,1708790552,0
0x00e5646f60ac6fb446f621d146b6e1886f002905,polygon,test,1709246247,17020,8,1709134085,0
0x4d0def42cf57d6f27cd4983042a55dce1c9f853c,polygon,test,1709246253,17020,8,1708941407,0
0x16dfb898cf7029303c2376031392cb9bac450f94,polygon,test,1709246275,17020,8,1709145439,0
0x08be454de533509e8832b257116c5506e55b0b64,polygon,test,1709246301,17020,8,1709150473,0
0x62a872d9977db171d9e213a5dc2b782e72ca0033,polygon,test,1709246311,17020,8,1708900801,0
0xc6920888988caceea7acca0c96f2d65b05ee22ba,polygon,test,1709246321,17020,8,1708788003,0
0x82617aa52dddf5ed9bb7b370ed777b3182a30fd1,polygon,test,1709246347,17020,8,1708980542,0
0x2c9d233914f46b88e9ae08326fa60e40ea3faa12,polygon,test,1709246369,17020,8,1705407732,0
0x9c1c23e60b72bc88a043bf64afdb16a02540ae8f,polygon,test,1709246413,17020,8,1709160990,0
0x70d59baa5ab360b2723dd561415bdbcd4435e1c4,polygon,test,1709246469,17020,8,1708843584,0
0x8eb270e296023e9d92081fdf967ddd7878724424,polygon,test,1709246491,17020,8,1709134085,0
0x51540d15957bdc0fdb87d32616c8d658d59f77c6,polygon,test,1709246513,17020,8,1709116227,0
0xdd28ec6b06983d01d37dbd9ab581d8d884d95264,polygon,test,1709246549,17020,8,1709073898,0
0xfba4d30e964e40775c95b58acf6b5a621b929c0a,polygon,test,1709246583,17020,8,1709078373,0
0xdc0e17eae3b9651875030244b971fa0223a1764f,polygon,test,1709246589,17020,8,1708931739,0
0xf0059cc2b3e980065a906940fbce5f9db7ae40a7,polygon,test,1709246593,17020,8,1709146123,0
0x91abdd640a952e129a67c98ca166d9a97b1aedba,polygon,test,1709246613,17020,8,1708766594,0
0x6804b07d883d0169c05233332ccf17aa956424c5,polygon,test,1709246625,17020,8,1706883890,0
0x9111d6446ac5b88a84cf06425c6286658368542f,polygon,test,1709246631,17020,8,1709174582,0
0x5118aec3afcca3f1e21733ee9c88bb800afe6f7b,polygon,test,1709246635,17020,8,1708981028,0
0x7583feddbcefa813dc18259940f76a02710a8905,polygon,test,1709246637,17020,8,1708923249,0
0xc48f61a288a08f1b80c2edd74652e1276b6a168c,polygon,test,1709246653,17020,8,1705013063,0
0xc10358f062663448a3489fc258139944534592ac,polygon,test,1709246695,17020,8,1708673629,0
0xaeb3e641ec85517a63604cb13fce73ba22fcc827,polygon,test,1709246701,17020,8,1707145070,0
0xa6da8c8999c094432c77e7d318951d34019af24b,polygon,test,1709246715,17020,8,1704728758,0
0x5dfd5edfde4d8ec9e632dca9d09fc7e833f74210,polygon,test,1709246751,17020,8,1708863603,0
0x6749441fdc8650b5b5a854ed255c82ef361f1596,polygon,test,1709246765,17020,8,1708949540,0
0xa6b37fc85d870711c56fbcb8afe2f8db049ae774,polygon,test,1709246783,17020,8,1709146135,0
0x94025780a1ab58868d9b2dbbb775f44b32e8e6e5,polygon,test,1709246829,17020,8,1708328630,0
0x4c3bf0a3de9524af68327d1d2558a3b70d17d42a,polygon,test,1709246875,17020,8,1708931739,0
0x103965213122805c9aa63d8036ed0ef692c19650,polygon,test,1709246889,17020,8,1708340733,0
0xfef5d947472e72efbb2e388c730b7428406f2f95,polygon,test,1709246901,17020,8,1709175606,0
0x300211def2a644b036a9bdd3e58159bb2074d388,polygon,test,1709246921,17020,8,1708838270,0
0xf6372cdb9c1d3674e83842e3800f2a62ac9f3c66,polygon,test,1709246921,17020,8,1709160006,0
0xf8f9efc0db77d8881500bb06ff5d6abc3070e695,polygon,test,1709246943,17020,8,1708901193,0
0x524d42592b2235f30c4cbe70e273912d616a1356,polygon,test,1709246959,17020,8,1709145439,0
0x12016b4e07866c962e29b7597ecd66b3b89a3a58,polygon,test,1709246981,17020,8,1708006958,0
0x6968105460f67c3bf751be7c15f92f5286fd0ce5,polygon,test,1709246987,17020,8,1709154507,0
0xfcbb00df1d663eee58123946a30ab2138bf9eb2a,polygon,test,1709246989,17020,8,1708923352,0
0x7bb11e7f8b10e9e571e5d8eace04735fdfb2358a,polygon,test,1709247011,17020,8,1708983800,0
0x1a763170b96f23f15576d0fa0b2619d1254c437d,polygon,test,1709247103,17020,8,1708831527,0
0xb371248dd0f9e4061ccf8850e9223ca48aa7ca4b,polygon,test,1709247103,17020,8,1708093104,0
0xa2c638b78783e9afe26a16ec8b11de54eb169360,polygon,test,1709247117,17020,8,1709072454,0
0xc2a45fe7d40bcac8369371b08419ddafd3131b4a,polygon,test,1709247121,17020,8,1709111655,0
0x5647fe4281f8f6f01e84bce775ad4b828a7b8927,polygon,test,1709247167,17020,8,1708986050,0
0xd13cfd3133239a3c73a9e535a5c4dadee36b395c,polygon,test,1709247175,17020,8,1709078373,0
0x9de41aff9f55219d5bf4359f167d1d0c772a396d,polygon,test,1709247271,17020,8,1709160990,0
0xe20b9e246db5a0d21bf9209e4858bc9a3ff7a034,polygon,test,1709247297,17020,8,1709119314,0
0xf6db73d0495fe4648d494046ccbdc5625f2740f0,polygon,test,1709247311,17020,8,1709146515,0
0x93810fe228fa8c69b08c2d8df3ec05357c00c625,polygon,test,1709247313,17020,8,1708766594,0
0xf6a38ce301700e28e0d0a3b021bae6d4fa1b5d1b,polygon,test,1709247313,17020,8,1708879147,0
0x533403a3346ca31d67c380917ffaf185c24e7333,polygon,test,1709247323,17020,8,1704773732,0
0x14af1f2f02dccb1e43402339099a05a5e363b83c,polygon,test,1709247347,17020,8,1709016688,0
0x65a05db8322701724c197af82c9cae41195b0aa8,polygon,test,1709247363,17020,8,1709156007,0
0xffc4b25557bb4327d437c3b3ead6b2b15fab391a,polygon,test,1709247389,17020,8,1708949772,0
0x61bdd9c7d4df4bf47a4508c0c8245505f2af5b7b,polygon,test,1709247417,17020,8,1709136126,0
0x6949804b60dd9dcea43fd8d10ccdc640b55f9f7f,polygon,test,1709247435,17020,8,1709163501,0
0x06f6ac35344b507a7645faf69f3be46afa4e41ec,polygon,test,1709247441,17020,8,1706612417,0
0x1e289178612f5b6d32f692e312dcf783c74b2162,polygon,test,1709247503,17020,8,1709136126,0
0x428360b02c1269bc1c79fbc399ad31d58c1e8fda,polygon,test,1709247539,17020,8,1708980944,0
0x3af2dd7b91d8faceccc26d21a065267817213d37,polygon,test,1709247585,17020,8,1708572417,0
0xe3b9d283f3a4b9c561a3ace10727a4caa2659923,polygon,test,1709247617,17020,8,1708830813,0
0x2fe8733dcb25bfbba79292294347415417510067,polygon,test,1709247699,17020,8,1709056052,0
0x56a15aaa0f88338fceb5aec28aba249acc75f185,polygon,test,1709247705,17020,8,1709148319,0
0x80ca0d8c38d2e2bcbab66aa1648bd1c7160500fe,polygon,test,1709247731,17020,8,1709134085,0
0xa3c53b53fe43083aa31c6f32ffe90c4d91b44391,polygon,test,1709247735,17020,8,1708572171,0
0x306ee01a6ba3b4a8e993fa2c1adc7ea24462000c,polygon,test,1709247745,17020,8,1708986050,0
0x0b68782eff3177f1f9240b64a7e2f8e0497e2454,polygon,test,1709247749,17020,8,1708959303,0
0x4d1137c03262bcd286f26782033b60af792cd59d,polygon,test,1709247753,17020,8,1709150644,0
0x0c8c1ab017c3c0c8a48dd9f1db2f59022d190f0b,polygon,test,1709247755,17020,8,1708945277,0
0x6aca77cf3bab0c4e8210a09b57b07854a995289a,polygon,test,1709247795,17020,8,1705926563,0
0x1b9d40715e757bdb9bdec3215b898e46d8a3b71a,polygon,test,1709247799,17020,8,1708954056,0
0x33c9f7c0afe2722cb9e426360c261fb755b4483d,polygon,test,1709247805,17020,8,1708969401,0
0xb77e62709e39ad1cbeebe77cf493745aec0f453a,polygon,test,1709247805,17020,8,1708981028,0
0x3c205c8b3e02421da82064646788c82f7bd753b9,polygon,test,1709247845,17020,8,1708971799,0
0xa1388e73c51b37383b1ab9dce8317ef5a0349cc5,polygon,test,1709247849,17020,8,1709134741,0
0xc1b02e52e9512519edf99671931772e452fb4399,polygon,test,1709247859,17020,8,1709162278,0
0x3a9cad689a510a7c410ee1be17929cdf78efac8c,polygon,test,1709247893,17020,8,1709108947,0
0x65c9e3289e5949134759119dbc9f862e8d6f2fbe,polygon,test,1709247952,17020,8,1709149183,0
0xa7305ae84519ff8be02484cda45834c4e7d13dd6,polygon,test,1709247968,17020,8,1709154507,0
0x2d027e55b85429e9f205930a8aff6d8e6c8c3021,polygon,test,1709247990,17020,8,1707279411,0
0xee7666aacaefaa6efeef62ea40176d3eb21953b9,polygon,test,1709247990,17020,8,1707490629,0
0x49c171f00a552a005fca3960122a2321c96f6a38,polygon,test,1709248054,17020,8,1706384377,0
0x8e677ca17065ed74675bc27bcabadb7eef10a292,polygon,test,1709248056,17020,8,1709009945,0
0x48cbc913de09317df2365e6827df50da083701d5,polygon,test,1709248088,17020,8,1709000533,0
0xf88332547c680f755481bf489d890426248bb275,polygon,test,1709248098,17020,8,1707034017,0
0xb044e4d2b145a8e7832889fc4609f654446c22f9,polygon,test,1709248152,17020,8,1706155908,0
0x7fbc10850cae055b27039af31bd258430e714c62,polygon,test,1709248158,17020,8,1709151248,0
0x462d8d82c2b2d2ddabf7f8a93928de09d47a5807,polygon,test,1709248226,17020,8,1706319803,0
0xa9f37d84c856fda3812ad0519dad44fa0a3fe207,polygon,test,1709248240,17020,8,1708900773,0
0x9e20461bc2c4c980f62f1b279d71734207a6a356,polygon,test,1709248260,17020,8,1709073898,0
0xe9e7c09e82328c3107d367f6c617cf9977e63ed0,polygon,test,1709248268,17020,8,1708098601,0
0x2b88ad57897a8b496595925f43048301c37615da,polygon,test,1709248274,17020,8,1708562840,0
0xf4c83080e80ae530d6f8180572cbbf1ac9d5d435,polygon,test,1709248274,17020,8,1706084147,0
0x65ad509db5924ef0001d977590985f965ef1aaaa,polygon,test,1709248322,17020,8,1708594450,0
0x1509706a6c66ca549ff0cb464de88231ddbe213b,polygon,test,1709248334,17020,8,1708840455,0
0x8839e639f210b80ffea73aedf51baed8dac04499,polygon,test,1709248360,17020,8,1704769787,0
0x1ba17c639bdaecd8dc4aac37df062d17ee43a1b8,polygon,test,1709248380,17020,8,1709159592,0
0x754e15f1243f4b8bd319eb760774388a22b049e5,polygon,test,1709248380,17020,8,1692065903,0
0x0cfc9a713a5c17bc8a5ff0379467f6558bacd0e0,polygon,test,1709248413,17020,8,1709018968,0
0x81382e9693de2afc33f69b70a6c12ca9b3a73f47,polygon,test,1709248421,17020,8,1709059126,0
0xb9585ec9d4c97ad9ded7250bb9a199fe8eed0eca,polygon,test,1709248427,17020,8,1704974687,0
0x5bef2617ecca9a39924c09017c5f1e25efbb3ba8,polygon,test,1709248449,17020,8,1708958916,0
0x42f6bdcfd82547e89f1069bf375aa60e6c6c063d,polygon,test,1709248498,17020,8,1709073898,0
0x41b3966b4ff7b427969ddf5da3627d6aeae9a48e,polygon,test,1709248512,17020,8,1708883238,0
0x04429fbb948bbd09327763214b45e505a5293346,polygon,test,1709248516,17020,8,1709153831,0
0x15b7c0c907e4c6b9adaaaabc300c08991d6cea05,polygon,test,1709248554,17020,8,1709129500,0
0xd28449bb9bb659725accad52947677cce3719fd7,polygon,test,1709248572,17020,8,1708986050,0
0xcc2a9051e904916047c26c90f41c000d4f273456,polygon,test,1709248586,17020,8,1708953249,0
0xb382c1cfa622795a534e5bd56fac93d59bac8b0d,polygon,test,1709248596,17020,8,1709146379,0
0x114d232f8befea9fa2fb0a06dee069c856d61bfc,polygon,test,1709248600,17020,8,1708936037,0
0x4b96dbf8f42c8c296573933a6616dcafb80ca461,polygon,test,1709248602,17020,8,1708970203,0
0xe78aee6ccb05471a69677fb74da80f5d251c042b,polygon,test,1709248602,17020,8,1709131619,0
0x12c9ffe6538f20a982fd4d17912f0ca00fa82d30,polygon,test,1709248606,17020,8,1708958916,0
0xe4c2b5db9de5da0a17ed7ec7176602ad99e52624,polygon,test,1709248606,17020,8,1708904230,0
0x1236ea13c7339287cd00ab196aaa8217006b04dc,polygon,test,1709248618,17020,8,1708970203,0
0x3d3b92fe0b4c26b74f8ff13a32dd764f4dfd8b51,polygon,test,1709248622,17020,8,1709150644,0
0x27ab6e82f3458edbc0703db2756391b899ce6324,polygon,test,1709248650,17020,8,1708702928,0
0x421b9b487d5a9b76e4b81809c0f1b9bb8cb24cb9,polygon,test,1709248704,17020,8,1709078373,0
0x4ff0b68abc2b9e4e1401e9b691dba7d66b264ac8,polygon,test,1709248788,17020,8,1709074338,0
0x820802fa8a99901f52e39acd21177b0be6ee2974,polygon,test,1709248810,17020,8,1709156007,0
0xa9a779aea33b6f40cfc78a29cf56fc7e6fb329ab,polygon,test,1709248864,17020,8,1709148087,0
0x05fa81ae340098c8c7fcd310469195f9f8410858,polygon,test,1709248868,17020,8,1709032906,0
0xb140665dde25c644c6b418e417c930de8a8a6ac9,polygon,test,1709248872,17020,8,1709145739,0
0xd9e838dd60c8ea1e7dd4e670913323bb87db112c,polygon,test,1709248880,17020,8,1709150856,0
0xaa3a5f22ccef4866ba6d8864975e7614e49fd351,polygon,test,1709248882,17020,8,1708371087,0
0x7f67639ffc8c93dd558d452b8920b28815638c44,polygon,test,1709248904,17020,8,1709160006,0
0xab1b1680f6037006e337764547fb82d17606c187,polygon,test,1709248918,17020,8,1708970203,0
0x92a9c92c215092720c731c96d4ff508c831a714f,polygon,test,1709248944,17020,8,1708879051,0
0x538d47d142f6993038a667e9d6210d3735749b36,polygon,test,1709248958,17020,8,1708981028,0
0xe1e516ed179e8f448f5ebd5eca4f2a892368b78b,polygon,test,1709248975,17020,8,1708509530,0
0xa0e390e9cea0d0e8cd40048ced9fa9ea10d71639,polygon,test,1709249025,17020,8,1708838463,0
0x27f485b62c4a7e635f561a87560adf5090239e93,polygon,test,1709249041,17020,8,1709140127,0
0x32dc2dd3c2be453a369625e6fe0e438aed814919,polygon,test,1709249053,17020,8,1697456994,0
0x5b4cf2c120a9702225814e18543ee658c5f8631e,polygon,test,1709249161,17020,8,1708980520,0
0x26373ec913876c9e6d38494dde458cb8649cb30c,polygon,test,1709249245,17020,8,1709163927,0
0xbc5eb84c052fd012bb902c258c9fd241b17c0005,polygon,test,1709249285,17020,8,1708600404,0
0x72b9f88e822cf08b031c2206612b025a82fb303c,polygon,test,1709249287,17020,8,1708074583,0
0x177c6b3f6bf8c0ef5e71d1e5ec80a97f29ebce76,polygon,test,1709249323,17020,8,1708958916,0
0x784665471bb8b945b57a76a9200b109ee214e789,polygon,test,1709249327,17020,8,1709123682,0
0x255707b70bf90aa112006e1b07b9aea6de021424,polygon,test,1709249371,17020,8,1709116227,0
0x9c6bfedc14b5c23e3900889436edca7805170f01,polygon,test,1709249411,17020,8,1708936801,0
0xa4335da338ec4c07c391fc1a9bf75f306adadc08,polygon,test,1709249415,17020,8,1708878954,0
0x91c5a5488c0decde1eacd8a4f10e0942fb925067,polygon,test,1709249444,17020,8,1709166961,0
0x04b48c9707fe5091ee772d92941f745bc0ad2b8f,polygon,test,1709249462,17020,8,1708936801,0
0xe97a60f5d34da4f68bc1f1b9ce2c19ec1a33e928,polygon,test,1709249462,17020,8,1708125389,0
0xb6a5ae40e79891e4deadad06c8a7ca47396df21c,polygon,test,1709249472,17020,8,1709146823,0
0x8ffdf2de812095b1d19cb146e4c004587c0a0692,polygon,test,1709249474,17020,8,1708907029,0
0x61f95bd637e3034133335c1baa0148e518d438ad,polygon,test,1709249488,17020,8,1709059126,0
0x638df98ad8069a15569da5a6b01181804c47e34c,polygon,test,1709249494,17020,8,1708980520,0
0x6ded90082c7c8c0bce1b7c14d1e60527dee4a44c,polygon,test,1709249494,17020,8,1708900773,0
0xee327f889d5947c1dc1934bb208a1e792f953e96,polygon,test,1709249498,17020,8,1709152998,0
0x57f5e098cad7a3d1eed53991d4d66c45c9af7812,polygon,test,1709249504,17020,8,1708980878,0
0xa486c6bc102f409180ccb8a94ba045d39f8fc7cb,polygon,test,1709249504,17020,8,1709160990,0
0x388d819724dd6d71760a38f00dc01d310d879771,polygon,test,1709249508,17020,8,1709146515,0
0x735fa792e731a2e8f83f32eb539841b7b72e6d8f,polygon,test,1709249524,17020,8,1706246630,0
0x1631244689ec1fecbdd22fb5916e920dfc9b8d30,polygon,test,1709249534,17020,8,1709156563,0
0x554cd6bdd03214b10aafa3e0d4d42de0c5d2937b,polygon,test,1709249534,17020,8,1709140127,0
0xb6509cbd9e2d1cec787a7357eb1578b86a0c702d,polygon,test,1709249534,17020,8,1705439611,0
0xd8ca34fd379d9ca3c6ee3b3905678320f5b45195,polygon,test,1709249544,17020,8,1709161370,0
0xea1132120ddcdda2f119e99fa7a27a0d036f7ac9,polygon,test,1709249582,17020,8,1709146379,0
0x57194feaca970a4e98a19c365fe144fb54f657db,polygon,test,1709249606,17020,8,1709164429,0
0x463fae8f3c63af7c40e50df3ba28469bf9942f69,polygon,test,1709249608,17020,8,1709170980,0
0x304243a820d4a3718becc89a3f33513586162cf0,polygon,test,1709249662,17020,8,1708761638,0
0x1132f58810ee9ff13e97aeccd8dda688cc5eb8f4,polygon,test,1709249664,17020,8,1708893707,0
0xe0bceef36f3a6efdd5eebfacd591423f8549b9d5,polygon,test,1709249692,17020,8,1706991842,0
0x70e29b7e036b14d496431b77e0b6eb0008be6165,polygon,test,1709249706,17020,8,1708982678,0
0xab0b2ddb9c7e440fac8e140a89c0dbcbf2d7bbff,polygon,test,1709249706,17020,8,1709166961,0
0xba3cb8329d442e6f9eb70fafe1e214251df3d275,polygon,test,1709249730,17020,8,1708663954,0
0xbfa35599c7aebb0dace9b5aa3ca5f2a79624d8eb,polygon,test,1709249752,17020,8,1709160990,0
0x968a8e095100f54a91cc9dae23b487616e2aeab3,polygon,test,1709249760,17020,8,1708772431,0
0x8c92e38eca8210f4fcbf17f0951b198dd7668292,polygon,test,1709249846,17020,8,1709032702,0
0x90f3edc7d5298918f7bb51694134b07356f7d0c7,polygon,test,1709249882,17020,8,1709116841,0
0xbd1463f02f61676d53fd183c2b19282bff93d099,polygon,test,1709249888,17020,8,1708879147,0
0x258d8423d9d6fae7bff3e5b7d1aa13348492aa0b,polygon,test,1709249890,17020,8,1707264004,0
0xb8901acb165ed027e32754e0ffe830802919727f,polygon,test,1709249936,17020,8,1709167308,0
0x7075cab6bcca06613e2d071bd918d1a0241379e2,polygon,test,1709249984,17020,8,1708981028,0
0x3c59798620e5fec0ae6df1a19c6454094572ab92,polygon,test,1709249986,17020,8,1705048763,0
0xf6a09deadf5a10aa7822d95e3228b2315de8f6fa,polygon,test,1709250025,17020,8,1708936801,0
0x9a6a40cdf21a0af417f1b815223fd92c85636c58,polygon,test,1709250053,17020,8,1708583141,0
0x032f85b8fbf8540a92b986d953e4c3a61c76d39e,polygon,test,1709250069,17020,8,1708845828,0
0xa5577d1cec2583058a6bd6d5deac44797c205701,polygon,test,1709250087,17020,8,1708949598,0
0xc17c30e98541188614df99239cabd40280810ca3,polygon,test,1709250091,17020,8,1709156007,0
0x4bf8a8b2c3eb55ca2a15c726e58dd68b9fe96845,polygon,test,1709250095,17020,8,1708540314,0
0x49e6a20f1bbdfeec2a8222e052000bbb14ee6007,polygon,test,1709250105,17020,8,1709150856,0
0x68ee0d0aad9e1984af85ca224117e4d20eaf68be,polygon,test,1709250111,17020,8,1708238467,0
0x198f1d316aad1c0bfd36a79bd1a8e9dba92daa18,polygon,test,1709250123,17020,8,1708534179,0
0x1bd5048e0b85c410dd039aa9c05069a9d82488b8,polygon,test,1709250141,17020,8,1709150644,0
0x07ed33a242bd9c08ca3c198e01189e35265024da,polygon,test,1709250165,17020,8,1708949772,0
0x4fb71290ac171e1d144f7221d882becac7196eb5,polygon,test,1709250183,17020,8,1708561832,0
0x800800500fd721a2e8092bd2d0401841b33b0fe7,polygon,test,1709250185,17020,8,1709031943,0
0xea73dcf6f49f8d6ad5a129aaede776d78d418cfd,polygon,test,1709250246,17020,8,1708980944,0
0xc2b76b5cd8f81445071807c7fef513925d3e78d6,polygon,test,1709250266,17020,8,1708923352,0
0x3a29cab2e124919d14a6f735b6033a3aad2b260f,polygon,test,1709250298,17020,8,1708843584,0
0xc9c1c1c20b3658f8787cc2fd702267791f224ce1,polygon,test,1709250302,17020,8,1706009219,0
0x2f3e306d9f02ee8e8850f9040404918d0b345207,polygon,test,1709250322,17020,8,1708984491,0
0x59e9261255644c411afdd00bd89162d09d862e38,polygon,test,1709250342,17020,8,1709154507,0
0xd99bafe5031cc8b345cb2e8c80135991f12d7130,polygon,test,1709250342,17020,8,1708240521,0
0x40379a439d4f6795b6fc9aa5687db461677a2dba,polygon,test,1709250376,17020,8,1709153831,0
0xc14a7747cfec02cfea62e72bb93538de6b2078e6,polygon,test,1709250419,17020,8,1708841294,0
0x3c90718ba84416b07153432c08248a87a5aad1ca,polygon,test,1709250443,17020,8,1708918854,0
0xdc3326e71d45186f113a2f448984ca0e8d201995,polygon,test,1709250443,17020,8,1709152998,0
0x3e15cd00b456b0fb33827e3c9b49952bb0ec126c,polygon,test,1709250451,17020,8,1708559306,0
0xe111178a87a3bff0c8d18decba5798827539ae99,polygon,test,1709250457,17020,8,1708936801,0
0xb9638272ad6998708de56bbc0a290a1de534a578,polygon,test,1709250473,17020,8,1709162278,0
0x32934cb16da43fd661116468c1b225fc26cf9a8c,polygon,test,1709250481,17020,8,1708529861,0
0xa411c9aa00e020e4f88bc19996d29c5b7adb4acf,polygon,test,1709250493,17020,8,1708981028,0
0x709a4b6217584188ddb93c82f5d716d969acce1c,polygon,test,1709250497,17020,8,1709141170,0
0x0ef39e52704ad52e2882bbfa6781167e1b6c4510,polygon,test,1709250505,17020,8,1709146261,0
0xf33687811f3ad0cd6b48dd4b39f9f977bd7165a2,polygon,test,1709250505,17020,8,1709058539,0
0xcfe2cf35d2bdde84967e67d00ad74237e234ce59,polygon,test,1709250509,17020,8,1709167308,0
0xa7051c5a22d963b81d71c2ba64d46a877fbc1821,polygon,test,1709250519,17020,8,1708771349,0
0xac51c4c48dc3116487ed4bc16542e27b5694da1b,polygon,test,1709250519,17020,8,1709166961,0
0xb355f4f4cc84a9429a59d5c2b98d77016f7ec482,polygon,test,1709250576,17020,8,1708773663,0
0x950e1561b7a7deb1a32a6419fd435410daf851b0,polygon,test,1709250578,17020,8,1709166961,0
0x34667ed7c36cbbbf2d5d5c5c8d6eb76a094edb9f,polygon,test,1709250628,17020,8,1708986485,0
0x614389eaae0a6821dc49062d56bda3d9d45fa2ff,polygon,test,1709250636,17020,8,1708980438,0
0xe960d5076cd3169c343ee287a2c3380a222e5839,polygon,test,1709250636,17020,8,1709065150,0
0x11a1779ae6b02bb8e7ff847919bca3e55bcbb3d5,polygon,test,1709250640,17020,8,1709153831,0
0x58c7b2828e7f2b2caa0cc7feef242fa3196d03df,polygon,test,1709250652,17020,8,1709146135,0
0xe6a537a407488807f0bbeb0038b79004f19dddfb,polygon,test,1709250652,17020,8,1708870697,0
0xffa188493c15dfaf2c206c97d8633377847b6a52,polygon,test,1709250678,17020,8,1709159592,0
0xc4ce1d6f5d98d65ee25cf85e9f2e9dcfee6cb5d6,polygon,test,1709250682,17020,8,1708980438,0
0xc5102fe9359fd9a28f877a67e36b0f050d81a3cc,polygon,test,1709250692,17020,8,1708572255,0
0x190eb8a183d22a4bdf278c6791b152228857c033,polygon,test,1709250702,17020,8,1709117345,0
0x6396252377f54ad33cff9131708da075b21d9b88,polygon,test,1709250710,17020,8,1708118403,0
0x9417669fbf23357d2774e9d421307bd5ea1006d2,polygon,test,1709250710,17020,8,1708899931,0
0xdd78d67f8a825c8d74a79fb5515eae5d0785eac0,polygon,test,1709250735,17020,8,1703019441,0
0xe840b73e5287865eec17d250bfb1536704b43b21,polygon,test,1709250737,17020,8,1709167308,0
0x0d8550552a7f277e141331c2fe7798bb5c9359b9,polygon,test,1709250739,17020,8,1707905359,0
0x9ae69fdff2fa97e34b680752d8e70dfd529ea6ca,polygon,test,1709250741,17020,8,1708622615,0
0xe5b49820e5a1063f6f4ddf851327b5e8b2301048,polygon,test,1709250751,17020,8,1709150856,0
0xee9a352f6aac4af1a5b9f467f6a93e0ffbe9dd35,polygon,test,1709250755,17020,8,1708880531,0
0x18ec0a6e18e5bc3784fdd3a3634b31245ab704f6,polygon,test,1709250763,17020,8,1708843584,0
0xb95e2384d8db81d8776a0f2b2eb994b4e9f1dd1f,polygon,test,1709250763,17020,8,1669309103,0
0xe580074a10360404af3abfe2d524d5806d993ea3,polygon,test,1709250763,17020,8,1708696147,0
0x9c32185b81766a051e08de671207b34466dd1021,polygon,test,1709250771,17020,8,1708958916,0
0xf14fbc6b30e2c4bc05a1d4fbe34bf9f14313309d,polygon,test,1709250789,17020,8,1708982914,0
0x51f005d61426e537e6afee52f9b1ab0e63046d60,polygon,test,1709250807,17020,8,1707598517,0
0xffb89d7637cf4860884ed48b57ae5562bf64e10f,polygon,test,1709250811,17020,8,1709072454,0
0x4b4327db1600b8b1440163f667e199cef35385f5,polygon,test,1709250827,17020,8,1709144166,0
0xc9df967627121d67bc120fadb291c3ba5800ab2d,polygon,test,1709250839,17020,8,1708262099,0
0x191c10aa4af7c30e871e70c95db0e4eb77237530,polygon,test,1709250863,17020,8,1708991539,0
0xad9f61563b104281b14322fec8b42eb67711bf68,polygon,test,1709250881,17020,8,1705240031,0
0x58d70ef99a1d22e1a8f8f0e8f27c1babcf8464f3,polygon,test,1709250904,17020,8,1705348518,0
0x22f991e509102ed4c2babd82424c46bd3d203bd3,polygon,test,1709250917,17020,8,1708931085,0
0x42dbbd5ae373fea2fc320f62d44c058522bb3758,polygon,test,1709250931,17020,8,1708751185,0
0xe9c27e7aec171662488edd9dbc97272ec280f632,polygon,test,1709250933,17020,8,1708746568,0
0x6899face15c14348e1759371049ab64a3a06bfa6,polygon,test,1709250987,17020,8,1709134741,0
0x9ff62d1fc52a907b6dcba8077c2ddca6e6a9d3e1,polygon,test,1709250989,17020,8,1709147509,0
0xe9c21de62c5c5d0ceacce2762bf655afdceb7ab3,polygon,test,1709250993,17020,8,1704278759,0
0x1b8cf8045262663d3e1d7e5cc59cc861fd034bb4,polygon,test,1709250997,17020,8,1701858191,0
0x57f12fe6a4e5fe819eec699fadf9db2d06606bb4,polygon,test,1709250999,17020,8,1709120584,0
0x8a16d4bf8a0a716017e8d2262c4ac32927797a2f,polygon,test,1709251033,17020,8,1708980944,0
0x0266f4f08d82372cf0fcbccc0ff74309089c74d1,polygon,test,1709251039,17020,8,1709056052,0
0x59a32d4b86ffcce0a7f388d6d858c6a0371915ab,polygon,test,1709251045,17020,8,1708021764,0
0x7bdf330f423ea880ff95fc41a280fd5ecfd3d09f,polygon,test,1709251073,17020,8,1709163313,0
0xdd875635231e68e846ce190b1396ac0295d9e577,polygon,test,1709251081,17020,8,1708522499,0
0x27842334c55c01ddfe81bf687425f906816c5141,polygon,test,1709251083,17020,8,1708980856,0
0x4b27cd6e6a5e83d236ead376d256fe2f9e9f0d2e,polygon,test,1709251087,17020,8,1708949772,0
0x0b6f3ea2814f3fff804ba5d5c237aebbc364fba9,polygon,test,1709251095,17020,8,1704034037,0
0x33b6d77c607ea499ab5db7e2201c5a516a78a5db,polygon,test,1709251101,17020,8,1708879147,0
0x73b29199a8e4c146e893eb95f18dac41738a88c6,polygon,test,1709251107,17020,8,1702645022,0
0x0e9b89007eee9c958c0eda24ef70723c2c93dd58,polygon,test,1709251113,17020,8,1708930413,0
0x5d066d022ede10efa2717ed3d79f22f949f8c175,polygon,test,1709251127,17020,8,1709160990,0
0xb58458c52b6511dc723d7d6f3be8c36d7383b4a8,polygon,test,1709251127,17020,8,1708970203,0
0x1e796debcb656bd71f2f2311443a52ec8c98229f,polygon,test,1709251131,17020,8,1708929219,0
0x027af1e12a5869ed329be4c05617ad528e997d5a,polygon,test,1709251141,17020,8,1709145439,0
0x70a13201df2364b634cb5aac8d735db3a654b30c,polygon,test,1709251141,17020,8,1709145439,0
0xafb6e8331355fae99c8e8953bb4c6dc5d11e9f3c,polygon,test,1709251141,17020,8,1708772530,0
0xc4ea087fc2cb3a1d9ff86c676f03abe4f3ee906f,polygon,test,1709251141,17020,8,1709145439,0
0xd6a5c5adc3905b354b8d945d9d73142f54254989,polygon,test,1709251141,17020,8,1706098955,0
0x236aa50979d5f3de3bd1eeb40e81137f22ab794b,polygon,test,1709251155,17020,8,1705780211,0
0x25cbe406aa02053fedc955095415fd8f497f072d,polygon,test,1709251169,17020,8,1708883422,0
0xa26df7f21d752bcd3a413ba496485d87d65eef8f,polygon,test,1709251181,17020,8,1706327483,0
0xa4d94019934d8333ef880abffbf2fdd611c762bd,polygon,test,1709251183,17020,8,1708229918,0
0x111111517e4929d3dcbdfa7cce55d30d4b6bc4d6,polygon,test,1709251185,17020,8,1709119314,0
0x8226ac9edb26ff16da19151042a8ba3bb2cc237f,polygon,test,1709251199,17020,8,1708808682,0
0x58a5d3e4873a75b07fb3c7cf477eebc44ea73b3b,ethereum,validation,1706397359,14808,8,1706397191,0
0x2e09a70dca6ab05505b26382003912783e588f9c,ethereum,validation,1706400203,14808,8,1705916897,0
0x36b679bd64ed73dbfd88909cdcb892cb66bd4cbb,ethereum,validation,1706401343,14808,8,1706130013,0
0xe4a16444133831a0fc84bfdd6bd01d6dcf5e69ea,ethereum,validation,1706401391,14808,8,1705707463,0
0x3fce6ae1f55656663ba6a5b0e0812463cf45c2ee,ethereum,validation,1706401967,14808,8,1706084328,0
0x4a42d2c580f83dce404acad18dab26db11a1750e,ethereum,validation,1706406227,14808,8,1706085731,0
0x090fc4d5436d98e13473c4d6109de6a18bcfb0d4,ethereum,validation,1706410391,14809,8,1705130488,0
0x9b5c2be869a19e84bdbcb1386dad83a2ec8dae82,ethereum,validation,1706416511,14810,8,1704002375,0
0x4690eb613f6ce73f628c00d65c9d710dee205c91,ethereum,validation,1706417183,14810,8,1704854353,0
0x0000000000b3f879cb30fe243b4dfee438691c04,ethereum,validation,1706418083,14810,8,1706359073,0
0xc80ec115035892558bca2c73128d622b435a49ee,ethereum,validation,1706419991,14810,8,1703428503,0
0x691c25c461dafc47792b6e4d674fbb637bca1c6f,ethereum,validation,1706421059,14810,8,1701219155,0
0xb81d70802a816b5dacba06d708b5acf19dcd436d,ethereum,validation,1706433515,14811,8,1706129231,0
0x1e1d8d6d00e0b8f9102d2b3d77de439774a70e97,ethereum,validation,1706434499,14811,8,1705246391,0
0x0883b663d61bf12ac9b5b6a06d9cd04933856079,ethereum,validation,1706436647,14813,8,1706248061,0
0xc56aa8032d2cda3e401171b7787205f6640837d9,ethereum,validation,1706437283,14813,8,1704808261,0
0xe1afe1fd76fd88f78cbf599ea1846231b8ba3b6b,ethereum,validation,1706438831,14814,8,1705813835,0
0x9a794dc1939f1d78fa48613b89b8f9d0a20da00e,ethereum,validation,1706440715,14816,8,1705439611,0
0x2aec18c5500f21359ce1bea5dc1777344df4c0dc,ethereum,validation,1706442707,14816,8,1703857535,0
0x412e5a36bde71aa2c38e1c0e26baaf7f2f0bc24a,ethereum,validation,1706444651,14818,8,1705561775,0
0x6393e822874728f8afa7e1c9944e417d37ca5878,ethereum,validation,1706448359,14819,8,1704923523,0
0x5a9977c88bd4ce1440f13445b3455b573d8dcd72,ethereum,validation,1706449799,14820,8,1706392949,0
0x8424c5ac326834b404742de0067bcb654e86be30,ethereum,validation,1706453975,14820,8,1704077603,0
0x6a60107189f5e0c465947229fbd527015ae27157,ethereum,validation,1706458931,14821,8,1705064579,0
0x1453dbb8a29551ade11d89825ca812e05317eaeb,ethereum,validation,1706465627,14824,8,1706369651,0
0x8c168ef06b8baf8ad2236eef2286f7870ad50f9b,ethereum,validation,1706469539,14825,8,1706152847,0
0x3108ccfd96816f9e663baa0e8c5951d229e8c6da,ethereum,validation,1706469923,14825,8,1694582891,0
0x49b4f92431c5b8cf260f983c4d3ed28e1fd0b991,ethereum,validation,1706471915,14826,8,1705317935,0
0x0d97fee619d955509e54b046c9992b6e9f5b0630,ethereum,validation,1706473439,14827,8,1705787411,0
0xf81df93ab37d5b1396139f294418b2741143b280,ethereum,validation,1706473871,14827,8,1706130013,0
0x794a4c8f2ddb633031357761bb6ddc584c991906,ethereum,validation,1706474003,14827,8,1705497436,0
0x300a902513815028e97fc79e92082ce6a98d3b74,ethereum,validation,1706474159,14827,8,1705780235,0
0x09e64c2b61a5f1690ee6fbed9baf5d6990f8dfd0,ethereum,validation,1706479703,14828,8,1706319803,0
0x8ef47555856f6ce2e0cd7c36aef4fab317d2e2e2,ethereum,validation,1706484035,14828,8,1705722575,0
0x481578423221a35b9358cfe5400d202d2bdc66f1,ethereum,validation,1706484899,14828,8,1703112551,0
0x7db02aa39a3d0271e4c61c04d03857a10fc922c5,ethereum,validation,1706484899,14828,8,1705372751,0
0x455f7ef6d8bcfc35f9337e85aee1b0600a59fabe,ethereum,validation,1706488199,14828,8,1706370263,0
0x71771e820a9414b5f415b7f14d51701502c1f753,ethereum,validation,1706503463,14832,8,1705621955,0
0x4846239fdf4d4c1aeb26729fa064b0205aca90e1,ethereum,validation,1706507975,14832,8,1706445858,0
0x9f2cc8868d81c3e60eddca8c4e2c7c54c8582022,ethereum,validation,1706509247,14832,8,1706225291,0
0x552d72f86f04098a4eaeda6d7b665ac12f846ad2,ethereum,validation,1706509907,14832,8,1706383320,0
0xc741f06082aa47f93729070ad0dd95e223bda091,ethereum,validation,1706510567,14833,8,1705260107,0
0xd03905c79fc39737963db6fa72f4c4eaee0ba422,ethereum,validation,1706513051,14833,8,1705139279,0
0xa533f744b179f2431f5395978e391107dc76e103,ethereum,validation,1706513315,14833,8,1704974687,0
0xbd4a858139b155219e2c8d10135003fdef720b6b,ethereum,validation,1706514671,14833,8,1706130013,0
0x3fcf8c54e2de40e9da7373ae33767093d2998568,ethereum,validation,1706515643,14833,8,1705435559,0
0x0020d80229877b495d2bf3269a4c13f6f1e1b9d3,ethereum,validation,1706516147,14833,8,1704997511,0
0x8af22fbdefe01b4dc7960ec04ec73e8502f4a6b0,ethereum,validation,1706516759,14833,8,1705175723,0
0xa4e3d035f8194dc0e9e0f4fe8813eaf08084fc94,ethereum,validation,1706517107,14833,8,1701747167,0
0xfc97c0c12438b6e4cf246cd831b02fef4950dcad,ethereum,validation,1706520119,14833,8,1706091954,0
0x9c32185b81766a051e08de671207b34466dd1021,ethereum,validation,1706520875,14833,8,1705427363,0
0xf2df8458130f00c94bcde2dd3f288cf608187f87,ethereum,validation,1706521067,14834,8,1691250654,0
0xb9782532fa7062a6f73df1ce71d75c0e16046ebc,ethereum,validation,1706521091,14834,8,1705629539,0
0xc38f1fb49acdf2f1213caf3319f6eb3ea2cb7527,ethereum,validation,1706523863,14834,8,1703197245,0
0x73ee3488113d6567fa98a29943cf21ff48d0658c,ethereum,validation,1706524751,14834,8,1706309267,0
0x505d0ffa350b2687eb8393aebd14632f2990991a,ethereum,validation,1706524835,14834,8,1688292779,0
0x90a1dd7f8dad69fd1000a2d185d29bfddce970f6,ethereum,validation,1706527307,14834,8,1705437082,0
0x2cf5eb8db83c9752125d5d961c4c9dfaa9178d1a,ethereum,validation,1706531183,14836,8,1706384663,0
0x9a76925dd91a7561b58d8353f0bce4df1e517abb,ethereum,validation,1706531183,14836,8,1703337587,0
0x77a9b858aa8417fd318ecee01c1d6d9fef31a71f,ethereum,validation,1706531819,14836,8,1704600876,0
0x0c10b4260e1c6f450969006aa56429dee277aec8,ethereum,validation,1706534327,14838,8,1705758748,0
0xceb90238a4d3cd8134771ba3560b09b72d114f88,ethereum,validation,1706535395,14838,8,1704829139,0
0xa3e7833775a9cc022db2c72eb900378f90ce89b4,ethereum,validation,1706541599,14840,8,1705629539,0
0xb9e6bdcba653b5f768dd2e2faf6288df9054e554,ethereum,validation,1706542511,14840,8,1705478399,0
0xf5c771e0b749444eaec5c1f7ef5c0b93200bb0e4,ethereum,validation,1706542619,14840,8,1704990387,0
0xe276056f924e15beac26f7b10b6d2805f9c64bb5,ethereum,validation,1706546279,14841,8,1705807127,0
0x99fca5214549fc0fd5afdfab4a3fbc19ffe55c77,ethereum,validation,1706549735,14844,8,1704362027,0
0x33d6064f0dfb62462a74049f30909ddd4f683ba2,ethereum,validation,1706557535,14846,8,1704201092,0
0x4c081d8ec752c8ca6309149e3ad07747b2576401,ethereum,validation,1706561795,14847,8,1694090363,0
0x8d717ab5eac1016b64c2a7fd04720fd2d27d1b86,ethereum,validation,1706562311,14847,8,1706212079,0
0x9c12d9b1223130b641154d8d3db35f91d81c8dfd,ethereum,validation,1706564735,14847,8,1699747931,0
0x54ee01beb60e745329e6a8711ad2d6cb213e38d7,ethereum,validation,1706570483,14847,8,1705960463,0
0xf690d6fb30febd3f926951a42c86d053237ee7c6,ethereum,validation,1706575463,14847,8,1702338119,0
0x321f6c7645e2d0de0e360e0e7121bad6c1c490e3,ethereum,validation,1706575535,14847,8,1702598351,0
0xed2c5992f07625a45a0ce86b102b3feb60e7d2d0,ethereum,validation,1706575535,14847,8,1706300867,0
0x0f7febb7809ff6c24346d2cd5dde32ee19b4c755,ethereum,validation,1706575607,14848,8,1704283187,0
0xc21b8620f3cf59a14c8da19fd3651754e1637e02,ethereum,validation,1706578079,14849,8,1702227554,0
0xbada557cdfa4f5a45bf7fed3cbb40db567f9e9ad,ethereum,validation,1706585243,14850,8,1700390735,0
0xf42965f82f9e3171d1205c5e3058caf324a09432,ethereum,validation,1706588435,14851,8,1703504287,0
0xb8a768cd332e4461fccfbdb1d0292ceffbb2bb8a,ethereum,validation,1706592287,14852,8,1705925680,0
0x99ed6961794af22f6d7c2d76f34216cc96927654,ethereum,validation,1706592767,14852,8,1704184994,0
0x7a2fb327299693119b4a2d16da8d18ff8995a7e2,ethereum,validation,1706596271,14854,8,1703458409,0
0x1014f52e5e33e50f0b0ac3c69cd007424f0c92b1,ethereum,validation,1706603207,14855,8,1704658896,0
0xe4b5936dce1820f84509c89cce0f28c87988bad8,ethereum,validation,1706605559,14856,8,1702996007,0
0xbc276f51184ec085cd1437601ecb4bbc3d981896,ethereum,validation,1706607179,14856,8,1705136000,0
0x0a96ab4ef283e98db7072df26c7d62854e46bbcf,ethereum,validation,1706609339,14857,8,1706016359,0
0x8f041a3940a5e6fb580075c3774e15fcfa0e1618,ethereum,validation,1706609735,14857,8,1705559499,0
0x179b734d0291fa9e3a4728c7c27866ee25ccc3e0,ethereum,validation,1706612723,14859,8,1699771031,0
0x2ed2cc2c858a8a8219fd2f2d9e170285dbd02756,ethereum,validation,1706619335,14861,8,1700626974,0
0x0999687f9d9fbcf57a9735bd81bc3d3feafb6ec2,ethereum,validation,1706623871,14862,8,1704805108,0
0x9b9087756eca997c5d595c840263001c9a26646d,ethereum,validation,1706624171,14862,8,1705713966,0
0x597ad1e0c13bfe8025993d9e79c69e1c0233522e,ethereum,validation,1706625083,14863,8,1704253787,0
0x01b6d39746cce500b70cfb242dcc5f7596b11e41,ethereum,validation,1706626235,14864,8,1698509900,0
0x06b179e292f080871825bed5d722162fd96b4c95,ethereum,validation,1706629535,14865,8,1706096075,0
0x6d1dc3928604b00180bb570bdae94b9698d33b79,ethereum,validation,1706630087,14865,8,1706288433,0
0xf9a7e47f6d00a75be08bb23a804f4153c01a1636,ethereum,validation,1706635223,14869,8,1705941501,0
0x7bc99c7e829c30ef29df0a52c29c47ac2c5fb540,ethereum,validation,1706636891,14869,8,1703498652,0
0x6bec0cb45494e7019ee6dfa94439c660b2373944,ethereum,validation,1706640983,14871,8,1704409511,0
0x4355fc160f74328f9b383df2ec589bb3dfd82ba0,ethereum,validation,1706644427,14871,8,1703857535,0
0x8e01397163b21f64cec1f06ca6cc7d9aa8f718e9,ethereum,validation,1706647163,14871,8,1705174151,0
0xa41a879bcfdd75983a987fd6b68fae37777e8b28,ethereum,validation,1706648219,14872,8,1700505011,0
0xec4a1c7a4e9fdc7cc621b548a931c92bc08a679a,ethereum,validation,1706651975,14874,8,1705188791,0
0x8d52061af43c52204c717d0610ea8f52f955ce0b,ethereum,validation,1706652143,14874,8,1695207383,0
0xf4ea51408e7cece8eb9ebbaf3bfbcec74ac574f4,ethereum,validation,1706652587,14874,8,1700332980,0
0x000075dc60ede898f11b0d5c6ca31d7a6d050eed,ethereum,validation,1706654591,14876,8,1705550039,0
0x8845e795654bb9f3697227ceca25d6501e45bfac,ethereum,validation,1706656523,14877,8,1702996487,0
0xc70be5b7c19529ef642d16c10dfe91c58b5c3bf0,ethereum,validation,1706657255,14877,8,1705605095,0
0x3a6dc7eefef660be5c254c8aa1b710202151e345,ethereum,validation,1706659127,14878,8,1706256695,0
0x61bd7728089053b1f814d61072b81bd6e3ba32ae,ethereum,validation,1706659919,14878,8,1705982123,0
0x0b5c9081e818e3b2cf677e7f42391de34d6ab2f3,ethereum,validation,1706659967,14878,8,1706363342,0
0x77df79539083dcd4a8898dba296d899afef20067,ethereum,validation,1706663351,14878,8,1704784288,0
0x7e85b369d170ebf127367400b1f399cb18027309,ethereum,validation,1706664995,14878,8,1706289419,0
0x016bf078abcacb987f0589a6d3beadd4316922b0,ethereum,validation,1706672111,14880,8,1703962436,0
0xbbc455cb4f1b9e4bfc4b73970d360c8f032efee6,ethereum,validation,1706673083,14880,8,1705750187,0
0x856710ea0007af7bdc387fe54f64db51dddaf0a2,ethereum,validation,1706674343,14880,8,1706354219,0
0xe5d4988a644ef97f58583bac42285090924417d0,ethereum,validation,1706675891,14880,8,1706006759,0
0x99bf0dbb066b7c8924a8387956d9e84238c71114,ethereum,validation,1706680271,14880,8,1694766995,0
0x5faf6a2d186448dfa667c51cb3d695c7a6e52d8e,ethereum,validation,1706681819,14880,8,1704959711,0
0x1af2eaeaf2b1d9dda800861268e6bbb3995a6c3b,ethereum,validation,1706682539,14880,8,1686407395,0
0xead485158ee12f43b03cc0612dcb006dab4731cc,ethereum,validation,1706683247,14880,8,1702199968,0
0xfec0cf7fe078a500abf15f1284958f22049c2c7e,ethereum,validation,1706685959,14882,8,1706053631,0
0xf2210f65235c2fb391ab8650520237e6378e5c5a,ethereum,validation,1706686943,14884,8,1705437082,0
0x5a741d624214046f2820c2b6e67082c8849ebc9f,ethereum,validation,1706689511,14884,8,1706613948,0
0x4216663ddc7bd10eaf44609df4dd0f91cd2be7f2,ethereum,validation,1706690507,14884,8,1706157935,0
0x706cb9e741cbfee00ad5b3f5acc8bd44d1644a74,ethereum,validation,1706691683,14884,8,1705480780,0
0x58d1b7be289c628d6b52abe65b850d518bdf51f4,ethereum,validation,1706692247,14884,8,1705879571,0
0xd15ecdcf5ea68e3995b2d0527a0ae0a3258302f8,ethereum,validation,1706696843,14887,8,1706111423,0
0x2c5a9980b41861d91d30d0e0271d1c093452dca5,ethereum,validation,1706698295,14887,8,1705436987,0
0xe1223f2d494c37f83e1bdda5015e990938f00d81,ethereum,validation,1706699099,14887,8,1706686626,0
0x1bd936a1d180b5afc640ea9b2274156af0b7533b,ethereum,validation,1706699159,14887,8,1704739619,0
0x9053bfb430a021bbd9958fa1d663063e4abe17ee,ethereum,validation,1706699795,14887,8,1705758748,0
0x1965dc8c7eafb17cb6ecbc370b47c4c36de4063b,ethereum,validation,1706700947,14887,8,1704402527,0
0x8fe2a8a2ac7ec33f709a48ec9b4cc57ca163de03,ethereum,validation,1706703539,14887,8,1705559100,0
0xf03045a4c8077e38f3b8e2ed33b8aee69edf869f,ethereum,validation,1706704091,14887,8,1706381649,0
0x1de0236faa13b492c6c57e1a6e3b0f21d7d0ecb4,ethereum,validation,1706708387,14888,8,1700256323,0
0x347bd34a39ec5ba593e65db3023999d5322fa535,ethereum,validation,1706708531,14888,8,1704048311,0
0xd73175f9eb15eee81745d367ae59309ca2ceb5e2,ethereum,validation,1706710859,14889,8,1699813637,0
0xb441859e44f19754ee79afa91b081620ddfe269f,ethereum,validation,1706713043,14890,8,1706155908,0
0x42bedd647e387dabec65a7dc3a3babcc68bb664d,ethereum,validation,1706717495,14892,8,1703228375,0
0x508626d9a29d13eba26f843a2bd7bf7b00a45be5,ethereum,validation,1706717927,14892,8,1702617911,0
0x68cfb82eacb9f198d508b514d898a403c449533e,ethereum,validation,1706719391,14893,8,1705348518,0
0x646707246d7d5c2a86d7206f41ca8199ea9ced69,ethereum,validation,1706724539,14896,8,1705427363,0
0x01b443495834d667b42f54d2b77eed6951ed94a4,ethereum,validation,1706725463,14896,8,1705722455,0
0xd2be3722b17b616c51ed9b8944a227d1ce579c24,ethereum,validation,1706730719,14899,8,1706463500,0
0x6096d2460cf5177e40b515223428dc005ad35123,ethereum,validation,1706734379,14900,8,1705668971,0
0xd688b25b368142a89d2ab4ea87e03b6e69c5717d,ethereum,validation,1706734463,14900,8,1705345313,0
0xe0955f26515d22e347b17669993fcefcc73c3a0a,ethereum,validation,1706735339,14900,8,1705353683,0
0x77dce26c03a9b833fc2d7c31c22da4f42e9d9582,ethereum,validation,1706735711,14900,8,1706727884,0
0x990e081a7b7d3ccba26a2f49746a68cc4ff73280,ethereum,validation,1706736143,14900,8,1706533456,0
0xc4d5545392f5fc57eba3af8981815669bb7e2a48,ethereum,validation,1706743703,14902,8,1705668599,0
0x7162469321ae5880f077d250b626f3271b21b903,ethereum,validation,1706744111,14902,8,1706327456,0
0xf6ee08fa550e1cb08c0821a4da8cea57b8909d2e,ethereum,validation,1706745731,14902,8,1699282183,0
0x77132bb08b02a7a87732ec289efab45edf49884f,ethereum,validation,1706746187,14902,8,1705944179,0
0xa7e0719a65128b2f6cdbc86096753ff7d5962106,ethereum,validation,1706753567,14902,8,1703543915,0
0x0ac2255b0ac00e2be88b8e6d8b5e32fe152c320c,ethereum,validation,1706754251,14902,8,1704788519,0
0x7a939bb714fd2a48ebeb1e495aa9aaa74ba9fa68,ethereum,validation,1706758931,14903,8,1706499250,0
0xd7f5cabdf696d7d1bf384d7688926a4bdb092c67,ethereum,validation,1706765171,14903,8,1704434182,0
0x41b3f18c6384dc9a39c33afeca60d9b8e61eaa9f,ethereum,validation,1706773283,14903,8,1705750127,0
0x19993b575f73ac82649bc44fd50e7866508d2d9f,ethereum,validation,1706775911,14904,8,1697467019,0
0x68e8a20128e1902c02f533a02ed0cfd8396e3fbc,ethereum,validation,1706777291,14904,8,1706319803,0
0xdfdfca0ecf4a32f5976f1d8d7246d6f83648768f,ethereum,validation,1706777615,14904,8,1706077067,0
0x46b81629fb3d4ac1269b80d2207918d833d0fbb5,ethereum,validation,1706786759,14910,8,1706155931,0
0x592eec79662c9237814a1ca010a358f1adad1ff6,ethereum,validation,1706787443,14911,8,1706386799,0
0xea3cb156745a8d281a5fc174186c976f2dd04c2e,ethereum,validation,1706788571,14911,8,1706389273,0
0x6e98e5401adcb0d76f4debfc3d794b3031f48790,ethereum,validation,1706789291,14911,8,1705559591,0
0x3f3052ccc6ab2337e3d63f5c695c4471a8637a32,ethereum,validation,1706793311,14913,8,1705851286,0
0x7631a91268a0eed16b93aae8e16c8bd90a902dda,ethereum,validation,1706796887,14914,8,1706650023,0
0x625b7df2fa8abe21b0a976736cda4775523aed1e,ethereum,validation,1706797043,14914,8,1705688952,0
0x2a38b9b0201ca39b17b460ed2f11e4929559071e,ethereum,validation,1706797211,14915,8,1705330560,0
0x8cc94ccd0f3841a468184aca3cc478d2148e1757,ethereum,validation,1706798555,14915,8,1706288433,0
0x73474d0a549e32845f541e030c3d529de6ab8738,ethereum,validation,1706799503,14915,8,1702654349,0
0x429aca1ccd47296483d1281c85b24e842de0b758,ethereum,validation,1706801879,14916,8,1706742806,0
0x2336c10a1d3100343fa9911a2c57b77c333599a3,ethereum,validation,1706803391,14916,8,1703954127,0
0xfd3305e1c7cb5d269fb6ced8eb8240255a50e7a4,ethereum,validation,1706807651,14919,8,1705914839,0
0xe984d2b8bf40fb17d2327df81d48a7f3694cb046,ethereum,validation,1706812451,14920,8,1699968611,0
0xaff006725deeaf5bf6750a6c7c98d9e70cb189a4,ethereum,validation,1706812679,14920,8,1705339955,0
0x101832446ae9ff17a105e281480bcccf700dcb4a,ethereum,validation,1706812871,14920,8,1705877927,0
0xe0c05ec44775e4ad62cdc2eecdf337aa7a143363,ethereum,validation,1706813591,14921,8,1706462709,0
0x2e98a6804e4b6c832ed0ca876a943abd3400b224,ethereum,validation,1706816747,14925,8,1704077603,0
0x9efdfc77017cb9b878300ecdca21fab0529a22a0,ethereum,validation,1706821847,14926,8,1705085341,0
0x0867f4699202a5c052968ccde9ad2943ddaa387f,ethereum,validation,1706822447,14926,8,1697708783,0
0x1e3a3b9c6177ba05102b749eecb6164155fd44ae,ethereum,validation,1706823251,14926,8,1706123807,0
0x81c159f7abaa9139227aff62959b86b4141f6eb2,ethereum,validation,1706824019,14926,8,1704920015,0
0x9d83eb7f712f8af3a3e7b729f31551d1829d0ae1,ethereum,validation,1706824967,14926,8,1702690880,0
0x8b39b9b6fee1854a585321fbd3b2bab49cfb2359,ethereum,validation,1706825483,14926,8,1704558167,0
0x30a9d4be1cc294a6a6c30afba07e39f9a0a77049,ethereum,validation,1706827583,14927,8,1706151107,0
0xbdec45952b5e234eddc2981b43eed360826d5087,ethereum,validation,1706840267,14928,8,1703970587,0
0x57700244b20f84799a31c6c96dadff373ca9d6c5,ethereum,validation,1706841395,14928,8,1706779494,0
0xda04d19fe235af67ed2a38c26ea41f7ce637f545,ethereum,validation,1706842799,14928,8,1679664410,0
0x17d8cbb6bce8cee970a4027d1198f6700a7a6c24,ethereum,validation,1706845511,14928,8,1705883232,0
0x283669123bd83da2536bb534e20512101c18e5d8,ethereum,validation,1706847095,14929,8,1697913008,0
0xdcc3d7b064d650d007dc5133b6f806859a5276ce,ethereum,validation,1706848427,14930,8,1688819732,0
0x5ecc4b299e23f526980c33fe35eff531a54aedb1,ethereum,validation,1706851583,14931,8,1705837679,0
0x1b905331f7de2748f4d6a0678e1521e20347643f,ethereum,validation,1706853011,14931,8,1705013063,0
0x91ccf57792c117a21a99b931cd966ab27d4d0d9a,ethereum,validation,1706854175,14931,8,1693913483,0
0xcc1f757e3fa67b70e761c71f4b75b1e9f72263af,ethereum,validation,1706854703,14931,8,1704191435,0
0x4fc41870b393478a02783fbe5bc955c702f015d0,ethereum,validation,1706860259,14935,8,1700828798,0
0x4b4f1815c1758360e190f60ff073d164669bf54c,ethereum,validation,1706861843,14935,8,1703766923,0
0xeae4cf76e91f6d0b509907f3ea6523d1e70f07ef,ethereum,validation,1706861999,14935,8,1703527475,0
0xa75fa7dea69abd84c9812919039cb33e2092aab6,ethereum,validation,1706862191,14935,8,1705877927,0
0xc19a56f52b3b35adfb405294f23d885c741cee2b,ethereum,validation,1706862263,14935,8,1698881051,0
0x43100b1bdb81fc9431dea4fbf4e1df585cc682a2,ethereum,validation,1706862347,14935,8,1690866383,0
0xf41ea2614a477faad424ab398a2c8c0cbff173a8,ethereum,validation,1706862347,14935,8,1703217743,0
0x90544cac4d0b51b648cf0a3abcf79656e6af334f,ethereum,validation,1706862371,14935,8,1690859423,0
0x92e11cacf623c622398c2ca7432c2475b292dd04,ethereum,validation,1706862827,14935,8,1695184355,0
0x50d780ad84fe5ee7d682c5288c067343a1e23308,ethereum,validation,1706862887,14935,8,1691467271,0
0x6ec2e2c230fb4ef478023ff21ef7fff4a8d4c879,ethereum,validation,1706862887,14935,8,1691623883,0
0x8d152c94feb87c17ef024aea156e3c366b8ba10d,ethereum,validation,1706862887,14935,8,1695184583,0
0x1350fbe8ce27762ec19134bf8fc405a427fe9bf1,ethereum,validation,1706866151,14936,8,1706559575,0
0x3e98253d316856df99c17686af1a6a0107956f0b,ethereum,validation,1706866307,14936,8,1704823919,0
0xdad1112e7975cded05a4669c40125c6e7316b3b3,ethereum,validation,1706866487,14936,8,1687478747,0
0x61fd1c62551850d0c04c76fce614cbced0094498,ethereum,validation,1706867351,14937,8,1703827811,0
0x331a4589516eae384ea5f557853af6af73b9534e,ethereum,validation,1706869079,14937,8,1706463500,0
0x7884f51dc1410387371ce61747cb6264e1daee0b,ethereum,validation,1706871179,14938,8,1704292355,0
0xc8d1acd9ac1116f8450b375be2a3730f43e916d4,ethereum,validation,1706872691,14944,8,1705987302,0
0xd33d0eb1c0c0295c3a2409a9101dd511823bf217,ethereum,validation,1706873399,14945,8,1706049227,0
0xedc8e4e0ef8c319fe0790aab57718cf1a7a73aee,ethereum,validation,1706875691,14945,8,1706307060,0
0xada62f7ccd6af6cacff04accbc4f56f3d4ffd4ef,ethereum,validation,1706877767,14946,8,1706595284,0
0xddd2ec6bd01506a8510aba02393fb058d9f6ce89,ethereum,validation,1706878139,14946,8,1705240031,0
0xb80a1d87654bef7ad8eb6bbda3d2309e31d4e598,ethereum,validation,1706879471,14946,8,1706247023,0
0xcea9ca5907582680ad8132ea9f6dddfacd48119a,ethereum,validation,1706879603,14946,8,1700054279,0
0xf6719e1a8fcbb1b9c290019e37e004966a8916c9,ethereum,validation,1706882687,14947,8,1705706591,0
0x0d3bd40758df4f79aad316707fcb809cd4815ffe,ethereum,validation,1706883803,14949,8,1704654023,0
0xf6269e2e0c271fb6af35e7f8a539ebc7155e33bb,ethereum,validation,1706886227,14950,8,1704829139,0
0x2c0da41c89adb5a1d4430e5761b9b400911426b0,ethereum,validation,1706888027,14952,8,1704167395,0
0x5c57a7a56369a8cc4542c95a5d130e787e769cc2,ethereum,validation,1706898359,14956,8,1705249727,0
0x3080ec2a6960432f179c66d388099a48e82e2047,ethereum,validation,1706898767,14956,8,1703977475,0
0xfbcf817bdb473eb01abb0bc3b7a6e46577d14f68,ethereum,validation,1706902907,14959,8,1692702655,0
0x5fdaa123bf828d0d6a1c4ae62a95a6b3bade57c6,ethereum,validation,1706906819,14960,8,1704809807,0
0x1f05dee43df9fd0cd7f4b011b20b04870a30c29a,ethereum,validation,1706910779,14960,8,1704978759,0
0xc69a464f77bcbdae9ddeb714702aff608bd4881b,ethereum,validation,1706916503,14962,8,1705905779,0
0x2aa5ce395b00cc486159adbdd97c55b535cf2cf9,ethereum,validation,1706917859,14962,8,1704769787,0
0x578a376f3e8cc887f25e54c77c63c16586d31109,ethereum,validation,1706918255,14962,8,1704051407,0
0x0542784931eaea2542bb0baecf51667884646aa9,ethereum,validation,1706918855,14962,8,1698418739,0
0x4d36918e7c6de44cf2c06d912608328acd23f715,ethereum,validation,1706918855,14962,8,1701758363,0
0xc7a1d70acfcd805887808e45512ce07d6f74ac6a,ethereum,validation,1706918855,14962,8,1703527475,0
0xf731fee84e29288be63b9fc3b1237a624ba162ea,ethereum,validation,1706918855,14962,8,1702854623,0
0x12fcd6463e66974cf7bbc24ffc4d40d6be458283,ethereum,validation,1706928599,14966,8,1704044579,0
0x2730d6fdc86c95a74253beffaa8306b40fedecbb,ethereum,validation,1706931767,14968,8,1706479269,0
0x63f903ca71db3dca8594279c39d64a29b1240a4b,ethereum,validation,1706935175,14968,8,1704056481,0
0x73ee6d7e6b203125add89320e9f343d65ec7c39a,ethereum,validation,1706936411,14968,8,1706777850,0
0x53f64be99da00fec224eaf9f8ce2012149d2fc88,ethereum,validation,1706939243,14969,8,1704788521,0
0x9f033897c1957aa11ac18428c1f9f85985196b55,ethereum,validation,1706941487,14971,8,1703274062,0
0x026e62dded1a6ad07d93d39f96b9eabd59665e0d,ethereum,validation,1706943899,14972,8,1704823691,0
0x1009042de716bf24fbf8340dcc68d862ce2e7d57,ethereum,validation,1706944535,14972,8,1705833611,0
0x0e7f79e89ba8c4a13431129fb2db0d4f444b5b9a,ethereum,validation,1706945663,14973,8,1693371515,0
0x68300309047f8bc213f10e238ea6badb700cb193,ethereum,validation,1706947199,14975,8,1704041411,0
0x54a0f63a8840aa703c4474ea624ea7fa556c6ed0,ethereum,validation,1706956139,14976,8,1705048763,0
0x686c650dbcfeaa75d09b883621ad810f5952bd5d,ethereum,validation,1706957843,14977,8,1704092411,0
0xe5eb5ebdb1dc46c7235baa55a650b248caecc01b,ethereum,validation,1706970827,14979,8,1689757235,0
0xf784682c82526e245f50975190ef0fff4e4fc077,ethereum,validation,1706972879,14979,8,1706717977,0
0xc481a850aead5002598b7ed355cbb3349c148072,ethereum,validation,1706975519,14979,8,1706204584,0
0x9048c33c7bae0bbe9ad702b17b4453a83900d154,ethereum,validation,1706976851,14979,8,1706797160,0
0xfdb15e5e6799be72798b1ccfaecbf186bf73a0c4,ethereum,validation,1706978399,14984,8,1706727884,0
0x05c22093f8c64cc68d4d2fa2882395ee63ae8bbe,ethereum,validation,1706979311,14985,8,1706686626,0
0xf0fac7104aac544e4a7ce1a55adf2b5a25c65bd1,ethereum,validation,1706984555,14987,8,1705844255,0
0xfd8e70e83e399307db3978d3f34b060a06792c36,ethereum,validation,1706984555,14987,8,1704707228,0
0xa00425d3e2d3e9ff74f3e112b4d3a7978d7d88c2,ethereum,validation,1706991599,14988,8,1706209847,0
0x570db9a388b641c92722c0f35574c33063a972d7,ethereum,validation,1706992091,14989,8,1705603223,0
0x8967e420c1523b11386ec134a52f819f3ee41278,ethereum,validation,1706998919,14993,8,1705174151,0
0xd387f0e62e3f123a54ae486056a5d859affed0c8,ethereum,validation,1706999999,14994,8,1706894459,0
0x4ee438be38f8682abb089f2bfea48851c5e71eaf,ethereum,validation,1707001847,14995,8,1705926563,0
0x14d312ac2bfc95d9bbefa87deb1d3cfcf69980de,ethereum,validation,1707003155,14996,8,1706653820,0
0x6d42504a48a3bc17d7d21c2cd3d17b179f40ee25,ethereum,validation,1707003443,14996,8,1703337587,0
0xaeb813653bb20d5fa4798dc4fc63af9cad4f3f67,ethereum,validation,1707004235,14996,8,1705136000,0
0xbae5f2d8a1299e5c4963eaff3312399253f27ccb,ethereum,validation,1707007883,14996,8,1705502711,0
0xe09216f1d343dd39d6aa732a08036fee48555af0,ethereum,validation,1707009239,14998,8,1706808467,0
0xae9cbe6ebf72a51c9fcea3830485614486318fd4,ethereum,validation,1707012971,14999,8,1706612417,0
0x3103df8f05c4d8af16fd22ae63e406b97fec6938,ethereum,validation,1707013307,14999,8,1699425131,0
0x7f531a70a240fba0e40169e56eede1c6b7ef8463,ethereum,validation,1707013667,14999,8,1704755844,0
0xebc27d9bd8ac268934784dcdf1eaa10dfaf97a9f,ethereum,validation,1707015635,15001,8,1706795129,0
0x7797c85b46f548eacc07c229f6cd207d6370442f,ethereum,validation,1707016919,15002,8,1706435181,0
0x976d071d737e90fde3bf98c0b98362d81121f2f1,ethereum,validation,1707017843,15002,8,1705941431,0
0x46dceb1bb2c55531d12a4e769e8088f4af64d410,ethereum,validation,1707020627,15003,8,1706712463,0
0xa62f8170ccd7eb80207456bdb9a6e9401a6bc1ea,ethereum,validation,1707022115,15003,8,1705905779,0
0xbf6693cdc1ba57d2e9a2d0c4bc1fb27c927bb9ba,ethereum,validation,1707029771,15004,8,1699558034,0
0x75ce0e501e2e6776fcaaa514f394a88a772a8970,ethereum,validation,1707031475,15004,8,1706019527,0
0x30365ed4ca8173013ad948b9842f34ac71d01f7c,ethereum,validation,1707042011,15006,8,1701897599,0
0x67273becd45bb8fe532265c6411a35bfbee80855,ethereum,validation,1707043523,15007,8,1704104963,0
0x42bc3a0ae4d172b7d03919c54092daa3ee8e5356,ethereum,validation,1707046319,15007,8,1669139106,0
0x51b0e6d27c0d7258447ddb89daf63c280eda90e9,ethereum,validation,1707046535,15007,8,1701862019,0
0xd007412968e99e37cfe113dc725ebebe35753bbc,ethereum,validation,1707048299,15007,8,1706391515,0
0x42566cfefc853c232117eba4413e45782a72715d,ethereum,validation,1707048431,15007,8,1701744455,0
0x5845cd0205b5d43af695412a79cf7c1aeddb060f,ethereum,validation,1707048827,15007,8,1705052915,0
0x68a9d92fe19399feebed6a9a0980a7ea7638074c,ethereum,validation,1707049943,15007,8,1706624326,0
0xd0bf4f19a0fa1b5c8c3b2d831fb263fc19d3173a,ethereum,validation,1707051011,15007,8,1699641575,0
0x6df241103f89983b1fb86244c8601e44ea55368c,ethereum,validation,1707059987,15012,8,1699601231,0
0x260e63d91fccc499606bae3fe945c4ed1cf56a56,ethereum,validation,1707069023,15012,8,1706906719,0
0xc9368a02dc06e316866948bdc784ec3b683942ec,ethereum,validation,1707069131,15012,8,1705991567,0
0x016ee7373248a80bde1fd6baa001311d233b3cfa,ethereum,validation,1707069971,15012,8,1703197245,0
0x4a6ab9792e9f046c3ab22d8602450de5186be9a7,ethereum,validation,1707071783,15012,8,1703927819,0
0x553539d40ae81fd0d9c4b991b0b77be6f6bc030e,ethereum,validation,1707072935,15013,8,1705362683,0
0xa053c1b7013e77fe0a873ce0ca2bd5d0b7414c41,ethereum,validation,1707073175,15013,8,1706370263,0
0xb32c960c46f28059c2b5f1c3ecc2b9dd77ab0aa0,ethereum,validation,1707074183,15013,8,1705136591,0
0xcb611d0bd02a74c491b75d51d6ea5558f1887da3,ethereum,validation,1707075311,15013,8,1705979750,0
0x2bf91c18cd4ae9c2f2858ef9fe518180f7b5096d,ethereum,validation,1707076463,15013,8,1706696839,0
0xe0a19577cef11e3b51d20c42ec3122e61ce55f65,ethereum,validation,1707078851,15014,8,1704051407,0
0x4f4f0ef7978737ce928bff395529161b44e27ad9,ethereum,validation,1707079643,15014,8,1706212079,0
0x888888877a18532b78d259577d00057054c50dd8,ethereum,validation,1707081599,15016,8,1703370443,0
0xb0d8e79f484ec6df92bfc032735d7f9b19e361ef,ethereum,validation,1707081755,15016,8,1700979590,0
0x8ad66f7e0e3e3dc331d3dbf2c662d7ae293c1fe0,ethereum,validation,1707082655,15016,8,1705980527,0
0x5a8f92addfe1cd48b51e1fa926144c0918dbab67,ethereum,validation,1707084815,15016,8,1706603349,0
0x08c1f95ff6a41a1c2f31ab464f6f367638d30a70,ethereum,validation,1707088595,15018,8,1704985487,0
0x64d6deadf2e767889d935f8d4b1df8bbe1754794,ethereum,validation,1707088595,15018,8,1703029751,0
0x6a54f9b0af78eaad9eaf2d9bb903361410c6f3c8,ethereum,validation,1707088595,15018,8,1705707047,0
0x7f56f0539b3041624141bc1159e43e2b16d1a7cc,ethereum,validation,1707088595,15018,8,1705339955,0
0xd5147bc8e386d91cc5dbe72099dac6c9b99276f5,ethereum,validation,1707094247,15020,8,1704769787,0
0x1c5db575e2ff833e46a2e9864c22f4b22e0b37c2,ethereum,validation,1707094391,15020,8,1705766219,0
0xfb19c03a02a519a44542343803f3d42578cbc243,ethereum,validation,1707094775,15020,8,1705264631,0
0x72d32ac1c5e66bfc5b08806271f8eef915545164,ethereum,validation,1707096227,15020,8,1705966967,0
0x8282df223ac402d04b2097d16f758af4f70e7db0,ethereum,validation,1707096707,15020,8,1706596386,0
0x2f0137a8ce54929980e80a7981bb68f624e0dba4,ethereum,validation,1707097139,15020,8,1703833967,0
0x19f4a2f8e21915376f1429c26a3a9b9b1db5ff5a,ethereum,validation,1707097595,15020,8,1706946420,0
0xd2af830e8cbdfed6cc11bab697bb25496ed6fa62,ethereum,validation,1707099227,15020,8,1704077219,0
0x19b58d95929586ad750893caad43e77aa6e8ce9e,ethereum,validation,1707099503,15020,8,1702863532,0
0xe635b156d3f2354a1fda06d3fc431f641931a5e4,ethereum,validation,1707099947,15020,8,1704013163,0
0x9ac4ee539403e3f101b9ae3620926f2ded0d0b99,ethereum,validation,1707099959,15020,8,1693803776,0
0xad6a626ae2b43dcb1b39430ce496d2fa0365ba9c,ethereum,validation,1707100115,15020,8,1706443099,0
0xebcf2fbe20e7bbbd5232eb186b85c143d362074e,ethereum,validation,1707101015,15021,8,1705706231,0
0x82089a9c7c4a07352f7433fbce1d4ee9a722ff29,ethereum,validation,1707108359,15021,8,1706864577,0
0x2897f1aab78c2f966cfda16539afe16232909daf,ethereum,validation,1707110027,15021,8,1698413819,0
0xdc34e1b8004da361e4b6f4a90bd9c2f9dcc5e6ae,ethereum,validation,1707110315,15021,8,1702152431,0
0x37d19d1c4e1fa9dc47bd1ea12f742a0887eda74a,ethereum,validation,1707118475,15022,8,1705800503,0
0x60a995cebcd44ca566ae22a9666ed28c67b598a1,ethereum,validation,1707121619,15023,8,1705390572,0
0x8cb73eb53fa81f808f704bea15a677b6464a1f90,ethereum,validation,1707122879,15023,8,1704303360,0
0x41bc0913ed789428e107c4ea9ed007815c5a8230,ethereum,validation,1707124703,15023,8,1705246460,0
0xd7a5456a6fd8ce64a8ecf5ea8d1976eb03fd47b6,ethereum,validation,1707124883,15024,8,1704739619,0
0x38e3b07d607def629b4f3f46a0082006fdd6cda2,ethereum,validation,1707126227,15024,8,1705530397,0
0xbda06080ea4961fc423396a704009873fe612b3f,ethereum,validation,1707126611,15024,8,1706155931,0
0x04a6b6de116fb8bf57e5ee8b05e0293ea3639fe8,ethereum,validation,1707127055,15024,8,1703152425,0
0x677885afde857b70f40741ff8b60f9afba95dd49,ethereum,validation,1707127919,15024,8,1707119650,0
0x348536dc51c3dded527810350545e59342ac00b2,ethereum,validation,1707129263,15025,8,1700626974,0
0xe7428ec4e1523822f95bd4a46d40a9a2e2cc8b90,ethereum,validation,1707130439,15025,8,1697969099,0
0xbfedbcbe27171c418cdabc2477042554b1904857,ethereum,validation,1707133067,15026,8,1705876715,0
0xb5de7250128775a317b3f775a7afcec73571b732,ethereum,validation,1707133451,15026,8,1704362027,0
0xaac62c7816bd274dd1587540bdb5bef84e096152,ethereum,validation,1707133631,15026,8,1705348518,0
0xe9ab7a6141dc50d5be59ceac06f5ac38a0f2fead,ethereum,validation,1707137543,15026,8,1706537434,0
0xdfe66b14d37c77f4e9b180ceb433d1b164f0281d,ethereum,validation,1707138179,15026,8,1707042076,0
0x95b4e47025372ded4b73f9b5f0671b94a81445bc,ethereum,validation,1707138395,15026,8,1705451351,0
0x0ab346a16cea1b1363b20430c414eab7bc179324,ethereum,validation,1707140507,15026,8,1705926803,0
0x82f42bbd3f5f319215a4a14721a82bd5950279bf,ethereum,validation,1707141143,15026,8,1699341467,0
0x18c16110a2e57b44a19e545eef6919ab2fd13be2,ethereum,validation,1707143195,15027,8,1706234531,0
0x5a7e6c8204a1359db9aacab7ba5fc309b7981efd,ethereum,validation,1707143927,15027,8,1706458204,0
0x919d3a363776b1ceec9352610c82dfaf80edc32d,ethereum,validation,1707145619,15028,8,1704386771,0
0xeed736b2b809550d89a941c2005de93588c628e2,ethereum,validation,1707147167,15028,8,1701963707,0
0x952e116156d4b0ae398c1f85dd7683957be08526,ethereum,validation,1707148775,15028,8,1702654349,0
0x0000000000071821e8033345a7be174647be0706,ethereum,validation,1707151619,15029,8,1705074947,0
0x7f1f2d3dfa99678675ece1c243d3f7bc3746db5d,ethereum,validation,1707152651,15030,8,1704665363,0
0xc166f976ce9926a3205b145af104eb0e4b38b5c0,ethereum,validation,1707153107,15030,8,1707055026,0
0xd461d2ae3ae50c2038f8bd7e7380d281f4616ff0,ethereum,validation,1707153791,15030,8,1696625340,0
0x7c4014aad6e16f5cba952a493525f735676ab2d6,ethereum,validation,1707154871,15030,8,1706248943,0
0xb685145d7f127b9093d7f9278bae902ef59ff486,ethereum,validation,1707162323,15030,8,1705611347,0
0x528b3e98c63ce21c6f680b713918e0f89dfae555,ethereum,validation,1707166079,15030,8,1706157935,0
0xac2e58a06e6265f1cf5084ee58da68e5d75b49ca,ethereum,validation,1707167159,15031,8,1705084774,0
0xfb444c1f2b718ddfc385cb8fd9f2d1d776b24668,ethereum,validation,1707170207,15031,8,1703625647,0
0xb3419f1ef282253296e92df6f85e113360a391f2,ethereum,validation,1707171671,15031,8,1705979750,0
0xb97faf860045483e0c7f08c56acb31333084a988,ethereum,validation,1707175067,15032,8,1705655858,0
0x19997289163ce4659d447617a0877da36770ab4d,ethereum,validation,1707175403,15032,8,1699122383,0
0x884ddbb5dc6c2cef77d3e74c6ccca315797d655b,ethereum,validation,1707180011,15035,8,1701889223,0
0x321d570790fd2f109fe4e55aa419adf2fce0c842,ethereum,validation,1707182987,15036,8,1702157267,0
0x8af078d5a3e4a18ff62e3aeed4b1c448ab90b304,ethereum,validation,1707186359,15037,8,1706302931,0
0xb79b4f039dec890b6a81d1fd97419276b7352cde,ethereum,validation,1707187547,15037,8,1701862019,0
0xa9a8377287ea9c6b8b4249dd502e75d34148fc5b,ethereum,validation,1707192971,15040,8,1702145147,0
0x96ef7f9cf1b6ecc66e482a6598fc9f009e9277da,ethereum,validation,1707201971,15043,8,1704123013,0
0x21d220bcdf63026f8e6051b6d0102d708d3014ed,ethereum,validation,1707212555,15046,8,1697961971,0
0x2341dd0a96a0dab62aa1efb93d59ff7f3bdb8932,ethereum,validation,1707216107,15047,8,1705052915,0
0x6311fcfef61e75e11c6e78949d7849f3b07e3a15,ethereum,validation,1707218423,15050,8,1705765907,0
0x36a28c7c9b3dea22f07f4df67833cbe764feeeb4,ethereum,validation,1707224519,15052,8,1706027591,0
0xd8abda86142add347cb144534c7cc2d239ae11a7,ethereum,validation,1707228851,15052,8,1701560711,0
0xa89a36231f1fa1e313d62353a835d9303a63fc75,ethereum,validation,1707231011,15052,8,1705706231,0
0x79a06acb8bdd138beeecce0f1605971f3ac7c09b,ethereum,validation,1707241787,15058,8,1706603349,0
0xfc2847c3041418a5acde5818830e300699d32825,ethereum,validation,1707245867,15063,8,1690866875,0
0x2fb8cba29c7a20064ef078e0f978d05fc7ea9c5b,ethereum,validation,1707246407,15063,8,1689129803,0
0xcf75f2bb76e6064760a5e1fb24fa01efaf349044,ethereum,validation,1707246707,15063,8,1705365371,0
0xe3a22fe27b2ff4cc59a2bac5b1cd91d371840fb9,ethereum,validation,1707246707,15063,8,1705365371,0
0xed7fa212e100dfb3b13b834233e4b680332a3420,ethereum,validation,1707246755,15063,8,1705800827,0
0xf51c60cfc8c7ebf7ef4e5a59d4d885e7fef29aa8,ethereum,validation,1707247247,15063,8,1705190303,0
0x55986c1dcbf2fa1f3402c5df256272621624821f,ethereum,validation,1707248051,15063,8,1705766732,0
0xb7ba8461664de526a3ae44189727dfc768625902,ethereum,validation,1707251963,15070,8,1706813452,0
0xd714d91a169127e11d8fab3665d72e8b7ef9dbe2,ethereum,validation,1707252839,15074,8,1706695308,0
0x8b5653ae095529155462eda8cf664ed96773f557,ethereum,validation,1707256343,15083,8,1693563170,0
0x7806a1b2b6056cda57d3e889a9513615733e2b66,ethereum,validation,1707258071,15084,8,1705479851,0
0xda4d2152b2230e33c80b0a88b7c28b1c464ee3c2,ethereum,validation,1707261479,15087,8,1703743835,0
0x420cf01fdc7e3c42c3d89ae8799baccbffa9ceaa,ethereum,validation,1707261623,15087,8,1703743835,0
0xcb71c2a73fd7588e1599df90b88de2316585a860,ethereum,validation,1707264095,15093,8,1705026047,0
0x698072ff23377f474d42483203eded5f49f9579c,ethereum,validation,1707273227,15102,8,1706201972,0
0xe574c0c33a7a67d9b09f9f0addbb3dca71a8f3e0,ethereum,validation,1707274247,15103,8,1705647610,0
0x5c761c1a21637362374204000e383204d347064c,ethereum,validation,1707274931,15104,8,1704767831,0
0x88aa4a6c5050b9a1b2aa7e34d0582025ca6ab745,ethereum,validation,1707277403,15110,8,1707267994,0
0xe95e4440493e5b96e79d63e8dc43ab676dd44e4c,ethereum,validation,1707278291,15114,8,1706117003,0
0xf4accd20bfed4dffe06d4c85a7f9924b1d5da819,ethereum,validation,1707278639,15114,8,1704385871,0
0xd68b920c88f8837dd354b76409a06667ba026720,ethereum,validation,1707279755,15118,8,1705969463,0
0x2f6ad7743924b1901a0771746152dde44c5f11de,ethereum,validation,1707286511,15131,8,1704804707,0
0x0fe629d1e84e171f8ff0c1ded2cc2221caa48a3f,ethereum,validation,1707288743,15140,8,1706384057,0
0x865bfd8232778f00cae81315bf75ef1fe6e30cdd,ethereum,validation,1707289715,15143,8,1705916312,0
0x7248251cdbc825b775bb6f97a3c04309cbc4d1f4,ethereum,validation,1707296267,15153,8,1701532535,0
0xbf5c0b0ef9ed7544bec7bdf47618d91e1c72fc97,ethereum,validation,1707297671,15155,8,1706180433,0
0x686c77609afe6a2fac50421888530288b441fbd6,ethereum,validation,1707298427,15156,8,1706046235,0
0x714599f7604144a3fe1737c440a70fc0fd6503ea,ethereum,validation,1707299615,15156,8,1705091908,0
0x1efb2286bf89f01488c6b2a22b2556c0f45e972b,ethereum,validation,1707308639,15166,8,1705957456,0
0x0b342c51d1592c41068d5d4b4da4a68c0a04d5a4,ethereum,validation,1707317447,15178,8,1706314295,0
0x5ce6f2c0e2a1b4540894f286254bf13b1110d240,ethereum,validation,1707323987,15182,8,1692177479,0
0x566957ef80f9fd5526cd2bef8be67035c0b81130,ethereum,validation,1707325775,15182,8,1706310117,0
0xe692c8d72bd4ac7764090d54842a305546dd1de5,ethereum,validation,1707329195,15183,8,1700800895,0
0x41ad4093349c8a60de591a3c37dcd184558eaae3,ethereum,validation,1707329891,15183,8,1694808899,0
0x49d72e3973900a195a155a46441f0c08179fdb64,ethereum,validation,1707334655,15189,8,1705780235,0
0x967fbec769b027e441e1db10fd7b1335f99e81eb,ethereum,validation,1707335003,15189,8,1699760612,0
0x16f812be7fff02caf662b85d5d58a5da6572d4df,ethereum,validation,1707337127,15190,8,1704727159,0
0xc2be4c1a05acd095438be6454a0376683c5928d4,ethereum,validation,1707337895,15190,8,1697223923,0
0x39fa206c1648944f92e8f7b626e1cbdf78d7e9db,ethereum,validation,1707338255,15191,8,1707301476,0
0x3b7f247f21bf3a07088c2d3423f64233d4b069f7,ethereum,validation,1707339263,15192,8,1705419446,0
0x857b77680cdcf7349918c5d6a859bbb6a4c8ed87,ethereum,validation,1707341423,15194,8,1697553179,0
0x773258b03c730f84af10dfcb1bfaa7487558b8ac,ethereum,validation,1707341879,15194,8,1705129569,0
0x46898f15f99b8887d87669ab19d633f579939ad9,ethereum,validation,1707345251,15195,8,1704207356,0
0xa6b59c418fda50152b0633019dcd2d14a9aac99b,ethereum,validation,1707345947,15195,8,1706049923,0
0xc0e47007e084eef3ee58eb33d777b3b4ca98622f,ethereum,validation,1707346655,15195,8,1705585679,0
0x082a4913146fc190ecd42494c8ce4beb7de37999,ethereum,validation,1707347507,15195,8,1704283235,0
0xd8145b98a1dd54cfc38d70f4d654d5a62a12cef2,ethereum,validation,1707347507,15195,8,1706225399,0
0xe67efd5101ffcd968956c5b3873e07b866b38c21,ethereum,validation,1707347507,15195,8,1706138819,0
0x38c4102d11893351ced7ef187fcf43d33eb1abe6,ethereum,validation,1707347819,15196,8,1704004419,0
0x955f96b5cfc820064ce477ecd745f7ba152077c9,ethereum,validation,1707349319,15196,8,1697796611,0
0x8cb048b787d94fc6955a399ab9b10f449ee23577,ethereum,validation,1707350855,15197,8,1704002375,0
0xc74cb1bbc2a1bc6e0c9e35ee176f832ad7cdb3ab,ethereum,validation,1707351143,15197,8,1704829139,0
0xb53b9e28b98c47e87acfd5a85eeb44a0940ecb12,ethereum,validation,1707354263,15197,8,1707287388,0
0x6652fa201b6bbbc0b5b0ad3f5702b2b9849cc830,ethereum,validation,1707357275,15199,8,1707288195,0
0x7e3ff03ca09da1daf166f19f3cf354952c377ca1,ethereum,validation,1707358523,15199,8,1706655221,0
0xd04785c4d8195e4a54d9dec3a9043872875ae9e2,ethereum,validation,1707360119,15199,8,1707298066,0
0x245392ee7ce736ec6a0908b67dc5d0a218230005,ethereum,validation,1707362327,15200,8,1702737635,0
0x92830ef7c8d651ed3a708053c602e807bad7db22,ethereum,validation,1707373163,15201,8,1706370263,0
0x45f2ab0ca2116b2e1a70bf5e13293947b25d0272,ethereum,validation,1707376247,15202,8,1699771031,0
0x8315472bae77f9a2b856a67eb0796480aafcd51c,ethereum,validation,1707378107,15202,8,1703637899,0
0x30d862bbbef3b75f700d6ba7d323b95708eaafaa,ethereum,validation,1707379199,15202,8,1704512987,0
0x538a151dd910c1d1227719bd400d6c4f99ea06d0,ethereum,validation,1707379199,15202,8,1706338197,0
0x793786e2dd4cc492ed366a94b88a3ff9ba5e7546,ethereum,validation,1707379199,15202,8,1706028397,0
0x0a0e3bfd5a8ce610e735d4469bc1b3b130402267,ethereum,validation,1707380795,15202,8,1702518846,0
0x56e0b2c7694e6e10391e870774daa45cf6583486,ethereum,validation,1707382403,15202,8,1705941431,0
0x1b2142a6636ea098bd561cd60aacfaa566bca515,ethereum,validation,1707384767,15203,8,1706204584,0
0x6aec998ba38b8205851ff312284f943b57faf8aa,ethereum,validation,1707384779,15203,8,1705395045,0
0x2f5e2c9002c058c063d21a06b6cabb50950130c8,ethereum,validation,1707395183,15209,8,1706209847,0
0x4f8ab4e7d1fae93be2f4525818db1d193b2b17c8,ethereum,validation,1707395867,15210,8,1706140499,0
0x7ed0291bc5b433b4d493c871ac3b9939dcf03467,ethereum,validation,1707397043,15211,8,1696409351,0
0xc502002aeb1b9309fccb016adf50507987fc6c2b,ethereum,validation,1707397391,15211,8,1704707228,0
0x255d578049b0cc729dcec2f12fa59867eb0ececb,ethereum,validation,1707398123,15211,8,1697969099,0
0xabc1ca868bcc66984e3dd8c359316d72b54c226f,ethereum,validation,1707398495,15212,8,1687118129,0
0x3f67093dffd4f0af4f2918703c92b60acb7ad78b,ethereum,validation,1707401891,15215,8,1706247023,0
0x1be9d03bfc211d83cff3abdb94a75f9db46e1334,ethereum,validation,1707403907,15217,8,1702691435,0
0xa0343ed4f61e131d8b9738d810f0aaafa346d305,ethereum,validation,1707407675,15218,8,1705192968,0
0x65badd34b4cefcee5fe1b6be1c87c597578f0b77,ethereum,validation,1707416447,15225,8,1699471818,0
0xd008613849d90af6e9129d53a98cbbcd030a01ac,ethereum,validation,1707425435,15228,8,1705967027,0
0xdf3a0a958f5a599aa8f3071aa6488c22416efb89,ethereum,validation,1707426863,15228,8,1706084183,0
0xf7f35fe2ede3addee7cf176f4ef20d9436e498dc,ethereum,validation,1707431327,15231,8,1705930800,0
0x762fcf5183ae366c0629d0bcd30b40f331496d0f,ethereum,validation,1707440639,15232,8,1705026333,0
0xd5cc4fa1eae490dd624173fdf717bd5b13078e6f,ethereum,validation,1707443591,15233,8,1684397351,0
0xc3dca8f61b275d1e88f3ea31b3e311c49f56b24b,ethereum,validation,1707449111,15233,8,1707128809,0
0x15f84bfb8ed86faf8455cf6c9d88908ea89f92b6,ethereum,validation,1707449483,15233,8,1703389343,0
0x0bbf5d4aeb8d9fb9b2f56dad9246229921537e03,ethereum,validation,1707452951,15233,8,1703947451,0
0x92be560075e352ca2cc5371e72f30d14dea0d720,ethereum,validation,1707455663,15234,8,1707255974,0
0xdf1d11025f2a22b9dc01c7a100b4f6ddebac82a3,ethereum,validation,1707462815,15235,8,1700760395,0
0x6653c0d21507573cc39ead1e609d74d5e0ca16e2,ethereum,validation,1707463343,15235,8,1707256346,0
0xcbe7142f5c16755d8683ba329efa1abf7b54482d,ethereum,validation,1707466067,15237,8,1704315988,0
0xd4660c9c7c5892733369025b5b9ec31b50fe7722,ethereum,validation,1707467039,15237,8,1706211659,0
0xcf45e6a1f9af293ba4c13949fc1b5a39f6f4a0c9,ethereum,validation,1707469703,15238,8,1706376244,0
0xab0bd01101877597c1360a82f515515feb178b9e,ethereum,validation,1707472115,15238,8,1706309387,0
0xdcb85ce6a8e3cc8316e8b4efa67f1e3360ba389d,ethereum,validation,1707473411,15239,8,1705233551,0
0x76ff70dd2503f83154411fb743217a282575cda5,ethereum,validation,1707475439,15242,8,1706625574,0
0x0b77f8d94b1d84906442a66253a33fe290efdda0,ethereum,validation,1707480179,15246,8,1707469328,0
0x24ae124c4cc33d6791f8e8b63520ed7107ac8b3e,ethereum,validation,1707493799,15253,8,1702227554,0
0xe1237aa7f535b0cc33fd973d66cbf830354d16c7,ethereum,validation,1707496391,15256,8,1706438232,0
0x5fc598d4c0d9a3be65b0f56c916c1d8b63c5c331,ethereum,validation,1707499559,15257,8,1702439133,0
0x3639c7e38d7ef96c0105a46dbfece1aa57c07e90,ethereum,validation,1707501755,15259,8,1702439133,0
0xa4335da338ec4c07c391fc1a9bf75f306adadc08,ethereum,validation,1707503363,15260,8,1704784803,0
0x53378825d95281737914a8a2ac0e5a9304ae5ed7,ethereum,validation,1707504095,15261,8,1704286619,0
0x1bdfe84bd3604d49d6a39a9e357aee6b59d303a7,ethereum,validation,1707504923,15261,8,1702598351,0
0xee393795f15b504ec42cb011033ad532c1732790,ethereum,validation,1707505019,15261,8,1688579939,0
0xffb368f5fbe64563ab2f4fc33f2c738c356a07ce,ethereum,validation,1707505019,15261,8,1696064255,0
0x3259c6e45d86887a3924c70ba40e524ee60b0f32,ethereum,validation,1707505055,15261,8,1705596803,0
0xe013588100f134d2a0e7797bf5b5def0d6c31b43,ethereum,validation,1707505235,15261,8,1693825787,0
0x6b576972de33bebde3a703bff52a091e79f8c87a,ethereum,validation,1707508355,15264,8,1705980527,0
0x206669176205c8315698ac4b592226344ca0d027,ethereum,validation,1707511667,15269,8,1706225291,0
0x0457dea1c6c8f030e65aaf4d8dc109274ad776b6,ethereum,validation,1707512087,15269,8,1706391515,0
0x36583633b08d4a7003b8c52a808933889f67f956,ethereum,validation,1707512087,15269,8,1696064255,0
0xa2ab26ccb7dc8c93a5b31478419f2e43cc14ed91,ethereum,validation,1707512087,15269,8,1706090591,0
0xa9a101902ff2f0c54958a83e174bc8ca7ca318a1,ethereum,validation,1707512087,15269,8,1703432615,0
0x7de7baa83766d413d7fe382e14c72178cc5695a3,ethereum,validation,1707514283,15271,8,1701165503,0
0x3b654a81ed23d93459ca52714fef08393591fd81,ethereum,validation,1707520295,15274,8,1706373239,0
0xa42f266684ac2ad6ecb00df95b1c76efbb6f136c,ethereum,validation,1707523715,15275,8,1707252980,0
0x41dc2f7c461f8233f9cce6cbedc82db47f7b81f8,ethereum,validation,1707529511,15276,8,1705991567,0
0x3b8c052c93549517a30ae010a7dee675238b692c,ethereum,validation,1707532259,15276,8,1703059788,0
0x050058638985181790c553dd22cd8486579d55ae,ethereum,validation,1707534491,15277,8,1691933063,0
0x465a5eb1de4a9cf854a6447c749af866a544bf8e,ethereum,validation,1707538463,15277,8,1696505135,0
0x04ab112333263af07b72322b25f9a776cffd3e08,ethereum,validation,1707539387,15277,8,1684397351,0
0x5358b2dc838fa0d97ddfbcbc88fe3393b2a8d93d,ethereum,validation,1707539519,15277,8,1698920267,0
0xc05edcdeb16dd1acc21f2e43f89854914e31ab58,ethereum,validation,1707539591,15277,8,1698224291,0
0x4f2bbfc73f50f6de9a0813cfc44d21bfa144a97f,ethereum,validation,1707539663,15277,8,1706133551,0
0x586545c620692aae5c3cf7a385d929258765bd2c,ethereum,validation,1707540527,15277,8,1698229751,0
0x632806bf5c8f062932dd121244c9fbe7becb8b48,ethereum,validation,1707542531,15278,8,1706187931,0
0xbae94d28610c8cfd2168f7b97bc7cb0589803c6b,ethereum,validation,1707542675,15278,8,1704292355,0
0x7cb97a776a49e272baccad31396405a94f3fb3f8,ethereum,validation,1707542855,15278,8,1705722455,0
0x05079687d35b93538cbd59fe5596380cae9054a9,ethereum,validation,1707546395,15280,8,1705939501,0
0xe1b583dc66e0a24fd9af2dc665f6f5e48978e106,ethereum,validation,1707547283,15280,8,1704694031,0
0x70a6395650b47d94a77de4cfedf9629f6922e645,ethereum,validation,1707547499,15280,8,1707401765,0
0xe14d13d8b3b85af791b2aadd661cdbd5e6097db1,ethereum,validation,1707552215,15280,8,1706856995,0
0x5d7ba3b98457fc1fade1f23bb00d2fe1574f63b2,ethereum,validation,1707557255,15285,8,1707278850,0
0x0bf6261297198d91d4fa460242c69232146a5703,ethereum,validation,1707559955,15287,8,1704809941,0
0xc4c604878415190f628464c4b4eb77ad481349ef,ethereum,validation,1707560027,15287,8,1675494011,0
0x8356054817a58f7e3683fa41e40c5efda4e2c148,ethereum,validation,1707564743,15289,8,1696505135,0
0xd6afe93af5a7edd8ccb244f6b02b0538af6fb693,ethereum,validation,1707566447,15292,8,1699153355,0
0x696f36fec09f1609125bfbdfd50763bea99aef8f,ethereum,validation,1707566867,15292,8,1707479785,0
0xfde01c3a43570314ecefd77ae45a06d3485753ef,ethereum,validation,1707566975,15292,8,1706133551,0
0x874cb28a655e0ef827d810e211ae4b9cbcbaf614,ethereum,validation,1707575027,15294,8,1707261753,0
0x9332dfc361763d58565139da819c86e773e17249,ethereum,validation,1707576011,15294,8,1705959755,0
0x3e8958be30624713aec0535551be7870c783cdb7,ethereum,validation,1707578783,15294,8,1705790171,0
0xf720e38f678b29b243f7d53b56acbf5de98f2385,ethereum,validation,1707580763,15294,8,1705750127,0
0x1782bb88ae0aa07031bc05bbe2bd4150c9da223a,ethereum,validation,1707582215,15294,8,1707248838,0
0x6706e05f3bafdba97de268483bc3a54bf92a883c,ethereum,validation,1707584399,15296,8,1706136263,0
0x5f7fa1a0ae94b5dd6bb6bd1708b5f3af01b57908,ethereum,validation,1707590807,15300,8,1705996775,0
0x478f65e8a960e45879db0d8eb28acbf752e99295,ethereum,validation,1707591179,15300,8,1694069951,0
0x07af8feeb3e2440f1a9c6b726e5152c90deed18c,ethereum,validation,1707591527,15300,8,1703432615,0
0x8f3d391cdadd43692c495fe279cb61fd5808fc9f,ethereum,validation,1707591563,15300,8,1705060751,0
0xf8bd632aade6b3955034aca0472785f3be39df1a,ethereum,validation,1707591563,15300,8,1705483271,0
0x352a4b34b8e9f43b869f6f80728978cccdced406,ethereum,validation,1707594443,15301,8,1702690880,0
0xd6e7e5888021590329f7d267a92cdf20c8c0ce06,ethereum,validation,1707600311,15306,8,1684397351,0
0x82413f75f0da101e0fe7f6ff6cba3461f7e04f29,ethereum,validation,1707601583,15307,8,1707474261,0
0x41f50ee9fbd94483f097ea3e0eb46e6009276b83,ethereum,validation,1707604283,15308,8,1699290185,0
0x89d3c0249307ae570a316030764d12f53bb191fd,ethereum,validation,1707604391,15308,8,1704006851,0
0xe445e067cb17b62b15f4883b66b69e05ea7b327d,ethereum,validation,1707606659,15308,8,1703795176,0
0x9839675308f4a83e45f4b0c89b8fa264d68b7812,ethereum,validation,1707609575,15309,8,1705816871,0
0x692eb773e0b5b7a79efac5a015c8b36a2577f65c,ethereum,validation,1707613295,15310,8,1707288174,0
0xb620fd6cef412394bc2fa75cf09b6a21186a4036,ethereum,validation,1707617471,15311,8,1705651499,0
0x13ef45ed9dd6c4cd3a95a3383373087e3f6250a5,ethereum,validation,1707617903,15311,8,1698413819,0
0xf333a479468861ca2082baf90f795a5e350e9f6f,ethereum,validation,1707618395,15311,8,1699153355,0
0xda947224f4395690cdcc24aa495468141553af06,ethereum,validation,1707618455,15311,8,1698229751,0
0xfb5179d4342e28c9f785566f73d653dc3e602064,ethereum,validation,1707618539,15311,8,1689179615,0
0x4773dd6079a70912c588cd7e8cb946c52e68c9d9,ethereum,validation,1707618779,15311,8,1706133551,0
0x70cfb2fb1ad6660a57d69f6bc097231d27dab29b,ethereum,validation,1707618827,15311,8,1698229751,0
0x21ca39943e91d704678f5d00b6616650f066fd63,ethereum,validation,1707620999,15313,8,1702931949,0
0x54c9ea2e9c9e8ed865db4a4ce6711c2a0d5063ba,ethereum,validation,1707624731,15313,8,1702355771,0
0xbf3f45645960b3e5ac45f4ef53ca7c5761de45f5,ethereum,validation,1707627539,15313,8,1707187565,0
0x4cd2690d86284e044cb63e60f1eb218a825a7e92,ethereum,validation,1707628175,15314,8,1706795129,0
0x062a848abb7f298d44893f17878d46a4b572e05e,ethereum,validation,1707629555,15314,8,1690685986,0
0xaa2d8c9a8bd0f7945143bfd509be3ff23dd78918,ethereum,validation,1707630491,15314,8,1706155650,0
0x5fbfb1187889a846f15b50f47ecae48c03762f24,ethereum,validation,1707630923,15314,8,1696505135,0
0xd136d26cc8c45d8a9ffb49a3f5b83c729872d1c7,ethereum,validation,1707631175,15314,8,1706157323,0
0xa034f6faefbc12e905f63242c2d2a690f5145c1b,ethereum,validation,1707631319,15314,8,1696505135,0
0x4af328c52921706dcb739f25786210499169afe6,ethereum,validation,1707632627,15314,8,1707319317,0
0x93109af5638be68ed2d0e094f618777ff1051d28,ethereum,validation,1707637583,15316,8,1681940351,0
0xfcb2277193b08dc84bd9610ed13f910e279466ef,ethereum,validation,1707638411,15316,8,1705254479,0
0x01e87d74b11f656a673a3e7c441425816213eb0c,ethereum,validation,1707639179,15316,8,1704423546,0
0xa478a13242b64629bff309125770b69f75bd77cb,ethereum,validation,1707639791,15316,8,1707339001,0
0xdfc6932d0850d2b372bb809f1e32e163e3c4992a,ethereum,validation,1707643343,15316,8,1707237768,0
0x2ec3275f7ace4044e499823f511cd58250be8e3d,ethereum,validation,1707644327,15317,8,1707620420,0
0xdd6c68bb32462e01705011a4e2ad1a60740f217f,ethereum,validation,1707644987,15317,8,1707124845,0
0x19d3364a399d251e894ac732651be8b0e4e85001,ethereum,validation,1707645599,15317,8,1707059231,0
0x1d350417d9787e000cc1b95d70e9536dcd91f373,ethereum,validation,1707647003,15317,8,1707034017,0
0x1614f50e7b44f33bc47e4386492460ea6a9ddcde,ethereum,validation,1707652091,15319,8,1698796175,0
0x420ab548b18911717ed7c4ccbf46371ea758458c,ethereum,validation,1707654347,15319,8,1706084328,0
0x00d1793d7c3aae506257ba985b34c76aaf642557,ethereum,validation,1707654491,15319,8,1705432121,0
0x27d15446176b469ee7fbdec1e5a4b506fd77c0cd,ethereum,validation,1707656207,15319,8,1704176399,0
0xa3968dabf386d99f67c92c4e3c7cfdf2c0ccc396,ethereum,validation,1707657191,15321,8,1706381649,0
0xa9cf5182bf24f3d41803eef08a26beb86bc5ee8d,ethereum,validation,1707657623,15323,8,1706633774,0
0xe1ca0681f512ceae353e3c151f9da33393c4b31f,ethereum,validation,1707660455,15324,8,1703527475,0
0xa0afaa285ce85974c3c881256cb7f225e3a1178a,ethereum,validation,1707660515,15324,8,1706226935,0
0xebebbecd89786bed7e24c5155488ca3438ba888a,ethereum,validation,1707662399,15325,8,1703766923,0
0x2febe88fefffdbdee7eba1784cb1d872c372567b,ethereum,validation,1707662507,15325,8,1697672291,0
0xd208b31addbefb587457dee484a6ce5806ae69e3,ethereum,validation,1707662507,15325,8,1705195991,0
0xfdea40fdaaa1e8060d47fb4b15eeeb5d4b27865c,ethereum,validation,1707662507,15325,8,1701678719,0
0x407777e3ae5123da599da5421264aa67c23527e4,ethereum,validation,1707663575,15325,8,1706133551,0
0x6d891e4a4feb151d6481479a7d57df36b4b298b5,ethereum,validation,1707663587,15325,8,1652132796,0
0xd2e569b95f644c135dfd440ae8ac17e6156bfbcc,ethereum,validation,1707663683,15325,8,1698920267,0
0x916d0b7bc221d97430122f882bc2f2dd4328db8c,ethereum,validation,1707663923,15325,8,1706633774,0
0x879b9d1caf088d42b905d4e8cb56bba2c7615e86,ethereum,validation,1707664175,15325,8,1706633774,0
0x469861bdfd02e7ebce7cdeb281e8eec53069cf5f,ethereum,validation,1707664655,15325,8,1705357451,0
0x67675239fa58c84e75f947c14f566842dccb69ae,ethereum,validation,1707667595,15326,8,1707032731,0
0x4e4bffaa8df6f0dc3e5600bbacf7da55f37134fc,ethereum,validation,1707668075,15326,8,1706806152,0
0xdd225b5004657ae61519854e419c1e5bb16aa3d0,ethereum,validation,1707669731,15326,8,1689215795,0
0x54cb643ab007f47882e8120a8c57b639005c2688,ethereum,validation,1707671687,15327,8,1706110127,0
0x311c6769461e1d2173481f8d789af00b39df6d75,ethereum,validation,1707672311,15327,8,1705022577,0
0xc83a5fab499d96025978d5683b21045309877e40,ethereum,validation,1707674123,15328,8,1707302934,0
0x9cb2f26a23b8d89973f08c957c4d7cdf75cd341c,ethereum,validation,1707674831,15328,8,1706049227,0
0xb603dfcbb1abe7b053ba3634d7e3192fbdbad56b,ethereum,validation,1707675671,15328,8,1704177863,0
0x5a75a093747b72a0e14056352751edf03518031d,ethereum,validation,1707677699,15328,8,1707275126,0
0x77271813bd9167e75b5df9c230cf58d64f0a58fd,ethereum,validation,1707677795,15328,8,1705987302,0
0x9d561d63375672abd02119b9bc4fb90eb9e307ca,ethereum,validation,1707677807,15328,8,1707339001,0
0x429876c4a6f89fb470e92456b8313879df98b63c,ethereum,validation,1707678107,15328,8,1707620420,0
0xead482da0793b00bbae0e34c8cfae6daf29a44b2,ethereum,validation,1707678371,15328,8,1702823411,0
0x89ee58af4871b474c30001982c3d7439c933c838,ethereum,validation,1707679487,15328,8,1706906719,0
0x6a5468752f8db94134b6508dabac54d3b45efce6,ethereum,validation,1707679511,15328,8,1706136263,0
0xea4a1fc739d8b70d16185950332158edfa85d3e8,ethereum,validation,1707679763,15328,8,1704340451,0
0x8c223a82e07fecb49d602150d7c2b3a4c9630310,ethereum,validation,1707684263,15331,8,1705156811,0
0xceb286c9604c542d3cc08b41aa6c9675b078a832,ethereum,validation,1707688871,15333,8,1706595913,0
0xbf17b9097efaefa3cc83b493958bcde17693a02f,ethereum,validation,1707691055,15334,8,1694375759,0
0x78c292d1445e6b9558bf42e8bc369271ded062ea,ethereum,validation,1707691079,15334,8,1705561775,0
0x197ca4e76a9e75702f3fb45707be060748fb0adf,ethereum,validation,1707691571,15334,8,1705707047,0
0x8f647302addf0a1cc9cc4e2a6e0270b8ad00fc36,ethereum,validation,1707691571,15334,8,1703814239,0
0xaedff2cb2738ceffad8eb237283d223eb8737e52,ethereum,validation,1707691571,15334,8,1699223819,0
0xd993518260e6409a7229b2642dfaefafaf9273ec,ethereum,validation,1707691571,15334,8,1698831467,0
0xf61718057901f84c4eec4339ef8f0d86d2b45600,ethereum,validation,1707695483,15337,8,1702043615,0
0xa891cf72aeda692570928efe1a832342e9783cdc,ethereum,validation,1707701207,15339,8,1703406152,0
0x39d3db3591e31f12aa395e935fc46b152242e137,ethereum,validation,1707707003,15340,8,1702784858,0
0x1635b506a88fbf428465ad65d00e8d6b6e5846c3,ethereum,validation,1707707207,15340,8,1707648828,0
0xa1190a6a8c0ef62d733ffedf0ef784f2a005cabb,ethereum,validation,1707707723,15341,8,1705651499,0
0x71be2bb1a994447420915c4534cbf5d0305480a6,ethereum,validation,1707708311,15341,8,1707697670,0
0x34965f73cfa05bf8d8af37cb4af64fa950605ea8,ethereum,validation,1707708623,15341,8,1707657511,0
0x607229db773fa901215175aeb09a3a5695f813c7,ethereum,validation,1707717851,15344,8,1707262071,0
0xf6650117017ffd48b725b4ec5a00b414097108a7,ethereum,validation,1707718331,15344,8,1705837691,0
0x74554f3d65253ed1986328adc1dfdd330f288d6e,ethereum,validation,1707718583,15344,8,1707695481,0
0xc795fba221f7920f1c6ac0f1598886742d8ea661,ethereum,validation,1707721751,15346,8,1704615647,0
0xb37094c1b5614bd6ece40afb295c26f4377069d3,ethereum,validation,1707725279,15347,8,1704385871,0
0x6876eba317272fe221c67405c5e8eb3b24535547,ethereum,validation,1707727055,15347,8,1705281203,0
0x4e96c8a57bcdf31d9c89b3dc9ada6809050863d1,ethereum,validation,1707730763,15348,8,1704654023,0
0x31f63539bb22e336d3df41cc801d162ed09e819d,ethereum,validation,1707732575,15349,8,1685802731,0
0x1c48f86ae57291f7686349f12601910bd8d470bb,ethereum,validation,1707733103,15349,8,1707685054,0
0x57db3ffca78dbbe0efa0ec745d55f62aa0cbd345,ethereum,validation,1707736991,15350,8,1706757529,0
0xe74ac81b14021d0cfb835f269f48f25918c5cae6,ethereum,validation,1707737975,15350,8,1706155650,0
0xf2e2f38353abe4b01dbeb28f863e92d815ecff47,ethereum,validation,1707738935,15351,8,1706928537,0
0x8cc5aba81a610f4fc01b42c83508ce7a59b8cc10,ethereum,validation,1707740099,15352,8,1704077843,0
0x0b74281626c6ecdb4c1b9025a8a677b8309ded32,ethereum,validation,1707742739,15355,8,1705193243,0
0xdac306d72f48dbad805a11cbf7a512a277c084c9,ethereum,validation,1707742967,15355,8,1705064579,0
0x41045282901e90bda7578d628e479e5421d1cdd5,ethereum,validation,1707744587,15356,8,1700304829,0
0x6ab0fcb082e93a2fb84336197ceff2832d1aefcf,ethereum,validation,1707750539,15358,8,1706955160,0
0xa60b6c2537078b903e3e965d4e36b7280b0b53a9,ethereum,validation,1707755939,15361,8,1707023355,0
0xa5f1dbb0e55bc31f32c6d032bee330288490e722,ethereum,validation,1707757055,15361,8,1705249727,0
0xfdc55df0f5e49d26a180c78626f62b1cda881e96,ethereum,validation,1707758711,15361,8,1705193243,0
0x1a9d9a519462429bdde04ae0a8c54b24bb72b5c0,ethereum,validation,1707759887,15363,8,1707557369,0
0x8f9b4525681f3ea6e43b8e0a57bfff86c0a1dd2e,ethereum,validation,1707760091,15363,8,1704456275,0
0x62fd6235befef848785a307533c0416ed952b000,ethereum,validation,1707761771,15364,8,1707342759,0
0x755eb14d2feff2939eb3026f5cad9d03775b9ff4,ethereum,validation,1707761831,15364,8,1700442851,0
0x876a87e17d76e1487186e00792985918abadca6b,ethereum,validation,1707763283,15366,8,1706253347,0
0x1a2933fba0c6e959c9a2d2c933f3f8ad4aa9f06e,ethereum,validation,1707764675,15368,8,1702425936,0
0x776280f68ad33c4d49e6846507b7dbaf7811c89f,ethereum,validation,1707766019,15369,8,1707742012,0
0x29ced58cd96f523f86f2771d79d64a8f58f55f5e,ethereum,validation,1707768587,15373,8,1707262575,0
0x7c7ab80590708cd1b7cf15fe602301fe52bb1d18,ethereum,validation,1707775379,15375,8,1703361431,0
0x5482cc53cd2f74ef5dbaf8472e598e56aa27a546,ethereum,validation,1707776663,15375,8,1689044279,0
0x4161725d019690a3e0de50f6be67b07a86a9fae1,ethereum,validation,1707777767,15375,8,1707267418,0
0x5644bb2b594fcf6f74384d2ad26c68f02a47981c,ethereum,validation,1707782147,15378,8,1707277674,0
0x0356aa1d30bc212890098889125e493c41ac4139,ethereum,validation,1707784199,15379,8,1705195991,0
0x0f78fd40c11344fecb47edad7767702e6fcd7dc7,ethereum,validation,1707784247,15379,8,1702366727,0
0xc3f6c665fad30fbbf8351ebb4983bc9d64a25fcd,ethereum,validation,1707784247,15379,8,1705707047,0
0x87e6d7b507b0db6414ba3e2f964619d9d99cb1a7,ethereum,validation,1707794171,15382,8,1701574391,0
0x64ecfb25e77cbaf8295dd10e638c6c71a0c2b9f6,ethereum,validation,1707797363,15382,8,1705020599,0
0x0557e0d15aec0b9026dd17aa874fdf7d182a2ceb,ethereum,validation,1707798047,15382,8,1707290814,0
0xa6c040045d962e4b8efa00954c7d23ccd0a2b8ad,ethereum,validation,1707801947,15383,8,1704809941,0
0xa35fc5019c4dc509394bd4d74591a0bf8852c195,ethereum,validation,1707802139,15383,8,1704959711,0
0x6ef460eb3563cfcc73f8147b0a77daffee71f867,ethereum,validation,1707803387,15383,8,1707301476,0
0x704de5696df237c5b9ba0de9ba7e0c63da8ea0df,ethereum,validation,1707804107,15383,8,1707400114,0
0x29a5c1db7321c5c9eae57f9366ee8eef00ca11fb,ethereum,validation,1707804491,15383,8,1707330051,0
0xbdbf245c690d54b67c6e610a28486a2c6de08be6,ethereum,validation,1707806639,15383,8,1705629539,0
0x1c95b093d6c236d3ef7c796fe33f9cc6b8606714,ethereum,validation,1707808787,15384,8,1705957456,0
0x0309c98b1bffa350bcb3f9fb9780970ca32a5060,ethereum,validation,1707809171,15384,8,1707656765,0
0x871baed4088b863fd6407159f3672d70cd34837d,ethereum,validation,1707812795,15385,8,1704297035,0
0x4f905f75f5576228ed2d0ea508fb0c32a0696090,ethereum,validation,1707813011,15385,8,1707265375,0
0xe5ca70281149be03da30778fb5ec6183d339f7a5,ethereum,validation,1707814655,15385,8,1706248061,0
0xc7f2723b64d88f4d14f0beb2e9ffce78795bbcc6,ethereum,validation,1707815603,15385,8,1706186134,0
0x25256102984f51a1bf79e7c078e3906d27601b4b,ethereum,validation,1707818939,15386,8,1703575943,0
0x18480fd31626f0c48f308ad60bf8aaf058e0d5fd,ethereum,validation,1707819611,15386,8,1706225291,0
0x528e982347f1c89652aae3e011c0567ea4637852,ethereum,validation,1707820187,15387,8,1705789991,0
0x4f4eaaccd61a68d1916af8e905a65f08bad87b47,ethereum,validation,1707820355,15387,8,1705060775,0
0xdaf58481ee66ae055a9737920230e1cdeda83486,ethereum,validation,1707820355,15387,8,1702366727,0
0x0a84b342c511ed72614416e2f2b483ed4a9c439d,ethereum,validation,1707820631,15388,8,1707565958,0
0x9f2825333aa7bc2c98c061924871b6c016e385f3,ethereum,validation,1707822371,15389,8,1706247023,0
0x11003e410ca3fcd220765b3d2f343433a0b2bffd,ethereum,validation,1707822407,15389,8,1707767805,0
0x95dfdc8161832e4ff7816ac4b6367ce201538253,ethereum,validation,1707822959,15389,8,1704823439,0
0x1cc481ce2bd2ec7bf67d1be64d4878b16078f309,ethereum,validation,1707823067,15389,8,1703678890,0
0x8636aa54ebdd097ac73e6eeb61040d840a9467b5,ethereum,validation,1707824051,15390,8,1706212079,0
0xc8ff6772f605a139c40b32d5d87d54994c705c6b,ethereum,validation,1707827327,15391,8,1698778079,0
0x147e3d644d53adadd18a28201b91e2b98aeb7f94,ethereum,validation,1707828239,15391,8,1706925822,0
0x25212df29073fffa7a67399acefc2dd75a831a1a,ethereum,validation,1707829283,15392,8,1705876715,0
0x315dc1b524de57ae8e809a2e97699dbc895b8a21,ethereum,validation,1707830879,15394,8,1704201092,0
0x612980a9770fbcb1d154728e777a231efb22963e,ethereum,validation,1707831359,15394,8,1707243726,0
0x2b89d32cfb9b28dfcc7facc22453c812f9097655,ethereum,validation,1707832463,15396,8,1707787367,0
0x4fe327c5a809fa721d47b80c5038a0b393e61305,ethereum,validation,1707833711,15396,8,1704879755,0
0x0b37377071af24921114dccf5eb8ea6e746d0410,ethereum,validation,1707842423,15398,8,1706736533,0
0x7031ab87dcc46818806ec07af46fa8c2ad2a2bfc,ethereum,validation,1707847175,15401,8,1705988543,0
0xb9440022a095343b440d590fcd2d7a3794bd76c8,ethereum,validation,1707848543,15402,8,1698929043,0
0xa518c9f3724cced4715e6813858dc2ce9b21ed78,ethereum,validation,1707848615,15402,8,1707016359,0
0x31d939dc09a6bb55642fcbf9d56166ebc0bdec9a,ethereum,validation,1707849995,15403,8,1707243297,0
0x6bffa07a1b0cebc474ce6833eaf2be6326252449,ethereum,validation,1707851423,15404,8,1705005947,0
0x5526f0cab9f260023e94cf01e353e70d2f45ed81,ethereum,validation,1707852611,15404,8,1705174967,0
0xd9a4cb9dc9296e111c66dfacab8be034ee2e1c2c,ethereum,validation,1707854087,15405,8,1705979750,0
0x99510fec1a72f58d3ba8db1f27f8539fc59744b8,ethereum,validation,1707855455,15406,8,1704315988,0
0x4d75d9e37667a2d4677ec3d74bdd9049326ad8d6,ethereum,validation,1707856271,15406,8,1707275126,0
0xdba8e8021fe321af91fc3a08e223ef15908cb2bb,ethereum,validation,1707856271,15406,8,1706043409,0
0x64c1c9a38038ae73c3699b8dc347fefda2221e93,ethereum,validation,1707857387,15407,8,1707245493,0
0xf5d4619bf91cabd8d850ce0673fd7908e9c37b2c,ethereum,validation,1707858347,15407,8,1703406152,0
0x6d1515f31d6d04dde61c38ce4d428c810e3a78c4,ethereum,validation,1707859703,15409,8,1702034243,0
0x0f74e0aaf7e607b7186644d25587868207df1f83,ethereum,validation,1707861851,15411,8,1705060775,0
0x867b2a0ccb3297a6e73c26655d52c4b0548a59c7,ethereum,validation,1707862067,15412,8,1703224595,0
0x915e3794ce8106496302b2e55fd07183e238e67e,ethereum,validation,1707862067,15412,8,1698831467,0
0x95a1796437bad6502d1c1cce165cd76e522409a9,ethereum,validation,1707862295,15412,8,1706155908,0
0x2f9f363685ffecc8d7bed0486d8c2b21232bdc5a,ethereum,validation,1707863339,15413,8,1702180591,0
0x8bcd06492416a749c9369009b3429861b7f27f6e,ethereum,validation,1707863687,15413,8,1702247171,0
0xf029fd6b5ed35c825dd02b7a02952c30002840e4,ethereum,validation,1707864695,15414,8,1703501586,0
0x2e071d2966aa7d8decb1005885ba1977d6038a65,ethereum,validation,1707867791,15415,8,1707738046,0
0xde364a895d4ec08c05a34f6883a8e41c15619ed8,ethereum,validation,1707871811,15415,8,1706247023,0
0x7ad8bc51c917076e5652954943cf0a9991e5a9f9,ethereum,validation,1707872027,15415,8,1704920015,0
0xc851a9b5808c46ee93a360f1b33f7409eee5df9f,ethereum,validation,1707874763,15415,8,1707189137,0
0x4cd51599560ee983a8000e37d2368386009e6aea,ethereum,validation,1707875171,15415,8,1689179615,0
0x94bc120076a0c9928d1156026690034433bf3bae,ethereum,validation,1707876515,15417,8,1706133551,0
0xd396272fc46ac8752daec5461b5e71a81965aa44,ethereum,validation,1707876731,15417,8,1706133551,0
0xea5edef1287afdf9eb8a46f9773abfc10820c61c,ethereum,validation,1707876815,15417,8,1706995591,0
0x2d24a49ba824c2548e10242cb6dad3c06076cf29,ethereum,validation,1707876863,15417,8,1688172515,0
0x2f228d7b0e0392564ec5b1c642db3d5effee06ec,ethereum,validation,1707877235,15417,8,1698229751,0
0xc9bc48c72154ef3e5425641a3c747242112a46af,ethereum,validation,1707878531,15417,8,1706723103,0
0x9cf77be84214beb066f26a4ea1c38ddcc2afbcf7,ethereum,validation,1707878783,15417,8,1706292502,0
0xff9d8300769cb8c187b5808d69762866e5775721,ethereum,validation,1707878855,15417,8,1706133551,0
0x70c573c15e95eebd71bae6a4b0a786b7ba3f5608,ethereum,validation,1707879107,15417,8,1707288174,0
0x524f61def05e5fa39482628c803ba869899c07c6,ethereum,validation,1707881891,15418,8,1698313967,0
0x34f7da1243a4aaa69de3639a2f124fa56f4dd5cd,ethereum,validation,1707883595,15418,8,1703058323,0
0x652594082f97392a1703d80985ab575085f34a4e,ethereum,validation,1707883955,15418,8,1707278097,0
0x71ba91dc68c6a206db0a6a92b4b1de3f9271432d,ethereum,validation,1707884027,15418,8,1707322167,0
0x3a1c1d1c06be03cddc4d3332f7c20e1b37c97ce9,ethereum,validation,1707886403,15418,8,1701433967,0
0xd18d5b3aadc71fbda8c201dd1a7af2afc53d0f68,ethereum,validation,1707887027,15418,8,1692791843,0
0xf9aea09993e1a43b5f7dcdbd67cda89690a51491,ethereum,validation,1707888083,15418,8,1706082059,0
0x3f2e9a93428a22d2f4cacc3f184f1aad85054e1c,ethereum,validation,1707888239,15418,8,1706800065,0
0xa24c0e9195481821f9b5292e8c6a4209cc8cc3c9,ethereum,validation,1707888251,15418,8,1705240031,0
0x3bdbd2b661560bcdf59bdc74576f65e2f714b836,ethereum,validation,1707888263,15418,8,1706025357,0
0x8fb35c58e48660a29c80452d3c7bf98fe81de921,ethereum,validation,1707888311,15418,8,1706095943,0
0x180087a6a87fd6b09a78c9b9b87b71335906c61d,ethereum,validation,1707888395,15418,8,1700389285,0
0x72b2095361926e72692dfd5986c5b0d2bc18bf1e,ethereum,validation,1707888635,15418,8,1706373239,0
0xa5ca62d95d24a4a350983d5b8ac4eb8638887396,ethereum,validation,1707889415,15418,8,1706068091,0
0xcd91538b91b4ba7797d39a2f66e63810b50a33d0,ethereum,validation,1707890363,15418,8,1705561775,0
0xd3ac016b1b8c80eeadde4d186a9138c9324e4189,ethereum,validation,1707891095,15418,8,1707761520,0
0xb83cd8d39462b761bb0092437d38b37812dd80a2,ethereum,validation,1707893015,15418,8,1707275126,0
0x02130d419dc3c0e73fb9d028741ccabbd2d31062,ethereum,validation,1707898487,15419,8,1707700002,0
0x15db0735b23fc0a3dec20cb56bb1433faf9e38cb,ethereum,validation,1707899267,15419,8,1701029615,0
0x87bd4d387a2e50953140d019667c05ababd3c692,ethereum,validation,1707902123,15420,8,1707513993,0
0x2b5016cea1c425f915e13727f7657025de3208fe,ethereum,validation,1707903731,15420,8,1705833611,0
0x1e5193ccc53f25638aa22a940af899b692e10b09,ethereum,validation,1707906371,15421,8,1705982123,0
0x3e780920601d61cedb860fe9c4a90c9ea6a35e78,ethereum,validation,1707907223,15422,8,1706253347,0
0x15e4132dcd932e8990e794d1300011a472819cbd,ethereum,validation,1707907655,15423,8,1705012955,0
0xcffcfdada28ab44d5440301470dcd410e75c4765,ethereum,validation,1707908027,15424,8,1705800815,0
0x87abea8f542a666b6531b983b4a494359bbe9597,ethereum,validation,1707909239,15425,8,1707277674,0
0x7449c93abe66457e83b3799bcf1a99e92d58a93b,ethereum,validation,1707909659,15427,8,1707273292,0
0xf1d1a5306daae314af6c5d027a492b313e07e1a0,ethereum,validation,1707911051,15428,8,1705935823,0
0x78f225869c08d478c34e5f645d07a87d3fe8eb78,ethereum,validation,1707912647,15429,8,1707254723,0
0x7e428c79ce0cc67a89f94171d5e619d34544eeea,ethereum,validation,1707912647,15429,8,1705003463,0
0x33c23d44679433a88b89ca38d3311a9a3d160699,ethereum,validation,1707915419,15431,8,1706325731,0
0x33cf519030235f75a13f29afcff5d6ff4fd10350,ethereum,validation,1707916151,15432,8,1707274800,0
0x27eb7aa2cce204012f7d9cd4d49baa746ec5ab63,ethereum,validation,1707917519,15432,8,1704773448,0
0x8770b7dd89e5f759ee3b226e0c45e890f87ddc48,ethereum,validation,1707920483,15435,8,1701433967,0
0xac3da587eac229c9896d919abc235ca4fd7f72c1,ethereum,validation,1707920555,15435,8,1702018007,0
0x7147f24d205202d79095767551fbbd8c8ea5c7e4,ethereum,validation,1707921515,15436,8,1705372115,0
0x37d299ef5548bf19503cb72c085799e331f9097d,ethereum,validation,1707926147,15439,8,1701858191,0
0x5fbdb42bb048c685c990a37f2c87fe087c586655,ethereum,validation,1707926555,15439,8,1706557232,0
0x07a0ad7a9dfc3854466f8f29a173bf04bba5686e,ethereum,validation,1707928919,15441,8,1704829307,0
0x459086f2376525bdceba5bdda135e4e9d3fef5bf,ethereum,validation,1707929207,15441,8,1706370263,0
0xefcca6c3bae49bd23b3534b9744afb6e468d72f1,ethereum,validation,1707930371,15443,8,1696700879,0
0x72de803b67b6ab05b61efab2efdcd414d16ebf6d,ethereum,validation,1707931187,15443,8,1706712463,0
0x2c3cc3587ff2d173deb39b09e1e5c1cbf19c8a31,ethereum,validation,1707931463,15443,8,1705914839,0
0x9d0b65a76274645b29e4cc41b8f23081fa09f4a3,ethereum,validation,1707934415,15444,8,1706595284,0
0x3f9bec82c776c47405bcb38070d2395fd18f89d3,ethereum,validation,1707937775,15445,8,1706343539,0
0x91516ff1b059c3316692bcf3149152dc51ad44ef,ethereum,validation,1707938951,15446,8,1703779403,0
0x7db20bce6a036b98db3e3781ac8dca8f5109b8d3,ethereum,validation,1707940619,15447,8,1688677163,0
0x198db0bd12c6f12cd0c1d03d340851a7e72f3e9e,ethereum,validation,1707940751,15447,8,1703265419,0
0xfb244b6ef1ea55021ef1931d86fcbece7579ecd4,ethereum,validation,1707940751,15447,8,1698019307,0
0x5bf2390a68ab7db7d27ae81894c4e22e669af236,ethereum,validation,1707942083,15447,8,1704192530,0
0x96b52b5bf8d902252d0714a1bd2651a785fd2660,ethereum,validation,1707943283,15449,8,1706314295,0
0x62199b909fb8b8cf870f97bef2ce6783493c4908,ethereum,validation,1707944603,15449,8,1706928537,0
0xe33f363351186e185470f35f6deb94aba44347d8,ethereum,validation,1707944651,15449,8,1703827811,0
0xda396b2ea32996f471e4434f2d7b8c3abc352c62,ethereum,validation,1707944663,15449,8,1706319803,0
0x04b5e13000c6e9a3255dc057091f3e3eeee7b0f0,ethereum,validation,1707944807,15449,8,1705844255,0
0xc2ef23543b146c721093a34b60396d7d60960a4d,ethereum,validation,1707944975,15450,8,1703631682,0
0x056354f3ff20743aa4c0da365603871c7000b081,ethereum,validation,1707945779,15450,8,1703228375,0
0x3905b7d2cb777bab44447a993cf906b07a0d3175,ethereum,validation,1707946811,15450,8,1707565478,0
0xda007777d86ac6d989cc9f79a73261b3fc5e0da0,ethereum,validation,1707949511,15451,8,1705939501,0
0x1b148b90442826375e864b71165a18b4d9256097,ethereum,validation,1707949859,15451,8,1706653820,0
0x9024b09c1c6d33221f6aea9571821a2062b88eef,ethereum,validation,1707950483,15451,8,1705722575,0
0x5fa2e9ba5757504b3d6e8f6da03cc40d4ce19499,ethereum,validation,1707953279,15452,8,1706383320,0
0xe18024f4838962d61eb591982390dffc762f2cd7,ethereum,validation,1707954275,15452,8,1706850616,0
0x54b8c98268da0055971652a95f2bfd3a9349a38c,ethereum,validation,1707954299,15452,8,1707059231,0
0x2b036ab70c41620b84633f700e98ffd372bee0ae,ethereum,validation,1707954359,15452,8,1704303360,0
0xef108b203695e9318fd082bf80b51fede7dff7b7,ethereum,validation,1707954971,15452,8,1689179615,0
0x90b426067be0b0ff5de257bc4dd6a4815ea03b5f,ethereum,validation,1707956135,15452,8,1706806152,0
0x592f77f18893c8657cbf7cfc93e3f7cf7b02662d,ethereum,validation,1707956231,15452,8,1706630409,0
0xd03b6ae96cae26b743a6207dcee7cbe60a425c70,ethereum,validation,1707956879,15452,8,1707853821,0
0x0222be1f1b8413b2d7d76ebfc9e0285c1300692f,ethereum,validation,1707964499,15461,8,1706209847,0
0x3f5af342152c27353c03a162855cadfc2fb367d4,ethereum,validation,1707966347,15463,8,1698920267,0
0xb15ee349f0a37fb17bf9d051b8613464fb00b115,ethereum,validation,1707966407,15463,8,1689179615,0
0x1a9b6d2d148d55065ee245209ef667fb8e0d27b8,ethereum,validation,1707966443,15463,8,1697197607,0
0xac02ebc64e71395a2e729d6456739c125c83bc05,ethereum,validation,1707966467,15463,8,1705403945,0
0xa4f779074850d320b5553c9db5fc6a8ab15bd34a,ethereum,validation,1707966527,15463,8,1706696839,0
0x5833dbb0749887174b254ba4a5df747ff523a905,ethereum,validation,1707968027,15463,8,1704784367,0
0xd01ba6a1662437ff2a0c008498f9edb98c49d68c,ethereum,validation,1707968927,15463,8,1705903007,0
0xaa9d866666c2a3748d6b23ff69e63e52f08d9ab4,ethereum,validation,1707971939,15465,8,1706895866,0
0x16be21c08eb27953273608629e4397556c561d26,ethereum,validation,1707973799,15467,8,1707707225,0
0xa31108e5bab5494560db34c95492658af239357c,ethereum,validation,1707974975,15467,8,1706383187,0
0xfa57f00d948bb6a28072f5416fcbf7836c3d62dd,ethereum,validation,1707974975,15467,8,1705866299,0
0x315e16cbb544d0dc2ab9bc164e61fbe7aeaf8f3a,ethereum,validation,1707976379,15468,8,1707411794,0
0xf0814d0e47f2390a8082c4a1bd819fdde50f9bfc,ethereum,validation,1707976787,15468,8,1704336323,0
0x92a42db88ed0f02c71d439e55962ca7cab0168b5,ethereum,validation,1707976847,15468,8,1706339790,0
0x66eff5221ca926636224650fd3b9c497ff828f7d,ethereum,validation,1707976955,15468,8,1707350418,0
0x5555f75e3d5278082200fb451d1b6ba946d8e13b,ethereum,validation,1707977615,15468,8,1706028397,0
0xf6b1c627e95bfc3c1b4c9b825a032ff0fbf3e07d,ethereum,validation,1707977615,15468,8,1707059231,0
0xd9788f3931ede4d5018184e198699dc6d66c1915,ethereum,validation,1707977675,15468,8,1707254723,0
0x8606a8f28e1e2fd50b9074d65c01548b1f040b32,ethereum,validation,1707978863,15470,8,1705722095,0
0xa5e0163f778b05a522df8fe374f15d4ffbe54c2a,ethereum,validation,1707980735,15471,8,1699211717,0
0x07adc37c53cc791c502fff9314660999eedd3c20,ethereum,validation,1707985079,15475,8,1707826457,0
0x6364d4f283601d4beb170dcdf0080b84e056389a,ethereum,validation,1707985739,15478,8,1707402506,0
0x35dd2ebf20746c6e658fac75cd80d4722fae62f6,ethereum,validation,1707986447,15478,8,1705584347,0
0xd56410dbb0e148a7d8476a169f9afe715e315bb9,ethereum,validation,1707987335,15478,8,1705125683,0
0xb41380174d0b06181513a5677b60200b93b5efb4,ethereum,validation,1707987371,15478,8,1705175723,0
0x542156d51d10db5accb99f9db7e7c91b74e80a2c,ethereum,validation,1707992915,15483,8,1707859669,0
0xaaf5520d9536480a82261bee357314478eddb2cd,ethereum,validation,1707994907,15484,8,1707422365,0
0x77252494c25444f8598a0c74ffc90adc535291a9,ethereum,validation,1707995519,15485,8,1707685054,0
0xbf70a33a13fbe8d0106df321da0cf654d2e9ab50,ethereum,validation,1707998495,15487,8,1701897599,0
0xa962fc9d092c1e2de00bf600e261cf058b5685b1,ethereum,validation,1707999971,15491,8,1703105123,0
0xea319e87cf06203dae107dd8e5672175e3ee976c,ethereum,validation,1708001327,15494,8,1704201092,0
0x297d33e17e61c2ddd812389c2105193f8348188a,ethereum,validation,1708002647,15495,8,1707256220,0
0x788b6d2b37aa51d916f2837ae25b05f0e61339d1,ethereum,validation,1708002791,15495,8,1707495781,0
0xaea5e11e22e447fa9837738a0cd2848857748adf,ethereum,validation,1708005791,15498,8,1700800895,0
0xacfe45c352c902ae3a3f9b6bfe6ec994c5d791bf,ethereum,validation,1708008659,15506,8,1707509734,0
0xaf4ce7cd4f8891ecf1799878c3e9a35b8be57e09,ethereum,validation,1708015955,15531,8,1698335263,0
0x47b9f01b16e9c9cb99191dca68c9cc5bf6403957,ethereum,validation,1708016315,15531,8,1706647874,0
0xad86df2e8f989c828b25a7da5eb1ec363283fa3f,ethereum,validation,1708016891,15535,8,1706867264,0
0x760ea31711ac14cb9ba81ac25453c6f378fa5794,ethereum,validation,1708018463,15540,8,1705420577,0
0x56ee175fe37cd461486ce3c3166e0cafccd9843f,ethereum,validation,1708018919,15540,8,1707985174,0
0x507e05fc43e652ce5339c7499c5ce669c166abe3,ethereum,validation,1708020323,15544,8,1697456994,0
0x70291f0ffc5b1da82387a852ef5d5cc7827d6c21,ethereum,validation,1708022135,15547,8,1706723580,0
0x21d5678a62dfe63a47062469ebb2fac2817d8832,ethereum,validation,1708022615,15548,8,1707319317,0
0x4442556a08a841227bef04c67a7ba7acf01b6fc8,ethereum,validation,1708027043,15550,8,1704455465,0
0x02ae7305cef85c855a67a59de4f1e2bb47e8ef2c,ethereum,validation,1708033391,15557,8,1705276343,0
0x1f1f26c966f483997728bed0f9814938b2b5e294,ethereum,validation,1708033691,15557,8,1705530397,0
0xd97db2e8c1dc15d485d61553f07b2280a73080d1,ethereum,validation,1708033775,15557,8,1704724379,0
0x76c5d6c6b97def4efb61d77d9577f8c2e79c8872,ethereum,validation,1708033883,15557,8,1705195991,0
0x9d10291b6b624ef7a9389bb1c8507ac727e2f25b,ethereum,validation,1708033883,15557,8,1700256323,0
0xead188779ed4bad2938c4d161f5e00422526b427,ethereum,validation,1708033883,15557,8,1701781091,0
0x84d821f7fbdd595c4c4a50842913e6b1e07d7a53,ethereum,validation,1708034039,15557,8,1707685054,0
0x75ec8e766d8b30baea99110f5d2829c80e2b1a48,ethereum,validation,1708034375,15557,8,1707564983,0
0xfdedd42a446bf6c5a883727cda6ff557511e3e1e,ethereum,validation,1708035167,15557,8,1706046235,0
0x97a3bd8a445cc187c6a751f392e15c3b2134d695,ethereum,validation,1708037327,15557,8,1706167016,0
0xa8d25ad99d0499e24255d9d4e8a35417f9da1909,ethereum,validation,1708037519,15557,8,1706723580,0
0xde07f45688cb6cfaac398c1485860e186d55996d,ethereum,validation,1708037831,15557,8,1705022591,0
0x27b85f596feb14e4b5faa9671720a556a7608c69,ethereum,validation,1708041275,15558,8,1703827811,0
0xb31c83bf8e933c0ee5f3de1156b21ef56fda4fd2,ethereum,validation,1708042091,15558,8,1707218217,0
0x177ba0cac51bfc7ea24bad39d81dcefd59d74faa,ethereum,validation,1708042427,15558,8,1707124845,0
0x383684915ad4549884125d529df3bb45a3d479eb,ethereum,validation,1708045391,15561,8,1706068559,0
0x46d0dac0926fa16707042cadc23f1eb4141fe86b,ethereum,validation,1708046399,15562,8,1708014347,0
0x11c1a6b3ed6bb362954b29d3183cfa97a0c806aa,ethereum,validation,1708046867,15562,8,1699217232,0
0x89045d0af6a12782ec6f701ee6698beaf17d0ea2,ethereum,validation,1708046867,15562,8,1705240031,0
0x257eef05f232b566cd0af298ec0b45c2c18d16c7,ethereum,validation,1708048199,15564,8,1706222142,0
0x9f826324bb9bdcf7e7eb274bedc417bd45d74f39,ethereum,validation,1708051559,15567,8,1704658896,0
0x41b723c73fe13e8f979d5fa80229ce7f24ebedb8,ethereum,validation,1708051955,15567,8,1698081179,0
0x8a0296598efddbbf8d46af6a01484ab9806138cb,ethereum,validation,1708053695,15567,8,1705905779,0
0x7aaeb604c1a7b5f6f5a6558107b7b667a1ff440c,ethereum,validation,1708054691,15568,8,1705905779,0
0xa017ac5fac5941f95010b12570b812c974469c2c,ethereum,validation,1708055147,15568,8,1707267994,0
0xd4f2249dd6c26446f1413f6d97f14fcaa7792545,ethereum,validation,1708055903,15568,8,1705584347,0
0x69ed89ecd35082e031fe52b75123f801db083306,ethereum,validation,1708056971,15568,8,1708019422,0
0x67d3b1716abd9b7dacbff4c615e6a83b6a17c841,ethereum,validation,1708058423,15570,8,1707479785,0
0x36b68e098d02a97b70fd1b71df1e805ec3d4e4d7,ethereum,validation,1708059347,15571,8,1687893518,0
0x34647af1938e46acd95410ace5a1ac179b8fc214,ethereum,validation,1708059527,15571,8,1664003663,0
0x8ba6dcc667d3ff64c1a2123ce72ff5f0199e5315,ethereum,validation,1708059983,15571,8,1707232391,0
0x9903a4cd589da8e434f264deafc406836418578e,ethereum,validation,1708060019,15571,8,1699107791,0
0x333411c1ca6ca0d46c5d6ce7e9e2b7a6b7317d1b,ethereum,validation,1708060907,15571,8,1697553179,0
0x622236bb180256b6ae1a935dae08dc0356141632,ethereum,validation,1708061363,15571,8,1704278759,0
0xb119ce94d098c18fe380904c24e358bd887f00be,ethereum,validation,1708062515,15572,8,1701447854,0
0xac9518ba93eeb2336a03137d254d8cc2e4d0fa38,ethereum,validation,1708063919,15573,8,1702617911,0
0x73b708e84837ffccde2933e3a1531fe61d5e80ef,ethereum,validation,1708065311,15574,8,1707946962,0
0x4f3e8f405cf5afc05d68142f3783bdfe13811522,ethereum,validation,1708065755,15574,8,1704013163,0
0x00006100f7090010005f1bd7ae6122c3c2cf0090,ethereum,validation,1708068887,15579,8,1707322167,0
0x61a6bbec76513f4e1594ed21120571fd0545e5a6,ethereum,validation,1708070435,15580,8,1693563170,0
0x40d009e42bc5d5d1eb13d5fcd55b53ba6c9675ad,ethereum,validation,1708075763,15587,8,1707315421,0
0xe29f1241e6015a4949cb7e3f07234ba794006181,ethereum,validation,1708076651,15588,8,1707332845,0
0x9e8bfe46f9af27c5ea5c9c72b86d71bb86953a0c,ethereum,validation,1708076759,15588,8,1702424351,0
0x7df18e4efd6e6f73cfb462937dac40fe42533016,ethereum,validation,1708077119,15588,8,1705896451,0
0x9ba4cbcbb920f67f54a8f8f0001d721e0b8944b9,ethereum,validation,1708077935,15589,8,1706872067,0
0x18162474734b1eabd795b25d978558c09f9e1807,ethereum,validation,1708080323,15593,8,1706443099,0
0xa636ee3f2c24748e9fc7fd8b577f7a629e879b45,ethereum,validation,1708081199,15593,8,1691722817,0
0xd32ed17bc769c7a252a64bd915d6db8f70ca5113,ethereum,validation,1708082099,15593,8,1707284889,0
0xf1617882a71467534d14eee865922de1395c9e89,ethereum,validation,1708083011,15594,8,1703096195,0
0xd0d7a9f2021958e51d60d6966b7bbed9d1cb22b5,ethereum,validation,1708083095,15594,8,1707603105,0
0x1997830b5beb723f5089bb8fc38766d419a0444d,ethereum,validation,1708083671,15594,8,1707306212,0
0xb34ab2f65c6e4f764ffe740ab83f982021faed6d,ethereum,validation,1708083911,15594,8,1707586798,0
0x0fe20e0fa9c78278702b05c333cc000034bb69e2,ethereum,validation,1708086863,15596,8,1707490329,0
0x945facb997494cc2570096c74b5f66a3507330a1,ethereum,validation,1708089503,15600,8,1707682348,0
0xea9c5a2717d5ab75afaac340151e73a7e37d99a7,ethereum,validation,1708094651,15608,8,1706019527,0
0x52bd89a96faab6d0e6f1e28f974a9ebd5fed75a0,ethereum,validation,1708094699,15608,8,1668654875,0
0xcf9b27399447f92462dad69491edba304a063591,ethereum,validation,1708094699,15608,8,1682214791,0
0x3f6d1649a1366b0e82173d33e365953f9f1cc84c,ethereum,validation,1708096451,15609,8,1694933975,0
0xc29f5611dcd89bc5d3a19762783d3006bc2ad2ac,ethereum,validation,1708096823,15609,8,1702182736,0
0x7a73839bd0e5cded853cb01aa9773f8989381065,ethereum,validation,1708099151,15612,8,1705941431,0
0x3c79eb9d7a76f4eb7b2a5286aacfbbd4feabe79a,ethereum,validation,1708100327,15612,8,1706906719,0
0x07c44b5ac257c2255aa0933112c3b75a6bff3cb1,ethereum,validation,1708100447,15612,8,1706653820,0
0x9c306a78b1a904e83115c05ac67c1ef07c653651,ethereum,validation,1708100555,15612,8,1706595284,0
0xa52b7ea0365310ca87ab73aef4f2f75c9a999af3,ethereum,validation,1708101383,15613,8,1707023355,0
0x68aa3f232da9bdc2343465545794ef3eea5209bd,ethereum,validation,1708101695,15613,8,1704005039,0
0x3571932d91cf35d7aaf273a9871d274ba23a59a7,ethereum,validation,1708105079,15615,8,1705877927,0
0x668d78571f124415581b38d32fa9a16f1aaa8417,ethereum,validation,1708105091,15615,8,1696731299,0
0xd0b9ed2c21849e830d6f6a9a7ba6c1e952847569,ethereum,validation,1708106747,15617,8,1707508130,0
0x910524678c0b1b23ffb9285a81f99c29c11cbaed,ethereum,validation,1708107203,15617,8,1707256346,0
0x252739487c1fa66eaeae7ced41d6358ab2a6bca9,ethereum,validation,1708108823,15619,8,1702247171,0
0x634239cfa331df0291653139d1a6083b9cf705e3,ethereum,validation,1708109351,15619,8,1706380156,0
0xd48312d9fc27572c7592d8c697a368b2d5bfe873,ethereum,validation,1708112387,15620,8,1703997371,0
0x08c8030995ce862d854d97666ac44c4015a592fe,ethereum,validation,1708114283,15622,8,1707556773,0
0x2516e7b3f76294e03c42aa4c5b5b4dce9c436fb8,ethereum,validation,1708115375,15624,8,1705297463,0
0x5b502e3796385e1e9755d7043b9c945c3accec9c,ethereum,validation,1708115375,15624,8,1704340451,0
0xd8a9dc6a5d980458ed6a7e4e7c803461b5b8225f,ethereum,validation,1708117151,15624,8,1705190303,0
0x6f6deb5db0c4994a8283a01d6cfeeb27fc3bbe9c,ethereum,validation,1708117163,15624,8,1707494842,0
0xa89ac6e529acf391cfbbd377f3ac9d93eae9664e,ethereum,validation,1708118543,15626,8,1708013306,0
0x95e39dbaff979d3b30fcb239743a6e9e65aa7118,ethereum,validation,1708118867,15626,8,1701944027,0
0x53dfea0a8cc2a2a2e425e1c174bc162999723ea0,ethereum,validation,1708119071,15626,8,1706314295,0
0x09fe5f0236f0ea5d930197dce254d77b04128075,ethereum,validation,1708119911,15626,8,1708044389,0
0x0298501f77e8e70bd79858f4f3a423bb57955e0a,ethereum,validation,1708120763,15626,8,1701649103,0
0x3da19bd72575bf6e766656fac87fe3edc9f78215,ethereum,validation,1708120763,15626,8,1706225399,0
0xa31fcd3a269f8d80c2f92a0cf577f0edcf482f9c,ethereum,validation,1708120763,15626,8,1704160739,0
0x31024a4c3e9aeeb256b825790f5cb7ac645e7cd5,ethereum,validation,1708120859,15626,8,1708079562,0
0x1c9ba9144505aaba12f4b126fda9807150b88f80,ethereum,validation,1708124015,15627,8,1705889706,0
0x78b731dc3f0697c4dd09a5632dd90854c8961855,ethereum,validation,1708127651,15631,8,1664449631,0
0x53ef84827e905cd6d88fa6a333efb13f32a251a4,ethereum,validation,1708127903,15631,8,1676452847,0
0x2dd28391d7552363eed30eb172116cf3e13eca23,ethereum,validation,1708137083,15638,8,1705731767,0
0xf5832512cfda8083e5b2dd0aa7c1b9265c03ba1f,ethereum,validation,1708140239,15640,8,1705987302,0
0xcfbc9103362aec4ce3089f155c2da2eea1cb7602,ethereum,validation,1708141775,15642,8,1706209847,0
0xfdd4e938bb067280a52ac4e02aaf1502cc882ba6,ethereum,validation,1708142891,15643,8,1706355261,0
0x44f262622248027f8e2a8fb1090c4cf85072392c,ethereum,validation,1708143071,15643,8,1706242715,0
0x7f479d8463354b37e69a835039f5597f1a39cb64,ethereum,validation,1708143515,15643,8,1705233551,0
0x4167eed55424eb550933e370169215a62896a7a9,ethereum,validation,1708143551,15644,8,1696505135,0
0xf906997808f73b09c1007b98ab539b189282b192,ethereum,validation,1708143803,15644,8,1703485439,0
0x8069080a922834460c3a092fb2c1510224dc066b,ethereum,validation,1708145867,15644,8,1704191435,0
0xbf30461210b37012783957d90dc26b95ce3b6f2d,ethereum,validation,1708146479,15644,8,1708003970,0
0x865bb9a28041259b4badafd37799a288aabbfc8c,ethereum,validation,1708146935,15644,8,1705758748,0
0x365fd436a7e0c4421017f544be9e2434f87ca099,ethereum,validation,1708147595,15646,8,1707853821,0
0x1456688345527be1f37e9e627da0837d6f08c925,ethereum,validation,1708149515,15647,8,1707985174,0
0x979aca85ba37c675e78322ed5d97fa980b9bdf00,ethereum,validation,1708150607,15647,8,1704119977,0
0xb933f9220459bba16cd911a95b2dab41db598e97,ethereum,validation,1708152419,15649,8,1692065903,0
0x4d0f56d728c5232ab07faa0bdcba23670a35451f,ethereum,validation,1708154699,15651,8,1705390599,0
0xaa2409594dc0aef63c0f367e30f6b51149cbe613,ethereum,validation,1708157519,15653,8,1706157323,0
0x39ebf69137d98fb7659ef8d4ea21ec26394389d7,ethereum,validation,1708159487,15654,8,1705929611,0
0x69692d3345010a207b759a7d1af6fc7f38b35c5e,ethereum,validation,1708159979,15654,8,1707946962,0
0x668f7dfb8c8d716839fa5dbea317d8723ebe6110,ethereum,validation,1708160063,15654,8,1675769315,0
0xcf86f09accd244e3c81ec2bc335c53939ee0248e,ethereum,validation,1708161095,15654,8,1704477784,0
0x97fb6fc2ad532033af97043b563131c5204f8a35,ethereum,validation,1708161131,15654,8,1704887195,0
0x486a3c5f34cdc4ef133f248f1c81168d78da52e8,ethereum,validation,1708161323,15654,8,1704477947,0
0xb7dfb51d27fb7634fd03470d94e5cca52b390184,ethereum,validation,1708161863,15654,8,1706814814,0
0xa59e341e8047498700ed244814b01b34547fb21b,ethereum,validation,1708162691,15654,8,1705813835,0
0x16de59092dae5ccf4a1e6439d611fd0653f0bd01,ethereum,validation,1708162799,15654,8,1708071931,0
0x83f798e925bcd4017eb265844fddabb448f1707d,ethereum,validation,1708162799,15654,8,1707414610,0
0x3cf5aab770d2895ad9b4acef518c78b10b27e74d,ethereum,validation,1708162859,15655,8,1696575861,0
0xa4ad030eeb5f5e39d41f85c4e7b33c957983b964,ethereum,validation,1708163159,15655,8,1705139503,0
0xfd1ce765af87ac647059323f29a560e386a65492,ethereum,validation,1708164695,15655,8,1707681367,0
0x56ca40f2e699220624003be9dc4213d82517c447,ethereum,validation,1708165223,15655,8,1696700879,0
0xdde12a12a6f67156e0da672be05c374e1b0a3e57,ethereum,validation,1708165775,15655,8,1706611514,0
0x009178997aff09a67d4caccfeb897fb79d036214,ethereum,validation,1708165979,15655,8,1703543915,0
0x68a118ef45063051eac49c7e647ce5ace48a68a5,ethereum,validation,1708168475,15656,8,1706895866,0
0x68b1cadb8d5ab0c97fe9d9fbe0eb60acb329fe3f,ethereum,validation,1708168643,15656,8,1706028397,0
0x593021a4ec40e0a5211fdf08138027c42d09a237,ethereum,validation,1708169999,15657,8,1705060691,0
0x7a0fffbb4650499916cff2de2cd1806d3af89d90,ethereum,validation,1708170851,15657,8,1693298543,0
0x0a198cb8529b4cf19e9b26b0294f30dcc8cb8493,ethereum,validation,1708171307,15657,8,1705447883,0
0x8747ffefcb8223508855c37164b105da51f0cc9e,ethereum,validation,1708171331,15657,8,1705596803,0
0x8143bcd32a7905dc262f2d2e8206ab25d86463cc,ethereum,validation,1708171367,15657,8,1702598351,0
0xe0e4839e0c7b2773c58764f9ec3b9622d01a0428,ethereum,validation,1708172363,15659,8,1704447011,0
0x9c05d54645306d4c4ead6f75846000e1554c0360,ethereum,validation,1708173335,15659,8,1704385871,0
0x535321013a1e2d5af3b1853812a64ca3fc6c1fa1,ethereum,validation,1708174175,15660,8,1708070045,0
0x7ccfeef4f0ff48b0e0abd19bbbebae90939f180d,ethereum,validation,1708174583,15660,8,1707895672,0
0x6b193e107a773967bd821bcf8218f3548cfa2503,ethereum,validation,1708175447,15660,8,1706247566,0
0x4086692d53262b2be0b13909d804f0491ff6ec3e,ethereum,validation,1708175963,15660,8,1707603105,0
0x8b6c3b7c01d9db4393f9aa734750f36df1543e9a,ethereum,validation,1708176215,15660,8,1707490329,0
0x3a1bc4014c4c493db3dbfbdd8ee1417113b462bf,ethereum,validation,1708178207,15660,8,1707298066,0
0x3d371413dd5489f3a04c07c0c2ce369c20986ceb,ethereum,validation,1708178399,15660,8,1708006073,0
0x3415cf1a6459b62a34656e53e4048233775ac0ac,ethereum,validation,1708179227,15660,8,1705733639,0
0x6913ccabbc337f0ea7b4109dd8200d61c704d332,ethereum,validation,1708179575,15660,8,1705657535,0
0xe2dc070524a6e305ddb64d8513dc444b6a1ec845,ethereum,validation,1708180091,15661,8,1707265375,0
0x37613d64258c0fe09d5e53eecb091da5b8fa8707,ethereum,validation,1708181687,15662,8,1703780697,0
0x1fdab294eda5112b7d066ed8f2e4e562d5bcc664,ethereum,validation,1708182239,15664,8,1707476478,0
0x8abf3a95862619a55fa00cb3e4eedbe113ff468c,ethereum,validation,1708182551,15664,8,1705107371,0
0x87a9347a1a16a5c86242367fcd5bd5c3dc0e2dc6,ethereum,validation,1708184099,15666,8,1678116644,0
0x33ce75351e8b5dc2ae57c3eb95b37a067496cc5b,ethereum,validation,1708184219,15666,8,1707989366,0
0xbf0f3ccb8fa385a287106fba22e6bb722f94d686,ethereum,validation,1708185899,15670,8,1708019119,0
0xaaa06a073ffaab7011883832a1063249c4448ac4,ethereum,validation,1708186439,15670,8,1704283235,0
0x2c2d8a078b33bf7782a16acce2c5ba6653a90d5f,ethereum,validation,1708186631,15670,8,1705508927,0
0x46d886887b6908183032c75dee1b731b26d653c6,ethereum,validation,1708186823,15670,8,1706040191,0
0x3199c7c3c972a8da5f9fad2a838383f827b735f1,ethereum,validation,1708190339,15675,8,1707964496,0
0x332809a8bce4a589da992a4ae495f32fbf4089c6,ethereum,validation,1708191707,15676,8,1707829252,0
0x4f6103bad230295bacf30f914fda7d4273b7f585,ethereum,validation,1708193951,15678,8,1704809941,0
0x1f44cb6cecb1efa1ce3523d1c819647b75dcbfc9,ethereum,validation,1708195751,15679,8,1705905779,0
0x91cdacba4559ade84daa1a51b6fbd94ec3f1202e,ethereum,validation,1708196639,15680,8,1707290502,0
0x0329d23fc7b1b1e6cca57afa3f0090f1189069e8,ethereum,validation,1708198487,15681,8,1705022591,0
0x1e29aeb6c45840354fae1c143ff9b92543c37e8c,ethereum,validation,1708198535,15681,8,1706585299,0
0x63726dae7c57d25e90ec829ce9a5c745ffd984d3,ethereum,validation,1708201403,15684,8,1707853821,0
0x98c5aa4319df4c6a88679a32420121f1b184a068,ethereum,validation,1708201619,15684,8,1706670391,0
0x09e4bdfb273245063ef5e800d891eff7d04f9b83,ethereum,validation,1708202135,15685,8,1705020599,0
0x0642026e7f0b6ccac5925b4e7fa61384250e1701,ethereum,validation,1708203467,15687,8,1708017237,0
0xcf60870dcedcad18d987af20687ca4717cae0533,ethereum,validation,1708204043,15687,8,1706212079,0
0x2d153f2adccbe9364f9e4ed5843308abd0bf93da,ethereum,validation,1708207583,15688,8,1701003290,0
0xca808163a4d0c5d0960d2a604b598db70fd84b80,ethereum,validation,1708208819,15689,8,1707845654,0
0x93d3985be6276509be737bacc85b18d9171a1704,ethereum,validation,1708211099,15691,8,1705703699,0
0xa40aef48b3d7a8de6bb54c567d1cb8c200b37832,ethereum,validation,1708212323,15692,8,1700765747,0
0x939b462ee3311f8926c047d2b576c389092b1649,ethereum,validation,1708213187,15692,8,1707400114,0
0x94d863173ee77439e4292284ff13fad54b3ba182,ethereum,validation,1708216355,15692,8,1707952200,0
0x76c5449f4950f6338a393f53cda8b53b0cd3ca3a,ethereum,validation,1708216415,15692,8,1707243297,0
0x41aa9df60c41b07bf4f4cc1b8b3e6c9e25669a9e,ethereum,validation,1708216475,15692,8,1707818323,0
0x6213f40e00f4595aa038fa710e3f837b492d6757,ethereum,validation,1708217519,15693,8,1708173822,0
0x7fc3ec3574d408f3b59cd88709bacb42575ebf2b,ethereum,validation,1708221575,15695,8,1707742012,0
0x08b4c866ae9d1be56a06e0c302054b4ffe067b43,ethereum,validation,1708222763,15697,8,1706350607,0
0x84f7c44b6fed1080f647e354d552595be2cc602f,ethereum,validation,1708222823,15697,8,1707400114,0
0x4bc2213ee6c99dc38099690603f044980a4f5dba,ethereum,validation,1708222835,15697,8,1707880222,0
0x8d5682941ce456900b12d47ac06a88b47c764ce1,ethereum,validation,1708224611,15701,8,1704882191,0
0x0818ea089c657c53eb776ac3348edcf204011a4c,ethereum,validation,1708224719,15701,8,1708001195,0
0x488db574c77dd27a07f9c97bac673bc8e9fc6bf3,ethereum,validation,1708225031,15701,8,1706815570,0
0x9b01637302b6adfc2c82678e2a8d680cff6337b7,ethereum,validation,1708225031,15701,8,1704523336,0
0xd49374d1d6d2b2d793035a0116f2b0d19230de26,ethereum,validation,1708225547,15702,8,1706303990,0
0x67c5870b4a41d4ebef24d2456547a03f1f3e094b,ethereum,validation,1708226195,15702,8,1706064947,0
0x8aeb7c2d4758eb51080493e2cb290d62510659c7,ethereum,validation,1708226243,15702,8,1702053742,0
0xee5989c78a18f580dc107630e40bafc901a7cc46,ethereum,validation,1708228859,15704,8,1707080270,0
0x6307b25a665efc992ec1c1bc403c38f3ddd7c661,ethereum,validation,1708229183,15704,8,1707560787,0
0xdaab5e695bb0e8ce8384ee56ba38fa8290618e52,ethereum,validation,1708231187,15706,8,1706595284,0
0x1aef73d49dedc4b1778d0706583995958dc862e6,ethereum,validation,1708231787,15708,8,1705787411,0
0x8616e8ea83f048ab9a5ec513c9412dd2993bce3f,ethereum,validation,1708232531,15708,8,1705991759,0
0xc9ce70a381910d0a90b30d408cc9c7705ee882de,ethereum,validation,1708234139,15709,8,1705833611,0
0xfdcdfa378818ac358739621ddfa8582e6ac1adcb,ethereum,validation,1708234367,15709,8,1705674736,0
0x3ddea747d35de663dbdeb2ead0d780eca065e5ce,ethereum,validation,1708235171,15712,8,1705435559,0
0x64cdf819d3e75ac8ec217b3496d7ce167be42e80,ethereum,validation,1708236227,15715,8,1708172149,0
0x4fe5851c9af07df9e5ad8217afae1ea72737ebda,ethereum,validation,1708236323,15715,8,1707256346,0
0x9248c485b0b80f76da451f167a8db30f33c70907,ethereum,validation,1708236407,15715,8,1708071931,0
0x03066da434e5264ef0b32f787923f974a5726fdc,ethereum,validation,1708236611,15715,8,1707553779,0
0x19c6831f0a5eac1db25f99cfee3172877d54d159,ethereum,validation,1708236683,15715,8,1704616101,0
0xd91e9a0fef7c0fa4ebdaf4d0acf55888949a2a9b,ethereum,validation,1708236779,15716,8,1706355261,0
0xd115a3d93a4fddb7b3b6b7b895021d616def2f4b,ethereum,validation,1708240739,15721,8,1707274800,0
0x4ca0654f4fc1025cf1a17b7459c20ac0479522ad,ethereum,validation,1708244903,15723,8,1708017699,0
0x930faf4a27d0824710976cfd5905b05f314d339b,ethereum,validation,1708246967,15723,8,1706354219,0
0x9b0b23b35ad8136e6181f22b346134ce5f426090,ethereum,validation,1708247627,15724,8,1705882010,0
0x1e02cdbba6729b6470de81ad4d2cca4c514521b9,ethereum,validation,1708250015,15726,8,1707995078,0
0xd55236d48606c295adebf129dad04fc74bfaa708,ethereum,validation,1708250015,15726,8,1706386799,0
0xbe1dbe6741fb988fb571ab1e28cffb36e3c62629,ethereum,validation,1708251971,15726,8,1703970587,0
0xf344490abd414dafa97f34c8ca501b0aa5bf8873,ethereum,validation,1708252523,15726,8,1708098601,0
0xa8b12cc90abf65191532a12bb5394a714a46d358,ethereum,validation,1708253411,15726,8,1707042076,0
0x077e06ad69983b12fc4e83b51260b894c7841d1e,ethereum,validation,1708254083,15727,8,1706084328,0
0xb7de92be975ccb27e7352a1d47512acbdb0bac32,ethereum,validation,1708256567,15730,8,1708179668,0
0xeb39304b441f071188b4a11c48b7f658e384bb7b,ethereum,validation,1708257083,15730,8,1703779403,0
0xa14c04dea16798aa8f25b1da583cd5fbbfd6579e,ethereum,validation,1708257551,15730,8,1704583199,0
0xc93ceb9ae99029e22a018ebfcb2db87034f54eb0,ethereum,validation,1708258571,15730,8,1707315652,0
0xd109b2a304587569c84308c55465cd9ff0317bfb,ethereum,validation,1708258607,15730,8,1707290478,0
0xc8754e609cb35c1d04d50734761bec38b7da9278,ethereum,validation,1708259339,15730,8,1708162825,0
0xd26a9c3437f7d121098c8c05c7413f5cc70bb070,ethereum,validation,1708259495,15730,8,1708057381,0
0x3642cf76c5894b4ab51c1080b2c4f5b9ea734106,ethereum,validation,1708260911,15730,8,1706723580,0
0x814fbebc79b30f058334d8a5d05c4561eb7724d6,ethereum,validation,1708260935,15730,8,1705447751,0
0x00e030dc8a414f9b54a9a11cc56bcce20ae4ca98,ethereum,validation,1708261043,15730,8,1702379699,0
0x84193321f5c99085e402077d308ff711f83fd342,ethereum,validation,1708261151,15730,8,1698247643,0
0x26ee9f83c61193ea6b636001b1550cd0edf6ebad,ethereum,validation,1708261991,15730,8,1699765943,0
0xa9fe4601811213c340e850ea305481aff02f5b28,ethereum,validation,1708262639,15733,8,1708071931,0
0x1df6f1bb7454e5e4ba3bca882d3148fbf9b5697a,ethereum,validation,1708262663,15733,8,1707243297,0
0xf6ea0e60cee427b90aa36f327ee61d1d4cabc49f,ethereum,validation,1708262663,15733,8,1705926803,0
0x84e13785b5a27879921d6f685f041421c7f482da,ethereum,validation,1708263083,15733,8,1705876715,0
0xf70a642bd387f94380ffb90451c2c81d4eb82cbc,ethereum,validation,1708264607,15736,8,1707232391,0
0xde621989216a655f0fa604f077203323fa64788f,ethereum,validation,1708265231,15736,8,1707862527,0
0x3b544e6fcf6c8dce9d8b45a4fdf21c9b02f9fda9,ethereum,validation,1708265963,15737,8,1705919825,0
0x9488936e4a36e3585afeb63377e2393aeac253ea,ethereum,validation,1708266827,15738,8,1707857079,0
0x7635b612792e4bfb7f2fa12a3e5d5a3f2e3c34bc,ethereum,validation,1708268351,15738,8,1707930340,0
0x17bb9f3572d0c69e017dcd048ec7304eecc981c8,ethereum,validation,1708270595,15741,8,1705917080,0
0x2da62fb8a0bbf5dc7ff970a59cee6f28c5858502,ethereum,validation,1708273475,15742,8,1697120099,0
0x3cbf23c081faa5419810ce0f6bc1ecb73006d848,ethereum,validation,1708276751,15744,8,1706157323,0
0xcc665390b03c5d324d8faf81c15ecee29a73bcb4,ethereum,validation,1708279859,15746,8,1706292502,0
0xa360f2af3f957906468c0fd7526391aed08ae3db,ethereum,validation,1708281527,15747,8,1705193819,0
0x7d36cce46dd2b0d28dde12a859c2ace4a21e3678,ethereum,validation,1708283927,15750,8,1708018011,0
0xf48e200eaf9906362bb1442fca31e0835773b8b4,ethereum,validation,1708284311,15750,8,1707294425,0
0xfafdf0c4c1cb09d430bf88c75d88bb46dae09967,ethereum,validation,1708284311,15750,8,1707388261,0
0x565907ab528731075e985177172f43d2001b33e6,ethereum,validation,1708284899,15750,8,1703192659,0
0xb34ad97e33a06a44e0ef28337a07bfc1f3224f8c,ethereum,validation,1708285007,15750,8,1705480780,0
0x2ceb553f175b73d7a93554cea305114e454b40dc,ethereum,validation,1708287851,15750,8,1708001195,0
0x540b31356b38ddbd5b713d6bc840239dc964d642,ethereum,validation,1708288979,15752,8,1706590806,0
0x9f49ed43c90a540d1cf12f6170ace8d0b88a14e6,ethereum,validation,1708291223,15753,8,1704113855,0
0x2b4200a8d373d484993c37d63ee14aee0096cd12,ethereum,validation,1708292051,15754,8,1706310117,0
0x3758e00b100876c854636ef8db61988931bb8025,ethereum,validation,1708292315,15754,8,1708265938,0
0x9ceb84f92a0561fa3cc4132ab9c0b76a59787544,ethereum,validation,1708294907,15756,8,1704488363,0
0x703293d32aea894cca91d6c282db9efffe47c308,ethereum,validation,1708295507,15757,8,1707997120,0
0xcfef8857e9c80e3440a823971420f7fa5f62f020,ethereum,validation,1708296707,15759,8,1706025357,0
0x1b16f1832f218ba3e5957b678f0e18bac043dbc2,ethereum,validation,1708297571,15759,8,1697797775,0
0xebe083224418759ef1ddcbabe6de38f742c9135e,ethereum,validation,1708297811,15759,8,1697115035,0
0x094f00cb5e31ab6164e3cacb654e8d6c2b3b471c,ethereum,validation,1708298435,15759,8,1705629855,0
0x593f5d8b02db6fec2a5ed0669f0b41489c967c79,ethereum,validation,1708298459,15759,8,1704933203,0
0x183015a9ba6ff60230fdeadc3f43b3d788b13e21,ethereum,validation,1708298519,15760,8,1705941431,0
0x0cb3b983e5fb1c5d2163bf2c3221cc511ad79db3,ethereum,validation,1708298555,15760,8,1688673587,0
0xbe9cf4f19df407b026d9b3eae2dd1fccfa1f1803,ethereum,validation,1708298555,15760,8,1705060751,0
0xd665dc68550fadda275c7e327ac2c6c5136187d4,ethereum,validation,1708298555,15760,8,1706391371,0
0x0f17bc9a994b87b5225cfb6a2cd4d667adb4f20b,ethereum,validation,1708299047,15761,8,1708234929,0
0xa52bffad02b1fe3f86a543a4e81962d3b3bb01a7,ethereum,validation,1708302011,15763,8,1708089935,0
0x70efdc485a10210b056ef8e0a32993bc6529995e,ethereum,validation,1708302743,15763,8,1705399873,0
0x79b87d52a03ed26a19c1914be4ce37f812e2056c,ethereum,validation,1708302911,15764,8,1703595683,0
0x27a94869341838d5783368a8503fda5fbcd7987c,ethereum,validation,1708305683,15766,8,1706707716,0
0x9a78e6385f0136b797bc17dfcace04988d30fa37,ethereum,validation,1708306727,15766,8,1708098901,0
0xe047705117eb07e712c3d684f5b18e74577e83ac,ethereum,validation,1708309607,15768,8,1706783014,0
0xb130be15007da1f1d829b596adb74ceaab25a754,ethereum,validation,1708310039,15768,8,1687841375,0
0x6febd6be8fa45be6a5eeb61a17c82d33b9addd41,ethereum,validation,1708310171,15768,8,1707252980,0
0x881a7e25d44591c467a37da96adf3c3705e7251b,ethereum,validation,1708310255,15768,8,1707995078,0
0x43af0944b34ad466dcea7fc8f77aafc6a4ec70fa,ethereum,validation,1708317071,15773,8,1704409511,0
0x304243a820d4a3718becc89a3f33513586162cf0,ethereum,validation,1708319963,15777,8,1704365687,0
0x4e7946121b238a4f6971c15aea1f8c198c14b387,ethereum,validation,1708320455,15777,8,1697532719,0
0x460d654060d2953197820cc870bb9c85a901da91,ethereum,validation,1708320611,15777,8,1698099995,0
0xf552b656022c218c26dad43ad88881fc04116f76,ethereum,validation,1708320827,15778,8,1705118757,0
0x0d3d809b6a5be6b112824756101db125bbfeb685,ethereum,validation,1708320911,15778,8,1705139279,0
0x6f1feb5fd50f6d41993f430736c4b8abecd9f81c,ethereum,validation,1708321415,15778,8,1706686626,0
0xeaa78305c19a292e5c141108f0880333a840a2bc,ethereum,validation,1708322219,15779,8,1686863675,0
0x630acfba8e410d9978ceb68500ce5ffb91f2a05f,ethereum,validation,1708322375,15779,8,1705905779,0
0x95e5c1a25732ce86c349081d8a04c15a96afe887,ethereum,validation,1708323287,15779,8,1708014818,0
0xe4cc5a22b39ffb0a56d67f94f9300db20d786a5f,ethereum,validation,1708325351,15780,8,1707853821,0
0x4b8181f94e80ccc61b4127befd0e7b366c045bdc,ethereum,validation,1708327523,15780,8,1704813426,0
0x791fb6a7152e980233cd94d83fd4b4630f888c5c,ethereum,validation,1708330103,15782,8,1704809941,0
0x6256ab9480b84cf70d75773121c0523f87b0d588,ethereum,validation,1708332971,15787,8,1706286947,0
0x0fb2e7c2d2754476aaa84762e44d3ee328aa9ea2,ethereum,validation,1708333091,15787,8,1707195021,0
0xc962ad021a69d457564e985738c719ae3f79b707,ethereum,validation,1708334363,15788,8,1699353815,0
0x722a89f1b925fe41883978219c2176aecc7d6699,ethereum,validation,1708337675,15790,8,1701076991,0
0x96036e9b51f03cabb6fe30daad1544a73f795efc,ethereum,validation,1708340171,15792,8,1703619073,0
0xcc0014ccb39f6e86b1be0f17859a783b6722722f,ethereum,validation,1708340291,15792,8,1708039999,0
0xd0345d30fd918d7682398acbcdf139c808998709,ethereum,validation,1708340471,15792,8,1706260175,0
0x830eb1204380e9c44434db8700257025358707c6,ethereum,validation,1708340807,15793,8,1700295177,0
0xe4bfeba69287c0d6387778fdf3a9ea7e661c4dec,ethereum,validation,1708341155,15793,8,1701665687,0
0xc944273b805debd35c63011943abc5ab9eddb8e3,ethereum,validation,1708343987,15794,8,1704529445,0
0x5319e86f0e41a06e49eb37046b8c11d78bcad68c,ethereum,validation,1708345331,15795,8,1708006958,0
0x88dafebb769311d7fbbeb9a21431fa026d4100d0,ethereum,validation,1708345523,15795,8,1705987302,0
0x16587cf43f044aba0165ffa00acf412631194e4b,ethereum,validation,1708346051,15798,8,1707306212,0
0xcf8829ae9384540c886a151fac3a865794cb9a01,ethereum,validation,1708346987,15799,8,1707690913,0
0x8ffe40a3d0f80c0ce6b203d5cdc1a6a86d9acaea,ethereum,validation,1708347335,15799,8,1708007908,0
0x8e9634fa17c6b2f7b83e6b4c874817836fe3fcbe,ethereum,validation,1708347611,15801,8,1706133551,0
0x0c5b6d0d21a8569263c3c2e0eafce0e07557bc40,ethereum,validation,1708347671,15801,8,1705233551,0
0xf77b59a2fd8ea0ded3ee72a2942c298de8a3e802,ethereum,validation,1708351427,15805,8,1707821048,0
0x67ae81efe16a0858b63dc551c4a1487a3a22571f,ethereum,validation,1708352219,15805,8,1706225399,0
0x7dbf199731a3ccc3445b99c130171646314fcb44,ethereum,validation,1708352495,15805,8,1707914001,0
0xf1b30ef5b2326561e200139e8f537e117b1c54c8,ethereum,validation,1708352507,15805,8,1708127073,0
0x0ea984e789302b7b612147e4e4144e64f21425eb,ethereum,validation,1708354115,15806,8,1706728071,0
0xd75f1f81b69bdd4df8efbb70e9c6f4609009d753,ethereum,validation,1708357907,15809,8,1708014818,0
0x58f46f627c88a3b217abc80563b9a726abb873ba,ethereum,validation,1708358507,15810,8,1707166542,0
0x199e6f5d8e0079e1f02092a191ab2e65b842040b,ethereum,validation,1708359371,15811,8,1708339056,0
0x949a04881677e812b0d8b0b6f19ec2279c4f6b75,ethereum,validation,1708359623,15811,8,1705174967,0
0x20c36f062a31865bed8a5b1e512d9a1a20aa333a,ethereum,validation,1708359683,15811,8,1708006073,0
0x213c53c96a01a89e6dcc5683cf16473203e17513,ethereum,validation,1708363355,15814,8,1708240521,0
0x3218a02f8f8b5c3894ce30eb255f10bcba13e654,ethereum,validation,1708363715,15815,8,1705857659,0
0x5d48f293baed247a2d0189058ba37aa238bd4725,ethereum,validation,1708365575,15819,8,1707829715,0
0xbe6c8f2810ef39420d2dc2901b8414c8c45fee6d,ethereum,validation,1708369391,15820,8,1707350418,0
0x14a40443189338c713d9efb289b3427443114ca9,ethereum,validation,1708373735,15828,8,1708158016,0
0xf6117cc92d7247f605f11d4c942f0feda3399cb5,ethereum,validation,1708377155,15830,8,1706095943,0
0x4d807509aece24c0fa5a102b6a3b059ec6e14392,ethereum,validation,1708381847,15834,8,1707290478,0
0xe63d6b308bce0f6193aec6b7e6eba005f41e36ab,ethereum,validation,1708383695,15836,8,1707307034,0
0xde72a052cbb212eff11a4a33d61df9c5a2de8dd1,ethereum,validation,1708384259,15838,8,1706186134,0
0x825cd4201f8a2bbb1a69668eac4e5fa71283273d,ethereum,validation,1708385471,15840,8,1706131631,0
0xf6832ea221ebfdc2363729721a146e6745354b14,ethereum,validation,1708385543,15840,8,1707124845,0
0x5d60d8d7ef6d37e16ebabc324de3be57f135e0bc,ethereum,validation,1708385651,15840,8,1707490329,0
0x7434030a95fc907afe4c5b5b55aef340162b27b3,ethereum,validation,1708385723,15840,8,1704985487,0
0xe28027c99c7746ffb56b0113e5d9708ac86fae8f,ethereum,validation,1708386647,15840,8,1707964496,0
0x00f03a498e84586a181540d066852fa99ffe9586,ethereum,validation,1708386875,15840,8,1707690913,0
0x347f5035e4da0db880ccb8753f09142881c5ebbd,ethereum,validation,1708386887,15840,8,1688723423,0
0x5e149c1244382955a1a66407c74c7e8fcac75456,ethereum,validation,1708387103,15840,8,1702207331,0
0x5ed4482e3d0a74ba7c2c3f27c1cdd30c7697e751,ethereum,validation,1708387103,15840,8,1705789991,0
0x7aca14dd0f8c23243a13cf6052398518268402ca,ethereum,validation,1708387103,15840,8,1706091719,0
0x772c44b5166647b135bb4836abc4e06c28e94978,ethereum,validation,1708387883,15840,8,1708203299,0
0xf94a3798b18140b9bc322314bbd36bc8e245e29b,ethereum,validation,1708388123,15840,8,1708344851,0
0x9d79d5b61de59d882ce90125b18f74af650acb93,ethereum,validation,1708388783,15841,8,1707476478,0
0x0ac00355f80e289f53bf368c9bdb70f5c114c44b,ethereum,validation,1708389551,15841,8,1707691736,0
0x1c6a9783f812b3af3abbf7de64c3cd7cc7d1af44,ethereum,validation,1708389551,15841,8,1707281475,0
0x27b7b1ad7288079a66d12350c828d3c00a6f07d7,ethereum,validation,1708389551,15841,8,1706157935,0
0x5a770dbd3ee6baf2802d29a901ef11501c44797a,ethereum,validation,1708389551,15841,8,1708291078,0
0x5fa5b62c8af877cb37031e0a3b2f34a78e3c56a6,ethereum,validation,1708389551,15841,8,1708272201,0
0xa74d4b67b3368e83797a35382afb776baae4f5c8,ethereum,validation,1708389551,15841,8,1705982123,0
0xb4ada607b9d6b2c9ee07a275e9616b84ac560139,ethereum,validation,1708389551,15841,8,1708378442,0
0xc4daf3b5e2a9e93861c3fbdd25f1e943b8d87417,ethereum,validation,1708389551,15841,8,1708364109,0
0x0de54cfdfed8005176f8b7a9d5438b45c4f1df1e,ethereum,validation,1708389959,15842,8,1708225540,0
0x593812510d4063cef4d9db228f8b1ae452d7ac52,ethereum,validation,1708392119,15845,8,1705780211,0
0x84ba4aecfde39d69686a841bab434c32d179a169,ethereum,validation,1708392539,15845,8,1708107956,0
0x9e547061a345015869d26c7b6ee4ab5b63424441,ethereum,validation,1708392743,15846,8,1708283063,0
0x821144518dfe9e7b44fcf4d0824e15e8390d4637,ethereum,validation,1708394375,15846,8,1704260483,0
0x45ddd99ac65fd4b390843f438cb249e33a19c80f,ethereum,validation,1708396919,15847,8,1704435418,0
0x7a3d5d49d64e57dbd6fbb21df7202bd3ee7a2253,ethereum,validation,1708400687,15851,8,1707415366,0
0xed1ddc491a2c8b1f7d6e8933580a47e124ea38db,ethereum,validation,1708401551,15851,8,1693903164,0
0x4a64515e5e1d1073e83f30cb97bed20400b66e10,ethereum,validation,1708402787,15852,8,1704619137,0
0x6d791ff76d2780f7c0403b8ad52de7b369a6154b,ethereum,validation,1708406183,15855,8,1706009327,0
0xd38e031f4529a07996aab977d2b79f0e00656c56,ethereum,validation,1708406603,15856,8,1703337203,0
0x7b35ce522cb72e4077baeb96cb923a5529764a00,ethereum,validation,1708407695,15856,8,1708003970,0
0x06cd589760da4616a0606da1367855808196c352,ethereum,validation,1708407959,15856,8,1708044389,0
0x30cf203b48edaa42c3b4918e955fed26cd012a3f,ethereum,validation,1708408439,15856,8,1705722575,0
0xb2ee0adbe0ef1281025d0676511bb1df14600f4d,ethereum,validation,1708408451,15856,8,1702636972,0
0x08a75dbc7167714ceac1a8e43a8d643a4edd625a,ethereum,validation,1708410071,15858,8,1705863167,0
0xe291b85d62ddec6168737562b4ade5368ec4cb90,ethereum,validation,1708410515,15859,8,1707633878,0
0x79c7ef95ad32dcd5ecadb231568bb03df7824815,ethereum,validation,1708412663,15860,8,1708263512,0
0x74159651a992952e2bf340d7628459aa4593fc05,ethereum,validation,1708413407,15860,8,1707301476,0
0x5d29011d843b0b1760c43e10d66f302174bccd1a,ethereum,validation,1708418087,15861,8,1708107524,0
0xc1d204d77861def49b6e769347a883b15ec397ff,ethereum,validation,1708421891,15865,8,1707557780,0
0xc06aec5191be16b94ffc97b6fc01393527367365,ethereum,validation,1708422623,15865,8,1705193819,0
0xa4cb0dce4849bdcad2d553e9e68644cf40e26cce,ethereum,validation,1708424075,15867,8,1704585323,0
0x3e2c956b4ab4807b2f942235c9074d9bd069e9f0,ethereum,validation,1708424159,15868,8,1706027135,0
0x9b8ae0cfb1af9d7c27eace608748542177057576,ethereum,validation,1708424399,15868,8,1706133551,0
0x80504f30f38b4149d95fae61bde9f3ee204ea9d5,ethereum,validation,1708424507,15868,8,1706857358,0
0x018fb5af9d015af25592a014c4266a84143de7a0,ethereum,validation,1708425083,15868,8,1706857358,0
0x3c45b24359fb0e107a4eaa56bd0f2ce66c99a0e5,ethereum,validation,1708425779,15870,8,1705355819,0
0xf140b5847290e845b9a8b02ad1c6a9b37c940a8e,ethereum,validation,1708425923,15870,8,1705599134,0
0x390603f023a33c76e3a4bf7b6cc9fba5e87dd05d,ethereum,validation,1708426307,15871,8,1705914839,0
0xadfb28426864c0ff169f5dcead2efdd09e0deec9,ethereum,validation,1708426415,15872,8,1708378442,0
0x4ac08b08ed324ff5d35b34887e2240d8dab58a26,ethereum,validation,1708429139,15877,8,1707306731,0
0x9f7229af0c4b9740e207ea283b9094983f78ba04,ethereum,validation,1708429163,15877,8,1708064314,0
0xdba73742968c404e9a90d8eb8f64bf030e4f2411,ethereum,validation,1708430003,15877,8,1705982123,0
0x6e01a56f0fd8e08b84297235c5847dcc469c96c9,ethereum,validation,1708430975,15878,8,1708234929,0
0xf20393619c122f8b901b964264e614d2611ed9ba,ethereum,validation,1708431059,15878,8,1705193243,0
0xd379700999f4805ce80aa32db46a94df64561108,ethereum,validation,1708431911,15880,8,1705417244,0
0x07c9eefd9059381144265600d3cbf4974312861b,ethereum,validation,1708437023,15881,8,1705052915,0
0x018e13b0cb6f1797c7bf997090145d1daf922183,ethereum,validation,1708438163,15882,8,1698796175,0
0xc6cc790e5a630fdec9ef9c92e38aec1b864d7d2c,ethereum,validation,1708440107,15885,8,1704093011,0
0x4fb09dec64582763fb827c2726c5297c0334f921,ethereum,validation,1708440323,15885,8,1697813319,0
0x84c18ee47df9c2add02ae655e4508ed6e0b8c2b2,ethereum,validation,1708440395,15885,8,1703782307,0
0x258b5584c3e8cdc8e3f5aeb86b4862bd246a31f1,ethereum,validation,1708440467,15885,8,1705967027,0
0xe03296991542a545edadd9855dca9dc326dc6159,ethereum,validation,1708440467,15885,8,1703265419,0
0x2dfb14e32e2f8156ec15a2c21c3a6c053af52be8,ethereum,validation,1708441991,15887,8,1708364109,0
0xa59ea1b2d012619a8b9ce16431894cf0be516a73,ethereum,validation,1708442903,15889,8,1708307002,0
0xf2051511b9b121394fa75b8f7d4e7424337af687,ethereum,validation,1708442963,15889,8,1705170779,0
0x15c1cab705b9ddb9ffeeea608ed8bafcdd4c0396,ethereum,validation,1708444751,15889,8,1702175456,0
0xe54efba49a2362e0ff3396c8d7b5dbec1359ec6f,ethereum,validation,1708445135,15889,8,1698229751,0
0x8a6aca71a218301c7081d4e96d64292d3b275ce0,ethereum,validation,1708445171,15889,8,1708418462,0
0x6c5aa4244113e77414386630b7f963dbe1b4d73d,ethereum,validation,1708448099,15891,8,1704445103,0
0xb40c535c8899f95e3b722df2f0619ebd28c4a4ea,ethereum,validation,1708449071,15893,8,1707248844,0
0xf06f20b31590573b7d979d8586648d295be3beda,ethereum,validation,1708450607,15895,8,1706384377,0
0x638c082e5fed7d42c8665bfd395ee516fdcf2d87,ethereum,validation,1708450631,15895,8,1707540824,0
0xc1f976b91217e240885536af8b63bc8b5269a9be,ethereum,validation,1708451567,15896,8,1707058556,0
0x889efb523cc39590b8483eb9491890ac71407f64,ethereum,validation,1708452863,15897,8,1700896295,0
0x5580ab97f226c324c671746a1787524aef42e415,ethereum,validation,1708453415,15897,8,1707763254,0
0x201b5b64438843553e3c3671810ae671c93c685c,ethereum,validation,1708453715,15897,8,1707845654,0
0xd00d0026e8e69bb740ceb32b5ffe130614225b09,ethereum,validation,1708454339,15897,8,1706984146,0
0x29239242a83479a4074cb1c9e2a3e6705a4a4455,ethereum,validation,1708455479,15897,8,1702447679,0
0xc2bd7a597391f31d2e36c2cb769fce0e5bd6d482,ethereum,validation,1708456499,15897,8,1707393051,0
0x0def8d8adde14c9ef7c2a986df3ea4bd65826767,ethereum,validation,1708457099,15897,8,1706381447,0
0xa361718326c15715591c299427c62086f69923d9,ethereum,validation,1708463963,15905,8,1707965058,0
0xcfb3c40863401521132027cc659a688cda714030,ethereum,validation,1708464239,15905,8,1705954421,0
0xf911a7ec46a2c6fa49193212fe4a2a9b95851c27,ethereum,validation,1708465379,15906,8,1707330051,0
0x3aef8e803bd9be47e69b9f36487748d30d940b96,ethereum,validation,1708466507,15908,8,1705377803,0
0x71854072ce51cc8859c8c178e33581034fa75753,ethereum,validation,1708468295,15911,8,1705624742,0
0xfe18ae03741a5b84e39c295ac9c856ed7991c38e,ethereum,validation,1708468295,15911,8,1706248943,0
0x9c405acf8688afb61b3197421cdeec1a266c6839,ethereum,validation,1708470851,15913,8,1707989399,0
0xfc4eb70fc13f5f25f67938cd4249b8c450e50c3c,ethereum,validation,1708471595,15913,8,1707402506,0
0xc00c733702248aebdb357340dddda5c47500a35a,ethereum,validation,1708472063,15914,8,1707408611,0
0x26dcfbfa8bc267b250432c01c982eaf81cc5480c,ethereum,validation,1708472867,15915,8,1707016359,0
0x8a6c284183de0f15497c7346ce849b7148b705d0,ethereum,validation,1708474643,15916,8,1708388465,0
0x4b7ee45f30767f36f06f79b32bf1fca6f726deda,ethereum,validation,1708474703,15916,8,1708006958,0
0x23dbfe6e3104d059fd6f1ad3eafe06be448e4ca8,ethereum,validation,1708475315,15917,8,1706084147,0
0xee586e7eaad39207f0549bc65f19e336942c992f,ethereum,validation,1708475315,15917,8,1695863927,0
0x68350d30d9f58c81aaaa41929f1bfc52fff4ea49,ethereum,validation,1708477199,15919,8,1707674093,0
0x1c9347e075086f9838ab5b6b941d99439debe074,ethereum,validation,1708477295,15919,8,1706376244,0
0xe44ac096d96b7918afc0d98cb18d40c5ca5868ab,ethereum,validation,1708478447,15919,8,1707315421,0
0x010d14d36c3ea6570d240ae3ac9d660398f7c48e,ethereum,validation,1708478495,15919,8,1704122501,0
0x9c794f933b4dd8b49031a79b0f924d68bef43992,ethereum,validation,1708478555,15919,8,1708080024,0
0x2ce37087559cbe8022fa5d70a0c502b7ae03f290,ethereum,validation,1708485287,15924,8,1705458233,0
0x38b7bf4eecf3eb530b1529c9401fc37d2a71a912,ethereum,validation,1708486823,15924,8,1708031534,0
0xa991356d261fbaf194463af6df8f0464f8f1c742,ethereum,validation,1708488227,15926,8,1703228375,0
0xe49cb97091b5bde1e8b7043e3d5717e64fde825e,ethereum,validation,1708489103,15926,8,1708105881,0
0x014b0efa7de33b9ee1cd4c543b6a5b2d8c6c112e,ethereum,validation,1708490471,15927,8,1708400577,0
0x06a87f6afec4a739c367bef69eefe383d27106bd,ethereum,validation,1708490747,15929,8,1706167016,0
0xa80505c408c4defd9522981cd77e026f5a49fe63,ethereum,validation,1708492847,15929,8,1706373239,0
0x657b83a0336561c8f64389a6f5ade675c04b0c3b,ethereum,validation,1708495295,15933,8,1708277889,0
0x9c5673002d854de18e9f6feb7f9825f88c5bf1e4,ethereum,validation,1708495583,15933,8,1707279927,0
0xdada00a9c23390112d08a1377cc59f7d03d9df55,ethereum,validation,1708496267,15935,8,1707288195,0
0x3392d8a60b77f8d3eaa4fb58f09d835bd31add29,ethereum,validation,1708496519,15936,8,1708234772,0
0xc8871267e07408b89aa5aecc58adca5e574557f8,ethereum,validation,1708497707,15936,8,1706019527,0
0xbeef3bb9da340ebdf0f5bae2e85368140d7d85d0,ethereum,validation,1708498463,15938,8,1706392949,0
0xaab80423daa0334aba8f16726677c23619e38773,ethereum,validation,1708498499,15938,8,1707661409,0
0x34748fedad669c788aabe4fb325a4587941f7b48,ethereum,validation,1708498727,15940,8,1705736447,0
0xfb8f489df4e04609f4f4e54f586f960818b70041,ethereum,validation,1708501259,15940,8,1708031534,0
0x903ff0ba636e32de1767a4b5eeb55c155763d8b7,ethereum,validation,1708501355,15940,8,1708312153,0
0xec2409af78e2f0a7dbfcbb42bf2ec6fe1e9d11dc,ethereum,validation,1708501475,15941,8,1690806741,0
0x330c4dd05db16db6323505262c57cfde5f0a78ea,ethereum,validation,1708501955,15941,8,1708030850,0
0xa98ed1fd277ead2c00d143cbe1465f59e65a0066,ethereum,validation,1708501967,15941,8,1708493632,0
0x2f123cf3f37ce3328cc9b5b8415f9ec5109b45e7,ethereum,validation,1708503359,15942,8,1707864669,0
0xfec1408fa5ef2a57c4f46edb3c105ff3804ac5d6,ethereum,validation,1708503623,15942,8,1708047693,0
0xa12d7e5319f5b43476ef19d1569e10097cacdfe2,ethereum,validation,1708504451,15942,8,1706343791,0
0x99534ef705df1fff4e4bd7bbaaf9b0dff038ebfe,ethereum,validation,1708505603,15944,8,1706292502,0
0x456d8f0d25a4e787ee60c401f8b963a465148f70,ethereum,validation,1708505831,15944,8,1705142423,0
0x4e8bc827197d03184f0e6ac6d485b95317109b42,ethereum,validation,1708506239,15945,8,1707989543,0
0x882e5b370d595e50c24b2a0e7a94e87cc32adda1,ethereum,validation,1708506467,15946,8,1706577536,0
0x16337177f0c929a945fb271ac9548ddea8246969,ethereum,validation,1708507403,15946,8,1697197607,0
0x8537b194bff354c4738e9f3c81d67e3371dadaf8,ethereum,validation,1708509443,15947,8,1708191889,0
0x1f6bd8766f8a8aa58f7441c8dd3709afa3a56202,ethereum,validation,1708511363,15952,8,1706076083,0
0x93e01899c10532d76c0e864537a1d26433dbbddb,ethereum,validation,1708511999,15955,8,1707660020,0
0xeb8eec5a2dbf6e6f4cc542ad31cce706f8f80419,ethereum,validation,1708512491,15957,8,1704259213,0
0x976bf616f61685e0e7e36419aee3f7cde24b0dc9,ethereum,validation,1708513391,15959,8,1707479785,0
0x15334dcb171e8b65d6650321581dca83be870115,ethereum,validation,1708514087,15960,8,1705916999,0
0x419e35e3515c2fdb652c898bf7a0b21fb20497dc,ethereum,validation,1708514315,15960,8,1707586798,0
0xa0ed3c520dc0632657ad2eaaf19e26c4fd431a84,ethereum,validation,1708514591,15960,8,1707058556,0
0x87c00817abe35ed4c093e59043fae488238d2f74,ethereum,validation,1708515083,15960,8,1705597391,0
0x6cf9464b2c628db187f2bc1ddc0c43fda72efdd5,ethereum,validation,1708517099,15962,8,1707314329,0
0xfec82a1b2638826bfe53ae2f87cfd94329cde60d,ethereum,validation,1708517099,15962,8,1707585017,0
0xf54b304e2e4b28c7e46619d1a340f9b2b72383d7,ethereum,validation,1708518095,15962,8,1708057381,0
0x02eca910cb3a7d43ebc7e8028652ed5c6b70259b,ethereum,validation,1708518791,15962,8,1708132858,0
0xba21ef4c9f433ede00badefcc2754b8e74bd538a,ethereum,validation,1708518875,15962,8,1707287388,0
0xcc503242b574bc01145da7e2a743b43fb395ec91,ethereum,validation,1708520327,15967,8,1708262360,0
0x179cd91631d96e8fafee6a744eac6ffdbb923520,ethereum,validation,1708520603,15967,8,1708235693,0
0xc8cf9b8ccfb4c53c052427e98669ff28b6f7e301,ethereum,validation,1708520735,15967,8,1708497874,0
0x226f29430f368b4f2f17dd014fd9dabf307fba92,ethereum,validation,1708522355,15970,8,1704543219,0
0x40d2025ed2e89632d3a41d8541df9ed2ac0e2b1c,ethereum,validation,1708522523,15971,8,1708013306,0
0x8765b1a0eb57ca49be7eacd35b24a574d0203656,ethereum,validation,1708522835,15971,8,1707375795,0
0xa54d2ebfd977ad836203c85f18db2f0a0cf88854,ethereum,validation,1708522859,15971,8,1707845654,0
0x3be65bd36c1ad28d33acc1c9dd8338a2706ca000,ethereum,validation,1708524671,15974,8,1705193243,0
0x5150956e082c748ca837a5dfa0a7c10ca4697f9c,ethereum,validation,1708526231,15976,8,1701219155,0
0x3f0cc41de057458591e1c753f5bc162c982cbd00,ethereum,validation,1708529975,15984,8,1704846875,0
0xacb1ac255aa8e990ba682ad70fef3ef39450828b,ethereum,validation,1708530107,15985,8,1706068559,0
0x5945c9f959a8e1fdad17b34efc1577e582354664,ethereum,validation,1708530455,15986,8,1704445103,0
0x0c93b616933b0cd03b201b29cd8a22681dd9e0d9,ethereum,validation,1708531343,15987,8,1701219155,0
0xab93df617f51e1e415b5b4f8111f122d6b48e55c,ethereum,validation,1708532591,15989,8,1701981575,0
0x44c8f811ff5884dd27f15a86a5a17e0bf1411e94,ethereum,validation,1708532687,15989,8,1698229751,0
0xe31f7ffe168cc122d05e262d7a398b53b151d603,ethereum,validation,1708532735,15989,8,1692791843,0
0x5ad0d1c3c04370f24b12152cf7c5aa0bf03a4c51,ethereum,validation,1708532759,15989,8,1698224291,0
0x0b44547be0a0df5dcd5327de8ea73680517c5a54,ethereum,validation,1708533167,15989,8,1697577011,0
0xf56842af3b56fd72d17cb103f92d027bba912e89,ethereum,validation,1708535171,15994,8,1708047693,0
0xe304283c3e60cefaf7ea514007cf4e8fdc3d869d,ethereum,validation,1708536023,15997,8,1706595284,0
0xd9958826bce875a75cc1789d5929459e6ff15040,ethereum,validation,1708536479,15998,8,1707660020,0
0x20c64dee8fda5269a78f2d5bdba861ca1d83df7a,ethereum,validation,1708537031,16001,8,1699755407,0
0x52d134c6db5889fad3542a09eaf7aa90c0fdf9e4,ethereum,validation,1708537139,16001,8,1705695335,0
0x0327112423f3a68efdf1fcf402f6c5cb9f7c33fd,ethereum,validation,1708537271,16001,8,1707767805,0
0x9a257c90fa239fba07771ef7da2d554d148c2e89,ethereum,validation,1708537295,16001,8,1708013489,0
0xca30c93b02514f86d5c86a6e375e3a330b435fb5,ethereum,validation,1708537583,16002,8,1708076382,0
0x5bf23d44304cc645c98f15bc2696fc0eb1ccc0c7,ethereum,validation,1708539491,16008,8,1704315988,0
0x37941b3fdb2bd332e667d452a58be01bcacb923e,ethereum,validation,1708540703,16011,8,1708497874,0
0x7a153b35678cbf79ed92f1e31f835dbccdce8b11,ethereum,validation,1708541951,16013,8,1701688127,0
0x68592c5c98c4f4a8a4bc6da2121e65da3d1c0917,ethereum,validation,1708542431,16014,8,1705014347,0
0xc2df32139d4ec45fd5b3fde176e39a2fa17d9723,ethereum,validation,1708543475,16015,8,1655551586,0
0x94fc5934cf5970e944a67de806eeb5a4b493c6e6,ethereum,validation,1708545455,16019,8,1707534306,0
0x5bc52b5367b637bec5f818e69208eb9f03c426ee,ethereum,validation,1708545851,16021,8,1708013306,0
0x3a41287d8444430dea47858ffa8bc850c77ea027,ethereum,validation,1708546271,16021,8,1704060372,0
0xdf59c8ba19b4d1437d80836b45f1319d9a429eed,ethereum,validation,1708549319,16026,8,1704365687,0
0x9ae3e392cc18acc008024bc23c0c3130a10d64d9,ethereum,validation,1708550591,16028,8,1708317640,0
0xe50006781f435ae43096288334afd9ae5ba50065,ethereum,validation,1708553051,16031,8,1707553779,0
0x00fc270c9cc13e878ab5363d00354bebf6f05c15,ethereum,validation,1708553603,16031,8,1703598035,0
0xc626e0619ac79afea9281c8eb9b1a9f9d3fab532,ethereum,validation,1708554995,16033,8,1708545476,0
0xac2b91c49342a9359f8d4521dad0c700a151b133,ethereum,validation,1708555931,16034,8,1698173243,0
0xf13e81be9a5d614d1e5e8c15d1ca3ebb1b950de0,ethereum,validation,1708556243,16034,8,1704985487,0
0xcf4885feada6f45a2194a73e6bfadbe6f0e7bd98,ethereum,validation,1708556303,16034,8,1703894999,0
0x85649c0bc71825339e5c265c76569f022b119028,ethereum,validation,1708556399,16034,8,1706225399,0
0xe56249d86e692f6cd9aab091fc7b08edfe03b7cb,ethereum,validation,1708557611,16034,8,1707469328,0
0x53c45ab1069d1b486eba10ecd9a2fa83d8cb7e9d,ethereum,validation,1708559735,16038,8,1706256695,0
0x645c52cf6c5c58aa4064494f5b5ffe9c7ec0d7d4,ethereum,validation,1708561115,16041,8,1707586798,0
0x43f6dc774dc0562a0f3ca98145d8cb2e8ba4d975,ethereum,validation,1708561331,16043,8,1706633774,0
0xc60d6662027f5797cf873bfe80bcf048e30fc35e,ethereum,validation,1708562111,16044,8,1707763392,0
0x5cc56c266143f29a5054b9ae07f3ac3513a7965e,ethereum,validation,1708562387,16045,8,1704363143,0
0x0af44e2784637218dd1d32a322d44e603a8f0c6a,ethereum,validation,1708563383,16053,8,1705766219,0
0x79c5a1ae586322a07bfb60be36e1b31ce8c84a1e,ethereum,validation,1708564595,16058,8,1707674093,0
0xb837b6467b4878fb5b3b81664042852593f15126,ethereum,validation,1708565471,16059,8,1706814814,0
0x8ef6343b846a5356157d95026c8c65f4f3389c54,ethereum,validation,1708565699,16059,8,1703074199,0
0xc28e27870558cf22add83540d2126da2e4b464c2,ethereum,validation,1708566719,16059,8,1708390679,0
0xc36b4311b21fc0c2ead46f1ea6ce97c9c4d98d3d,ethereum,validation,1708570811,16061,8,1708534179,0
0x8718b8eb796ead111c0af9ce05387e6c741d8e3e,ethereum,validation,1708571231,16062,8,1708013660,0
0x3919bb451ab92d660683eece7f2826da2a03d3a5,ethereum,validation,1708571483,16063,8,1688197895,0
0xd2ac55ca3bbd2dd1e9936ec640dcb4b745fde759,ethereum,validation,1708571591,16065,8,1706073611,0
0x3fe7940616e5bc47b0775a0dccf6237893353bb4,ethereum,validation,1708572971,16074,8,1708296586,0
0x06e0feb0d74106c7ada8497754074d222ec6bcdf,ethereum,validation,1708573355,16074,8,1708572027,0
0xe6410569602124506658ff992f258616ea2d4a3d,ethereum,validation,1708573955,16075,8,1708572027,0
0xf61bf4d1a948487d61b8fa63808aac06bda55f98,ethereum,validation,1708576295,16077,8,1702825513,0
0xa64efd5fe826f62e310a951332b519e1e3871489,ethereum,validation,1708576763,16078,8,1706783014,0
0x97e2768e8e73511ca874545dc5ff8067eb19b787,ethereum,validation,1708576835,16078,8,1708303987,0
0xddea19fce1e52497206bf1969d2d56fed85aff5c,ethereum,validation,1708579415,16081,8,1708572171,0
0x8f403b1d38c660d7b34602bcaeb583da3d20afe6,ethereum,validation,1708580735,16082,8,1706133551,0
0xe5d2e173b120341face9e9970889c9fe64081ffd,ethereum,validation,1708580759,16082,8,1708505973,0
0x2160882116e07f407bd9c3dee96ba3cde6ecfd37,ethereum,validation,1708581119,16084,8,1706346437,0
0xf38feedb0c85c1e1d6864c7513ac646d28bb0cfc,ethereum,validation,1708581167,16084,8,1706620943,0
0x7ac168c81f4f3820fa3f22603ce5864d6ab3c547,ethereum,validation,1708584011,16090,8,1703714447,0
0x025417af44ebe9521b80187514e92f6093de78be,ethereum,validation,1708584995,16093,8,1704846875,0
0x6641b8df62e4b0e00d3b61f8eca63b2052404fd9,ethereum,validation,1708586099,16093,8,1708461915,0
0x1e4ec900dd162ebaf6cf76cfe8a546f34d7a483d,ethereum,validation,1708586219,16093,8,1708461915,0
0xe75097d3ec88701361e670e065b8d5bc4dafbc9d,ethereum,validation,1708586219,16093,8,1707989182,0
0x556148562d5ddeb72545d7ec4b3ec8edc8f55ba7,ethereum,validation,1708586303,16093,8,1708013306,0
0x7f59f3a8ac33eb02d17d6cd824a6ee70617a4790,ethereum,validation,1708587707,16095,8,1705706051,0
0xc483ad6f9b80b38691e95b708de1d46721366ce3,ethereum,validation,1708587839,16096,8,1707588466,0
0x0fbf91a2282adaac4ccf0969b052b825fd3009c9,ethereum,validation,1708588307,16096,8,1707540824,0
0x011864d37035439e078d64630777ec518138af05,ethereum,validation,1708588331,16096,8,1708227569,0
0x37519ed7172d80c37e1b1876da6a8f5051b950a7,ethereum,validation,1708588715,16096,8,1708398963,0
0x805c2077f3ab224d889f9c3992b41b2f4722c787,ethereum,validation,1708590011,16100,8,1708572153,0
0xccbf21ba6ef00802ab06637896b799f7101f54a2,ethereum,validation,1708590167,16101,8,1708534815,0
0x6d42c7dd2f88839127d3d961f6de9c0b243c5da4,ethereum,validation,1708590695,16102,8,1697215893,0
0x031371841ac28c66c8bd94b0e23fc501009bea22,ethereum,validation,1708590815,16102,8,1698229751,0
0xeb912f43beeaae85cc38ce67b89d8d7514783c7d,ethereum,validation,1708590863,16102,8,1706133551,0
0xcc86444ed3ba0247d246ff66eccbfd7fefd47789,ethereum,validation,1708590971,16102,8,1706633774,0
0xa35cf6eaa454f09a3825d68fe2d9108e50a33b7e,ethereum,validation,1708591007,16102,8,1698229751,0
0x7171e421fee430eacca3918109aa9921d11b9b30,ethereum,validation,1708591079,16104,8,1699153355,0
0x6896e73a7f021a90267fbcefebf3f22eda1c23df,ethereum,validation,1708591115,16104,8,1695566685,0
0x744332b2a14a75600397133045cf07075e6c48a7,ethereum,validation,1708591139,16104,8,1692791843,0
0x22222c03318440305ac3e8a7820563d6a9fd777f,ethereum,validation,1708591151,16104,8,1708482774,0
0x91085527b5df8dee7c85f90a7608aa8a725e663b,ethereum,validation,1708591187,16104,8,1698229751,0
0xf1f5de69c9c8d9be8a7b01773cc1166d4ec6ede2,ethereum,validation,1708591691,16104,8,1708587719,0
0x73a052500105205d34daf004eab301916da8190f,ethereum,validation,1708592159,16105,8,1708071931,0
0xe9b7b5d5e8d2bcc78884f9f9099bfa42a9e5c1a5,ethereum,validation,1708592315,16105,8,1708504476,0
0x87b008e57f640d94ee44fd893f0323af933f9195,ethereum,validation,1708592423,16106,8,1708495891,0
0x84679bc467dc6c2c40ab04538813aff3796351f1,ethereum,validation,1708593023,16107,8,1707507809,0
0xa36fdbbae3c9d55a1d67ee5821d53b50b63a1ab9,ethereum,validation,1708593047,16107,8,1708538713,0
0x3b517706b1a382c07720374401e6c9b70b3b4fda,ethereum,validation,1708593179,16107,8,1701744455,0
0x0a661f6ad63a1500d714ed1eeedb64ec493a54a8,ethereum,validation,1708593743,16108,8,1708588874,0
0x73c9275c3a2dd84b5741fd59aebf102c91eb033f,ethereum,validation,1708593743,16108,8,1707915540,0
0x84fe25f3921f3426395c883707950d0c00367576,ethereum,validation,1708594499,16109,8,1706306891,0
0xefc1c73a3d8728dc4cf2a18ac5705fe93e5914ac,ethereum,validation,1708595123,16110,8,1707540824,0
0x4374f26f0148a6331905edf4cd33b89d8eed78d1,ethereum,validation,1708596275,16111,8,1702502543,0
0xbbcb0356bb9e6b3faa5cbf9e5f36185d53403ac9,ethereum,validation,1708598939,16115,8,1706315696,0
0x048aa6e69d5117bd665af4128383a6982b8367b3,ethereum,validation,1708599275,16116,8,1708107524,0
0x601a0ee18e9dcdc70658d8b87a748e11344d3a45,ethereum,validation,1708599671,16117,8,1708578366,0
0xddb68ed934e0d2614a44350007e3985406d8f0ac,ethereum,validation,1708599887,16118,8,1702357943,0
0x7ca62545a380e7d71f8f5cfa14b9211002075930,ethereum,validation,1708600007,16118,8,1702617911,0
0x8f0af239272371a18683dab6c7828d0dbf3ffac2,ethereum,validation,1708600175,16119,8,1701951143,0
0xb8e2e2101ed11e9138803cd3e06e16dd19910647,ethereum,validation,1708600295,16119,8,1704297035,0
0x3275dbb60b47c68ec6603e2d578291276eba4d97,ethereum,validation,1708600643,16121,8,1708448181,0
0xfac8fa90d12b1d171a9f3e73b95c8c5845ac57cc,ethereum,validation,1708600823,16121,8,1689648095,0
0x5413efac95fe21af9f644c76babbb715a422c10c,ethereum,validation,1708600871,16122,8,1705789991,0
0xb40ed868f133ad41618ab92b2a04e55b7c0e5678,ethereum,validation,1708600871,16122,8,1690329611,0
0xc69ed62a08bc4e67a4a445b7be7ea08881b34ec4,ethereum,validation,1708600871,16122,8,1699968611,0
0xe8b251822d003a2b2466ee0e38391c2db2048739,ethereum,validation,1708601291,16123,8,1708426947,0
0xe481f2311c774564d517d015e678c2736a25ddd3,ethereum,validation,1708602143,16123,8,1708460493,0
0x4526fd312105a0d89ec2c7632ae98518f7b059ea,ethereum,validation,1708604867,16131,8,1707569924,0
0xc8279ccfe642bdf1c066d00dc13c8c59a97064ee,ethereum,validation,1708604951,16131,8,1708536674,0
0xf2db9a7c0acd427a680d640f02d90f6186e71725,ethereum,validation,1708605311,16131,8,1706229245,0
0x89dcff5fd892f2bfc8b75dba12804b651f769579,ethereum,validation,1708608875,16136,8,1707709292,0
0x67ab11058ef23d0a19178f61a050d3c38f81ae21,ethereum,validation,1708611899,16145,8,1706653820,0
0x5f4c148d17effd165c2e2d46b46d2bd6e3ebdc3e,ethereum,validation,1708612811,16145,8,1708221158,0
0xc03a652efbbacfabde37cd66c7a4ff4332f7186c,ethereum,validation,1708613339,16146,8,1707859669,0
0xcdc412f306e0c51e3249b88c65423cd16b322673,ethereum,validation,1708613495,16147,8,1708378442,0
0x638cc7470aa58b3d88a2ba2aa3becf957511fc33,ethereum,validation,1708615175,16150,8,1706051114,0
0xb48e0f69e6a3064f5498d495f77ad83e0874ab28,ethereum,validation,1708615883,16152,8,1708019422,0
0xd2946be786f35c3cc402c29b323647abda799071,ethereum,validation,1708617011,16153,8,1704455465,0
0x41875c2332b0877cdfaa699b641402b7d4642c32,ethereum,validation,1708618619,16155,8,1708509530,0
0x44086035439e676c02d411880fccb9837ce37c57,ethereum,validation,1708619003,16155,8,1707818323,0
0x309013d55fb0e8c17363bcc79f25d92f711a5802,ethereum,validation,1708621079,16159,8,1706712463,0
0xc12c55e70cb491b884b36d2c47bbff750ed8944c,ethereum,validation,1708622219,16160,8,1708620308,0
0x72362564c801161d0e5dcd74cce0ed83915672d6,ethereum,validation,1708632167,16167,8,1706728092,0
0x742d50a96b52f5d3691fa90d8f1c91417c0046d2,ethereum,validation,1708635707,16177,8,1697961971,0
0x80d186b4c786ea66592b2c52e2004ab10cfe4cf3,ethereum,validation,1708638827,16182,8,1707914001,0
0x41a322b28d0ff354040e2cbc676f0320d8c8850d,ethereum,validation,1708643627,16186,8,1707252980,0
0x68bb81b3f67f7aab5fd1390ecb0b8e1a806f2465,ethereum,validation,1708646027,16187,8,1708344851,0
0x16d40237fde48403bc89fb358aafc5b4f608213a,ethereum,validation,1708649903,16190,8,1708490528,0
0x444d6088b0f625f8c20192623b3c43001135e0fa,ethereum,validation,1708650539,16191,8,1705706591,0
0x89020f0d5c5af4f3407eb5fe185416c457b0e93e,ethereum,validation,1708652315,16192,8,1708451416,0
0x50583dfa0fa5805712b1e6091a76515e8aae0ce0,ethereum,validation,1708652447,16192,8,1708448181,0
0x40986a85b4cfcdb054a6cbfb1210194fee51af88,ethereum,validation,1708654679,16192,8,1708363659,0
0x672ef7e4fe230b5ca1466c5fdd40588d30fdf90a,ethereum,validation,1708654967,16192,8,1703370443,0
0x351caa9045d65107b9d311d922d15887cfd634e4,ethereum,validation,1708655231,16192,8,1708080024,0
0xcd62b1c403fa761baadfc74c525ce2b51780b184,ethereum,validation,1708655543,16192,8,1706226935,0
0xf432dd35d3a827dbfe316f385c979a199b819068,ethereum,validation,1708656011,16193,8,1708490528,0
0x62edd284cd681539e81492a4dbbb2ee715a353d4,ethereum,validation,1708656179,16193,8,1708564397,0
0xcdeee767bed58c5325f68500115d4b722b3724ee,ethereum,validation,1708656599,16194,8,1708590671,0
0x42a501903afaa1086b5975773375c80e363f4063,ethereum,validation,1708657091,16195,8,1699601231,0
0x1a6921f7b92113c79306f1a9e148d83445ac42bc,ethereum,validation,1708660115,16198,8,1708017699,0
0x30bcd71b8d21fe830e493b30e90befba29de9114,ethereum,validation,1708660127,16198,8,1705262723,0
0x07a24ca74a7592c16827d186b802e004cec33bb3,ethereum,validation,1708660151,16198,8,1708545275,0
0xe7de43cd09b9e50ebc5fcc4f3c9ec563bae25bd9,ethereum,validation,1708660283,16198,8,1708398252,0
0xac14864ce5a98af3248ffbf549441b04421247d3,ethereum,validation,1708661207,16200,8,1706022683,0
0xb30f5d11b94efbbfdeaa4de38edffceec0be6513,ethereum,validation,1708661975,16200,8,1705886771,0
0xa1f9a5b8cc1bf4bd436abdd8c35491f1cc976a25,ethereum,validation,1708663559,16202,8,1698229751,0
0x13196187a1c3e57ae419befbc9632f158d272628,ethereum,validation,1708665623,16207,8,1707613479,0
0x8a0cdfab62ed35b836dc0633482798421c81b3ec,ethereum,validation,1708665719,16207,8,1699548275,0
0x46683747b55c4a0ff783b1a502ce682eb819eb75,ethereum,validation,1708666067,16207,8,1707818323,0
0xb92ba0a6a843379499770de82aa936d6ba0fd8ca,ethereum,validation,1708667771,16207,8,1706256695,0
0xd91a6162f146ef85922d9a15ee6eb14a00344586,ethereum,validation,1708668683,16210,8,1708418462,0
0xedbf98724a86f92baefac101082c366e96f1e9d9,ethereum,validation,1708669247,16211,8,1706248943,0
0x6cacdb97e3fc8136805a9e7c342d866ab77d0957,ethereum,validation,1708669583,16214,8,1707995078,0
0xb7c2fcd6d7922eddd2a7a9b0524074a60d5b472c,ethereum,validation,1708670675,16216,8,1708288570,0
0xcbae6758a7accbab98b5281658b39d5ca6ca519c,ethereum,validation,1708672247,16218,8,1708013660,0
0xe37246e936a58099c7fcb8a08fa72900c4faf991,ethereum,validation,1708672511,16219,8,1706814814,0
0x4131fb03ad39f4dea72f36956af40738a1cbb425,ethereum,validation,1708674143,16223,8,1692265863,0
0x321b133c0564254a8b8c14c7b3683e6b81a646ad,ethereum,validation,1708675103,16226,8,1689059603,0
0x5d3a4f62124498092ce665f865e0b38ff6f5fbea,ethereum,validation,1708678079,16231,8,1706209847,0
0x8a823dfdb9bf6e109f97fa77d790a138010fa434,ethereum,validation,1708680215,16232,8,1704512121,0
0x40821cd074dfecb1524286923bc69315075b5c89,ethereum,validation,1708680671,16234,8,1708516669,0
0x54735d716995071585a4f6ba341a6ded79756f09,ethereum,validation,1708684067,16238,8,1706439264,0
0x248dd8e477a9bf836c27f6c1626fe07dbd496ca6,ethereum,validation,1708684691,16240,8,1708487671,0
0x49d716dfe60b37379010a75329ae09428f17118d,ethereum,validation,1708685063,16240,8,1701826871,0
0x23cda256e12748f589ec77bae213df9e3f1bdbf4,ethereum,validation,1708685099,16240,8,1706137595,0
0xa4a539e60364e0fdda7ced68c71f90b02dfa6233,ethereum,validation,1708685711,16241,8,1706300867,0
0x1253c5a80cb7b52b85ddbde90f24a480b6f5b2e1,ethereum,validation,1708686167,16241,8,1699314311,0
0x935c270b984b631953a858bb28c931a97370754c,ethereum,validation,1708686167,16241,8,1705365371,0
0xb86f0c45433555119b5fcba43a4b97227a2a6905,ethereum,validation,1708686167,16241,8,1706091719,0
0xcf89d9e82a021167945d3af67b2343111d1d3eb9,ethereum,validation,1708691267,16250,8,1708008010,0
0x7bd82b320ebc28d8eb3c4f5fa2af7b14da5b90c3,ethereum,validation,1708692323,16251,8,1708561202,0
0x104f3152d8ebfc3f679392977356962ff36566ac,ethereum,validation,1708692467,16251,8,1708674283,0
0x64609a845ad463d07ee51e91a88d1461c3dc3165,ethereum,validation,1708693619,16253,8,1708522187,0
0x056b4873dcfe68041448bfd40262aec8c3a09bb8,ethereum,validation,1708694819,16253,8,1708466029,0
0xb3ed706b564bba9cab64042f4e1b391be7bebce5,ethereum,validation,1708694915,16253,8,1708378442,0
0x4690c74d610e41064475a6fe8cbccf085fc223f8,ethereum,validation,1708695011,16253,8,1701898333,0
0xd2287a52287dd64ae2c690d74322e2e345dc8f69,ethereum,validation,1708695155,16253,8,1704823691,0
0xb944b46bbd4ccca90c962ef225e2804e46691ccf,ethereum,validation,1708695875,16253,8,1708571520,0
0xe9f84de264e91529af07fa2c746e934397810334,ethereum,validation,1708696907,16254,8,1708563272,0
0xdc190ea63142c7522dd56077f9b48b5073e3bd49,ethereum,validation,1708697123,16254,8,1707080366,0
0xe8272210954ea85de6d2ae739806ab593b5d9c51,ethereum,validation,1708697135,16254,8,1708559306,0
0x837010619aeb2ae24141605afc8f66577f6fb2e7,ethereum,validation,1708697963,16257,8,1708233508,0
0xc79670481e01fedcf299d1ad4bc66d73cb8ea8be,ethereum,validation,1708701215,16263,8,1708572255,0
0xf74acd2bac0535b4b01b42984d58dc33d3ad83eb,ethereum,validation,1708703255,16265,8,1707422365,0
0x0b6f3ea2814f3fff804ba5d5c237aebbc364fba9,ethereum,validation,1708704863,16269,8,1704974687,0
0xecbf566944250dde88322581024e611419715f7a,ethereum,validation,1708705523,16271,8,1705262723,0
0x5f69b7ab8f7cab199a310fd5a27b43fef44ddcc0,ethereum,validation,1708708151,16277,8,1708675512,0
0x247dc9cbbaadabce6e30e2a84ec6c53a419913ad,ethereum,validation,1708709915,16283,8,1708013660,0
0xc6e64729931f60d2c8bc70a27d66d9e0c28d1bf9,ethereum,validation,1708710779,16289,8,1704034037,0
0x0ae84d16d432a908f494c8f461b803cb3ba0586b,ethereum,validation,1708713431,16294,8,1705905779,0
0xc3071803b9d23460820b516673fd3cec0415d0ed,ethereum,validation,1708714067,16294,8,1707315421,0
0x25d4e7fe624fcc6e7f0b52d142f40c9acecf039a,ethereum,validation,1708714955,16295,8,1708622069,0
0x4e114d405b9ba2f59524941733e505ae03fb1fb5,ethereum,validation,1708716827,16298,8,1708562969,0
0x7afb39837fd244a651e4f0c5660b4037214d4adf,ethereum,validation,1708723391,16313,8,1705816871,0
0xe4b91faf8810f8895772e7ca065d4cb889120f94,ethereum,validation,1708724219,16316,8,1707895672,0
0xa25e7c09751e3c1c2dfd8189be1e71c21baf41e8,ethereum,validation,1708725827,16319,8,1707249309,0
0x740623d2c797b7d8d1ecb98e9b4afcf99ec31e14,ethereum,validation,1708726043,16320,8,1705563971,0
0x3832d2f059e55934220881f831be501d180671a7,ethereum,validation,1708726115,16320,8,1708378442,0
0x0324dd195d0cd53f9f07bee6a48ee7a20bad738f,ethereum,validation,1708726331,16320,8,1708331374,0
0xeda43fa2f35ea174a7e9b73658b18a7da00adf38,ethereum,validation,1708726367,16320,8,1704300611,0
0x6e742e29395cf5736c358538f0f1372ab3dfe731,ethereum,validation,1708728599,16321,8,1708563272,0
0xf5081b106abbe443fc62384b3724620fc9599c46,ethereum,validation,1708728755,16321,8,1704304235,0
0x3a4811c0619abe8a51737c71f34d148b8ceb3335,ethereum,validation,1708728911,16321,8,1707514398,0
0xd8924385cd46e6af6f377871c732bde2f8e9dd18,ethereum,validation,1708728923,16321,8,1708451660,0
0xa500b88a6559d074b2198e528c33adf850108a28,ethereum,validation,1708729175,16321,8,1708587719,0
0xcc50e2f2e401d005d0f2961d87ee7664b1d04548,ethereum,validation,1708729847,16321,8,1708358753,0
0x4a57e687b9126435a9b19e4a802113e266adebde,ethereum,validation,1708730231,16323,8,1706167016,0
0x9fb1d0a9264321ba0eab673fb2b85c529579dd97,ethereum,validation,1708731971,16323,8,1689042923,0
0x8b61f7afe322372940dc4512be579f0a55367650,ethereum,validation,1708732811,16324,8,1706804790,0
0x2f1d845656d1da35cf6b16d2e59023e83e038295,ethereum,validation,1708732979,16324,8,1706133551,0
0xe532b6765f8cfbc5e02d6c1ebee765c31733d667,ethereum,validation,1708733015,16324,8,1698229751,0
0x58256b09e1ae7a85022ec174163975f7e01adeef,ethereum,validation,1708733051,16324,8,1698229751,0
0x339a8b2e202e46473648332e56c23644bcb03a95,ethereum,validation,1708733747,16324,8,1703814263,0
0x341cea5b5206b106f97c74967a68da2f20f1660b,ethereum,validation,1708733747,16324,8,1704933203,0
0xc5833f7fe80ecda97358d49d5cd1155eef6c12f4,ethereum,validation,1708733747,16324,8,1705596803,0
0x296233e84c1d7bff11121bf6d60f0ffa39c3f0cf,ethereum,validation,1708735151,16326,8,1708182075,0
0x0e1bb5546524235c8abfd6f9b77b25c2ca0e12e0,ethereum,validation,1708735163,16326,8,1708617152,0
0x486c280024b5428459ec3360f99183a61d41d9a3,ethereum,validation,1708735331,16326,8,1707189113,0
0x8df586aa346c3d9d1c99a21316a2735d71355ec8,ethereum,validation,1708735487,16326,8,1708047693,0
0x33c2da7fd5b125e629b3950f3c38d7f721d7b30d,ethereum,validation,1708735547,16326,8,1708686565,0
0x97a9bac06f90940bce9caec2b880ff17707519e4,ethereum,validation,1708736507,16327,8,1708522499,0
0x1a9a17e48383ea85f097e3a02e8d63df9bb7771d,ethereum,validation,1708736567,16327,8,1708664626,0
0x17525e4f4af59fbc29551bc4ece6ab60ed49ce31,ethereum,validation,1708737071,16327,8,1704823691,0
0x1d32916cfa6534d261ad53e2498ab95505bd2510,ethereum,validation,1708737731,16328,8,1695625455,0
0x8793fb615eb92822f482f88b3137b00aad4c00d2,ethereum,validation,1708740527,16334,8,1708044389,0
0xb1a30851e3f7d841b231b086479608e17198363a,ethereum,validation,1708740695,16334,8,1706847816,0
0x1fee5588cb1de19c70b6ad5399152d8c643fae7b,ethereum,validation,1708741775,16335,8,1708710206,0
0x3afe98235d680e8d7a52e1458a59d60f45f935c0,ethereum,validation,1708741931,16335,8,1692413830,0
0x175ab41e2cedf3919b2e4426c19851223cf51046,ethereum,validation,1708742219,16335,8,1707829252,0
0x6a2e2d40b5c7bae6bbe6b22203adf3ee82010a01,ethereum,validation,1708743227,16336,8,1694094851,0
0xd11bd1e84bc54578ea0b2728780ab9b20287c83a,ethereum,validation,1708743227,16336,8,1699153355,0
0xce0bd0de35a39508916e1f63fbdaf15221c66d18,ethereum,validation,1708743299,16336,8,1708712349,0
0x986b4aff588a109c09b50a03f42e4110e29d353f,ethereum,validation,1708743695,16338,8,1705584347,0
0xff034d12353867fc4228f4ae3e689cd6dcaad120,ethereum,validation,1708744019,16338,8,1706319803,0
0x6a7ef4998eb9d0f706238756949f311a59e05745,ethereum,validation,1708744163,16338,8,1708640061,0
0xa092437a70e7f0254a2534d5a228552b49505aa7,ethereum,validation,1708744571,16338,8,1706633774,0
0xbf87595996df081c7ccd5a7a638b661d5950b6cc,ethereum,validation,1708744703,16338,8,1689215795,0
0xfc34901bbde47542ca3722fd5847e1b7ec3dfccf,ethereum,validation,1708744727,16338,8,1698920267,0
0x407620353cd0eb34e1f90195905c5053a34d664d,ethereum,validation,1708745015,16339,8,1708330287,0
0x45b72bfd8bcf1f1bd21639c2cf7334066695a8f1,ethereum,validation,1708745015,16339,8,1701251843,0
0xb244ac0f3ee2e9cae5dfdde5dab8d49fa467e1a9,ethereum,validation,1708745015,16339,8,1708710206,0
0xd624e5c89466a15812c1d45ce1533be1f16c1702,ethereum,validation,1708745591,16341,8,1707288195,0
0x04ff3dc80504e55039a685bcf97e71f96a41b6a3,ethereum,validation,1708745651,16342,8,1706389273,0
0x7b0f66fa5cf5cc28280c1e7051af881e06579362,ethereum,validation,1708746047,16342,8,1708088990,0
0x8daebade922df735c38c80c7ebd708af50815faa,ethereum,validation,1708746431,16342,8,1707820512,0
0x18677637bc6e45f38308193deb7de7ec09029e06,ethereum,validation,1708746479,16342,8,1706157323,0
0x15ee120fd69bec86c1d38502299af7366a41d1a6,ethereum,validation,1708746803,16343,8,1707326139,0
0xcaeaf8381d4b20b43afa42061d6f80319a8881f6,ethereum,validation,1708747487,16343,8,1708565084,0
0x3e9d9124596af6d8faaefc9b3e07b3ce397d34f7,ethereum,validation,1708747499,16343,8,1704854291,0
0x042afd3869a47e2d5d42cc787d5c9e19df32185f,ethereum,validation,1708747895,16343,8,1708016664,0
0x054f76beed60ab6dbeb23502178c52d6c5debe40,ethereum,validation,1708749083,16343,8,1708021764,0
0x5bc4e94ce63c5470515cbddc903f813580a2a08d,ethereum,validation,1708749323,16343,8,1708125389,0
0xc740181345c65552333e1edc797e03f11852b1c8,ethereum,validation,1708749503,16345,8,1708465047,0
0x5f018e73c185ab23647c82bd039e762813877f0e,ethereum,validation,1708749779,16345,8,1708689067,0
0x13c99770694f07279607a6274f28a28c33086424,ethereum,validation,1708749851,16346,8,1708538154,0
0xd3239cb876ae9d7da7918a3a076cba3b02eda652,ethereum,validation,1708750559,16347,8,1708640061,0
0x650f44ed6f1fe0e1417cb4b3115d52494b4d9b6d,ethereum,validation,1708750667,16347,8,1704402527,0
0x10353e08445fe6c9b41e39546561c8576b441d35,ethereum,validation,1708750955,16347,8,1708362330,0
0x0e74417b5a86bb99e6bd27cd4ef8772c8eea8310,ethereum,validation,1708751939,16350,8,1708673629,0
0x5891599664ed15c6e88041b4f5bc08594f026f0e,ethereum,validation,1708756655,16353,8,1708118403,0
0x13339fd07934cd674269726edf3b5ccee9dd93de,ethereum,validation,1708756739,16353,8,1708265938,0
0x987441856ba4f463544fc68ccbf6a80f434a7956,ethereum,validation,1708757435,16354,8,1705494071,0
0x3e1e15afd5d50b090adcc88160dd84a48ea1b80e,ethereum,validation,1708757675,16354,8,1704417203,0
0x6b785a0322126826d8226d77e173d75dafb84d11,ethereum,validation,1708757675,16354,8,1708656525,0
0x606f25e70b0b0089d841786dbab4b885404b1057,ethereum,validation,1708758083,16354,8,1708606274,0
0xa3865e64121537b5b59b5e239db4acbe6f36aa74,ethereum,validation,1708758491,16355,8,1707275126,0
0x44e28f2acc84c36373badcd681749d38e01e2cc4,ethereum,validation,1708758503,16355,8,1707738046,0
0x443b29fc978058abe3fc2f4c3c6b76c57fdecc02,ethereum,validation,1708759799,16357,8,1708656525,0
0xdf7ff54aacacbff42dfe29dd6144a69b629f8c9e,ethereum,validation,1708760735,16357,8,1707059231,0
0x4f3d2b3d55875a70251a77e22b4fecc89c1758f2,ethereum,validation,1708760831,16357,8,1708534815,0
0x80eb1c573ad895cd840dd397e71caf3a2ab9968a,ethereum,validation,1708761227,16358,8,1708599720,0
0x68a0a1fef18dfcc422db8be6f0f486dea1999edc,ethereum,validation,1708761311,16358,8,1708558798,0
0x4576e6825b462b6916d2a41e187626e9090a92c6,ethereum,validation,1708761467,16358,8,1707296037,0
0x638f24096ff33e047e05e59fabc76325207090dc,ethereum,validation,1708761563,16360,8,1708561202,0
0x910dfc18d6ea3d6a7124a6f8b5458f281060fa4c,ethereum,validation,1708762475,16366,8,1707937887,0
0xee9e7bb7e55bbc86414047b61d65c9c0d91ffbd0,ethereum,validation,1708763195,16370,8,1706684873,0
0x69e5c11a7c30f0bf84a9faecbd5161aa7a94deca,ethereum,validation,1708763819,16371,8,1707181960,0
0xc0add6fc2942d86b132f52a0a909ad6b34baaf42,ethereum,validation,1708766531,16377,8,1708094751,0
0x196c81385bc536467433014042788eb707703934,ethereum,validation,1708767563,16379,8,1708460493,0
0xa64dfe8d86963151e6496bee513e366f6e42ed79,ethereum,validation,1708767683,16379,8,1707396456,0
0xd62b9713792f130e7c4a8b988b7787150ec82caa,ethereum,validation,1708767911,16381,8,1704445103,0
0x1c11325ec05500dd587ffe0eeb2d4499b5b91e79,ethereum,validation,1708769483,16384,8,1707287388,0
0xa960d2ba7000d58773e7fa5754dec3bb40a069d5,ethereum,validation,1708770335,16385,8,1708749794,0
0x3d980e50508cfd41a13837a60149927a11c03731,ethereum,validation,1708770659,16385,8,1708580844,0
0xecf3672a6d2147e2a77f07069fb48d8cf6f6fbf9,ethereum,validation,1708771547,16388,8,1707801898,0
0x9b06d48e0529ecf05905ff52dd426ebec0ea3011,ethereum,validation,1708771919,16389,8,1705731767,0
0xf4f618eff5ef36cde2fca4fbd86554c62fb1382b,ethereum,validation,1708772075,16390,8,1708398963,0
0x7fbec0bb6a7152e77c30d005b5d49cbc08a602c3,ethereum,validation,1708772147,16390,8,1705297463,0
0xafbec4d65bc7b116d85107fd05d912491029bf46,ethereum,validation,1708772183,16390,8,1708697419,0
0x6a92e5020b38a259d14e8422ed3769c5842009cd,ethereum,validation,1708772579,16392,8,1702242453,0
0x3c4008eca800ec1283e4cf500e68d06bfabc00a8,ethereum,validation,1708773647,16396,8,1708483737,0
0x8d11c55b4e6a8ca74edec6980400e3b81d65842a,ethereum,validation,1708774115,16397,8,1706040671,0
0x01e0e2e61f554ecaaec0cc933e739ad90f24a86d,ethereum,validation,1708774631,16399,8,1708383365,0
0xcfe4eb08e33272d98cb31e37a7be78d5c1b740c1,ethereum,validation,1708774667,16399,8,1707174303,0
0x15f0eedf9ce24fc4b6826e590a8292ce5524a1da,ethereum,validation,1708775327,16400,8,1706590806,0
0x488cf9905cd9f5dea7212b4571c8b1052631ab8d,ethereum,validation,1708777319,16404,8,1705364579,0
0x17ac188e09a7890a1844e5e65471fe8b0ccfadf3,ethereum,validation,1708777631,16405,8,1706479269,0
0xeb547ed1d8a3ff1461abaa7f0022fed4836e00a4,ethereum,validation,1708778447,16407,8,1702199195,0
0xdb25ca703181e7484a155dd612b06f57e12be5f0,ethereum,validation,1708779599,16409,8,1708660691,0
0x15b43a4259f4fd84cb9425d53526962a202c7cef,ethereum,validation,1708781495,16412,8,1706895866,0
0xbb0a009ba1eb20c5062c790432f080f6597662af,ethereum,validation,1708782119,16412,8,1704303360,0
0xfef3bef71a5eb97e097039038776fd967ae5b106,ethereum,validation,1708782815,16412,8,1706354219,0
0x095797fd4297fb79883cc912a5ba6313b15c445d,ethereum,validation,1708782911,16412,8,1700651603,0
0xd4df22556e07148e591b4c7b4f555a17188cf5cf,ethereum,validation,1708782935,16412,8,1704455465,0
0x528d50dc9a333f01544177a924893fa1f5b9f748,ethereum,validation,1708784507,16414,8,1708527426,0
0x26ff6d16549a00ba8b36ce3159b5277e6e798d18,ethereum,validation,1708784615,16414,8,1707895672,0
0xdb5be53abd3421b466952269175eeb1af829c792,ethereum,validation,1708786727,16416,8,1698099995,0
0xacc48f65f8701f376bc4ba13f4bc103f31dda74e,ethereum,validation,1708788011,16421,8,1704409511,0
0x334cbb5858417aee161b53ee0d5349ccf54514cf,ethereum,validation,1708788839,16421,8,1703827811,0
0xf668e6d326945d499e5b35e7cd2e82acfbcfe6f0,ethereum,validation,1708788839,16421,8,1708785381,0
0xce593a29905951e8fc579bc092eca72577da575c,ethereum,validation,1708788959,16421,8,1708132858,0
0x828b154032950c8ff7cf8085d841723db2696056,ethereum,validation,1708789475,16421,8,1708751253,0
0x471518efaf6103599c51c05f56503a9c3f170273,ethereum,validation,1708790543,16421,8,1708745412,0
0xb9e7f8568e08d5659f5d29c4997173d84cdf2607,ethereum,validation,1708791107,16422,8,1707928684,0
0x72ca0501427bb8f089c1c4f767cb17d017e803a9,ethereum,validation,1708791455,16422,8,1708771349,0
0xc70d66889c6cd013cc549daf0bdc96127ab1c9f0,ethereum,validation,1708791635,16422,8,1699677563,0
0x55fb228730ed971269ebf284c7500d5ff572a141,ethereum,validation,1708791707,16422,8,1708545476,0
0xd9ea86b189e97c6119238d10fa940e23fb6bd073,ethereum,validation,1708793423,16423,8,1707080366,0
0xb1f136a74e18e4e2921febbf25820d1bb65b5647,ethereum,validation,1708793819,16424,8,1707977941,0
0x4a5b3d0004454988c50e8de1bcfc921ee995ade3,ethereum,validation,1708794887,16424,8,1708635095,0
0x21686f8ce003a95c99acd297e302faacf742f7d4,ethereum,validation,1708796711,16425,8,1706307060,0
0xf256cc7847e919fac9b808cc216cac87ccf2f47a,ethereum,validation,1708797203,16428,8,1708044389,0
0x7f9c17de7520fe93d954e4be9345547d1f62a752,ethereum,validation,1708799651,16432,8,1690761707,0
0x79c71d3436f39ce382d0f58f1b011d88100b9d91,ethereum,validation,1708800239,16434,8,1704658896,0
0x0ada190c81b814548ddc2f6adc4a689ce7c1fe73,ethereum,validation,1708801235,16437,8,1707847973,0
0xb8bfc44e465ffd4e86f173ad3e5d38441e8c074c,ethereum,validation,1708801235,16437,8,1694258927,0
0x5d21ef5f25a985380b65c8e943a0082feda0db84,ethereum,validation,1708802051,16437,8,1706804790,0
0xaaa234b42d35e3a459b15c5066cf30793f68a275,ethereum,validation,1708802363,16437,8,1705483271,0
0xdc14c643d2e7de53ed68a44daad2ff4156810de8,ethereum,validation,1708802363,16437,8,1703766923,0
0xfb4fddc7aee35d67c60122b0e4ecf74465312923,ethereum,validation,1708802363,16437,8,1705877927,0
0x6c4b85cab20c13af72766025f0e17e0fe558a553,ethereum,validation,1708803071,16439,8,1708538154,0
0x69d47846bb7b884062fabc08a4a7deadcd98c45b,ethereum,validation,1708804163,16440,8,1708565084,0
0xbbeca80a4c99c3b1bd3c10e64595d0fc7dc26ee0,ethereum,validation,1708805183,16442,8,1708633246,0
0x9f4909cc95fb870bf48c128c1fdbb5f482797632,ethereum,validation,1708806083,16443,8,1705996775,0
0xbb3c2a170fbb8988cdb41c04344f9863b0f71c20,ethereum,validation,1708806107,16443,8,1708772431,0
0xc0114f14638a333a4d5c3b04f09b96372348a842,ethereum,validation,1708806179,16443,8,1705550039,0
0x5a56da75c50aa2733f5fa9a2442aaefcbc60b2e6,ethereum,validation,1708807223,16444,8,1708709569,0
0x4eed0fa8de12d5a86517f214c2f11586ba2ed88d,ethereum,validation,1708807727,16444,8,1708680493,0
0x0f3adc247e91c3c50bc08721355a41037e89bc20,ethereum,validation,1708807883,16444,8,1708509530,0
0xe48972fcd82a274411c01834e2f031d4377fa2c0,ethereum,validation,1708809275,16448,8,1707267994,0
0x9aea32b459e96c8ef5010f69130bf95fd129ac05,ethereum,validation,1708810211,16450,8,1706082803,0
0x0a6e481cb5f2d976b2edac4f67dcc824ccdae4af,ethereum,validation,1708810955,16451,8,1708054246,0
0xedd7c94fd7b4971b916d15067bc454b9e1bad980,ethereum,validation,1708811699,16453,8,1708805034,0
0x80d4f13acc30968fd6225b1ea79f5779f09fee60,ethereum,validation,1708812071,16454,8,1708736169,0
0x50643e437b24c6416d52b6d67435b1030565d23e,ethereum,validation,1708812407,16454,8,1708811101,0
0x8cc0f052fff7ead7f2edcccac895502e884a8a71,ethereum,validation,1708812875,16454,8,1708802999,0
0x7a9716685f852ee268feb86dffa562d214cc13db,ethereum,validation,1708813571,16455,8,1702847280,0
0x29e240cfd7946ba20895a7a02edb25c210f9f324,ethereum,validation,1708814387,16455,8,1708658666,0
0x28fda76721a8077a5de802ab0212849b8c38429e,ethereum,validation,1708815107,16456,8,1708227569,0
0x239dc02a28a0774738463e06245544a72745d5c5,ethereum,validation,1708816283,16457,8,1700372447,0
0x33e18a092a93ff21ad04746c7da12e35d34dc7c4,ethereum,validation,1708817627,16461,8,1708134221,0
0xe4f6d46c244bb7cf3e218cdfb5c35cf9a4d9c920,ethereum,validation,1708817987,16461,8,1708661033,0
0xb67718b98d52318240c52e71a898335da4a28c42,ethereum,validation,1708819367,16463,8,1708718289,0
0x6758b7d441a9739b98552b373703d8d3d14f9e62,ethereum,validation,1708819427,16463,8,1705561775,0
0x5c4ac68aac56ebe098d621cd8ce9f43270aaa355,ethereum,validation,1708819787,16463,8,1708471780,0
0x4f08705fb8f33affc231ed66e626b40e84a71870,ethereum,validation,1708821299,16464,8,1705433327,0
0x12aef5c60c2c86c8ecd3079f22f285f326371340,ethereum,validation,1708821323,16464,8,1708018192,0
0x9250fd963a7c7d23a1e5ca9ade6c43cf5e846b20,ethereum,validation,1708821395,16464,8,1707876103,0
0x8e3cf6478582a87a30cd5e6a10e939b642cd7c16,ethereum,validation,1708821515,16465,8,1707921817,0
0xbbff34e47e559ef680067a6b1c980639eeb64d24,ethereum,validation,1708821803,16465,8,1706637566,0
0x909171ab06909ff74cc183039567ddc071754acd,ethereum,validation,1708822835,16467,8,1708783401,0
0xb15ae165000c8d7b69d2a82e425e110668c73ad5,ethereum,validation,1708823267,16467,8,1707766586,0
0xa6ed258e3126be568a5f53ade7b6a1e478e5ef98,ethereum,validation,1708823303,16467,8,1708811248,0
0xfd89489d6e4ada8922e3863cfbbc7ac7299c8c8d,ethereum,validation,1708823591,16468,8,1692791843,0
0xc5068471fe18eda3b362231d01ae30ba6a91ff0d,ethereum,validation,1708823903,16468,8,1708173822,0
0x86a0adf389ba99006633978ddd43c5aa711ddf3e,ethereum,validation,1708824251,16469,8,1708761677,0
0x0c7b199ac2bca0dba8d1785480648f0318b9a7b8,ethereum,validation,1708825091,16469,8,1706595913,0
0x75739d5944534115d7c54ee8c73f186d793bae02,ethereum,validation,1708825427,16469,8,1708516669,0
0xd2f29748f8698606dca9f48b8967241b595ab9e5,ethereum,validation,1708826087,16469,8,1708373563,0
0x07ef9e82721ac16809d24dafbe1792ce01654db4,ethereum,validation,1708826831,16469,8,1708152319,0
0x3f3b3b269d9f7088b022290906acff8710914be1,ethereum,validation,1708827251,16469,8,1707742012,0
0x8171740c3f6631da0496ca237e6ec7b9b94ed01e,ethereum,validation,1708828679,16472,8,1706804790,0
0xe84d9e32dc8ce819b8d6c83e50edafd46c6354db,ethereum,validation,1708828739,16472,8,1704292355,0
0xfbeb78a723b8087fd2ea7ef1afec93d35e8bed42,ethereum,validation,1708829255,16473,8,1708822340,0
0x02814f435dd04e254be7ae69f61fca19881a780d,ethereum,validation,1708829363,16473,8,1708772032,0
0xfa6de2697d59e88ed7fc4dfe5a33dac43565ea41,ethereum,validation,1708829687,16474,8,1708829018,0
0x62ac81d9c0342ab42de2a9afb2facfbd5399b996,ethereum,validation,1708830383,16474,8,1698920267,0
0x0789dbae94fb18e5789b8e4489bcb7a1adb58622,ethereum,validation,1708832303,16477,8,1707808294,0
0xbbf81f52abbe8f1747d4a1fe8d8ed473c1f4099f,ethereum,validation,1708833359,16478,8,1705905779,0
0xae3e150992cc3d35960896556a57044a80eac3b5,ethereum,validation,1708833671,16478,8,1708014818,0
0x072987d5b36ad8d45552aed98879a7101ccdd749,ethereum,validation,1708834583,16480,8,1706548988,0
0x174c47d6a4e548ed2b7d369dc0ffb2e60a6ac0f8,ethereum,validation,1708835075,16481,8,1708823352,0
0xc182266788ec87e4f66679e78d42b6bdab878f3e,ethereum,validation,1708835267,16481,8,1708676232,0
0x321bd6fa7696e0e4ba082e454b6e87b6c8372b27,ethereum,validation,1708835651,16482,8,1704558167,0
0xd49efa7bc0d339d74f487959c573d518ba3f8437,ethereum,validation,1708835939,16482,8,1708191889,0
0xfa22bbb40007f4220a2b1af517ced454c60cd23e,ethereum,validation,1708837547,16484,8,1701688127,0
0xb3319f5d18bc0d84dd1b4825dcde5d5f7266d407,ethereum,validation,1708837619,16484,8,1706354219,0
0xea83ae0b4f0ad8dfa4947c3afdd8206968ead1a5,ethereum,validation,1708837883,16484,8,1703104679,0
0xf34842d05a1c888ca02769a633df37177415c2f8,ethereum,validation,1708838063,16484,8,1708236726,0
0x36c833eed0d376f75d1ff9dfdee260191336065e,ethereum,validation,1708838147,16484,8,1708378442,0
0xb8c3b7a2a618c552c23b1e4701109a9e756bab67,ethereum,validation,1708838495,16486,8,1707261311,0
0xc2193d9f8e056ec9c43b59a29b53d9c6190147a4,ethereum,validation,1708838579,16486,8,1708832539,0
0xfb298521359f8239c2941f93bd2d40ecfe6a2dc5,ethereum,validation,1708838699,16486,8,1706984146,0
0x8578530205cecbe5db83f7f29ecfeec860c297c2,ethereum,validation,1708838819,16486,8,1708736169,0
0x0cdbbc7fe1c8da0cc41ba96d7edb4cce5982f23f,ethereum,validation,1708839227,16489,8,1700142671,0
0x1c2641f9574d9288f4ca8d24c4894675bb17cb01,ethereum,validation,1708839683,16492,8,1708758384,0
0xf4172630a656a47ece8616e75791290446fa41a0,ethereum,validation,1708840331,16492,8,1708152319,0
0xe36d924d22a409d324dc02676a796e0f2b608cc5,ethereum,validation,1708840655,16493,8,1706133551,0
0xe77c99b64414e0fd9aeea48affbbd2e97a895020,ethereum,validation,1708842311,16496,8,1708027951,0
0xb05097849bca421a3f51b249ba6cca4af4b97cb9,ethereum,validation,1708842467,16496,8,1708328630,0
0x0ba11dee8b63f08ea25d0cc733601e8c15325a8d,ethereum,validation,1708842563,16496,8,1708568599,0
0x41535fc6adcb81a7af1bd4669d221983ed4e33af,ethereum,validation,1708842563,16496,8,1704385871,0
0x0e9b56d2233ea2b5883861754435f9c51dbca141,ethereum,validation,1708842911,16497,8,1707593173,0
0xbafdabadcf19d0cfbbe0ab9c69cf050d86ff888c,ethereum,validation,1708843859,16499,8,1708031207,0
0xeaba187306335dd773ca8042b3792c46e213636a,ethereum,validation,1708844579,16503,8,1708702152,0
0xfa3472f7319477c9bfecdd66e4b948569e7621b9,ethereum,validation,1708844639,16503,8,1706707716,0
0x4550003152f12014558e5ce025707e4dd841100f,ethereum,validation,1708844843,16504,8,1708092206,0
0x670b73820441b54c118ae4546aaee401d4dc7aa0,ethereum,validation,1708845239,16504,8,1708071931,0
0x9c9426fc8972f0eca475907196afea4d3c9a555a,ethereum,validation,1708845635,16505,8,1705085341,0
0x04e0af0af1b7f0023c6b12af5a94df59b0e8cf59,ethereum,validation,1708846055,16511,8,1708328630,0
0x44e2dec86b9f0e0266e9aa66e10323a2bd69cf9a,ethereum,validation,1708847651,16514,8,1708320636,0
0x21cd6af01383651ed10554394c0497f9db5e5dbc,ethereum,validation,1708847891,16514,8,1708527830,0
0xe824f81cd136bb7a28480baf8d7e5f0e8e4b693e,ethereum,validation,1708848311,16516,8,1708803371,0
0xb7df0f42fae30acf30c9a5ba147d6b792b5eb9d9,ethereum,validation,1708848335,16517,8,1706066195,0
0x1fd19dbdc459422d88cf83ccbe9d8142bd8b7a53,ethereum,validation,1708849247,16519,8,1705715733,0
0xdbcf507c2cd8d99c1ef3e250bbb0c3b29aab5520,ethereum,validation,1708849655,16522,8,1708536231,0
0xa6a1cc527d48585538b137e6abc14b2a55489d11,ethereum,validation,1708850183,16528,8,1705841963,0
0x17021f9bafeec8c12db605624797a52fc8bcc57c,ethereum,validation,1708851431,16532,8,1708738770,0
0x9c215206da4bf108ae5aeef9da7cad3352a36dad,ethereum,validation,1708851779,16532,8,1705724339,0
0x003fe85895030ce120e954b98dc1d96a262a9e89,ethereum,validation,1708851923,16532,8,1705925680,0
0xf823fd9ac0abb8d779076a41daa049844299f6ed,ethereum,validation,1708852523,16533,8,1708675512,0
0xc7ff1e126cc81e816915ff48c940ed9d4e6d05d6,ethereum,validation,1708853471,16533,8,1707306212,0
0x626ec9dbc68cef6d50cfe47d939b39b34dd76d0c,ethereum,validation,1708853711,16534,8,1706133551,0
0x43de1145cd22f0a9cc99e51c205e6e81161df6b9,ethereum,validation,1708853879,16534,8,1708269975,0
0x0667d72e77d899a81965ffd415a5ea45d4a1275a,ethereum,validation,1708854011,16534,8,1699608239,0
0xb5cd090010d4735f18306eb680d898ef9f36f044,ethereum,validation,1708855739,16535,8,1708535520,0
0xeab107a7e32bc0b785952a40dc45432ea168b1c4,ethereum,validation,1708855811,16535,8,1708448181,0
0x9ed1439d328647bdb148c20316ea024c719a735b,ethereum,validation,1708856003,16535,8,1708363659,0
0xc05e3dff2591c97425358337e055bddf177fed0d,ethereum,validation,1708856711,16540,8,1708511753,0
0x77d0cb0ab54f9e74b9405a5b3f60da06a78f1aad,ethereum,validation,1708856903,16540,8,1708824128,0
0x9c5476af06590a9277c7706fe70c0a42a480f8a0,ethereum,validation,1708857155,16540,8,1708802999,0
0xa92a861fc11b99b24296af880011b47f9cafb5ab,ethereum,validation,1708857479,16541,8,1702203257,0
0xac6df26a590f08dcc95d5a4705ae8abbc88509ef,ethereum,validation,1708858247,16542,8,1708809373,0
0xf0a93d4994b3d98fb5e3a2f90dbc2d69073cb86b,ethereum,validation,1708858319,16542,8,1708563353,0
0xae66e13e7ff6f505c6e53adfe47b2b9082b9e0ea,ethereum,validation,1708858919,16544,8,1705522053,0
0x63bd91ee1804e0e76e2d0536cda94bb6101a1126,ethereum,validation,1708859435,16544,8,1707411794,0
0x220abe1a5707587fe82a0fc4c192769b25f0da48,ethereum,validation,1708859819,16545,8,1706557232,0
0x5274891bec421b39d23760c04a6755ecb444797c,ethereum,validation,1708859867,16545,8,1708549487,0
0x70605a6457b0a8fbf1eee896911895296eab467e,ethereum,validation,1708861007,16546,8,1708124521,0
0xcc5366301278a0e6202b53eea86c3a40aeb6adb2,ethereum,validation,1708861175,16546,8,1706283335,0
0x4cbb6a5ec00ceec252a7091559484f7adb83165f,ethereum,validation,1708861547,16548,8,1706373239,0
0x5d43b66da68706d39f6c97f7f1415615672b446b,ethereum,validation,1708863263,16553,8,1708559306,0
0x5aa653a076c1dbb47cec8c1b4d152444cad91941,ethereum,validation,1708863311,16553,8,1705364327,0
0xc0425f0c7f84956d21ad767abd1892344783be29,ethereum,validation,1708864151,16556,8,1703827811,0
0x0f67a226c385500c68ffa8bb7fbe0db15fe65e24,ethereum,validation,1708864511,16556,8,1708278246,0
0xe18b0365d5d09f394f84ee56ed29dd2d8d6fba5f,ethereum,validation,1708865279,16557,8,1708658666,0
0x896e145568624a498c5a909187363ae947631503,ethereum,validation,1708865675,16557,8,1708722220,0
0xa5ef74068d04ba0809b7379dd76af5ce34ab7c57,ethereum,validation,1708865783,16558,8,1708772961,0
0xc18358243294ecf28955f7029559a253f04b4ad9,ethereum,validation,1708865843,16558,8,1708022343,0
0x54a7cee7b02976ace1bdd4afad87273251ed34cf,ethereum,validation,1708866575,16558,8,1707290814,0
0xd354b4ebe1521e8301a14d370b109f6cf4dd3a80,ethereum,validation,1708868159,16561,8,1702496543,0
0xeed9e4f2450035d6426276a8aa2084966ee3b1bb,ethereum,validation,1708868159,16561,8,1708845732,0
0x9ba9d392be8b4ca159b1934e531d13ad66da023c,ethereum,validation,1708868207,16561,8,1708858423,0
0x47bc01597798dcd7506dcca36ac4302fc93a8cfb,ethereum,validation,1708868423,16561,8,1708708533,0
0x317eb4ad9cfac6232f0046831322e895507bcbeb,ethereum,validation,1708869575,16564,8,1708538713,0
0x3294b364a44f2f75c375fc8d8e2ccc59dd497fe4,ethereum,validation,1708870247,16565,8,1708544081,0
0xa813ac8e0db2c9ec28d2b2725461a5765f366eeb,ethereum,validation,1708870547,16565,8,1708288806,0
0xf5c6d9fc73991f687f158fe30d4a77691a9fd4d8,ethereum,validation,1708870607,16565,8,1708839680,0
0x99f618edcfedca1fcc8302e14daa84802114a8c5,ethereum,validation,1708871099,16567,8,1708766165,0
0xc80285cbe1b73aa6b7f984abdc7ee85cced6df43,ethereum,validation,1708871639,16569,8,1707326139,0
0x56ef04219a6afe82fa298023364ecfd84f137259,ethereum,validation,1708871867,16569,8,1706323789,0
0x05ec93c0365baaeabf7aeffb0972ea7ecdd39cf1,ethereum,validation,1708871891,16569,8,1707421873,0
0x20d60c6eb195868d4643f2c9b0809e4de6cc003d,ethereum,validation,1708871927,16569,8,1708777183,0
0x2129ff6000b95a973236020bcd2b2006b0d8e019,ethereum,validation,1708872599,16569,8,1708611328,0
0x3936ad01cf109a36489d93cabda11cf062fd3d48,ethereum,validation,1708874591,16571,8,1708107956,0
0xc39326163e39900105d17334d25754179b5aadb7,ethereum,validation,1708874603,16571,8,1706351867,0
0x0be7c99ff48fccb4aa8096d174cacf079c3d1717,ethereum,validation,1708874735,16571,8,1708458571,0
0x3e7570058930728e03b798673ae2a43fdc209758,ethereum,validation,1708874963,16571,8,1708027951,0
0x8e30ea2329d95802fd804f4291220b0e2f579812,ethereum,validation,1708876799,16574,8,1708708533,0
0x733d626419362d4a822f54e6adcc7c806b01f13a,ethereum,validation,1708877615,16576,8,1696436747,0
0x613fa2a6e6daa70c659060e86ba1443d2679c9d7,ethereum,validation,1708877699,16576,8,1708572417,0
0xcbd55d4ffc43467142761a764763652b48b969ff,ethereum,validation,1708877723,16576,8,1708841411,0
0xc4cb5793bd58bad06bf51fb37717b86b02cbe8a4,ethereum,validation,1708878059,16577,8,1707995078,0
0xd09124e8a1e3d620e8807ad1d968021a5495cee8,ethereum,validation,1708878707,16579,8,1697801699,0
0xac0650178e8be0c26b25673618c7be465a40aaf9,ethereum,validation,1708880063,16584,8,1708758384,0
0x1111158f88410da5f92c7e34c01e7b8649bc0155,ethereum,validation,1708880279,16585,8,1706382117,0
0x3a1bda28adb5b0a812a7cf10a1950c920f79bcd3,ethereum,validation,1708880903,16589,8,1708328630,0
0xaee433adebe0fbb88daa47ef0c1a513caa52ef02,ethereum,validation,1708881503,16592,8,1708777953,0
0x36ff4dae0e88113d68b1209e245b0e3af92e9d58,ethereum,validation,1708881947,16593,8,1708328630,0
0xb622400807765e73107b7196f444866d7edf6f62,ethereum,validation,1708881995,16593,8,1708593613,0
0xc4cefdf1bc9fde0ef82cdfe609dc743ee23ff1ca,ethereum,validation,1708882643,16594,8,1708610144,0
0xf6e06b54855eff198a2d9a8686113665499a6134,ethereum,validation,1708883387,16597,8,1706302931,0
0x23cd7da31501aa54f61384a3756fb4a1329dbb2c,ethereum,validation,1708885235,16600,8,1698485665,0
0xff262396f2a35cd7aa24b7255e7d3f45f057cdba,ethereum,validation,1708885655,16600,8,1705759151,0
0x0e22734e078d6e399bcee40a549db591c4ea46cb,ethereum,validation,1708886495,16602,8,1706383187,0
0xfbbe098ee65238e4d9f771404edddcbf89cd689b,ethereum,validation,1708886555,16602,8,1708845795,0
0x89fb927240750c1b15d4743cd58440fc5f14a11c,ethereum,validation,1708887203,16604,8,1708664683,0
0x26a604dffe3ddab3bee816097f81d3c4a2a4cf97,ethereum,validation,1708888355,16604,8,1708843584,0
0x4d44925343068f572ce213a4e4dee342c71c7c48,ethereum,validation,1708888499,16604,8,1707187565,0
0x378a7820feb43112399f79c1cc415c1989bc3437,ethereum,validation,1708889243,16606,8,1706397191,0
0x1a5f9352af8af974bfc03399e3767df6370d82e4,ethereum,validation,1708889339,16606,8,1707767805,0
0xfab5a05c933f1a2463e334e011992e897d56ef0a,ethereum,validation,1708890107,16607,8,1706655221,0
0xe537b5cc158eb71037d4125bdd7538421981e6aa,ethereum,validation,1708890491,16607,8,1708709569,0
0xa15865d9de09cb96aaa3a9081b3dfc8481f07d33,ethereum,validation,1708890515,16607,8,1707315652,0
0x1c1c14a6b5074905ce5d367b0a7e098b58ebfd47,ethereum,validation,1708890707,16607,8,1708661033,0
0xaf691508ba57d416f895e32a1616da1024e882d2,ethereum,validation,1708892987,16615,8,1708545476,0
0xb2114e5420927932666a5c5bd1ac4e14d9ede32b,ethereum,validation,1708894031,16618,8,1708785381,0
0xbde4c4a9057595fa16d38e0bd7871ef119045a84,ethereum,validation,1708894823,16619,8,1705769099,0
0x2e10348ee563dec5fe483de558d1946b7a3372c2,ethereum,validation,1708895159,16619,8,1708234615,0
0xebf4ca5319f406602eeff68da16261f1216011b5,ethereum,validation,1708895591,16619,8,1705240031,0
0x794baab6b878467f93ef17e2f2851ce04e3e34c8,ethereum,validation,1708896323,16619,8,1705364579,0
0xc383a3833a87009fd9597f8184979af5edfad019,ethereum,validation,1708896383,16619,8,1703827811,0
0x9043d4d51c9d2e31e3f169de4551e416970c27ef,ethereum,validation,1708896527,16619,8,1708851420,0
0x6ff1bfa14a57594a5874b37ff6ac5efbd9f9599a,ethereum,validation,1708896959,16619,8,1708516669,0
0xca76543cf381ebbb277be79574059e32108e3e65,ethereum,validation,1708898231,16620,8,1708594450,0
0x0b176fbf6b86020b6e8aa9125c69da50781e51dc,ethereum,validation,1708899011,16620,8,1708014818,0
0xeea9ae787f3a620072d13b2cdc8cabffb9c0ab96,ethereum,validation,1708899179,16621,8,1708738770,0
0xbc0e2969d23a084a0bb65a2b9a4242e7f9ea65b6,ethereum,validation,1708899707,16624,8,1705094916,0
0x6c059413686565d5ad6cce6eed7742c42dbc44ca,ethereum,validation,1708900295,16626,8,1704201092,0
0x617ead3c59ded3ea1bb17881118cf310144b450f,ethereum,validation,1708900595,16628,8,1708304706,0
0xbe038a2fdfec62cf1bed852f141a43005035edcc,ethereum,validation,1708900655,16628,8,1708869853,0
0xbffd4d255f9917030b1dc8843ebdad531409c607,ethereum,validation,1708900715,16628,8,1708750518,0
0x3709e8615e02c15b096f8a9b460ccb8ca8194e86,ethereum,validation,1708900991,16630,8,1707314434,0
0x1a969239e12f07281f8876d11afcee081d872adf,ethereum,validation,1708901483,16631,8,1708834303,0
0x05be74ef20d24f59a581e88726778d940daf2feb,ethereum,validation,1708901519,16631,8,1702382927,0
0xcd12abff956d2f6bc755295cee7a6bb4382b7f32,ethereum,validation,1708901555,16631,8,1704802235,0
0x39b25b7e62bc4b53117901a00613e58cf31e283b,ethereum,validation,1708902347,16633,8,1705967027,0
0xadb33228a692b9cde1177beff5c8f0b219ab1c5d,ethereum,validation,1708902347,16633,8,1702376279,0
0xfb835c9cfc0dcc1b84fb5efeeadf753b90e2bee5,ethereum,validation,1708902347,16633,8,1705339955,0
0xda4dd9586d27202a338843dd6b9824d267006783,ethereum,validation,1708903571,16633,8,1708878223,0
0x75cb71325a44fb102a742626b723054acb7e1394,ethereum,validation,1708903703,16634,8,1705396475,0
0xa11f858a06bdcc797c8824a01ef154b311576e03,ethereum,validation,1708903739,16634,8,1708529215,0
0x01597e397605bf280674bf292623460b4204c375,ethereum,validation,1708904123,16634,8,1707764370,0
0xda446fad08277b4d2591536f204e018f32b6831c,ethereum,validation,1708904531,16635,8,1708591787,0
0x7671904eed7f10808b664fc30bb8693fd7237abf,ethereum,validation,1708904651,16635,8,1708784031,0
0x807a0774236a0fbe9e7f8e7df49edfed0e6777ea,ethereum,validation,1708905239,16636,8,1708479282,0
0x25ec98773d7b4ced4cafab96a2a1c0945f145e10,ethereum,validation,1708905299,16636,8,1706134775,0
0xc9e6f8eb127666e138a9c33e792fc0309a861eba,ethereum,validation,1708906319,16636,8,1708535520,0
0xc1ecfaf43c53bec9b9143ab274f35603fd10b886,ethereum,validation,1708906343,16636,8,1708089935,0
0xf9fb4ad91812b704ba883b11d2b576e890a6730a,ethereum,validation,1708906763,16636,8,1708563680,0
0x1e6bb68acec8fefbd87d192be09bb274170a0548,ethereum,validation,1708907003,16636,8,1707965058,0
0x19a71179fd41c19f8dfb1f38343482bec0271e3c,ethereum,validation,1708907447,16638,8,1708460493,0
0x428dca9537116148616a5a3e44035af17238fe9d,ethereum,validation,1708907519,16638,8,1708314952,0
0xd432e8611377e307d3e5710132515be1e6aa6156,ethereum,validation,1708907915,16638,8,1708231263,0
0xf5238462e7235c7b62811567e63dd17d12c2eaa0,ethereum,validation,1708908479,16638,8,1706383320,0
0x3a9fff453d50d4ac52a6890647b823379ba36b9e,ethereum,validation,1708908551,16638,8,1705164319,0
0xd536bbd5414a8c2beed82a63737b9327d2fa35a6,ethereum,validation,1708908887,16639,8,1704879755,0
0x5bbe36152d3cd3eb7183a82470b39b29eedf068b,ethereum,validation,1708909271,16639,8,1708018192,0
0xbf44fbcc181e297e1532b72c6ca500fe150c5b9e,ethereum,validation,1708909331,16639,8,1708637909,0
0x220b71671b649c03714da9c621285943f3cbcdc6,ethereum,validation,1708909799,16639,8,1706314295,0
0xd6ea40597be05c201845c0bfd2e96a60bacde267,ethereum,validation,1708910615,16640,8,1708749794,0
0x67e019bfbd5a67207755d04467d6a70c0b75bf60,ethereum,validation,1708910639,16640,8,1701821763,0
0xd347e7a3ddf5ce4c42e19a4f30eeaa761795c72b,ethereum,validation,1708910639,16640,8,1708098601,0
0x6ede7f19df5df6ef23bd5b9cedb651580bdf56ca,ethereum,validation,1708910771,16640,8,1708830813,0
0x82c83dda32db09f63f9a59a129278f3fdc3eee67,ethereum,validation,1708910795,16640,8,1708863603,0
0x3757232b55e60da4a8793183ac030cfce4c3865d,ethereum,validation,1708910939,16640,8,1708852502,0
0x8e595470ed749b85c6f7669de83eae304c2ec68f,ethereum,validation,1708910987,16640,8,1708881678,0
0x845838df265dcd2c412a1dc9e959c7d08537f8a2,ethereum,validation,1708911239,16641,8,1708773663,0
0xe1406825186d63980fd6e2ec61888f7b91c4bae4,ethereum,validation,1708912079,16642,8,1705195053,0
0x684be65bfc554406701f65bd9ed441b63f86b5ec,ethereum,validation,1708912439,16642,8,1708722678,0
0xa79c1d3a0f0a21ec5b0ee2f96685aacfacc95dfb,ethereum,validation,1708912607,16642,8,1708792203,0
0x674c6ad92fd080e4004b2312b45f796a192d27a0,ethereum,validation,1708913723,16642,8,1708539696,0
0xd24946147829deaa935be2ad85a3291dbf109c80,ethereum,validation,1708913843,16642,8,1708199381,0
0x13b2f6928d7204328b0e8e4bcd0379aa06ea21fa,ethereum,validation,1708913891,16642,8,1707059231,0
0x88cb253d4c8cab8cdf7948a9251db85a13669e23,ethereum,validation,1708914131,16642,8,1691416859,0
0xb9a6644bef37286fc08e703ecd15e9dedf78d3eb,ethereum,validation,1708914791,16642,8,1708027951,0
0x5d8038644608d1f849ed2c6863a2ea667e53371a,ethereum,validation,1708914995,16642,8,1708575751,0
0xe53940db3ce1ccc33375129b6e211b39221035e4,ethereum,validation,1708915475,16643,8,1708312153,0
0xcda2f16c6aa895d533506b426aff827b709c87f5,ethereum,validation,1708915931,16645,8,1708448181,0
0x1c84656cb4c286daa16f27d8b305f1053b5a8771,ethereum,validation,1708916027,16645,8,1707565958,0
0xe54f9e6ab80ebc28515af8b8233c1aee6506a15e,ethereum,validation,1708916555,16645,8,1707284097,0
0xdefcafe7eac90d31bbba841038df365de3c4e207,ethereum,validation,1708916831,16645,8,1708814500,0
0x32779a598c7820ad5f13031c0d91e66dceda31bd,ethereum,validation,1708916951,16645,8,1708597154,0
0x964da6849423cbdd36768dbd227a5674449378ac,ethereum,validation,1708917131,16645,8,1697913008,0
0x7dbdd9dafdc4c1c03d67925a4f85daa398af32b0,ethereum,validation,1708917851,16645,8,1687385663,0
0x56694577564fdd577a0abb20fe95c1e2756c2a11,ethereum,validation,1708918127,16645,8,1707585017,0
0xfed656555a88c86675d2bf01a3b7861c3f89d478,ethereum,validation,1708919279,16652,8,1707421873,0
0xb29663aa4e2e81e425294193616c1b102b70a158,ethereum,validation,1708919507,16652,8,1708181328,0
0xda9fdab21bc4a5811134a6e0ba6ca06624e67c07,ethereum,validation,1708919795,16653,8,1707556773,0
0x1c98b54d673c026c8286badca3e840aaf72931a3,ethereum,validation,1708920623,16654,8,1700505011,0
0x56a86d648c435dc707c8405b78e2ae8eb4e60ba4,ethereum,validation,1708920671,16654,8,1708561202,0
0x36b203cb3086269f005a4b987772452243c0767f,ethereum,validation,1708920971,16654,8,1697020547,0
0x4937a209d4cdbd3ecd48857277cfd4da4d82914c,ethereum,validation,1708922795,16657,8,1707261311,0
0x98b29a7628d46a5bf03ac8b587bfc01f4fceab91,ethereum,validation,1708922999,16658,8,1708772431,0
0x01fb70ea8acfdd5435c8e8bd1531d96d57ced0ec,ethereum,validation,1708923395,16663,8,1702978131,0
0x9275e8386a5bdda160c0e621e9a6067b8fd88ea2,ethereum,validation,1708923419,16663,8,1706989325,0
0xa143ac515dca260a46c742c7251ef3b268639593,ethereum,validation,1708925687,16664,8,1708702928,0
0x93d3696a9f879b331f40cb5059e37015423a3bd0,ethereum,validation,1708925903,16664,8,1707710482,0
0x9fd1d329bb687fef164f529f6f6dcd6f69e7b978,ethereum,validation,1708926347,16665,8,1708371816,0
0x8a053350ca5f9352a16ded26ab333e2d251dad7c,ethereum,validation,1708926575,16666,8,1708101919,0
0x31e2abf378fcc64902a958d79cdea44250c62cc1,ethereum,validation,1708926815,16666,8,1704292355,0
0xb12907dcd65e09871bbd6f1659436f3be310af65,ethereum,validation,1708927523,16667,8,1708705712,0
0xbbb38be7c6d954320c0297c06ab3265a950cdf89,ethereum,validation,1708927895,16667,8,1708849477,0
0x1e7a53220c128d100b56970ce88ee963a9511370,ethereum,validation,1708927907,16667,8,1700760395,0
0x236d53148f83706c3d670064809577385f923a75,ethereum,validation,1708927979,16667,8,1705833611,0
0xbed4ab0019ff361d83ddeb74883dac8a70f5ea1e,ethereum,validation,1708930343,16672,8,1708860487,0
0x6b0faafe4a869c9426055a4b1854043fdc80cb73,ethereum,validation,1708930415,16673,8,1686645755,0
0x428dc22668e6f3468273634067e5545ed5417a3e,ethereum,validation,1708931507,16674,8,1698929043,0
0xb4371da53140417cbb3362055374b10d97e420bb,ethereum,validation,1708931639,16674,8,1708017237,0
0x26607ac599266b21d13c7acf7942c7701a8b699c,ethereum,validation,1708931687,16674,8,1708879147,0
0xd88f57f65bddfecba4f3d6289a605b40dd330c23,ethereum,validation,1708931699,16674,8,1708016733,0
0x1f6deadcb526c4710cf941872b86dcdfbbbd9211,ethereum,validation,1708931939,16675,8,1708505973,0
0x48872bd7be0d7d0fafb9b22dae0d49fced0d6935,ethereum,validation,1708932047,16675,8,1707502356,0
0x118b552725e1892137740cb4d29390d952709639,ethereum,validation,1708932335,16676,8,1708683964,0
0x9792409ae27726d337af30d701ab525372495607,ethereum,validation,1708932395,16676,8,1699601473,0
0xd2e730d5a15ea4be6c1cb520e8b81e9fcf79ae62,ethereum,validation,1708932575,16676,8,1699620769,0
0x1b5e16c5b20fb5ee87c61fe9afe735cca3b21a65,ethereum,validation,1708933331,16676,8,1708901193,0
0x9d7107c8e30617cadc11f9692a19c82ae8bba938,ethereum,validation,1708933511,16676,8,1703324805,0
0xecbddf83687e9842837e08c5a650658f2260b376,ethereum,validation,1708934111,16676,8,1708656525,0
0x8e16bf47065fe843a82f4399baf5abac4e0822b7,ethereum,validation,1708934411,16677,8,1705306919,0
0x31d457e7bcff5bc9a5ef86e6a5ea1db5b5c3bfb0,ethereum,validation,1708934687,16677,8,1708790552,0
0xfbcdc3ac9f76d9702c79ac3e4ccfda9999ca7eff,ethereum,validation,1708935287,16678,8,1708482774,0
0x85cde990b30bfcb4536bf465330b2c9426a69e89,ethereum,validation,1708935467,16678,8,1708648190,0
0x2806bc6a24be251e020889b9b9f41dd9c38211a2,ethereum,validation,1708935635,16678,8,1698920267,0
0xd17c18979a45c0f3604331831c409f7bff64d3c1,ethereum,validation,1708936979,16681,8,1707544542,0
0xd90e69f67203ebe02c917b5128629e77b4cd92dc,ethereum,validation,1708937243,16682,8,1708929219,0
0x00e2dde5a0e824740ed4bd2a27d6a6b0d92d8c99,ethereum,validation,1708937735,16682,8,1708398252,0
0x648987cf23c6e2b72115ea58c4da93d71ee3c967,ethereum,validation,1708937855,16683,8,1704092543,0
0x8728557352cc9123968d81dfaab1f04b06d0a828,ethereum,validation,1708937915,16683,8,1708016733,0
0xf7413489c474ca4399eee604716c72879eea3615,ethereum,validation,1708937939,16683,8,1708879051,0
0x1af4f195a8aaa7ffd752c28a13b719b84056f0d6,ethereum,validation,1708938419,16684,8,1708595008,0
0xbcd3099406ec2b55ad1219deb52d05b3092b8ba5,ethereum,validation,1708939619,16685,8,1708448980,0
0xd9a6803f41a006cbf389f21e55d7a6079dfe8df3,ethereum,validation,1708940603,16688,8,1703887919,0
0x1681bcb589b3cfcf0c0616b0ce9b19b240643dc1,ethereum,validation,1708941071,16690,8,1708848329,0
0x42726d074bba68ccc15200442b72afa2d495a783,ethereum,validation,1708941071,16690,8,1707952200,0
0xab37e1358b639fd877f015027bb62d3ddaa7557e,ethereum,validation,1708941167,16690,8,1708883338,0
0x414ac1853329b3704df0caf7749cd296c7f3b750,ethereum,validation,1708941335,16691,8,1708869445,0
0xc56c2b7e71b54d38aab6d52e94a04cbfa8f604fa,ethereum,validation,1708941383,16691,8,1706063807,0
0x8185bc4757572da2a610f887561c32298f1a5748,ethereum,validation,1708941815,16695,8,1708939777,0
0xd38b6c8c30bb3b343cc90b3252e90e3c703fea5a,ethereum,validation,1708941947,16696,8,1696505135,0
0x75387e1287dd85482ab66102da9f6577e027f609,ethereum,validation,1708942679,16701,8,1708734288,0
0x035bfe6057e15ea692c0dfdcab3bb41a64dd2ad4,ethereum,validation,1708943051,16702,8,1708923219,0
0x12fd19dac0fab61bed5e0f09091b470c452d4d61,ethereum,validation,1708943183,16702,8,1703527745,0
0xbfd815347d024f449886c171f78fa5b8e6790811,ethereum,validation,1708943315,16702,8,1707524232,0
0xe63684bcf2987892cefb4caa79bd21b34e98a291,ethereum,validation,1708943375,16702,8,1708915548,0
0x6002b1dcb26e7b1aa797a17551c6f487923299d7,ethereum,validation,1708944827,16706,8,1708777183,0
0x93ad9b819c88d98b4c9641470a96e24769ae7922,ethereum,validation,1708945295,16708,8,1708561202,0
0xeee0fe52299f2de8e2ed5111cd521ab67dcf0faf,ethereum,validation,1708945475,16708,8,1704923523,0
0x34d31446a522252270b89b09016296ec4c98e23d,ethereum,validation,1708945799,16710,8,1708849356,0
0x0bf43350076f95e0d16120b4d6bdfa1c9d50bdbd,ethereum,validation,1708946027,16711,8,1705916897,0
0x301c755ba0fca00b1923768fffb3df7f4e63af31,ethereum,validation,1708946315,16712,8,1708839680,0
0xfe4beb9217cddf2422d4bd65449b76d807b30fe1,ethereum,validation,1708947143,16716,8,1708552582,0
0x490e3f4af13e1616ec97a8c6600c1061a8d0253e,ethereum,validation,1708947551,16717,8,1706928537,0
0x6cd079f296c10eb84a64239b893d4edfa2e1d779,ethereum,validation,1708948691,16718,8,1708613480,0
0xaae3cf9968d26925bdb73ce3864e0084a20f4687,ethereum,validation,1708948691,16718,8,1708840455,0
0x5277b2f328964480cc79bfffa9b62aaf7e0536f1,ethereum,validation,1708949111,16720,8,1705153067,0
0x9eb4640255cc7835fa6f7f825d7a039d0c65919b,ethereum,validation,1708949111,16720,8,1705483271,0
0xf89083acb8dfe78fe8335a595b72631abfe68462,ethereum,validation,1708949111,16720,8,1695866267,0
0xf9825a563222f9efc81e369311dadb13d68e60a4,ethereum,validation,1708949315,16721,8,1708584421,0
0xfa2562da1bba7b954f26c74725df51fb62646313,ethereum,validation,1708950179,16727,8,1706984146,0
0xf12ec0d3dab64ddefbdc96474bde25af3fe1b327,ethereum,validation,1708950647,16728,8,1707966052,0
0xf941fed95a8e0167fb4c14ce8f3343afcfb1fece,ethereum,validation,1708950899,16729,8,1708818573,0
0xb17624bea67d0cf4378451301129df168aa0180e,ethereum,validation,1708951595,16731,8,1708879147,0
0x7af89c8a06719271a96e62e290ea9ed192e73fc1,ethereum,validation,1708952603,16733,8,1708706537,0
0x0f83287ff768d1c1e17a42f44d644d7f22e8ee1d,ethereum,validation,1708953083,16733,8,1708586669,0
0xf62a24ebe766d0da04c9e2aeecd5e86fac049b7b,ethereum,validation,1708955375,16749,8,1703906291,0
0x3c72fca8523686fd9e5740b0826fa4bb376e0241,ethereum,validation,1708955399,16749,8,1704879755,0
0xd8ce941666e429bbd969c1af11f474b505c69bc5,ethereum,validation,1708956947,16751,8,1704017879,0
0x6bd361e10c1afed0d95259e7c0115f3a60e4ea99,ethereum,validation,1708957079,16751,8,1708888835,0
0xb4622193ca7c7580ac0ecc09c3b7bd74aef0318d,ethereum,validation,1708957211,16751,8,1705836855,0
0xc713e5e149d5d0715dcd1c156a020976e7e56b88,ethereum,validation,1708957751,16752,8,1708676232,0
0x95e03f7917373bbea5cb18a2db18d5d61cf4ed90,ethereum,validation,1708958603,16755,8,1705996775,0
0x1f41e42d0a9e3c0dd3ba15b527342783b43200a9,ethereum,validation,1708959851,16760,8,1707288195,0
0x8ea01766a118e9bcb6032dc9b3da66b80fe1c31c,ethereum,validation,1708960559,16761,8,1706397137,0
0xf3c215c2df383e2bdda74463f1874ab875f67533,ethereum,validation,1708960715,16761,8,1708880655,0
0xfc87753df5ef5c368b5fba8d4c5043b77e8c5b39,ethereum,validation,1708960787,16761,8,1703947982,0
0x3774e825d567125988fb293e926064b6faa71dab,ethereum,validation,1708960859,16761,8,1708583141,0
0xb4577d084f289e696ddfac178c11663e573900f1,ethereum,validation,1708960871,16761,8,1706612417,0
0xe67f943af5eb6051ef56f05979cc30b732717fa6,ethereum,validation,1708961111,16761,8,1708863603,0
0x9c38688e5acb9ed6049c8502650db5ac8ef96465,ethereum,validation,1708962203,16761,8,1708934772,0
0x9a94f59f1de48b2a84197dcafe92da4e045a5d41,ethereum,validation,1708962479,16761,8,1708094751,0
0xd0d42005e7b3c0812b1268f0e5faf97ff2423651,ethereum,validation,1708963211,16761,8,1704787133,0
0xd8684adc4664bc2a0c78ddc8657dc005e804af15,ethereum,validation,1708964279,16761,8,1705590887,0
0x126c121f99e1e211df2e5f8de2d96fa36647c855,ethereum,validation,1708965383,16761,8,1708380527,0
0x1cdd2eab61112697626f7b4bb0e23da4febf7b7c,ethereum,validation,1708965599,16763,8,1708765075,0
0xab4c44973befba9294f47e21e6beb79a3c1d7d9f,ethereum,validation,1708966295,16764,8,1707596123,0
0x377d552914e7a104bc22b4f3b6268ddc69615be7,ethereum,validation,1708966415,16764,8,1707977941,0
0xa2437a33049e878c35e16d10789a7d296bade29e,ethereum,validation,1708966799,16764,8,1708534815,0
0x1e917e764bc34d3bc313fe8159a6bd9d9ffd450d,ethereum,validation,1708967891,16765,8,1706612417,0
0xa48f322f8b3edff967629af79e027628b9dd1298,ethereum,validation,1708968203,16766,8,1704846875,0
0x95172ccbe8344fecd73d0a30f54123652981bd6f,ethereum,validation,1708969691,16769,8,1708702928,0
0x79ca240990ec3f11381a8f80529828aad0628658,ethereum,validation,1708969955,16769,8,1707808294,0
0x138c2f1123cf3f82e4596d097c118eac6684940b,ethereum,validation,1708970891,16770,8,1705815587,0
0x969786c4a8884013d1c9ff18dcca2aedbbbfaa8f,ethereum,validation,1708971815,16773,8,1707350418,0
0xaf8a215e81faea7c180ce22b72483525121813bd,ethereum,validation,1708972643,16773,8,1708840455,0
0x9754d5e5ea788c62f11d34a818aeae927aeac84c,ethereum,validation,1708972907,16773,8,1708702928,0
0x1d4241f7370253c0f12efc536b7e16e462fb3526,ethereum,validation,1708973567,16774,8,1708889846,0
0xc2db4c131adaf01c15a1db654c040c8578929d55,ethereum,validation,1708973747,16774,8,1706076683,0
0x3a8d5bc8a8948b68dfc0ce9c14ac4150e083518c,ethereum,validation,1708973807,16774,8,1708007908,0
0x7101a9392eac53b01e7c07ca3baca945a56ee105,ethereum,validation,1708973819,16774,8,1705851286,0
0xd433138d12beb9929ff6fd583dc83663eea6aaa5,ethereum,validation,1708973903,16774,8,1706383187,0
0xa80221d067603e30060f75e2458aa361f8ee5402,ethereum,validation,1708974203,16774,8,1702671707,0
0x4b5bfd52124784745c1071dcb244c6688d2533d3,ethereum,validation,1708974707,16775,8,1706019527,0
0xf8fde8a259a3698902c88bdb1e13ff28cd7f6f09,ethereum,validation,1708974791,16775,8,1705991759,0
0x02e7ac540409d32c90bfb51114003a9e1ff0249c,ethereum,validation,1708974815,16775,8,1708736169,0
0x3adb04e127b9c0a5d36094125669d4603ac52a0c,ethereum,validation,1708974947,16775,8,1708725976,0
0x6e13a9e4ae3d0678e511fb6d2ad531fcf0e247bf,ethereum,validation,1708975511,16775,8,1708605682,0
0xa1e72267084192db7387c8cc1328fade470e4149,ethereum,validation,1708975643,16775,8,1707928684,0
0xbee709aa42375ace642338f7f657ff859a19c9bc,ethereum,validation,1708975751,16775,8,1705996775,0
0x515d7e9d75e2b76db60f8a051cd890eba23286bc,ethereum,validation,1708975811,16775,8,1708483737,0
0x57f5e098cad7a3d1eed53991d4d66c45c9af7812,ethereum,validation,1708976147,16775,8,1707306731,0
0x6fc73113fc1afab4c28d3dd4c537a1da6045d47d,ethereum,validation,1708977095,16775,8,1708951657,0
0xad32a8e6220741182940c5abf610bde99e737b2d,ethereum,validation,1708977755,16776,8,1708702928,0
0xc374f7ec85f8c7de3207a10bb1978ba104bda3b2,ethereum,validation,1708977755,16776,8,1708846227,0
0x00a7ec2f2b451cb0233e8adbf4c9a951027c2b02,ethereum,validation,1708978739,16776,8,1696902731,0
0xd0660cd418a64a1d44e9214ad8e459324d8157f1,ethereum,validation,1708978799,16776,8,1708564397,0
0xf6537fe0df7f0cc0985cf00792cc98249e73efa0,ethereum,validation,1708979027,16776,8,1708328630,0
0x71dc40668682a124231301414167e4cf7f55383c,ethereum,validation,1708979051,16776,8,1705332565,0
0x4a16baf414b8e637ed12019fad5dd705735db2e0,ethereum,validation,1708979111,16776,8,1708854913,0
0x6cfb6df56bbdb00226aeffcdb2cd1fe8da1abda7,ethereum,validation,1708980323,16778,8,1707691705,0
0x32debf31d5ed90ca2e287d306fc23fafad9361c6,ethereum,validation,1708982291,16790,8,1708427092,0
0xcc394f10545aeef24483d2347b32a34a44f20e6f,ethereum,validation,1708983143,16792,8,1707288195,0
0x89b929e928b3ba6d4d2c9029267f45d250045059,ethereum,validation,1708983827,16795,8,1689042923,0
0x5ed366749b5157504dfc3909af2207527a0cda00,ethereum,validation,1708984103,16795,8,1702247171,0
0x7bbac6a28a8268a50bd3b4fed47809843cc18a5a,ethereum,validation,1708984139,16795,8,1708942969,0
0x43b72bf7f46d72f2d917f49bd97b9a000143eab7,ethereum,validation,1708984463,16795,8,1708899541,0
0x8d20f0142dcce227d3e9b284bcd6b598fdd34e16,ethereum,validation,1708984775,16796,8,1705433327,0
0x00d46727c2e4a6e358a8c0d638137a3d91b19be6,ethereum,validation,1708984991,16797,8,1699607759,0
0x87edffde3e14c7a66c9b9724747a1c5696b742e6,ethereum,validation,1708985003,16798,8,1708931085,0
0x13c4b558f6663329c13c838cc0b5b796f7fc0531,ethereum,validation,1708985111,16798,8,1706123807,0
0x02f2d4a04e6e01ace88bd2cd632875543b2ef577,ethereum,validation,1708985267,16798,8,1707952200,0
0x286c0936c7eaf6651099ab5dab9ee5a6cb5d229d,ethereum,validation,1708985819,16799,8,1708534815,0
0x99c6e435ec259a7e8d65e1955c9423db624ba54c,ethereum,validation,1708987643,16803,8,1708561832,0
0x1df721d242e0783f8fcab4a9ffe4f35bdf329909,ethereum,validation,1708987739,16803,8,1694008050,0
0x0f7495b3dcdf2accb2a12bd4839cca5ffdb1856e,ethereum,validation,1708987931,16803,8,1704933203,0
0x8ec4e567b64d5c32e8aa009931cc5c81ce45c6cb,ethereum,validation,1708987931,16803,8,1701645971,0
0xa10740ff9ff6852eac84cdcff9184e1d6d27c057,ethereum,validation,1708988159,16803,8,1708931739,0
0x2f6081e3552b1c86ce4479b80062a1dda8ef23e3,ethereum,validation,1708988207,16803,8,1708957466,0
0x9c1cb740f3b631ed53600058ae5b2f83e15d9fbf,ethereum,validation,1708988219,16803,8,1707935884,0
0x3acafaa92a5794dc1a8c84b962b328ab8233f05e,ethereum,validation,1708988303,16803,8,1701120203,0
0x4452278b9a584951f53db20cb1d0e1c2cfe47196,ethereum,validation,1708988303,16803,8,1700782955,0
0x0e58ed58e150dba5fd8e5d4a49f54c7e1e880124,ethereum,validation,1708989659,16803,8,1708845732,0
0x0822a87bfbe4a086a064ee84adafe2701110b810,ethereum,validation,1708989755,16803,8,1704877115,0
0x5450f8e9f5b6de436c0653ba9c9bf46a50cf3540,ethereum,validation,1708990331,16803,8,1706284283,0
0x0b63128c40737b13647552e0c926bcfeccc35f93,ethereum,validation,1708990355,16803,8,1703998007,0
0xae5e3009c958e525e1b2e1f7a52714554ecdcc20,ethereum,validation,1708990403,16803,8,1705502711,0
0x38e3ea1f41accef53274f9544ed678a64c6ebd49,ethereum,validation,1708990715,16803,8,1706613948,0
0xc5bcc8ba3f33ab0d64f3473e861bdc0685b19ef5,ethereum,validation,1708991135,16803,8,1708931085,0
0x47ba20283be4d72d4afb1862994f4203551539c5,ethereum,validation,1708991879,16804,8,1708886794,0
0xd4a9010f6b31014d061c1bf0b5a8507cef2764e0,ethereum,validation,1708992191,16804,8,1705857659,0
0x0be87729309b1cf91dc4be625f4f84e97c8cc8d5,ethereum,validation,1708992431,16804,8,1708856497,0
0x368c5290b13caa10284db58b4ad4f3e9ee8bf4c9,ethereum,validation,1708993055,16804,8,1708919030,0
0xd1afbccc9a2c2187ea544363b986ea0ab6ef08b5,ethereum,validation,1708993271,16804,8,1708934772,0
0x2d39ec4da54329d28d230b4973f5aa27886c3aee,ethereum,validation,1708993667,16804,8,1706396298,0
0x122303734c898e9d233affc234271f04e42e77ad,ethereum,validation,1708994843,16804,8,1708944758,0
0x53cf9d888135ddec4c2c1ec286b87913ef31f1c9,ethereum,validation,1708995635,16805,8,1708816740,0
0x8df60cfc67c1bf51fe3dd61b34b156f14f538f5d,ethereum,validation,1708996019,16805,8,1708954056,0
0x76952fc1087fdae2e6aa4e5a1cec9e1117a60b00,ethereum,validation,1708996187,16805,8,1708832187,0
0x936b6659ad0c1b244ba8efe639092acae30dc8d6,ethereum,validation,1708996187,16805,8,1708949772,0
0xe99356b3891b60adaf1e46393601eff2379e3a51,ethereum,validation,1708997027,16805,8,1705914839,0
0x5d269fac3b2e0552b0f34cdc253bdb427682a4b9,ethereum,validation,1708997459,16805,8,1708982678,0
0xa3d59c6d24f428dcfedc09724869e7af4d281fdd,ethereum,validation,1708998755,16805,8,1708278246,0
0x06677dc4fe12d3ba3c7ccfd0df8cd45e4d4095bf,ethereum,validation,1708998911,16805,8,1708941284,0
0x94939d55000b31b7808904a80aa7bab05ef59ed6,ethereum,validation,1708998923,16805,8,1708785384,0
0x2de27d3432d3188b53b02137e07b47896d347d45,ethereum,validation,1709000003,16805,8,1708880949,0
0xf4a81c18816c9b0ab98fac51b36dcb63b0e58fde,ethereum,validation,1709000123,16805,8,1708848489,0
0xb68d792329bbca81c2b823e9dbe066db53ef7b16,ethereum,validation,1709000531,16805,8,1708669470,0
0xbdb0246b6f6b3d359c76f6aa3f29cc9723e0f10f,ethereum,validation,1709000747,16806,8,1704802295,0
0x9ec4c502d989f04ffa9312c9d6e3f872ec91a0f9,ethereum,validation,1709001539,16806,8,1708398252,0
0xb3b61d1587c05eadec579b616c45939f19435703,ethereum,validation,1709001539,16806,8,1708298597,0
0x431b366be6069ae62f8121a901c6160b34af7f80,ethereum,validation,1709001827,16806,8,1708899931,0
0x81994b9607e06ab3d5cf3afff9a67374f05f27d7,ethereum,validation,1709001923,16806,8,1702154855,0
0x5c6d51ecba4d8e4f20373e3ce96a62342b125d6d,ethereum,validation,1709002835,16807,8,1706084147,0
0xce3eb2c15cecc8547b5390fb47d5abaf3d7624db,ethereum,validation,1709003039,16807,8,1708846587,0
0x4af698b479d0098229dc715655c667ceb6cd8433,ethereum,validation,1709004611,16807,8,1708941482,0
0x05030203674173fa6df6f9f7e34d6e70e9a761d7,ethereum,validation,1709005067,16807,8,1706612417,0
0x759445ded88f2eb44d27e079025597af741e5301,ethereum,validation,1709005127,16807,8,1707315421,0
0x1d96fd43ee07aa79f8fd003cbdf404fb5ce41ad2,ethereum,validation,1709005211,16807,8,1708971299,0
0x6006fc2a849fedaba8330ce36f5133de01f96189,ethereum,validation,1709005415,16807,8,1707296823,0
0x81dbc1c8e40c3095071949eda9800c2209a7279a,ethereum,validation,1709005499,16807,8,1707660020,0
0x3bdffa70f4b4e6985eed50453c7c0d4a15dcec52,ethereum,validation,1709005703,16807,8,1708850103,0
0xbea269038eb75bdab47a9c04d0f5c572d94b93d5,ethereum,validation,1709006555,16807,8,1707244746,0
0xd01ef7c0a5d8c432fc2d1a85c66cf2327362e5c6,ethereum,validation,1709006567,16807,8,1704402527,0
0x41c84c0e2ee0b740cf0d31f63f3b6f627dc6b393,ethereum,validation,1709007287,16807,8,1708931085,0
0xe7bff2da8a2f619c2586fb83938fa56ce803aa16,ethereum,validation,1709007407,16807,8,1708409849,0
0x56c9d5f1e727de03643af220b5ce52de23d4d973,ethereum,validation,1709007695,16807,8,1707275634,0
0x1337def18c680af1f9f45cbcab6309562975b1dd,ethereum,validation,1709008139,16807,8,1708969401,0
0x5165d24277cd063f5ac44efd447b27025e888f37,ethereum,validation,1709008199,16807,8,1708942618,0
0xcc12abe4ff81c9378d670de1b57f8e0dd228d77a,ethereum,validation,1709008223,16807,8,1708809373,0
0x8ae6ae8f172d7fc103ccfa5890883d6fe46038c9,ethereum,validation,1709009219,16807,8,1703501586,0
0x34c8b3fe84410f9b3870549e037fd1ea7b168977,ethereum,validation,1709010011,16808,8,1708080024,0
0xa34ee6108fe427f91edce0d6520d9fec0e64f67b,ethereum,validation,1709010083,16808,8,1706612417,0
0xadd5e881984783dd432f80381fb52f45b53f3e70,ethereum,validation,1709010443,16808,8,1707952200,0
0x31f69de127c8a0ff10819c0955490a4ae46fcc2a,ethereum,validation,1709011403,16808,8,1708643383,0
0x52392e8ceceb1ff0fc23e9989fb98eae590151a4,ethereum,validation,1709011427,16808,8,1707326139,0
0x7777777777697cfeecf846a76326da79cc606517,ethereum,validation,1709012123,16808,8,1708613480,0
0x6e0615a03ed9527a6013fcd5b556e36ef4dab1ff,ethereum,validation,1709012303,16808,8,1708039999,0
0xceba2a8f6ec221aeb5f3a7bcd15cbc7e6a387bfb,ethereum,validation,1709012555,16808,8,1708761545,0
0xa8e0c42f45c877e611c76f2d4bf57476f2014381,ethereum,validation,1709013935,16809,8,1706800065,0
0xefab7248d36585e2340e5d25f8a8d243e6e3193f,ethereum,validation,1709014283,16809,8,1708839443,0
0x981dc247745800bd2ca28a4bf147f0385eaa0bc0,ethereum,validation,1709014823,16810,8,1708534815,0
0x792833b894775bd769b3c602ba7172e59a83ab3f,ethereum,validation,1709014955,16810,8,1708565084,0
0xacbd826394189cf2623c6df98a18b41fc8ffc16d,ethereum,validation,1709015279,16810,8,1708466483,0
0xb4fbed161bebcb37afb1cb4a6f7ca18b977ccb25,ethereum,validation,1709015891,16810,8,1700206235,0
0xcb5f72d37685c3d5ad0bb5f982443bc8fcdf570e,ethereum,validation,1709016467,16811,8,1708881253,0
0x7a8946eda77817126ffe301249f6dc4c7df293c3,ethereum,validation,1709017019,16812,8,1708006073,0
0x397deb686c72384fad502a81f4d7fdb89e1f1280,ethereum,validation,1709017211,16812,8,1707495781,0
0x2af1df3ab0ab157e1e2ad8f88a7d04fbea0c7dc6,ethereum,validation,1709017259,16812,8,1707767805,0
0xb8647e90c0645152fccf4d9abb6b59eb4aa99052,ethereum,validation,1709017463,16812,8,1708901193,0
0x3ec8798b81485a254928b70cda1cf0a2bb0b74d7,ethereum,validation,1709018099,16812,8,1708981106,0
0x57ca1f39b0757b8610617e90fa9b2980ccebfece,ethereum,validation,1709018471,16812,8,1708312153,0
0x2b89bf8ba858cd2fcee1fada378d5cd6936968be,ethereum,validation,1709018795,16813,8,1708851420,0
0x00aba6fe5557de1a1d565658cbddddf7c710a1eb,ethereum,validation,1709019539,16815,8,1704703930,0
0x618679df9efcd19694bb1daa8d00718eacfa2883,ethereum,validation,1709019563,16815,8,1707767805,0
0x7d4b1d793239707445305d8d2456d2c735f6b25b,ethereum,validation,1709019575,16815,8,1708941898,0
0x389fe2f35a31a18523c56edaac0e3261a33402c0,ethereum,validation,1709019623,16815,8,1708929915,0
0x6e10aacb89a28d6fa0fe68790777fec7e7f01890,ethereum,validation,1709019743,16815,8,1706136263,0
0x75858677e27c930fb622759feaffee2b754af07f,ethereum,validation,1709019743,16815,8,1708823352,0
0xbc68ae53d383f399cc18268034c5e656fcb839f3,ethereum,validation,1709020103,16815,8,1708951468,0
0x2af72850c504ddd3c1876c66a914caee7ff8a46a,ethereum,validation,1709021171,16815,8,1703912207,0
0x2a54ba2964c8cd459dc568853f79813a60761b58,ethereum,validation,1709021351,16815,8,1708959303,0
0xa8b0f154a688c22142e361707df64277e0a0be66,ethereum,validation,1709021975,16816,8,1707495781,0
0x0345173a92742e9daf55d44ac65e0d987b22379e,ethereum,validation,1709022059,16816,8,1708845732,0
0x4f5fa8f2d12e5eb780f6082dd656c565c48e0f24,ethereum,validation,1709022083,16816,8,1708984491,0
0xdfc2945549a1fe17201997223ca4c36bf463f843,ethereum,validation,1709022443,16817,8,1701318383,0
0x4c2e59d098df7b6cbae0848d66de2f8a4889b9c3,ethereum,validation,1709022731,16817,8,1708749794,0
0x6251e725cd45fb1af99354035a414a2c0890b929,ethereum,validation,1709022743,16817,8,1706696839,0
0x8b79656fc38a04044e495e22fad747126ca305c4,ethereum,validation,1709022839,16817,8,1709016688,0
0x3b08c03fa8278cf81b9043b228183760376fcdbb,ethereum,validation,1709022923,16817,8,1708561832,0
0xadf829f541a57ef2af4d8a07a7920f7229684dda,ethereum,validation,1709022959,16817,8,1708968029,0
0x322293abfa58fcca764e86bce2383b01c7434f7c,ethereum,validation,1709023067,16817,8,1708673755,0
0x5067006f830224960fb419d7f25a3a53e9919bb0,ethereum,validation,1709023175,16817,8,1707393789,0
0x00166a5b93fd4f87eca1c267d31d82df3f133a7f,ethereum,validation,1709023211,16817,8,1705480780,0
0x333a4823466879eef910a04d473505da62142069,ethereum,validation,1709023427,16817,8,1708853694,0
0x17d2628d30f8e9e966c9ba831c9b9b01ea8ea75c,ethereum,validation,1709023799,16817,8,1708919030,0
0xbc194e6f748a222754c3e8b9946922c09e7d4e91,ethereum,validation,1709023883,16817,8,1706018471,0
0x790a60024bc3aea28385b60480f15a0771f26d09,ethereum,validation,1709024375,16818,8,1708288570,0
0x356d286a49f484b73e58d757d85fc5abc9ebf4f2,ethereum,validation,1709024651,16818,8,1708786899,0
0xe29f00006a4276f698fa259cbd7edbe44e4da33e,ethereum,validation,1709024651,16818,8,1708632418,0
0x7c03c1d1c5b4ba1ac76551e27922e1dcaad57fd8,ethereum,validation,1709024759,16818,8,1708900559,0
0xdb792b1d8869a7cfc34916d6c845ff05a7c9b789,ethereum,validation,1709024795,16818,8,1708981028,0
0xfb83869f7ee52aebaddea254f647953afb1f99f8,ethereum,validation,1709025263,16818,8,1707661409,0
0x34f797e7190c131cf630524655a618b5bd8738e7,ethereum,validation,1709025659,16818,8,1708707718,0
0x4665e227c521849a202f808e927d1dc5f63c7941,ethereum,validation,1709026079,16818,8,1707939976,0
0xcf364b733eef241171e49d004205f35aa684afce,ethereum,validation,1709026139,16818,8,1705483271,0
0x9d5686eadea7327f5a0c4820dca90457a0e88763,ethereum,validation,1709026523,16818,8,1708890820,0
0xc1a900ae76db21dc5aa8e418ac0f4e888a4c7431,ethereum,validation,1709026931,16818,8,1708918518,0
0xa4c7963b98838e8f958cf7b87a039249044fe2db,ethereum,validation,1709027111,16818,8,1707661409,0
0x33d63ba1e57e54779f7ddaeaa7109349344cf5f1,ethereum,validation,1709027423,16818,8,1707400114,0
0x0000000000300dd8b0230efcfef136ecdf6abcde,ethereum,validation,1709027471,16818,8,1707500778,0
0x37e83a94c6b1bdb816b59ac71dd02cf154d8111f,ethereum,validation,1709027783,16818,8,1703913239,0
0xd8446236fa95b9b5f9fd0f8e7df1a944823c683d,ethereum,validation,1709028443,16818,8,1700239907,0
0x5ca135cb8527d76e932f34b5145575f9d8cbe08e,ethereum,validation,1709028455,16818,8,1709013881,0
0x88d59ba796fdf639ded3b5e720988d59fdb71eb8,ethereum,validation,1709028515,16819,8,1707690913,0
0x19be3a0f1a6cccc99b3cdc13475613e559be551c,ethereum,validation,1709028767,16819,8,1707255974,0
0xa64d5d1eb67748226d84812b45711453f1118c32,ethereum,validation,1709029007,16819,8,1708845762,0
0x45128cb743951121fb70cb570c0784492732778a,ethereum,validation,1709029247,16819,8,1705562988,0
0x0f44751f3555133efd972e2b580941c3e5577b6b,ethereum,validation,1709029739,16819,8,1708609319,0
0xcb166f0148ae815313039d735e28fcec617b21fe,ethereum,validation,1709029739,16819,8,1703389961,0
0xab6b8392397e25f3c977c847dd8c0ddeff98ad62,ethereum,validation,1709029895,16819,8,1693418313,0
0x3f5294df68f871241c4b18fcf78ebd8ac18ab654,ethereum,validation,1709029967,16819,8,1708766354,0
0xf59257e961883636290411c11ec5ae622d19455e,ethereum,validation,1709029967,16819,8,1708869853,0
0x78d448a1d1fedaa3e916f467568e86081e0f4df5,ethereum,validation,1709030087,16819,8,1708080024,0
0xe29797910d413281d2821d5d9a989262c8121cc2,ethereum,validation,1709030555,16819,8,1708708533,0
0x2d5bed63b0fe325ed3b865ae2cdaa3649eb25461,ethereum,validation,1709031251,16819,8,1707847973,0
0xad996a45fd2373ed0b10efa4a8ecb9de445a4302,ethereum,validation,1709031539,16820,8,1706370263,0
0x1892f6ff5fbe11c31158f8c6f6f6e33106c5b10e,ethereum,validation,1709032019,16821,8,1708738369,0
0x3f817b28da4940f018c6b5c0a11c555ebb1264f9,ethereum,validation,1709032019,16821,8,1705579927,0
0x60aff542ea64a2c8576707ac9ec150b6829ff808,ethereum,validation,1709032547,16821,8,1708107524,0
0x19042021329fddcfbea5f934fb5b2670c91f7d20,ethereum,validation,1709032559,16821,8,1708540314,0
0xf47ca0a44fe37dfda70a1ab010d92eddef62839b,ethereum,validation,1709032943,16823,8,1709024266,0
0xc88d204abd641b54469ebf6964fc54e2045fa8d3,ethereum,validation,1709032991,16824,8,1707633746,0
0x0d4b4da5fb1a7d55e85f8e22f728701ceb6e44c9,ethereum,validation,1709033339,16824,8,1708603863,0
0x95f8ec71b33bd5b7b4fa8f5ad42ed7a10c0179d7,ethereum,validation,1709033375,16824,8,1708983202,0
0xd1cd47746b8e72359b28c1c84a4f6a19dc1a0ee5,ethereum,validation,1709033423,16824,8,1706723103,0
0x58083b54013631bacc0bbb6d4efa543fee1d9ce0,ethereum,validation,1709034371,16825,8,1708979754,0
0xb281d84989c06e2a6ccdc5ea7bf1663c79a1c31a,ethereum,validation,1709034419,16825,8,1708777445,0
0x03d1e72765545729a035e909edd9371a405f77fb,ethereum,validation,1709034515,16825,8,1708980856,0
0x187eff9690e1f1a61d578c7c492296eaab82701a,ethereum,validation,1709035307,16825,8,1708709034,0
0x48f07301e9e29c3c38a80ae8d9ae771f224f1054,ethereum,validation,1709036231,16825,8,1708941284,0
0x6293ddc4f879612524b3f9302549d1f4f01761d8,ethereum,validation,1709036963,16825,8,1706091719,0
0xa99c33b21c3b6c94450dffec8e99944bf60c52e7,ethereum,validation,1709037251,16825,8,1706345243,0
0xea1f346faf023f974eb5adaf088bbcdf02d761f4,ethereum,validation,1709037419,16825,8,1705815587,0
0x0b5326da634f9270fb84481dd6f94d3dc2ca7096,ethereum,validation,1709038295,16826,8,1708388465,0
0xb1dc9124c395c1e97773ab855d66e879f053a289,ethereum,validation,1709039195,16826,8,1708919974,0
0x9dd2188ff101bd0085f8efc2b55f9744cd57bc52,ethereum,validation,1709039759,16826,8,1708979754,0
0x1695936d6a953df699c38ca21c2140d497c08bd9,ethereum,validation,1709039783,16826,8,1708829018,0
0xf53c24f7729c88c110265929c7124e6259efccab,ethereum,validation,1709040299,16826,8,1708495891,0
0x71eeba415a523f5c952cc2f06361d5443545ad28,ethereum,validation,1709040407,16827,8,1704365687,0
0x4f14ba78a51925ee934c373a2cf56b2d8da63f7f,ethereum,validation,1709040683,16827,8,1697525440,0
0x4aac461c86abfa71e9d00d9a2cde8d74e4e1aeea,ethereum,validation,1709040743,16827,8,1708572417,0
0x82ca5fcd9ef2d6ceeb49a057bb11c3e091560979,ethereum,validation,1709041247,16827,8,1708722220,0
0x35101c731b1548b5e48bb23f99edbc2f5c341935,ethereum,validation,1709041331,16827,8,1708880531,0
0x1d059bd3971ccc289431773141c8f294e029df6a,ethereum,validation,1709041415,16827,8,1708019875,0
0x78e5adf1447a730358517ea5e2724becf26fc636,ethereum,validation,1709041595,16827,8,1705855343,0
0x83031984b45553070a088273f341bff7fb4f2f46,ethereum,validation,1709041727,16827,8,1708837327,0
0x43d28216843a6710f4307045bdaf9d4e513d9031,ethereum,validation,1709041991,16827,8,1708680493,0
0xf6d4fbc3b86811df25d829a14dae0269a3ee5462,ethereum,validation,1709042147,16827,8,1707519912,0
0x0f4da855ac032a444b95e4e738e861565e986b04,ethereum,validation,1709042219,16827,8,1701393287,0
0xfac77a24e52b463ba9857d6b758ba41ae20e31ff,ethereum,validation,1709042315,16827,8,1708876956,0
0xa9fbb83a2689f4ff86339a4b96874d718673b627,ethereum,validation,1709042639,16827,8,1708940008,0
0xf97b5d65da6b0468b90d531ddae2a69843e6797d,ethereum,validation,1709042783,16827,8,1705264631,0
0x8f12dfc7981de79a8a34070a732471f2d335eece,ethereum,validation,1709042843,16827,8,1708705004,0
0xf8a6572b2a0457dc8112522904edf34a35a2a697,ethereum,validation,1709042843,16827,8,1701219155,0
0xb6d8ee99d5d6cfe7d80b666e6ff5e74e3f72756b,bsc,validation,1708960164,16761,8,1708462775,0
0x4270f39666e7992ac518732c85af2b4b2cbd3de0,bsc,validation,1708960314,16761,8,1707939976,0
0x6086558b485509b2024b509f1a696f62d9f70432,bsc,validation,1708961040,16761,8,1708801118,0
0x8454117c41a13255bd06647359055905e3b0af2b,bsc,validation,1708961076,16761,8,1708890739,0
0xe2c5fcf777a2b860921116b275951a50e8135eeb,bsc,validation,1708961274,16761,8,1707544542,0
0x495c3b71de97290361c6a7eabebd5c20cd60326c,bsc,validation,1708961415,16761,8,1708940768,0
0xe0db679377a0f5ae2bae485de475c9e1d8a4607d,bsc,validation,1708961748,16761,8,1708777183,0
0x8e4653ef0f8ce731653192bb642d5347ccec2c6a,bsc,validation,1708961781,16761,8,1708363968,0
0xcf6256895839ca82dcf8abc54b162a5eb076f207,bsc,validation,1708962069,16761,8,1708891323,0
0x3dd16134f2a87bd0d339976f0090c2ee312a6654,bsc,validation,1708965597,16763,8,1708608467,0
0x429c77e193ff7e6c6c3b2e1f00877b91792e87ee,bsc,validation,1708965822,16763,8,1708942618,0
0x7f3daf301c629bfa243cbba6654370d929379657,bsc,validation,1708966167,16764,8,1708844385,0
0x0cbe5c4f318035b866aacfaf7d018fb4c5f920f3,bsc,validation,1708966812,16764,8,1708801118,0
0xa3a7f7ccc7b3f5be5828f92cc33cf5cafb027443,bsc,validation,1708966830,16764,8,1708806225,0
0x9c970e1d2e74c374e61a53f65eb10c329d278047,bsc,validation,1708966956,16764,8,1708031534,0
0x7ebc642573f8e973198972746c28454ba9de71d8,bsc,validation,1708967413,16764,8,1708878043,0
0x1935be22cf1cb005e5697c67126f71427bb5ab5b,bsc,validation,1708967515,16765,8,1708946720,0
0xb78e0ff3a82c487295074465ff714e45a6e7b39c,bsc,validation,1708968496,16767,8,1708755070,0
0x111d4ef5f450855ac0c41c9225215b7985efdbe1,bsc,validation,1708969820,16769,8,1708743312,0
0x2cea2b0dfe367e064cfafad65a0b3ef5adb3673f,bsc,validation,1708970147,16769,8,1706684873,0
0xda5a55617d8eeb78dbde64121b20582c9b911ee1,bsc,validation,1708970780,16770,8,1708028177,0
0xb617fab6b94ed1fe6df3cad71e1dc997927a2a0e,bsc,validation,1708970957,16770,8,1704192335,0
0xb63a911ae7dc40510e7bb552b7fcb94c198bbe2d,bsc,validation,1708971403,16771,8,1708565084,0
0x29deb024511cda0f85a5d9a53d160c56f2c96417,bsc,validation,1708971709,16772,8,1706040671,0
0x1510211e6dc81f5724a1beca33c5ac70dcca6ce0,bsc,validation,1708971904,16773,8,1707238130,0
0xfbb34a0dbc6db90841cdaf9a2904c66289a00253,bsc,validation,1708972180,16773,8,1707189113,0
0xd5a6e81d339abe754b9754b2c16b2be37c50b407,bsc,validation,1708972441,16773,8,1707119650,0
0xef4f66506aaaeeff6d10775ad6f994105d8f11b4,bsc,validation,1708972762,16773,8,1707486556,0
0x2c319cde4e46f85f7a1004b9a81d4a52d896e208,bsc,validation,1708972948,16773,8,1706096075,0
0x9108b8bd65ba23372927ce7639e8680ca25b6837,bsc,validation,1708973350,16774,8,1708956880,0
0xe3bb1e884ee24aa5f0e399416da698da43a2a476,bsc,validation,1708974730,16775,8,1708844821,0
0x87e04a05499cb8d352c2e367870d4cf0ead460f0,bsc,validation,1708974739,16775,8,1708881253,0
0x21f557ab017a9af912089e49766e90889e37fd17,bsc,validation,1708975133,16775,8,1708716347,0
0x502dd4564e4f78581c57154902a903c793d318f5,bsc,validation,1708975382,16775,8,1708563833,0
0x56b37783f1847997242a7b181f9f50a680319cc5,bsc,validation,1708975577,16775,8,1708354510,0
0x6d830e1d0179b4fe656683c9d14c05f8cd95db75,bsc,validation,1708975637,16775,8,1708955896,0
0x4f10c2e0e54f91867fb868857cae4e5e007cdb3f,bsc,validation,1708976073,16775,8,1707243726,0
0x460a40ae7114d65852d7574e3382f09b688b248d,bsc,validation,1708976706,16775,8,1708775490,0
0x6438e33dff9b6983952bded0ca5131230474c4fd,bsc,validation,1708977021,16775,8,1708412308,0
0x75b7595418c773aac9a3f653888db182f00b310f,bsc,validation,1708977649,16776,8,1704617159,0
0x19ce11c8817a1828d1d357dfbf62dcf5b0b2a362,bsc,validation,1708977925,16776,8,1708583192,0
0xb90e4532d23180b67fcbe10ad581e34519b2987c,bsc,validation,1708978357,16776,8,1708601236,0
0x639cf44b66d02f822c57f97dabaf3547462f0ce9,bsc,validation,1708978876,16776,8,1708684306,0
0x27162118c8690e30b584ec759e1aa52afdab4488,bsc,validation,1708978879,16776,8,1708877106,0
0x573ff79934ec1c5023d2c5f41c314b6440822df8,bsc,validation,1708979260,16776,8,1708951468,0
0xabcbc2a058d9ff74e0a9d9d5c480453f76fadc30,bsc,validation,1708979383,16776,8,1708501364,0
0xa8a33e365d5a03c94c3258a10dd5d6dfe686941b,bsc,validation,1708979437,16776,8,1708074583,0
0x692669d0894e944b454946cfe82b03655aeb0657,bsc,validation,1708979455,16776,8,1708891256,0
0x147fe08820208308500df199aa99a178db8cdecf,bsc,validation,1708979689,16776,8,1706253347,0
0xc073eb514b96cfbe470b0d23e0a620bae73ee165,bsc,validation,1708979698,16776,8,1708926209,0
0x5ec8b32ff33f8df977402f44602a59998941d240,bsc,validation,1708979713,16776,8,1708702928,0
0x22a2fd6c971c824c3ae6921cfdb84cf2788fa4d9,bsc,validation,1708979761,16777,8,1706991842,0
0x2a6677f132d4ab9c9f8d6a72113094232ea1f830,bsc,validation,1708979803,16777,8,1708937773,0
0x125a3e00a9a11317d4d95349e68ba0bc744addc4,bsc,validation,1708979881,16777,8,1706260122,0
0xe702c303173f90094ce8c9c6ca3f198eca0e027c,bsc,validation,1708979899,16777,8,1708846227,0
0x4da95bd392811897cde899d25face253a424bfd4,bsc,validation,1708979929,16777,8,1708601236,0
0xe679956bb9029a6b8d915e4a47e3d2826b188e62,bsc,validation,1708980058,16778,8,1708816341,0
0xbac605f2def5271a92f1ab4ba4d8b1b3764bacb9,bsc,validation,1708980076,16778,8,1708970203,0
0xf9dc0a2fb541c29026a798d116b2c6804da1caaa,bsc,validation,1708980220,16778,8,1706084147,0
0x5b1ebe47f28f5a03cca11bb72a84c6fc23fa1cb0,bsc,validation,1708980264,16778,8,1708132780,0
0x69eb9dda7776dfa2fef16b61d0ada70f4bc1a3ca,bsc,validation,1708980349,16778,8,1706253347,0
0xad5ec11426970c32da48f58c92b1039bc50e5492,bsc,validation,1708981270,16789,8,1708317229,0
0xa2d46980472e17440f8448a00e401846a3f6cc31,bsc,validation,1708981324,16789,8,1708775490,0
0x34faa80fec0233e045ed4737cc152a71e490e2e3,bsc,validation,1708982431,16790,8,1702185382,0
0x910a78955e1519058971df6f8289a0bea3fd748c,bsc,validation,1708982458,16790,8,1708563680,0
0x53728fd51060a85ac41974c6c3eb1dae42776723,bsc,validation,1708982992,16792,8,1708354510,0
0xea90dc6f64d18771ca1dac8098526a9082265b42,bsc,validation,1708983040,16792,8,1707899925,0
0x965b85d4674f64422c4898c8f8083187f02b32c0,bsc,validation,1708983049,16792,8,1708562840,0
0xcfa65d49541a0a930a19321c797e442123822fb4,bsc,validation,1708983211,16793,8,1702510139,0
0xc60dee4852ee6190cc440e87fc06796ec5ed4bb0,bsc,validation,1708983547,16793,8,1708756134,0
0x9bad1e51b2d30f2929bb6b35e01ad9bde6ea6f6d,bsc,validation,1708983613,16793,8,1707818323,0
0x308ccbe9c7f4e713bf1be35d53611da19234c91d,bsc,validation,1708983991,16795,8,1706064947,0
0xf2caabf67f99d3ac5d0a4529722cfb874c9b35bf,bsc,validation,1708985079,16798,8,1708893707,0
0x7f8799e4cd8f0d7c4cf8d4d35c7a7cf514ee9a20,bsc,validation,1708986539,16802,8,1708706273,0
0xa88387ae06d407698e26cbe1ca5a1619718f55dd,bsc,validation,1708986593,16802,8,1705988543,0
0x4e98eafcc0259e537606039db7f2066758aeae71,bsc,validation,1708986845,16802,8,1688292779,0
0xb067c1dd69d41ffa29f959901c91aa7731cc4e26,bsc,validation,1708986854,16802,8,1705337584,0
0x1316f8e84c03e236355639f4d18018c55d3e23f9,bsc,validation,1708987582,16803,8,1708955071,0
0x89b43692c680481a3d406c4c8701c93784b14989,bsc,validation,1708990200,16803,8,1708458571,0
0xde1a0f6c7078c5da0a6236eeb04261f4699905c5,bsc,validation,1708991023,16803,8,1708974690,0
0x15d90e15eb79d529b90a9d8dca1f408ea0f9e705,bsc,validation,1708991389,16803,8,1707820132,0
0x6e6fb3a10f73827ceea365543d985493709abc4b,bsc,validation,1708991527,16803,8,1708636418,0
0xa7d120d10fb120a9c7f098a34579420270ba2f97,bsc,validation,1708993471,16804,8,1708970203,0
0x0260a326ca2d49c981eaa0335c4551d0b4216227,bsc,validation,1708993840,16804,8,1703933087,0
0xc88c71d3ff21e255e8502fa67226ecf0ffd956d0,bsc,validation,1708994041,16804,8,1707764370,0
0x5e8f1ac3930461a467c3a4fa349d7cfa6f211c8f,bsc,validation,1708996222,16805,8,1708772602,0
0x281e5378f99a4bc55b295abc0a3e7ed32deba059,bsc,validation,1708996669,16805,8,1692714352,0
0x1cec60fe46bd51756147f51fcfee013a7afc6fa9,bsc,validation,1708996672,16805,8,1708980438,0
0x23b06097f8fe2dd9d3df094d3ee8319daa8756c1,bsc,validation,1708996987,16805,8,1708838463,0
0x9ae58314b3e11bc836eca62302264b617641c6ed,bsc,validation,1708997722,16805,8,1708738770,0
0xef869b840ab248c2c90f9d8a7c7a6c9298cab888,bsc,validation,1708997785,16805,8,1707758793,0
0x2a388e6b2c757c013f7e6dcddaf701d6c0af14ae,bsc,validation,1708997803,16805,8,1708981106,0
0x80d956943ecf48b4f8dd761e95af7e622a72f715,bsc,validation,1708998148,16805,8,1708759136,0
0x25b070898a6c899b31e81de686b82241f5964ab4,bsc,validation,1708999351,16805,8,1708010432,0
0xfb44de508952269195ea564e65b912a858d02d4e,bsc,validation,1709000731,16806,8,1707395736,0
0x77f2be773ca0887ba2b3ef8344c8cf13c98d8ca7,bsc,validation,1709000872,16806,8,1708888835,0
0x9e795bfd0abcdd942d27d264a3aacec13b6c32a6,bsc,validation,1709001049,16806,8,1708703558,0
0x1a591bc628458a76d0553a8b8c57bf32d3ac150f,bsc,validation,1709001436,16806,8,1708074583,0
0xad26c90ac66ecd68509ec128bdb24ff32804fb54,bsc,validation,1709002633,16807,8,1708980438,0
0x17c8c198c06f16a8db68148d9ac460f5aed029d8,bsc,validation,1709003708,16807,8,1708903585,0
0x13dfe44c7b461222e10597e517e4485ff4766582,bsc,validation,1709003852,16807,8,1708818573,0
0x2d81ed6edee72d454a5baf51e40704e8c377db2a,bsc,validation,1709003855,16807,8,1708919256,0
0xb60bc2f77c184ec34b32568d64ffc2ea68b88410,bsc,validation,1709004179,16807,8,1707997120,0
0xb60cb6c66bab2af697bd2c4704d2ebd68203ba4d,bsc,validation,1709005157,16807,8,1708743375,0
0x966d991bd5b78575e504946ac17950f70f3fd3cb,bsc,validation,1709005535,16807,8,1708942636,0
0x263a5378e112fc41744b50ec40c0c0adce5884c7,bsc,validation,1709007469,16807,8,1705827443,0
0xce2392bd358233796e60719a31b87e113ce76f8d,bsc,validation,1709007763,16807,8,1707909518,0
0x78c0240dc7cc847babd972c853945a0293b2b040,bsc,validation,1709008174,16807,8,1704332291,0
0xadec335a2e3881303a9b0203eb99de12202280df,bsc,validation,1709009131,16807,8,1705563971,0
0x2d08447bdf69052b45db25033af6e74d1fc1f23b,bsc,validation,1709010272,16808,8,1708224585,0
0x2dea12c4f08074032a9997f0a199b04af0fc0392,bsc,validation,1709011812,16808,8,1708240521,0
0x5e56394422782690653733da4829c056b900bd18,bsc,validation,1709012811,16808,8,1707254867,0
0x2fb21d4792fed8e80c38956d8d0f7bf6f298c79c,bsc,validation,1709012943,16808,8,1707400114,0
0x44f790ed5ffaebed9ba91744b0cbe4d260f26a47,bsc,validation,1709014095,16809,8,1708709034,0
0xf36538cbe8a85e418bba643e8259de38dd02de43,bsc,validation,1709014233,16809,8,1708529861,0
0x0c10b1634596cf5d4f991e8226eaf8a4784a6b98,bsc,validation,1709015468,16810,8,1708200762,0
0x55d6043859dbe45e0a2571ea64b3855062fd86d8,bsc,validation,1709015669,16810,8,1707691736,0
0x4e584fbf60d5d8d026b3f5c62960e0ec61e834c6,bsc,validation,1709015889,16810,8,1708800962,0
0x02c5fb0f26761093d297165e902e96d08576d344,bsc,validation,1709016213,16810,8,1708100557,0
0xbc52c42c7c27dc2c1b613ea4e653276bfbb68789,bsc,validation,1709016489,16811,8,1708505973,0
0xfca4b113308ba3c9c81f6df3886c9f5c770c70d6,bsc,validation,1709016570,16811,8,1707189137,0
0x0debd04004d830bb367728a6d9e0373ff2db93de,bsc,validation,1709017215,16812,8,1708982914,0
0x1d2da66c065683c05b678aeea70cb635deca491f,bsc,validation,1709017215,16812,8,1708773663,0
0x700d6eca747892fbad8f51cae938a56b84aae207,bsc,validation,1709017215,16812,8,1708770335,0
0xbd8ccac4bd523cb2fdb34876de2f596dbf75885e,bsc,validation,1709017215,16812,8,1708941542,0
0xe71d1ea6357339fb9cc6d58562fa25605e7c6cc4,bsc,validation,1709017215,16812,8,1707560787,0
0xd21a1f1fcec9479d38b570a2eca3277b1b2a959a,bsc,validation,1709017389,16812,8,1708519430,0
0x134c857757308aeec4c20ca2a583f560a906ed28,bsc,validation,1709017793,16812,8,1705800503,0
0x34ba6ed408d6aea512a0dd7583d4871e8d81f967,bsc,validation,1709017808,16812,8,1694099645,0
0xd96dbfa663252bf8a46481134564b9a8edf73be7,bsc,validation,1709020679,16815,8,1708922891,0
0x97329bce201d86bbcbeebbb3b03256abdf7b7de6,bsc,validation,1709020715,16815,8,1708342080,0
0xc6e052a755681f1001830c65ff700f43b746e6f5,bsc,validation,1709020811,16815,8,1708308278,0
0x518705632201fe5aafbbcd80e9de427402a38f92,bsc,validation,1709021815,16816,8,1708771349,0
0x0a6e6d2f58d22e267fdc9bfb295f0d43985febb4,bsc,validation,1709022314,16817,8,1708969401,0
0x2cd24aaf0aeabde7f830d6719eeb8eb3837712de,bsc,validation,1709022722,16817,8,1709016251,0
0x840590a04dd494c980d70a380e10bec739432a8a,bsc,validation,1709023897,16817,8,1708766354,0
0x122edffca1c940a82574b21031623f063fc8c7f9,bsc,validation,1709024200,16817,8,1702188579,0
0x12d31d5ddf12784ab9fa123ce7f735c76ffcd9bb,bsc,validation,1709024791,16818,8,1705610632,0
0x9d7107c8e30617cadc11f9692a19c82ae8bba938,bsc,validation,1709025734,16818,8,1709019364,0
0x9f402f44684574f3535ea6f1bb5cfbffef42ee28,bsc,validation,1709026214,16818,8,1708406306,0
0xdbad544416df0677254645422bb560af8408cae7,bsc,validation,1709026406,16818,8,1705886771,0
0x23c9799c143e3afcb316d1090d4cefe36f744b4f,bsc,validation,1709027141,16818,8,1708705004,0
0x6cbc2e98e16c28775637d59342f0c8d04ba66e39,bsc,validation,1709027453,16818,8,1708762865,0
0x2a0fb91a8477c952726c1fe43341c3d239e65184,bsc,validation,1709027549,16818,8,1708589615,0
0x02b69bb65a300de06099b9d025ea4badff7f1a88,bsc,validation,1709028188,16818,8,1708142648,0
0x813c7b15972ade83c673f2460f3c0f87e33ac1a4,bsc,validation,1709028447,16818,8,1707296748,0
0xf4d834a2b5f9fd7b37c5388255a21691406b87fb,bsc,validation,1709028906,16819,8,1708764799,0
0x8619c4b2ecdcb716cd162ec73f332c4d7dc06f1e,bsc,validation,1709031284,16820,8,1707780934,0
0xe66e0ebde36556dbaef82a9d7a778896a0c40b76,bsc,validation,1709031509,16820,8,1708777183,0
0x6a80e896412eff93159385ae2f249a9605a7fd42,bsc,validation,1709031908,16820,8,1706814814,0
0x2b941f6c6dc05353e36dc40c7dbe72b3913254e0,bsc,validation,1709032031,16821,8,1708909996,0
0x7d3550d0b0ac3590834ca6103907cd6dd41318f8,bsc,validation,1709032349,16821,8,1708936037,0
0xff0e0d42848f1eef3e53bfd828bdaf135c8df0a8,bsc,validation,1709032709,16822,8,1694886479,0
0xd00138ccf5f0b55351646d5c5fe2d95ea32a63b9,bsc,validation,1709033441,16824,8,1708772530,0
0xd0903ce30764ed6b03eee2ba67d99aa83044b331,bsc,validation,1709033564,16824,8,1708592565,0
0xc8f456ae5797bfb754080ab7338fd2836169d239,bsc,validation,1709034752,16825,8,1708450576,0
0x03dd7eebeb79aec1602bbd6ef9240331a8721634,bsc,validation,1709034764,16825,8,1708892582,0
0x32f341c54272256d692b52a1ed29bc40921038ea,bsc,validation,1709035820,16825,8,1708918518,0
0x4141b9fea2b18d079dd171438f5bf32117421d83,bsc,validation,1709035955,16825,8,1708392721,0
0xd0e98827d675a3231c2ea69d1f3ed12270df1435,bsc,validation,1709036510,16825,8,1706850616,0
0x8e4e1b1563489792fee54ddca30d376236ad9edb,bsc,validation,1709036723,16825,8,1708706537,0
0xc8f62fb5ec9c7fc17ef944d301843f037aafefb0,bsc,validation,1709036810,16825,8,1709032962,0
0xc37809fad616d6a3bec655882eef7daabfa0d36b,bsc,validation,1709036900,16825,8,1708296586,0
0x3c68a6940d8f3b009f467765740699ae5804b997,bsc,validation,1709037374,16825,8,1708538154,0
0x02d68b873b5abcf0889e437bdf03f37e48097ddb,bsc,validation,1709037809,16826,8,1708495774,0
0xf8028b65005b0b45f76988d2a77910186e7af4ef,bsc,validation,1709038070,16826,8,1705800827,0
0xc59824a2ab5db97b8202e283fd1b8584c69348d0,bsc,validation,1709038676,16826,8,1708698966,0
0x4256ab6589c89d5b8ce40f7b311ea21647be0b72,bsc,validation,1709038979,16826,8,1707279411,0
0x8bd778b12b15416359a227f0533ce2d91844e1ed,bsc,validation,1709039660,16826,8,1708968029,0
0x979a798b8e9e120d6e3ced0c0fa3de7c9f3a605b,bsc,validation,1709039909,16826,8,1708662782,0
0x6358c1e2de9fd4953cd4f7e83d5a516c8928b1a7,bsc,validation,1709039945,16826,8,1708983202,0
0x17933112e9780abd0f27f2b7d9dda9e840d43159,bsc,validation,1709040572,16827,8,1704558167,0
0x35b9472e13d4ef7cf9a78ee7d6b7e9be7d795928,bsc,validation,1709042180,16827,8,1708953741,0
0x5ec2ae0afdec891e7702344dc2a31c636b3627eb,bsc,validation,1709042363,16827,8,1708937773,0
0x8888818f35bbed1c632364bf1b15446fad088888,bsc,validation,1709042573,16827,8,1708590671,0
0x5cb7e2dc122b33c7b191799ca7e23d5b4a15fbd0,bsc,validation,1709042741,16827,8,1708191889,0
0x1933896cb748627e190e7f9f184eca823f39c516,bsc,validation,1709042807,16827,8,1708884256,0
0xcb2b11e8b780971907a9a171754c7d767ee8bc70,bsc,validation,1709042834,16827,8,1708980520,0
0xf63143e7899616479f7ba52c0b9fc255b3a51cbf,bsc,validation,1709042906,16827,8,1706965651,0
0x974fdeb9caadcc4f61f4362022bb7ef1785cc7a9,bsc,validation,1709042957,16827,8,1708716347,0
0x2dd8ffa7923a17739f70c34759af7650e44ea3be,bsc,validation,1709044458,16827,8,1704646103,0
0x6605a6d03c2238c20f21adf2ba5d206baf3fdb86,bsc,validation,1709045142,16827,8,1707209765,0
0x66141efd70a65386ac58d1adf9189910928c4da0,bsc,validation,1709045895,16830,8,1699002923,0
0x8e84d99561b76cbc46b21d40e8dd062976f28cda,bsc,validation,1709046675,16832,8,1708684306,0
0xa4fb427c67df2400315c794155401c7c998ed97d,bsc,validation,1709046786,16832,8,1706920105,0
0x6c13a45101bd70561daf6186da86d7bdb018754f,bsc,validation,1709046906,16832,8,1708822340,0
0x24f43726163694bf93c0d866af057fb490f31951,bsc,validation,1709046969,16832,8,1706416009,0
0x1a4151e39acdd6692e3e6e73ad9bd7cc53d5bbf0,bsc,validation,1709047143,16832,8,1708950297,0
0xa9b1e2542024ac5527aff797469b57457bb12886,bsc,validation,1709047197,16832,8,1709024266,0
0x2a988e52bac4d22f3adbe1d5191cf3d240f01876,bsc,validation,1709047497,16832,8,1708940008,0
0x49d71842870b5a1e19ee14c8281114be74d5be20,bsc,validation,1709047620,16832,8,1708169523,0
0x99232fbbb28f4f91672e1ebb1e3b99f38c6e194c,bsc,validation,1709048358,16832,8,1708269975,0
0xc808592e5b4585f982bc728d63b227634bc007a4,bsc,validation,1709048418,16832,8,1708957466,0
0xc3434677ec3048df655c39a376969ecd7b726ef6,bsc,validation,1709048907,16832,8,1708845588,0
0x31491c35c094a0336f4859dd94ab9466709dec45,bsc,validation,1709048988,16832,8,1708107524,0
0xb3559ad8ef8911bcd3fd7c9045c74723096e8b36,bsc,validation,1709049156,16832,8,1708772431,0
0xa151f5d8d9558c85a70cd556e265a874073159fb,bsc,validation,1709049192,16832,8,1706339790,0
0x18f1f69fe1d80c8ff9472bc5387ff7b40e34c860,bsc,validation,1709049243,16832,8,1708888727,0
0xdb7d35e02e3e1add6b7f12b9b06070e251dfc21a,bsc,validation,1709049697,16834,8,1704756587,0
0x03158f64179cff71ee3206024cee79d55b70ca9d,bsc,validation,1709049730,16834,8,1708583141,0
0x71dab5eba8612604b7178b6c3e8a744360148ab7,bsc,validation,1709050312,16836,8,1705954421,0
0x93521c8c6ab1a0af419420cb71b8de216aa0472b,bsc,validation,1709050495,16836,8,1708946495,0
0xb5607c01915c22a841ef72e658cb31cd925968d9,bsc,validation,1709050741,16836,8,1708496326,0
0x6caf6b9761b786a9e9f3634320ee5061d3c0ab59,bsc,validation,1709051143,16837,8,1705656609,0
0x1709a038b3fd06f2077bb294d76d65ca92aa3190,bsc,validation,1709051837,16837,8,1708595008,0
0xd12e7b0d28ffe52e19f11297b92baccd4f90b3db,bsc,validation,1709052104,16837,8,1708918744,0
0x8303a44c770c666b8a45eebab0879c1a880d39e7,bsc,validation,1709052667,16837,8,1707393789,0
0x5e154779357bb42c2654bdeff61d3528f60f662c,bsc,validation,1709053165,16838,8,1708919030,0
0x888888888888f195e27a2e0f98d712952ab9348e,bsc,validation,1709053981,16839,8,1708234929,0
0xd24f90a772a257368b101da707f1d22ff27c1b12,bsc,validation,1709054074,16840,8,1708562969,0
0xdd6523336735b6bbbc5082f0b7c7d497375773b0,bsc,validation,1709054254,16840,8,1705200155,0
0xfde889726dabdeeb8f05060548cf7adb9b35fd3b,bsc,validation,1709054284,16840,8,1708669503,0
0x0203a4ce70cc5e0566e1122f071b59d2ed982d67,bsc,validation,1709054665,16840,8,1708705712,0
0xffe2a166a3ea6dd7bb11b2c48f08f1e4202d4e78,bsc,validation,1709055265,16840,8,1708899626,0
0xa9add8b9cf0040ab882e864673c66cadf4b71cf4,bsc,validation,1709055788,16841,8,1707780934,0
0x1003d3574ac79303a5fa0951ecb04cc7acba9747,bsc,validation,1709056268,16843,8,1708263512,0
0x67382a3364b97e09f727afb388fe817de18f7a18,bsc,validation,1709056614,16843,8,1706557232,0
0x71ff5d545cb6b3fd31ca7b451279c2b34e80253d,bsc,validation,1709057223,16843,8,1707298066,0
0x34e942859469c9db9c22f4eaf866e2c2401bb795,bsc,validation,1709057319,16843,8,1706872475,0
0x84afb95ca5589674e02d227bdd6da7e7dcf31a3e,bsc,validation,1709058462,16843,8,1708617215,0
0x6f13b1fb6b2897bb40adbc09f7f6cfad181c0904,bsc,validation,1709059142,16845,8,1703743835,0
0xff1112ba7f88a53d4d23ed4e14a117a2ae17c6be,bsc,validation,1709059160,16845,8,1708804558,0
0xec6e40cf1cfc7975fb2e78c829b52ad863566b0d,bsc,validation,1709059205,16845,8,1708772431,0
0xbe921703123250c79198380197cc843366b8a5c6,bsc,validation,1709061350,16847,8,1708845795,0
0x6d64010596f7ec3b40b40223a5f847a1b243fd99,bsc,validation,1709061779,16847,8,1705645679,0
0xb165b50332022e90f3f1acf0da006280d8b3c9b5,bsc,validation,1709061824,16847,8,1708365361,0
0x4ad006e61d77453ce99f6e24ba45d59e1c194644,bsc,validation,1709061962,16847,8,1705939031,0
0x347862372f7c8f83d69025234367ac11c5241db3,bsc,validation,1709062181,16847,8,1701858191,0
0xf9f6f85e4b2296e93cc25c949d7f0364654485cc,bsc,validation,1709063087,16848,8,1709032962,0
0xe2fc7eb28b6ecd68fa015a088ed5d4a95ce1fe3d,bsc,validation,1709063195,16848,8,1709013881,0
0xd211d4d19b49715e9d54a1a0db4dbcabbebd8118,bsc,validation,1709063225,16848,8,1708953249,0
0x0f76142d83ddef359753cca33647cc4dcee1c6d1,bsc,validation,1709063681,16848,8,1707895672,0
0x6b79d658baa3b5c7fa7dc5ccc61e09b6c725842c,bsc,validation,1709064335,16848,8,1708561202,0
0x1e2d26b6351bffe970bab183c25e267d9c0d1223,bsc,validation,1709064506,16848,8,1705688703,0
0x9e327b55d5791bd1b08222f7886d7a82eb11acee,bsc,validation,1709066207,16850,8,1708981106,0
0xa1cbb8e0da189f1d9eebb53ce743545fed413a0e,bsc,validation,1709066564,16850,8,1708801118,0
0x6a0b045ea1cbc87946ee6ca4d118dc0b5c152455,bsc,validation,1709066618,16850,8,1706815570,0
0xe8f6311a615b4e5f50bb2c6071c725518207337d,bsc,validation,1709067492,16851,8,1708828007,0
0x1fc71fe3e333d5262828f3d348c12c7e52306b8a,bsc,validation,1709067495,16851,8,1708786899,0
0x562061b4e5f7e7005d7fb45c78d0ad4bd9b1461e,bsc,validation,1709067729,16852,8,1706742806,0
0x940580db429da7fa8662d66f7a4d312443f09f52,bsc,validation,1709067987,16852,8,1708586669,0
0x89c4434119b237922069673439c35f90025563c9,bsc,validation,1709068766,16852,8,1708936801,0
0xcdd6494aeb193c8d5541b5b9c5e72a3809a98fdc,bsc,validation,1709068871,16852,8,1707273292,0
0x10a49f1fc8c604ea7f1c49bcc6ab2a8e58e77ea5,bsc,validation,1709069477,16852,8,1708969471,0
0x803770ba98385e5b094dc31c7e02c4f38195f25f,bsc,validation,1709070635,16852,8,1708942198,0
0x8444bd389e5db8ceaad7b95466a0b8a1939af1a9,bsc,validation,1709071085,16852,8,1708811101,0
0x62aa52175ff697989b214b298cef5053b0bfdef6,bsc,validation,1709071103,16852,8,1708949598,0
0x5ac0d5414e72a699624e430eb6f7870b1f04ad88,bsc,validation,1709071220,16853,8,1708066633,0
0xa3754e8f5f9ae5a4ba2993dfafae8e215fd472f6,bsc,validation,1709071780,16853,8,1708899931,0
0x5c0d0111ffc638802c9efccf55934d5c63ab3f79,bsc,validation,1709072431,16853,8,1708844382,0
0x1840efa31d2e26dc8af5502efa5124da450995f1,bsc,validation,1709073595,16856,8,1708363659,0
0xcbe73dd7e8fc74011136b837a59205801c45e6a1,bsc,validation,1709073646,16856,8,1708892258,0
0x0c692b62c4e85171fd1c05fba889c9f873b81317,bsc,validation,1709074381,16860,8,1704585323,0
0x734f628178a40d2c7275f35678a8199fab5341f9,bsc,validation,1709075050,16860,8,1708879147,0
0x27d51bca0b145b3f701178c3da5b66cdf66bd04e,bsc,validation,1709075113,16860,8,1708018011,0
0x1a73308d8eeb3c1a2b771e9ace73508c52706b76,bsc,validation,1709075191,16860,8,1708923219,0
0x08a1333e06b9ff97623e3d568351e5b6550b46e6,bsc,validation,1709075758,16861,8,1708937773,0
0x9cc3453845f76b044585827b5c20db7e5cc68e57,bsc,validation,1709075776,16861,8,1708710017,0
0x8bb93979901cd159bf6763b223fbb315c31ccf7b,bsc,validation,1709075941,16861,8,1707705504,0
0x9b3d7fe1f729560f2958d781943eccb33b123fb3,bsc,validation,1709075995,16861,8,1709009945,0
0xad20f5ba6b718447c82d450724e6c4e9292a80d2,bsc,validation,1709076163,16861,8,1708047815,0
0x3137d0d907392aec0d192fca11e371b83917d1e6,bsc,validation,1709077000,16861,8,1708534815,0
0x48b15cb805268f88b927e17ec39f078ca68c388e,bsc,validation,1709077716,16861,8,1708204949,0
0x5f2f6c4c491b690216e0f8ea753ff49ef4e36ba6,bsc,validation,1709078157,16861,8,1708830813,0
0x201af44d9dfa5464f20b8dd8aa96fc016d26e7c0,bsc,validation,1709078166,16861,8,1707761520,0
0x72a634a80d7dd48f83785bcd04fc603418f99ef7,bsc,validation,1709078654,16862,8,1708941284,0
0x3f9835bc1611d05ac6356f308f25d8cb0fd2d3bf,bsc,validation,1709079389,16863,8,1708937773,0
0xbfc83596b4da935a0d89b6ff49f46b3ef563fafd,bsc,validation,1709079569,16863,8,1708837478,0
0xa6c2d7788830e5ef286db79295c533f402cca734,bsc,validation,1709079677,16863,8,1709032962,0
0xda2c0cdf7d764f8c587380cadf7129e5ecb7efb7,bsc,validation,1709079695,16863,8,1704749488,0
0xa41a879bcfdd75983a987fd6b68fae37777e8b28,bsc,validation,1709080547,16863,8,1705419446,0
0x5abf8fafb3da65aa0b5d6da46f4d163f94e4f294,bsc,validation,1709081735,16864,8,1709028493,0
0x6a545f9c64d8f7b957d8d2e6410b52095a9e6c29,bsc,validation,1709082380,16864,8,1708945277,0
0x3f847b01d4d498a293e3197b186356039ecd737f,bsc,validation,1709082386,16864,8,1708850103,0
0xc33e0b83d395fbba0e2e463b10029f8379ad9c7e,bsc,validation,1709083073,16864,8,1708850074,0
0xe49d8758d9df1b91ec5a48b37675d08e664d9df0,bsc,validation,1709084120,16864,8,1705187006,0
0x86296279c147bd40cbe5b353f83cea9e9cc9b7bb,bsc,validation,1709084447,16864,8,1707338248,0
0x6f5c228d4ac47ebdcad7ee02b591a562d577eb16,bsc,validation,1709084753,16864,8,1708982914,0
0xbcfe392e778dbb59dcad624f10f7fa8c4a910b1e,bsc,validation,1709085452,16864,8,1703665602,0
0x50a9eb8a53f2c2993f46b354bd5f24f1c880bf24,bsc,validation,1709086602,16866,8,1708019875,0
0x9c73c12a70a13639e3ecac05a9c21883720bdcc7,bsc,validation,1709086655,16866,8,1709024266,0
0x2c29d6da871a6b90d7b4ae470079cdf5252df5f8,bsc,validation,1709086691,16866,8,1708764799,0
0x279dc2a2700c192a817cb8dfada3c02a7ba8a337,bsc,validation,1709086850,16866,8,1708136226,0
0x40079f576625b764e191af9c38ecb2e19d69b675,bsc,validation,1709088026,16867,8,1706528205,0
0x4e1c1bd35397042319fe252d2e324ad439b19f1e,bsc,validation,1709089601,16867,8,1692413830,0
0xe06f46afd251b06152b478d8ee3acea534063994,bsc,validation,1709090655,16867,8,1708953114,0
0x190984cb2e74332c2c9017f4998e382fc31dc2d5,bsc,validation,1709090670,16867,8,1708949598,0
0x23f07a1c03e7c6d0c88e0e05e79b6e3511073fd5,bsc,validation,1709090898,16867,8,1708839443,0
0xd6da6491a6663b1d413715f4fd8edd74a4b47694,bsc,validation,1709091123,16867,8,1708739491,0
0x10c723d4a9180c468055a548bf58d7ab279fe4ac,bsc,validation,1709091324,16867,8,1708758384,0
0x836beb2cb723c498136e1119248436a645845f4e,bsc,validation,1709091744,16868,8,1707582459,0
0x0d97d170ccee5c0dcd2b19adc445613436581732,bsc,validation,1709092877,16868,8,1703211527,0
0x7ed86d2769fe9a2cad7bac4ceac45e40c82295d6,bsc,validation,1709093642,16869,8,1708828574,0
0xc7e9d03b6f13d7215c2e2b1854a2b0bdbebe6fb9,bsc,validation,1709094151,16869,8,1708930275,0
0x102e52f7c3cff79b41a17be27ace60061500050f,bsc,validation,1709094676,16869,8,1708298488,0
0x918f2fe1b50ecaeaeb95482669881ed42a978083,bsc,validation,1709094745,16869,8,1708588874,0
0x0195af07ff81e2dcdd40bb8f7719fb4426a978c9,bsc,validation,1709097199,16872,8,1707714713,0
0x5ef6b5abaa7e9b75fa4daebf0fc722f9aff12b40,bsc,validation,1709097550,16873,8,1706363342,0
0xc4fb957e3f1c04c8dc4000525e55920861f25bfc,bsc,validation,1709098251,16873,8,1708614916,0
0x31640330cd2337e57c9591a2a183ac4e8a754e87,bsc,validation,1709098492,16875,8,1708614781,0
0x3ea6f95f1cfa573dcb25b79953406a5e030aafaf,bsc,validation,1709098492,16875,8,1708672548,0
0xa03c494ed39aa54f9b1d85647a54670f54fa91c8,bsc,validation,1709098549,16875,8,1707861885,0
0xb9fcb5b2935d57a8568b6309b3093200482c448d,bsc,validation,1709099806,16875,8,1708054246,0
0xfb2c085a8b266b264ff0a38b9687ae14ef8a67fb,bsc,validation,1709100355,16877,8,1708743375,0
0x5749085c36a521f71ad2050cb600b2165aabdf68,bsc,validation,1709101681,16880,8,1708090727,0
0xf731a9e69287314e1159b3c23757308d27026558,bsc,validation,1709101729,16880,8,1708777445,0
0xe127d21b3a4326863de2ddc99ac8b9d3a2a673b6,bsc,validation,1709102404,16880,8,1708013408,0
0x0cd5c0e24a29225b2e0eae25c3ab8f62ef70df9d,bsc,validation,1709102884,16880,8,1708763461,0
0x3d02b82acbc64dad2c4d82768dfa42b12e26a74a,bsc,validation,1709103268,16880,8,1708609319,0
0x8ebc361536094fd5b4ffb8521e31900614c9f55d,bsc,validation,1709104092,16881,8,1708942636,0
0xb7fda7374362f66a50665b991aa7ee77b2c6abbe,bsc,validation,1709104380,16881,8,1705413666,0
0xd9867da5704cd1041e71382ba0c4ad64b63284c3,bsc,validation,1709104524,16881,8,1705782419,0
0x8f4087cb09e0f378f4278a314c94a636665de24b,bsc,validation,1709104572,16881,8,1708738357,0
0x6641fa061a7d0b8955d945b9c981e7ff296812fa,bsc,validation,1709105049,16882,8,1708572093,0
0xea3d4d95d4294e9f69b78df381ead248cc5d4f53,bsc,validation,1709105226,16882,8,1708969471,0
0x65e66a61d0a8f1e686c2d6083ad611a10d84d97a,bsc,validation,1709105676,16883,8,1708592417,0
0x00ea1624e74fbf193f990661f08c2c09605a63be,bsc,validation,1709105793,16883,8,1708856497,0
0x548103d8e76cdba8eb7e29cece352f3fd229b1ea,bsc,validation,1709105996,16883,8,1706557232,0
0x4ea636b489f51e2c332e2a6203bf3fcc0954a5f4,bsc,validation,1709106059,16883,8,1708656525,0
0xf69632b65f280b81403863036cfa14afa3d01ac4,bsc,validation,1709107821,16884,8,1708127073,0
0xa3d2ae2d6684178a8565231465c3feebb05880c1,bsc,validation,1709108097,16884,8,1708729979,0
0x828aa11755daf934cdbe19b0f491a81ff272e4bc,bsc,validation,1709108424,16884,8,1708772431,0
0x879d516ed329f34b92b59637743159c2b9d01f55,bsc,validation,1709108460,16884,8,1704948935,0
0x3947b992dc0147d2d89df0392213781b04b25075,bsc,validation,1709108466,16884,8,1706913712,0
0x61fa01129ac0bb124d1c60dc9f735c6c579a858b,bsc,validation,1709108496,16884,8,1708184701,0
0x1263f9591691cdee241ffd48a255f936faf5936a,bsc,validation,1709108885,16884,8,1708633246,0
0xe500acdbd53a8fcbe2b01c0f9c2ccc676d0fc6f6,bsc,validation,1709109812,16886,8,1707293154,0
0x083345635f05f78c6de56033804707043b578b3e,bsc,validation,1709110105,16886,8,1708959303,0
0xca0c1c12466a57b26850b05a0ba2fb39f9763a0c,bsc,validation,1709110425,16886,8,1708466029,0
0x55c0bf68101fd8c0f56461df2732e358c2c6d0b2,bsc,validation,1709110539,16886,8,1708019119,0
0x487770734490ac571cda3bc06067048ecc5caa4e,bsc,validation,1709110593,16886,8,1708931739,0
0x94f2e23c7422fa8c5a348a0e6d7c05b0a6c8a5b8,bsc,validation,1709110719,16886,8,1708538390,0
0x29e0a541c368528009715c03558c1ec4b8d0aeee,bsc,validation,1709110782,16886,8,1708972966,0
0x64d5baf5ac030e2b7c435add967f787ae94d0205,bsc,validation,1709110782,16886,8,1707307034,0
0xb913aa79a0365bc4d30c217ae2916e6e2c44c882,bsc,validation,1709110818,16886,8,1709078373,0
0xc1fdbed7dac39cae2ccc0748f7a80dc446f6a594,bsc,validation,1709110914,16886,8,1709086075,0
0x42dbd44a8883d4363b395f77547812dc7db806d5,bsc,validation,1709111106,16886,8,1708766594,0
0x073d31b72e5444e6f00e24d31f66f100dee40e74,bsc,validation,1709111151,16886,8,1708248803,0
0x9e7942a24be24b18a56ceac7ba9926c5fbfc4e27,bsc,validation,1709111412,16886,8,1708984935,0
0x35c308cef65f991b11b8105dd9a120426719ed3d,bsc,validation,1709111418,16886,8,1708765132,0
0x0f6d7acd7f4e4e772ebcb642072f309491f1cff6,bsc,validation,1709111454,16886,8,1708941542,0
0x37140dea3b9d66a941a6030806e70168b8b8b904,bsc,validation,1709111538,16886,8,1708974690,0
0x5275e602238c85b204413116c1057aff5c60b282,bsc,validation,1709111538,16886,8,1709093143,0
0x96a7c35e3a8c393bc10548e636e7ac30f5165f21,bsc,validation,1709111538,16886,8,1708877106,0
0x8f4778c2719ec3fadad06d03b4e37b1a3762c445,bsc,validation,1709111553,16886,8,1708942636,0
0x7c56c79a454cbfaf63badb39f82555109a2a80bf,bsc,validation,1709111568,16886,8,1708610144,0
0x6f6350d5d347aa8f7e9731756b60b774a7acf95b,bsc,validation,1709111601,16886,8,1708953264,0
0xf28db5d3ddaa505937cfe27ee52d91da73b1d740,bsc,validation,1709111634,16886,8,1709049785,0
0xba952e4cca1050e12429d23a66986862245c766b,bsc,validation,1709112237,16888,8,1703409187,0
0x0704563d6fbc9a858748298d6445e077987b51f2,bsc,validation,1709112297,16888,8,1708861791,0
0x9512e7fd29c187b31b2405396ec4217624eec08c,bsc,validation,1709112297,16888,8,1708805820,0
0x95552f2a2163f66c0a36019d96448d47f8607f96,bsc,validation,1709112318,16888,8,1708879147,0
0x2f25dbd430cdbd1a6ec184c79c56c18918fcc97d,bsc,validation,1709112486,16888,8,1708880173,0
0xa165dc4dd7c8410027c3674426875bdd8febec8e,bsc,validation,1709112540,16888,8,1708983719,0
0x7a0ffa3db812701e711fc38eacb99675352f31be,bsc,validation,1709112612,16888,8,1708511009,0
0xd46936677b2c1bb696f2b67c55239331e2b7cd42,bsc,validation,1709112666,16889,8,1708879147,0
0x061e64f1293bc49402a867cc6411987148bcdb1b,bsc,validation,1709112684,16889,8,1708617152,0
0x07a2de47fbcbc4b7bede9ed8f870245acffcbd91,bsc,validation,1709112690,16889,8,1708772530,0
0xcc9769c83e7bab501a2bbff47325109334446381,bsc,validation,1709112714,16890,8,1708876317,0
0x898c380037033bd32ab1b8a7b852933f0586a5b7,bsc,validation,1709112717,16890,8,1705896451,0
0xb08560ac3832f680d09b33cf3d8982bd78afcba8,bsc,validation,1709112777,16890,8,1708766594,0
0x098afb73f809d8fe145363f802113e3825d7490c,bsc,validation,1709112792,16890,8,1708941407,0
0x24d5da8a2d9c26d1020fa7fedc9b1124c68c5956,bsc,validation,1709112792,16890,8,1708981704,0
0xa64912625996d9084dc73052d0efce13f713599b,bsc,validation,1709112792,16890,8,1708766594,0
0xd9124604b5dc6eec0e75d5b02f1610c7ba734cc1,bsc,validation,1709112825,16890,8,1709037463,0
0xf71e950758310faf9f7d51c4f4250c7546086c1f,bsc,validation,1709112891,16891,8,1708985003,0
0x266608075fbc9db7d7fb1932c95f77f6d4c6f164,bsc,validation,1709112918,16891,8,1708922192,0
0x1e3214bf98f283fe76e831c84a59884f600fcfae,bsc,validation,1709112927,16891,8,1708277889,0
0x1fc5bffcf855b9d7897f1921363547681f6847aa,bsc,validation,1709112996,16892,8,1708821148,0
0x77ad5f358cd673fca1673e20e928b3ccadc84706,bsc,validation,1709112996,16892,8,1707341235,0
0xff54da7caf3bc3d34664891fc8f3c9b6dea6c7a5,bsc,validation,1709113008,16892,8,1708942282,0
0x05e50f47ec38db5eeee4bede36792b5a5c6f3e0a,bsc,validation,1709113044,16892,8,1706319803,0
0x5f26be59d28e0b3a9c58e242a58acc05e000f4ad,bsc,validation,1709113044,16892,8,1708132780,0
0xcd6de21c28b352e1f7fa2966ac24edca68115159,bsc,validation,1709113044,16892,8,1708900801,0
0xbdcd346c1fba225aa8892745a6fe0c2ee9226375,bsc,validation,1709113113,16892,8,1708904230,0
0xcd845749201e07c678563bc5ef7534c85550d496,bsc,validation,1709113113,16892,8,1708929219,0
0x3d40b9568d97064feaf6783ae1dee597bf40541e,bsc,validation,1709113119,16892,8,1708801118,0
0x9f06a4c806b5639433a991d28e715b562938ece4,bsc,validation,1709113248,16892,8,1707876103,0
0x32ff208a18a5fbc81f6fd262020b1415bfcb3b33,bsc,validation,1709113284,16892,8,1707660020,0
0x4ffd3b8ba90f5430cda7f4cc4c0a80df3cd0e495,bsc,validation,1709113383,16892,8,1708821148,0
0x33bc7539d83c1adb95119a255134e7b584cd5c59,bsc,validation,1709113392,16892,8,1708986924,0
0xbe2aa50783c59b29d397ad45f6b6069ac139124f,bsc,validation,1709113428,16892,8,1708766594,0
0x10be866a844c3a4d94b5cea47dc6c46151d1c9ea,bsc,validation,1709113491,16893,8,1707557780,0
0x9806aec346064183b5ce441313231dff89811f7a,bsc,validation,1709113491,16893,8,1708671177,0
0xe244c523fe331fe6e6f025d5d0df31c546a5820c,bsc,validation,1709113554,16893,8,1708682053,0
0xcd06c743a1628fb02c15946a56037cd7020f3bd2,bsc,validation,1709113581,16893,8,1708761575,0
0x2a74b7d7d44025bcc344e7da80d542e7b0586330,bsc,validation,1709113587,16893,8,1708583234,0
0xd481f4ea902e207aada9fa093f80d50b19444253,bsc,validation,1709113680,16893,8,1708841294,0
0xb858ec225986122ebd1ac6a1a3b9c27008f42801,bsc,validation,1709113747,16893,8,1708929219,0
0x3d511851374c233a779f4de8c1429d038353ccf6,bsc,validation,1709113875,16893,8,1709109685,0
0xc027df92684407b5ab3ab768c46f352323e94c5b,bsc,validation,1709114136,16893,8,1708563209,0
0xb022260e40eadbad0ab0cd757af7f9ec64eb1c57,bsc,validation,1709114220,16893,8,1704201092,0
0xb9fd14912cd2ff2f0d6d3c2b46ddc73705d77d3c,bsc,validation,1709114466,16893,8,1707939976,0
0x631e20a3b5f523499ae4f5d6239d36f1cd0ddf8e,bsc,validation,1709114574,16893,8,1706116051,0
0xaf3020d7823f1c16a4f62ced12bc0fd2fc6628d2,bsc,validation,1709114580,16893,8,1697032991,0
0x4ecb0d6211191d02971d685fb4225ccbae238103,bsc,validation,1709114844,16893,8,1708899541,0
0x0fce812078eba517fbc64b77d8fb51f5679f9ebd,bsc,validation,1709114886,16893,8,1708191889,0
0x57c81885faad67fc4de892102f6fead3b9215f6b,bsc,validation,1709115330,16893,8,1708784031,0
0xfb82876a27c2d38a3e7bc4591ace7f1a45e32ffe,bsc,validation,1709115450,16893,8,1708869307,0
0x67915e893b68fbc436a288564fff1476b632b009,bsc,validation,1709115636,16893,8,1708538154,0
0x36d29fe3376874c3bea7a180cff6b89e1b2bfc9f,bsc,validation,1709116098,16893,8,1708013489,0
0xf25868b9e9c62f12192650ac668a2aa69f965f44,bsc,validation,1709116554,16894,8,1708234929,0
0xe4cd92ccf256b92b6f60c36d1b99be3b900fa21b,bsc,validation,1709116599,16894,8,1708487671,0
0xc05f9174eb7f8b5102d8c83f441a5f65a684aefc,bsc,validation,1709117200,16896,8,1706098955,0
0x6c77bb19c69d66bea9e3cdaea108a76ea8d2fd2a,bsc,validation,1709117464,16897,8,1708877106,0
0x8fb1a59ca2d57b51e5971a85277efe72c4492983,bsc,validation,1709117902,16897,8,1708982914,0
0x2456493e757fdeedf569781f053998a72adfad03,bsc,validation,1709117998,16897,8,1706984146,0
0x9b7a8f7895c58d85c63fba7a57a382c03c55a652,bsc,validation,1709118166,16897,8,1704817067,0
0x3da9c85bbd8b654d1c1543ad261127b02f27614b,bsc,validation,1709118814,16897,8,1708816740,0
0x9a257c90fa239fba07771ef7da2d554d148c2e89,bsc,validation,1709118856,16897,8,1708210050,0
0x4fc3c0a3bdee649fe29d6d7766ea4fc6916cc0d5,bsc,validation,1709118868,16897,8,1705281752,0
0x343915085b919fbd4414f7046f903d194c6f60ee,bsc,validation,1709119773,16898,8,1708545476,0
0xe278911c4275d89c8f1824f2c3300aae56668ab5,bsc,validation,1709119971,16899,8,1708958683,0
0x7c2d9239195a8ed2a3e82f3f62e33d5223f2120e,bsc,validation,1709120151,16899,8,1701402119,0
0xc75835c00c7b1b8589d2438e8b8d83472d238306,bsc,validation,1709120352,16899,8,1704375936,0
0x3db33b46ffb6a6f571293a39ce68f1f3eafc8a21,bsc,validation,1709120628,16900,8,1707290328,0
0xc2d90b5515eff48998775a7900ff50abc6404f8f,bsc,validation,1709121011,16900,8,1708856595,0
0x9dc5ae951d5778025bd8f3af0806ccdc134bbe16,bsc,validation,1709121215,16900,8,1702395270,0
0xf3a672f68a6f750a17a199d32fe22f48088b8408,bsc,validation,1709121308,16900,8,1708291078,0
0x672111d394cd3b16bc787882f1c2fcee87bcef00,bsc,validation,1709121581,16900,8,1708200762,0
0x275b686a5c7312e50299b1c64507c90ee8a381a0,bsc,validation,1709121833,16900,8,1708955896,0
0xf3a153aa5c3b53a40e3bceb6af356fd8aa150677,bsc,validation,1709121902,16900,8,1707766326,0
0xcc9b189401076cdee1fa856e03b0dabbbecaf865,bsc,validation,1709122034,16900,8,1708761575,0
0x11d9f5d36ba3996962142c1c32467acebb697009,bsc,validation,1709122882,16900,8,1705306919,0
0xbc570b260c52a032de9ef06087e91b2c5104c76b,bsc,validation,1709123868,16902,8,1708609319,0
0xd99903242745e8e3ecf1e2a7d4f6052282f891ee,bsc,validation,1709123951,16902,8,1708899209,0
0x459fab6be3b07558e28fecb07b64a481d0e8c6a3,bsc,validation,1709124141,16902,8,1708839443,0
0x779a10e41011094b836e92adbe55be521c6e7cba,bsc,validation,1709124141,16902,8,1708751151,0
0x3b1308ad9d2590ca6a0bf3ca12a2d4ee15db07a4,bsc,validation,1709124150,16902,8,1708949598,0
0x8bca3571cce2d9a531278a0352c7fabe2908b088,bsc,validation,1709124426,16902,8,1708721053,0
0xf8dec8bd8dc826c13fb9f55d89988c388b2146f9,bsc,validation,1709124429,16902,8,1708751151,0
0x0a3b078561daf7458251857e28cab93ef608339f,bsc,validation,1709124468,16902,8,1709024266,0
0x556b60c53fbc1518ad17e03d52e47368dd4d81b3,bsc,validation,1709124861,16902,8,1708674868,0
0xec3d8372da41a9e9b24977b1d8310c1f2a4d90af,bsc,validation,1709124903,16902,8,1707697670,0
0xd185c16756873b907df064bd7b4815839de4e6b9,bsc,validation,1709124912,16902,8,1708263512,0
0xfc6a90c7e72f911686d84f26b0c60e77064555bd,bsc,validation,1709125065,16902,8,1707278850,0
0x9ccd7671fde42d814430ccabcb5dda127526ec91,bsc,validation,1709125127,16902,8,1708792203,0
0x1123e16abea3a59e16d2b5614668481f7d15a706,bsc,validation,1709125267,16902,8,1708598992,0
0x961e149db8bfbdb318c182152725ac806d7be3f4,bsc,validation,1709125537,16902,8,1708942615,0
0x7c1e899d9133f76c489cada6f1cd2d47229b7685,bsc,validation,1709125621,16902,8,1708926407,0
0x9e551b430b7ab145c96c6ede72a34ec2a90d4eca,bsc,validation,1709125711,16902,8,1708849890,0
0x44c4eddef663fc65e93987a153c31314cc4c9eb1,bsc,validation,1709126458,16902,8,1708363659,0
0xc0cc1e5761ba5786916fd055562551798e50d573,bsc,validation,1709126704,16903,8,1708672548,0
0xc0e7ba97e9c802656c2b3ea8f27fad6e60f0a795,bsc,validation,1709126818,16903,8,1708539696,0
0xd2cdfd5d26dfa1d11116b9ed7dbd7c6b88c6e1d3,bsc,validation,1709127373,16903,8,1708949772,0
0x3e37964d723c2ce68c508d0de52936847d1f109a,bsc,validation,1709127973,16903,8,1708563400,0
0x7e92315491a687430d3ca20e8f6417252d8cb4f3,bsc,validation,1709128561,16903,8,1707643467,0
0xdacc0417add48b63cbefb77efbe4a3801aad51ba,bsc,validation,1709128693,16904,8,1708951657,0
0x6db3972c6a5535708e7a4f7ad52f24d178d9a93e,bsc,validation,1709128894,16904,8,1708089935,0
0x3e4e4dc74f8c9ed1485e34a31a5346b0bbea2c3e,bsc,validation,1709129032,16904,8,1708381802,0
0xd9e25c6984def2a6671278c201f9735e7fc60ba0,bsc,validation,1709129194,16904,8,1708481067,0
0xddc357acae0cff6d1421ef058661f0ac8f2e22bf,bsc,validation,1709129878,16905,8,1708806225,0
0xf02cdfd879a86b5a6133725fb44b9f1a1c0b0211,bsc,validation,1709130253,16905,8,1708210670,0
0x873801ae2ff12d816db9a7b082f5796bec64c82c,bsc,validation,1709130415,16905,8,1708563290,0
0xee7b7c840de85ad277cdddaef63b3b29672a3c58,bsc,validation,1709130667,16905,8,1708172149,0
0xc3c5586f10893280f00ceff931d74991682dbff8,bsc,validation,1709130763,16905,8,1708725313,0
0x16a7460b9246ae508f18e87bda4e5b4c1ae8f112,bsc,validation,1709130823,16905,8,1707304496,0
0x36f10cb2053818d3ba7e2f1ab702412b3bc3955a,bsc,validation,1709131561,16905,8,1709073099,0
0x893411cacf9e62a744d9fc0f72f7fb1b1373b6cd,bsc,validation,1709131678,16906,8,1708981028,0
0x0a927ab3b0f48826210ad4a43a953277aa7da8f7,bsc,validation,1709132197,16906,8,1708278246,0
0x49d20165fbdad66b7e87937acaa74af47beb32c3,bsc,validation,1709132464,16906,8,1708320636,0
0x90e1f81b298f6c180ce6f71a6bdb4acf41be8e01,bsc,validation,1709132500,16906,8,1708981106,0
0x8d48e3c6d4009aaf1cb136c2257058cc695be178,bsc,validation,1709132614,16906,8,1708762865,0
0xd340652ee6be19a96ccfb1c1cfb6048cedc87d4d,bsc,validation,1709132695,16906,8,1705332565,0
0x00ff07204c3b27d72cf83ef521adb7066167561a,bsc,validation,1709132791,16906,8,1708951657,0
0x811cd5cb4cc43f44600cfa5ee3f37a402c82aec2,bsc,validation,1709132815,16906,8,1708750518,0
0x3a9d287cb3817410ef005e60d7ab3b0c6cb3361d,bsc,validation,1709133139,16906,8,1708668780,0
0xeefffe6a0f31c8e203dba718b57944208a9e788a,bsc,validation,1709133595,16906,8,1706545822,0
0xeb0ad54a88dc735e55f0d9b394c8cb6e46b62202,bsc,validation,1709133706,16906,8,1707264004,0
0xbc72ff9d74d1002cd1b07eb43d36e03611bfeb28,bsc,validation,1709133733,16906,8,1708845762,0
0xd001ee3c400c308d468d1e3fc760c7c498c26d67,bsc,validation,1709133892,16906,8,1708461192,0
0x967da0d87a60e5fe7331156480c3f62ce4016b28,bsc,validation,1709133985,16906,8,1705515059,0
0x2d667b0c7e87bb8207248dfe0ef792e48a5f11fc,bsc,validation,1709134321,16907,8,1705584842,0
0x5e3072305f9cae1c7a82f6fe9e38811c74922c3b,bsc,validation,1709134513,16908,8,1698108587,0
0x47d3af5235981384a55b5d02428cac9a99be7310,bsc,validation,1709134882,16909,8,1707276006,0
0x826b30d620094b959fc8aff8be34ea5eba417faa,bsc,validation,1709135218,16909,8,1708958727,0
0x4901f76a171c64d4c0c8436e25da65c91dd9bce4,bsc,validation,1709135731,16909,8,1708949540,0
0xbd1dcec2103675c8f3953c34ae40ed907e1dcac2,bsc,validation,1709135980,16909,8,1708272201,0
0xe8648f4bedab4064826fe36a67288bbeb69e9b52,bsc,validation,1709136259,16910,8,1708772032,0
0x3a91a88ef4bb813bb99ef5a745bcb56e3a3b403b,bsc,validation,1709136556,16910,8,1708772602,0
0x9844ee080ca8f417ee1faaa1b67d144198537bd3,bsc,validation,1709136586,16910,8,1705766732,0
0x7062f2e2b917ed14b2b0833e9e0278cb4bc62c69,bsc,validation,1709136727,16910,8,1705554551,0
0xb68a67048596502a8b88f1c10abff4fa99dfec71,bsc,validation,1709136844,16910,8,1708583099,0
0x3be056312d97c8f674cb84bebb8b3bc25418022b,bsc,validation,1709137213,16910,8,1706713195,0
0xe935a5ed165b8cffa1475e872867e8c5910adaa9,bsc,validation,1709137243,16910,8,1708846047,0
0xb70e1255446822e3b8dfe2d2c11fa1c9cb4a9c53,bsc,validation,1709137402,16910,8,1705508927,0
0xa78fd59d898b54e5d7bac783b43ef45bb87ec9cd,bsc,validation,1709137555,16911,8,1709073823,0
0x4baa4eb0718886196c10a9c4c5da9525983ea851,bsc,validation,1709137585,16911,8,1708857442,0
0x1dde6c3bc6e7078842652df8ca09fcfdf92ae8fc,bsc,validation,1709137654,16911,8,1708995089,0
0xe0ca4724bc8b97b259d25596ee3cfab816629bad,bsc,validation,1709137726,16911,8,1708879147,0
0x52171ffa4ceda60ff9795e1f111adb14c3d7025e,bsc,validation,1709137744,16911,8,1709119314,0
0x4882ca26e122d6ce2aee59c39b8b226fcf19ce8d,bsc,validation,1709137753,16911,8,1704512987,0
0xfde7ac8e82d261d5bcea44dfcda42d32c5a74615,bsc,validation,1709137855,16911,8,1708877106,0
0x5e8bcb23d631c38809eec607f30057d8135700ca,bsc,validation,1709137996,16911,8,1708702928,0
0xae4a8e2a265d799639dc2440437d401b07478e2d,bsc,validation,1709138032,16911,8,1708013306,0
0xc00b1ffa922edf1175a4e6feaac5b2b469932524,bsc,validation,1709138032,16911,8,1708986050,0
0x0c920ac31af492674fdccb36d7aaa3e373f7c0c3,bsc,validation,1709138143,16911,8,1705857659,0
0xdd534480782ecf53e4a5257b0f3c37702a0bad61,bsc,validation,1709138158,16911,8,1708764799,0
0x592032513b329a0956b3f14d661119880f2361a6,bsc,validation,1709138170,16911,8,1708636418,0
0x11b9a8edf6f8b86d7e25ee400bd24398cfc8cd77,bsc,validation,1709138203,16911,8,1708930275,0
0x26ab5131dd666b4179ac909926ee3c18ee05e470,bsc,validation,1709138221,16911,8,1708953264,0
0x36c0556c2b15aed79f842675ff030782738ef9e8,bsc,validation,1709138221,16911,8,1709116841,0
0x459af65245d0e40efa29c95d394c1e90c69c22b9,bsc,validation,1709138221,16911,8,1709134085,0
0x5845cd0205b5d43af695412a79cf7c1aeddb060f,bsc,validation,1709138230,16911,8,1708134221,0
0x5bccfbd33873a5498f8406146868eddd5e998962,bsc,validation,1709138230,16911,8,1709014547,0
0x4339f0c6cbe2012fc2cfe3f6fd51a59869e4589b,bsc,validation,1709138248,16911,8,1708879846,0
0x1099e778846baa6aad3c6f26ad42419aa7f95103,bsc,validation,1709138347,16911,8,1708899091,0
0xf459693e9f45f432ecb48afe1bd0ccaa4ad82959,bsc,validation,1709138347,16911,8,1708771109,0
0x8e83eb3cc2585b9648687c3d1d9c7a2d17448772,bsc,validation,1709138524,16912,8,1702188579,0
0x56eab07247e3e6404ac90140f20bba61375d5c3c,bsc,validation,1709138536,16912,8,1706984146,0
0x905a46de6f99b6efc5fa062ab398153048e121ea,bsc,validation,1709138629,16912,8,1708941542,0
0x0f8f39b92776d9136408280c7209bebe4351123b,bsc,validation,1709138641,16912,8,1708738369,0
0x030ce78aa5be014976bca9b8448e78d1d87fce0b,bsc,validation,1709138851,16914,8,1708931739,0
0xdb81388cc8e726cea5b6b6e718dcb4c7f3976d8d,bsc,validation,1709138984,16914,8,1708716347,0
0xcfc5cf2a73e97401c218b7ce1c594524bd8ba4bf,bsc,validation,1709139299,16914,8,1708609319,0
0x68ef00dad00925e060b177c7ac59382fd0eb00c2,bsc,validation,1709139302,16914,8,1708749431,0
0x00855c21754fe85fd4e38ac23d2b3e091b04a042,bsc,validation,1709139431,16914,8,1708944410,0
0x41aa9f842af935cc71252c0de4bff13f821546b8,bsc,validation,1709139488,16914,8,1709040377,0
0x2da63e26978b27ca854bdfe33f9866aa7c99813d,bsc,validation,1709139545,16914,8,1707386309,0
0xee65d8b88f86ace0f7ba42ba2d2c679b6f604bf0,bsc,validation,1709139545,16914,8,1709073823,0
0x8c4b3dea4247f066f3aaff7273dc97e7d4187b04,bsc,validation,1709139554,16914,8,1708982914,0
0x82d49d4c442219fdda7857fc1102e7ce6e6e5612,bsc,validation,1709139557,16914,8,1708958727,0
0x0269d749260da5046135fac6c2a4c16ceaa633bf,bsc,validation,1709139572,16914,8,1708937047,0
0x90e767a68a7d707b74d569c8e79f9bbb79b98a8b,bsc,validation,1709139572,16914,8,1708771349,0
0xd1ee4225b7f40840bedc4cdf3f069178b79261e3,bsc,validation,1709139572,16914,8,1708983719,0
0x2668babeab11780c516b1d3ad02011668aff8aa0,bsc,validation,1709139614,16914,8,1708951657,0
0xa334ac16e07b77e5daf3cad942d06121cb8e50d6,bsc,validation,1709139635,16914,8,1703105123,0
0xbda8d53fe0f164915b46cd2ecffd94254b6086a2,bsc,validation,1709139737,16914,8,1708298597,0
0xc3fed6eb39178a541d274e6fc748d48f0ca01cc3,bsc,validation,1709139824,16914,8,1708615541,0
0xb418319baeb649f8ab044fbb9b9b5cd48d116e47,bsc,validation,1709139986,16914,8,1708468748,0
0x5de72a6fca2144aa134650bbea92cc919244f05d,bsc,validation,1709139995,16914,8,1708821148,0
0x08fb6740cc5170e48b2ad8cc07422d3302ef5e78,bsc,validation,1709140013,16914,8,1708583234,0
0xd47930e2f3ad599a1c1be29a3d1ef8eb9c43e6d8,bsc,validation,1709140013,16914,8,1708953264,0
0x32afcc3625e75ffca3718c8921eeffade86181b1,bsc,validation,1709140076,16914,8,1709067688,0
0x14f070faf299a2e7e920f5d883fcf74629097dd9,bsc,validation,1709140112,16914,8,1708238086,0
0x3d29cdb00cb183a0aeceea4fb73f55e1450af3d4,bsc,validation,1709140112,16914,8,1708583099,0
0x390037d710c86f88f05174599425b77c72eda305,bsc,validation,1709140199,16915,8,1707494842,0
0x61ed1c66239d29cc93c8597c6167159e8f69a823,bsc,validation,1709140235,16915,8,1708923249,0
0xa6e87a2d98f23adefbe925cc9130bede1aeac9da,bsc,validation,1709140235,16915,8,1708941597,0
0xb6ace1349339e4f5d2c6962fa8e328d1dd22e18f,bsc,validation,1709140259,16915,8,1708942198,0
0x18f74028501983d794d96b8dafede1f1708a41fd,bsc,validation,1709140301,16915,8,1708772602,0
0xbc708f57be3dba3dd9d649ec91cf560483553d67,bsc,validation,1709140337,16915,8,1704445103,0
0xecb19b2a4e9c76ce748cf33f68f0857288f9f090,bsc,validation,1709140370,16915,8,1709014547,0
0x279d41f3f78fe5c1f0ba41ae963d6e545113c973,bsc,validation,1709140463,16915,8,1708904230,0
0x471726859cd4527c7abe6819e11fa02f8b2221ef,bsc,validation,1709140463,16915,8,1708240521,0
0x580f500cc7da45b7b058de7df325f6d8f83065e1,bsc,validation,1709140487,16915,8,1709073823,0
0x346c03fe8be489baaac5ce67e817ff11fb580f98,bsc,validation,1709140496,16915,8,1708986924,0
0x5d176404cc58227c2ebb88731a15b0acb6eae9c9,bsc,validation,1709140496,16915,8,1707179826,0
0x44afb5af5e1464c05ca60fbdd0cd1f726d4cdc11,bsc,validation,1709140511,16915,8,1708664683,0
0xa00672c2a70e4cd3919afc2043b4b46e95041425,bsc,validation,1709140511,16915,8,1708218015,0
0xc8ab61bed1d2baa1237f7aa4641e68342c58824f,bsc,validation,1709140511,16915,8,1707255974,0
0x7ede72bbaa15edd455b3a009759cf6075d819784,bsc,validation,1709140514,16915,8,1708636418,0
0xd7380b10bf3886b34ab3422dea42e408850375ca,bsc,validation,1709140538,16915,8,1708018192,0
0x05901cb9cbd15ecbe48cc98f946045661a7e12ba,bsc,validation,1709140544,16915,8,1708772431,0
0xf0dcf7ac48f8c745f2920d03dff83f879b80d438,bsc,validation,1709140550,16915,8,1706984146,0
0x6edac07ca564351a4411cf9c9f7bdcd3b2562ab5,bsc,validation,1709140556,16915,8,1706458204,0
0x26f399fd3bd1c52cde04c24bdc60d5b193e73b79,bsc,validation,1709140559,16915,8,1706991842,0
0xd0e924fc4783d2c66932475e9706dbf357017539,bsc,validation,1709140574,16915,8,1709108947,0
0x61deca1802ebe7f6024363a308a95350e9760ffd,bsc,validation,1709140622,16915,8,1707995078,0
0x5655592badf214bbd520187de0a766cd7bd7c712,bsc,validation,1709140640,16915,8,1708832187,0
0xc603b1fba6a5b502be4f1ab27591bf4e75a3460c,bsc,validation,1709140700,16915,8,1708771349,0
0x1a566dd84262d51c7543a85408a8452bee025841,bsc,validation,1709141299,16917,8,1708763058,0
0x0751e3e9423dde51144d7abf485743f62009c9af,bsc,validation,1709141334,16917,8,1708958916,0
0x1400ab77651a26104239ff4a900073dc9fcd16a7,bsc,validation,1709141558,16917,8,1705254479,0
0x335f07ac2c4363a5951427cbda38b0075455b2b5,bsc,validation,1709141621,16917,8,1708586669,0
0x5232b3f532b58fbf96ec7cbdbf10c01cb0520c87,bsc,validation,1709141711,16917,8,1708942969,0
0xaf5e9443252440a02d6db68f2a84d22cb101105e,bsc,validation,1709141739,16917,8,1706913712,0
0x31c700576da98cfd3e2ba6e32a32774bc2a8d066,bsc,validation,1709141836,16917,8,1708739619,0
0xbd20f9b0dbeed33fc4436f0ae7a34eedefda2878,bsc,validation,1709141872,16917,8,1708845588,0
0xb8aa1ac7ebe9d2a00340fcd48269fada698b9314,bsc,validation,1709142204,16919,8,1709022280,0
0xa4d97197d7c2fadf1c8e2226d03aad8ac1583b9c,bsc,validation,1709142257,16919,8,1708981106,0
0x6fa02b9de285680d3d09b2caf193974ebb164dcb,bsc,validation,1709142271,16919,8,1708727081,0
0x27eb86023b522d4ad2da11fd06a8f5d7e3a9252e,bsc,validation,1709142410,16919,8,1704176399,0
0xef425a181893fa71de650c5e8995e34ee56637e8,bsc,validation,1709142428,16919,8,1708812922,0
0xc2d0f6b7513994a1ba86cef3aac181a371a4ca0c,bsc,validation,1709142948,16919,8,1705601787,0
0x2a94e135b72d6b45ed8813b62108e2655b5a5b80,bsc,validation,1709142969,16919,8,1708663855,0
0xaee728874918d518f88b8b110c48f957153eb8b1,bsc,validation,1709142990,16919,8,1708636418,0
0x5610c30a80f4017fdc531b0b85a6b6eab92de7bf,bsc,validation,1709142996,16919,8,1709073099,0
0xbb994e80e2edc45dce9065bda73adc7e9337b64f,bsc,validation,1709143529,16919,8,1708593613,0
0x56aa0237244c67b9a854b4efe8479cca0b105289,bsc,validation,1709143634,16920,8,1707315652,0
0xb10be3f4c7e1f870d86ed6cfd412fed6615feb6f,bsc,validation,1709143748,16920,8,1708953564,0
0x08426874d46f90e5e527604fa5e3e30486770eb3,bsc,validation,1709143751,16920,8,1708876533,0
0xfae4e1d33a1a0bca85805c72d42f7ba308c7a09c,bsc,validation,1709143781,16920,8,1707042076,0
0xe3b4f0fa9f7ac0b29b29bf94503c3016eb56876d,bsc,validation,1709143811,16920,8,1706984146,0
0x29bf8a9db8af5f8cb11398d3b6951302b2eb143e,bsc,validation,1709143964,16920,8,1708844821,0
0x925715c8d1e472d1b324fdae6766bb9c35381742,bsc,validation,1709144234,16921,8,1707977941,0
0x3c51acebd9e5dbca970204707a9049912be1be44,bsc,validation,1709144561,16923,8,1708970203,0
0xe2e0f7b4a1116400e972c34996afaaabc4b8ada3,bsc,validation,1709144564,16923,8,1709067688,0
0xfaa0fc7b803919b091dbe5ff709b2dabb61b93d9,bsc,validation,1709144645,16923,8,1708995089,0
0x40ec0717680d4801fb618a6f6d2bab7c2bd313b9,bsc,validation,1709144663,16923,8,1708374845,0
0x47eaf5f54d79d5c2b6537a90a0c58a534ab51c8c,bsc,validation,1709144675,16923,8,1708299902,0
0x40929fb2008c830731a3d972950bc13f70161c75,bsc,validation,1709144777,16923,8,1708981704,0
0xf7682a5d3e587652ab770e8c98eb2fd786022b7b,bsc,validation,1709144900,16923,8,1708298597,0
0x5de820707adc87b4581f8e7914a65341e68216db,bsc,validation,1709144903,16923,8,1709131619,0
0xc567a8ad635ad0f470ec0dc1cfecb9798ae8381e,bsc,validation,1709144978,16923,8,1708563400,0
0x07d5bf841beb877c9be550b79cb0d49e4e091dec,bsc,validation,1709145071,16923,8,1709073823,0
0xc5a05951f995cf19b7407820efeb618bf590d27a,bsc,validation,1709145419,16924,8,1708548224,0
0x5513aa766ca28c27f703a8e969447e60ff75632f,bsc,validation,1709145560,16925,8,1707119650,0
0xc9210963b831095c35740a9ec943cdc35995c467,bsc,validation,1709146556,16937,8,1708536231,0
0xa7478e8a2d2d32c73974744f7e0e061dfc6441fb,bsc,validation,1709146694,16937,8,1709120584,0
0x1db084335395974c93af48f9a30d8719cf9b601b,bsc,validation,1709147321,16941,8,1708231263,0
0x9ebf389946d0a403a0265ebc30a097b4f2be13e2,bsc,validation,1709147483,16941,8,1708949462,0
0xfd323b648a095a16fe83aeb039cbb2a8962cd2ae,bsc,validation,1709147555,16942,8,1705827443,0
0xf72b0f79dc66f270fe52c67e56e12872f86cae2d,bsc,validation,1709148031,16945,8,1708929915,0
0xec0ad1b4d51b056a357fc9acb3f1881c9d3628a7,bsc,validation,1709148071,16945,8,1708451416,0
0x983a727aa3491ab251780a13acb5e876d3f2b1d8,bsc,validation,1709148230,16948,8,1708457254,0
0x6451c6484d23889003c20be51819d6aa7dbd2b35,bsc,validation,1709148585,16951,8,1709112851,0
0x419264d79b92b8de3c710ab0cd3406cd11990e02,bsc,validation,1709148708,16951,8,1708977288,0
0xecea1bcf7ae8519b98ad9065d38673563aad92e7,bsc,validation,1709148990,16951,8,1709062303,0
0x0019450b0fb021ad2e9f7928101b171272cd537c,bsc,validation,1709149113,16951,8,1708640061,0
0xdd17629d05e068a9d118ee35d11101d4140d0586,bsc,validation,1709149252,16953,8,1708636418,0
0xc1f47175d96fe7c4cd5370552e5954f384e3c791,bsc,validation,1709149267,16953,8,1709078978,0
0x4ddba615a7f6ee612d3a23c6882b698dfbbef7e7,bsc,validation,1709149756,16954,8,1709134741,0
0x5f58aee77fba2760cec20ccdcd982bd42e56fc4e,bsc,validation,1709149900,16955,8,1708861446,0
0x3f6b3595ecf70735d3f48d69b09c4e4506db3f47,bsc,validation,1709150008,16955,8,1708946393,0
0x9100e076cb8f2f5c526c3170ac98839ea22bb388,bsc,validation,1709150128,16955,8,1707921751,0
0x2fc00683e0b83a5472cefaf083babe3be9e7dfa6,bsc,validation,1709150257,16955,8,1708438934,0
0xf105de74952ec952fab40b0788fcd3e56aab46ee,bsc,validation,1709150656,16958,8,1706707716,0
0xdd5a149740c055bdcdc5c066888f739dbe0bf2d0,bsc,validation,1709151202,16960,8,1708592417,0
0x7730ac665114c0e343b141daaaeb097197191f8a,bsc,validation,1709152422,16965,8,1705550039,0
0xc8e6af2ecae1841202ff53c0eed1928c590daa28,bsc,validation,1709152596,16966,8,1709131619,0
0x6ad0b271f4b3d7651ae9947a18bae29ca20d83eb,bsc,validation,1709153172,16968,8,1705761082,0
0x853fcf1e9cad2fae2150621d583c98dc5f8748f3,bsc,validation,1709153202,16969,8,1704075071,0
0x79e6ba65d9d1c0d3a171c16ae5092df8534a534c,bsc,validation,1709153358,16969,8,1709148319,0
0x325334cea0b934ca4fac62284f1de2611e503b55,bsc,validation,1709153532,16970,8,1708592417,0
0xd20738760aededa73f6cd91a3d357746e0283a0e,bsc,validation,1709153574,16970,8,1706363342,0
0xa0cf402c15baba4549f85e78449ffdd8948b3a23,bsc,validation,1709153586,16970,8,1705557275,0
0xa5593837af2b99021fe657c80d70d2365f5cfd38,bsc,validation,1709154234,16971,8,1708899091,0
0x1f7d905c0c495dca4c9e859c313b29179d272ca1,bsc,validation,1709154291,16971,8,1708850817,0
0xe8c4bece93084d649fb630886b5332942b643bb9,bsc,validation,1709154402,16971,8,1708358753,0
0x40fc9cbc0a90f65fb8b99d88c3468a676bf116f0,bsc,validation,1709154501,16972,8,1709148005,0
0x8223d48e11371ad982d3bdd05348433012d7e622,bsc,validation,1709154660,16973,8,1708749347,0
0xc2a37e140546c25a607502c42cb2d44fc4d1609c,bsc,validation,1709155092,16973,8,1708600113,0
0x0057c2a1d2e43e2a1490a1814a6a78d75a2b260d,bsc,validation,1709156403,16979,8,1708526229,0
0x153569a63c24b03b5fd42ab0268f3cdbaa085c2d,bsc,validation,1709156663,16981,8,1708448980,0
0xfa0ed2a3904a060d5a3096df810ebbbb7cd1f4f0,bsc,validation,1709156708,16981,8,1708669503,0
0x0a356f512f6fce740111ee04ab1699017a908680,bsc,validation,1709157002,16981,8,1708545527,0
0x43a8a925c1930a313d283359184a64c51a2bc0e9,bsc,validation,1709157101,16981,8,1709072454,0
0xf54b304e2e4b28c7e46619d1a340f9b2b72383d7,bsc,validation,1709157152,16981,8,1706043409,0
0x728fc32c0d2f61ffe21b6a4a7df987deae0e0888,bsc,validation,1709157416,16981,8,1708019422,0
0x00ee89f7f21b60b72dd5d4070a4310f796c38c32,bsc,validation,1709157437,16981,8,1707989543,0
0x62d70e77038c4009645d7de007373e4873bb4898,bsc,validation,1709157611,16982,8,1708719260,0
0x8acb84e58f24c127a51069d9eef1c9a8d8f42c70,bsc,validation,1709157611,16982,8,1709150473,0
0xdad3abce6fb87fa0355203b692723a7ee8aa9d63,bsc,validation,1709157611,16982,8,1705857659,0
0xfdbf8df129160920e7dca3a0f45c3fda7b2a4f5b,bsc,validation,1709157695,16982,8,1708954056,0
0xc1ab96aa2f623279bbe31cd0315746bd44a4560f,bsc,validation,1709158022,16982,8,1704899598,0
0x70c1138b54ba212776d3a9d29b6160c54c31cd5d,bsc,validation,1709158121,16982,8,1708886794,0
0x647f0ba82243314f78fb7b61d06926c98040a00e,bsc,validation,1709158379,16983,8,1707264004,0
0x3e151ca82b3686f555c381530732df1cfc3c7890,bsc,validation,1709158460,16983,8,1708821148,0
0x2d716831d82d837c3922ad8c10fe70757b5814fe,bsc,validation,1709158697,16984,8,1707997120,0
0xb3088f5c7ec3cd2ea2fa85d6e12c60e3a3ecf408,bsc,validation,1709159186,16984,8,1708919256,0
0x2f8147f4d3bafacd70f4832e336d75e778b64d37,bsc,validation,1709159423,16985,8,1701658885,0
0x19c10f2c110e0ab3407446d06aa36ac29637d677,bsc,validation,1709159606,16986,8,1707492484,0
0x1fd991fb6c3102873ba68a4e6e6a87b3a5c10271,bsc,validation,1709160002,16987,8,1709129500,0
0x5b4ff28a27312a8d838faf39736bb7c3e6443c00,bsc,validation,1709160377,16988,8,1700828798,0
0x9320bdb3c8f3d0b1313726efbb0f0061ebf149ad,bsc,validation,1709160569,16988,8,1709152068,0
0xd73ee4875efd42fbdf0ae7e4ba1591fc0eb0486a,bsc,validation,1709160608,16988,8,1708615557,0
0xa534687815aac89a61a6350901157a9d3bab2585,bsc,validation,1709160684,16988,8,1697223923,0
0xea2b1cd9d8708cb49812a78c392d080688e6eb61,bsc,validation,1709160808,16988,8,1709144254,0
0x5530ec23f4ee1521182bd158c09f4ca7efec1ef0,bsc,validation,1709161105,16989,8,1709159592,0
0x97300a4f628701672096460b5469c41a8d3ecb1a,bsc,validation,1709161207,16989,8,1709154507,0
0x51afbbbae8e625968b15666d296e606ef7f0a6bc,bsc,validation,1709161250,16989,8,1707243726,0
0x275fe1709dc07112bcaf56a3465ece683c5fb04c,bsc,validation,1709161480,16990,8,1708953114,0
0xae98e63db1c4646bf5b40b29c664bc922f71bc65,bsc,validation,1709161854,16990,8,1708713313,0
0xbb9524b540a907d3648b15c679437261fc443aa6,bsc,validation,1709162248,16990,8,1708025933,0
0x304c62b5b030176f8d328d3a01feab632fc929ba,bsc,validation,1709162287,16991,8,1706614035,0
0xf224ade71c20f9823e34e0792f72437596b4e28c,bsc,validation,1709162296,16991,8,1708800083,0
0x655e1cb3f2c81c76856302679648df698a5f1989,bsc,validation,1709162812,16991,8,1705833143,0
0x855ea8048e1852996429a50abda60f583909d298,bsc,validation,1709162917,16991,8,1708982678,0
0x7ae1cbec5c315b31948dd2a5a7c2a6a6040d3d5b,bsc,validation,1709162920,16991,8,1708044389,0
0x009dff606c725e1033fad812b97fc157fe27e6fe,bsc,validation,1709163670,16994,8,1707235228,0
0xc792638a345a190b76ef78f9a79b02ca186e6e85,bsc,validation,1709163739,16994,8,1708842597,0
0x067a5ad3f0f91acf512ffe66ea77f37b4dcaaf18,bsc,validation,1709163910,16994,8,1708891323,0
0x34681c1035f97e1edcccec5f142e02ff81a3a230,bsc,validation,1709163922,16994,8,1709146115,0
0x0eb0ff4dbfc7d44b9df21ce65707a042bfbd42dd,bsc,validation,1709163988,16995,8,1709144380,0
0x968f9c44879f67a29b1bfccf93ea82d46a72881f,bsc,validation,1709164204,16995,8,1708563680,0
0x9e0846677ea91ea5308d3f525c09e782ef17da21,bsc,validation,1709164270,16995,8,1708675512,0
0x84e0a246dd437d911989e89667816a9ed97a1284,bsc,validation,1709164807,16997,8,1705281203,0
0x4756cd85cd07769c2ce07a73497f208d56d48ec1,bsc,validation,1709165239,16999,8,1706397137,0
0xffa605ee81779cbc34eebf7d6ce365d96685fa9a,bsc,validation,1709165509,16999,8,1707176132,0
0xec5473af618d475e130dcb47cc991d43677a54cd,bsc,validation,1709165539,16999,8,1708980542,0
0x9428f4cd18896eda03633429c3f52e5244504d14,bsc,validation,1709165560,16999,8,1708236726,0
0x885cfbb07ee7da35cfb589b6ce4a30adf17ec74b,bsc,validation,1709165986,16999,8,1702770371,0
0xcc2e12a9b5b75360c6fbf23b584c275d52cddb0e,bsc,validation,1709166259,17000,8,1708981028,0
0x95336ac5f7e840e7716781313e1607f7c9d6be25,bsc,validation,1709166451,17000,8,1708134221,0
0xadd14ca8e026c4555933d12b568b1310968503a2,bsc,validation,1709167009,17003,8,1709166961,0
0x59769630b236398c2471eb26e6a529448030d94f,bsc,validation,1709167321,17004,8,1705534427,0
0xc6f0a9b75fa529dcc0f90459e30684e7ed9a9ea6,bsc,validation,1709167672,17005,8,1708676232,0
0xcb4f55b1a1faefb422b7a1a75dff18f1471d7050,bsc,validation,1709167675,17005,8,1708856113,0
0x269f3e230c90c0a29140106d4cfb5860af6f6827,bsc,validation,1709168047,17005,8,1708713313,0
0x994e2a8505b69f1add0ca7b006a5f8bef54008d7,bsc,validation,1709168158,17005,8,1708660691,0
0x90a1e4bbade88366dc44436535f1571d95e666c7,bsc,validation,1709168682,17006,8,1708152319,0
0x8cb7626d19f6ee4bd4f8e07960aea5970312b169,bsc,validation,1709168949,17006,8,1709146823,0
0xd1421f138fd1bca936c1c4b2ccc80fc133372e77,bsc,validation,1709169235,17009,8,1708684306,0
0x54d323dce2660319a74dfea0d408912f650c0cf2,bsc,validation,1709169316,17009,8,1708617152,0
0x5666d8bc531f3214167661008a4066ef03c8f026,bsc,validation,1709169607,17009,8,1708269975,0
0x7f643b15a5f91d3e6d6c713b7eaaf762836e3c2e,bsc,validation,1709169871,17010,8,1708405538,0
0xdd25e1955fd9f7b3abe83cc419070a7ace104dce,bsc,validation,1709170403,17012,8,1709146261,0
0x913bba5ed611691e3a7f952f8bbca0cbb3341504,bsc,validation,1709170604,17012,8,1708374024,0
0x2a8cd78bfb91acf53f589961d213d87c956e0d7f,bsc,validation,1709170904,17012,8,1709131619,0
0x6c619006043eab742355395690c7b42d3411e8c0,bsc,validation,1709171501,17014,8,1708541542,0
0x7805162142e3bce5ace12a82611a4ea5f1b72d51,bsc,validation,1709171614,17014,8,1698171980,0
0xa993e7cf7c48e6bf3a735b9d10e91baaf812eab9,bsc,validation,1709171971,17014,8,1706098955,0
0x648b2e6537f1d280423566e3b7b1998ea9cd47ac,bsc,validation,1709172096,17014,8,1708829441,0
0x942e4b2de5ba499181b390dad4cae8e0a27c606b,bsc,validation,1709172305,17014,8,1708758384,0
0x9a2a3813ba02add52907f6cf8fa5358856a673bc,bsc,validation,1709172668,17014,8,1707546138,0
0x21d5fa5ecf2605c0e835ae054af9bba0468e5951,bsc,validation,1709172680,17014,8,1709073898,0
0x79bea3947bd5bdcc882d786c9065c89123dcd7be,bsc,validation,1709172845,17014,8,1706977636,0
0xbc52bce2c73fec358abbf047c50377183b9ead0d,bsc,validation,1709173400,17014,8,1709138699,0
0xb31f5d117541825d6692c10e4357008edf3e2bcd,bsc,validation,1709173487,17015,8,1708931085,0
0x518445f0db93863e5e93a7f70617c05afa8048f1,bsc,validation,1709173508,17015,8,1709128584,0
0x485f66f20f6732017345ff3437377ec84ea75039,bsc,validation,1709173580,17015,8,1708899931,0
0x11883cdea6bab720092791cc89affa54428ce069,bsc,validation,1709173622,17015,8,1706911777,0
0x311aea58ca127b955890647413846e351df32554,bsc,validation,1709174183,17015,8,1708746568,0
0x6ad2b6d5d8f96c8e581d3100c12878b2151a0423,bsc,validation,1709174228,17015,8,1708586669,0
0x738ac08de35eac4ad44c3f927821727a7ca6d552,bsc,validation,1709174357,17015,8,1708869307,0
0x1f9655c660b915b4344b71e2a6d3155c57ad1bb6,bsc,validation,1709175024,17016,8,1708647959,0
0x04d9abba71ee36c857d8d8062382df80537d539c,bsc,validation,1709175195,17016,8,1708582000,0
0x99d6b719d78f75a0a8f34d7443630df58973ff41,bsc,validation,1709175228,17016,8,1708908853,0
0x108d0f1fc10ed324f8cc65d0a91cad11cd4994a4,bsc,validation,1709175276,17016,8,1708537507,0
0xc1de02f649de83093a7fc8bd5cf5739f39636419,bsc,validation,1709175486,17017,8,1708929219,0
0x6659683281f2ddba56048019be391ba314fe043a,bsc,validation,1709175603,17017,8,1708770335,0
0xe10e80b7fd3a29fe46e16c30cc8f4dd938b742e2,bsc,validation,1709175612,17018,8,1706303990,0
0x0c08638473cafbca3beb113616a1871f4bfad4f9,bsc,validation,1709175898,17018,8,1702550025,0
0xa747fda67a69896ccaed001358eb681bef713d8b,bsc,validation,1709176438,17019,8,1708949018,0
0x6b4570a4452cec85aeb5de8b6883b17c4f638460,bsc,validation,1709176828,17019,8,1708019875,0
0x0b4922132ec425806fd8aee94b5788f9b70d60ca,bsc,validation,1709176942,17019,8,1708856113,0
0x6da17a4f3df75533ab1bcf7ff73c3f03da70b7bd,bsc,validation,1709177365,17019,8,1708856640,0
0x9698bb7572819fb8df523a899621b72e281aacb0,bsc,validation,1709177527,17019,8,1707016359,0
0xfc352fcec6135edc384fe50bbf2bc2d1cdd7fc4e,bsc,validation,1709177605,17019,8,1708986050,0
0x7fa19368d64b2596ea1166aeafeb37d23b59cb26,bsc,validation,1709177806,17020,8,1707275634,0
0xde9d610a4204eb59e66da11dfb2cd519d1bfa344,bsc,validation,1709178256,17020,8,1708902111,0
0xe89236a3b4d6ec6016c3f44942134f4aa4236f50,bsc,validation,1709178259,17020,8,1708262360,0
0x0ec04ece89609e545b8768e303986421ffc32eaf,bsc,validation,1709178622,17020,8,1708427926,0
0x7648f831e5f13ecfe58c1b408dc424fab7dbf6ed,bsc,validation,1709178696,17020,8,1709146823,0
0xab824b47806fea52276fef231e5e2d5fb3d4cf4e,bsc,validation,1709178889,17020,8,1708944410,0
0x5ec2edb8c5258f80586b8aafe653c4b1a140d7f8,bsc,validation,1709178943,17020,8,1709105293,0
0x398c60ca4d4c40b79ea2ff95b9879f2bd40de157,bsc,validation,1709179001,17020,8,1708457797,0
0x55be3e1f81fc6d5169882339ecc0fb8460f91de1,bsc,validation,1709179634,17020,8,1708959429,0
0x098465a9df1d9d42d37eaaeed987a9bc66259cf6,bsc,validation,1709179766,17020,8,1708481067,0
0xf81628edeb110a73c016ab7afa57d80afae07f59,bsc,validation,1709179877,17020,8,1708846047,0
0x6101dc7289eb8f31a0c93e6b36fecb52fd3de9f2,bsc,validation,1709179916,17020,8,1708941542,0
0x90bdf238674569684a34f3af8a3f55f08088bc98,bsc,validation,1709180432,17020,8,1709155659,0
0x9768e5b2d8e761905bc81dfc554f9437a46cdcc6,bsc,validation,1709180591,17020,8,1709141170,0
0xb6ba8c98021c31a02dd65e9be97729eba859d4e2,bsc,validation,1709180804,17020,8,1707818323,0
0xdcbec1a8f12601a1a2dde53d4ff89ea96830fc39,bsc,validation,1709181118,17020,8,1709101007,0
0x709e42b4eb6a9c7ff58856e4933814c74e16c4d1,bsc,validation,1709181486,17020,8,1707464170,0
0x9f1fad9c027d9e3ae1d3d36082c16c9327739d7d,bsc,validation,1709181714,17020,8,1706066195,0
0x9370a51c9f2ae6b23719ab74f05261891c609a23,bsc,validation,1709181883,17020,8,1709117345,0
0x778682c19797d985c595429fbc51d67736013a86,bsc,validation,1709181910,17020,8,1708802491,0
0x02678125fb30d0fe77fc9d10ea531f8b4348c603,bsc,validation,1709181940,17020,8,1709170980,0
0x6f61810e3f4d128b2033b00e72e130ec60479b80,bsc,validation,1709181991,17020,8,1708561202,0
0xc2c23a86def9e9f5972a633b3d25f7ecbfa5e575,bsc,validation,1709182069,17020,8,1708272201,0
0xb130a92284beaf759479c4e5eaa9252331f88567,bsc,validation,1709182183,17020,8,1708657877,0
0x0a38bc18022b0ccb043f7b730b354d554c6230f1,bsc,validation,1709182192,17020,8,1708562840,0
0xaac9764fda2f2bc24fe1058c1820dab1365001d4,bsc,validation,1709182201,17020,8,1697032991,0
0x54261774905f3e6e9718f2abb10ed6555cae308a,bsc,validation,1709182276,17020,8,1709049611,0
0x7b41e1860c91be188c18341ae53a18b49c4b8d15,bsc,validation,1709182810,17020,8,1708504593,0
0xf00d6ad2f120df44eaa6f920b8f20f380c590df4,bsc,validation,1709182819,17020,8,1709167308,0
0xfb288d60d3b66f9c3e231a9a39ed3f158a4269aa,bsc,validation,1709182969,17020,8,1709163927,0
0x390bf37355e9df6ea2e16eed5686886da6f47669,bsc,validation,1709183374,17020,8,1708986050,0
0x9b71b5511998e0798625b8fa74e86d8192de78c1,bsc,validation,1709183452,17020,8,1709153831,0
0x1e8af416823b1911c6b640a10b817b47f962d56a,bsc,validation,1709183467,17020,8,1708849890,0
0x621181f41f9c2ce98a0c72ec884aa3354c894fbd,bsc,validation,1709183488,17020,8,1708937773,0
0x7e7e8522ab7c797df75399708ab2983f336ad2c2,bsc,validation,1709183488,17020,8,1708676232,0
0xa9f3687e5688804990464a1e2761bbb22c950f2d,bsc,validation,1709183704,17020,8,1708582000,0
0x645748fa7e54a818310afdad898410bcb54fc4e0,bsc,validation,1709183797,17020,8,1708107956,0
0x4e5ef3493bcfb5e7548913c3f2a40623be7d7f98,bsc,validation,1709183959,17020,8,1709111655,0
0x36530092b1413c21ab7e5203197cf76d4d598888,bsc,validation,1709184097,17020,8,1709154507,0
0x2c06d9093c069c31560622feeb236e75fc10f330,bsc,validation,1709184253,17020,8,1706117243,0
0xaa20c2e278d99f978989daa4460f933745f862d5,bsc,validation,1709184487,17020,8,1708995089,0
0xdde3ed0bb77c1cafabf8b38f9a1e81edddc7ddc9,bsc,validation,1709184487,17020,8,1708847181,0
0x13b8abb1cfd7bbe1f5764fe967ed049d488d9d1d,bsc,validation,1709184790,17020,8,1707338248,0
0x755341c49f4427e43d99d8254a8dd87056f1ee00,bsc,validation,1709185237,17020,8,1708982678,0
0xcc6854dc6192da5bf2a756eb7689d969f8962d91,bsc,validation,1709185540,17020,8,1697845751,0
0xdbb66eb9f4d737b49ae5cd4de25e6c8da8b034f9,bsc,validation,1709185780,17020,8,1707540824,0
0x6aaa14929d74b8533343c1a5b6e42443f59b6f6f,bsc,validation,1709185948,17020,8,1709058539,0
0xff73f1a1fc375c8574c80cf07660039c545b0936,bsc,validation,1709185948,17020,8,1708583141,0
0xee565f15e1c12e4f072e6551a94010d70b6f6c72,bsc,validation,1709186020,17020,8,1709072454,0
0x4f2c671bbca289e678070075777d9237ed06708e,bsc,validation,1709186560,17020,8,1709151280,0
0x977d3c595f9c9b5a3a5b05845499dc05ea713026,bsc,validation,1709186590,17020,8,1709080954,0
0x45fb3819f52e6563fab7509775af02e989a2f571,bsc,validation,1709186794,17020,8,1708904230,0
0x72f05a7d3884570a50cd6a491f3629370304fa18,bsc,validation,1709186794,17020,8,1709149477,0
0x30c54d82564aee6a56755f80aa4bbdf2e5093322,bsc,validation,1709186989,17020,8,1708792203,0
0x9f9b6dd3dedb4d2e6c679bcb8782f546400e9a53,bsc,validation,1709187376,17020,8,1709155659,0
0xb44c63a09adf51f5e62cc7b63628b1b789941fa0,bsc,validation,1709187553,17020,8,1708949258,0
0xfa29232733f5066000cf3d3280df41675aa97729,bsc,validation,1709187589,17020,8,1708980878,0
0x2aaf50869739e317ab80a57bf87caa35f5b60598,bsc,validation,1709187941,17020,8,1706965651,0
0x8b025f2dad998c2983cc1bf23d5ebe65124f0fe1,bsc,validation,1709188006,17020,8,1709078373,0
0xca2d81aa7c09a1a025de797600a7081146dceed9,bsc,validation,1709188255,17020,8,1707582459,0
0xc3e8abfa04b0ec442c2a4d65699a40f7fced8055,bsc,validation,1709188303,17020,8,1709073099,0
0xefd1c4bc2d22639ea86b70e249eec0ccabf54f06,bsc,validation,1709188363,17020,8,1708762865,0
0x9bddc78167e7676f36a0c1da710b2a00ec99ffc6,bsc,validation,1709188441,17020,8,1707255974,0
0x5e8f6244a57f4f6c47daafc14aa0723d2a9f594c,bsc,validation,1709188582,17020,8,1708555575,0
0xceb2f5e9c7f2d3bcd12a7560d73c56f3396af3f9,bsc,validation,1709188630,17020,8,1709071171,0
0x26d88b1e61e22da3f1a1ba95a1ba278f6fcef00b,bsc,validation,1709188693,17020,8,1707179726,0
0xb1678cc5ab33c7089abf2d417c57de7ff0135025,bsc,validation,1709188807,17020,8,1708293762,0
0xb299b7697d7b63b7c8616a120c0fe7a70db2f59b,bsc,validation,1709189104,17020,8,1705362215,0
0xdc481e5e8d56d37bc6567b75a7f74bb34562044a,bsc,validation,1709189128,17020,8,1709160002,0
0x244d9e8d0b23eb43def1fb0f80c0f0f8ce9f0c89,bsc,validation,1709189155,17020,8,1705478399,0
0xb39b58014a43dc1da820dbc2a3bf4dbae08206a4,bsc,validation,1709189200,17020,8,1708948385,0
0x9a093ddcae05496a05ac76d96d49890b528c8ce0,bsc,validation,1709189314,17020,8,1709120584,0
0x26eab2d1494f82cf694e2a49e0a889f7a66178f4,bsc,validation,1709189368,17020,8,1708957466,0
0x89a851764a427f48c21c1557d94458267fe3d372,bsc,validation,1709189389,17020,8,1708234772,0
0xa5ba8b84dca8ba5976ae780c852c7b8485be87c7,bsc,validation,1709189398,17020,8,1708724049,0
0x3a0889865caac6bcb276f52a77318b043468a51e,bsc,validation,1709189455,17020,8,1708010432,0
0xc54a4640907044283e8e4885090e205992b9813e,bsc,validation,1709189500,17020,8,1705705125,0
0x6b8227a0e18bd35a10849601db194b24aab2c8ea,bsc,validation,1709189515,17020,8,1708869307,0
0x794baab6b878467f93ef17e2f2851ce04e3e34c8,bsc,validation,1709189632,17020,8,1709126522,0
0x04eb6b56ff53f457c8e857ca8d4fbc8d9a531c0c,bsc,validation,1709189809,17020,8,1709156563,0
0xce86f7fcd3b40791f63b86c3ea3b8b355ce2685b,bsc,validation,1709189878,17020,8,1708930413,0
0x8856247ad9960e90ae981781e42a669924edb327,bsc,validation,1709189884,17020,8,1708609319,0
0x773ad0415790082ea99baa7309376a8979a0709a,bsc,validation,1709190001,17020,8,1703962436,0
0xd11e6af1eeb11a692f2d961812c18293bb2e8526,bsc,validation,1709190007,17020,8,1709160006,0
0xfe2f3580856376377c14e2287fa15bcb703e5fb5,bsc,validation,1709190016,17020,8,1708937047,0
0x40225c6277b29bf9056b4acb7ee1512cbff11671,bsc,validation,1709190340,17020,8,1708763025,0
0x03f8fdc10d5bcf7508375585b04e93d656d36954,bsc,validation,1709190367,17020,8,1706595284,0
0xc870da9f4b5b97955ea729b0f7374164fff6b8d5,bsc,validation,1709190646,17020,8,1702489751,0
0xa0ea34a23b790f53e9f01be8ffc5f44d60e169fd,bsc,validation,1709190763,17020,8,1708848489,0
0x05d8762946fa7620b263e1e77003927addf5f7e6,bsc,validation,1709190814,17020,8,1709146959,0
0xb252c1e9eb3faaade0800c4e58ac01cef206415b,bsc,validation,1709191048,17020,8,1709149211,0
0x9fb4def63f8caec83cb3ebcc22ba0795258c988a,bsc,validation,1709191126,17020,8,1709144380,0
0x2659cb928f6f705c1e574464361882fd6e92e1f9,bsc,validation,1709191366,17020,8,1708263413,0
0xe5904e9816b309d3ed4d061c922f5aa8f3b24c92,bsc,validation,1709191450,17020,8,1708845828,0
0x66972b14e525374dce713ce14c8d080f3036dabb,bsc,validation,1709191702,17020,8,1708832187,0
0x8c9827cd430d945ae5a5c3cfdc522f8d342334b9,bsc,validation,1709191933,17020,8,1706051114,0
0x362da50375d6923916d01cc35dba76978b881ffc,bsc,validation,1709192050,17020,8,1708636976,0
0x3ad2d3ad586efa5c7b412af81e56b59b526ddb6d,bsc,validation,1709192050,17020,8,1708636976,0
0x7a9e6d1fccccd3f782228671c549973faa06ce1a,bsc,validation,1709192050,17020,8,1708636976,0
0xaf7193a98250006a9f616f67337fdb17e8020ac2,bsc,validation,1709192050,17020,8,1708519241,0
0xa11b5a5996a54930de4af6e3e9995770f18c26dd,bsc,validation,1709192062,17020,8,1708945784,0
0x57ee76aee8b02c1e3cea9cf2046f741b81916613,bsc,validation,1709192077,17020,8,1708702928,0
0x3e61c7fb137765e7cfcc4399d2d7d5bc1838d6b1,bsc,validation,1709192389,17020,8,1708400577,0
0x85dab10c3ba20148ca60c2eb955e1f8ffe9eaa79,bsc,validation,1709192491,17020,8,1709151210,0
0x49c26e12959345472e2fd95e5f79f8381058d3ee,bsc,validation,1709193373,17020,8,1708804558,0
0xc4b35d3a24e3e8941c5d87fd21d0725642f50308,bsc,validation,1709193424,17020,8,1708090727,0
0x2c3ffa02d582a08e27289a3fe67d79c1834a87ef,bsc,validation,1709193694,17020,8,1709116841,0
0x116526135380e28836c6080f1997645d5a807fae,bsc,validation,1709193697,17020,8,1709149211,0
0x63eaeb6e33e11252b10553900a9f38a9ed172871,bsc,validation,1709193700,17020,8,1708918518,0
0x6a67b5d14b19828f36db5c128da2a1826d2618de,bsc,validation,1709193769,17020,8,1708680493,0
0xf3d6cf3f028032b8a82c0fa5091f1e31aba61116,bsc,validation,1709193904,17020,8,1705249727,0
0xf64ed9ad397a1ae657f31131d4b189220a7f1cc7,bsc,validation,1709194207,17020,8,1708949540,0
0xf7f73f6697bab84d9d3818fd14720b3b116be873,bsc,validation,1709194216,17020,8,1708068149,0
0x4034875250f797d00b819e9011c5bb9c2e799631,bsc,validation,1709194267,17020,8,1706815570,0
0x2b4c5f0fca565c36fbada3c362ab54401843e89a,bsc,validation,1709194273,17020,8,1708593613,0
0x2645d5f59d952ef2317c8e0aaa5a61c392ccd44d,bsc,validation,1709194318,17020,8,1708880655,0
0x7fdf0d77f9f906addc7f3b75a73df941ae65d7d6,bsc,validation,1709194393,17020,8,1708953249,0
0x0576fad3b0df2722d6ba73e0d37f0658f8cf10cd,bsc,validation,1709194447,17020,8,1709073898,0
0xe02dee9267e21a43e19658b50983102765594854,bsc,validation,1709194453,17020,8,1708985003,0
0xf6527df4592bd17cf5c697330f38781fefe7def6,bsc,validation,1709194576,17020,8,1709141170,0
0xc9b21061e4639a32e028184d31e95afac888ca2e,bsc,validation,1709194615,17020,8,1699144192,0
0x6b1c8765c7eff0b60706b0ae489eb9bb9667465a,bsc,validation,1709194630,17020,8,1709032962,0
0x64cfe8c9a23fbc4006b3bf1a2a83544335147097,bsc,validation,1709194855,17020,8,1709148005,0
0x4f4543fa5f7fe28a7758ef43fea71d11fccdad5c,bsc,validation,1709194879,17020,8,1705956338,0
0xb628800a4b3b5777cb812b9acd9cb9f478adbb72,bsc,validation,1709195155,17020,8,1708586618,0
0xce1e3cc1950d2aaeb47de04de2dec2dc86380e0a,bsc,validation,1709195221,17020,8,1709175606,0
0xdff8cb622790b7f92686c722b02cab55592f152c,bsc,validation,1709195272,17020,8,1708892582,0
0x0bbfdfce755c76d6202abd810aec0ab861c286bb,bsc,validation,1709195422,17020,8,1705262963,0
0xb07ec0b57cf7a6b4ce9e1b52563734b066653554,bsc,validation,1709195422,17020,8,1708015895,0
0xefca4d91d16228182e12135093919899f17b5379,bsc,validation,1709195491,17020,8,1708167427,0
0x31dd51eb09a21ad6d95035d0164827acf362e308,bsc,validation,1709195767,17020,8,1708574982,0
0x66e1ecb238b2976fcbd1aeef0e9800b4f03c09f3,bsc,validation,1709195839,17020,8,1707787367,0
0xfba8d4af65c6d54612ba962bb3de3fc06b05f20a,bsc,validation,1709195851,17020,8,1708899209,0
0x3413a030ef81a3dd5a302f4b4d11d911e12ed337,bsc,validation,1709195866,17020,8,1708772431,0
0x8286387174b8667ae5222306a27e9ab5189b503b,bsc,validation,1709196094,17020,8,1709112851,0
0x4199cc1f5ed0d796563d7ccb2e036253e2c18281,bsc,validation,1709196157,17020,8,1708923219,0
0xa7e5311dc6926d4407b6d20f8ca5ce6c92581b35,bsc,validation,1709196586,17020,8,1707585389,0
0x50363c8db819733070f50e145e12f439ba9c6df0,bsc,validation,1709196607,17020,8,1708672548,0
0x6710d8658094d1f02276b677345078f816bdb8f3,bsc,validation,1709196640,17020,8,1708900313,0
0xbb56df8c6bb601711bd83306c1b7f563292cc9ea,bsc,validation,1709196643,17020,8,1709169075,0
0x976e33b07565b0c05b08b2e13affd3113e3d178d,bsc,validation,1709196775,17020,8,1709170980,0
0x6fa23529476a1337eb5da8238b778e7122d79666,bsc,validation,1709196817,17020,8,1708698966,0
0xb149b030cfa47880af0bde4cd36539e4c928b3eb,bsc,validation,1709197072,17020,8,1708490597,0
0x44051acc6ae608063076506c9b614018d21e40b3,bsc,validation,1709197096,17020,8,1708316059,0
0xec3fd540a2dee6f479be539d64da593a59e12d08,bsc,validation,1709197195,17020,8,1708922117,0
0xffad7f9f704a5fdc6265e24b436b4b35ed52def2,bsc,validation,1709197201,17020,8,1708870697,0
0x057bad39378b5970c5c8a68b6829544e7578dc01,bsc,validation,1709197681,17020,8,1708656525,0
0x513aac66f55d4e4e80b6c6b5f3cf5072f76f91c9,bsc,validation,1709197909,17020,8,1706116204,0
0x7b228294d3d5a3f29dfc877e73310ceec9a84f2c,bsc,validation,1709198055,17020,8,1706289419,0
0x1992b751a1c795ebb8ea59a0ebaf7fe251922583,bsc,validation,1709198244,17020,8,1699142110,0
0x2b9ec6d94199f80e63fbaa0a4a502e411b211058,bsc,validation,1709198367,17020,8,1708888835,0
0xd1e756a5868fcf56a01befc41a8163a6b4f67f43,bsc,validation,1709198514,17020,8,1708805820,0
0xb0a1c87b890fe171371f81a59f7ed4636e82595d,bsc,validation,1709198619,17020,8,1708938571,0
0x8f657dfd3a1354deb4545765fe6840cc54afd379,bsc,validation,1709198757,17020,8,1708951219,0
0xf915fdda4c882731c0456a4214548cd13a822886,bsc,validation,1709198823,17020,8,1709087565,0
0x2f99910147354a0a753801e88d29c2c0c3423bef,bsc,validation,1709199144,17020,8,1705249355,0
0x414f9e74ba3a9d0acce65182809492f41ac671e0,bsc,validation,1709199201,17020,8,1703197245,0
0x409e215738e31d8ab252016369c2dd9c2008fee0,bsc,validation,1709199372,17020,8,1707034017,0
0x6dedceee04795061478031b1dfb3c1ddca80b204,bsc,validation,1709199417,17020,8,1708018192,0
0xd0aa796e2160ed260c668e90ac5f237b4ebd4b0d,bsc,validation,1709199594,17020,8,1708792203,0
0xa6550996403407481f2748a793ae40da3b369f6d,bsc,validation,1709199609,17020,8,1709108947,0
0x5ce8e55e256e4bd58cea94963d4cb280de6b8bb2,bsc,validation,1709199639,17020,8,1708790552,0
0xbfa0841f7a90c4ce6643f651756ee340991f99d5,bsc,validation,1709199726,17020,8,1709146515,0
0x4ae2f11df681eec979bd93085dd1a05e9593c8c6,bsc,validation,1709199744,17020,8,1708899541,0
0x222b06500a30ec220ce3d1477041db8e60669c39,bsc,validation,1709199825,17020,8,1708951657,0
0xca7930478492cde4be997fa898cd1a6afb8f41a1,bsc,validation,1709199903,17020,8,1708922192,0
0x556ee4eab4fbf6ddc4c05285966fb839f424c8a8,bsc,validation,1709199984,17020,8,1708592417,0
0xba4a8f7861cb96bd1a91bf66efb1c32d03d267a1,bsc,validation,1709200059,17020,8,1708893707,0
0xebaffc2d2ea7c66fb848c48124b753f93a0a90ec,bsc,validation,1709200074,17020,8,1709072454,0
0x6759565574de509b7725abb4680020704b3f404e,bsc,validation,1709200083,17020,8,1708849782,0
0xc2e9d07f66a89c44062459a47a0d2dc038e4fb16,bsc,validation,1709200155,17020,8,1709170954,0
0xf94e9f88c0ae095088138cac9272401a0b92df89,bsc,validation,1709200158,17020,8,1709148207,0
0x8f046a2457a8f1618cae4706fa57bf790e2532a6,bsc,validation,1709200647,17020,8,1708682053,0
0x7c3fe46fc96bcc4c9df22b8bf13cadcb2481b654,bsc,validation,1709200695,17020,8,1707215677,0
0x7bec3d4088438a055d7361289214627f094c6ea9,bsc,validation,1709200839,17020,8,1706117003,0
0x914298d8eed75214a7001e53d3ed6b2d87cd8cd8,bsc,validation,1709200854,17020,8,1708636418,0
0xaa88c603d142c371ea0eac8756123c5805edee03,bsc,validation,1709200896,17020,8,1708953930,0
0x3125d4767d4e85434f7873f5c5dd59a86e850d44,bsc,validation,1709200935,17020,8,1708886565,0
0x7a656f418afc09eaf4ae8b75eae74fe09e7a7706,bsc,validation,1709201093,17020,8,1708570227,0
0x7c1b2f618569789941b88680966333f3e8fedc61,bsc,validation,1709201165,17020,8,1708198985,0
0xe340aadc9db4a73b94b13e299c26e6c8c89acd35,bsc,validation,1709201189,17020,8,1708719513,0
0x46f275321107d7c49cf80216371abf1a1599c36f,bsc,validation,1709201474,17020,8,1708880949,0
0x5cf8ea4278f689b301c4a17ddca9d5ec8b0b0511,bsc,validation,1709201645,17020,8,1709174582,0
0x25331ba95a10375b765c0e2614e48621a1357d00,bsc,validation,1709201702,17020,8,1708335619,0
0xb927673d8333ce956eda90159d4562141e3b56b0,bsc,validation,1709201756,17020,8,1705003463,0
0x3e9a8df87b2126393e5b492e2aec3146eb8c6657,bsc,validation,1709202062,17020,8,1707899925,0
0x85469cb22c5e8a063106c987c36c7587810e4bf1,bsc,validation,1709202194,17020,8,1709032702,0
0x9d71ce49ab8a0e6d2a1e7bfb89374c9392fd6804,bsc,validation,1709202260,17020,8,1708706213,0
0x772ad4f727ad96eacab5c5c255576813b680c1d1,bsc,validation,1709202278,17020,8,1708691869,0
0x7606267a4bfff2c5010c92924348c3e4221955f2,bsc,validation,1709202308,17020,8,1708633246,0
0x09531ece451453d68f8c6399120f67f19fee4489,bsc,validation,1709202455,17020,8,1708995089,0
0x5b9d8fb33403cf4ef697549b03ae9d4be7857803,bsc,validation,1709202542,17020,8,1708751151,0
0x229c32460c6beac113e720ac4a7495b57f53f7cf,bsc,validation,1709202611,17020,8,1707284097,0
0xb0a93facf25b70be4dc7060586aff28e4313ba48,bsc,validation,1709202704,17020,8,1708839443,0
0x341f93b0867dc31a2904cd653e2e340081ff5461,bsc,validation,1709202758,17020,8,1709158154,0
0x22e2caa0826f890815076db4341be34acf8325b1,bsc,validation,1709202863,17020,8,1701261659,0
0x2c57b5570bd663ae32ae01c34a01deb3feed4a5d,bsc,validation,1709202878,17020,8,1703328923,0
0xbac1df744df160877cdc45e13d0394c06bc388ff,bsc,validation,1709202887,17020,8,1707332845,0
0xb38a5cdc7304ad3d53ce280a8dc63b2921d0a72f,bsc,validation,1709202896,17020,8,1708670181,0
0xd28d5fb268ee98590092748d953e5ea94be0a1de,bsc,validation,1709202974,17020,8,1708317640,0
0x4f0d0b05e14070e4f83e4d8ef6f51f9942734bd8,bsc,validation,1709203079,17020,8,1708575751,0
0x23b8683ff98f9e4781552dfe6f12aa32814924e8,bsc,validation,1709203151,17020,8,1709031943,0
0x5466b664a8b18a4545b15d41d01bada764c918db,bsc,validation,1709203352,17020,8,1708775265,0
0x620e501f70cc0989f7c6a700c457b0fa0207b51b,bsc,validation,1709203493,17020,8,1708182075,0
0xe2f6ef0f95a248d8d55d1d7641ea4750851fee39,bsc,validation,1709203499,17020,8,1708640061,0
0xae459484c895a335cec08058290d94551dbf5fbb,bsc,validation,1709203538,17020,8,1709146379,0
0xa5a6ab5ce473f907b51ded61ea95e388efa63d65,bsc,validation,1709203544,17020,8,1709150856,0
0xe1d0065c4cd16c14c539547bac404ca6f586b8ce,bsc,validation,1709203562,17020,8,1708847181,0
0x094c6b46779e4c686e4b706e1fa4587fec28b113,bsc,validation,1709203565,17020,8,1708880531,0
0x0a09d403d6c02a8481c343be84ac8b24709abf98,bsc,validation,1709203589,17020,8,1709150856,0
0xcf0bea8b08fd28e339eff49f717a828f79f7f5ec,bsc,validation,1709203688,17020,8,1708922891,0
0xa6472bc7c0e2266034bb40edd8c6e8961cf45826,bsc,validation,1709203847,17020,8,1708611328,0
0x2bbbdf97295f73175b12cc087cf446765931e1c3,bsc,validation,1709203856,17020,8,1708018192,0
0xdf5ba79f0fd70c6609666d5ed603710609a530ab,bsc,validation,1709204012,17020,8,1708939777,0
0x6c637c67a1dc3dbe33872befb093617c3af22059,bsc,validation,1709204180,17020,8,1708669395,0
0x3f1d29b611c649eec1e62be2237891dd88e1afe0,bsc,validation,1709204327,17020,8,1708948385,0
0xac4ff793053c9fe8163020df5054865d925f9bbd,bsc,validation,1709204471,17020,8,1708597298,0
0xe19e7654a8fe272457b4e421c9346e36d6754a56,bsc,validation,1709204498,17020,8,1708845762,0
0x99a0ae53305fe426343dbcf00d303667f884bd4b,bsc,validation,1709204540,17020,8,1706116051,0
0x12ee6f2840e8efb571da0d2183e51e9087e8cea6,bsc,validation,1709204630,17020,8,1708981704,0
0x02878fff5d7cd4f8dc8ecb6701fc98c560fdc1b4,bsc,validation,1709204987,17020,8,1708107956,0
0x867b96b33b2c13cc8cb78a9aa95420c6cd42c4c6,bsc,validation,1709205215,17020,8,1708263413,0
0x83ea1c931922b75cd7c8a8e97dd6e167e7e09b9d,bsc,validation,1709205218,17020,8,1709065150,0
0xe17fbdf671f3cce0f354cacbd27e03f4245a3ffe,bsc,validation,1709205266,17020,8,1708314952,0
0x4f191d5dd805ff7e0789a88cc5f1feca5281fbbb,bsc,validation,1709205290,17020,8,1709108947,0
0xf117dfcb241c0003d5e2fc72f288755c17a46980,bsc,validation,1709205317,17020,8,1709034273,0
0x79b2bc95344efe31cb6a7b0cf8a843a5ee125dff,bsc,validation,1709205401,17020,8,1708291964,0
0x1417487119a70a8715ef6cdddcdbcc98cf4d4fce,bsc,validation,1709205428,17020,8,1705419446,0
0xc75aa1fa199eac5adabc832ea4522cff6dfd521a,bsc,validation,1709205533,17020,8,1708696147,0
0xd8b69fe5c65685b08c91e1119a79d775866e781b,bsc,validation,1709205605,17020,8,1709049785,0
0x93442c6fb58a197bd5562891f9e76f07c57df2ba,bsc,validation,1709205632,17020,8,1705193243,0
0xb114cfa615c828d88021a41bfc524b800e64a9d5,bsc,validation,1709205803,17020,8,1708013408,0
0xa39964d6212c3753c3ef8dada0d46311504ea18b,bsc,validation,1709205809,17020,8,1708724004,0
0xf27a589281e1b933e122dfe306ebfd02b061850f,bsc,validation,1709205827,17020,8,1708627512,0
0x532a252f457bb04127e01cebe9bf394b93283999,bsc,validation,1709205866,17020,8,1705355819,0
0x83b63f68aa3c1e795b811fd8e01dea73338d3205,bsc,validation,1709205938,17020,8,1707398254,0
0xa1217c0cce65a37e77cf43af277c0b29d808652c,bsc,validation,1709206088,17020,8,1708930275,0
0xdea0b8ad5806d8be6ea38ba4e5fc36118808eb04,bsc,validation,1709206241,17020,8,1708881102,0
0xb0abd9e24769dae9eee658498eabb35edf3f57e9,bsc,validation,1709206325,17020,8,1709160002,0
0x309b22772be363db755894ebd8b9f167f4a985c7,bsc,validation,1709206541,17020,8,1709149211,0
0x7673551f5568f80115495997bb2c35191a408b99,bsc,validation,1709206541,17020,8,1708167427,0
0x222cf80a8514f8ce551c06d1b8d01db3678688ad,bsc,validation,1709206892,17020,8,1707738046,0
0x87d23e1bcfb01a1d721627d2d9a8e5fd0c639999,bsc,validation,1709206922,17020,8,1709177759,0
0xab49ca143fc26f098823b9f05926657b806952a6,bsc,validation,1709207011,17020,8,1709150856,0
0x15b09ca8a1ef990c726d1fd82939a7cf9a48d5c8,bsc,validation,1709207182,17020,8,1708946393,0
0xc12a601724b388bf8c16dda9da3daac08643de85,bsc,validation,1709207230,17020,8,1708534815,0
0x3439baa16ad653f644fb9f1781113d80590542a5,bsc,validation,1709207305,17020,8,1708941284,0
0x002af17a61d3d76ff3629ba2d846e80aae01a1bd,bsc,validation,1709207317,17020,8,1709096520,0
0x85fc7006cee67b94069fdeba6cdc324fc075fcc8,bsc,validation,1709207326,17020,8,1708167427,0
0x0a6c10ab62408f8af68b7132a929aa816b0d85d1,bsc,validation,1709207395,17020,8,1709032962,0
0x32bfd701655edf95809eaa5e525f0024ea571267,bsc,validation,1709207476,17020,8,1709116841,0
0xc09f770fb5d4eb537eb4c60187ddd4e6eec33e3e,bsc,validation,1709207476,17020,8,1709150473,0
0x82ff813de8a9a75f054ad6e6a0c1ceb1be98c426,bsc,validation,1709207506,17020,8,1691744495,0
0x94c6b279b5df54b335ae51866d6e2a56bf5ef9b7,bsc,validation,1709207596,17020,8,1708594450,0
0xd4cdbd31f55c6f06b267809b5eca0f0c257c8a6a,bsc,validation,1709207713,17020,8,1708552582,0
0xac0c8da4a4748d8d821a0973d00b157aa78c473d,bsc,validation,1709207746,17020,8,1709148319,0
0xe1918c21ad0e6ee0f48a723830a2c5e2f6296f23,bsc,validation,1709208055,17020,8,1707847973,0
0xd7686389a2de8fce13dc262e6bca11480c8f6434,bsc,validation,1709208172,17020,8,1708799513,0
0x1d6cbdc6b29c6afbae65444a1f65ba9252b8ca83,bsc,validation,1709208241,17020,8,1708812922,0
0x6db072742a6ad3772e9340d6d7435075d3213d27,bsc,validation,1709208331,17020,8,1697447640,0
0xd5ff3786ce4a75156d27ab026eb04c9ed53b365f,bsc,validation,1709208442,17020,8,1708919030,0
0xb25f4bc48c2fc6d2f70669418a95b41472796b47,bsc,validation,1709208541,17020,8,1709060039,0
0x84cfc0427147026368c2aac4f502d98aac47eb48,bsc,validation,1709208571,17020,8,1708888835,0
0x230af5f829c4130a2179567ac63248001a37ac54,bsc,validation,1709208658,17020,8,1707023355,0
0x0e5cf195c2d52cb6cf690231fade8bd8e210c8a1,bsc,validation,1709208736,17020,8,1708829441,0
0x0487fe9ee79bb9312373aed2901dce58d76bd48a,bsc,validation,1709208802,17020,8,1703912207,0
0xacff4e9e9110971e1a4d8f013f5f97dd8fb4f430,bsc,validation,1709208817,17020,8,1707275634,0
0xa35b5c783117e107644056f5d39faa468e9d8d47,bsc,validation,1709208967,17020,8,1709080954,0
0xb350aebaedb1ed3269b0e25d5e593a9bb4b9f9d5,bsc,validation,1709209000,17020,8,1708890820,0
0xbbf8b05ef7af53ccbff8e3673e73714f939bfd84,bsc,validation,1709209330,17020,8,1705458170,0
0x49d5cc521f75e13fa8eb4e89e9d381352c897c96,bsc,validation,1709209555,17020,8,1709148087,0
0x5ae89b52f6b5d25eba50f0441f91a81968689d95,bsc,validation,1709209696,17020,8,1708846227,0
0xe4a4ad6e0b773f47d28f548742a23efd73798332,bsc,validation,1709209696,17020,8,1709163927,0
0xb61e0654d8b3e6f93b79de8f1983b45ebc27c3cf,bsc,validation,1709209744,17020,8,1708839680,0
0x5e21bf67a6af41c74c1773e4b473ca5ce8fd3791,bsc,validation,1709209897,17020,8,1708893647,0
0xbfe25459ba784e70e2d7a718be99a1f3521ca17f,bsc,validation,1709209933,17020,8,1708354510,0
0xc8838a67c9ebc85acd5c396b824964fbdd88e5c7,bsc,validation,1709209933,17020,8,1709150644,0
0x973616ff3b9d8f88411c5b4e6f928ee541e4d01f,bsc,validation,1709209975,17020,8,1708843584,0
0x424aa711301c82252eccaccf01301ad7ad7b5d40,bsc,validation,1709209999,17020,8,1708563272,0
0xa4e208c627f3adc60165c2a9fe79d73f4e8dd760,bsc,validation,1709210011,17020,8,1708834882,0
0xd102e11cbe4fa7abad57b95d0b6d75689727670d,bsc,validation,1709210061,17020,8,1708878043,0
0xde2a66c92583332e8e1f0aeeb03deb749a3fd33a,bsc,validation,1709210283,17020,8,1709154507,0
0x4a28c0f2a7d4de70eef1564102e81e9fb82be0c2,bsc,validation,1709210286,17020,8,1708105881,0
0x1bdb81ce3d0a3f10a448d4cbc051e0e7985f4ba7,bsc,validation,1709210304,17020,8,1708673629,0
0x63642e5cf69855165fd077ada7ca111de7aaea0d,bsc,validation,1709210652,17020,8,1708968391,0
0x0cdd6adc297f64d797d3677af95a0c051c420bac,bsc,validation,1709210991,17020,8,1707861885,0
0x08430ed03bb44909e3b0c529c541d2fe249b8875,bsc,validation,1709211081,17020,8,1708958727,0
0xfd843444a25fa5d40dce9e1cf6f803eacc47030b,bsc,validation,1709211114,17020,8,1709101007,0
0xe74e14cb6b4f4f5d97bb0665b9a06df49f8142d0,bsc,validation,1709211129,17020,8,1709146261,0
0xe6df015f66653ece085a5fbba8d42c356114ce4f,bsc,validation,1709211168,17020,8,1708019422,0
0x2ef776488739722ad174f8f2ffe76eb67a8467eb,bsc,validation,1709211180,17020,8,1708511753,0
0x06ce168ff4ca760768f42c440d4266ba705e2f21,bsc,validation,1709211235,17020,8,1708684306,0
0xf86e639ff387b6064607201a7a98f2c2b2feb05f,bsc,validation,1709211343,17020,8,1705291139,0
0xac90af75663834bba82940ca06dd95b8faf2edce,bsc,validation,1709211394,17020,8,1707598637,0
0xfecca80ff6deb2b492e93df3b67f0c523cfd3a48,bsc,validation,1709211427,17020,8,1706612417,0
0x9fdc3ae5c814b79dca2556564047c5e7e5449c19,bsc,validation,1709211712,17020,8,1708832187,0
0x04088b85ab27f247c76e3adbf787f5a51e3470b6,bsc,validation,1709211787,17020,8,1708548224,0
0x30dcf96a8a0c742aa1f534fac79e99d320c97901,bsc,validation,1709211997,17020,8,1708981106,0
0x78945b9e4687c9ae4e6682b2196347be019a2f85,bsc,validation,1709212006,17020,8,1707583976,0
0xa1611e8d4070dee36ef308952cf34255c92a01c5,bsc,validation,1709212108,17020,8,1708899091,0
0x9ece397ec3d23fc6ae356545d63fa4348dbb038d,bsc,validation,1709212120,17020,8,1707384002,0
0xa6623d7f0cd2f06d0c1306fe6e6fa1441c374090,bsc,validation,1709212126,17020,8,1708562583,0
0x20de6118c3672659e488d1d45279cdf77391fbdc,bsc,validation,1709212351,17020,8,1706033951,0
0x25e797a38c8701c93b732a38c9380412ac49d309,bsc,validation,1709212402,17020,8,1708849692,0
0xa25896b34c9ea0a3da53ca0640bf6b5772e0bf2d,bsc,validation,1709212462,17020,8,1708758384,0
0x22dd186984436be7872727d7d6dc1577508fdb96,bsc,validation,1709212504,17020,8,1708042501,0
0x672147dd47674757c457eb155baa382cc10705dd,bsc,validation,1709212552,17020,8,1708777183,0
0x55a8a75a15ca2884fc480128d7d046945a326497,bsc,validation,1709212609,17020,8,1708669503,0
0xde51d1599339809cafb8194189ce67d5bdca9e9e,bsc,validation,1709212648,17020,8,1709134741,0
0x9fba4c6fa59c832fc56c30a3f384bb8f0e30ff05,bsc,validation,1709212690,17020,8,1708984935,0
0xc2378f88f18924c8c5a4ba5e2bf0aa5e5e15a184,bsc,validation,1709212693,17020,8,1709166961,0
0x73e691fad606714bca62bda60e9a935c18b28902,bsc,validation,1709212708,17020,8,1708549088,0
0xbac79e308bada146de29f56e066a021cffa00375,bsc,validation,1709212774,17020,8,1708182075,0
0x13b6a55662f6591f8b8408af1c73b017e32eedb8,bsc,validation,1709212972,17020,8,1708949772,0
0x80f2c1e25391bbe615ef1f5ce82297fb0a624cb7,bsc,validation,1709212972,17020,8,1709097364,0
0xec649e8752c67f34c3c4e4cf4bb2ca42618c0906,bsc,validation,1709213065,17020,8,1708845732,0
0x45b19b46be1b9006f388873e2c460fccc7d00f15,bsc,validation,1709213176,17020,8,1708981106,0
0x7d7ce2c7e1d69debe2219d9f33770fafd1ac29ee,bsc,validation,1709213188,17020,8,1708547651,0
0x0a96ee8b3d59aea26b4cc31342747e176e711fdd,bsc,validation,1709213332,17020,8,1708945784,0
0xe21f860d4691af2d101de814fff2b1c640ec5d2c,bsc,validation,1709213347,17020,8,1708134221,0
0x54c2c07b3af037567269ad6a168d5bd527867b58,bsc,validation,1709213461,17020,8,1708832539,0
0x06082951efdb5095e45e3c08cb103782645a2e69,bsc,validation,1709213488,17020,8,1705432121,0
0xbf758f2afec32b92e8008b5671088d42af616515,bsc,validation,1709213491,17020,8,1708671720,0
0x4a8e8077611ce60f3a2bc08bc6e0c2258138e3c3,bsc,validation,1709213653,17020,8,1706234531,0
0x29e57c3918d38ae7cb4c567a4112dfe0fcb9c893,bsc,validation,1709213677,17020,8,1708809511,0
0xe34e3edbc2964ac2b93034db83a9dc47a4e6e8af,bsc,validation,1709213698,17020,8,1707915540,0
0x9550ba92515fa17b2df02a31b02e93400f185b98,bsc,validation,1709213704,17020,8,1685659477,0
0x04f73a09e2eb410205be256054794fb452f0d245,bsc,validation,1709213749,17020,8,1708811101,0
0x8530b66ca3ddf50e0447eae8ad7ea7d5e62762ed,bsc,validation,1709213764,17020,8,1708498567,0
0x515e62a3ac560fd5df08536d08336e63aed3b182,bsc,validation,1709214046,17020,8,1704804707,0
0xd523f5097fe10cb8760f7011796a6edf7a268061,bsc,validation,1709214049,17020,8,1708931085,0
0x1ac274317023646895bf112f9ab6b0696374347f,bsc,validation,1709214055,17020,8,1707749264,0
0x829c09fcc46d9fd31967272aba245bef9f727f93,bsc,validation,1709214160,17020,8,1709148319,0
0xaa076b62efc6f357882e07665157a271ab46a063,bsc,validation,1709214478,17020,8,1709148133,0
0xdd1850839280095518d89dd9917465190b5d30c5,bsc,validation,1709214505,17020,8,1708822340,0
0xe2d3486f46efbd4199ea087e9e466dcc35ee0248,bsc,validation,1709214616,17020,8,1708949598,0
0xdb2ed8a8e53e9d0e91c65fed1dfe2edc35c3bdaa,bsc,validation,1709214706,17020,8,1708954443,0
0xf2df8458130f00c94bcde2dd3f288cf608187f87,bsc,validation,1709214808,17020,8,1708604705,0
0x5f136383e230f972739fae2e81e7e774afe64c66,bsc,validation,1709214895,17020,8,1708878043,0
0x9aab0a9b3a2f7cf669f1385c48e0a063b93834bb,bsc,validation,1709214910,17020,8,1708702928,0
0x7082ff3a22e707136c80a9efcb215ec4c1fda810,bsc,validation,1709215165,17020,8,1709155659,0
0x60eba4c42c14ec28ec29f7d8ace225a5f6c9622e,bsc,validation,1709215201,17020,8,1705922423,0
0x2693bfb95f3b3cf7d3bdfc020328cd6cfa673eb8,bsc,validation,1709215261,17020,8,1708953249,0
0xab8c98491816fede394582f7758a5effeb4368d7,bsc,validation,1709215318,17020,8,1709150788,0
0xf6ee08fa550e1cb08c0821a4da8cea57b8909d2e,bsc,validation,1709215348,17020,8,1708953627,0
0x43c37e8240d0fccef747d12e201bf295e4226388,bsc,validation,1709215384,17020,8,1709166961,0
0x2ba661b64dbe494564c88849d83bd586eb1d8d20,bsc,validation,1709215471,17020,8,1708127073,0
0xed1a89fa419e3d1042d4ea2e938fb62a216594c6,bsc,validation,1709215474,17020,8,1708946495,0
0x724c2fb83d76ebc8667b326988c173d6d6d20549,bsc,validation,1709215603,17020,8,1708269525,0
0x2ff3d0f6990a40261c66e1ff2017acbc282eb6d0,bsc,validation,1709215648,17020,8,1707503887,0
0xe5fe5527a5b76c75eede77fdfa6b80d52444a465,bsc,validation,1709215678,17020,8,1708185121,0
0x3b1ffa35deb9235d0a87b95299b602b426a21075,bsc,validation,1709215708,17020,8,1709019364,0
0xbdaaa37b921e00eb30acbdb277a05e262ba9ceca,bsc,validation,1709215732,17020,8,1708755070,0
0xa9e22e82d5a497c764a9fcd566bc8df933b74fbe,bsc,validation,1709215735,17020,8,1709169952,0
0x57cd5a91c18d21dedd72d3bcf255b60aef290f53,bsc,validation,1709215813,17020,8,1709128584,0
0x339fe932809e39a95b621a7f88bbf6c08eb6c978,bsc,validation,1709215849,17020,8,1709073099,0
0xaf23921f146c1deb5b436deb3a7fdeaf53f02b3f,bsc,validation,1709216026,17020,8,1708985396,0
0xdcd103bc6d14829c39afc9c10c9c373ce385d2c5,bsc,validation,1709216071,17020,8,1707338248,0
0x0ce560140a81f09d8051c15fc503cc03e14f6eeb,bsc,validation,1709216086,17020,8,1708529835,0
0x984d3e9906ef5f3e44576140cd0cf649ba1befa8,bsc,validation,1709216098,17020,8,1708953516,0
0x55f4c3a096323a0c11f5a86420eaa0f4e803a191,bsc,validation,1709216206,17020,8,1708447980,0
0xaa16492d95f80e488ac997933abe7aa45d838ada,bsc,validation,1709216209,17020,8,1708882200,0
0x91656750bc364ff38adb51157acbb76f9f5ec2fe,bsc,validation,1709216308,17020,8,1708956880,0
0x0f99244e47930ddc6a5e87021e1058ca12ff112f,bsc,validation,1709216338,17020,8,1708844382,0
0x57534804b9485209a2fc55698a0f2112ae389342,bsc,validation,1709216398,17020,8,1708954056,0
0x7aed3e61e67ee1bd10f441f01bf261f6e1c72355,bsc,validation,1709216404,17020,8,1709049785,0
0x5bc4e94ce63c5470515cbddc903f813580a2a08d,bsc,validation,1709216425,17020,8,1708672548,0
0x87d3278873de93ce9593fb74703650a94538db45,bsc,validation,1709216455,17020,8,1708856497,0
0x9d4c1d37e78a46a991854d6a71f1eedc9f349150,bsc,validation,1709216557,17020,8,1709145933,0
0xdf0c4950a33f04c227120e84d1a052564c4f62fd,bsc,validation,1709216701,17020,8,1709120584,0
0x36a28c7c9b3dea22f07f4df67833cbe764feeeb4,bsc,validation,1709216722,17020,8,1708919030,0
0x76b5ea2a75e96f629d739537e152062b4b89eee9,bsc,validation,1709216929,17020,8,1709143540,0
0x09faf80c7df27d0fb8a717324963cb871f6814f7,bsc,validation,1709217004,17020,8,1708739491,0
0x9ca00f0b5562914bcd84ca6e0132cae295cc84b7,bsc,validation,1709217052,17020,8,1709106375,0
0x2ff90b0c29ededdaf11c847925ea4a17789e88c3,bsc,validation,1709217127,17020,8,1708969471,0
0x69fa8e7f6bf1ca1fb0de61e1366f7412b827cc51,bsc,validation,1709217160,17020,8,1708876317,0
0x049d68029688eabf473097a2fc38ef61633a3c7a,bsc,validation,1709217175,17020,8,1709162278,0
0x7ac168c81f4f3820fa3f22603ce5864d6ab3c547,bsc,validation,1709217295,17020,8,1708442260,0
0xcba2aeec821b0b119857a9ab39e09b034249681a,bsc,validation,1709217295,17020,8,1708614916,0
0x8c11c352731fcec7ea9d16357b69d91c13743dd1,bsc,validation,1709217313,17020,8,1709000533,0
0xfb526228ff1c019e4604c7e7988c097d96bd5b70,bsc,validation,1709217328,17020,8,1707831542,0
0xc4cdc643a3ba49d5cd296db591ef0a56a9080886,bsc,validation,1709217352,17020,8,1708682053,0
0x57d2a45653b329fac354b04cead92c4db71cf09f,bsc,validation,1709217547,17020,8,1708772530,0
0x0ec4b89462557150302ac6e81270a081f2e3bd20,bsc,validation,1709217565,17020,8,1709154507,0
0x46e83fbcc5623172ee61935c96b7276ab92562de,bsc,validation,1709217574,17020,8,1709096520,0
0x517396bd11d750e4417b82f2b0fcfa62a4f2bb96,bsc,validation,1709217574,17020,8,1706575561,0
0x93713de5e0be3b7fcbd34257b6cadfb4d96e12b1,bsc,validation,1709217586,17020,8,1709159592,0
0xfbcaa62b6e76ddf2e085b1483ec742e8a1474513,bsc,validation,1709217625,17020,8,1709150856,0
0xb3ac46fe1a14589f5fb4ea735da723cd12a3438a,bsc,validation,1709217688,17020,8,1708353499,0
0x1f22e84094e84bdcb19866703d211ea7a16090da,bsc,validation,1709217745,17020,8,1708013564,0
0xc93b7e6d6445f8e7de92abddbfbc8057cdcaa1a6,bsc,validation,1709217775,17020,8,1709158154,0
0x71e044e166793d2391931af427cf146fe9e939cf,bsc,validation,1709217781,17020,8,1709075296,0
0xa0b9bb05da11e3b19ffd64554400f59d4a378515,bsc,validation,1709217919,17020,8,1708663954,0
0x6e88056e8376ae7709496ba64d37fa2f8015ce3e,bsc,validation,1709218030,17020,8,1705705125,0
0x5eeb28b5aef44b6664b342d23b1aadce84196386,bsc,validation,1709218036,17020,8,1707928684,0
0x07afd96cf35f7cd370e90a38d454d3d6d482c474,polygon,validation,1709177803,17020,8,1705825247,0
0x37ed1625e73fc20ff2ec1c07533ddecbb9542d47,polygon,validation,1709178017,17020,8,1698221831,0
0xd0252fb67606ed74d0cacd17b2eb38446e4466c9,polygon,validation,1709178256,17020,8,1708899091,0
0x5f084f3ee7ea09e4c01cee3cdf1b5620a3344fd0,polygon,validation,1709179028,17020,8,1705851286,0
0x0f38db64e04bcd5373dcdf941fd909d8436f4fdb,polygon,validation,1709179058,17020,8,1709141170,0
0x9a41e03fef7f16f552c6fba37ffa7590fb1ec0c4,polygon,validation,1709180140,17020,8,1708669503,0
0x64642069b729dda5b16c04a3ed9fb5162cfec8c6,polygon,validation,1709180354,17020,8,1709174582,0
0xfd0cbddec28a93bb86b9db4a62258f5ef25fefde,polygon,validation,1709180364,17020,8,1708843584,0
0xdab35042e63e93cc8556c9bae482e5415b5ac4b1,polygon,validation,1709180368,17020,8,1709145851,0
0x1b43b97094aa3c6cc678edb9e28ac67daaa7cc64,polygon,validation,1709180588,17020,8,1704665211,0
0x3dc6052a693e4a2fc28eb2ea12fe0cfd3bd221d1,polygon,validation,1709181523,17020,8,1709040377,0
0x98b1d7ba836a0a73d741735a309a18febeb6299c,polygon,validation,1709181539,17020,8,1709159251,0
0x7e7ff932fab08a0af569f93ce65e7b8b23698ad8,polygon,validation,1709181715,17020,8,1708199381,0
0xb10ffc060cc7659f0726c8452a586e30338145cf,polygon,validation,1709181747,17020,8,1707400114,0
0x5bf9dfb1b27c28e5a1d8e5c5385a1a353ec9d118,polygon,validation,1709181767,17020,8,1706136263,0
0x97b0ba4a8ba02b8d002c156a7bedbf5264cc0f7a,polygon,validation,1709181767,17020,8,1707290478,0
0x724dc807b04555b71ed48a6896b6f41593b8c637,polygon,validation,1709182444,17020,8,1708936801,0
0x9b595763c537d06e65a6ff0d3140f79d9de7421e,polygon,validation,1709182564,17020,8,1709154507,0
0x38a536a31ba4d8c1bcca016abbf786ecd25877e8,polygon,validation,1709183500,17020,8,1709056052,0
0x50d0799ba241e10a6e9bace2936129f117cb32af,polygon,validation,1709183676,17020,8,1708222931,0
0x7a7b94f18ef6ad056cda648588181cda84800f94,polygon,validation,1709184567,17020,8,1708528807,0
0x5ffd62d3c3ee2e81c00a7b9079fb248e7df024a8,polygon,validation,1709184755,17020,8,1709098324,0
0x58043d412ef9fbdc4f87d5662142d047ed06cc60,polygon,validation,1709184895,17020,8,1709167308,0
0xd0660cd418a64a1d44e9214ad8e459324d8157f1,polygon,validation,1709185221,17020,8,1709163501,0
0xca8c6dea40a6de9be3b4c73a1aefaafdb4754f73,polygon,validation,1709185483,17020,8,1708673629,0
0xede1b77c0ccc45bfa949636757cd2ca7ef30137f,polygon,validation,1709186202,17020,8,1709131619,0
0xf6d23100857e27c4a00f10318f6492e3f78920f0,polygon,validation,1709186308,17020,8,1706612417,0
0x74ac7664abb1c8fa152d41bb60e311a663a41c7e,polygon,validation,1709188832,17020,8,1708901193,0
0xc8a94a3d3d2dabc3c1caffffdca6a7543c3e3e65,polygon,validation,1709188920,17020,8,1708869853,0
0x9d5565da88e596730522cbc5a918d2a89dbc16d9,polygon,validation,1709188928,17020,8,1709166961,0
0xd43be54c1aedf7ee4099104f2dae4ea88b18a249,polygon,validation,1709188956,17020,8,1708982914,0
0x2224a419fbb1bf9635799e09fbd6db39bb1e5d98,polygon,validation,1709189012,17020,8,1708014818,0
0x95894e4286bf4618edd3824dd5b38a082a431953,polygon,validation,1709189138,17020,8,1708883238,0
0xa6776d97a779aa4cd13fac85ea2398994aeab77b,polygon,validation,1709189172,17020,8,1708869445,0
0x541f3ded0b7b6dcd5ac1f44ad2f2fd99ba8e667d,polygon,validation,1709189192,17020,8,1709160990,0
0xfb75a9ae5f2f64ed09b68cf1af3e33dbda9c3979,polygon,validation,1709189250,17020,8,1708926209,0
0xe1b757fc80ca95677da112e3231a571469252710,polygon,validation,1709189270,17020,8,1707314329,0
0x0e94314f9e6067595929fa31c86c3c5268e2491b,polygon,validation,1709189474,17020,8,1708974690,0
0xc26d47d5c33ac71ac5cf9f776d63ba292a4f7842,polygon,validation,1709189782,17020,8,1709147303,0
0xf391f574c63d9b8764b7a1f56d6383762e07b75b,polygon,validation,1709190375,17020,8,1708891323,0
0xec4fe610b4107c95b56decc885089c06f85a63cb,polygon,validation,1709190491,17020,8,1698826403,0
0xd99be2ce4a09812feae4020051876091cf7ef87f,polygon,validation,1709190781,17020,8,1709108947,0
0x223738a747383d6f9f827d95964e4d8e8ac754ce,polygon,validation,1709190823,17020,8,1708664683,0
0x7cb810ecbfd6125e65f451cfbd8ae657dffdd6b4,polygon,validation,1709190859,17020,8,1708328630,0
0xe57eac8b4666032cfa16b626ffe99403a40b64d3,polygon,validation,1709191157,17020,8,1705502711,0
0x07738eb4ce8932ca961c815cb12c9d4ab5bd0da4,polygon,validation,1709191209,17020,8,1709163313,0
0xd2e730d5a15ea4be6c1cb520e8b81e9fcf79ae62,polygon,validation,1709191319,17020,8,1705560462,0
0xfe9ca7cf13e33b23af63fea696f4aae1b7a65585,polygon,validation,1709191319,17020,8,1709155659,0
0x5bf9496f0cd1f71c3353c3766f510772d7553b4f,polygon,validation,1709191357,17020,8,1709148087,0
0x44acd96620b708162af4a90524f29a6839675533,polygon,validation,1709191758,17020,8,1709056052,0
0x0f4e2f0b6e9f5ea97d2f959f6a3b4534d03f1404,polygon,validation,1709191838,17020,8,1708016733,0
0x5dd1cbf142f4b896d18af835c1734363b0d50fb0,polygon,validation,1709191862,17020,8,1707288195,0
0x6e8a8726639d12935b3219892155520bdc57366b,polygon,validation,1709193080,17020,8,1708750518,0
0x0c51f415cf478f8d08c246a6c6ee180c5dc3a012,polygon,validation,1709193968,17020,8,1702228479,0
0xec482de9569a5ea3dd9779039b79e53f15791fde,polygon,validation,1709194378,17020,8,1708979964,0
0x12b176e66caab619aa1f0980e1af7c5476c71773,polygon,validation,1709194690,17020,8,1709073823,0
0xdb95f9188479575f3f718a245eca1b3bf74567ec,polygon,validation,1709194692,17020,8,1708942615,0
0x4535e52cdf3ab787b379b7b72b5990767e6747e4,polygon,validation,1709195468,17020,8,1708949540,0
0x29b4ccd16d630df19f768f68f43a0229eae26250,polygon,validation,1709195586,17020,8,1703337659,0
0xa2b205f8c0f0e30b3f73b7716a718c53cb8e5cc3,polygon,validation,1709196456,17020,8,1708957466,0
0xe400c9d83ba049984aa61f25c8415a890f2b6435,polygon,validation,1709197008,17020,8,1708986050,0
0x8f6196901a4a153d8ee8f3fa779a042f6092d908,polygon,validation,1709197254,17020,8,1709160990,0
0xf7240a5cfba2b61ea05b38a27faa7e3d94a56efb,polygon,validation,1709197596,17020,8,1708797870,0
0x7dce33a5611f73ea80248d7a259b1a66e87ada48,polygon,validation,1709197836,17020,8,1708716347,0
0x37757d171542dbb07b8e679f225efcde60cf008b,polygon,validation,1709198082,17020,8,1709157439,0
0x35b937583f04a24963eb685f728a542240f28dd8,polygon,validation,1709198244,17020,8,1708088990,0
0xa0e5c8b2b2e345c72f452880b2c164b944012907,polygon,validation,1709198424,17020,8,1682256031,0
0x77d97db5615dfe8a2d16b38eaa3f8f34524a0a74,polygon,validation,1709198688,17020,8,1708931085,0
0x3066818837c5e6ed6601bd5a91b0762877a6b731,polygon,validation,1709198956,17020,8,1708982678,0
0x06df66c8ba674d6332293b8d34a469327d8ce000,polygon,validation,1709199228,17020,8,1708560447,0
0xfdc26cda2d2440d0e83cd1dee8e8be48405806dc,polygon,validation,1709199514,17020,8,1709175606,0
0x4fafad147c8cd0e52f83830484d164e960bdc6c3,polygon,validation,1709199620,17020,8,1709170980,0
0x7c3118d6d468a1a7386f86c50bc00f0f40f7e1c0,polygon,validation,1709199867,17020,8,1708538268,0
0x349eade791a30f00f690cf2ae0d5d78c06786cb0,polygon,validation,1709200569,17020,8,1708958916,0
0xf629712180bef6f4c569b704e03d0acbe276eb6d,polygon,validation,1709200579,17020,8,1706246630,0
0xb8dd82e944354b7bf9e9e0744ba5ff786581d372,polygon,validation,1709200853,17020,8,1709156007,0
0x31bbf2afee1f8d1e3c2e0d9c20ed20e10ec8001c,polygon,validation,1709202005,17020,8,1706020751,0
0xd1a5f2a049343fc4d5f8d478f734eba51b22375e,polygon,validation,1709202027,17020,8,1708834303,0
0x5d48a5e5a3e737322ae27e25897f1c9e19ecc941,polygon,validation,1709202085,17020,8,1708383365,0
0x6847d3a4c80a82e1fb26f1fc6f09f3ad5beb5222,polygon,validation,1709202812,17020,8,1708930275,0
0xd281af594cbb99e8469f3591d57a0c72eb725bdb,polygon,validation,1709203016,17020,8,1708922192,0
0xe46f5128b933e5a6f907fe73ece80059c222db0a,polygon,validation,1709203288,17020,8,1709160990,0
0x2094538e1b112c8ff37d079f107985ea050935a3,polygon,validation,1709203568,17020,8,1708850817,0
0x722eb54cd20d13938df8e792a5849a2391c8463f,polygon,validation,1709203808,17020,8,1709170954,0
0xe4095d9372e68d108225c306a4491cacfb33b097,polygon,validation,1709204042,17020,8,1709116227,0
0x4287f07cbe6954f9f0decd91d0705c926d8d03a4,polygon,validation,1709204184,17020,8,1709119314,0
0x700481409de3f632f61a2ac9bfd76138357714da,polygon,validation,1709204418,17020,8,1709054062,0
0x52ede6bba83b7b4ba1d738df0df713d6a2036b71,polygon,validation,1709204442,17020,8,1709175322,0
0xd45579de96a574efac915e6718604ff481bfa47f,polygon,validation,1709204780,17020,8,1708031534,0
0xec24c04868da7abba292c2ba46fe77788a3f5f74,polygon,validation,1709205068,17020,8,1709145329,0
0xe0b22e0037b130a9f56bbb537684e6fa18192341,polygon,validation,1709205240,17020,8,1709150856,0
0x324165db0a8d41f2eebb38d68e75edd5f8f48963,polygon,validation,1709205686,17020,8,1708412308,0
0x520a996ae1bd7059c157dad873224ea13cc57a96,polygon,validation,1709206660,17020,8,1709146379,0
0x4b1db31acdd328e4749193012b3b7d5b1edea770,polygon,validation,1709206854,17020,8,1708233508,0
0xe51e88dd08499762b8e4eb3a9f3da9b8e79608c3,polygon,validation,1709206905,17020,8,1708438934,0
0x38f268c21b882af6bb3ce13f22975aad44b2709f,polygon,validation,1709207077,17020,8,1708845828,0
0xb41ec2c036f8a42da384dde6ada79884f8b84b26,polygon,validation,1709207417,17020,8,1708603066,0
0xf972daced7c6b03223710c11413036d17eb298f6,polygon,validation,1709207449,17020,8,1709056052,0
0xb362a97ad06c907c4b575d3503fb9dc474498480,polygon,validation,1709207569,17020,8,1704773732,0
0x268f78793f20b11615ed5c4e076b288826e299ce,polygon,validation,1709207577,17020,8,1709123682,0
0x16452d3ee6141db1095e50418bc437530f63b36c,polygon,validation,1709207963,17020,8,1708512238,0
0x41b3fc2302c8aac4c84c552f770419091ef52435,polygon,validation,1709208613,17020,8,1709153492,0
0x835df131c80cf4b27cefde256498e363cf8a4c27,polygon,validation,1709208847,17020,8,1708447980,0
0xa69d14d6369e414a32a5c7e729b7afbafd285965,polygon,validation,1709209511,17020,8,1708234929,0
0xa9875760ecc0b1f3637984bff26a97799b11fb11,polygon,validation,1709209662,17020,8,1708316059,0
0x5667dcc0ab74d1b1355c3b2061893399331b57e2,polygon,validation,1709210128,17020,8,1708240407,0
0x28c388fb1f4fa9f9eb445f0579666849ee5eeb42,polygon,validation,1709210180,17020,8,1708843584,0
0x6acda5e7eb1117733dc7cb6158fc67f226b32022,polygon,validation,1709210537,17020,8,1707479785,0
0xf11de26883eb2ebf9877a01703ddc1eb619094e6,polygon,validation,1709210739,17020,8,1709019364,0
0xcf8193d110c2c817a54a693664e00a0b2b44a3ce,polygon,validation,1709211302,17020,8,1697969099,0
0x6b24e2771d6a18ba38c32f9b616eb1cd7948745f,polygon,validation,1709211561,17020,8,1708328630,0
0x8b7aa8f5cc9996216a88d900df8b8a0a3905939a,polygon,validation,1709211654,17020,8,1709136126,0
0x924a772a0afa8d85b21057485168d56f8f817453,polygon,validation,1709212386,17020,8,1709152998,0
0x23f07a1c03e7c6d0c88e0e05e79b6e3511073fd5,polygon,validation,1709212640,17020,8,1708132858,0
0x04cc80c7665e4d57f57e16a1212a57c0c11927ce,polygon,validation,1709212694,17020,8,1703962436,0
0x32515ffdc3a84cfbf9ad4db14ef8f0a535c7afd6,polygon,validation,1709212724,17020,8,1709153831,0
0x1f278f116c236ce99bcbce70893217ce31054dd9,polygon,validation,1709212834,17020,8,1709166515,0
0xdc6d1bd104e1efa4a1bf0bbcf6e0bd093614e31a,polygon,validation,1709212834,17020,8,1708834882,0
0xd1a718f77ab5d22e3955050658d7f65ae857a85e,polygon,validation,1709212952,17020,8,1708211587,0
0xfbe59ebf7a188045c87c4a65093ed1e50520408b,polygon,validation,1709213406,17020,8,1708945784,0
0xdd261b5a5f5921a20c079271ba35fbe06eb42857,polygon,validation,1709213750,17020,8,1708685593,0
0x3963a400b42377376d6c3d92ddf2d6288d8ee0d6,polygon,validation,1709213762,17020,8,1708006958,0
0xba4c54ea2d66b904c82847a7d2357d22b857e812,polygon,validation,1709214159,17020,8,1709146515,0
0x6ae96cc93331c19148541d4d2f31363684917092,polygon,validation,1709214185,17020,8,1708899931,0
0x6f06e6bed64cf4c4187c06ee2a4732f6a171bc4e,polygon,validation,1709215105,17020,8,1708845828,0
0xc3cffdaf8f3fdf07da6d5e3a89b8723d5e385ff8,polygon,validation,1709215281,17020,8,1708663954,0
0x5918fa85f0a3ddc00ce145cba21d5540d25c5cc7,polygon,validation,1709215427,17020,8,1708835310,0
0x034b2090b579228482520c589dbd397c53fc51cc,polygon,validation,1709215759,17020,8,1709141998,0
0xb7042c40de76cfc607ac05e68f9c28a778f0c8a6,polygon,validation,1709216115,17020,8,1708586669,0
0x84342e932797fc62814189f01f0fb05f52519708,polygon,validation,1709216347,17020,8,1709174582,0
0x5198e7cc1640049de37d1bd10b03fa5a3afda120,polygon,validation,1709216697,17020,8,1708771109,0
0xe8a05e85883f9663b18a38d7aa89853deaba56e3,polygon,validation,1709216839,17020,8,1706263535,0
0xf287d97b6345bad3d88856b26fb7c0ab3f2c7976,polygon,validation,1709217125,17020,8,1709120584,0
0xcf66eb3d546f0415b368d98a95eaf56ded7aa752,polygon,validation,1709217227,17020,8,1709120584,0
0xa0af9f13e067562aae8e52a5fb6a74febfcf7d41,polygon,validation,1709217247,17020,8,1708886565,0
0xaf24765f631c8830b5528b57002241ee7eef1c14,polygon,validation,1709217547,17020,8,1708931085,0
0xa14c04dea16798aa8f25b1da583cd5fbbfd6579e,polygon,validation,1709217741,17020,8,1708995089,0
0x00a49a868d3fb149483a69045e1ed01e8c812ff0,polygon,validation,1709217837,17020,8,1705923623,0
0x3bf668fe1ec79a84ca8481cead5dbb30d61cc685,polygon,validation,1709218079,17020,8,1708953795,0
0x23fc254cd060be3c9ac5b9364b67b5f64fb3ab66,polygon,validation,1709218089,17020,8,1708844821,0
0x28c907db213f999aa9882e0cc134af53077aafc6,polygon,validation,1709218095,17020,8,1708536231,0
0xb0f61c597bbcc29f3f38396b01f9c0f0c2e8bff0,polygon,validation,1709218631,17020,8,1708939777,0
0x2c2d8a078b33bf7782a16acce2c5ba6653a90d5f,polygon,validation,1709218645,17020,8,1708982678,0
0x94b959c93761835f634b8d6e655070c58e2caa12,polygon,validation,1709218659,17020,8,1708953390,0
0x794baab6b878467f93ef17e2f2851ce04e3e34c8,polygon,validation,1709219061,17020,8,1708800095,0
0x82cb0ec6a31bc92e9483c08fdcbe2e6f3cc28100,polygon,validation,1709219154,17020,8,1709148319,0
0x87847703d4bb4fcd42db887ffdcb94496e77e3ab,polygon,validation,1709219218,17020,8,1709144166,0
0x413cfe1c41f98879365d665cacb7e79a60001fee,polygon,validation,1709219300,17020,8,1708512238,0
0x35128c6d835a00f2fdee970119bce22597eba999,polygon,validation,1709219339,17020,8,1709073898,0
0x7d0453ad0954c9cef07b08bee39f7e1030f7611a,polygon,validation,1709220156,17020,8,1709160006,0
0x3f717919def69f81d17b80839bf8af35697ccbfa,polygon,validation,1709220366,17020,8,1708238467,0
0x11a88f949c0592238959142653bb6847c6523d81,polygon,validation,1709220396,17020,8,1709056052,0
0x182f1d39df9460d7aef29afbc80bbd68ed0a41d5,polygon,validation,1709220442,17020,8,1709116841,0
0x23d2b1788d17b70ca6cc638ed75247836302b8c7,polygon,validation,1709220476,17020,8,1707821048,0
0x57685ddbc1498f7873963cee5c186c7d95d91688,polygon,validation,1709220724,17020,8,1708799002,0
0x1666cf136d89ba9071c476eaf23035bccd7f3a36,polygon,validation,1709220752,17020,8,1709173460,0
0x341a6166a30b93ebc0c9a7a596aaca22b89b2f22,polygon,validation,1709220792,17020,8,1708773495,0
0x8c4476dfec8e7eedf2de3e9e9461b7c14c828d46,polygon,validation,1709220858,17020,8,1709146379,0
0x4e36d8006416ea1d939a0eeae73afdaca86bd376,polygon,validation,1709221320,17020,8,1707937887,0
0x98e24cb7025f15be072645d38d02ac86551ad01a,polygon,validation,1709221504,17020,8,1708949540,0
0x5d49c278340655b56609fdf8976eb0612af3a0c3,polygon,validation,1709221536,17020,8,1708442326,0
0x4257ea7637c355f81616050cbb6a9b709fd72683,polygon,validation,1709221862,17020,8,1708901193,0
0x5357de35cf517e6cecd91b269ea551caee4d171c,polygon,validation,1709221976,17020,8,1709078978,0
0xfb40b1efe90d4b786d2d9d9dc799b18bde92923b,polygon,validation,1709222026,17020,8,1708981028,0
0x4ca7bf91e4384d7c7a48ed4c04b555f350eb6719,polygon,validation,1709222110,17020,8,1707260789,0
0x8a0e8b4b0903929f47c3ea30973940d4a9702067,polygon,validation,1709222516,17020,8,1709160002,0
0xf8379e1dfe0fc9c42fd273d63b0082dc0ccae2e2,polygon,validation,1709222674,17020,8,1709169952,0
0x8829d36f6680be993f5444198e8cbfa8f02ede96,polygon,validation,1709224184,17020,8,1709097364,0
0x50bcbc40306230713239ae1bddd5eefeeaa273dc,polygon,validation,1709224346,17020,8,1709016688,0
0x280053c54006a624c26989cb8354fa4cb86f14d1,polygon,validation,1709224364,17020,8,1709146135,0
0x3c5a5885f6ee4acc2597069fe3c19f49c6efba96,polygon,validation,1709224368,17020,8,1709103773,0
0x1d607faa0a51518a7728580c238d912747e71f7a,polygon,validation,1709224424,17020,8,1709166969,0
0x7fb27ee135db455de5ab1ccec66a24cbc82e712d,polygon,validation,1709224424,17020,8,1705991759,0
0xe6d3856f65e82c7a255e75d2d1da3aee70e38376,polygon,validation,1709224466,17020,8,1708724379,0
0x7f280dac515121dcda3eac69eb4c13a52392cace,polygon,validation,1709224588,17020,8,1708614916,0
0xb3b9c016ad1e9f7efdae451b04ef696e05658b32,polygon,validation,1709224626,17020,8,1709150473,0
0xa4ef199d3ad524e9c3c51ac46b303b103a307cef,polygon,validation,1709224662,17020,8,1709078978,0
0x780053837ce2ceead2a90d9151aa21fc89ed49c2,polygon,validation,1709224678,17020,8,1708968029,0
0x6f3cc27e17a0f2e52d8e7693ff0d892cea1854bf,polygon,validation,1709225354,17020,8,1705325253,0
0x91f0484f9b65dc5187e414dae5ed37ea7a4b8af4,polygon,validation,1709225846,17020,8,1702445999,0
0x12a4cebf81f8671faf1ab0acea4e3429e42869e7,polygon,validation,1709226168,17020,8,1708699158,0
0xec38621e72d86775a89c7422746de1f52bba5320,polygon,validation,1709226176,17020,8,1708869853,0
0x455f0ebb0370b76b82ebcc551d5a1c312b160808,polygon,validation,1709226288,17020,8,1709049743,0
0x12050c705152931cfee3dd56c52fb09dea816c23,polygon,validation,1709226617,17020,8,1702421351,0
0x52468c88e8b4f5bcca20a6a7813355637dc5e3ad,polygon,validation,1709226651,17020,8,1709073898,0
0xbe5cf150e1ff59ca7f2499eaa13bfc40aae70e78,polygon,validation,1709226703,17020,8,1708945277,0
0xc45a479877e1e9dfe9fcd4056c699575a1045daa,polygon,validation,1709226839,17020,8,1708931085,0
0xd0513db39d87e8825389feb10bd911dc53b3a153,polygon,validation,1709226964,17020,8,1708785381,0
0x6c2b8f476f6774ea697db4b0956b48eb65c64bae,polygon,validation,1709227022,17020,8,1705240031,0
0x3cef98bb43d732e2f285ee605a8158cde967d219,polygon,validation,1709227276,17020,8,1709146135,0
0x9f28e2455f9ffcfac9ebd6084853417362bc5dbb,polygon,validation,1709227362,17020,8,1708762865,0
0xc3f56d567e7663e8932e65d85ae4be7eb5575ca7,polygon,validation,1709227692,17020,8,1708840455,0
0x8ba941b64901e306667a287a370f145d98811096,polygon,validation,1709227698,17020,8,1708982914,0
0x8b1f836491903743fe51acd13f2cc8ab95b270f6,polygon,validation,1709227706,17020,8,1708936801,0
0x2da719db753dfa10a62e140f436e1d67f2ddb0d6,polygon,validation,1709228326,17020,8,1696731299,0
0x55b1a124c04a54eefdefe5fa2ef5f852fb5f2f26,polygon,validation,1709228418,17020,8,1709159592,0
0x5d089336f95e649e491c054279d64a86565e8b25,polygon,validation,1709228818,17020,8,1708700866,0
0x00e8c0e92eb3ad88189e7125ec8825edc03ab265,polygon,validation,1709228832,17020,8,1709162278,0
0x7238390d5f6f64e67c3211c343a410e2a3dec142,polygon,validation,1709228832,17020,8,1709156007,0
0x23c6730ede5f3e0f1a4454cc956592b2a2bdb7c1,polygon,validation,1709229156,17020,8,1700592935,0
0xf4b6d5d432f1c7a9efc9e0b04acde479f9fd1f72,polygon,validation,1709229274,17020,8,1708447980,0
0xf4d2eea1e96986bc8e78008f8bcf016ca230efe5,polygon,validation,1709229476,17020,8,1708945019,0
0xff2382bd52efacef02cc895bcbfc4618608aa56f,polygon,validation,1709229938,17020,8,1708995089,0
0xdae89da41a96956e9e70320ac9c0dd077070d3a5,polygon,validation,1709229990,17020,8,1709154507,0
0xd838290e877e0188a4a44700463419ed96c16107,polygon,validation,1709230162,17020,8,1709166961,0
0x0cfbbb89fd58f6b49b7bf5665397ddc84003d47c,polygon,validation,1709230266,17020,8,1708661033,0
0x9f9f149a02cddc9a8251207cefd3ff774daf56f6,polygon,validation,1709230452,17020,8,1709000533,0
0x94c18174840f80d49d59dc3a1742af0b884a8184,polygon,validation,1709230700,17020,8,1709163313,0
0x6f57ec3c983a04c9bf9958c9e908c39a3cd0870d,polygon,validation,1709230854,17020,8,1708708533,0
0xd94a8f9caed25e63ecc90edfefaf3635ea1e182a,polygon,validation,1709230914,17020,8,1707514398,0
0x5fcb9de282af6122ce3518cde28b7089c9f97b26,polygon,validation,1709230920,17020,8,1709108947,0
0x6f7821d935ba638e8bffc6996db21808e72460ed,polygon,validation,1709230946,17020,8,1701897599,0
0x2db0db271a10661e7090b6758350e18f6798a49d,polygon,validation,1709230988,17020,8,1708784031,0
0x34c1b299a74588d6abdc1b85a53345a48428a521,polygon,validation,1709231024,17020,8,1708977288,0
0xd13c829bf9bf2a097b1e185e897c78448ed750e6,polygon,validation,1709231148,17020,8,1709144166,0
0x351ea87611e275a5f0e6e206f50534ced232032d,polygon,validation,1709231198,17020,8,1708761575,0
0x960d43be128585ca45365cd74a7773b9d814dfbe,polygon,validation,1709231200,17020,8,1709144254,0
0xb962150760f9a3bb00e3e9cf48297ee20ada4a33,polygon,validation,1709231478,17020,8,1709153492,0
0x40db6d7812b8288eca452f912ca9f262b186f278,polygon,validation,1709231646,17020,8,1709163313,0
0xbc2b48bc930ddc4e5cfb2e87a45c379aab3aac5c,polygon,validation,1709231658,17020,8,1708378442,0
0xb5e0cfe1b4db501ac003b740665bf43192cc7853,polygon,validation,1709232120,17020,8,1709160990,0
0x72928d5436ff65e57f72d5566dcd3baedc649a88,polygon,validation,1709232162,17020,8,1709170954,0
0x94f405fb408ad743418d10f4926cb9cdb53b2ef7,polygon,validation,1709232278,17020,8,1709163313,0
0xa5eb60ca85898f8b26e18ff7c7e43623ccba772c,polygon,validation,1709232278,17020,8,1708296586,0
0x60ea918fc64360269da4efbda11d8fc6514617c6,polygon,validation,1709232290,17020,8,1708840455,0
0x63062d0f51fc65d4493c85df0863f631fe2a26b6,polygon,validation,1709232328,17020,8,1708981106,0
0x18719d2e1e57a1a64708e4550ff3def9d1074621,polygon,validation,1709232418,17020,8,1706435619,0
0xd6d3b4254b4526c3095d8ab00b75f186c56dd72c,polygon,validation,1709232422,17020,8,1709056052,0
0x0b6afe834dab840335f87d99b45c2a4bd81a93c7,polygon,validation,1709232968,17020,8,1709148005,0
0x91c89a94567980f0e9723b487b0bed586ee96aa7,polygon,validation,1709233124,17020,8,1708777183,0
0x77f56cf9365955486b12c4816992388ee8606f0e,polygon,validation,1709233256,17020,8,1708798017,0
0x01d35cbc2070a3b76693ce2b6364eae24eb88591,polygon,validation,1709233316,17020,8,1709161370,0
0x7614bd00e0560ec9214e4fcb36d5ae23b3ecd3c5,polygon,validation,1709233629,17020,8,1709116841,0
0xc46a37fbbe433ef24bc7b9388c8728ddcf3ca87c,polygon,validation,1709233737,17020,8,1708980438,0
0x433e39ce74aef8f409182541269e417ad9b56011,polygon,validation,1709233743,17020,8,1708862500,0
0xd9d77b113e6ef2696267e20c35f3abd87cdaca2c,polygon,validation,1709233765,17020,8,1700304829,0
0x873801ae2ff12d816db9a7b082f5796bec64c82c,polygon,validation,1709233817,17020,8,1709170980,0
0x875f123220024368968d9f1ab1f3f9c2f3fd190d,polygon,validation,1709233817,17020,8,1708575751,0
0x3ad707da309f3845cd602059901e39c4dcd66473,polygon,validation,1709233975,17020,8,1708710716,0
0x2e6978ceea865948f4c5685e35aec72652e3cb88,polygon,validation,1709234003,17020,8,1708384304,0
0xab3d689c22a2bb821f50a4ff0f21a7980dcb8591,polygon,validation,1709234011,17020,8,1709151248,0
0xd5fa77a860fea9cff31da91bbf9e0faea9538290,polygon,validation,1709234111,17020,8,1706084147,0
0xb1c5c9b97b35592777091cd34ffff141ae866abd,polygon,validation,1709234163,17020,8,1709159592,0
0xa380c0b01ad15c8cf6b46890bddab5f0868e87f3,polygon,validation,1709234254,17020,8,1704458963,0
0x4cebdbcb286101a17d3ea1f7fe7bbded2b2053dd,polygon,validation,1709234496,17020,8,1709163927,0
0x1fcbe5937b0cc2adf69772d228fa4205acf4d9b2,polygon,validation,1709234506,17020,8,1709149477,0
0x871531a59ef89c5262bcf58a80ab29f9711ea5a7,polygon,validation,1709234528,17020,8,1708882200,0
0xc25351811983818c9fe6d8c580531819c8ade90f,polygon,validation,1709234654,17020,8,1707281475,0
0x9fdc23fe295104ac55fef09363c56451d0e37cfa,polygon,validation,1709234700,17020,8,1708980944,0
0x596ebe76e2db4470966ea395b0d063ac6197a8c5,polygon,validation,1709234981,17020,8,1708643383,0
0x5c7f7fe4766fe8f0fa9b41e2e4194d939488ff1c,polygon,validation,1709235105,17020,8,1709144254,0
0xcf403036bc139d30080d2cf0f5b48066f98191bb,polygon,validation,1709235219,17020,8,1708431251,0
0x5ab5e0f2eb410acedb30e365c20572dc8ab4c4a8,polygon,validation,1709235253,17020,8,1708901193,0
0x5e6602b762f76d8bfdc7321aa0b787b1e67b187f,polygon,validation,1709235335,17020,8,1709148319,0
0x5dd05762b831a977b974db8759772d41f3d5ff0b,polygon,validation,1709235373,17020,8,1708922891,0
0x7b3bd12675c6b9d6993eb81283cb68e6eb9260b5,polygon,validation,1709235471,17020,8,1709166961,0
0x2e250061938231e8d85c9d2d3313dee6674f6609,polygon,validation,1709235475,17020,8,1709174582,0
0xfbd8a3b908e764dbcd51e27992464b4432a1132b,polygon,validation,1709235525,17020,8,1699445935,0
0xfc5b2a8947dfd3f7bd2ffe11e97238240af5f868,polygon,validation,1709235615,17020,8,1707262575,0
0xda537104d6a5edd53c6fbba9a898708e465260b6,polygon,validation,1709236095,17020,8,1709158154,0
0xf094aa6ca9194c917598f2d10224b12d97c64361,polygon,validation,1709236169,17020,8,1696858158,0
0x6fb54ffe60386ac33b722be13d2549dd87bf63af,polygon,validation,1709236311,17020,8,1709146515,0
0x167ef3603c0b1d52be9a96e3af01aa33097a6ce9,polygon,validation,1709236423,17020,8,1707335227,0
0xf6d0762c645e873e5884e69bbcb2f074e6067a70,polygon,validation,1709236571,17020,8,1708942615,0
0xee800b277a96b0f490a1a732e1d6395fad960a26,polygon,validation,1709236967,17020,8,1709160002,0
0xa91fe5a535967f52d3abebdffb3b306d964ace13,polygon,validation,1709237010,17020,8,1708572417,0
0xd24157aa1097486dc9d7cf094a7e15026e566b5d,polygon,validation,1709237020,17020,8,1706847816,0
0x5ceebb0947d58fabde2fc026ffe4b33ccfe1ba8b,polygon,validation,1709237119,17020,8,1708845828,0
0x60bb3d364b765c497c8ce50ae0ae3f0882c5bd05,polygon,validation,1709237135,17020,8,1709148005,0
0x65517425ac3ce259a34400bb67ceb39ff3ddc0bd,polygon,validation,1709237609,17020,8,1705722455,0
0x66e8617d1df7ab523a316a6c01d16aa5bed93681,polygon,validation,1709237641,17020,8,1709155659,0
0xb87f5c1e81077ffcfe821da240fd20c99c533af1,polygon,validation,1709237743,17020,8,1709129500,0
0x6ca6f60bd339da93124ba29e4fd957aee766b1b3,polygon,validation,1709238161,17020,8,1708759136,0
0x38d9e59671afe404aa7f01742b0c591fac5e0583,polygon,validation,1709238163,17020,8,1708799513,0
0x011b00704cc46819e9c6f356cb3759c230d2bcf4,polygon,validation,1709238187,17020,8,1707918677,0
0xe09473ed3c1d317d3601290ae7bc511d7e16e62f,polygon,validation,1709238195,17020,8,1699325423,0
0x3c5f6b8685be89662d4f6a3cee42d9fcbf926fd9,polygon,validation,1709238230,17020,8,1708365361,0
0xcdf937995a55a9ab551d81b463ac0f7f02795368,polygon,validation,1709238288,17020,8,1708923219,0
0x3c720206bfacb2d16fa3ac0ed87d2048dbc401fc,polygon,validation,1709238452,17020,8,1709150856,0
0x1fc745e78df376e85490716ffa9930040a92a082,polygon,validation,1709238488,17020,8,1708770335,0
0x6d16aa6201bc9cb96d1cffb2a4226fd56303c294,polygon,validation,1709238576,17020,8,1708475694,0
0xd39540c1d20db8b09a85453504f599cff5abf768,polygon,validation,1709238576,17020,8,1709123682,0
0xcd150b1f528f326f5194c012f32eb30135c7c2c9,polygon,validation,1709238789,17020,8,1708808910,0
0x2727ab1c2d22170abc9b595177b2d5c6e1ab7b7b,polygon,validation,1709238889,17020,8,1709160990,0
0x444dbcb15ea0d706c04dab615374a11759e07a25,polygon,validation,1709238961,17020,8,1708837327,0
0x655304e9cc103b47f0afa0825767d6cce426717c,polygon,validation,1709239039,17020,8,1708816341,0
0xddf7a0f6b5b7446aabb79c72235a8fa9b72ab28b,polygon,validation,1709239111,17020,8,1708495891,0
0x4ed141110f6eeeaba9a1df36d8c26f684d2475dc,polygon,validation,1709239191,17020,8,1708824128,0
0xd8513c22dd61161ba3872859a6d10eb1612df742,polygon,validation,1709239515,17020,8,1704418079,0
0x5b758874cf1827050b8d363ab6f88353c6e7541d,polygon,validation,1709239517,17020,8,1709112851,0
0x72d731804fb41d3e982d4b7e7e2c4642b3995651,polygon,validation,1709239569,17020,8,1708018011,0
0xfa3c05c2023918a4324fde7163591fe6bebd1692,polygon,validation,1709239750,17020,8,1708931085,0
0xaa1e97614eaf8d85dbf58f7f0b3080b2affcfefc,polygon,validation,1709239824,17020,8,1696731299,0
0x68d23428406c393fc8bc2cccec2be4cbc957dbea,polygon,validation,1709240084,17020,8,1700637023,0
0x09c5a4bca808bd1ba2b8e6b3aaf7442046b4ca5b,polygon,validation,1709240277,17020,8,1709144166,0
0xa55870278d6389ec5b524553d03c04f5677c061e,polygon,validation,1709240281,17020,8,1708229918,0
0x1796ae0b0fa4862485106a0de9b654efe301d0b2,polygon,validation,1709240611,17020,8,1709153492,0
0x0e7252706393470ffb0629da2caa39fc9340f2d4,polygon,validation,1709240677,17020,8,1708953795,0
0x36ff415d0bcedf976d60e85c72e01d19230fbd29,polygon,validation,1709240847,17020,8,1706043409,0
0x47c52f93a359db9f4509005cf982dfc440790561,polygon,validation,1709240873,17020,8,1709049611,0
0xeee3371b89fc43ea970e908536fcddd975135d8a,polygon,validation,1709240897,17020,8,1709151248,0
0xa590c980050d934c046920f8a9e0d9567536edce,polygon,validation,1709240899,17020,8,1708986924,0
0xfdcc3dd6671eab0709a4c0f3f53de9a333d80798,polygon,validation,1709241057,17020,8,1708018192,0
0x64ca1571d1476b7a21c5aaf9f1a750a193a103c0,polygon,validation,1709241089,17020,8,1707985279,0
0x6ccf12b480a99c54b23647c995f4525d544a7e72,polygon,validation,1709241211,17020,8,1708296586,0
0x0bb49f712a0ff41aa8ebdfc3f34c909244b70549,polygon,validation,1709241265,17020,8,1708057780,0
0xde5ed76e7c05ec5e4572cfc88d1acea165109e44,polygon,validation,1709241299,17020,8,1709045688,0
0x19ccfe396006ffe7a92ab667b0ef90ce61b66f9f,polygon,validation,1709241307,17020,8,1709143540,0
0xac63686230f64bdeaf086fe6764085453ab3023f,polygon,validation,1709241503,17020,8,1708953249,0
0xbd8005612124dc30601e22d8b5d188a89767c640,polygon,validation,1709241613,17020,8,1708981028,0
0x59e991b37b35ac2187113dfdb5d60d2e887eeec1,polygon,validation,1709241647,17020,8,1708841294,0
0xd2cdcb6bdee6f78de7988a6a60d13f6ef0b576d9,polygon,validation,1709241647,17020,8,1709046391,0
0x31042a4e66eda0d12143ffc8cc1552d611da4cba,polygon,validation,1709241661,17020,8,1708959303,0
0x43df9c0a1156c96cea98737b511ac89d0e2a1f46,polygon,validation,1709241766,17020,8,1709148345,0
0x13590c53df63b52e159328c5b4ffb5f6dc5163c0,polygon,validation,1709241816,17020,8,1709112851,0
0xdb7cb471dd0b49b29cab4a1c14d070f27216a0ab,polygon,validation,1709241874,17020,8,1708843584,0
0x9aceb6f749396d1930abc9e263efc449e5e82c13,polygon,validation,1709242220,17020,8,1709167308,0
0x669ddc70273084ea30e6cd4f28ca6e2c70735065,polygon,validation,1709242284,17020,8,1709145439,0
0x6c0ab120dbd11ba701aff6748568311668f63fe0,polygon,validation,1709242284,17020,8,1708834303,0
0x8ece0a50a025a7e13398212a5bed2ded11959949,polygon,validation,1709242310,17020,8,1708834527,0
0xe94845ac6782a2e71c407abe4d5201445c26a62b,polygon,validation,1709242440,17020,8,1709148319,0
0xf796969fa47fb0748c80b8b153cbb895e88cbd54,polygon,validation,1709242440,17020,8,1709146515,0
0x6863bd30c9e313b264657b107352ba246f8af8e0,polygon,validation,1709242484,17020,8,1709170980,0
0x1d0ab64ed0f1ee4a886462146d26effc6dd00d0b,polygon,validation,1709242506,17020,8,1708881678,0
0xe3ab61371ecc88534c522922a026f2296116c109,polygon,validation,1709242570,17020,8,1709056052,0
0x2528b12bf1b1b01a01f01b3ae9fbefc19e444dff,polygon,validation,1709242578,17020,8,1708481067,0
0xadac33f543267c4d59a8c299cf804c303bc3e4ac,polygon,validation,1709242662,17020,8,1708750518,0
0xccbe9b810d6574701d324fd6dbe0a1b68f9d5bf7,polygon,validation,1709242702,17020,8,1708941407,0
0xaff41da975501e5b71848c975834341777d1a473,polygon,validation,1709242714,17020,8,1709163501,0
0x2eef22b69db88e186f6066bd148ce955aea3f370,polygon,validation,1709242716,17020,8,1708983800,0
0x4d62e9ee901c88d12848fd5e1641a1ebc0861fea,polygon,validation,1709242716,17020,8,1705198629,0
0x49b1be61a8ca3f9a9f178d6550e41e00d9162159,polygon,validation,1709242752,17020,8,1705362683,0
0x20d3922b4a1a8560e1ac99fba4fade0c849e2142,polygon,validation,1709243064,17020,8,1709072454,0
0x900f717ea076e1e7a484ad9dd2db81ceec60ebf1,polygon,validation,1709243099,17020,8,1708843584,0
0x8d1566569d5b695d44a9a234540f68d393cdc40d,polygon,validation,1709243101,17020,8,1708792203,0
0x110b25d2b21ee73eb401f3ae7833f7072912a0bf,polygon,validation,1709243119,17020,8,1709152998,0
0x2a82437475a60bebd53e33997636fade77604fc2,polygon,validation,1709243121,17020,8,1709144254,0
0xe78649874bcdb7a9d1666e665f340723a0187482,polygon,validation,1709243151,17020,8,1709160990,0
0x51869836681bce74a514625c856afb697a013797,polygon,validation,1709243161,17020,8,1708526404,0
0xd0e9c8f5fae381459cf07ec506c1d2896e8b5df6,polygon,validation,1709243193,17020,8,1708957466,0
0x8343091f2499fd4b6174a46d067a920a3b851ff9,polygon,validation,1709243213,17020,8,1708958916,0
0xf401e2c1ce8f252947b60bfb92578f84217a1545,polygon,validation,1709243273,17020,8,1708764091,0
0xad684e79ce4b6d464f2ff7c3fd51646892e24b96,polygon,validation,1709243293,17020,8,1708805820,0
0x98ea609569bd25119707451ef982b90e3eb719cd,polygon,validation,1709243295,17020,8,1709150473,0
0x513c7e3a9c69ca3e22550ef58ac1c0088e918fff,polygon,validation,1709243313,17020,8,1708107524,0
0xc4bb7277a74678f053259cb1f96140347efbfd46,polygon,validation,1709243321,17020,8,1709134085,0
0xd4945a3d0de9923035521687d4bf18cc9b0c7c2a,polygon,validation,1709243321,17020,8,1708931739,0
0xf1c1a3c2481a3a8a3f173a9ab5ade275292a6fa3,polygon,validation,1709243321,17020,8,1709144166,0
0x211f4e76fcb811ed2b310a232a24b3445d95e3bc,polygon,validation,1709243353,17020,8,1709163501,0
0xc91c06db0f7bffba61e2a5645cc15686f0a8c828,polygon,validation,1709243353,17020,8,1709058539,0
0xf6f85b3f9fd581c2ee717c404f7684486f057f95,polygon,validation,1709243353,17020,8,1708233508,0
0xfd4959c06fbcc02250952daebf8e0fb38cf9fd8c,polygon,validation,1709243355,17020,8,1709056052,0
0x948d0a28b600bdbd77af4ea30e6f338167034181,polygon,validation,1709243483,17020,8,1708941542,0
