run_id,cell_key,config_hash,backend_hash,benchmark_execution_source_hash,dataset,display_name,label_provenance,execution_origin,model,paper_model_name,python_class,seed,configured_epochs,actual_epochs,early_stopped,best_validation_epoch,message_backend,reconstruction_backend,full_shared_graph,approximation_used,partition_fallback,cpu_fallback,nodes,edges,status,failure_type,failure_message,split_strategy,resumed_from_epoch,roc_auc,pr_auc,oracle_best_f1,oracle_best_threshold,validation_f1,validation_threshold,validation_threshold_percentile,validation_precision,validation_recall,validation_mcc,validation_balanced_accuracy,f1_at_05,precision_at_05,recall_at_05,topk_f1,precision_at_k,recall_at_k,topk_k,topk_prevalence_source,validation_positive,validation_negative,test_positive,test_negative,threshold_unstable_warning,metric_low_support_warning,fixed_05_applicable,mcc,balanced_accuracy,topk_precision,topk_recall,raw_roc_auc,inverted_roc_auc_diagnostic,orientation_status,orientation_action,train_time_sec,inference_time_sec,total_wall_sec,rss_peak_mb,nvidia_smi_peak_mb,cuda_allocated_peak_mb,cuda_reserved_peak_mb,score_min,score_max,backend_metadata,evidence_path,traceback
d9584a10-aebc-47bf-b3e0-1cb2f808b56a,e316a265182b9ce35844d798,391f2600f2d3a2c472f802767b5b7612c048e73ddfc3d03efea91a9416d5f7cf,ac10847c4f361dd494316905ff28e356c6f7cff17a7b12668d1b791c03811055,c4b03f9607545b9e6f71366f24a4fa17b98ad1c32b0a3354a42cf6d57ae275c3,Amazon,Amazon-Syn,synthetic_injection_fixed_dataset_seed_42,round5_new,AnomalyDAE,AnomalyDAE,gog_fraud.models.pygod.shared_reconstruction.SharedAnomalyDAE,42,50,50,False,,none,chunked_exact,True,False,False,False,13752,507378,success,,,stratified_node_transductive,0.0,0.7336024948690705,0.4234478317646627,0.4522613065326633,68.41458892822266,0.4490861618798956,68.49787139892578,0.9764397905759162,0.4858757062146893,0.4174757281553398,0.4347166017376758,0.7019162748722726,,,,0.441747572815534,0.441747572815534,0.441747572815534,206.0,validation_labels,206.0,6670.0,206.0,6670.0,False,False,False,0.4347166017376758,0.7019162748722726,0.441747572815534,0.441747572815534,0.7336024948690705,0.26639750513092963,expected_direction,report_only_no_silent_inversion,57.072482573,0.2757618780000257,58.075416650999955,1415.91796875,4282.0,2968.0830078125,3402.0,57.58601760864258,71.1436767578125,"{'name': 'pyg_coo_reference', 'score_chunk_size': 256, 'reconstruction_backend': 'chunked_exact', 'dense_materialized': False, 'training_full_graph': True, 'shared_model': True, 'approximation_used': False, 'normalized_adjacency_cached': False, 'message_backend': 'pyg_coo_reference', 'edge_expanded_messages': True, 'full_graph': True, 'gradient_checkpointing': False}",raw/Amazon__AnomalyDAE__seed42__e316a265182b9ce35844d798.json,
033881ee-9e98-4a4e-9eaf-71605b516a06,90e16aed6d118bd57ae6351d,391f2600f2d3a2c472f802767b5b7612c048e73ddfc3d03efea91a9416d5f7cf,ac10847c4f361dd494316905ff28e356c6f7cff17a7b12668d1b791c03811055,c4b03f9607545b9e6f71366f24a4fa17b98ad1c32b0a3354a42cf6d57ae275c3,Amazon,Amazon-Syn,synthetic_injection_fixed_dataset_seed_42,round5_new,AnomalyDAE,AnomalyDAE,gog_fraud.models.pygod.shared_reconstruction.SharedAnomalyDAE,43,50,50,False,,none,chunked_exact,True,False,False,False,13752,507378,success,,,stratified_node_transductive,0.0,0.7116377490866217,0.3409385169641201,0.42105263157894735,68.81352996826172,0.39805825242718446,68.60789489746094,0.9710587550901687,0.39805825242718446,0.39805825242718446,0.3794675477795083,0.6897337738897541,,,,0.39805825242718446,0.39805825242718446,0.39805825242718446,206.0,validation_labels,206.0,6670.0,206.0,6670.0,False,False,False,0.3794675477795083,0.6897337738897541,0.39805825242718446,0.39805825242718446,0.7116377490866217,0.28836225091337825,expected_direction,report_only_no_silent_inversion,53.63426799400031,0.2649569100003646,54.18123345499998,1416.5234375,4042.0,2968.0830078125,3402.0,45.100345611572266,70.94611358642578,"{'name': 'pyg_coo_reference', 'score_chunk_size': 256, 'reconstruction_backend': 'chunked_exact', 'dense_materialized': False, 'training_full_graph': True, 'shared_model': True, 'approximation_used': False, 'normalized_adjacency_cached': False, 'message_backend': 'pyg_coo_reference', 'edge_expanded_messages': True, 'full_graph': True, 'gradient_checkpointing': False}",raw/Amazon__AnomalyDAE__seed43__90e16aed6d118bd57ae6351d.json,
039f2c1f-cb96-43f9-9b67-47b680ec99c2,57c30712ca74f25e703de0cf,391f2600f2d3a2c472f802767b5b7612c048e73ddfc3d03efea91a9416d5f7cf,ac10847c4f361dd494316905ff28e356c6f7cff17a7b12668d1b791c03811055,c4b03f9607545b9e6f71366f24a4fa17b98ad1c32b0a3354a42cf6d57ae275c3,Amazon,Amazon-Syn,synthetic_injection_fixed_dataset_seed_42,round5_new,AnomalyDAE,AnomalyDAE,gog_fraud.models.pygod.shared_reconstruction.SharedAnomalyDAE,44,50,50,False,,none,chunked_exact,True,False,False,False,13752,507378,success,,,stratified_node_transductive,0.0,0.5242754836174146,0.05367718447914379,0.1292596944770858,66.05205535888672,0.11205432937181664,66.96507263183594,0.946044211751018,0.08616187989556136,0.16019417475728157,0.08007048204163841,0.5538602058194204,,,,0.07766990291262135,0.07766990291262135,0.07766990291262135,206.0,validation_labels,206.0,6670.0,206.0,6670.0,False,False,False,0.08007048204163841,0.5538602058194204,0.07766990291262135,0.07766990291262135,0.5242754836174146,0.47572451638258534,expected_direction,report_only_no_silent_inversion,53.24878734399999,0.2686867769998571,53.729389528999945,1388.25390625,4043.0,2968.0830078125,3402.0,31.277185440063477,74.14977264404297,"{'name': 'pyg_coo_reference', 'score_chunk_size': 256, 'reconstruction_backend': 'chunked_exact', 'dense_materialized': False, 'training_full_graph': True, 'shared_model': True, 'approximation_used': False, 'normalized_adjacency_cached': False, 'message_backend': 'pyg_coo_reference', 'edge_expanded_messages': True, 'full_graph': True, 'gradient_checkpointing': False}",raw/Amazon__AnomalyDAE__seed44__57c30712ca74f25e703de0cf.json,
9b61ddbc-70b7-4c63-a04c-0c3ab8373d00,8623da5d7bdb433c975148f0,391f2600f2d3a2c472f802767b5b7612c048e73ddfc3d03efea91a9416d5f7cf,ac10847c4f361dd494316905ff28e356c6f7cff17a7b12668d1b791c03811055,c4b03f9607545b9e6f71366f24a4fa17b98ad1c32b0a3354a42cf6d57ae275c3,Amazon,Amazon-Syn,synthetic_injection_fixed_dataset_seed_42,round5_new,AnomalyDAE,AnomalyDAE,gog_fraud.models.pygod.shared_reconstruction.SharedAnomalyDAE,45,50,50,False,,none,chunked_exact,True,False,False,False,13752,507378,success,,,stratified_node_transductive,0.0,0.6884877949374826,0.09709437339145542,0.17445482866043616,50.48484802246094,0.16875,50.49314880371094,0.9822571262361838,0.23684210526315788,0.13106796116504854,0.15757184660949985,0.5590122414520895,,,,0.1407766990291262,0.1407766990291262,0.1407766990291262,206.0,validation_labels,206.0,6670.0,206.0,6670.0,False,False,False,0.15757184660949985,0.5590122414520895,0.1407766990291262,0.1407766990291262,0.6884877949374826,0.3115122050625173,expected_direction,report_only_no_silent_inversion,53.992305973000384,0.2677014009996128,54.512439760000234,1390.3828125,4045.0,2968.0830078125,3402.0,32.35316848754883,56.779632568359375,"{'name': 'pyg_coo_reference', 'score_chunk_size': 256, 'reconstruction_backend': 'chunked_exact', 'dense_materialized': False, 'training_full_graph': True, 'shared_model': True, 'approximation_used': False, 'normalized_adjacency_cached': False, 'message_backend': 'pyg_coo_reference', 'edge_expanded_messages': True, 'full_graph': True, 'gradient_checkpointing': False}",raw/Amazon__AnomalyDAE__seed45__8623da5d7bdb433c975148f0.json,
25ab8e5a-a2a0-4f57-970e-a66b25e71fe7,a58e6264de2aa2389115ced4,391f2600f2d3a2c472f802767b5b7612c048e73ddfc3d03efea91a9416d5f7cf,ac10847c4f361dd494316905ff28e356c6f7cff17a7b12668d1b791c03811055,c4b03f9607545b9e6f71366f24a4fa17b98ad1c32b0a3354a42cf6d57ae275c3,Amazon,Amazon-Syn,synthetic_injection_fixed_dataset_seed_42,round5_new,AnomalyDAE,AnomalyDAE,gog_fraud.models.pygod.shared_reconstruction.SharedAnomalyDAE,46,50,50,False,,none,chunked_exact,True,False,False,False,13752,507378,success,,,stratified_node_transductive,0.0,0.7732423836625376,0.45186378016662065,0.5485232067510548,39.16986846923828,0.5382830626450116,39.240089416503906,0.9684409540430483,0.5155555555555555,0.5631067961165048,0.5239169803538632,0.7733824835155239,,,,0.5339805825242718,0.5339805825242718,0.5339805825242718,206.0,validation_labels,206.0,6670.0,206.0,6670.0,False,False,False,0.5239169803538632,0.7733824835155239,0.5339805825242718,0.5339805825242718,0.7732423836625376,0.2267576163374624,expected_direction,report_only_no_silent_inversion,55.983363555000324,0.29438470299965047,56.54281259899972,1391.1640625,4124.0,2968.0830078125,3402.0,31.945186614990234,41.06052780151367,"{'name': 'pyg_coo_reference', 'score_chunk_size': 256, 'reconstruction_backend': 'chunked_exact', 'dense_materialized': False, 'training_full_graph': True, 'shared_model': True, 'approximation_used': False, 'normalized_adjacency_cached': False, 'message_backend': 'pyg_coo_reference', 'edge_expanded_messages': True, 'full_graph': True, 'gradient_checkpointing': False}",raw/Amazon__AnomalyDAE__seed46__a58e6264de2aa2389115ced4.json,
cf9fa3ce-bd60-4816-9dd8-abdbc94b996f,76f2620001c4c54d77569c2b,391f2600f2d3a2c472f802767b5b7612c048e73ddfc3d03efea91a9416d5f7cf,ac10847c4f361dd494316905ff28e356c6f7cff17a7b12668d1b791c03811055,c4b03f9607545b9e6f71366f24a4fa17b98ad1c32b0a3354a42cf6d57ae275c3,Amazon,Amazon-Syn,synthetic_injection_fixed_dataset_seed_42,round5_new,CONAD,CONAD,gog_fraud.models.pygod.shared_reconstruction.SharedCONAD,42,50,50,False,,sparse_fused,exact_sparse,True,False,False,False,13752,507378,success,,,stratified_node_transductive,0.0,0.8312069693308685,0.13648387847218055,0.27636363636363637,5.81044340133667,0.2733812949640288,5.8019866943359375,0.9075043630017452,0.18152866242038215,0.5533980582524272,0.28187732228174145,0.7381682944935299,,,,0.14563106796116504,0.14563106796116504,0.14563106796116504,206.0,validation_labels,206.0,6670.0,206.0,6670.0,False,False,False,0.28187732228174145,0.7381682944935299,0.14563106796116504,0.14563106796116504,0.8312069693308685,0.16879303066913146,expected_direction,report_only_no_silent_inversion,5.139006760000484,0.04487441999663133,7.368097013000806,1526.17578125,1298.0,508.42626953125,576.0,2.1972832679748535,26.80508804321289,"{'name': 'sparse_fused', 'score_chunk_size': 8192, 'reconstruction_backend': 'exact_sparse', 'dense_materialized': False, 'training_full_graph': True, 'shared_model': True, 'approximation_used': False, 'normalized_adjacency_cached': True, 'message_backend': 'sparse_fused', 'edge_expanded_messages': False, 'full_graph': True, 'gradient_checkpointing': False}",raw/Amazon__CONAD__seed42__76f2620001c4c54d77569c2b.json,
991b7204-f163-4f16-8c01-0f8ad114c171,9dbf54a40b57a1844c446cb1,391f2600f2d3a2c472f802767b5b7612c048e73ddfc3d03efea91a9416d5f7cf,ac10847c4f361dd494316905ff28e356c6f7cff17a7b12668d1b791c03811055,c4b03f9607545b9e6f71366f24a4fa17b98ad1c32b0a3354a42cf6d57ae275c3,Amazon,Amazon-Syn,synthetic_injection_fixed_dataset_seed_42,round5_new,CONAD,CONAD,gog_fraud.models.pygod.shared_reconstruction.SharedCONAD,43,50,50,False,,sparse_fused,exact_sparse,True,False,False,False,13752,507378,success,,,stratified_node_transductive,0.0,0.8094190768693322,0.1311396312619239,0.26632522407170295,5.986421585083008,0.2632258064516129,5.992030143737793,0.9194299011052938,0.17926186291739896,0.49514563106796117,0.2630579210351293,0.7125653192821065,,,,0.14563106796116504,0.14563106796116504,0.14563106796116504,206.0,validation_labels,206.0,6670.0,206.0,6670.0,False,False,False,0.2630579210351293,0.7125653192821065,0.14563106796116504,0.14563106796116504,0.8094190768693322,0.19058092313066768,expected_direction,report_only_no_silent_inversion,4.9015690889973484,0.042803241001820425,6.341195932000119,1512.05859375,1303.0,508.9345703125,576.0,2.150803327560425,26.02467918395996,"{'name': 'sparse_fused', 'score_chunk_size': 8192, 'reconstruction_backend': 'exact_sparse', 'dense_materialized': False, 'training_full_graph': True, 'shared_model': True, 'approximation_used': False, 'normalized_adjacency_cached': True, 'message_backend': 'sparse_fused', 'edge_expanded_messages': False, 'full_graph': True, 'gradient_checkpointing': False}",raw/Amazon__CONAD__seed43__9dbf54a40b57a1844c446cb1.json,
9513177c-1662-4db6-add9-de2949e024c8,d138e523d21cc6bd6283bcaf,391f2600f2d3a2c472f802767b5b7612c048e73ddfc3d03efea91a9416d5f7cf,ac10847c4f361dd494316905ff28e356c6f7cff17a7b12668d1b791c03811055,c4b03f9607545b9e6f71366f24a4fa17b98ad1c32b0a3354a42cf6d57ae275c3,Amazon,Amazon-Syn,synthetic_injection_fixed_dataset_seed_42,round5_new,CONAD,CONAD,gog_fraud.models.pygod.shared_reconstruction.SharedCONAD,44,50,50,False,,sparse_fused,exact_sparse,True,False,False,False,13752,507378,success,,,stratified_node_transductive,0.0,0.8072546251146272,0.12291731057826263,0.2589073634204275,5.79484224319458,0.2571428571428571,5.79547119140625,0.9092495636998255,0.17034700315457413,0.5242718446601942,0.2624528072382264,0.7227056374725258,,,,0.13106796116504854,0.13106796116504854,0.13106796116504854,206.0,validation_labels,206.0,6670.0,206.0,6670.0,False,False,False,0.2624528072382264,0.7227056374725258,0.13106796116504854,0.13106796116504854,0.8072546251146272,0.19274537488537283,expected_direction,report_only_no_silent_inversion,4.674484471001051,0.04642125100144767,6.234072487000958,1509.98828125,1442.0,508.97509765625,576.0,2.1902477741241455,26.83185577392578,"{'name': 'sparse_fused', 'score_chunk_size': 8192, 'reconstruction_backend': 'exact_sparse', 'dense_materialized': False, 'training_full_graph': True, 'shared_model': True, 'approximation_used': False, 'normalized_adjacency_cached': True, 'message_backend': 'sparse_fused', 'edge_expanded_messages': False, 'full_graph': True, 'gradient_checkpointing': False}",raw/Amazon__CONAD__seed44__d138e523d21cc6bd6283bcaf.json,
2d59a37a-ec41-45e3-87fd-5351efcd4b55,8b2c80a038f258e4d60faf29,391f2600f2d3a2c472f802767b5b7612c048e73ddfc3d03efea91a9416d5f7cf,ac10847c4f361dd494316905ff28e356c6f7cff17a7b12668d1b791c03811055,c4b03f9607545b9e6f71366f24a4fa17b98ad1c32b0a3354a42cf6d57ae275c3,Amazon,Amazon-Syn,synthetic_injection_fixed_dataset_seed_42,round5_new,CONAD,CONAD,gog_fraud.models.pygod.shared_reconstruction.SharedCONAD,45,50,50,False,,sparse_fused,exact_sparse,True,False,False,False,13752,507378,success,,,stratified_node_transductive,0.0,0.7833590486310243,0.11663533879658838,0.246684350132626,5.973676681518555,0.2440944881889764,5.968277931213379,0.9149214659685864,0.1672661870503597,0.45145631067961167,0.23889693958644867,0.6910205091628943,,,,0.15048543689320387,0.15048543689320387,0.15048543689320387,206.0,validation_labels,206.0,6670.0,206.0,6670.0,False,False,False,0.23889693958644867,0.6910205091628943,0.15048543689320387,0.15048543689320387,0.7833590486310243,0.2166409513689757,expected_direction,report_only_no_silent_inversion,4.456403047999629,0.03832445700027165,5.552035278000403,1534.78125,1448.0,509.27392578125,576.0,2.158507823944092,26.341739654541016,"{'name': 'sparse_fused', 'score_chunk_size': 8192, 'reconstruction_backend': 'exact_sparse', 'dense_materialized': False, 'training_full_graph': True, 'shared_model': True, 'approximation_used': False, 'normalized_adjacency_cached': True, 'message_backend': 'sparse_fused', 'edge_expanded_messages': False, 'full_graph': True, 'gradient_checkpointing': False}",raw/Amazon__CONAD__seed45__8b2c80a038f258e4d60faf29.json,
52f52e80-4c9a-4faf-bae6-6cef3dbb3fd5,33f220522cdae9c7344b67c2,391f2600f2d3a2c472f802767b5b7612c048e73ddfc3d03efea91a9416d5f7cf,ac10847c4f361dd494316905ff28e356c6f7cff17a7b12668d1b791c03811055,c4b03f9607545b9e6f71366f24a4fa17b98ad1c32b0a3354a42cf6d57ae275c3,Amazon,Amazon-Syn,synthetic_injection_fixed_dataset_seed_42,round5_new,CONAD,CONAD,gog_fraud.models.pygod.shared_reconstruction.SharedCONAD,46,50,50,False,,sparse_fused,exact_sparse,True,False,False,False,13752,507378,success,,,stratified_node_transductive,0.0,0.8302237230899114,0.1435360401835431,0.29404309252217997,5.988811492919922,0.2801120448179272,6.047842502593994,0.9261198371146016,0.1968503937007874,0.4854368932038835,0.27650493440781077,0.7121337389557648,,,,0.16019417475728157,0.16019417475728157,0.16019417475728157,206.0,validation_labels,206.0,6670.0,206.0,6670.0,False,False,False,0.27650493440781077,0.7121337389557648,0.16019417475728157,0.16019417475728157,0.8302237230899114,0.16977627691008865,expected_direction,report_only_no_silent_inversion,4.436445039998944,0.055686099996819394,5.73580560100163,1548.1015625,1499.0,509.0283203125,576.0,2.1859891414642334,26.290287017822266,"{'name': 'sparse_fused', 'score_chunk_size': 8192, 'reconstruction_backend': 'exact_sparse', 'dense_materialized': False, 'training_full_graph': True, 'shared_model': True, 'approximation_used': False, 'normalized_adjacency_cached': True, 'message_backend': 'sparse_fused', 'edge_expanded_messages': False, 'full_graph': True, 'gradient_checkpointing': False}",raw/Amazon__CONAD__seed46__33f220522cdae9c7344b67c2.json,
4473f5f0-4280-4e9a-bab7-bfa852dc3c47,8c884f6a2bfd8ce5a26e3cdd,391f2600f2d3a2c472f802767b5b7612c048e73ddfc3d03efea91a9416d5f7cf,ac10847c4f361dd494316905ff28e356c6f7cff17a7b12668d1b791c03811055,c4b03f9607545b9e6f71366f24a4fa17b98ad1c32b0a3354a42cf6d57ae275c3,Amazon,Amazon-Syn,synthetic_injection_fixed_dataset_seed_42,round5_new,CoLA,CoLA,pygod.detector.cola.CoLA,42,50,50,False,,sparse_fused,not_applicable_native_objective,True,False,False,False,13752,507378,success,,,stratified_node_transductive,0.0,0.7181780468988808,0.1256057017845004,0.22023809523809523,0.45235395431518555,0.1971153846153846,0.3853799104690552,0.9698952879581152,0.19523809523809524,0.19902912621359223,0.17208124051524482,0.5868458974396297,,,,0.19902912621359223,0.19902912621359223,0.19902912621359223,206.0,validation_labels,206.0,6670.0,206.0,6670.0,False,False,False,0.17208124051524482,0.5868458974396297,0.19902912621359223,0.19902912621359223,0.7181780468988808,0.28182195310111935,expected_direction,report_only_no_silent_inversion,2.1565887380002096,0.036038475000168546,3.8019388829998206,1504.203125,1043.0,228.49169921875,296.0,-5.734457969665527,6.099355220794678,{},raw/Amazon__CoLA__seed42__8c884f6a2bfd8ce5a26e3cdd.json,
5a8b90cf-01a9-41d8-bf36-c92fd9d808c9,6fd6b0f25fca221567c811c0,391f2600f2d3a2c472f802767b5b7612c048e73ddfc3d03efea91a9416d5f7cf,ac10847c4f361dd494316905ff28e356c6f7cff17a7b12668d1b791c03811055,c4b03f9607545b9e6f71366f24a4fa17b98ad1c32b0a3354a42cf6d57ae275c3,Amazon,Amazon-Syn,synthetic_injection_fixed_dataset_seed_42,round5_new,CoLA,CoLA,pygod.detector.cola.CoLA,43,50,50,False,,sparse_fused,not_applicable_native_objective,True,False,False,False,13752,507378,success,,,stratified_node_transductive,0.0,0.6548747470924732,0.08877599380985991,0.15479876160990713,0.39221829175949097,0.1111111111111111,0.4409215748310089,0.9876381617219313,0.1951219512195122,0.07766990291262135,0.10643767946297092,0.5338874252194291,,,,0.14563106796116504,0.14563106796116504,0.14563106796116504,206.0,validation_labels,206.0,6670.0,206.0,6670.0,False,False,False,0.10643767946297092,0.5338874252194291,0.14563106796116504,0.14563106796116504,0.6548747470924732,0.34512525290752677,expected_direction,report_only_no_silent_inversion,2.05389403800109,0.03258067000024312,3.175129672001276,1481.15234375,1043.0,228.49169921875,296.0,-6.527830123901367,2.9415669441223145,{},raw/Amazon__CoLA__seed43__6fd6b0f25fca221567c811c0.json,
d01f765d-f1be-4347-b9cb-8ba4dd0749b2,74b43ec92c8c0735c994c3a7,391f2600f2d3a2c472f802767b5b7612c048e73ddfc3d03efea91a9416d5f7cf,ac10847c4f361dd494316905ff28e356c6f7cff17a7b12668d1b791c03811055,c4b03f9607545b9e6f71366f24a4fa17b98ad1c32b0a3354a42cf6d57ae275c3,Amazon,Amazon-Syn,synthetic_injection_fixed_dataset_seed_42,round5_new,CoLA,CoLA,pygod.detector.cola.CoLA,44,50,50,False,,sparse_fused,not_applicable_native_objective,True,False,False,False,13752,507378,success,,,stratified_node_transductive,0.0,0.6715215207930015,0.08487020895339045,0.16528925619834708,0.39892303943634033,0.14463840399002495,0.4526808261871338,0.9694589877835951,0.14871794871794872,0.1407766990291262,0.11901487262178179,0.5579445714036185,,,,0.1407766990291262,0.1407766990291262,0.1407766990291262,206.0,validation_labels,206.0,6670.0,206.0,6670.0,False,False,False,0.11901487262178179,0.5579445714036185,0.1407766990291262,0.1407766990291262,0.6715215207930015,0.32847847920699846,expected_direction,report_only_no_silent_inversion,1.9986426760005997,0.035190229000363615,3.1486734530008107,1471.32421875,1045.0,228.49169921875,296.0,-7.870680332183838,5.750763893127441,{},raw/Amazon__CoLA__seed44__74b43ec92c8c0735c994c3a7.json,
bbe1517b-4b98-4d0b-9dd8-8f89e498b65b,4cf0346e8588867626c556eb,391f2600f2d3a2c472f802767b5b7612c048e73ddfc3d03efea91a9416d5f7cf,ac10847c4f361dd494316905ff28e356c6f7cff17a7b12668d1b791c03811055,c4b03f9607545b9e6f71366f24a4fa17b98ad1c32b0a3354a42cf6d57ae275c3,Amazon,Amazon-Syn,synthetic_injection_fixed_dataset_seed_42,round5_new,CoLA,CoLA,pygod.detector.cola.CoLA,45,50,50,False,,sparse_fused,not_applicable_native_objective,True,False,False,False,13752,507378,success,,,stratified_node_transductive,0.0,0.6379856188410649,0.09930735859469214,0.2097560975609756,0.3845539093017578,0.19393939393939394,0.45505473017692566,0.9802210587550901,0.25806451612903225,0.1553398058252427,0.18132981722042876,0.5707733511884834,,,,0.2087378640776699,0.2087378640776699,0.2087378640776699,206.0,validation_labels,206.0,6670.0,206.0,6670.0,False,False,False,0.18132981722042876,0.5707733511884834,0.2087378640776699,0.2087378640776699,0.6379856188410649,0.36201438115893503,expected_direction,report_only_no_silent_inversion,2.0361976450003567,0.03497891499864636,3.0775679599992145,1517.5234375,1045.0,228.49169921875,296.0,-6.425261497497559,2.604254961013794,{},raw/Amazon__CoLA__seed45__4cf0346e8588867626c556eb.json,
bf7d12f6-2b98-4eeb-bfb6-271d6ad362b9,ac8a2c9c7f1134462d7b44a4,391f2600f2d3a2c472f802767b5b7612c048e73ddfc3d03efea91a9416d5f7cf,ac10847c4f361dd494316905ff28e356c6f7cff17a7b12668d1b791c03811055,c4b03f9607545b9e6f71366f24a4fa17b98ad1c32b0a3354a42cf6d57ae275c3,Amazon,Amazon-Syn,synthetic_injection_fixed_dataset_seed_42,round5_new,CoLA,CoLA,pygod.detector.cola.CoLA,46,50,50,False,,sparse_fused,not_applicable_native_objective,True,False,False,False,13752,507378,success,,,stratified_node_transductive,0.0,0.5892708985313169,0.09614621608533473,0.17425742574257425,0.340831995010376,0.1682600382409178,0.3315237760543823,0.95826061663758,0.138801261829653,0.21359223300970873,0.14036104821670156,0.5863313488886625,,,,0.1650485436893204,0.1650485436893204,0.1650485436893204,206.0,validation_labels,206.0,6670.0,206.0,6670.0,False,False,False,0.14036104821670156,0.5863313488886625,0.1650485436893204,0.1650485436893204,0.5892708985313169,0.41072910146868313,expected_direction,report_only_no_silent_inversion,2.099720107999019,0.03626483999869379,3.5761207069990633,1549.953125,1045.0,228.49169921875,296.0,-10.719358444213867,3.365948438644409,{},raw/Amazon__CoLA__seed46__ac8a2c9c7f1134462d7b44a4.json,
e814adcc-2f85-4a7f-8955-c5736912f141,50733f6e226688e3153f80a4,391f2600f2d3a2c472f802767b5b7612c048e73ddfc3d03efea91a9416d5f7cf,ac10847c4f361dd494316905ff28e356c6f7cff17a7b12668d1b791c03811055,c4b03f9607545b9e6f71366f24a4fa17b98ad1c32b0a3354a42cf6d57ae275c3,Amazon,Amazon-Syn,synthetic_injection_fixed_dataset_seed_42,round5_new,DLG-Aug,DLG,gog_fraud.models.pygod.shared_reconstruction.SharedDLGFull,42,50,50,False,,sparse_fused,exact_sparse,True,False,False,False,13752,507378,success,,,stratified_node_transductive,0.0,0.8278365671533164,0.13671123351895642,0.2784163473818646,11.798553466796875,0.27214377406931967,11.803738594055176,0.9173938336242001,0.1849912739965096,0.5145631067961165,0.2741980329869888,0.7222740571461842,,,,0.14563106796116504,0.14563106796116504,0.14563106796116504,206.0,validation_labels,206.0,6670.0,206.0,6670.0,False,False,False,0.2741980329869888,0.7222740571461842,0.14563106796116504,0.14563106796116504,0.8278365671533164,0.17216343284668345,expected_direction,report_only_no_silent_inversion,3.463136991000283,0.04775188799976604,4.725955639998574,1483.93359375,1239.0,429.17236328125,490.0,4.362405776977539,53.47108840942383,"{'name': 'sparse_fused', 'score_chunk_size': 8192, 'reconstruction_backend': 'exact_sparse', 'dense_materialized': False, 'training_full_graph': True, 'shared_model': True, 'approximation_used': False, 'normalized_adjacency_cached': True, 'message_backend': 'sparse_fused', 'edge_expanded_messages': False, 'full_graph': True, 'gradient_checkpointing': False}",raw/Amazon__DLG-Aug__seed42__50733f6e226688e3153f80a4.json,
d1403923-6f48-4181-bc4a-a00d4b4daa96,38269e601b08d2e486a01cb2,391f2600f2d3a2c472f802767b5b7612c048e73ddfc3d03efea91a9416d5f7cf,ac10847c4f361dd494316905ff28e356c6f7cff17a7b12668d1b791c03811055,c4b03f9607545b9e6f71366f24a4fa17b98ad1c32b0a3354a42cf6d57ae275c3,Amazon,Amazon-Syn,synthetic_injection_fixed_dataset_seed_42,round5_new,DLG-Aug,DLG,gog_fraud.models.pygod.shared_reconstruction.SharedDLGFull,43,50,50,False,,sparse_fused,exact_sparse,True,False,False,False,13752,507378,success,,,stratified_node_transductive,0.0,0.8126708490414986,0.12998741294151608,0.2614213197969543,11.725008010864258,0.25476190476190474,11.640054702758789,0.9060500290866783,0.16876971608832808,0.5194174757281553,0.2595040920295512,0.7202034904877659,,,,0.15048543689320387,0.15048543689320387,0.15048543689320387,206.0,validation_labels,206.0,6670.0,206.0,6670.0,False,False,False,0.2595040920295512,0.7202034904877659,0.15048543689320387,0.15048543689320387,0.8126708490414986,0.1873291509585013,expected_direction,report_only_no_silent_inversion,3.566104075000112,0.04196186300032423,4.800281141000596,1485.9453125,1239.0,429.17236328125,490.0,4.380288124084473,54.17959976196289,"{'name': 'sparse_fused', 'score_chunk_size': 8192, 'reconstruction_backend': 'exact_sparse', 'dense_materialized': False, 'training_full_graph': True, 'shared_model': True, 'approximation_used': False, 'normalized_adjacency_cached': True, 'message_backend': 'sparse_fused', 'edge_expanded_messages': False, 'full_graph': True, 'gradient_checkpointing': False}",raw/Amazon__DLG-Aug__seed43__38269e601b08d2e486a01cb2.json,
7688d476-96e1-4217-81a5-f39e454131f6,2ecdc7787c73b4ded5b7b27c,391f2600f2d3a2c472f802767b5b7612c048e73ddfc3d03efea91a9416d5f7cf,ac10847c4f361dd494316905ff28e356c6f7cff17a7b12668d1b791c03811055,c4b03f9607545b9e6f71366f24a4fa17b98ad1c32b0a3354a42cf6d57ae275c3,Amazon,Amazon-Syn,synthetic_injection_fixed_dataset_seed_42,round5_new,DLG-Aug,DLG,gog_fraud.models.pygod.shared_reconstruction.SharedDLGFull,44,50,50,False,,sparse_fused,exact_sparse,True,False,False,False,13752,507378,success,,,stratified_node_transductive,0.0,0.8000917017219544,0.12491642432426601,0.2668360864040661,11.956963539123535,0.26548672566371684,11.949176788330078,0.9194299011052938,0.1794871794871795,0.5097087378640777,0.26747282692109137,0.7188723599365365,,,,0.1407766990291262,0.1407766990291262,0.1407766990291262,206.0,validation_labels,206.0,6670.0,206.0,6670.0,False,False,False,0.26747282692109137,0.7188723599365365,0.1407766990291262,0.1407766990291262,0.8000917017219544,0.19990829827804546,expected_direction,report_only_no_silent_inversion,3.504642120000426,0.04012997300014831,4.574870200000078,1476.83984375,1239.0,429.17236328125,490.0,4.3435211181640625,52.78180694580078,"{'name': 'sparse_fused', 'score_chunk_size': 8192, 'reconstruction_backend': 'exact_sparse', 'dense_materialized': False, 'training_full_graph': True, 'shared_model': True, 'approximation_used': False, 'normalized_adjacency_cached': True, 'message_backend': 'sparse_fused', 'edge_expanded_messages': False, 'full_graph': True, 'gradient_checkpointing': False}",raw/Amazon__DLG-Aug__seed44__2ecdc7787c73b4ded5b7b27c.json,
59f49303-470f-4dbf-80a7-7edfd5690f6b,2c32d471e7591c54875b00b8,391f2600f2d3a2c472f802767b5b7612c048e73ddfc3d03efea91a9416d5f7cf,ac10847c4f361dd494316905ff28e356c6f7cff17a7b12668d1b791c03811055,c4b03f9607545b9e6f71366f24a4fa17b98ad1c32b0a3354a42cf6d57ae275c3,Amazon,Amazon-Syn,synthetic_injection_fixed_dataset_seed_42,round5_new,DLG-Aug,DLG,gog_fraud.models.pygod.shared_reconstruction.SharedDLGFull,45,50,50,False,,sparse_fused,exact_sparse,True,False,False,False,13752,507378,success,,,stratified_node_transductive,0.0,0.7815381144379265,0.11902367904610275,0.2569060773480663,12.041038513183594,0.23595505617977527,11.792999267578125,0.8986329261198371,0.15350877192982457,0.5097087378640777,0.24087564269903147,0.7114510705812143,,,,0.1553398058252427,0.1553398058252427,0.1553398058252427,206.0,validation_labels,206.0,6670.0,206.0,6670.0,False,False,False,0.24087564269903147,0.7114510705812143,0.1553398058252427,0.1553398058252427,0.7815381144379265,0.2184618855620733,expected_direction,report_only_no_silent_inversion,3.5320748399990407,0.041259379000621266,4.460572119000062,1480.78125,1254.0,429.17236328125,490.0,4.399720191955566,52.507041931152344,"{'name': 'sparse_fused', 'score_chunk_size': 8192, 'reconstruction_backend': 'exact_sparse', 'dense_materialized': False, 'training_full_graph': True, 'shared_model': True, 'approximation_used': False, 'normalized_adjacency_cached': True, 'message_backend': 'sparse_fused', 'edge_expanded_messages': False, 'full_graph': True, 'gradient_checkpointing': False}",raw/Amazon__DLG-Aug__seed45__2c32d471e7591c54875b00b8.json,
aab983bd-7f17-4628-90f5-1defbb4e4164,a003fd24c852af45de2e8e92,391f2600f2d3a2c472f802767b5b7612c048e73ddfc3d03efea91a9416d5f7cf,ac10847c4f361dd494316905ff28e356c6f7cff17a7b12668d1b791c03811055,c4b03f9607545b9e6f71366f24a4fa17b98ad1c32b0a3354a42cf6d57ae275c3,Amazon,Amazon-Syn,synthetic_injection_fixed_dataset_seed_42,round5_new,DLG-Aug,DLG,gog_fraud.models.pygod.shared_reconstruction.SharedDLGFull,46,50,50,False,,sparse_fused,exact_sparse,True,False,False,False,13752,507378,success,,,stratified_node_transductive,0.0,0.8300395918545581,0.14048015329567357,0.2911877394636015,11.890569686889648,0.2879177377892031,11.896688461303711,0.9171029668411868,0.1958041958041958,0.5436893203883495,0.29304304522256786,0.7373619015734851,,,,0.1407766990291262,0.1407766990291262,0.1407766990291262,206.0,validation_labels,206.0,6670.0,206.0,6670.0,False,False,False,0.29304304522256786,0.7373619015734851,0.1407766990291262,0.1407766990291262,0.8300395918545581,0.16996040814544183,expected_direction,report_only_no_silent_inversion,3.4532637010015605,0.0415248880017316,4.617945870999392,1484.41796875,1254.0,429.17236328125,490.0,4.325498580932617,52.76670837402344,"{'name': 'sparse_fused', 'score_chunk_size': 8192, 'reconstruction_backend': 'exact_sparse', 'dense_materialized': False, 'training_full_graph': True, 'shared_model': True, 'approximation_used': False, 'normalized_adjacency_cached': True, 'message_backend': 'sparse_fused', 'edge_expanded_messages': False, 'full_graph': True, 'gradient_checkpointing': False}",raw/Amazon__DLG-Aug__seed46__a003fd24c852af45de2e8e92.json,
cfd4d533-02f0-4ba3-993d-bd4215b1bf10,a220d591f0c21ef873645620,391f2600f2d3a2c472f802767b5b7612c048e73ddfc3d03efea91a9416d5f7cf,ac10847c4f361dd494316905ff28e356c6f7cff17a7b12668d1b791c03811055,c4b03f9607545b9e6f71366f24a4fa17b98ad1c32b0a3354a42cf6d57ae275c3,Amazon,Amazon-Syn,synthetic_injection_fixed_dataset_seed_42,round5_new,DLG-Base,DLG-Base,gog_fraud.models.pygod.shared_reconstruction.SharedDLGBase,42,50,50,False,,sparse_fused,exact_sparse,True,False,False,False,13752,507378,success,,,stratified_node_transductive,0.0,0.8283540268700601,0.1263222528441943,0.25683709869203325,11.45808219909668,0.25223214285714285,11.387910842895508,0.8987783595113438,0.16376811594202897,0.5485436893203883,0.2621462958042831,0.7310184713468508,,,,0.13106796116504854,0.13106796116504854,0.13106796116504854,206.0,validation_labels,206.0,6670.0,206.0,6670.0,False,False,False,0.2621462958042831,0.7310184713468508,0.13106796116504854,0.13106796116504854,0.8283540268700601,0.17164597312993987,expected_direction,report_only_no_silent_inversion,3.461365489001764,0.046770597000431735,4.797667030998127,1416.0390625,1280.0,442.24853515625,516.0,4.406563758850098,56.20470428466797,"{'name': 'sparse_fused', 'score_chunk_size': 8192, 'reconstruction_backend': 'exact_sparse', 'dense_materialized': False, 'training_full_graph': True, 'shared_model': True, 'approximation_used': False, 'normalized_adjacency_cached': True, 'message_backend': 'sparse_fused', 'edge_expanded_messages': False, 'full_graph': True, 'gradient_checkpointing': False}",raw/Amazon__DLG-Base__seed42__a220d591f0c21ef873645620.json,
fe817c6a-4642-4c9d-8b53-6cbda3749ff5,8496a79561b91aefec94be30,391f2600f2d3a2c472f802767b5b7612c048e73ddfc3d03efea91a9416d5f7cf,ac10847c4f361dd494316905ff28e356c6f7cff17a7b12668d1b791c03811055,c4b03f9607545b9e6f71366f24a4fa17b98ad1c32b0a3354a42cf6d57ae275c3,Amazon,Amazon-Syn,synthetic_injection_fixed_dataset_seed_42,round5_new,DLG-Base,DLG-Base,gog_fraud.models.pygod.shared_reconstruction.SharedDLGBase,43,50,50,False,,sparse_fused,exact_sparse,True,False,False,False,13752,507378,success,,,stratified_node_transductive,0.0,0.8080562873902855,0.12742571209315007,0.2564734895191122,11.852523803710938,0.25125628140703515,11.876734733581543,0.9155031995346131,0.1694915254237288,0.4854368932038835,0.2507568154264509,0.7059868124190332,,,,0.14563106796116504,0.14563106796116504,0.14563106796116504,206.0,validation_labels,206.0,6670.0,206.0,6670.0,False,False,False,0.2507568154264509,0.7059868124190332,0.14563106796116504,0.14563106796116504,0.8080562873902855,0.19194371260971457,expected_direction,report_only_no_silent_inversion,3.488797919002536,0.04640329399990151,4.911685422001028,1414.5390625,1280.0,442.24853515625,516.0,4.293226718902588,53.17010498046875,"{'name': 'sparse_fused', 'score_chunk_size': 8192, 'reconstruction_backend': 'exact_sparse', 'dense_materialized': False, 'training_full_graph': True, 'shared_model': True, 'approximation_used': False, 'normalized_adjacency_cached': True, 'message_backend': 'sparse_fused', 'edge_expanded_messages': False, 'full_graph': True, 'gradient_checkpointing': False}",raw/Amazon__DLG-Base__seed43__8496a79561b91aefec94be30.json,
a424803e-d8c3-4245-bfc1-45000cf153bb,2e66c457fe0d29dbada120ac,391f2600f2d3a2c472f802767b5b7612c048e73ddfc3d03efea91a9416d5f7cf,ac10847c4f361dd494316905ff28e356c6f7cff17a7b12668d1b791c03811055,c4b03f9607545b9e6f71366f24a4fa17b98ad1c32b0a3354a42cf6d57ae275c3,Amazon,Amazon-Syn,synthetic_injection_fixed_dataset_seed_42,round5_new,DLG-Base,DLG-Base,gog_fraud.models.pygod.shared_reconstruction.SharedDLGBase,44,50,50,False,,sparse_fused,exact_sparse,True,False,False,False,13752,507378,success,,,stratified_node_transductive,0.0,0.8041556891457184,0.1160969284573792,0.24691358024691357,11.448446273803711,0.2408500590318772,11.513713836669922,0.9076497963932519,0.15912636505460218,0.49514563106796117,0.2429416574602469,0.7071680179327812,,,,0.13106796116504854,0.13106796116504854,0.13106796116504854,206.0,validation_labels,206.0,6670.0,206.0,6670.0,False,False,False,0.2429416574602469,0.7071680179327812,0.13106796116504854,0.13106796116504854,0.8041556891457184,0.19584431085428158,expected_direction,report_only_no_silent_inversion,3.3854222379995917,0.045292636001249775,4.4566386040023644,1414.1171875,1318.0,442.24853515625,516.0,4.3871002197265625,56.00743865966797,"{'name': 'sparse_fused', 'score_chunk_size': 8192, 'reconstruction_backend': 'exact_sparse', 'dense_materialized': False, 'training_full_graph': True, 'shared_model': True, 'approximation_used': False, 'normalized_adjacency_cached': True, 'message_backend': 'sparse_fused', 'edge_expanded_messages': False, 'full_graph': True, 'gradient_checkpointing': False}",raw/Amazon__DLG-Base__seed44__2e66c457fe0d29dbada120ac.json,
33a30de7-2434-4e8d-8a26-840d3d143aa8,4fd2aee8241ccf3214b2b814,391f2600f2d3a2c472f802767b5b7612c048e73ddfc3d03efea91a9416d5f7cf,ac10847c4f361dd494316905ff28e356c6f7cff17a7b12668d1b791c03811055,c4b03f9607545b9e6f71366f24a4fa17b98ad1c32b0a3354a42cf6d57ae275c3,Amazon,Amazon-Syn,synthetic_injection_fixed_dataset_seed_42,round5_new,DLG-Base,DLG-Base,gog_fraud.models.pygod.shared_reconstruction.SharedDLGBase,45,50,50,False,,sparse_fused,exact_sparse,True,False,False,False,13752,507378,success,,,stratified_node_transductive,0.0,0.7809569729698258,0.11436765631840931,0.2416452442159383,11.909756660461426,0.23641304347826086,11.962093353271484,0.9171029668411868,0.1641509433962264,0.4223300970873786,0.22748500901415278,0.6779566527415903,,,,0.15048543689320387,0.15048543689320387,0.15048543689320387,206.0,validation_labels,206.0,6670.0,206.0,6670.0,False,False,False,0.22748500901415278,0.6779566527415903,0.15048543689320387,0.15048543689320387,0.7809569729698258,0.21904302703017425,expected_direction,report_only_no_silent_inversion,3.458893725000962,0.05225469300057739,4.642976523999096,1418.7734375,1318.0,442.24853515625,516.0,4.318751811981201,52.82532501220703,"{'name': 'sparse_fused', 'score_chunk_size': 8192, 'reconstruction_backend': 'exact_sparse', 'dense_materialized': False, 'training_full_graph': True, 'shared_model': True, 'approximation_used': False, 'normalized_adjacency_cached': True, 'message_backend': 'sparse_fused', 'edge_expanded_messages': False, 'full_graph': True, 'gradient_checkpointing': False}",raw/Amazon__DLG-Base__seed45__4fd2aee8241ccf3214b2b814.json,
13e10d66-2f1d-4dec-be44-0fb9d76f289a,fed551fce8e84e7701908628,391f2600f2d3a2c472f802767b5b7612c048e73ddfc3d03efea91a9416d5f7cf,ac10847c4f361dd494316905ff28e356c6f7cff17a7b12668d1b791c03811055,c4b03f9607545b9e6f71366f24a4fa17b98ad1c32b0a3354a42cf6d57ae275c3,Amazon,Amazon-Syn,synthetic_injection_fixed_dataset_seed_42,round5_new,DLG-Base,DLG-Base,gog_fraud.models.pygod.shared_reconstruction.SharedDLGBase,46,50,50,False,,sparse_fused,exact_sparse,True,False,False,False,13752,507378,success,,,stratified_node_transductive,0.0,0.8275978515596571,0.1381665663057689,0.28641975308641976,11.892918586730957,0.2757697456492637,11.995229721069336,0.921175101803374,0.19038817005545286,0.5,0.27500921491599,0.7171664167916042,,,,0.14563106796116504,0.14563106796116504,0.14563106796116504,206.0,validation_labels,206.0,6670.0,206.0,6670.0,False,False,False,0.27500921491599,0.7171664167916042,0.14563106796116504,0.14563106796116504,0.8275978515596571,0.17240214844034293,expected_direction,report_only_no_silent_inversion,3.4889132069984043,0.04399425999872619,4.702140776000306,1418.76171875,1319.0,442.24853515625,516.0,4.29959774017334,52.48011016845703,"{'name': 'sparse_fused', 'score_chunk_size': 8192, 'reconstruction_backend': 'exact_sparse', 'dense_materialized': False, 'training_full_graph': True, 'shared_model': True, 'approximation_used': False, 'normalized_adjacency_cached': True, 'message_backend': 'sparse_fused', 'edge_expanded_messages': False, 'full_graph': True, 'gradient_checkpointing': False}",raw/Amazon__DLG-Base__seed46__fed551fce8e84e7701908628.json,
641bcfe8-ff88-4175-9154-da27428e703b,0922811f739ac63d0c022328,391f2600f2d3a2c472f802767b5b7612c048e73ddfc3d03efea91a9416d5f7cf,ac10847c4f361dd494316905ff28e356c6f7cff17a7b12668d1b791c03811055,c4b03f9607545b9e6f71366f24a4fa17b98ad1c32b0a3354a42cf6d57ae275c3,Amazon,Amazon-Syn,synthetic_injection_fixed_dataset_seed_42,round5_new,DOMINANT,DOMINANT,gog_fraud.models.pygod.shared_reconstruction.SharedDOMINANT,42,50,50,False,,sparse_fused,exact_sparse,True,False,False,False,13752,507378,success,,,stratified_node_transductive,0.0,0.8312135194538652,0.13647877315098983,0.27636363636363637,11.620718955993652,0.2733812949640288,11.603865623474121,0.9075043630017452,0.18152866242038215,0.5533980582524272,0.28187732228174145,0.7381682944935299,,,,0.14563106796116504,0.14563106796116504,0.14563106796116504,206.0,validation_labels,206.0,6670.0,206.0,6670.0,False,False,False,0.28187732228174145,0.7381682944935299,0.14563106796116504,0.14563106796116504,0.8312135194538652,0.1687864805461347,expected_direction,report_only_no_silent_inversion,5.534049854000045,0.04459055999996053,6.5269404269999995,1405.6953125,1376.0,432.12548828125,496.0,4.394598484039307,53.6134033203125,"{'name': 'sparse_fused', 'score_chunk_size': 8192, 'reconstruction_backend': 'exact_sparse', 'dense_materialized': False, 'training_full_graph': True, 'shared_model': True, 'approximation_used': False, 'normalized_adjacency_cached': True, 'message_backend': 'sparse_fused', 'edge_expanded_messages': False, 'full_graph': True, 'gradient_checkpointing': False}",raw/Amazon__DOMINANT__seed42__0922811f739ac63d0c022328.json,
9ae64ff4-5c21-480a-ae2f-22b7fa2c2c5f,22da711cb5998fec5ffd6868,391f2600f2d3a2c472f802767b5b7612c048e73ddfc3d03efea91a9416d5f7cf,ac10847c4f361dd494316905ff28e356c6f7cff17a7b12668d1b791c03811055,c4b03f9607545b9e6f71366f24a4fa17b98ad1c32b0a3354a42cf6d57ae275c3,Amazon,Amazon-Syn,synthetic_injection_fixed_dataset_seed_42,round5_new,DOMINANT,DOMINANT,gog_fraud.models.pygod.shared_reconstruction.SharedDOMINANT,43,50,50,False,,sparse_fused,exact_sparse,True,False,False,False,13752,507378,success,,,stratified_node_transductive,0.0,0.8094037932490066,0.13113100824365695,0.26632522407170295,11.973013877868652,0.2632258064516129,11.984214782714844,0.9194299011052938,0.17926186291739896,0.49514563106796117,0.2630579210351293,0.7125653192821065,,,,0.14563106796116504,0.14563106796116504,0.14563106796116504,206.0,validation_labels,206.0,6670.0,206.0,6670.0,False,False,False,0.2630579210351293,0.7125653192821065,0.14563106796116504,0.14563106796116504,0.8094037932490066,0.19059620675099345,expected_direction,report_only_no_silent_inversion,3.129662481998821,0.038990795001154765,4.176548503000959,1402.6328125,1304.0,432.12548828125,496.0,4.301634788513184,52.0478515625,"{'name': 'sparse_fused', 'score_chunk_size': 8192, 'reconstruction_backend': 'exact_sparse', 'dense_materialized': False, 'training_full_graph': True, 'shared_model': True, 'approximation_used': False, 'normalized_adjacency_cached': True, 'message_backend': 'sparse_fused', 'edge_expanded_messages': False, 'full_graph': True, 'gradient_checkpointing': False}",raw/Amazon__DOMINANT__seed43__22da711cb5998fec5ffd6868.json,
0f3439ba-c4b6-4686-b4f6-6df5e64e82ee,e967e6ad84a83dc28027c4c3,391f2600f2d3a2c472f802767b5b7612c048e73ddfc3d03efea91a9416d5f7cf,ac10847c4f361dd494316905ff28e356c6f7cff17a7b12668d1b791c03811055,c4b03f9607545b9e6f71366f24a4fa17b98ad1c32b0a3354a42cf6d57ae275c3,Amazon,Amazon-Syn,synthetic_injection_fixed_dataset_seed_42,round5_new,DOMINANT,DOMINANT,gog_fraud.models.pygod.shared_reconstruction.SharedDOMINANT,44,50,50,False,,sparse_fused,exact_sparse,True,False,False,False,13752,507378,success,,,stratified_node_transductive,0.0,0.8072546251146271,0.12290363949965562,0.2589073634204275,11.589400291442871,0.2571428571428571,11.590619087219238,0.9092495636998255,0.17034700315457413,0.5242718446601942,0.2624528072382264,0.7227056374725258,,,,0.13106796116504854,0.13106796116504854,0.13106796116504854,206.0,validation_labels,206.0,6670.0,206.0,6670.0,False,False,False,0.2624528072382264,0.7227056374725258,0.13106796116504854,0.13106796116504854,0.8072546251146271,0.19274537488537286,expected_direction,report_only_no_silent_inversion,3.483130168999196,0.04010478599957423,4.8242988589991,1408.7890625,1362.0,432.12548828125,496.0,4.380522727966309,53.66826629638672,"{'name': 'sparse_fused', 'score_chunk_size': 8192, 'reconstruction_backend': 'exact_sparse', 'dense_materialized': False, 'training_full_graph': True, 'shared_model': True, 'approximation_used': False, 'normalized_adjacency_cached': True, 'message_backend': 'sparse_fused', 'edge_expanded_messages': False, 'full_graph': True, 'gradient_checkpointing': False}",raw/Amazon__DOMINANT__seed44__e967e6ad84a83dc28027c4c3.json,
8b1a9314-1a09-440e-babc-a2c6de3f21a5,08bbc93f6dc193c7ab1eacea,391f2600f2d3a2c472f802767b5b7612c048e73ddfc3d03efea91a9416d5f7cf,ac10847c4f361dd494316905ff28e356c6f7cff17a7b12668d1b791c03811055,c4b03f9607545b9e6f71366f24a4fa17b98ad1c32b0a3354a42cf6d57ae275c3,Amazon,Amazon-Syn,synthetic_injection_fixed_dataset_seed_42,round5_new,DOMINANT,DOMINANT,gog_fraud.models.pygod.shared_reconstruction.SharedDOMINANT,45,50,50,False,,sparse_fused,exact_sparse,True,False,False,False,13752,507378,success,,,stratified_node_transductive,0.0,0.7833561374652479,0.11663551549185142,0.246684350132626,11.9474458694458,0.2440944881889764,11.936519622802734,0.9149214659685864,0.1672661870503597,0.45145631067961167,0.23889693958644867,0.6910205091628943,,,,0.15048543689320387,0.15048543689320387,0.15048543689320387,206.0,validation_labels,206.0,6670.0,206.0,6670.0,False,False,False,0.23889693958644867,0.6910205091628943,0.15048543689320387,0.15048543689320387,0.7833561374652479,0.21664386253475204,expected_direction,report_only_no_silent_inversion,3.482324812997831,0.04823653100174852,4.816956010003196,1407.40234375,1435.0,432.12548828125,496.0,4.316890716552734,52.68564987182617,"{'name': 'sparse_fused', 'score_chunk_size': 8192, 'reconstruction_backend': 'exact_sparse', 'dense_materialized': False, 'training_full_graph': True, 'shared_model': True, 'approximation_used': False, 'normalized_adjacency_cached': True, 'message_backend': 'sparse_fused', 'edge_expanded_messages': False, 'full_graph': True, 'gradient_checkpointing': False}",raw/Amazon__DOMINANT__seed45__08bbc93f6dc193c7ab1eacea.json,
e0d1799d-1804-49f0-b436-00e58f8bd089,cd88a0b727ebe6aead2350a7,391f2600f2d3a2c472f802767b5b7612c048e73ddfc3d03efea91a9416d5f7cf,ac10847c4f361dd494316905ff28e356c6f7cff17a7b12668d1b791c03811055,c4b03f9607545b9e6f71366f24a4fa17b98ad1c32b0a3354a42cf6d57ae275c3,Amazon,Amazon-Syn,synthetic_injection_fixed_dataset_seed_42,round5_new,DOMINANT,DOMINANT,gog_fraud.models.pygod.shared_reconstruction.SharedDOMINANT,46,50,50,False,,sparse_fused,exact_sparse,True,False,False,False,13752,507378,success,,,stratified_node_transductive,0.0,0.8302222675070232,0.14353187589986907,0.29404309252217997,11.977615356445312,0.2801120448179272,12.095647811889648,0.9261198371146016,0.1968503937007874,0.4854368932038835,0.27650493440781077,0.7121337389557648,,,,0.16019417475728157,0.16019417475728157,0.16019417475728157,206.0,validation_labels,206.0,6670.0,206.0,6670.0,False,False,False,0.27650493440781077,0.7121337389557648,0.16019417475728157,0.16019417475728157,0.8302222675070232,0.16977773249297679,expected_direction,report_only_no_silent_inversion,3.389018882000528,0.040611202999571105,4.654535816000134,1416.27734375,1265.0,432.12548828125,496.0,4.371939182281494,52.58216094970703,"{'name': 'sparse_fused', 'score_chunk_size': 8192, 'reconstruction_backend': 'exact_sparse', 'dense_materialized': False, 'training_full_graph': True, 'shared_model': True, 'approximation_used': False, 'normalized_adjacency_cached': True, 'message_backend': 'sparse_fused', 'edge_expanded_messages': False, 'full_graph': True, 'gradient_checkpointing': False}",raw/Amazon__DOMINANT__seed46__cd88a0b727ebe6aead2350a7.json,
1014165f-2ec4-4e6b-9e79-146053027598,6411896a06f775eb49af4cb0,391f2600f2d3a2c472f802767b5b7612c048e73ddfc3d03efea91a9416d5f7cf,ac10847c4f361dd494316905ff28e356c6f7cff17a7b12668d1b791c03811055,c4b03f9607545b9e6f71366f24a4fa17b98ad1c32b0a3354a42cf6d57ae275c3,Amazon,Amazon-Syn,synthetic_injection_fixed_dataset_seed_42,round5_new,GADNR,GADNR,gog_fraud.models.pygod.gadnr.GADNR,42,50,50,False,,sparse_fused,not_applicable_native_objective,True,False,False,False,13752,507378,success,,,stratified_node_transductive,0.0,0.548036418683862,0.03409802739265803,0.06597379123361952,320.0040283203125,0.06397306397306397,28.80403709411621,0.26090750436300175,0.03326848249027237,0.8300970873786407,0.033401776024999795,0.5425597880671315,,,,0.03398058252427184,0.03398058252427184,0.03398058252427184,206.0,validation_labels,206.0,6670.0,206.0,6670.0,False,False,False,0.033401776024999795,0.5425597880671315,0.03398058252427184,0.03398058252427184,0.548036418683862,0.451963581316138,expected_direction,report_only_no_silent_inversion,1636.4218036720001,26.1562119109999,1663.9070921799998,1845.3828125,7829.0,9924.8916015625,11112.0,0.8040359020233154,1792807.25,{},raw/Amazon__GADNR__seed42__6411896a06f775eb49af4cb0.json,
cea5a0c0-6f4a-45f0-b8f5-d7a21e9f527e,96a91075fc81aee20b176cb5,391f2600f2d3a2c472f802767b5b7612c048e73ddfc3d03efea91a9416d5f7cf,ac10847c4f361dd494316905ff28e356c6f7cff17a7b12668d1b791c03811055,c4b03f9607545b9e6f71366f24a4fa17b98ad1c32b0a3354a42cf6d57ae275c3,Amazon,Amazon-Syn,synthetic_injection_fixed_dataset_seed_42,round5_new,GADNR,GADNR,gog_fraud.models.pygod.gadnr.GADNR,43,50,50,False,,sparse_fused,not_applicable_native_objective,True,False,False,False,13752,507378,success,,,stratified_node_transductive,0.0,0.5369157654182617,0.033039564345880366,0.06899810964083176,140.61251831054688,0.06818181818181818,165.77273559570312,0.7470913321698662,0.03815028901734104,0.32038834951456313,0.0278589649592719,0.5354565435728738,,,,0.03398058252427184,0.03398058252427184,0.03398058252427184,206.0,validation_labels,206.0,6670.0,206.0,6670.0,False,False,False,0.0278589649592719,0.5354565435728738,0.03398058252427184,0.03398058252427184,0.5369157654182617,0.4630842345817382,expected_direction,report_only_no_silent_inversion,2511.4106175909983,54.072538264001196,2566.568606830002,1870.74609375,7880.0,9924.8916015625,11112.0,0.004148981533944607,1094237.375,{},raw/Amazon__GADNR__seed43__96a91075fc81aee20b176cb5.json,
929a1204-2635-43cb-8456-c05a87b1d072,7020668cf47a6b401022310b,391f2600f2d3a2c472f802767b5b7612c048e73ddfc3d03efea91a9416d5f7cf,ac10847c4f361dd494316905ff28e356c6f7cff17a7b12668d1b791c03811055,c4b03f9607545b9e6f71366f24a4fa17b98ad1c32b0a3354a42cf6d57ae275c3,Amazon,Amazon-Syn,synthetic_injection_fixed_dataset_seed_42,round5_new,GADNR,GADNR,gog_fraud.models.pygod.gadnr.GADNR,44,50,50,False,,sparse_fused,not_applicable_native_objective,True,False,False,False,13752,507378,success,,,stratified_node_transductive,0.0,0.5646438916464098,0.03380052324052652,0.06931444472552492,68.12805938720703,0.06551204819277108,18.01238441467285,0.2627981384525887,0.03407755581668625,0.8446601941747572,0.04103067719363629,0.552614954658593,,,,0.02912621359223301,0.02912621359223301,0.02912621359223301,206.0,validation_labels,206.0,6670.0,206.0,6670.0,False,False,False,0.04103067719363629,0.552614954658593,0.02912621359223301,0.02912621359223301,0.5646438916464098,0.43535610835359023,expected_direction,report_only_no_silent_inversion,968.573499471,14.56789635999985,983.5598217899999,1581.10546875,7918.0,9924.8916015625,11112.0,0.007587159983813763,1193845.0,{},raw/Amazon__GADNR__seed44__7020668cf47a6b401022310b.json,
07473d68-357a-4785-b03e-bd921ef6932b,f95d02dbeb2a35852115acaf,391f2600f2d3a2c472f802767b5b7612c048e73ddfc3d03efea91a9416d5f7cf,ac10847c4f361dd494316905ff28e356c6f7cff17a7b12668d1b791c03811055,c4b03f9607545b9e6f71366f24a4fa17b98ad1c32b0a3354a42cf6d57ae275c3,Amazon,Amazon-Syn,synthetic_injection_fixed_dataset_seed_42,round5_new,GADNR,GADNR,gog_fraud.models.pygod.gadnr.GADNR,45,50,50,False,,sparse_fused,not_applicable_native_objective,True,False,False,False,13752,507378,success,,,stratified_node_transductive,0.0,0.5603204465728301,0.03424402790486776,0.06770999680613222,180.00424194335938,0.06598016781083142,28.804237365722656,0.2817044793484584,0.034339023421992854,0.8398058252427184,0.04253480751226604,0.5552102589481958,,,,0.03398058252427184,0.03398058252427184,0.03398058252427184,206.0,validation_labels,206.0,6670.0,206.0,6670.0,False,False,False,0.04253480751226604,0.5552102589481958,0.03398058252427184,0.03398058252427184,0.5603204465728301,0.4396795534271699,expected_direction,report_only_no_silent_inversion,966.2307775020001,14.73889516500003,981.1776762110001,1598.25390625,7893.0,9924.8916015625,11112.0,0.8042321801185608,1792807.25,{},raw/Amazon__GADNR__seed45__f95d02dbeb2a35852115acaf.json,
bd1f4124-38fb-4aad-ba3d-26d2fccbe5d2,44d727f173bd2d1ecc7cc62c,391f2600f2d3a2c472f802767b5b7612c048e73ddfc3d03efea91a9416d5f7cf,ac10847c4f361dd494316905ff28e356c6f7cff17a7b12668d1b791c03811055,c4b03f9607545b9e6f71366f24a4fa17b98ad1c32b0a3354a42cf6d57ae275c3,Amazon,Amazon-Syn,synthetic_injection_fixed_dataset_seed_42,round5_new,GADNR,GADNR,gog_fraud.models.pygod.gadnr.GADNR,46,50,50,False,,sparse_fused,not_applicable_native_objective,True,False,False,False,13752,507378,success,,,stratified_node_transductive,0.0,0.5560759668709334,0.0338295458958431,0.06836363636363636,80.00321960449219,0.06118143459915612,387.2032165527344,0.7595986038394416,0.03431952662721893,0.2815533980582524,0.014600832749550777,0.5184378684444186,,,,0.02912621359223301,0.02912621359223301,0.02912621359223301,206.0,validation_labels,206.0,6670.0,206.0,6670.0,False,False,False,0.014600832749550777,0.5184378684444186,0.02912621359223301,0.02912621359223301,0.5560759668709334,0.44392403312906653,expected_direction,report_only_no_silent_inversion,981.1120285929996,15.062924743000167,996.8741995260002,1844.3203125,7903.0,9924.8916015625,11112.0,0.8032181859016418,1792807.25,{},raw/Amazon__GADNR__seed46__44d727f173bd2d1ecc7cc62c.json,
b7037323-4748-4400-9a4e-bc1d5b284ddd,cc1fb3b5cdc8ef8c6ddaad19,391f2600f2d3a2c472f802767b5b7612c048e73ddfc3d03efea91a9416d5f7cf,ac10847c4f361dd494316905ff28e356c6f7cff17a7b12668d1b791c03811055,c4b03f9607545b9e6f71366f24a4fa17b98ad1c32b0a3354a42cf6d57ae275c3,Amazon,Amazon-Syn,synthetic_injection_fixed_dataset_seed_42,round5_new,OCGNN,OCGNN,pygod.detector.ocgnn.OCGNN,42,50,50,False,,sparse_fused,not_applicable_native_objective,True,False,False,False,13752,507378,success,,,stratified_node_transductive,0.0,0.40142210448173965,0.023236416980565423,0.05827439886845828,-1.114683747291565,0.05694663041923022,-1.0986675024032593,0.017306573589296104,0.029338051009877634,0.9660194174757282,-0.03112143011742613,0.4894564853495582,,,,0.009708737864077669,0.009708737864077669,0.009708737864077669,206.0,validation_labels,206.0,6670.0,206.0,6670.0,False,False,False,-0.03112143011742613,0.4894564853495582,0.009708737864077669,0.009708737864077669,0.40142210448173965,0.5985778955182604,warning_inverse_association,report_only_no_silent_inversion,1.9723321500005113,0.031046878000779543,3.431463425999027,1589.546875,917.0,156.8486328125,168.0,-1.1268078088760376,86.08966064453125,{},raw/Amazon__OCGNN__seed42__cc1fb3b5cdc8ef8c6ddaad19.json,
5143cb2b-921d-4f8e-a0ad-6c8a2ffe4324,555cb9386f50cf1dbdf9edfe,391f2600f2d3a2c472f802767b5b7612c048e73ddfc3d03efea91a9416d5f7cf,ac10847c4f361dd494316905ff28e356c6f7cff17a7b12668d1b791c03811055,c4b03f9607545b9e6f71366f24a4fa17b98ad1c32b0a3354a42cf6d57ae275c3,Amazon,Amazon-Syn,synthetic_injection_fixed_dataset_seed_42,round5_new,OCGNN,OCGNN,pygod.detector.ocgnn.OCGNN,43,50,50,False,,sparse_fused,not_applicable_native_objective,True,False,False,False,13752,507378,success,,,stratified_node_transductive,0.0,0.4075981426762347,0.02399075215510608,0.058192090395480234,-0.9555017352104187,0.05741762126997596,-0.9507330060005188,0.0015997673065735892,0.029570284049526583,0.9854368932038835,-0.057004198347186494,0.4933181467518668,,,,0.024271844660194174,0.024271844660194174,0.024271844660194174,206.0,validation_labels,206.0,6670.0,206.0,6670.0,False,False,False,-0.057004198347186494,0.4933181467518668,0.024271844660194174,0.024271844660194174,0.4075981426762347,0.5924018573237654,warning_inverse_association,report_only_no_silent_inversion,1.9802908389992808,0.03766695400008757,3.671914286000174,1574.80859375,917.0,156.8486328125,168.0,-0.9573567509651184,158.7545928955078,{},raw/Amazon__OCGNN__seed43__555cb9386f50cf1dbdf9edfe.json,
d775556f-90bd-4a44-a9bd-2b9d1c3d1adc,e617d1a041f1385dab9302ba,391f2600f2d3a2c472f802767b5b7612c048e73ddfc3d03efea91a9416d5f7cf,ac10847c4f361dd494316905ff28e356c6f7cff17a7b12668d1b791c03811055,c4b03f9607545b9e6f71366f24a4fa17b98ad1c32b0a3354a42cf6d57ae275c3,Amazon,Amazon-Syn,synthetic_injection_fixed_dataset_seed_42,round5_new,OCGNN,OCGNN,pygod.detector.ocgnn.OCGNN,44,50,50,False,,sparse_fused,not_applicable_native_objective,True,False,False,False,13752,507378,success,,,stratified_node_transductive,0.0,0.44921325744894547,0.02750941194549324,0.05843971631205673,-0.9394387006759644,0.05765870704717531,-0.9034147262573242,0.029668411867364748,0.029720804563194234,0.9611650485436893,-0.007805054922971193,0.49602480313241437,,,,0.02912621359223301,0.02912621359223301,0.02912621359223301,206.0,validation_labels,206.0,6670.0,206.0,6670.0,False,False,False,-0.007805054922971193,0.49602480313241437,0.02912621359223301,0.02912621359223301,0.44921325744894547,0.5507867425510546,warning_inverse_association,report_only_no_silent_inversion,2.046221095000874,0.03779679299987038,3.8052291910007625,1534.8203125,917.0,156.8486328125,168.0,-0.946712076663971,17.268999099731445,{},raw/Amazon__OCGNN__seed44__e617d1a041f1385dab9302ba.json,
4d264831-2e34-4f25-843c-41eafcb9077b,38900614480dac60bc537a1f,391f2600f2d3a2c472f802767b5b7612c048e73ddfc3d03efea91a9416d5f7cf,ac10847c4f361dd494316905ff28e356c6f7cff17a7b12668d1b791c03811055,c4b03f9607545b9e6f71366f24a4fa17b98ad1c32b0a3354a42cf6d57ae275c3,Amazon,Amazon-Syn,synthetic_injection_fixed_dataset_seed_42,round5_new,OCGNN,OCGNN,pygod.detector.ocgnn.OCGNN,45,50,50,False,,sparse_fused,not_applicable_native_objective,True,False,False,False,13752,507378,success,,,stratified_node_transductive,0.0,0.44208599583703295,0.02522700350391589,0.059360069494715506,-1.371649146080017,0.05896877269426289,-1.3690732717514038,0.025159976730657358,0.030393771522683036,0.9854368932038835,0.014840365797670457,0.5072611752376239,,,,0.009708737864077669,0.009708737864077669,0.009708737864077669,206.0,validation_labels,206.0,6670.0,206.0,6670.0,False,False,False,0.014840365797670457,0.5072611752376239,0.009708737864077669,0.009708737864077669,0.44208599583703295,0.5579140041629671,warning_inverse_association,report_only_no_silent_inversion,2.0074791009992623,0.034759299000143073,3.315458046999993,1545.10546875,917.0,156.8486328125,168.0,-1.4173260927200317,100.36905670166016,{},raw/Amazon__OCGNN__seed45__38900614480dac60bc537a1f.json,
eb98bf97-23c6-4a9b-8a92-19cf3e6c1a9a,46b41b29544a1c61a60a9d37,391f2600f2d3a2c472f802767b5b7612c048e73ddfc3d03efea91a9416d5f7cf,ac10847c4f361dd494316905ff28e356c6f7cff17a7b12668d1b791c03811055,c4b03f9607545b9e6f71366f24a4fa17b98ad1c32b0a3354a42cf6d57ae275c3,Amazon,Amazon-Syn,synthetic_injection_fixed_dataset_seed_42,round5_new,OCGNN,OCGNN,pygod.detector.ocgnn.OCGNN,46,50,50,False,,sparse_fused,not_applicable_native_objective,True,False,False,False,13752,507378,success,,,stratified_node_transductive,0.0,0.42074496732216415,0.0245438786345826,0.05817565659418243,-1.04656183719635,0.05650198750709824,-1.0310786962509155,0.009162303664921465,0.02910207663059374,0.9660194174757282,-0.06745206913524267,0.4853335468188236,,,,0.024271844660194174,0.024271844660194174,0.024271844660194174,206.0,validation_labels,206.0,6670.0,206.0,6670.0,False,False,False,-0.06745206913524267,0.4853335468188236,0.024271844660194174,0.024271844660194174,0.42074496732216415,0.5792550326778358,warning_inverse_association,report_only_no_silent_inversion,1.8346190250013024,0.03467538400036574,3.1491167990006943,1570.2265625,917.0,156.8486328125,168.0,-1.04656183719635,161.90975952148438,{},raw/Amazon__OCGNN__seed46__46b41b29544a1c61a60a9d37.json,
1679b84d-6bf2-4b20-a443-77a58b24312c,96991a28af06c02d99d32cf6,391f2600f2d3a2c472f802767b5b7612c048e73ddfc3d03efea91a9416d5f7cf,ac10847c4f361dd494316905ff28e356c6f7cff17a7b12668d1b791c03811055,c4b03f9607545b9e6f71366f24a4fa17b98ad1c32b0a3354a42cf6d57ae275c3,BitcoinOTC,BitcoinOTC,real_trust_network_labels,round5_new,AnomalyDAE,AnomalyDAE,gog_fraud.models.pygod.shared_reconstruction.SharedAnomalyDAE,42,50,50,False,,none,chunked_exact,True,False,False,False,6005,7409,success,,,stratified_node_transductive,0.0,0.9134187740778884,0.7698857768798253,0.7918781725888325,20.35605812072754,0.7835051546391752,20.383136749267578,0.9670219853431046,0.7307692307692307,0.8444444444444444,0.7784845448916372,0.9174161803410001,,,,0.7444444444444445,0.7444444444444445,0.7444444444444445,90.0,validation_labels,90.0,2912.0,90.0,2913.0,False,False,False,0.7784845448916372,0.9174161803410001,0.7444444444444445,0.7444444444444445,0.9134187740778884,0.08658122592211162,expected_direction,report_only_no_silent_inversion,10.688788724999995,0.07704309600001125,10.792879463999952,1386.109375,1030.0,120.9345703125,150.0,19.777650833129883,23.935413360595703,"{'name': 'pyg_coo_reference', 'score_chunk_size': 256, 'reconstruction_backend': 'chunked_exact', 'dense_materialized': False, 'training_full_graph': True, 'shared_model': True, 'approximation_used': False, 'normalized_adjacency_cached': False, 'message_backend': 'pyg_coo_reference', 'edge_expanded_messages': True, 'full_graph': True, 'gradient_checkpointing': False}",raw/BitcoinOTC__AnomalyDAE__seed42__96991a28af06c02d99d32cf6.json,
d51792af-74ad-4637-abbe-801b71bc2000,ef0e1e2fde98ecc07b8e5d99,391f2600f2d3a2c472f802767b5b7612c048e73ddfc3d03efea91a9416d5f7cf,ac10847c4f361dd494316905ff28e356c6f7cff17a7b12668d1b791c03811055,c4b03f9607545b9e6f71366f24a4fa17b98ad1c32b0a3354a42cf6d57ae275c3,BitcoinOTC,BitcoinOTC,real_trust_network_labels,round5_new,AnomalyDAE,AnomalyDAE,gog_fraud.models.pygod.shared_reconstruction.SharedAnomalyDAE,43,50,50,False,,none,chunked_exact,True,False,False,False,6005,7409,success,,,stratified_node_transductive,0.0,0.9553152534614946,0.7674222645010963,0.85,20.374202728271484,0.8383838383838383,20.377695083618164,0.9646902065289806,0.7685185185185185,0.9222222222222223,0.8366242382103244,0.9568200022885913,,,,0.7888888888888889,0.7888888888888889,0.7888888888888889,90.0,validation_labels,90.0,2912.0,90.0,2913.0,False,False,False,0.8366242382103244,0.9568200022885913,0.7888888888888889,0.7888888888888889,0.9553152534614946,0.044684746538505564,expected_direction,report_only_no_silent_inversion,11.185910406000403,0.05144702299912751,11.269504493999193,1392.20703125,891.0,120.9345703125,150.0,19.80752944946289,24.004804611206055,"{'name': 'pyg_coo_reference', 'score_chunk_size': 256, 'reconstruction_backend': 'chunked_exact', 'dense_materialized': False, 'training_full_graph': True, 'shared_model': True, 'approximation_used': False, 'normalized_adjacency_cached': False, 'message_backend': 'pyg_coo_reference', 'edge_expanded_messages': True, 'full_graph': True, 'gradient_checkpointing': False}",raw/BitcoinOTC__AnomalyDAE__seed43__ef0e1e2fde98ecc07b8e5d99.json,
154e10cb-7150-42c2-ae44-33423c6835b2,f33a2799288f7e086ccf254f,391f2600f2d3a2c472f802767b5b7612c048e73ddfc3d03efea91a9416d5f7cf,ac10847c4f361dd494316905ff28e356c6f7cff17a7b12668d1b791c03811055,c4b03f9607545b9e6f71366f24a4fa17b98ad1c32b0a3354a42cf6d57ae275c3,BitcoinOTC,BitcoinOTC,real_trust_network_labels,round5_new,AnomalyDAE,AnomalyDAE,gog_fraud.models.pygod.shared_reconstruction.SharedAnomalyDAE,44,50,50,False,,none,chunked_exact,True,False,False,False,6005,7409,success,,,stratified_node_transductive,0.0,0.9730670938703896,0.7596422571326635,0.84,20.361169815063477,0.8272251308900523,20.395112991333008,0.9676882078614257,0.7821782178217822,0.8777777777777778,0.8230266051746656,0.9351127131250715,,,,0.8111111111111111,0.8111111111111111,0.8111111111111111,90.0,validation_labels,90.0,2912.0,90.0,2913.0,False,False,False,0.8230266051746656,0.9351127131250715,0.8111111111111111,0.8111111111111111,0.9730670938703896,0.026932906129610575,expected_direction,report_only_no_silent_inversion,10.923281951998433,0.05730096300067089,11.015791093001098,1383.71484375,895.0,120.9345703125,150.0,19.87147331237793,24.034744262695312,"{'name': 'pyg_coo_reference', 'score_chunk_size': 256, 'reconstruction_backend': 'chunked_exact', 'dense_materialized': False, 'training_full_graph': True, 'shared_model': True, 'approximation_used': False, 'normalized_adjacency_cached': False, 'message_backend': 'pyg_coo_reference', 'edge_expanded_messages': True, 'full_graph': True, 'gradient_checkpointing': False}",raw/BitcoinOTC__AnomalyDAE__seed44__f33a2799288f7e086ccf254f.json,
9897d198-a160-4cf8-a928-6a499e365472,a6dcd79ee846fd553aff575a,391f2600f2d3a2c472f802767b5b7612c048e73ddfc3d03efea91a9416d5f7cf,ac10847c4f361dd494316905ff28e356c6f7cff17a7b12668d1b791c03811055,c4b03f9607545b9e6f71366f24a4fa17b98ad1c32b0a3354a42cf6d57ae275c3,BitcoinOTC,BitcoinOTC,real_trust_network_labels,round5_new,AnomalyDAE,AnomalyDAE,gog_fraud.models.pygod.shared_reconstruction.SharedAnomalyDAE,45,50,50,False,,none,chunked_exact,True,False,False,False,6005,7409,success,,,stratified_node_transductive,0.0,0.9667601174810238,0.7911684156250917,0.8333333333333334,20.367977142333984,0.8210526315789474,20.372360229492188,0.9656895403064624,0.78,0.8666666666666667,0.816429962557543,0.929557157569516,,,,0.8,0.8,0.8,90.0,validation_labels,90.0,2912.0,90.0,2913.0,False,False,False,0.816429962557543,0.929557157569516,0.8,0.8,0.9667601174810238,0.033239882518976256,expected_direction,report_only_no_silent_inversion,10.69927097999971,0.04798271199979354,10.785309341999891,1371.29296875,895.0,120.9345703125,150.0,19.796035766601562,24.144683837890625,"{'name': 'pyg_coo_reference', 'score_chunk_size': 256, 'reconstruction_backend': 'chunked_exact', 'dense_materialized': False, 'training_full_graph': True, 'shared_model': True, 'approximation_used': False, 'normalized_adjacency_cached': False, 'message_backend': 'pyg_coo_reference', 'edge_expanded_messages': True, 'full_graph': True, 'gradient_checkpointing': False}",raw/BitcoinOTC__AnomalyDAE__seed45__a6dcd79ee846fd553aff575a.json,
2dbd269d-c080-41a5-8172-a255b3433747,39150967aa11647a8281bd6e,391f2600f2d3a2c472f802767b5b7612c048e73ddfc3d03efea91a9416d5f7cf,ac10847c4f361dd494316905ff28e356c6f7cff17a7b12668d1b791c03811055,c4b03f9607545b9e6f71366f24a4fa17b98ad1c32b0a3354a42cf6d57ae275c3,BitcoinOTC,BitcoinOTC,real_trust_network_labels,round5_new,AnomalyDAE,AnomalyDAE,gog_fraud.models.pygod.shared_reconstruction.SharedAnomalyDAE,46,50,50,False,,none,chunked_exact,True,False,False,False,6005,7409,success,,,stratified_node_transductive,0.0,0.9352023496204753,0.7790197966588207,0.8494623655913979,20.411117553710938,0.826530612244898,20.350948333740234,0.9643570952698202,0.7641509433962265,0.9,0.8236555138763509,0.9457088911774802,,,,0.8222222222222222,0.8222222222222222,0.8222222222222222,90.0,validation_labels,90.0,2912.0,90.0,2913.0,False,False,False,0.8236555138763509,0.9457088911774802,0.8222222222222222,0.8222222222222222,0.9352023496204753,0.06479765037952476,expected_direction,report_only_no_silent_inversion,11.203130560999853,0.04935022800054867,11.285527541000192,1379.35546875,897.0,120.9345703125,150.0,19.810138702392578,23.96027946472168,"{'name': 'pyg_coo_reference', 'score_chunk_size': 256, 'reconstruction_backend': 'chunked_exact', 'dense_materialized': False, 'training_full_graph': True, 'shared_model': True, 'approximation_used': False, 'normalized_adjacency_cached': False, 'message_backend': 'pyg_coo_reference', 'edge_expanded_messages': True, 'full_graph': True, 'gradient_checkpointing': False}",raw/BitcoinOTC__AnomalyDAE__seed46__39150967aa11647a8281bd6e.json,
f899a78f-e055-4a3f-9743-4a0bce8885d3,9d9b111e27e932c78a15101d,391f2600f2d3a2c472f802767b5b7612c048e73ddfc3d03efea91a9416d5f7cf,ac10847c4f361dd494316905ff28e356c6f7cff17a7b12668d1b791c03811055,c4b03f9607545b9e6f71366f24a4fa17b98ad1c32b0a3354a42cf6d57ae275c3,BitcoinOTC,BitcoinOTC,real_trust_network_labels,round5_new,CONAD,CONAD,gog_fraud.models.pygod.shared_reconstruction.SharedCONAD,42,50,50,False,,sparse_fused,exact_sparse,True,False,False,False,6005,7409,success,,,stratified_node_transductive,0.0,0.9894438722966015,0.8579388114946149,0.93048128342246,1.2062740325927734,0.93048128342246,1.201915979385376,0.9670219853431046,0.8969072164948454,0.9666666666666667,0.9289439900911927,0.9816168898043254,,,,0.8888888888888888,0.8888888888888888,0.8888888888888888,90.0,validation_labels,90.0,2912.0,90.0,2913.0,False,False,False,0.9289439900911927,0.9816168898043254,0.8888888888888888,0.8888888888888888,0.9894438722966015,0.010556127703398572,expected_direction,report_only_no_silent_inversion,1.2172241270000086,0.007052015000226675,1.4319964459991752,1434.6875,891.0,105.5478515625,128.0,0.667072594165802,3.186981678009033,"{'name': 'sparse_fused', 'score_chunk_size': 8192, 'reconstruction_backend': 'exact_sparse', 'dense_materialized': False, 'training_full_graph': True, 'shared_model': True, 'approximation_used': False, 'normalized_adjacency_cached': True, 'message_backend': 'sparse_fused', 'edge_expanded_messages': False, 'full_graph': True, 'gradient_checkpointing': False}",raw/BitcoinOTC__CONAD__seed42__9d9b111e27e932c78a15101d.json,
87f11298-fc68-47ef-b8ee-68b3bdd58f84,69c62afd55e820daba318a61,391f2600f2d3a2c472f802767b5b7612c048e73ddfc3d03efea91a9416d5f7cf,ac10847c4f361dd494316905ff28e356c6f7cff17a7b12668d1b791c03811055,c4b03f9607545b9e6f71366f24a4fa17b98ad1c32b0a3354a42cf6d57ae275c3,BitcoinOTC,BitcoinOTC,real_trust_network_labels,round5_new,CONAD,CONAD,gog_fraud.models.pygod.shared_reconstruction.SharedCONAD,43,50,50,False,,sparse_fused,exact_sparse,True,False,False,False,6005,7409,success,,,stratified_node_transductive,0.0,0.9816626616317655,0.8929078123495453,0.9289617486338798,1.1293387413024902,0.9289617486338798,1.0886468887329102,0.9693537641572285,0.9139784946236559,0.9444444444444444,0.9268623444720961,0.9708490673990159,,,,0.9111111111111111,0.9111111111111111,0.9111111111111111,90.0,validation_labels,90.0,2912.0,90.0,2913.0,False,False,False,0.9268623444720961,0.9708490673990159,0.9111111111111111,0.9111111111111111,0.9816626616317655,0.018337338368234358,expected_direction,report_only_no_silent_inversion,1.3496249859999807,0.004793254998730845,1.5397587819988985,1449.33203125,891.0,105.60791015625,128.0,0.5536148548126221,2.901266574859619,"{'name': 'sparse_fused', 'score_chunk_size': 8192, 'reconstruction_backend': 'exact_sparse', 'dense_materialized': False, 'training_full_graph': True, 'shared_model': True, 'approximation_used': False, 'normalized_adjacency_cached': True, 'message_backend': 'sparse_fused', 'edge_expanded_messages': False, 'full_graph': True, 'gradient_checkpointing': False}",raw/BitcoinOTC__CONAD__seed43__69c62afd55e820daba318a61.json,
301be3cb-b284-4686-9bd6-bfd4dd67a709,f52f4474cdf71d9bbc37aac6,391f2600f2d3a2c472f802767b5b7612c048e73ddfc3d03efea91a9416d5f7cf,ac10847c4f361dd494316905ff28e356c6f7cff17a7b12668d1b791c03811055,c4b03f9607545b9e6f71366f24a4fa17b98ad1c32b0a3354a42cf6d57ae275c3,BitcoinOTC,BitcoinOTC,real_trust_network_labels,round5_new,CONAD,CONAD,gog_fraud.models.pygod.shared_reconstruction.SharedCONAD,44,50,50,False,,sparse_fused,exact_sparse,True,False,False,False,6005,7409,success,,,stratified_node_transductive,0.0,0.9978487241103101,0.8688421851453946,0.9417989417989419,1.0809764862060547,0.9239130434782609,1.199971079826355,0.9683544303797469,0.9042553191489362,0.9444444444444444,0.9217413534073291,0.970677423046115,,,,0.9111111111111111,0.9111111111111111,0.9111111111111111,90.0,validation_labels,90.0,2912.0,90.0,2913.0,False,False,False,0.9217413534073291,0.970677423046115,0.9111111111111111,0.9111111111111111,0.9978487241103101,0.0021512758896899075,expected_direction,report_only_no_silent_inversion,1.3139241490007407,0.007191906001025927,1.378553386999556,1459.5234375,891.0,105.59423828125,128.0,0.609925389289856,3.088167667388916,"{'name': 'sparse_fused', 'score_chunk_size': 8192, 'reconstruction_backend': 'exact_sparse', 'dense_materialized': False, 'training_full_graph': True, 'shared_model': True, 'approximation_used': False, 'normalized_adjacency_cached': True, 'message_backend': 'sparse_fused', 'edge_expanded_messages': False, 'full_graph': True, 'gradient_checkpointing': False}",raw/BitcoinOTC__CONAD__seed44__f52f4474cdf71d9bbc37aac6.json,
4adbb03f-e6a7-45fb-a656-02c7b0f74ece,90bb811fb535166b345980de,391f2600f2d3a2c472f802767b5b7612c048e73ddfc3d03efea91a9416d5f7cf,ac10847c4f361dd494316905ff28e356c6f7cff17a7b12668d1b791c03811055,c4b03f9607545b9e6f71366f24a4fa17b98ad1c32b0a3354a42cf6d57ae275c3,BitcoinOTC,BitcoinOTC,real_trust_network_labels,round5_new,CONAD,CONAD,gog_fraud.models.pygod.shared_reconstruction.SharedCONAD,45,50,50,False,,sparse_fused,exact_sparse,True,False,False,False,6005,7409,success,,,stratified_node_transductive,0.0,0.9730041576076591,0.899338479421043,0.9502762430939227,1.1715354919433594,0.9347826086956522,1.1189883947372437,0.966022651565623,0.9148936170212766,0.9555555555555556,0.9329570963692295,0.9764046229545715,,,,0.9444444444444444,0.9444444444444444,0.9444444444444444,90.0,validation_labels,90.0,2912.0,90.0,2913.0,False,False,False,0.9329570963692295,0.9764046229545715,0.9444444444444444,0.9444444444444444,0.9730041576076591,0.026995842392340853,expected_direction,report_only_no_silent_inversion,1.3894266679999419,0.0056478110000171,1.7844595330006996,1429.2421875,891.0,105.625,128.0,0.5996422171592712,3.082662582397461,"{'name': 'sparse_fused', 'score_chunk_size': 8192, 'reconstruction_backend': 'exact_sparse', 'dense_materialized': False, 'training_full_graph': True, 'shared_model': True, 'approximation_used': False, 'normalized_adjacency_cached': True, 'message_backend': 'sparse_fused', 'edge_expanded_messages': False, 'full_graph': True, 'gradient_checkpointing': False}",raw/BitcoinOTC__CONAD__seed45__90bb811fb535166b345980de.json,
4adc181f-3cf4-466d-9ad3-5127d9e0bb68,ee3f99bac5405a788cdbe62e,391f2600f2d3a2c472f802767b5b7612c048e73ddfc3d03efea91a9416d5f7cf,ac10847c4f361dd494316905ff28e356c6f7cff17a7b12668d1b791c03811055,c4b03f9607545b9e6f71366f24a4fa17b98ad1c32b0a3354a42cf6d57ae275c3,BitcoinOTC,BitcoinOTC,real_trust_network_labels,round5_new,CONAD,CONAD,gog_fraud.models.pygod.shared_reconstruction.SharedCONAD,46,50,50,False,,sparse_fused,exact_sparse,True,False,False,False,6005,7409,success,,,stratified_node_transductive,0.0,0.9668249609032307,0.8820294205651692,0.945054945054945,1.1585114002227783,0.945054945054945,1.1358132362365723,0.9663557628247835,0.9347826086956522,0.9555555555555556,0.9433987047711332,0.976747911660373,,,,0.9333333333333333,0.9333333333333333,0.9333333333333333,90.0,validation_labels,90.0,2912.0,90.0,2913.0,False,False,False,0.9433987047711332,0.976747911660373,0.9333333333333333,0.9333333333333333,0.9668249609032307,0.03317503909676928,expected_direction,report_only_no_silent_inversion,1.2717103470004076,0.004527994999079965,1.3085260530006053,1433.421875,891.0,105.59228515625,128.0,0.6004422903060913,3.0745186805725098,"{'name': 'sparse_fused', 'score_chunk_size': 8192, 'reconstruction_backend': 'exact_sparse', 'dense_materialized': False, 'training_full_graph': True, 'shared_model': True, 'approximation_used': False, 'normalized_adjacency_cached': True, 'message_backend': 'sparse_fused', 'edge_expanded_messages': False, 'full_graph': True, 'gradient_checkpointing': False}",raw/BitcoinOTC__CONAD__seed46__ee3f99bac5405a788cdbe62e.json,
a5301d3b-0ee1-40cb-ac25-94fc4e38c92d,65c9260108d5b099044301fc,391f2600f2d3a2c472f802767b5b7612c048e73ddfc3d03efea91a9416d5f7cf,ac10847c4f361dd494316905ff28e356c6f7cff17a7b12668d1b791c03811055,c4b03f9607545b9e6f71366f24a4fa17b98ad1c32b0a3354a42cf6d57ae275c3,BitcoinOTC,BitcoinOTC,real_trust_network_labels,round5_new,CoLA,CoLA,pygod.detector.cola.CoLA,42,50,50,False,,sparse_fused,not_applicable_native_objective,True,False,False,False,6005,7409,success,,,stratified_node_transductive,0.0,0.8710760193767404,0.5398782829022652,0.5547445255474452,-0.9457910060882568,0.5487804878048781,-1.2220110893249512,0.9730179880079947,0.6081081081081081,0.5,0.538953856176323,0.7450223137658771,,,,0.5222222222222223,0.5222222222222223,0.5222222222222223,90.0,validation_labels,90.0,2912.0,90.0,2913.0,False,False,False,0.538953856176323,0.7450223137658771,0.5222222222222223,0.5222222222222223,0.8710760193767404,0.12892398062325972,expected_direction,report_only_no_silent_inversion,0.7399339839994354,0.007225584999105195,0.7877362150011322,1381.64453125,803.0,84.67041015625,106.0,-31.145362854003906,2.335911512374878,{},raw/BitcoinOTC__CoLA__seed42__65c9260108d5b099044301fc.json,
6264d193-a4b5-4891-9ac0-e97d3d51bd8c,392d6573d856ad257d064826,391f2600f2d3a2c472f802767b5b7612c048e73ddfc3d03efea91a9416d5f7cf,ac10847c4f361dd494316905ff28e356c6f7cff17a7b12668d1b791c03811055,c4b03f9607545b9e6f71366f24a4fa17b98ad1c32b0a3354a42cf6d57ae275c3,BitcoinOTC,BitcoinOTC,real_trust_network_labels,round5_new,CoLA,CoLA,pygod.detector.cola.CoLA,43,50,50,False,,sparse_fused,not_applicable_native_objective,True,False,False,False,6005,7409,success,,,stratified_node_transductive,0.0,0.873551512377465,0.5463535779994597,0.576923076923077,-0.9364358186721802,0.543046357615894,-0.8925328254699707,0.9823451032644903,0.6721311475409836,0.45555555555555555,0.54231475951912,0.7243448907197619,,,,0.5333333333333333,0.5333333333333333,0.5333333333333333,90.0,validation_labels,90.0,2912.0,90.0,2913.0,False,False,False,0.54231475951912,0.7243448907197619,0.5333333333333333,0.5333333333333333,0.873551512377465,0.126448487622535,expected_direction,report_only_no_silent_inversion,0.8273509959999501,0.010577049000858096,0.870283483998719,1379.01953125,862.0,84.67041015625,106.0,-44.25398254394531,1.719465732574463,{},raw/BitcoinOTC__CoLA__seed43__392d6573d856ad257d064826.json,
34e777b6-c8e9-4384-804a-4293b835561a,799d9a0eb0454260875794c7,391f2600f2d3a2c472f802767b5b7612c048e73ddfc3d03efea91a9416d5f7cf,ac10847c4f361dd494316905ff28e356c6f7cff17a7b12668d1b791c03811055,c4b03f9607545b9e6f71366f24a4fa17b98ad1c32b0a3354a42cf6d57ae275c3,BitcoinOTC,BitcoinOTC,real_trust_network_labels,round5_new,CoLA,CoLA,pygod.detector.cola.CoLA,44,50,50,False,,sparse_fused,not_applicable_native_objective,True,False,False,False,6005,7409,success,,,stratified_node_transductive,0.0,0.8608155013922264,0.5737284640307857,0.6172839506172839,-1.0985298156738281,0.6086956521739131,-1.0811947584152222,0.9770153231179214,0.6901408450704225,0.5444444444444444,0.602514284410422,0.7684460464584049,,,,0.5666666666666667,0.5666666666666667,0.5666666666666667,90.0,validation_labels,90.0,2912.0,90.0,2913.0,False,False,False,0.602514284410422,0.7684460464584049,0.5666666666666667,0.5666666666666667,0.8608155013922264,0.1391844986077736,expected_direction,report_only_no_silent_inversion,0.6670439970002917,0.006847759001175291,0.7051608390011097,1366.609375,862.0,84.67041015625,106.0,-31.48101043701172,0.6267550587654114,{},raw/BitcoinOTC__CoLA__seed44__799d9a0eb0454260875794c7.json,
b63dfe81-d3cb-4d97-9e91-312f89c663ae,08128957e3c2d4a162ab11f1,391f2600f2d3a2c472f802767b5b7612c048e73ddfc3d03efea91a9416d5f7cf,ac10847c4f361dd494316905ff28e356c6f7cff17a7b12668d1b791c03811055,c4b03f9607545b9e6f71366f24a4fa17b98ad1c32b0a3354a42cf6d57ae275c3,BitcoinOTC,BitcoinOTC,real_trust_network_labels,round5_new,CoLA,CoLA,pygod.detector.cola.CoLA,45,50,50,False,,sparse_fused,not_applicable_native_objective,True,False,False,False,6005,7409,success,,,stratified_node_transductive,0.0,0.7962695960636228,0.4190102412941455,0.5030674846625767,-1.1419243812561035,0.4864864864864865,-0.9647380113601685,0.983344437041972,0.6206896551724138,0.4,0.4862018218362053,0.6962238242361827,,,,0.4777777777777778,0.4777777777777778,0.4777777777777778,90.0,validation_labels,90.0,2912.0,90.0,2913.0,False,False,False,0.4862018218362053,0.6962238242361827,0.4777777777777778,0.4777777777777778,0.7962695960636228,0.20373040393637715,expected_direction,report_only_no_silent_inversion,0.7027161269998032,0.010171545000048354,0.7417713230006484,1374.9453125,863.0,84.67041015625,106.0,-33.12299728393555,1.9599459171295166,{},raw/BitcoinOTC__CoLA__seed45__08128957e3c2d4a162ab11f1.json,
56bf5d54-635c-49aa-a0d2-f7f158af8014,90effeaf498a7f3de52e5218,391f2600f2d3a2c472f802767b5b7612c048e73ddfc3d03efea91a9416d5f7cf,ac10847c4f361dd494316905ff28e356c6f7cff17a7b12668d1b791c03811055,c4b03f9607545b9e6f71366f24a4fa17b98ad1c32b0a3354a42cf6d57ae275c3,BitcoinOTC,BitcoinOTC,real_trust_network_labels,round5_new,CoLA,CoLA,pygod.detector.cola.CoLA,46,50,50,False,,sparse_fused,not_applicable_native_objective,True,False,False,False,6005,7409,success,,,stratified_node_transductive,0.0,0.7822557882290118,0.4133351692958386,0.5652173913043478,-1.334267497062683,0.5402298850574713,-1.2699025869369507,0.9706862091938707,0.5595238095238095,0.5222222222222223,0.5268615470164638,0.7547602700537819,,,,0.5555555555555556,0.5555555555555556,0.5555555555555556,90.0,validation_labels,90.0,2912.0,90.0,2913.0,False,False,False,0.5268615470164638,0.7547602700537819,0.5555555555555556,0.5555555555555556,0.7822557882290118,0.2177442117709883,expected_direction,report_only_no_silent_inversion,0.7419884840001032,0.006870054001410608,0.7769586249996792,1365.87890625,863.0,84.67041015625,106.0,-30.89808464050293,3.927537441253662,{},raw/BitcoinOTC__CoLA__seed46__90effeaf498a7f3de52e5218.json,
c70518ed-285b-41d1-bd89-53d99bce8ef0,470a69e759ea4f0f86aecf4b,391f2600f2d3a2c472f802767b5b7612c048e73ddfc3d03efea91a9416d5f7cf,ac10847c4f361dd494316905ff28e356c6f7cff17a7b12668d1b791c03811055,c4b03f9607545b9e6f71366f24a4fa17b98ad1c32b0a3354a42cf6d57ae275c3,BitcoinOTC,BitcoinOTC,real_trust_network_labels,round5_new,DLG-Aug,DLG,gog_fraud.models.pygod.shared_reconstruction.SharedDLGFull,42,50,50,False,,sparse_fused,exact_sparse,True,False,False,False,6005,7409,success,,,stratified_node_transductive,0.0,0.9889441965137125,0.8342185139686036,0.931216931216931,2.4341344833374023,0.9214659685863874,2.397768497467041,0.966688874083944,0.8712871287128713,0.9777777777777777,0.9205248850470974,0.9866575123011786,,,,0.8777777777777778,0.8777777777777778,0.8777777777777778,90.0,validation_labels,90.0,2912.0,90.0,2913.0,False,False,False,0.9205248850470974,0.9866575123011786,0.8777777777777778,0.8777777777777778,0.9889441965137125,0.011055803486287537,expected_direction,report_only_no_silent_inversion,0.7475968610015116,0.00465871199958201,0.7798393679986475,1387.22265625,896.0,92.25732421875,106.0,1.4295940399169922,6.908663272857666,"{'name': 'sparse_fused', 'score_chunk_size': 8192, 'reconstruction_backend': 'exact_sparse', 'dense_materialized': False, 'training_full_graph': True, 'shared_model': True, 'approximation_used': False, 'normalized_adjacency_cached': True, 'message_backend': 'sparse_fused', 'edge_expanded_messages': False, 'full_graph': True, 'gradient_checkpointing': False}",raw/BitcoinOTC__DLG-Aug__seed42__470a69e759ea4f0f86aecf4b.json,
c78cb707-71ad-4c1b-ba7f-40b9cde34fef,9c86566339fde6aeead621d3,391f2600f2d3a2c472f802767b5b7612c048e73ddfc3d03efea91a9416d5f7cf,ac10847c4f361dd494316905ff28e356c6f7cff17a7b12668d1b791c03811055,c4b03f9607545b9e6f71366f24a4fa17b98ad1c32b0a3354a42cf6d57ae275c3,BitcoinOTC,BitcoinOTC,real_trust_network_labels,round5_new,DLG-Aug,DLG,gog_fraud.models.pygod.shared_reconstruction.SharedDLGFull,43,50,50,False,,sparse_fused,exact_sparse,True,False,False,False,6005,7409,success,,,stratified_node_transductive,0.0,0.9775317542052866,0.8028873036597798,0.9214659685863874,2.3787333965301514,0.9214659685863874,2.3693137168884277,0.966688874083944,0.8712871287128713,0.9777777777777777,0.9205248850470974,0.9866575123011786,,,,0.8666666666666667,0.8666666666666667,0.8666666666666667,90.0,validation_labels,90.0,2912.0,90.0,2913.0,False,False,False,0.9205248850470974,0.9866575123011786,0.8666666666666667,0.8666666666666667,0.9775317542052866,0.022468245794713373,expected_direction,report_only_no_silent_inversion,1.2045330589990044,0.005301720000716159,1.6007700589998421,1385.18359375,897.0,92.25732421875,106.0,1.4425238370895386,6.793094158172607,"{'name': 'sparse_fused', 'score_chunk_size': 8192, 'reconstruction_backend': 'exact_sparse', 'dense_materialized': False, 'training_full_graph': True, 'shared_model': True, 'approximation_used': False, 'normalized_adjacency_cached': True, 'message_backend': 'sparse_fused', 'edge_expanded_messages': False, 'full_graph': True, 'gradient_checkpointing': False}",raw/BitcoinOTC__DLG-Aug__seed43__9c86566339fde6aeead621d3.json,
7a02b144-45ac-4149-b868-998ea6c4b1d1,d2895028ab0b737a7043f7b6,391f2600f2d3a2c472f802767b5b7612c048e73ddfc3d03efea91a9416d5f7cf,ac10847c4f361dd494316905ff28e356c6f7cff17a7b12668d1b791c03811055,c4b03f9607545b9e6f71366f24a4fa17b98ad1c32b0a3354a42cf6d57ae275c3,BitcoinOTC,BitcoinOTC,real_trust_network_labels,round5_new,DLG-Aug,DLG,gog_fraud.models.pygod.shared_reconstruction.SharedDLGFull,44,50,50,False,,sparse_fused,exact_sparse,True,False,False,False,6005,7409,success,,,stratified_node_transductive,0.0,0.9967044284243047,0.8069726239313647,0.9319371727748692,2.3967392444610596,0.9206349206349206,2.404918670654297,0.9676882078614257,0.8787878787878788,0.9666666666666667,0.919173785041508,0.9812736010985239,,,,0.8666666666666667,0.8666666666666667,0.8666666666666667,90.0,validation_labels,90.0,2912.0,90.0,2913.0,False,False,False,0.919173785041508,0.9812736010985239,0.8666666666666667,0.8666666666666667,0.9967044284243047,0.003295571575695178,expected_direction,report_only_no_silent_inversion,0.8196079770004872,0.004353237000032095,0.9686214369994559,1392.03125,696.0,92.25732421875,106.0,1.4262220859527588,6.768153667449951,"{'name': 'sparse_fused', 'score_chunk_size': 8192, 'reconstruction_backend': 'exact_sparse', 'dense_materialized': False, 'training_full_graph': True, 'shared_model': True, 'approximation_used': False, 'normalized_adjacency_cached': True, 'message_backend': 'sparse_fused', 'edge_expanded_messages': False, 'full_graph': True, 'gradient_checkpointing': False}",raw/BitcoinOTC__DLG-Aug__seed44__d2895028ab0b737a7043f7b6.json,
0548c493-5aae-494c-885b-22c31975f446,249903f6ef2e8d4d7a8a0221,391f2600f2d3a2c472f802767b5b7612c048e73ddfc3d03efea91a9416d5f7cf,ac10847c4f361dd494316905ff28e356c6f7cff17a7b12668d1b791c03811055,c4b03f9607545b9e6f71366f24a4fa17b98ad1c32b0a3354a42cf6d57ae275c3,BitcoinOTC,BitcoinOTC,real_trust_network_labels,round5_new,DLG-Aug,DLG,gog_fraud.models.pygod.shared_reconstruction.SharedDLGFull,45,50,50,False,,sparse_fused,exact_sparse,True,False,False,False,6005,7409,success,,,stratified_node_transductive,0.0,0.979786016706717,0.8548701052857386,0.9405405405405406,2.433267593383789,0.9354838709677419,2.4000182151794434,0.9650233177881412,0.90625,0.9666666666666667,0.9339418154150186,0.9817885341572262,,,,0.9111111111111111,0.9111111111111111,0.9111111111111111,90.0,validation_labels,90.0,2912.0,90.0,2913.0,False,False,False,0.9339418154150186,0.9817885341572262,0.9111111111111111,0.9111111111111111,0.979786016706717,0.020213983293282993,expected_direction,report_only_no_silent_inversion,1.0048568260008324,0.004809449999811477,1.0978755989999627,1384.79296875,909.0,92.25732421875,106.0,1.4356681108474731,6.894171714782715,"{'name': 'sparse_fused', 'score_chunk_size': 8192, 'reconstruction_backend': 'exact_sparse', 'dense_materialized': False, 'training_full_graph': True, 'shared_model': True, 'approximation_used': False, 'normalized_adjacency_cached': True, 'message_backend': 'sparse_fused', 'edge_expanded_messages': False, 'full_graph': True, 'gradient_checkpointing': False}",raw/BitcoinOTC__DLG-Aug__seed45__249903f6ef2e8d4d7a8a0221.json,
cad6e4db-d3e1-47ca-aee5-00d64eff25cb,37a8fe3c4864718dba2b2aae,391f2600f2d3a2c472f802767b5b7612c048e73ddfc3d03efea91a9416d5f7cf,ac10847c4f361dd494316905ff28e356c6f7cff17a7b12668d1b791c03811055,c4b03f9607545b9e6f71366f24a4fa17b98ad1c32b0a3354a42cf6d57ae275c3,BitcoinOTC,BitcoinOTC,real_trust_network_labels,round5_new,DLG-Aug,DLG,gog_fraud.models.pygod.shared_reconstruction.SharedDLGFull,46,50,50,False,,sparse_fused,exact_sparse,True,False,False,False,6005,7409,success,,,stratified_node_transductive,0.0,0.983394362436587,0.8319705091733535,0.93048128342246,2.4100449085235596,0.93048128342246,2.401034116744995,0.9653564290473018,0.8969072164948454,0.9666666666666667,0.9289439900911927,0.9816168898043254,,,,0.8888888888888888,0.8888888888888888,0.8888888888888888,90.0,validation_labels,90.0,2912.0,90.0,2913.0,False,False,False,0.9289439900911927,0.9816168898043254,0.8888888888888888,0.8888888888888888,0.983394362436587,0.016605637563413066,expected_direction,report_only_no_silent_inversion,1.0426454460011882,0.006847826000011992,1.097402499999589,1397.9609375,911.0,92.25732421875,106.0,1.442228078842163,6.879066467285156,"{'name': 'sparse_fused', 'score_chunk_size': 8192, 'reconstruction_backend': 'exact_sparse', 'dense_materialized': False, 'training_full_graph': True, 'shared_model': True, 'approximation_used': False, 'normalized_adjacency_cached': True, 'message_backend': 'sparse_fused', 'edge_expanded_messages': False, 'full_graph': True, 'gradient_checkpointing': False}",raw/BitcoinOTC__DLG-Aug__seed46__37a8fe3c4864718dba2b2aae.json,
3d2af96f-f534-48b5-a0da-3b3845d53a0e,14920311a3f98d34f9efcc9b,391f2600f2d3a2c472f802767b5b7612c048e73ddfc3d03efea91a9416d5f7cf,ac10847c4f361dd494316905ff28e356c6f7cff17a7b12668d1b791c03811055,c4b03f9607545b9e6f71366f24a4fa17b98ad1c32b0a3354a42cf6d57ae275c3,BitcoinOTC,BitcoinOTC,real_trust_network_labels,round5_new,DLG-Base,DLG-Base,gog_fraud.models.pygod.shared_reconstruction.SharedDLGBase,42,50,50,False,,sparse_fused,exact_sparse,True,False,False,False,6005,7409,success,,,stratified_node_transductive,0.0,0.990797955525041,0.8296195874779306,0.931216931216931,2.414287567138672,0.9312169312169312,2.3890295028686523,0.966688874083944,0.8888888888888888,0.9777777777777777,0.9301120372239033,0.9870008010069802,,,,0.8777777777777778,0.8777777777777778,0.8777777777777778,90.0,validation_labels,90.0,2912.0,90.0,2913.0,False,False,False,0.9301120372239033,0.9870008010069802,0.8777777777777778,0.8777777777777778,0.990797955525041,0.009202044474959009,expected_direction,report_only_no_silent_inversion,0.7165956570006529,0.004722059000414447,0.7560435870000219,1350.9453125,962.0,99.0439453125,106.0,1.3608704805374146,6.743322372436523,"{'name': 'sparse_fused', 'score_chunk_size': 8192, 'reconstruction_backend': 'exact_sparse', 'dense_materialized': False, 'training_full_graph': True, 'shared_model': True, 'approximation_used': False, 'normalized_adjacency_cached': True, 'message_backend': 'sparse_fused', 'edge_expanded_messages': False, 'full_graph': True, 'gradient_checkpointing': False}",raw/BitcoinOTC__DLG-Base__seed42__14920311a3f98d34f9efcc9b.json,
3f5727d3-975e-4cde-acc2-ce8c39daf413,59e523810438ea5e84d8cbc7,391f2600f2d3a2c472f802767b5b7612c048e73ddfc3d03efea91a9416d5f7cf,ac10847c4f361dd494316905ff28e356c6f7cff17a7b12668d1b791c03811055,c4b03f9607545b9e6f71366f24a4fa17b98ad1c32b0a3354a42cf6d57ae275c3,BitcoinOTC,BitcoinOTC,real_trust_network_labels,round5_new,DLG-Base,DLG-Base,gog_fraud.models.pygod.shared_reconstruction.SharedDLGBase,43,50,50,False,,sparse_fused,exact_sparse,True,False,False,False,6005,7409,success,,,stratified_node_transductive,0.0,0.9810294846855094,0.8152626505538658,0.9263157894736842,2.3916847705841064,0.9263157894736842,2.3028488159179688,0.966688874083944,0.88,0.9777777777777777,0.9252829411291752,0.9868291566540794,,,,0.8666666666666667,0.8666666666666667,0.8666666666666667,90.0,validation_labels,90.0,2912.0,90.0,2913.0,False,False,False,0.9252829411291752,0.9868291566540794,0.8666666666666667,0.8666666666666667,0.9810294846855094,0.01897051531449061,expected_direction,report_only_no_silent_inversion,0.8052676320003229,0.005267776001346647,0.8468961870003113,1348.0234375,860.0,99.0439453125,106.0,1.3785393238067627,6.571507453918457,"{'name': 'sparse_fused', 'score_chunk_size': 8192, 'reconstruction_backend': 'exact_sparse', 'dense_materialized': False, 'training_full_graph': True, 'shared_model': True, 'approximation_used': False, 'normalized_adjacency_cached': True, 'message_backend': 'sparse_fused', 'edge_expanded_messages': False, 'full_graph': True, 'gradient_checkpointing': False}",raw/BitcoinOTC__DLG-Base__seed43__59e523810438ea5e84d8cbc7.json,
ac171b78-0a8f-41f0-9ab0-51b3be008953,fb4aab28734a57617dd2ea74,391f2600f2d3a2c472f802767b5b7612c048e73ddfc3d03efea91a9416d5f7cf,ac10847c4f361dd494316905ff28e356c6f7cff17a7b12668d1b791c03811055,c4b03f9607545b9e6f71366f24a4fa17b98ad1c32b0a3354a42cf6d57ae275c3,BitcoinOTC,BitcoinOTC,real_trust_network_labels,round5_new,DLG-Base,DLG-Base,gog_fraud.models.pygod.shared_reconstruction.SharedDLGBase,44,50,50,False,,sparse_fused,exact_sparse,True,False,False,False,6005,7409,success,,,stratified_node_transductive,0.0,0.9967692718465118,0.8108162900407793,0.9375,2.3506722450256348,0.9206349206349206,2.393064498901367,0.9676882078614257,0.8787878787878788,0.9666666666666667,0.919173785041508,0.9812736010985239,,,,0.8666666666666667,0.8666666666666667,0.8666666666666667,90.0,validation_labels,90.0,2912.0,90.0,2913.0,False,False,False,0.919173785041508,0.9812736010985239,0.8666666666666667,0.8666666666666667,0.9967692718465118,0.003230728153488212,expected_direction,report_only_no_silent_inversion,1.1715291300006356,0.007167701000071247,1.6156847049987846,1364.375,862.0,99.0439453125,106.0,1.3784602880477905,6.688860893249512,"{'name': 'sparse_fused', 'score_chunk_size': 8192, 'reconstruction_backend': 'exact_sparse', 'dense_materialized': False, 'training_full_graph': True, 'shared_model': True, 'approximation_used': False, 'normalized_adjacency_cached': True, 'message_backend': 'sparse_fused', 'edge_expanded_messages': False, 'full_graph': True, 'gradient_checkpointing': False}",raw/BitcoinOTC__DLG-Base__seed44__fb4aab28734a57617dd2ea74.json,
f20e8306-f66b-4cda-b512-29f0faa5c8a1,82d15e01dd4ba5a88f1db3d8,391f2600f2d3a2c472f802767b5b7612c048e73ddfc3d03efea91a9416d5f7cf,ac10847c4f361dd494316905ff28e356c6f7cff17a7b12668d1b791c03811055,c4b03f9607545b9e6f71366f24a4fa17b98ad1c32b0a3354a42cf6d57ae275c3,BitcoinOTC,BitcoinOTC,real_trust_network_labels,round5_new,DLG-Base,DLG-Base,gog_fraud.models.pygod.shared_reconstruction.SharedDLGBase,45,50,50,False,,sparse_fused,exact_sparse,True,False,False,False,6005,7409,success,,,stratified_node_transductive,0.0,0.981807605751993,0.853738292951353,0.9405405405405406,2.304966688156128,0.9289617486338798,2.387174129486084,0.9653564290473018,0.9139784946236559,0.9444444444444444,0.9268623444720961,0.9708490673990159,,,,0.9111111111111111,0.9111111111111111,0.9111111111111111,90.0,validation_labels,90.0,2912.0,90.0,2913.0,False,False,False,0.9268623444720961,0.9708490673990159,0.9111111111111111,0.9111111111111111,0.981807605751993,0.01819239424800703,expected_direction,report_only_no_silent_inversion,0.9852830449999601,0.004991261001123348,1.0295076160000463,1356.91796875,863.0,99.0439453125,106.0,1.3690123558044434,6.565441131591797,"{'name': 'sparse_fused', 'score_chunk_size': 8192, 'reconstruction_backend': 'exact_sparse', 'dense_materialized': False, 'training_full_graph': True, 'shared_model': True, 'approximation_used': False, 'normalized_adjacency_cached': True, 'message_backend': 'sparse_fused', 'edge_expanded_messages': False, 'full_graph': True, 'gradient_checkpointing': False}",raw/BitcoinOTC__DLG-Base__seed45__82d15e01dd4ba5a88f1db3d8.json,
693752d7-7b81-4938-8cfb-32e464a55ac7,3fcea69b4e2e2f8d3190f75d,391f2600f2d3a2c472f802767b5b7612c048e73ddfc3d03efea91a9416d5f7cf,ac10847c4f361dd494316905ff28e356c6f7cff17a7b12668d1b791c03811055,c4b03f9607545b9e6f71366f24a4fa17b98ad1c32b0a3354a42cf6d57ae275c3,BitcoinOTC,BitcoinOTC,real_trust_network_labels,round5_new,DLG-Base,DLG-Base,gog_fraud.models.pygod.shared_reconstruction.SharedDLGBase,46,50,50,False,,sparse_fused,exact_sparse,True,False,False,False,6005,7409,success,,,stratified_node_transductive,0.0,0.9789544951748865,0.8465883880760355,0.93048128342246,2.266021966934204,0.918918918918919,2.396099805831909,0.966022651565623,0.8947368421052632,0.9444444444444444,0.916700463012509,0.9705057786932143,,,,0.8888888888888888,0.8888888888888888,0.8888888888888888,90.0,validation_labels,90.0,2912.0,90.0,2913.0,False,False,False,0.916700463012509,0.9705057786932143,0.8888888888888888,0.8888888888888888,0.9789544951748865,0.02104550482511349,expected_direction,report_only_no_silent_inversion,1.0996530700012954,0.006323173000055249,1.1418431229994894,1359.0,864.0,99.0439453125,106.0,1.3625106811523438,6.607512474060059,"{'name': 'sparse_fused', 'score_chunk_size': 8192, 'reconstruction_backend': 'exact_sparse', 'dense_materialized': False, 'training_full_graph': True, 'shared_model': True, 'approximation_used': False, 'normalized_adjacency_cached': True, 'message_backend': 'sparse_fused', 'edge_expanded_messages': False, 'full_graph': True, 'gradient_checkpointing': False}",raw/BitcoinOTC__DLG-Base__seed46__3fcea69b4e2e2f8d3190f75d.json,
d19e5268-1776-4335-b54b-c61e0e699875,a5d5d1b3ec77c5026f7fa89c,391f2600f2d3a2c472f802767b5b7612c048e73ddfc3d03efea91a9416d5f7cf,ac10847c4f361dd494316905ff28e356c6f7cff17a7b12668d1b791c03811055,c4b03f9607545b9e6f71366f24a4fa17b98ad1c32b0a3354a42cf6d57ae275c3,BitcoinOTC,BitcoinOTC,real_trust_network_labels,round5_new,DOMINANT,DOMINANT,gog_fraud.models.pygod.shared_reconstruction.SharedDOMINANT,42,50,50,False,,sparse_fused,exact_sparse,True,False,False,False,6005,7409,success,,,stratified_node_transductive,0.0,0.9894438722966015,0.857938811494615,0.93048128342246,2.412550926208496,0.93048128342246,2.4038314819335938,0.9670219853431046,0.8969072164948454,0.9666666666666667,0.9289439900911927,0.9816168898043254,,,,0.8888888888888888,0.8888888888888888,0.8888888888888888,90.0,validation_labels,90.0,2912.0,90.0,2913.0,False,False,False,0.9289439900911927,0.9816168898043254,0.8888888888888888,0.8888888888888888,0.9894438722966015,0.010556127703398572,expected_direction,report_only_no_silent_inversion,0.6834731120000015,0.004387747000009767,0.7172461289999887,1344.1953125,986.0,93.931640625,106.0,1.334160566329956,6.373960971832275,"{'name': 'sparse_fused', 'score_chunk_size': 8192, 'reconstruction_backend': 'exact_sparse', 'dense_materialized': False, 'training_full_graph': True, 'shared_model': True, 'approximation_used': False, 'normalized_adjacency_cached': True, 'message_backend': 'sparse_fused', 'edge_expanded_messages': False, 'full_graph': True, 'gradient_checkpointing': False}",raw/BitcoinOTC__DOMINANT__seed42__a5d5d1b3ec77c5026f7fa89c.json,
c2a884a3-feab-4da3-974b-7d7e6cf764d0,1cdfad8336f15a1ad7bfce10,391f2600f2d3a2c472f802767b5b7612c048e73ddfc3d03efea91a9416d5f7cf,ac10847c4f361dd494316905ff28e356c6f7cff17a7b12668d1b791c03811055,c4b03f9607545b9e6f71366f24a4fa17b98ad1c32b0a3354a42cf6d57ae275c3,BitcoinOTC,BitcoinOTC,real_trust_network_labels,round5_new,DOMINANT,DOMINANT,gog_fraud.models.pygod.shared_reconstruction.SharedDOMINANT,43,50,50,False,,sparse_fused,exact_sparse,True,False,False,False,6005,7409,success,,,stratified_node_transductive,0.0,0.9816626616317656,0.8929078123495453,0.9289617486338798,2.2586588859558105,0.9289617486338798,2.1772658824920654,0.9693537641572285,0.9139784946236559,0.9444444444444444,0.9268623444720961,0.9708490673990159,,,,0.9111111111111111,0.9111111111111111,0.9111111111111111,90.0,validation_labels,90.0,2912.0,90.0,2913.0,False,False,False,0.9268623444720961,0.9708490673990159,0.9111111111111111,0.9111111111111111,0.9816626616317656,0.01833733836823436,expected_direction,report_only_no_silent_inversion,0.7696818139993411,0.0046278740010166075,0.8153738010005327,1381.7109375,864.0,93.931640625,106.0,1.1072357892990112,5.802550792694092,"{'name': 'sparse_fused', 'score_chunk_size': 8192, 'reconstruction_backend': 'exact_sparse', 'dense_materialized': False, 'training_full_graph': True, 'shared_model': True, 'approximation_used': False, 'normalized_adjacency_cached': True, 'message_backend': 'sparse_fused', 'edge_expanded_messages': False, 'full_graph': True, 'gradient_checkpointing': False}",raw/BitcoinOTC__DOMINANT__seed43__1cdfad8336f15a1ad7bfce10.json,
155adbe3-4c7f-4cc6-bea0-1fe002c22408,e8883306d36ae59318dff1b9,391f2600f2d3a2c472f802767b5b7612c048e73ddfc3d03efea91a9416d5f7cf,ac10847c4f361dd494316905ff28e356c6f7cff17a7b12668d1b791c03811055,c4b03f9607545b9e6f71366f24a4fa17b98ad1c32b0a3354a42cf6d57ae275c3,BitcoinOTC,BitcoinOTC,real_trust_network_labels,round5_new,DOMINANT,DOMINANT,gog_fraud.models.pygod.shared_reconstruction.SharedDOMINANT,44,50,50,False,,sparse_fused,exact_sparse,True,False,False,False,6005,7409,success,,,stratified_node_transductive,0.0,0.9978487241103101,0.8688421851453944,0.9417989417989419,2.161924123764038,0.9239130434782609,2.3999242782592773,0.9683544303797469,0.9042553191489362,0.9444444444444444,0.9217413534073291,0.970677423046115,,,,0.9111111111111111,0.9111111111111111,0.9111111111111111,90.0,validation_labels,90.0,2912.0,90.0,2913.0,False,False,False,0.9217413534073291,0.970677423046115,0.9111111111111111,0.9111111111111111,0.9978487241103101,0.002151275889689908,expected_direction,report_only_no_silent_inversion,0.9521864050002478,0.005249002999335062,1.1284198270004708,1352.35546875,864.0,93.931640625,106.0,1.2198395729064941,6.17631721496582,"{'name': 'sparse_fused', 'score_chunk_size': 8192, 'reconstruction_backend': 'exact_sparse', 'dense_materialized': False, 'training_full_graph': True, 'shared_model': True, 'approximation_used': False, 'normalized_adjacency_cached': True, 'message_backend': 'sparse_fused', 'edge_expanded_messages': False, 'full_graph': True, 'gradient_checkpointing': False}",raw/BitcoinOTC__DOMINANT__seed44__e8883306d36ae59318dff1b9.json,
3554d493-ccfd-41ed-9878-b55b8caaf413,f4e76805a07a022b7d6cfb01,391f2600f2d3a2c472f802767b5b7612c048e73ddfc3d03efea91a9416d5f7cf,ac10847c4f361dd494316905ff28e356c6f7cff17a7b12668d1b791c03811055,c4b03f9607545b9e6f71366f24a4fa17b98ad1c32b0a3354a42cf6d57ae275c3,BitcoinOTC,BitcoinOTC,real_trust_network_labels,round5_new,DOMINANT,DOMINANT,gog_fraud.models.pygod.shared_reconstruction.SharedDOMINANT,45,50,50,False,,sparse_fused,exact_sparse,True,False,False,False,6005,7409,success,,,stratified_node_transductive,0.0,0.973011786245566,0.8993389512641203,0.9502762430939227,2.3428614139556885,0.9347826086956522,2.2377371788024902,0.966022651565623,0.9148936170212766,0.9555555555555556,0.9329570963692295,0.9764046229545715,,,,0.9444444444444444,0.9444444444444444,0.9444444444444444,90.0,validation_labels,90.0,2912.0,90.0,2913.0,False,False,False,0.9329570963692295,0.9764046229545715,0.9444444444444444,0.9444444444444444,0.973011786245566,0.02698821375443415,expected_direction,report_only_no_silent_inversion,0.8349768719999702,0.006266827000217745,0.8867651800010208,1359.20703125,864.0,93.931640625,106.0,1.199235200881958,6.1651153564453125,"{'name': 'sparse_fused', 'score_chunk_size': 8192, 'reconstruction_backend': 'exact_sparse', 'dense_materialized': False, 'training_full_graph': True, 'shared_model': True, 'approximation_used': False, 'normalized_adjacency_cached': True, 'message_backend': 'sparse_fused', 'edge_expanded_messages': False, 'full_graph': True, 'gradient_checkpointing': False}",raw/BitcoinOTC__DOMINANT__seed45__f4e76805a07a022b7d6cfb01.json,
5ad00902-1f48-4be1-bd86-099dcaf59b6c,7604f8ffdb81c72ead98f35b,391f2600f2d3a2c472f802767b5b7612c048e73ddfc3d03efea91a9416d5f7cf,ac10847c4f361dd494316905ff28e356c6f7cff17a7b12668d1b791c03811055,c4b03f9607545b9e6f71366f24a4fa17b98ad1c32b0a3354a42cf6d57ae275c3,BitcoinOTC,BitcoinOTC,real_trust_network_labels,round5_new,DOMINANT,DOMINANT,gog_fraud.models.pygod.shared_reconstruction.SharedDOMINANT,46,50,50,False,,sparse_fused,exact_sparse,True,False,False,False,6005,7409,success,,,stratified_node_transductive,0.0,0.9668249609032308,0.8820294205651692,0.945054945054945,2.3170087337493896,0.945054945054945,2.271623134613037,0.9663557628247835,0.9347826086956522,0.9555555555555556,0.9433987047711332,0.976747911660373,,,,0.9333333333333333,0.9333333333333333,0.9333333333333333,90.0,validation_labels,90.0,2912.0,90.0,2913.0,False,False,False,0.9433987047711332,0.976747911660373,0.9333333333333333,0.9333333333333333,0.9668249609032308,0.03317503909676928,expected_direction,report_only_no_silent_inversion,0.9012022530005197,0.004818687000806676,0.9437470079992636,1362.6796875,865.0,93.931640625,106.0,1.2008695602416992,6.149030685424805,"{'name': 'sparse_fused', 'score_chunk_size': 8192, 'reconstruction_backend': 'exact_sparse', 'dense_materialized': False, 'training_full_graph': True, 'shared_model': True, 'approximation_used': False, 'normalized_adjacency_cached': True, 'message_backend': 'sparse_fused', 'edge_expanded_messages': False, 'full_graph': True, 'gradient_checkpointing': False}",raw/BitcoinOTC__DOMINANT__seed46__7604f8ffdb81c72ead98f35b.json,
838061a8-79bc-4c6c-bdc8-674ff34faee0,ab36e592c4a90b8f18f97a80,391f2600f2d3a2c472f802767b5b7612c048e73ddfc3d03efea91a9416d5f7cf,ac10847c4f361dd494316905ff28e356c6f7cff17a7b12668d1b791c03811055,c4b03f9607545b9e6f71366f24a4fa17b98ad1c32b0a3354a42cf6d57ae275c3,BitcoinOTC,BitcoinOTC,real_trust_network_labels,round5_new,GADNR,GADNR,gog_fraud.models.pygod.gadnr.GADNR,42,50,50,False,,sparse_fused,not_applicable_native_objective,True,False,False,False,6005,7409,success,,,stratified_node_transductive,0.0,0.9904088949917993,0.9215247843375843,0.9666666666666667,16.202762603759766,0.9666666666666667,16.202762603759766,0.9706862091938707,0.9666666666666667,0.9666666666666667,0.9656368005492619,0.982818400274631,,,,0.9666666666666667,0.9666666666666667,0.9666666666666667,90.0,validation_labels,90.0,2912.0,90.0,2913.0,False,False,False,0.9656368005492619,0.982818400274631,0.9666666666666667,0.9666666666666667,0.9904088949917993,0.00959110500820079,expected_direction,report_only_no_silent_inversion,48.36270282800024,0.6465694409998832,49.032170387000406,1544.6015625,5233.0,4351.58544921875,4606.0,0.8027606010437012,33.80276870727539,{},raw/BitcoinOTC__GADNR__seed42__ab36e592c4a90b8f18f97a80.json,
3eb57bb2-5399-4690-8fee-f34dbd7e72c7,835a31f1f0ba95b14a616df0,391f2600f2d3a2c472f802767b5b7612c048e73ddfc3d03efea91a9416d5f7cf,ac10847c4f361dd494316905ff28e356c6f7cff17a7b12668d1b791c03811055,c4b03f9607545b9e6f71366f24a4fa17b98ad1c32b0a3354a42cf6d57ae275c3,BitcoinOTC,BitcoinOTC,real_trust_network_labels,round5_new,GADNR,GADNR,gog_fraud.models.pygod.gadnr.GADNR,43,50,50,False,,sparse_fused,not_applicable_native_objective,True,False,False,False,6005,7409,success,,,stratified_node_transductive,0.0,0.32701682114658426,0.12857117190366074,0.2545454545454545,1.8284763097763062,0.23853211009174313,1.8286243677139282,0.9910059960026649,0.6842105263157895,0.14444444444444443,0.306181290316287,0.5711923561048174,,,,0.15555555555555556,0.15555555555555556,0.15555555555555556,90.0,validation_labels,90.0,2912.0,90.0,2913.0,False,False,False,0.306181290316287,0.5711923561048174,0.15555555555555556,0.15555555555555556,0.32701682114658426,0.6729831788534157,warning_inverse_association,report_only_no_silent_inversion,55.775544527999955,0.7598765699985961,56.57344624699908,1548.15625,5371.0,4351.58544921875,4606.0,0.00823524221777916,9.88571834564209,{},raw/BitcoinOTC__GADNR__seed43__835a31f1f0ba95b14a616df0.json,
de9e2ad8-ca89-4bc9-a0c0-a3a0eee4717d,6b707c8abac5dfce2ebd087d,391f2600f2d3a2c472f802767b5b7612c048e73ddfc3d03efea91a9416d5f7cf,ac10847c4f361dd494316905ff28e356c6f7cff17a7b12668d1b791c03811055,c4b03f9607545b9e6f71366f24a4fa17b98ad1c32b0a3354a42cf6d57ae275c3,BitcoinOTC,BitcoinOTC,real_trust_network_labels,round5_new,GADNR,GADNR,gog_fraud.models.pygod.gadnr.GADNR,44,50,50,False,,sparse_fused,not_applicable_native_objective,True,False,False,False,6005,7409,success,,,stratified_node_transductive,0.0,0.9900789564023345,0.9556651062748489,0.978021978021978,16.203092575073242,0.9608938547486033,16.203094482421875,0.9753497668221186,0.9662921348314607,0.9555555555555556,0.9597084997239521,0.9772628447190754,,,,0.9666666666666667,0.9666666666666667,0.9666666666666667,90.0,validation_labels,90.0,2912.0,90.0,2913.0,False,False,False,0.9597084997239521,0.9772628447190754,0.9666666666666667,0.9666666666666667,0.9900789564023345,0.00992104359766564,expected_direction,report_only_no_silent_inversion,54.86106947499866,0.6932319600000483,55.5883225739999,1548.1328125,5374.0,4351.58544921875,4606.0,0.8030903935432434,33.80309295654297,{},raw/BitcoinOTC__GADNR__seed44__6b707c8abac5dfce2ebd087d.json,
265da9ab-000b-4e49-9332-922a2edcaa53,e1a93a3c6447a502dcbb51db,391f2600f2d3a2c472f802767b5b7612c048e73ddfc3d03efea91a9416d5f7cf,ac10847c4f361dd494316905ff28e356c6f7cff17a7b12668d1b791c03811055,c4b03f9607545b9e6f71366f24a4fa17b98ad1c32b0a3354a42cf6d57ae275c3,BitcoinOTC,BitcoinOTC,real_trust_network_labels,round5_new,GADNR,GADNR,gog_fraud.models.pygod.gadnr.GADNR,45,50,50,False,,sparse_fused,not_applicable_native_objective,True,False,False,False,6005,7409,success,,,stratified_node_transductive,0.0,0.9822615097074417,0.9184927511203154,0.9662921348314608,15.780485153198242,0.9662921348314607,15.780484199523926,0.9690206528980679,0.9772727272727273,0.9555555555555556,0.9653274714452773,0.9774344890719762,,,,0.9555555555555556,0.9555555555555556,0.9555555555555556,90.0,validation_labels,90.0,2912.0,90.0,2913.0,False,False,False,0.9653274714452773,0.9774344890719762,0.9555555555555556,0.9555555555555556,0.9822615097074417,0.01773849029255827,expected_direction,report_only_no_silent_inversion,67.58362364099958,0.7488310459993954,68.3664366590001,1557.8203125,5492.0,4351.58544921875,4606.0,0.7116605043411255,33.19124984741211,{},raw/BitcoinOTC__GADNR__seed45__e1a93a3c6447a502dcbb51db.json,
63b64383-28a6-4204-a2ca-30786d8f961f,6c6bb244e548d0bb023186fb,391f2600f2d3a2c472f802767b5b7612c048e73ddfc3d03efea91a9416d5f7cf,ac10847c4f361dd494316905ff28e356c6f7cff17a7b12668d1b791c03811055,c4b03f9607545b9e6f71366f24a4fa17b98ad1c32b0a3354a42cf6d57ae275c3,BitcoinOTC,BitcoinOTC,real_trust_network_labels,round5_new,GADNR,GADNR,gog_fraud.models.pygod.gadnr.GADNR,46,50,50,False,,sparse_fused,not_applicable_native_objective,True,False,False,False,6005,7409,success,,,stratified_node_transductive,0.0,0.9789792882480832,0.9306636539734813,0.9662921348314608,16.203617095947266,0.9425287356321839,16.2036190032959,0.9800133244503664,0.9761904761904762,0.9111111111111111,0.9414098952034472,0.955212266849754,,,,0.9555555555555556,0.9555555555555556,0.9555555555555556,90.0,validation_labels,90.0,2912.0,90.0,2913.0,False,False,False,0.9414098952034472,0.955212266849754,0.9555555555555556,0.9555555555555556,0.9789792882480832,0.0210207117519167,expected_direction,report_only_no_silent_inversion,51.85953048199917,0.6953855119991204,52.607253961001334,1544.01171875,5492.0,4351.58544921875,4606.0,0.8036153316497803,33.80362319946289,{},raw/BitcoinOTC__GADNR__seed46__6c6bb244e548d0bb023186fb.json,
32734754-ece9-4547-9bd4-fb8abe938b6e,de5d8e878b1e24b334a85fc4,391f2600f2d3a2c472f802767b5b7612c048e73ddfc3d03efea91a9416d5f7cf,ac10847c4f361dd494316905ff28e356c6f7cff17a7b12668d1b791c03811055,c4b03f9607545b9e6f71366f24a4fa17b98ad1c32b0a3354a42cf6d57ae275c3,BitcoinOTC,BitcoinOTC,real_trust_network_labels,round5_new,OCGNN,OCGNN,pygod.detector.ocgnn.OCGNN,42,50,50,False,,sparse_fused,not_applicable_native_objective,True,False,False,False,6005,7409,success,,,stratified_node_transductive,0.0,0.49499370637372697,0.028454235287067114,0.08280565026790063,-0.7465211749076843,0.0817490494296578,-0.7517122626304626,0.31945369753497665,0.04270109235352532,0.9555555555555556,0.10655162285565081,0.6468474653850556,,,,0.0,0.0,0.0,90.0,validation_labels,90.0,2912.0,90.0,2913.0,False,False,False,0.10655162285565081,0.6468474653850556,0.0,0.0,0.49499370637372697,0.505006293626273,expected_direction,report_only_no_silent_inversion,0.6158617680011957,0.005536930000744178,0.6547554739991028,1452.38671875,843.0,77.68017578125,86.0,-1.01987886428833,-0.20723474025726318,{},raw/BitcoinOTC__OCGNN__seed42__de5d8e878b1e24b334a85fc4.json,
ecc8c44d-ba08-418b-8d86-d89b656088ef,be8005f74a1538025de5cf1d,391f2600f2d3a2c472f802767b5b7612c048e73ddfc3d03efea91a9416d5f7cf,ac10847c4f361dd494316905ff28e356c6f7cff17a7b12668d1b791c03811055,c4b03f9607545b9e6f71366f24a4fa17b98ad1c32b0a3354a42cf6d57ae275c3,BitcoinOTC,BitcoinOTC,real_trust_network_labels,round5_new,OCGNN,OCGNN,pygod.detector.ocgnn.OCGNN,43,50,50,False,,sparse_fused,not_applicable_native_objective,True,False,False,False,6005,7409,success,,,stratified_node_transductive,0.0,0.6562325971697753,0.042127578300674914,0.10381077529566358,-0.6356664896011353,0.1038107752956636,-0.6356664896011353,0.5266489007328448,0.055167597765363126,0.8777777777777778,0.14109313197133538,0.7066540794141206,,,,0.0,0.0,0.0,90.0,validation_labels,90.0,2912.0,90.0,2913.0,False,False,False,0.14109313197133538,0.7066540794141206,0.0,0.0,0.6562325971697753,0.34376740283022467,expected_direction,report_only_no_silent_inversion,0.6541127509990474,0.004927678999592899,0.7295533019987488,1432.12109375,844.0,77.68017578125,86.0,-1.026739239692688,-0.011747479438781738,{},raw/BitcoinOTC__OCGNN__seed43__be8005f74a1538025de5cf1d.json,
8bf90164-fe3b-4e5d-b51b-02f913a72521,532740a2145ef6b673b461fe,391f2600f2d3a2c472f802767b5b7612c048e73ddfc3d03efea91a9416d5f7cf,ac10847c4f361dd494316905ff28e356c6f7cff17a7b12668d1b791c03811055,c4b03f9607545b9e6f71366f24a4fa17b98ad1c32b0a3354a42cf6d57ae275c3,BitcoinOTC,BitcoinOTC,real_trust_network_labels,round5_new,OCGNN,OCGNN,pygod.detector.ocgnn.OCGNN,44,50,50,False,,sparse_fused,not_applicable_native_objective,True,False,False,False,6005,7409,success,,,stratified_node_transductive,0.0,0.5670786131136285,0.036529853148045334,0.07894736842105264,-0.8428675532341003,0.07696102614701529,-0.8540889620780945,0.3580946035976016,0.040268456375838924,0.8666666666666667,0.08141809056326346,0.6142464812907655,,,,0.0,0.0,0.0,90.0,validation_labels,90.0,2912.0,90.0,2913.0,False,False,False,0.08141809056326346,0.6142464812907655,0.0,0.0,0.5670786131136285,0.4329213868863714,expected_direction,report_only_no_silent_inversion,0.6599379170002067,0.004925225000988576,0.7268288459999894,1425.98046875,844.0,77.68017578125,86.0,-1.143639326095581,-0.3449510335922241,{},raw/BitcoinOTC__OCGNN__seed44__532740a2145ef6b673b461fe.json,
3516f1c9-bbdd-48f1-b68a-e1997edfeabc,16afd9f95f8e5dad235d7151,391f2600f2d3a2c472f802767b5b7612c048e73ddfc3d03efea91a9416d5f7cf,ac10847c4f361dd494316905ff28e356c6f7cff17a7b12668d1b791c03811055,c4b03f9607545b9e6f71366f24a4fa17b98ad1c32b0a3354a42cf6d57ae275c3,BitcoinOTC,BitcoinOTC,real_trust_network_labels,round5_new,OCGNN,OCGNN,pygod.detector.ocgnn.OCGNN,45,50,50,False,,sparse_fused,not_applicable_native_objective,True,False,False,False,6005,7409,success,,,stratified_node_transductive,0.0,0.4387782736392417,0.02570231088943775,0.07397260273972601,-0.7538800239562988,0.07397260273972603,-0.7538800239562988,0.30013324450366424,0.03857142857142857,0.9,0.07693052236581718,0.6034500514933059,,,,0.0,0.0,0.0,90.0,validation_labels,90.0,2912.0,90.0,2913.0,False,False,False,0.07693052236581718,0.6034500514933059,0.0,0.0,0.4387782736392417,0.5612217263607583,warning_inverse_association,report_only_no_silent_inversion,0.649061788999461,0.006713218001095811,0.6880661340001097,1433.47265625,844.0,77.68017578125,86.0,-1.076810598373413,-0.20909011363983154,{},raw/BitcoinOTC__OCGNN__seed45__16afd9f95f8e5dad235d7151.json,
35e42779-c36b-455a-afaa-283d6aaa69e4,886a4a89d7ac0538eaf73e9b,391f2600f2d3a2c472f802767b5b7612c048e73ddfc3d03efea91a9416d5f7cf,ac10847c4f361dd494316905ff28e356c6f7cff17a7b12668d1b791c03811055,c4b03f9607545b9e6f71366f24a4fa17b98ad1c32b0a3354a42cf6d57ae275c3,BitcoinOTC,BitcoinOTC,real_trust_network_labels,round5_new,OCGNN,OCGNN,pygod.detector.ocgnn.OCGNN,46,50,50,False,,sparse_fused,not_applicable_native_objective,True,False,False,False,6005,7409,success,,,stratified_node_transductive,0.0,0.5134473814700385,0.029140647140991176,0.07337953526294333,-0.7652484178543091,0.06427688504326329,-0.6766025424003601,0.5183211192538307,0.034031413612565446,0.5777777777777777,0.024243957692674824,0.5355418240073235,,,,0.0,0.0,0.0,90.0,validation_labels,90.0,2912.0,90.0,2913.0,False,False,False,0.024243957692674824,0.5355418240073235,0.0,0.0,0.5134473814700385,0.48655261852996146,expected_direction,report_only_no_silent_inversion,0.6465808510001807,0.00837448699894594,0.6877152519991796,1429.26953125,844.0,77.68017578125,86.0,-1.022689938545227,-0.1894989013671875,{},raw/BitcoinOTC__OCGNN__seed46__886a4a89d7ac0538eaf73e9b.json,
d40ce374-83ff-4549-9fea-cbf114f3f0d3,9a6247155b64503b089ffef9,391f2600f2d3a2c472f802767b5b7612c048e73ddfc3d03efea91a9416d5f7cf,ac10847c4f361dd494316905ff28e356c6f7cff17a7b12668d1b791c03811055,c4b03f9607545b9e6f71366f24a4fa17b98ad1c32b0a3354a42cf6d57ae275c3,CiteSeer,CiteSeer-Syn,synthetic_injection_fixed_dataset_seed_42,round5_new,AnomalyDAE,AnomalyDAE,gog_fraud.models.pygod.shared_reconstruction.SharedAnomalyDAE,42,50,50,False,,none,chunked_exact,True,False,False,False,3327,9914,success,,,stratified_node_transductive,0.0,0.9740272614622058,0.5738419682719627,0.576271186440678,17.628293991088867,0.5346534653465347,17.662939071655273,0.9603126879134095,0.5294117647058824,0.54,0.5201174414747468,0.7625650557620818,,,,0.5252525252525253,0.5306122448979592,0.52,49.0,validation_labels,49.0,1614.0,50.0,1614.0,False,False,False,0.5201174414747468,0.7625650557620818,0.5306122448979592,0.52,0.9740272614622058,0.025972738537794297,expected_direction,report_only_no_silent_inversion,7.654395793999811,0.04075200800002676,8.205758192000076,1411.9921875,1146.0,360.08349609375,460.0,15.010231018066406,17.962493896484375,"{'name': 'pyg_coo_reference', 'score_chunk_size': 256, 'reconstruction_backend': 'chunked_exact', 'dense_materialized': False, 'training_full_graph': True, 'shared_model': True, 'approximation_used': False, 'normalized_adjacency_cached': False, 'message_backend': 'pyg_coo_reference', 'edge_expanded_messages': True, 'full_graph': True, 'gradient_checkpointing': False}",raw/CiteSeer__AnomalyDAE__seed42__9a6247155b64503b089ffef9.json,
fc8d1421-6e12-43f8-ad90-336fde1388ab,3ae1b60ee6ca34daba0b211f,391f2600f2d3a2c472f802767b5b7612c048e73ddfc3d03efea91a9416d5f7cf,ac10847c4f361dd494316905ff28e356c6f7cff17a7b12668d1b791c03811055,c4b03f9607545b9e6f71366f24a4fa17b98ad1c32b0a3354a42cf6d57ae275c3,CiteSeer,CiteSeer-Syn,synthetic_injection_fixed_dataset_seed_42,round5_new,AnomalyDAE,AnomalyDAE,gog_fraud.models.pygod.shared_reconstruction.SharedAnomalyDAE,43,50,50,False,,none,chunked_exact,True,False,False,False,3327,9914,success,,,stratified_node_transductive,0.0,0.9706939281288723,0.4586945399147763,0.5528455284552846,17.62189483642578,0.5148514851485149,17.664628982543945,0.9603126879134095,0.5098039215686274,0.52,0.4996946885696078,0.7522552664188352,,,,0.5050505050505051,0.5102040816326531,0.5,49.0,validation_labels,49.0,1614.0,50.0,1614.0,False,False,False,0.4996946885696078,0.7522552664188352,0.5102040816326531,0.5,0.9706939281288723,0.02930607187112764,expected_direction,report_only_no_silent_inversion,7.980621451999468,0.03938571599974239,8.722924820000117,1422.14453125,1008.0,360.08349609375,460.0,14.961274147033691,17.96984100341797,"{'name': 'pyg_coo_reference', 'score_chunk_size': 256, 'reconstruction_backend': 'chunked_exact', 'dense_materialized': False, 'training_full_graph': True, 'shared_model': True, 'approximation_used': False, 'normalized_adjacency_cached': False, 'message_backend': 'pyg_coo_reference', 'edge_expanded_messages': True, 'full_graph': True, 'gradient_checkpointing': False}",raw/CiteSeer__AnomalyDAE__seed43__3ae1b60ee6ca34daba0b211f.json,
7fd88b39-a27c-4fd5-8d5d-43e1b035b984,80780b6303edf665688c9deb,391f2600f2d3a2c472f802767b5b7612c048e73ddfc3d03efea91a9416d5f7cf,ac10847c4f361dd494316905ff28e356c6f7cff17a7b12668d1b791c03811055,c4b03f9607545b9e6f71366f24a4fa17b98ad1c32b0a3354a42cf6d57ae275c3,CiteSeer,CiteSeer-Syn,synthetic_injection_fixed_dataset_seed_42,round5_new,AnomalyDAE,AnomalyDAE,gog_fraud.models.pygod.shared_reconstruction.SharedAnomalyDAE,44,50,50,False,,none,chunked_exact,True,False,False,False,3327,9914,success,,,stratified_node_transductive,0.0,0.9846778190830235,0.656163718330155,0.6551724137931034,17.626739501953125,0.6290322580645161,17.614322662353516,0.947083583884546,0.527027027027027,0.78,0.6280176458314474,0.8791573729863693,,,,0.6060606060606061,0.6122448979591837,0.6,49.0,validation_labels,49.0,1614.0,50.0,1614.0,False,False,False,0.6280176458314474,0.8791573729863693,0.6122448979591837,0.6,0.9846778190830235,0.015322180916976454,expected_direction,report_only_no_silent_inversion,7.8139488300002995,0.039636489000258734,8.507264330999533,1383.17578125,1008.0,360.08349609375,460.0,14.496522903442383,17.958799362182617,"{'name': 'pyg_coo_reference', 'score_chunk_size': 256, 'reconstruction_backend': 'chunked_exact', 'dense_materialized': False, 'training_full_graph': True, 'shared_model': True, 'approximation_used': False, 'normalized_adjacency_cached': False, 'message_backend': 'pyg_coo_reference', 'edge_expanded_messages': True, 'full_graph': True, 'gradient_checkpointing': False}",raw/CiteSeer__AnomalyDAE__seed44__80780b6303edf665688c9deb.json,
36fcdc01-6896-419e-a85b-43bcd7783c5a,9cbdf40ae37bf581ff83606d,391f2600f2d3a2c472f802767b5b7612c048e73ddfc3d03efea91a9416d5f7cf,ac10847c4f361dd494316905ff28e356c6f7cff17a7b12668d1b791c03811055,c4b03f9607545b9e6f71366f24a4fa17b98ad1c32b0a3354a42cf6d57ae275c3,CiteSeer,CiteSeer-Syn,synthetic_injection_fixed_dataset_seed_42,round5_new,AnomalyDAE,AnomalyDAE,gog_fraud.models.pygod.shared_reconstruction.SharedAnomalyDAE,45,50,50,False,,none,chunked_exact,True,False,False,False,3327,9914,success,,,stratified_node_transductive,0.0,0.9723543990086742,0.5241193553548498,0.5581395348837209,17.63324737548828,0.5413533834586466,17.623090744018555,0.9561034275405893,0.43373493975903615,0.72,0.5417941135519012,0.8454399008674102,,,,0.5050505050505051,0.5102040816326531,0.5,49.0,validation_labels,49.0,1614.0,50.0,1614.0,False,False,False,0.5417941135519012,0.8454399008674102,0.5102040816326531,0.5,0.9723543990086742,0.0276456009913259,expected_direction,report_only_no_silent_inversion,7.536597524998797,0.037870953001402086,8.445935677000307,1387.23828125,1103.0,360.08349609375,460.0,14.941179275512695,17.973373413085938,"{'name': 'pyg_coo_reference', 'score_chunk_size': 256, 'reconstruction_backend': 'chunked_exact', 'dense_materialized': False, 'training_full_graph': True, 'shared_model': True, 'approximation_used': False, 'normalized_adjacency_cached': False, 'message_backend': 'pyg_coo_reference', 'edge_expanded_messages': True, 'full_graph': True, 'gradient_checkpointing': False}",raw/CiteSeer__AnomalyDAE__seed45__9cbdf40ae37bf581ff83606d.json,
8ce185e5-3a39-447d-a85d-90d135c2c6e7,9f390f9fde8f19d4a4b6aac4,391f2600f2d3a2c472f802767b5b7612c048e73ddfc3d03efea91a9416d5f7cf,ac10847c4f361dd494316905ff28e356c6f7cff17a7b12668d1b791c03811055,c4b03f9607545b9e6f71366f24a4fa17b98ad1c32b0a3354a42cf6d57ae275c3,CiteSeer,CiteSeer-Syn,synthetic_injection_fixed_dataset_seed_42,round5_new,AnomalyDAE,AnomalyDAE,gog_fraud.models.pygod.shared_reconstruction.SharedAnomalyDAE,46,50,50,False,,none,chunked_exact,True,False,False,False,3327,9914,success,,,stratified_node_transductive,0.0,0.9796034696406444,0.540733137465781,0.631578947368421,17.61888885498047,0.5892857142857143,17.666393280029297,0.9669272399278412,0.532258064516129,0.66,0.578717331506691,0.8210161090458488,,,,0.5454545454545454,0.5510204081632653,0.54,49.0,validation_labels,49.0,1614.0,50.0,1614.0,False,False,False,0.578717331506691,0.8210161090458488,0.5510204081632653,0.54,0.9796034696406444,0.02039653035935563,expected_direction,report_only_no_silent_inversion,7.951355457000318,0.04183549099980155,8.617393608999919,1415.0703125,1104.0,360.08349609375,460.0,14.531220436096191,17.96954917907715,"{'name': 'pyg_coo_reference', 'score_chunk_size': 256, 'reconstruction_backend': 'chunked_exact', 'dense_materialized': False, 'training_full_graph': True, 'shared_model': True, 'approximation_used': False, 'normalized_adjacency_cached': False, 'message_backend': 'pyg_coo_reference', 'edge_expanded_messages': True, 'full_graph': True, 'gradient_checkpointing': False}",raw/CiteSeer__AnomalyDAE__seed46__9f390f9fde8f19d4a4b6aac4.json,
cfa8bed7-8374-4016-808d-5c83d25d5e7c,d617393665b2f6ae45daeb7e,391f2600f2d3a2c472f802767b5b7612c048e73ddfc3d03efea91a9416d5f7cf,ac10847c4f361dd494316905ff28e356c6f7cff17a7b12668d1b791c03811055,c4b03f9607545b9e6f71366f24a4fa17b98ad1c32b0a3354a42cf6d57ae275c3,CiteSeer,CiteSeer-Syn,synthetic_injection_fixed_dataset_seed_42,round5_new,CONAD,CONAD,gog_fraud.models.pygod.shared_reconstruction.SharedCONAD,42,50,50,False,,sparse_fused,exact_sparse,True,False,False,False,3327,9914,success,,,stratified_node_transductive,0.0,0.9732094175960347,0.6074166303241311,0.7755102040816326,2.3863725662231445,0.7407407407407407,2.3443822860717773,0.9561034275405893,0.6896551724137931,0.8,0.7342485535905343,0.8944237918215614,,,,0.7676767676767676,0.7755102040816326,0.76,49.0,validation_labels,49.0,1614.0,50.0,1614.0,False,False,False,0.7342485535905343,0.8944237918215614,0.7755102040816326,0.76,0.9732094175960347,0.02679058240396529,expected_direction,report_only_no_silent_inversion,2.8394366079992324,0.02328669300004549,3.4523140080000303,1461.2265625,1101.0,505.89111328125,552.0,0.5256013870239258,3.7802224159240723,"{'name': 'sparse_fused', 'score_chunk_size': 8192, 'reconstruction_backend': 'exact_sparse', 'dense_materialized': False, 'training_full_graph': True, 'shared_model': True, 'approximation_used': False, 'normalized_adjacency_cached': True, 'message_backend': 'sparse_fused', 'edge_expanded_messages': False, 'full_graph': True, 'gradient_checkpointing': False}",raw/CiteSeer__CONAD__seed42__d617393665b2f6ae45daeb7e.json,
ca8c8322-3073-4d8d-8ce8-4484921417f7,77ee14e8649c00820d353cad,391f2600f2d3a2c472f802767b5b7612c048e73ddfc3d03efea91a9416d5f7cf,ac10847c4f361dd494316905ff28e356c6f7cff17a7b12668d1b791c03811055,c4b03f9607545b9e6f71366f24a4fa17b98ad1c32b0a3354a42cf6d57ae275c3,CiteSeer,CiteSeer-Syn,synthetic_injection_fixed_dataset_seed_42,round5_new,CONAD,CONAD,gog_fraud.models.pygod.shared_reconstruction.SharedCONAD,43,50,50,False,,sparse_fused,exact_sparse,True,False,False,False,3327,9914,success,,,stratified_node_transductive,0.0,0.9822057001239157,0.5581660846163266,0.7966101694915254,2.3362507820129395,0.7476635514018691,2.3859784603118896,0.9675285628382442,0.7017543859649122,0.8,0.7410123932408531,0.894733581164808,,,,0.6464646464646465,0.6530612244897959,0.64,49.0,validation_labels,49.0,1614.0,50.0,1614.0,False,False,False,0.7410123932408531,0.894733581164808,0.6530612244897959,0.64,0.9822057001239157,0.01779429987608426,expected_direction,report_only_no_silent_inversion,2.8485369509999146,0.02374219100056507,3.7948437329996523,1468.84765625,1103.0,505.88623046875,554.0,0.522325873374939,3.7776312828063965,"{'name': 'sparse_fused', 'score_chunk_size': 8192, 'reconstruction_backend': 'exact_sparse', 'dense_materialized': False, 'training_full_graph': True, 'shared_model': True, 'approximation_used': False, 'normalized_adjacency_cached': True, 'message_backend': 'sparse_fused', 'edge_expanded_messages': False, 'full_graph': True, 'gradient_checkpointing': False}",raw/CiteSeer__CONAD__seed43__77ee14e8649c00820d353cad.json,
ed50c66d-b8a9-4983-a6a3-0c9672b41604,ec5d68f03aa174227b34fdc5,391f2600f2d3a2c472f802767b5b7612c048e73ddfc3d03efea91a9416d5f7cf,ac10847c4f361dd494316905ff28e356c6f7cff17a7b12668d1b791c03811055,c4b03f9607545b9e6f71366f24a4fa17b98ad1c32b0a3354a42cf6d57ae275c3,CiteSeer,CiteSeer-Syn,synthetic_injection_fixed_dataset_seed_42,round5_new,CONAD,CONAD,gog_fraud.models.pygod.shared_reconstruction.SharedCONAD,44,50,50,False,,sparse_fused,exact_sparse,True,False,False,False,3327,9914,success,,,stratified_node_transductive,0.0,0.9700495662949195,0.6469175778716515,0.7787610619469026,2.3429524898529053,0.7394957983193278,2.311850070953369,0.9542994588093806,0.6376811594202898,0.88,0.7402904846554922,0.9322552664188353,,,,0.7272727272727273,0.7346938775510204,0.72,49.0,validation_labels,49.0,1614.0,50.0,1614.0,False,False,False,0.7402904846554922,0.9322552664188353,0.7346938775510204,0.72,0.9700495662949195,0.029950433705080562,expected_direction,report_only_no_silent_inversion,2.8593253119997826,0.023413205999531783,3.8488833280007384,1458.55859375,1101.0,505.88623046875,552.0,0.5209677219390869,3.78102970123291,"{'name': 'sparse_fused', 'score_chunk_size': 8192, 'reconstruction_backend': 'exact_sparse', 'dense_materialized': False, 'training_full_graph': True, 'shared_model': True, 'approximation_used': False, 'normalized_adjacency_cached': True, 'message_backend': 'sparse_fused', 'edge_expanded_messages': False, 'full_graph': True, 'gradient_checkpointing': False}",raw/CiteSeer__CONAD__seed44__ec5d68f03aa174227b34fdc5.json,
26629f63-9320-4ee6-8687-00160b034138,886a53abe2ed1d82ad8c8968,391f2600f2d3a2c472f802767b5b7612c048e73ddfc3d03efea91a9416d5f7cf,ac10847c4f361dd494316905ff28e356c6f7cff17a7b12668d1b791c03811055,c4b03f9607545b9e6f71366f24a4fa17b98ad1c32b0a3354a42cf6d57ae275c3,CiteSeer,CiteSeer-Syn,synthetic_injection_fixed_dataset_seed_42,round5_new,CONAD,CONAD,gog_fraud.models.pygod.shared_reconstruction.SharedCONAD,45,50,50,False,,sparse_fused,exact_sparse,True,False,False,False,3327,9914,success,,,stratified_node_transductive,0.0,0.9785873605947956,0.6097941107063879,0.7731092436974789,2.34428334236145,0.7666666666666667,2.343175172805786,0.962717979555021,0.6571428571428571,0.92,0.7697586925515407,0.9525650557620817,,,,0.6666666666666666,0.673469387755102,0.66,49.0,validation_labels,49.0,1614.0,50.0,1614.0,False,False,False,0.7697586925515407,0.9525650557620817,0.673469387755102,0.66,0.9785873605947956,0.021412639405204464,expected_direction,report_only_no_silent_inversion,2.845358381000551,0.023315021999223973,4.063400181999896,1455.2265625,1102.0,505.87060546875,552.0,0.5268476605415344,3.7800488471984863,"{'name': 'sparse_fused', 'score_chunk_size': 8192, 'reconstruction_backend': 'exact_sparse', 'dense_materialized': False, 'training_full_graph': True, 'shared_model': True, 'approximation_used': False, 'normalized_adjacency_cached': True, 'message_backend': 'sparse_fused', 'edge_expanded_messages': False, 'full_graph': True, 'gradient_checkpointing': False}",raw/CiteSeer__CONAD__seed45__886a53abe2ed1d82ad8c8968.json,
1f7d1777-1922-4917-9f57-e1f001eb8294,5aa117307236f8a9fccf29b9,391f2600f2d3a2c472f802767b5b7612c048e73ddfc3d03efea91a9416d5f7cf,ac10847c4f361dd494316905ff28e356c6f7cff17a7b12668d1b791c03811055,c4b03f9607545b9e6f71366f24a4fa17b98ad1c32b0a3354a42cf6d57ae275c3,CiteSeer,CiteSeer-Syn,synthetic_injection_fixed_dataset_seed_42,round5_new,CONAD,CONAD,gog_fraud.models.pygod.shared_reconstruction.SharedCONAD,46,50,50,False,,sparse_fused,exact_sparse,True,False,False,False,3327,9914,success,,,stratified_node_transductive,0.0,0.985811648079306,0.57231974579367,0.7758620689655172,2.366243839263916,0.75,2.336549758911133,0.9603126879134095,0.6428571428571429,0.9,0.7522229816867776,0.9422552664188353,,,,0.6262626262626263,0.6326530612244898,0.62,49.0,validation_labels,49.0,1614.0,50.0,1614.0,False,False,False,0.7522229816867776,0.9422552664188353,0.6326530612244898,0.62,0.985811648079306,0.014188351920693943,expected_direction,report_only_no_silent_inversion,2.769019079998543,0.024175958998966962,3.8744165930002055,1460.77734375,1102.0,505.896484375,552.0,0.5228898525238037,3.7755258083343506,"{'name': 'sparse_fused', 'score_chunk_size': 8192, 'reconstruction_backend': 'exact_sparse', 'dense_materialized': False, 'training_full_graph': True, 'shared_model': True, 'approximation_used': False, 'normalized_adjacency_cached': True, 'message_backend': 'sparse_fused', 'edge_expanded_messages': False, 'full_graph': True, 'gradient_checkpointing': False}",raw/CiteSeer__CONAD__seed46__5aa117307236f8a9fccf29b9.json,
d206f363-009e-400d-8477-949aae3856b1,1861fce2b16799a94898448e,391f2600f2d3a2c472f802767b5b7612c048e73ddfc3d03efea91a9416d5f7cf,ac10847c4f361dd494316905ff28e356c6f7cff17a7b12668d1b791c03811055,c4b03f9607545b9e6f71366f24a4fa17b98ad1c32b0a3354a42cf6d57ae275c3,CiteSeer,CiteSeer-Syn,synthetic_injection_fixed_dataset_seed_42,round5_new,CoLA,CoLA,pygod.detector.cola.CoLA,42,50,50,False,,sparse_fused,not_applicable_native_objective,True,False,False,False,3327,9914,success,,,stratified_node_transductive,0.0,0.48619578686493187,0.0286361987947365,0.06666666666666667,-25.92601203918457,0.019417475728155338,-6.976523399353027,0.9025856885147324,0.01282051282051282,0.04,-0.03245652783216908,0.4722924411400248,,,,0.020202020202020204,0.02040816326530612,0.02,49.0,validation_labels,49.0,1614.0,50.0,1614.0,False,False,False,-0.03245652783216908,0.4722924411400248,0.02040816326530612,0.02,0.48619578686493187,0.5138042131350682,expected_direction,report_only_no_silent_inversion,1.4752927640001872,0.018133683000996825,2.2948231820009823,1421.875,677.0,219.30517578125,230.0,-73.42915344238281,3.899850368499756,{},raw/CiteSeer__CoLA__seed42__1861fce2b16799a94898448e.json,
ad8dbd01-80a6-48d7-b550-50704ebc319e,54bdb371353700eca95e2581,391f2600f2d3a2c472f802767b5b7612c048e73ddfc3d03efea91a9416d5f7cf,ac10847c4f361dd494316905ff28e356c6f7cff17a7b12668d1b791c03811055,c4b03f9607545b9e6f71366f24a4fa17b98ad1c32b0a3354a42cf6d57ae275c3,CiteSeer,CiteSeer-Syn,synthetic_injection_fixed_dataset_seed_42,round5_new,CoLA,CoLA,pygod.detector.cola.CoLA,43,50,50,False,,sparse_fused,not_applicable_native_objective,True,False,False,False,3327,9914,success,,,stratified_node_transductive,0.0,0.4934324659231723,0.03373608746254671,0.06341463414634146,-27.722721099853516,0.059214501510574016,-47.56418991088867,0.039085989176187615,0.030529595015576325,0.98,0.014710948565251071,0.5079677819083024,,,,0.04040404040404041,0.04081632653061224,0.04,49.0,validation_labels,49.0,1614.0,50.0,1614.0,False,False,False,0.014710948565251071,0.5079677819083024,0.04081632653061224,0.04,0.4934324659231723,0.5065675340768278,expected_direction,report_only_no_silent_inversion,1.3344724660000793,0.02014705699912156,1.99853379599881,1436.96484375,677.0,219.30517578125,230.0,-87.08255767822266,6.870782852172852,{},raw/CiteSeer__CoLA__seed43__54bdb371353700eca95e2581.json,
308fa74e-c7a5-48cf-b44f-01c6b5fe372b,f86fee2dbffce52117b1e11a,391f2600f2d3a2c472f802767b5b7612c048e73ddfc3d03efea91a9416d5f7cf,ac10847c4f361dd494316905ff28e356c6f7cff17a7b12668d1b791c03811055,c4b03f9607545b9e6f71366f24a4fa17b98ad1c32b0a3354a42cf6d57ae275c3,CiteSeer,CiteSeer-Syn,synthetic_injection_fixed_dataset_seed_42,round5_new,CoLA,CoLA,pygod.detector.cola.CoLA,44,50,50,False,,sparse_fused,not_applicable_native_objective,True,False,False,False,3327,9914,success,,,stratified_node_transductive,0.0,0.5012391573729864,0.030901674040440537,0.07142857142857142,-4.905308246612549,0.02888086642599278,-9.64781665802002,0.8833433553818401,0.01762114537444934,0.08,-0.028931103917415543,0.4709169764560099,,,,0.04040404040404041,0.04081632653061224,0.04,49.0,validation_labels,49.0,1614.0,50.0,1614.0,False,False,False,-0.028931103917415543,0.4709169764560099,0.04081632653061224,0.04,0.5012391573729864,0.49876084262701365,expected_direction,report_only_no_silent_inversion,1.2747133859993482,0.015768080000270857,2.1569019120015582,1462.83203125,753.0,219.30517578125,230.0,-107.65746307373047,4.286157131195068,{},raw/CiteSeer__CoLA__seed44__f86fee2dbffce52117b1e11a.json,
e517bee2-92c0-47b2-a72f-b69e3d006858,b3179ebcfcf77de72ed84853,391f2600f2d3a2c472f802767b5b7612c048e73ddfc3d03efea91a9416d5f7cf,ac10847c4f361dd494316905ff28e356c6f7cff17a7b12668d1b791c03811055,c4b03f9607545b9e6f71366f24a4fa17b98ad1c32b0a3354a42cf6d57ae275c3,CiteSeer,CiteSeer-Syn,synthetic_injection_fixed_dataset_seed_42,round5_new,CoLA,CoLA,pygod.detector.cola.CoLA,45,50,50,False,,sparse_fused,not_applicable_native_objective,True,False,False,False,3327,9914,success,,,stratified_node_transductive,0.0,0.46831474597273853,0.02728892817183497,0.060941828254847646,-23.79291534423828,0.058876003568242644,-24.438270568847656,0.37221888153938665,0.03081232492997199,0.66,0.006016144489163975,0.5084386617100372,,,,0.020202020202020204,0.02040816326530612,0.02,49.0,validation_labels,49.0,1614.0,50.0,1614.0,False,False,False,0.006016144489163975,0.5084386617100372,0.02040816326530612,0.02,0.46831474597273853,0.5316852540272615,expected_direction,report_only_no_silent_inversion,1.261627416999545,0.01744030200097768,1.9167136949999986,1469.4453125,753.0,219.30517578125,230.0,-94.1084213256836,3.6489505767822266,{},raw/CiteSeer__CoLA__seed45__b3179ebcfcf77de72ed84853.json,
4a129beb-2a28-4c5c-86b3-010b9dcb2e44,5c50e70b2065476c9ff4eb05,391f2600f2d3a2c472f802767b5b7612c048e73ddfc3d03efea91a9416d5f7cf,ac10847c4f361dd494316905ff28e356c6f7cff17a7b12668d1b791c03811055,c4b03f9607545b9e6f71366f24a4fa17b98ad1c32b0a3354a42cf6d57ae275c3,CiteSeer,CiteSeer-Syn,synthetic_injection_fixed_dataset_seed_42,round5_new,CoLA,CoLA,pygod.detector.cola.CoLA,46,50,50,False,,sparse_fused,not_applicable_native_objective,True,False,False,False,3327,9914,success,,,stratified_node_transductive,0.0,0.5319206939281288,0.031282233244160115,0.07364341085271318,-24.61882972717285,0.039525691699604744,-9.468461990356445,0.8580877931449188,0.024630541871921183,0.1,-0.011828813797967802,0.48866171003717473,,,,0.0,0.0,0.0,49.0,validation_labels,49.0,1614.0,50.0,1614.0,False,False,False,-0.011828813797967802,0.48866171003717473,0.0,0.0,0.5319206939281288,0.4680793060718711,expected_direction,report_only_no_silent_inversion,1.276970582001013,0.016634947000056854,3.4099582720009494,1433.3203125,753.0,219.30517578125,230.0,-108.73006439208984,5.412501811981201,{},raw/CiteSeer__CoLA__seed46__5c50e70b2065476c9ff4eb05.json,
04203a49-2858-47e1-b8e4-f582051ef4d9,af56ab2df6e68e8bcae1033d,391f2600f2d3a2c472f802767b5b7612c048e73ddfc3d03efea91a9416d5f7cf,ac10847c4f361dd494316905ff28e356c6f7cff17a7b12668d1b791c03811055,c4b03f9607545b9e6f71366f24a4fa17b98ad1c32b0a3354a42cf6d57ae275c3,CiteSeer,CiteSeer-Syn,synthetic_injection_fixed_dataset_seed_42,round5_new,DLG-Aug,DLG,gog_fraud.models.pygod.shared_reconstruction.SharedDLGFull,42,50,50,False,,sparse_fused,exact_sparse,True,False,False,False,3327,9914,success,,,stratified_node_transductive,0.0,0.9730235439900867,0.60734648674475,0.7755102040816326,4.774589538574219,0.7407407407407407,4.689401626586914,0.9561034275405893,0.6896551724137931,0.8,0.7342485535905343,0.8944237918215614,,,,0.7676767676767676,0.7755102040816326,0.76,49.0,validation_labels,49.0,1614.0,50.0,1614.0,False,False,False,0.7342485535905343,0.8944237918215614,0.7755102040816326,0.76,0.9730235439900867,0.026976456009913247,expected_direction,report_only_no_silent_inversion,2.0370612480001,0.02221015999930387,4.04023785299978,1424.21484375,991.0,452.73681640625,468.0,1.0504515171051025,7.575683116912842,"{'name': 'sparse_fused', 'score_chunk_size': 8192, 'reconstruction_backend': 'exact_sparse', 'dense_materialized': False, 'training_full_graph': True, 'shared_model': True, 'approximation_used': False, 'normalized_adjacency_cached': True, 'message_backend': 'sparse_fused', 'edge_expanded_messages': False, 'full_graph': True, 'gradient_checkpointing': False}",raw/CiteSeer__DLG-Aug__seed42__af56ab2df6e68e8bcae1033d.json,
4f6c16a1-b8e4-4595-a6ff-9199cdf2f120,2f9e1f37331a1abcc1d975b5,391f2600f2d3a2c472f802767b5b7612c048e73ddfc3d03efea91a9416d5f7cf,ac10847c4f361dd494316905ff28e356c6f7cff17a7b12668d1b791c03811055,c4b03f9607545b9e6f71366f24a4fa17b98ad1c32b0a3354a42cf6d57ae275c3,CiteSeer,CiteSeer-Syn,synthetic_injection_fixed_dataset_seed_42,round5_new,DLG-Aug,DLG,gog_fraud.models.pygod.shared_reconstruction.SharedDLGFull,43,50,50,False,,sparse_fused,exact_sparse,True,False,False,False,3327,9914,success,,,stratified_node_transductive,0.0,0.982180916976456,0.5589239947294042,0.7966101694915254,4.673098087310791,0.7476635514018691,4.7735371589660645,0.9675285628382442,0.7017543859649122,0.8,0.7410123932408531,0.894733581164808,,,,0.6464646464646465,0.6530612244897959,0.64,49.0,validation_labels,49.0,1614.0,50.0,1614.0,False,False,False,0.7410123932408531,0.894733581164808,0.6530612244897959,0.64,0.982180916976456,0.017819083023543986,expected_direction,report_only_no_silent_inversion,2.063863453999147,0.02298825000070792,4.072123131998524,1423.3984375,991.0,452.73681640625,468.0,1.054537057876587,7.575897693634033,"{'name': 'sparse_fused', 'score_chunk_size': 8192, 'reconstruction_backend': 'exact_sparse', 'dense_materialized': False, 'training_full_graph': True, 'shared_model': True, 'approximation_used': False, 'normalized_adjacency_cached': True, 'message_backend': 'sparse_fused', 'edge_expanded_messages': False, 'full_graph': True, 'gradient_checkpointing': False}",raw/CiteSeer__DLG-Aug__seed43__2f9e1f37331a1abcc1d975b5.json,
458f6e53-9d63-4a28-8336-9ad6d8b4d6fd,cf4711062ed5df9b7b86b284,391f2600f2d3a2c472f802767b5b7612c048e73ddfc3d03efea91a9416d5f7cf,ac10847c4f361dd494316905ff28e356c6f7cff17a7b12668d1b791c03811055,c4b03f9607545b9e6f71366f24a4fa17b98ad1c32b0a3354a42cf6d57ae275c3,CiteSeer,CiteSeer-Syn,synthetic_injection_fixed_dataset_seed_42,round5_new,DLG-Aug,DLG,gog_fraud.models.pygod.shared_reconstruction.SharedDLGFull,44,50,50,False,,sparse_fused,exact_sparse,True,False,False,False,3327,9914,success,,,stratified_node_transductive,0.0,0.969913258983891,0.6465589123670747,0.7787610619469026,4.686730861663818,0.7394957983193278,4.625606536865234,0.9542994588093806,0.6376811594202898,0.88,0.7402904846554922,0.9322552664188353,,,,0.7272727272727273,0.7346938775510204,0.72,49.0,validation_labels,49.0,1614.0,50.0,1614.0,False,False,False,0.7402904846554922,0.9322552664188353,0.7346938775510204,0.72,0.969913258983891,0.030086741016109062,expected_direction,report_only_no_silent_inversion,2.0873963169997296,0.021632169000440626,4.13874716600003,1422.7109375,991.0,452.73681640625,468.0,1.0520509481430054,7.572020530700684,"{'name': 'sparse_fused', 'score_chunk_size': 8192, 'reconstruction_backend': 'exact_sparse', 'dense_materialized': False, 'training_full_graph': True, 'shared_model': True, 'approximation_used': False, 'normalized_adjacency_cached': True, 'message_backend': 'sparse_fused', 'edge_expanded_messages': False, 'full_graph': True, 'gradient_checkpointing': False}",raw/CiteSeer__DLG-Aug__seed44__cf4711062ed5df9b7b86b284.json,
1e9626a5-11d1-4d54-bdd8-59715000dbbf,214ea4006ba3f175f8935a2e,391f2600f2d3a2c472f802767b5b7612c048e73ddfc3d03efea91a9416d5f7cf,ac10847c4f361dd494316905ff28e356c6f7cff17a7b12668d1b791c03811055,c4b03f9607545b9e6f71366f24a4fa17b98ad1c32b0a3354a42cf6d57ae275c3,CiteSeer,CiteSeer-Syn,synthetic_injection_fixed_dataset_seed_42,round5_new,DLG-Aug,DLG,gog_fraud.models.pygod.shared_reconstruction.SharedDLGFull,45,50,50,False,,sparse_fused,exact_sparse,True,False,False,False,3327,9914,success,,,stratified_node_transductive,0.0,0.978364312267658,0.6102853958412995,0.7731092436974789,4.6893229484558105,0.7666666666666667,4.687862873077393,0.962717979555021,0.6571428571428571,0.92,0.7697586925515407,0.9525650557620817,,,,0.6666666666666666,0.673469387755102,0.66,49.0,validation_labels,49.0,1614.0,50.0,1614.0,False,False,False,0.7697586925515407,0.9525650557620817,0.673469387755102,0.66,0.978364312267658,0.02163568773234201,expected_direction,report_only_no_silent_inversion,2.070231325998975,0.022130052000647993,4.090852047000226,1425.3203125,991.0,452.73681640625,468.0,1.051039695739746,7.572583198547363,"{'name': 'sparse_fused', 'score_chunk_size': 8192, 'reconstruction_backend': 'exact_sparse', 'dense_materialized': False, 'training_full_graph': True, 'shared_model': True, 'approximation_used': False, 'normalized_adjacency_cached': True, 'message_backend': 'sparse_fused', 'edge_expanded_messages': False, 'full_graph': True, 'gradient_checkpointing': False}",raw/CiteSeer__DLG-Aug__seed45__214ea4006ba3f175f8935a2e.json,
2f0be04e-14d7-4143-a26d-a3cd458f1811,27dcc78136b44e1b8c3ad9dd,391f2600f2d3a2c472f802767b5b7612c048e73ddfc3d03efea91a9416d5f7cf,ac10847c4f361dd494316905ff28e356c6f7cff17a7b12668d1b791c03811055,c4b03f9607545b9e6f71366f24a4fa17b98ad1c32b0a3354a42cf6d57ae275c3,CiteSeer,CiteSeer-Syn,synthetic_injection_fixed_dataset_seed_42,round5_new,DLG-Aug,DLG,gog_fraud.models.pygod.shared_reconstruction.SharedDLGFull,46,50,50,False,,sparse_fused,exact_sparse,True,False,False,False,3327,9914,success,,,stratified_node_transductive,0.0,0.985824039653036,0.5726469150682076,0.7758620689655172,4.732966899871826,0.75,4.673230171203613,0.9603126879134095,0.6428571428571429,0.9,0.7522229816867776,0.9422552664188353,,,,0.6262626262626263,0.6326530612244898,0.62,49.0,validation_labels,49.0,1614.0,50.0,1614.0,False,False,False,0.7522229816867776,0.9422552664188353,0.6326530612244898,0.62,0.985824039653036,0.014175960346964077,expected_direction,report_only_no_silent_inversion,2.085936657000275,0.02276873700066062,4.274250938000478,1426.12109375,991.0,452.73681640625,468.0,1.051361083984375,7.569704055786133,"{'name': 'sparse_fused', 'score_chunk_size': 8192, 'reconstruction_backend': 'exact_sparse', 'dense_materialized': False, 'training_full_graph': True, 'shared_model': True, 'approximation_used': False, 'normalized_adjacency_cached': True, 'message_backend': 'sparse_fused', 'edge_expanded_messages': False, 'full_graph': True, 'gradient_checkpointing': False}",raw/CiteSeer__DLG-Aug__seed46__27dcc78136b44e1b8c3ad9dd.json,
fdee4a5e-b2f6-42c5-a882-8ea5d0e7be23,75c05504d7a6495d23187794,391f2600f2d3a2c472f802767b5b7612c048e73ddfc3d03efea91a9416d5f7cf,ac10847c4f361dd494316905ff28e356c6f7cff17a7b12668d1b791c03811055,c4b03f9607545b9e6f71366f24a4fa17b98ad1c32b0a3354a42cf6d57ae275c3,CiteSeer,CiteSeer-Syn,synthetic_injection_fixed_dataset_seed_42,round5_new,DLG-Base,DLG-Base,gog_fraud.models.pygod.shared_reconstruction.SharedDLGBase,42,50,50,False,,sparse_fused,exact_sparse,True,False,False,False,3327,9914,success,,,stratified_node_transductive,0.0,0.9728748451053284,0.6073467195722938,0.7755102040816326,4.774764060974121,0.7407407407407407,4.688228130340576,0.9561034275405893,0.6896551724137931,0.8,0.7342485535905343,0.8944237918215614,,,,0.7676767676767676,0.7755102040816326,0.76,49.0,validation_labels,49.0,1614.0,50.0,1614.0,False,False,False,0.7342485535905343,0.8944237918215614,0.7755102040816326,0.76,0.9728748451053284,0.02712515489467161,expected_direction,report_only_no_silent_inversion,1.9769919880000089,0.026761517001432367,4.101476766001724,1364.9453125,1011.0,455.8486328125,488.0,1.0485897064208984,7.561936378479004,"{'name': 'sparse_fused', 'score_chunk_size': 8192, 'reconstruction_backend': 'exact_sparse', 'dense_materialized': False, 'training_full_graph': True, 'shared_model': True, 'approximation_used': False, 'normalized_adjacency_cached': True, 'message_backend': 'sparse_fused', 'edge_expanded_messages': False, 'full_graph': True, 'gradient_checkpointing': False}",raw/CiteSeer__DLG-Base__seed42__75c05504d7a6495d23187794.json,
cb970229-4ab3-4b11-b5a5-b7ceeec8c711,d037fa4c0539d3f528a5b16b,391f2600f2d3a2c472f802767b5b7612c048e73ddfc3d03efea91a9416d5f7cf,ac10847c4f361dd494316905ff28e356c6f7cff17a7b12668d1b791c03811055,c4b03f9607545b9e6f71366f24a4fa17b98ad1c32b0a3354a42cf6d57ae275c3,CiteSeer,CiteSeer-Syn,synthetic_injection_fixed_dataset_seed_42,round5_new,DLG-Base,DLG-Base,gog_fraud.models.pygod.shared_reconstruction.SharedDLGBase,43,50,50,False,,sparse_fused,exact_sparse,True,False,False,False,3327,9914,success,,,stratified_node_transductive,0.0,0.9822057001239158,0.5589309562149852,0.7966101694915254,4.673939228057861,0.7476635514018691,4.774491786956787,0.9675285628382442,0.7017543859649122,0.8,0.7410123932408531,0.894733581164808,,,,0.6464646464646465,0.6530612244897959,0.64,49.0,validation_labels,49.0,1614.0,50.0,1614.0,False,False,False,0.7410123932408531,0.894733581164808,0.6530612244897959,0.64,0.9822057001239158,0.017794299876084257,expected_direction,report_only_no_silent_inversion,1.9638030400001298,0.0236667370008945,4.0564807009996,1363.296875,1011.0,455.8486328125,488.0,1.0464601516723633,7.573004722595215,"{'name': 'sparse_fused', 'score_chunk_size': 8192, 'reconstruction_backend': 'exact_sparse', 'dense_materialized': False, 'training_full_graph': True, 'shared_model': True, 'approximation_used': False, 'normalized_adjacency_cached': True, 'message_backend': 'sparse_fused', 'edge_expanded_messages': False, 'full_graph': True, 'gradient_checkpointing': False}",raw/CiteSeer__DLG-Base__seed43__d037fa4c0539d3f528a5b16b.json,
227b6da1-75af-48cf-8e69-d8bc8efe14ef,4d12b35a7684f8f658c0cbad,391f2600f2d3a2c472f802767b5b7612c048e73ddfc3d03efea91a9416d5f7cf,ac10847c4f361dd494316905ff28e356c6f7cff17a7b12668d1b791c03811055,c4b03f9607545b9e6f71366f24a4fa17b98ad1c32b0a3354a42cf6d57ae275c3,CiteSeer,CiteSeer-Syn,synthetic_injection_fixed_dataset_seed_42,round5_new,DLG-Base,DLG-Base,gog_fraud.models.pygod.shared_reconstruction.SharedDLGBase,44,50,50,False,,sparse_fused,exact_sparse,True,False,False,False,3327,9914,success,,,stratified_node_transductive,0.0,0.9702230483271375,0.6532685706702854,0.7857142857142856,4.686506748199463,0.7457627118644068,4.625019073486328,0.9542994588093806,0.6470588235294118,0.88,0.7460145463208996,0.9325650557620817,,,,0.7474747474747475,0.7551020408163265,0.74,49.0,validation_labels,49.0,1614.0,50.0,1614.0,False,False,False,0.7460145463208996,0.9325650557620817,0.7551020408163265,0.74,0.9702230483271375,0.02977695167286246,expected_direction,report_only_no_silent_inversion,1.9891181500006496,0.022397822000129963,4.109532115999173,1364.80859375,1011.0,455.8486328125,488.0,1.048255205154419,7.577191352844238,"{'name': 'sparse_fused', 'score_chunk_size': 8192, 'reconstruction_backend': 'exact_sparse', 'dense_materialized': False, 'training_full_graph': True, 'shared_model': True, 'approximation_used': False, 'normalized_adjacency_cached': True, 'message_backend': 'sparse_fused', 'edge_expanded_messages': False, 'full_graph': True, 'gradient_checkpointing': False}",raw/CiteSeer__DLG-Base__seed44__4d12b35a7684f8f658c0cbad.json,
12aa8158-ac27-4f04-bbde-605e2886112a,2a2e282464194ae01a096180,391f2600f2d3a2c472f802767b5b7612c048e73ddfc3d03efea91a9416d5f7cf,ac10847c4f361dd494316905ff28e356c6f7cff17a7b12668d1b791c03811055,c4b03f9607545b9e6f71366f24a4fa17b98ad1c32b0a3354a42cf6d57ae275c3,CiteSeer,CiteSeer-Syn,synthetic_injection_fixed_dataset_seed_42,round5_new,DLG-Base,DLG-Base,gog_fraud.models.pygod.shared_reconstruction.SharedDLGBase,45,50,50,False,,sparse_fused,exact_sparse,True,False,False,False,3327,9914,success,,,stratified_node_transductive,0.0,0.9775960346964065,0.6097865170032495,0.7731092436974789,4.688751220703125,0.7666666666666667,4.686192989349365,0.962717979555021,0.6571428571428571,0.92,0.7697586925515407,0.9525650557620817,,,,0.6666666666666666,0.673469387755102,0.66,49.0,validation_labels,49.0,1614.0,50.0,1614.0,False,False,False,0.7697586925515407,0.9525650557620817,0.673469387755102,0.66,0.9775960346964065,0.022403965303593558,expected_direction,report_only_no_silent_inversion,1.949899474000631,0.022700131999954465,3.6646987900003296,1365.8125,1011.0,455.8486328125,488.0,1.0438235998153687,7.572604179382324,"{'name': 'sparse_fused', 'score_chunk_size': 8192, 'reconstruction_backend': 'exact_sparse', 'dense_materialized': False, 'training_full_graph': True, 'shared_model': True, 'approximation_used': False, 'normalized_adjacency_cached': True, 'message_backend': 'sparse_fused', 'edge_expanded_messages': False, 'full_graph': True, 'gradient_checkpointing': False}",raw/CiteSeer__DLG-Base__seed45__2a2e282464194ae01a096180.json,
0139bac0-231b-426a-8be6-50c4b482c569,f62b6c65622b038185ce89d7,391f2600f2d3a2c472f802767b5b7612c048e73ddfc3d03efea91a9416d5f7cf,ac10847c4f361dd494316905ff28e356c6f7cff17a7b12668d1b791c03811055,c4b03f9607545b9e6f71366f24a4fa17b98ad1c32b0a3354a42cf6d57ae275c3,CiteSeer,CiteSeer-Syn,synthetic_injection_fixed_dataset_seed_42,round5_new,DLG-Base,DLG-Base,gog_fraud.models.pygod.shared_reconstruction.SharedDLGBase,46,50,50,False,,sparse_fused,exact_sparse,True,False,False,False,3327,9914,success,,,stratified_node_transductive,0.0,0.9858364312267657,0.5728850103063029,0.7758620689655172,4.732759475708008,0.75,4.673747539520264,0.9609140108238123,0.6428571428571429,0.9,0.7522229816867776,0.9422552664188353,,,,0.6262626262626263,0.6326530612244898,0.62,49.0,validation_labels,49.0,1614.0,50.0,1614.0,False,False,False,0.7522229816867776,0.9422552664188353,0.6326530612244898,0.62,0.9858364312267657,0.014163568773234218,expected_direction,report_only_no_silent_inversion,2.030171013000654,0.0239801579991763,2.8405225590013288,1365.73828125,1011.0,455.8486328125,488.0,1.0469127893447876,7.566729545593262,"{'name': 'sparse_fused', 'score_chunk_size': 8192, 'reconstruction_backend': 'exact_sparse', 'dense_materialized': False, 'training_full_graph': True, 'shared_model': True, 'approximation_used': False, 'normalized_adjacency_cached': True, 'message_backend': 'sparse_fused', 'edge_expanded_messages': False, 'full_graph': True, 'gradient_checkpointing': False}",raw/CiteSeer__DLG-Base__seed46__f62b6c65622b038185ce89d7.json,
55b942ad-d37a-4820-9119-fdc47a70d7ef,3e21b163cd86377eb825fd6a,391f2600f2d3a2c472f802767b5b7612c048e73ddfc3d03efea91a9416d5f7cf,ac10847c4f361dd494316905ff28e356c6f7cff17a7b12668d1b791c03811055,c4b03f9607545b9e6f71366f24a4fa17b98ad1c32b0a3354a42cf6d57ae275c3,CiteSeer,CiteSeer-Syn,synthetic_injection_fixed_dataset_seed_42,round5_new,DOMINANT,DOMINANT,gog_fraud.models.pygod.shared_reconstruction.SharedDOMINANT,42,50,50,False,,sparse_fused,exact_sparse,True,False,False,False,3327,9914,success,,,stratified_node_transductive,0.0,0.9732094175960346,0.6074166303241311,0.7755102040816326,4.772621154785156,0.7407407407407407,4.688909530639648,0.9561034275405893,0.6896551724137931,0.8,0.7342485535905343,0.8944237918215614,,,,0.7676767676767676,0.7755102040816326,0.76,49.0,validation_labels,49.0,1614.0,50.0,1614.0,False,False,False,0.7342485535905343,0.8944237918215614,0.7755102040816326,0.76,0.9732094175960346,0.026790582403965292,expected_direction,report_only_no_silent_inversion,2.261945125000011,0.031566177999991396,2.9575617259999945,1351.46875,1366.0,453.3603515625,486.0,1.0510203838348389,7.5601067543029785,"{'name': 'sparse_fused', 'score_chunk_size': 8192, 'reconstruction_backend': 'exact_sparse', 'dense_materialized': False, 'training_full_graph': True, 'shared_model': True, 'approximation_used': False, 'normalized_adjacency_cached': True, 'message_backend': 'sparse_fused', 'edge_expanded_messages': False, 'full_graph': True, 'gradient_checkpointing': False}",raw/CiteSeer__DOMINANT__seed42__3e21b163cd86377eb825fd6a.json,
ab977b04-fb47-4186-a0c3-4d111523cb45,812dd5ce09d635c166923648,391f2600f2d3a2c472f802767b5b7612c048e73ddfc3d03efea91a9416d5f7cf,ac10847c4f361dd494316905ff28e356c6f7cff17a7b12668d1b791c03811055,c4b03f9607545b9e6f71366f24a4fa17b98ad1c32b0a3354a42cf6d57ae275c3,CiteSeer,CiteSeer-Syn,synthetic_injection_fixed_dataset_seed_42,round5_new,DOMINANT,DOMINANT,gog_fraud.models.pygod.shared_reconstruction.SharedDOMINANT,43,50,50,False,,sparse_fused,exact_sparse,True,False,False,False,3327,9914,success,,,stratified_node_transductive,0.0,0.9821933085501858,0.5581625973796129,0.7966101694915254,4.6724853515625,0.7476635514018691,4.771950721740723,0.9675285628382442,0.7017543859649122,0.8,0.7410123932408531,0.894733581164808,,,,0.6464646464646465,0.6530612244897959,0.64,49.0,validation_labels,49.0,1614.0,50.0,1614.0,False,False,False,0.7410123932408531,0.894733581164808,0.6530612244897959,0.64,0.9821933085501858,0.017806691449814123,expected_direction,report_only_no_silent_inversion,1.9777968260004855,0.02392361800048093,2.6421306129996083,1352.46484375,1009.0,453.3603515625,486.0,1.04471755027771,7.555253028869629,"{'name': 'sparse_fused', 'score_chunk_size': 8192, 'reconstruction_backend': 'exact_sparse', 'dense_materialized': False, 'training_full_graph': True, 'shared_model': True, 'approximation_used': False, 'normalized_adjacency_cached': True, 'message_backend': 'sparse_fused', 'edge_expanded_messages': False, 'full_graph': True, 'gradient_checkpointing': False}",raw/CiteSeer__DOMINANT__seed43__812dd5ce09d635c166923648.json,
2a709b40-8f4a-4136-bd38-e5f9784f8720,659dfab676234e2138d7e536,391f2600f2d3a2c472f802767b5b7612c048e73ddfc3d03efea91a9416d5f7cf,ac10847c4f361dd494316905ff28e356c6f7cff17a7b12668d1b791c03811055,c4b03f9607545b9e6f71366f24a4fa17b98ad1c32b0a3354a42cf6d57ae275c3,CiteSeer,CiteSeer-Syn,synthetic_injection_fixed_dataset_seed_42,round5_new,DOMINANT,DOMINANT,gog_fraud.models.pygod.shared_reconstruction.SharedDOMINANT,44,50,50,False,,sparse_fused,exact_sparse,True,False,False,False,3327,9914,success,,,stratified_node_transductive,0.0,0.9700495662949195,0.6469175778716514,0.7787610619469026,4.685958385467529,0.7394957983193278,4.623702526092529,0.9542994588093806,0.6376811594202898,0.88,0.7402904846554922,0.9322552664188353,,,,0.7272727272727273,0.7346938775510204,0.72,49.0,validation_labels,49.0,1614.0,50.0,1614.0,False,False,False,0.7402904846554922,0.9322552664188353,0.7346938775510204,0.72,0.9700495662949195,0.029950433705080562,expected_direction,report_only_no_silent_inversion,1.9848273340012383,0.023088803000064217,2.6583821490003174,1348.546875,1009.0,453.3603515625,486.0,1.041975975036621,7.562145233154297,"{'name': 'sparse_fused', 'score_chunk_size': 8192, 'reconstruction_backend': 'exact_sparse', 'dense_materialized': False, 'training_full_graph': True, 'shared_model': True, 'approximation_used': False, 'normalized_adjacency_cached': True, 'message_backend': 'sparse_fused', 'edge_expanded_messages': False, 'full_graph': True, 'gradient_checkpointing': False}",raw/CiteSeer__DOMINANT__seed44__659dfab676234e2138d7e536.json,
08c1c1c9-303f-4c5d-b226-9fcc8ccaa3e3,300266895472a811b2ecbf8d,391f2600f2d3a2c472f802767b5b7612c048e73ddfc3d03efea91a9416d5f7cf,ac10847c4f361dd494316905ff28e356c6f7cff17a7b12668d1b791c03811055,c4b03f9607545b9e6f71366f24a4fa17b98ad1c32b0a3354a42cf6d57ae275c3,CiteSeer,CiteSeer-Syn,synthetic_injection_fixed_dataset_seed_42,round5_new,DOMINANT,DOMINANT,gog_fraud.models.pygod.shared_reconstruction.SharedDOMINANT,45,50,50,False,,sparse_fused,exact_sparse,True,False,False,False,3327,9914,success,,,stratified_node_transductive,0.0,0.9785873605947955,0.609794110706388,0.7731092436974789,4.688568115234375,0.7666666666666667,4.686349391937256,0.962717979555021,0.6571428571428571,0.92,0.7697586925515407,0.9525650557620817,,,,0.6666666666666666,0.673469387755102,0.66,49.0,validation_labels,49.0,1614.0,50.0,1614.0,False,False,False,0.7697586925515407,0.9525650557620817,0.673469387755102,0.66,0.9785873605947955,0.021412639405204464,expected_direction,report_only_no_silent_inversion,2.134910619000948,0.023774027999024838,3.372475140999086,1352.3359375,1033.0,453.3603515625,486.0,1.0536179542541504,7.5600996017456055,"{'name': 'sparse_fused', 'score_chunk_size': 8192, 'reconstruction_backend': 'exact_sparse', 'dense_materialized': False, 'training_full_graph': True, 'shared_model': True, 'approximation_used': False, 'normalized_adjacency_cached': True, 'message_backend': 'sparse_fused', 'edge_expanded_messages': False, 'full_graph': True, 'gradient_checkpointing': False}",raw/CiteSeer__DOMINANT__seed45__300266895472a811b2ecbf8d.json,
7d25487c-07fb-44e0-93df-ead743197c50,02b269767db5aba13b1018b6,391f2600f2d3a2c472f802767b5b7612c048e73ddfc3d03efea91a9416d5f7cf,ac10847c4f361dd494316905ff28e356c6f7cff17a7b12668d1b791c03811055,c4b03f9607545b9e6f71366f24a4fa17b98ad1c32b0a3354a42cf6d57ae275c3,CiteSeer,CiteSeer-Syn,synthetic_injection_fixed_dataset_seed_42,round5_new,DOMINANT,DOMINANT,gog_fraud.models.pygod.shared_reconstruction.SharedDOMINANT,46,50,50,False,,sparse_fused,exact_sparse,True,False,False,False,3327,9914,success,,,stratified_node_transductive,0.0,0.985811648079306,0.57231974579367,0.7758620689655172,4.732492446899414,0.75,4.673098564147949,0.9603126879134095,0.6428571428571429,0.9,0.7522229816867776,0.9422552664188353,,,,0.6262626262626263,0.6326530612244898,0.62,49.0,validation_labels,49.0,1614.0,50.0,1614.0,False,False,False,0.7522229816867776,0.9422552664188353,0.6326530612244898,0.62,0.985811648079306,0.014188351920693943,expected_direction,report_only_no_silent_inversion,2.272565051998754,0.023082803001670982,3.3099490530003095,1350.46875,1033.0,453.3603515625,486.0,1.045686960220337,7.551003456115723,"{'name': 'sparse_fused', 'score_chunk_size': 8192, 'reconstruction_backend': 'exact_sparse', 'dense_materialized': False, 'training_full_graph': True, 'shared_model': True, 'approximation_used': False, 'normalized_adjacency_cached': True, 'message_backend': 'sparse_fused', 'edge_expanded_messages': False, 'full_graph': True, 'gradient_checkpointing': False}",raw/CiteSeer__DOMINANT__seed46__02b269767db5aba13b1018b6.json,
9f0be4fd-1afd-4efb-a8f6-51ca176599c5,6c7aa2d9285da8cff47025d4,391f2600f2d3a2c472f802767b5b7612c048e73ddfc3d03efea91a9416d5f7cf,ac10847c4f361dd494316905ff28e356c6f7cff17a7b12668d1b791c03811055,c4b03f9607545b9e6f71366f24a4fa17b98ad1c32b0a3354a42cf6d57ae275c3,CiteSeer,CiteSeer-Syn,synthetic_injection_fixed_dataset_seed_42,round5_new,GADNR,GADNR,gog_fraud.models.pygod.gadnr.GADNR,42,50,50,False,,sparse_fused,not_applicable_native_objective,True,False,False,False,3327,9914,success,,,stratified_node_transductive,0.0,0.9124659231722427,0.3475290013360475,0.5972222222222222,24.87196159362793,0.5714285714285714,24.87198257446289,0.94167167769092,0.4444444444444444,0.8,0.5804320501037151,0.8845105328376703,,,,0.3838383838383838,0.3877551020408163,0.38,49.0,validation_labels,49.0,1614.0,50.0,1614.0,False,False,False,0.5804320501037151,0.8845105328376703,0.3877551020408163,0.38,0.9124659231722427,0.08753407682775712,expected_direction,report_only_no_silent_inversion,28.31222566500037,0.39844654400030777,30.393361128999913,1580.265625,2903.0,2485.54443359375,2688.0,0.2690168619155884,2006.0382080078125,{},raw/CiteSeer__GADNR__seed42__6c7aa2d9285da8cff47025d4.json,
02fb2b3f-7b4c-4a03-b3e6-26ec0e5cec7b,1c63df20d0297cae184993f4,391f2600f2d3a2c472f802767b5b7612c048e73ddfc3d03efea91a9416d5f7cf,ac10847c4f361dd494316905ff28e356c6f7cff17a7b12668d1b791c03811055,c4b03f9607545b9e6f71366f24a4fa17b98ad1c32b0a3354a42cf6d57ae275c3,CiteSeer,CiteSeer-Syn,synthetic_injection_fixed_dataset_seed_42,round5_new,GADNR,GADNR,gog_fraud.models.pygod.gadnr.GADNR,43,50,50,False,,sparse_fused,not_applicable_native_objective,True,False,False,False,3327,9914,success,,,stratified_node_transductive,0.0,0.9533085501858735,0.419244960664641,0.6861313868613138,3.5873632431030273,0.6527777777777778,3.4647843837738037,0.9452796151533374,0.5,0.94,0.6735720942960848,0.9554399008674102,,,,0.46464646464646464,0.46938775510204084,0.46,49.0,validation_labels,49.0,1614.0,50.0,1614.0,False,False,False,0.6735720942960848,0.9554399008674102,0.46938775510204084,0.46,0.9533085501858735,0.04669144981412639,expected_direction,report_only_no_silent_inversion,28.67844039099873,0.39524479399915435,30.036391391999132,1598.0546875,3240.0,2485.54443359375,2688.0,0.006504249759018421,204.75169372558594,{},raw/CiteSeer__GADNR__seed43__1c63df20d0297cae184993f4.json,
fe444295-0838-4298-b08a-50c88ebc373e,588df55bb1515eb7d15a84cc,391f2600f2d3a2c472f802767b5b7612c048e73ddfc3d03efea91a9416d5f7cf,ac10847c4f361dd494316905ff28e356c6f7cff17a7b12668d1b791c03811055,c4b03f9607545b9e6f71366f24a4fa17b98ad1c32b0a3354a42cf6d57ae275c3,CiteSeer,CiteSeer-Syn,synthetic_injection_fixed_dataset_seed_42,round5_new,GADNR,GADNR,gog_fraud.models.pygod.gadnr.GADNR,44,50,50,False,,sparse_fused,not_applicable_native_objective,True,False,False,False,3327,9914,success,,,stratified_node_transductive,0.0,0.9075712515489467,0.5697359168610108,0.7256637168141592,2.379342794418335,0.6890756302521008,2.3136918544769287,0.957907396271798,0.5942028985507246,0.82,0.6873201251766599,0.9013258983890954,,,,0.6868686868686869,0.6938775510204082,0.68,49.0,validation_labels,49.0,1614.0,50.0,1614.0,False,False,False,0.6873201251766599,0.9013258983890954,0.6938775510204082,0.68,0.9075712515489467,0.09242874845105328,expected_direction,report_only_no_silent_inversion,28.870219720000023,0.38662592899891024,30.220481069000016,1567.87890625,3240.0,2485.54443359375,2688.0,0.005291362293064594,94.04029083251953,{},raw/CiteSeer__GADNR__seed44__588df55bb1515eb7d15a84cc.json,
05ef6878-368d-4684-a487-48dee3b141da,71fc99fd3427b264eff67305,391f2600f2d3a2c472f802767b5b7612c048e73ddfc3d03efea91a9416d5f7cf,ac10847c4f361dd494316905ff28e356c6f7cff17a7b12668d1b791c03811055,c4b03f9607545b9e6f71366f24a4fa17b98ad1c32b0a3354a42cf6d57ae275c3,CiteSeer,CiteSeer-Syn,synthetic_injection_fixed_dataset_seed_42,round5_new,GADNR,GADNR,gog_fraud.models.pygod.gadnr.GADNR,45,50,50,False,,sparse_fused,not_applicable_native_objective,True,False,False,False,3327,9914,success,,,stratified_node_transductive,0.0,0.947534076827757,0.35042747595653967,0.5771812080536913,3.9532723426818848,0.5578231292517006,3.9953646659851074,0.9452796151533374,0.422680412371134,0.82,0.5722080809422323,0.8926517967781908,,,,0.36363636363636365,0.3673469387755102,0.36,49.0,validation_labels,49.0,1614.0,50.0,1614.0,False,False,False,0.5722080809422323,0.8926517967781908,0.3673469387755102,0.36,0.947534076827757,0.052465923172242884,expected_direction,report_only_no_silent_inversion,29.28018297900053,0.4121725000004517,30.628443634001087,1582.4375,3240.0,2485.54443359375,2688.0,0.004105665255337954,236.62515258789062,{},raw/CiteSeer__GADNR__seed45__71fc99fd3427b264eff67305.json,
8f5437cb-7d33-468e-b960-a59d7ed76afd,41cfb6541b0725c6688f1953,391f2600f2d3a2c472f802767b5b7612c048e73ddfc3d03efea91a9416d5f7cf,ac10847c4f361dd494316905ff28e356c6f7cff17a7b12668d1b791c03811055,c4b03f9607545b9e6f71366f24a4fa17b98ad1c32b0a3354a42cf6d57ae275c3,CiteSeer,CiteSeer-Syn,synthetic_injection_fixed_dataset_seed_42,round5_new,GADNR,GADNR,gog_fraud.models.pygod.gadnr.GADNR,46,50,50,False,,sparse_fused,not_applicable_native_objective,True,False,False,False,3327,9914,success,,,stratified_node_transductive,0.0,0.8715241635687732,0.14430575230197037,0.28108108108108104,1.1281877756118774,0.23972602739726026,0.7877034544944763,0.8628983764281419,0.1446280991735537,0.7,0.2768747437582659,0.7858736059479554,,,,0.1414141414141414,0.14285714285714285,0.14,49.0,validation_labels,49.0,1614.0,50.0,1614.0,False,False,False,0.2768747437582659,0.7858736059479554,0.14285714285714285,0.14,0.8715241635687732,0.1284758364312268,expected_direction,report_only_no_silent_inversion,28.707884222998473,0.3927205859999958,30.058020394000778,1591.234375,3238.0,2485.54443359375,2688.0,0.005597666837275028,69.71157836914062,{},raw/CiteSeer__GADNR__seed46__41cfb6541b0725c6688f1953.json,
c994b8e3-a537-46be-9455-0a83144084af,5a54c01a676b511ed4f99134,391f2600f2d3a2c472f802767b5b7612c048e73ddfc3d03efea91a9416d5f7cf,ac10847c4f361dd494316905ff28e356c6f7cff17a7b12668d1b791c03811055,c4b03f9607545b9e6f71366f24a4fa17b98ad1c32b0a3354a42cf6d57ae275c3,CiteSeer,CiteSeer-Syn,synthetic_injection_fixed_dataset_seed_42,round5_new,OCGNN,OCGNN,pygod.detector.ocgnn.OCGNN,42,50,50,False,,sparse_fused,not_applicable_native_objective,True,False,False,False,3327,9914,success,,,stratified_node_transductive,0.0,0.5,0.030084235860409144,0.05841121495327102,-0.06819578260183334,0.05841121495327103,-0.06819578260183334,1.0,0.030084235860409144,1.0,0.0061056615265740796,0.5006195786864932,,,,0.020202020202020204,0.02040816326530612,0.02,49.0,validation_labels,49.0,1614.0,50.0,1614.0,False,False,False,0.0061056615265740796,0.5006195786864932,0.02040816326530612,0.02,0.5,0.5,expected_direction,report_only_no_silent_inversion,1.1597498020000785,0.014749847001439775,3.112169582998831,1557.78125,647.0,120.67919921875,124.0,-0.06829693913459778,-0.06793110817670822,{},raw/CiteSeer__OCGNN__seed42__5a54c01a676b511ed4f99134.json,
d4bea412-fb9c-43f4-9f01-bceedf948f01,4f0fe57290a9343c00b627d0,391f2600f2d3a2c472f802767b5b7612c048e73ddfc3d03efea91a9416d5f7cf,ac10847c4f361dd494316905ff28e356c6f7cff17a7b12668d1b791c03811055,c4b03f9607545b9e6f71366f24a4fa17b98ad1c32b0a3354a42cf6d57ae275c3,CiteSeer,CiteSeer-Syn,synthetic_injection_fixed_dataset_seed_42,round5_new,OCGNN,OCGNN,pygod.detector.ocgnn.OCGNN,43,50,50,False,,sparse_fused,not_applicable_native_objective,True,False,False,False,3327,9914,success,,,stratified_node_transductive,0.0,0.4996902106567534,0.030048076923076924,0.058343057176196034,-0.04852926358580589,0.058343057176196034,-0.04852926358580589,0.9987973541791942,0.030048076923076924,1.0,0.0,0.5,,,,0.020202020202020204,0.02040816326530612,0.02,49.0,validation_labels,49.0,1614.0,50.0,1614.0,False,False,False,0.0,0.5,0.02040816326530612,0.02,0.4996902106567534,0.5003097893432467,expected_direction,report_only_no_silent_inversion,1.1488246619992424,0.01425868700061983,3.1005755289988883,1554.4296875,647.0,120.67919921875,124.0,-0.04852926358580589,-0.048102375119924545,{},raw/CiteSeer__OCGNN__seed43__4f0fe57290a9343c00b627d0.json,
fa97a179-bc7b-45f2-a0fc-782513ab7bb8,b6143191a34f1a7ad2b7e47c,391f2600f2d3a2c472f802767b5b7612c048e73ddfc3d03efea91a9416d5f7cf,ac10847c4f361dd494316905ff28e356c6f7cff17a7b12668d1b791c03811055,c4b03f9607545b9e6f71366f24a4fa17b98ad1c32b0a3354a42cf6d57ae275c3,CiteSeer,CiteSeer-Syn,synthetic_injection_fixed_dataset_seed_42,round5_new,OCGNN,OCGNN,pygod.detector.ocgnn.OCGNN,44,50,50,False,,sparse_fused,not_applicable_native_objective,True,False,False,False,3327,9914,success,,,stratified_node_transductive,0.0,0.5,0.030048076923076924,0.058343057176196034,-0.04946232587099075,0.058343057176196034,-0.04946232587099075,1.0,0.030048076923076924,1.0,0.0,0.5,,,,0.020202020202020204,0.02040816326530612,0.02,49.0,validation_labels,49.0,1614.0,50.0,1614.0,False,False,False,0.0,0.5,0.02040816326530612,0.02,0.5,0.5,expected_direction,report_only_no_silent_inversion,1.1756010690005496,0.016530840999621432,2.093762381999113,1507.890625,647.0,120.67919921875,124.0,-0.04946232587099075,-0.04946232587099075,{},raw/CiteSeer__OCGNN__seed44__b6143191a34f1a7ad2b7e47c.json,
ad0f1573-0b9f-49d5-bcf7-5bcaadb6b0f1,a89afe5852f8e0c793400432,391f2600f2d3a2c472f802767b5b7612c048e73ddfc3d03efea91a9416d5f7cf,ac10847c4f361dd494316905ff28e356c6f7cff17a7b12668d1b791c03811055,c4b03f9607545b9e6f71366f24a4fa17b98ad1c32b0a3354a42cf6d57ae275c3,CiteSeer,CiteSeer-Syn,synthetic_injection_fixed_dataset_seed_42,round5_new,OCGNN,OCGNN,pygod.detector.ocgnn.OCGNN,45,50,50,False,,sparse_fused,not_applicable_native_objective,True,False,False,False,3327,9914,success,,,stratified_node_transductive,0.0,0.501548946716233,0.030156815440289506,0.058548009367681494,-0.050283342599868774,0.0585480093676815,-0.050283342599868774,1.0,0.030156815440289506,1.0,0.010588065007161213,0.5018587360594795,,,,0.0,0.0,0.0,49.0,validation_labels,49.0,1614.0,50.0,1614.0,False,False,False,0.010588065007161213,0.5018587360594795,0.0,0.0,0.501548946716233,0.49845105328376704,expected_direction,report_only_no_silent_inversion,1.1574397179992957,0.016807596000944613,1.841596476999257,1554.96875,647.0,120.67919921875,124.0,-0.0589350089430809,-0.039817892014980316,{},raw/CiteSeer__OCGNN__seed45__a89afe5852f8e0c793400432.json,
31d4e889-1f5f-4686-abbe-fbb790bb1a45,e0c7d330a11d8f3b9a85745c,391f2600f2d3a2c472f802767b5b7612c048e73ddfc3d03efea91a9416d5f7cf,ac10847c4f361dd494316905ff28e356c6f7cff17a7b12668d1b791c03811055,c4b03f9607545b9e6f71366f24a4fa17b98ad1c32b0a3354a42cf6d57ae275c3,CiteSeer,CiteSeer-Syn,synthetic_injection_fixed_dataset_seed_42,round5_new,OCGNN,OCGNN,pygod.detector.ocgnn.OCGNN,46,50,50,False,,sparse_fused,not_applicable_native_objective,True,False,False,False,3327,9914,success,,,stratified_node_transductive,0.0,0.4959727385377943,0.030048076923076924,0.058343057176196034,-0.06086380034685135,0.058343057176196034,-0.06086380034685135,0.994588093806374,0.030048076923076924,1.0,0.0,0.5,,,,0.04040404040404041,0.04081632653061224,0.04,49.0,validation_labels,49.0,1614.0,50.0,1614.0,False,False,False,0.0,0.5,0.04081632653061224,0.04,0.4959727385377943,0.5040272614622057,expected_direction,report_only_no_silent_inversion,1.1527136739987327,0.013330669000424678,3.2212577080008487,1510.6640625,647.0,120.67919921875,124.0,-0.0608806312084198,-0.03511824458837509,{},raw/CiteSeer__OCGNN__seed46__e0c7d330a11d8f3b9a85745c.json,
758b463d-1d6a-49d1-9f4c-be00daa3a9bc,f181eb10b7002266e410f888,391f2600f2d3a2c472f802767b5b7612c048e73ddfc3d03efea91a9416d5f7cf,ac10847c4f361dd494316905ff28e356c6f7cff17a7b12668d1b791c03811055,c4b03f9607545b9e6f71366f24a4fa17b98ad1c32b0a3354a42cf6d57ae275c3,Cora,Cora-Syn,synthetic_injection_fixed_dataset_seed_42,round5_new,AnomalyDAE,AnomalyDAE,gog_fraud.models.pygod.shared_reconstruction.SharedAnomalyDAE,42,50,50,False,,none,chunked_exact,True,False,False,False,2708,11276,success,,,stratified_node_transductive,0.0,0.9570776255707762,0.42085644230026004,0.5294117647058822,15.44528579711914,0.3561643835616438,15.473366737365723,0.9675036927621861,0.3939393939393939,0.325,0.3401509540375067,0.6548896499238965,,,,0.41975308641975306,0.4146341463414634,0.425,41.0,validation_labels,41.0,1313.0,40.0,1314.0,False,False,False,0.3401509540375067,0.6548896499238965,0.4146341463414634,0.425,0.9570776255707762,0.04292237442922375,expected_direction,report_only_no_silent_inversion,5.6018709350009885,0.026194337999186246,8.622269231000246,1356.703125,477.0,191.58203125,266.0,13.608299255371094,15.716802597045898,"{'name': 'pyg_coo_reference', 'score_chunk_size': 256, 'reconstruction_backend': 'chunked_exact', 'dense_materialized': False, 'training_full_graph': True, 'shared_model': True, 'approximation_used': False, 'normalized_adjacency_cached': False, 'message_backend': 'pyg_coo_reference', 'edge_expanded_messages': True, 'full_graph': True, 'gradient_checkpointing': False}",raw/Cora__AnomalyDAE__seed42__f181eb10b7002266e410f888.json,
80888b4a-9ac0-4a4e-bcb2-0aa8db464cbf,9fbac1d8026e0712d701809c,391f2600f2d3a2c472f802767b5b7612c048e73ddfc3d03efea91a9416d5f7cf,ac10847c4f361dd494316905ff28e356c6f7cff17a7b12668d1b791c03811055,c4b03f9607545b9e6f71366f24a4fa17b98ad1c32b0a3354a42cf6d57ae275c3,Cora,Cora-Syn,synthetic_injection_fixed_dataset_seed_42,round5_new,AnomalyDAE,AnomalyDAE,gog_fraud.models.pygod.shared_reconstruction.SharedAnomalyDAE,43,50,50,False,,none,chunked_exact,True,False,False,False,2708,11276,success,,,stratified_node_transductive,0.0,0.9660768645357687,0.4873665583170261,0.5714285714285714,15.446815490722656,0.4444444444444444,15.47164249420166,0.9697193500738552,0.43902439024390244,0.45,0.4273519379102868,0.716248097412481,,,,0.4444444444444444,0.43902439024390244,0.45,41.0,validation_labels,41.0,1313.0,40.0,1314.0,False,False,False,0.4273519379102868,0.716248097412481,0.43902439024390244,0.45,0.9660768645357687,0.03392313546423137,expected_direction,report_only_no_silent_inversion,9.623539246000291,0.02874723100103438,17.880476400998305,1382.98046875,477.0,191.58203125,266.0,13.592756271362305,15.718114852905273,"{'name': 'pyg_coo_reference', 'score_chunk_size': 256, 'reconstruction_backend': 'chunked_exact', 'dense_materialized': False, 'training_full_graph': True, 'shared_model': True, 'approximation_used': False, 'normalized_adjacency_cached': False, 'message_backend': 'pyg_coo_reference', 'edge_expanded_messages': True, 'full_graph': True, 'gradient_checkpointing': False}",raw/Cora__AnomalyDAE__seed43__9fbac1d8026e0712d701809c.json,
fdd9a7d6-39e2-442d-af17-614167aff713,e870e413fdddc447bbd0e84c,391f2600f2d3a2c472f802767b5b7612c048e73ddfc3d03efea91a9416d5f7cf,ac10847c4f361dd494316905ff28e356c6f7cff17a7b12668d1b791c03811055,c4b03f9607545b9e6f71366f24a4fa17b98ad1c32b0a3354a42cf6d57ae275c3,Cora,Cora-Syn,synthetic_injection_fixed_dataset_seed_42,round5_new,AnomalyDAE,AnomalyDAE,gog_fraud.models.pygod.shared_reconstruction.SharedAnomalyDAE,44,50,50,False,,none,chunked_exact,True,False,False,False,2708,11276,success,,,stratified_node_transductive,0.0,0.9579718417047185,0.3924769543061313,0.44859813084112143,15.4480562210083,0.42718446601941745,15.452651023864746,0.9593796159527327,0.3492063492063492,0.55,0.417053923449218,0.7593987823439878,,,,0.3950617283950617,0.3902439024390244,0.4,41.0,validation_labels,41.0,1313.0,40.0,1314.0,False,False,False,0.417053923449218,0.7593987823439878,0.3902439024390244,0.4,0.9579718417047185,0.042028158295281594,expected_direction,report_only_no_silent_inversion,4.947640640999452,0.025172879000820103,5.862276911000663,1352.796875,713.0,191.58203125,266.0,13.530596733093262,15.717941284179688,"{'name': 'pyg_coo_reference', 'score_chunk_size': 256, 'reconstruction_backend': 'chunked_exact', 'dense_materialized': False, 'training_full_graph': True, 'shared_model': True, 'approximation_used': False, 'normalized_adjacency_cached': False, 'message_backend': 'pyg_coo_reference', 'edge_expanded_messages': True, 'full_graph': True, 'gradient_checkpointing': False}",raw/Cora__AnomalyDAE__seed44__e870e413fdddc447bbd0e84c.json,
9ca3b997-12b3-4eb3-bff0-adccea38017a,fcc85ae2194b50dd2c748177,391f2600f2d3a2c472f802767b5b7612c048e73ddfc3d03efea91a9416d5f7cf,ac10847c4f361dd494316905ff28e356c6f7cff17a7b12668d1b791c03811055,c4b03f9607545b9e6f71366f24a4fa17b98ad1c32b0a3354a42cf6d57ae275c3,Cora,Cora-Syn,synthetic_injection_fixed_dataset_seed_42,round5_new,AnomalyDAE,AnomalyDAE,gog_fraud.models.pygod.shared_reconstruction.SharedAnomalyDAE,45,50,50,False,,none,chunked_exact,True,False,False,False,2708,11276,success,,,stratified_node_transductive,0.0,0.9650771831404529,0.4823823353338077,0.5252525252525253,15.454195022583008,0.5225225225225225,15.445841789245605,0.9579025110782866,0.4142857142857143,0.7073170731707317,0.5232362604095003,0.8380454368138502,,,,0.4691358024691358,0.475,0.4634146341463415,40.0,validation_labels,40.0,1314.0,41.0,1313.0,False,False,False,0.5232362604095003,0.8380454368138502,0.475,0.4634146341463415,0.9650771831404529,0.03492281685954711,expected_direction,report_only_no_silent_inversion,5.7454281259997515,0.027270631000646972,6.347358477998569,1395.078125,713.0,191.58203125,266.0,13.523792266845703,15.720422744750977,"{'name': 'pyg_coo_reference', 'score_chunk_size': 256, 'reconstruction_backend': 'chunked_exact', 'dense_materialized': False, 'training_full_graph': True, 'shared_model': True, 'approximation_used': False, 'normalized_adjacency_cached': False, 'message_backend': 'pyg_coo_reference', 'edge_expanded_messages': True, 'full_graph': True, 'gradient_checkpointing': False}",raw/Cora__AnomalyDAE__seed45__fcc85ae2194b50dd2c748177.json,
23e4d1cf-dcdb-4baf-b693-3b1fcce353f7,8b46566fd6e490fa75a65937,391f2600f2d3a2c472f802767b5b7612c048e73ddfc3d03efea91a9416d5f7cf,ac10847c4f361dd494316905ff28e356c6f7cff17a7b12668d1b791c03811055,c4b03f9607545b9e6f71366f24a4fa17b98ad1c32b0a3354a42cf6d57ae275c3,Cora,Cora-Syn,synthetic_injection_fixed_dataset_seed_42,round5_new,AnomalyDAE,AnomalyDAE,gog_fraud.models.pygod.shared_reconstruction.SharedAnomalyDAE,46,50,50,False,,none,chunked_exact,True,False,False,False,2708,11276,success,,,stratified_node_transductive,0.0,0.9631267066669142,0.46392724882163294,0.5233644859813085,15.446268081665039,0.4489795918367347,15.454689979553223,0.9579025110782866,0.38596491228070173,0.5365853658536586,0.43513745015654187,0.7549644270243159,,,,0.41975308641975306,0.425,0.4146341463414634,40.0,validation_labels,40.0,1314.0,41.0,1313.0,False,False,False,0.43513745015654187,0.7549644270243159,0.425,0.4146341463414634,0.9631267066669142,0.03687329333308566,expected_direction,report_only_no_silent_inversion,5.761020569998436,0.02532746799988672,6.52798698100014,1355.015625,713.0,191.58203125,266.0,13.656760215759277,15.717214584350586,"{'name': 'pyg_coo_reference', 'score_chunk_size': 256, 'reconstruction_backend': 'chunked_exact', 'dense_materialized': False, 'training_full_graph': True, 'shared_model': True, 'approximation_used': False, 'normalized_adjacency_cached': False, 'message_backend': 'pyg_coo_reference', 'edge_expanded_messages': True, 'full_graph': True, 'gradient_checkpointing': False}",raw/Cora__AnomalyDAE__seed46__8b46566fd6e490fa75a65937.json,
70b866f5-d4b4-46ca-ab99-5c14d39477d0,576438f1ac61ceee8dc74ef4,391f2600f2d3a2c472f802767b5b7612c048e73ddfc3d03efea91a9416d5f7cf,ac10847c4f361dd494316905ff28e356c6f7cff17a7b12668d1b791c03811055,c4b03f9607545b9e6f71366f24a4fa17b98ad1c32b0a3354a42cf6d57ae275c3,Cora,Cora-Syn,synthetic_injection_fixed_dataset_seed_42,round5_new,CONAD,CONAD,gog_fraud.models.pygod.shared_reconstruction.SharedCONAD,42,50,50,False,,sparse_fused,exact_sparse,True,False,False,False,2708,11276,success,,,stratified_node_transductive,0.0,0.9829147640791478,0.44194305667963474,0.6666666666666667,1.9733186960220337,0.6548672566371682,1.9764220714569092,0.9534711964549483,0.5068493150684932,0.925,0.6729392392253424,0.9488013698630138,,,,0.4444444444444444,0.43902439024390244,0.45,41.0,validation_labels,41.0,1313.0,40.0,1314.0,False,False,False,0.6729392392253424,0.9488013698630138,0.43902439024390244,0.45,0.9829147640791478,0.017085235920852378,expected_direction,report_only_no_silent_inversion,1.8121728749993053,0.009006661999592325,3.7208558310003355,1418.44921875,455.0,210.486328125,242.0,0.5627913475036621,4.354970455169678,"{'name': 'sparse_fused', 'score_chunk_size': 8192, 'reconstruction_backend': 'exact_sparse', 'dense_materialized': False, 'training_full_graph': True, 'shared_model': True, 'approximation_used': False, 'normalized_adjacency_cached': True, 'message_backend': 'sparse_fused', 'edge_expanded_messages': False, 'full_graph': True, 'gradient_checkpointing': False}",raw/Cora__CONAD__seed42__576438f1ac61ceee8dc74ef4.json,
453e3b6f-f2c3-49d9-b6bd-d7b1a5a75e48,4cfede96ef8722ddf1b195cc,391f2600f2d3a2c472f802767b5b7612c048e73ddfc3d03efea91a9416d5f7cf,ac10847c4f361dd494316905ff28e356c6f7cff17a7b12668d1b791c03811055,c4b03f9607545b9e6f71366f24a4fa17b98ad1c32b0a3354a42cf6d57ae275c3,Cora,Cora-Syn,synthetic_injection_fixed_dataset_seed_42,round5_new,CONAD,CONAD,gog_fraud.models.pygod.shared_reconstruction.SharedCONAD,43,50,50,False,,sparse_fused,exact_sparse,True,False,False,False,2708,11276,success,,,stratified_node_transductive,0.0,0.9866818873668189,0.5238198972627255,0.7474747474747475,2.0097451210021973,0.6608695652173913,1.9513756036758423,0.9460856720827179,0.5066666666666667,0.95,0.6823671738041783,0.9609208523592085,,,,0.6172839506172839,0.6097560975609756,0.625,41.0,validation_labels,41.0,1313.0,40.0,1314.0,False,False,False,0.6823671738041783,0.9609208523592085,0.6097560975609756,0.625,0.9866818873668189,0.013318112633181145,expected_direction,report_only_no_silent_inversion,1.6224949930001458,0.009658257999944908,2.4508946669993747,1436.63671875,455.0,210.48974609375,242.0,0.5671875476837158,4.351875305175781,"{'name': 'sparse_fused', 'score_chunk_size': 8192, 'reconstruction_backend': 'exact_sparse', 'dense_materialized': False, 'training_full_graph': True, 'shared_model': True, 'approximation_used': False, 'normalized_adjacency_cached': True, 'message_backend': 'sparse_fused', 'edge_expanded_messages': False, 'full_graph': True, 'gradient_checkpointing': False}",raw/Cora__CONAD__seed43__4cfede96ef8722ddf1b195cc.json,
cab57d75-08a3-45bb-a116-393a2f591610,a3e1e2e477ec5362c9f69d33,391f2600f2d3a2c472f802767b5b7612c048e73ddfc3d03efea91a9416d5f7cf,ac10847c4f361dd494316905ff28e356c6f7cff17a7b12668d1b791c03811055,c4b03f9607545b9e6f71366f24a4fa17b98ad1c32b0a3354a42cf6d57ae275c3,Cora,Cora-Syn,synthetic_injection_fixed_dataset_seed_42,round5_new,CONAD,CONAD,gog_fraud.models.pygod.shared_reconstruction.SharedCONAD,44,50,50,False,,sparse_fused,exact_sparse,True,False,False,False,2708,11276,success,,,stratified_node_transductive,0.0,0.98308599695586,0.4649330652581019,0.7238095238095238,1.9879717826843262,0.7102803738317757,1.971435308456421,0.947562776957164,0.5671641791044776,0.95,0.7244630035035815,0.9639649923896498,,,,0.4444444444444444,0.43902439024390244,0.45,41.0,validation_labels,41.0,1313.0,40.0,1314.0,False,False,False,0.7244630035035815,0.9639649923896498,0.43902439024390244,0.45,0.98308599695586,0.016914003044140025,expected_direction,report_only_no_silent_inversion,1.4437753180000072,0.009151098000074853,4.490098603999286,1416.34765625,455.0,210.48095703125,242.0,0.5648160576820374,4.353774070739746,"{'name': 'sparse_fused', 'score_chunk_size': 8192, 'reconstruction_backend': 'exact_sparse', 'dense_materialized': False, 'training_full_graph': True, 'shared_model': True, 'approximation_used': False, 'normalized_adjacency_cached': True, 'message_backend': 'sparse_fused', 'edge_expanded_messages': False, 'full_graph': True, 'gradient_checkpointing': False}",raw/Cora__CONAD__seed44__a3e1e2e477ec5362c9f69d33.json,
3c2e71a4-a260-4304-a705-93f3d1c275d9,99234ddbab6c782548e2134d,391f2600f2d3a2c472f802767b5b7612c048e73ddfc3d03efea91a9416d5f7cf,ac10847c4f361dd494316905ff28e356c6f7cff17a7b12668d1b791c03811055,c4b03f9607545b9e6f71366f24a4fa17b98ad1c32b0a3354a42cf6d57ae275c3,Cora,Cora-Syn,synthetic_injection_fixed_dataset_seed_42,round5_new,CONAD,CONAD,gog_fraud.models.pygod.shared_reconstruction.SharedCONAD,45,50,50,False,,sparse_fused,exact_sparse,True,False,False,False,2708,11276,success,,,stratified_node_transductive,0.0,0.9860308732561811,0.49603897145388254,0.7207207207207207,1.972839593887329,0.7090909090909091,1.9862126111984253,0.9534711964549483,0.5652173913043478,0.9512195121951219,0.7233854717963334,0.9641855367525496,,,,0.49382716049382713,0.5,0.4878048780487805,40.0,validation_labels,40.0,1314.0,41.0,1313.0,False,False,False,0.7233854717963334,0.9641855367525496,0.5,0.4878048780487805,0.9860308732561811,0.01396912674381885,expected_direction,report_only_no_silent_inversion,1.5287315989999115,0.009004587999697833,4.482705388000795,1417.1015625,455.0,210.4794921875,242.0,0.5643818974494934,4.347968101501465,"{'name': 'sparse_fused', 'score_chunk_size': 8192, 'reconstruction_backend': 'exact_sparse', 'dense_materialized': False, 'training_full_graph': True, 'shared_model': True, 'approximation_used': False, 'normalized_adjacency_cached': True, 'message_backend': 'sparse_fused', 'edge_expanded_messages': False, 'full_graph': True, 'gradient_checkpointing': False}",raw/Cora__CONAD__seed45__99234ddbab6c782548e2134d.json,
fbe24364-ccea-47c6-b946-d30ee30ca013,2a666f1aab27b903ae238952,391f2600f2d3a2c472f802767b5b7612c048e73ddfc3d03efea91a9416d5f7cf,ac10847c4f361dd494316905ff28e356c6f7cff17a7b12668d1b791c03811055,c4b03f9607545b9e6f71366f24a4fa17b98ad1c32b0a3354a42cf6d57ae275c3,Cora,Cora-Syn,synthetic_injection_fixed_dataset_seed_42,round5_new,CONAD,CONAD,gog_fraud.models.pygod.shared_reconstruction.SharedCONAD,46,50,50,False,,sparse_fused,exact_sparse,True,False,False,False,2708,11276,success,,,stratified_node_transductive,0.0,0.9830401426634221,0.44319550704528926,0.7068965517241379,1.9721195697784424,0.6909090909090909,1.9869096279144287,0.9534711964549483,0.5507246376811594,0.926829268292683,0.7037871780049446,0.9516096074898297,,,,0.41975308641975306,0.425,0.4146341463414634,40.0,validation_labels,40.0,1314.0,41.0,1313.0,False,False,False,0.7037871780049446,0.9516096074898297,0.425,0.4146341463414634,0.9830401426634221,0.016959857336577934,expected_direction,report_only_no_silent_inversion,1.515981045999979,0.010774244999993243,4.408185591999427,1442.7890625,455.0,210.49462890625,242.0,0.564476728439331,4.346324443817139,"{'name': 'sparse_fused', 'score_chunk_size': 8192, 'reconstruction_backend': 'exact_sparse', 'dense_materialized': False, 'training_full_graph': True, 'shared_model': True, 'approximation_used': False, 'normalized_adjacency_cached': True, 'message_backend': 'sparse_fused', 'edge_expanded_messages': False, 'full_graph': True, 'gradient_checkpointing': False}",raw/Cora__CONAD__seed46__2a666f1aab27b903ae238952.json,
f6e03387-3ccc-446a-9a55-60e31c9b7839,b1918e583e8ee2c90653670b,391f2600f2d3a2c472f802767b5b7612c048e73ddfc3d03efea91a9416d5f7cf,ac10847c4f361dd494316905ff28e356c6f7cff17a7b12668d1b791c03811055,c4b03f9607545b9e6f71366f24a4fa17b98ad1c32b0a3354a42cf6d57ae275c3,Cora,Cora-Syn,synthetic_injection_fixed_dataset_seed_42,round5_new,CoLA,CoLA,pygod.detector.cola.CoLA,42,50,50,False,,sparse_fused,not_applicable_native_objective,True,False,False,False,2708,11276,success,,,stratified_node_transductive,0.0,0.5128614916286149,0.029548970501989208,0.06818181818181819,-13.851810455322266,0.03619909502262444,-4.6988630294799805,0.8611521418020679,0.022099447513812154,0.1,-0.017266680868163777,0.482648401826484,,,,0.0,0.0,0.0,41.0,validation_labels,41.0,1313.0,40.0,1314.0,False,False,False,-0.017266680868163777,0.482648401826484,0.0,0.0,0.5128614916286149,0.48713850837138506,expected_direction,report_only_no_silent_inversion,4.511054440999942,0.007275610999386117,7.704014532999281,1375.8984375,337.0,117.0869140625,126.0,-66.9087905883789,8.719406127929688,{},raw/Cora__CoLA__seed42__b1918e583e8ee2c90653670b.json,
e72a7c42-4984-406c-8007-7054411a5f9c,05893d463fe265393f27f967,391f2600f2d3a2c472f802767b5b7612c048e73ddfc3d03efea91a9416d5f7cf,ac10847c4f361dd494316905ff28e356c6f7cff17a7b12668d1b791c03811055,c4b03f9607545b9e6f71366f24a4fa17b98ad1c32b0a3354a42cf6d57ae275c3,Cora,Cora-Syn,synthetic_injection_fixed_dataset_seed_42,round5_new,CoLA,CoLA,pygod.detector.cola.CoLA,43,50,50,False,,sparse_fused,not_applicable_native_objective,True,False,False,False,2708,11276,success,,,stratified_node_transductive,0.0,0.5091324200913242,0.030100359175934566,0.06743940990516333,-15.341388702392578,0.047337278106508875,-8.05677318572998,0.689069423929099,0.02569593147751606,0.3,-0.016482217549966437,0.4768645357686454,,,,0.024691358024691357,0.024390243902439025,0.025,41.0,validation_labels,41.0,1313.0,40.0,1314.0,False,False,False,-0.016482217549966437,0.4768645357686454,0.024390243902439025,0.025,0.5091324200913242,0.4908675799086758,expected_direction,report_only_no_silent_inversion,1.0379565220000586,0.00910766299966781,4.058032046000335,1407.23828125,337.0,117.0869140625,126.0,-74.43214416503906,3.778062343597412,{},raw/Cora__CoLA__seed43__05893d463fe265393f27f967.json,
f3892222-8141-47ae-808d-9df306a30d47,ef474f0fbc1a43b9b3849678,391f2600f2d3a2c472f802767b5b7612c048e73ddfc3d03efea91a9416d5f7cf,ac10847c4f361dd494316905ff28e356c6f7cff17a7b12668d1b791c03811055,c4b03f9607545b9e6f71366f24a4fa17b98ad1c32b0a3354a42cf6d57ae275c3,Cora,Cora-Syn,synthetic_injection_fixed_dataset_seed_42,round5_new,CoLA,CoLA,pygod.detector.cola.CoLA,44,50,50,False,,sparse_fused,not_applicable_native_objective,True,False,False,False,2708,11276,success,,,stratified_node_transductive,0.0,0.4986681887366819,0.03014810135865828,0.06859205776173284,-18.102434158325195,0.056625141562853906,-13.09405517578125,0.41285081240768096,0.02965599051008304,0.625,0.0008639556251783604,0.5012366818873668,,,,0.024691358024691357,0.024390243902439025,0.025,41.0,validation_labels,41.0,1313.0,40.0,1314.0,False,False,False,0.0008639556251783604,0.5012366818873668,0.024390243902439025,0.025,0.4986681887366819,0.501331811263318,expected_direction,report_only_no_silent_inversion,0.9293894350003029,0.00990644000012253,1.8481387510000786,1378.99609375,337.0,117.0869140625,126.0,-62.851348876953125,5.305086135864258,{},raw/Cora__CoLA__seed44__ef474f0fbc1a43b9b3849678.json,
21587f1b-3763-44f7-ab78-d9bd0a3b698a,36d1bda389745798078709fb,391f2600f2d3a2c472f802767b5b7612c048e73ddfc3d03efea91a9416d5f7cf,ac10847c4f361dd494316905ff28e356c6f7cff17a7b12668d1b791c03811055,c4b03f9607545b9e6f71366f24a4fa17b98ad1c32b0a3354a42cf6d57ae275c3,Cora,Cora-Syn,synthetic_injection_fixed_dataset_seed_42,round5_new,CoLA,CoLA,pygod.detector.cola.CoLA,45,50,50,False,,sparse_fused,not_applicable_native_objective,True,False,False,False,2708,11276,success,,,stratified_node_transductive,0.0,0.48966247469024576,0.02934168326791544,0.0653061224489796,-11.534954071044922,0.019230769230769232,-1.8636341094970703,0.9519940915805022,0.015873015873015872,0.024390243902439025,-0.018573519052402884,0.4885850686381959,,,,0.0,0.0,0.0,40.0,validation_labels,40.0,1314.0,41.0,1313.0,False,False,False,-0.018573519052402884,0.4885850686381959,0.0,0.0,0.48966247469024576,0.5103375253097542,expected_direction,report_only_no_silent_inversion,0.8763509450000129,0.007688547000725521,4.101016929999787,1393.82421875,337.0,117.0869140625,126.0,-85.54718780517578,4.891463279724121,{},raw/Cora__CoLA__seed45__36d1bda389745798078709fb.json,
c49a3f91-af8d-4d63-a960-ebdf1d2b7371,f25b3aaf2391c19a6c4c5084,391f2600f2d3a2c472f802767b5b7612c048e73ddfc3d03efea91a9416d5f7cf,ac10847c4f361dd494316905ff28e356c6f7cff17a7b12668d1b791c03811055,c4b03f9607545b9e6f71366f24a4fa17b98ad1c32b0a3354a42cf6d57ae275c3,Cora,Cora-Syn,synthetic_injection_fixed_dataset_seed_42,round5_new,CoLA,CoLA,pygod.detector.cola.CoLA,46,50,50,False,,sparse_fused,not_applicable_native_objective,True,False,False,False,2708,11276,success,,,stratified_node_transductive,0.0,0.5288949157579923,0.030367386761445254,0.07213930348258706,-13.604632377624512,0.06547619047619048,-17.650901794433594,0.25406203840472674,0.03412616339193381,0.8048780487804879,0.03547369796168425,0.5467649954488882,,,,0.0,0.0,0.0,40.0,validation_labels,40.0,1314.0,41.0,1313.0,False,False,False,0.03547369796168425,0.5467649954488882,0.0,0.0,0.5288949157579923,0.4711050842420077,expected_direction,report_only_no_silent_inversion,0.9310294449996945,0.00843808599984186,3.8535372610003833,1376.02734375,337.0,117.0869140625,126.0,-71.83625793457031,4.508828163146973,{},raw/Cora__CoLA__seed46__f25b3aaf2391c19a6c4c5084.json,
0f4df855-f5db-4586-b68c-bb8ab9e9ced0,71a472a7767cecf7f5c9ec2e,391f2600f2d3a2c472f802767b5b7612c048e73ddfc3d03efea91a9416d5f7cf,ac10847c4f361dd494316905ff28e356c6f7cff17a7b12668d1b791c03811055,c4b03f9607545b9e6f71366f24a4fa17b98ad1c32b0a3354a42cf6d57ae275c3,Cora,Cora-Syn,synthetic_injection_fixed_dataset_seed_42,round5_new,DLG-Aug,DLG,gog_fraud.models.pygod.shared_reconstruction.SharedDLGFull,42,50,50,False,,sparse_fused,exact_sparse,True,False,False,False,2708,11276,success,,,stratified_node_transductive,0.0,0.9825532724505328,0.4370004342072181,0.6666666666666667,3.9442214965820312,0.6548672566371682,3.9527664184570312,0.9534711964549483,0.5068493150684932,0.925,0.6729392392253424,0.9488013698630138,,,,0.4444444444444444,0.43902439024390244,0.45,41.0,validation_labels,41.0,1313.0,40.0,1314.0,False,False,False,0.6729392392253424,0.9488013698630138,0.43902439024390244,0.45,0.9825532724505328,0.017446727549467297,expected_direction,report_only_no_silent_inversion,1.4379854879998675,0.009758739000062633,4.295527373000368,1359.05078125,415.0,190.9736328125,204.0,1.1334925889968872,8.734049797058105,"{'name': 'sparse_fused', 'score_chunk_size': 8192, 'reconstruction_backend': 'exact_sparse', 'dense_materialized': False, 'training_full_graph': True, 'shared_model': True, 'approximation_used': False, 'normalized_adjacency_cached': True, 'message_backend': 'sparse_fused', 'edge_expanded_messages': False, 'full_graph': True, 'gradient_checkpointing': False}",raw/Cora__DLG-Aug__seed42__71a472a7767cecf7f5c9ec2e.json,
47a61e8a-3cd2-4190-9fd5-c502468b635a,8319a84dd34d07b8087f7347,391f2600f2d3a2c472f802767b5b7612c048e73ddfc3d03efea91a9416d5f7cf,ac10847c4f361dd494316905ff28e356c6f7cff17a7b12668d1b791c03811055,c4b03f9607545b9e6f71366f24a4fa17b98ad1c32b0a3354a42cf6d57ae275c3,Cora,Cora-Syn,synthetic_injection_fixed_dataset_seed_42,round5_new,DLG-Aug,DLG,gog_fraud.models.pygod.shared_reconstruction.SharedDLGFull,43,50,50,False,,sparse_fused,exact_sparse,True,False,False,False,2708,11276,success,,,stratified_node_transductive,0.0,0.9867199391171994,0.523711608938842,0.7474747474747475,4.01885461807251,0.6608695652173913,3.9054951667785645,0.9460856720827179,0.5066666666666667,0.95,0.6823671738041783,0.9609208523592085,,,,0.6172839506172839,0.6097560975609756,0.625,41.0,validation_labels,41.0,1313.0,40.0,1314.0,False,False,False,0.6823671738041783,0.9609208523592085,0.6097560975609756,0.625,0.9867199391171994,0.01328006088280063,expected_direction,report_only_no_silent_inversion,1.1246151340001234,0.009324028999799339,4.097037020999778,1358.68359375,415.0,190.9736328125,204.0,1.1319608688354492,8.74923324584961,"{'name': 'sparse_fused', 'score_chunk_size': 8192, 'reconstruction_backend': 'exact_sparse', 'dense_materialized': False, 'training_full_graph': True, 'shared_model': True, 'approximation_used': False, 'normalized_adjacency_cached': True, 'message_backend': 'sparse_fused', 'edge_expanded_messages': False, 'full_graph': True, 'gradient_checkpointing': False}",raw/Cora__DLG-Aug__seed43__8319a84dd34d07b8087f7347.json,
929b9590-3c5a-4aed-9d2d-869b0e608227,7c5b7e4343debebe9d110225,391f2600f2d3a2c472f802767b5b7612c048e73ddfc3d03efea91a9416d5f7cf,ac10847c4f361dd494316905ff28e356c6f7cff17a7b12668d1b791c03811055,c4b03f9607545b9e6f71366f24a4fa17b98ad1c32b0a3354a42cf6d57ae275c3,Cora,Cora-Syn,synthetic_injection_fixed_dataset_seed_42,round5_new,DLG-Aug,DLG,gog_fraud.models.pygod.shared_reconstruction.SharedDLGFull,44,50,50,False,,sparse_fused,exact_sparse,True,False,False,False,2708,11276,success,,,stratified_node_transductive,0.0,0.9830479452054794,0.4634766898085138,0.7238095238095238,3.9749107360839844,0.7169811320754716,3.9457082748413086,0.947562776957164,0.5757575757575758,0.95,0.7302457280802338,0.964345509893455,,,,0.4444444444444444,0.43902439024390244,0.45,41.0,validation_labels,41.0,1313.0,40.0,1314.0,False,False,False,0.7302457280802338,0.964345509893455,0.43902439024390244,0.45,0.9830479452054794,0.01695205479452054,expected_direction,report_only_no_silent_inversion,1.0975261660005344,0.009147744000074454,4.241643622000083,1356.53125,415.0,190.9736328125,204.0,1.1347137689590454,8.749281883239746,"{'name': 'sparse_fused', 'score_chunk_size': 8192, 'reconstruction_backend': 'exact_sparse', 'dense_materialized': False, 'training_full_graph': True, 'shared_model': True, 'approximation_used': False, 'normalized_adjacency_cached': True, 'message_backend': 'sparse_fused', 'edge_expanded_messages': False, 'full_graph': True, 'gradient_checkpointing': False}",raw/Cora__DLG-Aug__seed44__7c5b7e4343debebe9d110225.json,
b9dc46a9-1d5f-4420-9cf0-38d191115608,5f00b54b2424396272e10ca5,391f2600f2d3a2c472f802767b5b7612c048e73ddfc3d03efea91a9416d5f7cf,ac10847c4f361dd494316905ff28e356c6f7cff17a7b12668d1b791c03811055,c4b03f9607545b9e6f71366f24a4fa17b98ad1c32b0a3354a42cf6d57ae275c3,Cora,Cora-Syn,synthetic_injection_fixed_dataset_seed_42,round5_new,DLG-Aug,DLG,gog_fraud.models.pygod.shared_reconstruction.SharedDLGFull,45,50,50,False,,sparse_fused,exact_sparse,True,False,False,False,2708,11276,success,,,stratified_node_transductive,0.0,0.985770809726376,0.4924370592040795,0.7207207207207207,3.9453392028808594,0.7090909090909091,3.972991704940796,0.9527326440177253,0.5652173913043478,0.9512195121951219,0.7233854717963334,0.9641855367525496,,,,0.4691358024691358,0.475,0.4634146341463415,40.0,validation_labels,40.0,1314.0,41.0,1313.0,False,False,False,0.7233854717963334,0.9641855367525496,0.475,0.4634146341463415,0.985770809726376,0.014229190273623987,expected_direction,report_only_no_silent_inversion,1.1388556390002122,0.009391034000145737,2.1758689079997566,1360.734375,415.0,190.9736328125,204.0,1.1310639381408691,8.736053466796875,"{'name': 'sparse_fused', 'score_chunk_size': 8192, 'reconstruction_backend': 'exact_sparse', 'dense_materialized': False, 'training_full_graph': True, 'shared_model': True, 'approximation_used': False, 'normalized_adjacency_cached': True, 'message_backend': 'sparse_fused', 'edge_expanded_messages': False, 'full_graph': True, 'gradient_checkpointing': False}",raw/Cora__DLG-Aug__seed45__5f00b54b2424396272e10ca5.json,
4dda3181-3212-4d4d-ba57-2778ff13eb02,e847faf173eaddbcc4167b6d,391f2600f2d3a2c472f802767b5b7612c048e73ddfc3d03efea91a9416d5f7cf,ac10847c4f361dd494316905ff28e356c6f7cff17a7b12668d1b791c03811055,c4b03f9607545b9e6f71366f24a4fa17b98ad1c32b0a3354a42cf6d57ae275c3,Cora,Cora-Syn,synthetic_injection_fixed_dataset_seed_42,round5_new,DLG-Aug,DLG,gog_fraud.models.pygod.shared_reconstruction.SharedDLGFull,46,50,50,False,,sparse_fused,exact_sparse,True,False,False,False,2708,11276,success,,,stratified_node_transductive,0.0,0.9830401426634221,0.4433611833714963,0.7130434782608697,3.945614814758301,0.6909090909090909,3.974331855773926,0.9542097488921714,0.5507246376811594,0.926829268292683,0.7037871780049446,0.9516096074898297,,,,0.41975308641975306,0.425,0.4146341463414634,40.0,validation_labels,40.0,1314.0,41.0,1313.0,False,False,False,0.7037871780049446,0.9516096074898297,0.425,0.4146341463414634,0.9830401426634221,0.016959857336577934,expected_direction,report_only_no_silent_inversion,1.1283295939992968,0.009725234999677923,4.2772572729991225,1360.12109375,415.0,190.9736328125,204.0,1.1356281042099,8.751605033874512,"{'name': 'sparse_fused', 'score_chunk_size': 8192, 'reconstruction_backend': 'exact_sparse', 'dense_materialized': False, 'training_full_graph': True, 'shared_model': True, 'approximation_used': False, 'normalized_adjacency_cached': True, 'message_backend': 'sparse_fused', 'edge_expanded_messages': False, 'full_graph': True, 'gradient_checkpointing': False}",raw/Cora__DLG-Aug__seed46__e847faf173eaddbcc4167b6d.json,
844c50d7-c138-426a-80bc-697f8110ab9f,7e162347402dd84b61deeeef,391f2600f2d3a2c472f802767b5b7612c048e73ddfc3d03efea91a9416d5f7cf,ac10847c4f361dd494316905ff28e356c6f7cff17a7b12668d1b791c03811055,c4b03f9607545b9e6f71366f24a4fa17b98ad1c32b0a3354a42cf6d57ae275c3,Cora,Cora-Syn,synthetic_injection_fixed_dataset_seed_42,round5_new,DLG-Base,DLG-Base,gog_fraud.models.pygod.shared_reconstruction.SharedDLGBase,42,50,50,False,,sparse_fused,exact_sparse,True,False,False,False,2708,11276,success,,,stratified_node_transductive,0.0,0.9825342465753425,0.4368961353604078,0.6666666666666667,3.9438529014587402,0.6548672566371682,3.950963258743286,0.9534711964549483,0.5068493150684932,0.925,0.6729392392253424,0.9488013698630138,,,,0.4444444444444444,0.43902439024390244,0.45,41.0,validation_labels,41.0,1313.0,40.0,1314.0,False,False,False,0.6729392392253424,0.9488013698630138,0.43902439024390244,0.45,0.9825342465753425,0.01746575342465756,expected_direction,report_only_no_silent_inversion,1.1372448980000627,0.009226047999618459,4.142914383999596,1330.7421875,419.0,193.134765625,208.0,1.1305049657821655,8.708015441894531,"{'name': 'sparse_fused', 'score_chunk_size': 8192, 'reconstruction_backend': 'exact_sparse', 'dense_materialized': False, 'training_full_graph': True, 'shared_model': True, 'approximation_used': False, 'normalized_adjacency_cached': True, 'message_backend': 'sparse_fused', 'edge_expanded_messages': False, 'full_graph': True, 'gradient_checkpointing': False}",raw/Cora__DLG-Base__seed42__7e162347402dd84b61deeeef.json,
b235dea1-5b92-4997-a231-0a08bcd6e7ec,2e03cda1fa263f000aae3f7f,391f2600f2d3a2c472f802767b5b7612c048e73ddfc3d03efea91a9416d5f7cf,ac10847c4f361dd494316905ff28e356c6f7cff17a7b12668d1b791c03811055,c4b03f9607545b9e6f71366f24a4fa17b98ad1c32b0a3354a42cf6d57ae275c3,Cora,Cora-Syn,synthetic_injection_fixed_dataset_seed_42,round5_new,DLG-Base,DLG-Base,gog_fraud.models.pygod.shared_reconstruction.SharedDLGBase,43,50,50,False,,sparse_fused,exact_sparse,True,False,False,False,2708,11276,success,,,stratified_node_transductive,0.0,0.9867389649923897,0.5242550871997116,0.7474747474747475,4.017700672149658,0.6666666666666666,3.9048023223876953,0.9460856720827179,0.5135135135135135,0.95,0.6872608003320748,0.9613013698630137,,,,0.6172839506172839,0.6097560975609756,0.625,41.0,validation_labels,41.0,1313.0,40.0,1314.0,False,False,False,0.6872608003320748,0.9613013698630137,0.6097560975609756,0.625,0.9867389649923897,0.01326103500761037,expected_direction,report_only_no_silent_inversion,1.0919684009995763,0.010053318999780458,4.101111383999523,1332.47265625,419.0,193.134765625,208.0,1.132330298423767,8.722724914550781,"{'name': 'sparse_fused', 'score_chunk_size': 8192, 'reconstruction_backend': 'exact_sparse', 'dense_materialized': False, 'training_full_graph': True, 'shared_model': True, 'approximation_used': False, 'normalized_adjacency_cached': True, 'message_backend': 'sparse_fused', 'edge_expanded_messages': False, 'full_graph': True, 'gradient_checkpointing': False}",raw/Cora__DLG-Base__seed43__2e03cda1fa263f000aae3f7f.json,
10791486-3bdb-4b67-8e66-ea8bba4a8a85,6c1f73b1cebae2cb95b6bc64,391f2600f2d3a2c472f802767b5b7612c048e73ddfc3d03efea91a9416d5f7cf,ac10847c4f361dd494316905ff28e356c6f7cff17a7b12668d1b791c03811055,c4b03f9607545b9e6f71366f24a4fa17b98ad1c32b0a3354a42cf6d57ae275c3,Cora,Cora-Syn,synthetic_injection_fixed_dataset_seed_42,round5_new,DLG-Base,DLG-Base,gog_fraud.models.pygod.shared_reconstruction.SharedDLGBase,44,50,50,False,,sparse_fused,exact_sparse,True,False,False,False,2708,11276,success,,,stratified_node_transductive,0.0,0.9831430745814307,0.4656651714587453,0.7238095238095238,3.9730403423309326,0.7169811320754716,3.9451022148132324,0.947562776957164,0.5757575757575758,0.95,0.7302457280802338,0.964345509893455,,,,0.4444444444444444,0.43902439024390244,0.45,41.0,validation_labels,41.0,1313.0,40.0,1314.0,False,False,False,0.7302457280802338,0.964345509893455,0.43902439024390244,0.45,0.9831430745814307,0.016856925418569244,expected_direction,report_only_no_silent_inversion,1.0939700520002589,0.010425862000374764,4.004344117000073,1332.890625,419.0,193.134765625,208.0,1.133493185043335,8.713676452636719,"{'name': 'sparse_fused', 'score_chunk_size': 8192, 'reconstruction_backend': 'exact_sparse', 'dense_materialized': False, 'training_full_graph': True, 'shared_model': True, 'approximation_used': False, 'normalized_adjacency_cached': True, 'message_backend': 'sparse_fused', 'edge_expanded_messages': False, 'full_graph': True, 'gradient_checkpointing': False}",raw/Cora__DLG-Base__seed44__6c1f73b1cebae2cb95b6bc64.json,
f7a37188-3b03-434c-951c-d59d9a62aaa6,65dccb1e2e534d702237a9ec,391f2600f2d3a2c472f802767b5b7612c048e73ddfc3d03efea91a9416d5f7cf,ac10847c4f361dd494316905ff28e356c6f7cff17a7b12668d1b791c03811055,c4b03f9607545b9e6f71366f24a4fa17b98ad1c32b0a3354a42cf6d57ae275c3,Cora,Cora-Syn,synthetic_injection_fixed_dataset_seed_42,round5_new,DLG-Base,DLG-Base,gog_fraud.models.pygod.shared_reconstruction.SharedDLGBase,45,50,50,False,,sparse_fused,exact_sparse,True,False,False,False,2708,11276,success,,,stratified_node_transductive,0.0,0.9857893856927906,0.49282167858552905,0.7207207207207207,3.944672107696533,0.7037037037037037,3.9706954956054688,0.9527326440177253,0.5671641791044776,0.926829268292683,0.7148626084317032,0.9523712221128304,,,,0.4691358024691358,0.475,0.4634146341463415,40.0,validation_labels,40.0,1314.0,41.0,1313.0,False,False,False,0.7148626084317032,0.9523712221128304,0.475,0.4634146341463415,0.9857893856927906,0.014210614307209336,expected_direction,report_only_no_silent_inversion,1.1219002930001807,0.009642582000196853,4.070861383999727,1329.94921875,419.0,193.134765625,208.0,1.1328911781311035,8.680736541748047,"{'name': 'sparse_fused', 'score_chunk_size': 8192, 'reconstruction_backend': 'exact_sparse', 'dense_materialized': False, 'training_full_graph': True, 'shared_model': True, 'approximation_used': False, 'normalized_adjacency_cached': True, 'message_backend': 'sparse_fused', 'edge_expanded_messages': False, 'full_graph': True, 'gradient_checkpointing': False}",raw/Cora__DLG-Base__seed45__65dccb1e2e534d702237a9ec.json,
b2301a17-30e9-4710-a41a-8aa10aa6bdcc,29c91a50eae28d15077f85d5,391f2600f2d3a2c472f802767b5b7612c048e73ddfc3d03efea91a9416d5f7cf,ac10847c4f361dd494316905ff28e356c6f7cff17a7b12668d1b791c03811055,c4b03f9607545b9e6f71366f24a4fa17b98ad1c32b0a3354a42cf6d57ae275c3,Cora,Cora-Syn,synthetic_injection_fixed_dataset_seed_42,round5_new,DLG-Base,DLG-Base,gog_fraud.models.pygod.shared_reconstruction.SharedDLGBase,46,50,50,False,,sparse_fused,exact_sparse,True,False,False,False,2708,11276,success,,,stratified_node_transductive,0.0,0.9842290045139599,0.45943065916776077,0.7256637168141593,3.9454293251037598,0.7037037037037037,3.9786272048950195,0.9549483013293943,0.5671641791044776,0.926829268292683,0.7148626084317032,0.9523712221128304,,,,0.4691358024691358,0.475,0.4634146341463415,40.0,validation_labels,40.0,1314.0,41.0,1313.0,False,False,False,0.7148626084317032,0.9523712221128304,0.475,0.4634146341463415,0.9842290045139599,0.015770995486040145,expected_direction,report_only_no_silent_inversion,1.1074198420001267,0.009642741000789101,1.903575667000041,1338.40625,419.0,193.134765625,208.0,1.1336445808410645,8.738499641418457,"{'name': 'sparse_fused', 'score_chunk_size': 8192, 'reconstruction_backend': 'exact_sparse', 'dense_materialized': False, 'training_full_graph': True, 'shared_model': True, 'approximation_used': False, 'normalized_adjacency_cached': True, 'message_backend': 'sparse_fused', 'edge_expanded_messages': False, 'full_graph': True, 'gradient_checkpointing': False}",raw/Cora__DLG-Base__seed46__29c91a50eae28d15077f85d5.json,
adfa7e3c-e8ed-4cbf-af8b-b677a009dff0,4e1124b14e48d8e3fd9ecbf4,391f2600f2d3a2c472f802767b5b7612c048e73ddfc3d03efea91a9416d5f7cf,ac10847c4f361dd494316905ff28e356c6f7cff17a7b12668d1b791c03811055,c4b03f9607545b9e6f71366f24a4fa17b98ad1c32b0a3354a42cf6d57ae275c3,Cora,Cora-Syn,synthetic_injection_fixed_dataset_seed_42,round5_new,DOMINANT,DOMINANT,gog_fraud.models.pygod.shared_reconstruction.SharedDOMINANT,42,50,50,False,,sparse_fused,exact_sparse,True,False,False,False,2708,11276,success,,,stratified_node_transductive,0.0,0.9829147640791476,0.44194305667963474,0.6666666666666667,3.946629047393799,0.6548672566371682,3.9528489112854004,0.9534711964549483,0.5068493150684932,0.925,0.6729392392253424,0.9488013698630138,,,,0.4444444444444444,0.43902439024390244,0.45,41.0,validation_labels,41.0,1313.0,40.0,1314.0,False,False,False,0.6729392392253424,0.9488013698630138,0.43902439024390244,0.45,0.9829147640791476,0.017085235920852378,expected_direction,report_only_no_silent_inversion,1.0316472649992647,0.009271984000406519,4.246588614999382,1317.51171875,417.0,191.1005859375,206.0,1.1255927085876465,8.7098388671875,"{'name': 'sparse_fused', 'score_chunk_size': 8192, 'reconstruction_backend': 'exact_sparse', 'dense_materialized': False, 'training_full_graph': True, 'shared_model': True, 'approximation_used': False, 'normalized_adjacency_cached': True, 'message_backend': 'sparse_fused', 'edge_expanded_messages': False, 'full_graph': True, 'gradient_checkpointing': False}",raw/Cora__DOMINANT__seed42__4e1124b14e48d8e3fd9ecbf4.json,
1e14c90b-87b7-443a-8887-49cd61e80e8f,4f6f835a2751c368cfae1a28,391f2600f2d3a2c472f802767b5b7612c048e73ddfc3d03efea91a9416d5f7cf,ac10847c4f361dd494316905ff28e356c6f7cff17a7b12668d1b791c03811055,c4b03f9607545b9e6f71366f24a4fa17b98ad1c32b0a3354a42cf6d57ae275c3,Cora,Cora-Syn,synthetic_injection_fixed_dataset_seed_42,round5_new,DOMINANT,DOMINANT,gog_fraud.models.pygod.shared_reconstruction.SharedDOMINANT,43,50,50,False,,sparse_fused,exact_sparse,True,False,False,False,2708,11276,success,,,stratified_node_transductive,0.0,0.9866818873668189,0.5238198972627255,0.7474747474747475,4.019492149353027,0.6608695652173913,3.9027349948883057,0.9460856720827179,0.5066666666666667,0.95,0.6823671738041783,0.9609208523592085,,,,0.6172839506172839,0.6097560975609756,0.625,41.0,validation_labels,41.0,1313.0,40.0,1314.0,False,False,False,0.6823671738041783,0.9609208523592085,0.6097560975609756,0.625,0.9866818873668189,0.013318112633181145,expected_direction,report_only_no_silent_inversion,1.0480635639996763,0.00941862499985291,4.062280021000333,1318.546875,417.0,191.1005859375,206.0,1.1343729496002197,8.703705787658691,"{'name': 'sparse_fused', 'score_chunk_size': 8192, 'reconstruction_backend': 'exact_sparse', 'dense_materialized': False, 'training_full_graph': True, 'shared_model': True, 'approximation_used': False, 'normalized_adjacency_cached': True, 'message_backend': 'sparse_fused', 'edge_expanded_messages': False, 'full_graph': True, 'gradient_checkpointing': False}",raw/Cora__DOMINANT__seed43__4f6f835a2751c368cfae1a28.json,
de954487-8372-41a5-b45a-b118d2abaab0,12a972af3b58f9654e576ec1,391f2600f2d3a2c472f802767b5b7612c048e73ddfc3d03efea91a9416d5f7cf,ac10847c4f361dd494316905ff28e356c6f7cff17a7b12668d1b791c03811055,c4b03f9607545b9e6f71366f24a4fa17b98ad1c32b0a3354a42cf6d57ae275c3,Cora,Cora-Syn,synthetic_injection_fixed_dataset_seed_42,round5_new,DOMINANT,DOMINANT,gog_fraud.models.pygod.shared_reconstruction.SharedDOMINANT,44,50,50,False,,sparse_fused,exact_sparse,True,False,False,False,2708,11276,success,,,stratified_node_transductive,0.0,0.98308599695586,0.4649330652581019,0.7238095238095238,3.9759321212768555,0.7102803738317757,3.9428834915161133,0.947562776957164,0.5671641791044776,0.95,0.7244630035035815,0.9639649923896498,,,,0.4444444444444444,0.43902439024390244,0.45,41.0,validation_labels,41.0,1313.0,40.0,1314.0,False,False,False,0.7244630035035815,0.9639649923896498,0.43902439024390244,0.45,0.98308599695586,0.016914003044140025,expected_direction,report_only_no_silent_inversion,1.025305225000011,0.009188095999888901,4.109703864999574,1315.69921875,417.0,191.1005859375,206.0,1.1296517848968506,8.707456588745117,"{'name': 'sparse_fused', 'score_chunk_size': 8192, 'reconstruction_backend': 'exact_sparse', 'dense_materialized': False, 'training_full_graph': True, 'shared_model': True, 'approximation_used': False, 'normalized_adjacency_cached': True, 'message_backend': 'sparse_fused', 'edge_expanded_messages': False, 'full_graph': True, 'gradient_checkpointing': False}",raw/Cora__DOMINANT__seed44__12a972af3b58f9654e576ec1.json,
8f568ba0-7062-4dcb-9595-50ab1ed31273,668b851c21585d5d4b3a8652,391f2600f2d3a2c472f802767b5b7612c048e73ddfc3d03efea91a9416d5f7cf,ac10847c4f361dd494316905ff28e356c6f7cff17a7b12668d1b791c03811055,c4b03f9607545b9e6f71366f24a4fa17b98ad1c32b0a3354a42cf6d57ae275c3,Cora,Cora-Syn,synthetic_injection_fixed_dataset_seed_42,round5_new,DOMINANT,DOMINANT,gog_fraud.models.pygod.shared_reconstruction.SharedDOMINANT,45,50,50,False,,sparse_fused,exact_sparse,True,False,False,False,2708,11276,success,,,stratified_node_transductive,0.0,0.9860308732561811,0.49603897145388254,0.7207207207207207,3.9456915855407715,0.7090909090909091,3.972416877746582,0.9534711964549483,0.5652173913043478,0.9512195121951219,0.7233854717963334,0.9641855367525496,,,,0.49382716049382713,0.5,0.4878048780487805,40.0,validation_labels,40.0,1314.0,41.0,1313.0,False,False,False,0.7233854717963334,0.9641855367525496,0.5,0.4878048780487805,0.9860308732561811,0.01396912674381885,expected_direction,report_only_no_silent_inversion,1.0979875319999337,0.009034988999701454,4.0625575720005145,1315.57421875,417.0,191.1005859375,206.0,1.1287963390350342,8.695886611938477,"{'name': 'sparse_fused', 'score_chunk_size': 8192, 'reconstruction_backend': 'exact_sparse', 'dense_materialized': False, 'training_full_graph': True, 'shared_model': True, 'approximation_used': False, 'normalized_adjacency_cached': True, 'message_backend': 'sparse_fused', 'edge_expanded_messages': False, 'full_graph': True, 'gradient_checkpointing': False}",raw/Cora__DOMINANT__seed45__668b851c21585d5d4b3a8652.json,
288bc885-9108-4a70-9f0f-2f90a07576d8,701d49428aa146f9a875643a,391f2600f2d3a2c472f802767b5b7612c048e73ddfc3d03efea91a9416d5f7cf,ac10847c4f361dd494316905ff28e356c6f7cff17a7b12668d1b791c03811055,c4b03f9607545b9e6f71366f24a4fa17b98ad1c32b0a3354a42cf6d57ae275c3,Cora,Cora-Syn,synthetic_injection_fixed_dataset_seed_42,round5_new,DOMINANT,DOMINANT,gog_fraud.models.pygod.shared_reconstruction.SharedDOMINANT,46,50,50,False,,sparse_fused,exact_sparse,True,False,False,False,2708,11276,success,,,stratified_node_transductive,0.0,0.9830401426634221,0.44319550704528926,0.7068965517241379,3.944237470626831,0.6909090909090909,3.973811149597168,0.9534711964549483,0.5507246376811594,0.926829268292683,0.7037871780049446,0.9516096074898297,,,,0.41975308641975306,0.425,0.4146341463414634,40.0,validation_labels,40.0,1314.0,41.0,1313.0,False,False,False,0.7037871780049446,0.9516096074898297,0.425,0.4146341463414634,0.9830401426634221,0.016959857336577934,expected_direction,report_only_no_silent_inversion,1.030407675000788,0.009420524999768531,4.053300649000448,1322.18359375,417.0,191.1005859375,206.0,1.1289632320404053,8.692516326904297,"{'name': 'sparse_fused', 'score_chunk_size': 8192, 'reconstruction_backend': 'exact_sparse', 'dense_materialized': False, 'training_full_graph': True, 'shared_model': True, 'approximation_used': False, 'normalized_adjacency_cached': True, 'message_backend': 'sparse_fused', 'edge_expanded_messages': False, 'full_graph': True, 'gradient_checkpointing': False}",raw/Cora__DOMINANT__seed46__701d49428aa146f9a875643a.json,
8bb7f456-0079-409d-ad50-76709fc70452,9a0c4e64c4c6f561c673e4aa,391f2600f2d3a2c472f802767b5b7612c048e73ddfc3d03efea91a9416d5f7cf,ac10847c4f361dd494316905ff28e356c6f7cff17a7b12668d1b791c03811055,c4b03f9607545b9e6f71366f24a4fa17b98ad1c32b0a3354a42cf6d57ae275c3,Cora,Cora-Syn,synthetic_injection_fixed_dataset_seed_42,round5_new,GADNR,GADNR,gog_fraud.models.pygod.gadnr.GADNR,42,50,50,False,,sparse_fused,not_applicable_native_objective,True,False,False,False,2708,11276,success,,,stratified_node_transductive,0.0,0.9662100456621004,0.28572761129668295,0.5454545454545455,23.04559898376465,0.5352112676056338,23.04560661315918,0.9387001477104875,0.37254901960784315,0.95,0.5782182460768717,0.9506468797564688,,,,0.19753086419753085,0.1951219512195122,0.2,41.0,validation_labels,41.0,1313.0,40.0,1314.0,False,False,False,0.5782182460768717,0.9506468797564688,0.1951219512195122,0.2,0.9662100456621004,0.03378995433789955,expected_direction,report_only_no_silent_inversion,23.8313537189988,0.3161945369993191,27.078926459000286,1529.5,2465.0,2013.2587890625,2250.0,0.6056100726127625,5694.17333984375,{},raw/Cora__GADNR__seed42__9a0c4e64c4c6f561c673e4aa.json,
596a7359-9678-4fa1-9946-b765cacd47cc,ed4b17902ad581c918e9fd16,391f2600f2d3a2c472f802767b5b7612c048e73ddfc3d03efea91a9416d5f7cf,ac10847c4f361dd494316905ff28e356c6f7cff17a7b12668d1b791c03811055,c4b03f9607545b9e6f71366f24a4fa17b98ad1c32b0a3354a42cf6d57ae275c3,Cora,Cora-Syn,synthetic_injection_fixed_dataset_seed_42,round5_new,GADNR,GADNR,gog_fraud.models.pygod.gadnr.GADNR,43,50,50,False,,sparse_fused,not_applicable_native_objective,True,False,False,False,2708,11276,success,,,stratified_node_transductive,0.0,0.6782724505327244,0.06592100655916545,0.1452991452991453,0.5873920321464539,0.12286689419795221,0.45742931962013245,0.827178729689808,0.07114624505928854,0.45,0.1177861469675221,0.6355783866057839,,,,0.09876543209876543,0.0975609756097561,0.1,41.0,validation_labels,41.0,1313.0,40.0,1314.0,False,False,False,0.1177861469675221,0.6355783866057839,0.0975609756097561,0.1,0.6782724505327244,0.32172754946727544,expected_direction,report_only_no_silent_inversion,23.961600881999402,0.3372900979993574,27.30995065100069,1554.296875,2465.0,2013.2587890625,2250.0,0.006508051883429289,61.18327331542969,{},raw/Cora__GADNR__seed43__ed4b17902ad581c918e9fd16.json,
9063b27a-8255-48b2-b62c-3aaca644aa73,810d20201bb41490e0767e98,391f2600f2d3a2c472f802767b5b7612c048e73ddfc3d03efea91a9416d5f7cf,ac10847c4f361dd494316905ff28e356c6f7cff17a7b12668d1b791c03811055,c4b03f9607545b9e6f71366f24a4fa17b98ad1c32b0a3354a42cf6d57ae275c3,Cora,Cora-Syn,synthetic_injection_fixed_dataset_seed_42,round5_new,GADNR,GADNR,gog_fraud.models.pygod.gadnr.GADNR,44,50,50,False,,sparse_fused,not_applicable_native_objective,True,False,False,False,2708,11276,success,,,stratified_node_transductive,0.0,0.6042237442922375,0.04135537799190771,0.1078838174273859,0.6432409286499023,0.059587471352177235,0.00882235448807478,0.07163958641063516,0.030732860520094562,0.975,0.027173005531590553,0.5194634703196347,,,,0.0,0.0,0.0,41.0,validation_labels,41.0,1313.0,40.0,1314.0,False,False,False,0.027173005531590553,0.5194634703196347,0.0,0.0,0.6042237442922375,0.39577625570776254,expected_direction,report_only_no_silent_inversion,23.71411376099968,0.3297122659987508,27.07718314399972,1531.10546875,2465.0,2013.2587890625,2250.0,0.006254713982343674,70.2511215209961,{},raw/Cora__GADNR__seed44__810d20201bb41490e0767e98.json,
119ecf78-9092-465a-8a6c-86a9b779dd68,92cc07cc83343c4d6f47da60,391f2600f2d3a2c472f802767b5b7612c048e73ddfc3d03efea91a9416d5f7cf,ac10847c4f361dd494316905ff28e356c6f7cff17a7b12668d1b791c03811055,c4b03f9607545b9e6f71366f24a4fa17b98ad1c32b0a3354a42cf6d57ae275c3,Cora,Cora-Syn,synthetic_injection_fixed_dataset_seed_42,round5_new,GADNR,GADNR,gog_fraud.models.pygod.gadnr.GADNR,45,50,50,False,,sparse_fused,not_applicable_native_objective,True,False,False,False,2708,11276,success,,,stratified_node_transductive,0.0,0.5256069697025988,0.038542126638561824,0.10526315789473685,1.1652212142944336,0.04871060171919771,0.25067949295043945,0.5295420974889217,0.0258751902587519,0.4146341463414634,-0.024960420543461148,0.463600393810488,,,,0.04938271604938271,0.05,0.04878048780487805,40.0,validation_labels,40.0,1314.0,41.0,1313.0,False,False,False,-0.024960420543461148,0.463600393810488,0.05,0.04878048780487805,0.5256069697025988,0.47439303029740126,expected_direction,report_only_no_silent_inversion,23.384838376001426,0.3284639040011825,24.448163167999155,1531.953125,2465.0,2013.2587890625,2250.0,0.006252456456422806,8.958011627197266,{},raw/Cora__GADNR__seed45__92cc07cc83343c4d6f47da60.json,
137e15cc-f70d-4efb-970e-b4850a1d75ed,ce120a37e4ef3a8e26ea0186,391f2600f2d3a2c472f802767b5b7612c048e73ddfc3d03efea91a9416d5f7cf,ac10847c4f361dd494316905ff28e356c6f7cff17a7b12668d1b791c03811055,c4b03f9607545b9e6f71366f24a4fa17b98ad1c32b0a3354a42cf6d57ae275c3,Cora,Cora-Syn,synthetic_injection_fixed_dataset_seed_42,round5_new,GADNR,GADNR,gog_fraud.models.pygod.gadnr.GADNR,46,50,50,False,,sparse_fused,not_applicable_native_objective,True,False,False,False,2708,11276,success,,,stratified_node_transductive,0.0,0.6257685806104062,0.0437608530525686,0.10441767068273092,0.5060451030731201,0.032,0.9733338952064514,0.9453471196454948,0.023809523809523808,0.04878048780487805,-0.009712074819033833,0.4931640443594078,,,,0.024691358024691357,0.025,0.024390243902439025,40.0,validation_labels,40.0,1314.0,41.0,1313.0,False,False,False,-0.009712074819033833,0.4931640443594078,0.025,0.024390243902439025,0.6257685806104062,0.37423141938959376,expected_direction,report_only_no_silent_inversion,23.570859399000256,0.3251707399995212,26.853257501999906,1556.46875,2465.0,2013.2587890625,2250.0,0.001978975720703602,89.95906066894531,{},raw/Cora__GADNR__seed46__ce120a37e4ef3a8e26ea0186.json,
2462fb24-0bdd-49e2-a998-614d9f5a7ac0,f0a97ae78ce88ede4f04971b,391f2600f2d3a2c472f802767b5b7612c048e73ddfc3d03efea91a9416d5f7cf,ac10847c4f361dd494316905ff28e356c6f7cff17a7b12668d1b791c03811055,c4b03f9607545b9e6f71366f24a4fa17b98ad1c32b0a3354a42cf6d57ae275c3,Cora,Cora-Syn,synthetic_injection_fixed_dataset_seed_42,round5_new,OCGNN,OCGNN,pygod.detector.ocgnn.OCGNN,42,50,50,False,,sparse_fused,not_applicable_native_objective,True,False,False,False,2708,11276,success,,,stratified_node_transductive,0.0,0.4901065449010655,0.02982848620432513,0.05792903692976104,-0.021925941109657288,0.05792903692976104,-0.021925941109657288,0.9852289512555391,0.02982848620432513,1.0,0.01717867250202062,0.5049467275494672,,,,0.0,0.0,0.0,41.0,validation_labels,41.0,1313.0,40.0,1314.0,False,False,False,0.01717867250202062,0.5049467275494672,0.0,0.0,0.4901065449010655,0.5098934550989345,expected_direction,report_only_no_silent_inversion,1.2577497789998233,0.007826979000128631,4.451696940000147,1470.0390625,301.0,85.62158203125,90.0,-0.022601362317800522,-0.016008570790290833,{},raw/Cora__OCGNN__seed42__f0a97ae78ce88ede4f04971b.json,
3b7cbee0-640d-4ac5-ae9f-27b42fce9ca1,4b83af9094160a29537a15c7,391f2600f2d3a2c472f802767b5b7612c048e73ddfc3d03efea91a9416d5f7cf,ac10847c4f361dd494316905ff28e356c6f7cff17a7b12668d1b791c03811055,c4b03f9607545b9e6f71366f24a4fa17b98ad1c32b0a3354a42cf6d57ae275c3,Cora,Cora-Syn,synthetic_injection_fixed_dataset_seed_42,round5_new,OCGNN,OCGNN,pygod.detector.ocgnn.OCGNN,43,50,50,False,,sparse_fused,not_applicable_native_objective,True,False,False,False,2708,11276,success,,,stratified_node_transductive,0.0,0.4895833333333333,0.02942928542482777,0.05772005772005772,-0.0271490216255188,0.05772005772005772,-0.0271490216255188,0.94903988183161,0.029717682020802376,1.0,0.013451006315622129,0.5030441400304414,,,,0.0,0.0,0.0,41.0,validation_labels,41.0,1313.0,40.0,1314.0,False,False,False,0.013451006315622129,0.5030441400304414,0.0,0.0,0.4895833333333333,0.5104166666666666,expected_direction,report_only_no_silent_inversion,0.8450778059996082,0.009583953999936057,3.8081429909998405,1456.23828125,301.0,85.62158203125,90.0,-0.027713537216186523,-0.00024399906396865845,{},raw/Cora__OCGNN__seed43__4b83af9094160a29537a15c7.json,
f05b9e72-e962-4bdb-8a34-593870ed56ad,7c8e1857b7f883b50ab25071,391f2600f2d3a2c472f802767b5b7612c048e73ddfc3d03efea91a9416d5f7cf,ac10847c4f361dd494316905ff28e356c6f7cff17a7b12668d1b791c03811055,c4b03f9607545b9e6f71366f24a4fa17b98ad1c32b0a3354a42cf6d57ae275c3,Cora,Cora-Syn,synthetic_injection_fixed_dataset_seed_42,round5_new,OCGNN,OCGNN,pygod.detector.ocgnn.OCGNN,44,50,50,False,,sparse_fused,not_applicable_native_objective,True,False,False,False,2708,11276,success,,,stratified_node_transductive,0.0,0.4958143074581431,0.02982848620432513,0.05792903692976104,-0.019060611724853516,0.05792903692976104,-0.019060611724853516,0.9867060561299852,0.02982848620432513,1.0,0.01717867250202062,0.5049467275494672,,,,0.024691358024691357,0.024390243902439025,0.025,41.0,validation_labels,41.0,1313.0,40.0,1314.0,False,False,False,0.01717867250202062,0.5049467275494672,0.024390243902439025,0.025,0.4958143074581431,0.504185692541857,expected_direction,report_only_no_silent_inversion,0.8289960230003999,0.006886711999868567,2.615577231000316,1467.34375,301.0,85.62158203125,90.0,-0.02118617296218872,-0.0038411319255828857,{},raw/Cora__OCGNN__seed44__7c8e1857b7f883b50ab25071.json,
fa6add70-9c54-442b-b3da-8dac6c48465e,ccacd36be39f5cc45c7f8fca,391f2600f2d3a2c472f802767b5b7612c048e73ddfc3d03efea91a9416d5f7cf,ac10847c4f361dd494316905ff28e356c6f7cff17a7b12668d1b791c03811055,c4b03f9607545b9e6f71366f24a4fa17b98ad1c32b0a3354a42cf6d57ae275c3,Cora,Cora-Syn,synthetic_injection_fixed_dataset_seed_42,round5_new,OCGNN,OCGNN,pygod.detector.ocgnn.OCGNN,45,50,50,False,,sparse_fused,not_applicable_native_objective,True,False,False,False,2708,11276,success,,,stratified_node_transductive,0.0,0.4799286682889678,0.03049259479240511,0.05937726285300507,-0.027794048190116882,0.05937726285300507,-0.027794048190116882,0.9091580502215657,0.030597014925373135,1.0,0.018062222338979063,0.5053313023610053,,,,0.024691358024691357,0.025,0.024390243902439025,40.0,validation_labels,40.0,1314.0,41.0,1313.0,False,False,False,0.018062222338979063,0.5053313023610053,0.025,0.024390243902439025,0.4799286682889678,0.5200713317110323,expected_direction,report_only_no_silent_inversion,0.7891260240003248,0.009258258000045316,1.5386229799996727,1451.484375,301.0,85.62158203125,90.0,-0.029436610639095306,-0.016168199479579926,{},raw/Cora__OCGNN__seed45__ccacd36be39f5cc45c7f8fca.json,
afbfc821-33b2-4f04-9cbf-e0daf39e3828,82d94dd7fd34525e55bfc889,391f2600f2d3a2c472f802767b5b7612c048e73ddfc3d03efea91a9416d5f7cf,ac10847c4f361dd494316905ff28e356c6f7cff17a7b12668d1b791c03811055,c4b03f9607545b9e6f71366f24a4fa17b98ad1c32b0a3354a42cf6d57ae275c3,Cora,Cora-Syn,synthetic_injection_fixed_dataset_seed_42,round5_new,OCGNN,OCGNN,pygod.detector.ocgnn.OCGNN,46,50,50,False,,sparse_fused,not_applicable_native_objective,True,False,False,False,2708,11276,success,,,stratified_node_transductive,0.0,0.5026284992476734,0.03135287644822757,0.059334298118668596,-0.02094646915793419,0.059334298118668596,-0.02094646915793419,0.9785819793205317,0.030574198359433258,1.0,0.017398702113718526,0.504950495049505,,,,0.024691358024691357,0.025,0.024390243902439025,40.0,validation_labels,40.0,1314.0,41.0,1313.0,False,False,False,0.017398702113718526,0.504950495049505,0.025,0.024390243902439025,0.5026284992476734,0.4973715007523266,expected_direction,report_only_no_silent_inversion,0.8684295499997461,0.007006587999967451,3.8505743210007495,1483.56640625,301.0,85.62158203125,90.0,-0.02733694761991501,-0.007839716970920563,{},raw/Cora__OCGNN__seed46__82d94dd7fd34525e55bfc889.json,
aeb28d90-b28a-4449-9cb4-aea0741e7b4a,abe720451cd447bae8d2439a,391f2600f2d3a2c472f802767b5b7612c048e73ddfc3d03efea91a9416d5f7cf,ac10847c4f361dd494316905ff28e356c6f7cff17a7b12668d1b791c03811055,c4b03f9607545b9e6f71366f24a4fa17b98ad1c32b0a3354a42cf6d57ae275c3,DGraphFin,DGraphFin,real_labels_official_random_split,round5_new,CONAD,CONAD,gog_fraud.models.pygod.shared_reconstruction.SharedCONAD,42,50,50,False,,sparse_fused,exact_sparse,True,False,False,False,1225601,746271,success,,,official_random_70_15_15,0.0,0.40809364339540916,0.010182241986977526,0.024990867481788682,11.091896057128906,0.024984922891358664,14.311386108398438,0.02128770490911662,0.012650911192784619,0.9974204643164231,-0.00025087619112606525,0.4999442967482707,,,,0.009458297506448839,0.009458297506448839,0.009458297506448839,2326.0,validation_labels,2326.0,181536.0,2326.0,181514.0,False,False,False,-0.00025087619112606525,0.4999442967482707,0.009458297506448839,0.009458297506448839,0.40809364339540916,0.5919063566045909,warning_inverse_association,report_only_no_silent_inversion,34.02788135299488,0.16371582799911266,36.518270813001436,1613.3125,7882.0,6805.57763671875,7694.0,8.618671417236328,22943.5859375,"{'name': 'sparse_fused', 'score_chunk_size': 8192, 'reconstruction_backend': 'exact_sparse', 'dense_materialized': False, 'training_full_graph': True, 'shared_model': True, 'approximation_used': False, 'normalized_adjacency_cached': True, 'message_backend': 'sparse_fused', 'edge_expanded_messages': False, 'full_graph': True, 'gradient_checkpointing': False}",raw/DGraphFin__CONAD__seed42__abe720451cd447bae8d2439a.json,
78343fd5-5e0f-4cbb-b4f1-e07724ce075c,b2fadc1197e4c8222242a194,391f2600f2d3a2c472f802767b5b7612c048e73ddfc3d03efea91a9416d5f7cf,ac10847c4f361dd494316905ff28e356c6f7cff17a7b12668d1b791c03811055,c4b03f9607545b9e6f71366f24a4fa17b98ad1c32b0a3354a42cf6d57ae275c3,DGraphFin,DGraphFin,real_labels_official_random_split,round5_new,CONAD,CONAD,gog_fraud.models.pygod.shared_reconstruction.SharedCONAD,43,50,50,False,,sparse_fused,exact_sparse,True,False,False,False,1225601,746271,success,,,official_random_70_15_15,0.0,0.41381467265242056,0.010291157518805532,0.0250029586117118,11.257943153381348,0.024987097884052983,10.64903736114502,0.0008267069867618105,0.012651750231368065,0.999140154772141,-0.00017411944830786737,0.49997775943814365,,,,0.009888220120378332,0.009888220120378332,0.009888220120378332,2326.0,validation_labels,2326.0,181536.0,2326.0,181514.0,False,False,False,-0.00017411944830786737,0.49997775943814365,0.009888220120378332,0.009888220120378332,0.41381467265242056,0.5861853273475794,warning_inverse_association,report_only_no_silent_inversion,35.25131463500293,0.16491511600179365,37.57572809600242,1605.7578125,7882.0,6806.1884765625,7674.0,6.490989685058594,16141.19140625,"{'name': 'sparse_fused', 'score_chunk_size': 8192, 'reconstruction_backend': 'exact_sparse', 'dense_materialized': False, 'training_full_graph': True, 'shared_model': True, 'approximation_used': False, 'normalized_adjacency_cached': True, 'message_backend': 'sparse_fused', 'edge_expanded_messages': False, 'full_graph': True, 'gradient_checkpointing': False}",raw/DGraphFin__CONAD__seed43__b2fadc1197e4c8222242a194.json,
005d9f1a-6efe-425c-88b5-c09f5dc86e65,88f3614f64eed85a2dae7168,391f2600f2d3a2c472f802767b5b7612c048e73ddfc3d03efea91a9416d5f7cf,ac10847c4f361dd494316905ff28e356c6f7cff17a7b12668d1b791c03811055,c4b03f9607545b9e6f71366f24a4fa17b98ad1c32b0a3354a42cf6d57ae275c3,DGraphFin,DGraphFin,real_labels_official_random_split,round5_new,CONAD,CONAD,gog_fraud.models.pygod.shared_reconstruction.SharedCONAD,44,50,50,False,,sparse_fused,exact_sparse,True,False,False,False,1225601,746271,success,,,official_random_70_15_15,0.0,0.4089402212636048,0.01015310733303938,0.024989793506521415,7.777010440826416,0.02498965926610334,7.700431823730469,8.702178808019058e-05,0.012652925785096093,1.0,0.0007920665473268085,0.5000247914761395,,,,0.009028374892519347,0.009028374892519347,0.009028374892519347,2326.0,validation_labels,2326.0,181536.0,2326.0,181514.0,False,False,False,0.0007920665473268085,0.5000247914761395,0.009028374892519347,0.009028374892519347,0.4089402212636048,0.5910597787363951,warning_inverse_association,report_only_no_silent_inversion,37.19455356399703,0.16260613899794407,40.165108926004905,1605.14453125,7855.0,6806.74462890625,7694.0,6.023799419403076,19487.62109375,"{'name': 'sparse_fused', 'score_chunk_size': 8192, 'reconstruction_backend': 'exact_sparse', 'dense_materialized': False, 'training_full_graph': True, 'shared_model': True, 'approximation_used': False, 'normalized_adjacency_cached': True, 'message_backend': 'sparse_fused', 'edge_expanded_messages': False, 'full_graph': True, 'gradient_checkpointing': False}",raw/DGraphFin__CONAD__seed44__88f3614f64eed85a2dae7168.json,
530a70f7-a3a2-409b-bb2a-1debaa0f7e5e,e4758488aaa7feb3b6bd7681,391f2600f2d3a2c472f802767b5b7612c048e73ddfc3d03efea91a9416d5f7cf,ac10847c4f361dd494316905ff28e356c6f7cff17a7b12668d1b791c03811055,c4b03f9607545b9e6f71366f24a4fa17b98ad1c32b0a3354a42cf6d57ae275c3,DGraphFin,DGraphFin,real_labels_official_random_split,round5_new,CONAD,CONAD,gog_fraud.models.pygod.shared_reconstruction.SharedCONAD,45,50,50,False,,sparse_fused,exact_sparse,True,False,False,False,1225601,746271,success,,,official_random_70_15_15,0.0,0.41292055706359254,0.010496036327485515,0.025077040974384894,20.016695022583008,0.0250463319207968,19.13564109802246,0.008827272628384331,0.01268302856013874,0.9935511607910577,0.002907995885678676,0.5012187638414338,,,,0.008598452278589854,0.008598452278589854,0.008598452278589854,2326.0,validation_labels,2326.0,181536.0,2326.0,181514.0,False,False,False,0.002907995885678676,0.5012187638414338,0.008598452278589854,0.008598452278589854,0.41292055706359254,0.5870794429364075,warning_inverse_association,report_only_no_silent_inversion,33.68471758099622,0.15925860699644545,39.27457213099842,1613.57421875,7881.0,6806.513671875,7674.0,9.707368850708008,16214.154296875,"{'name': 'sparse_fused', 'score_chunk_size': 8192, 'reconstruction_backend': 'exact_sparse', 'dense_materialized': False, 'training_full_graph': True, 'shared_model': True, 'approximation_used': False, 'normalized_adjacency_cached': True, 'message_backend': 'sparse_fused', 'edge_expanded_messages': False, 'full_graph': True, 'gradient_checkpointing': False}",raw/DGraphFin__CONAD__seed45__e4758488aaa7feb3b6bd7681.json,
54bf1865-8c49-414b-8892-b609f3311e55,b25e780e31dc4cda2e89692d,391f2600f2d3a2c472f802767b5b7612c048e73ddfc3d03efea91a9416d5f7cf,ac10847c4f361dd494316905ff28e356c6f7cff17a7b12668d1b791c03811055,c4b03f9607545b9e6f71366f24a4fa17b98ad1c32b0a3354a42cf6d57ae275c3,DGraphFin,DGraphFin,real_labels_official_random_split,round5_new,CONAD,CONAD,gog_fraud.models.pygod.shared_reconstruction.SharedCONAD,46,50,50,False,,sparse_fused,exact_sparse,True,False,False,False,1225601,746271,success,,,official_random_70_15_15,0.0,0.40004720352007034,0.010038183882220494,0.024992881434243254,12.348077774047852,0.024957489399255257,15.167560577392578,0.017175925422327615,0.012636913519699198,0.9969905417024936,-0.0032476675515528916,0.49938500938381175,,,,0.009028374892519347,0.009028374892519347,0.009028374892519347,2326.0,validation_labels,2326.0,181536.0,2326.0,181514.0,False,False,False,-0.0032476675515528916,0.49938500938381175,0.009028374892519347,0.009028374892519347,0.40004720352007034,0.5999527964799296,warning_inverse_association,report_only_no_silent_inversion,31.950570703003905,0.15760229800071102,38.9494241450011,1613.12109375,7889.0,6804.70947265625,7678.0,8.6259126663208,18918.314453125,"{'name': 'sparse_fused', 'score_chunk_size': 8192, 'reconstruction_backend': 'exact_sparse', 'dense_materialized': False, 'training_full_graph': True, 'shared_model': True, 'approximation_used': False, 'normalized_adjacency_cached': True, 'message_backend': 'sparse_fused', 'edge_expanded_messages': False, 'full_graph': True, 'gradient_checkpointing': False}",raw/DGraphFin__CONAD__seed46__b25e780e31dc4cda2e89692d.json,
31eca9a3-a9bd-44fd-a9e9-a983df330b08,1be2166662ba82b0ee0b2807,391f2600f2d3a2c472f802767b5b7612c048e73ddfc3d03efea91a9416d5f7cf,ac10847c4f361dd494316905ff28e356c6f7cff17a7b12668d1b791c03811055,c4b03f9607545b9e6f71366f24a4fa17b98ad1c32b0a3354a42cf6d57ae275c3,DGraphFin,DGraphFin,real_labels_official_random_split,round5_new,CoLA,CoLA,pygod.detector.cola.CoLA,42,50,50,False,,sparse_fused,not_applicable_native_objective,True,False,False,False,1225601,746271,success,,,official_random_70_15_15,0.0,0.5077842380991275,0.01288685587175126,0.026832995699612606,-0.5687651634216309,0.025346301208370173,0.0,0.8395318227801286,0.013605872674345019,0.18486672398968185,0.0038872577731664934,0.5065611978642505,,,,0.012897678417884782,0.012897678417884782,0.012897678417884782,2326.0,validation_labels,2326.0,181536.0,2326.0,181514.0,False,False,False,0.0038872577731664934,0.5065611978642505,0.012897678417884782,0.012897678417884782,0.5077842380991275,0.49221576190087246,expected_direction,report_only_no_silent_inversion,28.001769737995346,0.49649046300328337,33.95145198600221,2019.79296875,0.0,3821.453125,3894.0,-83105.4453125,374.70428466796875,{},raw/DGraphFin__CoLA__seed42__1be2166662ba82b0ee0b2807.json,
e44785a8-d3d0-4b86-bd5a-bc7b355e9038,7138cec87ebed0c119508fc5,391f2600f2d3a2c472f802767b5b7612c048e73ddfc3d03efea91a9416d5f7cf,ac10847c4f361dd494316905ff28e356c6f7cff17a7b12668d1b791c03811055,c4b03f9607545b9e6f71366f24a4fa17b98ad1c32b0a3354a42cf6d57ae275c3,DGraphFin,DGraphFin,real_labels_official_random_split,round5_new,CoLA,CoLA,pygod.detector.cola.CoLA,43,50,50,False,,sparse_fused,not_applicable_native_objective,True,False,False,False,1225601,746271,success,,,official_random_70_15_15,0.0,0.5044572063688517,0.012989089960733918,0.026833631484794278,-0.06092016398906708,0.026028745816105533,-0.5189014673233032,0.7371180559332543,0.013638989765599208,0.28417884780739466,0.005281979467679068,0.5104108756925401,,,,0.014617368873602751,0.014617368873602751,0.014617368873602751,2326.0,validation_labels,2326.0,181536.0,2326.0,181514.0,False,False,False,0.005281979467679068,0.5104108756925401,0.014617368873602751,0.014617368873602751,0.5044572063688517,0.4955427936311482,expected_direction,report_only_no_silent_inversion,28.504824564995943,0.5286654150040704,36.13787293899804,1924.453125,1161.0,3821.453125,3894.0,-65117.2265625,349.4473571777344,{},raw/DGraphFin__CoLA__seed43__7138cec87ebed0c119508fc5.json,
a2e28894-fcd2-47bc-ab61-e62c1e5d2ba8,444c8b8d03446e4c80e49d78,391f2600f2d3a2c472f802767b5b7612c048e73ddfc3d03efea91a9416d5f7cf,ac10847c4f361dd494316905ff28e356c6f7cff17a7b12668d1b791c03811055,c4b03f9607545b9e6f71366f24a4fa17b98ad1c32b0a3354a42cf6d57ae275c3,DGraphFin,DGraphFin,real_labels_official_random_split,round5_new,CoLA,CoLA,pygod.detector.cola.CoLA,44,50,50,False,,sparse_fused,not_applicable_native_objective,True,False,False,False,1225601,746271,success,,,official_random_70_15_15,0.0,0.4874963454659301,0.012246072629332251,0.025358687871525943,-4.137429714202881,0.024394717534849595,0.0,0.8486092830492434,0.013131047192786151,0.17153912295786758,0.0019060234058989277,0.5031671175903081,,,,0.009458297506448839,0.009458297506448839,0.009458297506448839,2326.0,validation_labels,2326.0,181536.0,2326.0,181514.0,False,False,False,0.0019060234058989277,0.5031671175903081,0.009458297506448839,0.009458297506448839,0.4874963454659301,0.51250365453407,expected_direction,report_only_no_silent_inversion,26.598434917003033,0.5154900920024374,34.852699101000326,1960.0859375,4493.0,3821.453125,3894.0,-40700.6640625,267.7488708496094,{},raw/DGraphFin__CoLA__seed44__444c8b8d03446e4c80e49d78.json,
591a0ae3-3c01-45a7-a33c-aaf29122ebc1,1897dcf0149bed5fd9d71842,391f2600f2d3a2c472f802767b5b7612c048e73ddfc3d03efea91a9416d5f7cf,ac10847c4f361dd494316905ff28e356c6f7cff17a7b12668d1b791c03811055,c4b03f9607545b9e6f71366f24a4fa17b98ad1c32b0a3354a42cf6d57ae275c3,DGraphFin,DGraphFin,real_labels_official_random_split,round5_new,CoLA,CoLA,pygod.detector.cola.CoLA,45,50,50,False,,sparse_fused,not_applicable_native_objective,True,False,False,False,1225601,746271,success,,,official_random_70_15_15,0.0,0.4898168176847398,0.012412612338770543,0.025386379738930986,-4.171156883239746,0.0249139210032752,-0.020978331565856934,0.818271312179787,0.013324550109291254,0.19131556319862425,0.002833835295795435,0.5048879236269244,,,,0.009458297506448839,0.009458297506448839,0.009458297506448839,2326.0,validation_labels,2326.0,181536.0,2326.0,181514.0,False,False,False,0.002833835295795435,0.5048879236269244,0.009458297506448839,0.009458297506448839,0.4898168176847398,0.5101831823152603,expected_direction,report_only_no_silent_inversion,27.99781231500674,0.5226120929946774,39.87540348099719,1853.46484375,1538.0,3821.453125,3894.0,-93027.2421875,113.0934829711914,{},raw/DGraphFin__CoLA__seed45__1897dcf0149bed5fd9d71842.json,
b6e2fe5c-42d3-46b5-9114-971a0ef18db2,5feeb9e0108786e985937c38,391f2600f2d3a2c472f802767b5b7612c048e73ddfc3d03efea91a9416d5f7cf,ac10847c4f361dd494316905ff28e356c6f7cff17a7b12668d1b791c03811055,c4b03f9607545b9e6f71366f24a4fa17b98ad1c32b0a3354a42cf6d57ae275c3,DGraphFin,DGraphFin,real_labels_official_random_split,round5_new,CoLA,CoLA,pygod.detector.cola.CoLA,46,50,50,False,,sparse_fused,not_applicable_native_objective,True,False,False,False,1225601,746271,success,,,official_random_70_15_15,0.0,0.5072504610617692,0.012849748091066546,0.026677590312091964,-0.16967308521270752,0.025690468420896496,-0.02613985538482666,0.8297908213769022,0.013797278781505912,0.18615649183147034,0.004647813196565338,0.5078231140801743,,,,0.010748065348237317,0.010748065348237317,0.010748065348237317,2326.0,validation_labels,2326.0,181536.0,2326.0,181514.0,False,False,False,0.004647813196565338,0.5078231140801743,0.010748065348237317,0.010748065348237317,0.5072504610617692,0.4927495389382309,expected_direction,report_only_no_silent_inversion,27.438655275997007,0.5372240819997387,40.734278005002125,1961.3671875,4570.0,3821.453125,3894.0,-91492.4140625,236.73736572265625,{},raw/DGraphFin__CoLA__seed46__5feeb9e0108786e985937c38.json,
ba181a94-ffcc-4a4f-8699-0690eaaf4534,48df5b79d9a935aaa0fad23b,391f2600f2d3a2c472f802767b5b7612c048e73ddfc3d03efea91a9416d5f7cf,ac10847c4f361dd494316905ff28e356c6f7cff17a7b12668d1b791c03811055,c4b03f9607545b9e6f71366f24a4fa17b98ad1c32b0a3354a42cf6d57ae275c3,DGraphFin,DGraphFin,real_labels_official_random_split,round5_new,DLG-Aug,DLG,gog_fraud.models.pygod.shared_reconstruction.SharedDLGFull,42,50,50,False,,sparse_fused,exact_sparse,True,False,False,False,1225601,746271,success,,,official_random_70_15_15,0.0,0.5797887250365562,0.016458565716208753,0.039588148770750155,24.868946075439453,0.039588148770750155,24.868946075439453,0.7745483025312463,0.020811240721102863,0.40498710232158214,0.04172016203276696,0.580403794998732,,,,0.009458297506448839,0.009458297506448839,0.009458297506448839,2326.0,validation_labels,2326.0,181536.0,2326.0,181514.0,False,False,False,0.04172016203276696,0.580403794998732,0.009458297506448839,0.009458297506448839,0.5797887250365562,0.4202112749634438,expected_direction,report_only_no_silent_inversion,26.805974826995225,0.2109589669998968,41.64602613799798,1937.1484375,5596.0,4469.47021484375,4890.0,10.790661811828613,18509.2890625,"{'name': 'sparse_fused', 'score_chunk_size': 8192, 'reconstruction_backend': 'exact_sparse', 'dense_materialized': False, 'training_full_graph': True, 'shared_model': True, 'approximation_used': False, 'normalized_adjacency_cached': True, 'message_backend': 'sparse_fused', 'edge_expanded_messages': False, 'full_graph': True, 'gradient_checkpointing': False}",raw/DGraphFin__DLG-Aug__seed42__48df5b79d9a935aaa0fad23b.json,
39d110da-6c81-40e1-a891-0e3150eaf9ec,02ba84848db3fff9319b550e,391f2600f2d3a2c472f802767b5b7612c048e73ddfc3d03efea91a9416d5f7cf,ac10847c4f361dd494316905ff28e356c6f7cff17a7b12668d1b791c03811055,c4b03f9607545b9e6f71366f24a4fa17b98ad1c32b0a3354a42cf6d57ae275c3,DGraphFin,DGraphFin,real_labels_official_random_split,round5_new,DLG-Aug,DLG,gog_fraud.models.pygod.shared_reconstruction.SharedDLGFull,43,50,50,False,,sparse_fused,exact_sparse,True,False,False,False,1225601,746271,success,,,official_random_70_15_15,0.0,0.5348271222889169,0.013950741503834161,0.028921974334021522,14.74467658996582,0.02871796544385646,14.590662002563477,0.34474225234142997,0.014636578980177036,0.7570937231298366,0.024432560598559354,0.5519770102035908,,,,0.015047291487532245,0.015047291487532245,0.015047291487532245,2326.0,validation_labels,2326.0,181536.0,2326.0,181514.0,False,False,False,0.024432560598559354,0.5519770102035908,0.015047291487532245,0.015047291487532245,0.5348271222889169,0.46517287771108307,expected_direction,report_only_no_silent_inversion,26.79997616900073,0.20584398599748965,40.757862317004765,1899.45703125,5296.0,4469.47021484375,4890.0,9.481414794921875,18368.046875,"{'name': 'sparse_fused', 'score_chunk_size': 8192, 'reconstruction_backend': 'exact_sparse', 'dense_materialized': False, 'training_full_graph': True, 'shared_model': True, 'approximation_used': False, 'normalized_adjacency_cached': True, 'message_backend': 'sparse_fused', 'edge_expanded_messages': False, 'full_graph': True, 'gradient_checkpointing': False}",raw/DGraphFin__DLG-Aug__seed43__02ba84848db3fff9319b550e.json,
5a001063-f303-4ff7-b4b6-10285124abb5,d3c3986bd79f9b5d124daaec,391f2600f2d3a2c472f802767b5b7612c048e73ddfc3d03efea91a9416d5f7cf,ac10847c4f361dd494316905ff28e356c6f7cff17a7b12668d1b791c03811055,c4b03f9607545b9e6f71366f24a4fa17b98ad1c32b0a3354a42cf6d57ae275c3,DGraphFin,DGraphFin,real_labels_official_random_split,round5_new,DLG-Aug,DLG,gog_fraud.models.pygod.shared_reconstruction.SharedDLGFull,44,50,50,False,,sparse_fused,exact_sparse,True,False,False,False,1225601,746271,success,,,official_random_70_15_15,0.0,0.5127828730639188,0.012332484912830838,0.028702143029135565,11.023663520812988,0.028672285858367553,11.016646385192871,0.33166178982062633,0.014608125412918118,0.7699914015477214,0.024760098146098215,0.5522059435099582,,,,0.010748065348237317,0.010748065348237317,0.010748065348237317,2326.0,validation_labels,2326.0,181536.0,2326.0,181514.0,False,False,False,0.024760098146098215,0.5522059435099582,0.010748065348237317,0.010748065348237317,0.5127828730639188,0.48721712693608116,expected_direction,report_only_no_silent_inversion,28.77237029999378,0.212048594999942,39.7799131530046,1937.9296875,5596.0,4469.47021484375,4890.0,8.045247077941895,15551.640625,"{'name': 'sparse_fused', 'score_chunk_size': 8192, 'reconstruction_backend': 'exact_sparse', 'dense_materialized': False, 'training_full_graph': True, 'shared_model': True, 'approximation_used': False, 'normalized_adjacency_cached': True, 'message_backend': 'sparse_fused', 'edge_expanded_messages': False, 'full_graph': True, 'gradient_checkpointing': False}",raw/DGraphFin__DLG-Aug__seed44__d3c3986bd79f9b5d124daaec.json,
9b2087bc-e819-4ed1-b449-c4ada401e0e3,464a6aaa625fd80a3c3eb86e,391f2600f2d3a2c472f802767b5b7612c048e73ddfc3d03efea91a9416d5f7cf,ac10847c4f361dd494316905ff28e356c6f7cff17a7b12668d1b791c03811055,c4b03f9607545b9e6f71366f24a4fa17b98ad1c32b0a3354a42cf6d57ae275c3,DGraphFin,DGraphFin,real_labels_official_random_split,round5_new,DLG-Aug,DLG,gog_fraud.models.pygod.shared_reconstruction.SharedDLGFull,45,50,50,False,,sparse_fused,exact_sparse,True,False,False,False,1225601,746271,success,,,official_random_70_15_15,0.0,0.4851948594392227,0.01261041763417272,0.026557558110346907,29.752824783325195,0.026410980625340665,29.4825439453125,0.7926107624196408,0.014013040277631717,0.2291487532244196,0.0062182188760317916,0.5112682955385736,,,,0.010748065348237317,0.010748065348237317,0.010748065348237317,2326.0,validation_labels,2326.0,181536.0,2326.0,181514.0,False,False,False,0.0062182188760317916,0.5112682955385736,0.010748065348237317,0.010748065348237317,0.4851948594392227,0.5148051405607772,expected_direction,report_only_no_silent_inversion,26.572565212998597,0.2152661750005791,40.36573852199945,1935.25390625,3796.0,4469.47021484375,4890.0,11.59722900390625,35308.71484375,"{'name': 'sparse_fused', 'score_chunk_size': 8192, 'reconstruction_backend': 'exact_sparse', 'dense_materialized': False, 'training_full_graph': True, 'shared_model': True, 'approximation_used': False, 'normalized_adjacency_cached': True, 'message_backend': 'sparse_fused', 'edge_expanded_messages': False, 'full_graph': True, 'gradient_checkpointing': False}",raw/DGraphFin__DLG-Aug__seed45__464a6aaa625fd80a3c3eb86e.json,
d7f99eff-a8a2-44c0-a1fa-fd79f79db9bd,8f711096b255c3f4e6d2049f,391f2600f2d3a2c472f802767b5b7612c048e73ddfc3d03efea91a9416d5f7cf,ac10847c4f361dd494316905ff28e356c6f7cff17a7b12668d1b791c03811055,c4b03f9607545b9e6f71366f24a4fa17b98ad1c32b0a3354a42cf6d57ae275c3,DGraphFin,DGraphFin,real_labels_official_random_split,round5_new,DLG-Aug,DLG,gog_fraud.models.pygod.shared_reconstruction.SharedDLGFull,46,50,50,False,,sparse_fused,exact_sparse,True,False,False,False,1225601,746271,success,,,official_random_70_15_15,0.0,0.48014720760248064,0.011860014281670814,0.02522508494558478,12.137548446655273,0.024416396054163347,24.215734481811523,0.6572157378903744,0.012659233139553354,0.34264832330180567,4.472563537365228e-05,0.5000949451717331,,,,0.009888220120378332,0.009888220120378332,0.009888220120378332,2326.0,validation_labels,2326.0,181536.0,2326.0,181514.0,False,False,False,4.472563537365228e-05,0.5000949451717331,0.009888220120378332,0.009888220120378332,0.48014720760248064,0.5198527923975194,expected_direction,report_only_no_silent_inversion,26.23393832399597,0.20958632599649718,40.08008735700423,1940.17578125,5596.0,4469.47021484375,4890.0,8.949480056762695,40561.4296875,"{'name': 'sparse_fused', 'score_chunk_size': 8192, 'reconstruction_backend': 'exact_sparse', 'dense_materialized': False, 'training_full_graph': True, 'shared_model': True, 'approximation_used': False, 'normalized_adjacency_cached': True, 'message_backend': 'sparse_fused', 'edge_expanded_messages': False, 'full_graph': True, 'gradient_checkpointing': False}",raw/DGraphFin__DLG-Aug__seed46__8f711096b255c3f4e6d2049f.json,
17a2fd86-7aa8-4e6c-a7c0-d5290253d2d6,4a2600022f977422ce74e6c4,391f2600f2d3a2c472f802767b5b7612c048e73ddfc3d03efea91a9416d5f7cf,ac10847c4f361dd494316905ff28e356c6f7cff17a7b12668d1b791c03811055,c4b03f9607545b9e6f71366f24a4fa17b98ad1c32b0a3354a42cf6d57ae275c3,DGraphFin,DGraphFin,real_labels_official_random_split,round5_new,DLG-Base,DLG-Base,gog_fraud.models.pygod.shared_reconstruction.SharedDLGBase,42,50,50,False,,sparse_fused,exact_sparse,True,False,False,False,1225601,746271,success,,,official_random_70_15_15,0.0,0.41578090530237827,0.010190359160661128,0.025034770514603615,17.50893211364746,0.025010636521776597,16.998857498168945,0.0025562650248555983,0.012663957895885031,0.998280309544282,0.002026931289077263,0.5004651214413787,,,,0.009028374892519347,0.009028374892519347,0.009028374892519347,2326.0,validation_labels,2326.0,181536.0,2326.0,181514.0,False,False,False,0.002026931289077263,0.5004651214413787,0.009028374892519347,0.009028374892519347,0.41578090530237827,0.5842190946976217,warning_inverse_association,report_only_no_silent_inversion,25.9692540229953,0.20222790900152177,39.692383559995505,1548.91796875,6688.0,5672.64990234375,5982.0,10.865427017211914,24302.484375,"{'name': 'sparse_fused', 'score_chunk_size': 8192, 'reconstruction_backend': 'exact_sparse', 'dense_materialized': False, 'training_full_graph': True, 'shared_model': True, 'approximation_used': False, 'normalized_adjacency_cached': True, 'message_backend': 'sparse_fused', 'edge_expanded_messages': False, 'full_graph': True, 'gradient_checkpointing': False}",raw/DGraphFin__DLG-Base__seed42__4a2600022f977422ce74e6c4.json,
ccf71171-d661-4141-8c7b-69eabf6f44e7,78668624c065a26dc082b21a,391f2600f2d3a2c472f802767b5b7612c048e73ddfc3d03efea91a9416d5f7cf,ac10847c4f361dd494316905ff28e356c6f7cff17a7b12668d1b791c03811055,c4b03f9607545b9e6f71366f24a4fa17b98ad1c32b0a3354a42cf6d57ae275c3,DGraphFin,DGraphFin,real_labels_official_random_split,round5_new,DLG-Base,DLG-Base,gog_fraud.models.pygod.shared_reconstruction.SharedDLGBase,43,50,50,False,,sparse_fused,exact_sparse,True,False,False,False,1225601,746271,success,,,official_random_70_15_15,0.0,0.4224100624127485,0.01043438121516353,0.025000537414819748,9.720674514770508,0.024993015709281585,9.346606254577637,0.00021211560844546453,0.012654646747113805,1.0,0.001539605337460853,0.5000936566876384,,,,0.009028374892519347,0.009028374892519347,0.009028374892519347,2326.0,validation_labels,2326.0,181536.0,2326.0,181514.0,False,False,False,0.001539605337460853,0.5000936566876384,0.009028374892519347,0.009028374892519347,0.4224100624127485,0.5775899375872516,warning_inverse_association,report_only_no_silent_inversion,23.59571938100271,0.19890288599708583,36.21888161099923,1546.296875,6120.0,5672.64990234375,5982.0,6.733195781707764,18005.61328125,"{'name': 'sparse_fused', 'score_chunk_size': 8192, 'reconstruction_backend': 'exact_sparse', 'dense_materialized': False, 'training_full_graph': True, 'shared_model': True, 'approximation_used': False, 'normalized_adjacency_cached': True, 'message_backend': 'sparse_fused', 'edge_expanded_messages': False, 'full_graph': True, 'gradient_checkpointing': False}",raw/DGraphFin__DLG-Base__seed43__78668624c065a26dc082b21a.json,
8cf4598f-0178-4240-a07c-da7f6fac18a6,c26af79291b9505bf0725de8,391f2600f2d3a2c472f802767b5b7612c048e73ddfc3d03efea91a9416d5f7cf,ac10847c4f361dd494316905ff28e356c6f7cff17a7b12668d1b791c03811055,c4b03f9607545b9e6f71366f24a4fa17b98ad1c32b0a3354a42cf6d57ae275c3,DGraphFin,DGraphFin,real_labels_official_random_split,round5_new,DLG-Base,DLG-Base,gog_fraud.models.pygod.shared_reconstruction.SharedDLGBase,44,50,50,False,,sparse_fused,exact_sparse,True,False,False,False,1225601,746271,success,,,official_random_70_15_15,0.0,0.39987510325755216,0.009834407985301392,0.025010622791400646,12.567914962768555,0.025009008621385123,12.525062561035156,0.001289010235937823,0.012662915901899165,0.9995700773860705,0.00266467135728432,0.5004241078557444,,,,0.00816852966466036,0.00816852966466036,0.00816852966466036,2326.0,validation_labels,2326.0,181536.0,2326.0,181514.0,False,False,False,0.00266467135728432,0.5004241078557444,0.00816852966466036,0.00816852966466036,0.39987510325755216,0.6001248967424478,warning_inverse_association,report_only_no_silent_inversion,26.039749102004862,0.19361695499537745,40.36877443300182,1544.5703125,6688.0,5672.64990234375,5982.0,7.3968305587768555,39521.82421875,"{'name': 'sparse_fused', 'score_chunk_size': 8192, 'reconstruction_backend': 'exact_sparse', 'dense_materialized': False, 'training_full_graph': True, 'shared_model': True, 'approximation_used': False, 'normalized_adjacency_cached': True, 'message_backend': 'sparse_fused', 'edge_expanded_messages': False, 'full_graph': True, 'gradient_checkpointing': False}",raw/DGraphFin__DLG-Base__seed44__c26af79291b9505bf0725de8.json,
a25a5996-9994-42c5-9a40-5e5be4b539bd,abe431c1c3f00cc8ebc7114c,391f2600f2d3a2c472f802767b5b7612c048e73ddfc3d03efea91a9416d5f7cf,ac10847c4f361dd494316905ff28e356c6f7cff17a7b12668d1b791c03811055,c4b03f9607545b9e6f71366f24a4fa17b98ad1c32b0a3354a42cf6d57ae275c3,DGraphFin,DGraphFin,real_labels_official_random_split,round5_new,DLG-Base,DLG-Base,gog_fraud.models.pygod.shared_reconstruction.SharedDLGBase,45,50,50,False,,sparse_fused,exact_sparse,True,False,False,False,1225601,746271,success,,,official_random_70_15_15,0.0,0.40211104120874364,0.010054829934217295,0.025067376692534983,18.553665161132812,0.025010380548200796,17.478694915771484,0.004030196560463826,0.012664034469765231,0.9969905417024936,0.0016699502930171777,0.5004675705085735,,,,0.00816852966466036,0.00816852966466036,0.00816852966466036,2326.0,validation_labels,2326.0,181536.0,2326.0,181514.0,False,False,False,0.0016699502930171777,0.5004675705085735,0.00816852966466036,0.00816852966466036,0.40211104120874364,0.5978889587912565,warning_inverse_association,report_only_no_silent_inversion,26.218916724996234,0.19500235300074564,36.39933673300402,1546.046875,6688.0,5672.64990234375,5982.0,11.166778564453125,25141.462890625,"{'name': 'sparse_fused', 'score_chunk_size': 8192, 'reconstruction_backend': 'exact_sparse', 'dense_materialized': False, 'training_full_graph': True, 'shared_model': True, 'approximation_used': False, 'normalized_adjacency_cached': True, 'message_backend': 'sparse_fused', 'edge_expanded_messages': False, 'full_graph': True, 'gradient_checkpointing': False}",raw/DGraphFin__DLG-Base__seed45__abe431c1c3f00cc8ebc7114c.json,
b40a757e-c4d3-4030-a7ff-a0ce0e196e91,90460510850781a9d7f0a192,391f2600f2d3a2c472f802767b5b7612c048e73ddfc3d03efea91a9416d5f7cf,ac10847c4f361dd494316905ff28e356c6f7cff17a7b12668d1b791c03811055,c4b03f9607545b9e6f71366f24a4fa17b98ad1c32b0a3354a42cf6d57ae275c3,DGraphFin,DGraphFin,real_labels_official_random_split,round5_new,DLG-Base,DLG-Base,gog_fraud.models.pygod.shared_reconstruction.SharedDLGBase,46,50,50,False,,sparse_fused,exact_sparse,True,False,False,False,1225601,746271,success,,,official_random_70_15_15,0.0,0.40569159639588637,0.009931056644644345,0.02506529683588638,18.859519958496094,0.025016877751073426,17.159969329833984,0.005324645658156661,0.012667574618906191,0.9957007738607051,0.0018370321689366936,0.500607749998766,,,,0.008598452278589854,0.008598452278589854,0.008598452278589854,2326.0,validation_labels,2326.0,181536.0,2326.0,181514.0,False,False,False,0.0018370321689366936,0.500607749998766,0.008598452278589854,0.008598452278589854,0.40569159639588637,0.5943084036041136,warning_inverse_association,report_only_no_silent_inversion,25.55675459899794,0.1942407530004857,37.96150589700119,1546.46484375,6688.0,5672.64990234375,5982.0,9.084186553955078,26220.341796875,"{'name': 'sparse_fused', 'score_chunk_size': 8192, 'reconstruction_backend': 'exact_sparse', 'dense_materialized': False, 'training_full_graph': True, 'shared_model': True, 'approximation_used': False, 'normalized_adjacency_cached': True, 'message_backend': 'sparse_fused', 'edge_expanded_messages': False, 'full_graph': True, 'gradient_checkpointing': False}",raw/DGraphFin__DLG-Base__seed46__90460510850781a9d7f0a192.json,
38a9e66a-449d-4c5a-94a8-a1555c0dc50c,a2bd22cb1c83040af66fb9fc,391f2600f2d3a2c472f802767b5b7612c048e73ddfc3d03efea91a9416d5f7cf,ac10847c4f361dd494316905ff28e356c6f7cff17a7b12668d1b791c03811055,c4b03f9607545b9e6f71366f24a4fa17b98ad1c32b0a3354a42cf6d57ae275c3,DGraphFin,DGraphFin,real_labels_official_random_split,round5_new,DOMINANT,DOMINANT,gog_fraud.models.pygod.shared_reconstruction.SharedDOMINANT,42,50,50,False,,sparse_fused,exact_sparse,True,False,False,False,1225601,746271,success,,,official_random_70_15_15,0.0,0.40809266518965337,0.010182238790950482,0.024990867481788682,22.182817459106445,0.024984922891358664,28.622356414794922,0.02128770490911662,0.012650911192784619,0.9974204643164231,-0.00025087619112606525,0.4999442967482707,,,,0.009458297506448839,0.009458297506448839,0.009458297506448839,2326.0,validation_labels,2326.0,181536.0,2326.0,181514.0,False,False,False,-0.00025087619112606525,0.4999442967482707,0.009458297506448839,0.009458297506448839,0.40809266518965337,0.5919073348103467,warning_inverse_association,report_only_no_silent_inversion,21.688681558996905,0.1606259219988715,34.0462894999946,1529.63671875,4016.0,4771.56005859375,5142.0,17.236949920654297,45887.11328125,"{'name': 'sparse_fused', 'score_chunk_size': 8192, 'reconstruction_backend': 'exact_sparse', 'dense_materialized': False, 'training_full_graph': True, 'shared_model': True, 'approximation_used': False, 'normalized_adjacency_cached': True, 'message_backend': 'sparse_fused', 'edge_expanded_messages': False, 'full_graph': True, 'gradient_checkpointing': False}",raw/DGraphFin__DOMINANT__seed42__a2bd22cb1c83040af66fb9fc.json,
ccd3b4f0-164a-4da2-8ec5-40f1409a0aee,c2195c266bfc2f973880e3ab,391f2600f2d3a2c472f802767b5b7612c048e73ddfc3d03efea91a9416d5f7cf,ac10847c4f361dd494316905ff28e356c6f7cff17a7b12668d1b791c03811055,c4b03f9607545b9e6f71366f24a4fa17b98ad1c32b0a3354a42cf6d57ae275c3,DGraphFin,DGraphFin,real_labels_official_random_split,round5_new,DOMINANT,DOMINANT,gog_fraud.models.pygod.shared_reconstruction.SharedDOMINANT,43,50,50,False,,sparse_fused,exact_sparse,True,False,False,False,1225601,746271,success,,,official_random_70_15_15,0.0,0.4138136198377512,0.010291129076123187,0.0250029586117118,22.51565933227539,0.024987097884052983,21.298463821411133,0.0008267069867618105,0.012651750231368065,0.999140154772141,-0.00017411944830786737,0.49997775943814365,,,,0.009888220120378332,0.009888220120378332,0.009888220120378332,2326.0,validation_labels,2326.0,181536.0,2326.0,181514.0,False,False,False,-0.00017411944830786737,0.49997775943814365,0.009888220120378332,0.009888220120378332,0.4138136198377512,0.5861863801622488,warning_inverse_association,report_only_no_silent_inversion,20.419121327999164,0.16441722300078254,24.421147346998623,1531.578125,5848.0,4771.56005859375,5142.0,12.982133865356445,32282.40234375,"{'name': 'sparse_fused', 'score_chunk_size': 8192, 'reconstruction_backend': 'exact_sparse', 'dense_materialized': False, 'training_full_graph': True, 'shared_model': True, 'approximation_used': False, 'normalized_adjacency_cached': True, 'message_backend': 'sparse_fused', 'edge_expanded_messages': False, 'full_graph': True, 'gradient_checkpointing': False}",raw/DGraphFin__DOMINANT__seed43__c2195c266bfc2f973880e3ab.json,
ed88fc86-d29d-446f-8e73-85b92b71d888,1d3c3a34611b57b182102293,391f2600f2d3a2c472f802767b5b7612c048e73ddfc3d03efea91a9416d5f7cf,ac10847c4f361dd494316905ff28e356c6f7cff17a7b12668d1b791c03811055,c4b03f9607545b9e6f71366f24a4fa17b98ad1c32b0a3354a42cf6d57ae275c3,DGraphFin,DGraphFin,real_labels_official_random_split,round5_new,DOMINANT,DOMINANT,gog_fraud.models.pygod.shared_reconstruction.SharedDOMINANT,44,50,50,False,,sparse_fused,exact_sparse,True,False,False,False,1225601,746271,success,,,official_random_70_15_15,0.0,0.4089398979583126,0.010152982036351947,0.024989793506521415,15.554009437561035,0.02498965926610334,15.40084171295166,8.702178808019058e-05,0.012652925785096093,1.0,0.0007920665473268085,0.5000247914761395,,,,0.009028374892519347,0.009028374892519347,0.009028374892519347,2326.0,validation_labels,2326.0,181536.0,2326.0,181514.0,False,False,False,0.0007920665473268085,0.5000247914761395,0.009028374892519347,0.009028374892519347,0.4089398979583126,0.5910601020416874,warning_inverse_association,report_only_no_silent_inversion,19.124152197000512,0.16079909200198017,21.98345066299953,1532.64453125,5516.0,4771.56005859375,5142.0,12.047703742980957,38975.23046875,"{'name': 'sparse_fused', 'score_chunk_size': 8192, 'reconstruction_backend': 'exact_sparse', 'dense_materialized': False, 'training_full_graph': True, 'shared_model': True, 'approximation_used': False, 'normalized_adjacency_cached': True, 'message_backend': 'sparse_fused', 'edge_expanded_messages': False, 'full_graph': True, 'gradient_checkpointing': False}",raw/DGraphFin__DOMINANT__seed44__1d3c3a34611b57b182102293.json,
d73fa977-3307-4756-901d-5d6e1c126de2,32ea55b8fd19dc472fceeaa3,391f2600f2d3a2c472f802767b5b7612c048e73ddfc3d03efea91a9416d5f7cf,ac10847c4f361dd494316905ff28e356c6f7cff17a7b12668d1b791c03811055,c4b03f9607545b9e6f71366f24a4fa17b98ad1c32b0a3354a42cf6d57ae275c3,DGraphFin,DGraphFin,real_labels_official_random_split,round5_new,DOMINANT,DOMINANT,gog_fraud.models.pygod.shared_reconstruction.SharedDOMINANT,45,50,50,False,,sparse_fused,exact_sparse,True,False,False,False,1225601,746271,success,,,official_random_70_15_15,0.0,0.412924357381111,0.010496266132760237,0.025077040974384894,40.032684326171875,0.0250463319207968,38.271339416503906,0.008827272628384331,0.01268302856013874,0.9935511607910577,0.002907995885678676,0.5012187638414338,,,,0.008598452278589854,0.008598452278589854,0.008598452278589854,2326.0,validation_labels,2326.0,181536.0,2326.0,181514.0,False,False,False,0.002907995885678676,0.5012187638414338,0.008598452278589854,0.008598452278589854,0.412924357381111,0.587075642618889,warning_inverse_association,report_only_no_silent_inversion,20.507118396002625,0.1618015119966003,22.44379632899654,1531.18359375,3400.0,4771.56005859375,5142.0,19.415712356567383,32422.8984375,"{'name': 'sparse_fused', 'score_chunk_size': 8192, 'reconstruction_backend': 'exact_sparse', 'dense_materialized': False, 'training_full_graph': True, 'shared_model': True, 'approximation_used': False, 'normalized_adjacency_cached': True, 'message_backend': 'sparse_fused', 'edge_expanded_messages': False, 'full_graph': True, 'gradient_checkpointing': False}",raw/DGraphFin__DOMINANT__seed45__32ea55b8fd19dc472fceeaa3.json,
0b8d5078-6b28-4c3a-bab7-471f5d854e5c,dd0aabc2cf78e36aba2b08a0,391f2600f2d3a2c472f802767b5b7612c048e73ddfc3d03efea91a9416d5f7cf,ac10847c4f361dd494316905ff28e356c6f7cff17a7b12668d1b791c03811055,c4b03f9607545b9e6f71366f24a4fa17b98ad1c32b0a3354a42cf6d57ae275c3,DGraphFin,DGraphFin,real_labels_official_random_split,round5_new,DOMINANT,DOMINANT,gog_fraud.models.pygod.shared_reconstruction.SharedDOMINANT,46,50,50,False,,sparse_fused,exact_sparse,True,False,False,False,1225601,746271,success,,,official_random_70_15_15,0.0,0.4000472212840974,0.010038189303216727,0.024992881434243254,24.696186065673828,0.024957489399255257,30.3349552154541,0.017175925422327615,0.012636913519699198,0.9969905417024936,-0.0032476675515528916,0.49938500938381175,,,,0.009028374892519347,0.009028374892519347,0.009028374892519347,2326.0,validation_labels,2326.0,181536.0,2326.0,181514.0,False,False,False,-0.0032476675515528916,0.49938500938381175,0.009028374892519347,0.009028374892519347,0.4000472212840974,0.5999527787159027,warning_inverse_association,report_only_no_silent_inversion,18.82233423499565,0.15737403099774383,22.11082833600085,1528.6171875,5848.0,4771.56005859375,5142.0,17.252229690551758,37836.54296875,"{'name': 'sparse_fused', 'score_chunk_size': 8192, 'reconstruction_backend': 'exact_sparse', 'dense_materialized': False, 'training_full_graph': True, 'shared_model': True, 'approximation_used': False, 'normalized_adjacency_cached': True, 'message_backend': 'sparse_fused', 'edge_expanded_messages': False, 'full_graph': True, 'gradient_checkpointing': False}",raw/DGraphFin__DOMINANT__seed46__dd0aabc2cf78e36aba2b08a0.json,
9d6cfc8c-f6a7-4ee3-a44b-5c5bf480f011,dd063c637ae4ee771dd863f9,391f2600f2d3a2c472f802767b5b7612c048e73ddfc3d03efea91a9416d5f7cf,ac10847c4f361dd494316905ff28e356c6f7cff17a7b12668d1b791c03811055,c4b03f9607545b9e6f71366f24a4fa17b98ad1c32b0a3354a42cf6d57ae275c3,DGraphFin,DGraphFin,real_labels_official_random_split,round5_new,OCGNN,OCGNN,pygod.detector.ocgnn.OCGNN,42,50,50,False,,sparse_fused,not_applicable_native_objective,True,False,False,False,1225601,746271,success,,,official_random_70_15_15,0.0,0.4455864474249081,0.01132218725781388,0.02511697980414474,-11.168356895446777,0.025056407257641872,-11.09141731262207,0.026547084226213137,0.01269105032272486,0.976354256233878,0.002095885924998632,0.5015094330631139,,,,0.006878761822871883,0.006878761822871883,0.006878761822871883,2326.0,validation_labels,2326.0,181536.0,2326.0,181514.0,False,False,False,0.002095885924998632,0.5015094330631139,0.006878761822871883,0.006878761822871883,0.4455864474249081,0.5544135525750918,warning_inverse_association,report_only_no_silent_inversion,23.827906320002512,0.4619462709961226,35.73108356800367,1987.24609375,3370.0,2621.33349609375,2694.0,-13.156881332397461,3368.99267578125,{},raw/DGraphFin__OCGNN__seed42__dd063c637ae4ee771dd863f9.json,
e93376df-a501-496b-91bd-325dfb822cc1,d736c8daf59f51adc7959f2e,391f2600f2d3a2c472f802767b5b7612c048e73ddfc3d03efea91a9416d5f7cf,ac10847c4f361dd494316905ff28e356c6f7cff17a7b12668d1b791c03811055,c4b03f9607545b9e6f71366f24a4fa17b98ad1c32b0a3354a42cf6d57ae275c3,DGraphFin,DGraphFin,real_labels_official_random_split,round5_new,OCGNN,OCGNN,pygod.detector.ocgnn.OCGNN,43,50,50,False,,sparse_fused,not_applicable_native_objective,True,False,False,False,1225601,746271,success,,,official_random_70_15_15,0.0,0.4772929334766747,0.011868158606727758,0.02550751498653384,-6.497627258300781,0.02535610750716202,-6.655672073364258,0.057010148916034856,0.012848262367751207,0.9570077386070507,0.0070923901062545135,0.5073914482230577,,,,0.005588993981083405,0.005588993981083405,0.005588993981083405,2326.0,validation_labels,2326.0,181536.0,2326.0,181514.0,False,False,False,0.0070923901062545135,0.5073914482230577,0.005588993981083405,0.005588993981083405,0.4772929334766747,0.5227070665233253,expected_direction,report_only_no_silent_inversion,23.95860889499454,0.4791827379958704,34.117262963998655,1981.19921875,3370.0,2621.33349609375,2694.0,-8.797828674316406,2747.1533203125,{},raw/DGraphFin__OCGNN__seed43__d736c8daf59f51adc7959f2e.json,
dc748220-1d1f-40b0-abf0-297359e1f7d3,1f934d831eef281edd3b106b,391f2600f2d3a2c472f802767b5b7612c048e73ddfc3d03efea91a9416d5f7cf,ac10847c4f361dd494316905ff28e356c6f7cff17a7b12668d1b791c03811055,c4b03f9607545b9e6f71366f24a4fa17b98ad1c32b0a3354a42cf6d57ae275c3,DGraphFin,DGraphFin,real_labels_official_random_split,round5_new,OCGNN,OCGNN,pygod.detector.ocgnn.OCGNN,44,50,50,False,,sparse_fused,not_applicable_native_objective,True,False,False,False,1225601,746271,success,,,official_random_70_15_15,0.0,0.4466665938262607,0.01098995205513843,0.025358776948038803,-8.138729095458984,0.025303917673007045,-8.168468475341797,0.06830122591943957,0.012823730614103185,0.9445399828030955,0.005674271174249482,0.5063940810034517,,,,0.012037833190025795,0.012037833190025795,0.012037833190025795,2326.0,validation_labels,2326.0,181536.0,2326.0,181514.0,False,False,False,0.005674271174249482,0.5063940810034517,0.012037833190025795,0.012037833190025795,0.4466665938262607,0.5533334061737393,warning_inverse_association,report_only_no_silent_inversion,23.831265458997223,0.46568071100045927,35.15672297400306,1701.125,1366.0,2621.33349609375,2694.0,-9.808767318725586,3439.675537109375,{},raw/DGraphFin__OCGNN__seed44__1f934d831eef281edd3b106b.json,
5b024914-10a4-42c1-b0f5-8ff6745cf7ce,a8da4290fcd396d896619c32,391f2600f2d3a2c472f802767b5b7612c048e73ddfc3d03efea91a9416d5f7cf,ac10847c4f361dd494316905ff28e356c6f7cff17a7b12668d1b791c03811055,c4b03f9607545b9e6f71366f24a4fa17b98ad1c32b0a3354a42cf6d57ae275c3,DGraphFin,DGraphFin,real_labels_official_random_split,round5_new,OCGNN,OCGNN,pygod.detector.ocgnn.OCGNN,45,50,50,False,,sparse_fused,not_applicable_native_objective,True,False,False,False,1225601,746271,success,,,official_random_70_15_15,0.0,0.5527496080047681,0.014105887404300984,0.031058062911848813,-7.102899551391602,0.031058062911848813,-7.102899551391602,0.5818276751041542,0.015991498514800778,0.5369733447979363,0.025677143272023233,0.5567812392092417,,,,0.006448839208942391,0.006448839208942391,0.006448839208942391,2326.0,validation_labels,2326.0,181536.0,2326.0,181514.0,False,False,False,0.025677143272023233,0.5567812392092417,0.006448839208942391,0.006448839208942391,0.5527496080047681,0.4472503919952319,expected_direction,report_only_no_silent_inversion,24.06517646899738,0.46341284999653,32.34304705999966,1981.34375,3393.0,2621.33349609375,2694.0,-12.485404014587402,3377.982177734375,{},raw/DGraphFin__OCGNN__seed45__a8da4290fcd396d896619c32.json,
77b3c388-4582-4f64-aaba-10e3d00a76ae,804fedd4ce1ed5eecc349a18,391f2600f2d3a2c472f802767b5b7612c048e73ddfc3d03efea91a9416d5f7cf,ac10847c4f361dd494316905ff28e356c6f7cff17a7b12668d1b791c03811055,c4b03f9607545b9e6f71366f24a4fa17b98ad1c32b0a3354a42cf6d57ae275c3,DGraphFin,DGraphFin,real_labels_official_random_split,round5_new,OCGNN,OCGNN,pygod.detector.ocgnn.OCGNN,46,50,50,False,,sparse_fused,not_applicable_native_objective,True,False,False,False,1225601,746271,success,,,official_random_70_15_15,0.0,0.5529973368360142,0.014605436044721698,0.032976523855636104,-6.296457290649414,0.0329117294634536,-6.227046966552734,0.839754816112084,0.017542365664651283,0.2656921754084265,0.021301927324666892,0.5375063342967625,,,,0.007738607050730868,0.007738607050730868,0.007738607050730868,2326.0,validation_labels,2326.0,181536.0,2326.0,181514.0,False,False,False,0.021301927324666892,0.5375063342967625,0.007738607050730868,0.007738607050730868,0.5529973368360142,0.44700266316398585,expected_direction,report_only_no_silent_inversion,23.644968378997874,0.4659712100037723,29.01796203500271,1987.45703125,3399.0,2621.33349609375,2694.0,-14.167806625366211,2877.216796875,{},raw/DGraphFin__OCGNN__seed46__804fedd4ce1ed5eecc349a18.json,
b493f53b-a256-4c4b-9f2d-50d7ba74d074,25080c0156895cf84abb72b6,391f2600f2d3a2c472f802767b5b7612c048e73ddfc3d03efea91a9416d5f7cf,ac10847c4f361dd494316905ff28e356c6f7cff17a7b12668d1b791c03811055,c4b03f9607545b9e6f71366f24a4fa17b98ad1c32b0a3354a42cf6d57ae275c3,Elliptic,Elliptic,real_illicit_labels_unknown_excluded,round5_new,AnomalyDAE,AnomalyDAE,gog_fraud.models.pygod.shared_reconstruction.SharedAnomalyDAE,42,50,50,False,,none,chunked_exact,True,False,False,False,46564,83188,success,,,stratified_node_transductive,0.0,0.1184666527843884,0.05283092351527936,0.17782647830000392,55.42707824707031,0.17781951944900995,55.3333625793457,4.2951636457349025e-05,0.09758611803109699,1.0,0.0,0.5,,,,0.007480748074807481,0.007479102507699076,0.007482394366197183,2273.0,validation_labels,2273.0,21009.0,2272.0,21010.0,False,False,False,0.0,0.5,0.007479102507699076,0.007482394366197183,0.1184666527843884,0.8815333472156116,warning_inverse_association,report_only_no_silent_inversion,112.90082697999969,0.5446598490016186,115.61243699799888,1412.421875,1544.0,687.04248046875,834.0,55.3333625793457,372.22625732421875,"{'name': 'pyg_coo_reference', 'score_chunk_size': 256, 'reconstruction_backend': 'chunked_exact', 'dense_materialized': False, 'training_full_graph': True, 'shared_model': True, 'approximation_used': False, 'normalized_adjacency_cached': False, 'message_backend': 'pyg_coo_reference', 'edge_expanded_messages': True, 'full_graph': True, 'gradient_checkpointing': False}",raw/Elliptic__AnomalyDAE__seed42__25080c0156895cf84abb72b6.json,
fbf63ea6-a49f-4e53-bf7e-664bb854cf36,42ad334595c6985f1528ee9c,391f2600f2d3a2c472f802767b5b7612c048e73ddfc3d03efea91a9416d5f7cf,ac10847c4f361dd494316905ff28e356c6f7cff17a7b12668d1b791c03811055,c4b03f9607545b9e6f71366f24a4fa17b98ad1c32b0a3354a42cf6d57ae275c3,Elliptic,Elliptic,real_illicit_labels_unknown_excluded,round5_new,AnomalyDAE,AnomalyDAE,gog_fraud.models.pygod.shared_reconstruction.SharedAnomalyDAE,43,50,50,False,,none,chunked_exact,True,False,False,False,46564,83188,success,,,stratified_node_transductive,0.0,0.10737995320806323,0.05253043640792615,0.17781951944900992,53.06980514526367,0.17774820960356905,53.114864349365234,8.590327291469805e-05,0.09754735621322108,0.9995598591549296,-0.019930034352011287,0.4997799295774648,,,,0.0070407040704070405,0.007039155301363837,0.007042253521126761,2273.0,validation_labels,2273.0,21009.0,2272.0,21010.0,False,False,False,-0.019930034352011287,0.4997799295774648,0.007039155301363837,0.007042253521126761,0.10737995320806323,0.8926200467919367,warning_inverse_association,report_only_no_silent_inversion,115.15373389700108,0.6253828090011666,117.78491927999858,1401.3125,1544.0,687.04248046875,834.0,53.06980514526367,350.5111083984375,"{'name': 'pyg_coo_reference', 'score_chunk_size': 256, 'reconstruction_backend': 'chunked_exact', 'dense_materialized': False, 'training_full_graph': True, 'shared_model': True, 'approximation_used': False, 'normalized_adjacency_cached': False, 'message_backend': 'pyg_coo_reference', 'edge_expanded_messages': True, 'full_graph': True, 'gradient_checkpointing': False}",raw/Elliptic__AnomalyDAE__seed43__42ad334595c6985f1528ee9c.json,
3a36f218-57c7-4939-862a-7088129c93a6,ad65e8a81406d7079f60b933,391f2600f2d3a2c472f802767b5b7612c048e73ddfc3d03efea91a9416d5f7cf,ac10847c4f361dd494316905ff28e356c6f7cff17a7b12668d1b791c03811055,c4b03f9607545b9e6f71366f24a4fa17b98ad1c32b0a3354a42cf6d57ae275c3,Elliptic,Elliptic,real_illicit_labels_unknown_excluded,round5_new,AnomalyDAE,AnomalyDAE,gog_fraud.models.pygod.shared_reconstruction.SharedAnomalyDAE,44,50,50,False,,none,chunked_exact,True,False,False,False,46564,83188,success,,,stratified_node_transductive,0.0,0.1770603870725543,0.05745696555440237,0.17783343769567939,50.4134407043457,0.17769775725077303,50.48014831542969,8.590327291469805e-05,0.09752115822485716,0.9991197183098591,-0.01493572529062724,0.49963125372894196,,,,0.028602860286028604,0.028596568411790584,0.028609154929577465,2273.0,validation_labels,2273.0,21009.0,2272.0,21010.0,False,False,False,-0.01493572529062724,0.49963125372894196,0.028596568411790584,0.028609154929577465,0.1770603870725543,0.8229396129274456,warning_inverse_association,report_only_no_silent_inversion,112.3871235000006,0.5365665589997661,113.80582137500096,1413.55859375,1544.0,687.04248046875,834.0,50.33525848388672,337.5805969238281,"{'name': 'pyg_coo_reference', 'score_chunk_size': 256, 'reconstruction_backend': 'chunked_exact', 'dense_materialized': False, 'training_full_graph': True, 'shared_model': True, 'approximation_used': False, 'normalized_adjacency_cached': False, 'message_backend': 'pyg_coo_reference', 'edge_expanded_messages': True, 'full_graph': True, 'gradient_checkpointing': False}",raw/Elliptic__AnomalyDAE__seed44__ad65e8a81406d7079f60b933.json,
e2af8377-b6ad-45f3-85ac-d6d17d993af9,fc4c1deb68b78b364a5ef6a6,391f2600f2d3a2c472f802767b5b7612c048e73ddfc3d03efea91a9416d5f7cf,ac10847c4f361dd494316905ff28e356c6f7cff17a7b12668d1b791c03811055,c4b03f9607545b9e6f71366f24a4fa17b98ad1c32b0a3354a42cf6d57ae275c3,Elliptic,Elliptic,real_illicit_labels_unknown_excluded,round5_new,AnomalyDAE,AnomalyDAE,gog_fraud.models.pygod.shared_reconstruction.SharedAnomalyDAE,45,50,50,False,,none,chunked_exact,True,False,False,False,46564,83188,success,,,stratified_node_transductive,0.0,0.12711291247458797,0.053159438096225205,0.17789778508257023,54.41250991821289,0.177890823713559,54.343624114990234,8.590327291469805e-05,0.09762906966755433,1.0,0.0,0.5,,,,0.0039603960396039604,0.003961267605633803,0.003959524857017158,2272.0,validation_labels,2272.0,21010.0,2273.0,21009.0,False,False,False,0.0,0.5,0.003961267605633803,0.003959524857017158,0.12711291247458797,0.872887087525412,warning_inverse_association,report_only_no_silent_inversion,114.1616597559987,0.584532411001419,116.81969500700143,1398.5234375,1544.0,687.04248046875,834.0,54.3114013671875,349.23431396484375,"{'name': 'pyg_coo_reference', 'score_chunk_size': 256, 'reconstruction_backend': 'chunked_exact', 'dense_materialized': False, 'training_full_graph': True, 'shared_model': True, 'approximation_used': False, 'normalized_adjacency_cached': False, 'message_backend': 'pyg_coo_reference', 'edge_expanded_messages': True, 'full_graph': True, 'gradient_checkpointing': False}",raw/Elliptic__AnomalyDAE__seed45__fc4c1deb68b78b364a5ef6a6.json,
728397ae-b072-4fc3-84aa-1a44a075504d,804a330408a1d669a78249b3,391f2600f2d3a2c472f802767b5b7612c048e73ddfc3d03efea91a9416d5f7cf,ac10847c4f361dd494316905ff28e356c6f7cff17a7b12668d1b791c03811055,c4b03f9607545b9e6f71366f24a4fa17b98ad1c32b0a3354a42cf6d57ae275c3,Elliptic,Elliptic,real_illicit_labels_unknown_excluded,round5_new,AnomalyDAE,AnomalyDAE,gog_fraud.models.pygod.shared_reconstruction.SharedAnomalyDAE,46,50,50,False,,none,chunked_exact,True,False,False,False,46564,83188,success,,,stratified_node_transductive,0.0,0.117769745968339,0.05285888893004587,0.17791170945522855,55.583091735839844,0.17789778508257023,55.50446701049805,0.00012885490937204706,0.09763326317598041,1.0,0.0021557391647354816,0.5000237993240992,,,,0.004840484048404841,0.0048415492957746475,0.004839419269687638,2272.0,validation_labels,2272.0,21010.0,2273.0,21009.0,False,False,False,0.0021557391647354816,0.5000237993240992,0.0048415492957746475,0.004839419269687638,0.117769745968339,0.882230254031661,warning_inverse_association,report_only_no_silent_inversion,112.15621702600038,0.5341670840025472,114.9246585380024,1411.5859375,1544.0,687.04248046875,834.0,55.445159912109375,341.0467224121094,"{'name': 'pyg_coo_reference', 'score_chunk_size': 256, 'reconstruction_backend': 'chunked_exact', 'dense_materialized': False, 'training_full_graph': True, 'shared_model': True, 'approximation_used': False, 'normalized_adjacency_cached': False, 'message_backend': 'pyg_coo_reference', 'edge_expanded_messages': True, 'full_graph': True, 'gradient_checkpointing': False}",raw/Elliptic__AnomalyDAE__seed46__804a330408a1d669a78249b3.json,
d7f6dc0e-13eb-49d7-8715-261245472d8e,3640bd8f1557b017f0daa2ee,391f2600f2d3a2c472f802767b5b7612c048e73ddfc3d03efea91a9416d5f7cf,ac10847c4f361dd494316905ff28e356c6f7cff17a7b12668d1b791c03811055,c4b03f9607545b9e6f71366f24a4fa17b98ad1c32b0a3354a42cf6d57ae275c3,Elliptic,Elliptic,real_illicit_labels_unknown_excluded,round5_new,CONAD,CONAD,gog_fraud.models.pygod.shared_reconstruction.SharedCONAD,42,50,50,False,,sparse_fused,exact_sparse,True,False,False,False,46564,83188,success,,,stratified_node_transductive,0.0,0.40433023384236877,0.07437174641889979,0.1909110676233964,9.143509864807129,0.19062486448983132,9.023054122924805,0.10909715660166652,0.1057289912934725,0.9674295774647887,0.07923853380152006,0.5412826135777061,,,,0.03212321232123212,0.032116146062472505,0.032130281690140844,2273.0,validation_labels,2273.0,21009.0,2272.0,21010.0,False,False,False,0.07923853380152006,0.5412826135777061,0.032116146062472505,0.032130281690140844,0.40433023384236877,0.5956697661576311,warning_inverse_association,report_only_no_silent_inversion,2.606200506997993,0.019636984998214757,4.758955763998529,1432.45703125,1332.0,516.892578125,622.0,3.451063632965088,1544.9261474609375,"{'name': 'sparse_fused', 'score_chunk_size': 8192, 'reconstruction_backend': 'exact_sparse', 'dense_materialized': False, 'training_full_graph': True, 'shared_model': True, 'approximation_used': False, 'normalized_adjacency_cached': True, 'message_backend': 'sparse_fused', 'edge_expanded_messages': False, 'full_graph': True, 'gradient_checkpointing': False}",raw/Elliptic__CONAD__seed42__3640bd8f1557b017f0daa2ee.json,
9346beb1-851e-4ccb-bb12-95752491f1eb,8a697625d7ae3fad8de3f769,391f2600f2d3a2c472f802767b5b7612c048e73ddfc3d03efea91a9416d5f7cf,ac10847c4f361dd494316905ff28e356c6f7cff17a7b12668d1b791c03811055,c4b03f9607545b9e6f71366f24a4fa17b98ad1c32b0a3354a42cf6d57ae275c3,Elliptic,Elliptic,real_illicit_labels_unknown_excluded,round5_new,CONAD,CONAD,gog_fraud.models.pygod.shared_reconstruction.SharedCONAD,43,50,50,False,,sparse_fused,exact_sparse,True,False,False,False,46564,83188,success,,,stratified_node_transductive,0.0,0.3267248137204952,0.06654162793485668,0.18009212898057284,7.00385046005249,0.18004807692307692,7.009434700012207,0.024568336053603642,0.09903913963328632,0.9889964788732394,0.03026077528238337,0.5080394103076334,,,,0.025082508250825083,0.025076990761108666,0.025088028169014086,2273.0,validation_labels,2273.0,21009.0,2272.0,21010.0,False,False,False,0.03026077528238337,0.5080394103076334,0.025076990761108666,0.025088028169014086,0.3267248137204952,0.6732751862795047,warning_inverse_association,report_only_no_silent_inversion,2.5919662970009085,0.018716239999776008,4.366398748999927,1435.765625,1362.0,516.875,652.0,3.4630236625671387,541.8391723632812,"{'name': 'sparse_fused', 'score_chunk_size': 8192, 'reconstruction_backend': 'exact_sparse', 'dense_materialized': False, 'training_full_graph': True, 'shared_model': True, 'approximation_used': False, 'normalized_adjacency_cached': True, 'message_backend': 'sparse_fused', 'edge_expanded_messages': False, 'full_graph': True, 'gradient_checkpointing': False}",raw/Elliptic__CONAD__seed43__8a697625d7ae3fad8de3f769.json,
19687dff-6cba-4b76-9691-a6ca51c5de8f,dbdeb7872b6e44023487c64f,391f2600f2d3a2c472f802767b5b7612c048e73ddfc3d03efea91a9416d5f7cf,ac10847c4f361dd494316905ff28e356c6f7cff17a7b12668d1b791c03811055,c4b03f9607545b9e6f71366f24a4fa17b98ad1c32b0a3354a42cf6d57ae275c3,Elliptic,Elliptic,real_illicit_labels_unknown_excluded,round5_new,CONAD,CONAD,gog_fraud.models.pygod.shared_reconstruction.SharedCONAD,44,50,50,False,,sparse_fused,exact_sparse,True,False,False,False,46564,83188,success,,,stratified_node_transductive,0.0,0.29175199938325813,0.06336101290857284,0.17894570955795444,8.613153457641602,0.17893865973289208,8.588253021240234,0.008633278927927155,0.09826489550430531,0.9995598591549296,0.026591438369436043,0.5038256221048327,,,,0.022442244224422443,0.02243730752309723,0.02244718309859155,2273.0,validation_labels,2273.0,21009.0,2272.0,21010.0,False,False,False,0.026591438369436043,0.5038256221048327,0.02243730752309723,0.02244718309859155,0.29175199938325813,0.708248000616742,warning_inverse_association,report_only_no_silent_inversion,2.400949953000236,0.020634897002310026,3.239885917999345,1430.6015625,1332.0,517.6826171875,622.0,4.7187724113464355,965.8025512695312,"{'name': 'sparse_fused', 'score_chunk_size': 8192, 'reconstruction_backend': 'exact_sparse', 'dense_materialized': False, 'training_full_graph': True, 'shared_model': True, 'approximation_used': False, 'normalized_adjacency_cached': True, 'message_backend': 'sparse_fused', 'edge_expanded_messages': False, 'full_graph': True, 'gradient_checkpointing': False}",raw/Elliptic__CONAD__seed44__dbdeb7872b6e44023487c64f.json,
059bea04-8185-46ff-888c-dfda8538b3b2,91c9574fd2728c234607458b,391f2600f2d3a2c472f802767b5b7612c048e73ddfc3d03efea91a9416d5f7cf,ac10847c4f361dd494316905ff28e356c6f7cff17a7b12668d1b791c03811055,c4b03f9607545b9e6f71366f24a4fa17b98ad1c32b0a3354a42cf6d57ae275c3,Elliptic,Elliptic,real_illicit_labels_unknown_excluded,round5_new,CONAD,CONAD,gog_fraud.models.pygod.shared_reconstruction.SharedCONAD,45,50,50,False,,sparse_fused,exact_sparse,True,False,False,False,46564,83188,success,,,stratified_node_transductive,0.0,0.3509940861454282,0.06864788388640544,0.18353785315341026,7.160484313964844,0.1834473769957641,7.128057479858398,0.04046044154282278,0.10108173616410072,0.99076110866696,0.054823895033100825,0.51875149059889,,,,0.019801980198019802,0.019806338028169015,0.019797624285085788,2272.0,validation_labels,2272.0,21010.0,2273.0,21009.0,False,False,False,0.054823895033100825,0.51875149059889,0.019806338028169015,0.019797624285085788,0.3509940861454282,0.6490059138545717,warning_inverse_association,report_only_no_silent_inversion,2.566696467998554,0.01889769899935345,4.585059037999599,1445.6015625,1340.0,517.58056640625,630.0,3.4593214988708496,890.5651245117188,"{'name': 'sparse_fused', 'score_chunk_size': 8192, 'reconstruction_backend': 'exact_sparse', 'dense_materialized': False, 'training_full_graph': True, 'shared_model': True, 'approximation_used': False, 'normalized_adjacency_cached': True, 'message_backend': 'sparse_fused', 'edge_expanded_messages': False, 'full_graph': True, 'gradient_checkpointing': False}",raw/Elliptic__CONAD__seed45__91c9574fd2728c234607458b.json,
2f787434-fd16-424e-b7f0-766bd880206e,04afdbca02593e211e16e315,391f2600f2d3a2c472f802767b5b7612c048e73ddfc3d03efea91a9416d5f7cf,ac10847c4f361dd494316905ff28e356c6f7cff17a7b12668d1b791c03811055,c4b03f9607545b9e6f71366f24a4fa17b98ad1c32b0a3354a42cf6d57ae275c3,Elliptic,Elliptic,real_illicit_labels_unknown_excluded,round5_new,CONAD,CONAD,gog_fraud.models.pygod.shared_reconstruction.SharedCONAD,46,50,50,False,,sparse_fused,exact_sparse,True,False,False,False,46564,83188,success,,,stratified_node_transductive,0.0,0.34215896662727474,0.06792981992226517,0.19207620697120587,10.203231811523438,0.19203807875378623,10.181713104248047,0.10398591186324199,0.10649325718673514,0.9762428508578971,0.08718363562686131,0.5450256093501252,,,,0.023322332233223324,0.023327464788732395,0.02331720193576771,2272.0,validation_labels,2272.0,21010.0,2273.0,21009.0,False,False,False,0.08718363562686131,0.5450256093501252,0.023327464788732395,0.02331720193576771,0.34215896662727474,0.6578410333727251,warning_inverse_association,report_only_no_silent_inversion,2.600417172001471,0.018931064998469083,4.4105685190006625,1465.17578125,1362.0,516.89599609375,652.0,3.656250476837158,746.09814453125,"{'name': 'sparse_fused', 'score_chunk_size': 8192, 'reconstruction_backend': 'exact_sparse', 'dense_materialized': False, 'training_full_graph': True, 'shared_model': True, 'approximation_used': False, 'normalized_adjacency_cached': True, 'message_backend': 'sparse_fused', 'edge_expanded_messages': False, 'full_graph': True, 'gradient_checkpointing': False}",raw/Elliptic__CONAD__seed46__04afdbca02593e211e16e315.json,
345c74ad-5004-4e60-8071-66ffce98120d,58388327df07e0353e3434d6,391f2600f2d3a2c472f802767b5b7612c048e73ddfc3d03efea91a9416d5f7cf,ac10847c4f361dd494316905ff28e356c6f7cff17a7b12668d1b791c03811055,c4b03f9607545b9e6f71366f24a4fa17b98ad1c32b0a3354a42cf6d57ae275c3,Elliptic,Elliptic,real_illicit_labels_unknown_excluded,round5_new,CoLA,CoLA,pygod.detector.cola.CoLA,42,50,50,False,,sparse_fused,not_applicable_native_objective,True,False,False,False,46564,83188,success,,,stratified_node_transductive,0.0,0.49512407321128105,0.09593223784195459,0.17868548673264203,-19.188264846801758,0.1783625730994152,-17.674280166625977,0.010780860750794605,0.09797707935405452,0.9933978873239436,0.012748904625120726,0.5021963258609247,,,,0.09460946094609461,0.09458864936207655,0.09463028169014084,2273.0,validation_labels,2273.0,21009.0,2272.0,21010.0,False,False,False,0.012748904625120726,0.5021963258609247,0.09458864936207655,0.09463028169014084,0.49512407321128105,0.504875926788719,expected_direction,report_only_no_silent_inversion,1.7928282899993064,0.028868181998404907,2.6353115040001285,1468.578125,1016.0,257.82568359375,306.0,-1138.3284912109375,47.57343292236328,{},raw/Elliptic__CoLA__seed42__58388327df07e0353e3434d6.json,
2a68fc5c-ff7e-4403-a236-b2ef26b5f859,93e7bdf57d00cf98210e3abc,391f2600f2d3a2c472f802767b5b7612c048e73ddfc3d03efea91a9416d5f7cf,ac10847c4f361dd494316905ff28e356c6f7cff17a7b12668d1b791c03811055,c4b03f9607545b9e6f71366f24a4fa17b98ad1c32b0a3354a42cf6d57ae275c3,Elliptic,Elliptic,real_illicit_labels_unknown_excluded,round5_new,CoLA,CoLA,pygod.detector.cola.CoLA,43,50,50,False,,sparse_fused,not_applicable_native_objective,True,False,False,False,46564,83188,success,,,stratified_node_transductive,0.0,0.4842611520503315,0.09348203262700625,0.17859110586383317,-24.048320770263672,0.17855177293812408,-26.403091430664062,0.005326002920711279,0.09803159803159803,0.9995598591549296,0.021214257597763277,0.5025167215812725,,,,0.09020902090209021,0.09018917729872415,0.09022887323943662,2273.0,validation_labels,2273.0,21009.0,2272.0,21010.0,False,False,False,0.021214257597763277,0.5025167215812725,0.09018917729872415,0.09022887323943662,0.4842611520503315,0.5157388479496685,expected_direction,report_only_no_silent_inversion,1.7629169809988525,0.02458827900045435,3.9166827030021523,1476.76171875,1016.0,257.82568359375,306.0,-955.69677734375,35.285888671875,{},raw/Elliptic__CoLA__seed43__93e7bdf57d00cf98210e3abc.json,
cd3dffd7-a596-4b1c-91f3-b09e54224211,3d70d052e1b342a247d95e6d,391f2600f2d3a2c472f802767b5b7612c048e73ddfc3d03efea91a9416d5f7cf,ac10847c4f361dd494316905ff28e356c6f7cff17a7b12668d1b791c03811055,c4b03f9607545b9e6f71366f24a4fa17b98ad1c32b0a3354a42cf6d57ae275c3,Elliptic,Elliptic,real_illicit_labels_unknown_excluded,round5_new,CoLA,CoLA,pygod.detector.cola.CoLA,44,50,50,False,,sparse_fused,not_applicable_native_objective,True,False,False,False,46564,83188,success,,,stratified_node_transductive,0.0,0.4812688960991077,0.09200436532387529,0.17822094352264217,-19.51761245727539,0.17784464328133662,-16.684097290039062,0.011253328751825444,0.09771165056991211,0.988556338028169,0.003727736903293265,0.5007036806751982,,,,0.07788778877887789,0.07787065552133744,0.07790492957746478,2273.0,validation_labels,2273.0,21009.0,2272.0,21010.0,False,False,False,0.003727736903293265,0.5007036806751982,0.07787065552133744,0.07790492957746478,0.4812688960991077,0.5187311039008922,expected_direction,report_only_no_silent_inversion,1.9047222299996065,0.027460641002107877,4.066753184000845,1473.50390625,1016.0,257.82568359375,306.0,-5912.7275390625,30.274433135986328,{},raw/Elliptic__CoLA__seed44__3d70d052e1b342a247d95e6d.json,
ec06ecb8-8e45-4904-9571-2b55c66dbfce,a92a2fb59381f393315cebbc,391f2600f2d3a2c472f802767b5b7612c048e73ddfc3d03efea91a9416d5f7cf,ac10847c4f361dd494316905ff28e356c6f7cff17a7b12668d1b791c03811055,c4b03f9607545b9e6f71366f24a4fa17b98ad1c32b0a3354a42cf6d57ae275c3,Elliptic,Elliptic,real_illicit_labels_unknown_excluded,round5_new,CoLA,CoLA,pygod.detector.cola.CoLA,45,50,50,False,,sparse_fused,not_applicable_native_objective,True,False,False,False,46564,83188,success,,,stratified_node_transductive,0.0,0.5007623531841894,0.0980390705832569,0.1783449525385009,-19.598337173461914,0.1779784102060844,-24.417470932006836,0.004037453826990808,0.09770709421601587,0.9973603167619886,0.004476791397254312,0.5004413083643348,,,,0.0968096809680968,0.09683098591549295,0.09678838539375274,2272.0,validation_labels,2272.0,21010.0,2273.0,21009.0,False,False,False,0.004476791397254312,0.5004413083643348,0.09683098591549295,0.09678838539375274,0.5007623531841894,0.4992376468158106,expected_direction,report_only_no_silent_inversion,1.7334154800009856,0.028466271000070265,2.631244558000617,1455.3671875,1016.0,257.82568359375,306.0,-2185.39404296875,214.22950744628906,{},raw/Elliptic__CoLA__seed45__a92a2fb59381f393315cebbc.json,
c514801a-2635-41ad-8b30-9ef214f03c78,7d6b0c95907ab5fdbedabf85,391f2600f2d3a2c472f802767b5b7612c048e73ddfc3d03efea91a9416d5f7cf,ac10847c4f361dd494316905ff28e356c6f7cff17a7b12668d1b791c03811055,c4b03f9607545b9e6f71366f24a4fa17b98ad1c32b0a3354a42cf6d57ae275c3,Elliptic,Elliptic,real_illicit_labels_unknown_excluded,round5_new,CoLA,CoLA,pygod.detector.cola.CoLA,46,50,50,False,,sparse_fused,not_applicable_native_objective,True,False,False,False,46564,83188,success,,,stratified_node_transductive,0.0,0.47740859892091164,0.09379341379482102,0.17856576233539587,-16.060209274291992,0.17834092258958623,-16.717422485351562,0.013400910574692896,0.09798973109389958,0.99076110866696,0.01063532718822749,0.5020205657571556,,,,0.09548954895489549,0.09551056338028169,0.09546854377474703,2272.0,validation_labels,2272.0,21010.0,2273.0,21009.0,False,False,False,0.01063532718822749,0.5020205657571556,0.09551056338028169,0.09546854377474703,0.47740859892091164,0.5225914010790884,expected_direction,report_only_no_silent_inversion,1.7485312300013902,0.025901791999785928,3.807080419999693,1489.734375,1016.0,257.82568359375,306.0,-3627.8623046875,33.04651641845703,{},raw/Elliptic__CoLA__seed46__7d6b0c95907ab5fdbedabf85.json,
ffa8454a-4589-4661-b281-1a319163649b,a86b95a7d26c16f0d4edce88,391f2600f2d3a2c472f802767b5b7612c048e73ddfc3d03efea91a9416d5f7cf,ac10847c4f361dd494316905ff28e356c6f7cff17a7b12668d1b791c03811055,c4b03f9607545b9e6f71366f24a4fa17b98ad1c32b0a3354a42cf6d57ae275c3,Elliptic,Elliptic,real_illicit_labels_unknown_excluded,round5_new,DLG-Aug,DLG,gog_fraud.models.pygod.shared_reconstruction.SharedDLGFull,42,50,50,False,,sparse_fused,exact_sparse,True,False,False,False,46564,83188,success,,,stratified_node_transductive,0.0,0.5874315383016806,0.1080458546425486,0.23361278343554828,16.75562286376953,0.23347697129106273,16.640968322753906,0.329310196718495,0.13374366865422838,0.9181338028169014,0.17358040536690786,0.6375295382480509,,,,0.07700770077007701,0.07699076110866696,0.07702464788732394,2273.0,validation_labels,2273.0,21009.0,2272.0,21010.0,False,False,False,0.17358040536690786,0.6375295382480509,0.07699076110866696,0.07702464788732394,0.5874315383016806,0.4125684616983194,expected_direction,report_only_no_silent_inversion,1.9360812240011,0.019777282999712043,3.8820497559972864,1410.1015625,1182.0,398.22998046875,472.0,4.2654128074646,546.9443969726562,"{'name': 'sparse_fused', 'score_chunk_size': 8192, 'reconstruction_backend': 'exact_sparse', 'dense_materialized': False, 'training_full_graph': True, 'shared_model': True, 'approximation_used': False, 'normalized_adjacency_cached': True, 'message_backend': 'sparse_fused', 'edge_expanded_messages': False, 'full_graph': True, 'gradient_checkpointing': False}",raw/Elliptic__DLG-Aug__seed42__a86b95a7d26c16f0d4edce88.json,
babe5d3b-637c-49d8-a710-9aba478d08e2,f6592c6f4592da326ddd5d57,391f2600f2d3a2c472f802767b5b7612c048e73ddfc3d03efea91a9416d5f7cf,ac10847c4f361dd494316905ff28e356c6f7cff17a7b12668d1b791c03811055,c4b03f9607545b9e6f71366f24a4fa17b98ad1c32b0a3354a42cf6d57ae275c3,Elliptic,Elliptic,real_illicit_labels_unknown_excluded,round5_new,DLG-Aug,DLG,gog_fraud.models.pygod.shared_reconstruction.SharedDLGFull,43,50,50,False,,sparse_fused,exact_sparse,True,False,False,False,46564,83188,success,,,stratified_node_transductive,0.0,0.5459388679770196,0.09949103282927793,0.2060094565051604,11.37456226348877,0.20448281241874253,11.773974418640137,0.2791426853363113,0.11594031963201037,0.8653169014084507,0.1012704728963174,0.5758997643643872,,,,0.07876787678767877,0.07875054993400792,0.07878521126760564,2273.0,validation_labels,2273.0,21009.0,2272.0,21010.0,False,False,False,0.1012704728963174,0.5758997643643872,0.07875054993400792,0.07878521126760564,0.5459388679770196,0.4540611320229804,expected_direction,report_only_no_silent_inversion,1.9653495480015408,0.019708405998244416,4.02135812400229,1408.671875,1182.0,398.22998046875,472.0,3.545027256011963,321.7043762207031,"{'name': 'sparse_fused', 'score_chunk_size': 8192, 'reconstruction_backend': 'exact_sparse', 'dense_materialized': False, 'training_full_graph': True, 'shared_model': True, 'approximation_used': False, 'normalized_adjacency_cached': True, 'message_backend': 'sparse_fused', 'edge_expanded_messages': False, 'full_graph': True, 'gradient_checkpointing': False}",raw/Elliptic__DLG-Aug__seed43__f6592c6f4592da326ddd5d57.json,
9d5796dc-33e3-4747-95a6-3f68ec0b6676,33e923ae2e38e9af864e6be6,391f2600f2d3a2c472f802767b5b7612c048e73ddfc3d03efea91a9416d5f7cf,ac10847c4f361dd494316905ff28e356c6f7cff17a7b12668d1b791c03811055,c4b03f9607545b9e6f71366f24a4fa17b98ad1c32b0a3354a42cf6d57ae275c3,Elliptic,Elliptic,real_illicit_labels_unknown_excluded,round5_new,DLG-Aug,DLG,gog_fraud.models.pygod.shared_reconstruction.SharedDLGFull,44,50,50,False,,sparse_fused,exact_sparse,True,False,False,False,46564,83188,success,,,stratified_node_transductive,0.0,0.5408927087034343,0.09766265871520141,0.21423030034356647,11.536396980285645,0.2129767211490837,11.444596290588379,0.3244137101623572,0.12170576765834329,0.8516725352112676,0.11927311465055927,0.5935183237693653,,,,0.07172717271727173,0.07171139463264409,0.07174295774647887,2273.0,validation_labels,2273.0,21009.0,2272.0,21010.0,False,False,False,0.11927311465055927,0.5935183237693653,0.07171139463264409,0.07174295774647887,0.5408927087034343,0.4591072912965657,expected_direction,report_only_no_silent_inversion,1.9601196730000083,0.019384758998057805,3.9614707629989425,1410.15234375,1182.0,398.22998046875,472.0,4.034964084625244,1102.7567138671875,"{'name': 'sparse_fused', 'score_chunk_size': 8192, 'reconstruction_backend': 'exact_sparse', 'dense_materialized': False, 'training_full_graph': True, 'shared_model': True, 'approximation_used': False, 'normalized_adjacency_cached': True, 'message_backend': 'sparse_fused', 'edge_expanded_messages': False, 'full_graph': True, 'gradient_checkpointing': False}",raw/Elliptic__DLG-Aug__seed44__33e923ae2e38e9af864e6be6.json,
7c50f388-aa94-47fb-87b7-1774b434e8d3,b11d7d02bad1e744b7c49bd8,391f2600f2d3a2c472f802767b5b7612c048e73ddfc3d03efea91a9416d5f7cf,ac10847c4f361dd494316905ff28e356c6f7cff17a7b12668d1b791c03811055,c4b03f9607545b9e6f71366f24a4fa17b98ad1c32b0a3354a42cf6d57ae275c3,Elliptic,Elliptic,real_illicit_labels_unknown_excluded,round5_new,DLG-Aug,DLG,gog_fraud.models.pygod.shared_reconstruction.SharedDLGFull,45,50,50,False,,sparse_fused,exact_sparse,True,False,False,False,46564,83188,success,,,stratified_node_transductive,0.0,0.5970419481881699,0.1077823909356597,0.24679449476532173,18.996423721313477,0.24592804725255057,19.350017547607422,0.3758697706382613,0.1422556598564329,0.9067311922569292,0.1929845622919265,0.6576113955477612,,,,0.06028602860286029,0.06029929577464789,0.06027276726792785,2272.0,validation_labels,2272.0,21010.0,2273.0,21009.0,False,False,False,0.1929845622919265,0.6576113955477612,0.06029929577464789,0.06027276726792785,0.5970419481881699,0.4029580518118301,expected_direction,report_only_no_silent_inversion,1.9347640499981935,0.01897214999917196,3.9971345999983896,1411.73046875,1182.0,398.22998046875,472.0,4.368150234222412,1292.6768798828125,"{'name': 'sparse_fused', 'score_chunk_size': 8192, 'reconstruction_backend': 'exact_sparse', 'dense_materialized': False, 'training_full_graph': True, 'shared_model': True, 'approximation_used': False, 'normalized_adjacency_cached': True, 'message_backend': 'sparse_fused', 'edge_expanded_messages': False, 'full_graph': True, 'gradient_checkpointing': False}",raw/Elliptic__DLG-Aug__seed45__b11d7d02bad1e744b7c49bd8.json,
04a77f8a-ba5b-4012-b0c0-b97531dea84f,c5106c938d1eb2910cc2f074,391f2600f2d3a2c472f802767b5b7612c048e73ddfc3d03efea91a9416d5f7cf,ac10847c4f361dd494316905ff28e356c6f7cff17a7b12668d1b791c03811055,c4b03f9607545b9e6f71366f24a4fa17b98ad1c32b0a3354a42cf6d57ae275c3,Elliptic,Elliptic,real_illicit_labels_unknown_excluded,round5_new,DLG-Aug,DLG,gog_fraud.models.pygod.shared_reconstruction.SharedDLGFull,46,50,50,False,,sparse_fused,exact_sparse,True,False,False,False,46564,83188,success,,,stratified_node_transductive,0.0,0.5813454091920507,0.1052852538462892,0.22326873150999216,15.961605072021484,0.22281618272384887,16.04986000061035,0.38239841937977836,0.1292550567340898,0.8068631764188298,0.13310190285917142,0.6093909389638534,,,,0.0594059405940594,0.05941901408450704,0.05939287285525737,2272.0,validation_labels,2272.0,21010.0,2273.0,21009.0,False,False,False,0.13310190285917142,0.6093909389638534,0.05941901408450704,0.05939287285525737,0.5813454091920507,0.4186545908079492,expected_direction,report_only_no_silent_inversion,1.9352172069993685,0.01880886100116186,4.057438419000391,1408.91015625,1182.0,398.22998046875,472.0,3.7365899085998535,562.294921875,"{'name': 'sparse_fused', 'score_chunk_size': 8192, 'reconstruction_backend': 'exact_sparse', 'dense_materialized': False, 'training_full_graph': True, 'shared_model': True, 'approximation_used': False, 'normalized_adjacency_cached': True, 'message_backend': 'sparse_fused', 'edge_expanded_messages': False, 'full_graph': True, 'gradient_checkpointing': False}",raw/Elliptic__DLG-Aug__seed46__c5106c938d1eb2910cc2f074.json,
bbd00c84-2739-4081-8ab8-9ed4717cce3d,bf3e5fd37261955afda54b28,391f2600f2d3a2c472f802767b5b7612c048e73ddfc3d03efea91a9416d5f7cf,ac10847c4f361dd494316905ff28e356c6f7cff17a7b12668d1b791c03811055,c4b03f9607545b9e6f71366f24a4fa17b98ad1c32b0a3354a42cf6d57ae275c3,Elliptic,Elliptic,real_illicit_labels_unknown_excluded,round5_new,DLG-Base,DLG-Base,gog_fraud.models.pygod.shared_reconstruction.SharedDLGBase,42,50,50,False,,sparse_fused,exact_sparse,True,False,False,False,46564,83188,success,,,stratified_node_transductive,0.0,0.3808902618471419,0.07187591227339443,0.18466598150051386,8.544598579406738,0.18400196094452162,8.278740882873535,0.044712653552100336,0.10141403224353779,0.9911971830985915,0.058599555733275945,0.5207294816016518,,,,0.0242024202420242,0.024197096348438186,0.02420774647887324,2273.0,validation_labels,2273.0,21009.0,2272.0,21010.0,False,False,False,0.058599555733275945,0.5207294816016518,0.024197096348438186,0.02420774647887324,0.3808902618471419,0.6191097381528581,warning_inverse_association,report_only_no_silent_inversion,1.8191961560005439,0.019398678003199166,2.7973723520008207,1348.48046875,1208.0,451.4560546875,498.0,3.657273292541504,1278.8072509765625,"{'name': 'sparse_fused', 'score_chunk_size': 8192, 'reconstruction_backend': 'exact_sparse', 'dense_materialized': False, 'training_full_graph': True, 'shared_model': True, 'approximation_used': False, 'normalized_adjacency_cached': True, 'message_backend': 'sparse_fused', 'edge_expanded_messages': False, 'full_graph': True, 'gradient_checkpointing': False}",raw/Elliptic__DLG-Base__seed42__bf3e5fd37261955afda54b28.json,
1da4235b-cfd3-4210-bba0-639baa3eadae,968aebcbd073ba5de16fd79c,391f2600f2d3a2c472f802767b5b7612c048e73ddfc3d03efea91a9416d5f7cf,ac10847c4f361dd494316905ff28e356c6f7cff17a7b12668d1b791c03811055,c4b03f9607545b9e6f71366f24a4fa17b98ad1c32b0a3354a42cf6d57ae275c3,Elliptic,Elliptic,real_illicit_labels_unknown_excluded,round5_new,DLG-Base,DLG-Base,gog_fraud.models.pygod.shared_reconstruction.SharedDLGBase,43,50,50,False,,sparse_fused,exact_sparse,True,False,False,False,46564,83188,success,,,stratified_node_transductive,0.0,0.3204688013253246,0.06584295318870384,0.1815404405853031,9.058707237243652,0.1811500565336779,9.348730087280273,0.03552100335022764,0.09972434643428775,0.9872359154929577,0.03844657714854336,0.5117283813542847,,,,0.02156215621562156,0.02155741311042675,0.021566901408450703,2273.0,validation_labels,2273.0,21009.0,2272.0,21010.0,False,False,False,0.03844657714854336,0.5117283813542847,0.02155741311042675,0.021566901408450703,0.3204688013253246,0.6795311986746755,warning_inverse_association,report_only_no_silent_inversion,1.8487672869996459,0.019567326999094803,3.9813975730030506,1348.4765625,1208.0,451.4560546875,498.0,4.115190029144287,1262.294677734375,"{'name': 'sparse_fused', 'score_chunk_size': 8192, 'reconstruction_backend': 'exact_sparse', 'dense_materialized': False, 'training_full_graph': True, 'shared_model': True, 'approximation_used': False, 'normalized_adjacency_cached': True, 'message_backend': 'sparse_fused', 'edge_expanded_messages': False, 'full_graph': True, 'gradient_checkpointing': False}",raw/Elliptic__DLG-Base__seed43__968aebcbd073ba5de16fd79c.json,
6a237752-6534-4eee-85b2-9a96604e07fe,d807910d6774dc27e4a3c1be,391f2600f2d3a2c472f802767b5b7612c048e73ddfc3d03efea91a9416d5f7cf,ac10847c4f361dd494316905ff28e356c6f7cff17a7b12668d1b791c03811055,c4b03f9607545b9e6f71366f24a4fa17b98ad1c32b0a3354a42cf6d57ae275c3,Elliptic,Elliptic,real_illicit_labels_unknown_excluded,round5_new,DLG-Base,DLG-Base,gog_fraud.models.pygod.shared_reconstruction.SharedDLGBase,44,50,50,False,,sparse_fused,exact_sparse,True,False,False,False,46564,83188,success,,,stratified_node_transductive,0.0,0.36954982662514835,0.0704856117919604,0.18329192293592927,12.268400192260742,0.18299105866982404,12.443023681640625,0.047805171377029464,0.10085054678007291,0.9863556338028169,0.050342455730001213,0.5176899539789905,,,,0.02552255225522552,0.025516937967443906,0.025528169014084508,2273.0,validation_labels,2273.0,21009.0,2272.0,21010.0,False,False,False,0.050342455730001213,0.5176899539789905,0.025516937967443906,0.025528169014084508,0.36954982662514835,0.6304501733748518,warning_inverse_association,report_only_no_silent_inversion,1.8849070030009898,0.018955913998070173,3.839232651000202,1347.24609375,1208.0,451.4560546875,498.0,4.27341365814209,3175.65185546875,"{'name': 'sparse_fused', 'score_chunk_size': 8192, 'reconstruction_backend': 'exact_sparse', 'dense_materialized': False, 'training_full_graph': True, 'shared_model': True, 'approximation_used': False, 'normalized_adjacency_cached': True, 'message_backend': 'sparse_fused', 'edge_expanded_messages': False, 'full_graph': True, 'gradient_checkpointing': False}",raw/Elliptic__DLG-Base__seed44__d807910d6774dc27e4a3c1be.json,
300d2bcc-d886-4678-a5be-8d69bf027dd0,b139c85ab90568adafe237e7,391f2600f2d3a2c472f802767b5b7612c048e73ddfc3d03efea91a9416d5f7cf,ac10847c4f361dd494316905ff28e356c6f7cff17a7b12668d1b791c03811055,c4b03f9607545b9e6f71366f24a4fa17b98ad1c32b0a3354a42cf6d57ae275c3,Elliptic,Elliptic,real_illicit_labels_unknown_excluded,round5_new,DLG-Base,DLG-Base,gog_fraud.models.pygod.shared_reconstruction.SharedDLGBase,45,50,50,False,,sparse_fused,exact_sparse,True,False,False,False,46564,83188,success,,,stratified_node_transductive,0.0,0.3422533472288718,0.06782677081257597,0.17977081012255292,8.552133560180664,0.1795892373825824,8.567289352416992,0.01636457349024998,0.0987265327556781,0.9925208974923009,0.026922895701206165,0.5061133689232175,,,,0.019801980198019802,0.019806338028169015,0.019797624285085788,2272.0,validation_labels,2272.0,21010.0,2273.0,21009.0,False,False,False,0.026922895701206165,0.5061133689232175,0.019806338028169015,0.019797624285085788,0.3422533472288718,0.6577466527711282,warning_inverse_association,report_only_no_silent_inversion,1.8410693279984116,0.02090050200058613,3.974045713999658,1347.765625,1208.0,451.4560546875,498.0,3.878615379333496,1473.152099609375,"{'name': 'sparse_fused', 'score_chunk_size': 8192, 'reconstruction_backend': 'exact_sparse', 'dense_materialized': False, 'training_full_graph': True, 'shared_model': True, 'approximation_used': False, 'normalized_adjacency_cached': True, 'message_backend': 'sparse_fused', 'edge_expanded_messages': False, 'full_graph': True, 'gradient_checkpointing': False}",raw/Elliptic__DLG-Base__seed45__b139c85ab90568adafe237e7.json,
23939a22-8133-4288-a9f7-2ca896190625,7e9668a8b320d0d80651b012,391f2600f2d3a2c472f802767b5b7612c048e73ddfc3d03efea91a9416d5f7cf,ac10847c4f361dd494316905ff28e356c6f7cff17a7b12668d1b791c03811055,c4b03f9607545b9e6f71366f24a4fa17b98ad1c32b0a3354a42cf6d57ae275c3,Elliptic,Elliptic,real_illicit_labels_unknown_excluded,round5_new,DLG-Base,DLG-Base,gog_fraud.models.pygod.shared_reconstruction.SharedDLGBase,46,50,50,False,,sparse_fused,exact_sparse,True,False,False,False,46564,83188,success,,,stratified_node_transductive,0.0,0.33663434042063173,0.06724127604338331,0.18103931459684525,8.954399108886719,0.18099220069148508,9.338769912719727,0.028133321879563612,0.0995973629485421,0.9903211614606248,0.03820304307538493,0.5108443353116823,,,,0.019361936193619363,0.01936619718309859,0.01935767707875055,2272.0,validation_labels,2272.0,21010.0,2273.0,21009.0,False,False,False,0.03820304307538493,0.5108443353116823,0.01936619718309859,0.01935767707875055,0.33663434042063173,0.6633656595793682,warning_inverse_association,report_only_no_silent_inversion,1.8862771059975785,0.01911088999986532,3.8727900730009424,1348.82421875,1208.0,451.4560546875,498.0,4.466850280761719,1333.4200439453125,"{'name': 'sparse_fused', 'score_chunk_size': 8192, 'reconstruction_backend': 'exact_sparse', 'dense_materialized': False, 'training_full_graph': True, 'shared_model': True, 'approximation_used': False, 'normalized_adjacency_cached': True, 'message_backend': 'sparse_fused', 'edge_expanded_messages': False, 'full_graph': True, 'gradient_checkpointing': False}",raw/Elliptic__DLG-Base__seed46__7e9668a8b320d0d80651b012.json,
b10f80dd-99d3-443b-af20-35f098a3a1a5,59eee1dfc8924b77d66f9273,391f2600f2d3a2c472f802767b5b7612c048e73ddfc3d03efea91a9416d5f7cf,ac10847c4f361dd494316905ff28e356c6f7cff17a7b12668d1b791c03811055,c4b03f9607545b9e6f71366f24a4fa17b98ad1c32b0a3354a42cf6d57ae275c3,Elliptic,Elliptic,real_illicit_labels_unknown_excluded,round5_new,DOMINANT,DOMINANT,gog_fraud.models.pygod.shared_reconstruction.SharedDOMINANT,42,50,50,False,,sparse_fused,exact_sparse,True,False,False,False,46564,83188,success,,,stratified_node_transductive,0.0,0.4043301814695886,0.07437174289041952,0.1909110676233964,18.286977767944336,0.19062486448983132,18.04621124267578,0.10909715660166652,0.1057289912934725,0.9674295774647887,0.07923853380152006,0.5412826135777061,,,,0.03212321232123212,0.032116146062472505,0.032130281690140844,2273.0,validation_labels,2273.0,21009.0,2272.0,21010.0,False,False,False,0.07923853380152006,0.5412826135777061,0.032116146062472505,0.032130281690140844,0.4043301814695886,0.5956698185304113,warning_inverse_association,report_only_no_silent_inversion,1.7812138620029145,0.018050629998469958,3.780961221000325,1335.65234375,1208.0,414.1416015625,498.0,6.902137756347656,3089.85205078125,"{'name': 'sparse_fused', 'score_chunk_size': 8192, 'reconstruction_backend': 'exact_sparse', 'dense_materialized': False, 'training_full_graph': True, 'shared_model': True, 'approximation_used': False, 'normalized_adjacency_cached': True, 'message_backend': 'sparse_fused', 'edge_expanded_messages': False, 'full_graph': True, 'gradient_checkpointing': False}",raw/Elliptic__DOMINANT__seed42__59eee1dfc8924b77d66f9273.json,
6226f756-3ff2-4760-bb58-bfbb9dc50489,c35bc36b2528ecdb4d954b08,391f2600f2d3a2c472f802767b5b7612c048e73ddfc3d03efea91a9416d5f7cf,ac10847c4f361dd494316905ff28e356c6f7cff17a7b12668d1b791c03811055,c4b03f9607545b9e6f71366f24a4fa17b98ad1c32b0a3354a42cf6d57ae275c3,Elliptic,Elliptic,real_illicit_labels_unknown_excluded,round5_new,DOMINANT,DOMINANT,gog_fraud.models.pygod.shared_reconstruction.SharedDOMINANT,43,50,50,False,,sparse_fused,exact_sparse,True,False,False,False,46564,83188,success,,,stratified_node_transductive,0.0,0.3267247089749348,0.0665416161141835,0.18009212898057284,14.007669448852539,0.18004807692307692,14.018835067749023,0.024568336053603642,0.09903913963328632,0.9889964788732394,0.03026077528238337,0.5080394103076334,,,,0.025082508250825083,0.025076990761108666,0.025088028169014086,2273.0,validation_labels,2273.0,21009.0,2272.0,21010.0,False,False,False,0.03026077528238337,0.5080394103076334,0.025076990761108666,0.025088028169014086,0.3267247089749348,0.6732752910250652,warning_inverse_association,report_only_no_silent_inversion,1.7071958689994062,0.018562167999334633,2.555659822999587,1332.72265625,1208.0,414.1416015625,498.0,6.926053524017334,1083.6783447265625,"{'name': 'sparse_fused', 'score_chunk_size': 8192, 'reconstruction_backend': 'exact_sparse', 'dense_materialized': False, 'training_full_graph': True, 'shared_model': True, 'approximation_used': False, 'normalized_adjacency_cached': True, 'message_backend': 'sparse_fused', 'edge_expanded_messages': False, 'full_graph': True, 'gradient_checkpointing': False}",raw/Elliptic__DOMINANT__seed43__c35bc36b2528ecdb4d954b08.json,
3a8b1001-473d-4ca6-a745-0efd673b0fc5,3324ba685364f933d3e1a0c5,391f2600f2d3a2c472f802767b5b7612c048e73ddfc3d03efea91a9416d5f7cf,ac10847c4f361dd494316905ff28e356c6f7cff17a7b12668d1b791c03811055,c4b03f9607545b9e6f71366f24a4fa17b98ad1c32b0a3354a42cf6d57ae275c3,Elliptic,Elliptic,real_illicit_labels_unknown_excluded,round5_new,DOMINANT,DOMINANT,gog_fraud.models.pygod.shared_reconstruction.SharedDOMINANT,44,50,50,False,,sparse_fused,exact_sparse,True,False,False,False,46564,83188,success,,,stratified_node_transductive,0.0,0.29175204128148235,0.06336101601642077,0.17894570955795444,17.226306915283203,0.17893865973289208,17.17650604248047,0.008633278927927155,0.09826489550430531,0.9995598591549296,0.026591438369436043,0.5038256221048327,,,,0.022442244224422443,0.02243730752309723,0.02244718309859155,2273.0,validation_labels,2273.0,21009.0,2272.0,21010.0,False,False,False,0.026591438369436043,0.5038256221048327,0.02243730752309723,0.02244718309859155,0.29175204128148235,0.7082479587185176,warning_inverse_association,report_only_no_silent_inversion,1.7426161719995434,0.01793958000052953,3.630195787998673,1338.12890625,1208.0,414.1416015625,498.0,9.437545776367188,1931.6051025390625,"{'name': 'sparse_fused', 'score_chunk_size': 8192, 'reconstruction_backend': 'exact_sparse', 'dense_materialized': False, 'training_full_graph': True, 'shared_model': True, 'approximation_used': False, 'normalized_adjacency_cached': True, 'message_backend': 'sparse_fused', 'edge_expanded_messages': False, 'full_graph': True, 'gradient_checkpointing': False}",raw/Elliptic__DOMINANT__seed44__3324ba685364f933d3e1a0c5.json,
8fb42dbe-29e7-4514-98e6-a5988f97f369,25116a5b54bf7385000410bc,391f2600f2d3a2c472f802767b5b7612c048e73ddfc3d03efea91a9416d5f7cf,ac10847c4f361dd494316905ff28e356c6f7cff17a7b12668d1b791c03811055,c4b03f9607545b9e6f71366f24a4fa17b98ad1c32b0a3354a42cf6d57ae275c3,Elliptic,Elliptic,real_illicit_labels_unknown_excluded,round5_new,DOMINANT,DOMINANT,gog_fraud.models.pygod.shared_reconstruction.SharedDOMINANT,45,50,50,False,,sparse_fused,exact_sparse,True,False,False,False,46564,83188,success,,,stratified_node_transductive,0.0,0.3509938034433821,0.06864785267461428,0.18353785315341026,14.320944786071777,0.1834473769957641,14.256086349487305,0.04046044154282278,0.10108173616410072,0.99076110866696,0.054823895033100825,0.51875149059889,,,,0.019801980198019802,0.019806338028169015,0.019797624285085788,2272.0,validation_labels,2272.0,21010.0,2273.0,21009.0,False,False,False,0.054823895033100825,0.51875149059889,0.019806338028169015,0.019797624285085788,0.3509938034433821,0.6490061965566178,warning_inverse_association,report_only_no_silent_inversion,1.727964335001161,0.018553415000496898,3.7114014040016627,1333.453125,1208.0,414.1416015625,498.0,6.918664932250977,1781.13037109375,"{'name': 'sparse_fused', 'score_chunk_size': 8192, 'reconstruction_backend': 'exact_sparse', 'dense_materialized': False, 'training_full_graph': True, 'shared_model': True, 'approximation_used': False, 'normalized_adjacency_cached': True, 'message_backend': 'sparse_fused', 'edge_expanded_messages': False, 'full_graph': True, 'gradient_checkpointing': False}",raw/Elliptic__DOMINANT__seed45__25116a5b54bf7385000410bc.json,
7b4b0ea3-806f-4ece-9b1c-f59ecd369017,856133e30fe575b29d78582c,391f2600f2d3a2c472f802767b5b7612c048e73ddfc3d03efea91a9416d5f7cf,ac10847c4f361dd494316905ff28e356c6f7cff17a7b12668d1b791c03811055,c4b03f9607545b9e6f71366f24a4fa17b98ad1c32b0a3354a42cf6d57ae275c3,Elliptic,Elliptic,real_illicit_labels_unknown_excluded,round5_new,DOMINANT,DOMINANT,gog_fraud.models.pygod.shared_reconstruction.SharedDOMINANT,46,50,50,False,,sparse_fused,exact_sparse,True,False,False,False,46564,83188,success,,,stratified_node_transductive,0.0,0.3421589770977209,0.06792983265751475,0.19207620697120587,20.40644645690918,0.19203807875378623,20.363405227661133,0.10398591186324199,0.10649325718673514,0.9762428508578971,0.08718363562686131,0.5450256093501252,,,,0.023322332233223324,0.023327464788732395,0.02331720193576771,2272.0,validation_labels,2272.0,21010.0,2273.0,21009.0,False,False,False,0.08718363562686131,0.5450256093501252,0.023327464788732395,0.02331720193576771,0.3421589770977209,0.657841022902279,warning_inverse_association,report_only_no_silent_inversion,1.7357999289997679,0.018123558998922817,3.7187953620014014,1335.00390625,1208.0,414.1416015625,498.0,7.312505722045898,1492.1942138671875,"{'name': 'sparse_fused', 'score_chunk_size': 8192, 'reconstruction_backend': 'exact_sparse', 'dense_materialized': False, 'training_full_graph': True, 'shared_model': True, 'approximation_used': False, 'normalized_adjacency_cached': True, 'message_backend': 'sparse_fused', 'edge_expanded_messages': False, 'full_graph': True, 'gradient_checkpointing': False}",raw/Elliptic__DOMINANT__seed46__856133e30fe575b29d78582c.json,
d60a566a-77dc-4ac2-82b5-496d9107ea53,6c13107eedff38ceedde2a12,391f2600f2d3a2c472f802767b5b7612c048e73ddfc3d03efea91a9416d5f7cf,ac10847c4f361dd494316905ff28e356c6f7cff17a7b12668d1b791c03811055,c4b03f9607545b9e6f71366f24a4fa17b98ad1c32b0a3354a42cf6d57ae275c3,Elliptic,Elliptic,real_illicit_labels_unknown_excluded,round5_new,OCGNN,OCGNN,pygod.detector.ocgnn.OCGNN,42,50,50,False,,sparse_fused,not_applicable_native_objective,True,False,False,False,46564,83188,success,,,stratified_node_transductive,0.0,0.29631046332732236,0.06547566031149615,0.17802896503002474,-23.658676147460938,0.17793119679912134,-23.783273696899414,0.003564985825959969,0.09767021230782481,0.9982394366197183,0.005528980733421706,0.5004762152160942,,,,0.04400440044004401,0.04399472063352398,0.04401408450704225,2273.0,validation_labels,2273.0,21009.0,2272.0,21010.0,False,False,False,0.005528980733421706,0.5004762152160942,0.04399472063352398,0.04401408450704225,0.29631046332732236,0.7036895366726776,warning_inverse_association,report_only_no_silent_inversion,1.733353507999709,0.023361617997579742,3.8240478999978222,1527.39453125,914.0,192.65185546875,204.0,-27.12038803100586,1064.0089111328125,{},raw/Elliptic__OCGNN__seed42__6c13107eedff38ceedde2a12.json,
ab399ee7-7bfb-424f-ade8-b0005a12a927,18352c714abc1d1f34d572d6,391f2600f2d3a2c472f802767b5b7612c048e73ddfc3d03efea91a9416d5f7cf,ac10847c4f361dd494316905ff28e356c6f7cff17a7b12668d1b791c03811055,c4b03f9607545b9e6f71366f24a4fa17b98ad1c32b0a3354a42cf6d57ae275c3,Elliptic,Elliptic,real_illicit_labels_unknown_excluded,round5_new,OCGNN,OCGNN,pygod.detector.ocgnn.OCGNN,43,50,50,False,,sparse_fused,not_applicable_native_objective,True,False,False,False,46564,83188,success,,,stratified_node_transductive,0.0,0.3239370001541855,0.06776506239821602,0.17873919393676233,-24.018688201904297,0.1785784680884614,-24.143098831176758,0.008633278927927155,0.09807317601212384,0.996919014084507,0.018239878428811234,0.502743181482996,,,,0.0462046204620462,0.046194456665200175,0.04621478873239437,2273.0,validation_labels,2273.0,21009.0,2272.0,21010.0,False,False,False,0.018239878428811234,0.502743181482996,0.046194456665200175,0.04621478873239437,0.3239370001541855,0.6760629998458145,warning_inverse_association,report_only_no_silent_inversion,1.5834202980004193,0.025078521997784264,3.5068599350015575,1554.78515625,914.0,192.65185546875,204.0,-28.37321662902832,380.26202392578125,{},raw/Elliptic__OCGNN__seed43__18352c714abc1d1f34d572d6.json,
375acc0f-2ce2-4914-b78b-c4884fdf707d,2aafebef6755e71ea6293063,391f2600f2d3a2c472f802767b5b7612c048e73ddfc3d03efea91a9416d5f7cf,ac10847c4f361dd494316905ff28e356c6f7cff17a7b12668d1b791c03811055,c4b03f9607545b9e6f71366f24a4fa17b98ad1c32b0a3354a42cf6d57ae275c3,Elliptic,Elliptic,real_illicit_labels_unknown_excluded,round5_new,OCGNN,OCGNN,pygod.detector.ocgnn.OCGNN,44,50,50,False,,sparse_fused,not_applicable_native_objective,True,False,False,False,46564,83188,success,,,stratified_node_transductive,0.0,0.39927307628493475,0.07493309643854923,0.18458577552270145,-20.81641387939453,0.18417342262953826,-20.72672462463379,0.1193196460785156,0.10233059146102624,0.9198943661971831,0.0427395950201327,0.5236311431176301,,,,0.05456545654565457,0.05455345358556973,0.05457746478873239,2273.0,validation_labels,2273.0,21009.0,2272.0,21010.0,False,False,False,0.0427395950201327,0.5236311431176301,0.05455345358556973,0.05457746478873239,0.39927307628493475,0.6007269237150653,warning_inverse_association,report_only_no_silent_inversion,1.593674395000562,0.023788423000951298,3.6423347990021284,1522.140625,914.0,192.65185546875,204.0,-27.665660858154297,786.2714233398438,{},raw/Elliptic__OCGNN__seed44__2aafebef6755e71ea6293063.json,
990946ea-f4f4-4701-8777-ce5be29e0ef7,9ff3b4e20ce911264f039ad0,391f2600f2d3a2c472f802767b5b7612c048e73ddfc3d03efea91a9416d5f7cf,ac10847c4f361dd494316905ff28e356c6f7cff17a7b12668d1b791c03811055,c4b03f9607545b9e6f71366f24a4fa17b98ad1c32b0a3354a42cf6d57ae275c3,Elliptic,Elliptic,real_illicit_labels_unknown_excluded,round5_new,OCGNN,OCGNN,pygod.detector.ocgnn.OCGNN,45,50,50,False,,sparse_fused,not_applicable_native_objective,True,False,False,False,46564,83188,success,,,stratified_node_transductive,0.0,0.28535473358504704,0.06364795837869883,0.17915876027830485,-23.056777954101562,0.1788103059326394,-22.9390811920166,0.013014345846576755,0.09824301991823954,0.9938407391113067,0.018482557975987697,0.5034413843588329,,,,0.03872387238723873,0.03873239436619718,0.0387153541575011,2272.0,validation_labels,2272.0,21010.0,2273.0,21009.0,False,False,False,0.018482557975987697,0.5034413843588329,0.03873239436619718,0.0387153541575011,0.28535473358504704,0.714645266414953,warning_inverse_association,report_only_no_silent_inversion,1.6129091689981578,0.024591122000856558,3.5846548190020258,1534.98828125,914.0,192.65185546875,204.0,-27.923309326171875,415.8050231933594,{},raw/Elliptic__OCGNN__seed45__9ff3b4e20ce911264f039ad0.json,
0b4f774f-3649-4137-b74e-cc5a71745074,4c2232a9f56eaba9000962c9,391f2600f2d3a2c472f802767b5b7612c048e73ddfc3d03efea91a9416d5f7cf,ac10847c4f361dd494316905ff28e356c6f7cff17a7b12668d1b791c03811055,c4b03f9607545b9e6f71366f24a4fa17b98ad1c32b0a3354a42cf6d57ae275c3,Elliptic,Elliptic,real_illicit_labels_unknown_excluded,round5_new,OCGNN,OCGNN,pygod.detector.ocgnn.OCGNN,46,50,50,False,,sparse_fused,not_applicable_native_objective,True,False,False,False,46564,83188,success,,,stratified_node_transductive,0.0,0.2653359630068248,0.061511090664081856,0.17873919393676233,-25.122526168823242,0.17845741536278723,-25.42227554321289,0.009062795292500644,0.098008658008658,0.9960404751429829,0.014407911667829591,0.5021375206406523,,,,0.013201320132013201,0.013204225352112676,0.013198416190057193,2272.0,validation_labels,2272.0,21010.0,2273.0,21009.0,False,False,False,0.014407911667829591,0.5021375206406523,0.013204225352112676,0.013198416190057193,0.2653359630068248,0.7346640369931752,warning_inverse_association,report_only_no_silent_inversion,1.6239897909981664,0.02438981199884438,2.4547001880018797,1514.96484375,914.0,192.65185546875,204.0,-31.699844360351562,402.07568359375,{},raw/Elliptic__OCGNN__seed46__4c2232a9f56eaba9000962c9.json,
0bcf840d-ecca-40d1-881f-f6d0e392f8fe,00755ae5d32310e4a3fb3cbc,391f2600f2d3a2c472f802767b5b7612c048e73ddfc3d03efea91a9416d5f7cf,ac10847c4f361dd494316905ff28e356c6f7cff17a7b12668d1b791c03811055,c4b03f9607545b9e6f71366f24a4fa17b98ad1c32b0a3354a42cf6d57ae275c3,Flickr,Flickr-Syn,synthetic_injection_fixed_dataset_seed_42,round5_new,AnomalyDAE,AnomalyDAE,gog_fraud.models.pygod.shared_reconstruction.SharedAnomalyDAE,42,50,50,False,,none,chunked_exact,True,False,False,False,89250,1001494,success,,,stratified_node_transductive,0.0,0.9815562926232246,0.46483640327442577,0.5293005671077504,189.3126220703125,0.5242528172464478,190.46005249023438,0.9726386554621849,0.4656222802436902,0.5997757847533632,0.5176118463487774,0.7928680217983998,,,,0.5030812324929972,0.5027995520716685,0.5033632286995515,893.0,validation_labels,893.0,43732.0,892.0,43733.0,False,False,False,0.5176118463487774,0.7928680217983998,0.5027995520716685,0.5033632286995515,0.9815562926232246,0.018443707376775434,expected_direction,report_only_no_silent_inversion,798.964543686,2.9831600640000033,802.771326826,1577.27734375,7819.0,6174.2783203125,7842.0,154.7400360107422,1063.28076171875,"{'name': 'pyg_coo_reference', 'score_chunk_size': 256, 'reconstruction_backend': 'chunked_exact', 'dense_materialized': False, 'training_full_graph': True, 'shared_model': True, 'approximation_used': False, 'normalized_adjacency_cached': False, 'message_backend': 'pyg_coo_reference', 'edge_expanded_messages': True, 'full_graph': True, 'gradient_checkpointing': False}",raw/Flickr__AnomalyDAE__seed42__00755ae5d32310e4a3fb3cbc.json,
7f3a587b-d1ed-45b8-b80a-3a8322414bbb,1fa33a1e75c546de658f559d,391f2600f2d3a2c472f802767b5b7612c048e73ddfc3d03efea91a9416d5f7cf,ac10847c4f361dd494316905ff28e356c6f7cff17a7b12668d1b791c03811055,c4b03f9607545b9e6f71366f24a4fa17b98ad1c32b0a3354a42cf6d57ae275c3,Flickr,Flickr-Syn,synthetic_injection_fixed_dataset_seed_42,round5_new,AnomalyDAE,AnomalyDAE,gog_fraud.models.pygod.shared_reconstruction.SharedAnomalyDAE,43,50,50,False,,none,chunked_exact,True,False,False,False,89250,1001494,success,,,stratified_node_transductive,0.0,0.9739854968885283,0.45371210802097706,0.5148597739640017,191.35568237304688,0.5104640582347588,193.3126983642578,0.9721456582633053,0.42955589586523735,0.6289237668161435,0.508099312723178,0.8059442879995702,,,,0.4896358543417367,0.48936170212765956,0.4899103139013453,893.0,validation_labels,893.0,43732.0,892.0,43733.0,False,False,False,0.508099312723178,0.8059442879995702,0.48936170212765956,0.4899103139013453,0.9739854968885283,0.02601450311147168,expected_direction,report_only_no_silent_inversion,823.926884307999,4.254157884999586,830.4516439800027,1617.9921875,7802.0,6174.2783203125,7842.0,157.1016387939453,1086.8992919921875,"{'name': 'pyg_coo_reference', 'score_chunk_size': 256, 'reconstruction_backend': 'chunked_exact', 'dense_materialized': False, 'training_full_graph': True, 'shared_model': True, 'approximation_used': False, 'normalized_adjacency_cached': False, 'message_backend': 'pyg_coo_reference', 'edge_expanded_messages': True, 'full_graph': True, 'gradient_checkpointing': False}",raw/Flickr__AnomalyDAE__seed43__1fa33a1e75c546de658f559d.json,
1a975c6c-dfb8-4a17-b8b8-205275aeb2b3,3e4477d865b614a5df4266e8,391f2600f2d3a2c472f802767b5b7612c048e73ddfc3d03efea91a9416d5f7cf,ac10847c4f361dd494316905ff28e356c6f7cff17a7b12668d1b791c03811055,c4b03f9607545b9e6f71366f24a4fa17b98ad1c32b0a3354a42cf6d57ae275c3,Flickr,Flickr-Syn,synthetic_injection_fixed_dataset_seed_42,round5_new,AnomalyDAE,AnomalyDAE,gog_fraud.models.pygod.shared_reconstruction.SharedAnomalyDAE,44,50,50,False,,none,chunked_exact,True,False,False,False,89250,1001494,success,,,stratified_node_transductive,0.0,0.9830221024256549,0.47843261441352103,0.5429461504227859,189.16119384765625,0.5313688212927756,191.02816772460938,0.974655462184874,0.4612211221122112,0.6266816143497758,0.5267443681233791,0.8058750490517315,,,,0.5008403361344538,0.5005599104143337,0.5011210762331838,893.0,validation_labels,893.0,43732.0,892.0,43733.0,False,False,False,0.5267443681233791,0.8058750490517315,0.5005599104143337,0.5011210762331838,0.9830221024256549,0.016977897574345098,expected_direction,report_only_no_silent_inversion,826.4083304760024,4.3214422239980195,832.8836493840026,1751.86328125,7774.0,6174.2783203125,7842.0,153.52244567871094,1063.73876953125,"{'name': 'pyg_coo_reference', 'score_chunk_size': 256, 'reconstruction_backend': 'chunked_exact', 'dense_materialized': False, 'training_full_graph': True, 'shared_model': True, 'approximation_used': False, 'normalized_adjacency_cached': False, 'message_backend': 'pyg_coo_reference', 'edge_expanded_messages': True, 'full_graph': True, 'gradient_checkpointing': False}",raw/Flickr__AnomalyDAE__seed44__3e4477d865b614a5df4266e8.json,
bc0ecc5f-c578-4759-847b-2283d779b982,a7fdf0af9b814423a3a7a3d0,391f2600f2d3a2c472f802767b5b7612c048e73ddfc3d03efea91a9416d5f7cf,ac10847c4f361dd494316905ff28e356c6f7cff17a7b12668d1b791c03811055,c4b03f9607545b9e6f71366f24a4fa17b98ad1c32b0a3354a42cf6d57ae275c3,Flickr,Flickr-Syn,synthetic_injection_fixed_dataset_seed_42,round5_new,AnomalyDAE,AnomalyDAE,gog_fraud.models.pygod.shared_reconstruction.SharedAnomalyDAE,45,50,50,False,,none,chunked_exact,True,False,False,False,89250,1001494,success,,,stratified_node_transductive,0.0,0.9855817178827899,0.5088274472113201,0.5655622958469435,119.05534362792969,0.5625294950448325,119.39410400390625,0.9720112044817927,0.48613376835236544,0.6674132138857782,0.5594462026499837,0.8265036434379043,,,,0.5299719887955182,0.5302690582959642,0.5296752519596865,892.0,validation_labels,892.0,43733.0,893.0,43732.0,False,False,False,0.5594462026499837,0.8265036434379043,0.5302690582959642,0.5296752519596865,0.9855817178827899,0.014418282117210099,expected_direction,report_only_no_silent_inversion,823.0111815310011,4.118507036000665,829.6634754039987,1555.390625,7777.0,6174.2783203125,7842.0,76.70015716552734,995.1889038085938,"{'name': 'pyg_coo_reference', 'score_chunk_size': 256, 'reconstruction_backend': 'chunked_exact', 'dense_materialized': False, 'training_full_graph': True, 'shared_model': True, 'approximation_used': False, 'normalized_adjacency_cached': False, 'message_backend': 'pyg_coo_reference', 'edge_expanded_messages': True, 'full_graph': True, 'gradient_checkpointing': False}",raw/Flickr__AnomalyDAE__seed45__a7fdf0af9b814423a3a7a3d0.json,
366cc217-2305-45c9-8438-963f03d972e9,723f95c7594f44fe24796da3,391f2600f2d3a2c472f802767b5b7612c048e73ddfc3d03efea91a9416d5f7cf,ac10847c4f361dd494316905ff28e356c6f7cff17a7b12668d1b791c03811055,c4b03f9607545b9e6f71366f24a4fa17b98ad1c32b0a3354a42cf6d57ae275c3,Flickr,Flickr-Syn,synthetic_injection_fixed_dataset_seed_42,round5_new,AnomalyDAE,AnomalyDAE,gog_fraud.models.pygod.shared_reconstruction.SharedAnomalyDAE,46,50,50,False,,none,chunked_exact,True,False,False,False,89250,1001494,success,,,stratified_node_transductive,0.0,0.9830967281217808,0.47479438536348717,0.5351493848857646,187.7238311767578,0.5226615236258437,190.3145294189453,0.9730420168067226,0.45893310753598643,0.606942889137738,0.5167733747237973,0.7961655815852414,,,,0.4997198879551821,0.5,0.49944008958566627,892.0,validation_labels,892.0,43733.0,893.0,43732.0,False,False,False,0.5167733747237973,0.7961655815852414,0.5,0.49944008958566627,0.9830967281217808,0.01690327187821905,expected_direction,report_only_no_silent_inversion,824.4876123329996,4.238953719999699,830.0745917790009,1585.61328125,7773.0,6174.2783203125,7842.0,154.4821319580078,1063.33740234375,"{'name': 'pyg_coo_reference', 'score_chunk_size': 256, 'reconstruction_backend': 'chunked_exact', 'dense_materialized': False, 'training_full_graph': True, 'shared_model': True, 'approximation_used': False, 'normalized_adjacency_cached': False, 'message_backend': 'pyg_coo_reference', 'edge_expanded_messages': True, 'full_graph': True, 'gradient_checkpointing': False}",raw/Flickr__AnomalyDAE__seed46__723f95c7594f44fe24796da3.json,
f25aa111-6aa2-4eed-b786-6164db5032a0,92da2609d9622ef9589661ee,391f2600f2d3a2c472f802767b5b7612c048e73ddfc3d03efea91a9416d5f7cf,ac10847c4f361dd494316905ff28e356c6f7cff17a7b12668d1b791c03811055,c4b03f9607545b9e6f71366f24a4fa17b98ad1c32b0a3354a42cf6d57ae275c3,Flickr,Flickr-Syn,synthetic_injection_fixed_dataset_seed_42,round5_new,CONAD,CONAD,gog_fraud.models.pygod.shared_reconstruction.SharedCONAD,42,50,50,False,,sparse_fused,exact_sparse,True,False,False,False,89250,1001494,success,,,stratified_node_transductive,0.0,0.9802917653896314,0.4464833899885909,0.5161572052401746,20.80132484436035,0.5105782792665726,21.856752395629883,0.9713389355742297,0.43967611336032386,0.6087443946188341,0.5058895011117505,0.7964605516413861,,,,0.48739495798319327,0.48712206047032475,0.4876681614349776,893.0,validation_labels,893.0,43732.0,892.0,43733.0,False,False,False,0.5058895011117505,0.7964605516413861,0.48712206047032475,0.4876681614349776,0.9802917653896314,0.01970823461036852,expected_direction,report_only_no_silent_inversion,11.316503125999589,0.10803614600081346,13.693334838000737,1664.421875,3052.0,1985.849609375,2340.0,3.8366730213165283,486.1578063964844,"{'name': 'sparse_fused', 'score_chunk_size': 8192, 'reconstruction_backend': 'exact_sparse', 'dense_materialized': False, 'training_full_graph': True, 'shared_model': True, 'approximation_used': False, 'normalized_adjacency_cached': True, 'message_backend': 'sparse_fused', 'edge_expanded_messages': False, 'full_graph': True, 'gradient_checkpointing': False}",raw/Flickr__CONAD__seed42__92da2609d9622ef9589661ee.json,
5e3605be-c121-4158-b5ea-73ebec27b8f0,ca789c603acb33977d6cfd13,391f2600f2d3a2c472f802767b5b7612c048e73ddfc3d03efea91a9416d5f7cf,ac10847c4f361dd494316905ff28e356c6f7cff17a7b12668d1b791c03811055,c4b03f9607545b9e6f71366f24a4fa17b98ad1c32b0a3354a42cf6d57ae275c3,Flickr,Flickr-Syn,synthetic_injection_fixed_dataset_seed_42,round5_new,CONAD,CONAD,gog_fraud.models.pygod.shared_reconstruction.SharedCONAD,43,50,50,False,,sparse_fused,exact_sparse,True,False,False,False,89250,1001494,success,,,stratified_node_transductive,0.0,0.9814406038518081,0.4675088451421927,0.524810013410818,21.126705169677734,0.5204321277595115,21.835676193237305,0.9731540616246499,0.44785772029102666,0.6210762331838565,0.5161809191995389,0.8027293680496375,,,,0.48851540616246497,0.48824188129899215,0.48878923766816146,893.0,validation_labels,893.0,43732.0,892.0,43733.0,False,False,False,0.5161809191995389,0.8027293680496375,0.48824188129899215,0.48878923766816146,0.9814406038518081,0.018559396148191958,expected_direction,report_only_no_silent_inversion,11.313325349998195,0.10932165499980329,13.668934072000411,1646.5625,3052.0,1987.6943359375,2340.0,3.5943710803985596,464.4359436035156,"{'name': 'sparse_fused', 'score_chunk_size': 8192, 'reconstruction_backend': 'exact_sparse', 'dense_materialized': False, 'training_full_graph': True, 'shared_model': True, 'approximation_used': False, 'normalized_adjacency_cached': True, 'message_backend': 'sparse_fused', 'edge_expanded_messages': False, 'full_graph': True, 'gradient_checkpointing': False}",raw/Flickr__CONAD__seed43__ca789c603acb33977d6cfd13.json,
390c320e-64bd-4e38-9cf0-607fc6c0f83b,46aecabd94ed66a22e8ae676,391f2600f2d3a2c472f802767b5b7612c048e73ddfc3d03efea91a9416d5f7cf,ac10847c4f361dd494316905ff28e356c6f7cff17a7b12668d1b791c03811055,c4b03f9607545b9e6f71366f24a4fa17b98ad1c32b0a3354a42cf6d57ae275c3,Flickr,Flickr-Syn,synthetic_injection_fixed_dataset_seed_42,round5_new,CONAD,CONAD,gog_fraud.models.pygod.shared_reconstruction.SharedCONAD,44,50,50,False,,sparse_fused,exact_sparse,True,False,False,False,89250,1001494,success,,,stratified_node_transductive,0.0,0.982058217317294,0.46850610832950107,0.5324459234608986,20.489072799682617,0.5222007722007722,22.64592742919922,0.9750812324929972,0.45847457627118643,0.6065022421524664,0.516318616485719,0.7959454251486728,,,,0.4918767507002801,0.4916013437849944,0.492152466367713,893.0,validation_labels,893.0,43732.0,892.0,43733.0,False,False,False,0.516318616485719,0.7959454251486728,0.4916013437849944,0.492152466367713,0.982058217317294,0.01794178268270597,expected_direction,report_only_no_silent_inversion,11.679287437000312,0.10956734199862694,13.948987358999148,1649.76953125,3052.0,1987.34375,2340.0,3.681532621383667,484.4553527832031,"{'name': 'sparse_fused', 'score_chunk_size': 8192, 'reconstruction_backend': 'exact_sparse', 'dense_materialized': False, 'training_full_graph': True, 'shared_model': True, 'approximation_used': False, 'normalized_adjacency_cached': True, 'message_backend': 'sparse_fused', 'edge_expanded_messages': False, 'full_graph': True, 'gradient_checkpointing': False}",raw/Flickr__CONAD__seed44__46aecabd94ed66a22e8ae676.json,
bf4f6c7f-f6f3-4285-86e9-7715a38c4aba,4656820497327eaa68b5d696,391f2600f2d3a2c472f802767b5b7612c048e73ddfc3d03efea91a9416d5f7cf,ac10847c4f361dd494316905ff28e356c6f7cff17a7b12668d1b791c03811055,c4b03f9607545b9e6f71366f24a4fa17b98ad1c32b0a3354a42cf6d57ae275c3,Flickr,Flickr-Syn,synthetic_injection_fixed_dataset_seed_42,round5_new,CONAD,CONAD,gog_fraud.models.pygod.shared_reconstruction.SharedCONAD,45,50,50,False,,sparse_fused,exact_sparse,True,False,False,False,89250,1001494,success,,,stratified_node_transductive,0.0,0.9809628922740148,0.4595734161208586,0.5197278911564627,21.578947067260742,0.5132013201320133,20.39467430114746,0.9659159663865546,0.40627041149575444,0.696528555431131,0.5198892844675401,0.8378714303726587,,,,0.4918767507002801,0.492152466367713,0.4916013437849944,892.0,validation_labels,892.0,43733.0,893.0,43732.0,False,False,False,0.5198892844675401,0.8378714303726587,0.492152466367713,0.4916013437849944,0.9809628922740148,0.019037107725985283,expected_direction,report_only_no_silent_inversion,11.616174054001021,0.10768070700214594,14.092177982998692,1642.0625,3052.0,1985.97998046875,2340.0,4.0089898109436035,477.7456970214844,"{'name': 'sparse_fused', 'score_chunk_size': 8192, 'reconstruction_backend': 'exact_sparse', 'dense_materialized': False, 'training_full_graph': True, 'shared_model': True, 'approximation_used': False, 'normalized_adjacency_cached': True, 'message_backend': 'sparse_fused', 'edge_expanded_messages': False, 'full_graph': True, 'gradient_checkpointing': False}",raw/Flickr__CONAD__seed45__4656820497327eaa68b5d696.json,
a9a5efbe-40cb-4057-8bf0-e27238b89447,3af2b6d2aabd6d65d24c8e5c,391f2600f2d3a2c472f802767b5b7612c048e73ddfc3d03efea91a9416d5f7cf,ac10847c4f361dd494316905ff28e356c6f7cff17a7b12668d1b791c03811055,c4b03f9607545b9e6f71366f24a4fa17b98ad1c32b0a3354a42cf6d57ae275c3,Flickr,Flickr-Syn,synthetic_injection_fixed_dataset_seed_42,round5_new,CONAD,CONAD,gog_fraud.models.pygod.shared_reconstruction.SharedCONAD,46,50,50,False,,sparse_fused,exact_sparse,True,False,False,False,89250,1001494,success,,,stratified_node_transductive,0.0,0.9818456742887478,0.4629242089778669,0.5186775440103049,20.624935150146484,0.5149051490514905,21.284080505371094,0.969703081232493,0.4314912944738834,0.6382978723404256,0.5132028480698183,0.8105625463412546,,,,0.49411764705882355,0.4943946188340807,0.49384098544232924,892.0,validation_labels,892.0,43733.0,893.0,43732.0,False,False,False,0.5132028480698183,0.8105625463412546,0.4943946188340807,0.49384098544232924,0.9818456742887478,0.018154325711252157,expected_direction,report_only_no_silent_inversion,11.154119273000106,0.1142588570000953,13.463142679000157,1676.9453125,3052.0,1985.8984375,2340.0,3.6841330528259277,488.4985046386719,"{'name': 'sparse_fused', 'score_chunk_size': 8192, 'reconstruction_backend': 'exact_sparse', 'dense_materialized': False, 'training_full_graph': True, 'shared_model': True, 'approximation_used': False, 'normalized_adjacency_cached': True, 'message_backend': 'sparse_fused', 'edge_expanded_messages': False, 'full_graph': True, 'gradient_checkpointing': False}",raw/Flickr__CONAD__seed46__3af2b6d2aabd6d65d24c8e5c.json,
9abc4e5f-e4ed-44ec-a889-87e56c68e48c,8177815ed52a25f3cf7b05c8,391f2600f2d3a2c472f802767b5b7612c048e73ddfc3d03efea91a9416d5f7cf,ac10847c4f361dd494316905ff28e356c6f7cff17a7b12668d1b791c03811055,c4b03f9607545b9e6f71366f24a4fa17b98ad1c32b0a3354a42cf6d57ae275c3,Flickr,Flickr-Syn,synthetic_injection_fixed_dataset_seed_42,round5_new,CoLA,CoLA,pygod.detector.cola.CoLA,42,50,50,False,,sparse_fused,not_applicable_native_objective,True,False,False,False,89250,1001494,success,,,stratified_node_transductive,0.0,0.28662955670974877,0.048504855069228955,0.13669542136695423,0.4693714380264282,0.12998522895125553,0.5345513224601746,0.9905658263305323,0.19047619047619047,0.09865470852017937,0.12458769348824016,0.5450514070348822,,,,0.12885154061624648,0.12877939529675253,0.1289237668161435,893.0,validation_labels,893.0,43732.0,892.0,43733.0,False,False,False,0.12458769348824016,0.5450514070348822,0.12877939529675253,0.1289237668161435,0.28662955670974877,0.7133704432902512,warning_inverse_association,report_only_no_silent_inversion,4.994031966998591,0.09930095299932873,5.978202563001105,1984.4453125,1774.0,781.50390625,1064.0,-63.71107864379883,5.791594505310059,{},raw/Flickr__CoLA__seed42__8177815ed52a25f3cf7b05c8.json,
488f70dd-721b-4ed7-ba39-4ecb60766bfb,4c0d424b50719fa440052852,391f2600f2d3a2c472f802767b5b7612c048e73ddfc3d03efea91a9416d5f7cf,ac10847c4f361dd494316905ff28e356c6f7cff17a7b12668d1b791c03811055,c4b03f9607545b9e6f71366f24a4fa17b98ad1c32b0a3354a42cf6d57ae275c3,Flickr,Flickr-Syn,synthetic_injection_fixed_dataset_seed_42,round5_new,CoLA,CoLA,pygod.detector.cola.CoLA,43,50,50,False,,sparse_fused,not_applicable_native_objective,True,False,False,False,89250,1001494,success,,,stratified_node_transductive,0.0,0.2935696140839966,0.030893243478303065,0.08801955990220048,0.669197678565979,0.08581818181818182,0.5927368402481079,0.9897366946778712,0.12215320910973085,0.06614349775784753,0.07635515719512091,0.5282241509551591,,,,0.07507002801120448,0.07502799552071669,0.07511210762331838,893.0,validation_labels,893.0,43732.0,892.0,43733.0,False,False,False,0.07635515719512091,0.5282241509551591,0.07502799552071669,0.07511210762331838,0.2935696140839966,0.7064303859160033,warning_inverse_association,report_only_no_silent_inversion,4.966833823000343,0.10042692200295278,6.13130896399889,1973.9765625,1774.0,781.50390625,1064.0,-170.7299041748047,6.1327223777771,{},raw/Flickr__CoLA__seed43__4c0d424b50719fa440052852.json,
7aacfe0a-947f-4e08-97a2-8e2590de0379,67b632af527aaff68a6252d6,391f2600f2d3a2c472f802767b5b7612c048e73ddfc3d03efea91a9416d5f7cf,ac10847c4f361dd494316905ff28e356c6f7cff17a7b12668d1b791c03811055,c4b03f9607545b9e6f71366f24a4fa17b98ad1c32b0a3354a42cf6d57ae275c3,Flickr,Flickr-Syn,synthetic_injection_fixed_dataset_seed_42,round5_new,CoLA,CoLA,pygod.detector.cola.CoLA,44,50,50,False,,sparse_fused,not_applicable_native_objective,True,False,False,False,89250,1001494,success,,,stratified_node_transductive,0.0,0.3726979011139652,0.07162876447669952,0.16937191249117853,0.6320337057113647,0.16678058783321942,0.6094443798065186,0.9870252100840337,0.2136602451838879,0.1367713004484305,0.15753684754564123,0.563252226951172,,,,0.1568627450980392,0.15677491601343785,0.15695067264573992,893.0,validation_labels,893.0,43732.0,892.0,43733.0,False,False,False,0.15753684754564123,0.563252226951172,0.15677491601343785,0.15695067264573992,0.3726979011139652,0.6273020988860347,warning_inverse_association,report_only_no_silent_inversion,4.814831765997951,0.0977212719990348,6.941778690998035,1981.6875,1774.0,781.50390625,1064.0,-174.3042449951172,8.785799026489258,{},raw/Flickr__CoLA__seed44__67b632af527aaff68a6252d6.json,
53c9e28d-addc-420b-9945-d09c472fe171,5f5dc4d01a24cf2ea8ceba1e,391f2600f2d3a2c472f802767b5b7612c048e73ddfc3d03efea91a9416d5f7cf,ac10847c4f361dd494316905ff28e356c6f7cff17a7b12668d1b791c03811055,c4b03f9607545b9e6f71366f24a4fa17b98ad1c32b0a3354a42cf6d57ae275c3,Flickr,Flickr-Syn,synthetic_injection_fixed_dataset_seed_42,round5_new,CoLA,CoLA,pygod.detector.cola.CoLA,45,50,50,False,,sparse_fused,not_applicable_native_objective,True,False,False,False,89250,1001494,success,,,stratified_node_transductive,0.0,0.5089534453413641,0.05551651185544036,0.14096916299559473,0.47563043236732483,0.13638785295684602,0.5321545004844666,0.9777927170868347,0.13008130081300814,0.1433370660694289,0.11802455698877712,0.5618816492882588,,,,0.13109243697478992,0.1311659192825112,0.13101903695408734,892.0,validation_labels,892.0,43733.0,893.0,43732.0,False,False,False,0.11802455698877712,0.5618816492882588,0.1311659192825112,0.13101903695408734,0.5089534453413641,0.49104655465863595,expected_direction,report_only_no_silent_inversion,4.9553878430015175,0.09608274899801472,7.353089219999674,2000.43359375,1774.0,781.50390625,1064.0,-26.265464782714844,9.389799118041992,{},raw/Flickr__CoLA__seed45__5f5dc4d01a24cf2ea8ceba1e.json,
e45aea94-7c10-439c-b785-a3e529f1da27,c75241f37a8c069c54365e8a,391f2600f2d3a2c472f802767b5b7612c048e73ddfc3d03efea91a9416d5f7cf,ac10847c4f361dd494316905ff28e356c6f7cff17a7b12668d1b791c03811055,c4b03f9607545b9e6f71366f24a4fa17b98ad1c32b0a3354a42cf6d57ae275c3,Flickr,Flickr-Syn,synthetic_injection_fixed_dataset_seed_42,round5_new,CoLA,CoLA,pygod.detector.cola.CoLA,46,50,50,False,,sparse_fused,not_applicable_native_objective,True,False,False,False,89250,1001494,success,,,stratified_node_transductive,0.0,0.18502406851709727,0.017080815508567083,0.05344585091420535,0.6338940858840942,0.051587301587301584,0.60107421875,0.9858823529411764,0.0630048465266559,0.043673012318029114,0.036412160096095,0.5152052064242665,,,,0.04929971988795518,0.04932735426008968,0.04927211646136618,892.0,validation_labels,892.0,43733.0,893.0,43732.0,False,False,False,0.036412160096095,0.5152052064242665,0.04932735426008968,0.04927211646136618,0.18502406851709727,0.8149759314829027,warning_inverse_association,report_only_no_silent_inversion,4.980151823001506,0.0975157289976778,7.305606983998587,1995.85546875,1774.0,781.50390625,1064.0,-227.94931030273438,6.5323805809021,{},raw/Flickr__CoLA__seed46__c75241f37a8c069c54365e8a.json,
de04b5e2-02e4-43dd-a447-75df362bb928,5850565b55facb735aa108fe,391f2600f2d3a2c472f802767b5b7612c048e73ddfc3d03efea91a9416d5f7cf,ac10847c4f361dd494316905ff28e356c6f7cff17a7b12668d1b791c03811055,c4b03f9607545b9e6f71366f24a4fa17b98ad1c32b0a3354a42cf6d57ae275c3,Flickr,Flickr-Syn,synthetic_injection_fixed_dataset_seed_42,round5_new,DLG-Aug,DLG,gog_fraud.models.pygod.shared_reconstruction.SharedDLGFull,42,50,50,False,,sparse_fused,exact_sparse,True,False,False,False,89250,1001494,success,,,stratified_node_transductive,0.0,0.9804089666001159,0.4511890015066406,0.5191304347826087,41.53422546386719,0.5072126570497906,43.34333801269531,0.970733893557423,0.4335719968178202,0.6109865470852018,0.5030799384090275,0.7973529675951471,,,,0.48291316526610645,0.4826427771556551,0.48318385650224216,893.0,validation_labels,893.0,43732.0,892.0,43733.0,False,False,False,0.5030799384090275,0.7973529675951471,0.4826427771556551,0.48318385650224216,0.9804089666001159,0.01959103339988407,expected_direction,report_only_no_silent_inversion,8.502465192003001,0.11368324599970947,10.842841926998517,1773.41796875,2612.0,1631.625,1902.0,8.100232124328613,1066.049072265625,"{'name': 'sparse_fused', 'score_chunk_size': 8192, 'reconstruction_backend': 'exact_sparse', 'dense_materialized': False, 'training_full_graph': True, 'shared_model': True, 'approximation_used': False, 'normalized_adjacency_cached': True, 'message_backend': 'sparse_fused', 'edge_expanded_messages': False, 'full_graph': True, 'gradient_checkpointing': False}",raw/Flickr__DLG-Aug__seed42__5850565b55facb735aa108fe.json,
97c38b7b-5ebd-40b0-aba8-9c48ca0df94b,bf2b3384fb0c85facdcf84c6,391f2600f2d3a2c472f802767b5b7612c048e73ddfc3d03efea91a9416d5f7cf,ac10847c4f361dd494316905ff28e356c6f7cff17a7b12668d1b791c03811055,c4b03f9607545b9e6f71366f24a4fa17b98ad1c32b0a3354a42cf6d57ae275c3,Flickr,Flickr-Syn,synthetic_injection_fixed_dataset_seed_42,round5_new,DLG-Aug,DLG,gog_fraud.models.pygod.shared_reconstruction.SharedDLGFull,43,50,50,False,,sparse_fused,exact_sparse,True,False,False,False,89250,1001494,success,,,stratified_node_transductive,0.0,0.9817946940356272,0.4793657690294874,0.5292576419213973,43.19960403442383,0.5121829935355544,47.243839263916016,0.9754397759103641,0.46023235031277926,0.577354260089686,0.5044575646703325,0.7817715896062727,,,,0.49523809523809526,0.49496080627099664,0.49551569506726456,893.0,validation_labels,893.0,43732.0,892.0,43733.0,False,False,False,0.5044575646703325,0.7817715896062727,0.49496080627099664,0.49551569506726456,0.9817946940356272,0.018205305964372677,expected_direction,report_only_no_silent_inversion,8.381071954001527,0.111733171997912,10.690999018999719,1722.79296875,2612.0,1631.625,1902.0,8.59458065032959,1061.03076171875,"{'name': 'sparse_fused', 'score_chunk_size': 8192, 'reconstruction_backend': 'exact_sparse', 'dense_materialized': False, 'training_full_graph': True, 'shared_model': True, 'approximation_used': False, 'normalized_adjacency_cached': True, 'message_backend': 'sparse_fused', 'edge_expanded_messages': False, 'full_graph': True, 'gradient_checkpointing': False}",raw/Flickr__DLG-Aug__seed43__bf2b3384fb0c85facdcf84c6.json,
8325ffc1-e156-4aac-b7ce-852aa2f3713a,6b029d00fa0f4eef3e7444ea,391f2600f2d3a2c472f802767b5b7612c048e73ddfc3d03efea91a9416d5f7cf,ac10847c4f361dd494316905ff28e356c6f7cff17a7b12668d1b791c03811055,c4b03f9607545b9e6f71366f24a4fa17b98ad1c32b0a3354a42cf6d57ae275c3,Flickr,Flickr-Syn,synthetic_injection_fixed_dataset_seed_42,round5_new,DLG-Aug,DLG,gog_fraud.models.pygod.shared_reconstruction.SharedDLGFull,44,50,50,False,,sparse_fused,exact_sparse,True,False,False,False,89250,1001494,success,,,stratified_node_transductive,0.0,0.9808931521783377,0.450955952371591,0.5208422862054146,41.56169509887695,0.5066273932253313,45.49072265625,0.9757086834733893,0.45065502183406114,0.57847533632287,0.49933264201935024,0.782046302373586,,,,0.47843137254901963,0.47816349384098544,0.4786995515695067,893.0,validation_labels,893.0,43732.0,892.0,43733.0,False,False,False,0.49933264201935024,0.782046302373586,0.47816349384098544,0.4786995515695067,0.9808931521783377,0.019106847821662207,expected_direction,report_only_no_silent_inversion,8.39947282600042,0.11504806100128917,10.685499562998302,1771.96484375,2612.0,1631.625,1902.0,7.856756210327148,975.2240600585938,"{'name': 'sparse_fused', 'score_chunk_size': 8192, 'reconstruction_backend': 'exact_sparse', 'dense_materialized': False, 'training_full_graph': True, 'shared_model': True, 'approximation_used': False, 'normalized_adjacency_cached': True, 'message_backend': 'sparse_fused', 'edge_expanded_messages': False, 'full_graph': True, 'gradient_checkpointing': False}",raw/Flickr__DLG-Aug__seed44__6b029d00fa0f4eef3e7444ea.json,
b6ad8f7b-e4a9-499d-b4ed-d928c49c9fb2,e6d3e854b23644143f4b736a,391f2600f2d3a2c472f802767b5b7612c048e73ddfc3d03efea91a9416d5f7cf,ac10847c4f361dd494316905ff28e356c6f7cff17a7b12668d1b791c03811055,c4b03f9607545b9e6f71366f24a4fa17b98ad1c32b0a3354a42cf6d57ae275c3,Flickr,Flickr-Syn,synthetic_injection_fixed_dataset_seed_42,round5_new,DLG-Aug,DLG,gog_fraud.models.pygod.shared_reconstruction.SharedDLGFull,45,50,50,False,,sparse_fused,exact_sparse,True,False,False,False,89250,1001494,success,,,stratified_node_transductive,0.0,0.9813628392584416,0.46344425241772913,0.5251601097895701,42.634315490722656,0.5195698924731182,40.87919616699219,0.9673501400560224,0.42178770949720673,0.6763717805151176,0.5223988243275094,0.8287191382224357,,,,0.49635854341736696,0.4966367713004484,0.49608062709966405,892.0,validation_labels,892.0,43733.0,893.0,43732.0,False,False,False,0.5223988243275094,0.8287191382224357,0.4966367713004484,0.49608062709966405,0.9813628392584416,0.018637160741558398,expected_direction,report_only_no_silent_inversion,8.189576118998957,0.11074254200138967,10.460882842999126,1760.3671875,2612.0,1631.625,1902.0,7.863532066345215,986.5413818359375,"{'name': 'sparse_fused', 'score_chunk_size': 8192, 'reconstruction_backend': 'exact_sparse', 'dense_materialized': False, 'training_full_graph': True, 'shared_model': True, 'approximation_used': False, 'normalized_adjacency_cached': True, 'message_backend': 'sparse_fused', 'edge_expanded_messages': False, 'full_graph': True, 'gradient_checkpointing': False}",raw/Flickr__DLG-Aug__seed45__e6d3e854b23644143f4b736a.json,
aa71aad1-89c3-494f-9a65-fe3acc88cacb,a869115bcd544f849d44b608,391f2600f2d3a2c472f802767b5b7612c048e73ddfc3d03efea91a9416d5f7cf,ac10847c4f361dd494316905ff28e356c6f7cff17a7b12668d1b791c03811055,c4b03f9607545b9e6f71366f24a4fa17b98ad1c32b0a3354a42cf6d57ae275c3,Flickr,Flickr-Syn,synthetic_injection_fixed_dataset_seed_42,round5_new,DLG-Aug,DLG,gog_fraud.models.pygod.shared_reconstruction.SharedDLGFull,46,50,50,False,,sparse_fused,exact_sparse,True,False,False,False,89250,1001494,success,,,stratified_node_transductive,0.0,0.9814885028621342,0.45463971510475293,0.5160744500846024,40.284324645996094,0.5091575091575091,42.2939338684082,0.9703977591036415,0.43067389620449265,0.6226203807390818,0.5061588223946741,0.8029067329470585,,,,0.48627450980392156,0.48654708520179374,0.48600223964165734,892.0,validation_labels,892.0,43733.0,893.0,43732.0,False,False,False,0.5061588223946741,0.8029067329470585,0.48654708520179374,0.48600223964165734,0.9814885028621342,0.01851149713786579,expected_direction,report_only_no_silent_inversion,8.680905540000822,0.10450024799865787,11.03415072899952,1773.81640625,2612.0,1631.625,1902.0,7.6297926902771,979.6268310546875,"{'name': 'sparse_fused', 'score_chunk_size': 8192, 'reconstruction_backend': 'exact_sparse', 'dense_materialized': False, 'training_full_graph': True, 'shared_model': True, 'approximation_used': False, 'normalized_adjacency_cached': True, 'message_backend': 'sparse_fused', 'edge_expanded_messages': False, 'full_graph': True, 'gradient_checkpointing': False}",raw/Flickr__DLG-Aug__seed46__a869115bcd544f849d44b608.json,
0df701de-e436-46dc-997b-887cedcde280,79cd4eef195836a17bdfc136,391f2600f2d3a2c472f802767b5b7612c048e73ddfc3d03efea91a9416d5f7cf,ac10847c4f361dd494316905ff28e356c6f7cff17a7b12668d1b791c03811055,c4b03f9607545b9e6f71366f24a4fa17b98ad1c32b0a3354a42cf6d57ae275c3,Flickr,Flickr-Syn,synthetic_injection_fixed_dataset_seed_42,round5_new,DLG-Base,DLG-Base,gog_fraud.models.pygod.shared_reconstruction.SharedDLGBase,42,50,50,False,,sparse_fused,exact_sparse,True,False,False,False,89250,1001494,success,,,stratified_node_transductive,0.0,0.9801343179192037,0.4436414250549003,0.5163572060123784,41.155540466308594,0.5079365079365079,42.585514068603516,0.970532212885154,0.4352,0.6098654708520179,0.5036113321131231,0.796861027562382,,,,0.48403361344537815,0.48376259798432253,0.484304932735426,893.0,validation_labels,893.0,43732.0,892.0,43733.0,False,False,False,0.5036113321131231,0.796861027562382,0.48376259798432253,0.484304932735426,0.9801343179192037,0.01986568208079624,expected_direction,report_only_no_silent_inversion,8.395010283002193,0.1231810069984931,10.669185920000018,1568.94921875,2642.0,1720.93994140625,1932.0,7.043943405151367,961.3700561523438,"{'name': 'sparse_fused', 'score_chunk_size': 8192, 'reconstruction_backend': 'exact_sparse', 'dense_materialized': False, 'training_full_graph': True, 'shared_model': True, 'approximation_used': False, 'normalized_adjacency_cached': True, 'message_backend': 'sparse_fused', 'edge_expanded_messages': False, 'full_graph': True, 'gradient_checkpointing': False}",raw/Flickr__DLG-Base__seed42__79cd4eef195836a17bdfc136.json,
9547f700-3f3a-47ce-a83c-242d30e47abd,634caa8cd5676c0b7e44c643,391f2600f2d3a2c472f802767b5b7612c048e73ddfc3d03efea91a9416d5f7cf,ac10847c4f361dd494316905ff28e356c6f7cff17a7b12668d1b791c03811055,c4b03f9607545b9e6f71366f24a4fa17b98ad1c32b0a3354a42cf6d57ae275c3,Flickr,Flickr-Syn,synthetic_injection_fixed_dataset_seed_42,round5_new,DLG-Base,DLG-Base,gog_fraud.models.pygod.shared_reconstruction.SharedDLGBase,43,50,50,False,,sparse_fused,exact_sparse,True,False,False,False,89250,1001494,success,,,stratified_node_transductive,0.0,0.9801511598254348,0.4540119845011228,0.5119423163587201,42.22712707519531,0.5075921908893709,41.251277923583984,0.9698375350140056,0.4140127388535032,0.655829596412556,0.5090760634055186,0.8184482626381715,,,,0.47843137254901963,0.47816349384098544,0.4786995515695067,893.0,validation_labels,893.0,43732.0,892.0,43733.0,False,False,False,0.5090760634055186,0.8184482626381715,0.47816349384098544,0.4786995515695067,0.9801511598254348,0.019848840174565202,expected_direction,report_only_no_silent_inversion,8.384816612000577,0.11982532200272544,10.680680175999441,1558.49609375,2642.0,1720.93994140625,1932.0,6.93520975112915,959.7423706054688,"{'name': 'sparse_fused', 'score_chunk_size': 8192, 'reconstruction_backend': 'exact_sparse', 'dense_materialized': False, 'training_full_graph': True, 'shared_model': True, 'approximation_used': False, 'normalized_adjacency_cached': True, 'message_backend': 'sparse_fused', 'edge_expanded_messages': False, 'full_graph': True, 'gradient_checkpointing': False}",raw/Flickr__DLG-Base__seed43__634caa8cd5676c0b7e44c643.json,
a833dde7-381c-42bf-b28b-da07052b4691,f27ad9dd13df96467add27d8,391f2600f2d3a2c472f802767b5b7612c048e73ddfc3d03efea91a9416d5f7cf,ac10847c4f361dd494316905ff28e356c6f7cff17a7b12668d1b791c03811055,c4b03f9607545b9e6f71366f24a4fa17b98ad1c32b0a3354a42cf6d57ae275c3,Flickr,Flickr-Syn,synthetic_injection_fixed_dataset_seed_42,round5_new,DLG-Base,DLG-Base,gog_fraud.models.pygod.shared_reconstruction.SharedDLGBase,44,50,50,False,,sparse_fused,exact_sparse,True,False,False,False,89250,1001494,success,,,stratified_node_transductive,0.0,0.9803763338046333,0.44479129913902615,0.5164039198977418,41.128963470458984,0.5117117117117117,42.655242919921875,0.9719439775910365,0.42771084337349397,0.6367713004484304,0.5101824304968634,0.8096965596061465,,,,0.47394957983193275,0.47368421052631576,0.4742152466367713,893.0,validation_labels,893.0,43732.0,892.0,43733.0,False,False,False,0.5101824304968634,0.8096965596061465,0.47368421052631576,0.4742152466367713,0.9803763338046333,0.019623666195366728,expected_direction,report_only_no_silent_inversion,8.3242562359992,0.10808782199819689,10.758731491001527,1567.4609375,2642.0,1720.93994140625,1932.0,6.949830055236816,939.0118408203125,"{'name': 'sparse_fused', 'score_chunk_size': 8192, 'reconstruction_backend': 'exact_sparse', 'dense_materialized': False, 'training_full_graph': True, 'shared_model': True, 'approximation_used': False, 'normalized_adjacency_cached': True, 'message_backend': 'sparse_fused', 'edge_expanded_messages': False, 'full_graph': True, 'gradient_checkpointing': False}",raw/Flickr__DLG-Base__seed44__f27ad9dd13df96467add27d8.json,
4c226011-09e6-4a8d-8b1e-d2eac2ab68f2,36da18dd863605133c7dcdc8,391f2600f2d3a2c472f802767b5b7612c048e73ddfc3d03efea91a9416d5f7cf,ac10847c4f361dd494316905ff28e356c6f7cff17a7b12668d1b791c03811055,c4b03f9607545b9e6f71366f24a4fa17b98ad1c32b0a3354a42cf6d57ae275c3,Flickr,Flickr-Syn,synthetic_injection_fixed_dataset_seed_42,round5_new,DLG-Base,DLG-Base,gog_fraud.models.pygod.shared_reconstruction.SharedDLGBase,45,50,50,False,,sparse_fused,exact_sparse,True,False,False,False,89250,1001494,success,,,stratified_node_transductive,0.0,0.981568177299809,0.4664383083227892,0.5264124942581534,42.583160400390625,0.5181391378574477,40.67472839355469,0.9670812324929972,0.4186206896551724,0.6797312430011199,0.5216368777297132,0.8302273703343659,,,,0.5030812324929972,0.5033632286995515,0.5027995520716685,892.0,validation_labels,892.0,43733.0,893.0,43732.0,False,False,False,0.5216368777297132,0.8302273703343659,0.5033632286995515,0.5027995520716685,0.981568177299809,0.018431822700190892,expected_direction,report_only_no_silent_inversion,8.265976464001142,0.116007927001192,10.507276379001269,1568.80078125,2642.0,1720.93994140625,1932.0,7.112975120544434,983.0307006835938,"{'name': 'sparse_fused', 'score_chunk_size': 8192, 'reconstruction_backend': 'exact_sparse', 'dense_materialized': False, 'training_full_graph': True, 'shared_model': True, 'approximation_used': False, 'normalized_adjacency_cached': True, 'message_backend': 'sparse_fused', 'edge_expanded_messages': False, 'full_graph': True, 'gradient_checkpointing': False}",raw/Flickr__DLG-Base__seed45__36da18dd863605133c7dcdc8.json,
053c1564-b8c5-4a9a-a6a6-e0ed0afca3a2,1ced5a1e5e848b9e9357bbda,391f2600f2d3a2c472f802767b5b7612c048e73ddfc3d03efea91a9416d5f7cf,ac10847c4f361dd494316905ff28e356c6f7cff17a7b12668d1b791c03811055,c4b03f9607545b9e6f71366f24a4fa17b98ad1c32b0a3354a42cf6d57ae275c3,Flickr,Flickr-Syn,synthetic_injection_fixed_dataset_seed_42,round5_new,DLG-Base,DLG-Base,gog_fraud.models.pygod.shared_reconstruction.SharedDLGBase,46,50,50,False,,sparse_fused,exact_sparse,True,False,False,False,89250,1001494,success,,,stratified_node_transductive,0.0,0.9827369832479599,0.4758626109207553,0.5303096380287833,41.5792350769043,0.5238095238095238,44.1278190612793,0.9728627450980392,0.45567522783761394,0.6159014557670772,0.5187083697552902,0.8004390659426257,,,,0.507563025210084,0.507847533632287,0.5072788353863382,892.0,validation_labels,892.0,43733.0,893.0,43732.0,False,False,False,0.5187083697552902,0.8004390659426257,0.507847533632287,0.5072788353863382,0.9827369832479599,0.01726301675204024,expected_direction,report_only_no_silent_inversion,8.215411594002944,0.11847700399812311,10.518389633001789,1561.37109375,2642.0,1720.93994140625,1932.0,7.249363422393799,1003.4840698242188,"{'name': 'sparse_fused', 'score_chunk_size': 8192, 'reconstruction_backend': 'exact_sparse', 'dense_materialized': False, 'training_full_graph': True, 'shared_model': True, 'approximation_used': False, 'normalized_adjacency_cached': True, 'message_backend': 'sparse_fused', 'edge_expanded_messages': False, 'full_graph': True, 'gradient_checkpointing': False}",raw/Flickr__DLG-Base__seed46__1ced5a1e5e848b9e9357bbda.json,
38175864-59b6-4082-a24c-7f88e290ea9f,55f6beb162e188e10fd16ab5,391f2600f2d3a2c472f802767b5b7612c048e73ddfc3d03efea91a9416d5f7cf,ac10847c4f361dd494316905ff28e356c6f7cff17a7b12668d1b791c03811055,c4b03f9607545b9e6f71366f24a4fa17b98ad1c32b0a3354a42cf6d57ae275c3,Flickr,Flickr-Syn,synthetic_injection_fixed_dataset_seed_42,round5_new,DOMINANT,DOMINANT,gog_fraud.models.pygod.shared_reconstruction.SharedDOMINANT,42,50,50,False,,sparse_fused,exact_sparse,True,False,False,False,89250,1001494,success,,,stratified_node_transductive,0.0,0.980291791024192,0.44645739813319124,0.5161572052401746,41.60259246826172,0.5105782792665726,43.71247863769531,0.9713389355742297,0.43967611336032386,0.6087443946188341,0.5058895011117505,0.7964605516413861,,,,0.48739495798319327,0.48712206047032475,0.4876681614349776,893.0,validation_labels,893.0,43732.0,892.0,43733.0,False,False,False,0.5058895011117505,0.7964605516413861,0.48712206047032475,0.4876681614349776,0.980291791024192,0.01970820897580805,expected_direction,report_only_no_silent_inversion,8.771077692999995,0.11993072500001745,9.86071124099999,1553.0,2702.0,1654.6787109375,1822.0,7.668838977813721,972.3128051757812,"{'name': 'sparse_fused', 'score_chunk_size': 8192, 'reconstruction_backend': 'exact_sparse', 'dense_materialized': False, 'training_full_graph': True, 'shared_model': True, 'approximation_used': False, 'normalized_adjacency_cached': True, 'message_backend': 'sparse_fused', 'edge_expanded_messages': False, 'full_graph': True, 'gradient_checkpointing': False}",raw/Flickr__DOMINANT__seed42__55f6beb162e188e10fd16ab5.json,
d980d85b-ab6d-45d3-a31f-60a5f1b7ae46,72e3d6ede1781f53a9ac3e4e,391f2600f2d3a2c472f802767b5b7612c048e73ddfc3d03efea91a9416d5f7cf,ac10847c4f361dd494316905ff28e356c6f7cff17a7b12668d1b791c03811055,c4b03f9607545b9e6f71366f24a4fa17b98ad1c32b0a3354a42cf6d57ae275c3,Flickr,Flickr-Syn,synthetic_injection_fixed_dataset_seed_42,round5_new,DOMINANT,DOMINANT,gog_fraud.models.pygod.shared_reconstruction.SharedDOMINANT,43,50,50,False,,sparse_fused,exact_sparse,True,False,False,False,89250,1001494,success,,,stratified_node_transductive,0.0,0.9814405782172477,0.4675094678718836,0.524810013410818,42.25383758544922,0.5204321277595115,43.67173385620117,0.9731540616246499,0.44785772029102666,0.6210762331838565,0.5161809191995389,0.8027293680496375,,,,0.48851540616246497,0.48824188129899215,0.48878923766816146,893.0,validation_labels,893.0,43732.0,892.0,43733.0,False,False,False,0.5161809191995389,0.8027293680496375,0.48824188129899215,0.48878923766816146,0.9814405782172477,0.018559421782752432,expected_direction,report_only_no_silent_inversion,8.028395904002537,0.11496325900225202,10.452601566998055,1547.046875,2532.0,1654.6787109375,1822.0,7.187602519989014,928.8720703125,"{'name': 'sparse_fused', 'score_chunk_size': 8192, 'reconstruction_backend': 'exact_sparse', 'dense_materialized': False, 'training_full_graph': True, 'shared_model': True, 'approximation_used': False, 'normalized_adjacency_cached': True, 'message_backend': 'sparse_fused', 'edge_expanded_messages': False, 'full_graph': True, 'gradient_checkpointing': False}",raw/Flickr__DOMINANT__seed43__72e3d6ede1781f53a9ac3e4e.json,
e15e5a89-5911-467c-815d-1c88fb50a256,29f36b4f0aa7f4e76836376d,391f2600f2d3a2c472f802767b5b7612c048e73ddfc3d03efea91a9416d5f7cf,ac10847c4f361dd494316905ff28e356c6f7cff17a7b12668d1b791c03811055,c4b03f9607545b9e6f71366f24a4fa17b98ad1c32b0a3354a42cf6d57ae275c3,Flickr,Flickr-Syn,synthetic_injection_fixed_dataset_seed_42,round5_new,DOMINANT,DOMINANT,gog_fraud.models.pygod.shared_reconstruction.SharedDOMINANT,44,50,50,False,,sparse_fused,exact_sparse,True,False,False,False,89250,1001494,success,,,stratified_node_transductive,0.0,0.9820765588453126,0.46883437139232953,0.5328892589508742,40.9744873046875,0.5222007722007722,45.31317901611328,0.9752605042016806,0.45847457627118643,0.6065022421524664,0.516318616485719,0.7959454251486728,,,,0.49299719887955185,0.49272116461366183,0.49327354260089684,893.0,validation_labels,893.0,43732.0,892.0,43733.0,False,False,False,0.516318616485719,0.7959454251486728,0.49272116461366183,0.49327354260089684,0.9820765588453126,0.017923441154687244,expected_direction,report_only_no_silent_inversion,8.057665450000059,0.11300212199785165,10.38928567000039,1551.0859375,2532.0,1654.6787109375,1822.0,7.336399078369141,968.8681030273438,"{'name': 'sparse_fused', 'score_chunk_size': 8192, 'reconstruction_backend': 'exact_sparse', 'dense_materialized': False, 'training_full_graph': True, 'shared_model': True, 'approximation_used': False, 'normalized_adjacency_cached': True, 'message_backend': 'sparse_fused', 'edge_expanded_messages': False, 'full_graph': True, 'gradient_checkpointing': False}",raw/Flickr__DOMINANT__seed44__29f36b4f0aa7f4e76836376d.json,
7c48fd9a-4471-4f62-9220-8ecdaa0fbe5d,ffae14e12f7e4b26b2b911ce,391f2600f2d3a2c472f802767b5b7612c048e73ddfc3d03efea91a9416d5f7cf,ac10847c4f361dd494316905ff28e356c6f7cff17a7b12668d1b791c03811055,c4b03f9607545b9e6f71366f24a4fa17b98ad1c32b0a3354a42cf6d57ae275c3,Flickr,Flickr-Syn,synthetic_injection_fixed_dataset_seed_42,round5_new,DOMINANT,DOMINANT,gog_fraud.models.pygod.shared_reconstruction.SharedDOMINANT,45,50,50,False,,sparse_fused,exact_sparse,True,False,False,False,89250,1001494,success,,,stratified_node_transductive,0.0,0.9809602804171473,0.45950859009326667,0.5196921684019918,43.14423370361328,0.5130111524163569,40.823822021484375,0.965983193277311,0.406413612565445,0.6954087346024636,0.5195541420250621,0.8373343865091345,,,,0.4918767507002801,0.492152466367713,0.4916013437849944,892.0,validation_labels,892.0,43733.0,893.0,43732.0,False,False,False,0.5195541420250621,0.8373343865091345,0.492152466367713,0.4916013437849944,0.9809602804171473,0.01903971958285266,expected_direction,report_only_no_silent_inversion,7.97561253800086,0.10867618699921877,10.357588300998032,1553.7109375,2532.0,1654.6787109375,1822.0,8.011336326599121,955.489013671875,"{'name': 'sparse_fused', 'score_chunk_size': 8192, 'reconstruction_backend': 'exact_sparse', 'dense_materialized': False, 'training_full_graph': True, 'shared_model': True, 'approximation_used': False, 'normalized_adjacency_cached': True, 'message_backend': 'sparse_fused', 'edge_expanded_messages': False, 'full_graph': True, 'gradient_checkpointing': False}",raw/Flickr__DOMINANT__seed45__ffae14e12f7e4b26b2b911ce.json,
14b947f5-2048-45a4-90b5-8ef0f782335f,21e54d99753809d434528027,391f2600f2d3a2c472f802767b5b7612c048e73ddfc3d03efea91a9416d5f7cf,ac10847c4f361dd494316905ff28e356c6f7cff17a7b12668d1b791c03811055,c4b03f9607545b9e6f71366f24a4fa17b98ad1c32b0a3354a42cf6d57ae275c3,Flickr,Flickr-Syn,synthetic_injection_fixed_dataset_seed_42,round5_new,DOMINANT,DOMINANT,gog_fraud.models.pygod.shared_reconstruction.SharedDOMINANT,46,50,50,False,,sparse_fused,exact_sparse,True,False,False,False,89250,1001494,success,,,stratified_node_transductive,0.0,0.9818434593316986,0.4628670096450373,0.5186775440103049,41.250816345214844,0.5146726862302483,42.56850051879883,0.969703081232493,0.43116490166414523,0.6382978723404256,0.5129957473738531,0.8105511130658498,,,,0.49411764705882355,0.4943946188340807,0.49384098544232924,892.0,validation_labels,892.0,43733.0,893.0,43732.0,False,False,False,0.5129957473738531,0.8105511130658498,0.4943946188340807,0.49384098544232924,0.9818434593316986,0.01815654066830145,expected_direction,report_only_no_silent_inversion,7.945110085001943,0.11310455200145952,10.249621475002641,1555.1953125,2532.0,1654.6787109375,1822.0,7.366233825683594,976.98974609375,"{'name': 'sparse_fused', 'score_chunk_size': 8192, 'reconstruction_backend': 'exact_sparse', 'dense_materialized': False, 'training_full_graph': True, 'shared_model': True, 'approximation_used': False, 'normalized_adjacency_cached': True, 'message_backend': 'sparse_fused', 'edge_expanded_messages': False, 'full_graph': True, 'gradient_checkpointing': False}",raw/Flickr__DOMINANT__seed46__21e54d99753809d434528027.json,
ff051c50-3909-4c83-8661-40d3e0af16a1,f0890113dcb2135eb40706cb,391f2600f2d3a2c472f802767b5b7612c048e73ddfc3d03efea91a9416d5f7cf,ac10847c4f361dd494316905ff28e356c6f7cff17a7b12668d1b791c03811055,c4b03f9607545b9e6f71366f24a4fa17b98ad1c32b0a3354a42cf6d57ae275c3,Flickr,Flickr-Syn,synthetic_injection_fixed_dataset_seed_42,round5_new,OCGNN,OCGNN,pygod.detector.ocgnn.OCGNN,42,50,50,False,,sparse_fused,not_applicable_native_objective,True,False,False,False,89250,1001494,success,,,stratified_node_transductive,0.0,0.5140325122105103,0.022843182199757634,0.054971319311663484,1.074331521987915,0.053742802303262956,1.8009145259857178,0.9620616246498599,0.040863981319322826,0.07847533632286996,0.029799626439363788,0.5204532262068469,,,,0.04257703081232493,0.0425531914893617,0.042600896860986545,893.0,validation_labels,893.0,43732.0,892.0,43733.0,False,False,False,0.029799626439363788,0.5204532262068469,0.0425531914893617,0.042600896860986545,0.5140325122105103,0.4859674877894898,expected_direction,report_only_no_silent_inversion,4.4499174669981585,0.08844815799966455,6.639638890999777,1894.8046875,1234.0,439.9931640625,524.0,-3.0616228580474854,4300.47314453125,{},raw/Flickr__OCGNN__seed42__f0890113dcb2135eb40706cb.json,
08fbbe60-7fbc-433d-aa42-ace80cb851c1,ae0462236a0573ebf9decafc,391f2600f2d3a2c472f802767b5b7612c048e73ddfc3d03efea91a9416d5f7cf,ac10847c4f361dd494316905ff28e356c6f7cff17a7b12668d1b791c03811055,c4b03f9607545b9e6f71366f24a4fa17b98ad1c32b0a3354a42cf6d57ae275c3,Flickr,Flickr-Syn,synthetic_injection_fixed_dataset_seed_42,round5_new,OCGNN,OCGNN,pygod.detector.ocgnn.OCGNN,43,50,50,False,,sparse_fused,not_applicable_native_objective,True,False,False,False,89250,1001494,success,,,stratified_node_transductive,0.0,0.5865935965483167,0.026129024122987992,0.053716216216216216,-0.12414276599884033,0.05367375886524823,-0.12379574775695801,0.6256134453781512,0.028267495368433634,0.5302690582959642,0.04581422890237812,0.5792337219771957,,,,0.030252100840336135,0.030235162374020158,0.030269058295964126,893.0,validation_labels,893.0,43732.0,892.0,43733.0,False,False,False,0.04581422890237812,0.5792337219771957,0.030235162374020158,0.030269058295964126,0.5865935965483167,0.41340640345168334,expected_direction,report_only_no_silent_inversion,4.369062011999631,0.08656316499764216,6.550413845998264,2035.78125,1234.0,439.9931640625,524.0,-0.9964220523834229,17.22519874572754,{},raw/Flickr__OCGNN__seed43__ae0462236a0573ebf9decafc.json,
12e1055e-f737-46b9-b961-8dc7f6f8837d,c7ffb72f6b0f773e3195ee7d,391f2600f2d3a2c472f802767b5b7612c048e73ddfc3d03efea91a9416d5f7cf,ac10847c4f361dd494316905ff28e356c6f7cff17a7b12668d1b791c03811055,c4b03f9607545b9e6f71366f24a4fa17b98ad1c32b0a3354a42cf6d57ae275c3,Flickr,Flickr-Syn,synthetic_injection_fixed_dataset_seed_42,round5_new,OCGNN,OCGNN,pygod.detector.ocgnn.OCGNN,44,50,50,False,,sparse_fused,not_applicable_native_objective,True,False,False,False,89250,1001494,success,,,stratified_node_transductive,0.0,0.3768210150896302,0.017978908226889183,0.04880694143167028,0.6762521266937256,0.04534005037783375,0.6105706691741943,0.9745882352941176,0.04117108874656908,0.05044843049327354,0.02398114490583428,0.5132424166048789,,,,0.04481792717086835,0.04479283314669653,0.04484304932735426,893.0,validation_labels,893.0,43732.0,892.0,43733.0,False,False,False,0.02398114490583428,0.5132424166048789,0.04479283314669653,0.04484304932735426,0.3768210150896302,0.6231789849103699,warning_inverse_association,report_only_no_silent_inversion,4.493712161001895,0.08855897700050264,6.832182359998114,1885.1015625,1234.0,439.9931640625,524.0,-2.8575639724731445,1105.1363525390625,{},raw/Flickr__OCGNN__seed44__c7ffb72f6b0f773e3195ee7d.json,
b2961fc9-5600-4612-aeb2-9056d186a644,f918a9e5a30664d8833737b0,391f2600f2d3a2c472f802767b5b7612c048e73ddfc3d03efea91a9416d5f7cf,ac10847c4f361dd494316905ff28e356c6f7cff17a7b12668d1b791c03811055,c4b03f9607545b9e6f71366f24a4fa17b98ad1c32b0a3354a42cf6d57ae275c3,Flickr,Flickr-Syn,synthetic_injection_fixed_dataset_seed_42,round5_new,OCGNN,OCGNN,pygod.detector.ocgnn.OCGNN,45,50,50,False,,sparse_fused,not_applicable_native_objective,True,False,False,False,89250,1001494,success,,,stratified_node_transductive,0.0,0.4605895124830882,0.02451630849200044,0.07509881422924901,1.0912566184997559,0.071875,0.8269157409667969,0.9625994397759103,0.055188962207558485,0.10302351623740201,0.049484223136252246,0.5335043493562387,,,,0.07058823529411765,0.07062780269058296,0.07054871220604703,892.0,validation_labels,892.0,43733.0,893.0,43732.0,False,False,False,0.049484223136252246,0.5335043493562387,0.07062780269058296,0.07054871220604703,0.4605895124830882,0.5394104875169118,expected_direction,report_only_no_silent_inversion,4.512018690998957,0.09111636500165332,6.960724799002492,1998.3984375,1234.0,439.9931640625,524.0,-2.6581008434295654,2008.522216796875,{},raw/Flickr__OCGNN__seed45__f918a9e5a30664d8833737b0.json,
8075afd8-b912-4cc7-b5b5-93a3f2ec564c,4df79765b35477ff14017543,391f2600f2d3a2c472f802767b5b7612c048e73ddfc3d03efea91a9416d5f7cf,ac10847c4f361dd494316905ff28e356c6f7cff17a7b12668d1b791c03811055,c4b03f9607545b9e6f71366f24a4fa17b98ad1c32b0a3354a42cf6d57ae275c3,Flickr,Flickr-Syn,synthetic_injection_fixed_dataset_seed_42,round5_new,OCGNN,OCGNN,pygod.detector.ocgnn.OCGNN,46,50,50,False,,sparse_fused,not_applicable_native_objective,True,False,False,False,89250,1001494,success,,,stratified_node_transductive,0.0,0.5688442195356856,0.032101491544198835,0.08967851099830797,0.9641578197479248,0.0778655050367547,0.5724108219146729,0.9388011204481793,0.05143884892086331,0.1601343784994401,0.0578449264059405,0.5499176420074261,,,,0.0773109243697479,0.0773542600896861,0.07726763717805152,892.0,validation_labels,892.0,43733.0,893.0,43732.0,False,False,False,0.0578449264059405,0.5499176420074261,0.0773542600896861,0.07726763717805152,0.5688442195356856,0.4311557804643144,expected_direction,report_only_no_silent_inversion,4.528292588998738,0.08603444799882709,6.8315959139981715,2049.69140625,1234.0,439.9931640625,524.0,-2.5315685272216797,1762.250244140625,{},raw/Flickr__OCGNN__seed46__4df79765b35477ff14017543.json,
8150c5ac-82b1-47a6-9b9d-901dc270ab0e,77ef004b0fedfd1f137beea1,391f2600f2d3a2c472f802767b5b7612c048e73ddfc3d03efea91a9416d5f7cf,ac10847c4f361dd494316905ff28e356c6f7cff17a7b12668d1b791c03811055,c4b03f9607545b9e6f71366f24a4fa17b98ad1c32b0a3354a42cf6d57ae275c3,PubMed,PubMed-Syn,synthetic_injection_fixed_dataset_seed_42,round5_new,AnomalyDAE,AnomalyDAE,gog_fraud.models.pygod.shared_reconstruction.SharedAnomalyDAE,42,50,50,False,,none,chunked_exact,True,False,False,False,19717,93958,success,,,stratified_node_transductive,0.0,0.9884399261229231,0.6863033433652321,0.6800670016750419,35.458351135253906,0.6676691729323309,35.43875503540039,0.9611483059444106,0.6016260162601627,0.75,0.6604869968262645,0.8673141273658893,,,,0.676818950930626,0.6779661016949152,0.6756756756756757,295.0,validation_labels,295.0,9563.0,296.0,9563.0,False,False,False,0.6604869968262645,0.8673141273658893,0.6779661016949152,0.6756756756756757,0.9884399261229231,0.011560073877076908,expected_direction,report_only_no_silent_inversion,36.378365910999946,0.18431560299995908,38.20384246899994,1408.6328125,1766.0,833.4345703125,1080.0,35.196067810058594,35.74821472167969,"{'name': 'pyg_coo_reference', 'score_chunk_size': 256, 'reconstruction_backend': 'chunked_exact', 'dense_materialized': False, 'training_full_graph': True, 'shared_model': True, 'approximation_used': False, 'normalized_adjacency_cached': False, 'message_backend': 'pyg_coo_reference', 'edge_expanded_messages': True, 'full_graph': True, 'gradient_checkpointing': False}",raw/PubMed__AnomalyDAE__seed42__77ef004b0fedfd1f137beea1.json,
e826e9ce-8c90-4f89-8eff-24dcf8f77644,075263991427f2513a58260c,391f2600f2d3a2c472f802767b5b7612c048e73ddfc3d03efea91a9416d5f7cf,ac10847c4f361dd494316905ff28e356c6f7cff17a7b12668d1b791c03811055,c4b03f9607545b9e6f71366f24a4fa17b98ad1c32b0a3354a42cf6d57ae275c3,PubMed,PubMed-Syn,synthetic_injection_fixed_dataset_seed_42,round5_new,AnomalyDAE,AnomalyDAE,gog_fraud.models.pygod.shared_reconstruction.SharedAnomalyDAE,43,50,50,False,,none,chunked_exact,True,False,False,False,19717,93958,success,,,stratified_node_transductive,0.0,0.9883756298911062,0.6652728868361747,0.6858006042296073,35.44023513793945,0.6838124054462935,35.440250396728516,0.9615540677622236,0.6191780821917808,0.7635135135135135,0.6769259102457559,0.8744891629054549,,,,0.6598984771573604,0.6610169491525424,0.6587837837837838,295.0,validation_labels,295.0,9563.0,296.0,9563.0,False,False,False,0.6769259102457559,0.8744891629054549,0.6610169491525424,0.6587837837837838,0.9883756298911062,0.011624370108893792,expected_direction,report_only_no_silent_inversion,36.73261514499973,0.181917269997939,37.72927346599681,1385.84375,1790.0,833.4345703125,1080.0,35.19533920288086,35.74897766113281,"{'name': 'pyg_coo_reference', 'score_chunk_size': 256, 'reconstruction_backend': 'chunked_exact', 'dense_materialized': False, 'training_full_graph': True, 'shared_model': True, 'approximation_used': False, 'normalized_adjacency_cached': False, 'message_backend': 'pyg_coo_reference', 'edge_expanded_messages': True, 'full_graph': True, 'gradient_checkpointing': False}",raw/PubMed__AnomalyDAE__seed43__075263991427f2513a58260c.json,
3e6aa8aa-e391-436d-982e-4135ac780767,247b610e97bfd80dd45eaf3b,391f2600f2d3a2c472f802767b5b7612c048e73ddfc3d03efea91a9416d5f7cf,ac10847c4f361dd494316905ff28e356c6f7cff17a7b12668d1b791c03811055,c4b03f9607545b9e6f71366f24a4fa17b98ad1c32b0a3354a42cf6d57ae275c3,PubMed,PubMed-Syn,synthetic_injection_fixed_dataset_seed_42,round5_new,AnomalyDAE,AnomalyDAE,gog_fraud.models.pygod.shared_reconstruction.SharedAnomalyDAE,44,50,50,False,,none,chunked_exact,True,False,False,False,19717,93958,success,,,stratified_node_transductive,0.0,0.9887107121761518,0.693715473530085,0.6872964169381107,35.45503616333008,0.6827794561933535,35.44096755981445,0.9616555082166768,0.6174863387978142,0.7635135135135135,0.6759417340492517,0.8744368780576037,,,,0.6700507614213198,0.6711864406779661,0.668918918918919,295.0,validation_labels,295.0,9563.0,296.0,9563.0,False,False,False,0.6759417340492517,0.8744368780576037,0.6711864406779661,0.668918918918919,0.9887107121761518,0.011289287823848105,expected_direction,report_only_no_silent_inversion,36.55783113799771,0.18143256500115967,37.44891188999827,1385.47265625,1790.0,833.4345703125,1080.0,35.19919204711914,35.749107360839844,"{'name': 'pyg_coo_reference', 'score_chunk_size': 256, 'reconstruction_backend': 'chunked_exact', 'dense_materialized': False, 'training_full_graph': True, 'shared_model': True, 'approximation_used': False, 'normalized_adjacency_cached': False, 'message_backend': 'pyg_coo_reference', 'edge_expanded_messages': True, 'full_graph': True, 'gradient_checkpointing': False}",raw/PubMed__AnomalyDAE__seed44__247b610e97bfd80dd45eaf3b.json,
eda5644d-3795-40fd-8fe6-fc46154db200,4a030fff5071c1019c344e20,391f2600f2d3a2c472f802767b5b7612c048e73ddfc3d03efea91a9416d5f7cf,ac10847c4f361dd494316905ff28e356c6f7cff17a7b12668d1b791c03811055,c4b03f9607545b9e6f71366f24a4fa17b98ad1c32b0a3354a42cf6d57ae275c3,PubMed,PubMed-Syn,synthetic_injection_fixed_dataset_seed_42,round5_new,AnomalyDAE,AnomalyDAE,gog_fraud.models.pygod.shared_reconstruction.SharedAnomalyDAE,45,50,50,False,,none,chunked_exact,True,False,False,False,19717,93958,success,,,stratified_node_transductive,0.0,0.9884521141448883,0.6679056310195493,0.6801872074882996,35.44116973876953,0.6770186335403726,35.44033432006836,0.96175694867113,0.6264367816091954,0.7364864864864865,0.6685192159315307,0.8614462130226013,,,,0.6700507614213198,0.6711864406779661,0.668918918918919,295.0,validation_labels,295.0,9563.0,296.0,9563.0,False,False,False,0.6685192159315307,0.8614462130226013,0.6711864406779661,0.668918918918919,0.9884521141448883,0.01154788585511162,expected_direction,report_only_no_silent_inversion,37.07458190699981,0.18278945900237886,37.891115783000714,1379.95703125,1790.0,833.4345703125,1080.0,35.19874954223633,35.74844741821289,"{'name': 'pyg_coo_reference', 'score_chunk_size': 256, 'reconstruction_backend': 'chunked_exact', 'dense_materialized': False, 'training_full_graph': True, 'shared_model': True, 'approximation_used': False, 'normalized_adjacency_cached': False, 'message_backend': 'pyg_coo_reference', 'edge_expanded_messages': True, 'full_graph': True, 'gradient_checkpointing': False}",raw/PubMed__AnomalyDAE__seed45__4a030fff5071c1019c344e20.json,
8eb81e40-8cd8-416e-822d-a62881c89764,955e24590a399a4a05f04b3c,391f2600f2d3a2c472f802767b5b7612c048e73ddfc3d03efea91a9416d5f7cf,ac10847c4f361dd494316905ff28e356c6f7cff17a7b12668d1b791c03811055,c4b03f9607545b9e6f71366f24a4fa17b98ad1c32b0a3354a42cf6d57ae275c3,PubMed,PubMed-Syn,synthetic_injection_fixed_dataset_seed_42,round5_new,AnomalyDAE,AnomalyDAE,gog_fraud.models.pygod.shared_reconstruction.SharedAnomalyDAE,46,50,50,False,,none,chunked_exact,True,False,False,False,19717,93958,success,,,stratified_node_transductive,0.0,0.9890147061732861,0.705218430230961,0.68125,35.4397087097168,0.6780715396578538,35.43952178955078,0.9635828768512883,0.6282420749279539,0.7364864864864865,0.6695434532512213,0.8614984978704523,,,,0.6700507614213198,0.6711864406779661,0.668918918918919,295.0,validation_labels,295.0,9563.0,296.0,9563.0,False,False,False,0.6695434532512213,0.8614984978704523,0.6711864406779661,0.668918918918919,0.9890147061732861,0.010985293826713875,expected_direction,report_only_no_silent_inversion,37.71652302000075,0.2096962360010366,38.65267270000186,1383.046875,1790.0,833.4345703125,1080.0,35.189422607421875,35.74654006958008,"{'name': 'pyg_coo_reference', 'score_chunk_size': 256, 'reconstruction_backend': 'chunked_exact', 'dense_materialized': False, 'training_full_graph': True, 'shared_model': True, 'approximation_used': False, 'normalized_adjacency_cached': False, 'message_backend': 'pyg_coo_reference', 'edge_expanded_messages': True, 'full_graph': True, 'gradient_checkpointing': False}",raw/PubMed__AnomalyDAE__seed46__955e24590a399a4a05f04b3c.json,
414bee90-be61-49dc-b310-dcb474904ca2,3f75b767a56868220c385e9b,391f2600f2d3a2c472f802767b5b7612c048e73ddfc3d03efea91a9416d5f7cf,ac10847c4f361dd494316905ff28e356c6f7cff17a7b12668d1b791c03811055,c4b03f9607545b9e6f71366f24a4fa17b98ad1c32b0a3354a42cf6d57ae275c3,PubMed,PubMed-Syn,synthetic_injection_fixed_dataset_seed_42,round5_new,CONAD,CONAD,gog_fraud.models.pygod.shared_reconstruction.SharedCONAD,42,50,50,False,,sparse_fused,exact_sparse,True,False,False,False,19717,93958,success,,,stratified_node_transductive,0.0,0.9242353694277776,0.15551952287308993,0.35436893203883496,0.9363155364990234,0.353437876960193,0.9327322840690613,0.8673158855751674,0.21512481644640236,0.9898648648648649,0.4342657582452804,0.9390399300796143,,,,0.10829103214890017,0.10847457627118644,0.10810810810810811,295.0,validation_labels,295.0,9563.0,296.0,9563.0,False,False,False,0.4342657582452804,0.9390399300796143,0.10847457627118644,0.10810810810810811,0.9242353694277776,0.07576463057222231,expected_direction,report_only_no_silent_inversion,3.2962115999998787,0.024484618999849772,3.5972853250004846,1486.44140625,1422.0,490.08251953125,552.0,0.29233890771865845,3.3243703842163086,"{'name': 'sparse_fused', 'score_chunk_size': 8192, 'reconstruction_backend': 'exact_sparse', 'dense_materialized': False, 'training_full_graph': True, 'shared_model': True, 'approximation_used': False, 'normalized_adjacency_cached': True, 'message_backend': 'sparse_fused', 'edge_expanded_messages': False, 'full_graph': True, 'gradient_checkpointing': False}",raw/PubMed__CONAD__seed42__3f75b767a56868220c385e9b.json,
25b95b29-d28a-4b53-afff-c37577402800,c0657a2c234e277708e7b6f2,391f2600f2d3a2c472f802767b5b7612c048e73ddfc3d03efea91a9416d5f7cf,ac10847c4f361dd494316905ff28e356c6f7cff17a7b12668d1b791c03811055,c4b03f9607545b9e6f71366f24a4fa17b98ad1c32b0a3354a42cf6d57ae275c3,PubMed,PubMed-Syn,synthetic_injection_fixed_dataset_seed_42,round5_new,CONAD,CONAD,gog_fraud.models.pygod.shared_reconstruction.SharedCONAD,43,50,50,False,,sparse_fused,exact_sparse,True,False,False,False,19717,93958,success,,,stratified_node_transductive,0.0,0.9232458433545959,0.15430649808918512,0.3522388059701492,0.9328095316886902,0.3509815585960738,0.9315991997718811,0.8667072428484479,0.21299638989169675,0.9966216216216216,0.43346870019183315,0.9413203266531197,,,,0.12859560067681894,0.1288135593220339,0.12837837837837837,295.0,validation_labels,295.0,9563.0,296.0,9563.0,False,False,False,0.43346870019183315,0.9413203266531197,0.1288135593220339,0.12837837837837837,0.9232458433545959,0.07675415664540415,expected_direction,report_only_no_silent_inversion,3.0176150119996237,0.026698669999859703,3.320199938000769,1454.08203125,1424.0,490.1181640625,554.0,0.29373908042907715,3.3176000118255615,"{'name': 'sparse_fused', 'score_chunk_size': 8192, 'reconstruction_backend': 'exact_sparse', 'dense_materialized': False, 'training_full_graph': True, 'shared_model': True, 'approximation_used': False, 'normalized_adjacency_cached': True, 'message_backend': 'sparse_fused', 'edge_expanded_messages': False, 'full_graph': True, 'gradient_checkpointing': False}",raw/PubMed__CONAD__seed43__c0657a2c234e277708e7b6f2.json,
c339669e-4d67-4e57-aba1-af214a462b7b,31a7dc25aaafd757590f1929,391f2600f2d3a2c472f802767b5b7612c048e73ddfc3d03efea91a9416d5f7cf,ac10847c4f361dd494316905ff28e356c6f7cff17a7b12668d1b791c03811055,c4b03f9607545b9e6f71366f24a4fa17b98ad1c32b0a3354a42cf6d57ae275c3,PubMed,PubMed-Syn,synthetic_injection_fixed_dataset_seed_42,round5_new,CONAD,CONAD,gog_fraud.models.pygod.shared_reconstruction.SharedCONAD,44,50,50,False,,sparse_fused,exact_sparse,True,False,False,False,19717,93958,success,,,stratified_node_transductive,0.0,0.9291508516777784,0.1660887865682507,0.35928877988963825,0.9324539303779602,0.35316217908578584,0.9398971796035767,0.8649827551227429,0.2167563412759416,0.9527027027027027,0.42664193817266965,0.9230730913910878,,,,0.12859560067681894,0.1288135593220339,0.12837837837837837,295.0,validation_labels,295.0,9563.0,296.0,9563.0,False,False,False,0.42664193817266965,0.9230730913910878,0.1288135593220339,0.12837837837837837,0.9291508516777784,0.07084914832222164,expected_direction,report_only_no_silent_inversion,3.150730518000273,0.024498834000041825,3.4391166269997484,1484.59375,1422.0,490.076171875,552.0,0.29314345121383667,3.3194169998168945,"{'name': 'sparse_fused', 'score_chunk_size': 8192, 'reconstruction_backend': 'exact_sparse', 'dense_materialized': False, 'training_full_graph': True, 'shared_model': True, 'approximation_used': False, 'normalized_adjacency_cached': True, 'message_backend': 'sparse_fused', 'edge_expanded_messages': False, 'full_graph': True, 'gradient_checkpointing': False}",raw/PubMed__CONAD__seed44__31a7dc25aaafd757590f1929.json,
f9a4a2c8-0162-49fd-b965-0a104c7eadeb,0ba6d5e595bd749f771555c0,391f2600f2d3a2c472f802767b5b7612c048e73ddfc3d03efea91a9416d5f7cf,ac10847c4f361dd494316905ff28e356c6f7cff17a7b12668d1b791c03811055,c4b03f9607545b9e6f71366f24a4fa17b98ad1c32b0a3354a42cf6d57ae275c3,PubMed,PubMed-Syn,synthetic_injection_fixed_dataset_seed_42,round5_new,CONAD,CONAD,gog_fraud.models.pygod.shared_reconstruction.SharedCONAD,45,50,50,False,,sparse_fused,exact_sparse,True,False,False,False,19717,93958,success,,,stratified_node_transductive,0.0,0.925833236771227,0.15934757710972527,0.35243902439024394,0.9406694173812866,0.3495260663507109,0.9311188459396362,0.8669101237573544,0.21192528735632185,0.9966216216216216,0.43219739587894995,0.940954332718162,,,,0.10829103214890017,0.10847457627118644,0.10810810810810811,295.0,validation_labels,295.0,9563.0,296.0,9563.0,False,False,False,0.43219739587894995,0.940954332718162,0.10847457627118644,0.10810810810810811,0.925833236771227,0.07416676322877305,expected_direction,report_only_no_silent_inversion,3.0504104919991732,0.02431121900008293,3.368290103000618,1465.84375,1422.0,490.11767578125,552.0,0.29453057050704956,3.3241183757781982,"{'name': 'sparse_fused', 'score_chunk_size': 8192, 'reconstruction_backend': 'exact_sparse', 'dense_materialized': False, 'training_full_graph': True, 'shared_model': True, 'approximation_used': False, 'normalized_adjacency_cached': True, 'message_backend': 'sparse_fused', 'edge_expanded_messages': False, 'full_graph': True, 'gradient_checkpointing': False}",raw/PubMed__CONAD__seed45__0ba6d5e595bd749f771555c0.json,
0e2a798c-5b28-490c-b98e-0a0ed4cbe64e,4e264f55405e93480728d1a0,391f2600f2d3a2c472f802767b5b7612c048e73ddfc3d03efea91a9416d5f7cf,ac10847c4f361dd494316905ff28e356c6f7cff17a7b12668d1b791c03811055,c4b03f9607545b9e6f71366f24a4fa17b98ad1c32b0a3354a42cf6d57ae275c3,PubMed,PubMed-Syn,synthetic_injection_fixed_dataset_seed_42,round5_new,CONAD,CONAD,gog_fraud.models.pygod.shared_reconstruction.SharedCONAD,46,50,50,False,,sparse_fused,exact_sparse,True,False,False,False,19717,93958,success,,,stratified_node_transductive,0.0,0.9299022697276382,0.16830046046877106,0.3629675045984059,0.9317724704742432,0.3621853898096992,0.9324358105659485,0.8623453033069588,0.2213053263315829,0.9966216216216216,0.44320682736127653,0.9440391387413765,,,,0.1319796954314721,0.13220338983050847,0.13175675675675674,295.0,validation_labels,295.0,9563.0,296.0,9563.0,False,False,False,0.44320682736127653,0.9440391387413765,0.13220338983050847,0.13175675675675674,0.9299022697276382,0.07009773027236169,expected_direction,report_only_no_silent_inversion,2.9959436500002994,0.02537541899982898,3.2927988739993452,1474.51953125,1424.0,490.09130859375,554.0,0.2940525710582733,3.3200225830078125,"{'name': 'sparse_fused', 'score_chunk_size': 8192, 'reconstruction_backend': 'exact_sparse', 'dense_materialized': False, 'training_full_graph': True, 'shared_model': True, 'approximation_used': False, 'normalized_adjacency_cached': True, 'message_backend': 'sparse_fused', 'edge_expanded_messages': False, 'full_graph': True, 'gradient_checkpointing': False}",raw/PubMed__CONAD__seed46__4e264f55405e93480728d1a0.json,
dbc49dd4-4b8e-44cf-9821-be1eb07c861c,88e0a7cd4a7bccc28796cf8a,391f2600f2d3a2c472f802767b5b7612c048e73ddfc3d03efea91a9416d5f7cf,ac10847c4f361dd494316905ff28e356c6f7cff17a7b12668d1b791c03811055,c4b03f9607545b9e6f71366f24a4fa17b98ad1c32b0a3354a42cf6d57ae275c3,PubMed,PubMed-Syn,synthetic_injection_fixed_dataset_seed_42,round5_new,CoLA,CoLA,pygod.detector.cola.CoLA,42,50,50,False,,sparse_fused,not_applicable_native_objective,True,False,False,False,19717,93958,success,,,stratified_node_transductive,0.0,0.5446721033487738,0.06005850901541605,0.10016694490818032,1.1574609279632568,0.0994263862332696,1.3602180480957031,0.978494623655914,0.1145374449339207,0.08783783783783784,0.07602805461345588,0.5334096645008493,,,,0.09813874788494077,0.09830508474576272,0.09797297297297297,295.0,validation_labels,295.0,9563.0,296.0,9563.0,False,False,False,0.07602805461345588,0.5334096645008493,0.09830508474576272,0.09797297297297297,0.5446721033487738,0.4553278966512261,expected_direction,report_only_no_silent_inversion,1.907348322999951,0.021277585999996518,2.225244074999864,1456.1640625,899.0,222.6162109375,248.0,-39.142486572265625,8.555869102478027,{},raw/PubMed__CoLA__seed42__88e0a7cd4a7bccc28796cf8a.json,
a3bb52eb-7948-4de9-931c-2c272239fff7,15545ac4e7fa22532628ce60,391f2600f2d3a2c472f802767b5b7612c048e73ddfc3d03efea91a9416d5f7cf,ac10847c4f361dd494316905ff28e356c6f7cff17a7b12668d1b791c03811055,c4b03f9607545b9e6f71366f24a4fa17b98ad1c32b0a3354a42cf6d57ae275c3,PubMed,PubMed-Syn,synthetic_injection_fixed_dataset_seed_42,round5_new,CoLA,CoLA,pygod.detector.cola.CoLA,43,50,50,False,,sparse_fused,not_applicable_native_objective,True,False,False,False,19717,93958,success,,,stratified_node_transductive,0.0,0.5345878399574939,0.06420837953036122,0.1070110701107011,1.2993392944335938,0.10301953818827708,1.2400710582733154,0.9706837086630148,0.10861423220973783,0.09797297297297297,0.07683573660978152,0.5365426926979264,,,,0.09813874788494077,0.09830508474576272,0.09797297297297297,295.0,validation_labels,295.0,9563.0,296.0,9563.0,False,False,False,0.07683573660978152,0.5365426926979264,0.09830508474576272,0.09797297297297297,0.5345878399574939,0.4654121600425062,expected_direction,report_only_no_silent_inversion,1.4964294559999871,0.023038238000026467,1.769622469999831,1418.1796875,899.0,222.6162109375,248.0,-35.36979293823242,10.638124465942383,{},raw/PubMed__CoLA__seed43__15545ac4e7fa22532628ce60.json,
999528a6-928a-4363-b48e-598868d33473,c267b5f34ff7c79f0a45c9fe,391f2600f2d3a2c472f802767b5b7612c048e73ddfc3d03efea91a9416d5f7cf,ac10847c4f361dd494316905ff28e356c6f7cff17a7b12668d1b791c03811055,c4b03f9607545b9e6f71366f24a4fa17b98ad1c32b0a3354a42cf6d57ae275c3,PubMed,PubMed-Syn,synthetic_injection_fixed_dataset_seed_42,round5_new,CoLA,CoLA,pygod.detector.cola.CoLA,44,50,50,False,,sparse_fused,not_applicable_native_objective,True,False,False,False,19717,93958,success,,,stratified_node_transductive,0.0,0.5348884778326377,0.047831128293271956,0.10564663023679417,1.1427223682403564,0.09663865546218488,1.3665647506713867,0.9804219922905255,0.12777777777777777,0.0777027027027027,0.0781173446180002,0.5306426302387298,,,,0.10490693739424704,0.10508474576271186,0.10472972972972973,295.0,validation_labels,295.0,9563.0,296.0,9563.0,False,False,False,0.0781173446180002,0.5306426302387298,0.10508474576271186,0.10472972972972973,0.5348884778326377,0.4651115221673624,expected_direction,report_only_no_silent_inversion,1.5466615860000275,0.021105741999690508,1.84930616299971,1474.33203125,899.0,222.6162109375,248.0,-33.013797760009766,12.984527587890625,{},raw/PubMed__CoLA__seed44__c267b5f34ff7c79f0a45c9fe.json,
680fb920-d21a-4088-8ce5-819025d6de8a,0d395ecbffb922f544f38dce,391f2600f2d3a2c472f802767b5b7612c048e73ddfc3d03efea91a9416d5f7cf,ac10847c4f361dd494316905ff28e356c6f7cff17a7b12668d1b791c03811055,c4b03f9607545b9e6f71366f24a4fa17b98ad1c32b0a3354a42cf6d57ae275c3,PubMed,PubMed-Syn,synthetic_injection_fixed_dataset_seed_42,round5_new,CoLA,CoLA,pygod.detector.cola.CoLA,45,50,50,False,,sparse_fused,not_applicable_native_objective,True,False,False,False,19717,93958,success,,,stratified_node_transductive,0.0,0.5932754620143516,0.10229960799318373,0.14312617702448208,1.327318787574768,0.13793103448275862,1.4337902069091797,0.981537837289511,0.17258883248730963,0.11486486486486487,0.11928998447765536,0.5489100022327044,,,,0.1353637901861252,0.13559322033898305,0.13513513513513514,295.0,validation_labels,295.0,9563.0,296.0,9563.0,False,False,False,0.11928998447765536,0.5489100022327044,0.13559322033898305,0.13513513513513514,0.5932754620143516,0.4067245379856485,expected_direction,report_only_no_silent_inversion,1.641021335000005,0.023894122000001516,1.9365758929998265,1453.66796875,903.0,222.6162109375,248.0,-39.220298767089844,14.04414176940918,{},raw/PubMed__CoLA__seed45__0d395ecbffb922f544f38dce.json,
ef532162-7217-4f56-94e7-61ca223b3331,ee059f9de9228bde1f739d74,391f2600f2d3a2c472f802767b5b7612c048e73ddfc3d03efea91a9416d5f7cf,ac10847c4f361dd494316905ff28e356c6f7cff17a7b12668d1b791c03811055,c4b03f9607545b9e6f71366f24a4fa17b98ad1c32b0a3354a42cf6d57ae275c3,PubMed,PubMed-Syn,synthetic_injection_fixed_dataset_seed_42,round5_new,CoLA,CoLA,pygod.detector.cola.CoLA,46,50,50,False,,sparse_fused,not_applicable_native_objective,True,False,False,False,19717,93958,success,,,stratified_node_transductive,0.0,0.5724289985897222,0.07792804078995767,0.12048192771084336,0.7831583023071289,0.11860940695296524,1.5120816230773926,0.9822479204706837,0.15025906735751296,0.09797297297297297,0.09955859686292241,0.5404117714389073,,,,0.11505922165820642,0.1152542372881356,0.11486486486486487,295.0,validation_labels,295.0,9563.0,296.0,9563.0,False,False,False,0.09955859686292241,0.5404117714389073,0.1152542372881356,0.11486486486486487,0.5724289985897222,0.4275710014102778,expected_direction,report_only_no_silent_inversion,1.559583909000139,0.021428016999834654,1.835061252000287,1456.66796875,905.0,222.6162109375,248.0,-54.233604431152344,15.972010612487793,{},raw/PubMed__CoLA__seed46__ee059f9de9228bde1f739d74.json,
40db937a-2734-46d4-ae8b-8348312e5d71,5dcd0f48e8b76ea736fc9a4c,391f2600f2d3a2c472f802767b5b7612c048e73ddfc3d03efea91a9416d5f7cf,ac10847c4f361dd494316905ff28e356c6f7cff17a7b12668d1b791c03811055,c4b03f9607545b9e6f71366f24a4fa17b98ad1c32b0a3354a42cf6d57ae275c3,PubMed,PubMed-Syn,synthetic_injection_fixed_dataset_seed_42,round5_new,DLG-Aug,DLG,gog_fraud.models.pygod.shared_reconstruction.SharedDLGFull,42,50,50,False,,sparse_fused,exact_sparse,True,False,False,False,19717,93958,success,,,stratified_node_transductive,0.0,0.9237801733030742,0.15455425255127736,0.354916067146283,1.8643848896026611,0.35336538461538464,1.8655861616134644,0.8657942787583688,0.2149122807017544,0.9932432432432432,0.4348750800043169,0.940467695029548,,,,0.10829103214890017,0.10847457627118644,0.10810810810810811,295.0,validation_labels,295.0,9563.0,296.0,9563.0,False,False,False,0.4348750800043169,0.940467695029548,0.10847457627118644,0.10810810810810811,0.9237801733030742,0.07621982669692594,expected_direction,report_only_no_silent_inversion,2.3090763270001844,0.025557144999766024,2.6250246650006375,1420.53515625,1318.0,410.99609375,450.0,0.5893596410751343,6.660298824310303,"{'name': 'sparse_fused', 'score_chunk_size': 8192, 'reconstruction_backend': 'exact_sparse', 'dense_materialized': False, 'training_full_graph': True, 'shared_model': True, 'approximation_used': False, 'normalized_adjacency_cached': True, 'message_backend': 'sparse_fused', 'edge_expanded_messages': False, 'full_graph': True, 'gradient_checkpointing': False}",raw/PubMed__DLG-Aug__seed42__5dcd0f48e8b76ea736fc9a4c.json,
407b2a88-a571-4c68-bf0b-7424acfe6cb0,d6f4cd139744650ec9271993,391f2600f2d3a2c472f802767b5b7612c048e73ddfc3d03efea91a9416d5f7cf,ac10847c4f361dd494316905ff28e356c6f7cff17a7b12668d1b791c03811055,c4b03f9607545b9e6f71366f24a4fa17b98ad1c32b0a3354a42cf6d57ae275c3,PubMed,PubMed-Syn,synthetic_injection_fixed_dataset_seed_42,round5_new,DLG-Aug,DLG,gog_fraud.models.pygod.shared_reconstruction.SharedDLGFull,43,50,50,False,,sparse_fused,exact_sparse,True,False,False,False,19717,93958,success,,,stratified_node_transductive,0.0,0.9232564416345654,0.15432446016266044,0.3519417475728156,1.878045678138733,0.3513996426444312,1.863986849784851,0.8667072428484479,0.21330441070137382,0.9966216216216216,0.43383360403769683,0.9414248963488219,,,,0.12859560067681894,0.1288135593220339,0.12837837837837837,295.0,validation_labels,295.0,9563.0,296.0,9563.0,False,False,False,0.43383360403769683,0.9414248963488219,0.1288135593220339,0.12837837837837837,0.9232564416345654,0.07674355836543435,expected_direction,report_only_no_silent_inversion,2.2523714039998595,0.025876544000311696,2.536223408999831,1418.75,1318.0,410.99609375,450.0,0.5892195701599121,6.658679485321045,"{'name': 'sparse_fused', 'score_chunk_size': 8192, 'reconstruction_backend': 'exact_sparse', 'dense_materialized': False, 'training_full_graph': True, 'shared_model': True, 'approximation_used': False, 'normalized_adjacency_cached': True, 'message_backend': 'sparse_fused', 'edge_expanded_messages': False, 'full_graph': True, 'gradient_checkpointing': False}",raw/PubMed__DLG-Aug__seed43__d6f4cd139744650ec9271993.json,
b06c4070-5964-41fa-b5c8-bc98f38373e8,f82117e18f54c587069ed74b,391f2600f2d3a2c472f802767b5b7612c048e73ddfc3d03efea91a9416d5f7cf,ac10847c4f361dd494316905ff28e356c6f7cff17a7b12668d1b791c03811055,c4b03f9607545b9e6f71366f24a4fa17b98ad1c32b0a3354a42cf6d57ae275c3,PubMed,PubMed-Syn,synthetic_injection_fixed_dataset_seed_42,round5_new,DLG-Aug,DLG,gog_fraud.models.pygod.shared_reconstruction.SharedDLGFull,44,50,50,False,,sparse_fused,exact_sparse,True,False,False,False,19717,93958,success,,,stratified_node_transductive,0.0,0.9291211764938628,0.16601150592970862,0.3596330275229358,1.8643500804901123,0.3540489642184557,1.8808594942092896,0.8651856360316494,0.2174248265227448,0.9527027027027027,0.42741067671867167,0.9232822307824922,,,,0.1319796954314721,0.13220338983050847,0.13175675675675674,295.0,validation_labels,295.0,9563.0,296.0,9563.0,False,False,False,0.42741067671867167,0.9232822307824922,0.13220338983050847,0.13175675675675674,0.9291211764938628,0.0708788235061371,expected_direction,report_only_no_silent_inversion,2.268728844999714,0.027497078999658697,2.56346954700075,1419.09765625,1318.0,410.99609375,450.0,0.589451253414154,6.660246849060059,"{'name': 'sparse_fused', 'score_chunk_size': 8192, 'reconstruction_backend': 'exact_sparse', 'dense_materialized': False, 'training_full_graph': True, 'shared_model': True, 'approximation_used': False, 'normalized_adjacency_cached': True, 'message_backend': 'sparse_fused', 'edge_expanded_messages': False, 'full_graph': True, 'gradient_checkpointing': False}",raw/PubMed__DLG-Aug__seed44__f82117e18f54c587069ed74b.json,
5cee9617-42ef-48ec-adac-bda80ca4c458,33226a28ba4cf534ea4e430e,391f2600f2d3a2c472f802767b5b7612c048e73ddfc3d03efea91a9416d5f7cf,ac10847c4f361dd494316905ff28e356c6f7cff17a7b12668d1b791c03811055,c4b03f9607545b9e6f71366f24a4fa17b98ad1c32b0a3354a42cf6d57ae275c3,PubMed,PubMed-Syn,synthetic_injection_fixed_dataset_seed_42,round5_new,DLG-Aug,DLG,gog_fraud.models.pygod.shared_reconstruction.SharedDLGFull,45,50,50,False,,sparse_fused,exact_sparse,True,False,False,False,19717,93958,success,,,stratified_node_transductive,0.0,0.9258247581472513,0.15934195779632637,0.3515003061849357,1.8847191333770752,0.3507728894173603,1.8643587827682495,0.8672144451207141,0.21284271284271283,0.9966216216216216,0.4332865282764726,0.9412680418052686,,,,0.10829103214890017,0.10847457627118644,0.10810810810810811,295.0,validation_labels,295.0,9563.0,296.0,9563.0,False,False,False,0.4332865282764726,0.9412680418052686,0.10847457627118644,0.10810810810810811,0.9258247581472513,0.0741752418527489,expected_direction,report_only_no_silent_inversion,2.261768380000831,0.02674977399965428,2.5581422040004327,1420.4453125,1318.0,410.99609375,450.0,0.5893421173095703,6.660388469696045,"{'name': 'sparse_fused', 'score_chunk_size': 8192, 'reconstruction_backend': 'exact_sparse', 'dense_materialized': False, 'training_full_graph': True, 'shared_model': True, 'approximation_used': False, 'normalized_adjacency_cached': True, 'message_backend': 'sparse_fused', 'edge_expanded_messages': False, 'full_graph': True, 'gradient_checkpointing': False}",raw/PubMed__DLG-Aug__seed45__33226a28ba4cf534ea4e430e.json,
64008465-817e-4ee7-b15c-cc1a0c533d84,1b229c30d26bc4dcbb7bb8b4,391f2600f2d3a2c472f802767b5b7612c048e73ddfc3d03efea91a9416d5f7cf,ac10847c4f361dd494316905ff28e356c6f7cff17a7b12668d1b791c03811055,c4b03f9607545b9e6f71366f24a4fa17b98ad1c32b0a3354a42cf6d57ae275c3,PubMed,PubMed-Syn,synthetic_injection_fixed_dataset_seed_42,round5_new,DLG-Aug,DLG,gog_fraud.models.pygod.shared_reconstruction.SharedDLGFull,46,50,50,False,,sparse_fused,exact_sparse,True,False,False,False,19717,93958,success,,,stratified_node_transductive,0.0,0.9298807198916997,0.16827170546672754,0.3627450980392157,1.8642412424087524,0.3619631901840491,1.8650964498519897,0.8620409819435991,0.22113943028485758,0.9966216216216216,0.4430144904054693,0.9439868538935254,,,,0.1353637901861252,0.13559322033898305,0.13513513513513514,295.0,validation_labels,295.0,9563.0,296.0,9563.0,False,False,False,0.4430144904054693,0.9439868538935254,0.13559322033898305,0.13513513513513514,0.9298807198916997,0.07011928010830029,expected_direction,report_only_no_silent_inversion,2.306110097999408,0.025806137000472518,2.63609132000056,1419.60546875,1318.0,410.99609375,450.0,0.589391827583313,6.660292625427246,"{'name': 'sparse_fused', 'score_chunk_size': 8192, 'reconstruction_backend': 'exact_sparse', 'dense_materialized': False, 'training_full_graph': True, 'shared_model': True, 'approximation_used': False, 'normalized_adjacency_cached': True, 'message_backend': 'sparse_fused', 'edge_expanded_messages': False, 'full_graph': True, 'gradient_checkpointing': False}",raw/PubMed__DLG-Aug__seed46__1b229c30d26bc4dcbb7bb8b4.json,
94730787-3412-41ef-bdf0-00756ee21201,d0ba554973caea0270a57364,391f2600f2d3a2c472f802767b5b7612c048e73ddfc3d03efea91a9416d5f7cf,ac10847c4f361dd494316905ff28e356c6f7cff17a7b12668d1b791c03811055,c4b03f9607545b9e6f71366f24a4fa17b98ad1c32b0a3354a42cf6d57ae275c3,PubMed,PubMed-Syn,synthetic_injection_fixed_dataset_seed_42,round5_new,DLG-Base,DLG-Base,gog_fraud.models.pygod.shared_reconstruction.SharedDLGBase,42,50,50,False,,sparse_fused,exact_sparse,True,False,False,False,19717,93958,success,,,stratified_node_transductive,0.0,0.9248020241301639,0.15653628226072086,0.35598316295850874,1.8581151962280273,0.3553668890236507,1.8652098178863525,0.8682288496652465,0.21655580192165558,0.9898648648648649,0.4359438851225606,0.9395104937102741,,,,0.1116751269035533,0.11186440677966102,0.11148648648648649,295.0,validation_labels,295.0,9563.0,296.0,9563.0,False,False,False,0.4359438851225606,0.9395104937102741,0.11186440677966102,0.11148648648648649,0.9248020241301639,0.07519797586983615,expected_direction,report_only_no_silent_inversion,2.167994405999707,0.02686347899998509,2.4738980250003806,1365.59765625,1352.0,431.83349609375,484.0,0.58464115858078,6.607328414916992,"{'name': 'sparse_fused', 'score_chunk_size': 8192, 'reconstruction_backend': 'exact_sparse', 'dense_materialized': False, 'training_full_graph': True, 'shared_model': True, 'approximation_used': False, 'normalized_adjacency_cached': True, 'message_backend': 'sparse_fused', 'edge_expanded_messages': False, 'full_graph': True, 'gradient_checkpointing': False}",raw/PubMed__DLG-Base__seed42__d0ba554973caea0270a57364.json,
41867621-9c82-4cb8-9f4c-0da36d277845,6f0646547f5ad60b25883d7f,391f2600f2d3a2c472f802767b5b7612c048e73ddfc3d03efea91a9416d5f7cf,ac10847c4f361dd494316905ff28e356c6f7cff17a7b12668d1b791c03811055,c4b03f9607545b9e6f71366f24a4fa17b98ad1c32b0a3354a42cf6d57ae275c3,PubMed,PubMed-Syn,synthetic_injection_fixed_dataset_seed_42,round5_new,DLG-Base,DLG-Base,gog_fraud.models.pygod.shared_reconstruction.SharedDLGBase,43,50,50,False,,sparse_fused,exact_sparse,True,False,False,False,19717,93958,success,,,stratified_node_transductive,0.0,0.9242099335558499,0.15631775059955438,0.3531553398058252,1.872663974761963,0.35195195195195195,1.8642241954803467,0.8687360519375127,0.21402483564645727,0.9898648648648649,0.432971381566364,0.9386739361446567,,,,0.1319796954314721,0.13220338983050847,0.13175675675675674,295.0,validation_labels,295.0,9563.0,296.0,9563.0,False,False,False,0.432971381566364,0.9386739361446567,0.13220338983050847,0.13175675675675674,0.9242099335558499,0.07579006644414989,expected_direction,report_only_no_silent_inversion,2.118086709000636,0.026307092000024568,2.3991859690004276,1364.9765625,1352.0,431.83349609375,484.0,0.585601270198822,6.633317947387695,"{'name': 'sparse_fused', 'score_chunk_size': 8192, 'reconstruction_backend': 'exact_sparse', 'dense_materialized': False, 'training_full_graph': True, 'shared_model': True, 'approximation_used': False, 'normalized_adjacency_cached': True, 'message_backend': 'sparse_fused', 'edge_expanded_messages': False, 'full_graph': True, 'gradient_checkpointing': False}",raw/PubMed__DLG-Base__seed43__6f0646547f5ad60b25883d7f.json,
feff0a36-53fa-4673-b1ae-cd1f867d0bf3,d04f8c251d89ea39bed2bbeb,391f2600f2d3a2c472f802767b5b7612c048e73ddfc3d03efea91a9416d5f7cf,ac10847c4f361dd494316905ff28e356c6f7cff17a7b12668d1b791c03811055,c4b03f9607545b9e6f71366f24a4fa17b98ad1c32b0a3354a42cf6d57ae275c3,PubMed,PubMed-Syn,synthetic_injection_fixed_dataset_seed_42,round5_new,DLG-Base,DLG-Base,gog_fraud.models.pygod.shared_reconstruction.SharedDLGBase,44,50,50,False,,sparse_fused,exact_sparse,True,False,False,False,19717,93958,success,,,stratified_node_transductive,0.0,0.9299291187035619,0.16800320283011833,0.36093943139678614,1.8631747961044312,0.3595784252944823,1.8656814098358154,0.8632582673970379,0.2201974183750949,0.9797297297297297,0.4375768953942265,0.9361683261217926,,,,0.1319796954314721,0.13220338983050847,0.13175675675675674,295.0,validation_labels,295.0,9563.0,296.0,9563.0,False,False,False,0.4375768953942265,0.9361683261217926,0.13220338983050847,0.13175675675675674,0.9299291187035619,0.07007088129643813,expected_direction,report_only_no_silent_inversion,2.1209549080003853,0.025060668000151054,2.4131273390003116,1365.71484375,1352.0,431.83349609375,484.0,0.5865744948387146,6.617212295532227,"{'name': 'sparse_fused', 'score_chunk_size': 8192, 'reconstruction_backend': 'exact_sparse', 'dense_materialized': False, 'training_full_graph': True, 'shared_model': True, 'approximation_used': False, 'normalized_adjacency_cached': True, 'message_backend': 'sparse_fused', 'edge_expanded_messages': False, 'full_graph': True, 'gradient_checkpointing': False}",raw/PubMed__DLG-Base__seed44__d04f8c251d89ea39bed2bbeb.json,
77fcba32-9f65-4067-86ac-e1734fb4f8a9,91f33cc2f61e3e4dcfef46d3,391f2600f2d3a2c472f802767b5b7612c048e73ddfc3d03efea91a9416d5f7cf,ac10847c4f361dd494316905ff28e356c6f7cff17a7b12668d1b791c03811055,c4b03f9607545b9e6f71366f24a4fa17b98ad1c32b0a3354a42cf6d57ae275c3,PubMed,PubMed-Syn,synthetic_injection_fixed_dataset_seed_42,round5_new,DLG-Base,DLG-Base,gog_fraud.models.pygod.shared_reconstruction.SharedDLGBase,45,50,50,False,,sparse_fused,exact_sparse,True,False,False,False,19717,93958,success,,,stratified_node_transductive,0.0,0.9260812365225206,0.15996346098680814,0.3524441762220881,1.8731627464294434,0.34973325429756963,1.8582032918930054,0.8668086833029012,0.21207764198418405,0.9966216216216216,0.4323784554264778,0.9410066175660131,,,,0.11505922165820642,0.1152542372881356,0.11486486486486487,295.0,validation_labels,295.0,9563.0,296.0,9563.0,False,False,False,0.4323784554264778,0.9410066175660131,0.1152542372881356,0.11486486486486487,0.9260812365225206,0.07391876347747936,expected_direction,report_only_no_silent_inversion,2.1538076420001744,0.023756748000778316,2.421870350000063,1367.859375,1352.0,431.83349609375,484.0,0.5877141952514648,6.624842166900635,"{'name': 'sparse_fused', 'score_chunk_size': 8192, 'reconstruction_backend': 'exact_sparse', 'dense_materialized': False, 'training_full_graph': True, 'shared_model': True, 'approximation_used': False, 'normalized_adjacency_cached': True, 'message_backend': 'sparse_fused', 'edge_expanded_messages': False, 'full_graph': True, 'gradient_checkpointing': False}",raw/PubMed__DLG-Base__seed45__91f33cc2f61e3e4dcfef46d3.json,
6a11c234-3bf1-425a-9af7-ff834279a582,cd604cf37d718c500fa24b7a,391f2600f2d3a2c472f802767b5b7612c048e73ddfc3d03efea91a9416d5f7cf,ac10847c4f361dd494316905ff28e356c6f7cff17a7b12668d1b791c03811055,c4b03f9607545b9e6f71366f24a4fa17b98ad1c32b0a3354a42cf6d57ae275c3,PubMed,PubMed-Syn,synthetic_injection_fixed_dataset_seed_42,round5_new,DLG-Base,DLG-Base,gog_fraud.models.pygod.shared_reconstruction.SharedDLGBase,46,50,50,False,,sparse_fused,exact_sparse,True,False,False,False,19717,93958,success,,,stratified_node_transductive,0.0,0.9308969183028056,0.17077112303901337,0.36466165413533835,1.8738071918487549,0.36363636363636365,1.8633158206939697,0.8632582673970379,0.22255866767600302,0.9932432432432432,0.4437861252896648,0.9429250828785494,,,,0.1353637901861252,0.13559322033898305,0.13513513513513514,295.0,validation_labels,295.0,9563.0,296.0,9563.0,False,False,False,0.4437861252896648,0.9429250828785494,0.13559322033898305,0.13513513513513514,0.9308969183028056,0.06910308169719442,expected_direction,report_only_no_silent_inversion,2.1227709170007074,0.028585654999915278,2.432429927999692,1366.296875,1352.0,431.83349609375,484.0,0.5861814618110657,6.609694004058838,"{'name': 'sparse_fused', 'score_chunk_size': 8192, 'reconstruction_backend': 'exact_sparse', 'dense_materialized': False, 'training_full_graph': True, 'shared_model': True, 'approximation_used': False, 'normalized_adjacency_cached': True, 'message_backend': 'sparse_fused', 'edge_expanded_messages': False, 'full_graph': True, 'gradient_checkpointing': False}",raw/PubMed__DLG-Base__seed46__cd604cf37d718c500fa24b7a.json,
4d31453f-08a7-41c4-bdf2-014e5588ed0f,0f02ad7737d56d3cf297b011,391f2600f2d3a2c472f802767b5b7612c048e73ddfc3d03efea91a9416d5f7cf,ac10847c4f361dd494316905ff28e356c6f7cff17a7b12668d1b791c03811055,c4b03f9607545b9e6f71366f24a4fa17b98ad1c32b0a3354a42cf6d57ae275c3,PubMed,PubMed-Syn,synthetic_injection_fixed_dataset_seed_42,round5_new,DOMINANT,DOMINANT,gog_fraud.models.pygod.shared_reconstruction.SharedDOMINANT,42,50,50,False,,sparse_fused,exact_sparse,True,False,False,False,19717,93958,success,,,stratified_node_transductive,0.0,0.9242357227037767,0.15551990843792454,0.35436893203883496,1.872583270072937,0.3536511768255884,1.8654632568359375,0.8673158855751674,0.21528288023512124,0.9898648648648649,0.4344514392253772,0.9390922149274654,,,,0.10829103214890017,0.10847457627118644,0.10810810810810811,295.0,validation_labels,295.0,9563.0,296.0,9563.0,False,False,False,0.4344514392253772,0.9390922149274654,0.10847457627118644,0.10810810810810811,0.9242357227037767,0.07576427729622334,expected_direction,report_only_no_silent_inversion,2.1383328990000336,0.02433993099998588,2.8592402899998888,1348.46484375,1344.0,417.3408203125,464.0,0.5846797227859497,6.648837089538574,"{'name': 'sparse_fused', 'score_chunk_size': 8192, 'reconstruction_backend': 'exact_sparse', 'dense_materialized': False, 'training_full_graph': True, 'shared_model': True, 'approximation_used': False, 'normalized_adjacency_cached': True, 'message_backend': 'sparse_fused', 'edge_expanded_messages': False, 'full_graph': True, 'gradient_checkpointing': False}",raw/PubMed__DOMINANT__seed42__0f02ad7737d56d3cf297b011.json,
143cf8e1-a292-48cc-bc8a-bba452dfd262,a082574c0e5b03365cf28d87,391f2600f2d3a2c472f802767b5b7612c048e73ddfc3d03efea91a9416d5f7cf,ac10847c4f361dd494316905ff28e356c6f7cff17a7b12668d1b791c03811055,c4b03f9607545b9e6f71366f24a4fa17b98ad1c32b0a3354a42cf6d57ae275c3,PubMed,PubMed-Syn,synthetic_injection_fixed_dataset_seed_42,round5_new,DOMINANT,DOMINANT,gog_fraud.models.pygod.shared_reconstruction.SharedDOMINANT,43,50,50,False,,sparse_fused,exact_sparse,True,False,False,False,19717,93958,success,,,stratified_node_transductive,0.0,0.9232463732685944,0.15430462511370696,0.3522388059701492,1.8656079769134521,0.35119047619047616,1.8632214069366455,0.8667072428484479,0.21315028901734104,0.9966216216216216,0.4336510586671768,0.9413726115009708,,,,0.12859560067681894,0.1288135593220339,0.12837837837837837,295.0,validation_labels,295.0,9563.0,296.0,9563.0,False,False,False,0.4336510586671768,0.9413726115009708,0.1288135593220339,0.12837837837837837,0.9232463732685944,0.07675362673140566,expected_direction,report_only_no_silent_inversion,2.105607493000207,0.02701971000078629,2.3768682520003495,1352.0390625,1332.0,417.3408203125,464.0,0.5875396132469177,6.635331630706787,"{'name': 'sparse_fused', 'score_chunk_size': 8192, 'reconstruction_backend': 'exact_sparse', 'dense_materialized': False, 'training_full_graph': True, 'shared_model': True, 'approximation_used': False, 'normalized_adjacency_cached': True, 'message_backend': 'sparse_fused', 'edge_expanded_messages': False, 'full_graph': True, 'gradient_checkpointing': False}",raw/PubMed__DOMINANT__seed43__a082574c0e5b03365cf28d87.json,
085ee73f-5dd4-42e7-b14b-3c4822a19cff,ef29b68d75fe5566797c44e6,391f2600f2d3a2c472f802767b5b7612c048e73ddfc3d03efea91a9416d5f7cf,ac10847c4f361dd494316905ff28e356c6f7cff17a7b12668d1b791c03811055,c4b03f9607545b9e6f71366f24a4fa17b98ad1c32b0a3354a42cf6d57ae275c3,PubMed,PubMed-Syn,synthetic_injection_fixed_dataset_seed_42,round5_new,DOMINANT,DOMINANT,gog_fraud.models.pygod.shared_reconstruction.SharedDOMINANT,44,50,50,False,,sparse_fused,exact_sparse,True,False,False,False,19717,93958,success,,,stratified_node_transductive,0.0,0.9291497918497813,0.1660874575302107,0.35928877988963825,1.8648711442947388,0.35316217908578584,1.8797374963760376,0.8649827551227429,0.2167563412759416,0.9527027027027027,0.42664193817266965,0.9230730913910878,,,,0.12859560067681894,0.1288135593220339,0.12837837837837837,295.0,validation_labels,295.0,9563.0,296.0,9563.0,False,False,False,0.42664193817266965,0.9230730913910878,0.1288135593220339,0.12837837837837837,0.9291497918497813,0.0708502081502186,expected_direction,report_only_no_silent_inversion,2.114879065000423,0.0263818249995893,2.417178475999208,1351.8828125,1332.0,417.3408203125,464.0,0.5863103270530701,6.639528274536133,"{'name': 'sparse_fused', 'score_chunk_size': 8192, 'reconstruction_backend': 'exact_sparse', 'dense_materialized': False, 'training_full_graph': True, 'shared_model': True, 'approximation_used': False, 'normalized_adjacency_cached': True, 'message_backend': 'sparse_fused', 'edge_expanded_messages': False, 'full_graph': True, 'gradient_checkpointing': False}",raw/PubMed__DOMINANT__seed44__ef29b68d75fe5566797c44e6.json,
7f5aeaea-fc5d-445b-aa0c-48a4cc3461bc,b7f75426763039dd2cf5478b,391f2600f2d3a2c472f802767b5b7612c048e73ddfc3d03efea91a9416d5f7cf,ac10847c4f361dd494316905ff28e356c6f7cff17a7b12668d1b791c03811055,c4b03f9607545b9e6f71366f24a4fa17b98ad1c32b0a3354a42cf6d57ae275c3,PubMed,PubMed-Syn,synthetic_injection_fixed_dataset_seed_42,round5_new,DOMINANT,DOMINANT,gog_fraud.models.pygod.shared_reconstruction.SharedDOMINANT,45,50,50,False,,sparse_fused,exact_sparse,True,False,False,False,19717,93958,success,,,stratified_node_transductive,0.0,0.9258328834952279,0.15934915257421567,0.35243902439024394,1.8815752267837524,0.3513996426444312,1.8644627332687378,0.8675187664840739,0.21330441070137382,0.9966216216216216,0.43383360403769683,0.9414248963488219,,,,0.1116751269035533,0.11186440677966102,0.11148648648648649,295.0,validation_labels,295.0,9563.0,296.0,9563.0,False,False,False,0.43383360403769683,0.9414248963488219,0.11186440677966102,0.11148648648648649,0.9258328834952279,0.07416711650477203,expected_direction,report_only_no_silent_inversion,2.0861051359997873,0.026065191000270715,2.418183587000385,1354.02734375,1332.0,417.3408203125,464.0,0.5889519453048706,6.648604869842529,"{'name': 'sparse_fused', 'score_chunk_size': 8192, 'reconstruction_backend': 'exact_sparse', 'dense_materialized': False, 'training_full_graph': True, 'shared_model': True, 'approximation_used': False, 'normalized_adjacency_cached': True, 'message_backend': 'sparse_fused', 'edge_expanded_messages': False, 'full_graph': True, 'gradient_checkpointing': False}",raw/PubMed__DOMINANT__seed45__b7f75426763039dd2cf5478b.json,
ee2b4611-cc12-4ff5-ae29-1721d10dca3e,72a37ae77c7fb494169ee7f7,391f2600f2d3a2c472f802767b5b7612c048e73ddfc3d03efea91a9416d5f7cf,ac10847c4f361dd494316905ff28e356c6f7cff17a7b12668d1b791c03811055,c4b03f9607545b9e6f71366f24a4fa17b98ad1c32b0a3354a42cf6d57ae275c3,PubMed,PubMed-Syn,synthetic_injection_fixed_dataset_seed_42,round5_new,DOMINANT,DOMINANT,gog_fraud.models.pygod.shared_reconstruction.SharedDOMINANT,46,50,50,False,,sparse_fused,exact_sparse,True,False,False,False,19717,93958,success,,,stratified_node_transductive,0.0,0.9299015631756403,0.16829924724964548,0.3629675045984059,1.8635456562042236,0.3621853898096992,1.8648840188980103,0.8623453033069588,0.2213053263315829,0.9966216216216216,0.44320682736127653,0.9440391387413765,,,,0.1319796954314721,0.13220338983050847,0.13175675675675674,295.0,validation_labels,295.0,9563.0,296.0,9563.0,False,False,False,0.44320682736127653,0.9440391387413765,0.13220338983050847,0.13175675675675674,0.9299015631756403,0.07009843682435965,expected_direction,report_only_no_silent_inversion,2.076072552000369,0.025525954999466194,2.4314701250004873,1353.70703125,1332.0,417.3408203125,464.0,0.5880929231643677,6.6401801109313965,"{'name': 'sparse_fused', 'score_chunk_size': 8192, 'reconstruction_backend': 'exact_sparse', 'dense_materialized': False, 'training_full_graph': True, 'shared_model': True, 'approximation_used': False, 'normalized_adjacency_cached': True, 'message_backend': 'sparse_fused', 'edge_expanded_messages': False, 'full_graph': True, 'gradient_checkpointing': False}",raw/PubMed__DOMINANT__seed46__72a37ae77c7fb494169ee7f7.json,
f99bcd19-c636-4c4d-8209-4951650a6b75,7721d6ef82b215977e293fb0,391f2600f2d3a2c472f802767b5b7612c048e73ddfc3d03efea91a9416d5f7cf,ac10847c4f361dd494316905ff28e356c6f7cff17a7b12668d1b791c03811055,c4b03f9607545b9e6f71366f24a4fa17b98ad1c32b0a3354a42cf6d57ae275c3,PubMed,PubMed-Syn,synthetic_injection_fixed_dataset_seed_42,round5_new,GADNR,GADNR,gog_fraud.models.pygod.gadnr.GADNR,42,50,50,False,,sparse_fused,not_applicable_native_objective,True,False,False,False,19717,93958,success,,,stratified_node_transductive,0.0,0.8982554524617685,0.12038691400347099,0.3181085437936593,23.2476806640625,0.3172043010752688,23.247791290283203,0.8438831405964698,0.18861892583120204,0.9966216216216216,0.40354431934148005,0.9319613388877741,,,,0.07445008460236886,0.07457627118644068,0.07432432432432433,295.0,validation_labels,295.0,9563.0,296.0,9563.0,False,False,False,0.40354431934148005,0.9319613388877741,0.07457627118644068,0.07432432432432433,0.8982554524617685,0.10174454753823153,expected_direction,report_only_no_silent_inversion,2673.1139537900003,37.53949718500007,2713.352654619,1839.140625,7921.0,14152.216796875,15666.0,0.6407322883605957,5901.65966796875,{},raw/PubMed__GADNR__seed42__7721d6ef82b215977e293fb0.json,
feb87ed4-16ac-489c-a7dc-d6b1c65b914f,ba4d46437dc39571e97e728c,391f2600f2d3a2c472f802767b5b7612c048e73ddfc3d03efea91a9416d5f7cf,ac10847c4f361dd494316905ff28e356c6f7cff17a7b12668d1b791c03811055,c4b03f9607545b9e6f71366f24a4fa17b98ad1c32b0a3354a42cf6d57ae275c3,PubMed,PubMed-Syn,synthetic_injection_fixed_dataset_seed_42,round5_new,GADNR,GADNR,gog_fraud.models.pygod.gadnr.GADNR,43,50,50,False,,sparse_fused,not_applicable_native_objective,True,False,False,False,19717,93958,success,,,stratified_node_transductive,0.0,0.593250379418423,0.03890498796431251,0.07772020725388601,1.1569178104400635,0.07694157249338783,0.4132572114467621,0.6043822276323798,0.04141858659073259,0.5405405405405406,0.05359763470333185,0.5766594786776738,,,,0.0338409475465313,0.03389830508474576,0.033783783783783786,295.0,validation_labels,295.0,9563.0,296.0,9563.0,False,False,False,0.05359763470333185,0.5766594786776738,0.03389830508474576,0.033783783783783786,0.593250379418423,0.4067496205815771,expected_direction,report_only_no_silent_inversion,3603.619101231,95.89964866300033,3699.8898182440007,1848.0,7904.0,14152.216796875,15666.0,0.006088258698582649,1225.26025390625,{},raw/PubMed__GADNR__seed43__ba4d46437dc39571e97e728c.json,
c856844d-0f18-4dc5-bd0f-62b2600df7e8,cef3c0fd30830a8ae58382f0,391f2600f2d3a2c472f802767b5b7612c048e73ddfc3d03efea91a9416d5f7cf,ac10847c4f361dd494316905ff28e356c6f7cff17a7b12668d1b791c03811055,c4b03f9607545b9e6f71366f24a4fa17b98ad1c32b0a3354a42cf6d57ae275c3,PubMed,PubMed-Syn,synthetic_injection_fixed_dataset_seed_42,round5_new,GADNR,GADNR,gog_fraud.models.pygod.gadnr.GADNR,44,50,50,False,,sparse_fused,not_applicable_native_objective,True,False,False,False,19717,93958,success,,,stratified_node_transductive,0.0,0.8123910143543104,0.08774267645387188,0.18808777429467083,2.344604253768921,0.1840435176790571,2.391014575958252,0.8002637451815784,0.10628272251308901,0.6858108108108109,0.21905023110638816,0.7536551701235901,,,,0.06091370558375635,0.061016949152542375,0.060810810810810814,295.0,validation_labels,295.0,9563.0,296.0,9563.0,False,False,False,0.21905023110638816,0.7536551701235901,0.061016949152542375,0.060810810810810814,0.8123910143543104,0.18760898564568962,expected_direction,report_only_no_silent_inversion,2575.3525784560006,36.17272941900046,2611.9139117590003,1850.1328125,7871.0,14152.216796875,15666.0,0.004950077272951603,1152.9696044921875,{},raw/PubMed__GADNR__seed44__cef3c0fd30830a8ae58382f0.json,
783d0725-cc8d-4b0a-aeb8-0d0d40a24c10,6c8b3a5a04c16927ff95685f,391f2600f2d3a2c472f802767b5b7612c048e73ddfc3d03efea91a9416d5f7cf,ac10847c4f361dd494316905ff28e356c6f7cff17a7b12668d1b791c03811055,c4b03f9607545b9e6f71366f24a4fa17b98ad1c32b0a3354a42cf6d57ae275c3,PubMed,PubMed-Syn,synthetic_injection_fixed_dataset_seed_42,round5_new,GADNR,GADNR,gog_fraud.models.pygod.gadnr.GADNR,45,50,50,False,,sparse_fused,not_applicable_native_objective,True,False,False,False,19717,93958,success,,,stratified_node_transductive,0.0,0.9011221105556042,0.12417438924955086,0.3150612027674295,25.4078369140625,0.3143313798614811,25.407854080200195,0.8457090687766281,0.18659076533839342,0.9966216216216216,0.4009540436493632,0.9310724964743056,,,,0.077834179357022,0.07796610169491526,0.0777027027027027,295.0,validation_labels,295.0,9563.0,296.0,9563.0,False,False,False,0.4009540436493632,0.9310724964743056,0.07796610169491526,0.0777027027027027,0.9011221105556042,0.09887788944439577,expected_direction,report_only_no_silent_inversion,2593.8512323429986,36.52943470000173,2630.860772576998,1863.55078125,7874.0,14152.216796875,15666.0,1.0362080335617065,5935.38818359375,{},raw/PubMed__GADNR__seed45__6c8b3a5a04c16927ff95685f.json,
b9101efe-8150-4219-80f2-a32343d941a7,e3f9d75970422a8af062972a,391f2600f2d3a2c472f802767b5b7612c048e73ddfc3d03efea91a9416d5f7cf,ac10847c4f361dd494316905ff28e356c6f7cff17a7b12668d1b791c03811055,c4b03f9607545b9e6f71366f24a4fa17b98ad1c32b0a3354a42cf6d57ae275c3,PubMed,PubMed-Syn,synthetic_injection_fixed_dataset_seed_42,round5_new,GADNR,GADNR,gog_fraud.models.pygod.gadnr.GADNR,46,50,50,False,,sparse_fused,not_applicable_native_objective,True,False,False,False,19717,93958,success,,,stratified_node_transductive,0.0,0.9057332455324718,0.13592300391670264,0.33503691084611015,28.417768478393555,0.33503691084611015,28.417768478393555,0.8489551633191317,0.20136518771331058,0.9966216216216216,0.4194572807347948,0.9371375388250323,,,,0.08798646362098139,0.08813559322033898,0.08783783783783784,295.0,validation_labels,295.0,9563.0,296.0,9563.0,False,False,False,0.4194572807347948,0.9371375388250323,0.08813559322033898,0.08783783783783784,0.9057332455324718,0.0942667544675283,expected_direction,report_only_no_silent_inversion,2818.505338251998,35.888750780999544,2855.053126159997,1846.328125,7878.0,14152.216796875,15666.0,1.708481788635254,5980.21533203125,{},raw/PubMed__GADNR__seed46__e3f9d75970422a8af062972a.json,
f38bd113-23f8-4032-a6ce-2b1dcd9214e1,ba8835493b75a6629799f75a,391f2600f2d3a2c472f802767b5b7612c048e73ddfc3d03efea91a9416d5f7cf,ac10847c4f361dd494316905ff28e356c6f7cff17a7b12668d1b791c03811055,c4b03f9607545b9e6f71366f24a4fa17b98ad1c32b0a3354a42cf6d57ae275c3,PubMed,PubMed-Syn,synthetic_injection_fixed_dataset_seed_42,round5_new,OCGNN,OCGNN,pygod.detector.ocgnn.OCGNN,42,50,50,False,,sparse_fused,not_applicable_native_objective,True,False,False,False,19717,93958,success,,,stratified_node_transductive,0.0,0.5006797030220642,0.030087416141492174,0.05841720939411881,-7.763318717479706e-05,0.058417209394118805,-7.763318717479706e-05,0.9989855954554676,0.030087416141492174,1.0,0.008128399040278355,0.501097981804873,,,,0.06091370558375635,0.061016949152542375,0.060810810810810814,295.0,validation_labels,295.0,9563.0,296.0,9563.0,False,False,False,0.008128399040278355,0.501097981804873,0.061016949152542375,0.060810810810810814,0.5006797030220642,0.4993202969779358,expected_direction,report_only_no_silent_inversion,1.751503235999735,0.02331406099983724,2.043335215999832,1513.484375,1022.0,145.83251953125,172.0,-0.00012813531793653965,2.812594175338745e-07,{},raw/PubMed__OCGNN__seed42__ba8835493b75a6629799f75a.json,
5f7a239a-8c0d-47bc-99d2-23fb615a037c,db7c15b1b446142758e70b97,391f2600f2d3a2c472f802767b5b7612c048e73ddfc3d03efea91a9416d5f7cf,ac10847c4f361dd494316905ff28e356c6f7cff17a7b12668d1b791c03811055,c4b03f9607545b9e6f71366f24a4fa17b98ad1c32b0a3354a42cf6d57ae275c3,PubMed,PubMed-Syn,synthetic_injection_fixed_dataset_seed_42,round5_new,OCGNN,OCGNN,pygod.detector.ocgnn.OCGNN,43,50,50,False,,sparse_fused,not_applicable_native_objective,True,False,False,False,19717,93958,success,,,stratified_node_transductive,0.0,0.49937258182578687,0.030029420716242265,0.05830788929380478,4.408310633152723e-05,0.05830788929380479,4.408310633152723e-05,0.9991884763643741,0.030029420716242265,1.0,0.0025060596107875643,0.5001045696957022,,,,0.030456852791878174,0.030508474576271188,0.030405405405405407,295.0,validation_labels,295.0,9563.0,296.0,9563.0,False,False,False,0.0025060596107875643,0.5001045696957022,0.030508474576271188,0.030405405405405407,0.49937258182578687,0.5006274181742132,expected_direction,report_only_no_silent_inversion,1.5697373630000584,0.024231303999840748,1.8409504169994761,1495.82421875,1022.0,145.83251953125,172.0,-8.525676093995571e-06,9.458709973841906e-05,{},raw/PubMed__OCGNN__seed43__db7c15b1b446142758e70b97.json,
b81af452-2f84-4e4c-9803-d393aaa7aacb,f8aa449d6a86c4802c46220b,391f2600f2d3a2c472f802767b5b7612c048e73ddfc3d03efea91a9416d5f7cf,ac10847c4f361dd494316905ff28e356c6f7cff17a7b12668d1b791c03811055,c4b03f9607545b9e6f71366f24a4fa17b98ad1c32b0a3354a42cf6d57ae275c3,PubMed,PubMed-Syn,synthetic_injection_fixed_dataset_seed_42,round5_new,OCGNN,OCGNN,pygod.detector.ocgnn.OCGNN,44,50,50,False,,sparse_fused,not_applicable_native_objective,True,False,False,False,19717,93958,success,,,stratified_node_transductive,0.0,0.5001045696957023,0.030035514967021816,0.05831937740124126,-0.0007164089474827051,0.058319377401241254,-0.0007164089474827051,0.9992899168188274,0.030035514967021816,1.0,0.0035444630963574215,0.5002091393914043,,,,0.023688663282571912,0.023728813559322035,0.02364864864864865,295.0,validation_labels,295.0,9563.0,296.0,9563.0,False,False,False,0.0035444630963574215,0.5002091393914043,0.023728813559322035,0.02364864864864865,0.5001045696957023,0.4998954303042978,expected_direction,report_only_no_silent_inversion,1.5008707570004844,0.020565389000694267,1.7741143240000383,1474.63671875,1022.0,145.83251953125,172.0,-0.0007366258651018143,-0.0006068255752325058,{},raw/PubMed__OCGNN__seed44__f8aa449d6a86c4802c46220b.json,
7fb503dc-2999-434b-9572-58a2713224a1,b3e9de7efd1a12e83d6a2676,391f2600f2d3a2c472f802767b5b7612c048e73ddfc3d03efea91a9416d5f7cf,ac10847c4f361dd494316905ff28e356c6f7cff17a7b12668d1b791c03811055,c4b03f9607545b9e6f71366f24a4fa17b98ad1c32b0a3354a42cf6d57ae275c3,PubMed,PubMed-Syn,synthetic_injection_fixed_dataset_seed_42,round5_new,OCGNN,OCGNN,pygod.detector.ocgnn.OCGNN,45,50,50,False,,sparse_fused,not_applicable_native_objective,True,False,False,False,19717,93958,success,,,stratified_node_transductive,0.0,0.49984314545644676,0.030047710892295198,0.05834236720212871,-0.0015721431700512767,0.05834236720212871,-0.0015721431700512767,0.9976668695475756,0.030047710892295198,1.0,0.005013645368036757,0.5004182787828088,,,,0.023688663282571912,0.023728813559322035,0.02364864864864865,295.0,validation_labels,295.0,9563.0,296.0,9563.0,False,False,False,0.005013645368036757,0.5004182787828088,0.023728813559322035,0.02364864864864865,0.49984314545644676,0.5001568545435533,expected_direction,report_only_no_silent_inversion,1.6524938940001448,0.02405924699996831,1.9334834849996696,1531.0546875,1022.0,145.83251953125,172.0,-0.0015771955950185657,-0.001448138034902513,{},raw/PubMed__OCGNN__seed45__b3e9de7efd1a12e83d6a2676.json,
40b89b9e-ac99-4d2e-adab-34260c3befb2,5af97d5f397d6bf87ac8a0e2,391f2600f2d3a2c472f802767b5b7612c048e73ddfc3d03efea91a9416d5f7cf,ac10847c4f361dd494316905ff28e356c6f7cff17a7b12668d1b791c03811055,c4b03f9607545b9e6f71366f24a4fa17b98ad1c32b0a3354a42cf6d57ae275c3,PubMed,PubMed-Syn,synthetic_injection_fixed_dataset_seed_42,round5_new,OCGNN,OCGNN,pygod.detector.ocgnn.OCGNN,46,50,50,False,,sparse_fused,not_applicable_native_objective,True,False,False,False,19717,93958,success,,,stratified_node_transductive,0.0,0.4999477151521489,0.030044660982541615,0.05833661805281829,-0.00018836790695786476,0.05833661805281829,-0.00018836790695786476,0.9983769527287483,0.030044660982541615,1.0,0.004689597786051371,0.5003659939349576,,,,0.0338409475465313,0.03389830508474576,0.033783783783783786,295.0,validation_labels,295.0,9563.0,296.0,9563.0,False,False,False,0.004689597786051371,0.5003659939349576,0.03389830508474576,0.033783783783783786,0.4999477151521489,0.500052284847851,expected_direction,report_only_no_silent_inversion,1.565899299999728,0.02359918000001926,1.8759888119993775,1474.67578125,1022.0,145.83251953125,172.0,-0.00028992805164307356,-8.306733798235655e-05,{},raw/PubMed__OCGNN__seed46__5af97d5f397d6bf87ac8a0e2.json,
6f254d8b-f11f-48af-af6f-a9b3da72f51e,539e83ec93869f392ce49435,391f2600f2d3a2c472f802767b5b7612c048e73ddfc3d03efea91a9416d5f7cf,ac10847c4f361dd494316905ff28e356c6f7cff17a7b12668d1b791c03811055,c4b03f9607545b9e6f71366f24a4fa17b98ad1c32b0a3354a42cf6d57ae275c3,Reddit,Reddit-Syn,synthetic_injection_fixed_dataset_seed_42,round5_new,CoLA,CoLA,pygod.detector.cola.CoLA,42,50,50,False,,sparse_fused,not_applicable_native_objective,True,False,False,False,232965,114869737,success,,,stratified_node_transductive,0.0,0.7209964140063657,0.0953702380563198,0.20096371882086167,0.7646952271461487,0.19984744469870327,0.8429381251335144,0.9630930100788104,0.15502958579881657,0.2811158798283262,0.18709629001197053,0.6249210315543303,,,,0.18415969092079845,0.18419922713610992,0.18412017167381975,2329.0,validation_labels,2329.0,114153.0,2330.0,114153.0,False,False,False,0.18709629001197053,0.6249210315543303,0.18419922713610992,0.18412017167381975,0.7209964140063657,0.2790035859936343,expected_direction,report_only_no_silent_inversion,1389.9949679639976,24.769554350998078,1417.5987410890011,14552.078125,7927.0,11283.431640625,14790.0,-42.738460540771484,23.4642276763916,{},raw/Reddit__CoLA__seed42__539e83ec93869f392ce49435.json,
197147e2-f632-4af4-82f2-facd8a9a0654,12630354485db3669c215d99,391f2600f2d3a2c472f802767b5b7612c048e73ddfc3d03efea91a9416d5f7cf,ac10847c4f361dd494316905ff28e356c6f7cff17a7b12668d1b791c03811055,c4b03f9607545b9e6f71366f24a4fa17b98ad1c32b0a3354a42cf6d57ae275c3,Reddit,Reddit-Syn,synthetic_injection_fixed_dataset_seed_42,round5_new,CoLA,CoLA,pygod.detector.cola.CoLA,43,50,50,False,,sparse_fused,not_applicable_native_objective,True,False,False,False,232965,114869737,success,,,stratified_node_transductive,0.0,0.7643331916290796,0.1539145543068135,0.2681455536096517,1.1286362409591675,0.2675348837209302,1.0638777017593384,0.9733950309919129,0.2361247947454844,0.30858369098712446,0.2529030217686101,0.6441037645846067,,,,0.26314659798239964,0.2632030914555603,0.2630901287553648,2329.0,validation_labels,2329.0,114153.0,2330.0,114153.0,False,False,False,0.2529030217686101,0.6441037645846067,0.2632030914555603,0.2630901287553648,0.7643331916290796,0.23566680837092033,expected_direction,report_only_no_silent_inversion,1302.5841306540024,24.901338855997892,1332.2502849329976,14352.72265625,7927.0,11283.431640625,14790.0,-49.005592346191406,20.312734603881836,{},raw/Reddit__CoLA__seed43__12630354485db3669c215d99.json,
5ab07223-e9ba-4213-a9f6-2e38a2bb10f3,b6f151df211660caf7c4ce90,391f2600f2d3a2c472f802767b5b7612c048e73ddfc3d03efea91a9416d5f7cf,ac10847c4f361dd494316905ff28e356c6f7cff17a7b12668d1b791c03811055,c4b03f9607545b9e6f71366f24a4fa17b98ad1c32b0a3354a42cf6d57ae275c3,Reddit,Reddit-Syn,synthetic_injection_fixed_dataset_seed_42,round5_new,CoLA,CoLA,pygod.detector.cola.CoLA,44,50,50,False,,sparse_fused,not_applicable_native_objective,True,False,False,False,232965,114869737,success,,,stratified_node_transductive,0.0,0.7690697737984287,0.16583798853916865,0.294059601342017,1.1536095142364502,0.2908286403861625,1.178411602973938,0.9762195017255885,0.2736563209689629,0.31030042918454936,0.27599338261694895,0.6467448288380676,,,,0.27902983472848253,0.279089738085015,0.27896995708154504,2329.0,validation_labels,2329.0,114153.0,2330.0,114153.0,False,False,False,0.27599338261694895,0.6467448288380676,0.279089738085015,0.27896995708154504,0.7690697737984287,0.23093022620157144,expected_direction,report_only_no_silent_inversion,1633.3419521350006,30.67543078699964,1670.7001622219977,14381.28515625,7878.0,11283.431640625,14790.0,-32.7613639831543,23.761316299438477,{},raw/Reddit__CoLA__seed44__b6f151df211660caf7c4ce90.json,
6c5faff8-6d9c-4cfc-a94d-f0acf94d196b,b03823297016e1db15d4f89f,391f2600f2d3a2c472f802767b5b7612c048e73ddfc3d03efea91a9416d5f7cf,ac10847c4f361dd494316905ff28e356c6f7cff17a7b12668d1b791c03811055,c4b03f9607545b9e6f71366f24a4fa17b98ad1c32b0a3354a42cf6d57ae275c3,Reddit,Reddit-Syn,synthetic_injection_fixed_dataset_seed_42,round5_new,CoLA,CoLA,pygod.detector.cola.CoLA,45,50,50,False,,sparse_fused,not_applicable_native_objective,True,False,False,False,232965,114869737,success,,,stratified_node_transductive,0.0,0.7738127437503968,0.1606386860736269,0.28021778584392015,1.0463171005249023,0.27835999264570693,1.0653347969055176,0.9727339846499888,0.24348665165648117,0.32489270386266095,0.26432635365687795,0.6521443887766171,,,,0.2635758746512127,0.26363246028338344,0.263519313304721,2329.0,validation_labels,2329.0,114153.0,2330.0,114153.0,False,False,False,0.26432635365687795,0.6521443887766171,0.26363246028338344,0.263519313304721,0.7738127437503968,0.22618725624960312,expected_direction,report_only_no_silent_inversion,1676.1875361359998,29.86432467600389,1709.9250888769966,14272.51171875,7878.0,11283.431640625,14790.0,-48.419898986816406,25.056642532348633,{},raw/Reddit__CoLA__seed45__b03823297016e1db15d4f89f.json,
2ddb2d1b-90e4-4105-814f-f0e699bb04a5,c0a0a86f38ee9f14cf176e8f,391f2600f2d3a2c472f802767b5b7612c048e73ddfc3d03efea91a9416d5f7cf,ac10847c4f361dd494316905ff28e356c6f7cff17a7b12668d1b791c03811055,c4b03f9607545b9e6f71366f24a4fa17b98ad1c32b0a3354a42cf6d57ae275c3,Reddit,Reddit-Syn,synthetic_injection_fixed_dataset_seed_42,round5_new,CoLA,CoLA,pygod.detector.cola.CoLA,46,50,50,False,,sparse_fused,not_applicable_native_objective,True,False,False,False,232965,114869737,success,,,stratified_node_transductive,0.0,0.8004273272423438,0.22740096392754677,0.3677212287941311,1.7162299156188965,0.36662043458159965,1.7382841110229492,0.9826754348311327,0.3972945891783567,0.340343347639485,0.3558117780620515,0.6649024299102526,,,,0.3648851684910925,0.36496350364963503,0.3648068669527897,2329.0,validation_labels,2329.0,114153.0,2330.0,114153.0,False,False,False,0.3558117780620515,0.6649024299102526,0.36496350364963503,0.3648068669527897,0.8004273272423438,0.1995726727576561,expected_direction,report_only_no_silent_inversion,1584.8948437500003,27.39194258900534,1618.7046912930018,14086.73046875,7884.0,11283.431640625,14790.0,-89.51251220703125,58.002140045166016,{},raw/Reddit__CoLA__seed46__c0a0a86f38ee9f14cf176e8f.json,
907c551e-20da-4b34-89da-dd3576c03945,9e3fccec53b4f744a50d8003,391f2600f2d3a2c472f802767b5b7612c048e73ddfc3d03efea91a9416d5f7cf,ac10847c4f361dd494316905ff28e356c6f7cff17a7b12668d1b791c03811055,c4b03f9607545b9e6f71366f24a4fa17b98ad1c32b0a3354a42cf6d57ae275c3,Reddit,Reddit-Syn,synthetic_injection_fixed_dataset_seed_42,round5_new,DLG-Aug,DLG,gog_fraud.models.pygod.shared_reconstruction.SharedDLGFull,42,50,50,False,,sparse_fused,exact_sparse,True,False,False,False,232965,114869737,success,,,stratified_node_transductive,0.0,0.965824674955294,0.34408488076825505,0.4382323401406093,39.01918411254883,0.4326277749096541,39.39619064331055,0.9698236637420374,0.36110313128411375,0.5394849785407725,0.4275942520069531,0.7600011771717117,,,,0.4112470487229019,0.41133533705452985,0.4111587982832618,2329.0,validation_labels,2329.0,114153.0,2330.0,114153.0,False,False,False,0.4275942520069531,0.7600011771717117,0.41133533705452985,0.4111587982832618,0.965824674955294,0.034175325044706016,expected_direction,report_only_no_silent_inversion,4403.331414409993,11.117584460997023,4422.025630649005,12411.4140625,7842.0,14246.12158203125,17516.0,6.827685832977295,149.89389038085938,"{'name': 'sparse_fused', 'score_chunk_size': 8192, 'reconstruction_backend': 'exact_sparse', 'dense_materialized': False, 'training_full_graph': True, 'shared_model': True, 'approximation_used': False, 'normalized_adjacency_cached': True, 'message_backend': 'sparse_fused', 'edge_expanded_messages': False, 'full_graph': True, 'gradient_checkpointing': False}",raw/Reddit__DLG-Aug__seed42__9e3fccec53b4f744a50d8003.json,
4aa9b26e-efd2-4e07-b56d-a384bab2be45,a9e7ad0333ae02937c3e6876,391f2600f2d3a2c472f802767b5b7612c048e73ddfc3d03efea91a9416d5f7cf,ac10847c4f361dd494316905ff28e356c6f7cff17a7b12668d1b791c03811055,c4b03f9607545b9e6f71366f24a4fa17b98ad1c32b0a3354a42cf6d57ae275c3,Reddit,Reddit-Syn,synthetic_injection_fixed_dataset_seed_42,round5_new,DLG-Aug,DLG,gog_fraud.models.pygod.shared_reconstruction.SharedDLGFull,43,50,50,False,,sparse_fused,exact_sparse,True,False,False,False,232965,114869737,success,,,stratified_node_transductive,0.0,0.9646875199383224,0.3219965371842825,0.4233151183970856,40.570411682128906,0.41924398625429554,38.38194274902344,0.9657629504987895,0.3295677799607073,0.5759656652360515,0.42081582063253936,0.7760251968134477,,,,0.39450525863919295,0.39458995276942893,0.3944206008583691,2329.0,validation_labels,2329.0,114153.0,2330.0,114153.0,False,False,False,0.42081582063253936,0.7760251968134477,0.39458995276942893,0.3944206008583691,0.9646875199383224,0.035312480061677635,expected_direction,report_only_no_silent_inversion,4448.719921747994,12.105563103003078,4469.1247526720035,12094.4609375,7847.0,14246.12158203125,17516.0,6.99514627456665,172.4313201904297,"{'name': 'sparse_fused', 'score_chunk_size': 8192, 'reconstruction_backend': 'exact_sparse', 'dense_materialized': False, 'training_full_graph': True, 'shared_model': True, 'approximation_used': False, 'normalized_adjacency_cached': True, 'message_backend': 'sparse_fused', 'edge_expanded_messages': False, 'full_graph': True, 'gradient_checkpointing': False}",raw/Reddit__DLG-Aug__seed43__a9e7ad0333ae02937c3e6876.json,
b1bbe8b9-822d-46ef-a24d-4ab07e7a8f0a,990a84cde5da38d4456c71e2,391f2600f2d3a2c472f802767b5b7612c048e73ddfc3d03efea91a9416d5f7cf,ac10847c4f361dd494316905ff28e356c6f7cff17a7b12668d1b791c03811055,c4b03f9607545b9e6f71366f24a4fa17b98ad1c32b0a3354a42cf6d57ae275c3,Reddit,Reddit-Syn,synthetic_injection_fixed_dataset_seed_42,round5_new,DLG-Aug,DLG,gog_fraud.models.pygod.shared_reconstruction.SharedDLGFull,44,50,50,False,,sparse_fused,exact_sparse,True,False,False,False,232965,114869737,success,,,stratified_node_transductive,0.0,0.9655145554405956,0.34210217579403257,0.43805165086629616,38.79419708251953,0.4242537313432836,40.58171844482422,0.9736096564276026,0.37524752475247525,0.4879828326180258,0.4146500636369673,0.7356999128005637,,,,0.4082421120412106,0.40832975525976817,0.40815450643776824,2329.0,validation_labels,2329.0,114153.0,2330.0,114153.0,False,False,False,0.4146500636369673,0.7356999128005637,0.40832975525976817,0.40815450643776824,0.9655145554405956,0.034485444559404485,expected_direction,report_only_no_silent_inversion,4297.663771420004,11.800963506990229,4318.490736339998,12091.30859375,7867.0,14246.12158203125,17516.0,7.038244247436523,137.4354248046875,"{'name': 'sparse_fused', 'score_chunk_size': 8192, 'reconstruction_backend': 'exact_sparse', 'dense_materialized': False, 'training_full_graph': True, 'shared_model': True, 'approximation_used': False, 'normalized_adjacency_cached': True, 'message_backend': 'sparse_fused', 'edge_expanded_messages': False, 'full_graph': True, 'gradient_checkpointing': False}",raw/Reddit__DLG-Aug__seed44__990a84cde5da38d4456c71e2.json,
c1513190-6732-4833-9d09-63ad795a7b3e,7c39c7e502055467f0d085b3,391f2600f2d3a2c472f802767b5b7612c048e73ddfc3d03efea91a9416d5f7cf,ac10847c4f361dd494316905ff28e356c6f7cff17a7b12668d1b791c03811055,c4b03f9607545b9e6f71366f24a4fa17b98ad1c32b0a3354a42cf6d57ae275c3,Reddit,Reddit-Syn,synthetic_injection_fixed_dataset_seed_42,round5_new,DLG-Aug,DLG,gog_fraud.models.pygod.shared_reconstruction.SharedDLGFull,45,50,50,False,,sparse_fused,exact_sparse,True,False,False,False,232965,114869737,success,,,stratified_node_transductive,0.0,0.9660537628720495,0.3374480181294277,0.4324234354194407,39.07585144042969,0.4320211710221634,38.9926643371582,0.9691626174001133,0.35145317545748117,0.5605150214592275,0.42974033776904175,0.7697015025651328,,,,0.40910066537883666,0.4091884929154143,0.4090128755364807,2329.0,validation_labels,2329.0,114153.0,2330.0,114153.0,False,False,False,0.42974033776904175,0.7697015025651328,0.4091884929154143,0.4090128755364807,0.9660537628720495,0.033946237127950675,expected_direction,report_only_no_silent_inversion,4366.936601422989,11.720198227994842,4390.9351327070035,12204.46484375,7881.0,14246.12158203125,17516.0,6.996701240539551,145.64796447753906,"{'name': 'sparse_fused', 'score_chunk_size': 8192, 'reconstruction_backend': 'exact_sparse', 'dense_materialized': False, 'training_full_graph': True, 'shared_model': True, 'approximation_used': False, 'normalized_adjacency_cached': True, 'message_backend': 'sparse_fused', 'edge_expanded_messages': False, 'full_graph': True, 'gradient_checkpointing': False}",raw/Reddit__DLG-Aug__seed45__7c39c7e502055467f0d085b3.json,
d6a5e92a-0e62-45bf-8bc8-27d31f33ad23,4f571aeaffc7d0713127d4b0,391f2600f2d3a2c472f802767b5b7612c048e73ddfc3d03efea91a9416d5f7cf,ac10847c4f361dd494316905ff28e356c6f7cff17a7b12668d1b791c03811055,c4b03f9607545b9e6f71366f24a4fa17b98ad1c32b0a3354a42cf6d57ae275c3,Reddit,Reddit-Syn,synthetic_injection_fixed_dataset_seed_42,round5_new,DLG-Aug,DLG,gog_fraud.models.pygod.shared_reconstruction.SharedDLGFull,46,50,50,False,,sparse_fused,exact_sparse,True,False,False,False,232965,114869737,success,,,stratified_node_transductive,0.0,0.9662840463831972,0.3485027869235471,0.43830570902394106,39.21415328979492,0.43619568936024633,39.43971252441406,0.9687591215810168,0.3626279863481229,0.5472103004291845,0.43172648450945567,0.7637893766475374,,,,0.4138227087357802,0.41391155002146846,0.41373390557939915,2329.0,validation_labels,2329.0,114153.0,2330.0,114153.0,False,False,False,0.43172648450945567,0.7637893766475374,0.41391155002146846,0.41373390557939915,0.9662840463831972,0.03371595361680275,expected_direction,report_only_no_silent_inversion,4472.648296835992,11.860280233013327,4494.742529438998,12091.6484375,7835.0,14246.12158203125,17516.0,7.126926422119141,139.7476806640625,"{'name': 'sparse_fused', 'score_chunk_size': 8192, 'reconstruction_backend': 'exact_sparse', 'dense_materialized': False, 'training_full_graph': True, 'shared_model': True, 'approximation_used': False, 'normalized_adjacency_cached': True, 'message_backend': 'sparse_fused', 'edge_expanded_messages': False, 'full_graph': True, 'gradient_checkpointing': False}",raw/Reddit__DLG-Aug__seed46__4f571aeaffc7d0713127d4b0.json,
6ebff5e4-e20b-41df-9495-609fabdb2285,a07365febf34c853b87a70b6,391f2600f2d3a2c472f802767b5b7612c048e73ddfc3d03efea91a9416d5f7cf,ac10847c4f361dd494316905ff28e356c6f7cff17a7b12668d1b791c03811055,c4b03f9607545b9e6f71366f24a4fa17b98ad1c32b0a3354a42cf6d57ae275c3,Reddit,Reddit-Syn,synthetic_injection_fixed_dataset_seed_42,round5_new,DLG-Base,DLG-Base,gog_fraud.models.pygod.shared_reconstruction.SharedDLGBase,42,50,50,False,,sparse_fused,exact_sparse,True,False,False,False,232965,114869737,success,,,stratified_node_transductive,0.0,0.9694741234460235,0.4086159119317979,0.4712948242360008,38.36143493652344,0.4657332350773766,38.901676177978516,0.9733864459744853,0.408005164622337,0.542489270386266,0.45807655637094813,0.7632115567808267,,,,0.45288688559776774,0.4529841133533705,0.45278969957081544,2329.0,validation_labels,2329.0,114153.0,2330.0,114153.0,False,False,False,0.45807655637094813,0.7632115567808267,0.4529841133533705,0.45278969957081544,0.9694741234460235,0.030525876553976632,expected_direction,report_only_no_silent_inversion,5026.837082161001,12.494808361007017,5047.951608110001,11742.6015625,7880.0,14473.54052734375,17598.0,6.39920711517334,124.97232818603516,"{'name': 'sparse_fused', 'score_chunk_size': 8192, 'reconstruction_backend': 'exact_sparse', 'dense_materialized': False, 'training_full_graph': True, 'shared_model': True, 'approximation_used': False, 'normalized_adjacency_cached': True, 'message_backend': 'sparse_fused', 'edge_expanded_messages': False, 'full_graph': True, 'gradient_checkpointing': False}",raw/Reddit__DLG-Base__seed42__a07365febf34c853b87a70b6.json,
1abf537f-badf-4cbc-827d-92ad0b292616,501aacb8ec4d0f0d3215eb09,391f2600f2d3a2c472f802767b5b7612c048e73ddfc3d03efea91a9416d5f7cf,ac10847c4f361dd494316905ff28e356c6f7cff17a7b12668d1b791c03811055,c4b03f9607545b9e6f71366f24a4fa17b98ad1c32b0a3354a42cf6d57ae275c3,Reddit,Reddit-Syn,synthetic_injection_fixed_dataset_seed_42,round5_new,DLG-Base,DLG-Base,gog_fraud.models.pygod.shared_reconstruction.SharedDLGBase,43,50,50,False,,sparse_fused,exact_sparse,True,False,False,False,232965,114869737,success,,,stratified_node_transductive,0.0,0.9684757908490335,0.3949563476560001,0.46145474333393793,38.73174285888672,0.4579242636746143,38.288978576660156,0.9712058515478786,0.3870776526378186,0.5605150214592275,0.4528135062465814,0.7711994921054866,,,,0.44902339557845034,0.44911979390296264,0.44892703862660943,2329.0,validation_labels,2329.0,114153.0,2330.0,114153.0,False,False,False,0.4528135062465814,0.7711994921054866,0.44911979390296264,0.44892703862660943,0.9684757908490335,0.03152420915096669,expected_direction,report_only_no_silent_inversion,4843.275149408,13.762553698994452,4868.188612618003,11557.52734375,7880.0,14473.54052734375,17598.0,6.409097194671631,124.54068756103516,"{'name': 'sparse_fused', 'score_chunk_size': 8192, 'reconstruction_backend': 'exact_sparse', 'dense_materialized': False, 'training_full_graph': True, 'shared_model': True, 'approximation_used': False, 'normalized_adjacency_cached': True, 'message_backend': 'sparse_fused', 'edge_expanded_messages': False, 'full_graph': True, 'gradient_checkpointing': False}",raw/Reddit__DLG-Base__seed43__501aacb8ec4d0f0d3215eb09.json,
7a5e8c10-a45e-452e-92ca-f9d125aa3d91,8017823436539288f6184ddc,391f2600f2d3a2c472f802767b5b7612c048e73ddfc3d03efea91a9416d5f7cf,ac10847c4f361dd494316905ff28e356c6f7cff17a7b12668d1b791c03811055,c4b03f9607545b9e6f71366f24a4fa17b98ad1c32b0a3354a42cf6d57ae275c3,Reddit,Reddit-Syn,synthetic_injection_fixed_dataset_seed_42,round5_new,DLG-Base,DLG-Base,gog_fraud.models.pygod.shared_reconstruction.SharedDLGBase,44,50,50,False,,sparse_fused,exact_sparse,True,False,False,False,232965,114869737,success,,,stratified_node_transductive,0.0,0.9685153676552389,0.3990134275148458,0.46812227074235807,38.334251403808594,0.46438482886216464,39.1351318359375,0.9738328668807198,0.408130081300813,0.5386266094420601,0.4564736086035351,0.761341547517978,,,,0.4451599055591329,0.44525547445255476,0.4450643776824034,2329.0,validation_labels,2329.0,114153.0,2330.0,114153.0,False,False,False,0.4564736086035351,0.761341547517978,0.44525547445255476,0.4450643776824034,0.9685153676552389,0.031484632344760996,expected_direction,report_only_no_silent_inversion,4301.310217853999,12.272058528999878,4314.705030385,11757.04296875,7904.0,14473.54052734375,17598.0,6.301218509674072,125.44744110107422,"{'name': 'sparse_fused', 'score_chunk_size': 8192, 'reconstruction_backend': 'exact_sparse', 'dense_materialized': False, 'training_full_graph': True, 'shared_model': True, 'approximation_used': False, 'normalized_adjacency_cached': True, 'message_backend': 'sparse_fused', 'edge_expanded_messages': False, 'full_graph': True, 'gradient_checkpointing': False}",raw/Reddit__DLG-Base__seed44__8017823436539288f6184ddc.json,
b821f9e8-ab67-433f-b57d-1a92cf4ac1ce,67c95ca335b530007419891f,391f2600f2d3a2c472f802767b5b7612c048e73ddfc3d03efea91a9416d5f7cf,ac10847c4f361dd494316905ff28e356c6f7cff17a7b12668d1b791c03811055,c4b03f9607545b9e6f71366f24a4fa17b98ad1c32b0a3354a42cf6d57ae275c3,Reddit,Reddit-Syn,synthetic_injection_fixed_dataset_seed_42,round5_new,DLG-Base,DLG-Base,gog_fraud.models.pygod.shared_reconstruction.SharedDLGBase,45,50,50,False,,sparse_fused,exact_sparse,True,False,False,False,232965,114869737,success,,,stratified_node_transductive,0.0,0.9694243352109804,0.3989821357878134,0.46771625685476736,38.4217529296875,0.46045811737167697,37.672645568847656,0.9694545079926512,0.3771569433032046,0.5909871244635193,0.45886638457860063,0.7855332458143198,,,,0.44859411890963724,0.44869042507513957,0.44849785407725323,2329.0,validation_labels,2329.0,114153.0,2330.0,114153.0,False,False,False,0.45886638457860063,0.7855332458143198,0.44869042507513957,0.44849785407725323,0.9694243352109804,0.030575664789019515,expected_direction,report_only_no_silent_inversion,4771.217983103,12.099639882000702,4784.078112739,11557.83984375,7887.0,14473.54052734375,17598.0,5.947416305541992,123.3948745727539,"{'name': 'sparse_fused', 'score_chunk_size': 8192, 'reconstruction_backend': 'exact_sparse', 'dense_materialized': False, 'training_full_graph': True, 'shared_model': True, 'approximation_used': False, 'normalized_adjacency_cached': True, 'message_backend': 'sparse_fused', 'edge_expanded_messages': False, 'full_graph': True, 'gradient_checkpointing': False}",raw/Reddit__DLG-Base__seed45__67c95ca335b530007419891f.json,
40977e6e-063b-4ce8-857e-7f1528543a61,632fc964592cadd13b64025d,391f2600f2d3a2c472f802767b5b7612c048e73ddfc3d03efea91a9416d5f7cf,ac10847c4f361dd494316905ff28e356c6f7cff17a7b12668d1b791c03811055,c4b03f9607545b9e6f71366f24a4fa17b98ad1c32b0a3354a42cf6d57ae275c3,Reddit,Reddit-Syn,synthetic_injection_fixed_dataset_seed_42,round5_new,DLG-Base,DLG-Base,gog_fraud.models.pygod.shared_reconstruction.SharedDLGBase,46,50,50,False,,sparse_fused,exact_sparse,True,False,False,False,232965,114869737,success,,,stratified_node_transductive,0.0,0.9693189969534526,0.4206254737056953,0.472842327298295,38.24491882324219,0.4723746798390048,38.79766845703125,0.9727253996325612,0.4116709183673469,0.5540772532188841,0.46530961189031766,0.7689573672470074,,,,0.4584674822923374,0.45856590811507086,0.45836909871244635,2329.0,validation_labels,2329.0,114153.0,2330.0,114153.0,False,False,False,0.46530961189031766,0.7689573672470074,0.45856590811507086,0.45836909871244635,0.9693189969534526,0.03068100304654746,expected_direction,report_only_no_silent_inversion,4663.936318698001,12.430506385999252,4677.315482538999,11558.21484375,7897.0,14473.54052734375,17598.0,6.248682022094727,125.1382064819336,"{'name': 'sparse_fused', 'score_chunk_size': 8192, 'reconstruction_backend': 'exact_sparse', 'dense_materialized': False, 'training_full_graph': True, 'shared_model': True, 'approximation_used': False, 'normalized_adjacency_cached': True, 'message_backend': 'sparse_fused', 'edge_expanded_messages': False, 'full_graph': True, 'gradient_checkpointing': False}",raw/Reddit__DLG-Base__seed46__632fc964592cadd13b64025d.json,
5f081b08-c540-48ba-a0e9-c98333a99cd3,4d87b4de0eaedd2665d664fc,391f2600f2d3a2c472f802767b5b7612c048e73ddfc3d03efea91a9416d5f7cf,ac10847c4f361dd494316905ff28e356c6f7cff17a7b12668d1b791c03811055,c4b03f9607545b9e6f71366f24a4fa17b98ad1c32b0a3354a42cf6d57ae275c3,Reddit,Reddit-Syn,synthetic_injection_fixed_dataset_seed_42,round5_new,DOMINANT,DOMINANT,gog_fraud.models.pygod.shared_reconstruction.SharedDOMINANT,42,50,50,False,,sparse_fused,exact_sparse,True,False,False,False,232965,114869737,success,,,stratified_node_transductive,0.0,0.9693534755647012,0.40327947542379083,0.4680550653018002,38.48659133911133,0.45852577129133565,39.109092712402344,0.9734637111313336,0.4025300032435939,0.532618025751073,0.450488125071436,0.7582408937722278,,,,0.44473062889031983,0.4448261056247316,0.4446351931330472,2329.0,validation_labels,2329.0,114153.0,2330.0,114153.0,False,False,False,0.450488125071436,0.7582408937722278,0.4448261056247316,0.4446351931330472,0.9693534755647012,0.030646524435298778,expected_direction,report_only_no_silent_inversion,4418.110763578001,11.52177766800014,4431.094514357001,11558.00390625,7895.0,14302.8603515625,17062.0,6.307500839233398,126.67337799072266,"{'name': 'sparse_fused', 'score_chunk_size': 8192, 'reconstruction_backend': 'exact_sparse', 'dense_materialized': False, 'training_full_graph': True, 'shared_model': True, 'approximation_used': False, 'normalized_adjacency_cached': True, 'message_backend': 'sparse_fused', 'edge_expanded_messages': False, 'full_graph': True, 'gradient_checkpointing': False}",raw/Reddit__DOMINANT__seed42__4d87b4de0eaedd2665d664fc.json,
f2a2ac29-6bf3-493a-b8b7-2cdab340465e,fa888c1d70f49d552deb6626,391f2600f2d3a2c472f802767b5b7612c048e73ddfc3d03efea91a9416d5f7cf,ac10847c4f361dd494316905ff28e356c6f7cff17a7b12668d1b791c03811055,c4b03f9607545b9e6f71366f24a4fa17b98ad1c32b0a3354a42cf6d57ae275c3,Reddit,Reddit-Syn,synthetic_injection_fixed_dataset_seed_42,round5_new,DOMINANT,DOMINANT,gog_fraud.models.pygod.shared_reconstruction.SharedDOMINANT,43,50,50,False,,sparse_fused,exact_sparse,True,False,False,False,232965,114869737,success,,,stratified_node_transductive,0.0,0.9693551298462506,0.4004305378544221,0.46386233269598476,39.42334747314453,0.4616474756421612,38.33149337768555,0.9717638776806717,0.39306184012066364,0.5592274678111588,0.45603512886584047,0.7708010001184691,,,,0.4515990555913286,0.45169600686990125,0.4515021459227468,2329.0,validation_labels,2329.0,114153.0,2330.0,114153.0,False,False,False,0.45603512886584047,0.7708010001184691,0.45169600686990125,0.4515021459227468,0.9693551298462506,0.030644870153749306,expected_direction,report_only_no_silent_inversion,4152.0588583829995,13.009077007998712,4167.255749127999,10866.9921875,7900.0,14302.8603515625,17062.0,6.022323131561279,125.19493103027344,"{'name': 'sparse_fused', 'score_chunk_size': 8192, 'reconstruction_backend': 'exact_sparse', 'dense_materialized': False, 'training_full_graph': True, 'shared_model': True, 'approximation_used': False, 'normalized_adjacency_cached': True, 'message_backend': 'sparse_fused', 'edge_expanded_messages': False, 'full_graph': True, 'gradient_checkpointing': False}",raw/Reddit__DOMINANT__seed43__fa888c1d70f49d552deb6626.json,
b21713e4-0c20-4b80-970e-56ae21d968e2,6d2151a2ab16d10a729954d4,391f2600f2d3a2c472f802767b5b7612c048e73ddfc3d03efea91a9416d5f7cf,ac10847c4f361dd494316905ff28e356c6f7cff17a7b12668d1b791c03811055,c4b03f9607545b9e6f71366f24a4fa17b98ad1c32b0a3354a42cf6d57ae275c3,Reddit,Reddit-Syn,synthetic_injection_fixed_dataset_seed_42,round5_new,DOMINANT,DOMINANT,gog_fraud.models.pygod.shared_reconstruction.SharedDOMINANT,44,50,50,False,,sparse_fused,exact_sparse,True,False,False,False,232965,114869737,success,,,stratified_node_transductive,0.0,0.969740248470833,0.40639115637807477,0.4766708701134931,38.587215423583984,0.4751203852327448,38.4368896484375,0.9720385982383545,0.4064693317058285,0.5716738197424893,0.46963037222528586,0.7773176418712797,,,,0.4511697789225156,0.45126663804207817,0.45107296137339054,2329.0,validation_labels,2329.0,114153.0,2330.0,114153.0,False,False,False,0.46963037222528586,0.7773176418712797,0.45126663804207817,0.45107296137339054,0.969740248470833,0.03025975152916711,expected_direction,report_only_no_silent_inversion,4144.077247351001,12.458092374999978,4158.46151605,11555.78515625,7894.0,14302.8603515625,17062.0,6.519566535949707,125.33656311035156,"{'name': 'sparse_fused', 'score_chunk_size': 8192, 'reconstruction_backend': 'exact_sparse', 'dense_materialized': False, 'training_full_graph': True, 'shared_model': True, 'approximation_used': False, 'normalized_adjacency_cached': True, 'message_backend': 'sparse_fused', 'edge_expanded_messages': False, 'full_graph': True, 'gradient_checkpointing': False}",raw/Reddit__DOMINANT__seed44__6d2151a2ab16d10a729954d4.json,
79d903a7-3ee4-42fb-b7ee-26a14db9f9cb,ea96baa637b4f320b48c118f,391f2600f2d3a2c472f802767b5b7612c048e73ddfc3d03efea91a9416d5f7cf,ac10847c4f361dd494316905ff28e356c6f7cff17a7b12668d1b791c03811055,c4b03f9607545b9e6f71366f24a4fa17b98ad1c32b0a3354a42cf6d57ae275c3,Reddit,Reddit-Syn,synthetic_injection_fixed_dataset_seed_42,round5_new,DOMINANT,DOMINANT,gog_fraud.models.pygod.shared_reconstruction.SharedDOMINANT,45,50,50,False,,sparse_fused,exact_sparse,True,False,False,False,232965,114869737,success,,,stratified_node_transductive,0.0,0.9709926862332832,0.4017359584704155,0.47088156723063224,38.4469108581543,0.4691739653099777,37.902427673339844,0.970742260606789,0.39106784998568567,0.5862660944206008,0.4659830527398879,0.7838166034900302,,,,0.4494526722472634,0.44954916273078577,0.4493562231759657,2329.0,validation_labels,2329.0,114153.0,2330.0,114153.0,False,False,False,0.4659830527398879,0.7838166034900302,0.44954916273078577,0.4493562231759657,0.9709926862332832,0.029007313766716752,expected_direction,report_only_no_silent_inversion,4479.173518214997,11.424118142000225,4493.106175540001,11558.7734375,7806.0,14302.8603515625,17062.0,6.2723588943481445,123.86399841308594,"{'name': 'sparse_fused', 'score_chunk_size': 8192, 'reconstruction_backend': 'exact_sparse', 'dense_materialized': False, 'training_full_graph': True, 'shared_model': True, 'approximation_used': False, 'normalized_adjacency_cached': True, 'message_backend': 'sparse_fused', 'edge_expanded_messages': False, 'full_graph': True, 'gradient_checkpointing': False}",raw/Reddit__DOMINANT__seed45__ea96baa637b4f320b48c118f.json,
7fb46699-e462-4585-86e5-f2040d642cce,840a3385e8d23cce7f50b2c8,391f2600f2d3a2c472f802767b5b7612c048e73ddfc3d03efea91a9416d5f7cf,ac10847c4f361dd494316905ff28e356c6f7cff17a7b12668d1b791c03811055,c4b03f9607545b9e6f71366f24a4fa17b98ad1c32b0a3354a42cf6d57ae275c3,Reddit,Reddit-Syn,synthetic_injection_fixed_dataset_seed_42,round5_new,DOMINANT,DOMINANT,gog_fraud.models.pygod.shared_reconstruction.SharedDOMINANT,46,50,50,False,,sparse_fused,exact_sparse,True,False,False,False,232965,114869737,success,,,stratified_node_transductive,0.0,0.9704292228986103,0.422777275560546,0.4808297832932025,38.93666458129883,0.47786973731558113,38.499168395996094,0.9716093473669751,0.4114002478314746,0.5699570815450644,0.47195093454588266,0.7766563766594559,,,,0.46490663232453316,0.46500644053241735,0.4648068669527897,2329.0,validation_labels,2329.0,114153.0,2330.0,114153.0,False,False,False,0.47195093454588266,0.7766563766594559,0.46500644053241735,0.4648068669527897,0.9704292228986103,0.029570777101389677,expected_direction,report_only_no_silent_inversion,4591.001803570998,11.282012054005463,4605.709098635998,11557.3359375,7811.0,14302.8603515625,17062.0,6.067507743835449,123.89659118652344,"{'name': 'sparse_fused', 'score_chunk_size': 8192, 'reconstruction_backend': 'exact_sparse', 'dense_materialized': False, 'training_full_graph': True, 'shared_model': True, 'approximation_used': False, 'normalized_adjacency_cached': True, 'message_backend': 'sparse_fused', 'edge_expanded_messages': False, 'full_graph': True, 'gradient_checkpointing': False}",raw/Reddit__DOMINANT__seed46__840a3385e8d23cce7f50b2c8.json,
c8b75b63-14bf-4f76-9356-43ff9b23f912,3704a4b3df086a481ed63b03,391f2600f2d3a2c472f802767b5b7612c048e73ddfc3d03efea91a9416d5f7cf,ac10847c4f361dd494316905ff28e356c6f7cff17a7b12668d1b791c03811055,c4b03f9607545b9e6f71366f24a4fa17b98ad1c32b0a3354a42cf6d57ae275c3,Reddit,Reddit-Syn,synthetic_injection_fixed_dataset_seed_42,round5_new,OCGNN,OCGNN,pygod.detector.ocgnn.OCGNN,42,50,50,False,,sparse_fused,not_applicable_native_objective,True,False,False,False,232965,114869737,success,,,stratified_node_transductive,0.0,0.5091465922420436,0.02043704670502219,0.040548219196763415,-0.3683823347091675,0.0400323427006155,-0.40471750497817993,0.5012619975618551,0.02081652966312574,0.5206008583690988,0.0058140343415638935,0.5103814607824925,,,,0.01502468340845675,0.015027908973808502,0.015021459227467811,2329.0,validation_labels,2329.0,114153.0,2330.0,114153.0,False,False,False,0.0058140343415638935,0.5103814607824925,0.015027908973808502,0.015021459227467811,0.5091465922420436,0.4908534077579564,expected_direction,report_only_no_silent_inversion,1194.7815125459965,25.35927374199673,1227.4892824389972,14354.9765625,7886.0,11282.7138671875,14790.0,-0.6293544173240662,29.851524353027344,{},raw/Reddit__OCGNN__seed42__3704a4b3df086a481ed63b03.json,
0118e069-6a48-4317-b0a8-507485248902,fef26afab268fb72c04d0279,391f2600f2d3a2c472f802767b5b7612c048e73ddfc3d03efea91a9416d5f7cf,ac10847c4f361dd494316905ff28e356c6f7cff17a7b12668d1b791c03811055,c4b03f9607545b9e6f71366f24a4fa17b98ad1c32b0a3354a42cf6d57ae275c3,Reddit,Reddit-Syn,synthetic_injection_fixed_dataset_seed_42,round5_new,OCGNN,OCGNN,pygod.detector.ocgnn.OCGNN,43,50,50,False,,sparse_fused,not_applicable_native_objective,True,False,False,False,232965,114869737,success,,,stratified_node_transductive,0.0,0.5104572625949008,0.01983206093002663,0.04080319937354924,-0.43006739020347595,0.040002371213468495,-0.4593718349933624,0.29771123435380575,0.02056940803511553,0.7240343347639485,0.006241243460260978,0.510173589026609,,,,0.01330757673320455,0.013310433662516101,0.013304721030042918,2329.0,validation_labels,2329.0,114153.0,2330.0,114153.0,False,False,False,0.006241243460260978,0.510173589026609,0.013310433662516101,0.013304721030042918,0.5104572625949008,0.4895427374050992,expected_direction,report_only_no_silent_inversion,1237.1769011399956,26.120917278996785,1269.9782702520024,14431.29296875,7884.0,11282.7138671875,14790.0,-0.6483084559440613,25.320329666137695,{},raw/Reddit__OCGNN__seed43__fef26afab268fb72c04d0279.json,
0c0f9520-4830-4403-92b0-b29ad8362ca4,28c2903c2de4a6e307141e77,391f2600f2d3a2c472f802767b5b7612c048e73ddfc3d03efea91a9416d5f7cf,ac10847c4f361dd494316905ff28e356c6f7cff17a7b12668d1b791c03811055,c4b03f9607545b9e6f71366f24a4fa17b98ad1c32b0a3354a42cf6d57ae275c3,Reddit,Reddit-Syn,synthetic_injection_fixed_dataset_seed_42,round5_new,OCGNN,OCGNN,pygod.detector.ocgnn.OCGNN,44,50,50,False,,sparse_fused,not_applicable_native_objective,True,False,False,False,232965,114869737,success,,,stratified_node_transductive,0.0,0.520439763303892,0.021099338569128094,0.04248162451725427,-0.3237172067165375,0.04124231118281738,-0.3456302881240845,0.6799333802647619,0.021907975788740694,0.35107296137339056,0.009345717722308805,0.515575726260618,,,,0.0137368534020176,0.013739802490339202,0.013733905579399141,2329.0,validation_labels,2329.0,114153.0,2330.0,114153.0,False,False,False,0.009345717722308805,0.515575726260618,0.013739802490339202,0.013733905579399141,0.520439763303892,0.479560236696108,expected_direction,report_only_no_silent_inversion,1251.5766525030049,26.112829365993093,1283.1252202510004,14388.04296875,7884.0,11282.7138671875,14790.0,-0.6301700472831726,32.766563415527344,{},raw/Reddit__OCGNN__seed44__28c2903c2de4a6e307141e77.json,
cdf99cfa-40b4-4e88-93dc-20a1efa0ef3a,b01c198948bc16e5ea86a168,391f2600f2d3a2c472f802767b5b7612c048e73ddfc3d03efea91a9416d5f7cf,ac10847c4f361dd494316905ff28e356c6f7cff17a7b12668d1b791c03811055,c4b03f9607545b9e6f71366f24a4fa17b98ad1c32b0a3354a42cf6d57ae275c3,Reddit,Reddit-Syn,synthetic_injection_fixed_dataset_seed_42,round5_new,OCGNN,OCGNN,pygod.detector.ocgnn.OCGNN,45,50,50,False,,sparse_fused,not_applicable_native_objective,True,False,False,False,232965,114869737,success,,,stratified_node_transductive,0.0,0.5182220917344988,0.020471143686405308,0.041627588197099774,-0.32577669620513916,0.04083917336497772,-0.3615220785140991,0.6378496248347384,0.021543476720289136,0.39141630901287555,0.008313863234812204,0.5142805967549989,,,,0.01502468340845675,0.015027908973808502,0.015021459227467811,2329.0,validation_labels,2329.0,114153.0,2330.0,114153.0,False,False,False,0.008313863234812204,0.5142805967549989,0.015027908973808502,0.015021459227467811,0.5182220917344988,0.48177790826550115,expected_direction,report_only_no_silent_inversion,1250.8039100189999,26.35652836200461,1286.3470119119957,14620.453125,7884.0,11282.7138671875,14790.0,-0.598553478717804,26.19034194946289,{},raw/Reddit__OCGNN__seed45__b01c198948bc16e5ea86a168.json,
e5e1b853-51d6-4e43-a4d9-56fabe3c5c5e,7bae6db8141a6011ba5fe639,391f2600f2d3a2c472f802767b5b7612c048e73ddfc3d03efea91a9416d5f7cf,ac10847c4f361dd494316905ff28e356c6f7cff17a7b12668d1b791c03811055,c4b03f9607545b9e6f71366f24a4fa17b98ad1c32b0a3354a42cf6d57ae275c3,Reddit,Reddit-Syn,synthetic_injection_fixed_dataset_seed_42,round5_new,OCGNN,OCGNN,pygod.detector.ocgnn.OCGNN,46,50,50,False,,sparse_fused,not_applicable_native_objective,True,False,False,False,232965,114869737,success,,,stratified_node_transductive,0.0,0.5191039535110791,0.020652056326239236,0.04114048675470608,-0.36287981271743774,0.04106633998242297,-0.3613158166408539,0.373405333012826,0.021190633245382586,0.6618025751072961,0.01094480199358371,0.5189252553862937,,,,0.01244902339557845,0.0124516960068699,0.012446351931330472,2329.0,validation_labels,2329.0,114153.0,2330.0,114153.0,False,False,False,0.01094480199358371,0.5189252553862937,0.0124516960068699,0.012446351931330472,0.5191039535110791,0.48089604648892087,expected_direction,report_only_no_silent_inversion,1240.152085237998,26.866701316997933,1273.4607940360002,14446.38671875,7884.0,11282.7138671875,14790.0,-0.5264580249786377,21.460357666015625,{},raw/Reddit__OCGNN__seed46__7bae6db8141a6011ba5fe639.json,
a3ca66e7-ddeb-4cb8-99d0-9c374d8da9a0,6414a0e9934534bbb90399ce,391f2600f2d3a2c472f802767b5b7612c048e73ddfc3d03efea91a9416d5f7cf,ac10847c4f361dd494316905ff28e356c6f7cff17a7b12668d1b791c03811055,c4b03f9607545b9e6f71366f24a4fa17b98ad1c32b0a3354a42cf6d57ae275c3,Yelp,Yelp-Syn,synthetic_injection_fixed_dataset_seed_42,round5_new,CONAD,CONAD,gog_fraud.models.pygod.shared_reconstruction.SharedCONAD,42,50,50,False,,sparse_fused,exact_sparse,True,False,False,False,716847,14004995,success,,,stratified_node_transductive,0.0,0.9361708236112705,0.07674699120329129,0.15607917059377946,4.870716094970703,0.1543928923988154,4.950449466705322,0.9394709602899367,0.08992226668506509,0.5454799107142857,0.20412556101633203,0.7448597840123115,,,,0.03599330357142857,0.03599330357142857,0.03599330357142857,3584.0,validation_labels,3584.0,354839.0,3584.0,354840.0,False,False,False,0.20412556101633203,0.7448597840123115,0.03599330357142857,0.03599330357142857,0.9361708236112705,0.06382917638872954,expected_direction,report_only_no_silent_inversion,693.4666953150008,6.02919596999709,706.6863849200017,3102.87109375,7911.0,10869.88330078125,13038.0,1.5636012554168701,86.859619140625,"{'name': 'sparse_fused', 'score_chunk_size': 8192, 'reconstruction_backend': 'exact_sparse', 'dense_materialized': False, 'training_full_graph': True, 'shared_model': True, 'approximation_used': False, 'normalized_adjacency_cached': True, 'message_backend': 'sparse_fused', 'edge_expanded_messages': False, 'full_graph': True, 'gradient_checkpointing': False}",raw/Yelp__CONAD__seed42__6414a0e9934534bbb90399ce.json,
d666803d-1a54-4124-a439-2ed994fe6e25,6814d61249c308717235161d,391f2600f2d3a2c472f802767b5b7612c048e73ddfc3d03efea91a9416d5f7cf,ac10847c4f361dd494316905ff28e356c6f7cff17a7b12668d1b791c03811055,c4b03f9607545b9e6f71366f24a4fa17b98ad1c32b0a3354a42cf6d57ae275c3,Yelp,Yelp-Syn,synthetic_injection_fixed_dataset_seed_42,round5_new,CONAD,CONAD,gog_fraud.models.pygod.shared_reconstruction.SharedCONAD,43,50,50,False,,sparse_fused,exact_sparse,True,False,False,False,716847,14004995,success,,,stratified_node_transductive,0.0,0.934371432072126,0.07405734190769757,0.15125277756493757,4.881644248962402,0.15005544774050458,4.715819358825684,0.9291981820363091,0.08566793289015512,0.6040736607142857,0.20946482518678655,0.7694770851198528,,,,0.035435267857142856,0.035435267857142856,0.035435267857142856,3584.0,validation_labels,3584.0,354839.0,3584.0,354840.0,False,False,False,0.20946482518678655,0.7694770851198528,0.035435267857142856,0.035435267857142856,0.934371432072126,0.06562856792787393,expected_direction,report_only_no_silent_inversion,692.2961827609979,5.917096299002878,705.5874798720033,3099.16015625,7911.0,10870.6630859375,13038.0,1.5166797637939453,85.67570495605469,"{'name': 'sparse_fused', 'score_chunk_size': 8192, 'reconstruction_backend': 'exact_sparse', 'dense_materialized': False, 'training_full_graph': True, 'shared_model': True, 'approximation_used': False, 'normalized_adjacency_cached': True, 'message_backend': 'sparse_fused', 'edge_expanded_messages': False, 'full_graph': True, 'gradient_checkpointing': False}",raw/Yelp__CONAD__seed43__6814d61249c308717235161d.json,
e5711494-46c5-4ccf-afa1-3759b7c08296,b09a6a344451a440299aae3e,391f2600f2d3a2c472f802767b5b7612c048e73ddfc3d03efea91a9416d5f7cf,ac10847c4f361dd494316905ff28e356c6f7cff17a7b12668d1b791c03811055,c4b03f9607545b9e6f71366f24a4fa17b98ad1c32b0a3354a42cf6d57ae275c3,Yelp,Yelp-Syn,synthetic_injection_fixed_dataset_seed_42,round5_new,CONAD,CONAD,gog_fraud.models.pygod.shared_reconstruction.SharedCONAD,44,50,50,False,,sparse_fused,exact_sparse,True,False,False,False,716847,14004995,success,,,stratified_node_transductive,0.0,0.9355502534247074,0.07582596821780661,0.15268726788592252,4.545679569244385,0.15232472324723248,4.632620811462402,0.9346386811114242,0.08777002891648239,0.5758928571428571,0.20712463735123893,0.7577187203085495,,,,0.03571428571428571,0.03571428571428571,0.03571428571428571,3584.0,validation_labels,3584.0,354839.0,3584.0,354840.0,False,False,False,0.20712463735123893,0.7577187203085495,0.03571428571428571,0.03571428571428571,0.9355502534247074,0.06444974657529248,expected_direction,report_only_no_silent_inversion,683.5836868280021,6.08212540599925,697.4695285299968,3124.4453125,7911.0,10869.8095703125,13038.0,1.2241390943527222,85.54862976074219,"{'name': 'sparse_fused', 'score_chunk_size': 8192, 'reconstruction_backend': 'exact_sparse', 'dense_materialized': False, 'training_full_graph': True, 'shared_model': True, 'approximation_used': False, 'normalized_adjacency_cached': True, 'message_backend': 'sparse_fused', 'edge_expanded_messages': False, 'full_graph': True, 'gradient_checkpointing': False}",raw/Yelp__CONAD__seed44__b09a6a344451a440299aae3e.json,
71c320f3-1f17-4e5f-90e9-3698a78980f5,c8b0613737e7162acb781642,391f2600f2d3a2c472f802767b5b7612c048e73ddfc3d03efea91a9416d5f7cf,ac10847c4f361dd494316905ff28e356c6f7cff17a7b12668d1b791c03811055,c4b03f9607545b9e6f71366f24a4fa17b98ad1c32b0a3354a42cf6d57ae275c3,Yelp,Yelp-Syn,synthetic_injection_fixed_dataset_seed_42,round5_new,CONAD,CONAD,gog_fraud.models.pygod.shared_reconstruction.SharedCONAD,45,50,50,False,,sparse_fused,exact_sparse,True,False,False,False,716847,14004995,success,,,stratified_node_transductive,0.0,0.9348767851198276,0.07539070082158948,0.15032377428307123,5.40339994430542,0.14893163909987933,4.919157028198242,0.9313743816663551,0.08531923546156975,0.5853794642857143,0.20545681039424207,0.7609965746634297,,,,0.041015625,0.041015625,0.041015625,3584.0,validation_labels,3584.0,354839.0,3584.0,354840.0,False,False,False,0.20545681039424207,0.7609965746634297,0.041015625,0.041015625,0.9348767851198276,0.06512321488017236,expected_direction,report_only_no_silent_inversion,723.8063409680035,6.009873458999209,734.9761654590038,3261.125,7880.0,10870.04638671875,13038.0,1.6932957172393799,90.55933380126953,"{'name': 'sparse_fused', 'score_chunk_size': 8192, 'reconstruction_backend': 'exact_sparse', 'dense_materialized': False, 'training_full_graph': True, 'shared_model': True, 'approximation_used': False, 'normalized_adjacency_cached': True, 'message_backend': 'sparse_fused', 'edge_expanded_messages': False, 'full_graph': True, 'gradient_checkpointing': False}",raw/Yelp__CONAD__seed45__c8b0613737e7162acb781642.json,
202900b2-7e80-48a8-8d9c-b23a94bbfdc6,fb7249b3909768e616f1b3ac,391f2600f2d3a2c472f802767b5b7612c048e73ddfc3d03efea91a9416d5f7cf,ac10847c4f361dd494316905ff28e356c6f7cff17a7b12668d1b791c03811055,c4b03f9607545b9e6f71366f24a4fa17b98ad1c32b0a3354a42cf6d57ae275c3,Yelp,Yelp-Syn,synthetic_injection_fixed_dataset_seed_42,round5_new,CONAD,CONAD,gog_fraud.models.pygod.shared_reconstruction.SharedCONAD,46,50,50,False,,sparse_fused,exact_sparse,True,False,False,False,716847,14004995,success,,,stratified_node_transductive,0.0,0.9328039405115435,0.07219519400630078,0.14766270171982726,4.765161991119385,0.14652317880794702,4.601759910583496,0.9296250519637411,0.08359571788413098,0.5926339285714286,0.20431769670957872,0.763507810864454,,,,0.03404017857142857,0.03404017857142857,0.03404017857142857,3584.0,validation_labels,3584.0,354839.0,3584.0,354840.0,False,False,False,0.20431769670957872,0.763507810864454,0.03404017857142857,0.03404017857142857,0.9328039405115435,0.06719605948845656,expected_direction,report_only_no_silent_inversion,711.1212422750032,5.998152931999357,721.5079983519972,3131.1171875,7876.0,10870.076171875,13034.0,1.253838300704956,86.35955047607422,"{'name': 'sparse_fused', 'score_chunk_size': 8192, 'reconstruction_backend': 'exact_sparse', 'dense_materialized': False, 'training_full_graph': True, 'shared_model': True, 'approximation_used': False, 'normalized_adjacency_cached': True, 'message_backend': 'sparse_fused', 'edge_expanded_messages': False, 'full_graph': True, 'gradient_checkpointing': False}",raw/Yelp__CONAD__seed46__fb7249b3909768e616f1b3ac.json,
1ba308db-24e9-47e2-8585-bad193b58656,ec2bc00449935be2f519342a,391f2600f2d3a2c472f802767b5b7612c048e73ddfc3d03efea91a9416d5f7cf,ac10847c4f361dd494316905ff28e356c6f7cff17a7b12668d1b791c03811055,c4b03f9607545b9e6f71366f24a4fa17b98ad1c32b0a3354a42cf6d57ae275c3,Yelp,Yelp-Syn,synthetic_injection_fixed_dataset_seed_42,round5_new,CoLA,CoLA,pygod.detector.cola.CoLA,42,50,50,False,,sparse_fused,not_applicable_native_objective,True,False,False,False,716847,14004995,success,,,stratified_node_transductive,0.0,0.3078703719866952,0.014121261172638464,0.05646359583952452,0.503553569316864,0.05607713778228876,0.444977730512619,0.9875035921243893,0.05141926477431363,0.06166294642857143,0.04586279323240622,0.5250866304682593,,,,0.05552455357142857,0.05552455357142857,0.05552455357142857,3584.0,validation_labels,3584.0,354839.0,3584.0,354840.0,False,False,False,0.04586279323240622,0.5250866304682593,0.05552455357142857,0.05552455357142857,0.3078703719866952,0.6921296280133048,warning_inverse_association,report_only_no_silent_inversion,51.75427452800068,1.1673461820028024,56.46849816900067,5360.4375,6657.0,4322.24267578125,6050.0,-84.5282211303711,12.45824909210205,{},raw/Yelp__CoLA__seed42__ec2bc00449935be2f519342a.json,
03a42fbb-8b89-4710-97f0-8a9c874848f3,d6d8ee531976e7efd19337f9,391f2600f2d3a2c472f802767b5b7612c048e73ddfc3d03efea91a9416d5f7cf,ac10847c4f361dd494316905ff28e356c6f7cff17a7b12668d1b791c03811055,c4b03f9607545b9e6f71366f24a4fa17b98ad1c32b0a3354a42cf6d57ae275c3,Yelp,Yelp-Syn,synthetic_injection_fixed_dataset_seed_42,round5_new,CoLA,CoLA,pygod.detector.cola.CoLA,43,50,50,False,,sparse_fused,not_applicable_native_objective,True,False,False,False,716847,14004995,success,,,stratified_node_transductive,0.0,0.3869375852685617,0.018648520361485902,0.06623470122390208,0.2954159080982208,0.06481231433972455,0.28071582317352295,0.9891915418374378,0.06279434850863422,0.06696428571428571,0.055088949472099726,0.5284347975747621,,,,0.06556919642857142,0.06556919642857142,0.06556919642857142,3584.0,validation_labels,3584.0,354839.0,3584.0,354840.0,False,False,False,0.055088949472099726,0.5284347975747621,0.06556919642857142,0.06556919642857142,0.3869375852685617,0.6130624147314383,warning_inverse_association,report_only_no_silent_inversion,51.47453994300304,1.2113035600013973,56.344012001998635,5395.37890625,6657.0,4322.24267578125,6050.0,-96.1566162109375,14.230921745300293,{},raw/Yelp__CoLA__seed43__d6d8ee531976e7efd19337f9.json,
d7880252-6f54-4e31-8715-a3c5bf510e66,18b56f6e7940a618d2977b9c,391f2600f2d3a2c472f802767b5b7612c048e73ddfc3d03efea91a9416d5f7cf,ac10847c4f361dd494316905ff28e356c6f7cff17a7b12668d1b791c03811055,c4b03f9607545b9e6f71366f24a4fa17b98ad1c32b0a3354a42cf6d57ae275c3,Yelp,Yelp-Syn,synthetic_injection_fixed_dataset_seed_42,round5_new,CoLA,CoLA,pygod.detector.cola.CoLA,44,50,50,False,,sparse_fused,not_applicable_native_objective,True,False,False,False,716847,14004995,success,,,stratified_node_transductive,0.0,0.44926115703430725,0.01800077577679405,0.05787781350482315,0.2836170196533203,0.056519983851433184,0.27349990606307983,0.9825150729724376,0.044275774826059454,0.078125,0.04616953278974029,0.5305459855145982,,,,0.05329241071428571,0.05329241071428571,0.05329241071428571,3584.0,validation_labels,3584.0,354839.0,3584.0,354840.0,False,False,False,0.04616953278974029,0.5305459855145982,0.05329241071428571,0.05329241071428571,0.44926115703430725,0.5507388429656928,warning_inverse_association,report_only_no_silent_inversion,51.19434212700071,1.2368173639988527,55.85184732700145,5344.9765625,6657.0,4322.24267578125,6050.0,-53.29859161376953,4.929242134094238,{},raw/Yelp__CoLA__seed44__18b56f6e7940a618d2977b9c.json,
fccd60cd-a0c5-4497-8503-9da8cddbacf2,a15c170e814daba960eeb79e,391f2600f2d3a2c472f802767b5b7612c048e73ddfc3d03efea91a9416d5f7cf,ac10847c4f361dd494316905ff28e356c6f7cff17a7b12668d1b791c03811055,c4b03f9607545b9e6f71366f24a4fa17b98ad1c32b0a3354a42cf6d57ae275c3,Yelp,Yelp-Syn,synthetic_injection_fixed_dataset_seed_42,round5_new,CoLA,CoLA,pygod.detector.cola.CoLA,45,50,50,False,,sparse_fused,not_applicable_native_objective,True,False,False,False,716847,14004995,success,,,stratified_node_transductive,0.0,0.4276279497072122,0.012877030967136115,0.04374435637604093,1.1496224403381348,0.042987745574790896,1.1225306987762451,0.9811954031967814,0.03299492385786802,0.06166294642857143,0.03189420296215089,0.5217048245839171,,,,0.04045758928571429,0.04045758928571429,0.04045758928571429,3584.0,validation_labels,3584.0,354839.0,3584.0,354840.0,False,False,False,0.03189420296215089,0.5217048245839171,0.04045758928571429,0.04045758928571429,0.4276279497072122,0.5723720502927878,warning_inverse_association,report_only_no_silent_inversion,51.1631763339974,1.1828769919993647,56.343710156997986,5362.17578125,6657.0,4322.24267578125,6050.0,-80.83402252197266,16.557422637939453,{},raw/Yelp__CoLA__seed45__a15c170e814daba960eeb79e.json,
5fd3c5ae-2304-424f-8edf-4e5d5645fd48,47d0ceab023c48870a43b6dc,391f2600f2d3a2c472f802767b5b7612c048e73ddfc3d03efea91a9416d5f7cf,ac10847c4f361dd494316905ff28e356c6f7cff17a7b12668d1b791c03811055,c4b03f9607545b9e6f71366f24a4fa17b98ad1c32b0a3354a42cf6d57ae275c3,Yelp,Yelp-Syn,synthetic_injection_fixed_dataset_seed_42,round5_new,CoLA,CoLA,pygod.detector.cola.CoLA,46,50,50,False,,sparse_fused,not_applicable_native_objective,True,False,False,False,716847,14004995,success,,,stratified_node_transductive,0.0,0.5533701636275705,0.023320612800563738,0.07092924126172208,0.26225876808166504,0.0663441603317208,0.31391748785972595,0.9860472123719739,0.05649274225186347,0.08035714285714286,0.0561306835519304,0.5334008688020355,,,,0.060267857142857144,0.060267857142857144,0.060267857142857144,3584.0,validation_labels,3584.0,354839.0,3584.0,354840.0,False,False,False,0.0561306835519304,0.5334008688020355,0.060267857142857144,0.060267857142857144,0.5533701636275705,0.4466298363724294,expected_direction,report_only_no_silent_inversion,51.013435731001664,1.2068955209979322,56.421100360999844,5179.1015625,6657.0,4322.24267578125,6050.0,-10.94271469116211,4.729527473449707,{},raw/Yelp__CoLA__seed46__47d0ceab023c48870a43b6dc.json,
d582d9ba-32aa-435e-bf95-ee04317cc7e4,37134fe3f05d2f2a1bca2751,391f2600f2d3a2c472f802767b5b7612c048e73ddfc3d03efea91a9416d5f7cf,ac10847c4f361dd494316905ff28e356c6f7cff17a7b12668d1b791c03811055,c4b03f9607545b9e6f71366f24a4fa17b98ad1c32b0a3354a42cf6d57ae275c3,Yelp,Yelp-Syn,synthetic_injection_fixed_dataset_seed_42,round5_new,DLG-Aug,DLG,gog_fraud.models.pygod.shared_reconstruction.SharedDLGFull,42,50,50,False,,sparse_fused,exact_sparse,True,False,False,False,716847,14004995,success,,,stratified_node_transductive,0.0,0.9418350653922745,0.08695294083305695,0.17434381367104793,9.648548126220703,0.17356374743713127,9.792501449584961,0.9432848896415688,0.10209205020920502,0.5786830357142857,0.22688309791180022,0.7636383840503567,,,,0.046875,0.046875,0.046875,3584.0,validation_labels,3584.0,354839.0,3584.0,354840.0,False,False,False,0.22688309791180022,0.7636383840503567,0.046875,0.046875,0.9418350653922745,0.05816493460772561,expected_direction,report_only_no_silent_inversion,440.6649600159981,1.3468007190022036,446.3776772340025,4011.15234375,7587.0,8425.65478515625,10216.0,3.477102041244507,159.6693572998047,"{'name': 'sparse_fused', 'score_chunk_size': 8192, 'reconstruction_backend': 'exact_sparse', 'dense_materialized': False, 'training_full_graph': True, 'shared_model': True, 'approximation_used': False, 'normalized_adjacency_cached': True, 'message_backend': 'sparse_fused', 'edge_expanded_messages': False, 'full_graph': True, 'gradient_checkpointing': False}",raw/Yelp__DLG-Aug__seed42__37134fe3f05d2f2a1bca2751.json,
4984bb93-05ff-4577-b926-3d0a8a88df70,a3ae1ec038a3bf23a9d2f725,391f2600f2d3a2c472f802767b5b7612c048e73ddfc3d03efea91a9416d5f7cf,ac10847c4f361dd494316905ff28e356c6f7cff17a7b12668d1b791c03811055,c4b03f9607545b9e6f71366f24a4fa17b98ad1c32b0a3354a42cf6d57ae275c3,Yelp,Yelp-Syn,synthetic_injection_fixed_dataset_seed_42,round5_new,DLG-Aug,DLG,gog_fraud.models.pygod.shared_reconstruction.SharedDLGFull,43,50,50,False,,sparse_fused,exact_sparse,True,False,False,False,716847,14004995,success,,,stratified_node_transductive,0.0,0.9388873294848936,0.08116558730803736,0.16491409071068608,9.289158821105957,0.16355158194920807,9.193075180053711,0.9368148807414702,0.09488039347194277,0.5920758928571429,0.22008188264040118,0.7675138228799299,,,,0.04185267857142857,0.04185267857142857,0.04185267857142857,3584.0,validation_labels,3584.0,354839.0,3584.0,354840.0,False,False,False,0.22008188264040118,0.7675138228799299,0.04185267857142857,0.04185267857142857,0.9388873294848936,0.0611126705151064,expected_direction,report_only_no_silent_inversion,423.41386074600086,1.3361839589997544,428.8168383299999,4262.99609375,7679.0,8425.65478515625,10216.0,2.7736194133758545,163.05104064941406,"{'name': 'sparse_fused', 'score_chunk_size': 8192, 'reconstruction_backend': 'exact_sparse', 'dense_materialized': False, 'training_full_graph': True, 'shared_model': True, 'approximation_used': False, 'normalized_adjacency_cached': True, 'message_backend': 'sparse_fused', 'edge_expanded_messages': False, 'full_graph': True, 'gradient_checkpointing': False}",raw/Yelp__DLG-Aug__seed43__a3ae1ec038a3bf23a9d2f725.json,
a732f627-8a35-464e-b323-90286f587488,82f72962a0e68a83b7aa6278,391f2600f2d3a2c472f802767b5b7612c048e73ddfc3d03efea91a9416d5f7cf,ac10847c4f361dd494316905ff28e356c6f7cff17a7b12668d1b791c03811055,c4b03f9607545b9e6f71366f24a4fa17b98ad1c32b0a3354a42cf6d57ae275c3,Yelp,Yelp-Syn,synthetic_injection_fixed_dataset_seed_42,round5_new,DLG-Aug,DLG,gog_fraud.models.pygod.shared_reconstruction.SharedDLGFull,44,50,50,False,,sparse_fused,exact_sparse,True,False,False,False,716847,14004995,success,,,stratified_node_transductive,0.0,0.9394412421292494,0.08197971428440363,0.16437084042717845,8.999464988708496,0.1634266354763249,9.134300231933594,0.9410389400233802,0.09552098066949552,0.5652901785714286,0.21557103405507455,0.7556131875835387,,,,0.041294642857142856,0.041294642857142856,0.041294642857142856,3584.0,validation_labels,3584.0,354839.0,3584.0,354840.0,False,False,False,0.21557103405507455,0.7556131875835387,0.041294642857142856,0.041294642857142856,0.9394412421292494,0.060558757870750594,expected_direction,report_only_no_silent_inversion,388.4326636229998,1.2462213809994864,395.0576649309987,4010.46875,7779.0,8425.65478515625,10216.0,2.391826868057251,164.41656494140625,"{'name': 'sparse_fused', 'score_chunk_size': 8192, 'reconstruction_backend': 'exact_sparse', 'dense_materialized': False, 'training_full_graph': True, 'shared_model': True, 'approximation_used': False, 'normalized_adjacency_cached': True, 'message_backend': 'sparse_fused', 'edge_expanded_messages': False, 'full_graph': True, 'gradient_checkpointing': False}",raw/Yelp__DLG-Aug__seed44__82f72962a0e68a83b7aa6278.json,
87f044ec-8ccf-44ae-b1c7-66dd4bb16d42,32165efededf33716f11529d,391f2600f2d3a2c472f802767b5b7612c048e73ddfc3d03efea91a9416d5f7cf,ac10847c4f361dd494316905ff28e356c6f7cff17a7b12668d1b791c03811055,c4b03f9607545b9e6f71366f24a4fa17b98ad1c32b0a3354a42cf6d57ae275c3,Yelp,Yelp-Syn,synthetic_injection_fixed_dataset_seed_42,round5_new,DLG-Aug,DLG,gog_fraud.models.pygod.shared_reconstruction.SharedDLGFull,45,50,50,False,,sparse_fused,exact_sparse,True,False,False,False,716847,14004995,success,,,stratified_node_transductive,0.0,0.941358584842565,0.08556662888862258,0.1718400238770333,9.437721252441406,0.17007030465349848,9.782670021057129,0.9427687397293143,0.10003938558487593,0.5669642857142857,0.22180871229437463,0.7577240547047361,,,,0.04408482142857143,0.04408482142857143,0.04408482142857143,3584.0,validation_labels,3584.0,354839.0,3584.0,354840.0,False,False,False,0.22180871229437463,0.7577240547047361,0.04408482142857143,0.04408482142857143,0.941358584842565,0.05864141515743514,expected_direction,report_only_no_silent_inversion,394.54796289300066,1.2925002409974695,401.2675115540005,4010.65625,7779.0,8425.65478515625,10216.0,3.508314847946167,161.1818084716797,"{'name': 'sparse_fused', 'score_chunk_size': 8192, 'reconstruction_backend': 'exact_sparse', 'dense_materialized': False, 'training_full_graph': True, 'shared_model': True, 'approximation_used': False, 'normalized_adjacency_cached': True, 'message_backend': 'sparse_fused', 'edge_expanded_messages': False, 'full_graph': True, 'gradient_checkpointing': False}",raw/Yelp__DLG-Aug__seed45__32165efededf33716f11529d.json,
9136e056-f2e2-4db3-9e22-e58bb6c37215,519f5a939df966d29ae19e4a,391f2600f2d3a2c472f802767b5b7612c048e73ddfc3d03efea91a9416d5f7cf,ac10847c4f361dd494316905ff28e356c6f7cff17a7b12668d1b791c03811055,c4b03f9607545b9e6f71366f24a4fa17b98ad1c32b0a3354a42cf6d57ae275c3,Yelp,Yelp-Syn,synthetic_injection_fixed_dataset_seed_42,round5_new,DLG-Aug,DLG,gog_fraud.models.pygod.shared_reconstruction.SharedDLGFull,46,50,50,False,,sparse_fused,exact_sparse,True,False,False,False,716847,14004995,success,,,stratified_node_transductive,0.0,0.9384090942616743,0.08050800702668498,0.16434574316917705,9.312965393066406,0.16370410618644726,9.161578178405762,0.9384470304640048,0.09507708953205302,0.5884486607142857,0.21962774841297736,0.7659397513919755,,,,0.03766741071428571,0.03766741071428571,0.03766741071428571,3584.0,validation_labels,3584.0,354839.0,3584.0,354840.0,False,False,False,0.21962774841297736,0.7659397513919755,0.03766741071428571,0.03766741071428571,0.9384090942616743,0.06159090573832572,expected_direction,report_only_no_silent_inversion,399.03459527099767,1.255853560000105,405.95421740599704,4049.1875,7779.0,8425.65478515625,10216.0,2.735856533050537,163.0828094482422,"{'name': 'sparse_fused', 'score_chunk_size': 8192, 'reconstruction_backend': 'exact_sparse', 'dense_materialized': False, 'training_full_graph': True, 'shared_model': True, 'approximation_used': False, 'normalized_adjacency_cached': True, 'message_backend': 'sparse_fused', 'edge_expanded_messages': False, 'full_graph': True, 'gradient_checkpointing': False}",raw/Yelp__DLG-Aug__seed46__519f5a939df966d29ae19e4a.json,
54a081fb-45dd-4193-9c8b-96ab50195193,ee497f536b57d6725c4d7fa6,391f2600f2d3a2c472f802767b5b7612c048e73ddfc3d03efea91a9416d5f7cf,ac10847c4f361dd494316905ff28e356c6f7cff17a7b12668d1b791c03811055,c4b03f9607545b9e6f71366f24a4fa17b98ad1c32b0a3354a42cf6d57ae275c3,Yelp,Yelp-Syn,synthetic_injection_fixed_dataset_seed_42,round5_new,DLG-Base,DLG-Base,gog_fraud.models.pygod.shared_reconstruction.SharedDLGBase,42,50,50,False,,sparse_fused,exact_sparse,True,False,False,False,716847,14004995,success,,,stratified_node_transductive,0.0,0.939683135451139,0.08377305036697785,0.16711016498137307,9.100489616394043,0.1662951759274001,9.010353088378906,0.9400652301889109,0.09698235840297122,0.5828683035714286,0.22106193918994985,0.7640260241789056,,,,0.049107142857142856,0.049107142857142856,0.049107142857142856,3584.0,validation_labels,3584.0,354839.0,3584.0,354840.0,False,False,False,0.22106193918994985,0.7640260241789056,0.049107142857142856,0.049107142857142856,0.939683135451139,0.06031686454886106,expected_direction,report_only_no_silent_inversion,374.10282857999846,1.085171894999803,378.19795805000103,3000.52734375,7905.0,9135.01513671875,11132.0,2.3824729919433594,166.62953186035156,"{'name': 'sparse_fused', 'score_chunk_size': 8192, 'reconstruction_backend': 'exact_sparse', 'dense_materialized': False, 'training_full_graph': True, 'shared_model': True, 'approximation_used': False, 'normalized_adjacency_cached': True, 'message_backend': 'sparse_fused', 'edge_expanded_messages': False, 'full_graph': True, 'gradient_checkpointing': False}",raw/Yelp__DLG-Base__seed42__ee497f536b57d6725c4d7fa6.json,
1c2cddda-1081-4712-be37-75ec7226c11a,e47aa05ec1498cb6964dd999,391f2600f2d3a2c472f802767b5b7612c048e73ddfc3d03efea91a9416d5f7cf,ac10847c4f361dd494316905ff28e356c6f7cff17a7b12668d1b791c03811055,c4b03f9607545b9e6f71366f24a4fa17b98ad1c32b0a3354a42cf6d57ae275c3,Yelp,Yelp-Syn,synthetic_injection_fixed_dataset_seed_42,round5_new,DLG-Base,DLG-Base,gog_fraud.models.pygod.shared_reconstruction.SharedDLGBase,43,50,50,False,,sparse_fused,exact_sparse,True,False,False,False,716847,14004995,success,,,stratified_node_transductive,0.0,0.9400578032623104,0.08644213120573849,0.17122344200025044,8.930564880371094,0.16497716386320596,9.86879825592041,0.9591488269446994,0.10306193458594294,0.41322544642857145,0.19115562232313077,0.6884510165295827,,,,0.060267857142857144,0.060267857142857144,0.060267857142857144,3584.0,validation_labels,3584.0,354839.0,3584.0,354840.0,False,False,False,0.19115562232313077,0.6884510165295827,0.060267857142857144,0.060267857142857144,0.9400578032623104,0.05994219673768962,expected_direction,report_only_no_silent_inversion,374.52898214200104,1.094683506002184,381.7195828709955,3217.51171875,7905.0,9135.01513671875,11132.0,2.3676540851593018,169.62869262695312,"{'name': 'sparse_fused', 'score_chunk_size': 8192, 'reconstruction_backend': 'exact_sparse', 'dense_materialized': False, 'training_full_graph': True, 'shared_model': True, 'approximation_used': False, 'normalized_adjacency_cached': True, 'message_backend': 'sparse_fused', 'edge_expanded_messages': False, 'full_graph': True, 'gradient_checkpointing': False}",raw/Yelp__DLG-Base__seed43__e47aa05ec1498cb6964dd999.json,
aec5f246-64bc-4ebb-abc4-4e6892bacfef,4c1fadbe32e45d5fdb5429c9,391f2600f2d3a2c472f802767b5b7612c048e73ddfc3d03efea91a9416d5f7cf,ac10847c4f361dd494316905ff28e356c6f7cff17a7b12668d1b791c03811055,c4b03f9607545b9e6f71366f24a4fa17b98ad1c32b0a3354a42cf6d57ae275c3,Yelp,Yelp-Syn,synthetic_injection_fixed_dataset_seed_42,round5_new,DLG-Base,DLG-Base,gog_fraud.models.pygod.shared_reconstruction.SharedDLGBase,44,50,50,False,,sparse_fused,exact_sparse,True,False,False,False,716847,14004995,success,,,stratified_node_transductive,0.0,0.9384363107693408,0.08009424572722862,0.16090430715260184,9.049359321594238,0.1606148537369618,9.066576957702637,0.9390636203591846,0.09343918240715393,0.5714285714285714,0.2140298646101999,0.7577157511635022,,,,0.0390625,0.0390625,0.0390625,3584.0,validation_labels,3584.0,354839.0,3584.0,354840.0,False,False,False,0.2140298646101999,0.7577157511635022,0.0390625,0.0390625,0.9384363107693408,0.06156368923065929,expected_direction,report_only_no_silent_inversion,373.1288024059977,1.09616704799555,380.04876114599756,3082.00390625,7905.0,9135.01513671875,11132.0,2.198916435241699,168.8302459716797,"{'name': 'sparse_fused', 'score_chunk_size': 8192, 'reconstruction_backend': 'exact_sparse', 'dense_materialized': False, 'training_full_graph': True, 'shared_model': True, 'approximation_used': False, 'normalized_adjacency_cached': True, 'message_backend': 'sparse_fused', 'edge_expanded_messages': False, 'full_graph': True, 'gradient_checkpointing': False}",raw/Yelp__DLG-Base__seed44__4c1fadbe32e45d5fdb5429c9.json,
b06103c0-9d7e-49a6-8ebf-5ce2d9ea8fc5,2c45277d479de6da85e88dba,391f2600f2d3a2c472f802767b5b7612c048e73ddfc3d03efea91a9416d5f7cf,ac10847c4f361dd494316905ff28e356c6f7cff17a7b12668d1b791c03811055,c4b03f9607545b9e6f71366f24a4fa17b98ad1c32b0a3354a42cf6d57ae275c3,Yelp,Yelp-Syn,synthetic_injection_fixed_dataset_seed_42,round5_new,DLG-Base,DLG-Base,gog_fraud.models.pygod.shared_reconstruction.SharedDLGBase,45,50,50,False,,sparse_fused,exact_sparse,True,False,False,False,716847,14004995,success,,,stratified_node_transductive,0.0,0.9369128779086298,0.08329411620660097,0.1652242328874902,9.916820526123047,0.16253273763672776,8.88465690612793,0.9371999006760169,0.09428060768543342,0.5887276785714286,0.21860489049414566,0.7658016704208739,,,,0.058314732142857144,0.058314732142857144,0.058314732142857144,3584.0,validation_labels,3584.0,354839.0,3584.0,354840.0,False,False,False,0.21860489049414566,0.7658016704208739,0.058314732142857144,0.058314732142857144,0.9369128779086298,0.06308712209137016,expected_direction,report_only_no_silent_inversion,375.63489807200676,1.1551720939969528,383.36903179599904,3006.96484375,7905.0,9135.01513671875,11132.0,2.3398690223693848,179.14024353027344,"{'name': 'sparse_fused', 'score_chunk_size': 8192, 'reconstruction_backend': 'exact_sparse', 'dense_materialized': False, 'training_full_graph': True, 'shared_model': True, 'approximation_used': False, 'normalized_adjacency_cached': True, 'message_backend': 'sparse_fused', 'edge_expanded_messages': False, 'full_graph': True, 'gradient_checkpointing': False}",raw/Yelp__DLG-Base__seed45__2c45277d479de6da85e88dba.json,
d9fa2b33-efde-4cd9-a7ce-9214e28a7432,b16f977118ac7a8855534647,391f2600f2d3a2c472f802767b5b7612c048e73ddfc3d03efea91a9416d5f7cf,ac10847c4f361dd494316905ff28e356c6f7cff17a7b12668d1b791c03811055,c4b03f9607545b9e6f71366f24a4fa17b98ad1c32b0a3354a42cf6d57ae275c3,Yelp,Yelp-Syn,synthetic_injection_fixed_dataset_seed_42,round5_new,DLG-Base,DLG-Base,gog_fraud.models.pygod.shared_reconstruction.SharedDLGBase,46,50,50,False,,sparse_fused,exact_sparse,True,False,False,False,716847,14004995,success,,,stratified_node_transductive,0.0,0.9373485299618188,0.07922360129630807,0.16083695223055666,9.225419998168945,0.16071639906899682,9.221793174743652,0.9396969502515184,0.09359062715368711,0.568359375,0.21362008333693988,0.7563812431307069,,,,0.04185267857142857,0.04185267857142857,0.04185267857142857,3584.0,validation_labels,3584.0,354839.0,3584.0,354840.0,False,False,False,0.21362008333693988,0.7563812431307069,0.04185267857142857,0.04185267857142857,0.9373485299618188,0.0626514700381812,expected_direction,report_only_no_silent_inversion,377.6396291350029,1.193882332998328,384.920165596006,3125.26953125,7905.0,9135.01513671875,11132.0,2.4415459632873535,169.18377685546875,"{'name': 'sparse_fused', 'score_chunk_size': 8192, 'reconstruction_backend': 'exact_sparse', 'dense_materialized': False, 'training_full_graph': True, 'shared_model': True, 'approximation_used': False, 'normalized_adjacency_cached': True, 'message_backend': 'sparse_fused', 'edge_expanded_messages': False, 'full_graph': True, 'gradient_checkpointing': False}",raw/Yelp__DLG-Base__seed46__b16f977118ac7a8855534647.json,
0c740955-2980-4b43-b66a-7dd40ad09bf1,2c08694eec5079fbcfbeb392,391f2600f2d3a2c472f802767b5b7612c048e73ddfc3d03efea91a9416d5f7cf,ac10847c4f361dd494316905ff28e356c6f7cff17a7b12668d1b791c03811055,c4b03f9607545b9e6f71366f24a4fa17b98ad1c32b0a3354a42cf6d57ae275c3,Yelp,Yelp-Syn,synthetic_injection_fixed_dataset_seed_42,round5_new,DOMINANT,DOMINANT,gog_fraud.models.pygod.shared_reconstruction.SharedDOMINANT,42,50,50,False,,sparse_fused,exact_sparse,True,False,False,False,716847,14004995,success,,,stratified_node_transductive,0.0,0.9361802272144538,0.07676359296342505,0.15609682527712843,9.741667747497559,0.15447154471544716,9.897835731506348,0.9393984203022685,0.08996046704054426,0.5460379464285714,0.20428811822500148,0.7451233019258177,,,,0.03571428571428571,0.03571428571428571,0.03571428571428571,3584.0,validation_labels,3584.0,354839.0,3584.0,354840.0,False,False,False,0.20428811822500148,0.7451233019258177,0.03571428571428571,0.03571428571428571,0.9361802272144538,0.06381977278554621,expected_direction,report_only_no_silent_inversion,337.0677824779996,1.1038807109944173,344.8181103840034,3052.9609375,7909.0,8605.96337890625,10250.0,3.1281347274780273,173.77133178710938,"{'name': 'sparse_fused', 'score_chunk_size': 8192, 'reconstruction_backend': 'exact_sparse', 'dense_materialized': False, 'training_full_graph': True, 'shared_model': True, 'approximation_used': False, 'normalized_adjacency_cached': True, 'message_backend': 'sparse_fused', 'edge_expanded_messages': False, 'full_graph': True, 'gradient_checkpointing': False}",raw/Yelp__DOMINANT__seed42__2c08694eec5079fbcfbeb392.json,
f4f5cd0a-6b9f-458a-82f4-35ddb47cab39,50fca2cccceb7579caef813e,391f2600f2d3a2c472f802767b5b7612c048e73ddfc3d03efea91a9416d5f7cf,ac10847c4f361dd494316905ff28e356c6f7cff17a7b12668d1b791c03811055,c4b03f9607545b9e6f71366f24a4fa17b98ad1c32b0a3354a42cf6d57ae275c3,Yelp,Yelp-Syn,synthetic_injection_fixed_dataset_seed_42,round5_new,DOMINANT,DOMINANT,gog_fraud.models.pygod.shared_reconstruction.SharedDOMINANT,43,50,50,False,,sparse_fused,exact_sparse,True,False,False,False,716847,14004995,success,,,stratified_node_transductive,0.0,0.9343819141134535,0.07407271327905779,0.15128755364806867,9.762786865234375,0.15008665511265165,9.431559562683105,0.9292205020325146,0.08568827673553392,0.6040736607142857,0.2094943808767553,0.7694855396345637,,,,0.035435267857142856,0.035435267857142856,0.035435267857142856,3584.0,validation_labels,3584.0,354839.0,3584.0,354840.0,False,False,False,0.2094943808767553,0.7694855396345637,0.035435267857142856,0.035435267857142856,0.9343819141134535,0.06561808588654644,expected_direction,report_only_no_silent_inversion,341.3339020210042,1.1227634909955668,349.28750095999567,3041.7578125,7909.0,8605.96337890625,10250.0,3.0318546295166016,171.3917236328125,"{'name': 'sparse_fused', 'score_chunk_size': 8192, 'reconstruction_backend': 'exact_sparse', 'dense_materialized': False, 'training_full_graph': True, 'shared_model': True, 'approximation_used': False, 'normalized_adjacency_cached': True, 'message_backend': 'sparse_fused', 'edge_expanded_messages': False, 'full_graph': True, 'gradient_checkpointing': False}",raw/Yelp__DOMINANT__seed43__50fca2cccceb7579caef813e.json,
b9ac5244-f0d2-4325-a291-6409d8b7fcc4,e5a0176c84fc7d44066bce1c,391f2600f2d3a2c472f802767b5b7612c048e73ddfc3d03efea91a9416d5f7cf,ac10847c4f361dd494316905ff28e356c6f7cff17a7b12668d1b791c03811055,c4b03f9607545b9e6f71366f24a4fa17b98ad1c32b0a3354a42cf6d57ae275c3,Yelp,Yelp-Syn,synthetic_injection_fixed_dataset_seed_42,round5_new,DOMINANT,DOMINANT,gog_fraud.models.pygod.shared_reconstruction.SharedDOMINANT,44,50,50,False,,sparse_fused,exact_sparse,True,False,False,False,716847,14004995,success,,,stratified_node_transductive,0.0,0.9355583426936889,0.07583903136620392,0.15271402039457546,9.090867042541504,0.15236407928247148,9.264974594116211,0.9346582111081041,0.08779616317155133,0.5758928571428571,0.20716123504890507,0.7577285839090455,,,,0.03599330357142857,0.03599330357142857,0.03599330357142857,3584.0,validation_labels,3584.0,354839.0,3584.0,354840.0,False,False,False,0.20716123504890507,0.7577285839090455,0.03599330357142857,0.03599330357142857,0.9355583426936889,0.0644416573063111,expected_direction,report_only_no_silent_inversion,343.60160365200136,1.1522545510015334,351.7597167729982,2988.51953125,7909.0,8605.96337890625,10250.0,2.4484877586364746,171.10501098632812,"{'name': 'sparse_fused', 'score_chunk_size': 8192, 'reconstruction_backend': 'exact_sparse', 'dense_materialized': False, 'training_full_graph': True, 'shared_model': True, 'approximation_used': False, 'normalized_adjacency_cached': True, 'message_backend': 'sparse_fused', 'edge_expanded_messages': False, 'full_graph': True, 'gradient_checkpointing': False}",raw/Yelp__DOMINANT__seed44__e5a0176c84fc7d44066bce1c.json,
a0bad5e5-e1f8-41c7-89b9-8f0c4fb0f489,9a55f6954890cf1b9365b10c,391f2600f2d3a2c472f802767b5b7612c048e73ddfc3d03efea91a9416d5f7cf,ac10847c4f361dd494316905ff28e356c6f7cff17a7b12668d1b791c03811055,c4b03f9607545b9e6f71366f24a4fa17b98ad1c32b0a3354a42cf6d57ae275c3,Yelp,Yelp-Syn,synthetic_injection_fixed_dataset_seed_42,round5_new,DOMINANT,DOMINANT,gog_fraud.models.pygod.shared_reconstruction.SharedDOMINANT,45,50,50,False,,sparse_fused,exact_sparse,True,False,False,False,716847,14004995,success,,,stratified_node_transductive,0.0,0.9348910658740055,0.07541183183377582,0.15033072760072158,10.806724548339844,0.14915301890771068,9.805253028869629,0.9305457518072222,0.08532368315239244,0.5920758928571429,0.20672215375480255,0.7639840629881476,,,,0.041294642857142856,0.041294642857142856,0.041294642857142856,3584.0,validation_labels,3584.0,354839.0,3584.0,354840.0,False,False,False,0.20672215375480255,0.7639840629881476,0.041294642857142856,0.041294642857142856,0.9348910658740055,0.06510893412599442,expected_direction,report_only_no_silent_inversion,337.22621384800004,1.1329758309948375,345.6745628149947,2991.6796875,7909.0,8605.96337890625,10250.0,3.3855926990509033,181.18710327148438,"{'name': 'sparse_fused', 'score_chunk_size': 8192, 'reconstruction_backend': 'exact_sparse', 'dense_materialized': False, 'training_full_graph': True, 'shared_model': True, 'approximation_used': False, 'normalized_adjacency_cached': True, 'message_backend': 'sparse_fused', 'edge_expanded_messages': False, 'full_graph': True, 'gradient_checkpointing': False}",raw/Yelp__DOMINANT__seed45__9a55f6954890cf1b9365b10c.json,
40609dff-5d0e-49b1-a526-33805f92af59,64332001f2df2844b6ec8ee7,391f2600f2d3a2c472f802767b5b7612c048e73ddfc3d03efea91a9416d5f7cf,ac10847c4f361dd494316905ff28e356c6f7cff17a7b12668d1b791c03811055,c4b03f9607545b9e6f71366f24a4fa17b98ad1c32b0a3354a42cf6d57ae275c3,Yelp,Yelp-Syn,synthetic_injection_fixed_dataset_seed_42,round5_new,DOMINANT,DOMINANT,gog_fraud.models.pygod.shared_reconstruction.SharedDOMINANT,46,50,50,False,,sparse_fused,exact_sparse,True,False,False,False,716847,14004995,success,,,stratified_node_transductive,0.0,0.9328111966742808,0.07220518981943642,0.14767388998333078,9.530017852783203,0.14653328734046223,9.203277587890625,0.9296417919608954,0.0836022986696056,0.5926339285714286,0.2043273103195814,0.7635106290360243,,,,0.03404017857142857,0.03404017857142857,0.03404017857142857,3584.0,validation_labels,3584.0,354839.0,3584.0,354840.0,False,False,False,0.2043273103195814,0.7635106290360243,0.03404017857142857,0.03404017857142857,0.9328111966742808,0.06718880332571923,expected_direction,report_only_no_silent_inversion,340.584707369002,1.083366908998869,349.08929674599494,2991.6171875,7909.0,8605.96337890625,10250.0,2.5079164505004883,172.7224884033203,"{'name': 'sparse_fused', 'score_chunk_size': 8192, 'reconstruction_backend': 'exact_sparse', 'dense_materialized': False, 'training_full_graph': True, 'shared_model': True, 'approximation_used': False, 'normalized_adjacency_cached': True, 'message_backend': 'sparse_fused', 'edge_expanded_messages': False, 'full_graph': True, 'gradient_checkpointing': False}",raw/Yelp__DOMINANT__seed46__64332001f2df2844b6ec8ee7.json,
2554c4ab-f8f9-4315-8ab0-51b757510df1,61843d6a721e56e755750e76,391f2600f2d3a2c472f802767b5b7612c048e73ddfc3d03efea91a9416d5f7cf,ac10847c4f361dd494316905ff28e356c6f7cff17a7b12668d1b791c03811055,c4b03f9607545b9e6f71366f24a4fa17b98ad1c32b0a3354a42cf6d57ae275c3,Yelp,Yelp-Syn,synthetic_injection_fixed_dataset_seed_42,round5_new,OCGNN,OCGNN,pygod.detector.ocgnn.OCGNN,42,50,50,False,,sparse_fused,not_applicable_native_objective,True,False,False,False,716847,14004995,success,,,stratified_node_transductive,0.0,0.31556244626287805,0.0066356215567088235,0.019859447622452626,-3.223937511444092,0.019807187659114944,-3.218719720840454,0.01281446782154047,0.010003899825355647,0.9877232142857143,0.0004044804344608468,0.5002278567201314,,,,0.0027901785714285715,0.0027901785714285715,0.0027901785714285715,3584.0,validation_labels,3584.0,354839.0,3584.0,354840.0,False,False,False,0.0004044804344608468,0.5002278567201314,0.0027901785714285715,0.0027901785714285715,0.31556244626287805,0.684437553737122,warning_inverse_association,report_only_no_silent_inversion,47.5314412359985,1.189435414999025,52.59114067599876,5400.28515625,4057.0,2676.38330078125,3450.0,-3.300685405731201,373.5668029785156,{},raw/Yelp__OCGNN__seed42__61843d6a721e56e755750e76.json,
3a855184-cddf-4d2f-9dd5-6dfa5ad80d4b,ffc7fb0bf74d276761bb89cb,391f2600f2d3a2c472f802767b5b7612c048e73ddfc3d03efea91a9416d5f7cf,ac10847c4f361dd494316905ff28e356c6f7cff17a7b12668d1b791c03811055,c4b03f9607545b9e6f71366f24a4fa17b98ad1c32b0a3354a42cf6d57ae275c3,Yelp,Yelp-Syn,synthetic_injection_fixed_dataset_seed_42,round5_new,OCGNN,OCGNN,pygod.detector.ocgnn.OCGNN,43,50,50,False,,sparse_fused,not_applicable_native_objective,True,False,False,False,716847,14004995,success,,,stratified_node_transductive,0.0,0.3485821133261017,0.006966506939626952,0.01993761780809622,-3.1950130462646484,0.019911748327260496,-3.1826093196868896,0.022585046160542153,0.010057770784488987,0.9827008928571429,0.003827415910476595,0.5028838135799636,,,,0.006696428571428571,0.006696428571428571,0.006696428571428571,3584.0,validation_labels,3584.0,354839.0,3584.0,354840.0,False,False,False,0.003827415910476595,0.5028838135799636,0.006696428571428571,0.006696428571428571,0.3485821133261017,0.6514178866738983,warning_inverse_association,report_only_no_silent_inversion,47.43240834799872,1.0922457400010899,52.344684089999646,5419.19140625,4057.0,2676.38330078125,3450.0,-3.254633903503418,644.2733154296875,{},raw/Yelp__OCGNN__seed43__ffc7fb0bf74d276761bb89cb.json,
8b2eee25-b628-464b-ae90-816e89be6569,b34323857b1d24e970ab30e3,391f2600f2d3a2c472f802767b5b7612c048e73ddfc3d03efea91a9416d5f7cf,ac10847c4f361dd494316905ff28e356c6f7cff17a7b12668d1b791c03811055,c4b03f9607545b9e6f71366f24a4fa17b98ad1c32b0a3354a42cf6d57ae275c3,Yelp,Yelp-Syn,synthetic_injection_fixed_dataset_seed_42,round5_new,OCGNN,OCGNN,pygod.detector.ocgnn.OCGNN,44,50,50,False,,sparse_fused,not_applicable_native_objective,True,False,False,False,716847,14004995,success,,,stratified_node_transductive,0.0,0.37344800995569427,0.007278914553244966,0.020601337957638275,-2.0399632453918457,0.020542169755467448,-2.0322675704956055,0.07582381710995109,0.010382348496297416,0.9584263392857143,0.01333465461741427,0.5178573473003929,,,,0.010323660714285714,0.010323660714285714,0.010323660714285714,3584.0,validation_labels,3584.0,354839.0,3584.0,354840.0,False,False,False,0.01333465461741427,0.5178573473003929,0.010323660714285714,0.010323660714285714,0.37344800995569427,0.6265519900443057,warning_inverse_association,report_only_no_silent_inversion,47.32455597199805,1.115525927998533,52.31902252400323,5446.7421875,4057.0,2676.38330078125,3450.0,-2.15165114402771,767.727783203125,{},raw/Yelp__OCGNN__seed44__b34323857b1d24e970ab30e3.json,
89f4589a-6e3b-40d6-8721-1e09f3593387,e9880a43b08a6aa22e84f0f7,391f2600f2d3a2c472f802767b5b7612c048e73ddfc3d03efea91a9416d5f7cf,ac10847c4f361dd494316905ff28e356c6f7cff17a7b12668d1b791c03811055,c4b03f9607545b9e6f71366f24a4fa17b98ad1c32b0a3354a42cf6d57ae275c3,Yelp,Yelp-Syn,synthetic_injection_fixed_dataset_seed_42,round5_new,OCGNN,OCGNN,pygod.detector.ocgnn.OCGNN,45,50,50,False,,sparse_fused,not_applicable_native_objective,True,False,False,False,716847,14004995,success,,,stratified_node_transductive,0.0,0.38056781140418416,0.007281576584080369,0.019860046651116292,-2.7823984622955322,0.01975517387141021,-2.7309372425079346,0.03924134332897163,0.00998044588041479,0.9584263392857143,-0.0009327569887636891,0.4990840973849381,,,,0.006417410714285714,0.006417410714285714,0.006417410714285714,3584.0,validation_labels,3584.0,354839.0,3584.0,354840.0,False,False,False,-0.0009327569887636891,0.4990840973849381,0.006417410714285714,0.006417410714285714,0.38056781140418416,0.6194321885958158,warning_inverse_association,report_only_no_silent_inversion,47.091940909002005,1.0941128830017988,52.0288708879998,5441.109375,4057.0,2676.38330078125,3450.0,-2.8048996925354004,487.637451171875,{},raw/Yelp__OCGNN__seed45__e9880a43b08a6aa22e84f0f7.json,
7c71ae0b-a703-4d40-ad84-a20398341147,4ba04cb70e7f703e03067ecf,391f2600f2d3a2c472f802767b5b7612c048e73ddfc3d03efea91a9416d5f7cf,ac10847c4f361dd494316905ff28e356c6f7cff17a7b12668d1b791c03811055,c4b03f9607545b9e6f71366f24a4fa17b98ad1c32b0a3354a42cf6d57ae275c3,Yelp,Yelp-Syn,synthetic_injection_fixed_dataset_seed_42,round5_new,OCGNN,OCGNN,pygod.detector.ocgnn.OCGNN,46,50,50,False,,sparse_fused,not_applicable_native_objective,True,False,False,False,716847,14004995,success,,,stratified_node_transductive,0.0,0.3123180934729637,0.006544585015971941,0.019800667388566,-2.1041226387023926,0.019789891243995217,-2.0942089557647705,2.7899995257000806e-06,0.009993889832849262,0.9994419642857143,-0.01464035607036889,0.4997252094002126,,,,0.0011160714285714285,0.0011160714285714285,0.0011160714285714285,3584.0,validation_labels,3584.0,354839.0,3584.0,354840.0,False,False,False,-0.01464035607036889,0.4997252094002126,0.0011160714285714285,0.0011160714285714285,0.3123180934729637,0.6876819065270363,warning_inverse_association,report_only_no_silent_inversion,47.941161545000796,1.031430693998118,52.83506219999981,5403.8046875,4057.0,2676.38330078125,3450.0,-2.1041226387023926,133.37721252441406,{},raw/Yelp__OCGNN__seed46__4ba04cb70e7f703e03067ecf.json,
