dataset,model,seed,run_id,source_kind,source_path,classification,configuration_source,configuration_source_sha256,reconstructed_config_json,reconstructed_config_sha256,run_bound_source_hash,caveat
BSC,AnomalyDAE,42,a0e34633-9fdc-4cc1-8478-bf9af8eef74d,a03_json,outputs/benchmark/a03_production/raw/BSC__AnomalyDAE__seed42__a0e34633.json,CONFIG_UNAMBIGUOUS_RECONSTRUCTION,evaluation/benchmark/v2/scripts/a03_run_crypto_production.py,6dc5750056e32386f52b5cd4d015661ad960b0c3a3e732c1f4a1a2d65062c0ef,"{""batch_size"": 0, ""epochs"": 40, ""hyperparameter_defaults"": ""detector constructor defaults from A03 source environment"", ""model_constructor"": ""a03_run_crypto_production.train_and_eval_detector/AnomalyDAE"", ""scores"": ""detector.decision_function(data)"", ""seed"": 42, ""split"": ""numpy RandomState(seed) permutation, 60/20/20"", ""threshold"": ""validation prevalence percentile""}",8873cc100861d775819a02ab3c1cf7dc5632759d98d2f6530ede0c8546afa621,false,Original metric JSON has no run-bound source hash; runner source and recorded epoch/seed identify settings.
BSC,AnomalyDAE,43,ec7dfeba-bbd8-4a6a-b01b-29fc510b52eb,a03_json,outputs/benchmark/a03_production/raw/BSC__AnomalyDAE__seed43__ec7dfeba.json,CONFIG_UNAMBIGUOUS_RECONSTRUCTION,evaluation/benchmark/v2/scripts/a03_run_crypto_production.py,6dc5750056e32386f52b5cd4d015661ad960b0c3a3e732c1f4a1a2d65062c0ef,"{""batch_size"": 0, ""epochs"": 40, ""hyperparameter_defaults"": ""detector constructor defaults from A03 source environment"", ""model_constructor"": ""a03_run_crypto_production.train_and_eval_detector/AnomalyDAE"", ""scores"": ""detector.decision_function(data)"", ""seed"": 43, ""split"": ""numpy RandomState(seed) permutation, 60/20/20"", ""threshold"": ""validation prevalence percentile""}",379629d16d417ab62034e5e999a08049f91c3620f2a03f55ffb05ad5977f680a,false,Original metric JSON has no run-bound source hash; runner source and recorded epoch/seed identify settings.
BSC,AnomalyDAE,44,a1b23f51-79d4-44e2-880a-0c5399733876,a03_json,outputs/benchmark/a03_production/raw/BSC__AnomalyDAE__seed44__a1b23f51.json,CONFIG_UNAMBIGUOUS_RECONSTRUCTION,evaluation/benchmark/v2/scripts/a03_run_crypto_production.py,6dc5750056e32386f52b5cd4d015661ad960b0c3a3e732c1f4a1a2d65062c0ef,"{""batch_size"": 0, ""epochs"": 40, ""hyperparameter_defaults"": ""detector constructor defaults from A03 source environment"", ""model_constructor"": ""a03_run_crypto_production.train_and_eval_detector/AnomalyDAE"", ""scores"": ""detector.decision_function(data)"", ""seed"": 44, ""split"": ""numpy RandomState(seed) permutation, 60/20/20"", ""threshold"": ""validation prevalence percentile""}",80b838937998aa9aa7c60c9177731107810426762f08790ff2db241088c17499,false,Original metric JSON has no run-bound source hash; runner source and recorded epoch/seed identify settings.
BSC,AnomalyDAE,45,892317b6-4615-41e8-a308-c47140f9bb3a,a03_json,outputs/benchmark/a03_production/raw/BSC__AnomalyDAE__seed45__892317b6.json,CONFIG_UNAMBIGUOUS_RECONSTRUCTION,evaluation/benchmark/v2/scripts/a03_run_crypto_production.py,6dc5750056e32386f52b5cd4d015661ad960b0c3a3e732c1f4a1a2d65062c0ef,"{""batch_size"": 0, ""epochs"": 40, ""hyperparameter_defaults"": ""detector constructor defaults from A03 source environment"", ""model_constructor"": ""a03_run_crypto_production.train_and_eval_detector/AnomalyDAE"", ""scores"": ""detector.decision_function(data)"", ""seed"": 45, ""split"": ""numpy RandomState(seed) permutation, 60/20/20"", ""threshold"": ""validation prevalence percentile""}",6b01475ecdde208c3b1f1d47113485a6eadc4ff7096c8acc534829d187b0d5e7,false,Original metric JSON has no run-bound source hash; runner source and recorded epoch/seed identify settings.
BSC,AnomalyDAE,46,280c67af-fd2e-46ee-8b5e-8935840ac580,a03_json,outputs/benchmark/a03_production/raw/BSC__AnomalyDAE__seed46__280c67af.json,CONFIG_UNAMBIGUOUS_RECONSTRUCTION,evaluation/benchmark/v2/scripts/a03_run_crypto_production.py,6dc5750056e32386f52b5cd4d015661ad960b0c3a3e732c1f4a1a2d65062c0ef,"{""batch_size"": 0, ""epochs"": 40, ""hyperparameter_defaults"": ""detector constructor defaults from A03 source environment"", ""model_constructor"": ""a03_run_crypto_production.train_and_eval_detector/AnomalyDAE"", ""scores"": ""detector.decision_function(data)"", ""seed"": 46, ""split"": ""numpy RandomState(seed) permutation, 60/20/20"", ""threshold"": ""validation prevalence percentile""}",724d629c5462cf7cec2a3e750e875f209ae70d69285d64fa970122fc0164d87d,false,Original metric JSON has no run-bound source hash; runner source and recorded epoch/seed identify settings.
BSC,CoLA,42,7c579d4d-b855-44f0-8469-02128810419d,a03_json,outputs/benchmark/a03_production/raw/BSC__CoLA__seed42__7c579d4d.json,CONFIG_UNAMBIGUOUS_RECONSTRUCTION,evaluation/benchmark/v2/scripts/a03_run_crypto_production.py,6dc5750056e32386f52b5cd4d015661ad960b0c3a3e732c1f4a1a2d65062c0ef,"{""batch_size"": 64, ""epochs"": 40, ""hyperparameter_defaults"": ""detector constructor defaults from A03 source environment"", ""model_constructor"": ""a03_run_crypto_production.train_and_eval_detector/CoLA"", ""scores"": ""detector.decision_function(data)"", ""seed"": 42, ""split"": ""numpy RandomState(seed) permutation, 60/20/20"", ""threshold"": ""validation prevalence percentile""}",9524c03dc5f26aa1fe76ad10fd3cf9c80ec4df8b71dbce8d9bc3a54193d79a36,false,Original metric JSON has no run-bound source hash; runner source and recorded epoch/seed identify settings.
BSC,CoLA,43,6ae02ba0-6108-4789-8e53-3851cc3286cc,a03_json,outputs/benchmark/a03_production/raw/BSC__CoLA__seed43__6ae02ba0.json,CONFIG_UNAMBIGUOUS_RECONSTRUCTION,evaluation/benchmark/v2/scripts/a03_run_crypto_production.py,6dc5750056e32386f52b5cd4d015661ad960b0c3a3e732c1f4a1a2d65062c0ef,"{""batch_size"": 64, ""epochs"": 40, ""hyperparameter_defaults"": ""detector constructor defaults from A03 source environment"", ""model_constructor"": ""a03_run_crypto_production.train_and_eval_detector/CoLA"", ""scores"": ""detector.decision_function(data)"", ""seed"": 43, ""split"": ""numpy RandomState(seed) permutation, 60/20/20"", ""threshold"": ""validation prevalence percentile""}",915a6f10575568b750e1776d75bc0f969ee78cb98af6e4f4fd72a484baa2f63d,false,Original metric JSON has no run-bound source hash; runner source and recorded epoch/seed identify settings.
BSC,CoLA,44,6689e3c0-3991-48bf-8493-eb62c68e436b,a03_json,outputs/benchmark/a03_production/raw/BSC__CoLA__seed44__6689e3c0.json,CONFIG_UNAMBIGUOUS_RECONSTRUCTION,evaluation/benchmark/v2/scripts/a03_run_crypto_production.py,6dc5750056e32386f52b5cd4d015661ad960b0c3a3e732c1f4a1a2d65062c0ef,"{""batch_size"": 64, ""epochs"": 40, ""hyperparameter_defaults"": ""detector constructor defaults from A03 source environment"", ""model_constructor"": ""a03_run_crypto_production.train_and_eval_detector/CoLA"", ""scores"": ""detector.decision_function(data)"", ""seed"": 44, ""split"": ""numpy RandomState(seed) permutation, 60/20/20"", ""threshold"": ""validation prevalence percentile""}",4d9aa4e0f831a87bff10c7edf7e824b1c8a898d9c0c1ca03d864b45fd25457d3,false,Original metric JSON has no run-bound source hash; runner source and recorded epoch/seed identify settings.
BSC,CoLA,45,bfac83bd-bc09-46cb-b080-8cc58896aa4b,a03_json,outputs/benchmark/a03_production/raw/BSC__CoLA__seed45__bfac83bd.json,CONFIG_UNAMBIGUOUS_RECONSTRUCTION,evaluation/benchmark/v2/scripts/a03_run_crypto_production.py,6dc5750056e32386f52b5cd4d015661ad960b0c3a3e732c1f4a1a2d65062c0ef,"{""batch_size"": 64, ""epochs"": 40, ""hyperparameter_defaults"": ""detector constructor defaults from A03 source environment"", ""model_constructor"": ""a03_run_crypto_production.train_and_eval_detector/CoLA"", ""scores"": ""detector.decision_function(data)"", ""seed"": 45, ""split"": ""numpy RandomState(seed) permutation, 60/20/20"", ""threshold"": ""validation prevalence percentile""}",0957c0a2898907586bb869a77bb5238d65e4767ff7b15fbcc3b5c863ebb8b94c,false,Original metric JSON has no run-bound source hash; runner source and recorded epoch/seed identify settings.
BSC,CoLA,46,9fc35208-0ed0-4ce5-bdbe-6e68732a7a76,a03_json,outputs/benchmark/a03_production/raw/BSC__CoLA__seed46__9fc35208.json,CONFIG_UNAMBIGUOUS_RECONSTRUCTION,evaluation/benchmark/v2/scripts/a03_run_crypto_production.py,6dc5750056e32386f52b5cd4d015661ad960b0c3a3e732c1f4a1a2d65062c0ef,"{""batch_size"": 64, ""epochs"": 40, ""hyperparameter_defaults"": ""detector constructor defaults from A03 source environment"", ""model_constructor"": ""a03_run_crypto_production.train_and_eval_detector/CoLA"", ""scores"": ""detector.decision_function(data)"", ""seed"": 46, ""split"": ""numpy RandomState(seed) permutation, 60/20/20"", ""threshold"": ""validation prevalence percentile""}",14f23c9ed0abf4795e260801b0a902d88ca5ca19dee0fb9fd95540bfd91ce72a,false,Original metric JSON has no run-bound source hash; runner source and recorded epoch/seed identify settings.
BSC,DLG-Aug,42,1b20f2a4-7d72-5326-8d97-f422e6cac052,a03_json,outputs/benchmark/a03_production/raw/BSC__DLG-Aug__seed42__1b20f2a4.json,CONFIG_UNAMBIGUOUS_RECONSTRUCTION,evaluation/benchmark/v2/scripts/a03_rerun_crypto_dlg_aug.py,97508d2dcd994d6ebffe8949da7b248f82a5cc52371476fd36a7b0d0a1ac68b3,"{""batch_size"": 0, ""epochs"": 40, ""hyperparameter_defaults"": ""detector constructor defaults from A03 source environment"", ""model_constructor"": ""SharedDLGFull(l1_epochs=20)"", ""scores"": ""detector.decision_function(data)"", ""seed"": 42, ""split"": ""numpy RandomState(seed) permutation, 60/20/20"", ""threshold"": ""validation F1 grid of 40 quantiles, 80..99.5""}",6a969a4fec7046745f3751c3fca9055c5f475e6109244d6e1a80349bcfc01d82,false,Repaired DLG-Aug metric JSON has no run-bound source hash; deterministic UUID and output schema identify the repair runner.
BSC,DLG-Aug,43,0d47034f-54de-5032-a903-87071ddebb09,a03_json,outputs/benchmark/a03_production/raw/BSC__DLG-Aug__seed43__0d47034f.json,CONFIG_UNAMBIGUOUS_RECONSTRUCTION,evaluation/benchmark/v2/scripts/a03_rerun_crypto_dlg_aug.py,97508d2dcd994d6ebffe8949da7b248f82a5cc52371476fd36a7b0d0a1ac68b3,"{""batch_size"": 0, ""epochs"": 40, ""hyperparameter_defaults"": ""detector constructor defaults from A03 source environment"", ""model_constructor"": ""SharedDLGFull(l1_epochs=20)"", ""scores"": ""detector.decision_function(data)"", ""seed"": 43, ""split"": ""numpy RandomState(seed) permutation, 60/20/20"", ""threshold"": ""validation F1 grid of 40 quantiles, 80..99.5""}",1e9f58309313645fa67e542c53a88b2c11619bd9330c87b6f670a5258b73a233,false,Repaired DLG-Aug metric JSON has no run-bound source hash; deterministic UUID and output schema identify the repair runner.
BSC,DLG-Aug,44,fc5bb929-081c-502a-bdfa-74a620401f62,a03_json,outputs/benchmark/a03_production/raw/BSC__DLG-Aug__seed44__fc5bb929.json,CONFIG_UNAMBIGUOUS_RECONSTRUCTION,evaluation/benchmark/v2/scripts/a03_rerun_crypto_dlg_aug.py,97508d2dcd994d6ebffe8949da7b248f82a5cc52371476fd36a7b0d0a1ac68b3,"{""batch_size"": 0, ""epochs"": 40, ""hyperparameter_defaults"": ""detector constructor defaults from A03 source environment"", ""model_constructor"": ""SharedDLGFull(l1_epochs=20)"", ""scores"": ""detector.decision_function(data)"", ""seed"": 44, ""split"": ""numpy RandomState(seed) permutation, 60/20/20"", ""threshold"": ""validation F1 grid of 40 quantiles, 80..99.5""}",bea67dda14657680f870e982b516048c0b1db06be9624c3f9082895c54e547b5,false,Repaired DLG-Aug metric JSON has no run-bound source hash; deterministic UUID and output schema identify the repair runner.
BSC,DLG-Aug,45,29aefaad-85c6-50b7-9cd1-35c246bc30ee,a03_json,outputs/benchmark/a03_production/raw/BSC__DLG-Aug__seed45__29aefaad.json,CONFIG_UNAMBIGUOUS_RECONSTRUCTION,evaluation/benchmark/v2/scripts/a03_rerun_crypto_dlg_aug.py,97508d2dcd994d6ebffe8949da7b248f82a5cc52371476fd36a7b0d0a1ac68b3,"{""batch_size"": 0, ""epochs"": 40, ""hyperparameter_defaults"": ""detector constructor defaults from A03 source environment"", ""model_constructor"": ""SharedDLGFull(l1_epochs=20)"", ""scores"": ""detector.decision_function(data)"", ""seed"": 45, ""split"": ""numpy RandomState(seed) permutation, 60/20/20"", ""threshold"": ""validation F1 grid of 40 quantiles, 80..99.5""}",4cf3f43367bb50fdc1f3a5a40f1683989b3b0a2946f1cf3f80b1d1f7195cc414,false,Repaired DLG-Aug metric JSON has no run-bound source hash; deterministic UUID and output schema identify the repair runner.
BSC,DLG-Aug,46,2e5fd71e-79b5-5dec-b4e7-b2a413ee5ec0,a03_json,outputs/benchmark/a03_production/raw/BSC__DLG-Aug__seed46__2e5fd71e.json,CONFIG_UNAMBIGUOUS_RECONSTRUCTION,evaluation/benchmark/v2/scripts/a03_rerun_crypto_dlg_aug.py,97508d2dcd994d6ebffe8949da7b248f82a5cc52371476fd36a7b0d0a1ac68b3,"{""batch_size"": 0, ""epochs"": 40, ""hyperparameter_defaults"": ""detector constructor defaults from A03 source environment"", ""model_constructor"": ""SharedDLGFull(l1_epochs=20)"", ""scores"": ""detector.decision_function(data)"", ""seed"": 46, ""split"": ""numpy RandomState(seed) permutation, 60/20/20"", ""threshold"": ""validation F1 grid of 40 quantiles, 80..99.5""}",33b46eefb313306501f6eab82e96fd473a911b0d92bf71a0d9fff9f85296595a,false,Repaired DLG-Aug metric JSON has no run-bound source hash; deterministic UUID and output schema identify the repair runner.
BSC,DLG-Base,42,f3224cc7-9e18-4809-81ad-122edb180796,a03_json,outputs/benchmark/a03_production/raw/BSC__DLG-Base__seed42__f3224cc7.json,CONFIG_UNAMBIGUOUS_RECONSTRUCTION,evaluation/benchmark/v2/scripts/a03_run_crypto_production.py,6dc5750056e32386f52b5cd4d015661ad960b0c3a3e732c1f4a1a2d65062c0ef,"{""batch_size"": 0, ""epochs"": 40, ""hyperparameter_defaults"": ""detector constructor defaults from A03 source environment"", ""model_constructor"": ""a03_run_crypto_production.train_and_eval_detector/DLG-Base"", ""scores"": ""detector.decision_function(data)"", ""seed"": 42, ""split"": ""numpy RandomState(seed) permutation, 60/20/20"", ""threshold"": ""validation prevalence percentile""}",a42896ba80b9e5443b526c0372de5938800bfdb3d5d54cb5831c7eb47cdfc2a1,false,Original metric JSON has no run-bound source hash; runner source and recorded epoch/seed identify settings.
BSC,DLG-Base,43,0a77258c-64de-46a4-a0c2-2b1d170c7eea,a03_json,outputs/benchmark/a03_production/raw/BSC__DLG-Base__seed43__0a77258c.json,CONFIG_UNAMBIGUOUS_RECONSTRUCTION,evaluation/benchmark/v2/scripts/a03_run_crypto_production.py,6dc5750056e32386f52b5cd4d015661ad960b0c3a3e732c1f4a1a2d65062c0ef,"{""batch_size"": 0, ""epochs"": 40, ""hyperparameter_defaults"": ""detector constructor defaults from A03 source environment"", ""model_constructor"": ""a03_run_crypto_production.train_and_eval_detector/DLG-Base"", ""scores"": ""detector.decision_function(data)"", ""seed"": 43, ""split"": ""numpy RandomState(seed) permutation, 60/20/20"", ""threshold"": ""validation prevalence percentile""}",17b2c3a6fe79f854e6ce844cfa483ecb1c9b41238d0d152cfb0cd288cbcef380,false,Original metric JSON has no run-bound source hash; runner source and recorded epoch/seed identify settings.
BSC,DLG-Base,44,26f13cd4-0c66-42e7-8123-8c9c1d3d27e2,a03_json,outputs/benchmark/a03_production/raw/BSC__DLG-Base__seed44__26f13cd4.json,CONFIG_UNAMBIGUOUS_RECONSTRUCTION,evaluation/benchmark/v2/scripts/a03_run_crypto_production.py,6dc5750056e32386f52b5cd4d015661ad960b0c3a3e732c1f4a1a2d65062c0ef,"{""batch_size"": 0, ""epochs"": 40, ""hyperparameter_defaults"": ""detector constructor defaults from A03 source environment"", ""model_constructor"": ""a03_run_crypto_production.train_and_eval_detector/DLG-Base"", ""scores"": ""detector.decision_function(data)"", ""seed"": 44, ""split"": ""numpy RandomState(seed) permutation, 60/20/20"", ""threshold"": ""validation prevalence percentile""}",89a965ccf713b23d1d825fbc898f2309298fa41552704226915bfaddf523af99,false,Original metric JSON has no run-bound source hash; runner source and recorded epoch/seed identify settings.
BSC,DLG-Base,45,427b0edf-a82b-4650-92e4-768a569e7709,a03_json,outputs/benchmark/a03_production/raw/BSC__DLG-Base__seed45__427b0edf.json,CONFIG_UNAMBIGUOUS_RECONSTRUCTION,evaluation/benchmark/v2/scripts/a03_run_crypto_production.py,6dc5750056e32386f52b5cd4d015661ad960b0c3a3e732c1f4a1a2d65062c0ef,"{""batch_size"": 0, ""epochs"": 40, ""hyperparameter_defaults"": ""detector constructor defaults from A03 source environment"", ""model_constructor"": ""a03_run_crypto_production.train_and_eval_detector/DLG-Base"", ""scores"": ""detector.decision_function(data)"", ""seed"": 45, ""split"": ""numpy RandomState(seed) permutation, 60/20/20"", ""threshold"": ""validation prevalence percentile""}",366db216ea43ca5f5ead510a734ed106e1dc3601449b22eb9b707e82cde3a3cf,false,Original metric JSON has no run-bound source hash; runner source and recorded epoch/seed identify settings.
BSC,DLG-Base,46,b8fe7a61-3b71-4dee-b51f-49e0378c814a,a03_json,outputs/benchmark/a03_production/raw/BSC__DLG-Base__seed46__b8fe7a61.json,CONFIG_UNAMBIGUOUS_RECONSTRUCTION,evaluation/benchmark/v2/scripts/a03_run_crypto_production.py,6dc5750056e32386f52b5cd4d015661ad960b0c3a3e732c1f4a1a2d65062c0ef,"{""batch_size"": 0, ""epochs"": 40, ""hyperparameter_defaults"": ""detector constructor defaults from A03 source environment"", ""model_constructor"": ""a03_run_crypto_production.train_and_eval_detector/DLG-Base"", ""scores"": ""detector.decision_function(data)"", ""seed"": 46, ""split"": ""numpy RandomState(seed) permutation, 60/20/20"", ""threshold"": ""validation prevalence percentile""}",448fe3e2c865672a80c6af1323f67a2c042eadb40c237e588a1c3304a3d821de,false,Original metric JSON has no run-bound source hash; runner source and recorded epoch/seed identify settings.
BSC,DOMINANT,42,002c55a2-8975-495c-bd9b-f982819c5391,a03_json,outputs/benchmark/a03_production/raw/BSC__DOMINANT__seed42__002c55a2.json,CONFIG_UNAMBIGUOUS_RECONSTRUCTION,evaluation/benchmark/v2/scripts/a03_run_crypto_production.py,6dc5750056e32386f52b5cd4d015661ad960b0c3a3e732c1f4a1a2d65062c0ef,"{""batch_size"": 0, ""epochs"": 40, ""hyperparameter_defaults"": ""detector constructor defaults from A03 source environment"", ""model_constructor"": ""a03_run_crypto_production.train_and_eval_detector/DOMINANT"", ""scores"": ""detector.decision_function(data)"", ""seed"": 42, ""split"": ""numpy RandomState(seed) permutation, 60/20/20"", ""threshold"": ""validation prevalence percentile""}",484dc5d968003a5dfaa1b22f61df55ed891923e861be53da3462be1f1f7d334b,false,Original metric JSON has no run-bound source hash; runner source and recorded epoch/seed identify settings.
BSC,DOMINANT,43,46508348-5559-44d7-a662-450942ea2642,a03_json,outputs/benchmark/a03_production/raw/BSC__DOMINANT__seed43__46508348.json,CONFIG_UNAMBIGUOUS_RECONSTRUCTION,evaluation/benchmark/v2/scripts/a03_run_crypto_production.py,6dc5750056e32386f52b5cd4d015661ad960b0c3a3e732c1f4a1a2d65062c0ef,"{""batch_size"": 0, ""epochs"": 40, ""hyperparameter_defaults"": ""detector constructor defaults from A03 source environment"", ""model_constructor"": ""a03_run_crypto_production.train_and_eval_detector/DOMINANT"", ""scores"": ""detector.decision_function(data)"", ""seed"": 43, ""split"": ""numpy RandomState(seed) permutation, 60/20/20"", ""threshold"": ""validation prevalence percentile""}",8886e81d243cf2b417fe4c5876d44565917fa65494a3e17db3d2e2fbf3f96898,false,Original metric JSON has no run-bound source hash; runner source and recorded epoch/seed identify settings.
BSC,DOMINANT,44,249412eb-d7fb-4612-bf3f-77b8541aefaf,a03_json,outputs/benchmark/a03_production/raw/BSC__DOMINANT__seed44__249412eb.json,CONFIG_UNAMBIGUOUS_RECONSTRUCTION,evaluation/benchmark/v2/scripts/a03_run_crypto_production.py,6dc5750056e32386f52b5cd4d015661ad960b0c3a3e732c1f4a1a2d65062c0ef,"{""batch_size"": 0, ""epochs"": 40, ""hyperparameter_defaults"": ""detector constructor defaults from A03 source environment"", ""model_constructor"": ""a03_run_crypto_production.train_and_eval_detector/DOMINANT"", ""scores"": ""detector.decision_function(data)"", ""seed"": 44, ""split"": ""numpy RandomState(seed) permutation, 60/20/20"", ""threshold"": ""validation prevalence percentile""}",0b50fd4ee88bba8f1f101b0112a023b313652fde496e18b320477cb9eadfb3a7,false,Original metric JSON has no run-bound source hash; runner source and recorded epoch/seed identify settings.
BSC,DOMINANT,45,38daedbc-a269-48be-981b-9208606894a6,a03_json,outputs/benchmark/a03_production/raw/BSC__DOMINANT__seed45__38daedbc.json,CONFIG_UNAMBIGUOUS_RECONSTRUCTION,evaluation/benchmark/v2/scripts/a03_run_crypto_production.py,6dc5750056e32386f52b5cd4d015661ad960b0c3a3e732c1f4a1a2d65062c0ef,"{""batch_size"": 0, ""epochs"": 40, ""hyperparameter_defaults"": ""detector constructor defaults from A03 source environment"", ""model_constructor"": ""a03_run_crypto_production.train_and_eval_detector/DOMINANT"", ""scores"": ""detector.decision_function(data)"", ""seed"": 45, ""split"": ""numpy RandomState(seed) permutation, 60/20/20"", ""threshold"": ""validation prevalence percentile""}",cf3fd66d8cac36a1751f8be04352ab0205799a0a6b3b2fe113b1aba8c22c3856,false,Original metric JSON has no run-bound source hash; runner source and recorded epoch/seed identify settings.
BSC,DOMINANT,46,a4455636-696b-474e-9a4e-d69666d1f5cc,a03_json,outputs/benchmark/a03_production/raw/BSC__DOMINANT__seed46__a4455636.json,CONFIG_UNAMBIGUOUS_RECONSTRUCTION,evaluation/benchmark/v2/scripts/a03_run_crypto_production.py,6dc5750056e32386f52b5cd4d015661ad960b0c3a3e732c1f4a1a2d65062c0ef,"{""batch_size"": 0, ""epochs"": 40, ""hyperparameter_defaults"": ""detector constructor defaults from A03 source environment"", ""model_constructor"": ""a03_run_crypto_production.train_and_eval_detector/DOMINANT"", ""scores"": ""detector.decision_function(data)"", ""seed"": 46, ""split"": ""numpy RandomState(seed) permutation, 60/20/20"", ""threshold"": ""validation prevalence percentile""}",e6f26be32c85d0858b59608576aa88a6e56e499fc78918dfaafd16e92506c726,false,Original metric JSON has no run-bound source hash; runner source and recorded epoch/seed identify settings.
BSC,OCGNN,42,2d7e450e-7616-488d-a487-c86f451e7156,a03_json,outputs/benchmark/a03_production/raw/BSC__OCGNN__seed42__2d7e450e.json,CONFIG_UNAMBIGUOUS_RECONSTRUCTION,evaluation/benchmark/v2/scripts/a03_run_crypto_production.py,6dc5750056e32386f52b5cd4d015661ad960b0c3a3e732c1f4a1a2d65062c0ef,"{""batch_size"": 64, ""epochs"": 40, ""hyperparameter_defaults"": ""detector constructor defaults from A03 source environment"", ""model_constructor"": ""a03_run_crypto_production.train_and_eval_detector/OCGNN"", ""scores"": ""detector.decision_function(data)"", ""seed"": 42, ""split"": ""numpy RandomState(seed) permutation, 60/20/20"", ""threshold"": ""validation prevalence percentile""}",1ac277c247685a87c4f1ff39042b107fd83f86ce22a0488f26622ea454260668,false,Original metric JSON has no run-bound source hash; runner source and recorded epoch/seed identify settings.
BSC,OCGNN,43,f7008b7e-cc22-4cdb-9e2d-698498e55a75,a03_json,outputs/benchmark/a03_production/raw/BSC__OCGNN__seed43__f7008b7e.json,CONFIG_UNAMBIGUOUS_RECONSTRUCTION,evaluation/benchmark/v2/scripts/a03_run_crypto_production.py,6dc5750056e32386f52b5cd4d015661ad960b0c3a3e732c1f4a1a2d65062c0ef,"{""batch_size"": 64, ""epochs"": 40, ""hyperparameter_defaults"": ""detector constructor defaults from A03 source environment"", ""model_constructor"": ""a03_run_crypto_production.train_and_eval_detector/OCGNN"", ""scores"": ""detector.decision_function(data)"", ""seed"": 43, ""split"": ""numpy RandomState(seed) permutation, 60/20/20"", ""threshold"": ""validation prevalence percentile""}",a8c4b1f08db5e6ed8eb80f3a0ea55b825756d050efb17c0a31a949859639a4c0,false,Original metric JSON has no run-bound source hash; runner source and recorded epoch/seed identify settings.
BSC,OCGNN,44,d68c66ec-bdb9-42ee-8914-efec9590281f,a03_json,outputs/benchmark/a03_production/raw/BSC__OCGNN__seed44__d68c66ec.json,CONFIG_UNAMBIGUOUS_RECONSTRUCTION,evaluation/benchmark/v2/scripts/a03_run_crypto_production.py,6dc5750056e32386f52b5cd4d015661ad960b0c3a3e732c1f4a1a2d65062c0ef,"{""batch_size"": 64, ""epochs"": 40, ""hyperparameter_defaults"": ""detector constructor defaults from A03 source environment"", ""model_constructor"": ""a03_run_crypto_production.train_and_eval_detector/OCGNN"", ""scores"": ""detector.decision_function(data)"", ""seed"": 44, ""split"": ""numpy RandomState(seed) permutation, 60/20/20"", ""threshold"": ""validation prevalence percentile""}",4e0184f8e318dbac42f76d854561c6c770b90140c3cd1cb7e39b65fe1b12c7e5,false,Original metric JSON has no run-bound source hash; runner source and recorded epoch/seed identify settings.
BSC,OCGNN,45,67a617c9-01b9-4c37-af49-3ec820b3dfde,a03_json,outputs/benchmark/a03_production/raw/BSC__OCGNN__seed45__67a617c9.json,CONFIG_UNAMBIGUOUS_RECONSTRUCTION,evaluation/benchmark/v2/scripts/a03_run_crypto_production.py,6dc5750056e32386f52b5cd4d015661ad960b0c3a3e732c1f4a1a2d65062c0ef,"{""batch_size"": 64, ""epochs"": 40, ""hyperparameter_defaults"": ""detector constructor defaults from A03 source environment"", ""model_constructor"": ""a03_run_crypto_production.train_and_eval_detector/OCGNN"", ""scores"": ""detector.decision_function(data)"", ""seed"": 45, ""split"": ""numpy RandomState(seed) permutation, 60/20/20"", ""threshold"": ""validation prevalence percentile""}",0e6fd52e9f54ad42693ea2aa21da328fd8b066091ad204406c35318fc842c914,false,Original metric JSON has no run-bound source hash; runner source and recorded epoch/seed identify settings.
BSC,OCGNN,46,5c2d9b4b-bf4e-4c88-b9c3-87463de7303e,a03_json,outputs/benchmark/a03_production/raw/BSC__OCGNN__seed46__5c2d9b4b.json,CONFIG_UNAMBIGUOUS_RECONSTRUCTION,evaluation/benchmark/v2/scripts/a03_run_crypto_production.py,6dc5750056e32386f52b5cd4d015661ad960b0c3a3e732c1f4a1a2d65062c0ef,"{""batch_size"": 64, ""epochs"": 40, ""hyperparameter_defaults"": ""detector constructor defaults from A03 source environment"", ""model_constructor"": ""a03_run_crypto_production.train_and_eval_detector/OCGNN"", ""scores"": ""detector.decision_function(data)"", ""seed"": 46, ""split"": ""numpy RandomState(seed) permutation, 60/20/20"", ""threshold"": ""validation prevalence percentile""}",36095331da5acbae52e55e94aeb7994443720a8e22094d5ea6be94d4bc010f2a,false,Original metric JSON has no run-bound source hash; runner source and recorded epoch/seed identify settings.
Ethereum,CoLA,42,189375b2-8ae4-4ced-88a0-1cf6fa900510,a03_json,outputs/benchmark/a03_production/raw/Ethereum__CoLA__seed42__189375b2.json,CONFIG_UNAMBIGUOUS_RECONSTRUCTION,evaluation/benchmark/v2/scripts/a03_run_crypto_production.py,6dc5750056e32386f52b5cd4d015661ad960b0c3a3e732c1f4a1a2d65062c0ef,"{""batch_size"": 64, ""epochs"": 30, ""hyperparameter_defaults"": ""detector constructor defaults from A03 source environment"", ""model_constructor"": ""a03_run_crypto_production.train_and_eval_detector/CoLA"", ""scores"": ""detector.decision_function(data)"", ""seed"": 42, ""split"": ""numpy RandomState(seed) permutation, 60/20/20"", ""threshold"": ""validation prevalence percentile""}",e0657d3736d7038ff6c1c4e9139f3ccd22e563b5b561543e4745a66b0b577ebf,false,Original metric JSON has no run-bound source hash; runner source and recorded epoch/seed identify settings.
Ethereum,CoLA,43,56720c1d-41ba-41d7-935f-541dacabbbfb,a03_json,outputs/benchmark/a03_production/raw/Ethereum__CoLA__seed43__56720c1d.json,CONFIG_UNAMBIGUOUS_RECONSTRUCTION,evaluation/benchmark/v2/scripts/a03_run_crypto_production.py,6dc5750056e32386f52b5cd4d015661ad960b0c3a3e732c1f4a1a2d65062c0ef,"{""batch_size"": 64, ""epochs"": 30, ""hyperparameter_defaults"": ""detector constructor defaults from A03 source environment"", ""model_constructor"": ""a03_run_crypto_production.train_and_eval_detector/CoLA"", ""scores"": ""detector.decision_function(data)"", ""seed"": 43, ""split"": ""numpy RandomState(seed) permutation, 60/20/20"", ""threshold"": ""validation prevalence percentile""}",0db8629f587ee53e32a45a2190e6f21361997c6d88e5baab782cee111036459f,false,Original metric JSON has no run-bound source hash; runner source and recorded epoch/seed identify settings.
Ethereum,CoLA,44,289b7ea2-8705-4ee3-b435-144911abbb08,a03_json,outputs/benchmark/a03_production/raw/Ethereum__CoLA__seed44__289b7ea2.json,CONFIG_UNAMBIGUOUS_RECONSTRUCTION,evaluation/benchmark/v2/scripts/a03_run_crypto_production.py,6dc5750056e32386f52b5cd4d015661ad960b0c3a3e732c1f4a1a2d65062c0ef,"{""batch_size"": 64, ""epochs"": 30, ""hyperparameter_defaults"": ""detector constructor defaults from A03 source environment"", ""model_constructor"": ""a03_run_crypto_production.train_and_eval_detector/CoLA"", ""scores"": ""detector.decision_function(data)"", ""seed"": 44, ""split"": ""numpy RandomState(seed) permutation, 60/20/20"", ""threshold"": ""validation prevalence percentile""}",5783000edc8fbfe9825401c723cd7d634fd887c5274f29acea66012fb74278a0,false,Original metric JSON has no run-bound source hash; runner source and recorded epoch/seed identify settings.
Ethereum,CoLA,45,5119156e-4854-4183-8c76-187ffc8af0ef,a03_json,outputs/benchmark/a03_production/raw/Ethereum__CoLA__seed45__5119156e.json,CONFIG_UNAMBIGUOUS_RECONSTRUCTION,evaluation/benchmark/v2/scripts/a03_run_crypto_production.py,6dc5750056e32386f52b5cd4d015661ad960b0c3a3e732c1f4a1a2d65062c0ef,"{""batch_size"": 64, ""epochs"": 30, ""hyperparameter_defaults"": ""detector constructor defaults from A03 source environment"", ""model_constructor"": ""a03_run_crypto_production.train_and_eval_detector/CoLA"", ""scores"": ""detector.decision_function(data)"", ""seed"": 45, ""split"": ""numpy RandomState(seed) permutation, 60/20/20"", ""threshold"": ""validation prevalence percentile""}",aade9984675a80157611bb580612f4df15fee95bf3f54484283fc44d8c232e52,false,Original metric JSON has no run-bound source hash; runner source and recorded epoch/seed identify settings.
Ethereum,CoLA,46,7e6adb98-d1ef-4c9b-8832-753a1b10bb11,a03_json,outputs/benchmark/a03_production/raw/Ethereum__CoLA__seed46__7e6adb98.json,CONFIG_UNAMBIGUOUS_RECONSTRUCTION,evaluation/benchmark/v2/scripts/a03_run_crypto_production.py,6dc5750056e32386f52b5cd4d015661ad960b0c3a3e732c1f4a1a2d65062c0ef,"{""batch_size"": 64, ""epochs"": 30, ""hyperparameter_defaults"": ""detector constructor defaults from A03 source environment"", ""model_constructor"": ""a03_run_crypto_production.train_and_eval_detector/CoLA"", ""scores"": ""detector.decision_function(data)"", ""seed"": 46, ""split"": ""numpy RandomState(seed) permutation, 60/20/20"", ""threshold"": ""validation prevalence percentile""}",e663b13b0b26e874e0a892678af8e85c49e5f44e47df6209fe44e83c5cba1066,false,Original metric JSON has no run-bound source hash; runner source and recorded epoch/seed identify settings.
Ethereum,DLG-Aug,42,644b9456-ec7b-52b1-8cae-f84bfda1c621,a03_json,outputs/benchmark/a03_production/raw/Ethereum__DLG-Aug__seed42__644b9456.json,CONFIG_UNAMBIGUOUS_RECONSTRUCTION,evaluation/benchmark/v2/scripts/a03_rerun_crypto_dlg_aug.py,97508d2dcd994d6ebffe8949da7b248f82a5cc52371476fd36a7b0d0a1ac68b3,"{""batch_size"": 0, ""epochs"": 30, ""hyperparameter_defaults"": ""detector constructor defaults from A03 source environment"", ""model_constructor"": ""SharedDLGFull(l1_epochs=20)"", ""scores"": ""detector.decision_function(data)"", ""seed"": 42, ""split"": ""numpy RandomState(seed) permutation, 60/20/20"", ""threshold"": ""validation F1 grid of 40 quantiles, 80..99.5""}",a486ee57e1a46c563344e4f34fbadd1de80389e11662f53b6e709a8bae0c617f,false,Repaired DLG-Aug metric JSON has no run-bound source hash; deterministic UUID and output schema identify the repair runner.
Ethereum,DLG-Aug,43,5ab83338-745b-5a70-bb4d-b9cb333b5a0d,a03_json,outputs/benchmark/a03_production/raw/Ethereum__DLG-Aug__seed43__5ab83338.json,CONFIG_UNAMBIGUOUS_RECONSTRUCTION,evaluation/benchmark/v2/scripts/a03_rerun_crypto_dlg_aug.py,97508d2dcd994d6ebffe8949da7b248f82a5cc52371476fd36a7b0d0a1ac68b3,"{""batch_size"": 0, ""epochs"": 30, ""hyperparameter_defaults"": ""detector constructor defaults from A03 source environment"", ""model_constructor"": ""SharedDLGFull(l1_epochs=20)"", ""scores"": ""detector.decision_function(data)"", ""seed"": 43, ""split"": ""numpy RandomState(seed) permutation, 60/20/20"", ""threshold"": ""validation F1 grid of 40 quantiles, 80..99.5""}",99a7c4a538e27cf9b3b3e06150e39c2b1be041c623e272dbe6570cc15f49aa73,false,Repaired DLG-Aug metric JSON has no run-bound source hash; deterministic UUID and output schema identify the repair runner.
Ethereum,DLG-Aug,44,15a8d267-c805-592f-9417-db075a9692d7,a03_json,outputs/benchmark/a03_production/raw/Ethereum__DLG-Aug__seed44__15a8d267.json,CONFIG_UNAMBIGUOUS_RECONSTRUCTION,evaluation/benchmark/v2/scripts/a03_rerun_crypto_dlg_aug.py,97508d2dcd994d6ebffe8949da7b248f82a5cc52371476fd36a7b0d0a1ac68b3,"{""batch_size"": 0, ""epochs"": 30, ""hyperparameter_defaults"": ""detector constructor defaults from A03 source environment"", ""model_constructor"": ""SharedDLGFull(l1_epochs=20)"", ""scores"": ""detector.decision_function(data)"", ""seed"": 44, ""split"": ""numpy RandomState(seed) permutation, 60/20/20"", ""threshold"": ""validation F1 grid of 40 quantiles, 80..99.5""}",5d993778bdcab79f2dfcaeaadccc7a00920af7c55d75eff7f61fbda4318303f1,false,Repaired DLG-Aug metric JSON has no run-bound source hash; deterministic UUID and output schema identify the repair runner.
Ethereum,DLG-Aug,45,d99fe791-fe88-5a89-9362-fa9921db8ae5,a03_json,outputs/benchmark/a03_production/raw/Ethereum__DLG-Aug__seed45__d99fe791.json,CONFIG_UNAMBIGUOUS_RECONSTRUCTION,evaluation/benchmark/v2/scripts/a03_rerun_crypto_dlg_aug.py,97508d2dcd994d6ebffe8949da7b248f82a5cc52371476fd36a7b0d0a1ac68b3,"{""batch_size"": 0, ""epochs"": 30, ""hyperparameter_defaults"": ""detector constructor defaults from A03 source environment"", ""model_constructor"": ""SharedDLGFull(l1_epochs=20)"", ""scores"": ""detector.decision_function(data)"", ""seed"": 45, ""split"": ""numpy RandomState(seed) permutation, 60/20/20"", ""threshold"": ""validation F1 grid of 40 quantiles, 80..99.5""}",85584381636f6cc027025db37e68012bd87ce626a19d273a34af102e4b034e4a,false,Repaired DLG-Aug metric JSON has no run-bound source hash; deterministic UUID and output schema identify the repair runner.
Ethereum,DLG-Aug,46,9845f06f-ae63-5120-98f3-78c15ef28e56,a03_json,outputs/benchmark/a03_production/raw/Ethereum__DLG-Aug__seed46__9845f06f.json,CONFIG_UNAMBIGUOUS_RECONSTRUCTION,evaluation/benchmark/v2/scripts/a03_rerun_crypto_dlg_aug.py,97508d2dcd994d6ebffe8949da7b248f82a5cc52371476fd36a7b0d0a1ac68b3,"{""batch_size"": 0, ""epochs"": 30, ""hyperparameter_defaults"": ""detector constructor defaults from A03 source environment"", ""model_constructor"": ""SharedDLGFull(l1_epochs=20)"", ""scores"": ""detector.decision_function(data)"", ""seed"": 46, ""split"": ""numpy RandomState(seed) permutation, 60/20/20"", ""threshold"": ""validation F1 grid of 40 quantiles, 80..99.5""}",05ee1982178ecf57090e0892b4e29529ff8b326c3a193242e2759dc11f70582e,false,Repaired DLG-Aug metric JSON has no run-bound source hash; deterministic UUID and output schema identify the repair runner.
Ethereum,DLG-Base,42,5cb66f82-6917-4474-8d3b-7a6dfbaa9054,a03_json,outputs/benchmark/a03_production/raw/Ethereum__DLG-Base__seed42__5cb66f82.json,CONFIG_UNAMBIGUOUS_RECONSTRUCTION,evaluation/benchmark/v2/scripts/a03_run_crypto_production.py,6dc5750056e32386f52b5cd4d015661ad960b0c3a3e732c1f4a1a2d65062c0ef,"{""batch_size"": 0, ""epochs"": 30, ""hyperparameter_defaults"": ""detector constructor defaults from A03 source environment"", ""model_constructor"": ""a03_run_crypto_production.train_and_eval_detector/DLG-Base"", ""scores"": ""detector.decision_function(data)"", ""seed"": 42, ""split"": ""numpy RandomState(seed) permutation, 60/20/20"", ""threshold"": ""validation prevalence percentile""}",84d2e55dcc5ddbd2c811b3d760f09e9c2bb09eed2d21b1469989b7c8f14b66e5,false,Original metric JSON has no run-bound source hash; runner source and recorded epoch/seed identify settings.
Ethereum,DLG-Base,43,3f797c36-181b-4cc8-b2cb-e6e2d61250b7,a03_json,outputs/benchmark/a03_production/raw/Ethereum__DLG-Base__seed43__3f797c36.json,CONFIG_UNAMBIGUOUS_RECONSTRUCTION,evaluation/benchmark/v2/scripts/a03_run_crypto_production.py,6dc5750056e32386f52b5cd4d015661ad960b0c3a3e732c1f4a1a2d65062c0ef,"{""batch_size"": 0, ""epochs"": 30, ""hyperparameter_defaults"": ""detector constructor defaults from A03 source environment"", ""model_constructor"": ""a03_run_crypto_production.train_and_eval_detector/DLG-Base"", ""scores"": ""detector.decision_function(data)"", ""seed"": 43, ""split"": ""numpy RandomState(seed) permutation, 60/20/20"", ""threshold"": ""validation prevalence percentile""}",ac09cca33551a0aff57cc5e7838ac3d2807ebc6f1f3ee0b0e731e254ffa346dd,false,Original metric JSON has no run-bound source hash; runner source and recorded epoch/seed identify settings.
Ethereum,DLG-Base,44,d62c1482-4847-4cd9-8b94-c002e13dc99e,a03_json,outputs/benchmark/a03_production/raw/Ethereum__DLG-Base__seed44__d62c1482.json,CONFIG_UNAMBIGUOUS_RECONSTRUCTION,evaluation/benchmark/v2/scripts/a03_run_crypto_production.py,6dc5750056e32386f52b5cd4d015661ad960b0c3a3e732c1f4a1a2d65062c0ef,"{""batch_size"": 0, ""epochs"": 30, ""hyperparameter_defaults"": ""detector constructor defaults from A03 source environment"", ""model_constructor"": ""a03_run_crypto_production.train_and_eval_detector/DLG-Base"", ""scores"": ""detector.decision_function(data)"", ""seed"": 44, ""split"": ""numpy RandomState(seed) permutation, 60/20/20"", ""threshold"": ""validation prevalence percentile""}",b3ec727e55b8d5ac013163f2438ba6a4b450519d6884077136058433c97e3918,false,Original metric JSON has no run-bound source hash; runner source and recorded epoch/seed identify settings.
Ethereum,DLG-Base,45,ef9fe246-d80f-4e89-ac15-9161b602c908,a03_json,outputs/benchmark/a03_production/raw/Ethereum__DLG-Base__seed45__ef9fe246.json,CONFIG_UNAMBIGUOUS_RECONSTRUCTION,evaluation/benchmark/v2/scripts/a03_run_crypto_production.py,6dc5750056e32386f52b5cd4d015661ad960b0c3a3e732c1f4a1a2d65062c0ef,"{""batch_size"": 0, ""epochs"": 30, ""hyperparameter_defaults"": ""detector constructor defaults from A03 source environment"", ""model_constructor"": ""a03_run_crypto_production.train_and_eval_detector/DLG-Base"", ""scores"": ""detector.decision_function(data)"", ""seed"": 45, ""split"": ""numpy RandomState(seed) permutation, 60/20/20"", ""threshold"": ""validation prevalence percentile""}",8fd6bf5a23621918ef00b71578d6c8d2a3b2a1c83125dabd337f2a8c4ed55445,false,Original metric JSON has no run-bound source hash; runner source and recorded epoch/seed identify settings.
Ethereum,DLG-Base,46,9fa60c3a-defb-4827-a4d6-960d444e0fa4,a03_json,outputs/benchmark/a03_production/raw/Ethereum__DLG-Base__seed46__9fa60c3a.json,CONFIG_UNAMBIGUOUS_RECONSTRUCTION,evaluation/benchmark/v2/scripts/a03_run_crypto_production.py,6dc5750056e32386f52b5cd4d015661ad960b0c3a3e732c1f4a1a2d65062c0ef,"{""batch_size"": 0, ""epochs"": 30, ""hyperparameter_defaults"": ""detector constructor defaults from A03 source environment"", ""model_constructor"": ""a03_run_crypto_production.train_and_eval_detector/DLG-Base"", ""scores"": ""detector.decision_function(data)"", ""seed"": 46, ""split"": ""numpy RandomState(seed) permutation, 60/20/20"", ""threshold"": ""validation prevalence percentile""}",af5ef3faa4f47295ce3f41c8267eefb08f000eadb41e09e41c87962afd362fa6,false,Original metric JSON has no run-bound source hash; runner source and recorded epoch/seed identify settings.
Ethereum,DOMINANT,42,dea2f7dd-934d-45c4-b6e1-3063a3f262b9,a03_json,outputs/benchmark/a03_production/raw/Ethereum__DOMINANT__seed42__dea2f7dd.json,CONFIG_UNAMBIGUOUS_RECONSTRUCTION,evaluation/benchmark/v2/scripts/a03_run_crypto_production.py,6dc5750056e32386f52b5cd4d015661ad960b0c3a3e732c1f4a1a2d65062c0ef,"{""batch_size"": 0, ""epochs"": 30, ""hyperparameter_defaults"": ""detector constructor defaults from A03 source environment"", ""model_constructor"": ""a03_run_crypto_production.train_and_eval_detector/DOMINANT"", ""scores"": ""detector.decision_function(data)"", ""seed"": 42, ""split"": ""numpy RandomState(seed) permutation, 60/20/20"", ""threshold"": ""validation prevalence percentile""}",0cd7f7792095a1c1613ad7ec631a77141699c803c5844e0096c85fd30f1f4404,false,Original metric JSON has no run-bound source hash; runner source and recorded epoch/seed identify settings.
Ethereum,DOMINANT,43,85bdf5f9-2033-4ccc-997c-47b57e54ac64,a03_json,outputs/benchmark/a03_production/raw/Ethereum__DOMINANT__seed43__85bdf5f9.json,CONFIG_UNAMBIGUOUS_RECONSTRUCTION,evaluation/benchmark/v2/scripts/a03_run_crypto_production.py,6dc5750056e32386f52b5cd4d015661ad960b0c3a3e732c1f4a1a2d65062c0ef,"{""batch_size"": 0, ""epochs"": 30, ""hyperparameter_defaults"": ""detector constructor defaults from A03 source environment"", ""model_constructor"": ""a03_run_crypto_production.train_and_eval_detector/DOMINANT"", ""scores"": ""detector.decision_function(data)"", ""seed"": 43, ""split"": ""numpy RandomState(seed) permutation, 60/20/20"", ""threshold"": ""validation prevalence percentile""}",ae8f4e41c263337133ea2d91e83e851a6200e0489a5088e218f54f5ab79b6175,false,Original metric JSON has no run-bound source hash; runner source and recorded epoch/seed identify settings.
Ethereum,DOMINANT,44,81cda5ec-2463-427e-a968-3ef38cc8b07a,a03_json,outputs/benchmark/a03_production/raw/Ethereum__DOMINANT__seed44__81cda5ec.json,CONFIG_UNAMBIGUOUS_RECONSTRUCTION,evaluation/benchmark/v2/scripts/a03_run_crypto_production.py,6dc5750056e32386f52b5cd4d015661ad960b0c3a3e732c1f4a1a2d65062c0ef,"{""batch_size"": 0, ""epochs"": 30, ""hyperparameter_defaults"": ""detector constructor defaults from A03 source environment"", ""model_constructor"": ""a03_run_crypto_production.train_and_eval_detector/DOMINANT"", ""scores"": ""detector.decision_function(data)"", ""seed"": 44, ""split"": ""numpy RandomState(seed) permutation, 60/20/20"", ""threshold"": ""validation prevalence percentile""}",1243331bf3af09d2758ed38de805d472130ca93de34c386bc85fdcdf0a5dece6,false,Original metric JSON has no run-bound source hash; runner source and recorded epoch/seed identify settings.
Ethereum,DOMINANT,45,d8bdf161-4d58-4588-9c3a-2f3a7ec5a348,a03_json,outputs/benchmark/a03_production/raw/Ethereum__DOMINANT__seed45__d8bdf161.json,CONFIG_UNAMBIGUOUS_RECONSTRUCTION,evaluation/benchmark/v2/scripts/a03_run_crypto_production.py,6dc5750056e32386f52b5cd4d015661ad960b0c3a3e732c1f4a1a2d65062c0ef,"{""batch_size"": 0, ""epochs"": 30, ""hyperparameter_defaults"": ""detector constructor defaults from A03 source environment"", ""model_constructor"": ""a03_run_crypto_production.train_and_eval_detector/DOMINANT"", ""scores"": ""detector.decision_function(data)"", ""seed"": 45, ""split"": ""numpy RandomState(seed) permutation, 60/20/20"", ""threshold"": ""validation prevalence percentile""}",3104ff2bd63dbe0b839e77605ff7392cd5442d0bffcae1908248a87ec9241963,false,Original metric JSON has no run-bound source hash; runner source and recorded epoch/seed identify settings.
Ethereum,DOMINANT,46,bc72f6c1-fef9-45a7-be8a-bda3265839a6,a03_json,outputs/benchmark/a03_production/raw/Ethereum__DOMINANT__seed46__bc72f6c1.json,CONFIG_UNAMBIGUOUS_RECONSTRUCTION,evaluation/benchmark/v2/scripts/a03_run_crypto_production.py,6dc5750056e32386f52b5cd4d015661ad960b0c3a3e732c1f4a1a2d65062c0ef,"{""batch_size"": 0, ""epochs"": 30, ""hyperparameter_defaults"": ""detector constructor defaults from A03 source environment"", ""model_constructor"": ""a03_run_crypto_production.train_and_eval_detector/DOMINANT"", ""scores"": ""detector.decision_function(data)"", ""seed"": 46, ""split"": ""numpy RandomState(seed) permutation, 60/20/20"", ""threshold"": ""validation prevalence percentile""}",b6360683794409f84d4eb09cea88a03b8b6a733046964fd62dee28b59d782c83,false,Original metric JSON has no run-bound source hash; runner source and recorded epoch/seed identify settings.
Ethereum,OCGNN,42,792ac9db-3192-4a07-9a8e-aea52d73b6da,a03_json,outputs/benchmark/a03_production/raw/Ethereum__OCGNN__seed42__792ac9db.json,CONFIG_UNAMBIGUOUS_RECONSTRUCTION,evaluation/benchmark/v2/scripts/a03_run_crypto_production.py,6dc5750056e32386f52b5cd4d015661ad960b0c3a3e732c1f4a1a2d65062c0ef,"{""batch_size"": 64, ""epochs"": 30, ""hyperparameter_defaults"": ""detector constructor defaults from A03 source environment"", ""model_constructor"": ""a03_run_crypto_production.train_and_eval_detector/OCGNN"", ""scores"": ""detector.decision_function(data)"", ""seed"": 42, ""split"": ""numpy RandomState(seed) permutation, 60/20/20"", ""threshold"": ""validation prevalence percentile""}",2fefdc3e67a3f48e534dbdc8d96fbf500ca0681a6f66b961150d41da5c6139f2,false,Original metric JSON has no run-bound source hash; runner source and recorded epoch/seed identify settings.
Ethereum,OCGNN,43,352871cb-4f29-43b0-96cb-1f8f6b354864,a03_json,outputs/benchmark/a03_production/raw/Ethereum__OCGNN__seed43__352871cb.json,CONFIG_UNAMBIGUOUS_RECONSTRUCTION,evaluation/benchmark/v2/scripts/a03_run_crypto_production.py,6dc5750056e32386f52b5cd4d015661ad960b0c3a3e732c1f4a1a2d65062c0ef,"{""batch_size"": 64, ""epochs"": 30, ""hyperparameter_defaults"": ""detector constructor defaults from A03 source environment"", ""model_constructor"": ""a03_run_crypto_production.train_and_eval_detector/OCGNN"", ""scores"": ""detector.decision_function(data)"", ""seed"": 43, ""split"": ""numpy RandomState(seed) permutation, 60/20/20"", ""threshold"": ""validation prevalence percentile""}",9ba2e0b7c652ab021c5daf318c9f601526ce09b194ec7fab473d03ce49835faf,false,Original metric JSON has no run-bound source hash; runner source and recorded epoch/seed identify settings.
Ethereum,OCGNN,44,cf73ac95-b21b-436f-b690-51fa08c2017f,a03_json,outputs/benchmark/a03_production/raw/Ethereum__OCGNN__seed44__cf73ac95.json,CONFIG_UNAMBIGUOUS_RECONSTRUCTION,evaluation/benchmark/v2/scripts/a03_run_crypto_production.py,6dc5750056e32386f52b5cd4d015661ad960b0c3a3e732c1f4a1a2d65062c0ef,"{""batch_size"": 64, ""epochs"": 30, ""hyperparameter_defaults"": ""detector constructor defaults from A03 source environment"", ""model_constructor"": ""a03_run_crypto_production.train_and_eval_detector/OCGNN"", ""scores"": ""detector.decision_function(data)"", ""seed"": 44, ""split"": ""numpy RandomState(seed) permutation, 60/20/20"", ""threshold"": ""validation prevalence percentile""}",fe8aeeac0f8e8ca315228a60bb15b97b4e1425bd4ead1830233f964a82ad1532,false,Original metric JSON has no run-bound source hash; runner source and recorded epoch/seed identify settings.
Ethereum,OCGNN,45,ba9f2df6-b62b-43fa-8795-1298b401c0d6,a03_json,outputs/benchmark/a03_production/raw/Ethereum__OCGNN__seed45__ba9f2df6.json,CONFIG_UNAMBIGUOUS_RECONSTRUCTION,evaluation/benchmark/v2/scripts/a03_run_crypto_production.py,6dc5750056e32386f52b5cd4d015661ad960b0c3a3e732c1f4a1a2d65062c0ef,"{""batch_size"": 64, ""epochs"": 30, ""hyperparameter_defaults"": ""detector constructor defaults from A03 source environment"", ""model_constructor"": ""a03_run_crypto_production.train_and_eval_detector/OCGNN"", ""scores"": ""detector.decision_function(data)"", ""seed"": 45, ""split"": ""numpy RandomState(seed) permutation, 60/20/20"", ""threshold"": ""validation prevalence percentile""}",68ef34d69acf68c70731264d2c43940c8775ffa75a62f3ff838e463319096158,false,Original metric JSON has no run-bound source hash; runner source and recorded epoch/seed identify settings.
Ethereum,OCGNN,46,783db7dc-b9fe-45c5-be17-ffce4beeb4aa,a03_json,outputs/benchmark/a03_production/raw/Ethereum__OCGNN__seed46__783db7dc.json,CONFIG_UNAMBIGUOUS_RECONSTRUCTION,evaluation/benchmark/v2/scripts/a03_run_crypto_production.py,6dc5750056e32386f52b5cd4d015661ad960b0c3a3e732c1f4a1a2d65062c0ef,"{""batch_size"": 64, ""epochs"": 30, ""hyperparameter_defaults"": ""detector constructor defaults from A03 source environment"", ""model_constructor"": ""a03_run_crypto_production.train_and_eval_detector/OCGNN"", ""scores"": ""detector.decision_function(data)"", ""seed"": 46, ""split"": ""numpy RandomState(seed) permutation, 60/20/20"", ""threshold"": ""validation prevalence percentile""}",ee8af92b0cac1aa6274e47ce505f636ae02aac4b953621e683f43c2f3cdfac38,false,Original metric JSON has no run-bound source hash; runner source and recorded epoch/seed identify settings.
LANL-RedTeam,AnomalyDAE,42,f45578fc-6f31-44ba-b84c-15e3bfd209d5,lanl_real_json,outputs/benchmark/sci_defense_extension_real/benchmark/raw/LANL-RedTeam__AnomalyDAE__seed42.json,CONFIG_UNAMBIGUOUS_RECONSTRUCTION,f0d63791da5dc031d34dd4ed0c9f9deba1020d74:scripts/defense_extension_real/run_defense_multiseed_real.py + configs/benchmark/sci_defense_extension_real.yaml,4dfa19887241ccdac838979e7404f19c19dba21f721b4993af03b004b72fc4fb,"{""batch_size"": 0, ""dlg_l1_epochs"": null, ""epochs"": 50, ""feature_scaling"": ""train-set mean/std after log1p on columns max>10"", ""hyperparameter_defaults"": ""model constructor defaults in historical source snapshot"", ""model_constructor"": ""run_defense_multiseed_real.instantiate_detector/AnomalyDAE"", ""scores"": ""detector.decision_score_"", ""seed"": 42, ""split"": ""stratified_split_indices(y,seed,0.2,0.2)"", ""threshold"": ""validation best F1 among up to 201 score quantiles""}",994b7a32ff134ba010fa2af6f88ba20892a5ac9b75139589a4db66aac258e5d5,false,"Historical Git snapshot postdates raw metric file timestamps; the unique runner's record schema, 50 epochs, model/seed, test counts, and split support match the archived JSON. No run-bound source hash exists."
LANL-RedTeam,AnomalyDAE,43,d5576876-2c94-4e9c-b5bb-5846027453c5,lanl_real_json,outputs/benchmark/sci_defense_extension_real/benchmark/raw/LANL-RedTeam__AnomalyDAE__seed43.json,CONFIG_UNAMBIGUOUS_RECONSTRUCTION,f0d63791da5dc031d34dd4ed0c9f9deba1020d74:scripts/defense_extension_real/run_defense_multiseed_real.py + configs/benchmark/sci_defense_extension_real.yaml,4dfa19887241ccdac838979e7404f19c19dba21f721b4993af03b004b72fc4fb,"{""batch_size"": 0, ""dlg_l1_epochs"": null, ""epochs"": 50, ""feature_scaling"": ""train-set mean/std after log1p on columns max>10"", ""hyperparameter_defaults"": ""model constructor defaults in historical source snapshot"", ""model_constructor"": ""run_defense_multiseed_real.instantiate_detector/AnomalyDAE"", ""scores"": ""detector.decision_score_"", ""seed"": 43, ""split"": ""stratified_split_indices(y,seed,0.2,0.2)"", ""threshold"": ""validation best F1 among up to 201 score quantiles""}",5c355fa60ff88eda41a4dd3a9c4dc366ab7453a285a963f3ef1366f25b2266f5,false,"Historical Git snapshot postdates raw metric file timestamps; the unique runner's record schema, 50 epochs, model/seed, test counts, and split support match the archived JSON. No run-bound source hash exists."
LANL-RedTeam,AnomalyDAE,44,6d3b6755-c7af-4013-aa1a-9f381430eb14,lanl_real_json,outputs/benchmark/sci_defense_extension_real/benchmark/raw/LANL-RedTeam__AnomalyDAE__seed44.json,CONFIG_UNAMBIGUOUS_RECONSTRUCTION,f0d63791da5dc031d34dd4ed0c9f9deba1020d74:scripts/defense_extension_real/run_defense_multiseed_real.py + configs/benchmark/sci_defense_extension_real.yaml,4dfa19887241ccdac838979e7404f19c19dba21f721b4993af03b004b72fc4fb,"{""batch_size"": 0, ""dlg_l1_epochs"": null, ""epochs"": 50, ""feature_scaling"": ""train-set mean/std after log1p on columns max>10"", ""hyperparameter_defaults"": ""model constructor defaults in historical source snapshot"", ""model_constructor"": ""run_defense_multiseed_real.instantiate_detector/AnomalyDAE"", ""scores"": ""detector.decision_score_"", ""seed"": 44, ""split"": ""stratified_split_indices(y,seed,0.2,0.2)"", ""threshold"": ""validation best F1 among up to 201 score quantiles""}",32b26265aef0d1d16399a5df06b53e1e94de8697e3347ddcc7921e24c70c5193,false,"Historical Git snapshot postdates raw metric file timestamps; the unique runner's record schema, 50 epochs, model/seed, test counts, and split support match the archived JSON. No run-bound source hash exists."
LANL-RedTeam,AnomalyDAE,45,60a7b65c-415c-4a96-85f1-a933b7267599,lanl_real_json,outputs/benchmark/sci_defense_extension_real/benchmark/raw/LANL-RedTeam__AnomalyDAE__seed45.json,CONFIG_UNAMBIGUOUS_RECONSTRUCTION,f0d63791da5dc031d34dd4ed0c9f9deba1020d74:scripts/defense_extension_real/run_defense_multiseed_real.py + configs/benchmark/sci_defense_extension_real.yaml,4dfa19887241ccdac838979e7404f19c19dba21f721b4993af03b004b72fc4fb,"{""batch_size"": 0, ""dlg_l1_epochs"": null, ""epochs"": 50, ""feature_scaling"": ""train-set mean/std after log1p on columns max>10"", ""hyperparameter_defaults"": ""model constructor defaults in historical source snapshot"", ""model_constructor"": ""run_defense_multiseed_real.instantiate_detector/AnomalyDAE"", ""scores"": ""detector.decision_score_"", ""seed"": 45, ""split"": ""stratified_split_indices(y,seed,0.2,0.2)"", ""threshold"": ""validation best F1 among up to 201 score quantiles""}",04479c6e985d8d56ee1b5d4da498951801803e6324b03581c5c7baaeca7f65a8,false,"Historical Git snapshot postdates raw metric file timestamps; the unique runner's record schema, 50 epochs, model/seed, test counts, and split support match the archived JSON. No run-bound source hash exists."
LANL-RedTeam,AnomalyDAE,46,18393e36-406c-42d2-90a4-5de7d4156b95,lanl_real_json,outputs/benchmark/sci_defense_extension_real/benchmark/raw/LANL-RedTeam__AnomalyDAE__seed46.json,CONFIG_UNAMBIGUOUS_RECONSTRUCTION,f0d63791da5dc031d34dd4ed0c9f9deba1020d74:scripts/defense_extension_real/run_defense_multiseed_real.py + configs/benchmark/sci_defense_extension_real.yaml,4dfa19887241ccdac838979e7404f19c19dba21f721b4993af03b004b72fc4fb,"{""batch_size"": 0, ""dlg_l1_epochs"": null, ""epochs"": 50, ""feature_scaling"": ""train-set mean/std after log1p on columns max>10"", ""hyperparameter_defaults"": ""model constructor defaults in historical source snapshot"", ""model_constructor"": ""run_defense_multiseed_real.instantiate_detector/AnomalyDAE"", ""scores"": ""detector.decision_score_"", ""seed"": 46, ""split"": ""stratified_split_indices(y,seed,0.2,0.2)"", ""threshold"": ""validation best F1 among up to 201 score quantiles""}",ffdaf7ee8aa2785926601780bfae21b8fd2aaa69eea3e07f922780b4a307fcc2,false,"Historical Git snapshot postdates raw metric file timestamps; the unique runner's record schema, 50 epochs, model/seed, test counts, and split support match the archived JSON. No run-bound source hash exists."
LANL-RedTeam,CoLA,42,9c03b4a1-8e7d-4bd2-95ae-95340038905a,lanl_real_json,outputs/benchmark/sci_defense_extension_real/benchmark/raw/LANL-RedTeam__CoLA__seed42.json,CONFIG_UNAMBIGUOUS_RECONSTRUCTION,f0d63791da5dc031d34dd4ed0c9f9deba1020d74:scripts/defense_extension_real/run_defense_multiseed_real.py + configs/benchmark/sci_defense_extension_real.yaml,4dfa19887241ccdac838979e7404f19c19dba21f721b4993af03b004b72fc4fb,"{""batch_size"": 0, ""dlg_l1_epochs"": null, ""epochs"": 50, ""feature_scaling"": ""train-set mean/std after log1p on columns max>10"", ""hyperparameter_defaults"": ""model constructor defaults in historical source snapshot"", ""model_constructor"": ""run_defense_multiseed_real.instantiate_detector/CoLA"", ""scores"": ""detector.decision_score_"", ""seed"": 42, ""split"": ""stratified_split_indices(y,seed,0.2,0.2)"", ""threshold"": ""validation best F1 among up to 201 score quantiles""}",55d428ae9e7698713e33762867da53e228d65a13b67ae0c6847612c9b96a3f32,false,"Historical Git snapshot postdates raw metric file timestamps; the unique runner's record schema, 50 epochs, model/seed, test counts, and split support match the archived JSON. No run-bound source hash exists."
LANL-RedTeam,CoLA,43,18d759b4-109a-4b40-83c2-3be62ef804ca,lanl_real_json,outputs/benchmark/sci_defense_extension_real/benchmark/raw/LANL-RedTeam__CoLA__seed43.json,CONFIG_UNAMBIGUOUS_RECONSTRUCTION,f0d63791da5dc031d34dd4ed0c9f9deba1020d74:scripts/defense_extension_real/run_defense_multiseed_real.py + configs/benchmark/sci_defense_extension_real.yaml,4dfa19887241ccdac838979e7404f19c19dba21f721b4993af03b004b72fc4fb,"{""batch_size"": 0, ""dlg_l1_epochs"": null, ""epochs"": 50, ""feature_scaling"": ""train-set mean/std after log1p on columns max>10"", ""hyperparameter_defaults"": ""model constructor defaults in historical source snapshot"", ""model_constructor"": ""run_defense_multiseed_real.instantiate_detector/CoLA"", ""scores"": ""detector.decision_score_"", ""seed"": 43, ""split"": ""stratified_split_indices(y,seed,0.2,0.2)"", ""threshold"": ""validation best F1 among up to 201 score quantiles""}",7ec77d0e3727be5e7e2815fc68830feea9bbc6e3a9c4d7afbbe9cf232b71ff2c,false,"Historical Git snapshot postdates raw metric file timestamps; the unique runner's record schema, 50 epochs, model/seed, test counts, and split support match the archived JSON. No run-bound source hash exists."
LANL-RedTeam,CoLA,44,4e204615-f9bb-4a91-9f31-93057362ecc5,lanl_real_json,outputs/benchmark/sci_defense_extension_real/benchmark/raw/LANL-RedTeam__CoLA__seed44.json,CONFIG_UNAMBIGUOUS_RECONSTRUCTION,f0d63791da5dc031d34dd4ed0c9f9deba1020d74:scripts/defense_extension_real/run_defense_multiseed_real.py + configs/benchmark/sci_defense_extension_real.yaml,4dfa19887241ccdac838979e7404f19c19dba21f721b4993af03b004b72fc4fb,"{""batch_size"": 0, ""dlg_l1_epochs"": null, ""epochs"": 50, ""feature_scaling"": ""train-set mean/std after log1p on columns max>10"", ""hyperparameter_defaults"": ""model constructor defaults in historical source snapshot"", ""model_constructor"": ""run_defense_multiseed_real.instantiate_detector/CoLA"", ""scores"": ""detector.decision_score_"", ""seed"": 44, ""split"": ""stratified_split_indices(y,seed,0.2,0.2)"", ""threshold"": ""validation best F1 among up to 201 score quantiles""}",09041637d9776a0face5cfcc9c4b118599cc5e9f4464a1dfb5cc3501473db15f,false,"Historical Git snapshot postdates raw metric file timestamps; the unique runner's record schema, 50 epochs, model/seed, test counts, and split support match the archived JSON. No run-bound source hash exists."
LANL-RedTeam,CoLA,45,fb6e2851-6d5f-4536-aa54-5fa1b6867328,lanl_real_json,outputs/benchmark/sci_defense_extension_real/benchmark/raw/LANL-RedTeam__CoLA__seed45.json,CONFIG_UNAMBIGUOUS_RECONSTRUCTION,f0d63791da5dc031d34dd4ed0c9f9deba1020d74:scripts/defense_extension_real/run_defense_multiseed_real.py + configs/benchmark/sci_defense_extension_real.yaml,4dfa19887241ccdac838979e7404f19c19dba21f721b4993af03b004b72fc4fb,"{""batch_size"": 0, ""dlg_l1_epochs"": null, ""epochs"": 50, ""feature_scaling"": ""train-set mean/std after log1p on columns max>10"", ""hyperparameter_defaults"": ""model constructor defaults in historical source snapshot"", ""model_constructor"": ""run_defense_multiseed_real.instantiate_detector/CoLA"", ""scores"": ""detector.decision_score_"", ""seed"": 45, ""split"": ""stratified_split_indices(y,seed,0.2,0.2)"", ""threshold"": ""validation best F1 among up to 201 score quantiles""}",285c0af85672b3223d6443d2c16e89f331c66a620a0043c6f3ef4e28f01c5208,false,"Historical Git snapshot postdates raw metric file timestamps; the unique runner's record schema, 50 epochs, model/seed, test counts, and split support match the archived JSON. No run-bound source hash exists."
LANL-RedTeam,CoLA,46,853c583a-008c-4422-abf9-409944de20b9,lanl_real_json,outputs/benchmark/sci_defense_extension_real/benchmark/raw/LANL-RedTeam__CoLA__seed46.json,CONFIG_UNAMBIGUOUS_RECONSTRUCTION,f0d63791da5dc031d34dd4ed0c9f9deba1020d74:scripts/defense_extension_real/run_defense_multiseed_real.py + configs/benchmark/sci_defense_extension_real.yaml,4dfa19887241ccdac838979e7404f19c19dba21f721b4993af03b004b72fc4fb,"{""batch_size"": 0, ""dlg_l1_epochs"": null, ""epochs"": 50, ""feature_scaling"": ""train-set mean/std after log1p on columns max>10"", ""hyperparameter_defaults"": ""model constructor defaults in historical source snapshot"", ""model_constructor"": ""run_defense_multiseed_real.instantiate_detector/CoLA"", ""scores"": ""detector.decision_score_"", ""seed"": 46, ""split"": ""stratified_split_indices(y,seed,0.2,0.2)"", ""threshold"": ""validation best F1 among up to 201 score quantiles""}",4f14ca6894c75f045eee98b4bc55c42a7821f449ccc4eac933e73769c8efb847,false,"Historical Git snapshot postdates raw metric file timestamps; the unique runner's record schema, 50 epochs, model/seed, test counts, and split support match the archived JSON. No run-bound source hash exists."
LANL-RedTeam,DLG-Aug,42,953800b5-5333-4e8c-81a5-4ccfda12d662,lanl_real_json,outputs/benchmark/sci_defense_extension_real/benchmark/raw/LANL-RedTeam__DLG-Aug__seed42.json,CONFIG_UNAMBIGUOUS_RECONSTRUCTION,f0d63791da5dc031d34dd4ed0c9f9deba1020d74:scripts/defense_extension_real/run_defense_multiseed_real.py + configs/benchmark/sci_defense_extension_real.yaml,4dfa19887241ccdac838979e7404f19c19dba21f721b4993af03b004b72fc4fb,"{""batch_size"": 0, ""dlg_l1_epochs"": 20, ""epochs"": 50, ""feature_scaling"": ""train-set mean/std after log1p on columns max>10"", ""hyperparameter_defaults"": ""model constructor defaults in historical source snapshot"", ""model_constructor"": ""run_defense_multiseed_real.instantiate_detector/DLG-Aug"", ""scores"": ""detector.decision_score_"", ""seed"": 42, ""split"": ""stratified_split_indices(y,seed,0.2,0.2)"", ""threshold"": ""validation best F1 among up to 201 score quantiles""}",d9053d6c94ef7a9fbdaf9b7c1da36f0dafa2ad29ae1783c6b4d718d9fcbd1693,false,"Historical Git snapshot postdates raw metric file timestamps; the unique runner's record schema, 50 epochs, model/seed, test counts, and split support match the archived JSON. No run-bound source hash exists."
LANL-RedTeam,DLG-Aug,43,d5e3bb9b-478a-44d5-a54b-3a677a96cc67,lanl_real_json,outputs/benchmark/sci_defense_extension_real/benchmark/raw/LANL-RedTeam__DLG-Aug__seed43.json,CONFIG_UNAMBIGUOUS_RECONSTRUCTION,f0d63791da5dc031d34dd4ed0c9f9deba1020d74:scripts/defense_extension_real/run_defense_multiseed_real.py + configs/benchmark/sci_defense_extension_real.yaml,4dfa19887241ccdac838979e7404f19c19dba21f721b4993af03b004b72fc4fb,"{""batch_size"": 0, ""dlg_l1_epochs"": 20, ""epochs"": 50, ""feature_scaling"": ""train-set mean/std after log1p on columns max>10"", ""hyperparameter_defaults"": ""model constructor defaults in historical source snapshot"", ""model_constructor"": ""run_defense_multiseed_real.instantiate_detector/DLG-Aug"", ""scores"": ""detector.decision_score_"", ""seed"": 43, ""split"": ""stratified_split_indices(y,seed,0.2,0.2)"", ""threshold"": ""validation best F1 among up to 201 score quantiles""}",5886bb63eea322eab792b9b4e3ef4435be463eb3eb678914d17e5da0aa61e2fc,false,"Historical Git snapshot postdates raw metric file timestamps; the unique runner's record schema, 50 epochs, model/seed, test counts, and split support match the archived JSON. No run-bound source hash exists."
LANL-RedTeam,DLG-Aug,44,d4350aa2-2b9a-4fdd-9b7d-80162cd0df03,lanl_real_json,outputs/benchmark/sci_defense_extension_real/benchmark/raw/LANL-RedTeam__DLG-Aug__seed44.json,CONFIG_UNAMBIGUOUS_RECONSTRUCTION,f0d63791da5dc031d34dd4ed0c9f9deba1020d74:scripts/defense_extension_real/run_defense_multiseed_real.py + configs/benchmark/sci_defense_extension_real.yaml,4dfa19887241ccdac838979e7404f19c19dba21f721b4993af03b004b72fc4fb,"{""batch_size"": 0, ""dlg_l1_epochs"": 20, ""epochs"": 50, ""feature_scaling"": ""train-set mean/std after log1p on columns max>10"", ""hyperparameter_defaults"": ""model constructor defaults in historical source snapshot"", ""model_constructor"": ""run_defense_multiseed_real.instantiate_detector/DLG-Aug"", ""scores"": ""detector.decision_score_"", ""seed"": 44, ""split"": ""stratified_split_indices(y,seed,0.2,0.2)"", ""threshold"": ""validation best F1 among up to 201 score quantiles""}",fbac12e5f10fd479458d00965169c637e21c17ace9bf152fb8ee6e1bc82fe5c9,false,"Historical Git snapshot postdates raw metric file timestamps; the unique runner's record schema, 50 epochs, model/seed, test counts, and split support match the archived JSON. No run-bound source hash exists."
LANL-RedTeam,DLG-Aug,45,92328889-3a97-46b2-b8b9-286eeaae0d00,lanl_real_json,outputs/benchmark/sci_defense_extension_real/benchmark/raw/LANL-RedTeam__DLG-Aug__seed45.json,CONFIG_UNAMBIGUOUS_RECONSTRUCTION,f0d63791da5dc031d34dd4ed0c9f9deba1020d74:scripts/defense_extension_real/run_defense_multiseed_real.py + configs/benchmark/sci_defense_extension_real.yaml,4dfa19887241ccdac838979e7404f19c19dba21f721b4993af03b004b72fc4fb,"{""batch_size"": 0, ""dlg_l1_epochs"": 20, ""epochs"": 50, ""feature_scaling"": ""train-set mean/std after log1p on columns max>10"", ""hyperparameter_defaults"": ""model constructor defaults in historical source snapshot"", ""model_constructor"": ""run_defense_multiseed_real.instantiate_detector/DLG-Aug"", ""scores"": ""detector.decision_score_"", ""seed"": 45, ""split"": ""stratified_split_indices(y,seed,0.2,0.2)"", ""threshold"": ""validation best F1 among up to 201 score quantiles""}",afec0a43004b37ee8b6ec7541b7e43e7df9311df25fe5b83015d7dfde51b98a5,false,"Historical Git snapshot postdates raw metric file timestamps; the unique runner's record schema, 50 epochs, model/seed, test counts, and split support match the archived JSON. No run-bound source hash exists."
LANL-RedTeam,DLG-Aug,46,47a5e3df-a5ac-4cce-ae17-58ae71e61e89,lanl_real_json,outputs/benchmark/sci_defense_extension_real/benchmark/raw/LANL-RedTeam__DLG-Aug__seed46.json,CONFIG_UNAMBIGUOUS_RECONSTRUCTION,f0d63791da5dc031d34dd4ed0c9f9deba1020d74:scripts/defense_extension_real/run_defense_multiseed_real.py + configs/benchmark/sci_defense_extension_real.yaml,4dfa19887241ccdac838979e7404f19c19dba21f721b4993af03b004b72fc4fb,"{""batch_size"": 0, ""dlg_l1_epochs"": 20, ""epochs"": 50, ""feature_scaling"": ""train-set mean/std after log1p on columns max>10"", ""hyperparameter_defaults"": ""model constructor defaults in historical source snapshot"", ""model_constructor"": ""run_defense_multiseed_real.instantiate_detector/DLG-Aug"", ""scores"": ""detector.decision_score_"", ""seed"": 46, ""split"": ""stratified_split_indices(y,seed,0.2,0.2)"", ""threshold"": ""validation best F1 among up to 201 score quantiles""}",065773e6125fb48582c49a2d409a89439ce70612642c77179b5d52a115fee608,false,"Historical Git snapshot postdates raw metric file timestamps; the unique runner's record schema, 50 epochs, model/seed, test counts, and split support match the archived JSON. No run-bound source hash exists."
LANL-RedTeam,DLG-Base,42,fad43582-bd59-4ac7-9485-bb3331f42023,lanl_real_json,outputs/benchmark/sci_defense_extension_real/benchmark/raw/LANL-RedTeam__DLG-Base__seed42.json,CONFIG_UNAMBIGUOUS_RECONSTRUCTION,f0d63791da5dc031d34dd4ed0c9f9deba1020d74:scripts/defense_extension_real/run_defense_multiseed_real.py + configs/benchmark/sci_defense_extension_real.yaml,4dfa19887241ccdac838979e7404f19c19dba21f721b4993af03b004b72fc4fb,"{""batch_size"": 0, ""dlg_l1_epochs"": null, ""epochs"": 50, ""feature_scaling"": ""train-set mean/std after log1p on columns max>10"", ""hyperparameter_defaults"": ""model constructor defaults in historical source snapshot"", ""model_constructor"": ""run_defense_multiseed_real.instantiate_detector/DLG-Base"", ""scores"": ""detector.decision_score_"", ""seed"": 42, ""split"": ""stratified_split_indices(y,seed,0.2,0.2)"", ""threshold"": ""validation best F1 among up to 201 score quantiles""}",a6863e1b194a3ec43ee35129f0122659607b44025136d077b86bf99dc06baa91,false,"Historical Git snapshot postdates raw metric file timestamps; the unique runner's record schema, 50 epochs, model/seed, test counts, and split support match the archived JSON. No run-bound source hash exists."
LANL-RedTeam,DLG-Base,43,4b0b4584-fe19-4551-b716-8c438ff26690,lanl_real_json,outputs/benchmark/sci_defense_extension_real/benchmark/raw/LANL-RedTeam__DLG-Base__seed43.json,CONFIG_UNAMBIGUOUS_RECONSTRUCTION,f0d63791da5dc031d34dd4ed0c9f9deba1020d74:scripts/defense_extension_real/run_defense_multiseed_real.py + configs/benchmark/sci_defense_extension_real.yaml,4dfa19887241ccdac838979e7404f19c19dba21f721b4993af03b004b72fc4fb,"{""batch_size"": 0, ""dlg_l1_epochs"": null, ""epochs"": 50, ""feature_scaling"": ""train-set mean/std after log1p on columns max>10"", ""hyperparameter_defaults"": ""model constructor defaults in historical source snapshot"", ""model_constructor"": ""run_defense_multiseed_real.instantiate_detector/DLG-Base"", ""scores"": ""detector.decision_score_"", ""seed"": 43, ""split"": ""stratified_split_indices(y,seed,0.2,0.2)"", ""threshold"": ""validation best F1 among up to 201 score quantiles""}",87ce29656e86e19dae850af649811c83673c2f17c485c7f3ce9d311b93955601,false,"Historical Git snapshot postdates raw metric file timestamps; the unique runner's record schema, 50 epochs, model/seed, test counts, and split support match the archived JSON. No run-bound source hash exists."
LANL-RedTeam,DLG-Base,44,f8241914-19a5-44bb-bf67-c09dbba28171,lanl_real_json,outputs/benchmark/sci_defense_extension_real/benchmark/raw/LANL-RedTeam__DLG-Base__seed44.json,CONFIG_UNAMBIGUOUS_RECONSTRUCTION,f0d63791da5dc031d34dd4ed0c9f9deba1020d74:scripts/defense_extension_real/run_defense_multiseed_real.py + configs/benchmark/sci_defense_extension_real.yaml,4dfa19887241ccdac838979e7404f19c19dba21f721b4993af03b004b72fc4fb,"{""batch_size"": 0, ""dlg_l1_epochs"": null, ""epochs"": 50, ""feature_scaling"": ""train-set mean/std after log1p on columns max>10"", ""hyperparameter_defaults"": ""model constructor defaults in historical source snapshot"", ""model_constructor"": ""run_defense_multiseed_real.instantiate_detector/DLG-Base"", ""scores"": ""detector.decision_score_"", ""seed"": 44, ""split"": ""stratified_split_indices(y,seed,0.2,0.2)"", ""threshold"": ""validation best F1 among up to 201 score quantiles""}",388ac60391188d755d7c7e788ded344147a44e8191e9c726bc67a5f488e57788,false,"Historical Git snapshot postdates raw metric file timestamps; the unique runner's record schema, 50 epochs, model/seed, test counts, and split support match the archived JSON. No run-bound source hash exists."
LANL-RedTeam,DLG-Base,45,f2bd9a66-599c-4a0d-8463-e69d972010cf,lanl_real_json,outputs/benchmark/sci_defense_extension_real/benchmark/raw/LANL-RedTeam__DLG-Base__seed45.json,CONFIG_UNAMBIGUOUS_RECONSTRUCTION,f0d63791da5dc031d34dd4ed0c9f9deba1020d74:scripts/defense_extension_real/run_defense_multiseed_real.py + configs/benchmark/sci_defense_extension_real.yaml,4dfa19887241ccdac838979e7404f19c19dba21f721b4993af03b004b72fc4fb,"{""batch_size"": 0, ""dlg_l1_epochs"": null, ""epochs"": 50, ""feature_scaling"": ""train-set mean/std after log1p on columns max>10"", ""hyperparameter_defaults"": ""model constructor defaults in historical source snapshot"", ""model_constructor"": ""run_defense_multiseed_real.instantiate_detector/DLG-Base"", ""scores"": ""detector.decision_score_"", ""seed"": 45, ""split"": ""stratified_split_indices(y,seed,0.2,0.2)"", ""threshold"": ""validation best F1 among up to 201 score quantiles""}",7c904ac60d871e79e4aded0b7a15eff341d2119bb8320bafd14d3abb30f2c530,false,"Historical Git snapshot postdates raw metric file timestamps; the unique runner's record schema, 50 epochs, model/seed, test counts, and split support match the archived JSON. No run-bound source hash exists."
LANL-RedTeam,DLG-Base,46,809b355e-8039-4a87-99f6-e9f6b64b0e5e,lanl_real_json,outputs/benchmark/sci_defense_extension_real/benchmark/raw/LANL-RedTeam__DLG-Base__seed46.json,CONFIG_UNAMBIGUOUS_RECONSTRUCTION,f0d63791da5dc031d34dd4ed0c9f9deba1020d74:scripts/defense_extension_real/run_defense_multiseed_real.py + configs/benchmark/sci_defense_extension_real.yaml,4dfa19887241ccdac838979e7404f19c19dba21f721b4993af03b004b72fc4fb,"{""batch_size"": 0, ""dlg_l1_epochs"": null, ""epochs"": 50, ""feature_scaling"": ""train-set mean/std after log1p on columns max>10"", ""hyperparameter_defaults"": ""model constructor defaults in historical source snapshot"", ""model_constructor"": ""run_defense_multiseed_real.instantiate_detector/DLG-Base"", ""scores"": ""detector.decision_score_"", ""seed"": 46, ""split"": ""stratified_split_indices(y,seed,0.2,0.2)"", ""threshold"": ""validation best F1 among up to 201 score quantiles""}",f000bf45044f349f8de16b142bf8a3076ab1496c046e53e19b1c413962f5fb3d,false,"Historical Git snapshot postdates raw metric file timestamps; the unique runner's record schema, 50 epochs, model/seed, test counts, and split support match the archived JSON. No run-bound source hash exists."
LANL-RedTeam,DOMINANT,42,cac7b2b7-9093-4a36-a002-1b582847e830,lanl_real_json,outputs/benchmark/sci_defense_extension_real/benchmark/raw/LANL-RedTeam__DOMINANT__seed42.json,CONFIG_UNAMBIGUOUS_RECONSTRUCTION,f0d63791da5dc031d34dd4ed0c9f9deba1020d74:scripts/defense_extension_real/run_defense_multiseed_real.py + configs/benchmark/sci_defense_extension_real.yaml,4dfa19887241ccdac838979e7404f19c19dba21f721b4993af03b004b72fc4fb,"{""batch_size"": 0, ""dlg_l1_epochs"": null, ""epochs"": 50, ""feature_scaling"": ""train-set mean/std after log1p on columns max>10"", ""hyperparameter_defaults"": ""model constructor defaults in historical source snapshot"", ""model_constructor"": ""run_defense_multiseed_real.instantiate_detector/DOMINANT"", ""scores"": ""detector.decision_score_"", ""seed"": 42, ""split"": ""stratified_split_indices(y,seed,0.2,0.2)"", ""threshold"": ""validation best F1 among up to 201 score quantiles""}",6676561e7cc12a4aa62fc7c9d9b6eb4b5d1eb5365184e7edd3ab65eae068f06c,false,"Historical Git snapshot postdates raw metric file timestamps; the unique runner's record schema, 50 epochs, model/seed, test counts, and split support match the archived JSON. No run-bound source hash exists."
LANL-RedTeam,DOMINANT,43,9ae61097-4df9-44fc-a9dc-170021fa359d,lanl_real_json,outputs/benchmark/sci_defense_extension_real/benchmark/raw/LANL-RedTeam__DOMINANT__seed43.json,CONFIG_UNAMBIGUOUS_RECONSTRUCTION,f0d63791da5dc031d34dd4ed0c9f9deba1020d74:scripts/defense_extension_real/run_defense_multiseed_real.py + configs/benchmark/sci_defense_extension_real.yaml,4dfa19887241ccdac838979e7404f19c19dba21f721b4993af03b004b72fc4fb,"{""batch_size"": 0, ""dlg_l1_epochs"": null, ""epochs"": 50, ""feature_scaling"": ""train-set mean/std after log1p on columns max>10"", ""hyperparameter_defaults"": ""model constructor defaults in historical source snapshot"", ""model_constructor"": ""run_defense_multiseed_real.instantiate_detector/DOMINANT"", ""scores"": ""detector.decision_score_"", ""seed"": 43, ""split"": ""stratified_split_indices(y,seed,0.2,0.2)"", ""threshold"": ""validation best F1 among up to 201 score quantiles""}",b77b33ac59e8ea9780d593ab68752721d6d91ecd9b5ad96cff2e7d5483fc1bd3,false,"Historical Git snapshot postdates raw metric file timestamps; the unique runner's record schema, 50 epochs, model/seed, test counts, and split support match the archived JSON. No run-bound source hash exists."
LANL-RedTeam,DOMINANT,44,a227b7ef-4e4f-420c-a7ec-6ab43ecc7e58,lanl_real_json,outputs/benchmark/sci_defense_extension_real/benchmark/raw/LANL-RedTeam__DOMINANT__seed44.json,CONFIG_UNAMBIGUOUS_RECONSTRUCTION,f0d63791da5dc031d34dd4ed0c9f9deba1020d74:scripts/defense_extension_real/run_defense_multiseed_real.py + configs/benchmark/sci_defense_extension_real.yaml,4dfa19887241ccdac838979e7404f19c19dba21f721b4993af03b004b72fc4fb,"{""batch_size"": 0, ""dlg_l1_epochs"": null, ""epochs"": 50, ""feature_scaling"": ""train-set mean/std after log1p on columns max>10"", ""hyperparameter_defaults"": ""model constructor defaults in historical source snapshot"", ""model_constructor"": ""run_defense_multiseed_real.instantiate_detector/DOMINANT"", ""scores"": ""detector.decision_score_"", ""seed"": 44, ""split"": ""stratified_split_indices(y,seed,0.2,0.2)"", ""threshold"": ""validation best F1 among up to 201 score quantiles""}",ec376c7c372bccb97a5538d026f522e8fd61079f70bd4a387b482971d532bf5a,false,"Historical Git snapshot postdates raw metric file timestamps; the unique runner's record schema, 50 epochs, model/seed, test counts, and split support match the archived JSON. No run-bound source hash exists."
LANL-RedTeam,DOMINANT,45,1a506403-e22f-47e6-bd6f-046b20308fab,lanl_real_json,outputs/benchmark/sci_defense_extension_real/benchmark/raw/LANL-RedTeam__DOMINANT__seed45.json,CONFIG_UNAMBIGUOUS_RECONSTRUCTION,f0d63791da5dc031d34dd4ed0c9f9deba1020d74:scripts/defense_extension_real/run_defense_multiseed_real.py + configs/benchmark/sci_defense_extension_real.yaml,4dfa19887241ccdac838979e7404f19c19dba21f721b4993af03b004b72fc4fb,"{""batch_size"": 0, ""dlg_l1_epochs"": null, ""epochs"": 50, ""feature_scaling"": ""train-set mean/std after log1p on columns max>10"", ""hyperparameter_defaults"": ""model constructor defaults in historical source snapshot"", ""model_constructor"": ""run_defense_multiseed_real.instantiate_detector/DOMINANT"", ""scores"": ""detector.decision_score_"", ""seed"": 45, ""split"": ""stratified_split_indices(y,seed,0.2,0.2)"", ""threshold"": ""validation best F1 among up to 201 score quantiles""}",26eaaedf9cd3b85f0854773347b829eff66fcabd174c8d09822f2e8fdee2bb8c,false,"Historical Git snapshot postdates raw metric file timestamps; the unique runner's record schema, 50 epochs, model/seed, test counts, and split support match the archived JSON. No run-bound source hash exists."
LANL-RedTeam,DOMINANT,46,84e9343c-3616-48a7-bb30-f7868b72d924,lanl_real_json,outputs/benchmark/sci_defense_extension_real/benchmark/raw/LANL-RedTeam__DOMINANT__seed46.json,CONFIG_UNAMBIGUOUS_RECONSTRUCTION,f0d63791da5dc031d34dd4ed0c9f9deba1020d74:scripts/defense_extension_real/run_defense_multiseed_real.py + configs/benchmark/sci_defense_extension_real.yaml,4dfa19887241ccdac838979e7404f19c19dba21f721b4993af03b004b72fc4fb,"{""batch_size"": 0, ""dlg_l1_epochs"": null, ""epochs"": 50, ""feature_scaling"": ""train-set mean/std after log1p on columns max>10"", ""hyperparameter_defaults"": ""model constructor defaults in historical source snapshot"", ""model_constructor"": ""run_defense_multiseed_real.instantiate_detector/DOMINANT"", ""scores"": ""detector.decision_score_"", ""seed"": 46, ""split"": ""stratified_split_indices(y,seed,0.2,0.2)"", ""threshold"": ""validation best F1 among up to 201 score quantiles""}",f636ecb7b1da37f98405c1009f6fb59949f764e8eda7cd0daf5743cd57ff83de,false,"Historical Git snapshot postdates raw metric file timestamps; the unique runner's record schema, 50 epochs, model/seed, test counts, and split support match the archived JSON. No run-bound source hash exists."
LANL-RedTeam,GADNR,42,b1a27700-cc75-40e9-a52c-7930f947206c,lanl_real_json,outputs/benchmark/sci_defense_extension_real/benchmark/raw/LANL-RedTeam__GADNR__seed42.json,CONFIG_UNAMBIGUOUS_RECONSTRUCTION,f0d63791da5dc031d34dd4ed0c9f9deba1020d74:scripts/defense_extension_real/run_defense_multiseed_real.py + configs/benchmark/sci_defense_extension_real.yaml,4dfa19887241ccdac838979e7404f19c19dba21f721b4993af03b004b72fc4fb,"{""batch_size"": 0, ""dlg_l1_epochs"": null, ""epochs"": 50, ""feature_scaling"": ""train-set mean/std after log1p on columns max>10"", ""hyperparameter_defaults"": ""model constructor defaults in historical source snapshot"", ""model_constructor"": ""run_defense_multiseed_real.instantiate_detector/GADNR"", ""scores"": ""detector.decision_score_"", ""seed"": 42, ""split"": ""stratified_split_indices(y,seed,0.2,0.2)"", ""threshold"": ""validation best F1 among up to 201 score quantiles""}",73e81fe73a8876472452aab35f454683be14213de1b558c05a7dbcc3a59babe8,false,"Historical Git snapshot postdates raw metric file timestamps; the unique runner's record schema, 50 epochs, model/seed, test counts, and split support match the archived JSON. No run-bound source hash exists."
LANL-RedTeam,GADNR,43,bb472459-ee72-4c4e-928d-458bcd137928,lanl_real_json,outputs/benchmark/sci_defense_extension_real/benchmark/raw/LANL-RedTeam__GADNR__seed43.json,CONFIG_UNAMBIGUOUS_RECONSTRUCTION,f0d63791da5dc031d34dd4ed0c9f9deba1020d74:scripts/defense_extension_real/run_defense_multiseed_real.py + configs/benchmark/sci_defense_extension_real.yaml,4dfa19887241ccdac838979e7404f19c19dba21f721b4993af03b004b72fc4fb,"{""batch_size"": 0, ""dlg_l1_epochs"": null, ""epochs"": 50, ""feature_scaling"": ""train-set mean/std after log1p on columns max>10"", ""hyperparameter_defaults"": ""model constructor defaults in historical source snapshot"", ""model_constructor"": ""run_defense_multiseed_real.instantiate_detector/GADNR"", ""scores"": ""detector.decision_score_"", ""seed"": 43, ""split"": ""stratified_split_indices(y,seed,0.2,0.2)"", ""threshold"": ""validation best F1 among up to 201 score quantiles""}",54389a39753fab2e3983883a428106d29d2a7c074652a58fddb28bd7659d6e71,false,"Historical Git snapshot postdates raw metric file timestamps; the unique runner's record schema, 50 epochs, model/seed, test counts, and split support match the archived JSON. No run-bound source hash exists."
LANL-RedTeam,GADNR,44,07fa20fc-117b-47dd-98e5-ecf47cc7e8e2,lanl_real_json,outputs/benchmark/sci_defense_extension_real/benchmark/raw/LANL-RedTeam__GADNR__seed44.json,CONFIG_UNAMBIGUOUS_RECONSTRUCTION,f0d63791da5dc031d34dd4ed0c9f9deba1020d74:scripts/defense_extension_real/run_defense_multiseed_real.py + configs/benchmark/sci_defense_extension_real.yaml,4dfa19887241ccdac838979e7404f19c19dba21f721b4993af03b004b72fc4fb,"{""batch_size"": 0, ""dlg_l1_epochs"": null, ""epochs"": 50, ""feature_scaling"": ""train-set mean/std after log1p on columns max>10"", ""hyperparameter_defaults"": ""model constructor defaults in historical source snapshot"", ""model_constructor"": ""run_defense_multiseed_real.instantiate_detector/GADNR"", ""scores"": ""detector.decision_score_"", ""seed"": 44, ""split"": ""stratified_split_indices(y,seed,0.2,0.2)"", ""threshold"": ""validation best F1 among up to 201 score quantiles""}",581caed1f85c53b8df3cd3de6dc50af8e7901ed6a856d3e6ce9799d81c45ef3e,false,"Historical Git snapshot postdates raw metric file timestamps; the unique runner's record schema, 50 epochs, model/seed, test counts, and split support match the archived JSON. No run-bound source hash exists."
LANL-RedTeam,GADNR,45,ef8a610b-4322-4682-bcae-aa394b3bedca,lanl_real_json,outputs/benchmark/sci_defense_extension_real/benchmark/raw/LANL-RedTeam__GADNR__seed45.json,CONFIG_UNAMBIGUOUS_RECONSTRUCTION,f0d63791da5dc031d34dd4ed0c9f9deba1020d74:scripts/defense_extension_real/run_defense_multiseed_real.py + configs/benchmark/sci_defense_extension_real.yaml,4dfa19887241ccdac838979e7404f19c19dba21f721b4993af03b004b72fc4fb,"{""batch_size"": 0, ""dlg_l1_epochs"": null, ""epochs"": 50, ""feature_scaling"": ""train-set mean/std after log1p on columns max>10"", ""hyperparameter_defaults"": ""model constructor defaults in historical source snapshot"", ""model_constructor"": ""run_defense_multiseed_real.instantiate_detector/GADNR"", ""scores"": ""detector.decision_score_"", ""seed"": 45, ""split"": ""stratified_split_indices(y,seed,0.2,0.2)"", ""threshold"": ""validation best F1 among up to 201 score quantiles""}",2417c3fe6e82c6386d34329d8e697a5583343e0651931e85c1bba64d0fb1bdc9,false,"Historical Git snapshot postdates raw metric file timestamps; the unique runner's record schema, 50 epochs, model/seed, test counts, and split support match the archived JSON. No run-bound source hash exists."
LANL-RedTeam,GADNR,46,1f624705-eed9-4029-9e4d-b10b07a57252,lanl_real_json,outputs/benchmark/sci_defense_extension_real/benchmark/raw/LANL-RedTeam__GADNR__seed46.json,CONFIG_UNAMBIGUOUS_RECONSTRUCTION,f0d63791da5dc031d34dd4ed0c9f9deba1020d74:scripts/defense_extension_real/run_defense_multiseed_real.py + configs/benchmark/sci_defense_extension_real.yaml,4dfa19887241ccdac838979e7404f19c19dba21f721b4993af03b004b72fc4fb,"{""batch_size"": 0, ""dlg_l1_epochs"": null, ""epochs"": 50, ""feature_scaling"": ""train-set mean/std after log1p on columns max>10"", ""hyperparameter_defaults"": ""model constructor defaults in historical source snapshot"", ""model_constructor"": ""run_defense_multiseed_real.instantiate_detector/GADNR"", ""scores"": ""detector.decision_score_"", ""seed"": 46, ""split"": ""stratified_split_indices(y,seed,0.2,0.2)"", ""threshold"": ""validation best F1 among up to 201 score quantiles""}",f1415cbc224eb99672336ac9986619c216c90c412a135cc113ff8e7524cb9b72,false,"Historical Git snapshot postdates raw metric file timestamps; the unique runner's record schema, 50 epochs, model/seed, test counts, and split support match the archived JSON. No run-bound source hash exists."
LANL-RedTeam,OCGNN,42,7cc82588-daf2-4fe2-9095-6c9ffc94825e,lanl_real_json,outputs/benchmark/sci_defense_extension_real/benchmark/raw/LANL-RedTeam__OCGNN__seed42.json,CONFIG_UNAMBIGUOUS_RECONSTRUCTION,f0d63791da5dc031d34dd4ed0c9f9deba1020d74:scripts/defense_extension_real/run_defense_multiseed_real.py + configs/benchmark/sci_defense_extension_real.yaml,4dfa19887241ccdac838979e7404f19c19dba21f721b4993af03b004b72fc4fb,"{""batch_size"": 0, ""dlg_l1_epochs"": null, ""epochs"": 50, ""feature_scaling"": ""train-set mean/std after log1p on columns max>10"", ""hyperparameter_defaults"": ""model constructor defaults in historical source snapshot"", ""model_constructor"": ""run_defense_multiseed_real.instantiate_detector/OCGNN"", ""scores"": ""detector.decision_score_"", ""seed"": 42, ""split"": ""stratified_split_indices(y,seed,0.2,0.2)"", ""threshold"": ""validation best F1 among up to 201 score quantiles""}",de282cc813c2929b61eb2ef29ece12c9430b49657ff723023d34990474661dba,false,"Historical Git snapshot postdates raw metric file timestamps; the unique runner's record schema, 50 epochs, model/seed, test counts, and split support match the archived JSON. No run-bound source hash exists."
LANL-RedTeam,OCGNN,43,be89a3f7-ed5f-4ecd-9b18-96c8825ba728,lanl_real_json,outputs/benchmark/sci_defense_extension_real/benchmark/raw/LANL-RedTeam__OCGNN__seed43.json,CONFIG_UNAMBIGUOUS_RECONSTRUCTION,f0d63791da5dc031d34dd4ed0c9f9deba1020d74:scripts/defense_extension_real/run_defense_multiseed_real.py + configs/benchmark/sci_defense_extension_real.yaml,4dfa19887241ccdac838979e7404f19c19dba21f721b4993af03b004b72fc4fb,"{""batch_size"": 0, ""dlg_l1_epochs"": null, ""epochs"": 50, ""feature_scaling"": ""train-set mean/std after log1p on columns max>10"", ""hyperparameter_defaults"": ""model constructor defaults in historical source snapshot"", ""model_constructor"": ""run_defense_multiseed_real.instantiate_detector/OCGNN"", ""scores"": ""detector.decision_score_"", ""seed"": 43, ""split"": ""stratified_split_indices(y,seed,0.2,0.2)"", ""threshold"": ""validation best F1 among up to 201 score quantiles""}",e0d37a664aaa3c73ada0736462c04f4bd3d208c5198f078803f2ec6bb79c4087,false,"Historical Git snapshot postdates raw metric file timestamps; the unique runner's record schema, 50 epochs, model/seed, test counts, and split support match the archived JSON. No run-bound source hash exists."
LANL-RedTeam,OCGNN,44,ae628402-accc-4437-86c9-4909d7dc35c3,lanl_real_json,outputs/benchmark/sci_defense_extension_real/benchmark/raw/LANL-RedTeam__OCGNN__seed44.json,CONFIG_UNAMBIGUOUS_RECONSTRUCTION,f0d63791da5dc031d34dd4ed0c9f9deba1020d74:scripts/defense_extension_real/run_defense_multiseed_real.py + configs/benchmark/sci_defense_extension_real.yaml,4dfa19887241ccdac838979e7404f19c19dba21f721b4993af03b004b72fc4fb,"{""batch_size"": 0, ""dlg_l1_epochs"": null, ""epochs"": 50, ""feature_scaling"": ""train-set mean/std after log1p on columns max>10"", ""hyperparameter_defaults"": ""model constructor defaults in historical source snapshot"", ""model_constructor"": ""run_defense_multiseed_real.instantiate_detector/OCGNN"", ""scores"": ""detector.decision_score_"", ""seed"": 44, ""split"": ""stratified_split_indices(y,seed,0.2,0.2)"", ""threshold"": ""validation best F1 among up to 201 score quantiles""}",be3324c39cb632c2bf3cc896ed0f1838c71eb23e8ca9e0a0b8d598f18ab964bd,false,"Historical Git snapshot postdates raw metric file timestamps; the unique runner's record schema, 50 epochs, model/seed, test counts, and split support match the archived JSON. No run-bound source hash exists."
LANL-RedTeam,OCGNN,45,1bf8f0f8-a756-4a60-9dd6-3949c9f16929,lanl_real_json,outputs/benchmark/sci_defense_extension_real/benchmark/raw/LANL-RedTeam__OCGNN__seed45.json,CONFIG_UNAMBIGUOUS_RECONSTRUCTION,f0d63791da5dc031d34dd4ed0c9f9deba1020d74:scripts/defense_extension_real/run_defense_multiseed_real.py + configs/benchmark/sci_defense_extension_real.yaml,4dfa19887241ccdac838979e7404f19c19dba21f721b4993af03b004b72fc4fb,"{""batch_size"": 0, ""dlg_l1_epochs"": null, ""epochs"": 50, ""feature_scaling"": ""train-set mean/std after log1p on columns max>10"", ""hyperparameter_defaults"": ""model constructor defaults in historical source snapshot"", ""model_constructor"": ""run_defense_multiseed_real.instantiate_detector/OCGNN"", ""scores"": ""detector.decision_score_"", ""seed"": 45, ""split"": ""stratified_split_indices(y,seed,0.2,0.2)"", ""threshold"": ""validation best F1 among up to 201 score quantiles""}",bd7d1e99a500e6a675f0264a620ae1ed033fb7bbb4ac54de9344b7db47c91441,false,"Historical Git snapshot postdates raw metric file timestamps; the unique runner's record schema, 50 epochs, model/seed, test counts, and split support match the archived JSON. No run-bound source hash exists."
LANL-RedTeam,OCGNN,46,563bb62a-ec35-4314-87c2-a4e33e1f34d9,lanl_real_json,outputs/benchmark/sci_defense_extension_real/benchmark/raw/LANL-RedTeam__OCGNN__seed46.json,CONFIG_UNAMBIGUOUS_RECONSTRUCTION,f0d63791da5dc031d34dd4ed0c9f9deba1020d74:scripts/defense_extension_real/run_defense_multiseed_real.py + configs/benchmark/sci_defense_extension_real.yaml,4dfa19887241ccdac838979e7404f19c19dba21f721b4993af03b004b72fc4fb,"{""batch_size"": 0, ""dlg_l1_epochs"": null, ""epochs"": 50, ""feature_scaling"": ""train-set mean/std after log1p on columns max>10"", ""hyperparameter_defaults"": ""model constructor defaults in historical source snapshot"", ""model_constructor"": ""run_defense_multiseed_real.instantiate_detector/OCGNN"", ""scores"": ""detector.decision_score_"", ""seed"": 46, ""split"": ""stratified_split_indices(y,seed,0.2,0.2)"", ""threshold"": ""validation best F1 among up to 201 score quantiles""}",89554a549303a7a90fc64998d94fa14d989607c6fcfff26d6dce8f2e0a2f36b2,false,"Historical Git snapshot postdates raw metric file timestamps; the unique runner's record schema, 50 epochs, model/seed, test counts, and split support match the archived JSON. No run-bound source hash exists."
Polygon,AnomalyDAE,42,04b7ac76-dd7b-4f37-9109-89763fe3ab95,a03_json,outputs/benchmark/a03_production/raw/Polygon__AnomalyDAE__seed42__04b7ac76.json,CONFIG_UNAMBIGUOUS_RECONSTRUCTION,evaluation/benchmark/v2/scripts/a03_run_crypto_production.py,6dc5750056e32386f52b5cd4d015661ad960b0c3a3e732c1f4a1a2d65062c0ef,"{""batch_size"": 0, ""epochs"": 40, ""hyperparameter_defaults"": ""detector constructor defaults from A03 source environment"", ""model_constructor"": ""a03_run_crypto_production.train_and_eval_detector/AnomalyDAE"", ""scores"": ""detector.decision_function(data)"", ""seed"": 42, ""split"": ""numpy RandomState(seed) permutation, 60/20/20"", ""threshold"": ""validation prevalence percentile""}",8873cc100861d775819a02ab3c1cf7dc5632759d98d2f6530ede0c8546afa621,false,Original metric JSON has no run-bound source hash; runner source and recorded epoch/seed identify settings.
Polygon,AnomalyDAE,43,d1c9dd24-8f9f-48a3-9ef7-bf1b597f0d35,a03_json,outputs/benchmark/a03_production/raw/Polygon__AnomalyDAE__seed43__d1c9dd24.json,CONFIG_UNAMBIGUOUS_RECONSTRUCTION,evaluation/benchmark/v2/scripts/a03_run_crypto_production.py,6dc5750056e32386f52b5cd4d015661ad960b0c3a3e732c1f4a1a2d65062c0ef,"{""batch_size"": 0, ""epochs"": 40, ""hyperparameter_defaults"": ""detector constructor defaults from A03 source environment"", ""model_constructor"": ""a03_run_crypto_production.train_and_eval_detector/AnomalyDAE"", ""scores"": ""detector.decision_function(data)"", ""seed"": 43, ""split"": ""numpy RandomState(seed) permutation, 60/20/20"", ""threshold"": ""validation prevalence percentile""}",379629d16d417ab62034e5e999a08049f91c3620f2a03f55ffb05ad5977f680a,false,Original metric JSON has no run-bound source hash; runner source and recorded epoch/seed identify settings.
Polygon,AnomalyDAE,44,78e8e5ee-b1ee-4ef2-bcdf-098135f51044,a03_json,outputs/benchmark/a03_production/raw/Polygon__AnomalyDAE__seed44__78e8e5ee.json,CONFIG_UNAMBIGUOUS_RECONSTRUCTION,evaluation/benchmark/v2/scripts/a03_run_crypto_production.py,6dc5750056e32386f52b5cd4d015661ad960b0c3a3e732c1f4a1a2d65062c0ef,"{""batch_size"": 0, ""epochs"": 40, ""hyperparameter_defaults"": ""detector constructor defaults from A03 source environment"", ""model_constructor"": ""a03_run_crypto_production.train_and_eval_detector/AnomalyDAE"", ""scores"": ""detector.decision_function(data)"", ""seed"": 44, ""split"": ""numpy RandomState(seed) permutation, 60/20/20"", ""threshold"": ""validation prevalence percentile""}",80b838937998aa9aa7c60c9177731107810426762f08790ff2db241088c17499,false,Original metric JSON has no run-bound source hash; runner source and recorded epoch/seed identify settings.
Polygon,AnomalyDAE,45,106994f7-ff9b-47b9-bf8f-86aba27362d0,a03_json,outputs/benchmark/a03_production/raw/Polygon__AnomalyDAE__seed45__106994f7.json,CONFIG_UNAMBIGUOUS_RECONSTRUCTION,evaluation/benchmark/v2/scripts/a03_run_crypto_production.py,6dc5750056e32386f52b5cd4d015661ad960b0c3a3e732c1f4a1a2d65062c0ef,"{""batch_size"": 0, ""epochs"": 40, ""hyperparameter_defaults"": ""detector constructor defaults from A03 source environment"", ""model_constructor"": ""a03_run_crypto_production.train_and_eval_detector/AnomalyDAE"", ""scores"": ""detector.decision_function(data)"", ""seed"": 45, ""split"": ""numpy RandomState(seed) permutation, 60/20/20"", ""threshold"": ""validation prevalence percentile""}",6b01475ecdde208c3b1f1d47113485a6eadc4ff7096c8acc534829d187b0d5e7,false,Original metric JSON has no run-bound source hash; runner source and recorded epoch/seed identify settings.
Polygon,AnomalyDAE,46,263a4016-e7d6-4a0d-bed2-fe05d02ae36a,a03_json,outputs/benchmark/a03_production/raw/Polygon__AnomalyDAE__seed46__263a4016.json,CONFIG_UNAMBIGUOUS_RECONSTRUCTION,evaluation/benchmark/v2/scripts/a03_run_crypto_production.py,6dc5750056e32386f52b5cd4d015661ad960b0c3a3e732c1f4a1a2d65062c0ef,"{""batch_size"": 0, ""epochs"": 40, ""hyperparameter_defaults"": ""detector constructor defaults from A03 source environment"", ""model_constructor"": ""a03_run_crypto_production.train_and_eval_detector/AnomalyDAE"", ""scores"": ""detector.decision_function(data)"", ""seed"": 46, ""split"": ""numpy RandomState(seed) permutation, 60/20/20"", ""threshold"": ""validation prevalence percentile""}",724d629c5462cf7cec2a3e750e875f209ae70d69285d64fa970122fc0164d87d,false,Original metric JSON has no run-bound source hash; runner source and recorded epoch/seed identify settings.
Polygon,CoLA,42,4aabc93c-a676-4eba-a61f-9200a8331f54,a03_json,outputs/benchmark/a03_production/raw/Polygon__CoLA__seed42__4aabc93c.json,CONFIG_UNAMBIGUOUS_RECONSTRUCTION,evaluation/benchmark/v2/scripts/a03_run_crypto_production.py,6dc5750056e32386f52b5cd4d015661ad960b0c3a3e732c1f4a1a2d65062c0ef,"{""batch_size"": 32, ""epochs"": 40, ""hyperparameter_defaults"": ""detector constructor defaults from A03 source environment"", ""model_constructor"": ""a03_run_crypto_production.train_and_eval_detector/CoLA"", ""scores"": ""detector.decision_function(data)"", ""seed"": 42, ""split"": ""numpy RandomState(seed) permutation, 60/20/20"", ""threshold"": ""validation prevalence percentile""}",b34e510d83d4119feaa9dcd965fc3f563a7854685600251595b1c8eec18c438e,false,Original metric JSON has no run-bound source hash; runner source and recorded epoch/seed identify settings.
Polygon,CoLA,43,0bd2838e-ebc8-4273-9e9a-bce7b7f17206,a03_json,outputs/benchmark/a03_production/raw/Polygon__CoLA__seed43__0bd2838e.json,CONFIG_UNAMBIGUOUS_RECONSTRUCTION,evaluation/benchmark/v2/scripts/a03_run_crypto_production.py,6dc5750056e32386f52b5cd4d015661ad960b0c3a3e732c1f4a1a2d65062c0ef,"{""batch_size"": 32, ""epochs"": 40, ""hyperparameter_defaults"": ""detector constructor defaults from A03 source environment"", ""model_constructor"": ""a03_run_crypto_production.train_and_eval_detector/CoLA"", ""scores"": ""detector.decision_function(data)"", ""seed"": 43, ""split"": ""numpy RandomState(seed) permutation, 60/20/20"", ""threshold"": ""validation prevalence percentile""}",fcd563d619f6735fc0a10ccac40c5f7f0cd7210bc4f74a04cc6a5a86e42c6b86,false,Original metric JSON has no run-bound source hash; runner source and recorded epoch/seed identify settings.
Polygon,CoLA,44,dff36451-5a8b-43f2-b5d7-28522c02c3ee,a03_json,outputs/benchmark/a03_production/raw/Polygon__CoLA__seed44__dff36451.json,CONFIG_UNAMBIGUOUS_RECONSTRUCTION,evaluation/benchmark/v2/scripts/a03_run_crypto_production.py,6dc5750056e32386f52b5cd4d015661ad960b0c3a3e732c1f4a1a2d65062c0ef,"{""batch_size"": 32, ""epochs"": 40, ""hyperparameter_defaults"": ""detector constructor defaults from A03 source environment"", ""model_constructor"": ""a03_run_crypto_production.train_and_eval_detector/CoLA"", ""scores"": ""detector.decision_function(data)"", ""seed"": 44, ""split"": ""numpy RandomState(seed) permutation, 60/20/20"", ""threshold"": ""validation prevalence percentile""}",cca53f4d3241065e9e3f6453187ace9224dc6d29f31429cd1a74edaec75b695f,false,Original metric JSON has no run-bound source hash; runner source and recorded epoch/seed identify settings.
Polygon,CoLA,45,b424ece3-91cc-44e4-8e7f-ad7d21145a36,a03_json,outputs/benchmark/a03_production/raw/Polygon__CoLA__seed45__b424ece3.json,CONFIG_UNAMBIGUOUS_RECONSTRUCTION,evaluation/benchmark/v2/scripts/a03_run_crypto_production.py,6dc5750056e32386f52b5cd4d015661ad960b0c3a3e732c1f4a1a2d65062c0ef,"{""batch_size"": 32, ""epochs"": 40, ""hyperparameter_defaults"": ""detector constructor defaults from A03 source environment"", ""model_constructor"": ""a03_run_crypto_production.train_and_eval_detector/CoLA"", ""scores"": ""detector.decision_function(data)"", ""seed"": 45, ""split"": ""numpy RandomState(seed) permutation, 60/20/20"", ""threshold"": ""validation prevalence percentile""}",b2c12bf7fa0ab0a8dc49f3afacf4be094242965f720a1850c4cbed17352285c3,false,Original metric JSON has no run-bound source hash; runner source and recorded epoch/seed identify settings.
Polygon,CoLA,46,8ea170e7-0737-4658-b086-6270da0b5c5d,a03_json,outputs/benchmark/a03_production/raw/Polygon__CoLA__seed46__8ea170e7.json,CONFIG_UNAMBIGUOUS_RECONSTRUCTION,evaluation/benchmark/v2/scripts/a03_run_crypto_production.py,6dc5750056e32386f52b5cd4d015661ad960b0c3a3e732c1f4a1a2d65062c0ef,"{""batch_size"": 32, ""epochs"": 40, ""hyperparameter_defaults"": ""detector constructor defaults from A03 source environment"", ""model_constructor"": ""a03_run_crypto_production.train_and_eval_detector/CoLA"", ""scores"": ""detector.decision_function(data)"", ""seed"": 46, ""split"": ""numpy RandomState(seed) permutation, 60/20/20"", ""threshold"": ""validation prevalence percentile""}",25adf52f57cc4609e7f2d4f4f57ff59e3c7642fea1202521ed4f6039764f43cc,false,Original metric JSON has no run-bound source hash; runner source and recorded epoch/seed identify settings.
Polygon,DLG-Aug,42,b6adeaa6-68aa-5e29-b3a8-d1e6122372d8,a03_json,outputs/benchmark/a03_production/raw/Polygon__DLG-Aug__seed42__b6adeaa6.json,CONFIG_UNAMBIGUOUS_RECONSTRUCTION,evaluation/benchmark/v2/scripts/a03_rerun_crypto_dlg_aug.py,97508d2dcd994d6ebffe8949da7b248f82a5cc52371476fd36a7b0d0a1ac68b3,"{""batch_size"": 0, ""epochs"": 40, ""hyperparameter_defaults"": ""detector constructor defaults from A03 source environment"", ""model_constructor"": ""SharedDLGFull(l1_epochs=20)"", ""scores"": ""detector.decision_function(data)"", ""seed"": 42, ""split"": ""numpy RandomState(seed) permutation, 60/20/20"", ""threshold"": ""validation F1 grid of 40 quantiles, 80..99.5""}",6a969a4fec7046745f3751c3fca9055c5f475e6109244d6e1a80349bcfc01d82,false,Repaired DLG-Aug metric JSON has no run-bound source hash; deterministic UUID and output schema identify the repair runner.
Polygon,DLG-Aug,43,498db656-ee3a-5cf7-9d24-75c1c7c4e8f3,a03_json,outputs/benchmark/a03_production/raw/Polygon__DLG-Aug__seed43__498db656.json,CONFIG_UNAMBIGUOUS_RECONSTRUCTION,evaluation/benchmark/v2/scripts/a03_rerun_crypto_dlg_aug.py,97508d2dcd994d6ebffe8949da7b248f82a5cc52371476fd36a7b0d0a1ac68b3,"{""batch_size"": 0, ""epochs"": 40, ""hyperparameter_defaults"": ""detector constructor defaults from A03 source environment"", ""model_constructor"": ""SharedDLGFull(l1_epochs=20)"", ""scores"": ""detector.decision_function(data)"", ""seed"": 43, ""split"": ""numpy RandomState(seed) permutation, 60/20/20"", ""threshold"": ""validation F1 grid of 40 quantiles, 80..99.5""}",1e9f58309313645fa67e542c53a88b2c11619bd9330c87b6f670a5258b73a233,false,Repaired DLG-Aug metric JSON has no run-bound source hash; deterministic UUID and output schema identify the repair runner.
Polygon,DLG-Aug,44,9b52a96f-3c1b-51d1-8068-1b1bdb2d60d3,a03_json,outputs/benchmark/a03_production/raw/Polygon__DLG-Aug__seed44__9b52a96f.json,CONFIG_UNAMBIGUOUS_RECONSTRUCTION,evaluation/benchmark/v2/scripts/a03_rerun_crypto_dlg_aug.py,97508d2dcd994d6ebffe8949da7b248f82a5cc52371476fd36a7b0d0a1ac68b3,"{""batch_size"": 0, ""epochs"": 40, ""hyperparameter_defaults"": ""detector constructor defaults from A03 source environment"", ""model_constructor"": ""SharedDLGFull(l1_epochs=20)"", ""scores"": ""detector.decision_function(data)"", ""seed"": 44, ""split"": ""numpy RandomState(seed) permutation, 60/20/20"", ""threshold"": ""validation F1 grid of 40 quantiles, 80..99.5""}",bea67dda14657680f870e982b516048c0b1db06be9624c3f9082895c54e547b5,false,Repaired DLG-Aug metric JSON has no run-bound source hash; deterministic UUID and output schema identify the repair runner.
Polygon,DLG-Aug,45,2e17fa3f-5967-565c-8175-bb870ae281ad,a03_json,outputs/benchmark/a03_production/raw/Polygon__DLG-Aug__seed45__2e17fa3f.json,CONFIG_UNAMBIGUOUS_RECONSTRUCTION,evaluation/benchmark/v2/scripts/a03_rerun_crypto_dlg_aug.py,97508d2dcd994d6ebffe8949da7b248f82a5cc52371476fd36a7b0d0a1ac68b3,"{""batch_size"": 0, ""epochs"": 40, ""hyperparameter_defaults"": ""detector constructor defaults from A03 source environment"", ""model_constructor"": ""SharedDLGFull(l1_epochs=20)"", ""scores"": ""detector.decision_function(data)"", ""seed"": 45, ""split"": ""numpy RandomState(seed) permutation, 60/20/20"", ""threshold"": ""validation F1 grid of 40 quantiles, 80..99.5""}",4cf3f43367bb50fdc1f3a5a40f1683989b3b0a2946f1cf3f80b1d1f7195cc414,false,Repaired DLG-Aug metric JSON has no run-bound source hash; deterministic UUID and output schema identify the repair runner.
Polygon,DLG-Aug,46,8800369b-944e-5659-9760-057a3a2554d5,a03_json,outputs/benchmark/a03_production/raw/Polygon__DLG-Aug__seed46__8800369b.json,CONFIG_UNAMBIGUOUS_RECONSTRUCTION,evaluation/benchmark/v2/scripts/a03_rerun_crypto_dlg_aug.py,97508d2dcd994d6ebffe8949da7b248f82a5cc52371476fd36a7b0d0a1ac68b3,"{""batch_size"": 0, ""epochs"": 40, ""hyperparameter_defaults"": ""detector constructor defaults from A03 source environment"", ""model_constructor"": ""SharedDLGFull(l1_epochs=20)"", ""scores"": ""detector.decision_function(data)"", ""seed"": 46, ""split"": ""numpy RandomState(seed) permutation, 60/20/20"", ""threshold"": ""validation F1 grid of 40 quantiles, 80..99.5""}",33b46eefb313306501f6eab82e96fd473a911b0d92bf71a0d9fff9f85296595a,false,Repaired DLG-Aug metric JSON has no run-bound source hash; deterministic UUID and output schema identify the repair runner.
Polygon,DLG-Base,42,f931dbab-bf6c-45dc-bb00-bb4658ad9ce9,a03_json,outputs/benchmark/a03_production/raw/Polygon__DLG-Base__seed42__f931dbab.json,CONFIG_UNAMBIGUOUS_RECONSTRUCTION,evaluation/benchmark/v2/scripts/a03_run_crypto_production.py,6dc5750056e32386f52b5cd4d015661ad960b0c3a3e732c1f4a1a2d65062c0ef,"{""batch_size"": 0, ""epochs"": 40, ""hyperparameter_defaults"": ""detector constructor defaults from A03 source environment"", ""model_constructor"": ""a03_run_crypto_production.train_and_eval_detector/DLG-Base"", ""scores"": ""detector.decision_function(data)"", ""seed"": 42, ""split"": ""numpy RandomState(seed) permutation, 60/20/20"", ""threshold"": ""validation prevalence percentile""}",a42896ba80b9e5443b526c0372de5938800bfdb3d5d54cb5831c7eb47cdfc2a1,false,Original metric JSON has no run-bound source hash; runner source and recorded epoch/seed identify settings.
Polygon,DLG-Base,43,ee2a44c4-e46d-421b-992d-f4a499a3fcae,a03_json,outputs/benchmark/a03_production/raw/Polygon__DLG-Base__seed43__ee2a44c4.json,CONFIG_UNAMBIGUOUS_RECONSTRUCTION,evaluation/benchmark/v2/scripts/a03_run_crypto_production.py,6dc5750056e32386f52b5cd4d015661ad960b0c3a3e732c1f4a1a2d65062c0ef,"{""batch_size"": 0, ""epochs"": 40, ""hyperparameter_defaults"": ""detector constructor defaults from A03 source environment"", ""model_constructor"": ""a03_run_crypto_production.train_and_eval_detector/DLG-Base"", ""scores"": ""detector.decision_function(data)"", ""seed"": 43, ""split"": ""numpy RandomState(seed) permutation, 60/20/20"", ""threshold"": ""validation prevalence percentile""}",17b2c3a6fe79f854e6ce844cfa483ecb1c9b41238d0d152cfb0cd288cbcef380,false,Original metric JSON has no run-bound source hash; runner source and recorded epoch/seed identify settings.
Polygon,DLG-Base,44,8ba70d66-5fde-4e6c-aa17-e81c9611a81c,a03_json,outputs/benchmark/a03_production/raw/Polygon__DLG-Base__seed44__8ba70d66.json,CONFIG_UNAMBIGUOUS_RECONSTRUCTION,evaluation/benchmark/v2/scripts/a03_run_crypto_production.py,6dc5750056e32386f52b5cd4d015661ad960b0c3a3e732c1f4a1a2d65062c0ef,"{""batch_size"": 0, ""epochs"": 40, ""hyperparameter_defaults"": ""detector constructor defaults from A03 source environment"", ""model_constructor"": ""a03_run_crypto_production.train_and_eval_detector/DLG-Base"", ""scores"": ""detector.decision_function(data)"", ""seed"": 44, ""split"": ""numpy RandomState(seed) permutation, 60/20/20"", ""threshold"": ""validation prevalence percentile""}",89a965ccf713b23d1d825fbc898f2309298fa41552704226915bfaddf523af99,false,Original metric JSON has no run-bound source hash; runner source and recorded epoch/seed identify settings.
Polygon,DLG-Base,45,f06c19a1-e1b9-4ddd-8812-96767e9e35e6,a03_json,outputs/benchmark/a03_production/raw/Polygon__DLG-Base__seed45__f06c19a1.json,CONFIG_UNAMBIGUOUS_RECONSTRUCTION,evaluation/benchmark/v2/scripts/a03_run_crypto_production.py,6dc5750056e32386f52b5cd4d015661ad960b0c3a3e732c1f4a1a2d65062c0ef,"{""batch_size"": 0, ""epochs"": 40, ""hyperparameter_defaults"": ""detector constructor defaults from A03 source environment"", ""model_constructor"": ""a03_run_crypto_production.train_and_eval_detector/DLG-Base"", ""scores"": ""detector.decision_function(data)"", ""seed"": 45, ""split"": ""numpy RandomState(seed) permutation, 60/20/20"", ""threshold"": ""validation prevalence percentile""}",366db216ea43ca5f5ead510a734ed106e1dc3601449b22eb9b707e82cde3a3cf,false,Original metric JSON has no run-bound source hash; runner source and recorded epoch/seed identify settings.
Polygon,DLG-Base,46,bbc25b01-7076-4f47-b826-f5c2ed4f2c16,a03_json,outputs/benchmark/a03_production/raw/Polygon__DLG-Base__seed46__bbc25b01.json,CONFIG_UNAMBIGUOUS_RECONSTRUCTION,evaluation/benchmark/v2/scripts/a03_run_crypto_production.py,6dc5750056e32386f52b5cd4d015661ad960b0c3a3e732c1f4a1a2d65062c0ef,"{""batch_size"": 0, ""epochs"": 40, ""hyperparameter_defaults"": ""detector constructor defaults from A03 source environment"", ""model_constructor"": ""a03_run_crypto_production.train_and_eval_detector/DLG-Base"", ""scores"": ""detector.decision_function(data)"", ""seed"": 46, ""split"": ""numpy RandomState(seed) permutation, 60/20/20"", ""threshold"": ""validation prevalence percentile""}",448fe3e2c865672a80c6af1323f67a2c042eadb40c237e588a1c3304a3d821de,false,Original metric JSON has no run-bound source hash; runner source and recorded epoch/seed identify settings.
Polygon,DOMINANT,42,4e7d7db8-2320-4e13-ba31-d26f2662000d,a03_json,outputs/benchmark/a03_production/raw/Polygon__DOMINANT__seed42__4e7d7db8.json,CONFIG_UNAMBIGUOUS_RECONSTRUCTION,evaluation/benchmark/v2/scripts/a03_run_crypto_production.py,6dc5750056e32386f52b5cd4d015661ad960b0c3a3e732c1f4a1a2d65062c0ef,"{""batch_size"": 0, ""epochs"": 40, ""hyperparameter_defaults"": ""detector constructor defaults from A03 source environment"", ""model_constructor"": ""a03_run_crypto_production.train_and_eval_detector/DOMINANT"", ""scores"": ""detector.decision_function(data)"", ""seed"": 42, ""split"": ""numpy RandomState(seed) permutation, 60/20/20"", ""threshold"": ""validation prevalence percentile""}",484dc5d968003a5dfaa1b22f61df55ed891923e861be53da3462be1f1f7d334b,false,Original metric JSON has no run-bound source hash; runner source and recorded epoch/seed identify settings.
Polygon,DOMINANT,43,fbceb2bc-a6a0-4133-9ffd-f3be7c5ea286,a03_json,outputs/benchmark/a03_production/raw/Polygon__DOMINANT__seed43__fbceb2bc.json,CONFIG_UNAMBIGUOUS_RECONSTRUCTION,evaluation/benchmark/v2/scripts/a03_run_crypto_production.py,6dc5750056e32386f52b5cd4d015661ad960b0c3a3e732c1f4a1a2d65062c0ef,"{""batch_size"": 0, ""epochs"": 40, ""hyperparameter_defaults"": ""detector constructor defaults from A03 source environment"", ""model_constructor"": ""a03_run_crypto_production.train_and_eval_detector/DOMINANT"", ""scores"": ""detector.decision_function(data)"", ""seed"": 43, ""split"": ""numpy RandomState(seed) permutation, 60/20/20"", ""threshold"": ""validation prevalence percentile""}",8886e81d243cf2b417fe4c5876d44565917fa65494a3e17db3d2e2fbf3f96898,false,Original metric JSON has no run-bound source hash; runner source and recorded epoch/seed identify settings.
Polygon,DOMINANT,44,2ca0b415-b1fa-4901-ab6c-e67f81748e41,a03_json,outputs/benchmark/a03_production/raw/Polygon__DOMINANT__seed44__2ca0b415.json,CONFIG_UNAMBIGUOUS_RECONSTRUCTION,evaluation/benchmark/v2/scripts/a03_run_crypto_production.py,6dc5750056e32386f52b5cd4d015661ad960b0c3a3e732c1f4a1a2d65062c0ef,"{""batch_size"": 0, ""epochs"": 40, ""hyperparameter_defaults"": ""detector constructor defaults from A03 source environment"", ""model_constructor"": ""a03_run_crypto_production.train_and_eval_detector/DOMINANT"", ""scores"": ""detector.decision_function(data)"", ""seed"": 44, ""split"": ""numpy RandomState(seed) permutation, 60/20/20"", ""threshold"": ""validation prevalence percentile""}",0b50fd4ee88bba8f1f101b0112a023b313652fde496e18b320477cb9eadfb3a7,false,Original metric JSON has no run-bound source hash; runner source and recorded epoch/seed identify settings.
Polygon,DOMINANT,45,88ff79f1-1a3f-4d3d-965f-cdca1ba158ef,a03_json,outputs/benchmark/a03_production/raw/Polygon__DOMINANT__seed45__88ff79f1.json,CONFIG_UNAMBIGUOUS_RECONSTRUCTION,evaluation/benchmark/v2/scripts/a03_run_crypto_production.py,6dc5750056e32386f52b5cd4d015661ad960b0c3a3e732c1f4a1a2d65062c0ef,"{""batch_size"": 0, ""epochs"": 40, ""hyperparameter_defaults"": ""detector constructor defaults from A03 source environment"", ""model_constructor"": ""a03_run_crypto_production.train_and_eval_detector/DOMINANT"", ""scores"": ""detector.decision_function(data)"", ""seed"": 45, ""split"": ""numpy RandomState(seed) permutation, 60/20/20"", ""threshold"": ""validation prevalence percentile""}",cf3fd66d8cac36a1751f8be04352ab0205799a0a6b3b2fe113b1aba8c22c3856,false,Original metric JSON has no run-bound source hash; runner source and recorded epoch/seed identify settings.
Polygon,DOMINANT,46,b08f3101-aa80-4a7a-9f52-441a4144eeb7,a03_json,outputs/benchmark/a03_production/raw/Polygon__DOMINANT__seed46__b08f3101.json,CONFIG_UNAMBIGUOUS_RECONSTRUCTION,evaluation/benchmark/v2/scripts/a03_run_crypto_production.py,6dc5750056e32386f52b5cd4d015661ad960b0c3a3e732c1f4a1a2d65062c0ef,"{""batch_size"": 0, ""epochs"": 40, ""hyperparameter_defaults"": ""detector constructor defaults from A03 source environment"", ""model_constructor"": ""a03_run_crypto_production.train_and_eval_detector/DOMINANT"", ""scores"": ""detector.decision_function(data)"", ""seed"": 46, ""split"": ""numpy RandomState(seed) permutation, 60/20/20"", ""threshold"": ""validation prevalence percentile""}",e6f26be32c85d0858b59608576aa88a6e56e499fc78918dfaafd16e92506c726,false,Original metric JSON has no run-bound source hash; runner source and recorded epoch/seed identify settings.
Polygon,OCGNN,42,fee426b8-f198-4f37-84fe-21f569c599ae,a03_json,outputs/benchmark/a03_production/raw/Polygon__OCGNN__seed42__fee426b8.json,CONFIG_UNAMBIGUOUS_RECONSTRUCTION,evaluation/benchmark/v2/scripts/a03_run_crypto_production.py,6dc5750056e32386f52b5cd4d015661ad960b0c3a3e732c1f4a1a2d65062c0ef,"{""batch_size"": 32, ""epochs"": 40, ""hyperparameter_defaults"": ""detector constructor defaults from A03 source environment"", ""model_constructor"": ""a03_run_crypto_production.train_and_eval_detector/OCGNN"", ""scores"": ""detector.decision_function(data)"", ""seed"": 42, ""split"": ""numpy RandomState(seed) permutation, 60/20/20"", ""threshold"": ""validation prevalence percentile""}",25a50cafc9de7c12518467ba3243a428672b9c7b48b3246b66b1f7850a5e03f3,false,Original metric JSON has no run-bound source hash; runner source and recorded epoch/seed identify settings.
Polygon,OCGNN,43,1bc8e0ba-a03c-4794-9b57-4503800d719a,a03_json,outputs/benchmark/a03_production/raw/Polygon__OCGNN__seed43__1bc8e0ba.json,CONFIG_UNAMBIGUOUS_RECONSTRUCTION,evaluation/benchmark/v2/scripts/a03_run_crypto_production.py,6dc5750056e32386f52b5cd4d015661ad960b0c3a3e732c1f4a1a2d65062c0ef,"{""batch_size"": 32, ""epochs"": 40, ""hyperparameter_defaults"": ""detector constructor defaults from A03 source environment"", ""model_constructor"": ""a03_run_crypto_production.train_and_eval_detector/OCGNN"", ""scores"": ""detector.decision_function(data)"", ""seed"": 43, ""split"": ""numpy RandomState(seed) permutation, 60/20/20"", ""threshold"": ""validation prevalence percentile""}",e177f76fda26fca7c84947f18d1ebd95dec08dbaca01f1e9d620829cee8a9352,false,Original metric JSON has no run-bound source hash; runner source and recorded epoch/seed identify settings.
Polygon,OCGNN,44,3fc36fcb-aeed-411f-9414-9cfad7d00694,a03_json,outputs/benchmark/a03_production/raw/Polygon__OCGNN__seed44__3fc36fcb.json,CONFIG_UNAMBIGUOUS_RECONSTRUCTION,evaluation/benchmark/v2/scripts/a03_run_crypto_production.py,6dc5750056e32386f52b5cd4d015661ad960b0c3a3e732c1f4a1a2d65062c0ef,"{""batch_size"": 32, ""epochs"": 40, ""hyperparameter_defaults"": ""detector constructor defaults from A03 source environment"", ""model_constructor"": ""a03_run_crypto_production.train_and_eval_detector/OCGNN"", ""scores"": ""detector.decision_function(data)"", ""seed"": 44, ""split"": ""numpy RandomState(seed) permutation, 60/20/20"", ""threshold"": ""validation prevalence percentile""}",4166f778d824e948258cd71fe21318ae15468162e041c50f80a4ec969f99ef2b,false,Original metric JSON has no run-bound source hash; runner source and recorded epoch/seed identify settings.
Polygon,OCGNN,45,0bc4d9d0-7055-4eae-ac02-9de34a3a5032,a03_json,outputs/benchmark/a03_production/raw/Polygon__OCGNN__seed45__0bc4d9d0.json,CONFIG_UNAMBIGUOUS_RECONSTRUCTION,evaluation/benchmark/v2/scripts/a03_run_crypto_production.py,6dc5750056e32386f52b5cd4d015661ad960b0c3a3e732c1f4a1a2d65062c0ef,"{""batch_size"": 32, ""epochs"": 40, ""hyperparameter_defaults"": ""detector constructor defaults from A03 source environment"", ""model_constructor"": ""a03_run_crypto_production.train_and_eval_detector/OCGNN"", ""scores"": ""detector.decision_function(data)"", ""seed"": 45, ""split"": ""numpy RandomState(seed) permutation, 60/20/20"", ""threshold"": ""validation prevalence percentile""}",e49a6d412fc4287ac54077f922e871d5901d697c00cce9842745440df72ffcd3,false,Original metric JSON has no run-bound source hash; runner source and recorded epoch/seed identify settings.
Polygon,OCGNN,46,134423ef-dcc7-49d1-8455-945fb82b9859,a03_json,outputs/benchmark/a03_production/raw/Polygon__OCGNN__seed46__134423ef.json,CONFIG_UNAMBIGUOUS_RECONSTRUCTION,evaluation/benchmark/v2/scripts/a03_run_crypto_production.py,6dc5750056e32386f52b5cd4d015661ad960b0c3a3e732c1f4a1a2d65062c0ef,"{""batch_size"": 32, ""epochs"": 40, ""hyperparameter_defaults"": ""detector constructor defaults from A03 source environment"", ""model_constructor"": ""a03_run_crypto_production.train_and_eval_detector/OCGNN"", ""scores"": ""detector.decision_function(data)"", ""seed"": 46, ""split"": ""numpy RandomState(seed) permutation, 60/20/20"", ""threshold"": ""validation prevalence percentile""}",4e380073d307d878af39f2285af3a06f7e0c9279402b6ec0b289ff1f94e2b269,false,Original metric JSON has no run-bound source hash; runner source and recorded epoch/seed identify settings.
