dataset,model,metric,mean,std_population,run_ids,metric_json_sha256s
Elliptic,DOMINANT,pr_auc,0.06817041207063056,0.0035923696523269674,b10f80dd-99d3-443b-af20-35f098a3a1a5;6226f756-3ff2-4760-bb58-bfbb9dc50489;3a8b1001-473d-4ca6-a745-0efd673b0fc5;8fb42dbe-29e7-4514-98e6-a5988f97f369;7b4b0ea3-806f-4ece-9b1c-f59ecd369017,a3559078b988e6a54170ecb1224d6b7ab7bd5873f6ecd62df0261e9cab318b2d;b62733411cc38074ae2cc2f85470a77650d0dd66e7f11507b0079e07fce6dce3;eb76aa83a3b60a38f71fda4801ca907d276058064cab57496250864e91e9f96e;4ba6c9a6237af02d0a22d4010b39f5b789f2b985014bffb9c6133924d661f86f;5ba1d17e252e4aa9323e49e5346ad2340f331876ead5207570b45b4dfa3d2aae
Elliptic,DOMINANT,roc_auc,0.34319194245342177,0.03665256753174212,b10f80dd-99d3-443b-af20-35f098a3a1a5;6226f756-3ff2-4760-bb58-bfbb9dc50489;3a8b1001-473d-4ca6-a745-0efd673b0fc5;8fb42dbe-29e7-4514-98e6-a5988f97f369;7b4b0ea3-806f-4ece-9b1c-f59ecd369017,a3559078b988e6a54170ecb1224d6b7ab7bd5873f6ecd62df0261e9cab318b2d;b62733411cc38074ae2cc2f85470a77650d0dd66e7f11507b0079e07fce6dce3;eb76aa83a3b60a38f71fda4801ca907d276058064cab57496250864e91e9f96e;4ba6c9a6237af02d0a22d4010b39f5b789f2b985014bffb9c6133924d661f86f;5ba1d17e252e4aa9323e49e5346ad2340f331876ead5207570b45b4dfa3d2aae
Elliptic,DOMINANT,validation_f1,0.18501941137907013,0.005382263376164069,b10f80dd-99d3-443b-af20-35f098a3a1a5;6226f756-3ff2-4760-bb58-bfbb9dc50489;3a8b1001-473d-4ca6-a745-0efd673b0fc5;8fb42dbe-29e7-4514-98e6-a5988f97f369;7b4b0ea3-806f-4ece-9b1c-f59ecd369017,a3559078b988e6a54170ecb1224d6b7ab7bd5873f6ecd62df0261e9cab318b2d;b62733411cc38074ae2cc2f85470a77650d0dd66e7f11507b0079e07fce6dce3;eb76aa83a3b60a38f71fda4801ca907d276058064cab57496250864e91e9f96e;4ba6c9a6237af02d0a22d4010b39f5b789f2b985014bffb9c6133924d661f86f;5ba1d17e252e4aa9323e49e5346ad2340f331876ead5207570b45b4dfa3d2aae
Elliptic,AnomalyDAE,pr_auc,0.05376733050077579,0.0018555307128314197,b493f53b-a256-4c4b-9f2d-50d7ba74d074;fbf63ea6-a49f-4e53-bf7e-664bb854cf36;3a36f218-57c7-4939-862a-7088129c93a6;e2af8377-b6ad-45f3-85ac-d6d17d993af9;728397ae-b072-4fc3-84aa-1a44a075504d,d7d9c724839ede82ad596d31d191067abc5af1db54a8af7c7730b7279528eb0d;3ec3c8be6eee62b4e40531d7a69ec49162480802703e9b5be4bfee2783c5267d;7278372ddc7705db9219e187595a10c0f59ce4da065016361e70ff5b93f2e170;dc4d759c924949b707131694c99eb05a411e110b5a4e907c2b320633c992cfd2;b6a164e569ee6ba98a74a76e55edc2d7418b65a292b8f24e98361068df3a5f37
Elliptic,AnomalyDAE,roc_auc,0.12955793030158658,0.02456135951551125,b493f53b-a256-4c4b-9f2d-50d7ba74d074;fbf63ea6-a49f-4e53-bf7e-664bb854cf36;3a36f218-57c7-4939-862a-7088129c93a6;e2af8377-b6ad-45f3-85ac-d6d17d993af9;728397ae-b072-4fc3-84aa-1a44a075504d,d7d9c724839ede82ad596d31d191067abc5af1db54a8af7c7730b7279528eb0d;3ec3c8be6eee62b4e40531d7a69ec49162480802703e9b5be4bfee2783c5267d;7278372ddc7705db9219e187595a10c0f59ce4da065016361e70ff5b93f2e170;dc4d759c924949b707131694c99eb05a411e110b5a4e907c2b320633c992cfd2;b6a164e569ee6ba98a74a76e55edc2d7418b65a292b8f24e98361068df3a5f37
Elliptic,AnomalyDAE,validation_f1,0.17781081901989626,7.84123041135168e-05,b493f53b-a256-4c4b-9f2d-50d7ba74d074;fbf63ea6-a49f-4e53-bf7e-664bb854cf36;3a36f218-57c7-4939-862a-7088129c93a6;e2af8377-b6ad-45f3-85ac-d6d17d993af9;728397ae-b072-4fc3-84aa-1a44a075504d,d7d9c724839ede82ad596d31d191067abc5af1db54a8af7c7730b7279528eb0d;3ec3c8be6eee62b4e40531d7a69ec49162480802703e9b5be4bfee2783c5267d;7278372ddc7705db9219e187595a10c0f59ce4da065016361e70ff5b93f2e170;dc4d759c924949b707131694c99eb05a411e110b5a4e907c2b320633c992cfd2;b6a164e569ee6ba98a74a76e55edc2d7418b65a292b8f24e98361068df3a5f37
Elliptic,CoLA,pr_auc,0.09465022403418281,0.0021084213811036617,345c74ad-5004-4e60-8071-66ffce98120d;2a68fc5c-ff7e-4403-a236-b2ef26b5f859;cd3dffd7-a596-4b1c-91f3-b09e54224211;ec06ecb8-8e45-4904-9571-2b55c66dbfce;c514801a-2635-41ad-8b30-9ef214f03c78,5b6a07fdb2d8910e4ebc83effe86d83f99496ecc2133acb1c563ab8e740f3db6;6f17fb7d1b279924745579ff810493c5e4552218b5faece6e1eb426fa65532f6;5859ec9d1cf2ddffe56764ad1cba1030b2041be395492a8ae9c7e50970012091;5d84bdddf482c45402f075284fb4ce83abe0aa4c3c3fc80c5555eba30ac6c5dd;8e06d2cede89a2ceabb707a29981e243f2b3a4214173def2c24ff477908106ce
Elliptic,CoLA,roc_auc,0.48776501469316424,0.008772895850048595,345c74ad-5004-4e60-8071-66ffce98120d;2a68fc5c-ff7e-4403-a236-b2ef26b5f859;cd3dffd7-a596-4b1c-91f3-b09e54224211;ec06ecb8-8e45-4904-9571-2b55c66dbfce;c514801a-2635-41ad-8b30-9ef214f03c78,5b6a07fdb2d8910e4ebc83effe86d83f99496ecc2133acb1c563ab8e740f3db6;6f17fb7d1b279924745579ff810493c5e4552218b5faece6e1eb426fa65532f6;5859ec9d1cf2ddffe56764ad1cba1030b2041be395492a8ae9c7e50970012091;5d84bdddf482c45402f075284fb4ce83abe0aa4c3c3fc80c5555eba30ac6c5dd;8e06d2cede89a2ceabb707a29981e243f2b3a4214173def2c24ff477908106ce
Elliptic,CoLA,validation_f1,0.17821566442290931,0.0002623688062430255,345c74ad-5004-4e60-8071-66ffce98120d;2a68fc5c-ff7e-4403-a236-b2ef26b5f859;cd3dffd7-a596-4b1c-91f3-b09e54224211;ec06ecb8-8e45-4904-9571-2b55c66dbfce;c514801a-2635-41ad-8b30-9ef214f03c78,5b6a07fdb2d8910e4ebc83effe86d83f99496ecc2133acb1c563ab8e740f3db6;6f17fb7d1b279924745579ff810493c5e4552218b5faece6e1eb426fa65532f6;5859ec9d1cf2ddffe56764ad1cba1030b2041be395492a8ae9c7e50970012091;5d84bdddf482c45402f075284fb4ce83abe0aa4c3c3fc80c5555eba30ac6c5dd;8e06d2cede89a2ceabb707a29981e243f2b3a4214173def2c24ff477908106ce
Elliptic,OCGNN,pr_auc,0.06666657363820841,0.004618471480860554,d60a566a-77dc-4ac2-82b5-496d9107ea53;ab399ee7-7bfb-424f-ade8-b0005a12a927;375acc0f-2ce2-4914-b78b-c4884fdf707d;990946ea-f4f4-4701-8777-ce5be29e0ef7;0b4f774f-3649-4137-b74e-cc5a71745074,031fb276169411f800f71c061adf65bf9a183c20f96f683d319488c6d683dd04;13316911161f65765b948eaebaa3a9b5030864eba29f3099369ef53c802885db;44f07d6153e5ae8a8d54c2347b6faae7e1f549cecf83be95bb2f81da3c734a3b;390748a69d7e0601244683ffb558e38154fcd1a93bff2eae2f08f19b310e193d;d8e16970cf95692bf59aaeba955b8ece37a83d41a3d8368f3c3a4f8f5279d701
Elliptic,OCGNN,roc_auc,0.3140422472716629,0.04663023070745314,d60a566a-77dc-4ac2-82b5-496d9107ea53;ab399ee7-7bfb-424f-ade8-b0005a12a927;375acc0f-2ce2-4914-b78b-c4884fdf707d;990946ea-f4f4-4701-8777-ce5be29e0ef7;0b4f774f-3649-4137-b74e-cc5a71745074,031fb276169411f800f71c061adf65bf9a183c20f96f683d319488c6d683dd04;13316911161f65765b948eaebaa3a9b5030864eba29f3099369ef53c802885db;44f07d6153e5ae8a8d54c2347b6faae7e1f549cecf83be95bb2f81da3c734a3b;390748a69d7e0601244683ffb558e38154fcd1a93bff2eae2f08f19b310e193d;d8e16970cf95692bf59aaeba955b8ece37a83d41a3d8368f3c3a4f8f5279d701
Elliptic,OCGNN,validation_f1,0.17959016176250953,0.0023096864954604457,d60a566a-77dc-4ac2-82b5-496d9107ea53;ab399ee7-7bfb-424f-ade8-b0005a12a927;375acc0f-2ce2-4914-b78b-c4884fdf707d;990946ea-f4f4-4701-8777-ce5be29e0ef7;0b4f774f-3649-4137-b74e-cc5a71745074,031fb276169411f800f71c061adf65bf9a183c20f96f683d319488c6d683dd04;13316911161f65765b948eaebaa3a9b5030864eba29f3099369ef53c802885db;44f07d6153e5ae8a8d54c2347b6faae7e1f549cecf83be95bb2f81da3c734a3b;390748a69d7e0601244683ffb558e38154fcd1a93bff2eae2f08f19b310e193d;d8e16970cf95692bf59aaeba955b8ece37a83d41a3d8368f3c3a4f8f5279d701
Elliptic,DLG-Base,pr_auc,0.0686545048220036,0.0022053389971201723,bbd00c84-2739-4081-8ab8-9ed4717cce3d;1da4235b-cfd3-4210-bba0-639baa3eadae;6a237752-6534-4eee-85b2-9a96604e07fe;300d2bcc-d886-4678-a5be-8d69bf027dd0;23939a22-8133-4288-a9f7-2ca896190625,f2fa9c3321cd9c7dbf0a5b75d364995ed4a924ae86fde416a6f34b889f8589a6;ffda7f60a710a88d078ba607ea6b04885f6710a9f1ff1fbcd83f7c7498ffac20;86cfb2a59d83728918725b885701785657f647da402614e703e6b81d162cc41e;41aa775565bb383a1c5a33c99800e58b3086baf08dc3d7d33cdcba085ab1bd64;467681ec0a47ee7d638770f5aef155869330349d89b0565bf922c5c373c6a241
Elliptic,DLG-Base,roc_auc,0.34995931548942366,0.02212301472323554,bbd00c84-2739-4081-8ab8-9ed4717cce3d;1da4235b-cfd3-4210-bba0-639baa3eadae;6a237752-6534-4eee-85b2-9a96604e07fe;300d2bcc-d886-4678-a5be-8d69bf027dd0;23939a22-8133-4288-a9f7-2ca896190625,f2fa9c3321cd9c7dbf0a5b75d364995ed4a924ae86fde416a6f34b889f8589a6;ffda7f60a710a88d078ba607ea6b04885f6710a9f1ff1fbcd83f7c7498ffac20;86cfb2a59d83728918725b885701785657f647da402614e703e6b81d162cc41e;41aa775565bb383a1c5a33c99800e58b3086baf08dc3d7d33cdcba085ab1bd64;467681ec0a47ee7d638770f5aef155869330349d89b0565bf922c5c373c6a241
Elliptic,DLG-Base,validation_f1,0.18174490284441822,0.001562978685473262,bbd00c84-2739-4081-8ab8-9ed4717cce3d;1da4235b-cfd3-4210-bba0-639baa3eadae;6a237752-6534-4eee-85b2-9a96604e07fe;300d2bcc-d886-4678-a5be-8d69bf027dd0;23939a22-8133-4288-a9f7-2ca896190625,f2fa9c3321cd9c7dbf0a5b75d364995ed4a924ae86fde416a6f34b889f8589a6;ffda7f60a710a88d078ba607ea6b04885f6710a9f1ff1fbcd83f7c7498ffac20;86cfb2a59d83728918725b885701785657f647da402614e703e6b81d162cc41e;41aa775565bb383a1c5a33c99800e58b3086baf08dc3d7d33cdcba085ab1bd64;467681ec0a47ee7d638770f5aef155869330349d89b0565bf922c5c373c6a241
Elliptic,DLG-Aug,pr_auc,0.10365343819379537,0.00429463508361902,ffa8454a-4589-4661-b281-1a319163649b;babe5d3b-637c-49d8-a710-9aba478d08e2;9d5796dc-33e3-4747-95a6-3f68ec0b6676;7c50f388-aa94-47fb-87b7-1774b434e8d3;04a77f8a-ba5b-4012-b0c0-b97531dea84f,d5749526e8982c6e267a7f5e6bf040d9fad7b8b80769cb67fb106a7046815e72;fe0677eda77cdbd6a9743df9696d023b24e625d06447becf03c01d0912e70e10;864159481c70eb6ebdf576743e030e344fe3080e23e45cb4c8cc120d2a7f0747;1ab075a1963f4902fd8e9304932e9341c3a5d0e1b6ace1b2a15de0c1dce4a879;bf3c2ceea15eb58e74d134e567a81529bd94b50e0c841100b7d86880062eca03
Elliptic,DLG-Aug,roc_auc,0.570530094472471,0.022753510846510658,ffa8454a-4589-4661-b281-1a319163649b;babe5d3b-637c-49d8-a710-9aba478d08e2;9d5796dc-33e3-4747-95a6-3f68ec0b6676;7c50f388-aa94-47fb-87b7-1774b434e8d3;04a77f8a-ba5b-4012-b0c0-b97531dea84f,d5749526e8982c6e267a7f5e6bf040d9fad7b8b80769cb67fb106a7046815e72;fe0677eda77cdbd6a9743df9696d023b24e625d06447becf03c01d0912e70e10;864159481c70eb6ebdf576743e030e344fe3080e23e45cb4c8cc120d2a7f0747;1ab075a1963f4902fd8e9304932e9341c3a5d0e1b6ace1b2a15de0c1dce4a879;bf3c2ceea15eb58e74d134e567a81529bd94b50e0c841100b7d86880062eca03
Elliptic,DLG-Aug,validation_f1,0.2239361469670577,0.014659239858621605,ffa8454a-4589-4661-b281-1a319163649b;babe5d3b-637c-49d8-a710-9aba478d08e2;9d5796dc-33e3-4747-95a6-3f68ec0b6676;7c50f388-aa94-47fb-87b7-1774b434e8d3;04a77f8a-ba5b-4012-b0c0-b97531dea84f,d5749526e8982c6e267a7f5e6bf040d9fad7b8b80769cb67fb106a7046815e72;fe0677eda77cdbd6a9743df9696d023b24e625d06447becf03c01d0912e70e10;864159481c70eb6ebdf576743e030e344fe3080e23e45cb4c8cc120d2a7f0747;1ab075a1963f4902fd8e9304932e9341c3a5d0e1b6ace1b2a15de0c1dce4a879;bf3c2ceea15eb58e74d134e567a81529bd94b50e0c841100b7d86880062eca03
DGraphFin,DOMINANT,pr_auc,0.010232161067880515,0.00015467081789768554,38a9e66a-449d-4c5a-94a8-a1555c0dc50c;ccd3b4f0-164a-4da2-8ec5-40f1409a0aee;ed88fc86-d29d-446f-8e73-85b92b71d888;d73fa977-3307-4756-901d-5d6e1c126de2;0b8d5078-6b28-4c3a-bab7-471f5d854e5c,c82bece51408810f10ece856e0c81f70f952e4c739a67eed8aef25fd400e04f0;4baaf65c0297c402d39176bd2bc91e8f6d1629c969d6250b5cab6aba6712d8bb;7d7dafcce2e482b2d540cd6b51dca6826159012e6f3867a8cbbc9611641cada9;7365aed3e1c40c1f68d80ca67ceb71fe45d85b5f8d5c87c36dba12c6b3e96356;f445c76ce9a5db05892dfb8b2476d012460036b4e8f1222cd3a8063d3d77028d
DGraphFin,DOMINANT,roc_auc,0.40876355233018513,0.00488407810633016,38a9e66a-449d-4c5a-94a8-a1555c0dc50c;ccd3b4f0-164a-4da2-8ec5-40f1409a0aee;ed88fc86-d29d-446f-8e73-85b92b71d888;d73fa977-3307-4756-901d-5d6e1c126de2;0b8d5078-6b28-4c3a-bab7-471f5d854e5c,c82bece51408810f10ece856e0c81f70f952e4c739a67eed8aef25fd400e04f0;4baaf65c0297c402d39176bd2bc91e8f6d1629c969d6250b5cab6aba6712d8bb;7d7dafcce2e482b2d540cd6b51dca6826159012e6f3867a8cbbc9611641cada9;7365aed3e1c40c1f68d80ca67ceb71fe45d85b5f8d5c87c36dba12c6b3e96356;f445c76ce9a5db05892dfb8b2476d012460036b4e8f1222cd3a8063d3d77028d
DGraphFin,DOMINANT,validation_f1,0.02499310027231341,2.903956414297207e-05,38a9e66a-449d-4c5a-94a8-a1555c0dc50c;ccd3b4f0-164a-4da2-8ec5-40f1409a0aee;ed88fc86-d29d-446f-8e73-85b92b71d888;d73fa977-3307-4756-901d-5d6e1c126de2;0b8d5078-6b28-4c3a-bab7-471f5d854e5c,c82bece51408810f10ece856e0c81f70f952e4c739a67eed8aef25fd400e04f0;4baaf65c0297c402d39176bd2bc91e8f6d1629c969d6250b5cab6aba6712d8bb;7d7dafcce2e482b2d540cd6b51dca6826159012e6f3867a8cbbc9611641cada9;7365aed3e1c40c1f68d80ca67ceb71fe45d85b5f8d5c87c36dba12c6b3e96356;f445c76ce9a5db05892dfb8b2476d012460036b4e8f1222cd3a8063d3d77028d
DGraphFin,AnomalyDAE,pr_auc,0.011941393426693526,0.003119942511230144,A05-DGraphFin-AnomalyDAE-seed42;A05-DGraphFin-AnomalyDAE-seed43;A05-DGraphFin-AnomalyDAE-seed44;A05-DGraphFin-AnomalyDAE-seed45;A05-DGraphFin-AnomalyDAE-seed46,f9c741b8f0c5b205edbd92fdc98e3c154ed7eb5373796fe522162d2324125ecf;72f74e4f0d69436193cca24e9d9beb6754a0c3ce678f81518d005fe4cc5325c8;02cb4f6dd6e22781a7fc1f4c7cc3a0f309a1df8ac2bdd72d0aea1e2672907659;2754799c331b1aaf5910500517d2be2ba854eaec6a1d1bb38aaf245110323f63;1f3a476e91d7c9f7375a814e6919fe8f7d15d581a6e32dbcb68863bd1a016941
DGraphFin,AnomalyDAE,roc_auc,0.46911568570124956,0.09710734790568137,A05-DGraphFin-AnomalyDAE-seed42;A05-DGraphFin-AnomalyDAE-seed43;A05-DGraphFin-AnomalyDAE-seed44;A05-DGraphFin-AnomalyDAE-seed45;A05-DGraphFin-AnomalyDAE-seed46,f9c741b8f0c5b205edbd92fdc98e3c154ed7eb5373796fe522162d2324125ecf;72f74e4f0d69436193cca24e9d9beb6754a0c3ce678f81518d005fe4cc5325c8;02cb4f6dd6e22781a7fc1f4c7cc3a0f309a1df8ac2bdd72d0aea1e2672907659;2754799c331b1aaf5910500517d2be2ba854eaec6a1d1bb38aaf245110323f63;1f3a476e91d7c9f7375a814e6919fe8f7d15d581a6e32dbcb68863bd1a016941
DGraphFin,AnomalyDAE,validation_f1,0.02860364054190722,0.004709739735148367,A05-DGraphFin-AnomalyDAE-seed42;A05-DGraphFin-AnomalyDAE-seed43;A05-DGraphFin-AnomalyDAE-seed44;A05-DGraphFin-AnomalyDAE-seed45;A05-DGraphFin-AnomalyDAE-seed46,f9c741b8f0c5b205edbd92fdc98e3c154ed7eb5373796fe522162d2324125ecf;72f74e4f0d69436193cca24e9d9beb6754a0c3ce678f81518d005fe4cc5325c8;02cb4f6dd6e22781a7fc1f4c7cc3a0f309a1df8ac2bdd72d0aea1e2672907659;2754799c331b1aaf5910500517d2be2ba854eaec6a1d1bb38aaf245110323f63;1f3a476e91d7c9f7375a814e6919fe8f7d15d581a6e32dbcb68863bd1a016941
DGraphFin,CoLA,pr_auc,0.012676875778330904,0.0002921919542055879,31eca9a3-a9bd-44fd-a9e9-a983df330b08;e44785a8-d3d0-4b86-bd5a-bc7b355e9038;a2e28894-fcd2-47bc-ab61-e62c1e5d2ba8;591a0ae3-3c01-45a7-a33c-aaf29122ebc1;b6e2fe5c-42d3-46b5-9114-971a0ef18db2,02a55bdfaf9f9c8f30f893e165a8788d0624c64cd6b5d60eff04bf3a2a5b0fc0;6edeec1d982cbf990fd881ce0a0bd9344fef8be50801216ddbbe1f2841073856;eb16b538443d332714735996fad29ca6ea840958b05ccbd13fb5a3047bddb1a3;04bb3eac065c5fd95dc10fa741bfddd3fd7533655e217f8fd465219b5cf2e4df;a97123f967c0ad554ff97773065d6f17efc9231ea0223285cf1a09762eaa51bc
DGraphFin,CoLA,roc_auc,0.49936101373608366,0.008843385082110787,31eca9a3-a9bd-44fd-a9e9-a983df330b08;e44785a8-d3d0-4b86-bd5a-bc7b355e9038;a2e28894-fcd2-47bc-ab61-e62c1e5d2ba8;591a0ae3-3c01-45a7-a33c-aaf29122ebc1;b6e2fe5c-42d3-46b5-9114-971a0ef18db2,02a55bdfaf9f9c8f30f893e165a8788d0624c64cd6b5d60eff04bf3a2a5b0fc0;6edeec1d982cbf990fd881ce0a0bd9344fef8be50801216ddbbe1f2841073856;eb16b538443d332714735996fad29ca6ea840958b05ccbd13fb5a3047bddb1a3;04bb3eac065c5fd95dc10fa741bfddd3fd7533655e217f8fd465219b5cf2e4df;a97123f967c0ad554ff97773065d6f17efc9231ea0223285cf1a09762eaa51bc
DGraphFin,CoLA,validation_f1,0.0252748307966994,0.0005746487176618681,31eca9a3-a9bd-44fd-a9e9-a983df330b08;e44785a8-d3d0-4b86-bd5a-bc7b355e9038;a2e28894-fcd2-47bc-ab61-e62c1e5d2ba8;591a0ae3-3c01-45a7-a33c-aaf29122ebc1;b6e2fe5c-42d3-46b5-9114-971a0ef18db2,02a55bdfaf9f9c8f30f893e165a8788d0624c64cd6b5d60eff04bf3a2a5b0fc0;6edeec1d982cbf990fd881ce0a0bd9344fef8be50801216ddbbe1f2841073856;eb16b538443d332714735996fad29ca6ea840958b05ccbd13fb5a3047bddb1a3;04bb3eac065c5fd95dc10fa741bfddd3fd7533655e217f8fd465219b5cf2e4df;a97123f967c0ad554ff97773065d6f17efc9231ea0223285cf1a09762eaa51bc
DGraphFin,OCGNN,pr_auc,0.01257832427374055,0.0014864570651121965,9d6cfc8c-f6a7-4ee3-a44b-5c5bf480f011;e93376df-a501-496b-91bd-325dfb822cc1;dc748220-1d1f-40b0-abf0-297359e1f7d3;5b024914-10a4-42c1-b0f5-8ff6745cf7ce;77b3c388-4582-4f64-aaba-10e3d00a76ae,d7782b21601325ad152a905b5f9eacbae115b9ccd571018a4cc4ddaa356af7d2;48889a4fe5e15f083d1ba2db01fb94f35da1c05e3ed9fe8b3e0606210da88caa;7a93e4e06735e61105a4ba217ec7c4693cbf9277fa5be64ca3aa1c7d3448e66a;aa1f78ccf5e9e43d15d9b173839cf32fba207a60f3e6b5ccbbbf4475469de0e3;442dbd3902ebad6ec9aeec3592176841bf952a4be817b2c575aed730444848fe
DGraphFin,OCGNN,roc_auc,0.49505858391372515,0.048559342416693047,9d6cfc8c-f6a7-4ee3-a44b-5c5bf480f011;e93376df-a501-496b-91bd-325dfb822cc1;dc748220-1d1f-40b0-abf0-297359e1f7d3;5b024914-10a4-42c1-b0f5-8ff6745cf7ce;77b3c388-4582-4f64-aaba-10e3d00a76ae,d7782b21601325ad152a905b5f9eacbae115b9ccd571018a4cc4ddaa356af7d2;48889a4fe5e15f083d1ba2db01fb94f35da1c05e3ed9fe8b3e0606210da88caa;7a93e4e06735e61105a4ba217ec7c4693cbf9277fa5be64ca3aa1c7d3448e66a;aa1f78ccf5e9e43d15d9b173839cf32fba207a60f3e6b5ccbbbf4475469de0e3;442dbd3902ebad6ec9aeec3592176841bf952a4be817b2c575aed730444848fe
DGraphFin,OCGNN,validation_f1,0.02793724496262267,0.0033580026736700053,9d6cfc8c-f6a7-4ee3-a44b-5c5bf480f011;e93376df-a501-496b-91bd-325dfb822cc1;dc748220-1d1f-40b0-abf0-297359e1f7d3;5b024914-10a4-42c1-b0f5-8ff6745cf7ce;77b3c388-4582-4f64-aaba-10e3d00a76ae,d7782b21601325ad152a905b5f9eacbae115b9ccd571018a4cc4ddaa356af7d2;48889a4fe5e15f083d1ba2db01fb94f35da1c05e3ed9fe8b3e0606210da88caa;7a93e4e06735e61105a4ba217ec7c4693cbf9277fa5be64ca3aa1c7d3448e66a;aa1f78ccf5e9e43d15d9b173839cf32fba207a60f3e6b5ccbbbf4475469de0e3;442dbd3902ebad6ec9aeec3592176841bf952a4be817b2c575aed730444848fe
DGraphFin,DLG-Base,pr_auc,0.010089006987997539,0.0002099965017987194,17a2fd86-7aa8-4e6c-a7c0-d5290253d2d6;ccf71171-d661-4141-8c7b-69eabf6f44e7;8cf4598f-0178-4240-a07c-da7f6fac18a6;a25a5996-9994-42c5-9a40-5e5be4b539bd;b40a757e-c4d3-4030-a7ff-a0ce0e196e91,3dbd65fe74f667c69fe878838a34009d8803b261fe8996f9045a6d160991ff18;363eb4fba41e403c462812f6be2c1b35cd24b31f81fb0ad29d48766a853779cc;a71d27d78d25d9556c894fd857cf76e09dfe2ce5345452cecf0a56acc2396bda;96c9a60f2d6c64d3d8e3da4dcbfb074687d0e2a18b6344477d53221e60fc6a61;c58f3a02dda9de55f9cf8f7d7e0e54c87a96c4e0147e996034e15e12b5eae5e0
DGraphFin,DLG-Base,roc_auc,0.4091737417154618,0.008571190674706157,17a2fd86-7aa8-4e6c-a7c0-d5290253d2d6;ccf71171-d661-4141-8c7b-69eabf6f44e7;8cf4598f-0178-4240-a07c-da7f6fac18a6;a25a5996-9994-42c5-9a40-5e5be4b539bd;b40a757e-c4d3-4030-a7ff-a0ce0e196e91,3dbd65fe74f667c69fe878838a34009d8803b261fe8996f9045a6d160991ff18;363eb4fba41e403c462812f6be2c1b35cd24b31f81fb0ad29d48766a853779cc;a71d27d78d25d9556c894fd857cf76e09dfe2ce5345452cecf0a56acc2396bda;96c9a60f2d6c64d3d8e3da4dcbfb074687d0e2a18b6344477d53221e60fc6a61;c58f3a02dda9de55f9cf8f7d7e0e54c87a96c4e0147e996034e15e12b5eae5e0
DGraphFin,DLG-Base,validation_f1,0.025007983830343507,7.962131612577554e-06,17a2fd86-7aa8-4e6c-a7c0-d5290253d2d6;ccf71171-d661-4141-8c7b-69eabf6f44e7;8cf4598f-0178-4240-a07c-da7f6fac18a6;a25a5996-9994-42c5-9a40-5e5be4b539bd;b40a757e-c4d3-4030-a7ff-a0ce0e196e91,3dbd65fe74f667c69fe878838a34009d8803b261fe8996f9045a6d160991ff18;363eb4fba41e403c462812f6be2c1b35cd24b31f81fb0ad29d48766a853779cc;a71d27d78d25d9556c894fd857cf76e09dfe2ce5345452cecf0a56acc2396bda;96c9a60f2d6c64d3d8e3da4dcbfb074687d0e2a18b6344477d53221e60fc6a61;c58f3a02dda9de55f9cf8f7d7e0e54c87a96c4e0147e996034e15e12b5eae5e0
DGraphFin,DLG-Aug,pr_auc,0.013442444809743458,0.0016603443872558086,ba181a94-ffcc-4a4f-8699-0690eaaf4534;39d110da-6c81-40e1-a891-0e3150eaf9ec;5a001063-f303-4ff7-b4b6-10285124abb5;9b2087bc-e819-4ed1-b449-c4ada401e0e3;d7f99eff-a8a2-44c0-a1fa-fd79f79db9bd,5d44ae82b0bb10ecf08e1d79dfa65da3d0e96b6c6ebd8d1ffc192de9ecd58681;014a0728dfd67c8b3d5f0829507803543144df78db3fbd1aae2c7bcb83773681;00e42700a3cea63eb1e3b74fe97110910d2fd96900d45714065125a30c2f85ae;749f39b3d81a35accd46137594523cde20ad68b7d21509a9c9b203364fc6c128;d73cd0e671e7d6ad7b6c71d455a6ad2e47f22a9aa2de29ed5d1a09d04b5ad0d6
DGraphFin,DLG-Aug,roc_auc,0.5185481574862191,0.03643000344768049,ba181a94-ffcc-4a4f-8699-0690eaaf4534;39d110da-6c81-40e1-a891-0e3150eaf9ec;5a001063-f303-4ff7-b4b6-10285124abb5;9b2087bc-e819-4ed1-b449-c4ada401e0e3;d7f99eff-a8a2-44c0-a1fa-fd79f79db9bd,5d44ae82b0bb10ecf08e1d79dfa65da3d0e96b6c6ebd8d1ffc192de9ecd58681;014a0728dfd67c8b3d5f0829507803543144df78db3fbd1aae2c7bcb83773681;00e42700a3cea63eb1e3b74fe97110910d2fd96900d45714065125a30c2f85ae;749f39b3d81a35accd46137594523cde20ad68b7d21509a9c9b203364fc6c128;d73cd0e671e7d6ad7b6c71d455a6ad2e47f22a9aa2de29ed5d1a09d04b5ad0d6
DGraphFin,DLG-Aug,validation_f1,0.029561155350495635,0.005261821058506728,ba181a94-ffcc-4a4f-8699-0690eaaf4534;39d110da-6c81-40e1-a891-0e3150eaf9ec;5a001063-f303-4ff7-b4b6-10285124abb5;9b2087bc-e819-4ed1-b449-c4ada401e0e3;d7f99eff-a8a2-44c0-a1fa-fd79f79db9bd,5d44ae82b0bb10ecf08e1d79dfa65da3d0e96b6c6ebd8d1ffc192de9ecd58681;014a0728dfd67c8b3d5f0829507803543144df78db3fbd1aae2c7bcb83773681;00e42700a3cea63eb1e3b74fe97110910d2fd96900d45714065125a30c2f85ae;749f39b3d81a35accd46137594523cde20ad68b7d21509a9c9b203364fc6c128;d73cd0e671e7d6ad7b6c71d455a6ad2e47f22a9aa2de29ed5d1a09d04b5ad0d6
BitcoinOTC,DOMINANT,pr_auc,0.8810378363868284,0.026118734751240855,A05-BitcoinOTC-DOMINANT-seed42;A05-BitcoinOTC-DOMINANT-seed43;A05-BitcoinOTC-DOMINANT-seed44;A05-BitcoinOTC-DOMINANT-seed45;A05-BitcoinOTC-DOMINANT-seed46,43291f7e304e120b5aae03e4b68f61624287f66f520399c63afc0f4314d10e40;af4d1a33778f526204503faaf4fe3de948afd4636c5d90b10b5bb49639995b71;200fb729760386d96ee9920bc7aeec61a2c62635a6148d5e2990f7661f27779b;4c4ecae5a934dadcaa81d7458c0dc38a0ffddfb16928f88b852f13a43881c809;399689c89a91b242a23e74949c3764a6d8d7b4441282ce624b7c337b07dc1179
BitcoinOTC,DOMINANT,roc_auc,0.9882251973910058,0.007969993668225326,A05-BitcoinOTC-DOMINANT-seed42;A05-BitcoinOTC-DOMINANT-seed43;A05-BitcoinOTC-DOMINANT-seed44;A05-BitcoinOTC-DOMINANT-seed45;A05-BitcoinOTC-DOMINANT-seed46,43291f7e304e120b5aae03e4b68f61624287f66f520399c63afc0f4314d10e40;af4d1a33778f526204503faaf4fe3de948afd4636c5d90b10b5bb49639995b71;200fb729760386d96ee9920bc7aeec61a2c62635a6148d5e2990f7661f27779b;4c4ecae5a934dadcaa81d7458c0dc38a0ffddfb16928f88b852f13a43881c809;399689c89a91b242a23e74949c3764a6d8d7b4441282ce624b7c337b07dc1179
BitcoinOTC,DOMINANT,validation_f1,0.9329031461355324,0.005388798624306769,A05-BitcoinOTC-DOMINANT-seed42;A05-BitcoinOTC-DOMINANT-seed43;A05-BitcoinOTC-DOMINANT-seed44;A05-BitcoinOTC-DOMINANT-seed45;A05-BitcoinOTC-DOMINANT-seed46,43291f7e304e120b5aae03e4b68f61624287f66f520399c63afc0f4314d10e40;af4d1a33778f526204503faaf4fe3de948afd4636c5d90b10b5bb49639995b71;200fb729760386d96ee9920bc7aeec61a2c62635a6148d5e2990f7661f27779b;4c4ecae5a934dadcaa81d7458c0dc38a0ffddfb16928f88b852f13a43881c809;399689c89a91b242a23e74949c3764a6d8d7b4441282ce624b7c337b07dc1179
BitcoinOTC,AnomalyDAE,pr_auc,0.7947713962257209,0.017629064856487422,A05-BitcoinOTC-AnomalyDAE-seed42;A05-BitcoinOTC-AnomalyDAE-seed43;A05-BitcoinOTC-AnomalyDAE-seed44;A05-BitcoinOTC-AnomalyDAE-seed45;A05-BitcoinOTC-AnomalyDAE-seed46,fe4706b44d388282cf6e0d954c7559f3f463a6b39821243060ee0b8783444d83;22e53880c6b93fad7ecd52a3441031a8f854359c95ba6b1ffc276da65a570518;b03c696607de0b52e64f5c3282897931dcca7069a922736372a4003c19cf01ae;e78e244f97b511c121993dd5c862dae43e7a90c17401b86aa58347bdc513bee4;bc2946b576723ae2af4aa77de40d30369d34e1a5f3400c569e5a0bd328cc3f78
BitcoinOTC,AnomalyDAE,roc_auc,0.9670793759774192,0.021398178679167344,A05-BitcoinOTC-AnomalyDAE-seed42;A05-BitcoinOTC-AnomalyDAE-seed43;A05-BitcoinOTC-AnomalyDAE-seed44;A05-BitcoinOTC-AnomalyDAE-seed45;A05-BitcoinOTC-AnomalyDAE-seed46,fe4706b44d388282cf6e0d954c7559f3f463a6b39821243060ee0b8783444d83;22e53880c6b93fad7ecd52a3441031a8f854359c95ba6b1ffc276da65a570518;b03c696607de0b52e64f5c3282897931dcca7069a922736372a4003c19cf01ae;e78e244f97b511c121993dd5c862dae43e7a90c17401b86aa58347bdc513bee4;bc2946b576723ae2af4aa77de40d30369d34e1a5f3400c569e5a0bd328cc3f78
BitcoinOTC,AnomalyDAE,validation_f1,0.8385425039795634,0.03549529721649337,A05-BitcoinOTC-AnomalyDAE-seed42;A05-BitcoinOTC-AnomalyDAE-seed43;A05-BitcoinOTC-AnomalyDAE-seed44;A05-BitcoinOTC-AnomalyDAE-seed45;A05-BitcoinOTC-AnomalyDAE-seed46,fe4706b44d388282cf6e0d954c7559f3f463a6b39821243060ee0b8783444d83;22e53880c6b93fad7ecd52a3441031a8f854359c95ba6b1ffc276da65a570518;b03c696607de0b52e64f5c3282897931dcca7069a922736372a4003c19cf01ae;e78e244f97b511c121993dd5c862dae43e7a90c17401b86aa58347bdc513bee4;bc2946b576723ae2af4aa77de40d30369d34e1a5f3400c569e5a0bd328cc3f78
BitcoinOTC,CoLA,pr_auc,0.49360006470384576,0.035928518741110485,A05-BitcoinOTC-CoLA-seed42;A05-BitcoinOTC-CoLA-seed43;A05-BitcoinOTC-CoLA-seed44;A05-BitcoinOTC-CoLA-seed45;A05-BitcoinOTC-CoLA-seed46,323fdcea9462186b354f50045125a8e1990fd8211713825d2826777aa3b8a160;336aea41cd6ea8e33db27aff12f5f57d030bf0fd7c61de723a6d5cf7f889aa33;0fcc8600090c35a7b019efa8d850e1b4d9e9a5e6b8b22ffab4f201b2f52529ba;5307de5ac7f291bc7ad2ea435331b3c0cef3f6a66b92fb52f736d2869aa04f37;0e0c939fe1afa5bb5930ef94153b2604e808fe6c54e8f69c2d337efed45db249
BitcoinOTC,CoLA,roc_auc,0.8035335850783842,0.016945290361569033,A05-BitcoinOTC-CoLA-seed42;A05-BitcoinOTC-CoLA-seed43;A05-BitcoinOTC-CoLA-seed44;A05-BitcoinOTC-CoLA-seed45;A05-BitcoinOTC-CoLA-seed46,323fdcea9462186b354f50045125a8e1990fd8211713825d2826777aa3b8a160;336aea41cd6ea8e33db27aff12f5f57d030bf0fd7c61de723a6d5cf7f889aa33;0fcc8600090c35a7b019efa8d850e1b4d9e9a5e6b8b22ffab4f201b2f52529ba;5307de5ac7f291bc7ad2ea435331b3c0cef3f6a66b92fb52f736d2869aa04f37;0e0c939fe1afa5bb5930ef94153b2604e808fe6c54e8f69c2d337efed45db249
BitcoinOTC,CoLA,validation_f1,0.5399840513186536,0.02148864107291121,A05-BitcoinOTC-CoLA-seed42;A05-BitcoinOTC-CoLA-seed43;A05-BitcoinOTC-CoLA-seed44;A05-BitcoinOTC-CoLA-seed45;A05-BitcoinOTC-CoLA-seed46,323fdcea9462186b354f50045125a8e1990fd8211713825d2826777aa3b8a160;336aea41cd6ea8e33db27aff12f5f57d030bf0fd7c61de723a6d5cf7f889aa33;0fcc8600090c35a7b019efa8d850e1b4d9e9a5e6b8b22ffab4f201b2f52529ba;5307de5ac7f291bc7ad2ea435331b3c0cef3f6a66b92fb52f736d2869aa04f37;0e0c939fe1afa5bb5930ef94153b2604e808fe6c54e8f69c2d337efed45db249
BitcoinOTC,GADNR,pr_auc,0.8125155311752997,0.2296476108691917,A05-BitcoinOTC-GADNR-seed42;A05-BitcoinOTC-GADNR-seed43;A05-BitcoinOTC-GADNR-seed44;A05-BitcoinOTC-GADNR-seed45;A05-BitcoinOTC-GADNR-seed46,d99f94588c3c948edf32218b5046b9cb0fbe0757717f34554e677c08874a315e;98896df93d369310b2f07a3ec8248f2e7e6870f6bc4e2765b1ad9b54710322df;8ab2ed1642c41e20ab9911efe59f156633e02ddbd490c37a6a7f17879b52610c;079037c096a6499d126b52ee382368290199c879cd17f35825c239d064878498;5d600fbd28675f1bfbd397215479a776db02085da4aa1b32a7682d664a88f8ff
BitcoinOTC,GADNR,roc_auc,0.9237136209329825,0.13008700361389822,A05-BitcoinOTC-GADNR-seed42;A05-BitcoinOTC-GADNR-seed43;A05-BitcoinOTC-GADNR-seed44;A05-BitcoinOTC-GADNR-seed45;A05-BitcoinOTC-GADNR-seed46,d99f94588c3c948edf32218b5046b9cb0fbe0757717f34554e677c08874a315e;98896df93d369310b2f07a3ec8248f2e7e6870f6bc4e2765b1ad9b54710322df;8ab2ed1642c41e20ab9911efe59f156633e02ddbd490c37a6a7f17879b52610c;079037c096a6499d126b52ee382368290199c879cd17f35825c239d064878498;5d600fbd28675f1bfbd397215479a776db02085da4aa1b32a7682d664a88f8ff
BitcoinOTC,GADNR,validation_f1,0.867540913805565,0.2036042910194647,A05-BitcoinOTC-GADNR-seed42;A05-BitcoinOTC-GADNR-seed43;A05-BitcoinOTC-GADNR-seed44;A05-BitcoinOTC-GADNR-seed45;A05-BitcoinOTC-GADNR-seed46,d99f94588c3c948edf32218b5046b9cb0fbe0757717f34554e677c08874a315e;98896df93d369310b2f07a3ec8248f2e7e6870f6bc4e2765b1ad9b54710322df;8ab2ed1642c41e20ab9911efe59f156633e02ddbd490c37a6a7f17879b52610c;079037c096a6499d126b52ee382368290199c879cd17f35825c239d064878498;5d600fbd28675f1bfbd397215479a776db02085da4aa1b32a7682d664a88f8ff
BitcoinOTC,OCGNN,pr_auc,0.028981352852165902,0.00498515355901857,A05-BitcoinOTC-OCGNN-seed42;A05-BitcoinOTC-OCGNN-seed43;A05-BitcoinOTC-OCGNN-seed44;A05-BitcoinOTC-OCGNN-seed45;A05-BitcoinOTC-OCGNN-seed46,0cf56ff3bf29d3d5faa5d51b23aae7a1560cf3351d6f55e4d76715d6789b4938;c759e3befe608de54a2c60f2858455b25f231d3c0813fae113ca863ab19b16a0;96e41d8c5068bf3e347410fc4512869859dfd01c3d4895dad186bf80b4a8b086;d8b9d2d89898c4a7ad6cb4169543da22f0957c404bf3e46fb273f82f33852723;f4c02c379dd0ceb23a9c390bb848ab868361eece099f6801ebffc91e4d87d173
BitcoinOTC,OCGNN,roc_auc,0.49262539573559144,0.08382915784639848,A05-BitcoinOTC-OCGNN-seed42;A05-BitcoinOTC-OCGNN-seed43;A05-BitcoinOTC-OCGNN-seed44;A05-BitcoinOTC-OCGNN-seed45;A05-BitcoinOTC-OCGNN-seed46,0cf56ff3bf29d3d5faa5d51b23aae7a1560cf3351d6f55e4d76715d6789b4938;c759e3befe608de54a2c60f2858455b25f231d3c0813fae113ca863ab19b16a0;96e41d8c5068bf3e347410fc4512869859dfd01c3d4895dad186bf80b4a8b086;d8b9d2d89898c4a7ad6cb4169543da22f0957c404bf3e46fb273f82f33852723;f4c02c379dd0ceb23a9c390bb848ab868361eece099f6801ebffc91e4d87d173
BitcoinOTC,OCGNN,validation_f1,0.07880339821550841,0.010627418523235616,A05-BitcoinOTC-OCGNN-seed42;A05-BitcoinOTC-OCGNN-seed43;A05-BitcoinOTC-OCGNN-seed44;A05-BitcoinOTC-OCGNN-seed45;A05-BitcoinOTC-OCGNN-seed46,0cf56ff3bf29d3d5faa5d51b23aae7a1560cf3351d6f55e4d76715d6789b4938;c759e3befe608de54a2c60f2858455b25f231d3c0813fae113ca863ab19b16a0;96e41d8c5068bf3e347410fc4512869859dfd01c3d4895dad186bf80b4a8b086;d8b9d2d89898c4a7ad6cb4169543da22f0957c404bf3e46fb273f82f33852723;f4c02c379dd0ceb23a9c390bb848ab868361eece099f6801ebffc91e4d87d173
BitcoinOTC,DLG-Base,pr_auc,0.8274424025751423,0.01635963167690868,A05-BitcoinOTC-DLG-Base-seed42;A05-BitcoinOTC-DLG-Base-seed43;A05-BitcoinOTC-DLG-Base-seed44;A05-BitcoinOTC-DLG-Base-seed45;A05-BitcoinOTC-DLG-Base-seed46,dfad5b026198398901285386511d3e01d05d2f27ec6db0b6498347272d94b302;9a9e07ce9e6a121c1f7ee0915fcecac5b694dec24f670868d597d33b93e3523d;81a273b624c3d13f3aeddbf3e941d9b01d84f508e50bf957bfc55354eec041b5;2be9a34223444e801d9698cafbb9df93a9ce7cfa2be2d6b208f1a3a489cfb55e;2f5bc2642acb116aa5c53a0733b5355be54b164e0af8cd5e8f4b9a22d857017c
BitcoinOTC,DLG-Base,roc_auc,0.9873990159057101,0.005621309823378286,A05-BitcoinOTC-DLG-Base-seed42;A05-BitcoinOTC-DLG-Base-seed43;A05-BitcoinOTC-DLG-Base-seed44;A05-BitcoinOTC-DLG-Base-seed45;A05-BitcoinOTC-DLG-Base-seed46,dfad5b026198398901285386511d3e01d05d2f27ec6db0b6498347272d94b302;9a9e07ce9e6a121c1f7ee0915fcecac5b694dec24f670868d597d33b93e3523d;81a273b624c3d13f3aeddbf3e941d9b01d84f508e50bf957bfc55354eec041b5;2be9a34223444e801d9698cafbb9df93a9ce7cfa2be2d6b208f1a3a489cfb55e;2f5bc2642acb116aa5c53a0733b5355be54b164e0af8cd5e8f4b9a22d857017c
BitcoinOTC,DLG-Base,validation_f1,0.9255580957926669,0.0024561083961800742,A05-BitcoinOTC-DLG-Base-seed42;A05-BitcoinOTC-DLG-Base-seed43;A05-BitcoinOTC-DLG-Base-seed44;A05-BitcoinOTC-DLG-Base-seed45;A05-BitcoinOTC-DLG-Base-seed46,dfad5b026198398901285386511d3e01d05d2f27ec6db0b6498347272d94b302;9a9e07ce9e6a121c1f7ee0915fcecac5b694dec24f670868d597d33b93e3523d;81a273b624c3d13f3aeddbf3e941d9b01d84f508e50bf957bfc55354eec041b5;2be9a34223444e801d9698cafbb9df93a9ce7cfa2be2d6b208f1a3a489cfb55e;2f5bc2642acb116aa5c53a0733b5355be54b164e0af8cd5e8f4b9a22d857017c
BitcoinOTC,DLG-Aug,pr_auc,0.8211012475838334,0.01628509543405318,A05-BitcoinOTC-DLG-Aug-seed42;A05-BitcoinOTC-DLG-Aug-seed43;A05-BitcoinOTC-DLG-Aug-seed44;A05-BitcoinOTC-DLG-Aug-seed45;A05-BitcoinOTC-DLG-Aug-seed46,30ac4f1cc1447654d29728ac23a7d6d5949d95ac20a3000dfdc29707e77f08eb;1333e41e550aaf6e95daa3b7545cf9f8b89ea550b1f72d74698f5ea5da268b8b;1bb8dbf549c7798d543a1c0df7e328821d6289cc8b01873a6b723b2d3348f047;5939fddc295b9f3a633c116bceb03cf9f4b858365bd9efcec3b7bf8c040f252c;14c2316cf1eba44134193d313a9623970915080455c1caeb7a94c3e2a3698ff5
BitcoinOTC,DLG-Aug,roc_auc,0.9875119197467292,0.00711122787047561,A05-BitcoinOTC-DLG-Aug-seed42;A05-BitcoinOTC-DLG-Aug-seed43;A05-BitcoinOTC-DLG-Aug-seed44;A05-BitcoinOTC-DLG-Aug-seed45;A05-BitcoinOTC-DLG-Aug-seed46,30ac4f1cc1447654d29728ac23a7d6d5949d95ac20a3000dfdc29707e77f08eb;1333e41e550aaf6e95daa3b7545cf9f8b89ea550b1f72d74698f5ea5da268b8b;1bb8dbf549c7798d543a1c0df7e328821d6289cc8b01873a6b723b2d3348f047;5939fddc295b9f3a633c116bceb03cf9f4b858365bd9efcec3b7bf8c040f252c;14c2316cf1eba44134193d313a9623970915080455c1caeb7a94c3e2a3698ff5
BitcoinOTC,DLG-Aug,validation_f1,0.9260225966161342,0.007217840054547282,A05-BitcoinOTC-DLG-Aug-seed42;A05-BitcoinOTC-DLG-Aug-seed43;A05-BitcoinOTC-DLG-Aug-seed44;A05-BitcoinOTC-DLG-Aug-seed45;A05-BitcoinOTC-DLG-Aug-seed46,30ac4f1cc1447654d29728ac23a7d6d5949d95ac20a3000dfdc29707e77f08eb;1333e41e550aaf6e95daa3b7545cf9f8b89ea550b1f72d74698f5ea5da268b8b;1bb8dbf549c7798d543a1c0df7e328821d6289cc8b01873a6b723b2d3348f047;5939fddc295b9f3a633c116bceb03cf9f4b858365bd9efcec3b7bf8c040f252c;14c2316cf1eba44134193d313a9623970915080455c1caeb7a94c3e2a3698ff5
Ethereum,DOMINANT,pr_auc,0.9791743371007283,0.0038608013980966486,dea2f7dd-934d-45c4-b6e1-3063a3f262b9;85bdf5f9-2033-4ccc-997c-47b57e54ac64;81cda5ec-2463-427e-a968-3ef38cc8b07a;d8bdf161-4d58-4588-9c3a-2f3a7ec5a348;bc72f6c1-fef9-45a7-be8a-bda3265839a6,97a07b254b81e0ad57309f71cb13ed87a07fe7b0f8ed9b0dc1d95c94a7354748;c3e6b70d5cb96f5bb4c83b236ee1ed726d28811a0897f67256207a31a77004a2;1f3d9d71c203cef4747f6f6bda1ab3ea29cb50c69a2e69e7f189f80720ba31de;ced963dd7320590c173288fba12697dfcca7630d1892486922de76f66d705ccf;16905fc16d96ca7f7b77be1ec4644e8a26e1a191775818d78de733769df1a17b
Ethereum,DOMINANT,roc_auc,0.983117403317548,0.0027509313625868597,dea2f7dd-934d-45c4-b6e1-3063a3f262b9;85bdf5f9-2033-4ccc-997c-47b57e54ac64;81cda5ec-2463-427e-a968-3ef38cc8b07a;d8bdf161-4d58-4588-9c3a-2f3a7ec5a348;bc72f6c1-fef9-45a7-be8a-bda3265839a6,97a07b254b81e0ad57309f71cb13ed87a07fe7b0f8ed9b0dc1d95c94a7354748;c3e6b70d5cb96f5bb4c83b236ee1ed726d28811a0897f67256207a31a77004a2;1f3d9d71c203cef4747f6f6bda1ab3ea29cb50c69a2e69e7f189f80720ba31de;ced963dd7320590c173288fba12697dfcca7630d1892486922de76f66d705ccf;16905fc16d96ca7f7b77be1ec4644e8a26e1a191775818d78de733769df1a17b
Ethereum,DOMINANT,validation_f1,0.9753325734883441,0.0039830146657267584,dea2f7dd-934d-45c4-b6e1-3063a3f262b9;85bdf5f9-2033-4ccc-997c-47b57e54ac64;81cda5ec-2463-427e-a968-3ef38cc8b07a;d8bdf161-4d58-4588-9c3a-2f3a7ec5a348;bc72f6c1-fef9-45a7-be8a-bda3265839a6,97a07b254b81e0ad57309f71cb13ed87a07fe7b0f8ed9b0dc1d95c94a7354748;c3e6b70d5cb96f5bb4c83b236ee1ed726d28811a0897f67256207a31a77004a2;1f3d9d71c203cef4747f6f6bda1ab3ea29cb50c69a2e69e7f189f80720ba31de;ced963dd7320590c173288fba12697dfcca7630d1892486922de76f66d705ccf;16905fc16d96ca7f7b77be1ec4644e8a26e1a191775818d78de733769df1a17b
Ethereum,CoLA,pr_auc,0.5445195604961255,0.09625122387825276,189375b2-8ae4-4ced-88a0-1cf6fa900510;56720c1d-41ba-41d7-935f-541dacabbbfb;289b7ea2-8705-4ee3-b435-144911abbb08;5119156e-4854-4183-8c76-187ffc8af0ef;7e6adb98-d1ef-4c9b-8832-753a1b10bb11,1a8805e14214d4f9cebcc5d1468abe15e0a850bf09dd195fdf541ea2f98b45bb;181ce5820b1be1c9906d7059887026e9308e86773e91612f9ec89fb896bf674f;0b978a0dc915f1a5d0f21eb7a5307f1b6f86b93e1d4ac4dcddff0227a1d4229d;00b72c7891919011cb2977e22919e99f748cfe598ddee9158bb29f917e260cda;af8567031a94c0fa4e1a18fa7a1f1d6088dd993747e62e833a9d0b2e2cbe9e5b
Ethereum,CoLA,roc_auc,0.5143192716368881,0.11528968232650792,189375b2-8ae4-4ced-88a0-1cf6fa900510;56720c1d-41ba-41d7-935f-541dacabbbfb;289b7ea2-8705-4ee3-b435-144911abbb08;5119156e-4854-4183-8c76-187ffc8af0ef;7e6adb98-d1ef-4c9b-8832-753a1b10bb11,1a8805e14214d4f9cebcc5d1468abe15e0a850bf09dd195fdf541ea2f98b45bb;181ce5820b1be1c9906d7059887026e9308e86773e91612f9ec89fb896bf674f;0b978a0dc915f1a5d0f21eb7a5307f1b6f86b93e1d4ac4dcddff0227a1d4229d;00b72c7891919011cb2977e22919e99f748cfe598ddee9158bb29f917e260cda;af8567031a94c0fa4e1a18fa7a1f1d6088dd993747e62e833a9d0b2e2cbe9e5b
Ethereum,CoLA,validation_f1,0.41314561879612877,0.07623604090175352,189375b2-8ae4-4ced-88a0-1cf6fa900510;56720c1d-41ba-41d7-935f-541dacabbbfb;289b7ea2-8705-4ee3-b435-144911abbb08;5119156e-4854-4183-8c76-187ffc8af0ef;7e6adb98-d1ef-4c9b-8832-753a1b10bb11,1a8805e14214d4f9cebcc5d1468abe15e0a850bf09dd195fdf541ea2f98b45bb;181ce5820b1be1c9906d7059887026e9308e86773e91612f9ec89fb896bf674f;0b978a0dc915f1a5d0f21eb7a5307f1b6f86b93e1d4ac4dcddff0227a1d4229d;00b72c7891919011cb2977e22919e99f748cfe598ddee9158bb29f917e260cda;af8567031a94c0fa4e1a18fa7a1f1d6088dd993747e62e833a9d0b2e2cbe9e5b
Ethereum,OCGNN,pr_auc,0.2505793684778642,0.0047001904962844935,792ac9db-3192-4a07-9a8e-aea52d73b6da;352871cb-4f29-43b0-96cb-1f8f6b354864;cf73ac95-b21b-436f-b690-51fa08c2017f;ba9f2df6-b62b-43fa-8795-1298b401c0d6;783db7dc-b9fe-45c5-be17-ffce4beeb4aa,053c542b4bd3b99816a990d91bff512c51ce20f46bb3e04683b1227bf93e812d;c46bfc0f365d74286c805755b603be9a9f9986e3fafd1e93488b499511e5c907;bb1929eb2a924fbc842e383006d9fb08dca0cdb7694c86004a6daf4a128e601e;b91a7c00679a2b41bb3d422233d54cf5f94f6625d02ac3967a1edf48694b0c8c;2bf7f9d8042666de216cdf3f18d935acd57077eb0d23c82d664ecbaa4c94597c
Ethereum,OCGNN,roc_auc,0.024829295054758678,0.0024192196625238897,792ac9db-3192-4a07-9a8e-aea52d73b6da;352871cb-4f29-43b0-96cb-1f8f6b354864;cf73ac95-b21b-436f-b690-51fa08c2017f;ba9f2df6-b62b-43fa-8795-1298b401c0d6;783db7dc-b9fe-45c5-be17-ffce4beeb4aa,053c542b4bd3b99816a990d91bff512c51ce20f46bb3e04683b1227bf93e812d;c46bfc0f365d74286c805755b603be9a9f9986e3fafd1e93488b499511e5c907;bb1929eb2a924fbc842e383006d9fb08dca0cdb7694c86004a6daf4a128e601e;b91a7c00679a2b41bb3d422233d54cf5f94f6625d02ac3967a1edf48694b0c8c;2bf7f9d8042666de216cdf3f18d935acd57077eb0d23c82d664ecbaa4c94597c
Ethereum,OCGNN,validation_f1,0.02586167640128445,0.002212012561634212,792ac9db-3192-4a07-9a8e-aea52d73b6da;352871cb-4f29-43b0-96cb-1f8f6b354864;cf73ac95-b21b-436f-b690-51fa08c2017f;ba9f2df6-b62b-43fa-8795-1298b401c0d6;783db7dc-b9fe-45c5-be17-ffce4beeb4aa,053c542b4bd3b99816a990d91bff512c51ce20f46bb3e04683b1227bf93e812d;c46bfc0f365d74286c805755b603be9a9f9986e3fafd1e93488b499511e5c907;bb1929eb2a924fbc842e383006d9fb08dca0cdb7694c86004a6daf4a128e601e;b91a7c00679a2b41bb3d422233d54cf5f94f6625d02ac3967a1edf48694b0c8c;2bf7f9d8042666de216cdf3f18d935acd57077eb0d23c82d664ecbaa4c94597c
Ethereum,DLG-Base,pr_auc,0.9803114202302611,0.00448208697280761,5cb66f82-6917-4474-8d3b-7a6dfbaa9054;3f797c36-181b-4cc8-b2cb-e6e2d61250b7;d62c1482-4847-4cd9-8b94-c002e13dc99e;ef9fe246-d80f-4e89-ac15-9161b602c908;9fa60c3a-defb-4827-a4d6-960d444e0fa4,d0e9df4e2d7db9a4a3801872fceb98830e6176d87c276225497eec4add40ad4d;6d45860022f109a102cf2fa5069636fa14095f87709b839e5e9e776e58aee192;11eed7d71c7ba310cab0f4694ea13e19b96179c2b94d3d77ff8da658ce88fc08;9b7300d873273f393413b26c50db1b05f327f50c6f11b12a40d9814ef178d988;0504aa06c36368622fb79f98bd89001124ab48af5a9da94d1812a86bf54f64b4
Ethereum,DLG-Base,roc_auc,0.984144996401444,0.002926365088595867,5cb66f82-6917-4474-8d3b-7a6dfbaa9054;3f797c36-181b-4cc8-b2cb-e6e2d61250b7;d62c1482-4847-4cd9-8b94-c002e13dc99e;ef9fe246-d80f-4e89-ac15-9161b602c908;9fa60c3a-defb-4827-a4d6-960d444e0fa4,d0e9df4e2d7db9a4a3801872fceb98830e6176d87c276225497eec4add40ad4d;6d45860022f109a102cf2fa5069636fa14095f87709b839e5e9e776e58aee192;11eed7d71c7ba310cab0f4694ea13e19b96179c2b94d3d77ff8da658ce88fc08;9b7300d873273f393413b26c50db1b05f327f50c6f11b12a40d9814ef178d988;0504aa06c36368622fb79f98bd89001124ab48af5a9da94d1812a86bf54f64b4
Ethereum,DLG-Base,validation_f1,0.9755258351170117,0.005874360426778519,5cb66f82-6917-4474-8d3b-7a6dfbaa9054;3f797c36-181b-4cc8-b2cb-e6e2d61250b7;d62c1482-4847-4cd9-8b94-c002e13dc99e;ef9fe246-d80f-4e89-ac15-9161b602c908;9fa60c3a-defb-4827-a4d6-960d444e0fa4,d0e9df4e2d7db9a4a3801872fceb98830e6176d87c276225497eec4add40ad4d;6d45860022f109a102cf2fa5069636fa14095f87709b839e5e9e776e58aee192;11eed7d71c7ba310cab0f4694ea13e19b96179c2b94d3d77ff8da658ce88fc08;9b7300d873273f393413b26c50db1b05f327f50c6f11b12a40d9814ef178d988;0504aa06c36368622fb79f98bd89001124ab48af5a9da94d1812a86bf54f64b4
Ethereum,DLG-Aug,pr_auc,0.9788370000000001,0.004267132432910902,644b9456-ec7b-52b1-8cae-f84bfda1c621;5ab83338-745b-5a70-bb4d-b9cb333b5a0d;15a8d267-c805-592f-9417-db075a9692d7;d99fe791-fe88-5a89-9362-fa9921db8ae5;9845f06f-ae63-5120-98f3-78c15ef28e56,276fae13cc4c1f1338563d848a2a2afaa14071e74d4d154ef2ea3ff45b2ef805;9fc02045b3a7b9586a6d9799a635d5c56a1d01ee9f9a984996f1203283490811;98e074cb77bbe529e72a8e91869e92dc028c8e111c4cffdd3ad2810285fcdc16;77b604defcf899d2b562fff70fd074aa141b350690dc38d1c3af190e34df54a3;e3692de6691fbc345cf542a34d5824aace90063b8290f52296851c1ee1d5f161
Ethereum,DLG-Aug,roc_auc,0.9827284000000001,0.003609844462023269,644b9456-ec7b-52b1-8cae-f84bfda1c621;5ab83338-745b-5a70-bb4d-b9cb333b5a0d;15a8d267-c805-592f-9417-db075a9692d7;d99fe791-fe88-5a89-9362-fa9921db8ae5;9845f06f-ae63-5120-98f3-78c15ef28e56,276fae13cc4c1f1338563d848a2a2afaa14071e74d4d154ef2ea3ff45b2ef805;9fc02045b3a7b9586a6d9799a635d5c56a1d01ee9f9a984996f1203283490811;98e074cb77bbe529e72a8e91869e92dc028c8e111c4cffdd3ad2810285fcdc16;77b604defcf899d2b562fff70fd074aa141b350690dc38d1c3af190e34df54a3;e3692de6691fbc345cf542a34d5824aace90063b8290f52296851c1ee1d5f161
Ethereum,DLG-Aug,validation_f1,0.6505448,0.010449455189625895,644b9456-ec7b-52b1-8cae-f84bfda1c621;5ab83338-745b-5a70-bb4d-b9cb333b5a0d;15a8d267-c805-592f-9417-db075a9692d7;d99fe791-fe88-5a89-9362-fa9921db8ae5;9845f06f-ae63-5120-98f3-78c15ef28e56,276fae13cc4c1f1338563d848a2a2afaa14071e74d4d154ef2ea3ff45b2ef805;9fc02045b3a7b9586a6d9799a635d5c56a1d01ee9f9a984996f1203283490811;98e074cb77bbe529e72a8e91869e92dc028c8e111c4cffdd3ad2810285fcdc16;77b604defcf899d2b562fff70fd074aa141b350690dc38d1c3af190e34df54a3;e3692de6691fbc345cf542a34d5824aace90063b8290f52296851c1ee1d5f161
BSC,DOMINANT,pr_auc,0.5450894704189674,0.013121644233417235,002c55a2-8975-495c-bd9b-f982819c5391;46508348-5559-44d7-a662-450942ea2642;249412eb-d7fb-4612-bf3f-77b8541aefaf;38daedbc-a269-48be-981b-9208606894a6;a4455636-696b-474e-9a4e-d69666d1f5cc,ca7d893723644ec28b5f026017ad5f9e9ce1b6fea17871c11a13191507a38dbb;73cff9a54b74d6ac8a78433f76bf1e223a1a5fddf89096d079a4e94fd13f7960;6e4375b61239b5b440e7a6a1c2915f7738d259f1916f9a916bc09bb03a19f683;8e4be2c315184b208e2fd1c43a050faaed56487096254cbd2e134f3488ae0e2d;7539815fce2be102dde8d59d211b25bb946db84821d11cb077a2e0c63dc9b2b2
BSC,DOMINANT,roc_auc,0.703564850533929,0.02550974118547924,002c55a2-8975-495c-bd9b-f982819c5391;46508348-5559-44d7-a662-450942ea2642;249412eb-d7fb-4612-bf3f-77b8541aefaf;38daedbc-a269-48be-981b-9208606894a6;a4455636-696b-474e-9a4e-d69666d1f5cc,ca7d893723644ec28b5f026017ad5f9e9ce1b6fea17871c11a13191507a38dbb;73cff9a54b74d6ac8a78433f76bf1e223a1a5fddf89096d079a4e94fd13f7960;6e4375b61239b5b440e7a6a1c2915f7738d259f1916f9a916bc09bb03a19f683;8e4be2c315184b208e2fd1c43a050faaed56487096254cbd2e134f3488ae0e2d;7539815fce2be102dde8d59d211b25bb946db84821d11cb077a2e0c63dc9b2b2
BSC,DOMINANT,validation_f1,0.4983329990141576,0.008272907418393675,002c55a2-8975-495c-bd9b-f982819c5391;46508348-5559-44d7-a662-450942ea2642;249412eb-d7fb-4612-bf3f-77b8541aefaf;38daedbc-a269-48be-981b-9208606894a6;a4455636-696b-474e-9a4e-d69666d1f5cc,ca7d893723644ec28b5f026017ad5f9e9ce1b6fea17871c11a13191507a38dbb;73cff9a54b74d6ac8a78433f76bf1e223a1a5fddf89096d079a4e94fd13f7960;6e4375b61239b5b440e7a6a1c2915f7738d259f1916f9a916bc09bb03a19f683;8e4be2c315184b208e2fd1c43a050faaed56487096254cbd2e134f3488ae0e2d;7539815fce2be102dde8d59d211b25bb946db84821d11cb077a2e0c63dc9b2b2
BSC,AnomalyDAE,pr_auc,0.17385296679364587,0.015810379695842813,a0e34633-9fdc-4cc1-8478-bf9af8eef74d;ec7dfeba-bbd8-4a6a-b01b-29fc510b52eb;a1b23f51-79d4-44e2-880a-0c5399733876;892317b6-4615-41e8-a308-c47140f9bb3a;280c67af-fd2e-46ee-8b5e-8935840ac580,9c2a5a08e59ebc13d8dd29898b265eed03b00ffa013b6b8ae19111e42393d4f6;e8d7bcc680cfc26e76c518a4e81fd34ed2e4952f0607d742227694e30a07930a;ea85bebf4cd68e32bf8eda85d7429497f0f04f4997bce5d7edc286c386e5e063;5e411dd66c71331a5c6b36ca3112eb962039823aa0561fdd53642a4024f1606b;4f214b28565d33e525603c76e4d5fa9e7e0e75c264c6908632124af5f25b297d
BSC,AnomalyDAE,roc_auc,0.5078061193435559,0.038929855007044,a0e34633-9fdc-4cc1-8478-bf9af8eef74d;ec7dfeba-bbd8-4a6a-b01b-29fc510b52eb;a1b23f51-79d4-44e2-880a-0c5399733876;892317b6-4615-41e8-a308-c47140f9bb3a;280c67af-fd2e-46ee-8b5e-8935840ac580,9c2a5a08e59ebc13d8dd29898b265eed03b00ffa013b6b8ae19111e42393d4f6;e8d7bcc680cfc26e76c518a4e81fd34ed2e4952f0607d742227694e30a07930a;ea85bebf4cd68e32bf8eda85d7429497f0f04f4997bce5d7edc286c386e5e063;5e411dd66c71331a5c6b36ca3112eb962039823aa0561fdd53642a4024f1606b;4f214b28565d33e525603c76e4d5fa9e7e0e75c264c6908632124af5f25b297d
BSC,AnomalyDAE,validation_f1,0.1673791430840655,0.06763832509148932,a0e34633-9fdc-4cc1-8478-bf9af8eef74d;ec7dfeba-bbd8-4a6a-b01b-29fc510b52eb;a1b23f51-79d4-44e2-880a-0c5399733876;892317b6-4615-41e8-a308-c47140f9bb3a;280c67af-fd2e-46ee-8b5e-8935840ac580,9c2a5a08e59ebc13d8dd29898b265eed03b00ffa013b6b8ae19111e42393d4f6;e8d7bcc680cfc26e76c518a4e81fd34ed2e4952f0607d742227694e30a07930a;ea85bebf4cd68e32bf8eda85d7429497f0f04f4997bce5d7edc286c386e5e063;5e411dd66c71331a5c6b36ca3112eb962039823aa0561fdd53642a4024f1606b;4f214b28565d33e525603c76e4d5fa9e7e0e75c264c6908632124af5f25b297d
BSC,CoLA,pr_auc,0.1564353191187591,0.010752796546397606,7c579d4d-b855-44f0-8469-02128810419d;6ae02ba0-6108-4789-8e53-3851cc3286cc;6689e3c0-3991-48bf-8493-eb62c68e436b;bfac83bd-bc09-46cb-b080-8cc58896aa4b;9fc35208-0ed0-4ce5-bdbe-6e68732a7a76,b2b128651c4669b74476db562a3a865b8f9b2c2a0a2102c5b7f74c02b6d51b9e;622934c37b8ee8076cc8d0bfb1821dfd2bd29861fd1038e1fbc35bae49b02037;60acff444e46d2a28a94133c5f3806bc4010b0f126c38d6cbe59f216f6b4da99;7a51598acf8cee657f742f274a5d6637cec4f0df52c61112af94bd3ed8a758ab;c9916f17d9549c297f60116300773bde3a108945eaeda2adc8824ec83932db89
BSC,CoLA,roc_auc,0.5002075166396761,0.012455089054004007,7c579d4d-b855-44f0-8469-02128810419d;6ae02ba0-6108-4789-8e53-3851cc3286cc;6689e3c0-3991-48bf-8493-eb62c68e436b;bfac83bd-bc09-46cb-b080-8cc58896aa4b;9fc35208-0ed0-4ce5-bdbe-6e68732a7a76,b2b128651c4669b74476db562a3a865b8f9b2c2a0a2102c5b7f74c02b6d51b9e;622934c37b8ee8076cc8d0bfb1821dfd2bd29861fd1038e1fbc35bae49b02037;60acff444e46d2a28a94133c5f3806bc4010b0f126c38d6cbe59f216f6b4da99;7a51598acf8cee657f742f274a5d6637cec4f0df52c61112af94bd3ed8a758ab;c9916f17d9549c297f60116300773bde3a108945eaeda2adc8824ec83932db89
BSC,CoLA,validation_f1,0.25655590894735614,0.008163115605622327,7c579d4d-b855-44f0-8469-02128810419d;6ae02ba0-6108-4789-8e53-3851cc3286cc;6689e3c0-3991-48bf-8493-eb62c68e436b;bfac83bd-bc09-46cb-b080-8cc58896aa4b;9fc35208-0ed0-4ce5-bdbe-6e68732a7a76,b2b128651c4669b74476db562a3a865b8f9b2c2a0a2102c5b7f74c02b6d51b9e;622934c37b8ee8076cc8d0bfb1821dfd2bd29861fd1038e1fbc35bae49b02037;60acff444e46d2a28a94133c5f3806bc4010b0f126c38d6cbe59f216f6b4da99;7a51598acf8cee657f742f274a5d6637cec4f0df52c61112af94bd3ed8a758ab;c9916f17d9549c297f60116300773bde3a108945eaeda2adc8824ec83932db89
BSC,OCGNN,pr_auc,0.13959159153458428,0.006465048208231376,2d7e450e-7616-488d-a487-c86f451e7156;f7008b7e-cc22-4cdb-9e2d-698498e55a75;d68c66ec-bdb9-42ee-8914-efec9590281f;67a617c9-01b9-4c37-af49-3ec820b3dfde;5c2d9b4b-bf4e-4c88-b9c3-87463de7303e,febfd092ae21726e1b2fa2266ffb52f6919fcf436c347f6e0239af9c6ffc2066;15a7a0bac7d4201559febf2c2f57c90ed738e79c0ba7e66f3b14863ce7f46811;fcbebb734c7ae2111d2510ca02c987bc7b608038ee227aaf3252cbaaf0d03ce3;13d54f73942369e3bdd333601a5ca091c93614459e6ed79df52bb3a9c6bfe046;7b0b1e5a4b519b51e24f0d77b61ff995cb39d13cbc8aa8f0121ffb218c5ba499
BSC,OCGNN,roc_auc,0.43485121269707816,0.009441138593289999,2d7e450e-7616-488d-a487-c86f451e7156;f7008b7e-cc22-4cdb-9e2d-698498e55a75;d68c66ec-bdb9-42ee-8914-efec9590281f;67a617c9-01b9-4c37-af49-3ec820b3dfde;5c2d9b4b-bf4e-4c88-b9c3-87463de7303e,febfd092ae21726e1b2fa2266ffb52f6919fcf436c347f6e0239af9c6ffc2066;15a7a0bac7d4201559febf2c2f57c90ed738e79c0ba7e66f3b14863ce7f46811;fcbebb734c7ae2111d2510ca02c987bc7b608038ee227aaf3252cbaaf0d03ce3;13d54f73942369e3bdd333601a5ca091c93614459e6ed79df52bb3a9c6bfe046;7b0b1e5a4b519b51e24f0d77b61ff995cb39d13cbc8aa8f0121ffb218c5ba499
BSC,OCGNN,validation_f1,0.1558183018859404,0.015145161158820336,2d7e450e-7616-488d-a487-c86f451e7156;f7008b7e-cc22-4cdb-9e2d-698498e55a75;d68c66ec-bdb9-42ee-8914-efec9590281f;67a617c9-01b9-4c37-af49-3ec820b3dfde;5c2d9b4b-bf4e-4c88-b9c3-87463de7303e,febfd092ae21726e1b2fa2266ffb52f6919fcf436c347f6e0239af9c6ffc2066;15a7a0bac7d4201559febf2c2f57c90ed738e79c0ba7e66f3b14863ce7f46811;fcbebb734c7ae2111d2510ca02c987bc7b608038ee227aaf3252cbaaf0d03ce3;13d54f73942369e3bdd333601a5ca091c93614459e6ed79df52bb3a9c6bfe046;7b0b1e5a4b519b51e24f0d77b61ff995cb39d13cbc8aa8f0121ffb218c5ba499
BSC,DLG-Base,pr_auc,0.6161304344675702,0.1079450086007811,f3224cc7-9e18-4809-81ad-122edb180796;0a77258c-64de-46a4-a0c2-2b1d170c7eea;26f13cd4-0c66-42e7-8123-8c9c1d3d27e2;427b0edf-a82b-4650-92e4-768a569e7709;b8fe7a61-3b71-4dee-b51f-49e0378c814a,3471c7fa03fa1018f7caaa0d9d981dcc4b3633b5c492f2202b3709c82fea51b0;9034032c1aac01023f26692891f7057447ec87358e290aacfc0fc149e27df741;0800446f99e7a07516f00be632b8ee7a3a1359a36019b436348abae2f2ff278d;2ec554ec395744089a7b1e9dbba3b0e271be7cc57055cf5ea5e68be4ffee4950;e4877ebf35c27c9f9b9c9af465c26e6242fa803bc87cdc9b4e6f06f155ad297a
BSC,DLG-Base,roc_auc,0.7946829681880204,0.05448922477940587,f3224cc7-9e18-4809-81ad-122edb180796;0a77258c-64de-46a4-a0c2-2b1d170c7eea;26f13cd4-0c66-42e7-8123-8c9c1d3d27e2;427b0edf-a82b-4650-92e4-768a569e7709;b8fe7a61-3b71-4dee-b51f-49e0378c814a,3471c7fa03fa1018f7caaa0d9d981dcc4b3633b5c492f2202b3709c82fea51b0;9034032c1aac01023f26692891f7057447ec87358e290aacfc0fc149e27df741;0800446f99e7a07516f00be632b8ee7a3a1359a36019b436348abae2f2ff278d;2ec554ec395744089a7b1e9dbba3b0e271be7cc57055cf5ea5e68be4ffee4950;e4877ebf35c27c9f9b9c9af465c26e6242fa803bc87cdc9b4e6f06f155ad297a
BSC,DLG-Base,validation_f1,0.5627400948336524,0.11719240614167062,f3224cc7-9e18-4809-81ad-122edb180796;0a77258c-64de-46a4-a0c2-2b1d170c7eea;26f13cd4-0c66-42e7-8123-8c9c1d3d27e2;427b0edf-a82b-4650-92e4-768a569e7709;b8fe7a61-3b71-4dee-b51f-49e0378c814a,3471c7fa03fa1018f7caaa0d9d981dcc4b3633b5c492f2202b3709c82fea51b0;9034032c1aac01023f26692891f7057447ec87358e290aacfc0fc149e27df741;0800446f99e7a07516f00be632b8ee7a3a1359a36019b436348abae2f2ff278d;2ec554ec395744089a7b1e9dbba3b0e271be7cc57055cf5ea5e68be4ffee4950;e4877ebf35c27c9f9b9c9af465c26e6242fa803bc87cdc9b4e6f06f155ad297a
BSC,DLG-Aug,pr_auc,0.417877,0.018154198765024034,1b20f2a4-7d72-5326-8d97-f422e6cac052;0d47034f-54de-5032-a903-87071ddebb09;fc5bb929-081c-502a-bdfa-74a620401f62;29aefaad-85c6-50b7-9cd1-35c246bc30ee;2e5fd71e-79b5-5dec-b4e7-b2a413ee5ec0,8d4db7d57e023b752a1345ff9599898771e09ddbd358700913f33f1c57b29b30;a75bf2238b300d437c9e75a705081eae6097c83f6a2447df7dc781de586980b9;f38ccd48442d1942d489e5bfbbcff9d01849ba4e0f86d901bd43443f3994ef69;5eed8d9f9a0b3886901831121d5c015e2c8bedb0cdd5790b126e31a3702bd64b;51fbb52731b605fbb4aabc75a580449889298fed2fa04f5bfa3da1d5e4e5bb91
BSC,DLG-Aug,roc_auc,0.6960768,0.018190392699444415,1b20f2a4-7d72-5326-8d97-f422e6cac052;0d47034f-54de-5032-a903-87071ddebb09;fc5bb929-081c-502a-bdfa-74a620401f62;29aefaad-85c6-50b7-9cd1-35c246bc30ee;2e5fd71e-79b5-5dec-b4e7-b2a413ee5ec0,8d4db7d57e023b752a1345ff9599898771e09ddbd358700913f33f1c57b29b30;a75bf2238b300d437c9e75a705081eae6097c83f6a2447df7dc781de586980b9;f38ccd48442d1942d489e5bfbbcff9d01849ba4e0f86d901bd43443f3994ef69;5eed8d9f9a0b3886901831121d5c015e2c8bedb0cdd5790b126e31a3702bd64b;51fbb52731b605fbb4aabc75a580449889298fed2fa04f5bfa3da1d5e4e5bb91
BSC,DLG-Aug,validation_f1,0.3686524,0.032603090268255246,1b20f2a4-7d72-5326-8d97-f422e6cac052;0d47034f-54de-5032-a903-87071ddebb09;fc5bb929-081c-502a-bdfa-74a620401f62;29aefaad-85c6-50b7-9cd1-35c246bc30ee;2e5fd71e-79b5-5dec-b4e7-b2a413ee5ec0,8d4db7d57e023b752a1345ff9599898771e09ddbd358700913f33f1c57b29b30;a75bf2238b300d437c9e75a705081eae6097c83f6a2447df7dc781de586980b9;f38ccd48442d1942d489e5bfbbcff9d01849ba4e0f86d901bd43443f3994ef69;5eed8d9f9a0b3886901831121d5c015e2c8bedb0cdd5790b126e31a3702bd64b;51fbb52731b605fbb4aabc75a580449889298fed2fa04f5bfa3da1d5e4e5bb91
Polygon,DOMINANT,pr_auc,0.046459149897692356,0.007560945842247304,4e7d7db8-2320-4e13-ba31-d26f2662000d;fbceb2bc-a6a0-4133-9ffd-f3be7c5ea286;2ca0b415-b1fa-4901-ab6c-e67f81748e41;88ff79f1-1a3f-4d3d-965f-cdca1ba158ef;b08f3101-aa80-4a7a-9f52-441a4144eeb7,b6b0fdcf064204f742ca3329a6b353cb78a3db77a8eb117c82ccaf598fc771d5;d107b88ea7092b1ea0911889b40d249bb477f7918a9b865fa506e8ccaa059fdd;a15ba7ddb393a15e29d273f5581e2cb925f182acc6609f39b6d726c93c483960;81c95fee6c3fd3c4b04573441d4be38b1827f1189a01b6cb770be294f81e3ea0;3b2d2221216d1aef6054b66188d40261b4231d5e77e0533c58d788cde3c92a96
Polygon,DOMINANT,roc_auc,0.6665690526504359,0.0672732200819733,4e7d7db8-2320-4e13-ba31-d26f2662000d;fbceb2bc-a6a0-4133-9ffd-f3be7c5ea286;2ca0b415-b1fa-4901-ab6c-e67f81748e41;88ff79f1-1a3f-4d3d-965f-cdca1ba158ef;b08f3101-aa80-4a7a-9f52-441a4144eeb7,b6b0fdcf064204f742ca3329a6b353cb78a3db77a8eb117c82ccaf598fc771d5;d107b88ea7092b1ea0911889b40d249bb477f7918a9b865fa506e8ccaa059fdd;a15ba7ddb393a15e29d273f5581e2cb925f182acc6609f39b6d726c93c483960;81c95fee6c3fd3c4b04573441d4be38b1827f1189a01b6cb770be294f81e3ea0;3b2d2221216d1aef6054b66188d40261b4231d5e77e0533c58d788cde3c92a96
Polygon,DOMINANT,validation_f1,0.0,0.0,4e7d7db8-2320-4e13-ba31-d26f2662000d;fbceb2bc-a6a0-4133-9ffd-f3be7c5ea286;2ca0b415-b1fa-4901-ab6c-e67f81748e41;88ff79f1-1a3f-4d3d-965f-cdca1ba158ef;b08f3101-aa80-4a7a-9f52-441a4144eeb7,b6b0fdcf064204f742ca3329a6b353cb78a3db77a8eb117c82ccaf598fc771d5;d107b88ea7092b1ea0911889b40d249bb477f7918a9b865fa506e8ccaa059fdd;a15ba7ddb393a15e29d273f5581e2cb925f182acc6609f39b6d726c93c483960;81c95fee6c3fd3c4b04573441d4be38b1827f1189a01b6cb770be294f81e3ea0;3b2d2221216d1aef6054b66188d40261b4231d5e77e0533c58d788cde3c92a96
Polygon,AnomalyDAE,pr_auc,0.02688671665275668,0.005267503258437838,04b7ac76-dd7b-4f37-9109-89763fe3ab95;d1c9dd24-8f9f-48a3-9ef7-bf1b597f0d35;78e8e5ee-b1ee-4ef2-bcdf-098135f51044;106994f7-ff9b-47b9-bf8f-86aba27362d0;263a4016-e7d6-4a0d-bed2-fe05d02ae36a,af579ae5424e482b0891f6933baa239116830f262bda0268fac0006d2cdcf451;62f0da6fb3e7e1ac96c88046e7d6d723525023c985b6d287f822842106f978db;9bc195c36a5b58b1be0f64dbc69414bf9946d742589f6b9fa292b9be8c55fdbc;34943472c90236cb937f94ab291311e18c8aafeaf25353a5104e1ac4f9c7de8d;5514e1087befc87010d99c9bdf79d6d133c9d2ee8a456f5c136648f45f5c8ed7
Polygon,AnomalyDAE,roc_auc,0.444609621252198,0.05031972329297304,04b7ac76-dd7b-4f37-9109-89763fe3ab95;d1c9dd24-8f9f-48a3-9ef7-bf1b597f0d35;78e8e5ee-b1ee-4ef2-bcdf-098135f51044;106994f7-ff9b-47b9-bf8f-86aba27362d0;263a4016-e7d6-4a0d-bed2-fe05d02ae36a,af579ae5424e482b0891f6933baa239116830f262bda0268fac0006d2cdcf451;62f0da6fb3e7e1ac96c88046e7d6d723525023c985b6d287f822842106f978db;9bc195c36a5b58b1be0f64dbc69414bf9946d742589f6b9fa292b9be8c55fdbc;34943472c90236cb937f94ab291311e18c8aafeaf25353a5104e1ac4f9c7de8d;5514e1087befc87010d99c9bdf79d6d133c9d2ee8a456f5c136648f45f5c8ed7
Polygon,AnomalyDAE,validation_f1,0.0,0.0,04b7ac76-dd7b-4f37-9109-89763fe3ab95;d1c9dd24-8f9f-48a3-9ef7-bf1b597f0d35;78e8e5ee-b1ee-4ef2-bcdf-098135f51044;106994f7-ff9b-47b9-bf8f-86aba27362d0;263a4016-e7d6-4a0d-bed2-fe05d02ae36a,af579ae5424e482b0891f6933baa239116830f262bda0268fac0006d2cdcf451;62f0da6fb3e7e1ac96c88046e7d6d723525023c985b6d287f822842106f978db;9bc195c36a5b58b1be0f64dbc69414bf9946d742589f6b9fa292b9be8c55fdbc;34943472c90236cb937f94ab291311e18c8aafeaf25353a5104e1ac4f9c7de8d;5514e1087befc87010d99c9bdf79d6d133c9d2ee8a456f5c136648f45f5c8ed7
Polygon,CoLA,pr_auc,0.03481367289880398,0.00869438784535613,4aabc93c-a676-4eba-a61f-9200a8331f54;0bd2838e-ebc8-4273-9e9a-bce7b7f17206;dff36451-5a8b-43f2-b5d7-28522c02c3ee;b424ece3-91cc-44e4-8e7f-ad7d21145a36;8ea170e7-0737-4658-b086-6270da0b5c5d,063b7567559fa0b11e4fda22dc05a318a66736af8369cf34e542cc496440d69c;e159eb0ca03cc8911a09a021b13fedd632d134c1c7302cbc2eea32ef7de0501c;e3fb7d6a7a631f0cda9b73eade0bd759b3e2982e2431abec9946c8bd9cead1f9;9671f9faa26fb101ed15f618f77fd14cdba83c21ce828016e14bd195b76e13bc;b0165d867956a1fee16cde2eafbf10555f21162b29ce077db11b1f392f0ef2fc
Polygon,CoLA,roc_auc,0.5144536563649175,0.034297367688159365,4aabc93c-a676-4eba-a61f-9200a8331f54;0bd2838e-ebc8-4273-9e9a-bce7b7f17206;dff36451-5a8b-43f2-b5d7-28522c02c3ee;b424ece3-91cc-44e4-8e7f-ad7d21145a36;8ea170e7-0737-4658-b086-6270da0b5c5d,063b7567559fa0b11e4fda22dc05a318a66736af8369cf34e542cc496440d69c;e159eb0ca03cc8911a09a021b13fedd632d134c1c7302cbc2eea32ef7de0501c;e3fb7d6a7a631f0cda9b73eade0bd759b3e2982e2431abec9946c8bd9cead1f9;9671f9faa26fb101ed15f618f77fd14cdba83c21ce828016e14bd195b76e13bc;b0165d867956a1fee16cde2eafbf10555f21162b29ce077db11b1f392f0ef2fc
Polygon,CoLA,validation_f1,0.04386403209932622,0.04338197401132666,4aabc93c-a676-4eba-a61f-9200a8331f54;0bd2838e-ebc8-4273-9e9a-bce7b7f17206;dff36451-5a8b-43f2-b5d7-28522c02c3ee;b424ece3-91cc-44e4-8e7f-ad7d21145a36;8ea170e7-0737-4658-b086-6270da0b5c5d,063b7567559fa0b11e4fda22dc05a318a66736af8369cf34e542cc496440d69c;e159eb0ca03cc8911a09a021b13fedd632d134c1c7302cbc2eea32ef7de0501c;e3fb7d6a7a631f0cda9b73eade0bd759b3e2982e2431abec9946c8bd9cead1f9;9671f9faa26fb101ed15f618f77fd14cdba83c21ce828016e14bd195b76e13bc;b0165d867956a1fee16cde2eafbf10555f21162b29ce077db11b1f392f0ef2fc
Polygon,OCGNN,pr_auc,0.03395541928890291,0.006580895577729257,fee426b8-f198-4f37-84fe-21f569c599ae;1bc8e0ba-a03c-4794-9b57-4503800d719a;3fc36fcb-aeed-411f-9414-9cfad7d00694;0bc4d9d0-7055-4eae-ac02-9de34a3a5032;134423ef-dcc7-49d1-8455-945fb82b9859,5ddcb22d10fe84f54d8d85f0c824ef53a3ea6ba76c8c657f079e137f8f7ad0fe;b35e7573368c8df30d4375d6ce5293b257c752983ae53c10b4f75a39ea510941;85fe0c822a33e4445fbacd43cebfeea8e9f262d6b3e27dd507f0b1db3a66e759;91db50041910e2b74d59588bbdf6ec52cd8e8d109f4bf579e73aebeff366e5a1;119c0a235f61b754d378fcdd8410ad9e9739e9f8a995a8e7d1584610cd848613
Polygon,OCGNN,roc_auc,0.5376359932491495,0.07736855327333512,fee426b8-f198-4f37-84fe-21f569c599ae;1bc8e0ba-a03c-4794-9b57-4503800d719a;3fc36fcb-aeed-411f-9414-9cfad7d00694;0bc4d9d0-7055-4eae-ac02-9de34a3a5032;134423ef-dcc7-49d1-8455-945fb82b9859,5ddcb22d10fe84f54d8d85f0c824ef53a3ea6ba76c8c657f079e137f8f7ad0fe;b35e7573368c8df30d4375d6ce5293b257c752983ae53c10b4f75a39ea510941;85fe0c822a33e4445fbacd43cebfeea8e9f262d6b3e27dd507f0b1db3a66e759;91db50041910e2b74d59588bbdf6ec52cd8e8d109f4bf579e73aebeff366e5a1;119c0a235f61b754d378fcdd8410ad9e9739e9f8a995a8e7d1584610cd848613
Polygon,OCGNN,validation_f1,0.0,0.0,fee426b8-f198-4f37-84fe-21f569c599ae;1bc8e0ba-a03c-4794-9b57-4503800d719a;3fc36fcb-aeed-411f-9414-9cfad7d00694;0bc4d9d0-7055-4eae-ac02-9de34a3a5032;134423ef-dcc7-49d1-8455-945fb82b9859,5ddcb22d10fe84f54d8d85f0c824ef53a3ea6ba76c8c657f079e137f8f7ad0fe;b35e7573368c8df30d4375d6ce5293b257c752983ae53c10b4f75a39ea510941;85fe0c822a33e4445fbacd43cebfeea8e9f262d6b3e27dd507f0b1db3a66e759;91db50041910e2b74d59588bbdf6ec52cd8e8d109f4bf579e73aebeff366e5a1;119c0a235f61b754d378fcdd8410ad9e9739e9f8a995a8e7d1584610cd848613
Polygon,DLG-Base,pr_auc,0.032981214885448785,0.006640043577910851,f931dbab-bf6c-45dc-bb00-bb4658ad9ce9;ee2a44c4-e46d-421b-992d-f4a499a3fcae;8ba70d66-5fde-4e6c-aa17-e81c9611a81c;f06c19a1-e1b9-4ddd-8812-96767e9e35e6;bbc25b01-7076-4f47-b826-f5c2ed4f2c16,dfd283b4d5df55427acdcaaf593ff432de57f04eeb1db6a4aadc5353d2b439b5;a8d8082ae9de7aec964a92d74e454fd9fe62296d6d193d49e4713935341efebf;1118664dae1b7e6a00cc7061ae50c1ccbf2441f1ee95c38a729b3463797dc6fd;8dc16570b229823b6ecc49cb20ae7da92204bdeaa238cf810dcdad6f519762be;218843c616509c4661d2f05594a3dbe7704e852018b6500f9d734ad579131d84
Polygon,DLG-Base,roc_auc,0.5521131965285988,0.09127044534332321,f931dbab-bf6c-45dc-bb00-bb4658ad9ce9;ee2a44c4-e46d-421b-992d-f4a499a3fcae;8ba70d66-5fde-4e6c-aa17-e81c9611a81c;f06c19a1-e1b9-4ddd-8812-96767e9e35e6;bbc25b01-7076-4f47-b826-f5c2ed4f2c16,dfd283b4d5df55427acdcaaf593ff432de57f04eeb1db6a4aadc5353d2b439b5;a8d8082ae9de7aec964a92d74e454fd9fe62296d6d193d49e4713935341efebf;1118664dae1b7e6a00cc7061ae50c1ccbf2441f1ee95c38a729b3463797dc6fd;8dc16570b229823b6ecc49cb20ae7da92204bdeaa238cf810dcdad6f519762be;218843c616509c4661d2f05594a3dbe7704e852018b6500f9d734ad579131d84
Polygon,DLG-Base,validation_f1,0.0,0.0,f931dbab-bf6c-45dc-bb00-bb4658ad9ce9;ee2a44c4-e46d-421b-992d-f4a499a3fcae;8ba70d66-5fde-4e6c-aa17-e81c9611a81c;f06c19a1-e1b9-4ddd-8812-96767e9e35e6;bbc25b01-7076-4f47-b826-f5c2ed4f2c16,dfd283b4d5df55427acdcaaf593ff432de57f04eeb1db6a4aadc5353d2b439b5;a8d8082ae9de7aec964a92d74e454fd9fe62296d6d193d49e4713935341efebf;1118664dae1b7e6a00cc7061ae50c1ccbf2441f1ee95c38a729b3463797dc6fd;8dc16570b229823b6ecc49cb20ae7da92204bdeaa238cf810dcdad6f519762be;218843c616509c4661d2f05594a3dbe7704e852018b6500f9d734ad579131d84
Polygon,DLG-Aug,pr_auc,0.0384956,0.005497897547244764,b6adeaa6-68aa-5e29-b3a8-d1e6122372d8;498db656-ee3a-5cf7-9d24-75c1c7c4e8f3;9b52a96f-3c1b-51d1-8068-1b1bdb2d60d3;2e17fa3f-5967-565c-8175-bb870ae281ad;8800369b-944e-5659-9760-057a3a2554d5,e1be3a9992ec43fa712e807e934a13f9e38a1b55095b2cb75af7cf8b00df0c20;25ed6bb1be319522e804692602f09c96476b55c72080d8ad11e436962ea5a7ff;0594f37193081c9ee0fc8085f95ee113ebaf2be1bc1d8101d43cf169407f7838;7504228d0d1bb0c979b6d1ee34a0fca96ac386010d41636368968960e28919c1;83da7c96e3166123fa012c29d1e6377e98ee34377f909570a41263ec3cbe09a5
Polygon,DLG-Aug,roc_auc,0.5734152,0.055836363521991644,b6adeaa6-68aa-5e29-b3a8-d1e6122372d8;498db656-ee3a-5cf7-9d24-75c1c7c4e8f3;9b52a96f-3c1b-51d1-8068-1b1bdb2d60d3;2e17fa3f-5967-565c-8175-bb870ae281ad;8800369b-944e-5659-9760-057a3a2554d5,e1be3a9992ec43fa712e807e934a13f9e38a1b55095b2cb75af7cf8b00df0c20;25ed6bb1be319522e804692602f09c96476b55c72080d8ad11e436962ea5a7ff;0594f37193081c9ee0fc8085f95ee113ebaf2be1bc1d8101d43cf169407f7838;7504228d0d1bb0c979b6d1ee34a0fca96ac386010d41636368968960e28919c1;83da7c96e3166123fa012c29d1e6377e98ee34377f909570a41263ec3cbe09a5
Polygon,DLG-Aug,validation_f1,0.031085,0.03897531119054728,b6adeaa6-68aa-5e29-b3a8-d1e6122372d8;498db656-ee3a-5cf7-9d24-75c1c7c4e8f3;9b52a96f-3c1b-51d1-8068-1b1bdb2d60d3;2e17fa3f-5967-565c-8175-bb870ae281ad;8800369b-944e-5659-9760-057a3a2554d5,e1be3a9992ec43fa712e807e934a13f9e38a1b55095b2cb75af7cf8b00df0c20;25ed6bb1be319522e804692602f09c96476b55c72080d8ad11e436962ea5a7ff;0594f37193081c9ee0fc8085f95ee113ebaf2be1bc1d8101d43cf169407f7838;7504228d0d1bb0c979b6d1ee34a0fca96ac386010d41636368968960e28919c1;83da7c96e3166123fa012c29d1e6377e98ee34377f909570a41263ec3cbe09a5
Yelp-Syn,DOMINANT,pr_auc,0.0748584718523798,0.0015845827689837519,0c740955-2980-4b43-b66a-7dd40ad09bf1;f4f5cd0a-6b9f-458a-82f4-35ddb47cab39;b9ac5244-f0d2-4325-a291-6409d8b7fcc4;a0bad5e5-e1f8-41c7-89b9-8f0c4fb0f489;40609dff-5d0e-49b1-a526-33805f92af59,e5b836d825c59dd1ba3322a29da099a8eee8c3d9972ba208963deea991d9be9b;9d1d573767d9f7ae5d3cf78c143e4200e0794852f154cbed60de4d6b708a70e0;57fcc9d0c4a6536358b8b6b1095ea682e35f55c34bd7c71b58b9398e0b644ed9;48ea48b76c698f5e77cff5abbbd5796378a2ed408959a16d292bd9c7b3d3672d;87f4a4a58873b6f14bcce7ed64fa942aaa9ed11903a6b03ba7b3ffb4c688e39e
Yelp-Syn,DOMINANT,roc_auc,0.9347645493139765,0.0011499786536472785,0c740955-2980-4b43-b66a-7dd40ad09bf1;f4f5cd0a-6b9f-458a-82f4-35ddb47cab39;b9ac5244-f0d2-4325-a291-6409d8b7fcc4;a0bad5e5-e1f8-41c7-89b9-8f0c4fb0f489;40609dff-5d0e-49b1-a526-33805f92af59,e5b836d825c59dd1ba3322a29da099a8eee8c3d9972ba208963deea991d9be9b;9d1d573767d9f7ae5d3cf78c143e4200e0794852f154cbed60de4d6b708a70e0;57fcc9d0c4a6536358b8b6b1095ea682e35f55c34bd7c71b58b9398e0b644ed9;48ea48b76c698f5e77cff5abbbd5796378a2ed408959a16d292bd9c7b3d3672d;87f4a4a58873b6f14bcce7ed64fa942aaa9ed11903a6b03ba7b3ffb4c688e39e
Yelp-Syn,DOMINANT,validation_f1,0.15052171707174863,0.0027190300558959683,0c740955-2980-4b43-b66a-7dd40ad09bf1;f4f5cd0a-6b9f-458a-82f4-35ddb47cab39;b9ac5244-f0d2-4325-a291-6409d8b7fcc4;a0bad5e5-e1f8-41c7-89b9-8f0c4fb0f489;40609dff-5d0e-49b1-a526-33805f92af59,e5b836d825c59dd1ba3322a29da099a8eee8c3d9972ba208963deea991d9be9b;9d1d573767d9f7ae5d3cf78c143e4200e0794852f154cbed60de4d6b708a70e0;57fcc9d0c4a6536358b8b6b1095ea682e35f55c34bd7c71b58b9398e0b644ed9;48ea48b76c698f5e77cff5abbbd5796378a2ed408959a16d292bd9c7b3d3672d;87f4a4a58873b6f14bcce7ed64fa942aaa9ed11903a6b03ba7b3ffb4c688e39e
Yelp-Syn,CoLA,pr_auc,0.017393640215723653,0.0036927108063654302,1ba308db-24e9-47e2-8585-bad193b58656;03a42fbb-8b89-4710-97f0-8a9c874848f3;d7880252-6f54-4e31-8715-a3c5bf510e66;fccd60cd-a0c5-4497-8503-9da8cddbacf2;5fd3c5ae-2304-424f-8edf-4e5d5645fd48,3a6442157cf7c9cef63600ec22e7758207d36591f35c9fc7da7df4d180b99ee6;09ce76463fb6025756879a9e9c6a2a30d79dd974e1c8c654681dc2a338402fd3;de2f48061ee36ba8f22a0fc5799e130c47ff2fb0aa4f09747a85c0484fe7f839;b66a613090a69437560b963804ab0d5568f6481d37e4c929a0b66096f4427fd1;a29e8fe926820967d56d8b0e2e6bf92e124154eecd15e6b6c0361b36d3c19550
Yelp-Syn,CoLA,roc_auc,0.42501344552486936,0.08030255916206987,1ba308db-24e9-47e2-8585-bad193b58656;03a42fbb-8b89-4710-97f0-8a9c874848f3;d7880252-6f54-4e31-8715-a3c5bf510e66;fccd60cd-a0c5-4497-8503-9da8cddbacf2;5fd3c5ae-2304-424f-8edf-4e5d5645fd48,3a6442157cf7c9cef63600ec22e7758207d36591f35c9fc7da7df4d180b99ee6;09ce76463fb6025756879a9e9c6a2a30d79dd974e1c8c654681dc2a338402fd3;de2f48061ee36ba8f22a0fc5799e130c47ff2fb0aa4f09747a85c0484fe7f839;b66a613090a69437560b963804ab0d5568f6481d37e4c929a0b66096f4427fd1;a29e8fe926820967d56d8b0e2e6bf92e124154eecd15e6b6c0361b36d3c19550
Yelp-Syn,CoLA,validation_f1,0.05734826837599164,0.008308603945207006,1ba308db-24e9-47e2-8585-bad193b58656;03a42fbb-8b89-4710-97f0-8a9c874848f3;d7880252-6f54-4e31-8715-a3c5bf510e66;fccd60cd-a0c5-4497-8503-9da8cddbacf2;5fd3c5ae-2304-424f-8edf-4e5d5645fd48,3a6442157cf7c9cef63600ec22e7758207d36591f35c9fc7da7df4d180b99ee6;09ce76463fb6025756879a9e9c6a2a30d79dd974e1c8c654681dc2a338402fd3;de2f48061ee36ba8f22a0fc5799e130c47ff2fb0aa4f09747a85c0484fe7f839;b66a613090a69437560b963804ab0d5568f6481d37e4c929a0b66096f4427fd1;a29e8fe926820967d56d8b0e2e6bf92e124154eecd15e6b6c0361b36d3c19550
Yelp-Syn,OCGNN,pr_auc,0.006941440929926611,0.00031023511083713213,2554c4ab-f8f9-4315-8ab0-51b757510df1;3a855184-cddf-4d2f-9dd5-6dfa5ad80d4b;8b2eee25-b628-464b-ae90-816e89be6569;89f4589a-6e3b-40d6-8721-1e09f3593387;7c71ae0b-a703-4d40-ad84-a20398341147,d420812ba874345fb092f428d8d28d8b349eeb9b7ddf88f3a73981f5867f9804;f76ebdea6d151d4c77d4c6ffb33287a4786598a9ed4402bed485b5447c4d90ab;e672fb95bc216ee914e56c41a7da4c0c2c3837ff4c3a45bbb237f0b20f63a54c;c51aa62dd79d434e2f36c7c64f5f644851b659277a1908d59ccc811025571d2a;845dab276e336f9ae79899a2d2a64ca5ce8ef269f719f774510985bac2cb20f1
Yelp-Syn,OCGNN,roc_auc,0.34609569488436437,0.02834030297041194,2554c4ab-f8f9-4315-8ab0-51b757510df1;3a855184-cddf-4d2f-9dd5-6dfa5ad80d4b;8b2eee25-b628-464b-ae90-816e89be6569;89f4589a-6e3b-40d6-8721-1e09f3593387;7c71ae0b-a703-4d40-ad84-a20398341147,d420812ba874345fb092f428d8d28d8b349eeb9b7ddf88f3a73981f5867f9804;f76ebdea6d151d4c77d4c6ffb33287a4786598a9ed4402bed485b5447c4d90ab;e672fb95bc216ee914e56c41a7da4c0c2c3837ff4c3a45bbb237f0b20f63a54c;c51aa62dd79d434e2f36c7c64f5f644851b659277a1908d59ccc811025571d2a;845dab276e336f9ae79899a2d2a64ca5ce8ef269f719f774510985bac2cb20f1
Yelp-Syn,OCGNN,validation_f1,0.01996123417144966,0.00029512186484796405,2554c4ab-f8f9-4315-8ab0-51b757510df1;3a855184-cddf-4d2f-9dd5-6dfa5ad80d4b;8b2eee25-b628-464b-ae90-816e89be6569;89f4589a-6e3b-40d6-8721-1e09f3593387;7c71ae0b-a703-4d40-ad84-a20398341147,d420812ba874345fb092f428d8d28d8b349eeb9b7ddf88f3a73981f5867f9804;f76ebdea6d151d4c77d4c6ffb33287a4786598a9ed4402bed485b5447c4d90ab;e672fb95bc216ee914e56c41a7da4c0c2c3837ff4c3a45bbb237f0b20f63a54c;c51aa62dd79d434e2f36c7c64f5f644851b659277a1908d59ccc811025571d2a;845dab276e336f9ae79899a2d2a64ca5ce8ef269f719f774510985bac2cb20f1
Yelp-Syn,DLG-Base,pr_auc,0.0825654289605708,0.0026188819588446903,54a081fb-45dd-4193-9c8b-96ab50195193;1c2cddda-1081-4712-be37-75ec7226c11a;aec5f246-64bc-4ebb-abc4-4e6892bacfef;b06103c0-9d7e-49a6-8ebf-5ce2d9ea8fc5;d9fa2b33-efde-4cd9-a7ce-9214e28a7432,83f8e2a5702c71c5a125f52b261464891912e6a7055d8dbe924b010cdf16c3ef;4fb6e324ac727e9ce01bf46a4d9bc4882d2275dc9921afb12bec969424761691;5bfcf6707becdd1c62b51f8e39dec09e36bb1c7265cd538a1e76b68870070755;2a8d5d10869454372195abcda0c0366ba7848c7334eb14f46923f554f4facda7;8b68d2acb147917799cbd3189a67e394c5dfbc64a15e46cf1034936dd98eb77c
Yelp-Syn,DLG-Base,roc_auc,0.9384877314706478,0.0012389272791887955,54a081fb-45dd-4193-9c8b-96ab50195193;1c2cddda-1081-4712-be37-75ec7226c11a;aec5f246-64bc-4ebb-abc4-4e6892bacfef;b06103c0-9d7e-49a6-8ebf-5ce2d9ea8fc5;d9fa2b33-efde-4cd9-a7ce-9214e28a7432,83f8e2a5702c71c5a125f52b261464891912e6a7055d8dbe924b010cdf16c3ef;4fb6e324ac727e9ce01bf46a4d9bc4882d2275dc9921afb12bec969424761691;5bfcf6707becdd1c62b51f8e39dec09e36bb1c7265cd538a1e76b68870070755;2a8d5d10869454372195abcda0c0366ba7848c7334eb14f46923f554f4facda7;8b68d2acb147917799cbd3189a67e394c5dfbc64a15e46cf1034936dd98eb77c
Yelp-Syn,DLG-Base,validation_f1,0.1630272660466585,0.0022753344445279734,54a081fb-45dd-4193-9c8b-96ab50195193;1c2cddda-1081-4712-be37-75ec7226c11a;aec5f246-64bc-4ebb-abc4-4e6892bacfef;b06103c0-9d7e-49a6-8ebf-5ce2d9ea8fc5;d9fa2b33-efde-4cd9-a7ce-9214e28a7432,83f8e2a5702c71c5a125f52b261464891912e6a7055d8dbe924b010cdf16c3ef;4fb6e324ac727e9ce01bf46a4d9bc4882d2275dc9921afb12bec969424761691;5bfcf6707becdd1c62b51f8e39dec09e36bb1c7265cd538a1e76b68870070755;2a8d5d10869454372195abcda0c0366ba7848c7334eb14f46923f554f4facda7;8b68d2acb147917799cbd3189a67e394c5dfbc64a15e46cf1034936dd98eb77c
Yelp-Syn,DLG-Aug,pr_auc,0.0832345756681611,0.0025516378350396783,d582d9ba-32aa-435e-bf95-ee04317cc7e4;4984bb93-05ff-4577-b926-3d0a8a88df70;a732f627-8a35-464e-b323-90286f587488;87f044ec-8ccf-44ae-b1c7-66dd4bb16d42;9136e056-f2e2-4db3-9e22-e58bb6c37215,17da3b9cadfa8eacdd9ac33b60d60b834bcf97a0cf7742cdd6f939cb08ff5832;34a3d68d95e5fcf8ef59e18ccc2bb1a7e6e2b25e944f4e4873fbc5e6984bb6c9;765ce2637b8d1fd2c6b08c5a09c96e701f5b62ff124979346e2ddf0b5194fa7a;1df5c6871c3e5a0bbd5fbd3318fdb488cba9076a9fd93241c5560e63752cdba9;9ebd381a00f3a79617cc315dd13fbb8938f983d3398870dfbfb5b921478cbc2e
Yelp-Syn,DLG-Aug,roc_auc,0.9399862632221313,0.0013633415840932992,d582d9ba-32aa-435e-bf95-ee04317cc7e4;4984bb93-05ff-4577-b926-3d0a8a88df70;a732f627-8a35-464e-b323-90286f587488;87f044ec-8ccf-44ae-b1c7-66dd4bb16d42;9136e056-f2e2-4db3-9e22-e58bb6c37215,17da3b9cadfa8eacdd9ac33b60d60b834bcf97a0cf7742cdd6f939cb08ff5832;34a3d68d95e5fcf8ef59e18ccc2bb1a7e6e2b25e944f4e4873fbc5e6984bb6c9;765ce2637b8d1fd2c6b08c5a09c96e701f5b62ff124979346e2ddf0b5194fa7a;1df5c6871c3e5a0bbd5fbd3318fdb488cba9076a9fd93241c5560e63752cdba9;9ebd381a00f3a79617cc315dd13fbb8938f983d3398870dfbfb5b921478cbc2e
Yelp-Syn,DLG-Aug,validation_f1,0.166863275140522,0.004193793503501282,d582d9ba-32aa-435e-bf95-ee04317cc7e4;4984bb93-05ff-4577-b926-3d0a8a88df70;a732f627-8a35-464e-b323-90286f587488;87f044ec-8ccf-44ae-b1c7-66dd4bb16d42;9136e056-f2e2-4db3-9e22-e58bb6c37215,17da3b9cadfa8eacdd9ac33b60d60b834bcf97a0cf7742cdd6f939cb08ff5832;34a3d68d95e5fcf8ef59e18ccc2bb1a7e6e2b25e944f4e4873fbc5e6984bb6c9;765ce2637b8d1fd2c6b08c5a09c96e701f5b62ff124979346e2ddf0b5194fa7a;1df5c6871c3e5a0bbd5fbd3318fdb488cba9076a9fd93241c5560e63752cdba9;9ebd381a00f3a79617cc315dd13fbb8938f983d3398870dfbfb5b921478cbc2e
Amazon-Syn,DOMINANT,pr_auc,0.13013616245720458,0.009541912009700107,641bcfe8-ff88-4175-9154-da27428e703b;9ae64ff4-5c21-480a-ae2f-22b7fa2c2c5f;0f3439ba-c4b6-4686-b4f6-6df5e64e82ee;8b1a9314-1a09-440e-babc-a2c6de3f21a5;e0d1799d-1804-49f0-b436-00e58f8bd089,3a818f1b4e46509746e4851d1d47f0599d691343db99550170f0bcf695b955b7;7d733ca81efba3d33bb4f6e41ee646a00bf92cc8506c26cc9094c60f31c04284;27c30c1be2e4446ec5f1bb56a7828691375846d60293c45a14f9ad6be82174a0;294b633b55ffd547790f10e9d4b66d83448c5ac6b7efd1e57e7f0c97d5740140;0ea2291ddcd0d7da95e34ca6c727db1e206e8ef6b0fe16cfec52f9342dfb08f9
Amazon-Syn,DOMINANT,roc_auc,0.812290068557954,0.017609766592810997,641bcfe8-ff88-4175-9154-da27428e703b;9ae64ff4-5c21-480a-ae2f-22b7fa2c2c5f;0f3439ba-c4b6-4686-b4f6-6df5e64e82ee;8b1a9314-1a09-440e-babc-a2c6de3f21a5;e0d1799d-1804-49f0-b436-00e58f8bd089,3a818f1b4e46509746e4851d1d47f0599d691343db99550170f0bcf695b955b7;7d733ca81efba3d33bb4f6e41ee646a00bf92cc8506c26cc9094c60f31c04284;27c30c1be2e4446ec5f1bb56a7828691375846d60293c45a14f9ad6be82174a0;294b633b55ffd547790f10e9d4b66d83448c5ac6b7efd1e57e7f0c97d5740140;0ea2291ddcd0d7da95e34ca6c727db1e206e8ef6b0fe16cfec52f9342dfb08f9
Amazon-Syn,DOMINANT,validation_f1,0.2635912983130805,0.012574742004072943,641bcfe8-ff88-4175-9154-da27428e703b;9ae64ff4-5c21-480a-ae2f-22b7fa2c2c5f;0f3439ba-c4b6-4686-b4f6-6df5e64e82ee;8b1a9314-1a09-440e-babc-a2c6de3f21a5;e0d1799d-1804-49f0-b436-00e58f8bd089,3a818f1b4e46509746e4851d1d47f0599d691343db99550170f0bcf695b955b7;7d733ca81efba3d33bb4f6e41ee646a00bf92cc8506c26cc9094c60f31c04284;27c30c1be2e4446ec5f1bb56a7828691375846d60293c45a14f9ad6be82174a0;294b633b55ffd547790f10e9d4b66d83448c5ac6b7efd1e57e7f0c97d5740140;0ea2291ddcd0d7da95e34ca6c727db1e206e8ef6b0fe16cfec52f9342dfb08f9
Amazon-Syn,AnomalyDAE,pr_auc,0.2734043373532005,0.16630508919604942,d9584a10-aebc-47bf-b3e0-1cb2f808b56a;033881ee-9e98-4a4e-9eaf-71605b516a06;039f2c1f-cb96-43f9-9b67-47b680ec99c2;9b61ddbc-70b7-4c63-a04c-0c3ab8373d00;25ab8e5a-a2a0-4f57-970e-a66b25e71fe7,111ce83325099bab71fc71030c5fd82c063494c654d44309a1c3c999e8a30150;108b09ae0ba3b14f575537c493d8b510fbad595ba3ee72f8e8f7380074002523;a516940b2b8ffe565bbb445d228a67cc3dea964e2141c4a4f25164e5b5f98f85;05d492cc62739b8eedf5bd6bd8d684efa8934582760330f7c68528931e368ba4;006afabc3971cfc59186a9d8763d44cc4a2f8dbc80e2b077af4f64168ff88af5
Amazon-Syn,AnomalyDAE,roc_auc,0.6862491812346254,0.08566822406178794,d9584a10-aebc-47bf-b3e0-1cb2f808b56a;033881ee-9e98-4a4e-9eaf-71605b516a06;039f2c1f-cb96-43f9-9b67-47b680ec99c2;9b61ddbc-70b7-4c63-a04c-0c3ab8373d00;25ab8e5a-a2a0-4f57-970e-a66b25e71fe7,111ce83325099bab71fc71030c5fd82c063494c654d44309a1c3c999e8a30150;108b09ae0ba3b14f575537c493d8b510fbad595ba3ee72f8e8f7380074002523;a516940b2b8ffe565bbb445d228a67cc3dea964e2141c4a4f25164e5b5f98f85;05d492cc62739b8eedf5bd6bd8d684efa8934582760330f7c68528931e368ba4;006afabc3971cfc59186a9d8763d44cc4a2f8dbc80e2b077af4f64168ff88af5
Amazon-Syn,AnomalyDAE,validation_f1,0.33324636126478163,0.164708504575674,d9584a10-aebc-47bf-b3e0-1cb2f808b56a;033881ee-9e98-4a4e-9eaf-71605b516a06;039f2c1f-cb96-43f9-9b67-47b680ec99c2;9b61ddbc-70b7-4c63-a04c-0c3ab8373d00;25ab8e5a-a2a0-4f57-970e-a66b25e71fe7,111ce83325099bab71fc71030c5fd82c063494c654d44309a1c3c999e8a30150;108b09ae0ba3b14f575537c493d8b510fbad595ba3ee72f8e8f7380074002523;a516940b2b8ffe565bbb445d228a67cc3dea964e2141c4a4f25164e5b5f98f85;05d492cc62739b8eedf5bd6bd8d684efa8934582760330f7c68528931e368ba4;006afabc3971cfc59186a9d8763d44cc4a2f8dbc80e2b077af4f64168ff88af5
Amazon-Syn,CoLA,pr_auc,0.09894109584555552,0.014284718187510155,4473f5f0-4280-4e9a-bab7-bfa852dc3c47;5a8b90cf-01a9-41d8-bf36-c92fd9d808c9;d01f765d-f1be-4347-b9cb-8ba4dd0749b2;bbe1517b-4b98-4d0b-9dd8-8f89e498b65b;bf7d12f6-2b98-4eeb-bfb6-271d6ad362b9,b35cc25271f72406b47d87120c535fe5de4b4c9333a9918fa3ccacfb5341bb93;afbbbc45b0e67146af2fb1dc3d04b73a2e9e1d71d48af98e1b166b9c81517281;5143a529cab03ce5e78316d74d8204d0e784e2a408a50b21d31e9a2ed4db2517;82b1f97a5d292764efe7fd475f58f6dfec806a6d2fe6e4cbd121e7482260b114;b286bd3061f8236b8b46a5e9fe2a29e3ba083dfb5931257814aa6a2d51fc37bc
Amazon-Syn,CoLA,roc_auc,0.6543661664313475,0.04212419060041349,4473f5f0-4280-4e9a-bab7-bfa852dc3c47;5a8b90cf-01a9-41d8-bf36-c92fd9d808c9;d01f765d-f1be-4347-b9cb-8ba4dd0749b2;bbe1517b-4b98-4d0b-9dd8-8f89e498b65b;bf7d12f6-2b98-4eeb-bfb6-271d6ad362b9,b35cc25271f72406b47d87120c535fe5de4b4c9333a9918fa3ccacfb5341bb93;afbbbc45b0e67146af2fb1dc3d04b73a2e9e1d71d48af98e1b166b9c81517281;5143a529cab03ce5e78316d74d8204d0e784e2a408a50b21d31e9a2ed4db2517;82b1f97a5d292764efe7fd475f58f6dfec806a6d2fe6e4cbd121e7482260b114;b286bd3061f8236b8b46a5e9fe2a29e3ba083dfb5931257814aa6a2d51fc37bc
Amazon-Syn,CoLA,validation_f1,0.1630128663793665,0.032181913359919864,4473f5f0-4280-4e9a-bab7-bfa852dc3c47;5a8b90cf-01a9-41d8-bf36-c92fd9d808c9;d01f765d-f1be-4347-b9cb-8ba4dd0749b2;bbe1517b-4b98-4d0b-9dd8-8f89e498b65b;bf7d12f6-2b98-4eeb-bfb6-271d6ad362b9,b35cc25271f72406b47d87120c535fe5de4b4c9333a9918fa3ccacfb5341bb93;afbbbc45b0e67146af2fb1dc3d04b73a2e9e1d71d48af98e1b166b9c81517281;5143a529cab03ce5e78316d74d8204d0e784e2a408a50b21d31e9a2ed4db2517;82b1f97a5d292764efe7fd475f58f6dfec806a6d2fe6e4cbd121e7482260b114;b286bd3061f8236b8b46a5e9fe2a29e3ba083dfb5931257814aa6a2d51fc37bc
Amazon-Syn,GADNR,pr_auc,0.033802337755955154,0.00041595418001492425,1014165f-2ec4-4e6b-9e79-146053027598;cea5a0c0-6f4a-45f0-b8f5-d7a21e9f527e;929a1204-2635-43cb-8456-c05a87b1d072;07473d68-357a-4785-b03e-bd921ef6932b;bd1f4124-38fb-4aad-ba3d-26d2fccbe5d2,6ab772793da41f2b0a308b24101db04795393c55933cd6c743457261f86eb0df;f2a95d71cfd543af797db5161127046e0b62c1c0a66505de542122221e66028e;f234d563d315c9f9b79a7b21ecc541a566e2391c7ce1fef10a3120cbc380ce1d;d36659bc0549b29f19a9c603331134819cd911cf337a2e0c4f29c0e496625859;730efbbccbdde1c62b7dde03084c7b258d52f00f81612dc0f7929d4d1a5bc1ae
Amazon-Syn,GADNR,roc_auc,0.5531984978384594,0.00981604255790497,1014165f-2ec4-4e6b-9e79-146053027598;cea5a0c0-6f4a-45f0-b8f5-d7a21e9f527e;929a1204-2635-43cb-8456-c05a87b1d072;07473d68-357a-4785-b03e-bd921ef6932b;bd1f4124-38fb-4aad-ba3d-26d2fccbe5d2,6ab772793da41f2b0a308b24101db04795393c55933cd6c743457261f86eb0df;f2a95d71cfd543af797db5161127046e0b62c1c0a66505de542122221e66028e;f234d563d315c9f9b79a7b21ecc541a566e2391c7ce1fef10a3120cbc380ce1d;d36659bc0549b29f19a9c603331134819cd911cf337a2e0c4f29c0e496625859;730efbbccbdde1c62b7dde03084c7b258d52f00f81612dc0f7929d4d1a5bc1ae
Amazon-Syn,GADNR,validation_f1,0.06496570655152815,0.0023228021160727227,1014165f-2ec4-4e6b-9e79-146053027598;cea5a0c0-6f4a-45f0-b8f5-d7a21e9f527e;929a1204-2635-43cb-8456-c05a87b1d072;07473d68-357a-4785-b03e-bd921ef6932b;bd1f4124-38fb-4aad-ba3d-26d2fccbe5d2,6ab772793da41f2b0a308b24101db04795393c55933cd6c743457261f86eb0df;f2a95d71cfd543af797db5161127046e0b62c1c0a66505de542122221e66028e;f234d563d315c9f9b79a7b21ecc541a566e2391c7ce1fef10a3120cbc380ce1d;d36659bc0549b29f19a9c603331134819cd911cf337a2e0c4f29c0e496625859;730efbbccbdde1c62b7dde03084c7b258d52f00f81612dc0f7929d4d1a5bc1ae
Amazon-Syn,OCGNN,pr_auc,0.024901492643932648,0.0014585618523620168,b7037323-4748-4400-9a4e-bc1d5b284ddd;5143cb2b-921d-4f8e-a0ad-6c8a2ffe4324;d775556f-90bd-4a44-a9bd-2b9d1c3d1adc;4d264831-2e34-4f25-843c-41eafcb9077b;eb98bf97-23c6-4a9b-8a92-19cf3e6c1a9a,f8a6f94e094e2293b5d7c9228a26b1fd14d3e058bf1b129291d5793787823343;c00f7493d7f6acb99a395e6611d949f2fa7b7aa9195e1ffb7907b48c2d4b2bb3;0d02d3074ad40167f6feb16b12fcdbac29495fe880e76b639ce35f2298c37d47;892e1d9132db80eb1c7315cf440ee3cbd1513be31a4b50c04e4e8325d70eccb4;13829931e1ee181da3cc6aa87f6bac257197742820cc27d74dc3cebd18230876
Amazon-Syn,OCGNN,roc_auc,0.4242128935532234,0.018718774028847997,b7037323-4748-4400-9a4e-bc1d5b284ddd;5143cb2b-921d-4f8e-a0ad-6c8a2ffe4324;d775556f-90bd-4a44-a9bd-2b9d1c3d1adc;4d264831-2e34-4f25-843c-41eafcb9077b;eb98bf97-23c6-4a9b-8a92-19cf3e6c1a9a,f8a6f94e094e2293b5d7c9228a26b1fd14d3e058bf1b129291d5793787823343;c00f7493d7f6acb99a395e6611d949f2fa7b7aa9195e1ffb7907b48c2d4b2bb3;0d02d3074ad40167f6feb16b12fcdbac29495fe880e76b639ce35f2298c37d47;892e1d9132db80eb1c7315cf440ee3cbd1513be31a4b50c04e4e8325d70eccb4;13829931e1ee181da3cc6aa87f6bac257197742820cc27d74dc3cebd18230876
Amazon-Syn,OCGNN,validation_f1,0.057498743787548524,0.0008356442242912287,b7037323-4748-4400-9a4e-bc1d5b284ddd;5143cb2b-921d-4f8e-a0ad-6c8a2ffe4324;d775556f-90bd-4a44-a9bd-2b9d1c3d1adc;4d264831-2e34-4f25-843c-41eafcb9077b;eb98bf97-23c6-4a9b-8a92-19cf3e6c1a9a,f8a6f94e094e2293b5d7c9228a26b1fd14d3e058bf1b129291d5793787823343;c00f7493d7f6acb99a395e6611d949f2fa7b7aa9195e1ffb7907b48c2d4b2bb3;0d02d3074ad40167f6feb16b12fcdbac29495fe880e76b639ce35f2298c37d47;892e1d9132db80eb1c7315cf440ee3cbd1513be31a4b50c04e4e8325d70eccb4;13829931e1ee181da3cc6aa87f6bac257197742820cc27d74dc3cebd18230876
Amazon-Syn,DLG-Base,pr_auc,0.12447582320378035,0.00862471458675652,cfd4d533-02f0-4ba3-993d-bd4215b1bf10;fe817c6a-4642-4c9d-8b53-6cbda3749ff5;a424803e-d8c3-4245-bfc1-45000cf153bb;33a30de7-2434-4e8d-8a26-840d3d143aa8;13e10d66-2f1d-4dec-be44-0fb9d76f289a,367509f74981644c8d4085b032fcdb9c0d65a628e0008f17545a4f69eea92e0f;4bcc3ade328ce5bad96f88a5059928b23b8966e709757c6039638eec1a3729a6;ddf03da93489e1c6b38b036b0fa10a99e2042b4a16cc55cda959c5ec7874b1db;5083742ac06863661a7decfeb7d8bbe4386fdd4ce203f199c19f6340ae0f40ee;0508f4fd08adbe64182dbdc276c6ab5725c72d80b9a43650129d11f4c4e3c13f
Amazon-Syn,DLG-Base,roc_auc,0.8098241655871093,0.017480454801319663,cfd4d533-02f0-4ba3-993d-bd4215b1bf10;fe817c6a-4642-4c9d-8b53-6cbda3749ff5;a424803e-d8c3-4245-bfc1-45000cf153bb;33a30de7-2434-4e8d-8a26-840d3d143aa8;13e10d66-2f1d-4dec-be44-0fb9d76f289a,367509f74981644c8d4085b032fcdb9c0d65a628e0008f17545a4f69eea92e0f;4bcc3ade328ce5bad96f88a5059928b23b8966e709757c6039638eec1a3729a6;ddf03da93489e1c6b38b036b0fa10a99e2042b4a16cc55cda959c5ec7874b1db;5083742ac06863661a7decfeb7d8bbe4386fdd4ce203f199c19f6340ae0f40ee;0508f4fd08adbe64182dbdc276c6ab5725c72d80b9a43650129d11f4c4e3c13f
Amazon-Syn,DLG-Base,validation_f1,0.25130425448471594,0.013641568120823611,cfd4d533-02f0-4ba3-993d-bd4215b1bf10;fe817c6a-4642-4c9d-8b53-6cbda3749ff5;a424803e-d8c3-4245-bfc1-45000cf153bb;33a30de7-2434-4e8d-8a26-840d3d143aa8;13e10d66-2f1d-4dec-be44-0fb9d76f289a,367509f74981644c8d4085b032fcdb9c0d65a628e0008f17545a4f69eea92e0f;4bcc3ade328ce5bad96f88a5059928b23b8966e709757c6039638eec1a3729a6;ddf03da93489e1c6b38b036b0fa10a99e2042b4a16cc55cda959c5ec7874b1db;5083742ac06863661a7decfeb7d8bbe4386fdd4ce203f199c19f6340ae0f40ee;0508f4fd08adbe64182dbdc276c6ab5725c72d80b9a43650129d11f4c4e3c13f
Amazon-Syn,DLG-Aug,pr_auc,0.13022378062530296,0.007758175060842544,e814adcc-2f85-4a7f-8955-c5736912f141;d1403923-6f48-4181-bc4a-a00d4b4daa96;7688d476-96e1-4217-81a5-f39e454131f6;59f49303-470f-4dbf-80a7-7edfd5690f6b;aab983bd-7f17-4628-90f5-1defbb4e4164,1770a268bacfbb48cf780566187e1df1f8f397272286ecf5aa0f0c4d46500185;0b69dcf59b74c4ee4c5f5b8bc6240bf90591c3816c5e34b74ba378bc886276c9;8eb0ca9f786ef8cf7740f26d05026dc5c4bb263cf8540c8b3ecaba95eca1c21d;815cdb314cead74daba5b5d509de1264dcba6953fe4cd6be8ec24133c0694d99;26dcde8abf1809c3c9a25ba725faef75c3b67ebf4f28e680eae85cd108264eed
Amazon-Syn,DLG-Aug,roc_auc,0.8104353648418509,0.0180785364225216,e814adcc-2f85-4a7f-8955-c5736912f141;d1403923-6f48-4181-bc4a-a00d4b4daa96;7688d476-96e1-4217-81a5-f39e454131f6;59f49303-470f-4dbf-80a7-7edfd5690f6b;aab983bd-7f17-4628-90f5-1defbb4e4164,1770a268bacfbb48cf780566187e1df1f8f397272286ecf5aa0f0c4d46500185;0b69dcf59b74c4ee4c5f5b8bc6240bf90591c3816c5e34b74ba378bc886276c9;8eb0ca9f786ef8cf7740f26d05026dc5c4bb263cf8540c8b3ecaba95eca1c21d;815cdb314cead74daba5b5d509de1264dcba6953fe4cd6be8ec24133c0694d99;26dcde8abf1809c3c9a25ba725faef75c3b67ebf4f28e680eae85cd108264eed
Amazon-Syn,DLG-Aug,validation_f1,0.2632530396927839,0.017376197047969093,e814adcc-2f85-4a7f-8955-c5736912f141;d1403923-6f48-4181-bc4a-a00d4b4daa96;7688d476-96e1-4217-81a5-f39e454131f6;59f49303-470f-4dbf-80a7-7edfd5690f6b;aab983bd-7f17-4628-90f5-1defbb4e4164,1770a268bacfbb48cf780566187e1df1f8f397272286ecf5aa0f0c4d46500185;0b69dcf59b74c4ee4c5f5b8bc6240bf90591c3816c5e34b74ba378bc886276c9;8eb0ca9f786ef8cf7740f26d05026dc5c4bb263cf8540c8b3ecaba95eca1c21d;815cdb314cead74daba5b5d509de1264dcba6953fe4cd6be8ec24133c0694d99;26dcde8abf1809c3c9a25ba725faef75c3b67ebf4f28e680eae85cd108264eed
Reddit-Syn,DOMINANT,pr_auc,0.40692288073744987,0.008172804255524874,5f081b08-c540-48ba-a0e9-c98333a99cd3;f2a2ac29-6bf3-493a-b8b7-2cdab340465e;b21713e4-0c20-4b80-970e-56ae21d968e2;79d903a7-3ee4-42fb-b7ee-26a14db9f9cb;7fb46699-e462-4585-86e5-f2040d642cce,7bc9c46184083c27d4c09514d1a27e68bc37a782a5a608af078486e18d47adfa;633db482f52c871f727be096f6faca61118b97a7b87afb2ed060e26622e80b98;6590b3c1b6165d7e4dd8c19eddfe2e402a9448341934aff44a31a052c7d18c1c;95cb6226ccab7fea6c592d157beca7abedbf485f0b153208e87db070c2b2774b;8a12076a9fc6e52cd9cfc0f2363f91f2a6dbf58c5ace9c5d9eaddd0416e89eb0
Reddit-Syn,DOMINANT,roc_auc,0.9699741526027357,0.0006430614328747278,5f081b08-c540-48ba-a0e9-c98333a99cd3;f2a2ac29-6bf3-493a-b8b7-2cdab340465e;b21713e4-0c20-4b80-970e-56ae21d968e2;79d903a7-3ee4-42fb-b7ee-26a14db9f9cb;7fb46699-e462-4585-86e5-f2040d642cce,7bc9c46184083c27d4c09514d1a27e68bc37a782a5a608af078486e18d47adfa;633db482f52c871f727be096f6faca61118b97a7b87afb2ed060e26622e80b98;6590b3c1b6165d7e4dd8c19eddfe2e402a9448341934aff44a31a052c7d18c1c;95cb6226ccab7fea6c592d157beca7abedbf485f0b153208e87db070c2b2774b;8a12076a9fc6e52cd9cfc0f2363f91f2a6dbf58c5ace9c5d9eaddd0416e89eb0
Reddit-Syn,DOMINANT,validation_f1,0.4684674669583601,0.007463414012977157,5f081b08-c540-48ba-a0e9-c98333a99cd3;f2a2ac29-6bf3-493a-b8b7-2cdab340465e;b21713e4-0c20-4b80-970e-56ae21d968e2;79d903a7-3ee4-42fb-b7ee-26a14db9f9cb;7fb46699-e462-4585-86e5-f2040d642cce,7bc9c46184083c27d4c09514d1a27e68bc37a782a5a608af078486e18d47adfa;633db482f52c871f727be096f6faca61118b97a7b87afb2ed060e26622e80b98;6590b3c1b6165d7e4dd8c19eddfe2e402a9448341934aff44a31a052c7d18c1c;95cb6226ccab7fea6c592d157beca7abedbf485f0b153208e87db070c2b2774b;8a12076a9fc6e52cd9cfc0f2363f91f2a6dbf58c5ace9c5d9eaddd0416e89eb0
Reddit-Syn,CoLA,pr_auc,0.16063248618069512,0.041927123804964765,6f254d8b-f11f-48af-af6f-a9b3da72f51e;197147e2-f632-4af4-82f2-facd8a9a0654;5ab07223-e9ba-4213-a9f6-2e38a2bb10f3;6c5faff8-6d9c-4cfc-a94d-f0acf94d196b;2ddb2d1b-90e4-4105-814f-f0e699bb04a5,083ac1ac073d401e535a8c04e31a2654b807e392e8788a522473b9aeb1f810af;5e7c0f423da2d840700427f26e8e659127d84a56bab27cfe80f94f58707bb9ee;11c1eb06c64c065df94eb4cf7d0d9c439c33591971d9d2452c8be58add728613;1631900a02716b4008ca984f2d79786f7ba9ed31ca89dd227dcec73a46bb448a;abb080dcf4dda9ac267d19281aac5f00e80bcdabb6f50ce07286e76084587816
Reddit-Syn,CoLA,roc_auc,0.7657278900853229,0.025625901430145974,6f254d8b-f11f-48af-af6f-a9b3da72f51e;197147e2-f632-4af4-82f2-facd8a9a0654;5ab07223-e9ba-4213-a9f6-2e38a2bb10f3;6c5faff8-6d9c-4cfc-a94d-f0acf94d196b;2ddb2d1b-90e4-4105-814f-f0e699bb04a5,083ac1ac073d401e535a8c04e31a2654b807e392e8788a522473b9aeb1f810af;5e7c0f423da2d840700427f26e8e659127d84a56bab27cfe80f94f58707bb9ee;11c1eb06c64c065df94eb4cf7d0d9c439c33591971d9d2452c8be58add728613;1631900a02716b4008ca984f2d79786f7ba9ed31ca89dd227dcec73a46bb448a;abb080dcf4dda9ac267d19281aac5f00e80bcdabb6f50ce07286e76084587816
Reddit-Syn,CoLA,validation_f1,0.28063827920662054,0.05329319470118167,6f254d8b-f11f-48af-af6f-a9b3da72f51e;197147e2-f632-4af4-82f2-facd8a9a0654;5ab07223-e9ba-4213-a9f6-2e38a2bb10f3;6c5faff8-6d9c-4cfc-a94d-f0acf94d196b;2ddb2d1b-90e4-4105-814f-f0e699bb04a5,083ac1ac073d401e535a8c04e31a2654b807e392e8788a522473b9aeb1f810af;5e7c0f423da2d840700427f26e8e659127d84a56bab27cfe80f94f58707bb9ee;11c1eb06c64c065df94eb4cf7d0d9c439c33591971d9d2452c8be58add728613;1631900a02716b4008ca984f2d79786f7ba9ed31ca89dd227dcec73a46bb448a;abb080dcf4dda9ac267d19281aac5f00e80bcdabb6f50ce07286e76084587816
Reddit-Syn,OCGNN,pr_auc,0.020498329243364293,0.00040822843973318005,c8b75b63-14bf-4f76-9356-43ff9b23f912;0118e069-6a48-4317-b0a8-507485248902;0c0f9520-4830-4403-92b0-b29ad8362ca4;cdf99cfa-40b4-4e88-93dc-20a1efa0ef3a;e5e1b853-51d6-4e43-a4d9-56fabe3c5c5e,02d69949b58aaaa11cc603d2de5311ac5a24e00d0eb5daf5c4341eb3b0aa7fb7;3bbbd87440477e964b43d5c2200fc8f946c548e4899110c411459a15e0994618;7bc6e83b50d95a6fe3daddf3e5b8cdeebe613f7f14bdb99944e92c55ecf5091f;4d17f0d65b7af9a0a231b254492c968adefa277bc398f096127f029232d11ed0;17c60726c13e13389db2eca31dc893914c3b2cded787361e6dfda9b92e12121b
Reddit-Syn,OCGNN,roc_auc,0.5154739326772828,0.004703001572795888,c8b75b63-14bf-4f76-9356-43ff9b23f912;0118e069-6a48-4317-b0a8-507485248902;0c0f9520-4830-4403-92b0-b29ad8362ca4;cdf99cfa-40b4-4e88-93dc-20a1efa0ef3a;e5e1b853-51d6-4e43-a4d9-56fabe3c5c5e,02d69949b58aaaa11cc603d2de5311ac5a24e00d0eb5daf5c4341eb3b0aa7fb7;3bbbd87440477e964b43d5c2200fc8f946c548e4899110c411459a15e0994618;7bc6e83b50d95a6fe3daddf3e5b8cdeebe613f7f14bdb99944e92c55ecf5091f;4d17f0d65b7af9a0a231b254492c968adefa277bc398f096127f029232d11ed0;17c60726c13e13389db2eca31dc893914c3b2cded787361e6dfda9b92e12121b
Reddit-Syn,OCGNN,validation_f1,0.040636507688860415,0.0005215307186732657,c8b75b63-14bf-4f76-9356-43ff9b23f912;0118e069-6a48-4317-b0a8-507485248902;0c0f9520-4830-4403-92b0-b29ad8362ca4;cdf99cfa-40b4-4e88-93dc-20a1efa0ef3a;e5e1b853-51d6-4e43-a4d9-56fabe3c5c5e,02d69949b58aaaa11cc603d2de5311ac5a24e00d0eb5daf5c4341eb3b0aa7fb7;3bbbd87440477e964b43d5c2200fc8f946c548e4899110c411459a15e0994618;7bc6e83b50d95a6fe3daddf3e5b8cdeebe613f7f14bdb99944e92c55ecf5091f;4d17f0d65b7af9a0a231b254492c968adefa277bc398f096127f029232d11ed0;17c60726c13e13389db2eca31dc893914c3b2cded787361e6dfda9b92e12121b
Reddit-Syn,DLG-Base,pr_auc,0.4044386593192305,0.009258330551777863,6ebff5e4-e20b-41df-9495-609fabdb2285;1abf537f-badf-4cbc-827d-92ad0b292616;7a5e8c10-a45e-452e-92ca-f9d125aa3d91;b821f9e8-ab67-433f-b57d-1a92cf4ac1ce;40977e6e-063b-4ce8-857e-7f1528543a61,34459d45eaa3cf4b42a693ddd960138a815271431cb3f5f765f01d0166c31064;c2a5395b1fa5213b1a4f39aef6252f622d6a782edb95ae7937177369506414c3;577b671abc48c931805b722dcdde85eca3055e60ac4e05f42589bce26b1689ca;8a6bb4692a181febd8b4aab431432c1ec5497cf809b3bf39ac507178b930d743;01d2ef643b9702fa91d2cbed11dad65bb8b1280bda476e61a7522ddfa77fa7f0
Reddit-Syn,DLG-Base,roc_auc,0.9690417228229458,0.00044890360734389323,6ebff5e4-e20b-41df-9495-609fabdb2285;1abf537f-badf-4cbc-827d-92ad0b292616;7a5e8c10-a45e-452e-92ca-f9d125aa3d91;b821f9e8-ab67-433f-b57d-1a92cf4ac1ce;40977e6e-063b-4ce8-857e-7f1528543a61,34459d45eaa3cf4b42a693ddd960138a815271431cb3f5f765f01d0166c31064;c2a5395b1fa5213b1a4f39aef6252f622d6a782edb95ae7937177369506414c3;577b671abc48c931805b722dcdde85eca3055e60ac4e05f42589bce26b1689ca;8a6bb4692a181febd8b4aab431432c1ec5497cf809b3bf39ac507178b930d743;01d2ef643b9702fa91d2cbed11dad65bb8b1280bda476e61a7522ddfa77fa7f0
Reddit-Syn,DLG-Base,validation_f1,0.46417502496496743,0.004951642055905394,6ebff5e4-e20b-41df-9495-609fabdb2285;1abf537f-badf-4cbc-827d-92ad0b292616;7a5e8c10-a45e-452e-92ca-f9d125aa3d91;b821f9e8-ab67-433f-b57d-1a92cf4ac1ce;40977e6e-063b-4ce8-857e-7f1528543a61,34459d45eaa3cf4b42a693ddd960138a815271431cb3f5f765f01d0166c31064;c2a5395b1fa5213b1a4f39aef6252f622d6a782edb95ae7937177369506414c3;577b671abc48c931805b722dcdde85eca3055e60ac4e05f42589bce26b1689ca;8a6bb4692a181febd8b4aab431432c1ec5497cf809b3bf39ac507178b930d743;01d2ef643b9702fa91d2cbed11dad65bb8b1280bda476e61a7522ddfa77fa7f0
Reddit-Syn,DLG-Aug,pr_auc,0.338826879759909,0.009134101036918913,907c551e-20da-4b34-89da-dd3576c03945;4aa9b26e-efd2-4e07-b56d-a384bab2be45;b1bbe8b9-822d-46ef-a24d-4ab07e7a8f0a;c1513190-6732-4833-9d09-63ad795a7b3e;d6a5e92a-0e62-45bf-8bc8-27d31f33ad23,fdb130895618193875ede3df95b372d19b3f8e293781d3644f3143158e45dc39;f7836c78324866f94d36c7fc7e87c3c317e40942b0e88364dbdc3466f34686c6;cfa4fce1d2fb9d2f496448823d920eb4780afeb610ffd893d555aae91a4deca5;17011acd4b1476dae40b5e96ac23fc98242ef1dc0f95c0bf75b91d063e86e72d;18fd3723f4f506dd5e0bef88835bc62a95080febad02cbaad0d561950f80ed3e
Reddit-Syn,DLG-Aug,roc_auc,0.9656729119178917,0.0005545518786894361,907c551e-20da-4b34-89da-dd3576c03945;4aa9b26e-efd2-4e07-b56d-a384bab2be45;b1bbe8b9-822d-46ef-a24d-4ab07e7a8f0a;c1513190-6732-4833-9d09-63ad795a7b3e;d6a5e92a-0e62-45bf-8bc8-27d31f33ad23,fdb130895618193875ede3df95b372d19b3f8e293781d3644f3143158e45dc39;f7836c78324866f94d36c7fc7e87c3c317e40942b0e88364dbdc3466f34686c6;cfa4fce1d2fb9d2f496448823d920eb4780afeb610ffd893d555aae91a4deca5;17011acd4b1476dae40b5e96ac23fc98242ef1dc0f95c0bf75b91d063e86e72d;18fd3723f4f506dd5e0bef88835bc62a95080febad02cbaad0d561950f80ed3e
Reddit-Syn,DLG-Aug,validation_f1,0.4288684705779286,0.006191712863710472,907c551e-20da-4b34-89da-dd3576c03945;4aa9b26e-efd2-4e07-b56d-a384bab2be45;b1bbe8b9-822d-46ef-a24d-4ab07e7a8f0a;c1513190-6732-4833-9d09-63ad795a7b3e;d6a5e92a-0e62-45bf-8bc8-27d31f33ad23,fdb130895618193875ede3df95b372d19b3f8e293781d3644f3143158e45dc39;f7836c78324866f94d36c7fc7e87c3c317e40942b0e88364dbdc3466f34686c6;cfa4fce1d2fb9d2f496448823d920eb4780afeb610ffd893d555aae91a4deca5;17011acd4b1476dae40b5e96ac23fc98242ef1dc0f95c0bf75b91d063e86e72d;18fd3723f4f506dd5e0bef88835bc62a95080febad02cbaad0d561950f80ed3e
Flickr-Syn,DOMINANT,pr_auc,0.4610353674271417,0.008011761234517625,38175864-59b6-4082-a24c-7f88e290ea9f;d980d85b-ab6d-45d3-a31f-60a5f1b7ae46;e15e5a89-5911-467c-815d-1c88fb50a256;7c48fd9a-4471-4f62-9220-8ecdaa0fbe5d;14b947f5-2048-45a4-90b5-8ef0f782335f,c03ef305de65a86416c1c56dfd2c41b53c4717174bf387439490878ff6539dbe;9250d2d78a807d9250020ac98bde83feb7e98ca32f9092290e2d820dad26c893;f92dc54c7f234f5b4135bb66611596bc6a2523348e1eb08f248a822edd822643;5e882fb61cc1e9beba847a76d6a8a72406faa39d5f28939181dc65476b02632d;8e545e13abaee69e1fdf0844b36686d88c468568144a6c78a2d2ac59c335c554
Flickr-Syn,DOMINANT,roc_auc,0.9813225335671196,0.0006399234088929637,38175864-59b6-4082-a24c-7f88e290ea9f;d980d85b-ab6d-45d3-a31f-60a5f1b7ae46;e15e5a89-5911-467c-815d-1c88fb50a256;7c48fd9a-4471-4f62-9220-8ecdaa0fbe5d;14b947f5-2048-45a4-90b5-8ef0f782335f,c03ef305de65a86416c1c56dfd2c41b53c4717174bf387439490878ff6539dbe;9250d2d78a807d9250020ac98bde83feb7e98ca32f9092290e2d820dad26c893;f92dc54c7f234f5b4135bb66611596bc6a2523348e1eb08f248a822edd822643;5e882fb61cc1e9beba847a76d6a8a72406faa39d5f28939181dc65476b02632d;8e545e13abaee69e1fdf0844b36686d88c468568144a6c78a2d2ac59c335c554
Flickr-Syn,DOMINANT,validation_f1,0.5161790035746923,0.004427711562345434,38175864-59b6-4082-a24c-7f88e290ea9f;d980d85b-ab6d-45d3-a31f-60a5f1b7ae46;e15e5a89-5911-467c-815d-1c88fb50a256;7c48fd9a-4471-4f62-9220-8ecdaa0fbe5d;14b947f5-2048-45a4-90b5-8ef0f782335f,c03ef305de65a86416c1c56dfd2c41b53c4717174bf387439490878ff6539dbe;9250d2d78a807d9250020ac98bde83feb7e98ca32f9092290e2d820dad26c893;f92dc54c7f234f5b4135bb66611596bc6a2523348e1eb08f248a822edd822643;5e882fb61cc1e9beba847a76d6a8a72406faa39d5f28939181dc65476b02632d;8e545e13abaee69e1fdf0844b36686d88c468568144a6c78a2d2ac59c335c554
Flickr-Syn,AnomalyDAE,pr_auc,0.47612059165674625,0.018473308956059368,0bcf840d-ecca-40d1-881f-f6d0e392f8fe;7f3a587b-d1ed-45b8-b80a-3a8322414bbb;1a975c6c-dfb8-4a17-b8b8-205275aeb2b3;bc0ecc5f-c578-4759-847b-2283d779b982;366cc217-2305-45c9-8438-963f03d972e9,bca99c3ae5bd9828b52ff5efe7cb915980689fb9d28473dec67ab0a1218db343;ab8aeeffa79e9a8a2b0ab7c1561ed8c7f147ce908aa7b9efd2a2858761e35257;bdff0b8e9b5dc06f98038d308a94c1bbf6e29a65e4093ba119394527d0c0d81e;0f3e48bf6fcd89218bf426057fa927e28f52232c18a3a5c46732c181a96fcb70;29f80c0635e76448adbc0981e49678774b88c0be4ffe09882c0f754fe0039778
Flickr-Syn,AnomalyDAE,roc_auc,0.9814484675883958,0.00394928867742726,0bcf840d-ecca-40d1-881f-f6d0e392f8fe;7f3a587b-d1ed-45b8-b80a-3a8322414bbb;1a975c6c-dfb8-4a17-b8b8-205275aeb2b3;bc0ecc5f-c578-4759-847b-2283d779b982;366cc217-2305-45c9-8438-963f03d972e9,bca99c3ae5bd9828b52ff5efe7cb915980689fb9d28473dec67ab0a1218db343;ab8aeeffa79e9a8a2b0ab7c1561ed8c7f147ce908aa7b9efd2a2858761e35257;bdff0b8e9b5dc06f98038d308a94c1bbf6e29a65e4093ba119394527d0c0d81e;0f3e48bf6fcd89218bf426057fa927e28f52232c18a3a5c46732c181a96fcb70;29f80c0635e76448adbc0981e49678774b88c0be4ffe09882c0f754fe0039778
Flickr-Syn,AnomalyDAE,validation_f1,0.5302553430889317,0.017482860663459433,0bcf840d-ecca-40d1-881f-f6d0e392f8fe;7f3a587b-d1ed-45b8-b80a-3a8322414bbb;1a975c6c-dfb8-4a17-b8b8-205275aeb2b3;bc0ecc5f-c578-4759-847b-2283d779b982;366cc217-2305-45c9-8438-963f03d972e9,bca99c3ae5bd9828b52ff5efe7cb915980689fb9d28473dec67ab0a1218db343;ab8aeeffa79e9a8a2b0ab7c1561ed8c7f147ce908aa7b9efd2a2858761e35257;bdff0b8e9b5dc06f98038d308a94c1bbf6e29a65e4093ba119394527d0c0d81e;0f3e48bf6fcd89218bf426057fa927e28f52232c18a3a5c46732c181a96fcb70;29f80c0635e76448adbc0981e49678774b88c0be4ffe09882c0f754fe0039778
Flickr-Syn,CoLA,pr_auc,0.0447248380776478,0.01902669177775788,9abc4e5f-e4ed-44ec-a889-87e56c68e48c;488f70dd-721b-4ed7-ba39-4ecb60766bfb;7aacfe0a-947f-4e08-97a2-8e2590de0379;53c9e28d-addc-420b-9945-d09c472fe171;e45aea94-7c10-439c-b785-a3e529f1da27,6bf61ace3250216e8484539ded50baac7dc1e24a64edc35d4c50f4a916a16a99;0dc2f829c6f0975bdae5c61c83c597349e611af31a2ed5aba3f0927ede9f50ee;85154fdc5e9b64826cb1bdd4d9674f5c838cb9ac9b6eaa0ed18e4ab08d896779;81f6b5dde308f5bcdf1d12401c5f881bed04330d63f48155417334a6fd974266;afaf8c51c17512b3225e400080bd82b299a13396df3a2c1a119facf2af53a672
Flickr-Syn,CoLA,roc_auc,0.3293749171532344,0.10776983046731871,9abc4e5f-e4ed-44ec-a889-87e56c68e48c;488f70dd-721b-4ed7-ba39-4ecb60766bfb;7aacfe0a-947f-4e08-97a2-8e2590de0379;53c9e28d-addc-420b-9945-d09c472fe171;e45aea94-7c10-439c-b785-a3e529f1da27,6bf61ace3250216e8484539ded50baac7dc1e24a64edc35d4c50f4a916a16a99;0dc2f829c6f0975bdae5c61c83c597349e611af31a2ed5aba3f0927ede9f50ee;85154fdc5e9b64826cb1bdd4d9674f5c838cb9ac9b6eaa0ed18e4ab08d896779;81f6b5dde308f5bcdf1d12401c5f881bed04330d63f48155417334a6fd974266;afaf8c51c17512b3225e400080bd82b299a13396df3a2c1a119facf2af53a672
Flickr-Syn,CoLA,validation_f1,0.11411183062936088,0.040575931844877684,9abc4e5f-e4ed-44ec-a889-87e56c68e48c;488f70dd-721b-4ed7-ba39-4ecb60766bfb;7aacfe0a-947f-4e08-97a2-8e2590de0379;53c9e28d-addc-420b-9945-d09c472fe171;e45aea94-7c10-439c-b785-a3e529f1da27,6bf61ace3250216e8484539ded50baac7dc1e24a64edc35d4c50f4a916a16a99;0dc2f829c6f0975bdae5c61c83c597349e611af31a2ed5aba3f0927ede9f50ee;85154fdc5e9b64826cb1bdd4d9674f5c838cb9ac9b6eaa0ed18e4ab08d896779;81f6b5dde308f5bcdf1d12401c5f881bed04330d63f48155417334a6fd974266;afaf8c51c17512b3225e400080bd82b299a13396df3a2c1a119facf2af53a672
Flickr-Syn,OCGNN,pr_auc,0.02471378291716682,0.004592990892977827,ff051c50-3909-4c83-8661-40d3e0af16a1;08fbbe60-7fbc-433d-aa42-ace80cb851c1;12e1055e-f737-46b9-b961-8dc7f6f8837d;b2961fc9-5600-4612-aeb2-9056d186a644;8075afd8-b912-4cc7-b5b5-93a3f2ec564c,dd8357da01cd07a6df8bb6b8c8237e7747a0b80b0ef903e4d754db3ae9b7ae18;18482d594680b261c53a45fbc94ed987f667275e5c6b20056520eeee9121e713;8cf14290deb9acaa28f9377242b510af8cfa09af89fcaa89af72835934e3438e;3d155e242b2d64db1f47a92a23c6bba87727c59b4a1bd8ce0d081d061f9a3ca6;73e2f5e0c8df0d1b2cae44526528d724ee03ee6f05f9e9795ee4e03f237ac2fa
Flickr-Syn,OCGNN,roc_auc,0.5013761711734462,0.07635662190008814,ff051c50-3909-4c83-8661-40d3e0af16a1;08fbbe60-7fbc-433d-aa42-ace80cb851c1;12e1055e-f737-46b9-b961-8dc7f6f8837d;b2961fc9-5600-4612-aeb2-9056d186a644;8075afd8-b912-4cc7-b5b5-93a3f2ec564c,dd8357da01cd07a6df8bb6b8c8237e7747a0b80b0ef903e4d754db3ae9b7ae18;18482d594680b261c53a45fbc94ed987f667275e5c6b20056520eeee9121e713;8cf14290deb9acaa28f9377242b510af8cfa09af89fcaa89af72835934e3438e;3d155e242b2d64db1f47a92a23c6bba87727c59b4a1bd8ce0d081d061f9a3ca6;73e2f5e0c8df0d1b2cae44526528d724ee03ee6f05f9e9795ee4e03f237ac2fa
Flickr-Syn,OCGNN,validation_f1,0.06049942331661993,0.012272186030271201,ff051c50-3909-4c83-8661-40d3e0af16a1;08fbbe60-7fbc-433d-aa42-ace80cb851c1;12e1055e-f737-46b9-b961-8dc7f6f8837d;b2961fc9-5600-4612-aeb2-9056d186a644;8075afd8-b912-4cc7-b5b5-93a3f2ec564c,dd8357da01cd07a6df8bb6b8c8237e7747a0b80b0ef903e4d754db3ae9b7ae18;18482d594680b261c53a45fbc94ed987f667275e5c6b20056520eeee9121e713;8cf14290deb9acaa28f9377242b510af8cfa09af89fcaa89af72835934e3438e;3d155e242b2d64db1f47a92a23c6bba87727c59b4a1bd8ce0d081d061f9a3ca6;73e2f5e0c8df0d1b2cae44526528d724ee03ee6f05f9e9795ee4e03f237ac2fa
Flickr-Syn,DLG-Base,pr_auc,0.4569491255877188,0.012500391606768366,0df701de-e436-46dc-997b-887cedcde280;9547f700-3f3a-47ce-a83c-242d30e47abd;a833dde7-381c-42bf-b28b-da07052b4691;4c226011-09e6-4a8d-8b1e-d2eac2ab68f2;053c1564-b8c5-4a9a-a6a6-e0ed0afca3a2,851fc3b0492a7e36407e016bd0fa25e6206aae63206ed3fa47cbab5834fb9424;1aec3fd45caf46c363b3ae02efa1aa40d4daa85b08254a5352afe2427426f879;0bab09f6cd402d3accd23e6729a7a1e86bbee65d54831a3c960b8699ecd2845c;1800db67a00fba120496a821790683b7bd8abc9a3f3f3b1f4f6c5166967204c5;19f9004af415907178a6d8efd051907b0686e84a31e4d58449afa021100a42a6
Flickr-Syn,DLG-Base,roc_auc,0.9809933944194081,0.0010196678586135521,0df701de-e436-46dc-997b-887cedcde280;9547f700-3f3a-47ce-a83c-242d30e47abd;a833dde7-381c-42bf-b28b-da07052b4691;4c226011-09e6-4a8d-8b1e-d2eac2ab68f2;053c1564-b8c5-4a9a-a6a6-e0ed0afca3a2,851fc3b0492a7e36407e016bd0fa25e6206aae63206ed3fa47cbab5834fb9424;1aec3fd45caf46c363b3ae02efa1aa40d4daa85b08254a5352afe2427426f879;0bab09f6cd402d3accd23e6729a7a1e86bbee65d54831a3c960b8699ecd2845c;1800db67a00fba120496a821790683b7bd8abc9a3f3f3b1f4f6c5166967204c5;19f9004af415907178a6d8efd051907b0686e84a31e4d58449afa021100a42a6
Flickr-Syn,DLG-Base,validation_f1,0.5138378144409124,0.006265619134408013,0df701de-e436-46dc-997b-887cedcde280;9547f700-3f3a-47ce-a83c-242d30e47abd;a833dde7-381c-42bf-b28b-da07052b4691;4c226011-09e6-4a8d-8b1e-d2eac2ab68f2;053c1564-b8c5-4a9a-a6a6-e0ed0afca3a2,851fc3b0492a7e36407e016bd0fa25e6206aae63206ed3fa47cbab5834fb9424;1aec3fd45caf46c363b3ae02efa1aa40d4daa85b08254a5352afe2427426f879;0bab09f6cd402d3accd23e6729a7a1e86bbee65d54831a3c960b8699ecd2845c;1800db67a00fba120496a821790683b7bd8abc9a3f3f3b1f4f6c5166967204c5;19f9004af415907178a6d8efd051907b0686e84a31e4d58449afa021100a42a6
Flickr-Syn,DLG-Aug,pr_auc,0.45991893808604023,0.010724030732557037,de04b5e2-02e4-43dd-a447-75df362bb928;97c38b7b-5ebd-40b0-aba8-9c48ca0df94b;8325ffc1-e156-4aac-b7ce-852aa2f3713a;b6ad8f7b-e4a9-499d-b4ed-d928c49c9fb2;aa71aad1-89c3-494f-9a65-fe3acc88cacb,27e60ad8129eded2eb297f6153c9785fc7b93b1b5f227f8ff64b8945e938e4bd;15f6c04ac0f6fb791eb0d3236d0a12c52ad732e3842ff1b75a95422e0cf6bb16;7a24b4059c32df7f90c14b2649a599cf242e3b83e11f47821dca88261344826c;377b1dfaf07352254f64b4c7506d21375d3e6c861d2b4f1e2e100b22ccd34087;5bf4142d6778c6c4e4ed9d43e8390100a586735ec12ab72e311fdda5e8a3e637
Flickr-Syn,DLG-Aug,roc_auc,0.9811896309869313,0.0004863668090630861,de04b5e2-02e4-43dd-a447-75df362bb928;97c38b7b-5ebd-40b0-aba8-9c48ca0df94b;8325ffc1-e156-4aac-b7ce-852aa2f3713a;b6ad8f7b-e4a9-499d-b4ed-d928c49c9fb2;aa71aad1-89c3-494f-9a65-fe3acc88cacb,27e60ad8129eded2eb297f6153c9785fc7b93b1b5f227f8ff64b8945e938e4bd;15f6c04ac0f6fb791eb0d3236d0a12c52ad732e3842ff1b75a95422e0cf6bb16;7a24b4059c32df7f90c14b2649a599cf242e3b83e11f47821dca88261344826c;377b1dfaf07352254f64b4c7506d21375d3e6c861d2b4f1e2e100b22ccd34087;5bf4142d6778c6c4e4ed9d43e8390100a586735ec12ab72e311fdda5e8a3e637
Flickr-Syn,DLG-Aug,validation_f1,0.5109500890882608,0.004726277696950551,de04b5e2-02e4-43dd-a447-75df362bb928;97c38b7b-5ebd-40b0-aba8-9c48ca0df94b;8325ffc1-e156-4aac-b7ce-852aa2f3713a;b6ad8f7b-e4a9-499d-b4ed-d928c49c9fb2;aa71aad1-89c3-494f-9a65-fe3acc88cacb,27e60ad8129eded2eb297f6153c9785fc7b93b1b5f227f8ff64b8945e938e4bd;15f6c04ac0f6fb791eb0d3236d0a12c52ad732e3842ff1b75a95422e0cf6bb16;7a24b4059c32df7f90c14b2649a599cf242e3b83e11f47821dca88261344826c;377b1dfaf07352254f64b4c7506d21375d3e6c861d2b4f1e2e100b22ccd34087;5bf4142d6778c6c4e4ed9d43e8390100a586735ec12ab72e311fdda5e8a3e637
Cora-Syn,DOMINANT,pr_auc,0.47398609953992676,0.031706501436630924,adfa7e3c-e8ed-4cbf-af8b-b677a009dff0;1e14c90b-87b7-443a-8887-49cd61e80e8f;de954487-8372-41a5-b45a-b118d2abaab0;8f568ba0-7062-4dcb-9595-50ab1ed31273;288bc885-9108-4a70-9f0f-2f90a07576d8,70317e18b04bc87e786c6742a7c4c9c62cd5ef3adc6d49c186dcde2f5270b8f8;a25f4940531aa8042f6e53681990824ca05d5006131f674e878b1b9c1b51d060;3a06763126b54284f6690f883c91c888b366e2e7ae56b2af27c4eb8849f528b7;a428d402a79518b109dc7871e4574bce483c49803d391fba4a9106903a7e7808;4b4dfeba55f758cbb06b3d91c83aacdbd24fa737b7a3806885765fe7d5dbd967
Cora-Syn,DOMINANT,roc_auc,0.984350732864286,0.0016514456088961387,adfa7e3c-e8ed-4cbf-af8b-b677a009dff0;1e14c90b-87b7-443a-8887-49cd61e80e8f;de954487-8372-41a5-b45a-b118d2abaab0;8f568ba0-7062-4dcb-9595-50ab1ed31273;288bc885-9108-4a70-9f0f-2f90a07576d8,70317e18b04bc87e786c6742a7c4c9c62cd5ef3adc6d49c186dcde2f5270b8f8;a25f4940531aa8042f6e53681990824ca05d5006131f674e878b1b9c1b51d060;3a06763126b54284f6690f883c91c888b366e2e7ae56b2af27c4eb8849f528b7;a428d402a79518b109dc7871e4574bce483c49803d391fba4a9106903a7e7808;4b4dfeba55f758cbb06b3d91c83aacdbd24fa737b7a3806885765fe7d5dbd967
Cora-Syn,DOMINANT,validation_f1,0.685203439137267,0.02342835771123463,adfa7e3c-e8ed-4cbf-af8b-b677a009dff0;1e14c90b-87b7-443a-8887-49cd61e80e8f;de954487-8372-41a5-b45a-b118d2abaab0;8f568ba0-7062-4dcb-9595-50ab1ed31273;288bc885-9108-4a70-9f0f-2f90a07576d8,70317e18b04bc87e786c6742a7c4c9c62cd5ef3adc6d49c186dcde2f5270b8f8;a25f4940531aa8042f6e53681990824ca05d5006131f674e878b1b9c1b51d060;3a06763126b54284f6690f883c91c888b366e2e7ae56b2af27c4eb8849f528b7;a428d402a79518b109dc7871e4574bce483c49803d391fba4a9106903a7e7808;4b4dfeba55f758cbb06b3d91c83aacdbd24fa737b7a3806885765fe7d5dbd967
Cora-Syn,AnomalyDAE,pr_auc,0.4494019078157716,0.036865438426426894,758b463d-1d6a-49d1-9f4c-be00daa3a9bc;80888b4a-9ac0-4a4e-bcb2-0aa8db464cbf;fdd9a7d6-39e2-442d-af17-614167aff713;9ca3b997-12b3-4eb3-bff0-adccea38017a;23e4d1cf-dcdb-4baf-b693-3b1fcce353f7,bdc010af254baf074c20d6efdd169a6718e2f31787b068a768ec6ce72f5f594c;f0400c3aee2b64ea37ed97f6c079e73091bb7b895395554586d77db786004370;faab87f14fd050b3be52e7e3418c4680339fac248f5931ec8ac67f7072fb398d;1393b268363be316d9874eb4d46dbc53c2dca516b9ef4536ca80233ef0b4b462;d68b7608436ac482e97d652d458c5fee0a2cceb8ba3e5cc70a093551fc8b39e5
Cora-Syn,AnomalyDAE,roc_auc,0.9618660443237261,0.0036803656637202763,758b463d-1d6a-49d1-9f4c-be00daa3a9bc;80888b4a-9ac0-4a4e-bcb2-0aa8db464cbf;fdd9a7d6-39e2-442d-af17-614167aff713;9ca3b997-12b3-4eb3-bff0-adccea38017a;23e4d1cf-dcdb-4baf-b693-3b1fcce353f7,bdc010af254baf074c20d6efdd169a6718e2f31787b068a768ec6ce72f5f594c;f0400c3aee2b64ea37ed97f6c079e73091bb7b895395554586d77db786004370;faab87f14fd050b3be52e7e3418c4680339fac248f5931ec8ac67f7072fb398d;1393b268363be316d9874eb4d46dbc53c2dca516b9ef4536ca80233ef0b4b462;d68b7608436ac482e97d652d458c5fee0a2cceb8ba3e5cc70a093551fc8b39e5
Cora-Syn,AnomalyDAE,validation_f1,0.4398590816769526,0.05310913684930707,758b463d-1d6a-49d1-9f4c-be00daa3a9bc;80888b4a-9ac0-4a4e-bcb2-0aa8db464cbf;fdd9a7d6-39e2-442d-af17-614167aff713;9ca3b997-12b3-4eb3-bff0-adccea38017a;23e4d1cf-dcdb-4baf-b693-3b1fcce353f7,bdc010af254baf074c20d6efdd169a6718e2f31787b068a768ec6ce72f5f594c;f0400c3aee2b64ea37ed97f6c079e73091bb7b895395554586d77db786004370;faab87f14fd050b3be52e7e3418c4680339fac248f5931ec8ac67f7072fb398d;1393b268363be316d9874eb4d46dbc53c2dca516b9ef4536ca80233ef0b4b462;d68b7608436ac482e97d652d458c5fee0a2cceb8ba3e5cc70a093551fc8b39e5
Cora-Syn,CoLA,pr_auc,0.02990130021318855,0.00038860759059780543,f6e03387-3ccc-446a-9a55-60e31c9b7839;e72a7c42-4984-406c-8007-7054411a5f9c;f3892222-8141-47ae-808d-9df306a30d47;21587f1b-3763-44f7-ab78-d9bd0a3b698a;c49a3f91-af8d-4d63-a960-ebdf1d2b7371,de187946d3460e8ab710e038849b4b9d57ee8b07e5c8930f42aef176b5a27ef4;b3dbe83c0f1052d8bebe36cd02dbcf3ae332af713194f9dc65ee08264280a635;d15f5a4cd975452588c21199f77453f41d25a86107eb40af4cbbc1ba2c171666;43a0b9e75fe83ab6014821274ae54696e1b79aa878e9017590bdbc682cb92214;abfad690bd65e310f3eb558c8968fe30047e69df44e8783d0b968e3a2d401ae4
Cora-Syn,CoLA,roc_auc,0.5078438981809719,0.013302177849528784,f6e03387-3ccc-446a-9a55-60e31c9b7839;e72a7c42-4984-406c-8007-7054411a5f9c;f3892222-8141-47ae-808d-9df306a30d47;21587f1b-3763-44f7-ab78-d9bd0a3b698a;c49a3f91-af8d-4d63-a960-ebdf1d2b7371,de187946d3460e8ab710e038849b4b9d57ee8b07e5c8930f42aef176b5a27ef4;b3dbe83c0f1052d8bebe36cd02dbcf3ae332af713194f9dc65ee08264280a635;d15f5a4cd975452588c21199f77453f41d25a86107eb40af4cbbc1ba2c171666;43a0b9e75fe83ab6014821274ae54696e1b79aa878e9017590bdbc682cb92214;abfad690bd65e310f3eb558c8968fe30047e69df44e8783d0b968e3a2d401ae4
Cora-Syn,CoLA,validation_f1,0.04497369487978939,0.016133114298130476,f6e03387-3ccc-446a-9a55-60e31c9b7839;e72a7c42-4984-406c-8007-7054411a5f9c;f3892222-8141-47ae-808d-9df306a30d47;21587f1b-3763-44f7-ab78-d9bd0a3b698a;c49a3f91-af8d-4d63-a960-ebdf1d2b7371,de187946d3460e8ab710e038849b4b9d57ee8b07e5c8930f42aef176b5a27ef4;b3dbe83c0f1052d8bebe36cd02dbcf3ae332af713194f9dc65ee08264280a635;d15f5a4cd975452588c21199f77453f41d25a86107eb40af4cbbc1ba2c171666;43a0b9e75fe83ab6014821274ae54696e1b79aa878e9017590bdbc682cb92214;abfad690bd65e310f3eb558c8968fe30047e69df44e8783d0b968e3a2d401ae4
Cora-Syn,GADNR,pr_auc,0.09506139510777731,0.09582617370892166,8bb7f456-0079-409d-ad50-76709fc70452;596a7359-9678-4fa1-9946-b765cacd47cc;9063b27a-8255-48b2-b62c-3aaca644aa73;119ecf78-9092-465a-8a6c-86a9b779dd68;137e15cc-f70d-4efb-970e-b4850a1d75ed,f9698159d904b4845e1627518c634cd634f041b0f74d9b3d3f6af6e2a571bb43;73d9353986cbb2bd461e46c6a90d22caa033c4f4317ad700e4afc318c7423a7d;3618f15add594e3e042c7348ebd5300ad36e0678fd286539a1957ecefe301f83;378a91d92281be321f35659581eb40353f5f086747f98d4b26c935eb1183a090;985f9506bfdbb84d52250d7ea9d507792e47250899dbbeabe923aa17d43e7b71
Cora-Syn,GADNR,roc_auc,0.6800163581600135,0.1512874541458273,8bb7f456-0079-409d-ad50-76709fc70452;596a7359-9678-4fa1-9946-b765cacd47cc;9063b27a-8255-48b2-b62c-3aaca644aa73;119ecf78-9092-465a-8a6c-86a9b779dd68;137e15cc-f70d-4efb-970e-b4850a1d75ed,f9698159d904b4845e1627518c634cd634f041b0f74d9b3d3f6af6e2a571bb43;73d9353986cbb2bd461e46c6a90d22caa033c4f4317ad700e4afc318c7423a7d;3618f15add594e3e042c7348ebd5300ad36e0678fd286539a1957ecefe301f83;378a91d92281be321f35659581eb40353f5f086747f98d4b26c935eb1183a090;985f9506bfdbb84d52250d7ea9d507792e47250899dbbeabe923aa17d43e7b71
Cora-Syn,GADNR,validation_f1,0.1596752469749922,0.19027025077044976,8bb7f456-0079-409d-ad50-76709fc70452;596a7359-9678-4fa1-9946-b765cacd47cc;9063b27a-8255-48b2-b62c-3aaca644aa73;119ecf78-9092-465a-8a6c-86a9b779dd68;137e15cc-f70d-4efb-970e-b4850a1d75ed,f9698159d904b4845e1627518c634cd634f041b0f74d9b3d3f6af6e2a571bb43;73d9353986cbb2bd461e46c6a90d22caa033c4f4317ad700e4afc318c7423a7d;3618f15add594e3e042c7348ebd5300ad36e0678fd286539a1957ecefe301f83;378a91d92281be321f35659581eb40353f5f086747f98d4b26c935eb1183a090;985f9506bfdbb84d52250d7ea9d507792e47250899dbbeabe923aa17d43e7b71
Cora-Syn,OCGNN,pr_auc,0.030186345814822144,0.000675847555398768,2462fb24-0bdd-49e2-a998-614d9f5a7ac0;3b7cbee0-640d-4ac5-ae9f-27b42fce9ca1;f05b9e72-e962-4bdb-8a34-593870ed56ad;fa6add70-9c54-442b-b3da-8dac6c48465e;afbfc821-33b2-4f04-9cbf-e0daf39e3828,63b921462c59c0be444f560f29bbae26fb9d3aed771e365c184e463e25811821;03924ad5a21cf7f6390181beb97a60b9b50d899ed94fda98ca342fcacb9199b8;70f565d101a29bf7bc1e3bfb01ee847a02f501ca0fcc1e2e719fcd29864ebefc;020be8b8f8168336cf36881e9237e63ccd50d65677f43cbc04dee30d7f15f89b;39ec9a3d2305626d2a7fc6de65c72b38bac23fa4b3b6f4b5094c89b80ed3a81c
Cora-Syn,OCGNN,roc_auc,0.4916122706458366,0.0075087251467858464,2462fb24-0bdd-49e2-a998-614d9f5a7ac0;3b7cbee0-640d-4ac5-ae9f-27b42fce9ca1;f05b9e72-e962-4bdb-8a34-593870ed56ad;fa6add70-9c54-442b-b3da-8dac6c48465e;afbfc821-33b2-4f04-9cbf-e0daf39e3828,63b921462c59c0be444f560f29bbae26fb9d3aed771e365c184e463e25811821;03924ad5a21cf7f6390181beb97a60b9b50d899ed94fda98ca342fcacb9199b8;70f565d101a29bf7bc1e3bfb01ee847a02f501ca0fcc1e2e719fcd29864ebefc;020be8b8f8168336cf36881e9237e63ccd50d65677f43cbc04dee30d7f15f89b;39ec9a3d2305626d2a7fc6de65c72b38bac23fa4b3b6f4b5094c89b80ed3a81c
Cora-Syn,OCGNN,validation_f1,0.0584579385102507,0.0007371709753743503,2462fb24-0bdd-49e2-a998-614d9f5a7ac0;3b7cbee0-640d-4ac5-ae9f-27b42fce9ca1;f05b9e72-e962-4bdb-8a34-593870ed56ad;fa6add70-9c54-442b-b3da-8dac6c48465e;afbfc821-33b2-4f04-9cbf-e0daf39e3828,63b921462c59c0be444f560f29bbae26fb9d3aed771e365c184e463e25811821;03924ad5a21cf7f6390181beb97a60b9b50d899ed94fda98ca342fcacb9199b8;70f565d101a29bf7bc1e3bfb01ee847a02f501ca0fcc1e2e719fcd29864ebefc;020be8b8f8168336cf36881e9237e63ccd50d65677f43cbc04dee30d7f15f89b;39ec9a3d2305626d2a7fc6de65c72b38bac23fa4b3b6f4b5094c89b80ed3a81c
Cora-Syn,DLG-Base,pr_auc,0.4758137463544309,0.03007262151967391,844c50d7-c138-426a-80bc-697f8110ab9f;b235dea1-5b92-4997-a231-0a08bcd6e7ec;10791486-3bdb-4b67-8e66-ea8bba4a8a85;f7a37188-3b03-434c-951c-d59d9a62aaa6;b2301a17-30e9-4710-a41a-8aa10aa6bdcc,cb36550f8f5e2aae71bca812d4a16d95c5a1b45c083ce93db7267cc00a8072aa;d7d35d454cacb89f4159e21270c49a73d112aed3dc725b9d450e5f52c2ecc9b3;3dd16a0d97ad3c93afb9fbae79342f50df859cfb86015213e75d0ae7dc46601f;ee087e9f881914adeec6a01503e526320386e8248df63e5d0fa6c4e6760eb731;0f8c648d6468a483c78cff64e3d2019117e4b473835652dfa047fae856d8443a
Cora-Syn,DLG-Base,roc_auc,0.9844869352711827,0.0015781950410383744,844c50d7-c138-426a-80bc-697f8110ab9f;b235dea1-5b92-4997-a231-0a08bcd6e7ec;10791486-3bdb-4b67-8e66-ea8bba4a8a85;f7a37188-3b03-434c-951c-d59d9a62aaa6;b2301a17-30e9-4710-a41a-8aa10aa6bdcc,cb36550f8f5e2aae71bca812d4a16d95c5a1b45c083ce93db7267cc00a8072aa;d7d35d454cacb89f4159e21270c49a73d112aed3dc725b9d450e5f52c2ecc9b3;3dd16a0d97ad3c93afb9fbae79342f50df859cfb86015213e75d0ae7dc46601f;ee087e9f881914adeec6a01503e526320386e8248df63e5d0fa6c4e6760eb731;0f8c648d6468a483c78cff64e3d2019117e4b473835652dfa047fae856d8443a
Cora-Syn,DLG-Base,validation_f1,0.6891844925573428,0.02399580512160305,844c50d7-c138-426a-80bc-697f8110ab9f;b235dea1-5b92-4997-a231-0a08bcd6e7ec;10791486-3bdb-4b67-8e66-ea8bba4a8a85;f7a37188-3b03-434c-951c-d59d9a62aaa6;b2301a17-30e9-4710-a41a-8aa10aa6bdcc,cb36550f8f5e2aae71bca812d4a16d95c5a1b45c083ce93db7267cc00a8072aa;d7d35d454cacb89f4159e21270c49a73d112aed3dc725b9d450e5f52c2ecc9b3;3dd16a0d97ad3c93afb9fbae79342f50df859cfb86015213e75d0ae7dc46601f;ee087e9f881914adeec6a01503e526320386e8248df63e5d0fa6c4e6760eb731;0f8c648d6468a483c78cff64e3d2019117e4b473835652dfa047fae856d8443a
Cora-Syn,DLG-Aug,pr_auc,0.47199739510602995,0.03227866817020812,0f4df855-f5db-4586-b68c-bb8ab9e9ced0;47a61e8a-3cd2-4190-9fd5-c502468b635a;929b9590-3c5a-4aed-9d2d-869b0e608227;b9dc46a9-1d5f-4420-9cf0-38d191115608;4dda3181-3212-4d4d-ba57-2778ff13eb02,12b0b2765eb7e833b669f0ebe836d2e3f405da728d391d5dd9993d128d9534ee;6ca5622944906c67efbc8c3696c2a94c83f4f56071a4429558f6af19c72da41c;0a8aad2d528eb9a279aa56eed9199a64b4c5b1ad4b2d7ac259353d339886550b;7868a1c4a07aa80769d67ab80b4e6390ca139280c8998356637831e225f501c8;dc62f0e5535b5555d400c4c1ea3e5e44bd5ae029a34e2577432a5d5c0f20aad0
Cora-Syn,DLG-Aug,roc_auc,0.9842264218326019,0.0016851265054970924,0f4df855-f5db-4586-b68c-bb8ab9e9ced0;47a61e8a-3cd2-4190-9fd5-c502468b635a;929b9590-3c5a-4aed-9d2d-869b0e608227;b9dc46a9-1d5f-4420-9cf0-38d191115608;4dda3181-3212-4d4d-ba57-2778ff13eb02,12b0b2765eb7e833b669f0ebe836d2e3f405da728d391d5dd9993d128d9534ee;6ca5622944906c67efbc8c3696c2a94c83f4f56071a4429558f6af19c72da41c;0a8aad2d528eb9a279aa56eed9199a64b4c5b1ad4b2d7ac259353d339886550b;7868a1c4a07aa80769d67ab80b4e6390ca139280c8998356637831e225f501c8;dc62f0e5535b5555d400c4c1ea3e5e44bd5ae029a34e2577432a5d5c0f20aad0
Cora-Syn,DLG-Aug,validation_f1,0.6865435907860062,0.024965691690085067,0f4df855-f5db-4586-b68c-bb8ab9e9ced0;47a61e8a-3cd2-4190-9fd5-c502468b635a;929b9590-3c5a-4aed-9d2d-869b0e608227;b9dc46a9-1d5f-4420-9cf0-38d191115608;4dda3181-3212-4d4d-ba57-2778ff13eb02,12b0b2765eb7e833b669f0ebe836d2e3f405da728d391d5dd9993d128d9534ee;6ca5622944906c67efbc8c3696c2a94c83f4f56071a4429558f6af19c72da41c;0a8aad2d528eb9a279aa56eed9199a64b4c5b1ad4b2d7ac259353d339886550b;7868a1c4a07aa80769d67ab80b4e6390ca139280c8998356637831e225f501c8;dc62f0e5535b5555d400c4c1ea3e5e44bd5ae029a34e2577432a5d5c0f20aad0
CiteSeer-Syn,DOMINANT,pr_auc,0.5989221324150906,0.0311863619600963,55b942ad-d37a-4820-9119-fdc47a70d7ef;ab977b04-fb47-4186-a0c3-4d111523cb45;2a709b40-8f4a-4136-bd38-e5f9784f8720;08c1c1c9-303f-4c5d-b226-9fcc8ccaa3e3;7d25487c-07fb-44e0-93df-ead743197c50,0ca825e128726ebee76c0bd95b6045c781d64d25b6a4f7ed694b3050463dc883;89034fcb6b28a0c3ae98515cad5f9d2a02d46a8f550b1e932b648c4c2ad77eca;86cd3f484cb3ef672e8661afc9a61f81100709a26edc129c48d5868f927bbc07;7325b3c0c1f3995e5838a95cc2edfad1fe39c5be1ad9fae3a4744dee881db42c;377718bfd1d61a9e229ae2617c642ad0d8b0d4037952b5d4ce6b9ebd56c62652
CiteSeer-Syn,DOMINANT,roc_auc,0.9779702602230482,0.005746395885713109,55b942ad-d37a-4820-9119-fdc47a70d7ef;ab977b04-fb47-4186-a0c3-4d111523cb45;2a709b40-8f4a-4136-bd38-e5f9784f8720;08c1c1c9-303f-4c5d-b226-9fcc8ccaa3e3;7d25487c-07fb-44e0-93df-ead743197c50,0ca825e128726ebee76c0bd95b6045c781d64d25b6a4f7ed694b3050463dc883;89034fcb6b28a0c3ae98515cad5f9d2a02d46a8f550b1e932b648c4c2ad77eca;86cd3f484cb3ef672e8661afc9a61f81100709a26edc129c48d5868f927bbc07;7325b3c0c1f3995e5838a95cc2edfad1fe39c5be1ad9fae3a4744dee881db42c;377718bfd1d61a9e229ae2617c642ad0d8b0d4037952b5d4ce6b9ebd56c62652
CiteSeer-Syn,DOMINANT,validation_f1,0.7489133514257209,0.00973041498794362,55b942ad-d37a-4820-9119-fdc47a70d7ef;ab977b04-fb47-4186-a0c3-4d111523cb45;2a709b40-8f4a-4136-bd38-e5f9784f8720;08c1c1c9-303f-4c5d-b226-9fcc8ccaa3e3;7d25487c-07fb-44e0-93df-ead743197c50,0ca825e128726ebee76c0bd95b6045c781d64d25b6a4f7ed694b3050463dc883;89034fcb6b28a0c3ae98515cad5f9d2a02d46a8f550b1e932b648c4c2ad77eca;86cd3f484cb3ef672e8661afc9a61f81100709a26edc129c48d5868f927bbc07;7325b3c0c1f3995e5838a95cc2edfad1fe39c5be1ad9fae3a4744dee881db42c;377718bfd1d61a9e229ae2617c642ad0d8b0d4037952b5d4ce6b9ebd56c62652
CiteSeer-Syn,AnomalyDAE,pr_auc,0.550710543867505,0.06469778934040721,d40ce374-83ff-4549-9fea-cbf114f3f0d3;fc8d1421-6e12-43f8-ad90-336fde1388ab;7fd88b39-a27c-4fd5-8d5d-43e1b035b984;36fcdc01-6896-419e-a85b-43bcd7783c5a;8ce185e5-3a39-447d-a85d-90d135c2c6e7,bfdb8f7acbe39dbd502e157edeb6cb05aa7bebfd6053d7a202243834427138a9;c20d049651434f699b5d18a2f4e6acc58fb61da3c664135ac40cdab05ea70d05;e263f7eedb52ce7220891cc6f8ff0b4a9c3f891ff539da5fdc0aca44ab522af3;5b01e7319c72549699c228307e428d580f6161f0427b1b1503cf94d9d827e58b;c4e6ebd9e7ce5f60bc5ac80e5db97d8f3ab3d1a0b898b2a59609d33c74a4d97e
CiteSeer-Syn,AnomalyDAE,roc_auc,0.976271375464684,0.005162515218429824,d40ce374-83ff-4549-9fea-cbf114f3f0d3;fc8d1421-6e12-43f8-ad90-336fde1388ab;7fd88b39-a27c-4fd5-8d5d-43e1b035b984;36fcdc01-6896-419e-a85b-43bcd7783c5a;8ce185e5-3a39-447d-a85d-90d135c2c6e7,bfdb8f7acbe39dbd502e157edeb6cb05aa7bebfd6053d7a202243834427138a9;c20d049651434f699b5d18a2f4e6acc58fb61da3c664135ac40cdab05ea70d05;e263f7eedb52ce7220891cc6f8ff0b4a9c3f891ff539da5fdc0aca44ab522af3;5b01e7319c72549699c228307e428d580f6161f0427b1b1503cf94d9d827e58b;c4e6ebd9e7ce5f60bc5ac80e5db97d8f3ab3d1a0b898b2a59609d33c74a4d97e
CiteSeer-Syn,AnomalyDAE,validation_f1,0.5618352612607853,0.041556699377857505,d40ce374-83ff-4549-9fea-cbf114f3f0d3;fc8d1421-6e12-43f8-ad90-336fde1388ab;7fd88b39-a27c-4fd5-8d5d-43e1b035b984;36fcdc01-6896-419e-a85b-43bcd7783c5a;8ce185e5-3a39-447d-a85d-90d135c2c6e7,bfdb8f7acbe39dbd502e157edeb6cb05aa7bebfd6053d7a202243834427138a9;c20d049651434f699b5d18a2f4e6acc58fb61da3c664135ac40cdab05ea70d05;e263f7eedb52ce7220891cc6f8ff0b4a9c3f891ff539da5fdc0aca44ab522af3;5b01e7319c72549699c228307e428d580f6161f0427b1b1503cf94d9d827e58b;c4e6ebd9e7ce5f60bc5ac80e5db97d8f3ab3d1a0b898b2a59609d33c74a4d97e
CiteSeer-Syn,CoLA,pr_auc,0.030369024342743765,0.002233582640185643,d206f363-009e-400d-8477-949aae3856b1;ad8dbd01-80a6-48d7-b550-50704ebc319e;308fa74e-c7a5-48cf-b44f-01c6b5fe372b;e517bee2-92c0-47b2-a72f-b69e3d006858;4a129beb-2a28-4c5c-86b3-010b9dcb2e44,2d6a87a1f7d16f40c8865a2a7220b3d0e3c50e18b380fc448a35690dfff05610;2bdd733e77d735ad40b90b2d499bb636779c5e9832ffd8c3d0d434a319d92357;de2ca9671a93ff2701158b70b917489cf089337603a3e7fda58fd9e6bcbd24bd;4438a7c3b8576ffd8cf718ce676f7a5aef035d291ff581c80a9835c33b7b962d;a13217bcb5adb23dfbfdddc597c2b103c6554a669731cc03fdfed73bd40cd2e0
CiteSeer-Syn,CoLA,roc_auc,0.49622057001239156,0.020912627207469205,d206f363-009e-400d-8477-949aae3856b1;ad8dbd01-80a6-48d7-b550-50704ebc319e;308fa74e-c7a5-48cf-b44f-01c6b5fe372b;e517bee2-92c0-47b2-a72f-b69e3d006858;4a129beb-2a28-4c5c-86b3-010b9dcb2e44,2d6a87a1f7d16f40c8865a2a7220b3d0e3c50e18b380fc448a35690dfff05610;2bdd733e77d735ad40b90b2d499bb636779c5e9832ffd8c3d0d434a319d92357;de2ca9671a93ff2701158b70b917489cf089337603a3e7fda58fd9e6bcbd24bd;4438a7c3b8576ffd8cf718ce676f7a5aef035d291ff581c80a9835c33b7b962d;a13217bcb5adb23dfbfdddc597c2b103c6554a669731cc03fdfed73bd40cd2e0
CiteSeer-Syn,CoLA,validation_f1,0.04118290778651391,0.0159122885220995,d206f363-009e-400d-8477-949aae3856b1;ad8dbd01-80a6-48d7-b550-50704ebc319e;308fa74e-c7a5-48cf-b44f-01c6b5fe372b;e517bee2-92c0-47b2-a72f-b69e3d006858;4a129beb-2a28-4c5c-86b3-010b9dcb2e44,2d6a87a1f7d16f40c8865a2a7220b3d0e3c50e18b380fc448a35690dfff05610;2bdd733e77d735ad40b90b2d499bb636779c5e9832ffd8c3d0d434a319d92357;de2ca9671a93ff2701158b70b917489cf089337603a3e7fda58fd9e6bcbd24bd;4438a7c3b8576ffd8cf718ce676f7a5aef035d291ff581c80a9835c33b7b962d;a13217bcb5adb23dfbfdddc597c2b103c6554a669731cc03fdfed73bd40cd2e0
CiteSeer-Syn,GADNR,pr_auc,0.36624862142404185,0.13716782520069098,9f0be4fd-1afd-4efb-a8f6-51ca176599c5;02fb2b3f-7b4c-4a03-b3e6-26ec0e5cec7b;fe444295-0838-4298-b08a-50c88ebc373e;05ef6878-368d-4684-a487-48dee3b141da;8f5437cb-7d33-468e-b960-a59d7ed76afd,1e67b95702ba9e86453d8b72b09cc39cad8af75aeef40334b08d5fc1d93ab4c0;0334baf3c29eb6e761c2f054e0083b53b3465bdddb132ab4188f85e56e65b03c;1b2e89721e3bde737124f58175c19294ffdfaf57e057936fdb26df2fc13ba54c;0f1175bcef3746a4cc8483267e3cb31af265d9f1c718b050e48edc228e615013;f7ab97e78ec5d0bc16fe0ec3722498c48c3056319a503be53134bf409bb4e57a
CiteSeer-Syn,GADNR,roc_auc,0.9184807930607186,0.029722677446801602,9f0be4fd-1afd-4efb-a8f6-51ca176599c5;02fb2b3f-7b4c-4a03-b3e6-26ec0e5cec7b;fe444295-0838-4298-b08a-50c88ebc373e;05ef6878-368d-4684-a487-48dee3b141da;8f5437cb-7d33-468e-b960-a59d7ed76afd,1e67b95702ba9e86453d8b72b09cc39cad8af75aeef40334b08d5fc1d93ab4c0;0334baf3c29eb6e761c2f054e0083b53b3465bdddb132ab4188f85e56e65b03c;1b2e89721e3bde737124f58175c19294ffdfaf57e057936fdb26df2fc13ba54c;0f1175bcef3746a4cc8483267e3cb31af265d9f1c718b050e48edc228e615013;f7ab97e78ec5d0bc16fe0ec3722498c48c3056319a503be53134bf409bb4e57a
CiteSeer-Syn,GADNR,validation_f1,0.5421662272214822,0.15898980197149376,9f0be4fd-1afd-4efb-a8f6-51ca176599c5;02fb2b3f-7b4c-4a03-b3e6-26ec0e5cec7b;fe444295-0838-4298-b08a-50c88ebc373e;05ef6878-368d-4684-a487-48dee3b141da;8f5437cb-7d33-468e-b960-a59d7ed76afd,1e67b95702ba9e86453d8b72b09cc39cad8af75aeef40334b08d5fc1d93ab4c0;0334baf3c29eb6e761c2f054e0083b53b3465bdddb132ab4188f85e56e65b03c;1b2e89721e3bde737124f58175c19294ffdfaf57e057936fdb26df2fc13ba54c;0f1175bcef3746a4cc8483267e3cb31af265d9f1c718b050e48edc228e615013;f7ab97e78ec5d0bc16fe0ec3722498c48c3056319a503be53134bf409bb4e57a
CiteSeer-Syn,OCGNN,pr_auc,0.030077056413985885,4.226695969164065e-05,c994b8e3-a537-46be-9455-0a83144084af;d4bea412-fb9c-43f4-9f01-bceedf948f01;fa97a179-bc7b-45f2-a0fc-782513ab7bb8;ad0f1573-0b9f-49d5-bcf7-5bcaadb6b0f1;31d4e889-1f5f-4686-abbe-fbb790bb1a45,d5d7cd54ace295b618b2137774e1200d4f95ea52681e931373f2a8ef6f283c01;15544c43bfd433b609ad6b6391c8a18a5eaa721782ade0cd031988bb085a5673;bafee90e8f06ec8047b8bbd72d389d714f055d88c3551acbaac9eac522824d56;14618e7b3531bd97112610f841ca2e8ecc92595345527169c08c0305ad323d73;9f46920bc6a494745d19564ca5972d4f80b21c42fdc098cd1cfad152867d4ed9
CiteSeer-Syn,OCGNN,roc_auc,0.4994423791821561,0.0018525299117380558,c994b8e3-a537-46be-9455-0a83144084af;d4bea412-fb9c-43f4-9f01-bceedf948f01;fa97a179-bc7b-45f2-a0fc-782513ab7bb8;ad0f1573-0b9f-49d5-bcf7-5bcaadb6b0f1;31d4e889-1f5f-4686-abbe-fbb790bb1a45,d5d7cd54ace295b618b2137774e1200d4f95ea52681e931373f2a8ef6f283c01;15544c43bfd433b609ad6b6391c8a18a5eaa721782ade0cd031988bb085a5673;bafee90e8f06ec8047b8bbd72d389d714f055d88c3551acbaac9eac522824d56;14618e7b3531bd97112610f841ca2e8ecc92595345527169c08c0305ad323d73;9f46920bc6a494745d19564ca5972d4f80b21c42fdc098cd1cfad152867d4ed9
CiteSeer-Syn,OCGNN,validation_f1,0.05839767916990812,7.966564175989686e-05,c994b8e3-a537-46be-9455-0a83144084af;d4bea412-fb9c-43f4-9f01-bceedf948f01;fa97a179-bc7b-45f2-a0fc-782513ab7bb8;ad0f1573-0b9f-49d5-bcf7-5bcaadb6b0f1;31d4e889-1f5f-4686-abbe-fbb790bb1a45,d5d7cd54ace295b618b2137774e1200d4f95ea52681e931373f2a8ef6f283c01;15544c43bfd433b609ad6b6391c8a18a5eaa721782ade0cd031988bb085a5673;bafee90e8f06ec8047b8bbd72d389d714f055d88c3551acbaac9eac522824d56;14618e7b3531bd97112610f841ca2e8ecc92595345527169c08c0305ad323d73;9f46920bc6a494745d19564ca5972d4f80b21c42fdc098cd1cfad152867d4ed9
CiteSeer-Syn,DLG-Base,pr_auc,0.6004435547534234,0.03288828406649501,fdee4a5e-b2f6-42c5-a882-8ea5d0e7be23;cb970229-4ab3-4b11-b5a5-b7ceeec8c711;227b6da1-75af-48cf-8e69-d8bc8efe14ef;12aa8158-ac27-4f04-bbde-605e2886112a;0139bac0-231b-426a-8be6-50c4b482c569,053d9e74915371521586737b17b16b825ffbfc7224ec89fbd879e92a42671777;d1d7be31a3b5eb507b0284820a1fa3b08e5fee4c84e7e1e09195484f4d207ea1;396e70253260b215008805c913343f12788a0997106199453f75e79db283a7a0;d689da4ab409448ab9ebc917f8ab611836a9c93f6527ef4ca0c129592399da79;3da408b8289d8894c777f472189aadcbb25c43e6e76c0bf7e0170da809c3cae4
CiteSeer-Syn,DLG-Base,roc_auc,0.9777472118959107,0.005756551689322555,fdee4a5e-b2f6-42c5-a882-8ea5d0e7be23;cb970229-4ab3-4b11-b5a5-b7ceeec8c711;227b6da1-75af-48cf-8e69-d8bc8efe14ef;12aa8158-ac27-4f04-bbde-605e2886112a;0139bac0-231b-426a-8be6-50c4b482c569,053d9e74915371521586737b17b16b825ffbfc7224ec89fbd879e92a42671777;d1d7be31a3b5eb507b0284820a1fa3b08e5fee4c84e7e1e09195484f4d207ea1;396e70253260b215008805c913343f12788a0997106199453f75e79db283a7a0;d689da4ab409448ab9ebc917f8ab611836a9c93f6527ef4ca0c129592399da79;3da408b8289d8894c777f472189aadcbb25c43e6e76c0bf7e0170da809c3cae4
CiteSeer-Syn,DLG-Base,validation_f1,0.7501667341347367,0.008795297166614365,fdee4a5e-b2f6-42c5-a882-8ea5d0e7be23;cb970229-4ab3-4b11-b5a5-b7ceeec8c711;227b6da1-75af-48cf-8e69-d8bc8efe14ef;12aa8158-ac27-4f04-bbde-605e2886112a;0139bac0-231b-426a-8be6-50c4b482c569,053d9e74915371521586737b17b16b825ffbfc7224ec89fbd879e92a42671777;d1d7be31a3b5eb507b0284820a1fa3b08e5fee4c84e7e1e09195484f4d207ea1;396e70253260b215008805c913343f12788a0997106199453f75e79db283a7a0;d689da4ab409448ab9ebc917f8ab611836a9c93f6527ef4ca0c129592399da79;3da408b8289d8894c777f472189aadcbb25c43e6e76c0bf7e0170da809c3cae4
CiteSeer-Syn,DLG-Aug,pr_auc,0.5991523409501472,0.030852323707817614,04203a49-2858-47e1-b8e4-f582051ef4d9;4f6c16a1-b8e4-4595-a6ff-9199cdf2f120;458f6e53-9d63-4a28-8336-9ad6d8b4d6fd;1e9626a5-11d1-4d54-bdd8-59715000dbbf;2f0be04e-14d7-4143-a26d-a3cd458f1811,40464507ecd9ca77fefeb2b276c769c5329ab9c6b028eddfa89ca1699650bdd6;1e47f7b08449bf4c52de876450f08946b2ec0cc05fb5854b47e5bbfc98331a03;fb7a8fc14fc3cdda003127321c9e51e5b30144e21d67c66b114465976a598c76;1789947fd4f22a8a4fdde1723b121f53783ede8b91d47e2c1c8128495d9adbaf;e8e69f499cd1b9f077ebf0ca4c22d1ee864dbaa5c1bb3ee5e04360e894e02599
CiteSeer-Syn,DLG-Aug,roc_auc,0.9778612143742256,0.005811928666377061,04203a49-2858-47e1-b8e4-f582051ef4d9;4f6c16a1-b8e4-4595-a6ff-9199cdf2f120;458f6e53-9d63-4a28-8336-9ad6d8b4d6fd;1e9626a5-11d1-4d54-bdd8-59715000dbbf;2f0be04e-14d7-4143-a26d-a3cd458f1811,40464507ecd9ca77fefeb2b276c769c5329ab9c6b028eddfa89ca1699650bdd6;1e47f7b08449bf4c52de876450f08946b2ec0cc05fb5854b47e5bbfc98331a03;fb7a8fc14fc3cdda003127321c9e51e5b30144e21d67c66b114465976a598c76;1789947fd4f22a8a4fdde1723b121f53783ede8b91d47e2c1c8128495d9adbaf;e8e69f499cd1b9f077ebf0ca4c22d1ee864dbaa5c1bb3ee5e04360e894e02599
CiteSeer-Syn,DLG-Aug,validation_f1,0.7489133514257209,0.00973041498794362,04203a49-2858-47e1-b8e4-f582051ef4d9;4f6c16a1-b8e4-4595-a6ff-9199cdf2f120;458f6e53-9d63-4a28-8336-9ad6d8b4d6fd;1e9626a5-11d1-4d54-bdd8-59715000dbbf;2f0be04e-14d7-4143-a26d-a3cd458f1811,40464507ecd9ca77fefeb2b276c769c5329ab9c6b028eddfa89ca1699650bdd6;1e47f7b08449bf4c52de876450f08946b2ec0cc05fb5854b47e5bbfc98331a03;fb7a8fc14fc3cdda003127321c9e51e5b30144e21d67c66b114465976a598c76;1789947fd4f22a8a4fdde1723b121f53783ede8b91d47e2c1c8128495d9adbaf;e8e69f499cd1b9f077ebf0ca4c22d1ee864dbaa5c1bb3ee5e04360e894e02599
PubMed-Syn,DOMINANT,pr_auc,0.16071207818114067,0.005591627406833029,4d31453f-08a7-41c4-bdf2-014e5588ed0f;143cf8e1-a292-48cc-bc8a-bba452dfd262;085ee73f-5dd4-42e7-b14b-3c4822a19cff;7f5aeaea-fc5d-445b-aa0c-48a4cc3461bc;ee2b4611-cc12-4ff5-ae29-1721d10dca3e,e9c02520fbfd072a329058fb30eb5fee6dcaebb576e76ce4949975db5d0feb58;e8bf3da11dda609067000ba08450468fcbf584d69a10000af1b9dd2101f53af0;cc799e441b5a75419db57a1c1b3887ee23d8b162f917951c0efdf4cea7b558a9;932da4df858d62f828e7db67814c4c017a39e651c2d37f15dd027a6b9b39b241;c58d3d142dc05cdff6c263fb9923e116262844633e91290565fb5766c1d87d91
PubMed-Syn,DOMINANT,roc_auc,0.9264732668986041,0.0026361539637865324,4d31453f-08a7-41c4-bdf2-014e5588ed0f;143cf8e1-a292-48cc-bc8a-bba452dfd262;085ee73f-5dd4-42e7-b14b-3c4822a19cff;7f5aeaea-fc5d-445b-aa0c-48a4cc3461bc;ee2b4611-cc12-4ff5-ae29-1721d10dca3e,e9c02520fbfd072a329058fb30eb5fee6dcaebb576e76ce4949975db5d0feb58;e8bf3da11dda609067000ba08450468fcbf584d69a10000af1b9dd2101f53af0;cc799e441b5a75419db57a1c1b3887ee23d8b162f917951c0efdf4cea7b558a9;932da4df858d62f828e7db67814c4c017a39e651c2d37f15dd027a6b9b39b241;c58d3d142dc05cdff6c263fb9923e116262844633e91290565fb5766c1d87d91
PubMed-Syn,DOMINANT,validation_f1,0.35431777291119615,0.004049064388856291,4d31453f-08a7-41c4-bdf2-014e5588ed0f;143cf8e1-a292-48cc-bc8a-bba452dfd262;085ee73f-5dd4-42e7-b14b-3c4822a19cff;7f5aeaea-fc5d-445b-aa0c-48a4cc3461bc;ee2b4611-cc12-4ff5-ae29-1721d10dca3e,e9c02520fbfd072a329058fb30eb5fee6dcaebb576e76ce4949975db5d0feb58;e8bf3da11dda609067000ba08450468fcbf584d69a10000af1b9dd2101f53af0;cc799e441b5a75419db57a1c1b3887ee23d8b162f917951c0efdf4cea7b558a9;932da4df858d62f828e7db67814c4c017a39e651c2d37f15dd027a6b9b39b241;c58d3d142dc05cdff6c263fb9923e116262844633e91290565fb5766c1d87d91
PubMed-Syn,AnomalyDAE,pr_auc,0.6836831529964004,0.015225958874561985,8150c5ac-82b1-47a6-9b9d-901dc270ab0e;e826e9ce-8c90-4f89-8eff-24dcf8f77644;3e6aa8aa-e391-436d-982e-4135ac780767;eda5644d-3795-40fd-8fe6-fc46154db200;8eb81e40-8cd8-416e-822d-a62881c89764,2d6887578753fb16f16205d45dc829d723bacde3f737cb4d3d1db3e6efcd0e90;4239ebed2bea9ba84d205d1f24672406556591792a6cb4e410c46980603d5eb7;1f8f15c42ed58f688eda2888efc388c5e1fb7181b16bb7c8c864b483b2a195d0;39768971973e02d62de24aab1027497a411360a76af2b7c8e583c0c8698ecf16;dcfee4efd35f8e0838f1d8f9ad42e7a1524da02e052f12652264170ded2c76c3
PubMed-Syn,AnomalyDAE,roc_auc,0.9885986177016711,0.00023751406711861213,8150c5ac-82b1-47a6-9b9d-901dc270ab0e;e826e9ce-8c90-4f89-8eff-24dcf8f77644;3e6aa8aa-e391-436d-982e-4135ac780767;eda5644d-3795-40fd-8fe6-fc46154db200;8eb81e40-8cd8-416e-822d-a62881c89764,2d6887578753fb16f16205d45dc829d723bacde3f737cb4d3d1db3e6efcd0e90;4239ebed2bea9ba84d205d1f24672406556591792a6cb4e410c46980603d5eb7;1f8f15c42ed58f688eda2888efc388c5e1fb7181b16bb7c8c864b483b2a195d0;39768971973e02d62de24aab1027497a411360a76af2b7c8e583c0c8698ecf16;dcfee4efd35f8e0838f1d8f9ad42e7a1524da02e052f12652264170ded2c76c3
PubMed-Syn,AnomalyDAE,validation_f1,0.6778702415540409,0.0057312696369584875,8150c5ac-82b1-47a6-9b9d-901dc270ab0e;e826e9ce-8c90-4f89-8eff-24dcf8f77644;3e6aa8aa-e391-436d-982e-4135ac780767;eda5644d-3795-40fd-8fe6-fc46154db200;8eb81e40-8cd8-416e-822d-a62881c89764,2d6887578753fb16f16205d45dc829d723bacde3f737cb4d3d1db3e6efcd0e90;4239ebed2bea9ba84d205d1f24672406556591792a6cb4e410c46980603d5eb7;1f8f15c42ed58f688eda2888efc388c5e1fb7181b16bb7c8c864b483b2a195d0;39768971973e02d62de24aab1027497a411360a76af2b7c8e583c0c8698ecf16;dcfee4efd35f8e0838f1d8f9ad42e7a1524da02e052f12652264170ded2c76c3
PubMed-Syn,CoLA,pr_auc,0.07046513312443813,0.01859500872047977,dbc49dd4-4b8e-44cf-9821-be1eb07c861c;a3bb52eb-7948-4de9-931c-2c272239fff7;999528a6-928a-4363-b48e-598868d33473;680fb920-d21a-4088-8ce5-819025d6de8a;ef532162-7217-4f56-94e7-61ca223b3331,4b5e17615db08f67484ff4710aa393d08c5ccb90dba6509fb33cdd38c4b2bb88;a1cde88e101e6a655a4811eec59431370ca1604b70a031640822bdc6a60027fc;2a9450d23ae444c82451801c979ae6dcfb2681a15c7405d4ea7b884cb865c72c;a597e5dc67174e45343ebf2b46e2141967d7c1afd2b106c326951c3f85807088;916f79d0be907f12de8821cd2b51adba34feb188a45204a34f643083a4923a5b
PubMed-Syn,CoLA,roc_auc,0.5559705763485958,0.023202870265283705,dbc49dd4-4b8e-44cf-9821-be1eb07c861c;a3bb52eb-7948-4de9-931c-2c272239fff7;999528a6-928a-4363-b48e-598868d33473;680fb920-d21a-4088-8ce5-819025d6de8a;ef532162-7217-4f56-94e7-61ca223b3331,4b5e17615db08f67484ff4710aa393d08c5ccb90dba6509fb33cdd38c4b2bb88;a1cde88e101e6a655a4811eec59431370ca1604b70a031640822bdc6a60027fc;2a9450d23ae444c82451801c979ae6dcfb2681a15c7405d4ea7b884cb865c72c;a597e5dc67174e45343ebf2b46e2141967d7c1afd2b106c326951c3f85807088;916f79d0be907f12de8821cd2b51adba34feb188a45204a34f643083a4923a5b
PubMed-Syn,CoLA,validation_f1,0.11112500426389109,0.015407725889572841,dbc49dd4-4b8e-44cf-9821-be1eb07c861c;a3bb52eb-7948-4de9-931c-2c272239fff7;999528a6-928a-4363-b48e-598868d33473;680fb920-d21a-4088-8ce5-819025d6de8a;ef532162-7217-4f56-94e7-61ca223b3331,4b5e17615db08f67484ff4710aa393d08c5ccb90dba6509fb33cdd38c4b2bb88;a1cde88e101e6a655a4811eec59431370ca1604b70a031640822bdc6a60027fc;2a9450d23ae444c82451801c979ae6dcfb2681a15c7405d4ea7b884cb865c72c;a597e5dc67174e45343ebf2b46e2141967d7c1afd2b106c326951c3f85807088;916f79d0be907f12de8821cd2b51adba34feb188a45204a34f643083a4923a5b
PubMed-Syn,GADNR,pr_auc,0.10142639431758177,0.03510885654925912,f99bcd19-c636-4c4d-8209-4951650a6b75;feb87ed4-16ac-489c-a7dc-d6b1c65b914f;c856844d-0f18-4dc5-bd0f-62b2600df7e8;783d0725-cc8d-4b0a-aeb8-0d0d40a24c10;b9101efe-8150-4219-80f2-a32343d941a7,f1d1aa889885d58048654c20c573dbf5d9e0b781ccd1cae59e95833d1acc89b8;2ba7d88dc5c77d0218da3261374b1c33f11d88edb439f548d6d3d8cff30f734d;8643a259dbc6d76f43971344de432edce7c1d977fcf564d83138053171b8bf35;b26028fa67376e2d4ac3942e3aa4917eee4b465366ca961828e1d3e34f4bf8ac;42a4ed732edde953d39c559688de1ee256dbfe06013ef6080e4476ee158d8ce9
PubMed-Syn,GADNR,roc_auc,0.8221504404645156,0.11958684474139386,f99bcd19-c636-4c4d-8209-4951650a6b75;feb87ed4-16ac-489c-a7dc-d6b1c65b914f;c856844d-0f18-4dc5-bd0f-62b2600df7e8;783d0725-cc8d-4b0a-aeb8-0d0d40a24c10;b9101efe-8150-4219-80f2-a32343d941a7,f1d1aa889885d58048654c20c573dbf5d9e0b781ccd1cae59e95833d1acc89b8;2ba7d88dc5c77d0218da3261374b1c33f11d88edb439f548d6d3d8cff30f734d;8643a259dbc6d76f43971344de432edce7c1d977fcf564d83138053171b8bf35;b26028fa67376e2d4ac3942e3aa4917eee4b465366ca961828e1d3e34f4bf8ac;42a4ed732edde953d39c559688de1ee256dbfe06013ef6080e4476ee158d8ce9
PubMed-Syn,GADNR,validation_f1,0.245511536391061,0.10008493002197402,f99bcd19-c636-4c4d-8209-4951650a6b75;feb87ed4-16ac-489c-a7dc-d6b1c65b914f;c856844d-0f18-4dc5-bd0f-62b2600df7e8;783d0725-cc8d-4b0a-aeb8-0d0d40a24c10;b9101efe-8150-4219-80f2-a32343d941a7,f1d1aa889885d58048654c20c573dbf5d9e0b781ccd1cae59e95833d1acc89b8;2ba7d88dc5c77d0218da3261374b1c33f11d88edb439f548d6d3d8cff30f734d;8643a259dbc6d76f43971344de432edce7c1d977fcf564d83138053171b8bf35;b26028fa67376e2d4ac3942e3aa4917eee4b465366ca961828e1d3e34f4bf8ac;42a4ed732edde953d39c559688de1ee256dbfe06013ef6080e4476ee158d8ce9
PubMed-Syn,OCGNN,pr_auc,0.030048944739918614,2.030501414346305e-05,f38bd113-23f8-4032-a6ce-2b1dcd9214e1;5f7a239a-8c0d-47bc-99d2-23fb615a037c;b81af452-2f84-4e4c-9803-d393aaa7aacb;7fb503dc-2999-434b-9572-58a2713224a1;40b89b9e-ac99-4d2e-adab-34260c3befb2,b90ddb3c8bf7c43cdb87637a8cef5de1571afdca62e73166b0f58a55ee2d0685;66e2906b12f0da41dec7a75a82b6acc5be2fc72b27ac5b3b7dcac83d1c75c8fa;d2a1df74945fb0cca0a7a155e7ba0b163b094e49f17421fc6de4c9c8f19b6925;835cf801d03efc56ad0c8d3412ca7f140e65fa100f9bb0b5a3f6384769537f42;180b5875ac897193e5d7f8d29815c7d7bd0f44d8f6f0e781b39bc2f58e96a0b7
PubMed-Syn,OCGNN,roc_auc,0.4999895430304298,0.000422699632571542,f38bd113-23f8-4032-a6ce-2b1dcd9214e1;5f7a239a-8c0d-47bc-99d2-23fb615a037c;b81af452-2f84-4e4c-9803-d393aaa7aacb;7fb503dc-2999-434b-9572-58a2713224a1;40b89b9e-ac99-4d2e-adab-34260c3befb2,b90ddb3c8bf7c43cdb87637a8cef5de1571afdca62e73166b0f58a55ee2d0685;66e2906b12f0da41dec7a75a82b6acc5be2fc72b27ac5b3b7dcac83d1c75c8fa;d2a1df74945fb0cca0a7a155e7ba0b163b094e49f17421fc6de4c9c8f19b6925;835cf801d03efc56ad0c8d3412ca7f140e65fa100f9bb0b5a3f6384769537f42;180b5875ac897193e5d7f8d29815c7d7bd0f44d8f6f0e781b39bc2f58e96a0b7
PubMed-Syn,OCGNN,validation_f1,0.05834469226882237,3.827436178766024e-05,f38bd113-23f8-4032-a6ce-2b1dcd9214e1;5f7a239a-8c0d-47bc-99d2-23fb615a037c;b81af452-2f84-4e4c-9803-d393aaa7aacb;7fb503dc-2999-434b-9572-58a2713224a1;40b89b9e-ac99-4d2e-adab-34260c3befb2,b90ddb3c8bf7c43cdb87637a8cef5de1571afdca62e73166b0f58a55ee2d0685;66e2906b12f0da41dec7a75a82b6acc5be2fc72b27ac5b3b7dcac83d1c75c8fa;d2a1df74945fb0cca0a7a155e7ba0b163b094e49f17421fc6de4c9c8f19b6925;835cf801d03efc56ad0c8d3412ca7f140e65fa100f9bb0b5a3f6384769537f42;180b5875ac897193e5d7f8d29815c7d7bd0f44d8f6f0e781b39bc2f58e96a0b7
PubMed-Syn,DLG-Base,pr_auc,0.162318363943243,0.005979162592184565,94730787-3412-41ef-bdf0-00756ee21201;41867621-9c82-4cb8-9f4c-0da36d277845;feff0a36-53fa-4673-b1ae-cd1f867d0bf3;77fcba32-9f65-4067-86ac-e1734fb4f8a9;6a11c234-3bf1-425a-9af7-ff834279a582,e86c736bcf2bb99c59c0ab384e8daab490510da61785cd02352ff7526e858b8d;8f40d1573a4ecd0e90745aec897913538e1c3c64ea4ca552d53c1b8cb371d20b;1bfa0421fafc2aed96450f3463f5f01c39c74f4e10de3436b423a987b00e2657;435a48f2f9a1a5f80c414657e3fea323b0a0a443ef96ec7eb811bf9fec0c8bfa;6e2478ade50f3597f350c246e1dbce024289ce250f01ff1ca7adbbd050cbcea4
PubMed-Syn,DLG-Base,roc_auc,0.9271838462429803,0.002722366854327746,94730787-3412-41ef-bdf0-00756ee21201;41867621-9c82-4cb8-9f4c-0da36d277845;feff0a36-53fa-4673-b1ae-cd1f867d0bf3;77fcba32-9f65-4067-86ac-e1734fb4f8a9;6a11c234-3bf1-425a-9af7-ff834279a582,e86c736bcf2bb99c59c0ab384e8daab490510da61785cd02352ff7526e858b8d;8f40d1573a4ecd0e90745aec897913538e1c3c64ea4ca552d53c1b8cb371d20b;1bfa0421fafc2aed96450f3463f5f01c39c74f4e10de3436b423a987b00e2657;435a48f2f9a1a5f80c414657e3fea323b0a0a443ef96ec7eb811bf9fec0c8bfa;6e2478ade50f3597f350c246e1dbce024289ce250f01ff1ca7adbbd050cbcea4
PubMed-Syn,DLG-Base,validation_f1,0.3560533768408036,0.0050431053121247835,94730787-3412-41ef-bdf0-00756ee21201;41867621-9c82-4cb8-9f4c-0da36d277845;feff0a36-53fa-4673-b1ae-cd1f867d0bf3;77fcba32-9f65-4067-86ac-e1734fb4f8a9;6a11c234-3bf1-425a-9af7-ff834279a582,e86c736bcf2bb99c59c0ab384e8daab490510da61785cd02352ff7526e858b8d;8f40d1573a4ecd0e90745aec897913538e1c3c64ea4ca552d53c1b8cb371d20b;1bfa0421fafc2aed96450f3463f5f01c39c74f4e10de3436b423a987b00e2657;435a48f2f9a1a5f80c414657e3fea323b0a0a443ef96ec7eb811bf9fec0c8bfa;6e2478ade50f3597f350c246e1dbce024289ce250f01ff1ca7adbbd050cbcea4
PubMed-Syn,DLG-Aug,pr_auc,0.16050077638134005,0.005755108464885524,40db937a-2734-46d4-ae8b-8348312e5d71;407b2a88-a571-4c68-bf0b-7424acfe6cb0;b06c4070-5964-41fa-b5c8-bc98f38373e8;5cee9617-42ef-48ec-adac-bda80ca4c458;64008465-817e-4ee7-b15c-cc1a0c533d84,2e78778bd471d8fc59ab19760bc1be6028f208ae5197a80e1afe83e9b2289b67;b00299b484febd539222829213ab6838ce79f4956975cea29700e9901f9f6f5e;bd34fb5937564c0c2916edfffc5da69a650a62373a6a8ef498f50094eba6da4f;c5a8e52e2ff598e3eab08c49bfa99509204f563e97801c4213e7ba1bb8d349b2;0b30cb55b807962fa4df7e81ec3d9115665a69964a2f693fda9e1473c6d39eb9
PubMed-Syn,DLG-Aug,roc_auc,0.9263726538940907,0.0027052847441870723,40db937a-2734-46d4-ae8b-8348312e5d71;407b2a88-a571-4c68-bf0b-7424acfe6cb0;b06c4070-5964-41fa-b5c8-bc98f38373e8;5cee9617-42ef-48ec-adac-bda80ca4c458;64008465-817e-4ee7-b15c-cc1a0c533d84,2e78778bd471d8fc59ab19760bc1be6028f208ae5197a80e1afe83e9b2289b67;b00299b484febd539222829213ab6838ce79f4956975cea29700e9901f9f6f5e;bd34fb5937564c0c2916edfffc5da69a650a62373a6a8ef498f50094eba6da4f;c5a8e52e2ff598e3eab08c49bfa99509204f563e97801c4213e7ba1bb8d349b2;0b30cb55b807962fa4df7e81ec3d9115665a69964a2f693fda9e1473c6d39eb9
PubMed-Syn,DLG-Aug,validation_f1,0.35431001421593616,0.004012806726151879,40db937a-2734-46d4-ae8b-8348312e5d71;407b2a88-a571-4c68-bf0b-7424acfe6cb0;b06c4070-5964-41fa-b5c8-bc98f38373e8;5cee9617-42ef-48ec-adac-bda80ca4c458;64008465-817e-4ee7-b15c-cc1a0c533d84,2e78778bd471d8fc59ab19760bc1be6028f208ae5197a80e1afe83e9b2289b67;b00299b484febd539222829213ab6838ce79f4956975cea29700e9901f9f6f5e;bd34fb5937564c0c2916edfffc5da69a650a62373a6a8ef498f50094eba6da4f;c5a8e52e2ff598e3eab08c49bfa99509204f563e97801c4213e7ba1bb8d349b2;0b30cb55b807962fa4df7e81ec3d9115665a69964a2f693fda9e1473c6d39eb9
LANL-RedTeam,DOMINANT,pr_auc,0.1348162,0.03945447139881613,cac7b2b7-9093-4a36-a002-1b582847e830;9ae61097-4df9-44fc-a9dc-170021fa359d;a227b7ef-4e4f-420c-a7ec-6ab43ecc7e58;1a506403-e22f-47e6-bd6f-046b20308fab;84e9343c-3616-48a7-bb30-f7868b72d924,564a332ba7948a12b28e77ef69e6254fa076b24542c105cfa774d8c11275d15b;715a75d259d3cf85c4e952d7dec46d13854957a30a57516f8b514bb4bf5986e7;f430b6c3ea6a773e93bae0c5a10947b82f71693e254e96427beedbdfdb3619c3;119608e88d10c79d697dc7434601122eb20ff4a2d701672c7ea561225ebebac5;91799919f4aadcb8fa8c3224acbccf731fbfa26dd1517391b6947339f23e5aae
LANL-RedTeam,DOMINANT,roc_auc,0.7997420000000001,0.023685028165488873,cac7b2b7-9093-4a36-a002-1b582847e830;9ae61097-4df9-44fc-a9dc-170021fa359d;a227b7ef-4e4f-420c-a7ec-6ab43ecc7e58;1a506403-e22f-47e6-bd6f-046b20308fab;84e9343c-3616-48a7-bb30-f7868b72d924,564a332ba7948a12b28e77ef69e6254fa076b24542c105cfa774d8c11275d15b;715a75d259d3cf85c4e952d7dec46d13854957a30a57516f8b514bb4bf5986e7;f430b6c3ea6a773e93bae0c5a10947b82f71693e254e96427beedbdfdb3619c3;119608e88d10c79d697dc7434601122eb20ff4a2d701672c7ea561225ebebac5;91799919f4aadcb8fa8c3224acbccf731fbfa26dd1517391b6947339f23e5aae
LANL-RedTeam,DOMINANT,validation_f1,0.1740182,0.05693857188374152,cac7b2b7-9093-4a36-a002-1b582847e830;9ae61097-4df9-44fc-a9dc-170021fa359d;a227b7ef-4e4f-420c-a7ec-6ab43ecc7e58;1a506403-e22f-47e6-bd6f-046b20308fab;84e9343c-3616-48a7-bb30-f7868b72d924,564a332ba7948a12b28e77ef69e6254fa076b24542c105cfa774d8c11275d15b;715a75d259d3cf85c4e952d7dec46d13854957a30a57516f8b514bb4bf5986e7;f430b6c3ea6a773e93bae0c5a10947b82f71693e254e96427beedbdfdb3619c3;119608e88d10c79d697dc7434601122eb20ff4a2d701672c7ea561225ebebac5;91799919f4aadcb8fa8c3224acbccf731fbfa26dd1517391b6947339f23e5aae
LANL-RedTeam,AnomalyDAE,pr_auc,0.0450304,0.022425028451264,f45578fc-6f31-44ba-b84c-15e3bfd209d5;d5576876-2c94-4e9c-b5bb-5846027453c5;6d3b6755-c7af-4013-aa1a-9f381430eb14;60a7b65c-415c-4a96-85f1-a933b7267599;18393e36-406c-42d2-90a4-5de7d4156b95,6e699366a33bd0d2f9f7189713c937c21c0832d0080d5fa8b218abd8a1f5c793;633a1712f1866c894c7cf3cd077cd7aa9c061ff785222b24e9480aa80852c77b;7ff4a29a185f6bd00d2eb7233b659f9a4d28f845c18c74d989860390b809ff33;c90a1c02867d2eb0e2de2d5684fcbe0bcc4f35322d4ca7011666bb805117d14b;f23a90b24d8bcb4ee0b4b83b3c82282bfb449092f54339a85d021b28ef2033bb
LANL-RedTeam,AnomalyDAE,roc_auc,0.5548268,0.050157275992222694,f45578fc-6f31-44ba-b84c-15e3bfd209d5;d5576876-2c94-4e9c-b5bb-5846027453c5;6d3b6755-c7af-4013-aa1a-9f381430eb14;60a7b65c-415c-4a96-85f1-a933b7267599;18393e36-406c-42d2-90a4-5de7d4156b95,6e699366a33bd0d2f9f7189713c937c21c0832d0080d5fa8b218abd8a1f5c793;633a1712f1866c894c7cf3cd077cd7aa9c061ff785222b24e9480aa80852c77b;7ff4a29a185f6bd00d2eb7233b659f9a4d28f845c18c74d989860390b809ff33;c90a1c02867d2eb0e2de2d5684fcbe0bcc4f35322d4ca7011666bb805117d14b;f23a90b24d8bcb4ee0b4b83b3c82282bfb449092f54339a85d021b28ef2033bb
LANL-RedTeam,AnomalyDAE,validation_f1,0.0688368,0.03731015706962381,f45578fc-6f31-44ba-b84c-15e3bfd209d5;d5576876-2c94-4e9c-b5bb-5846027453c5;6d3b6755-c7af-4013-aa1a-9f381430eb14;60a7b65c-415c-4a96-85f1-a933b7267599;18393e36-406c-42d2-90a4-5de7d4156b95,6e699366a33bd0d2f9f7189713c937c21c0832d0080d5fa8b218abd8a1f5c793;633a1712f1866c894c7cf3cd077cd7aa9c061ff785222b24e9480aa80852c77b;7ff4a29a185f6bd00d2eb7233b659f9a4d28f845c18c74d989860390b809ff33;c90a1c02867d2eb0e2de2d5684fcbe0bcc4f35322d4ca7011666bb805117d14b;f23a90b24d8bcb4ee0b4b83b3c82282bfb449092f54339a85d021b28ef2033bb
LANL-RedTeam,CoLA,pr_auc,0.019982800000000002,0.00407705724266903,9c03b4a1-8e7d-4bd2-95ae-95340038905a;18d759b4-109a-4b40-83c2-3be62ef804ca;4e204615-f9bb-4a91-9f31-93057362ecc5;fb6e2851-6d5f-4536-aa54-5fa1b6867328;853c583a-008c-4422-abf9-409944de20b9,7acccbd120c69d72c566aa4513d4481390e5dbfe9840cfa82cc0573bba43d681;8e974dd77b9958367f78361dac6af5a16e83f08cf1164acd6973b4f16cfce192;a1c7673009e87fd49bac61c1c9dbc9358e6f3616b9ccda6e64603e1583d49098;6da81bb426632f076678a95ee283b83d1e5b05d878cd043b7e3da5b26e59a6ce;f5fff0d859d97bb812e0bfb5acff5ea2c4f5d406f699f557aeb3fe8ab4a844e4
LANL-RedTeam,CoLA,roc_auc,0.4663208,0.06869396167757395,9c03b4a1-8e7d-4bd2-95ae-95340038905a;18d759b4-109a-4b40-83c2-3be62ef804ca;4e204615-f9bb-4a91-9f31-93057362ecc5;fb6e2851-6d5f-4536-aa54-5fa1b6867328;853c583a-008c-4422-abf9-409944de20b9,7acccbd120c69d72c566aa4513d4481390e5dbfe9840cfa82cc0573bba43d681;8e974dd77b9958367f78361dac6af5a16e83f08cf1164acd6973b4f16cfce192;a1c7673009e87fd49bac61c1c9dbc9358e6f3616b9ccda6e64603e1583d49098;6da81bb426632f076678a95ee283b83d1e5b05d878cd043b7e3da5b26e59a6ce;f5fff0d859d97bb812e0bfb5acff5ea2c4f5d406f699f557aeb3fe8ab4a844e4
LANL-RedTeam,CoLA,validation_f1,0.0295214,0.013314790672030861,9c03b4a1-8e7d-4bd2-95ae-95340038905a;18d759b4-109a-4b40-83c2-3be62ef804ca;4e204615-f9bb-4a91-9f31-93057362ecc5;fb6e2851-6d5f-4536-aa54-5fa1b6867328;853c583a-008c-4422-abf9-409944de20b9,7acccbd120c69d72c566aa4513d4481390e5dbfe9840cfa82cc0573bba43d681;8e974dd77b9958367f78361dac6af5a16e83f08cf1164acd6973b4f16cfce192;a1c7673009e87fd49bac61c1c9dbc9358e6f3616b9ccda6e64603e1583d49098;6da81bb426632f076678a95ee283b83d1e5b05d878cd043b7e3da5b26e59a6ce;f5fff0d859d97bb812e0bfb5acff5ea2c4f5d406f699f557aeb3fe8ab4a844e4
LANL-RedTeam,GADNR,pr_auc,0.1805552,0.03459617671593206,b1a27700-cc75-40e9-a52c-7930f947206c;bb472459-ee72-4c4e-928d-458bcd137928;07fa20fc-117b-47dd-98e5-ecf47cc7e8e2;ef8a610b-4322-4682-bcae-aa394b3bedca;1f624705-eed9-4029-9e4d-b10b07a57252,30f9bf6ffab78f3aee2b543e884ef9f0302656fecfdd16bdec8a189adb29c4d6;5a1d9d798a8877c75b3172ed9f372b52180d30218d1ef0dacf438325918c53c1;9d400d7e872663e7f72b4f5bd3ca5c6a68bc9cef12f9b9983bd14035e33557e3;8ed5d929d0d48f4b3c4a7d713be859b4dc6a56d79dd41ab66d822b37db593459;c04d7173f692c999d245ad9b2f9ef8fc1f70e5f9bdacbb3b96b633433ace3e47
LANL-RedTeam,GADNR,roc_auc,0.826055,0.019465970255807968,b1a27700-cc75-40e9-a52c-7930f947206c;bb472459-ee72-4c4e-928d-458bcd137928;07fa20fc-117b-47dd-98e5-ecf47cc7e8e2;ef8a610b-4322-4682-bcae-aa394b3bedca;1f624705-eed9-4029-9e4d-b10b07a57252,30f9bf6ffab78f3aee2b543e884ef9f0302656fecfdd16bdec8a189adb29c4d6;5a1d9d798a8877c75b3172ed9f372b52180d30218d1ef0dacf438325918c53c1;9d400d7e872663e7f72b4f5bd3ca5c6a68bc9cef12f9b9983bd14035e33557e3;8ed5d929d0d48f4b3c4a7d713be859b4dc6a56d79dd41ab66d822b37db593459;c04d7173f692c999d245ad9b2f9ef8fc1f70e5f9bdacbb3b96b633433ace3e47
LANL-RedTeam,GADNR,validation_f1,0.2474636,0.046450386859960606,b1a27700-cc75-40e9-a52c-7930f947206c;bb472459-ee72-4c4e-928d-458bcd137928;07fa20fc-117b-47dd-98e5-ecf47cc7e8e2;ef8a610b-4322-4682-bcae-aa394b3bedca;1f624705-eed9-4029-9e4d-b10b07a57252,30f9bf6ffab78f3aee2b543e884ef9f0302656fecfdd16bdec8a189adb29c4d6;5a1d9d798a8877c75b3172ed9f372b52180d30218d1ef0dacf438325918c53c1;9d400d7e872663e7f72b4f5bd3ca5c6a68bc9cef12f9b9983bd14035e33557e3;8ed5d929d0d48f4b3c4a7d713be859b4dc6a56d79dd41ab66d822b37db593459;c04d7173f692c999d245ad9b2f9ef8fc1f70e5f9bdacbb3b96b633433ace3e47
LANL-RedTeam,OCGNN,pr_auc,0.0454212,0.019564283737464046,7cc82588-daf2-4fe2-9095-6c9ffc94825e;be89a3f7-ed5f-4ecd-9b18-96c8825ba728;ae628402-accc-4437-86c9-4909d7dc35c3;1bf8f0f8-a756-4a60-9dd6-3949c9f16929;563bb62a-ec35-4314-87c2-a4e33e1f34d9,069aa614768a2dc0373bdd408c40766206d83742cc7dfc515fa2b6c7d17df99c;1537326d1b3f24dba3148b0b4f7483ccee0ed8b583071cecfbbf36367496edcc;f9c8fc1dc863e65703b5c7a2b9ba18e7ed14834664c01b045097713ad77d746c;2a8885bdf6400dc2caea6696e46415455821f4a5885241c58b90812145b6fec6;81cde8076212525e64a239abee8412835154e198477857c0f4eda950f5b58353
LANL-RedTeam,OCGNN,roc_auc,0.376171,0.09446027940462594,7cc82588-daf2-4fe2-9095-6c9ffc94825e;be89a3f7-ed5f-4ecd-9b18-96c8825ba728;ae628402-accc-4437-86c9-4909d7dc35c3;1bf8f0f8-a756-4a60-9dd6-3949c9f16929;563bb62a-ec35-4314-87c2-a4e33e1f34d9,069aa614768a2dc0373bdd408c40766206d83742cc7dfc515fa2b6c7d17df99c;1537326d1b3f24dba3148b0b4f7483ccee0ed8b583071cecfbbf36367496edcc;f9c8fc1dc863e65703b5c7a2b9ba18e7ed14834664c01b045097713ad77d746c;2a8885bdf6400dc2caea6696e46415455821f4a5885241c58b90812145b6fec6;81cde8076212525e64a239abee8412835154e198477857c0f4eda950f5b58353
LANL-RedTeam,OCGNN,validation_f1,0.0567758,0.011200698931763144,7cc82588-daf2-4fe2-9095-6c9ffc94825e;be89a3f7-ed5f-4ecd-9b18-96c8825ba728;ae628402-accc-4437-86c9-4909d7dc35c3;1bf8f0f8-a756-4a60-9dd6-3949c9f16929;563bb62a-ec35-4314-87c2-a4e33e1f34d9,069aa614768a2dc0373bdd408c40766206d83742cc7dfc515fa2b6c7d17df99c;1537326d1b3f24dba3148b0b4f7483ccee0ed8b583071cecfbbf36367496edcc;f9c8fc1dc863e65703b5c7a2b9ba18e7ed14834664c01b045097713ad77d746c;2a8885bdf6400dc2caea6696e46415455821f4a5885241c58b90812145b6fec6;81cde8076212525e64a239abee8412835154e198477857c0f4eda950f5b58353
LANL-RedTeam,DLG-Base,pr_auc,0.136692,0.021020127402087738,fad43582-bd59-4ac7-9485-bb3331f42023;4b0b4584-fe19-4551-b716-8c438ff26690;f8241914-19a5-44bb-bf67-c09dbba28171;f2bd9a66-599c-4a0d-8463-e69d972010cf;809b355e-8039-4a87-99f6-e9f6b64b0e5e,318b2cf6292189f865af3ec6c89ad14f9d0f65cfff2ce7d3aec0e9237b4a9005;84c9b8a4c73790d2ff5ebb493301e85550466a82ae664318a4aea5aa41656d17;420739fcc3ec4e72ac9c02005a62b9185b2b9a00ed3678edaec3e9b812649afa;2b93fe8fa6a77c463eeb0d4a09a7287313c7e1c08b0754cb45c6c1b492e964cd;dba252aec388e0a905d739281981d3d3d81409d01444340e7b60cfcb50d1e7a8
LANL-RedTeam,DLG-Base,roc_auc,0.792304,0.0403968209095716,fad43582-bd59-4ac7-9485-bb3331f42023;4b0b4584-fe19-4551-b716-8c438ff26690;f8241914-19a5-44bb-bf67-c09dbba28171;f2bd9a66-599c-4a0d-8463-e69d972010cf;809b355e-8039-4a87-99f6-e9f6b64b0e5e,318b2cf6292189f865af3ec6c89ad14f9d0f65cfff2ce7d3aec0e9237b4a9005;84c9b8a4c73790d2ff5ebb493301e85550466a82ae664318a4aea5aa41656d17;420739fcc3ec4e72ac9c02005a62b9185b2b9a00ed3678edaec3e9b812649afa;2b93fe8fa6a77c463eeb0d4a09a7287313c7e1c08b0754cb45c6c1b492e964cd;dba252aec388e0a905d739281981d3d3d81409d01444340e7b60cfcb50d1e7a8
LANL-RedTeam,DLG-Base,validation_f1,0.2112252,0.02270163780347136,fad43582-bd59-4ac7-9485-bb3331f42023;4b0b4584-fe19-4551-b716-8c438ff26690;f8241914-19a5-44bb-bf67-c09dbba28171;f2bd9a66-599c-4a0d-8463-e69d972010cf;809b355e-8039-4a87-99f6-e9f6b64b0e5e,318b2cf6292189f865af3ec6c89ad14f9d0f65cfff2ce7d3aec0e9237b4a9005;84c9b8a4c73790d2ff5ebb493301e85550466a82ae664318a4aea5aa41656d17;420739fcc3ec4e72ac9c02005a62b9185b2b9a00ed3678edaec3e9b812649afa;2b93fe8fa6a77c463eeb0d4a09a7287313c7e1c08b0754cb45c6c1b492e964cd;dba252aec388e0a905d739281981d3d3d81409d01444340e7b60cfcb50d1e7a8
LANL-RedTeam,DLG-Aug,pr_auc,0.1114424,0.04247213061102539,953800b5-5333-4e8c-81a5-4ccfda12d662;d5e3bb9b-478a-44d5-a54b-3a677a96cc67;d4350aa2-2b9a-4fdd-9b7d-80162cd0df03;92328889-3a97-46b2-b8b9-286eeaae0d00;47a5e3df-a5ac-4cce-ae17-58ae71e61e89,21aa8015771a9b9750afc57142fbe885675866e18329c8ace07172206a119a90;faf2b886372a9506e53d500d6003ef0159819ab5a88eed03656d6d67456b9cc5;2e3a8117cd7c00b61ef03e24c493951132ac4e43830e81ca53f334ed3c672a50;d6d6c845da6257a571d7e7593004f435e52ed21db6bbef4db921e77556371909;bd30280a6c91b3366dacb058508ec80e5b3c6b6db49b3f21eebea696d084175c
LANL-RedTeam,DLG-Aug,roc_auc,0.7187554,0.09035891083141719,953800b5-5333-4e8c-81a5-4ccfda12d662;d5e3bb9b-478a-44d5-a54b-3a677a96cc67;d4350aa2-2b9a-4fdd-9b7d-80162cd0df03;92328889-3a97-46b2-b8b9-286eeaae0d00;47a5e3df-a5ac-4cce-ae17-58ae71e61e89,21aa8015771a9b9750afc57142fbe885675866e18329c8ace07172206a119a90;faf2b886372a9506e53d500d6003ef0159819ab5a88eed03656d6d67456b9cc5;2e3a8117cd7c00b61ef03e24c493951132ac4e43830e81ca53f334ed3c672a50;d6d6c845da6257a571d7e7593004f435e52ed21db6bbef4db921e77556371909;bd30280a6c91b3366dacb058508ec80e5b3c6b6db49b3f21eebea696d084175c
LANL-RedTeam,DLG-Aug,validation_f1,0.1683334,0.04098803846294672,953800b5-5333-4e8c-81a5-4ccfda12d662;d5e3bb9b-478a-44d5-a54b-3a677a96cc67;d4350aa2-2b9a-4fdd-9b7d-80162cd0df03;92328889-3a97-46b2-b8b9-286eeaae0d00;47a5e3df-a5ac-4cce-ae17-58ae71e61e89,21aa8015771a9b9750afc57142fbe885675866e18329c8ace07172206a119a90;faf2b886372a9506e53d500d6003ef0159819ab5a88eed03656d6d67456b9cc5;2e3a8117cd7c00b61ef03e24c493951132ac4e43830e81ca53f334ed3c672a50;d6d6c845da6257a571d7e7593004f435e52ed21db6bbef4db921e77556371909;bd30280a6c91b3366dacb058508ec80e5b3c6b6db49b3f21eebea696d084175c
