seed,split,chain_scope,requested_budget,risk_policy_id,margin,threshold,coverage,N_direct,N_deep,N_fraud_direct,fraud_misses_direct,observed_fraud_miss_risk,exact_one_sided_upper,risk_definition,bound_scope,support_status,N,N_positive,N_negative,tp,tn,fp,fn,f1,precision,fraud_recall,fnr,mcc,pr_auc,roc_auc,balanced_accuracy,undefined_reason
11,validation,pooled,0.0,bdcd86a15ea4b88c5d799db60c2d2b2440463023e9c72b0200c58d7516a2b95a,-1.0,0.3605583909765618,1.0,3648,0,393,79,0.2010178117048346,0.23717991847374031,"P(prediction=benign | direct route, fraud)",pointwise binomial descriptive; not simultaneous or deployment guarantee,supported,3648,393,3255,314,3178,77,79,0.8010204081632653,0.80306905370844,0.7989821882951654,0.2010178117048346,0.7770679828078988,0.859855630801124,0.9375835961898509,0.8876631371583354,
11,validation,ethereum,0.0,bdcd86a15ea4b88c5d799db60c2d2b2440463023e9c72b0200c58d7516a2b95a,-1.0,0.3605583909765618,1.0,2170,0,361,54,0.14958448753462603,0.1839853989164666,"P(prediction=benign | direct route, fraud)",pointwise binomial descriptive; not simultaneous or deployment guarantee,supported,2170,361,1809,307,1763,46,54,0.8599439775910365,0.8696883852691218,0.850415512465374,0.14958448753462603,0.8324443791647232,0.9105536639924887,0.9498598114383454,0.9124935494886295,
11,validation,bsc,0.0,bdcd86a15ea4b88c5d799db60c2d2b2440463023e9c72b0200c58d7516a2b95a,-1.0,0.3605583909765618,1.0,1125,0,31,24,0.7741935483870968,0.8889112287407399,"P(prediction=benign | direct route, fraud)",pointwise binomial descriptive; not simultaneous or deployment guarantee,supported,1125,31,1094,7,1068,26,24,0.21875,0.21212121212121213,0.22580645161290322,0.7741935483870968,0.19600157321529377,0.15793888710331663,0.7900277171669516,0.6010202276346052,
11,validation,polygon,0.0,bdcd86a15ea4b88c5d799db60c2d2b2440463023e9c72b0200c58d7516a2b95a,-1.0,0.3605583909765618,1.0,353,0,1,1,1.0,1.0,"P(prediction=benign | direct route, fraud)",pointwise binomial descriptive; not simultaneous or deployment guarantee,supported,353,1,352,0,347,5,1,0.0,0.0,0.0,1.0,-0.00638886995893187,0.009900990099009901,0.7159090909090908,0.4928977272727273,
11,test,pooled,0.0,bdcd86a15ea4b88c5d799db60c2d2b2440463023e9c72b0200c58d7516a2b95a,-1.0,0.3605583909765618,1.0,3648,0,161,81,0.5031055900621118,0.5705699431977719,"P(prediction=benign | direct route, fraud)",pointwise binomial descriptive; not simultaneous or deployment guarantee,supported,3648,161,3487,80,3448,39,81,0.5714285714285714,0.6722689075630253,0.4968944099378882,0.5031055900621118,0.5615864963889288,0.6485666898938883,0.900672773941187,0.7428550053704354,
11,test,ethereum,0.0,bdcd86a15ea4b88c5d799db60c2d2b2440463023e9c72b0200c58d7516a2b95a,-1.0,0.3605583909765618,1.0,2170,0,136,59,0.4338235294117647,0.5079734187990647,"P(prediction=benign | direct route, fraud)",pointwise binomial descriptive; not simultaneous or deployment guarantee,supported,2170,136,2034,77,2012,22,59,0.6553191489361702,0.7777777777777778,0.5661764705882353,0.4338235294117647,0.645077876488387,0.7521530481596477,0.9240810631037074,0.7776801723639308,
11,test,bsc,0.0,bdcd86a15ea4b88c5d799db60c2d2b2440463023e9c72b0200c58d7516a2b95a,-1.0,0.3605583909765618,1.0,1125,0,25,22,0.88,0.9664804050104953,"P(prediction=benign | direct route, fraud)",pointwise binomial descriptive; not simultaneous or deployment guarantee,supported,1125,25,1100,3,1086,14,22,0.14285714285714285,0.17647058823529413,0.12,0.88,0.12961680980685142,0.19080409637691073,0.7876,0.5536363636363637,
11,test,polygon,0.0,bdcd86a15ea4b88c5d799db60c2d2b2440463023e9c72b0200c58d7516a2b95a,-1.0,0.3605583909765618,1.0,353,0,0,0,,,"P(prediction=benign | direct route, fraud)",pointwise binomial descriptive; not simultaneous or deployment guarantee,undefined / insufficient fraud support,353,0,353,0,350,3,0,0.0,0.0,0.0,0.0,0.0,,,,single-class support
11,validation,pooled,0.05,161b616b3db02c44897f1a6eded5b36aa333e73205c6b1625acd6181d182d26f,0.22613329043234132,0.5605906910634523,0.9495614035087719,3464,184,333,56,0.16816816816816818,0.2055606982064602,"P(prediction=benign | direct route, fraud)",pointwise binomial descriptive; not simultaneous or deployment guarantee,supported,3648,393,3255,317,3181,74,76,0.8086734693877551,0.8107416879795396,0.806615776081425,0.19338422391857507,0.7856424482582522,0.8599215036841437,0.9376336268727306,0.8919407605445527,
11,validation,ethereum,0.05,161b616b3db02c44897f1a6eded5b36aa333e73205c6b1625acd6181d182d26f,0.22613329043234132,0.5605906910634523,0.93963133640553,2039,131,312,35,0.11217948717948718,0.14597151821115625,"P(prediction=benign | direct route, fraud)",pointwise binomial descriptive; not simultaneous or deployment guarantee,supported,2170,361,1809,309,1764,45,52,0.8643356643356643,0.8728813559322034,0.8559556786703602,0.1440443213296399,0.837637654532317,0.9111239966040396,0.9499945639607441,0.9155400283899064,
11,validation,bsc,0.05,161b616b3db02c44897f1a6eded5b36aa333e73205c6b1625acd6181d182d26f,0.22613329043234132,0.5605906910634523,0.9635555555555556,1084,41,20,20,1.0,1.0,"P(prediction=benign | direct route, fraud)",pointwise binomial descriptive; not simultaneous or deployment guarantee,supported,1125,31,1094,8,1071,23,23,0.25806451612903225,0.25806451612903225,0.25806451612903225,0.7419354838709677,0.23704075013268858,0.15970736356368448,0.7902046352538774,0.6185203750663443,
11,validation,polygon,0.05,161b616b3db02c44897f1a6eded5b36aa333e73205c6b1625acd6181d182d26f,0.22613329043234132,0.5605906910634523,0.9660056657223796,341,12,1,1,1.0,1.0,"P(prediction=benign | direct route, fraud)",pointwise binomial descriptive; not simultaneous or deployment guarantee,supported,353,1,352,0,346,6,1,0.0,0.0,0.0,1.0,-0.007008733651184125,0.009900990099009901,0.7159090909090908,0.4914772727272727,
11,test,pooled,0.05,161b616b3db02c44897f1a6eded5b36aa333e73205c6b1625acd6181d182d26f,0.22613329043234132,0.5605906910634523,0.9673793859649122,3529,119,99,41,0.41414141414141414,0.5017401222407939,"P(prediction=benign | direct route, fraud)",pointwise binomial descriptive; not simultaneous or deployment guarantee,supported,3648,161,3487,82,3455,32,79,0.5963636363636363,0.7192982456140351,0.5093167701863354,0.4906832298136646,0.5903976949316287,0.6647002179553627,0.9015331123409577,0.7500699136277247,
11,test,ethereum,0.05,161b616b3db02c44897f1a6eded5b36aa333e73205c6b1625acd6181d182d26f,0.22613329043234132,0.5605906910634523,0.9617511520737327,2087,83,85,28,0.32941176470588235,0.4227547251000806,"P(prediction=benign | direct route, fraud)",pointwise binomial descriptive; not simultaneous or deployment guarantee,supported,2170,136,2034,75,2014,20,61,0.6493506493506493,0.7894736842105263,0.5514705882352942,0.4485294117647059,0.6416275420167189,0.7599043872187123,0.9245907802649083,0.7708188732720227,
11,test,bsc,0.05,161b616b3db02c44897f1a6eded5b36aa333e73205c6b1625acd6181d182d26f,0.22613329043234132,0.5605906910634523,0.9733333333333334,1095,30,14,13,0.9285714285714286,0.9963428968086164,"P(prediction=benign | direct route, fraud)",pointwise binomial descriptive; not simultaneous or deployment guarantee,supported,1125,25,1100,7,1089,11,18,0.32558139534883723,0.3888888888888889,0.28,0.72,0.3171904098448769,0.2234613072585566,0.7894181818181818,0.635,
11,test,polygon,0.05,161b616b3db02c44897f1a6eded5b36aa333e73205c6b1625acd6181d182d26f,0.22613329043234132,0.5605906910634523,0.9830028328611898,347,6,0,0,,,"P(prediction=benign | direct route, fraud)",pointwise binomial descriptive; not simultaneous or deployment guarantee,undefined / insufficient fraud support,353,0,353,0,352,1,0,0.0,0.0,0.0,0.0,0.0,,,,single-class support
11,validation,pooled,0.1,50d26dbfff370b381b44e3ca8060eebf7a4fb6c867822f5d7e1bc76567bb8dc0,0.32538745817825465,0.5605906910634523,0.899671052631579,3282,366,301,39,0.12956810631229235,0.16581536077709466,"P(prediction=benign | direct route, fraud)",pointwise binomial descriptive; not simultaneous or deployment guarantee,supported,3648,393,3255,316,3181,74,77,0.8071519795657727,0.8102564102564103,0.8040712468193384,0.19592875318066158,0.7839751814248025,0.8595314885178722,0.9380487251947484,0.8906684959135094,
11,validation,ethereum,0.1,50d26dbfff370b381b44e3ca8060eebf7a4fb6c867822f5d7e1bc76567bb8dc0,0.32538745817825465,0.5605906910634523,0.8847926267281107,1920,250,289,27,0.09342560553633218,0.12653230224901282,"P(prediction=benign | direct route, fraud)",pointwise binomial descriptive; not simultaneous or deployment guarantee,supported,2170,361,1809,308,1764,45,53,0.8627450980392157,0.8725212464589235,0.853185595567867,0.14681440443213298,0.8357972902225609,0.9096782432919965,0.9500221269766893,0.9141549868386598,
11,validation,bsc,0.1,50d26dbfff370b381b44e3ca8060eebf7a4fb6c867822f5d7e1bc76567bb8dc0,0.32538745817825465,0.5605906910634523,0.9208888888888889,1036,89,11,11,1.0,1.0,"P(prediction=benign | direct route, fraud)",pointwise binomial descriptive; not simultaneous or deployment guarantee,supported,1125,31,1094,8,1071,23,23,0.25806451612903225,0.25806451612903225,0.25806451612903225,0.7419354838709677,0.23704075013268858,0.1649549829995915,0.7922686796013447,0.6185203750663443,
11,validation,polygon,0.1,50d26dbfff370b381b44e3ca8060eebf7a4fb6c867822f5d7e1bc76567bb8dc0,0.32538745817825465,0.5605906910634523,0.9235127478753541,326,27,1,1,1.0,1.0,"P(prediction=benign | direct route, fraud)",pointwise binomial descriptive; not simultaneous or deployment guarantee,supported,353,1,352,0,346,6,1,0.0,0.0,0.0,1.0,-0.007008733651184125,0.010526315789473684,0.7329545454545454,0.4914772727272727,
11,test,pooled,0.1,50d26dbfff370b381b44e3ca8060eebf7a4fb6c867822f5d7e1bc76567bb8dc0,0.32538745817825465,0.5605906910634523,0.921875,3363,285,79,29,0.3670886075949367,0.4653068043525462,"P(prediction=benign | direct route, fraud)",pointwise binomial descriptive; not simultaneous or deployment guarantee,supported,3648,161,3487,82,3455,32,79,0.5963636363636363,0.7192982456140351,0.5093167701863354,0.4906832298136646,0.5903976949316287,0.653013025990156,0.9029456348068335,0.7500699136277247,
11,test,ethereum,0.1,50d26dbfff370b381b44e3ca8060eebf7a4fb6c867822f5d7e1bc76567bb8dc0,0.32538745817825465,0.5605906910634523,0.9235023041474655,2004,166,69,19,0.2753623188405797,0.37735442115093654,"P(prediction=benign | direct route, fraud)",pointwise binomial descriptive; not simultaneous or deployment guarantee,supported,2170,136,2034,75,2014,20,61,0.6493506493506493,0.7894736842105263,0.5514705882352942,0.4485294117647059,0.6416275420167189,0.7506428365049681,0.9247715310312915,0.7708188732720227,
11,test,bsc,0.1,50d26dbfff370b381b44e3ca8060eebf7a4fb6c867822f5d7e1bc76567bb8dc0,0.32538745817825465,0.5605906910634523,0.928,1044,81,10,10,1.0,1.0,"P(prediction=benign | direct route, fraud)",pointwise binomial descriptive; not simultaneous or deployment guarantee,supported,1125,25,1100,7,1089,11,18,0.32558139534883723,0.3888888888888889,0.28,0.72,0.3171904098448769,0.22434521286592504,0.7928000000000001,0.635,
11,test,polygon,0.1,50d26dbfff370b381b44e3ca8060eebf7a4fb6c867822f5d7e1bc76567bb8dc0,0.32538745817825465,0.5605906910634523,0.8923512747875354,315,38,0,0,,,"P(prediction=benign | direct route, fraud)",pointwise binomial descriptive; not simultaneous or deployment guarantee,undefined / insufficient fraud support,353,0,353,0,352,1,0,0.0,0.0,0.0,0.0,0.0,,,,single-class support
11,validation,pooled,0.15,79c62ee34dc254ab3a84ba5fd792b244363595a43ac28080e7238515e902f4bb,0.33296298415198056,0.5605906910634523,0.8495065789473685,3099,549,295,37,0.12542372881355932,0.1616786129952577,"P(prediction=benign | direct route, fraud)",pointwise binomial descriptive; not simultaneous or deployment guarantee,supported,3648,393,3255,316,3181,74,77,0.8071519795657727,0.8102564102564103,0.8040712468193384,0.19592875318066158,0.7839751814248025,0.8593627636290324,0.939254933689802,0.8906684959135094,
11,validation,ethereum,0.15,79c62ee34dc254ab3a84ba5fd792b244363595a43ac28080e7238515e902f4bb,0.33296298415198056,0.5605906910634523,0.8331797235023042,1808,362,284,26,0.09154929577464789,0.12475378964560678,"P(prediction=benign | direct route, fraud)",pointwise binomial descriptive; not simultaneous or deployment guarantee,supported,2170,361,1809,308,1764,45,53,0.8627450980392157,0.8725212464589235,0.853185595567867,0.14681440443213298,0.8357972902225609,0.9091153270018546,0.9513819024299861,0.9141549868386598,
11,validation,bsc,0.15,79c62ee34dc254ab3a84ba5fd792b244363595a43ac28080e7238515e902f4bb,0.33296298415198056,0.5605906910634523,0.8764444444444445,986,139,10,10,1.0,1.0,"P(prediction=benign | direct route, fraud)",pointwise binomial descriptive; not simultaneous or deployment guarantee,supported,1125,31,1094,8,1071,23,23,0.25806451612903225,0.25806451612903225,0.25806451612903225,0.7419354838709677,0.23704075013268858,0.16406991992515854,0.7908238485581176,0.6185203750663443,
11,validation,polygon,0.15,79c62ee34dc254ab3a84ba5fd792b244363595a43ac28080e7238515e902f4bb,0.33296298415198056,0.5605906910634523,0.8640226628895185,305,48,1,1,1.0,1.0,"P(prediction=benign | direct route, fraud)",pointwise binomial descriptive; not simultaneous or deployment guarantee,supported,353,1,352,0,346,6,1,0.0,0.0,0.0,1.0,-0.007008733651184125,0.013513513513513514,0.7926136363636364,0.4914772727272727,
11,test,pooled,0.15,79c62ee34dc254ab3a84ba5fd792b244363595a43ac28080e7238515e902f4bb,0.33296298415198056,0.5605906910634523,0.8796600877192983,3209,439,74,25,0.33783783783783783,0.43882167128319594,"P(prediction=benign | direct route, fraud)",pointwise binomial descriptive; not simultaneous or deployment guarantee,supported,3648,161,3487,82,3455,32,79,0.5963636363636363,0.7192982456140351,0.5093167701863354,0.4906832298136646,0.5903976949316287,0.6544999519436219,0.9055658372624495,0.7500699136277247,
11,test,ethereum,0.15,79c62ee34dc254ab3a84ba5fd792b244363595a43ac28080e7238515e902f4bb,0.33296298415198056,0.5605906910634523,0.8857142857142857,1922,248,66,17,0.25757575757575757,0.36094357006712136,"P(prediction=benign | direct route, fraud)",pointwise binomial descriptive; not simultaneous or deployment guarantee,supported,2170,136,2034,75,2014,20,61,0.6493506493506493,0.7894736842105263,0.5514705882352942,0.4485294117647059,0.6416275420167189,0.7527420270924147,0.9268176297067499,0.7708188732720227,
11,test,bsc,0.15,79c62ee34dc254ab3a84ba5fd792b244363595a43ac28080e7238515e902f4bb,0.33296298415198056,0.5605906910634523,0.8933333333333333,1005,120,8,8,1.0,1.0,"P(prediction=benign | direct route, fraud)",pointwise binomial descriptive; not simultaneous or deployment guarantee,supported,1125,25,1100,7,1089,11,18,0.32558139534883723,0.3888888888888889,0.28,0.72,0.3171904098448769,0.22244626477576968,0.7948,0.635,
11,test,polygon,0.15,79c62ee34dc254ab3a84ba5fd792b244363595a43ac28080e7238515e902f4bb,0.33296298415198056,0.5605906910634523,0.7988668555240793,282,71,0,0,,,"P(prediction=benign | direct route, fraud)",pointwise binomial descriptive; not simultaneous or deployment guarantee,undefined / insufficient fraud support,353,0,353,0,352,1,0,0.0,0.0,0.0,0.0,0.0,,,,single-class support
11,validation,pooled,0.2,ff12708f3fc04e205f7a2a198d6ab83fc83705e9df7c6dbc68a4415cebb1659e,0.33572663934848823,0.5605906910634523,0.7996162280701754,2917,731,292,34,0.11643835616438356,0.15198204527165432,"P(prediction=benign | direct route, fraud)",pointwise binomial descriptive; not simultaneous or deployment guarantee,supported,3648,393,3255,316,3181,74,77,0.8071519795657727,0.8102564102564103,0.8040712468193384,0.19592875318066158,0.7839751814248025,0.8579776588720969,0.9382613555969873,0.8906684959135094,
11,validation,ethereum,0.2,ff12708f3fc04e205f7a2a198d6ab83fc83705e9df7c6dbc68a4415cebb1659e,0.33572663934848823,0.5605906910634523,0.7861751152073733,1706,464,282,24,0.0851063829787234,0.11760149829197546,"P(prediction=benign | direct route, fraud)",pointwise binomial descriptive; not simultaneous or deployment guarantee,supported,2170,361,1809,308,1764,45,53,0.8627450980392157,0.8725212464589235,0.853185595567867,0.14681440443213298,0.8357972902225609,0.9080616239383784,0.95066067017942,0.9141549868386598,
11,validation,bsc,0.2,ff12708f3fc04e205f7a2a198d6ab83fc83705e9df7c6dbc68a4415cebb1659e,0.33572663934848823,0.5605906910634523,0.8417777777777777,947,178,9,9,1.0,1.0,"P(prediction=benign | direct route, fraud)",pointwise binomial descriptive; not simultaneous or deployment guarantee,supported,1125,31,1094,8,1071,23,23,0.25806451612903225,0.25806451612903225,0.25806451612903225,0.7419354838709677,0.23704075013268858,0.15907004887153706,0.7822728076900396,0.6185203750663443,
11,validation,polygon,0.2,ff12708f3fc04e205f7a2a198d6ab83fc83705e9df7c6dbc68a4415cebb1659e,0.33572663934848823,0.5605906910634523,0.7478753541076487,264,89,1,1,1.0,1.0,"P(prediction=benign | direct route, fraud)",pointwise binomial descriptive; not simultaneous or deployment guarantee,supported,353,1,352,0,346,6,1,0.0,0.0,0.0,1.0,-0.007008733651184125,0.029411764705882353,0.90625,0.4914772727272727,
11,test,pooled,0.2,ff12708f3fc04e205f7a2a198d6ab83fc83705e9df7c6dbc68a4415cebb1659e,0.33572663934848823,0.5605906910634523,0.8185307017543859,2986,662,74,25,0.33783783783783783,0.43882167128319594,"P(prediction=benign | direct route, fraud)",pointwise binomial descriptive; not simultaneous or deployment guarantee,supported,3648,161,3487,82,3455,32,79,0.5963636363636363,0.7192982456140351,0.5093167701863354,0.4906832298136646,0.5903976949316287,0.6580324067521504,0.9113228014613284,0.7500699136277247,
11,test,ethereum,0.2,ff12708f3fc04e205f7a2a198d6ab83fc83705e9df7c6dbc68a4415cebb1659e,0.33572663934848823,0.5605906910634523,0.8258064516129032,1792,378,66,17,0.25757575757575757,0.36094357006712136,"P(prediction=benign | direct route, fraud)",pointwise binomial descriptive; not simultaneous or deployment guarantee,supported,2170,136,2034,75,2014,20,61,0.6493506493506493,0.7894736842105263,0.5514705882352942,0.4485294117647059,0.6416275420167189,0.7563724973070154,0.9315713748626294,0.7708188732720227,
11,test,bsc,0.2,ff12708f3fc04e205f7a2a198d6ab83fc83705e9df7c6dbc68a4415cebb1659e,0.33572663934848823,0.5605906910634523,0.8444444444444444,950,175,8,8,1.0,1.0,"P(prediction=benign | direct route, fraud)",pointwise binomial descriptive; not simultaneous or deployment guarantee,supported,1125,25,1100,7,1089,11,18,0.32558139534883723,0.3888888888888889,0.28,0.72,0.3171904098448769,0.22472053629371125,0.8021818181818181,0.635,
11,test,polygon,0.2,ff12708f3fc04e205f7a2a198d6ab83fc83705e9df7c6dbc68a4415cebb1659e,0.33572663934848823,0.5605906910634523,0.6912181303116147,244,109,0,0,,,"P(prediction=benign | direct route, fraud)",pointwise binomial descriptive; not simultaneous or deployment guarantee,undefined / insufficient fraud support,353,0,353,0,352,1,0,0.0,0.0,0.0,0.0,0.0,,,,single-class support
11,validation,pooled,0.25,cfbd0b62a03bcd4dbbc24d494931448b224b5e5d05cb78a2ac49e03966d157c3,0.33731804554219896,0.5605906910634523,0.7497258771929824,2735,913,289,31,0.10726643598615918,0.14201559063386127,"P(prediction=benign | direct route, fraud)",pointwise binomial descriptive; not simultaneous or deployment guarantee,supported,3648,393,3255,316,3181,74,77,0.8071519795657727,0.8102564102564103,0.8040712468193384,0.19592875318066158,0.7839751814248025,0.8584772913632404,0.9391236031472426,0.8906684959135094,
11,validation,ethereum,0.25,cfbd0b62a03bcd4dbbc24d494931448b224b5e5d05cb78a2ac49e03966d157c3,0.33731804554219896,0.5605906910634523,0.7285714285714285,1581,589,280,22,0.07857142857142857,0.11029538197038442,"P(prediction=benign | direct route, fraud)",pointwise binomial descriptive; not simultaneous or deployment guarantee,supported,2170,361,1809,308,1764,45,53,0.8627450980392157,0.8725212464589235,0.853185595567867,0.14681440443213298,0.8357972902225609,0.909704700551343,0.9530479336160075,0.9141549868386598,
11,validation,bsc,0.25,cfbd0b62a03bcd4dbbc24d494931448b224b5e5d05cb78a2ac49e03966d157c3,0.33731804554219896,0.5605906910634523,0.8097777777777778,911,214,9,9,1.0,1.0,"P(prediction=benign | direct route, fraud)",pointwise binomial descriptive; not simultaneous or deployment guarantee,supported,1125,31,1094,8,1071,23,23,0.25806451612903225,0.25806451612903225,0.25806451612903225,0.7419354838709677,0.23704075013268858,0.1603087403077413,0.7863419236893319,0.6185203750663443,
11,validation,polygon,0.25,cfbd0b62a03bcd4dbbc24d494931448b224b5e5d05cb78a2ac49e03966d157c3,0.33731804554219896,0.5605906910634523,0.6883852691218131,243,110,0,0,,,"P(prediction=benign | direct route, fraud)",pointwise binomial descriptive; not simultaneous or deployment guarantee,undefined / insufficient fraud support,353,1,352,0,346,6,1,0.0,0.0,0.0,1.0,-0.007008733651184125,0.0036900369003690036,0.23295454545454541,0.4914772727272727,
11,test,pooled,0.25,cfbd0b62a03bcd4dbbc24d494931448b224b5e5d05cb78a2ac49e03966d157c3,0.33731804554219896,0.5605906910634523,0.7478070175438597,2728,920,73,24,0.3287671232876712,0.4301925336545078,"P(prediction=benign | direct route, fraud)",pointwise binomial descriptive; not simultaneous or deployment guarantee,supported,3648,161,3487,82,3455,32,79,0.5963636363636363,0.7192982456140351,0.5093167701863354,0.4906832298136646,0.5903976949316287,0.6612887900697692,0.9164759256653373,0.7500699136277247,
11,test,ethereum,0.25,cfbd0b62a03bcd4dbbc24d494931448b224b5e5d05cb78a2ac49e03966d157c3,0.33731804554219896,0.5605906910634523,0.7497695852534563,1627,543,65,16,0.24615384615384617,0.34955109733782674,"P(prediction=benign | direct route, fraud)",pointwise binomial descriptive; not simultaneous or deployment guarantee,supported,2170,136,2034,75,2014,20,61,0.6493506493506493,0.7894736842105263,0.5514705882352942,0.4485294117647059,0.6416275420167189,0.7587561507924234,0.9356961073514951,0.7708188732720227,
11,test,bsc,0.25,cfbd0b62a03bcd4dbbc24d494931448b224b5e5d05cb78a2ac49e03966d157c3,0.33731804554219896,0.5605906910634523,0.7982222222222223,898,227,8,8,1.0,1.0,"P(prediction=benign | direct route, fraud)",pointwise binomial descriptive; not simultaneous or deployment guarantee,supported,1125,25,1100,7,1089,11,18,0.32558139534883723,0.3888888888888889,0.28,0.72,0.3171904098448769,0.2301406792637591,0.8104727272727272,0.635,
11,test,polygon,0.25,cfbd0b62a03bcd4dbbc24d494931448b224b5e5d05cb78a2ac49e03966d157c3,0.33731804554219896,0.5605906910634523,0.5750708215297451,203,150,0,0,,,"P(prediction=benign | direct route, fraud)",pointwise binomial descriptive; not simultaneous or deployment guarantee,undefined / insufficient fraud support,353,0,353,0,352,1,0,0.0,0.0,0.0,0.0,0.0,,,,single-class support
11,validation,pooled,0.3,73259e14ab51b59c3e85e6073d8ca93761eaa56d4657d87eaf718d938ca379f9,0.33876602354589264,0.5605906910634523,0.6995614035087719,2552,1096,288,30,0.10416666666666667,0.13863038256325266,"P(prediction=benign | direct route, fraud)",pointwise binomial descriptive; not simultaneous or deployment guarantee,supported,3648,393,3255,316,3181,74,77,0.8071519795657727,0.8102564102564103,0.8040712468193384,0.19592875318066158,0.7839751814248025,0.859118802348142,0.9404040759371959,0.8906684959135094,
11,validation,ethereum,0.3,73259e14ab51b59c3e85e6073d8ca93761eaa56d4657d87eaf718d938ca379f9,0.33876602354589264,0.5605906910634523,0.6783410138248848,1472,698,279,21,0.07526881720430108,0.10658154100646865,"P(prediction=benign | direct route, fraud)",pointwise binomial descriptive; not simultaneous or deployment guarantee,supported,2170,361,1809,308,1764,45,53,0.8627450980392157,0.8725212464589235,0.853185595567867,0.14681440443213298,0.8357972902225609,0.9099839972380909,0.9536910706547289,0.9141549868386598,
11,validation,bsc,0.3,73259e14ab51b59c3e85e6073d8ca93761eaa56d4657d87eaf718d938ca379f9,0.33876602354589264,0.5605906910634523,0.7831111111111111,881,244,9,9,1.0,1.0,"P(prediction=benign | direct route, fraud)",pointwise binomial descriptive; not simultaneous or deployment guarantee,supported,1125,31,1094,8,1071,23,23,0.25806451612903225,0.25806451612903225,0.25806451612903225,0.7419354838709677,0.23704075013268858,0.16177356417309452,0.7904110396886241,0.6185203750663443,
11,validation,polygon,0.3,73259e14ab51b59c3e85e6073d8ca93761eaa56d4657d87eaf718d938ca379f9,0.33876602354589264,0.5605906910634523,0.5637393767705382,199,154,0,0,,,"P(prediction=benign | direct route, fraud)",pointwise binomial descriptive; not simultaneous or deployment guarantee,undefined / insufficient fraud support,353,1,352,0,346,6,1,0.0,0.0,0.0,1.0,-0.007008733651184125,0.004032258064516129,0.2982954545454546,0.4914772727272727,
11,test,pooled,0.3,73259e14ab51b59c3e85e6073d8ca93761eaa56d4657d87eaf718d938ca379f9,0.33876602354589264,0.5605906910634523,0.6981907894736842,2547,1101,72,23,0.3194444444444444,0.4212812561095312,"P(prediction=benign | direct route, fraud)",pointwise binomial descriptive; not simultaneous or deployment guarantee,supported,3648,161,3487,82,3455,32,79,0.5963636363636363,0.7192982456140351,0.5093167701863354,0.4906832298136646,0.5903976949316287,0.6621758831772627,0.9176212622927751,0.7500699136277247,
11,test,ethereum,0.3,73259e14ab51b59c3e85e6073d8ca93761eaa56d4657d87eaf718d938ca379f9,0.33876602354589264,0.5605906910634523,0.6981566820276498,1515,655,64,15,0.234375,0.3377097239066899,"P(prediction=benign | direct route, fraud)",pointwise binomial descriptive; not simultaneous or deployment guarantee,supported,2170,136,2034,75,2014,20,61,0.6493506493506493,0.7894736842105263,0.5514705882352942,0.4485294117647059,0.6416275420167189,0.759342142619974,0.9358226328879635,0.7708188732720227,
11,test,bsc,0.3,73259e14ab51b59c3e85e6073d8ca93761eaa56d4657d87eaf718d938ca379f9,0.33876602354589264,0.5605906910634523,0.7546666666666667,849,276,8,8,1.0,1.0,"P(prediction=benign | direct route, fraud)",pointwise binomial descriptive; not simultaneous or deployment guarantee,supported,1125,25,1100,7,1089,11,18,0.32558139534883723,0.3888888888888889,0.28,0.72,0.3171904098448769,0.2316935301151847,0.8162909090909091,0.635,
11,test,polygon,0.3,73259e14ab51b59c3e85e6073d8ca93761eaa56d4657d87eaf718d938ca379f9,0.33876602354589264,0.5605906910634523,0.5184135977337111,183,170,0,0,,,"P(prediction=benign | direct route, fraud)",pointwise binomial descriptive; not simultaneous or deployment guarantee,undefined / insufficient fraud support,353,0,353,0,352,1,0,0.0,0.0,0.0,0.0,0.0,,,,single-class support
11,validation,pooled,0.35,4ac0ceeb8980176e4f86cc44f9aa379d7ab91140389ec162a4b69fc5085bceef,0.34042902059856933,0.5605906910634523,0.649671052631579,2370,1278,287,29,0.10104529616724739,0.1352124233325519,"P(prediction=benign | direct route, fraud)",pointwise binomial descriptive; not simultaneous or deployment guarantee,supported,3648,393,3255,316,3181,74,77,0.8071519795657727,0.8102564102564103,0.8040712468193384,0.19592875318066158,0.7839751814248025,0.8607692068559212,0.9430001993410021,0.8906684959135094,
11,validation,ethereum,0.35,4ac0ceeb8980176e4f86cc44f9aa379d7ab91140389ec162a4b69fc5085bceef,0.34042902059856933,0.5605906910634523,0.6290322580645161,1365,805,278,20,0.07194244604316546,0.10282530287949174,"P(prediction=benign | direct route, fraud)",pointwise binomial descriptive; not simultaneous or deployment guarantee,supported,2170,361,1809,308,1764,45,53,0.8627450980392157,0.8725212464589235,0.853185595567867,0.14681440443213298,0.8357972902225609,0.9112448972062559,0.9557628906866101,0.9141549868386598,
11,validation,bsc,0.35,4ac0ceeb8980176e4f86cc44f9aa379d7ab91140389ec162a4b69fc5085bceef,0.34042902059856933,0.5605906910634523,0.7386666666666667,831,294,9,9,1.0,1.0,"P(prediction=benign | direct route, fraud)",pointwise binomial descriptive; not simultaneous or deployment guarantee,supported,1125,31,1094,8,1071,23,23,0.25806451612903225,0.25806451612903225,0.25806451612903225,0.7419354838709677,0.23704075013268858,0.16520670561312983,0.7969864952526979,0.6185203750663443,
11,validation,polygon,0.35,4ac0ceeb8980176e4f86cc44f9aa379d7ab91140389ec162a4b69fc5085bceef,0.34042902059856933,0.5605906910634523,0.49291784702549574,174,179,0,0,,,"P(prediction=benign | direct route, fraud)",pointwise binomial descriptive; not simultaneous or deployment guarantee,undefined / insufficient fraud support,353,1,352,0,346,6,1,0.0,0.0,0.0,1.0,-0.007008733651184125,0.004366812227074236,0.3522727272727273,0.4914772727272727,
11,test,pooled,0.35,4ac0ceeb8980176e4f86cc44f9aa379d7ab91140389ec162a4b69fc5085bceef,0.34042902059856933,0.5605906910634523,0.6378837719298246,2327,1321,68,19,0.27941176470588236,0.38249199155982966,"P(prediction=benign | direct route, fraud)",pointwise binomial descriptive; not simultaneous or deployment guarantee,supported,3648,161,3487,82,3455,32,79,0.5963636363636363,0.7192982456140351,0.5093167701863354,0.4906832298136646,0.5903976949316287,0.6620517526037345,0.9149939348814675,0.7500699136277247,
11,test,ethereum,0.35,4ac0ceeb8980176e4f86cc44f9aa379d7ab91140389ec162a4b69fc5085bceef,0.34042902059856933,0.5605906910634523,0.6327188940092165,1373,797,61,12,0.19672131147540983,0.2991585624628338,"P(prediction=benign | direct route, fraud)",pointwise binomial descriptive; not simultaneous or deployment guarantee,supported,2170,136,2034,75,2014,20,61,0.6493506493506493,0.7894736842105263,0.5514705882352942,0.4485294117647059,0.6416275420167189,0.757124050467048,0.9309857423795478,0.7708188732720227,
11,test,bsc,0.35,4ac0ceeb8980176e4f86cc44f9aa379d7ab91140389ec162a4b69fc5085bceef,0.34042902059856933,0.5605906910634523,0.704,792,333,7,7,1.0,1.0,"P(prediction=benign | direct route, fraud)",pointwise binomial descriptive; not simultaneous or deployment guarantee,supported,1125,25,1100,7,1089,11,18,0.32558139534883723,0.3888888888888889,0.28,0.72,0.3171904098448769,0.23782531804059714,0.8233818181818182,0.635,
11,test,polygon,0.35,4ac0ceeb8980176e4f86cc44f9aa379d7ab91140389ec162a4b69fc5085bceef,0.34042902059856933,0.5605906910634523,0.45892351274787535,162,191,0,0,,,"P(prediction=benign | direct route, fraud)",pointwise binomial descriptive; not simultaneous or deployment guarantee,undefined / insufficient fraud support,353,0,353,0,352,1,0,0.0,0.0,0.0,0.0,0.0,,,,single-class support
11,validation,pooled,0.4,9aaf485eaecc1a3b5d3707045a6bb0bfff471f654dad9b503a3f74b233ea4632,0.3421371480325732,0.5605906910634523,0.5997807017543859,2188,1460,286,28,0.0979020979020979,0.1317609137921789,"P(prediction=benign | direct route, fraud)",pointwise binomial descriptive; not simultaneous or deployment guarantee,supported,3648,393,3255,316,3181,74,77,0.8071519795657727,0.8102564102564103,0.8040712468193384,0.19592875318066158,0.7839751814248025,0.8611979184453529,0.9438702641854575,0.8906684959135094,
11,validation,ethereum,0.4,9aaf485eaecc1a3b5d3707045a6bb0bfff471f654dad9b503a3f74b233ea4632,0.3421371480325732,0.5605906910634523,0.5764976958525345,1251,919,278,20,0.07194244604316546,0.10282530287949174,"P(prediction=benign | direct route, fraud)",pointwise binomial descriptive; not simultaneous or deployment guarantee,supported,2170,361,1809,308,1764,45,53,0.8627450980392157,0.8725212464589235,0.853185595567867,0.14681440443213298,0.8357972902225609,0.9126087128604716,0.9579357751102904,0.9141549868386598,
11,validation,bsc,0.4,9aaf485eaecc1a3b5d3707045a6bb0bfff471f654dad9b503a3f74b233ea4632,0.3421371480325732,0.5605906910634523,0.7048888888888889,793,332,8,8,1.0,1.0,"P(prediction=benign | direct route, fraud)",pointwise binomial descriptive; not simultaneous or deployment guarantee,supported,1125,31,1094,8,1071,23,23,0.25806451612903225,0.25806451612903225,0.25806451612903225,0.7419354838709677,0.23704075013268858,0.16100102457801785,0.7839830158636552,0.6185203750663443,
11,validation,polygon,0.4,9aaf485eaecc1a3b5d3707045a6bb0bfff471f654dad9b503a3f74b233ea4632,0.3421371480325732,0.5605906910634523,0.40793201133144474,144,209,0,0,,,"P(prediction=benign | direct route, fraud)",pointwise binomial descriptive; not simultaneous or deployment guarantee,undefined / insufficient fraud support,353,1,352,0,346,6,1,0.0,0.0,0.0,1.0,-0.007008733651184125,0.004878048780487805,0.4204545454545454,0.4914772727272727,
11,test,pooled,0.4,9aaf485eaecc1a3b5d3707045a6bb0bfff471f654dad9b503a3f74b233ea4632,0.3421371480325732,0.5605906910634523,0.5899122807017544,2152,1496,67,19,0.2835820895522388,0.38776992102297264,"P(prediction=benign | direct route, fraud)",pointwise binomial descriptive; not simultaneous or deployment guarantee,supported,3648,161,3487,82,3455,32,79,0.5963636363636363,0.7192982456140351,0.5093167701863354,0.4906832298136646,0.5903976949316287,0.6650739855569441,0.9192083461730972,0.7500699136277247,
11,test,ethereum,0.4,9aaf485eaecc1a3b5d3707045a6bb0bfff471f654dad9b503a3f74b233ea4632,0.3421371480325732,0.5605906910634523,0.5866359447004609,1273,897,60,12,0.2,0.30380973001535294,"P(prediction=benign | direct route, fraud)",pointwise binomial descriptive; not simultaneous or deployment guarantee,supported,2170,136,2034,75,2014,20,61,0.6493506493506493,0.7894736842105263,0.5514705882352942,0.4485294117647059,0.6416275420167189,0.7604466813952226,0.9348501937648216,0.7708188732720227,
11,test,bsc,0.4,9aaf485eaecc1a3b5d3707045a6bb0bfff471f654dad9b503a3f74b233ea4632,0.3421371480325732,0.5605906910634523,0.6533333333333333,735,390,7,7,1.0,1.0,"P(prediction=benign | direct route, fraud)",pointwise binomial descriptive; not simultaneous or deployment guarantee,supported,1125,25,1100,7,1089,11,18,0.32558139534883723,0.3888888888888889,0.28,0.72,0.3171904098448769,0.23888719984382467,0.8288363636363636,0.635,
11,test,polygon,0.4,9aaf485eaecc1a3b5d3707045a6bb0bfff471f654dad9b503a3f74b233ea4632,0.3421371480325732,0.5605906910634523,0.40793201133144474,144,209,0,0,,,"P(prediction=benign | direct route, fraud)",pointwise binomial descriptive; not simultaneous or deployment guarantee,undefined / insufficient fraud support,353,0,353,0,352,1,0,0.0,0.0,0.0,0.0,0.0,,,,single-class support
11,validation,pooled,0.45,e86984ac5bd14ee13fb7152fbe22c177256695f9d71d11816fd2cb98cb75c31a,0.3439358017583781,0.5605906910634523,0.5496162280701754,2005,1643,284,27,0.09507042253521127,0.1287182019698051,"P(prediction=benign | direct route, fraud)",pointwise binomial descriptive; not simultaneous or deployment guarantee,supported,3648,393,3255,316,3181,74,77,0.8071519795657727,0.8102564102564103,0.8040712468193384,0.19592875318066158,0.7839751814248025,0.8625218812060209,0.9459559182780063,0.8906684959135094,
11,validation,ethereum,0.45,e86984ac5bd14ee13fb7152fbe22c177256695f9d71d11816fd2cb98cb75c31a,0.3439358017583781,0.5605906910634523,0.5304147465437788,1151,1019,276,19,0.06884057971014493,0.09937794490982642,"P(prediction=benign | direct route, fraud)",pointwise binomial descriptive; not simultaneous or deployment guarantee,supported,2170,361,1809,308,1764,45,53,0.8627450980392157,0.8725212464589235,0.853185595567867,0.14681440443213298,0.8357972902225609,0.9138185400358052,0.9595696494443757,0.9141549868386598,
11,validation,bsc,0.45,e86984ac5bd14ee13fb7152fbe22c177256695f9d71d11816fd2cb98cb75c31a,0.3439358017583781,0.5605906910634523,0.6533333333333333,735,390,8,8,1.0,1.0,"P(prediction=benign | direct route, fraud)",pointwise binomial descriptive; not simultaneous or deployment guarantee,supported,1125,31,1094,8,1071,23,23,0.25806451612903225,0.25806451612903225,0.25806451612903225,0.7419354838709677,0.23704075013268858,0.16130991990953128,0.789172613080144,0.6185203750663443,
11,validation,polygon,0.45,e86984ac5bd14ee13fb7152fbe22c177256695f9d71d11816fd2cb98cb75c31a,0.3439358017583781,0.5605906910634523,0.3371104815864023,119,234,0,0,,,"P(prediction=benign | direct route, fraud)",pointwise binomial descriptive; not simultaneous or deployment guarantee,undefined / insufficient fraud support,353,1,352,0,346,6,1,0.0,0.0,0.0,1.0,-0.007008733651184125,0.0053475935828877,0.47159090909090906,0.4914772727272727,
11,test,pooled,0.45,e86984ac5bd14ee13fb7152fbe22c177256695f9d71d11816fd2cb98cb75c31a,0.3439358017583781,0.5605906910634523,0.5381030701754386,1963,1685,66,18,0.2727272727272727,0.37713073508160777,"P(prediction=benign | direct route, fraud)",pointwise binomial descriptive; not simultaneous or deployment guarantee,supported,3648,161,3487,82,3455,32,79,0.5963636363636363,0.7192982456140351,0.5093167701863354,0.4906832298136646,0.5903976949316287,0.668182503476197,0.9232428523335121,0.7500699136277247,
11,test,ethereum,0.45,e86984ac5bd14ee13fb7152fbe22c177256695f9d71d11816fd2cb98cb75c31a,0.3439358017583781,0.5605906910634523,0.5387096774193548,1169,1001,59,11,0.1864406779661017,0.28968191528751414,"P(prediction=benign | direct route, fraud)",pointwise binomial descriptive; not simultaneous or deployment guarantee,supported,2170,136,2034,75,2014,20,61,0.6493506493506493,0.7894736842105263,0.5514705882352942,0.4485294117647059,0.6416275420167189,0.7634549982301426,0.9380856324830817,0.7708188732720227,
11,test,bsc,0.45,e86984ac5bd14ee13fb7152fbe22c177256695f9d71d11816fd2cb98cb75c31a,0.3439358017583781,0.5605906910634523,0.5982222222222222,673,452,7,7,1.0,1.0,"P(prediction=benign | direct route, fraud)",pointwise binomial descriptive; not simultaneous or deployment guarantee,supported,1125,25,1100,7,1089,11,18,0.32558139534883723,0.3888888888888889,0.28,0.72,0.3171904098448769,0.2416654141623238,0.8348727272727272,0.635,
11,test,polygon,0.45,e86984ac5bd14ee13fb7152fbe22c177256695f9d71d11816fd2cb98cb75c31a,0.3439358017583781,0.5605906910634523,0.34277620396600567,121,232,0,0,,,"P(prediction=benign | direct route, fraud)",pointwise binomial descriptive; not simultaneous or deployment guarantee,undefined / insufficient fraud support,353,0,353,0,352,1,0,0.0,0.0,0.0,0.0,0.0,,,,single-class support
11,validation,pooled,0.5,637c98ba9c784fc6ab16752db6cd399e48b48c5ecdcc764e8d202158944a35f0,0.3451792960850231,0.5605906910634523,0.49972587719298245,1823,1825,281,24,0.08540925266903915,0.11801248270252328,"P(prediction=benign | direct route, fraud)",pointwise binomial descriptive; not simultaneous or deployment guarantee,supported,3648,393,3255,316,3181,74,77,0.8071519795657727,0.8102564102564103,0.8040712468193384,0.19592875318066158,0.7839751814248025,0.8638232993303562,0.9478649015216363,0.8906684959135094,
11,validation,ethereum,0.5,637c98ba9c784fc6ab16752db6cd399e48b48c5ecdcc764e8d202158944a35f0,0.3451792960850231,0.5605906910634523,0.48294930875576036,1048,1122,273,16,0.05860805860805861,0.08765715293976953,"P(prediction=benign | direct route, fraud)",pointwise binomial descriptive; not simultaneous or deployment guarantee,supported,2170,361,1809,308,1764,45,53,0.8627450980392157,0.8725212464589235,0.853185595567867,0.14681440443213298,0.8357972902225609,0.9149373566288953,0.9609814883722355,0.9141549868386598,
11,validation,bsc,0.5,637c98ba9c784fc6ab16752db6cd399e48b48c5ecdcc764e8d202158944a35f0,0.3451792960850231,0.5605906910634523,0.5964444444444444,671,454,8,8,1.0,1.0,"P(prediction=benign | direct route, fraud)",pointwise binomial descriptive; not simultaneous or deployment guarantee,supported,1125,31,1094,8,1071,23,23,0.25806451612903225,0.25806451612903225,0.25806451612903225,0.7419354838709677,0.23704075013268858,0.16219830962466344,0.7954826915138291,0.6185203750663443,
11,validation,polygon,0.5,637c98ba9c784fc6ab16752db6cd399e48b48c5ecdcc764e8d202158944a35f0,0.3451792960850231,0.5605906910634523,0.29461756373937675,104,249,0,0,,,"P(prediction=benign | direct route, fraud)",pointwise binomial descriptive; not simultaneous or deployment guarantee,undefined / insufficient fraud support,353,1,352,0,346,6,1,0.0,0.0,0.0,1.0,-0.007008733651184125,0.005681818181818182,0.5028409090909092,0.4914772727272727,
11,test,pooled,0.5,637c98ba9c784fc6ab16752db6cd399e48b48c5ecdcc764e8d202158944a35f0,0.3451792960850231,0.5605906910634523,0.47478070175438597,1732,1916,62,14,0.22580645161290322,0.3302694245156404,"P(prediction=benign | direct route, fraud)",pointwise binomial descriptive; not simultaneous or deployment guarantee,supported,3648,161,3487,82,3455,32,79,0.5963636363636363,0.7192982456140351,0.5093167701863354,0.4906832298136646,0.5903976949316287,0.6689964726332147,0.92246088844635,0.7500699136277247,
11,test,ethereum,0.5,637c98ba9c784fc6ab16752db6cd399e48b48c5ecdcc764e8d202158944a35f0,0.3451792960850231,0.5605906910634523,0.4714285714285714,1023,1147,56,8,0.14285714285714285,0.24302852691968904,"P(prediction=benign | direct route, fraud)",pointwise binomial descriptive; not simultaneous or deployment guarantee,supported,2170,136,2034,75,2014,20,61,0.6493506493506493,0.7894736842105263,0.5514705882352942,0.4485294117647059,0.6416275420167189,0.7659989842809757,0.940984874775869,0.7708188732720227,
11,test,bsc,0.5,637c98ba9c784fc6ab16752db6cd399e48b48c5ecdcc764e8d202158944a35f0,0.3451792960850231,0.5605906910634523,0.5351111111111111,602,523,6,6,1.0,1.0,"P(prediction=benign | direct route, fraud)",pointwise binomial descriptive; not simultaneous or deployment guarantee,supported,1125,25,1100,7,1089,11,18,0.32558139534883723,0.3888888888888889,0.28,0.72,0.3171904098448769,0.2374122386376519,0.8160000000000001,0.635,
11,test,polygon,0.5,637c98ba9c784fc6ab16752db6cd399e48b48c5ecdcc764e8d202158944a35f0,0.3451792960850231,0.5605906910634523,0.3031161473087819,107,246,0,0,,,"P(prediction=benign | direct route, fraud)",pointwise binomial descriptive; not simultaneous or deployment guarantee,undefined / insufficient fraud support,353,0,353,0,352,1,0,0.0,0.0,0.0,0.0,0.0,,,,single-class support
11,validation,pooled,0.55,a6090a92a607ba1fc91fedb0078f89f40b1acd50462f62328e6fb6e9bd534078,0.3460945954406727,0.5605906910634523,0.4498355263157895,1641,2007,277,21,0.07581227436823104,0.10733784549010188,"P(prediction=benign | direct route, fraud)",pointwise binomial descriptive; not simultaneous or deployment guarantee,supported,3648,393,3255,316,3181,74,77,0.8071519795657727,0.8102564102564103,0.8040712468193384,0.19592875318066158,0.7839751814248025,0.8634725400669947,0.9475287578710381,0.8906684959135094,
11,validation,ethereum,0.55,a6090a92a607ba1fc91fedb0078f89f40b1acd50462f62328e6fb6e9bd534078,0.3460945954406727,0.5605906910634523,0.42672811059907834,926,1244,269,13,0.048327137546468404,0.07573781116084446,"P(prediction=benign | direct route, fraud)",pointwise binomial descriptive; not simultaneous or deployment guarantee,supported,2170,361,1809,308,1764,45,53,0.8627450980392157,0.8725212464589235,0.853185595567867,0.14681440443213298,0.8357972902225609,0.9141701107137701,0.9598529359971458,0.9141549868386598,
11,validation,bsc,0.55,a6090a92a607ba1fc91fedb0078f89f40b1acd50462f62328e6fb6e9bd534078,0.3460945954406727,0.5605906910634523,0.5502222222222222,619,506,8,8,1.0,1.0,"P(prediction=benign | direct route, fraud)",pointwise binomial descriptive; not simultaneous or deployment guarantee,supported,1125,31,1094,8,1071,23,23,0.25806451612903225,0.25806451612903225,0.25806451612903225,0.7419354838709677,0.23704075013268858,0.16334566110392107,0.8017043109040514,0.6185203750663443,
11,validation,polygon,0.55,a6090a92a607ba1fc91fedb0078f89f40b1acd50462f62328e6fb6e9bd534078,0.3460945954406727,0.5605906910634523,0.2719546742209632,96,257,0,0,,,"P(prediction=benign | direct route, fraud)",pointwise binomial descriptive; not simultaneous or deployment guarantee,undefined / insufficient fraud support,353,1,352,0,346,6,1,0.0,0.0,0.0,1.0,-0.007008733651184125,0.0058823529411764705,0.5198863636363636,0.4914772727272727,
11,test,pooled,0.55,a6090a92a607ba1fc91fedb0078f89f40b1acd50462f62328e6fb6e9bd534078,0.3460945954406727,0.5605906910634523,0.4037828947368421,1473,2175,60,12,0.2,0.30380973001535294,"P(prediction=benign | direct route, fraud)",pointwise binomial descriptive; not simultaneous or deployment guarantee,supported,3648,161,3487,82,3455,32,79,0.5963636363636363,0.7192982456140351,0.5093167701863354,0.4906832298136646,0.5903976949316287,0.668934461001764,0.9225107631361917,0.7500699136277247,
11,test,ethereum,0.55,a6090a92a607ba1fc91fedb0078f89f40b1acd50462f62328e6fb6e9bd534078,0.3460945954406727,0.5605906910634523,0.3847926267281106,835,1335,55,7,0.12727272727272726,0.2258018799335397,"P(prediction=benign | direct route, fraud)",pointwise binomial descriptive; not simultaneous or deployment guarantee,supported,2170,136,2034,75,2014,20,61,0.6493506493506493,0.7894736842105263,0.5514705882352942,0.4485294117647059,0.6416275420167189,0.7653505124212803,0.9401208861125572,0.7708188732720227,
11,test,bsc,0.55,a6090a92a607ba1fc91fedb0078f89f40b1acd50462f62328e6fb6e9bd534078,0.3460945954406727,0.5605906910634523,0.4826666666666667,543,582,5,5,1.0,1.0,"P(prediction=benign | direct route, fraud)",pointwise binomial descriptive; not simultaneous or deployment guarantee,supported,1125,25,1100,7,1089,11,18,0.32558139534883723,0.3888888888888889,0.28,0.72,0.3171904098448769,0.23895911626784977,0.8204727272727272,0.635,
11,test,polygon,0.55,a6090a92a607ba1fc91fedb0078f89f40b1acd50462f62328e6fb6e9bd534078,0.3460945954406727,0.5605906910634523,0.26912181303116145,95,258,0,0,,,"P(prediction=benign | direct route, fraud)",pointwise binomial descriptive; not simultaneous or deployment guarantee,undefined / insufficient fraud support,353,0,353,0,352,1,0,0.0,0.0,0.0,0.0,0.0,,,,single-class support
11,validation,pooled,0.6,43a7233e01c3cbb45dbd15418aa3b6c9f950bff28840e5f916cb82a2248d8583,0.3470105377931149,0.5605906910634523,0.3996710526315789,1458,2190,275,19,0.06909090909090909,0.09973332176198718,"P(prediction=benign | direct route, fraud)",pointwise binomial descriptive; not simultaneous or deployment guarantee,supported,3648,393,3255,316,3181,74,77,0.8071519795657727,0.8102564102564103,0.8040712468193384,0.19592875318066158,0.7839751814248025,0.8648964933129257,0.9497332348354265,0.8906684959135094,
11,validation,ethereum,0.6,43a7233e01c3cbb45dbd15418aa3b6c9f950bff28840e5f916cb82a2248d8583,0.3470105377931149,0.5605906910634523,0.3778801843317972,820,1350,268,12,0.04477611940298507,0.07153850019073588,"P(prediction=benign | direct route, fraud)",pointwise binomial descriptive; not simultaneous or deployment guarantee,supported,2170,361,1809,308,1764,45,53,0.8627450980392157,0.8725212464589235,0.853185595567867,0.14681440443213298,0.8357972902225609,0.9146572868504876,0.9610197703388259,0.9141549868386598,
11,validation,bsc,0.6,43a7233e01c3cbb45dbd15418aa3b6c9f950bff28840e5f916cb82a2248d8583,0.3470105377931149,0.5605906910634523,0.49066666666666664,552,573,7,7,1.0,1.0,"P(prediction=benign | direct route, fraud)",pointwise binomial descriptive; not simultaneous or deployment guarantee,supported,1125,31,1094,8,1071,23,23,0.25806451612903225,0.25806451612903225,0.25806451612903225,0.7419354838709677,0.23704075013268858,0.16949105938791334,0.8135873090758978,0.6185203750663443,
11,validation,polygon,0.6,43a7233e01c3cbb45dbd15418aa3b6c9f950bff28840e5f916cb82a2248d8583,0.3470105377931149,0.5605906910634523,0.24362606232294617,86,267,0,0,,,"P(prediction=benign | direct route, fraud)",pointwise binomial descriptive; not simultaneous or deployment guarantee,undefined / insufficient fraud support,353,1,352,0,346,6,1,0.0,0.0,0.0,1.0,-0.007008733651184125,0.006172839506172839,0.5426136363636364,0.4914772727272727,
11,test,pooled,0.6,43a7233e01c3cbb45dbd15418aa3b6c9f950bff28840e5f916cb82a2248d8583,0.3470105377931149,0.5605906910634523,0.33908991228070173,1237,2411,57,9,0.15789473684210525,0.2593598895364318,"P(prediction=benign | direct route, fraud)",pointwise binomial descriptive; not simultaneous or deployment guarantee,supported,3648,161,3487,82,3455,32,79,0.5963636363636363,0.7192982456140351,0.5093167701863354,0.4906832298136646,0.5903976949316287,0.6671328414155573,0.9165738938060979,0.7500699136277247,
11,test,ethereum,0.6,43a7233e01c3cbb45dbd15418aa3b6c9f950bff28840e5f916cb82a2248d8583,0.3470105377931149,0.5605906910634523,0.31658986175115206,687,1483,53,5,0.09433962264150944,0.18818062989721815,"P(prediction=benign | direct route, fraud)",pointwise binomial descriptive; not simultaneous or deployment guarantee,supported,2170,136,2034,75,2014,20,61,0.6493506493506493,0.7894736842105263,0.5514705882352942,0.4485294117647059,0.6416275420167189,0.7637986915595635,0.9357431025507547,0.7708188732720227,
11,test,bsc,0.6,43a7233e01c3cbb45dbd15418aa3b6c9f950bff28840e5f916cb82a2248d8583,0.3470105377931149,0.5605906910634523,0.41333333333333333,465,660,4,4,1.0,1.0,"P(prediction=benign | direct route, fraud)",pointwise binomial descriptive; not simultaneous or deployment guarantee,supported,1125,25,1100,7,1089,11,18,0.32558139534883723,0.3888888888888889,0.28,0.72,0.3171904098448769,0.23641683229991964,0.8079636363636362,0.635,
11,test,polygon,0.6,43a7233e01c3cbb45dbd15418aa3b6c9f950bff28840e5f916cb82a2248d8583,0.3470105377931149,0.5605906910634523,0.24079320113314448,85,268,0,0,,,"P(prediction=benign | direct route, fraud)",pointwise binomial descriptive; not simultaneous or deployment guarantee,undefined / insufficient fraud support,353,0,353,0,352,1,0,0.0,0.0,0.0,0.0,0.0,,,,single-class support
11,validation,pooled,0.65,81ad982f083897ea0eee6b1ce28b5597f320663d5ce4f6e87ff6c9fae2be1908,0.34793041888463816,0.5605906910634523,0.34978070175438597,1276,2372,267,11,0.04119850187265917,0.06727211300662003,"P(prediction=benign | direct route, fraud)",pointwise binomial descriptive; not simultaneous or deployment guarantee,supported,3648,393,3255,316,3181,74,77,0.8071519795657727,0.8102564102564103,0.8040712468193384,0.19592875318066158,0.7839751814248025,0.8654789225919356,0.9495182592449275,0.8906684959135094,
11,validation,ethereum,0.65,81ad982f083897ea0eee6b1ce28b5597f320663d5ce4f6e87ff6c9fae2be1908,0.34793041888463816,0.5605906910634523,0.33225806451612905,721,1449,262,6,0.022900763358778626,0.044697196437948124,"P(prediction=benign | direct route, fraud)",pointwise binomial descriptive; not simultaneous or deployment guarantee,supported,2170,361,1809,308,1764,45,53,0.8627450980392157,0.8725212464589235,0.853185595567867,0.14681440443213298,0.8357972902225609,0.914372037220139,0.9601944111391336,0.9141549868386598,
11,validation,bsc,0.65,81ad982f083897ea0eee6b1ce28b5597f320663d5ce4f6e87ff6c9fae2be1908,0.34793041888463816,0.5605906910634523,0.4231111111111111,476,649,5,5,1.0,1.0,"P(prediction=benign | direct route, fraud)",pointwise binomial descriptive; not simultaneous or deployment guarantee,supported,1125,31,1094,8,1071,23,23,0.25806451612903225,0.25806451612903225,0.25806451612903225,0.7419354838709677,0.23704075013268858,0.17427192284339785,0.817096184466592,0.6185203750663443,
11,validation,polygon,0.65,81ad982f083897ea0eee6b1ce28b5597f320663d5ce4f6e87ff6c9fae2be1908,0.34793041888463816,0.5605906910634523,0.2237960339943343,79,274,0,0,,,"P(prediction=benign | direct route, fraud)",pointwise binomial descriptive; not simultaneous or deployment guarantee,undefined / insufficient fraud support,353,1,352,0,346,6,1,0.0,0.0,0.0,1.0,-0.007008733651184125,0.006369426751592357,0.5568181818181819,0.4914772727272727,
11,test,pooled,0.65,81ad982f083897ea0eee6b1ce28b5597f320663d5ce4f6e87ff6c9fae2be1908,0.34793041888463816,0.5605906910634523,0.2949561403508772,1076,2572,56,8,0.14285714285714285,0.24302852691968904,"P(prediction=benign | direct route, fraud)",pointwise binomial descriptive; not simultaneous or deployment guarantee,supported,3648,161,3487,82,3455,32,79,0.5963636363636363,0.7192982456140351,0.5093167701863354,0.4906832298136646,0.5903976949316287,0.6667989500312558,0.9158667419536985,0.7500699136277247,
11,test,ethereum,0.65,81ad982f083897ea0eee6b1ce28b5597f320663d5ce4f6e87ff6c9fae2be1908,0.34793041888463816,0.5605906910634523,0.26820276497695855,582,1588,52,4,0.07692307692307693,0.16744468122047657,"P(prediction=benign | direct route, fraud)",pointwise binomial descriptive; not simultaneous or deployment guarantee,supported,2170,136,2034,75,2014,20,61,0.6493506493506493,0.7894736842105263,0.5514705882352942,0.4485294117647059,0.6416275420167189,0.76339107919375,0.9344127769101741,0.7708188732720227,
11,test,bsc,0.65,81ad982f083897ea0eee6b1ce28b5597f320663d5ce4f6e87ff6c9fae2be1908,0.34793041888463816,0.5605906910634523,0.37066666666666664,417,708,4,4,1.0,1.0,"P(prediction=benign | direct route, fraud)",pointwise binomial descriptive; not simultaneous or deployment guarantee,supported,1125,25,1100,7,1089,11,18,0.32558139534883723,0.3888888888888889,0.28,0.72,0.3171904098448769,0.23643817480818366,0.8113090909090909,0.635,
11,test,polygon,0.65,81ad982f083897ea0eee6b1ce28b5597f320663d5ce4f6e87ff6c9fae2be1908,0.34793041888463816,0.5605906910634523,0.21813031161473087,77,276,0,0,,,"P(prediction=benign | direct route, fraud)",pointwise binomial descriptive; not simultaneous or deployment guarantee,undefined / insufficient fraud support,353,0,353,0,352,1,0,0.0,0.0,0.0,0.0,0.0,,,,single-class support
11,validation,pooled,0.7,0c20c0c84307dd541086377202eb1875b66a9b25382ebf221a8ffe5e4d3d0130,0.34932016532492366,0.5605906910634523,0.29989035087719296,1094,2554,265,9,0.033962264150943396,0.05851572954698036,"P(prediction=benign | direct route, fraud)",pointwise binomial descriptive; not simultaneous or deployment guarantee,supported,3648,393,3255,316,3181,74,77,0.8071519795657727,0.8102564102564103,0.8040712468193384,0.19592875318066158,0.7839751814248025,0.8654070922201622,0.9495862697044671,0.8906684959135094,
11,validation,ethereum,0.7,0c20c0c84307dd541086377202eb1875b66a9b25382ebf221a8ffe5e4d3d0130,0.34932016532492366,0.5605906910634523,0.2857142857142857,620,1550,261,5,0.019157088122605363,0.03985561180790537,"P(prediction=benign | direct route, fraud)",pointwise binomial descriptive; not simultaneous or deployment guarantee,supported,2170,361,1809,308,1764,45,53,0.8627450980392157,0.8725212464589235,0.853185595567867,0.14681440443213298,0.8357972902225609,0.9144179864790842,0.9606844203114926,0.9141549868386598,
11,validation,bsc,0.7,0c20c0c84307dd541086377202eb1875b66a9b25382ebf221a8ffe5e4d3d0130,0.34932016532492366,0.5605906910634523,0.36177777777777775,407,718,4,4,1.0,1.0,"P(prediction=benign | direct route, fraud)",pointwise binomial descriptive; not simultaneous or deployment guarantee,supported,1125,31,1094,8,1071,23,23,0.25806451612903225,0.25806451612903225,0.25806451612903225,0.7419354838709677,0.23704075013268858,0.17369153451176628,0.811316860293684,0.6185203750663443,
11,validation,polygon,0.7,0c20c0c84307dd541086377202eb1875b66a9b25382ebf221a8ffe5e4d3d0130,0.34932016532492366,0.5605906910634523,0.18980169971671387,67,286,0,0,,,"P(prediction=benign | direct route, fraud)",pointwise binomial descriptive; not simultaneous or deployment guarantee,undefined / insufficient fraud support,353,1,352,0,346,6,1,0.0,0.0,0.0,1.0,-0.007008733651184125,0.006329113924050633,0.5539772727272727,0.4914772727272727,
11,test,pooled,0.7,0c20c0c84307dd541086377202eb1875b66a9b25382ebf221a8ffe5e4d3d0130,0.34932016532492366,0.5605906910634523,0.2480811403508772,905,2743,54,7,0.12962962962962962,0.2297351855784675,"P(prediction=benign | direct route, fraud)",pointwise binomial descriptive; not simultaneous or deployment guarantee,supported,3648,161,3487,82,3455,32,79,0.5963636363636363,0.7192982456140351,0.5093167701863354,0.4906832298136646,0.5903976949316287,0.6693076728641083,0.9196269373199837,0.7500699136277247,
11,test,ethereum,0.7,0c20c0c84307dd541086377202eb1875b66a9b25382ebf221a8ffe5e4d3d0130,0.34932016532492366,0.5605906910634523,0.21751152073732719,472,1698,50,3,0.06,0.14783717636418123,"P(prediction=benign | direct route, fraud)",pointwise binomial descriptive; not simultaneous or deployment guarantee,supported,2170,136,2034,75,2014,20,61,0.6493506493506493,0.7894736842105263,0.5514705882352942,0.4485294117647059,0.6416275420167189,0.766430120245349,0.9383603736479843,0.7708188732720227,
11,test,bsc,0.7,0c20c0c84307dd541086377202eb1875b66a9b25382ebf221a8ffe5e4d3d0130,0.34932016532492366,0.5605906910634523,0.3244444444444444,365,760,4,4,1.0,1.0,"P(prediction=benign | direct route, fraud)",pointwise binomial descriptive; not simultaneous or deployment guarantee,supported,1125,25,1100,7,1089,11,18,0.32558139534883723,0.3888888888888889,0.28,0.72,0.3171904098448769,0.2360578873846574,0.8160727272727273,0.635,
11,test,polygon,0.7,0c20c0c84307dd541086377202eb1875b66a9b25382ebf221a8ffe5e4d3d0130,0.34932016532492366,0.5605906910634523,0.19263456090651557,68,285,0,0,,,"P(prediction=benign | direct route, fraud)",pointwise binomial descriptive; not simultaneous or deployment guarantee,undefined / insufficient fraud support,353,0,353,0,352,1,0,0.0,0.0,0.0,0.0,0.0,,,,single-class support
11,validation,pooled,0.75,44ef103617e2a79b6150eb76d3d0b497669651ab7bab7eda3dfcf87afd9375fb,0.3509229734322811,0.5605906910634523,0.24972587719298245,911,2737,260,5,0.019230769230769232,0.04000726934256155,"P(prediction=benign | direct route, fraud)",pointwise binomial descriptive; not simultaneous or deployment guarantee,supported,3648,393,3255,316,3181,74,77,0.8071519795657727,0.8102564102564103,0.8040712468193384,0.19592875318066158,0.7839751814248025,0.8636788677829718,0.9505485786204821,0.8906684959135094,
11,validation,ethereum,0.75,44ef103617e2a79b6150eb76d3d0b497669651ab7bab7eda3dfcf87afd9375fb,0.3509229734322811,0.5605906910634523,0.24193548387096775,525,1645,257,2,0.007782101167315175,0.0242933153959779,"P(prediction=benign | direct route, fraud)",pointwise binomial descriptive; not simultaneous or deployment guarantee,supported,2170,361,1809,308,1764,45,53,0.8627450980392157,0.8725212464589235,0.853185595567867,0.14681440443213298,0.8357972902225609,0.913261665533021,0.9616996580654744,0.9141549868386598,
11,validation,bsc,0.75,44ef103617e2a79b6150eb76d3d0b497669651ab7bab7eda3dfcf87afd9375fb,0.3509229734322811,0.5605906910634523,0.29333333333333333,330,795,3,3,1.0,1.0,"P(prediction=benign | direct route, fraud)",pointwise binomial descriptive; not simultaneous or deployment guarantee,supported,1125,31,1094,8,1071,23,23,0.25806451612903225,0.25806451612903225,0.25806451612903225,0.7419354838709677,0.23704075013268858,0.17336161458584604,0.8140296042932122,0.6185203750663443,
11,validation,polygon,0.75,44ef103617e2a79b6150eb76d3d0b497669651ab7bab7eda3dfcf87afd9375fb,0.3509229734322811,0.5605906910634523,0.15864022662889518,56,297,0,0,,,"P(prediction=benign | direct route, fraud)",pointwise binomial descriptive; not simultaneous or deployment guarantee,undefined / insufficient fraud support,353,1,352,0,346,6,1,0.0,0.0,0.0,1.0,-0.007008733651184125,0.006289308176100629,0.5511363636363636,0.4914772727272727,
11,test,pooled,0.75,44ef103617e2a79b6150eb76d3d0b497669651ab7bab7eda3dfcf87afd9375fb,0.3509229734322811,0.5605906910634523,0.19572368421052633,714,2934,49,3,0.061224489795918366,0.15070639698269916,"P(prediction=benign | direct route, fraud)",pointwise binomial descriptive; not simultaneous or deployment guarantee,supported,3648,161,3487,82,3455,32,79,0.5963636363636363,0.7192982456140351,0.5093167701863354,0.4906832298136646,0.5903976949316287,0.6715813800411934,0.9228028863195507,0.7500699136277247,
11,test,ethereum,0.75,44ef103617e2a79b6150eb76d3d0b497669651ab7bab7eda3dfcf87afd9375fb,0.3509229734322811,0.5605906910634523,0.17695852534562212,384,1786,47,1,0.02127659574468085,0.09700098591383144,"P(prediction=benign | direct route, fraud)",pointwise binomial descriptive; not simultaneous or deployment guarantee,supported,2170,136,2034,75,2014,20,61,0.6493506493506493,0.7894736842105263,0.5514705882352942,0.4485294117647059,0.6416275420167189,0.7674251633873164,0.9379554919312858,0.7708188732720227,
11,test,bsc,0.75,44ef103617e2a79b6150eb76d3d0b497669651ab7bab7eda3dfcf87afd9375fb,0.3509229734322811,0.5605906910634523,0.248,279,846,2,2,1.0,1.0,"P(prediction=benign | direct route, fraud)",pointwise binomial descriptive; not simultaneous or deployment guarantee,supported,1125,25,1100,7,1089,11,18,0.32558139534883723,0.3888888888888889,0.28,0.72,0.3171904098448769,0.24024544743378584,0.8363272727272728,0.635,
11,test,polygon,0.75,44ef103617e2a79b6150eb76d3d0b497669651ab7bab7eda3dfcf87afd9375fb,0.3509229734322811,0.5605906910634523,0.14447592067988668,51,302,0,0,,,"P(prediction=benign | direct route, fraud)",pointwise binomial descriptive; not simultaneous or deployment guarantee,undefined / insufficient fraud support,353,0,353,0,352,1,0,0.0,0.0,0.0,0.0,0.0,,,,single-class support
11,validation,pooled,0.8,1832cb2b1f399f22c6054318f22fbcb57036d563662da269dcef7d0fd24bd09e,0.35280752151854783,0.5605906910634523,0.19983552631578946,729,2919,257,4,0.01556420233463035,0.03526087149335387,"P(prediction=benign | direct route, fraud)",pointwise binomial descriptive; not simultaneous or deployment guarantee,supported,3648,393,3255,316,3181,74,77,0.8071519795657727,0.8102564102564103,0.8040712468193384,0.19592875318066158,0.7839751814248025,0.8635318337116201,0.949814534695106,0.8906684959135094,
11,validation,ethereum,0.8,1832cb2b1f399f22c6054318f22fbcb57036d563662da269dcef7d0fd24bd09e,0.35280752151854783,0.5605906910634523,0.20046082949308755,435,1735,255,2,0.00784313725490196,0.024482245523947035,"P(prediction=benign | direct route, fraud)",pointwise binomial descriptive; not simultaneous or deployment guarantee,supported,2170,361,1809,308,1764,45,53,0.8627450980392157,0.8725212464589235,0.853185595567867,0.14681440443213298,0.8357972902225609,0.9132886580347376,0.9613872772180955,0.9141549868386598,
11,validation,bsc,0.8,1832cb2b1f399f22c6054318f22fbcb57036d563662da269dcef7d0fd24bd09e,0.35280752151854783,0.5605906910634523,0.22044444444444444,248,877,2,2,1.0,1.0,"P(prediction=benign | direct route, fraud)",pointwise binomial descriptive; not simultaneous or deployment guarantee,supported,1125,31,1094,8,1071,23,23,0.25806451612903225,0.25806451612903225,0.25806451612903225,0.7419354838709677,0.23704075013268858,0.17247677219815347,0.80996048829392,0.6185203750663443,
11,validation,polygon,0.8,1832cb2b1f399f22c6054318f22fbcb57036d563662da269dcef7d0fd24bd09e,0.35280752151854783,0.5605906910634523,0.13031161473087818,46,307,0,0,,,"P(prediction=benign | direct route, fraud)",pointwise binomial descriptive; not simultaneous or deployment guarantee,undefined / insufficient fraud support,353,1,352,0,346,6,1,0.0,0.0,0.0,1.0,-0.007008733651184125,0.006211180124223602,0.5454545454545454,0.4914772727272727,
11,test,pooled,0.8,1832cb2b1f399f22c6054318f22fbcb57036d563662da269dcef7d0fd24bd09e,0.35280752151854783,0.5605906910634523,0.14418859649122806,526,3122,47,2,0.0425531914893617,0.12796053954565068,"P(prediction=benign | direct route, fraud)",pointwise binomial descriptive; not simultaneous or deployment guarantee,supported,3648,161,3487,82,3455,32,79,0.5963636363636363,0.7192982456140351,0.5093167701863354,0.4906832298136646,0.5903976949316287,0.6753522035311976,0.9268605485859635,0.7500699136277247,
11,test,ethereum,0.8,1832cb2b1f399f22c6054318f22fbcb57036d563662da269dcef7d0fd24bd09e,0.35280752151854783,0.5605906910634523,0.1327188940092166,288,1882,46,1,0.021739130434782608,0.099024316819898,"P(prediction=benign | direct route, fraud)",pointwise binomial descriptive; not simultaneous or deployment guarantee,supported,2170,136,2034,75,2014,20,61,0.6493506493506493,0.7894736842105263,0.5514705882352942,0.4485294117647059,0.6416275420167189,0.7682353868912949,0.937445774770085,0.7708188732720227,
11,test,bsc,0.8,1832cb2b1f399f22c6054318f22fbcb57036d563662da269dcef7d0fd24bd09e,0.35280752151854783,0.5605906910634523,0.18133333333333335,204,921,1,1,1.0,1.0,"P(prediction=benign | direct route, fraud)",pointwise binomial descriptive; not simultaneous or deployment guarantee,supported,1125,25,1100,7,1089,11,18,0.32558139534883723,0.3888888888888889,0.28,0.72,0.3171904098448769,0.2514617732641562,0.8626909090909091,0.635,
11,test,polygon,0.8,1832cb2b1f399f22c6054318f22fbcb57036d563662da269dcef7d0fd24bd09e,0.35280752151854783,0.5605906910634523,0.09631728045325778,34,319,0,0,,,"P(prediction=benign | direct route, fraud)",pointwise binomial descriptive; not simultaneous or deployment guarantee,undefined / insufficient fraud support,353,0,353,0,352,1,0,0.0,0.0,0.0,0.0,0.0,,,,single-class support
11,validation,pooled,0.85,dc013f61755e2fc692e518e5f2329c2772820c82b4a010e107b4e5f45f916a8e,0.35506657501807315,0.5605906910634523,0.14994517543859648,547,3101,254,1,0.003937007874015748,0.018539551882174567,"P(prediction=benign | direct route, fraud)",pointwise binomial descriptive; not simultaneous or deployment guarantee,supported,3648,393,3255,316,3181,74,77,0.8071519795657727,0.8102564102564103,0.8040712468193384,0.19592875318066158,0.7839751814248025,0.8639100791724306,0.9510074537900196,0.8906684959135094,
11,validation,ethereum,0.85,dc013f61755e2fc692e518e5f2329c2772820c82b4a010e107b4e5f45f916a8e,0.35506657501807315,0.5605906910634523,0.15990783410138248,347,1823,253,0,0.0,0.011771012166087877,"P(prediction=benign | direct route, fraud)",pointwise binomial descriptive; not simultaneous or deployment guarantee,supported,2170,361,1809,308,1764,45,53,0.8627450980392157,0.8725212464589235,0.853185595567867,0.14681440443213298,0.8357972902225609,0.9139624003138458,0.963031870502826,0.9141549868386598,
11,validation,bsc,0.85,dc013f61755e2fc692e518e5f2329c2772820c82b4a010e107b4e5f45f916a8e,0.35506657501807315,0.5605906910634523,0.14933333333333335,168,957,1,1,1.0,1.0,"P(prediction=benign | direct route, fraud)",pointwise binomial descriptive; not simultaneous or deployment guarantee,supported,1125,31,1094,8,1071,23,23,0.25806451612903225,0.25806451612903225,0.25806451612903225,0.7419354838709677,0.23704075013268858,0.17200028744325557,0.8072182579465708,0.6185203750663443,
11,validation,polygon,0.85,dc013f61755e2fc692e518e5f2329c2772820c82b4a010e107b4e5f45f916a8e,0.35506657501807315,0.5605906910634523,0.0906515580736544,32,321,0,0,,,"P(prediction=benign | direct route, fraud)",pointwise binomial descriptive; not simultaneous or deployment guarantee,undefined / insufficient fraud support,353,1,352,0,346,6,1,0.0,0.0,0.0,1.0,-0.007008733651184125,0.006134969325153374,0.5397727272727273,0.4914772727272727,
11,test,pooled,0.85,dc013f61755e2fc692e518e5f2329c2772820c82b4a010e107b4e5f45f916a8e,0.35506657501807315,0.5605906910634523,0.0893640350877193,326,3322,47,2,0.0425531914893617,0.12796053954565068,"P(prediction=benign | direct route, fraud)",pointwise binomial descriptive; not simultaneous or deployment guarantee,supported,3648,161,3487,82,3455,32,79,0.5963636363636363,0.7192982456140351,0.5093167701863354,0.4906832298136646,0.5903976949316287,0.6748149652293401,0.926087490893416,0.7500699136277247,
11,test,ethereum,0.85,dc013f61755e2fc692e518e5f2329c2772820c82b4a010e107b4e5f45f916a8e,0.35506657501807315,0.5605906910634523,0.07649769585253456,166,2004,46,1,0.021739130434782608,0.099024316819898,"P(prediction=benign | direct route, fraud)",pointwise binomial descriptive; not simultaneous or deployment guarantee,supported,2170,136,2034,75,2014,20,61,0.6493506493506493,0.7894736842105263,0.5514705882352942,0.4485294117647059,0.6416275420167189,0.7681071050531562,0.9369902828387993,0.7708188732720227,
11,test,bsc,0.85,dc013f61755e2fc692e518e5f2329c2772820c82b4a010e107b4e5f45f916a8e,0.35506657501807315,0.5605906910634523,0.11644444444444445,131,994,1,1,1.0,1.0,"P(prediction=benign | direct route, fraud)",pointwise binomial descriptive; not simultaneous or deployment guarantee,supported,1125,25,1100,7,1089,11,18,0.32558139534883723,0.3888888888888889,0.28,0.72,0.3171904098448769,0.25003059411926937,0.8601818181818182,0.635,
11,test,polygon,0.85,dc013f61755e2fc692e518e5f2329c2772820c82b4a010e107b4e5f45f916a8e,0.35506657501807315,0.5605906910634523,0.0821529745042493,29,324,0,0,,,"P(prediction=benign | direct route, fraud)",pointwise binomial descriptive; not simultaneous or deployment guarantee,undefined / insufficient fraud support,353,0,353,0,352,1,0,0.0,0.0,0.0,0.0,0.0,,,,single-class support
11,validation,pooled,0.9,2c7bb8b472344510897d82043b487af98d41a6da3ae0313f90faa4712fd251a7,0.3584958931192073,0.5605906910634523,0.09978070175438597,364,3284,252,0,0.0,0.01181744544171903,"P(prediction=benign | direct route, fraud)",pointwise binomial descriptive; not simultaneous or deployment guarantee,supported,3648,393,3255,316,3181,74,77,0.8071519795657727,0.8102564102564103,0.8040712468193384,0.19592875318066158,0.7839751814248025,0.8636627311437087,0.9502741915940636,0.8906684959135094,
11,validation,ethereum,0.9,2c7bb8b472344510897d82043b487af98d41a6da3ae0313f90faa4712fd251a7,0.3584958931192073,0.5605906910634523,0.12626728110599078,274,1896,252,0,0.0,0.01181744544171903,"P(prediction=benign | direct route, fraud)",pointwise binomial descriptive; not simultaneous or deployment guarantee,supported,2170,361,1809,308,1764,45,53,0.8627450980392157,0.8725212464589235,0.853185595567867,0.14681440443213298,0.8357972902225609,0.9138156083363761,0.962613831427657,0.9141549868386598,
11,validation,bsc,0.9,2c7bb8b472344510897d82043b487af98d41a6da3ae0313f90faa4712fd251a7,0.3584958931192073,0.5605906910634523,0.06666666666666667,75,1050,0,0,,,"P(prediction=benign | direct route, fraud)",pointwise binomial descriptive; not simultaneous or deployment guarantee,undefined / insufficient fraud support,1125,31,1094,8,1071,23,23,0.25806451612903225,0.25806451612903225,0.25806451612903225,0.7419354838709677,0.23704075013268858,0.17138100866799091,0.8026773603821431,0.6185203750663443,
11,validation,polygon,0.9,2c7bb8b472344510897d82043b487af98d41a6da3ae0313f90faa4712fd251a7,0.3584958931192073,0.5605906910634523,0.042492917847025496,15,338,0,0,,,"P(prediction=benign | direct route, fraud)",pointwise binomial descriptive; not simultaneous or deployment guarantee,undefined / insufficient fraud support,353,1,352,0,346,6,1,0.0,0.0,0.0,1.0,-0.007008733651184125,0.006097560975609756,0.5369318181818181,0.4914772727272727,
11,test,pooled,0.9,2c7bb8b472344510897d82043b487af98d41a6da3ae0313f90faa4712fd251a7,0.3584958931192073,0.5605906910634523,0.03700657894736842,135,3513,46,1,0.021739130434782608,0.099024316819898,"P(prediction=benign | direct route, fraud)",pointwise binomial descriptive; not simultaneous or deployment guarantee,supported,3648,161,3487,82,3455,32,79,0.5963636363636363,0.7192982456140351,0.5093167701863354,0.4906832298136646,0.5903976949316287,0.6769782423863607,0.9308523050122282,0.7500699136277247,
11,test,ethereum,0.9,2c7bb8b472344510897d82043b487af98d41a6da3ae0313f90faa4712fd251a7,0.3584958931192073,0.5605906910634523,0.03456221198156682,75,2095,45,0,0.0,0.06440428880778348,"P(prediction=benign | direct route, fraud)",pointwise binomial descriptive; not simultaneous or deployment guarantee,supported,2170,136,2034,75,2014,20,61,0.6493506493506493,0.7894736842105263,0.5514705882352942,0.4485294117647059,0.6416275420167189,0.7713612775252132,0.9432044941870554,0.7708188732720227,
11,test,bsc,0.9,2c7bb8b472344510897d82043b487af98d41a6da3ae0313f90faa4712fd251a7,0.3584958931192073,0.5605906910634523,0.03911111111111111,44,1081,1,1,1.0,1.0,"P(prediction=benign | direct route, fraud)",pointwise binomial descriptive; not simultaneous or deployment guarantee,supported,1125,25,1100,7,1089,11,18,0.32558139534883723,0.3888888888888889,0.28,0.72,0.3171904098448769,0.24903466313927242,0.8578545454545454,0.635,
11,test,polygon,0.9,2c7bb8b472344510897d82043b487af98d41a6da3ae0313f90faa4712fd251a7,0.3584958931192073,0.5605906910634523,0.0453257790368272,16,337,0,0,,,"P(prediction=benign | direct route, fraud)",pointwise binomial descriptive; not simultaneous or deployment guarantee,undefined / insufficient fraud support,353,0,353,0,352,1,0,0.0,0.0,0.0,0.0,0.0,,,,single-class support
11,validation,pooled,0.95,9703506cbad8b964a25dff97598d1a8107964ad7663bccb53781c82cb5b772e1,0.41001544518881716,0.5605906910634523,0.049890350877192985,182,3466,176,0,0.0,0.016877163787066447,"P(prediction=benign | direct route, fraud)",pointwise binomial descriptive; not simultaneous or deployment guarantee,supported,3648,393,3255,316,3181,74,77,0.8071519795657727,0.8102564102564103,0.8040712468193384,0.19592875318066158,0.7839751814248025,0.8646948067732481,0.9501139370629643,0.8906684959135094,
11,validation,ethereum,0.95,9703506cbad8b964a25dff97598d1a8107964ad7663bccb53781c82cb5b772e1,0.41001544518881716,0.5605906910634523,0.08248847926267282,179,1991,176,0,0.0,0.016877163787066447,"P(prediction=benign | direct route, fraud)",pointwise binomial descriptive; not simultaneous or deployment guarantee,supported,2170,361,1809,308,1764,45,53,0.8627450980392157,0.8725212464589235,0.853185595567867,0.14681440443213298,0.8357972902225609,0.9143239087659745,0.9626061750343389,0.9141549868386598,
11,validation,bsc,0.95,9703506cbad8b964a25dff97598d1a8107964ad7663bccb53781c82cb5b772e1,0.41001544518881716,0.5605906910634523,0.0026666666666666666,3,1122,0,0,,,"P(prediction=benign | direct route, fraud)",pointwise binomial descriptive; not simultaneous or deployment guarantee,undefined / insufficient fraud support,1125,31,1094,8,1071,23,23,0.25806451612903225,0.25806451612903225,0.25806451612903225,0.7419354838709677,0.23704075013268858,0.17119125617821468,0.7997287256000473,0.6185203750663443,
11,validation,polygon,0.95,9703506cbad8b964a25dff97598d1a8107964ad7663bccb53781c82cb5b772e1,0.41001544518881716,0.5605906910634523,0.0,0,353,0,0,,,"P(prediction=benign | direct route, fraud)",pointwise binomial descriptive; not simultaneous or deployment guarantee,undefined / insufficient fraud support,353,1,352,0,346,6,1,0.0,0.0,0.0,1.0,-0.007008733651184125,0.006097560975609756,0.5369318181818181,0.4914772727272727,
11,test,pooled,0.95,9703506cbad8b964a25dff97598d1a8107964ad7663bccb53781c82cb5b772e1,0.41001544518881716,0.5605906910634523,0.007675438596491228,28,3620,25,0,0.0,0.1129281450068432,"P(prediction=benign | direct route, fraud)",pointwise binomial descriptive; not simultaneous or deployment guarantee,supported,3648,161,3487,82,3455,32,79,0.5963636363636363,0.7192982456140351,0.5093167701863354,0.4906832298136646,0.5903976949316287,0.6774221974190521,0.9305014009444129,0.7500699136277247,
11,test,ethereum,0.95,9703506cbad8b964a25dff97598d1a8107964ad7663bccb53781c82cb5b772e1,0.41001544518881716,0.5605906910634523,0.012442396313364055,27,2143,25,0,0.0,0.1129281450068432,"P(prediction=benign | direct route, fraud)",pointwise binomial descriptive; not simultaneous or deployment guarantee,supported,2170,136,2034,75,2014,20,61,0.6493506493506493,0.7894736842105263,0.5514705882352942,0.4485294117647059,0.6416275420167189,0.7706004540985127,0.9430960437272254,0.7708188732720227,
11,test,bsc,0.95,9703506cbad8b964a25dff97598d1a8107964ad7663bccb53781c82cb5b772e1,0.41001544518881716,0.5605906910634523,0.0008888888888888889,1,1124,0,0,,,"P(prediction=benign | direct route, fraud)",pointwise binomial descriptive; not simultaneous or deployment guarantee,undefined / insufficient fraud support,1125,25,1100,7,1089,11,18,0.32558139534883723,0.3888888888888889,0.28,0.72,0.3171904098448769,0.248730059680524,0.8565090909090909,0.635,
11,test,polygon,0.95,9703506cbad8b964a25dff97598d1a8107964ad7663bccb53781c82cb5b772e1,0.41001544518881716,0.5605906910634523,0.0,0,353,0,0,,,"P(prediction=benign | direct route, fraud)",pointwise binomial descriptive; not simultaneous or deployment guarantee,undefined / insufficient fraud support,353,0,353,0,352,1,0,0.0,0.0,0.0,0.0,0.0,,,,single-class support
11,validation,pooled,1.0,3261acd43051e7d305bc632c2c9263f1a41b99bba5c7ec90ebb92bfb10a47125,0.6394125652277094,0.5605906910634523,0.0,0,3648,0,0,,,"P(prediction=benign | direct route, fraud)",pointwise binomial descriptive; not simultaneous or deployment guarantee,undefined / insufficient fraud support,3648,393,3255,316,3181,74,77,0.8071519795657727,0.8102564102564103,0.8040712468193384,0.19592875318066158,0.7839751814248025,0.8642874213136157,0.9500873582626845,0.8906684959135094,
11,validation,ethereum,1.0,3261acd43051e7d305bc632c2c9263f1a41b99bba5c7ec90ebb92bfb10a47125,0.6394125652277094,0.5605906910634523,0.0,0,2170,0,0,,,"P(prediction=benign | direct route, fraud)",pointwise binomial descriptive; not simultaneous or deployment guarantee,undefined / insufficient fraud support,2170,361,1809,308,1764,45,53,0.8627450980392157,0.8725212464589235,0.853185595567867,0.14681440443213298,0.8357972902225609,0.9139943801436732,0.9625709556250757,0.9141549868386598,
11,validation,bsc,1.0,3261acd43051e7d305bc632c2c9263f1a41b99bba5c7ec90ebb92bfb10a47125,0.6394125652277094,0.5605906910634523,0.0,0,1125,0,0,,,"P(prediction=benign | direct route, fraud)",pointwise binomial descriptive; not simultaneous or deployment guarantee,undefined / insufficient fraud support,1125,31,1094,8,1071,23,23,0.25806451612903225,0.25806451612903225,0.25806451612903225,0.7419354838709677,0.23704075013268858,0.17119125617821468,0.7997287256000473,0.6185203750663443,
11,validation,polygon,1.0,3261acd43051e7d305bc632c2c9263f1a41b99bba5c7ec90ebb92bfb10a47125,0.6394125652277094,0.5605906910634523,0.0,0,353,0,0,,,"P(prediction=benign | direct route, fraud)",pointwise binomial descriptive; not simultaneous or deployment guarantee,undefined / insufficient fraud support,353,1,352,0,346,6,1,0.0,0.0,0.0,1.0,-0.007008733651184125,0.006097560975609756,0.5369318181818181,0.4914772727272727,
11,test,pooled,1.0,3261acd43051e7d305bc632c2c9263f1a41b99bba5c7ec90ebb92bfb10a47125,0.6394125652277094,0.5605906910634523,0.0,0,3648,0,0,,,"P(prediction=benign | direct route, fraud)",pointwise binomial descriptive; not simultaneous or deployment guarantee,undefined / insufficient fraud support,3648,161,3487,82,3456,31,79,0.5985401459854015,0.7256637168141593,0.5093167701863354,0.4906832298136646,0.5932604176084899,0.6861795452700208,0.9306955559870111,0.7502133033610197,
11,test,ethereum,1.0,3261acd43051e7d305bc632c2c9263f1a41b99bba5c7ec90ebb92bfb10a47125,0.6394125652277094,0.5605906910634523,0.0,0,2170,0,0,,,"P(prediction=benign | direct route, fraud)",pointwise binomial descriptive; not simultaneous or deployment guarantee,undefined / insufficient fraud support,2170,136,2034,75,2014,20,61,0.6493506493506493,0.7894736842105263,0.5514705882352942,0.4485294117647059,0.6416275420167189,0.7746083036929187,0.9431791890797618,0.7708188732720227,
11,test,bsc,1.0,3261acd43051e7d305bc632c2c9263f1a41b99bba5c7ec90ebb92bfb10a47125,0.6394125652277094,0.5605906910634523,0.0,0,1125,0,0,,,"P(prediction=benign | direct route, fraud)",pointwise binomial descriptive; not simultaneous or deployment guarantee,undefined / insufficient fraud support,1125,25,1100,7,1090,10,18,0.3333333333333333,0.4117647058823529,0.28,0.72,0.3273373671393366,0.25826992309654834,0.8569090909090908,0.6354545454545455,
11,test,polygon,1.0,3261acd43051e7d305bc632c2c9263f1a41b99bba5c7ec90ebb92bfb10a47125,0.6394125652277094,0.5605906910634523,0.0,0,353,0,0,,,"P(prediction=benign | direct route, fraud)",pointwise binomial descriptive; not simultaneous or deployment guarantee,undefined / insufficient fraud support,353,0,353,0,352,1,0,0.0,0.0,0.0,0.0,0.0,,,,single-class support
22,validation,pooled,0.0,ce4f8970bd2fef9be387b987c30a18d7b9faa6cbb91c32f6cb52e85b9819dfa7,-1.0,0.331606738679261,1.0,3648,0,393,72,0.183206106870229,0.21832356767319358,"P(prediction=benign | direct route, fraud)",pointwise binomial descriptive; not simultaneous or deployment guarantee,supported,3648,393,3255,321,3168,87,72,0.8014981273408239,0.7867647058823529,0.816793893129771,0.183206106870229,0.7771993667205992,0.821337997623857,0.9346372580058864,0.8950328912653464,
22,validation,ethereum,0.0,ce4f8970bd2fef9be387b987c30a18d7b9faa6cbb91c32f6cb52e85b9819dfa7,-1.0,0.331606738679261,1.0,2170,0,361,47,0.13019390581717452,0.16299083980113607,"P(prediction=benign | direct route, fraud)",pointwise binomial descriptive; not simultaneous or deployment guarantee,supported,2170,361,1809,314,1758,51,47,0.8650137741046832,0.8602739726027397,0.8698060941828255,0.13019390581717452,0.8379163353702525,0.8840815395862255,0.9470943221718431,0.9208068613534359,
22,validation,bsc,0.0,ce4f8970bd2fef9be387b987c30a18d7b9faa6cbb91c32f6cb52e85b9819dfa7,-1.0,0.331606738679261,1.0,1125,0,31,24,0.7741935483870968,0.8889112287407399,"P(prediction=benign | direct route, fraud)",pointwise binomial descriptive; not simultaneous or deployment guarantee,supported,1125,31,1094,7,1064,30,24,0.20588235294117646,0.1891891891891892,0.22580645161290322,0.7741935483870968,0.18208793265794218,0.20152747658741899,0.7963377956006369,0.5991920740697058,
22,validation,polygon,0.0,ce4f8970bd2fef9be387b987c30a18d7b9faa6cbb91c32f6cb52e85b9819dfa7,-1.0,0.331606738679261,1.0,353,0,1,1,1.0,1.0,"P(prediction=benign | direct route, fraud)",pointwise binomial descriptive; not simultaneous or deployment guarantee,supported,353,1,352,0,346,6,1,0.0,0.0,0.0,1.0,-0.007008733651184125,0.012987012987012988,0.7840909090909091,0.4914772727272727,
22,test,pooled,0.0,ce4f8970bd2fef9be387b987c30a18d7b9faa6cbb91c32f6cb52e85b9819dfa7,-1.0,0.331606738679261,1.0,3648,0,161,82,0.5093167701863354,0.5766844905646087,"P(prediction=benign | direct route, fraud)",pointwise binomial descriptive; not simultaneous or deployment guarantee,supported,3648,161,3487,79,3440,47,82,0.5505226480836237,0.626984126984127,0.4906832298136646,0.5093167701863354,0.5367395281568075,0.5874925302186007,0.9285117570675108,0.7386022974419628,
22,test,ethereum,0.0,ce4f8970bd2fef9be387b987c30a18d7b9faa6cbb91c32f6cb52e85b9819dfa7,-1.0,0.331606738679261,1.0,2170,0,136,59,0.4338235294117647,0.5079734187990647,"P(prediction=benign | direct route, fraud)",pointwise binomial descriptive; not simultaneous or deployment guarantee,supported,2170,136,2034,77,2014,20,59,0.6609442060085837,0.7938144329896907,0.5661764705882353,0.4338235294117647,0.6525330743891445,0.7323355705243918,0.9500549482329804,0.7781718144484933,
22,test,bsc,0.0,ce4f8970bd2fef9be387b987c30a18d7b9faa6cbb91c32f6cb52e85b9819dfa7,-1.0,0.331606738679261,1.0,1125,0,25,23,0.92,0.9855968020208263,"P(prediction=benign | direct route, fraud)",pointwise binomial descriptive; not simultaneous or deployment guarantee,supported,1125,25,1100,2,1078,22,23,0.08163265306122448,0.08333333333333333,0.08,0.92,0.061209427422984374,0.162567742666948,0.8290545454545455,0.53,
22,test,polygon,0.0,ce4f8970bd2fef9be387b987c30a18d7b9faa6cbb91c32f6cb52e85b9819dfa7,-1.0,0.331606738679261,1.0,353,0,0,0,,,"P(prediction=benign | direct route, fraud)",pointwise binomial descriptive; not simultaneous or deployment guarantee,undefined / insufficient fraud support,353,0,353,0,348,5,0,0.0,0.0,0.0,0.0,0.0,,,,single-class support
22,validation,pooled,0.05,088609cb610a8fdd00f421d2a2882a9e996426313eb9764b79a56a6c66960622,0.09588295135112845,0.34985618817657194,0.9495614035087719,3464,184,275,55,0.2,0.2438423697307315,"P(prediction=benign | direct route, fraud)",pointwise binomial descriptive; not simultaneous or deployment guarantee,supported,3648,393,3255,332,3152,103,61,0.8019323671497585,0.7632183908045977,0.8447837150127226,0.15521628498727735,0.7779239704611469,0.8193454795225142,0.934357398873528,0.9065700449103552,
22,validation,ethereum,0.05,088609cb610a8fdd00f421d2a2882a9e996426313eb9764b79a56a6c66960622,0.09588295135112845,0.34985618817657194,0.9341013824884793,2027,143,249,36,0.14457831325301204,0.18641184169069583,"P(prediction=benign | direct route, fraud)",pointwise binomial descriptive; not simultaneous or deployment guarantee,supported,2170,361,1809,322,1749,60,39,0.8667563930013459,0.8429319371727748,0.8919667590027701,0.10803324099722991,0.8397482526541216,0.8801649866337938,0.9461403355644065,0.9293996315743536,
22,validation,bsc,0.05,088609cb610a8fdd00f421d2a2882a9e996426313eb9764b79a56a6c66960622,0.09588295135112845,0.34985618817657194,0.9671111111111111,1088,37,25,18,0.72,0.86052469342107,"P(prediction=benign | direct route, fraud)",pointwise binomial descriptive; not simultaneous or deployment guarantee,supported,1125,31,1094,10,1060,34,21,0.26666666666666666,0.22727272727272727,0.3225806451612903,0.6774193548387096,0.24614550709768418,0.20723399979405693,0.8015273928171257,0.6457510172789999,
22,validation,polygon,0.05,088609cb610a8fdd00f421d2a2882a9e996426313eb9764b79a56a6c66960622,0.09588295135112845,0.34985618817657194,0.9886685552407932,349,4,1,1,1.0,1.0,"P(prediction=benign | direct route, fraud)",pointwise binomial descriptive; not simultaneous or deployment guarantee,supported,353,1,352,0,343,9,1,0.0,0.0,0.0,1.0,-0.008621259185094429,0.012987012987012988,0.7840909090909091,0.4872159090909091,
22,test,pooled,0.05,088609cb610a8fdd00f421d2a2882a9e996426313eb9764b79a56a6c66960622,0.09588295135112845,0.34985618817657194,0.9709429824561403,3542,106,91,54,0.5934065934065934,0.6802885125097686,"P(prediction=benign | direct route, fraud)",pointwise binomial descriptive; not simultaneous or deployment guarantee,supported,3648,161,3487,103,3436,51,58,0.653968253968254,0.6688311688311688,0.639751552795031,0.36024844720496896,0.6385347310565455,0.6422900309290702,0.9309965853649849,0.8125628999994656,
22,test,ethereum,0.05,088609cb610a8fdd00f421d2a2882a9e996426313eb9764b79a56a6c66960622,0.09588295135112845,0.34985618817657194,0.9635944700460829,2091,79,74,39,0.527027027027027,0.6270349249956083,"P(prediction=benign | direct route, fraud)",pointwise binomial descriptive; not simultaneous or deployment guarantee,supported,2170,136,2034,94,2008,26,42,0.734375,0.7833333333333333,0.6911764705882353,0.3088235294117647,0.7193814418309036,0.7574362562376781,0.9509876221875181,0.839196888194806,
22,test,bsc,0.05,088609cb610a8fdd00f421d2a2882a9e996426313eb9764b79a56a6c66960622,0.09588295135112845,0.34985618817657194,0.9804444444444445,1103,22,17,15,0.8823529411764706,0.9786823730784788,"P(prediction=benign | direct route, fraud)",pointwise binomial descriptive; not simultaneous or deployment guarantee,supported,1125,25,1100,9,1080,20,16,0.3333333333333333,0.3103448275862069,0.36,0.64,0.31794882961302734,0.22980851956839346,0.8357454545454546,0.6709090909090909,
22,test,polygon,0.05,088609cb610a8fdd00f421d2a2882a9e996426313eb9764b79a56a6c66960622,0.09588295135112845,0.34985618817657194,0.9858356940509915,348,5,0,0,,,"P(prediction=benign | direct route, fraud)",pointwise binomial descriptive; not simultaneous or deployment guarantee,undefined / insufficient fraud support,353,0,353,0,348,5,0,0.0,0.0,0.0,0.0,0.0,,,,single-class support
22,validation,pooled,0.1,9b34e4275f8e8cbb095a36e9ed7499e13025aa3e77552eabea915b984913ea7a,0.21879425486463683,0.3391531799358533,0.899671052631579,3282,366,235,35,0.14893617021276595,0.19257359200158158,"P(prediction=benign | direct route, fraud)",pointwise binomial descriptive; not simultaneous or deployment guarantee,supported,3648,393,3255,337,3147,108,56,0.8042959427207638,0.7573033707865169,0.8575063613231552,0.14249363867684478,0.7809309423572015,0.8128404221506905,0.9317761283287016,0.9121633189104255,
22,validation,ethereum,0.1,9b34e4275f8e8cbb095a36e9ed7499e13025aa3e77552eabea915b984913ea7a,0.21879425486463683,0.3391531799358533,0.8824884792626728,1915,255,217,21,0.0967741935483871,0.1363633209791242,"P(prediction=benign | direct route, fraud)",pointwise binomial descriptive; not simultaneous or deployment guarantee,supported,2170,361,1809,325,1744,65,36,0.8655126498002663,0.8333333333333334,0.9002770083102493,0.0997229916897507,0.8383357418191885,0.871686409508465,0.9426597391619924,0.9321727772341739,
22,validation,bsc,0.1,9b34e4275f8e8cbb095a36e9ed7499e13025aa3e77552eabea915b984913ea7a,0.21879425486463683,0.3391531799358533,0.9182222222222223,1033,92,17,13,0.7647058823529411,0.9153548979694215,"P(prediction=benign | direct route, fraud)",pointwise binomial descriptive; not simultaneous or deployment guarantee,supported,1125,31,1094,12,1060,34,19,0.3116883116883117,0.2608695652173913,0.3870967741935484,0.6129032258064516,0.2942876421586391,0.18715160870537578,0.805596508816418,0.6780090817951289,
22,validation,polygon,0.1,9b34e4275f8e8cbb095a36e9ed7499e13025aa3e77552eabea915b984913ea7a,0.21879425486463683,0.3391531799358533,0.9461756373937678,334,19,1,1,1.0,1.0,"P(prediction=benign | direct route, fraud)",pointwise binomial descriptive; not simultaneous or deployment guarantee,supported,353,1,352,0,343,9,1,0.0,0.0,0.0,1.0,-0.008621259185094429,0.014084507042253521,0.8011363636363636,0.4872159090909091,
22,test,pooled,0.1,9b34e4275f8e8cbb095a36e9ed7499e13025aa3e77552eabea915b984913ea7a,0.21879425486463683,0.3391531799358533,0.9402412280701754,3430,218,66,33,0.5,0.6071564227746109,"P(prediction=benign | direct route, fraud)",pointwise binomial descriptive; not simultaneous or deployment guarantee,supported,3648,161,3487,112,3434,53,49,0.6871165644171779,0.6787878787878788,0.6956521739130435,0.30434782608695654,0.6725401982267347,0.6306286975214576,0.9234637259599541,0.8402264310918817,
22,test,ethereum,0.1,9b34e4275f8e8cbb095a36e9ed7499e13025aa3e77552eabea915b984913ea7a,0.21879425486463683,0.3391531799358533,0.9327188940092166,2024,146,54,22,0.4074074074074074,0.5284113842872377,"P(prediction=benign | direct route, fraud)",pointwise binomial descriptive; not simultaneous or deployment guarantee,supported,2170,136,2034,100,2003,31,36,0.7490636704119851,0.7633587786259542,0.7352941176470589,0.2647058823529412,0.7327659162008895,0.7271830889941093,0.9434828503672855,0.8600266065128117,
22,test,bsc,0.1,9b34e4275f8e8cbb095a36e9ed7499e13025aa3e77552eabea915b984913ea7a,0.21879425486463683,0.3391531799358533,0.9475555555555556,1066,59,12,11,0.9166666666666666,0.9957346812224394,"P(prediction=benign | direct route, fraud)",pointwise binomial descriptive; not simultaneous or deployment guarantee,supported,1125,25,1100,12,1082,18,13,0.43636363636363634,0.4,0.48,0.52,0.4242053592300572,0.2602679212424154,0.8264,0.7318181818181818,
22,test,polygon,0.1,9b34e4275f8e8cbb095a36e9ed7499e13025aa3e77552eabea915b984913ea7a,0.21879425486463683,0.3391531799358533,0.9631728045325779,340,13,0,0,,,"P(prediction=benign | direct route, fraud)",pointwise binomial descriptive; not simultaneous or deployment guarantee,undefined / insufficient fraud support,353,0,353,0,349,4,0,0.0,0.0,0.0,0.0,0.0,,,,single-class support
22,validation,pooled,0.15,0a43cab2f116842f0731d8dbf68de8068d703ff1f9d43df229bb39fe3f0c3ee5,0.2582397144845716,0.3391531799358533,0.8495065789473685,3099,549,223,33,0.14798206278026907,0.1928359845293597,"P(prediction=benign | direct route, fraud)",pointwise binomial descriptive; not simultaneous or deployment guarantee,supported,3648,393,3255,337,3147,108,56,0.8042959427207638,0.7573033707865169,0.8575063613231552,0.14249363867684478,0.7809309423572015,0.8197637526811583,0.9340619051527695,0.9121633189104255,
22,validation,ethereum,0.15,0a43cab2f116842f0731d8dbf68de8068d703ff1f9d43df229bb39fe3f0c3ee5,0.2582397144845716,0.3391531799358533,0.8317972350230415,1805,365,207,21,0.10144927536231885,0.14279779566769754,"P(prediction=benign | direct route, fraud)",pointwise binomial descriptive; not simultaneous or deployment guarantee,supported,2170,361,1809,325,1744,65,36,0.8655126498002663,0.8333333333333334,0.9002770083102493,0.0997229916897507,0.8383357418191885,0.8754878147743733,0.9440884221551522,0.9321727772341739,
22,validation,bsc,0.15,0a43cab2f116842f0731d8dbf68de8068d703ff1f9d43df229bb39fe3f0c3ee5,0.2582397144845716,0.3391531799358533,0.8755555555555555,985,140,15,11,0.7333333333333333,0.9033416660080431,"P(prediction=benign | direct route, fraud)",pointwise binomial descriptive; not simultaneous or deployment guarantee,supported,1125,31,1094,12,1060,34,19,0.3116883116883117,0.2608695652173913,0.3870967741935484,0.6129032258064516,0.2942876421586391,0.19716901372320883,0.8142065223801379,0.6780090817951289,
22,validation,polygon,0.15,0a43cab2f116842f0731d8dbf68de8068d703ff1f9d43df229bb39fe3f0c3ee5,0.2582397144845716,0.3391531799358533,0.8753541076487252,309,44,1,1,1.0,1.0,"P(prediction=benign | direct route, fraud)",pointwise binomial descriptive; not simultaneous or deployment guarantee,supported,353,1,352,0,343,9,1,0.0,0.0,0.0,1.0,-0.008621259185094429,0.020833333333333332,0.8664772727272727,0.4872159090909091,
22,test,pooled,0.15,0a43cab2f116842f0731d8dbf68de8068d703ff1f9d43df229bb39fe3f0c3ee5,0.2582397144845716,0.3391531799358533,0.8985745614035088,3278,370,56,23,0.4107142857142857,0.5293763493737726,"P(prediction=benign | direct route, fraud)",pointwise binomial descriptive; not simultaneous or deployment guarantee,supported,3648,161,3487,112,3434,53,49,0.6871165644171779,0.6787878787878788,0.6956521739130435,0.30434782608695654,0.6725401982267347,0.6258091678974814,0.9166237684959397,0.8402264310918817,
22,test,ethereum,0.15,0a43cab2f116842f0731d8dbf68de8068d703ff1f9d43df229bb39fe3f0c3ee5,0.2582397144845716,0.3391531799358533,0.8986175115207373,1950,220,48,16,0.3333333333333333,0.4612853927960252,"P(prediction=benign | direct route, fraud)",pointwise binomial descriptive; not simultaneous or deployment guarantee,supported,2170,136,2034,100,2003,31,36,0.7490636704119851,0.7633587786259542,0.7352941176470589,0.2647058823529412,0.7327659162008895,0.727638646111743,0.9417801781479553,0.8600266065128117,
22,test,bsc,0.15,0a43cab2f116842f0731d8dbf68de8068d703ff1f9d43df229bb39fe3f0c3ee5,0.2582397144845716,0.3391531799358533,0.8977777777777778,1010,115,8,7,0.875,0.993608849045455,"P(prediction=benign | direct route, fraud)",pointwise binomial descriptive; not simultaneous or deployment guarantee,supported,1125,25,1100,12,1082,18,13,0.43636363636363634,0.4,0.48,0.52,0.4242053592300572,0.23850119710629683,0.7894545454545454,0.7318181818181818,
22,test,polygon,0.15,0a43cab2f116842f0731d8dbf68de8068d703ff1f9d43df229bb39fe3f0c3ee5,0.2582397144845716,0.3391531799358533,0.9008498583569405,318,35,0,0,,,"P(prediction=benign | direct route, fraud)",pointwise binomial descriptive; not simultaneous or deployment guarantee,undefined / insufficient fraud support,353,0,353,0,349,4,0,0.0,0.0,0.0,0.0,0.0,,,,single-class support
22,validation,pooled,0.2,31fe3d9440e8ac504a52aa6e6d568ee583d32321981d78798739045bce2489ff,0.27509079706532474,0.3391531799358533,0.7996162280701754,2917,731,221,32,0.14479638009049775,0.18956552654229508,"P(prediction=benign | direct route, fraud)",pointwise binomial descriptive; not simultaneous or deployment guarantee,supported,3648,393,3255,337,3148,107,56,0.8052568697729988,0.759009009009009,0.8575063613231552,0.14249363867684478,0.7819791882157923,0.8224503296977753,0.9359607259139394,0.9123169287414548,
22,validation,ethereum,0.2,31fe3d9440e8ac504a52aa6e6d568ee583d32321981d78798739045bce2489ff,0.27509079706532474,0.3391531799358533,0.7870967741935484,1708,462,206,21,0.10194174757281553,0.14347477146156118,"P(prediction=benign | direct route, fraud)",pointwise binomial descriptive; not simultaneous or deployment guarantee,supported,2170,361,1809,325,1744,65,36,0.8655126498002663,0.8333333333333334,0.9002770083102493,0.0997229916897507,0.8383357418191885,0.8759290583673156,0.9450531277132344,0.9321727772341739,
22,validation,bsc,0.2,31fe3d9440e8ac504a52aa6e6d568ee583d32321981d78798739045bce2489ff,0.27509079706532474,0.3391531799358533,0.8257777777777778,929,196,14,10,0.7142857142857143,0.8959526924076343,"P(prediction=benign | direct route, fraud)",pointwise binomial descriptive; not simultaneous or deployment guarantee,supported,1125,31,1094,12,1060,34,19,0.3116883116883117,0.2608695652173913,0.3870967741935484,0.6129032258064516,0.2942876421586391,0.20827632210021113,0.8222268089874388,0.6780090817951289,
22,validation,polygon,0.2,31fe3d9440e8ac504a52aa6e6d568ee583d32321981d78798739045bce2489ff,0.27509079706532474,0.3391531799358533,0.7932011331444759,280,73,1,1,1.0,1.0,"P(prediction=benign | direct route, fraud)",pointwise binomial descriptive; not simultaneous or deployment guarantee,supported,353,1,352,0,344,8,1,0.0,0.0,0.0,1.0,-0.008116412559294567,0.047619047619047616,0.9431818181818182,0.48863636363636365,
22,test,pooled,0.2,31fe3d9440e8ac504a52aa6e6d568ee583d32321981d78798739045bce2489ff,0.27509079706532474,0.3391531799358533,0.8456688596491229,3085,563,51,19,0.37254901960784315,0.49716277632013944,"P(prediction=benign | direct route, fraud)",pointwise binomial descriptive; not simultaneous or deployment guarantee,supported,3648,161,3487,112,3434,53,49,0.6871165644171779,0.6787878787878788,0.6956521739130435,0.30434782608695654,0.6725401982267347,0.6343493845129486,0.9199796226267217,0.8402264310918817,
22,test,ethereum,0.2,31fe3d9440e8ac504a52aa6e6d568ee583d32321981d78798739045bce2489ff,0.27509079706532474,0.3391531799358533,0.8497695852534562,1844,326,45,14,0.3111111111111111,0.44289969076856583,"P(prediction=benign | direct route, fraud)",pointwise binomial descriptive; not simultaneous or deployment guarantee,supported,2170,136,2034,100,2003,31,36,0.7490636704119851,0.7633587786259542,0.7352941176470589,0.2647058823529412,0.7327659162008895,0.737823483846213,0.9446288102261554,0.8600266065128117,
22,test,bsc,0.2,31fe3d9440e8ac504a52aa6e6d568ee583d32321981d78798739045bce2489ff,0.27509079706532474,0.3391531799358533,0.8542222222222222,961,164,6,5,0.8333333333333334,0.9914875553891529,"P(prediction=benign | direct route, fraud)",pointwise binomial descriptive; not simultaneous or deployment guarantee,supported,1125,25,1100,12,1082,18,13,0.43636363636363634,0.4,0.48,0.52,0.4242053592300572,0.2362641181424778,0.7914181818181818,0.7318181818181818,
22,test,polygon,0.2,31fe3d9440e8ac504a52aa6e6d568ee583d32321981d78798739045bce2489ff,0.27509079706532474,0.3391531799358533,0.7932011331444759,280,73,0,0,,,"P(prediction=benign | direct route, fraud)",pointwise binomial descriptive; not simultaneous or deployment guarantee,undefined / insufficient fraud support,353,0,353,0,349,4,0,0.0,0.0,0.0,0.0,0.0,,,,single-class support
22,validation,pooled,0.25,41ec8b46a2401b4fafbbb1d043197b3e6cd602812f5db1dc224af5e4b25f9207,0.28573072855527226,0.3391531799358533,0.7497258771929824,2735,913,215,28,0.13023255813953488,0.1741713989394305,"P(prediction=benign | direct route, fraud)",pointwise binomial descriptive; not simultaneous or deployment guarantee,supported,3648,393,3255,337,3149,106,56,0.80622009569378,0.7607223476297968,0.8575063613231552,0.14249363867684478,0.7830307566144602,0.8227194143825484,0.9347638981719257,0.9124705385724838,
22,validation,ethereum,0.25,41ec8b46a2401b4fafbbb1d043197b3e6cd602812f5db1dc224af5e4b25f9207,0.28573072855527226,0.3391531799358533,0.7391705069124423,1604,566,204,20,0.09803921568627451,0.1392695754174829,"P(prediction=benign | direct route, fraud)",pointwise binomial descriptive; not simultaneous or deployment guarantee,supported,2170,361,1809,325,1744,65,36,0.8655126498002663,0.8333333333333334,0.9002770083102493,0.0997229916897507,0.8383357418191885,0.877076552761444,0.9457299528825555,0.9321727772341739,
22,validation,bsc,0.25,41ec8b46a2401b4fafbbb1d043197b3e6cd602812f5db1dc224af5e4b25f9207,0.28573072855527226,0.3391531799358533,0.7831111111111111,881,244,11,8,0.7272727272727273,0.921179954333971,"P(prediction=benign | direct route, fraud)",pointwise binomial descriptive; not simultaneous or deployment guarantee,supported,1125,31,1094,12,1061,33,19,0.3157894736842105,0.26666666666666666,0.3870967741935484,0.6129032258064516,0.29816533547348684,0.21948465752205346,0.8105797015981601,0.6784661201863538,
22,validation,polygon,0.25,41ec8b46a2401b4fafbbb1d043197b3e6cd602812f5db1dc224af5e4b25f9207,0.28573072855527226,0.3391531799358533,0.7082152974504249,250,103,0,0,,,"P(prediction=benign | direct route, fraud)",pointwise binomial descriptive; not simultaneous or deployment guarantee,undefined / insufficient fraud support,353,1,352,0,344,8,1,0.0,0.0,0.0,1.0,-0.008116412559294567,0.005494505494505495,0.4857954545454546,0.48863636363636365,
22,test,pooled,0.25,41ec8b46a2401b4fafbbb1d043197b3e6cd602812f5db1dc224af5e4b25f9207,0.28573072855527226,0.3391531799358533,0.7817982456140351,2852,796,45,14,0.3111111111111111,0.44289969076856583,"P(prediction=benign | direct route, fraud)",pointwise binomial descriptive; not simultaneous or deployment guarantee,supported,3648,161,3487,111,3434,53,50,0.683076923076923,0.676829268292683,0.6894409937888198,0.3105590062111801,0.6683339329762203,0.622377542674948,0.9165507377000999,0.8371208410297699,
22,test,ethereum,0.25,41ec8b46a2401b4fafbbb1d043197b3e6cd602812f5db1dc224af5e4b25f9207,0.28573072855527226,0.3391531799358533,0.7912442396313364,1717,453,40,9,0.225,0.3597923909253817,"P(prediction=benign | direct route, fraud)",pointwise binomial descriptive; not simultaneous or deployment guarantee,supported,2170,136,2034,100,2003,31,36,0.7490636704119851,0.7633587786259542,0.7352941176470589,0.2647058823529412,0.7327659162008895,0.7255562915416751,0.9376482156284343,0.8600266065128117,
22,test,bsc,0.25,41ec8b46a2401b4fafbbb1d043197b3e6cd602812f5db1dc224af5e4b25f9207,0.28573072855527226,0.3391531799358533,0.7937777777777778,893,232,5,5,1.0,1.0,"P(prediction=benign | direct route, fraud)",pointwise binomial descriptive; not simultaneous or deployment guarantee,supported,1125,25,1100,11,1082,18,14,0.4074074074074074,0.3793103448275862,0.44,0.56,0.39405360265869877,0.22018140839720335,0.8007272727272727,0.7118181818181818,
22,test,polygon,0.25,41ec8b46a2401b4fafbbb1d043197b3e6cd602812f5db1dc224af5e4b25f9207,0.28573072855527226,0.3391531799358533,0.6855524079320113,242,111,0,0,,,"P(prediction=benign | direct route, fraud)",pointwise binomial descriptive; not simultaneous or deployment guarantee,undefined / insufficient fraud support,353,0,353,0,349,4,0,0.0,0.0,0.0,0.0,0.0,,,,single-class support
22,validation,pooled,0.3,a2bdcbc0516f5f52982223f11233e80094a087f26231423416a2a25b9638b4c4,0.29379304173306847,0.3391531799358533,0.6995614035087719,2552,1096,213,27,0.1267605633802817,0.17054627358086616,"P(prediction=benign | direct route, fraud)",pointwise binomial descriptive; not simultaneous or deployment guarantee,supported,3648,393,3255,337,3150,105,56,0.807185628742515,0.7624434389140271,0.8575063613231552,0.14249363867684478,0.784085666215125,0.8245957565478589,0.9357316791938806,0.9126241484035131,
22,validation,ethereum,0.3,a2bdcbc0516f5f52982223f11233e80094a087f26231423416a2a25b9638b4c4,0.29379304173306847,0.3391531799358533,0.6953917050691244,1509,661,202,19,0.09405940594059406,0.13495930349181082,"P(prediction=benign | direct route, fraud)",pointwise binomial descriptive; not simultaneous or deployment guarantee,supported,2170,361,1809,325,1744,65,36,0.8655126498002663,0.8333333333333334,0.9002770083102493,0.0997229916897507,0.8383357418191885,0.8778623938158421,0.946072959303207,0.9321727772341739,
22,validation,bsc,0.3,a2bdcbc0516f5f52982223f11233e80094a087f26231423416a2a25b9638b4c4,0.29379304173306847,0.3391531799358533,0.7333333333333333,825,300,11,8,0.7272727272727273,0.921179954333971,"P(prediction=benign | direct route, fraud)",pointwise binomial descriptive; not simultaneous or deployment guarantee,supported,1125,31,1094,12,1062,32,19,0.32,0.2727272727272727,0.3870967741935484,0.6129032258064516,0.30216688995928537,0.22265040353891052,0.8147962493365571,0.6789231585775786,
22,validation,polygon,0.3,a2bdcbc0516f5f52982223f11233e80094a087f26231423416a2a25b9638b4c4,0.29379304173306847,0.3391531799358533,0.6175637393767706,218,135,0,0,,,"P(prediction=benign | direct route, fraud)",pointwise binomial descriptive; not simultaneous or deployment guarantee,undefined / insufficient fraud support,353,1,352,0,344,8,1,0.0,0.0,0.0,1.0,-0.008116412559294567,0.006369426751592357,0.5568181818181819,0.48863636363636365,
22,test,pooled,0.3,a2bdcbc0516f5f52982223f11233e80094a087f26231423416a2a25b9638b4c4,0.29379304173306847,0.3391531799358533,0.7127192982456141,2600,1048,43,12,0.27906976744186046,0.41258734288458754,"P(prediction=benign | direct route, fraud)",pointwise binomial descriptive; not simultaneous or deployment guarantee,supported,3648,161,3487,111,3434,53,50,0.683076923076923,0.676829268292683,0.6894409937888198,0.3105590062111801,0.6683339329762203,0.6255020582414583,0.9204587758969874,0.8371208410297699,
22,test,ethereum,0.3,a2bdcbc0516f5f52982223f11233e80094a087f26231423416a2a25b9638b4c4,0.29379304173306847,0.3391531799358533,0.719815668202765,1562,608,38,7,0.18421052631578946,0.3183176656638739,"P(prediction=benign | direct route, fraud)",pointwise binomial descriptive; not simultaneous or deployment guarantee,supported,2170,136,2034,100,2003,31,36,0.7490636704119851,0.7633587786259542,0.7352941176470589,0.2647058823529412,0.7327659162008895,0.7270823442458492,0.9395207935681648,0.8600266065128117,
22,test,bsc,0.3,a2bdcbc0516f5f52982223f11233e80094a087f26231423416a2a25b9638b4c4,0.29379304173306847,0.3391531799358533,0.7395555555555555,832,293,5,5,1.0,1.0,"P(prediction=benign | direct route, fraud)",pointwise binomial descriptive; not simultaneous or deployment guarantee,supported,1125,25,1100,11,1082,18,14,0.4074074074074074,0.3793103448275862,0.44,0.56,0.39405360265869877,0.2256400039583495,0.8116727272727273,0.7118181818181818,
22,test,polygon,0.3,a2bdcbc0516f5f52982223f11233e80094a087f26231423416a2a25b9638b4c4,0.29379304173306847,0.3391531799358533,0.5835694050991501,206,147,0,0,,,"P(prediction=benign | direct route, fraud)",pointwise binomial descriptive; not simultaneous or deployment guarantee,undefined / insufficient fraud support,353,0,353,0,349,4,0,0.0,0.0,0.0,0.0,0.0,,,,single-class support
22,validation,pooled,0.35,0a239445c0d1c7f02f04528a28cfadcc3328818d1347fb8e55e7e09ed3ad938f,0.29947800670737973,0.3391531799358533,0.649671052631579,2370,1278,212,27,0.12735849056603774,0.17133021376943083,"P(prediction=benign | direct route, fraud)",pointwise binomial descriptive; not simultaneous or deployment guarantee,supported,3648,393,3255,337,3150,105,56,0.807185628742515,0.7624434389140271,0.8575063613231552,0.14249363867684478,0.784085666215125,0.8262241444719864,0.9369363242300942,0.9126241484035131,
22,validation,ethereum,0.35,0a239445c0d1c7f02f04528a28cfadcc3328818d1347fb8e55e7e09ed3ad938f,0.29947800670737973,0.3391531799358533,0.6474654377880185,1405,765,201,19,0.0945273631840796,0.13561533214861485,"P(prediction=benign | direct route, fraud)",pointwise binomial descriptive; not simultaneous or deployment guarantee,supported,2170,361,1809,325,1744,65,36,0.8655126498002663,0.8333333333333334,0.9002770083102493,0.0997229916897507,0.8383357418191885,0.8792158795552124,0.9469274127975084,0.9321727772341739,
22,validation,bsc,0.35,0a239445c0d1c7f02f04528a28cfadcc3328818d1347fb8e55e7e09ed3ad938f,0.29947800670737973,0.3391531799358533,0.6844444444444444,770,355,11,8,0.7272727272727273,0.921179954333971,"P(prediction=benign | direct route, fraud)",pointwise binomial descriptive; not simultaneous or deployment guarantee,supported,1125,31,1094,12,1062,32,19,0.32,0.2727272727272727,0.3870967741935484,0.6129032258064516,0.30216688995928537,0.22338165620047434,0.8187179335967447,0.6789231585775786,
22,validation,polygon,0.35,0a239445c0d1c7f02f04528a28cfadcc3328818d1347fb8e55e7e09ed3ad938f,0.29947800670737973,0.3391531799358533,0.5524079320113314,195,158,0,0,,,"P(prediction=benign | direct route, fraud)",pointwise binomial descriptive; not simultaneous or deployment guarantee,undefined / insufficient fraud support,353,1,352,0,344,8,1,0.0,0.0,0.0,1.0,-0.008116412559294567,0.006944444444444444,0.59375,0.48863636363636365,
22,test,pooled,0.35,0a239445c0d1c7f02f04528a28cfadcc3328818d1347fb8e55e7e09ed3ad938f,0.29947800670737973,0.3391531799358533,0.6474780701754386,2362,1286,43,12,0.27906976744186046,0.41258734288458754,"P(prediction=benign | direct route, fraud)",pointwise binomial descriptive; not simultaneous or deployment guarantee,supported,3648,161,3487,111,3434,53,50,0.683076923076923,0.676829268292683,0.6894409937888198,0.3105590062111801,0.6683339329762203,0.6313032603316793,0.9273432643340749,0.8371208410297699,
22,test,ethereum,0.35,0a239445c0d1c7f02f04528a28cfadcc3328818d1347fb8e55e7e09ed3ad938f,0.29947800670737973,0.3391531799358533,0.6548387096774193,1421,749,38,7,0.18421052631578946,0.3183176656638739,"P(prediction=benign | direct route, fraud)",pointwise binomial descriptive; not simultaneous or deployment guarantee,supported,2170,136,2034,100,2003,31,36,0.7490636704119851,0.7633587786259542,0.7352941176470589,0.2647058823529412,0.7327659162008895,0.7336059704599208,0.9457530799930592,0.8600266065128117,
22,test,bsc,0.35,0a239445c0d1c7f02f04528a28cfadcc3328818d1347fb8e55e7e09ed3ad938f,0.29947800670737973,0.3391531799358533,0.6728888888888889,757,368,5,5,1.0,1.0,"P(prediction=benign | direct route, fraud)",pointwise binomial descriptive; not simultaneous or deployment guarantee,supported,1125,25,1100,11,1082,18,14,0.4074074074074074,0.3793103448275862,0.44,0.56,0.39405360265869877,0.22941817536880624,0.8217454545454546,0.7118181818181818,
22,test,polygon,0.35,0a239445c0d1c7f02f04528a28cfadcc3328818d1347fb8e55e7e09ed3ad938f,0.29947800670737973,0.3391531799358533,0.5212464589235127,184,169,0,0,,,"P(prediction=benign | direct route, fraud)",pointwise binomial descriptive; not simultaneous or deployment guarantee,undefined / insufficient fraud support,353,0,353,0,349,4,0,0.0,0.0,0.0,0.0,0.0,,,,single-class support
22,validation,pooled,0.4,b621a44fe566aca1713af9349694f58b00433f753570fb6eaedd8eb720193988,0.30506026957427473,0.3391531799358533,0.5997807017543859,2188,1460,212,27,0.12735849056603774,0.17133021376943083,"P(prediction=benign | direct route, fraud)",pointwise binomial descriptive; not simultaneous or deployment guarantee,supported,3648,393,3255,337,3150,105,56,0.807185628742515,0.7624434389140271,0.8575063613231552,0.14249363867684478,0.784085666215125,0.826561831408637,0.9378900341224891,0.9126241484035131,
22,validation,ethereum,0.4,b621a44fe566aca1713af9349694f58b00433f753570fb6eaedd8eb720193988,0.30506026957427473,0.3391531799358533,0.603225806451613,1309,861,201,19,0.0945273631840796,0.13561533214861485,"P(prediction=benign | direct route, fraud)",pointwise binomial descriptive; not simultaneous or deployment guarantee,supported,2170,361,1809,325,1744,65,36,0.8655126498002663,0.8333333333333334,0.9002770083102493,0.0997229916897507,0.8383357418191885,0.8792366066482811,0.9474021091832313,0.9321727772341739,
22,validation,bsc,0.4,b621a44fe566aca1713af9349694f58b00433f753570fb6eaedd8eb720193988,0.30506026957427473,0.3391531799358533,0.6293333333333333,708,417,11,8,0.7272727272727273,0.921179954333971,"P(prediction=benign | direct route, fraud)",pointwise binomial descriptive; not simultaneous or deployment guarantee,supported,1125,31,1094,12,1062,32,19,0.32,0.2727272727272727,0.3870967741935484,0.6129032258064516,0.30216688995928537,0.22451820783688667,0.8233178038568143,0.6789231585775786,
22,validation,polygon,0.4,b621a44fe566aca1713af9349694f58b00433f753570fb6eaedd8eb720193988,0.30506026957427473,0.3391531799358533,0.48441926345609065,171,182,0,0,,,"P(prediction=benign | direct route, fraud)",pointwise binomial descriptive; not simultaneous or deployment guarantee,undefined / insufficient fraud support,353,1,352,0,344,8,1,0.0,0.0,0.0,1.0,-0.008116412559294567,0.007936507936507936,0.6448863636363636,0.48863636363636365,
22,test,pooled,0.4,b621a44fe566aca1713af9349694f58b00433f753570fb6eaedd8eb720193988,0.30506026957427473,0.3391531799358533,0.5786732456140351,2111,1537,42,11,0.2619047619047619,0.3960655796462355,"P(prediction=benign | direct route, fraud)",pointwise binomial descriptive; not simultaneous or deployment guarantee,supported,3648,161,3487,111,3434,53,50,0.683076923076923,0.676829268292683,0.6894409937888198,0.3105590062111801,0.6683339329762203,0.6348533181588584,0.9310981159835912,0.8371208410297699,
22,test,ethereum,0.4,b621a44fe566aca1713af9349694f58b00433f753570fb6eaedd8eb720193988,0.30506026957427473,0.3391531799358533,0.5829493087557603,1265,905,37,6,0.16216216216216217,0.2951785296973097,"P(prediction=benign | direct route, fraud)",pointwise binomial descriptive; not simultaneous or deployment guarantee,supported,2170,136,2034,100,2003,31,36,0.7490636704119851,0.7633587786259542,0.7352941176470589,0.2647058823529412,0.7327659162008895,0.7370687051235161,0.948236595523165,0.8600266065128117,
22,test,bsc,0.4,b621a44fe566aca1713af9349694f58b00433f753570fb6eaedd8eb720193988,0.30506026957427473,0.3391531799358533,0.6115555555555555,688,437,5,5,1.0,1.0,"P(prediction=benign | direct route, fraud)",pointwise binomial descriptive; not simultaneous or deployment guarantee,supported,1125,25,1100,11,1082,18,14,0.4074074074074074,0.3793103448275862,0.44,0.56,0.39405360265869877,0.23246323366072796,0.8315999999999999,0.7118181818181818,
22,test,polygon,0.4,b621a44fe566aca1713af9349694f58b00433f753570fb6eaedd8eb720193988,0.30506026957427473,0.3391531799358533,0.4475920679886686,158,195,0,0,,,"P(prediction=benign | direct route, fraud)",pointwise binomial descriptive; not simultaneous or deployment guarantee,undefined / insufficient fraud support,353,0,353,0,349,4,0,0.0,0.0,0.0,0.0,0.0,,,,single-class support
22,validation,pooled,0.45,f35b9b817b53581e38031e9a5eb1a7cdb9efa31b888084355dd7d50210f38a36,0.3093877575795422,0.3391531799358533,0.5496162280701754,2005,1643,211,26,0.12322274881516587,0.16683926742000255,"P(prediction=benign | direct route, fraud)",pointwise binomial descriptive; not simultaneous or deployment guarantee,supported,3648,393,3255,337,3150,105,56,0.807185628742515,0.7624434389140271,0.8575063613231552,0.14249363867684478,0.784085666215125,0.826883824078526,0.9383082593621871,0.9126241484035131,
22,validation,ethereum,0.45,f35b9b817b53581e38031e9a5eb1a7cdb9efa31b888084355dd7d50210f38a36,0.3093877575795422,0.3391531799358533,0.5488479262672811,1191,979,200,18,0.09,0.13053904797449095,"P(prediction=benign | direct route, fraud)",pointwise binomial descriptive; not simultaneous or deployment guarantee,supported,2170,361,1809,325,1744,65,36,0.8655126498002663,0.8333333333333334,0.9002770083102493,0.0997229916897507,0.8383357418191885,0.8792287189721306,0.9473791400032769,0.9321727772341739,
22,validation,bsc,0.45,f35b9b817b53581e38031e9a5eb1a7cdb9efa31b888084355dd7d50210f38a36,0.3093877575795422,0.3391531799358533,0.5857777777777777,659,466,11,8,0.7272727272727273,0.921179954333971,"P(prediction=benign | direct route, fraud)",pointwise binomial descriptive; not simultaneous or deployment guarantee,supported,1125,31,1094,12,1062,32,19,0.32,0.2727272727272727,0.3870967741935484,0.6129032258064516,0.30216688995928537,0.22589685519563324,0.8274164062039276,0.6789231585775786,
22,validation,polygon,0.45,f35b9b817b53581e38031e9a5eb1a7cdb9efa31b888084355dd7d50210f38a36,0.3093877575795422,0.3391531799358533,0.43909348441926344,155,198,0,0,,,"P(prediction=benign | direct route, fraud)",pointwise binomial descriptive; not simultaneous or deployment guarantee,undefined / insufficient fraud support,353,1,352,0,344,8,1,0.0,0.0,0.0,1.0,-0.008116412559294567,0.008771929824561403,0.6789772727272727,0.48863636363636365,
22,test,pooled,0.45,f35b9b817b53581e38031e9a5eb1a7cdb9efa31b888084355dd7d50210f38a36,0.3093877575795422,0.3391531799358533,0.5189144736842105,1893,1755,40,9,0.225,0.3597923909253817,"P(prediction=benign | direct route, fraud)",pointwise binomial descriptive; not simultaneous or deployment guarantee,supported,3648,161,3487,111,3434,53,50,0.683076923076923,0.676829268292683,0.6894409937888198,0.3105590062111801,0.6683339329762203,0.6370859237489119,0.9322113903104164,0.8371208410297699,
22,test,ethereum,0.45,f35b9b817b53581e38031e9a5eb1a7cdb9efa31b888084355dd7d50210f38a36,0.3093877575795422,0.3391531799358533,0.5225806451612903,1134,1036,36,5,0.1388888888888889,0.27009978496663367,"P(prediction=benign | direct route, fraud)",pointwise binomial descriptive; not simultaneous or deployment guarantee,supported,2170,136,2034,100,2003,31,36,0.7490636704119851,0.7633587786259542,0.7352941176470589,0.2647058823529412,0.7327659162008895,0.7377291669065068,0.9477955636531898,0.8600266065128117,
22,test,bsc,0.45,f35b9b817b53581e38031e9a5eb1a7cdb9efa31b888084355dd7d50210f38a36,0.3093877575795422,0.3391531799358533,0.5457777777777778,614,511,4,4,1.0,1.0,"P(prediction=benign | direct route, fraud)",pointwise binomial descriptive; not simultaneous or deployment guarantee,supported,1125,25,1100,11,1082,18,14,0.4074074074074074,0.3793103448275862,0.44,0.56,0.39405360265869877,0.23858495930667437,0.8421090909090909,0.7118181818181818,
22,test,polygon,0.45,f35b9b817b53581e38031e9a5eb1a7cdb9efa31b888084355dd7d50210f38a36,0.3093877575795422,0.3391531799358533,0.41076487252124644,145,208,0,0,,,"P(prediction=benign | direct route, fraud)",pointwise binomial descriptive; not simultaneous or deployment guarantee,undefined / insufficient fraud support,353,0,353,0,349,4,0,0.0,0.0,0.0,0.0,0.0,,,,single-class support
22,validation,pooled,0.5,4f6f190039208646bbcab54570917c7d94125a5813765ddf25d6756d9f872c90,0.31295779760008,0.3391531799358533,0.49972587719298245,1823,1825,208,24,0.11538461538461539,0.1584204259158603,"P(prediction=benign | direct route, fraud)",pointwise binomial descriptive; not simultaneous or deployment guarantee,supported,3648,393,3255,337,3150,105,56,0.807185628742515,0.7624434389140271,0.8575063613231552,0.14249363867684478,0.784085666215125,0.8275272086455776,0.9386060982712053,0.9126241484035131,
22,validation,ethereum,0.5,4f6f190039208646bbcab54570917c7d94125a5813765ddf25d6756d9f872c90,0.31295779760008,0.3391531799358533,0.5050691244239631,1096,1074,198,17,0.08585858585858586,0.12600346539825666,"P(prediction=benign | direct route, fraud)",pointwise binomial descriptive; not simultaneous or deployment guarantee,supported,2170,361,1809,325,1744,65,36,0.8655126498002663,0.8333333333333334,0.9002770083102493,0.0997229916897507,0.8383357418191885,0.8796394375755225,0.947529205312312,0.9321727772341739,
22,validation,bsc,0.5,4f6f190039208646bbcab54570917c7d94125a5813765ddf25d6756d9f872c90,0.31295779760008,0.3391531799358533,0.5297777777777778,596,529,10,7,0.7,0.9127355660858496,"P(prediction=benign | direct route, fraud)",pointwise binomial descriptive; not simultaneous or deployment guarantee,supported,1125,31,1094,12,1062,32,19,0.32,0.2727272727272727,0.3870967741935484,0.6129032258064516,0.30216688995928537,0.2261629880294472,0.8283599693341982,0.6789231585775786,
22,validation,polygon,0.5,4f6f190039208646bbcab54570917c7d94125a5813765ddf25d6756d9f872c90,0.31295779760008,0.3391531799358533,0.37110481586402266,131,222,0,0,,,"P(prediction=benign | direct route, fraud)",pointwise binomial descriptive; not simultaneous or deployment guarantee,undefined / insufficient fraud support,353,1,352,0,344,8,1,0.0,0.0,0.0,1.0,-0.008116412559294567,0.01020408163265306,0.7244318181818181,0.48863636363636365,
22,test,pooled,0.5,4f6f190039208646bbcab54570917c7d94125a5813765ddf25d6756d9f872c90,0.31295779760008,0.3391531799358533,0.4610745614035088,1682,1966,38,8,0.21052631578947367,0.3479113513457443,"P(prediction=benign | direct route, fraud)",pointwise binomial descriptive; not simultaneous or deployment guarantee,supported,3648,161,3487,111,3434,53,50,0.683076923076923,0.676829268292683,0.6894409937888198,0.3105590062111801,0.6683339329762203,0.6383196647622138,0.9328330426945157,0.8371208410297699,
22,test,ethereum,0.5,4f6f190039208646bbcab54570917c7d94125a5813765ddf25d6756d9f872c90,0.31295779760008,0.3391531799358533,0.46543778801843316,1010,1160,34,4,0.11764705882352941,0.24930485598035296,"P(prediction=benign | direct route, fraud)",pointwise binomial descriptive; not simultaneous or deployment guarantee,supported,2170,136,2034,100,2003,31,36,0.7490636704119851,0.7633587786259542,0.7352941176470589,0.2647058823529412,0.7327659162008895,0.7396238836401878,0.9474738272890276,0.8600266065128117,
22,test,bsc,0.5,4f6f190039208646bbcab54570917c7d94125a5813765ddf25d6756d9f872c90,0.31295779760008,0.3391531799358533,0.47644444444444445,536,589,4,4,1.0,1.0,"P(prediction=benign | direct route, fraud)",pointwise binomial descriptive; not simultaneous or deployment guarantee,supported,1125,25,1100,11,1082,18,14,0.4074074074074074,0.3793103448275862,0.44,0.56,0.39405360265869877,0.2351092154993953,0.8468,0.7118181818181818,
22,test,polygon,0.5,4f6f190039208646bbcab54570917c7d94125a5813765ddf25d6756d9f872c90,0.31295779760008,0.3391531799358533,0.38526912181303113,136,217,0,0,,,"P(prediction=benign | direct route, fraud)",pointwise binomial descriptive; not simultaneous or deployment guarantee,undefined / insufficient fraud support,353,0,353,0,349,4,0,0.0,0.0,0.0,0.0,0.0,,,,single-class support
22,validation,pooled,0.55,027e3d54182b9deb97cea8a1cd7039c6e68c62a9fb28814a7ed687cc79ae2066,0.31679963503268527,0.3391531799358533,0.4498355263157895,1641,2007,205,22,0.1073170731707317,0.1496872673984752,"P(prediction=benign | direct route, fraud)",pointwise binomial descriptive; not simultaneous or deployment guarantee,supported,3648,393,3255,337,3150,105,56,0.807185628742515,0.7624434389140271,0.8575063613231552,0.14249363867684478,0.784085666215125,0.8268981916273134,0.9380530247065584,0.9126241484035131,
22,validation,ethereum,0.55,027e3d54182b9deb97cea8a1cd7039c6e68c62a9fb28814a7ed687cc79ae2066,0.31679963503268527,0.3391531799358533,0.4640552995391705,1007,1163,197,17,0.08629441624365482,0.12662879910510483,"P(prediction=benign | direct route, fraud)",pointwise binomial descriptive; not simultaneous or deployment guarantee,supported,2170,361,1809,325,1744,65,36,0.8655126498002663,0.8333333333333334,0.9002770083102493,0.0997229916897507,0.8383357418191885,0.8798564201158439,0.9475521744922663,0.9321727772341739,
22,validation,bsc,0.55,027e3d54182b9deb97cea8a1cd7039c6e68c62a9fb28814a7ed687cc79ae2066,0.31679963503268527,0.3391531799358533,0.46044444444444443,518,607,8,5,0.625,0.8888872933923708,"P(prediction=benign | direct route, fraud)",pointwise binomial descriptive; not simultaneous or deployment guarantee,supported,1125,31,1094,12,1062,32,19,0.32,0.2727272727272727,0.3870967741935484,0.6129032258064516,0.30216688995928537,0.21675251458266834,0.8215338798136463,0.6789231585775786,
22,validation,polygon,0.55,027e3d54182b9deb97cea8a1cd7039c6e68c62a9fb28814a7ed687cc79ae2066,0.31679963503268527,0.3391531799358533,0.3286118980169972,116,237,0,0,,,"P(prediction=benign | direct route, fraud)",pointwise binomial descriptive; not simultaneous or deployment guarantee,undefined / insufficient fraud support,353,1,352,0,344,8,1,0.0,0.0,0.0,1.0,-0.008116412559294567,0.011111111111111112,0.7471590909090908,0.48863636363636365,
22,test,pooled,0.55,027e3d54182b9deb97cea8a1cd7039c6e68c62a9fb28814a7ed687cc79ae2066,0.31679963503268527,0.3391531799358533,0.38952850877192985,1421,2227,36,6,0.16666666666666666,0.30267742362657557,"P(prediction=benign | direct route, fraud)",pointwise binomial descriptive; not simultaneous or deployment guarantee,supported,3648,161,3487,111,3434,53,50,0.683076923076923,0.676829268292683,0.6894409937888198,0.3105590062111801,0.6683339329762203,0.6381149922398232,0.9339035672871909,0.8371208410297699,
22,test,ethereum,0.55,027e3d54182b9deb97cea8a1cd7039c6e68c62a9fb28814a7ed687cc79ae2066,0.31679963503268527,0.3391531799358533,0.3866359447004608,839,1331,33,3,0.09090909090909091,0.21850320270216722,"P(prediction=benign | direct route, fraud)",pointwise binomial descriptive; not simultaneous or deployment guarantee,supported,2170,136,2034,100,2003,31,36,0.7490636704119851,0.7633587786259542,0.7352941176470589,0.2647058823529412,0.7327659162008895,0.7387413447634089,0.9470942506796228,0.8600266065128117,
22,test,bsc,0.55,027e3d54182b9deb97cea8a1cd7039c6e68c62a9fb28814a7ed687cc79ae2066,0.31679963503268527,0.3391531799358533,0.41155555555555556,463,662,3,3,1.0,1.0,"P(prediction=benign | direct route, fraud)",pointwise binomial descriptive; not simultaneous or deployment guarantee,supported,1125,25,1100,11,1082,18,14,0.4074074074074074,0.3793103448275862,0.44,0.56,0.39405360265869877,0.23642702672709076,0.853890909090909,0.7118181818181818,
22,test,polygon,0.55,027e3d54182b9deb97cea8a1cd7039c6e68c62a9fb28814a7ed687cc79ae2066,0.31679963503268527,0.3391531799358533,0.3371104815864023,119,234,0,0,,,"P(prediction=benign | direct route, fraud)",pointwise binomial descriptive; not simultaneous or deployment guarantee,undefined / insufficient fraud support,353,0,353,0,349,4,0,0.0,0.0,0.0,0.0,0.0,,,,single-class support
22,validation,pooled,0.6,2f151a5b2a4f8bd44d8bfc34b6d19edad1b985fefea76bd69c616b7e35c16611,0.3196591684065532,0.3391531799358533,0.3996710526315789,1458,2190,202,19,0.09405940594059406,0.13495930349181082,"P(prediction=benign | direct route, fraud)",pointwise binomial descriptive; not simultaneous or deployment guarantee,supported,3648,393,3255,337,3150,105,56,0.807185628742515,0.7624434389140271,0.8575063613231552,0.14249363867684478,0.784085666215125,0.8272509804829461,0.938891038644794,0.9126241484035131,
22,validation,ethereum,0.6,2f151a5b2a4f8bd44d8bfc34b6d19edad1b985fefea76bd69c616b7e35c16611,0.3196591684065532,0.3391531799358533,0.4253456221198157,923,1247,195,15,0.07692307692307693,0.11597736270333239,"P(prediction=benign | direct route, fraud)",pointwise binomial descriptive; not simultaneous or deployment guarantee,supported,2170,361,1809,325,1744,65,36,0.8655126498002663,0.8333333333333334,0.9002770083102493,0.0997229916897507,0.8383357418191885,0.8804499221916995,0.948692977096665,0.9321727772341739,
22,validation,bsc,0.6,2f151a5b2a4f8bd44d8bfc34b6d19edad1b985fefea76bd69c616b7e35c16611,0.3196591684065532,0.3391531799358533,0.39022222222222225,439,686,7,4,0.5714285714285714,0.8712436071957572,"P(prediction=benign | direct route, fraud)",pointwise binomial descriptive; not simultaneous or deployment guarantee,supported,1125,31,1094,12,1062,32,19,0.32,0.2727272727272727,0.3870967741935484,0.6129032258064516,0.30216688995928537,0.21618400512870123,0.8176711682491006,0.6789231585775786,
22,validation,polygon,0.6,2f151a5b2a4f8bd44d8bfc34b6d19edad1b985fefea76bd69c616b7e35c16611,0.3196591684065532,0.3391531799358533,0.2719546742209632,96,257,0,0,,,"P(prediction=benign | direct route, fraud)",pointwise binomial descriptive; not simultaneous or deployment guarantee,undefined / insufficient fraud support,353,1,352,0,344,8,1,0.0,0.0,0.0,1.0,-0.008116412559294567,0.010869565217391304,0.7414772727272727,0.48863636363636365,
22,test,pooled,0.6,2f151a5b2a4f8bd44d8bfc34b6d19edad1b985fefea76bd69c616b7e35c16611,0.3196591684065532,0.3391531799358533,0.3314144736842105,1209,2439,35,5,0.14285714285714285,0.27718464103010587,"P(prediction=benign | direct route, fraud)",pointwise binomial descriptive; not simultaneous or deployment guarantee,supported,3648,161,3487,111,3434,53,50,0.683076923076923,0.676829268292683,0.6894409937888198,0.3105590062111801,0.6683339329762203,0.6360614266450086,0.9323307333182521,0.8371208410297699,
22,test,ethereum,0.6,2f151a5b2a4f8bd44d8bfc34b6d19edad1b985fefea76bd69c616b7e35c16611,0.3196591684065532,0.3391531799358533,0.3258064516129032,707,1463,33,3,0.09090909090909091,0.21850320270216722,"P(prediction=benign | direct route, fraud)",pointwise binomial descriptive; not simultaneous or deployment guarantee,supported,2170,136,2034,100,2003,31,36,0.7490636704119851,0.7633587786259542,0.7352941176470589,0.2647058823529412,0.7327659162008895,0.7361907369375533,0.945409653536931,0.8600266065128117,
22,test,bsc,0.6,2f151a5b2a4f8bd44d8bfc34b6d19edad1b985fefea76bd69c616b7e35c16611,0.3196591684065532,0.3391531799358533,0.3582222222222222,403,722,2,2,1.0,1.0,"P(prediction=benign | direct route, fraud)",pointwise binomial descriptive; not simultaneous or deployment guarantee,supported,1125,25,1100,11,1082,18,14,0.4074074074074074,0.3793103448275862,0.44,0.56,0.39405360265869877,0.2359157471529532,0.8520363636363637,0.7118181818181818,
22,test,polygon,0.6,2f151a5b2a4f8bd44d8bfc34b6d19edad1b985fefea76bd69c616b7e35c16611,0.3196591684065532,0.3391531799358533,0.2804532577903683,99,254,0,0,,,"P(prediction=benign | direct route, fraud)",pointwise binomial descriptive; not simultaneous or deployment guarantee,undefined / insufficient fraud support,353,0,353,0,349,4,0,0.0,0.0,0.0,0.0,0.0,,,,single-class support
22,validation,pooled,0.65,89991409e2dfad39421acb713907b90662d4293fc56b2cd2564f8b28dd3b7ee2,0.32243641844934356,0.3391531799358533,0.34978070175438597,1276,2372,199,16,0.08040201005025126,0.11955675482395306,"P(prediction=benign | direct route, fraud)",pointwise binomial descriptive; not simultaneous or deployment guarantee,supported,3648,393,3255,337,3150,105,56,0.807185628742515,0.7624434389140271,0.8575063613231552,0.14249363867684478,0.784085666215125,0.8273049571894334,0.9394515386389309,0.9126241484035131,
22,validation,ethereum,0.65,89991409e2dfad39421acb713907b90662d4293fc56b2cd2564f8b28dd3b7ee2,0.32243641844934356,0.3391531799358533,0.3797235023041475,824,1346,193,13,0.06735751295336788,0.1049583659525586,"P(prediction=benign | direct route, fraud)",pointwise binomial descriptive; not simultaneous or deployment guarantee,supported,2170,361,1809,325,1744,65,36,0.8655126498002663,0.8333333333333334,0.9002770083102493,0.0997229916897507,0.8383357418191885,0.8803501732048157,0.9488231357830729,0.9321727772341739,
22,validation,bsc,0.65,89991409e2dfad39421acb713907b90662d4293fc56b2cd2564f8b28dd3b7ee2,0.32243641844934356,0.3391531799358533,0.3253333333333333,366,759,6,3,0.5,0.8468388820247768,"P(prediction=benign | direct route, fraud)",pointwise binomial descriptive; not simultaneous or deployment guarantee,supported,1125,31,1094,12,1062,32,19,0.32,0.2727272727272727,0.3870967741935484,0.6129032258064516,0.30216688995928537,0.21671763677194264,0.8217402842483931,0.6789231585775786,
22,validation,polygon,0.65,89991409e2dfad39421acb713907b90662d4293fc56b2cd2564f8b28dd3b7ee2,0.32243641844934356,0.3391531799358533,0.24362606232294617,86,267,0,0,,,"P(prediction=benign | direct route, fraud)",pointwise binomial descriptive; not simultaneous or deployment guarantee,undefined / insufficient fraud support,353,1,352,0,344,8,1,0.0,0.0,0.0,1.0,-0.008116412559294567,0.010638297872340425,0.7357954545454546,0.48863636363636365,
22,test,pooled,0.65,89991409e2dfad39421acb713907b90662d4293fc56b2cd2564f8b28dd3b7ee2,0.32243641844934356,0.3391531799358533,0.26644736842105265,972,2676,33,3,0.09090909090909091,0.21850320270216722,"P(prediction=benign | direct route, fraud)",pointwise binomial descriptive; not simultaneous or deployment guarantee,supported,3648,161,3487,111,3434,53,50,0.683076923076923,0.676829268292683,0.6894409937888198,0.3105590062111801,0.6683339329762203,0.6345351116077959,0.9339783793219536,0.8371208410297699,
22,test,ethereum,0.65,89991409e2dfad39421acb713907b90662d4293fc56b2cd2564f8b28dd3b7ee2,0.32243641844934356,0.3391531799358533,0.2608294930875576,566,1604,31,1,0.03225806451612903,0.14409039131834475,"P(prediction=benign | direct route, fraud)",pointwise binomial descriptive; not simultaneous or deployment guarantee,supported,2170,136,2034,100,2003,31,36,0.7490636704119851,0.7633587786259542,0.7352941176470589,0.2647058823529412,0.7327659162008895,0.7361810064132742,0.9474340621204235,0.8600266065128117,
22,test,bsc,0.65,89991409e2dfad39421acb713907b90662d4293fc56b2cd2564f8b28dd3b7ee2,0.32243641844934356,0.3391531799358533,0.2853333333333333,321,804,2,2,1.0,1.0,"P(prediction=benign | direct route, fraud)",pointwise binomial descriptive; not simultaneous or deployment guarantee,supported,1125,25,1100,11,1082,18,14,0.4074074074074074,0.3793103448275862,0.44,0.56,0.39405360265869877,0.23090892057747242,0.8465454545454545,0.7118181818181818,
22,test,polygon,0.65,89991409e2dfad39421acb713907b90662d4293fc56b2cd2564f8b28dd3b7ee2,0.32243641844934356,0.3391531799358533,0.24079320113314448,85,268,0,0,,,"P(prediction=benign | direct route, fraud)",pointwise binomial descriptive; not simultaneous or deployment guarantee,undefined / insufficient fraud support,353,0,353,0,349,4,0,0.0,0.0,0.0,0.0,0.0,,,,single-class support
22,validation,pooled,0.7,c4e4abd4d7fc77bf4d7e5310cdf0f17146dc22ae8c1d1ff25f7320e84a30a895,0.3247829084422261,0.3391531799358533,0.29989035087719296,1094,2554,197,14,0.07106598984771574,0.10886792016024018,"P(prediction=benign | direct route, fraud)",pointwise binomial descriptive; not simultaneous or deployment guarantee,supported,3648,393,3255,337,3150,105,56,0.807185628742515,0.7624434389140271,0.8575063613231552,0.14249363867684478,0.784085666215125,0.8272184779195321,0.9397798649953292,0.9126241484035131,
22,validation,ethereum,0.7,c4e4abd4d7fc77bf4d7e5310cdf0f17146dc22ae8c1d1ff25f7320e84a30a895,0.3247829084422261,0.3391531799358533,0.33410138248847926,725,1445,192,12,0.0625,0.09929771751247034,"P(prediction=benign | direct route, fraud)",pointwise binomial descriptive; not simultaneous or deployment guarantee,supported,2170,361,1809,325,1744,65,36,0.8655126498002663,0.8333333333333334,0.9002770083102493,0.0997229916897507,0.8383357418191885,0.880336551539733,0.9490972346638614,0.9321727772341739,
22,validation,bsc,0.7,c4e4abd4d7fc77bf4d7e5310cdf0f17146dc22ae8c1d1ff25f7320e84a30a895,0.3247829084422261,0.3391531799358533,0.2648888888888889,298,827,5,2,0.4,0.8107446225622291,"P(prediction=benign | direct route, fraud)",pointwise binomial descriptive; not simultaneous or deployment guarantee,supported,1125,31,1094,12,1062,32,19,0.32,0.2727272727272727,0.3870967741935484,0.6129032258064516,0.30216688995928537,0.21637895433333273,0.821740284248393,0.6789231585775786,
22,validation,polygon,0.7,c4e4abd4d7fc77bf4d7e5310cdf0f17146dc22ae8c1d1ff25f7320e84a30a895,0.3247829084422261,0.3391531799358533,0.20113314447592068,71,282,0,0,,,"P(prediction=benign | direct route, fraud)",pointwise binomial descriptive; not simultaneous or deployment guarantee,undefined / insufficient fraud support,353,1,352,0,344,8,1,0.0,0.0,0.0,1.0,-0.008116412559294567,0.010416666666666666,0.7301136363636364,0.48863636363636365,
22,test,pooled,0.7,c4e4abd4d7fc77bf4d7e5310cdf0f17146dc22ae8c1d1ff25f7320e84a30a895,0.3247829084422261,0.3391531799358533,0.21080043859649122,769,2879,33,3,0.09090909090909091,0.21850320270216722,"P(prediction=benign | direct route, fraud)",pointwise binomial descriptive; not simultaneous or deployment guarantee,supported,3648,161,3487,111,3434,53,50,0.683076923076923,0.676829268292683,0.6894409937888198,0.3105590062111801,0.6683339329762203,0.6338545359620916,0.9317162058898447,0.8371208410297699,
22,test,ethereum,0.7,c4e4abd4d7fc77bf4d7e5310cdf0f17146dc22ae8c1d1ff25f7320e84a30a895,0.3247829084422261,0.3391531799358533,0.2073732718894009,450,1720,31,1,0.03225806451612903,0.14409039131834475,"P(prediction=benign | direct route, fraud)",pointwise binomial descriptive; not simultaneous or deployment guarantee,supported,2170,136,2034,100,2003,31,36,0.7490636704119851,0.7633587786259542,0.7352941176470589,0.2647058823529412,0.7327659162008895,0.7353473536956675,0.9452433628318584,0.8600266065128117,
22,test,bsc,0.7,c4e4abd4d7fc77bf4d7e5310cdf0f17146dc22ae8c1d1ff25f7320e84a30a895,0.3247829084422261,0.3391531799358533,0.224,252,873,2,2,1.0,1.0,"P(prediction=benign | direct route, fraud)",pointwise binomial descriptive; not simultaneous or deployment guarantee,supported,1125,25,1100,11,1082,18,14,0.4074074074074074,0.3793103448275862,0.44,0.56,0.39405360265869877,0.23051993720098995,0.8426545454545453,0.7118181818181818,
22,test,polygon,0.7,c4e4abd4d7fc77bf4d7e5310cdf0f17146dc22ae8c1d1ff25f7320e84a30a895,0.3247829084422261,0.3391531799358533,0.18980169971671387,67,286,0,0,,,"P(prediction=benign | direct route, fraud)",pointwise binomial descriptive; not simultaneous or deployment guarantee,undefined / insufficient fraud support,353,0,353,0,349,4,0,0.0,0.0,0.0,0.0,0.0,,,,single-class support
22,validation,pooled,0.75,52b98386107f86e9f3b554ab4ee67553d7e9db3d38edfb85d5a31c52a99b96c0,0.3270847121995025,0.3391531799358533,0.24972587719298245,911,2737,193,10,0.05181347150259067,0.08630219699792852,"P(prediction=benign | direct route, fraud)",pointwise binomial descriptive; not simultaneous or deployment guarantee,supported,3648,393,3255,337,3152,103,56,0.8091236494597839,0.7659090909090909,0.8575063613231552,0.14249363867684478,0.7862055844083218,0.8287723099201578,0.9413589584237209,0.9129313680655715,
22,validation,ethereum,0.75,52b98386107f86e9f3b554ab4ee67553d7e9db3d38edfb85d5a31c52a99b96c0,0.3270847121995025,0.3391531799358533,0.2820276497695853,612,1558,189,9,0.047619047619047616,0.08162380990030017,"P(prediction=benign | direct route, fraud)",pointwise binomial descriptive; not simultaneous or deployment guarantee,supported,2170,361,1809,325,1744,65,36,0.8655126498002663,0.8333333333333334,0.9002770083102493,0.0997229916897507,0.8383357418191885,0.8802639487859426,0.9494371785271856,0.9321727772341739,
22,validation,bsc,0.75,52b98386107f86e9f3b554ab4ee67553d7e9db3d38edfb85d5a31c52a99b96c0,0.3270847121995025,0.3391531799358533,0.21333333333333335,240,885,4,1,0.25,0.7513953742698181,"P(prediction=benign | direct route, fraud)",pointwise binomial descriptive; not simultaneous or deployment guarantee,supported,1125,31,1094,12,1064,30,19,0.3287671232876712,0.2857142857142857,0.3870967741935484,0.6129032258064516,0.31057053314466193,0.22223972403851677,0.8331220145072832,0.6798372353600284,
22,validation,polygon,0.75,52b98386107f86e9f3b554ab4ee67553d7e9db3d38edfb85d5a31c52a99b96c0,0.3270847121995025,0.3391531799358533,0.1671388101983003,59,294,0,0,,,"P(prediction=benign | direct route, fraud)",pointwise binomial descriptive; not simultaneous or deployment guarantee,undefined / insufficient fraud support,353,1,352,0,344,8,1,0.0,0.0,0.0,1.0,-0.008116412559294567,0.010309278350515464,0.7272727272727273,0.48863636363636365,
22,test,pooled,0.75,52b98386107f86e9f3b554ab4ee67553d7e9db3d38edfb85d5a31c52a99b96c0,0.3270847121995025,0.3391531799358533,0.16639254385964913,607,3041,33,3,0.09090909090909091,0.21850320270216722,"P(prediction=benign | direct route, fraud)",pointwise binomial descriptive; not simultaneous or deployment guarantee,supported,3648,161,3487,111,3434,53,50,0.683076923076923,0.676829268292683,0.6894409937888198,0.3105590062111801,0.6683339329762203,0.6331705972615906,0.9295466568817276,0.8371208410297699,
22,test,ethereum,0.75,52b98386107f86e9f3b554ab4ee67553d7e9db3d38edfb85d5a31c52a99b96c0,0.3270847121995025,0.3391531799358533,0.1552995391705069,337,1833,31,1,0.03225806451612903,0.14409039131834475,"P(prediction=benign | direct route, fraud)",pointwise binomial descriptive; not simultaneous or deployment guarantee,supported,2170,136,2034,100,2003,31,36,0.7490636704119851,0.7633587786259542,0.7352941176470589,0.2647058823529412,0.7327659162008895,0.7344122005607687,0.9427670773324079,0.8600266065128117,
22,test,bsc,0.75,52b98386107f86e9f3b554ab4ee67553d7e9db3d38edfb85d5a31c52a99b96c0,0.3270847121995025,0.3391531799358533,0.18933333333333333,213,912,2,2,1.0,1.0,"P(prediction=benign | direct route, fraud)",pointwise binomial descriptive; not simultaneous or deployment guarantee,supported,1125,25,1100,11,1082,18,14,0.4074074074074074,0.3793103448275862,0.44,0.56,0.39405360265869877,0.23027485549276058,0.8400727272727273,0.7118181818181818,
22,test,polygon,0.75,52b98386107f86e9f3b554ab4ee67553d7e9db3d38edfb85d5a31c52a99b96c0,0.3270847121995025,0.3391531799358533,0.16147308781869688,57,296,0,0,,,"P(prediction=benign | direct route, fraud)",pointwise binomial descriptive; not simultaneous or deployment guarantee,undefined / insufficient fraud support,353,0,353,0,349,4,0,0.0,0.0,0.0,0.0,0.0,,,,single-class support
22,validation,pooled,0.8,60526257db1b22a72f35d3f66d706d5caf545771e268641019cd626c8050f272,0.32895698543853436,0.3391531799358533,0.19983552631578946,729,2919,191,8,0.041884816753926704,0.07430329101819935,"P(prediction=benign | direct route, fraud)",pointwise binomial descriptive; not simultaneous or deployment guarantee,supported,3648,393,3255,337,3152,103,56,0.8091236494597839,0.7659090909090909,0.8575063613231552,0.14249363867684478,0.7862055844083218,0.8286079014174688,0.941139292456702,0.9129313680655715,
22,validation,ethereum,0.8,60526257db1b22a72f35d3f66d706d5caf545771e268641019cd626c8050f272,0.32895698543853436,0.3391531799358533,0.2294930875576037,498,1672,187,7,0.0374331550802139,0.06915787954417667,"P(prediction=benign | direct route, fraud)",pointwise binomial descriptive; not simultaneous or deployment guarantee,supported,2170,361,1809,325,1744,65,36,0.8655126498002663,0.8333333333333334,0.9002770083102493,0.0997229916897507,0.8383357418191885,0.8802565242143973,0.9497219963586193,0.9321727772341739,
22,validation,bsc,0.8,60526257db1b22a72f35d3f66d706d5caf545771e268641019cd626c8050f272,0.32895698543853436,0.3391531799358533,0.16177777777777777,182,943,4,1,0.25,0.7513953742698181,"P(prediction=benign | direct route, fraud)",pointwise binomial descriptive; not simultaneous or deployment guarantee,supported,1125,31,1094,12,1064,30,19,0.3287671232876712,0.2857142857142857,0.3870967741935484,0.6129032258064516,0.31057053314466193,0.221414445385889,0.8247773780739518,0.6798372353600284,
22,validation,polygon,0.8,60526257db1b22a72f35d3f66d706d5caf545771e268641019cd626c8050f272,0.32895698543853436,0.3391531799358533,0.1388101983002833,49,304,0,0,,,"P(prediction=benign | direct route, fraud)",pointwise binomial descriptive; not simultaneous or deployment guarantee,undefined / insufficient fraud support,353,1,352,0,344,8,1,0.0,0.0,0.0,1.0,-0.008116412559294567,0.010101010101010102,0.7215909090909092,0.48863636363636365,
22,test,pooled,0.8,60526257db1b22a72f35d3f66d706d5caf545771e268641019cd626c8050f272,0.32895698543853436,0.3391531799358533,0.12637061403508773,461,3187,32,2,0.0625,0.18394346817692872,"P(prediction=benign | direct route, fraud)",pointwise binomial descriptive; not simultaneous or deployment guarantee,supported,3648,161,3487,111,3434,53,50,0.683076923076923,0.676829268292683,0.6894409937888198,0.3105590062111801,0.6683339329762203,0.6311227700041704,0.9281127595487766,0.8371208410297699,
22,test,ethereum,0.8,60526257db1b22a72f35d3f66d706d5caf545771e268641019cd626c8050f272,0.32895698543853436,0.3391531799358533,0.11658986175115207,253,1917,31,1,0.03225806451612903,0.14409039131834475,"P(prediction=benign | direct route, fraud)",pointwise binomial descriptive; not simultaneous or deployment guarantee,supported,2170,136,2034,100,2003,31,36,0.7490636704119851,0.7633587786259542,0.7352941176470589,0.2647058823529412,0.7327659162008895,0.7317230967369283,0.9404715425993406,0.8600266065128117,
22,test,bsc,0.8,60526257db1b22a72f35d3f66d706d5caf545771e268641019cd626c8050f272,0.32895698543853436,0.3391531799358533,0.14044444444444446,158,967,1,1,1.0,1.0,"P(prediction=benign | direct route, fraud)",pointwise binomial descriptive; not simultaneous or deployment guarantee,supported,1125,25,1100,11,1082,18,14,0.4074074074074074,0.3793103448275862,0.44,0.56,0.39405360265869877,0.22999943388697205,0.8424363636363636,0.7118181818181818,
22,test,polygon,0.8,60526257db1b22a72f35d3f66d706d5caf545771e268641019cd626c8050f272,0.32895698543853436,0.3391531799358533,0.141643059490085,50,303,0,0,,,"P(prediction=benign | direct route, fraud)",pointwise binomial descriptive; not simultaneous or deployment guarantee,undefined / insufficient fraud support,353,0,353,0,349,4,0,0.0,0.0,0.0,0.0,0.0,,,,single-class support
22,validation,pooled,0.85,d430c921fc7ffac9bad8a5ef85ac5f0263e888a37da0053e71455a5879ab121d,0.33039873764588157,0.3391531799358533,0.14994517543859648,547,3101,189,6,0.031746031746031744,0.0616928440135133,"P(prediction=benign | direct route, fraud)",pointwise binomial descriptive; not simultaneous or deployment guarantee,supported,3648,393,3255,337,3152,103,56,0.8091236494597839,0.7659090909090909,0.8575063613231552,0.14249363867684478,0.7862055844083218,0.8289316628840332,0.9420742408430172,0.9129313680655715,
22,validation,ethereum,0.85,d430c921fc7ffac9bad8a5ef85ac5f0263e888a37da0053e71455a5879ab121d,0.33039873764588157,0.3391531799358533,0.17972350230414746,390,1780,186,6,0.03225806451612903,0.06267211980035657,"P(prediction=benign | direct route, fraud)",pointwise binomial descriptive; not simultaneous or deployment guarantee,supported,2170,361,1809,325,1744,65,36,0.8655126498002663,0.8333333333333334,0.9002770083102493,0.0997229916897507,0.8383357418191885,0.880550284422258,0.9502104742523149,0.9321727772341739,
22,validation,bsc,0.85,d430c921fc7ffac9bad8a5ef85ac5f0263e888a37da0053e71455a5879ab121d,0.33039873764588157,0.3391531799358533,0.10844444444444444,122,1003,3,0,0.0,0.6315968501359612,"P(prediction=benign | direct route, fraud)",pointwise binomial descriptive; not simultaneous or deployment guarantee,supported,1125,31,1094,12,1064,30,19,0.3287671232876712,0.2857142857142857,0.3870967741935484,0.6129032258064516,0.31057053314466193,0.22142122774044362,0.8295836527687681,0.6798372353600284,
22,validation,polygon,0.85,d430c921fc7ffac9bad8a5ef85ac5f0263e888a37da0053e71455a5879ab121d,0.33039873764588157,0.3391531799358533,0.09915014164305949,35,318,0,0,,,"P(prediction=benign | direct route, fraud)",pointwise binomial descriptive; not simultaneous or deployment guarantee,undefined / insufficient fraud support,353,1,352,0,344,8,1,0.0,0.0,0.0,1.0,-0.008116412559294567,0.010101010101010102,0.7215909090909092,0.48863636363636365,
22,test,pooled,0.85,d430c921fc7ffac9bad8a5ef85ac5f0263e888a37da0053e71455a5879ab121d,0.33039873764588157,0.3391531799358533,0.08717105263157894,318,3330,31,1,0.03225806451612903,0.14409039131834475,"P(prediction=benign | direct route, fraud)",pointwise binomial descriptive; not simultaneous or deployment guarantee,supported,3648,161,3487,111,3434,53,50,0.683076923076923,0.676829268292683,0.6894409937888198,0.3105590062111801,0.6683339329762203,0.632422827570623,0.9307133683762404,0.8371208410297699,
22,test,ethereum,0.85,d430c921fc7ffac9bad8a5ef85ac5f0263e888a37da0053e71455a5879ab121d,0.33039873764588157,0.3391531799358533,0.08433179723502304,183,1987,30,0,0.0,0.09503385285530411,"P(prediction=benign | direct route, fraud)",pointwise binomial descriptive; not simultaneous or deployment guarantee,supported,2170,136,2034,100,2003,31,36,0.7490636704119851,0.7633587786259542,0.7352941176470589,0.2647058823529412,0.7327659162008895,0.7340129738422423,0.9446794204407427,0.8600266065128117,
22,test,bsc,0.85,d430c921fc7ffac9bad8a5ef85ac5f0263e888a37da0053e71455a5879ab121d,0.33039873764588157,0.3391531799358533,0.08622222222222223,97,1028,1,1,1.0,1.0,"P(prediction=benign | direct route, fraud)",pointwise binomial descriptive; not simultaneous or deployment guarantee,supported,1125,25,1100,11,1082,18,14,0.4074074074074074,0.3793103448275862,0.44,0.56,0.39405360265869877,0.2289685613079401,0.8355999999999999,0.7118181818181818,
22,test,polygon,0.85,d430c921fc7ffac9bad8a5ef85ac5f0263e888a37da0053e71455a5879ab121d,0.33039873764588157,0.3391531799358533,0.10764872521246459,38,315,0,0,,,"P(prediction=benign | direct route, fraud)",pointwise binomial descriptive; not simultaneous or deployment guarantee,undefined / insufficient fraud support,353,0,353,0,349,4,0,0.0,0.0,0.0,0.0,0.0,,,,single-class support
22,validation,pooled,0.9,62cd15d0f04f8fae62466e1d9a6ab8d7a71782e194e0f00b075a63f72b2511ca,0.33149846917346965,0.3391531799358533,0.09978070175438597,364,3284,185,2,0.010810810810810811,0.03363835084613976,"P(prediction=benign | direct route, fraud)",pointwise binomial descriptive; not simultaneous or deployment guarantee,supported,3648,393,3255,337,3152,103,56,0.8091236494597839,0.7659090909090909,0.8575063613231552,0.14249363867684478,0.7862055844083218,0.8305171109440016,0.946983501600591,0.9129313680655715,
22,validation,ethereum,0.9,62cd15d0f04f8fae62466e1d9a6ab8d7a71782e194e0f00b075a63f72b2511ca,0.33149846917346965,0.3391531799358533,0.13456221198156681,292,1878,182,2,0.01098901098901099,0.03418628130459497,"P(prediction=benign | direct route, fraud)",pointwise binomial descriptive; not simultaneous or deployment guarantee,supported,2170,361,1809,325,1744,65,36,0.8655126498002663,0.8333333333333334,0.9002770083102493,0.0997229916897507,0.8383357418191885,0.8826620325763594,0.9559803322568444,0.9321727772341739,
22,validation,bsc,0.9,62cd15d0f04f8fae62466e1d9a6ab8d7a71782e194e0f00b075a63f72b2511ca,0.33149846917346965,0.3391531799358533,0.044444444444444446,50,1075,3,0,0.0,0.6315968501359612,"P(prediction=benign | direct route, fraud)",pointwise binomial descriptive; not simultaneous or deployment guarantee,supported,1125,31,1094,12,1064,30,19,0.3287671232876712,0.2857142857142857,0.3870967741935484,0.6129032258064516,0.31057053314466193,0.22044046572286685,0.818142949814236,0.6798372353600284,
22,validation,polygon,0.9,62cd15d0f04f8fae62466e1d9a6ab8d7a71782e194e0f00b075a63f72b2511ca,0.33149846917346965,0.3391531799358533,0.06232294617563739,22,331,0,0,,,"P(prediction=benign | direct route, fraud)",pointwise binomial descriptive; not simultaneous or deployment guarantee,undefined / insufficient fraud support,353,1,352,0,344,8,1,0.0,0.0,0.0,1.0,-0.008116412559294567,0.00980392156862745,0.7130681818181819,0.48863636363636365,
22,test,pooled,0.9,62cd15d0f04f8fae62466e1d9a6ab8d7a71782e194e0f00b075a63f72b2511ca,0.33149846917346965,0.3391531799358533,0.043859649122807015,160,3488,31,1,0.03225806451612903,0.14409039131834475,"P(prediction=benign | direct route, fraud)",pointwise binomial descriptive; not simultaneous or deployment guarantee,supported,3648,161,3487,111,3434,53,50,0.683076923076923,0.676829268292683,0.6894409937888198,0.3105590062111801,0.6683339329762203,0.6308301319401903,0.9277600742420384,0.8371208410297699,
22,test,ethereum,0.9,62cd15d0f04f8fae62466e1d9a6ab8d7a71782e194e0f00b075a63f72b2511ca,0.33149846917346965,0.3391531799358533,0.04470046082949309,97,2073,30,0,0.0,0.09503385285530411,"P(prediction=benign | direct route, fraud)",pointwise binomial descriptive; not simultaneous or deployment guarantee,supported,2170,136,2034,100,2003,31,36,0.7490636704119851,0.7633587786259542,0.7352941176470589,0.2647058823529412,0.7327659162008895,0.7320265447379429,0.9418271733472151,0.8600266065128117,
22,test,bsc,0.9,62cd15d0f04f8fae62466e1d9a6ab8d7a71782e194e0f00b075a63f72b2511ca,0.33149846917346965,0.3391531799358533,0.03822222222222222,43,1082,1,1,1.0,1.0,"P(prediction=benign | direct route, fraud)",pointwise binomial descriptive; not simultaneous or deployment guarantee,supported,1125,25,1100,11,1082,18,14,0.4074074074074074,0.3793103448275862,0.44,0.56,0.39405360265869877,0.22835960525696272,0.8305454545454545,0.7118181818181818,
22,test,polygon,0.9,62cd15d0f04f8fae62466e1d9a6ab8d7a71782e194e0f00b075a63f72b2511ca,0.33149846917346965,0.3391531799358533,0.056657223796033995,20,333,0,0,,,"P(prediction=benign | direct route, fraud)",pointwise binomial descriptive; not simultaneous or deployment guarantee,undefined / insufficient fraud support,353,0,353,0,349,4,0,0.0,0.0,0.0,0.0,0.0,,,,single-class support
22,validation,pooled,0.95,f6e2fda31b756cb1e4b667629ebbb089f37ac1f33f7caeeb6491347078f8e910,0.4022677562155993,0.3391531799358533,0.049890350877192985,182,3466,177,0,0.0,0.016782617227451294,"P(prediction=benign | direct route, fraud)",pointwise binomial descriptive; not simultaneous or deployment guarantee,supported,3648,393,3255,335,3153,102,58,0.8072289156626506,0.7665903890160183,0.8524173027989822,0.1475826972010178,0.7839653150021295,0.827436516050987,0.9475697986655881,0.9105404486345141,
22,validation,ethereum,0.95,f6e2fda31b756cb1e4b667629ebbb089f37ac1f33f7caeeb6491347078f8e910,0.4022677562155993,0.3391531799358533,0.08387096774193549,182,1988,177,0,0.0,0.016782617227451294,"P(prediction=benign | direct route, fraud)",pointwise binomial descriptive; not simultaneous or deployment guarantee,supported,2170,361,1809,325,1744,65,36,0.8655126498002663,0.8333333333333334,0.9002770083102493,0.0997229916897507,0.8383357418191885,0.8811932268708977,0.9569327875856177,0.9321727772341739,
22,validation,bsc,0.95,f6e2fda31b756cb1e4b667629ebbb089f37ac1f33f7caeeb6491347078f8e910,0.4022677562155993,0.3391531799358533,0.0,0,1125,0,0,,,"P(prediction=benign | direct route, fraud)",pointwise binomial descriptive; not simultaneous or deployment guarantee,undefined / insufficient fraud support,1125,31,1094,10,1065,29,21,0.2857142857142857,0.2564102564102564,0.3225806451612903,0.6774193548387096,0.26493555343276265,0.18895551038419778,0.8084124550333196,0.6480362092351242,
22,validation,polygon,0.95,f6e2fda31b756cb1e4b667629ebbb089f37ac1f33f7caeeb6491347078f8e910,0.4022677562155993,0.3391531799358533,0.0,0,353,0,0,,,"P(prediction=benign | direct route, fraud)",pointwise binomial descriptive; not simultaneous or deployment guarantee,undefined / insufficient fraud support,353,1,352,0,344,8,1,0.0,0.0,0.0,1.0,-0.008116412559294567,0.009259259259259259,0.6960227272727273,0.48863636363636365,
22,test,pooled,0.95,f6e2fda31b756cb1e4b667629ebbb089f37ac1f33f7caeeb6491347078f8e910,0.4022677562155993,0.3391531799358533,0.009868421052631578,36,3612,28,0,0.0,0.10146573557272467,"P(prediction=benign | direct route, fraud)",pointwise binomial descriptive; not simultaneous or deployment guarantee,supported,3648,161,3487,111,3436,51,50,0.6873065015479877,0.6851851851851852,0.6894409937888198,0.3105590062111801,0.6728257370248745,0.6375288727230554,0.9270529223896389,0.8374076204963601,
22,test,ethereum,0.95,f6e2fda31b756cb1e4b667629ebbb089f37ac1f33f7caeeb6491347078f8e910,0.4022677562155993,0.3391531799358533,0.014746543778801843,32,2138,28,0,0.0,0.10146573557272467,"P(prediction=benign | direct route, fraud)",pointwise binomial descriptive; not simultaneous or deployment guarantee,supported,2170,136,2034,100,2003,31,36,0.7490636704119851,0.7633587786259542,0.7352941176470589,0.2647058823529412,0.7327659162008895,0.7322511697351511,0.938946006131066,0.8600266065128117,
22,test,bsc,0.95,f6e2fda31b756cb1e4b667629ebbb089f37ac1f33f7caeeb6491347078f8e910,0.4022677562155993,0.3391531799358533,0.0035555555555555557,4,1121,0,0,,,"P(prediction=benign | direct route, fraud)",pointwise binomial descriptive; not simultaneous or deployment guarantee,undefined / insufficient fraud support,1125,25,1100,11,1084,16,14,0.4230769230769231,0.4074074074074074,0.44,0.56,0.4097665117333313,0.2413327392554477,0.8405818181818182,0.7127272727272728,
22,test,polygon,0.95,f6e2fda31b756cb1e4b667629ebbb089f37ac1f33f7caeeb6491347078f8e910,0.4022677562155993,0.3391531799358533,0.0,0,353,0,0,,,"P(prediction=benign | direct route, fraud)",pointwise binomial descriptive; not simultaneous or deployment guarantee,undefined / insufficient fraud support,353,0,353,0,349,4,0,0.0,0.0,0.0,0.0,0.0,,,,single-class support
22,validation,pooled,1.0,a8c71ef97a40b4830fb88c36f49b8c750b104a9452aeed1f02a71ba4568287e4,0.6683809885893336,0.3391531799358533,0.0,0,3648,0,0,,,"P(prediction=benign | direct route, fraud)",pointwise binomial descriptive; not simultaneous or deployment guarantee,undefined / insufficient fraud support,3648,393,3255,335,3153,102,58,0.8072289156626506,0.7665903890160183,0.8524173027989822,0.1475826972010178,0.7839653150021295,0.8299585198715265,0.9475963774658678,0.9105404486345141,
22,validation,ethereum,1.0,a8c71ef97a40b4830fb88c36f49b8c750b104a9452aeed1f02a71ba4568287e4,0.6683809885893336,0.3391531799358533,0.0,0,2170,0,0,,,"P(prediction=benign | direct route, fraud)",pointwise binomial descriptive; not simultaneous or deployment guarantee,undefined / insufficient fraud support,2170,361,1809,325,1744,65,36,0.8655126498002663,0.8333333333333334,0.9002770083102493,0.0997229916897507,0.8383357418191885,0.8839689093584175,0.9570001638468171,0.9321727772341739,
22,validation,bsc,1.0,a8c71ef97a40b4830fb88c36f49b8c750b104a9452aeed1f02a71ba4568287e4,0.6683809885893336,0.3391531799358533,0.0,0,1125,0,0,,,"P(prediction=benign | direct route, fraud)",pointwise binomial descriptive; not simultaneous or deployment guarantee,undefined / insufficient fraud support,1125,31,1094,10,1065,29,21,0.2857142857142857,0.2564102564102564,0.3225806451612903,0.6774193548387096,0.26493555343276265,0.18895551038419778,0.8084124550333196,0.6480362092351242,
22,validation,polygon,1.0,a8c71ef97a40b4830fb88c36f49b8c750b104a9452aeed1f02a71ba4568287e4,0.6683809885893336,0.3391531799358533,0.0,0,353,0,0,,,"P(prediction=benign | direct route, fraud)",pointwise binomial descriptive; not simultaneous or deployment guarantee,undefined / insufficient fraud support,353,1,352,0,344,8,1,0.0,0.0,0.0,1.0,-0.008116412559294567,0.009259259259259259,0.6960227272727273,0.48863636363636365,
22,test,pooled,1.0,a8c71ef97a40b4830fb88c36f49b8c750b104a9452aeed1f02a71ba4568287e4,0.6683809885893336,0.3391531799358533,0.0005482456140350877,2,3646,2,0,0.0,0.776393202250021,"P(prediction=benign | direct route, fraud)",pointwise binomial descriptive; not simultaneous or deployment guarantee,supported,3648,161,3487,111,3438,49,50,0.6915887850467289,0.69375,0.6894409937888198,0.3105590062111801,0.677398977298511,0.6426965593193057,0.927384232829302,0.8376943999629503,
22,test,ethereum,1.0,a8c71ef97a40b4830fb88c36f49b8c750b104a9452aeed1f02a71ba4568287e4,0.6683809885893336,0.3391531799358533,0.0009216589861751152,2,2168,2,0,0.0,0.776393202250021,"P(prediction=benign | direct route, fraud)",pointwise binomial descriptive; not simultaneous or deployment guarantee,supported,2170,136,2034,100,2003,31,36,0.7490636704119851,0.7633587786259542,0.7352941176470589,0.2647058823529412,0.7327659162008895,0.7299824743606219,0.9389243160391,0.8600266065128117,
22,test,bsc,1.0,a8c71ef97a40b4830fb88c36f49b8c750b104a9452aeed1f02a71ba4568287e4,0.6683809885893336,0.3391531799358533,0.0,0,1125,0,0,,,"P(prediction=benign | direct route, fraud)",pointwise binomial descriptive; not simultaneous or deployment guarantee,undefined / insufficient fraud support,1125,25,1100,11,1086,14,14,0.44,0.44,0.44,0.56,0.42727272727272725,0.26543155510190963,0.8416363636363637,0.7136363636363636,
22,test,polygon,1.0,a8c71ef97a40b4830fb88c36f49b8c750b104a9452aeed1f02a71ba4568287e4,0.6683809885893336,0.3391531799358533,0.0,0,353,0,0,,,"P(prediction=benign | direct route, fraud)",pointwise binomial descriptive; not simultaneous or deployment guarantee,undefined / insufficient fraud support,353,0,353,0,349,4,0,0.0,0.0,0.0,0.0,0.0,,,,single-class support
33,validation,pooled,0.0,af50eeb7bb8602f3ad2ac011111e7b871e9d489f834be249d38e45478effde14,-1.0,0.333949963523701,1.0,3648,0,393,74,0.18829516539440203,0.22372200476289458,"P(prediction=benign | direct route, fraud)",pointwise binomial descriptive; not simultaneous or deployment guarantee,supported,3648,393,3255,319,3173,82,74,0.8035264483627204,0.7955112219451371,0.811704834605598,0.18829516539440203,0.7795863893105147,0.8557497243569263,0.9375484183659508,0.8932564111584057,
33,validation,ethereum,0.0,af50eeb7bb8602f3ad2ac011111e7b871e9d489f834be249d38e45478effde14,-1.0,0.333949963523701,1.0,2170,0,361,49,0.13573407202216067,0.16900901126283582,"P(prediction=benign | direct route, fraud)",pointwise binomial descriptive; not simultaneous or deployment guarantee,supported,2170,361,1809,312,1761,48,49,0.8654646324549237,0.8666666666666667,0.8642659279778393,0.13573407202216067,0.8386628701204114,0.904320032529829,0.9494555538711491,0.9188659656472944,
33,validation,bsc,0.0,af50eeb7bb8602f3ad2ac011111e7b871e9d489f834be249d38e45478effde14,-1.0,0.333949963523701,1.0,1125,0,31,24,0.7741935483870968,0.8889112287407399,"P(prediction=benign | direct route, fraud)",pointwise binomial descriptive; not simultaneous or deployment guarantee,supported,1125,31,1094,7,1067,27,24,0.2153846153846154,0.20588235294117646,0.22580645161290322,0.7741935483870968,0.19231214318303452,0.18162331656546865,0.7973403314265496,0.6005631892433803,
33,validation,polygon,0.0,af50eeb7bb8602f3ad2ac011111e7b871e9d489f834be249d38e45478effde14,-1.0,0.333949963523701,1.0,353,0,1,1,1.0,1.0,"P(prediction=benign | direct route, fraud)",pointwise binomial descriptive; not simultaneous or deployment guarantee,supported,353,1,352,0,345,7,1,0.0,0.0,0.0,1.0,-0.007581229412928723,0.008928571428571428,0.6846590909090908,0.4900568181818182,
33,test,pooled,0.0,af50eeb7bb8602f3ad2ac011111e7b871e9d489f834be249d38e45478effde14,-1.0,0.333949963523701,1.0,3648,0,161,74,0.45962732919254656,0.5274911971462606,"P(prediction=benign | direct route, fraud)",pointwise binomial descriptive; not simultaneous or deployment guarantee,supported,3648,161,3487,87,3440,47,74,0.5898305084745763,0.6492537313432836,0.5403726708074534,0.45962732919254656,0.5753192645278439,0.6261416074376452,0.9197765613895088,0.7634470179388573,
33,test,ethereum,0.0,af50eeb7bb8602f3ad2ac011111e7b871e9d489f834be249d38e45478effde14,-1.0,0.333949963523701,1.0,2170,0,136,54,0.39705882352941174,0.4709428369303612,"P(prediction=benign | direct route, fraud)",pointwise binomial descriptive; not simultaneous or deployment guarantee,supported,2170,136,2034,82,2009,25,54,0.6748971193415638,0.7663551401869159,0.6029411764705882,0.39705882352941174,0.6612013405150383,0.7302853131869521,0.9377711261495749,0.7953250621782636,
33,test,bsc,0.0,af50eeb7bb8602f3ad2ac011111e7b871e9d489f834be249d38e45478effde14,-1.0,0.333949963523701,1.0,1125,0,25,20,0.8,0.9177091001387535,"P(prediction=benign | direct route, fraud)",pointwise binomial descriptive; not simultaneous or deployment guarantee,supported,1125,25,1100,5,1084,16,20,0.21739130434782608,0.23809523809523808,0.2,0.8,0.20198059402174692,0.20728875233814786,0.828,0.5927272727272728,
33,test,polygon,0.0,af50eeb7bb8602f3ad2ac011111e7b871e9d489f834be249d38e45478effde14,-1.0,0.333949963523701,1.0,353,0,0,0,,,"P(prediction=benign | direct route, fraud)",pointwise binomial descriptive; not simultaneous or deployment guarantee,undefined / insufficient fraud support,353,0,353,0,347,6,0,0.0,0.0,0.0,0.0,0.0,,,,single-class support
33,validation,pooled,0.05,e0139ce8b3ad51e2cb0b6543ca0ebfb5dfcc103bce3c6cf4959de6024737acca,0.17181500023026638,0.49131105179416923,0.9495614035087719,3464,184,325,46,0.14153846153846153,0.17732436682251632,"P(prediction=benign | direct route, fraud)",pointwise binomial descriptive; not simultaneous or deployment guarantee,supported,3648,393,3255,329,3163,92,64,0.8083538083538083,0.7814726840855107,0.8371501272264631,0.1628498727735369,0.7849075670168881,0.8435273714388062,0.9353259616249028,0.9044429591585464,
33,validation,ethereum,0.05,e0139ce8b3ad51e2cb0b6543ca0ebfb5dfcc103bce3c6cf4959de6024737acca,0.17181500023026638,0.49131105179416923,0.9447004608294931,2050,120,307,30,0.09771986970684039,0.13020682851841686,"P(prediction=benign | direct route, fraud)",pointwise binomial descriptive; not simultaneous or deployment guarantee,supported,2170,361,1809,320,1753,56,41,0.8683853459972863,0.851063829787234,0.8864265927977839,0.11357340720221606,0.8417297175605382,0.8964073903377645,0.9475996441308385,0.927735131666996,
33,validation,bsc,0.05,e0139ce8b3ad51e2cb0b6543ca0ebfb5dfcc103bce3c6cf4959de6024737acca,0.17181500023026638,0.49131105179416923,0.9555555555555556,1075,50,17,15,0.8823529411764706,0.9786823730784788,"P(prediction=benign | direct route, fraud)",pointwise binomial descriptive; not simultaneous or deployment guarantee,supported,1125,31,1094,9,1066,28,22,0.2647058823529412,0.24324324324324326,0.2903225806451613,0.7096774193548387,0.24298238100520286,0.18157103021171195,0.7920327888187769,0.6323642153682845,
33,validation,polygon,0.05,e0139ce8b3ad51e2cb0b6543ca0ebfb5dfcc103bce3c6cf4959de6024737acca,0.17181500023026638,0.49131105179416923,0.9603399433427762,339,14,1,1,1.0,1.0,"P(prediction=benign | direct route, fraud)",pointwise binomial descriptive; not simultaneous or deployment guarantee,supported,353,1,352,0,344,8,1,0.0,0.0,0.0,1.0,-0.008116412559294567,0.009009009009009009,0.6875,0.48863636363636365,
33,test,pooled,0.05,e0139ce8b3ad51e2cb0b6543ca0ebfb5dfcc103bce3c6cf4959de6024737acca,0.17181500023026638,0.49131105179416923,0.9679276315789473,3531,117,99,39,0.3939393939393939,0.4813633632715659,"P(prediction=benign | direct route, fraud)",pointwise binomial descriptive; not simultaneous or deployment guarantee,supported,3648,161,3487,102,3439,48,59,0.6559485530546624,0.68,0.6335403726708074,0.36645962732919257,0.641087640752152,0.6407709676071431,0.9208773670438737,0.8098874791372391,
33,test,ethereum,0.05,e0139ce8b3ad51e2cb0b6543ca0ebfb5dfcc103bce3c6cf4959de6024737acca,0.17181500023026638,0.49131105179416923,0.964516129032258,2093,77,85,27,0.3176470588235294,0.41053757553874665,"P(prediction=benign | direct route, fraud)",pointwise binomial descriptive; not simultaneous or deployment guarantee,supported,2170,136,2034,94,2008,26,42,0.734375,0.7833333333333333,0.6911764705882353,0.3088235294117647,0.7193814418309036,0.7259426277540347,0.9376699057204003,0.839196888194806,
33,test,bsc,0.05,e0139ce8b3ad51e2cb0b6543ca0ebfb5dfcc103bce3c6cf4959de6024737acca,0.17181500023026638,0.49131105179416923,0.9697777777777777,1091,34,14,12,0.8571428571428571,0.9740006673991322,"P(prediction=benign | direct route, fraud)",pointwise binomial descriptive; not simultaneous or deployment guarantee,supported,1125,25,1100,8,1086,14,17,0.3404255319148936,0.36363636363636365,0.32,0.68,0.3271080751047782,0.2720922837271612,0.8328,0.6536363636363637,
33,test,polygon,0.05,e0139ce8b3ad51e2cb0b6543ca0ebfb5dfcc103bce3c6cf4959de6024737acca,0.17181500023026638,0.49131105179416923,0.9830028328611898,347,6,0,0,,,"P(prediction=benign | direct route, fraud)",pointwise binomial descriptive; not simultaneous or deployment guarantee,undefined / insufficient fraud support,353,0,353,0,345,8,0,0.0,0.0,0.0,0.0,0.0,,,,single-class support
33,validation,pooled,0.1,b74865473f3793944c06d0695a804e5eeebb2c56545b49dd3fde9548f96afeb3,0.2801501960330879,0.5479181985187238,0.899671052631579,3282,366,300,34,0.11333333333333333,0.14800929319239808,"P(prediction=benign | direct route, fraud)",pointwise binomial descriptive; not simultaneous or deployment guarantee,supported,3648,393,3255,322,3176,79,71,0.8110831234256927,0.8029925187032418,0.8193384223918575,0.1806615776081425,0.7880662942170061,0.8344000376999431,0.9322998870400988,0.897534034544623,
33,validation,ethereum,0.1,b74865473f3793944c06d0695a804e5eeebb2c56545b49dd3fde9548f96afeb3,0.2801501960330879,0.5479181985187238,0.8907834101382488,1933,237,289,24,0.08304498269896193,0.11480281298162778,"P(prediction=benign | direct route, fraud)",pointwise binomial descriptive; not simultaneous or deployment guarantee,supported,2170,361,1809,316,1760,49,45,0.8705234159779615,0.8657534246575342,0.8753462603878116,0.12465373961218837,0.8445328885856975,0.8913270190977745,0.9470682904345616,0.9241297360534968,
33,validation,bsc,0.1,b74865473f3793944c06d0695a804e5eeebb2c56545b49dd3fde9548f96afeb3,0.2801501960330879,0.5479181985187238,0.9084444444444445,1022,103,10,9,0.9,0.9948838031081763,"P(prediction=benign | direct route, fraud)",pointwise binomial descriptive; not simultaneous or deployment guarantee,supported,1125,31,1094,6,1071,23,25,0.2,0.20689655172413793,0.1935483870967742,0.8064516129032258,0.17821174149527183,0.16901930311534116,0.7623400365630713,0.5862623105502153,
33,validation,polygon,0.1,b74865473f3793944c06d0695a804e5eeebb2c56545b49dd3fde9548f96afeb3,0.2801501960330879,0.5479181985187238,0.9263456090651558,327,26,1,1,1.0,1.0,"P(prediction=benign | direct route, fraud)",pointwise binomial descriptive; not simultaneous or deployment guarantee,supported,353,1,352,0,345,7,1,0.0,0.0,0.0,1.0,-0.007581229412928723,0.009708737864077669,0.7102272727272727,0.4900568181818182,
33,test,pooled,0.1,b74865473f3793944c06d0695a804e5eeebb2c56545b49dd3fde9548f96afeb3,0.2801501960330879,0.5479181985187238,0.9333881578947368,3405,243,81,26,0.32098765432098764,0.41650257860608464,"P(prediction=benign | direct route, fraud)",pointwise binomial descriptive; not simultaneous or deployment guarantee,supported,3648,161,3487,91,3444,43,70,0.6169491525423729,0.6791044776119403,0.5652173913043478,0.43478260869565216,0.6036999337186887,0.6001972838884385,0.9099815285523692,0.7764429371204847,
33,test,ethereum,0.1,b74865473f3793944c06d0695a804e5eeebb2c56545b49dd3fde9548f96afeb3,0.2801501960330879,0.5479181985187238,0.9294930875576037,2017,153,73,19,0.2602739726027397,0.3581026261598948,"P(prediction=benign | direct route, fraud)",pointwise binomial descriptive; not simultaneous or deployment guarantee,supported,2170,136,2034,85,2011,23,51,0.6967213114754098,0.7870370370370371,0.625,0.375,0.6839736114152514,0.7015092773354719,0.9331475215454914,0.806846116027532,
33,test,bsc,0.1,b74865473f3793944c06d0695a804e5eeebb2c56545b49dd3fde9548f96afeb3,0.2801501960330879,0.5479181985187238,0.936,1053,72,8,7,0.875,0.993608849045455,"P(prediction=benign | direct route, fraud)",pointwise binomial descriptive; not simultaneous or deployment guarantee,supported,1125,25,1100,6,1086,14,19,0.26666666666666666,0.3,0.24,0.76,0.2535230982233864,0.20892774014573431,0.7893454545454546,0.6136363636363636,
33,test,polygon,0.1,b74865473f3793944c06d0695a804e5eeebb2c56545b49dd3fde9548f96afeb3,0.2801501960330879,0.5479181985187238,0.9490084985835694,335,18,0,0,,,"P(prediction=benign | direct route, fraud)",pointwise binomial descriptive; not simultaneous or deployment guarantee,undefined / insufficient fraud support,353,0,353,0,347,6,0,0.0,0.0,0.0,0.0,0.0,,,,single-class support
33,validation,pooled,0.15,f93e6a6628644b52fd220040ba49195f9ceecee711464c429c69610cb3a05079,0.29296022822878637,0.5479181985187238,0.8495065789473685,3099,549,294,31,0.1054421768707483,0.13964700398769783,"P(prediction=benign | direct route, fraud)",pointwise binomial descriptive; not simultaneous or deployment guarantee,supported,3648,393,3255,322,3176,79,71,0.8110831234256927,0.8029925187032418,0.8193384223918575,0.1806615776081425,0.7880662942170061,0.8366014296951757,0.933403688981133,0.897534034544623,
33,validation,ethereum,0.15,f93e6a6628644b52fd220040ba49195f9ceecee711464c429c69610cb3a05079,0.29296022822878637,0.5479181985187238,0.8447004608294931,1833,337,284,22,0.07746478873239436,0.10876851968980021,"P(prediction=benign | direct route, fraud)",pointwise binomial descriptive; not simultaneous or deployment guarantee,supported,2170,361,1809,316,1760,49,45,0.8705234159779615,0.8657534246575342,0.8753462603878116,0.12465373961218837,0.8445328885856975,0.8936674162615219,0.948486254477076,0.9241297360534968,
33,validation,bsc,0.15,f93e6a6628644b52fd220040ba49195f9ceecee711464c429c69610cb3a05079,0.29296022822878637,0.5479181985187238,0.8648888888888889,973,152,9,8,0.8888888888888888,0.9943169550119519,"P(prediction=benign | direct route, fraud)",pointwise binomial descriptive; not simultaneous or deployment guarantee,supported,1125,31,1094,6,1071,23,25,0.2,0.20689655172413793,0.1935483870967742,0.8064516129032258,0.17821174149527183,0.16453236422166928,0.7551748540425782,0.5862623105502153,
33,validation,polygon,0.15,f93e6a6628644b52fd220040ba49195f9ceecee711464c429c69610cb3a05079,0.29296022822878637,0.5479181985187238,0.830028328611898,293,60,1,1,1.0,1.0,"P(prediction=benign | direct route, fraud)",pointwise binomial descriptive; not simultaneous or deployment guarantee,supported,353,1,352,0,345,7,1,0.0,0.0,0.0,1.0,-0.007581229412928723,0.014285714285714285,0.8039772727272727,0.4900568181818182,
33,test,pooled,0.15,f93e6a6628644b52fd220040ba49195f9ceecee711464c429c69610cb3a05079,0.29296022822878637,0.5479181985187238,0.8925438596491229,3256,392,74,22,0.2972972972972973,0.39659906474114637,"P(prediction=benign | direct route, fraud)",pointwise binomial descriptive; not simultaneous or deployment guarantee,supported,3648,161,3487,91,3445,42,70,0.6190476190476191,0.6842105263157895,0.5652173913043478,0.43478260869565216,0.6061932958408367,0.6041455250071106,0.9060271781434859,0.7765863268537798,
33,test,ethereum,0.15,f93e6a6628644b52fd220040ba49195f9ceecee711464c429c69610cb3a05079,0.29296022822878637,0.5479181985187238,0.8935483870967742,1939,231,68,17,0.25,0.35107162010132026,"P(prediction=benign | direct route, fraud)",pointwise binomial descriptive; not simultaneous or deployment guarantee,supported,2170,136,2034,85,2011,23,51,0.6967213114754098,0.7870370370370371,0.625,0.375,0.6839736114152514,0.7039796670737732,0.9313653189889526,0.806846116027532,
33,test,bsc,0.15,f93e6a6628644b52fd220040ba49195f9ceecee711464c429c69610cb3a05079,0.29296022822878637,0.5479181985187238,0.896,1008,117,6,5,0.8333333333333334,0.9914875553891529,"P(prediction=benign | direct route, fraud)",pointwise binomial descriptive; not simultaneous or deployment guarantee,supported,1125,25,1100,6,1087,13,19,0.2727272727272727,0.3157894736842105,0.24,0.76,0.26103156025520663,0.20978328254844186,0.7722181818181818,0.614090909090909,
33,test,polygon,0.15,f93e6a6628644b52fd220040ba49195f9ceecee711464c429c69610cb3a05079,0.29296022822878637,0.5479181985187238,0.8753541076487252,309,44,0,0,,,"P(prediction=benign | direct route, fraud)",pointwise binomial descriptive; not simultaneous or deployment guarantee,undefined / insufficient fraud support,353,0,353,0,347,6,0,0.0,0.0,0.0,0.0,0.0,,,,single-class support
33,validation,pooled,0.2,0d93a13939621452992dad6445340947c1f392885a0d537647081552e9a750dd,0.29885393634390817,0.5479181985187238,0.7996162280701754,2917,731,292,30,0.10273972602739725,0.1367677054101613,"P(prediction=benign | direct route, fraud)",pointwise binomial descriptive; not simultaneous or deployment guarantee,supported,3648,393,3255,322,3177,78,71,0.8121059268600253,0.805,0.8193384223918575,0.1806615776081425,0.7892341332463303,0.8380161775526351,0.9351227119757038,0.8976876443756523,
33,validation,ethereum,0.2,0d93a13939621452992dad6445340947c1f392885a0d537647081552e9a750dd,0.29885393634390817,0.5479181985187238,0.7981566820276498,1732,438,282,21,0.07446808510638298,0.1054668503597922,"P(prediction=benign | direct route, fraud)",pointwise binomial descriptive; not simultaneous or deployment guarantee,supported,2170,361,1809,316,1760,49,45,0.8705234159779615,0.8657534246575342,0.8753462603878116,0.12465373961218837,0.8445328885856975,0.8937601361600965,0.9489931077147351,0.9241297360534968,
33,validation,bsc,0.2,0d93a13939621452992dad6445340947c1f392885a0d537647081552e9a750dd,0.29885393634390817,0.5479181985187238,0.8302222222222222,934,191,9,8,0.8888888888888888,0.9943169550119519,"P(prediction=benign | direct route, fraud)",pointwise binomial descriptive; not simultaneous or deployment guarantee,supported,1125,31,1094,6,1071,23,25,0.2,0.20689655172413793,0.1935483870967742,0.8064516129032258,0.17821174149527183,0.16650764550973532,0.7632246269977,0.5862623105502153,
33,validation,polygon,0.2,0d93a13939621452992dad6445340947c1f392885a0d537647081552e9a750dd,0.29885393634390817,0.5479181985187238,0.7110481586402266,251,102,1,1,1.0,1.0,"P(prediction=benign | direct route, fraud)",pointwise binomial descriptive; not simultaneous or deployment guarantee,supported,353,1,352,0,346,6,1,0.0,0.0,0.0,1.0,-0.007008733651184125,0.034482758620689655,0.9204545454545454,0.4914772727272727,
33,test,pooled,0.2,0d93a13939621452992dad6445340947c1f392885a0d537647081552e9a750dd,0.29885393634390817,0.5479181985187238,0.8286732456140351,3023,625,71,19,0.2676056338028169,0.3674788073640403,"P(prediction=benign | direct route, fraud)",pointwise binomial descriptive; not simultaneous or deployment guarantee,supported,3648,161,3487,91,3445,42,70,0.6190476190476191,0.6842105263157895,0.5652173913043478,0.43478260869565216,0.6061932958408367,0.6069408731331625,0.9102611830632678,0.7765863268537798,
33,test,ethereum,0.2,0d93a13939621452992dad6445340947c1f392885a0d537647081552e9a750dd,0.29885393634390817,0.5479181985187238,0.8313364055299539,1804,366,65,14,0.2153846153846154,0.3160429453113469,"P(prediction=benign | direct route, fraud)",pointwise binomial descriptive; not simultaneous or deployment guarantee,supported,2170,136,2034,85,2011,23,51,0.6967213114754098,0.7870370370370371,0.625,0.375,0.6839736114152514,0.7052601262450175,0.9333933425877725,0.806846116027532,
33,test,bsc,0.2,0d93a13939621452992dad6445340947c1f392885a0d537647081552e9a750dd,0.29885393634390817,0.5479181985187238,0.8462222222222222,952,173,6,5,0.8333333333333334,0.9914875553891529,"P(prediction=benign | direct route, fraud)",pointwise binomial descriptive; not simultaneous or deployment guarantee,supported,1125,25,1100,6,1087,13,19,0.2727272727272727,0.3157894736842105,0.24,0.76,0.26103156025520663,0.21598386969694597,0.7830909090909091,0.614090909090909,
33,test,polygon,0.2,0d93a13939621452992dad6445340947c1f392885a0d537647081552e9a750dd,0.29885393634390817,0.5479181985187238,0.7563739376770539,267,86,0,0,,,"P(prediction=benign | direct route, fraud)",pointwise binomial descriptive; not simultaneous or deployment guarantee,undefined / insufficient fraud support,353,0,353,0,347,6,0,0.0,0.0,0.0,0.0,0.0,,,,single-class support
33,validation,pooled,0.25,e6e942bde905fbd9291b4f48e04c0f126b32d6105364ceae29c0fb44975fec46,0.3029137484919085,0.5479181985187238,0.7497258771929824,2735,913,274,29,0.10583941605839416,0.14149861123056842,"P(prediction=benign | direct route, fraud)",pointwise binomial descriptive; not simultaneous or deployment guarantee,supported,3648,393,3255,322,3177,78,71,0.8121059268600253,0.805,0.8193384223918575,0.1806615776081425,0.7892341332463303,0.8459110877976762,0.9363922405537771,0.8976876443756523,
33,validation,ethereum,0.25,e6e942bde905fbd9291b4f48e04c0f126b32d6105364ceae29c0fb44975fec46,0.3029137484919085,0.5479181985187238,0.7465437788018433,1620,550,265,21,0.07924528301886792,0.11211098559425305,"P(prediction=benign | direct route, fraud)",pointwise binomial descriptive; not simultaneous or deployment guarantee,supported,2170,361,1809,316,1760,49,45,0.8705234159779615,0.8657534246575342,0.8753462603878116,0.12465373961218837,0.8445328885856975,0.9001434235024888,0.9507862350298368,0.9241297360534968,
33,validation,bsc,0.25,e6e942bde905fbd9291b4f48e04c0f126b32d6105364ceae29c0fb44975fec46,0.3029137484919085,0.5479181985187238,0.7928888888888889,892,233,9,8,0.8888888888888888,0.9943169550119519,"P(prediction=benign | direct route, fraud)",pointwise binomial descriptive; not simultaneous or deployment guarantee,supported,1125,31,1094,6,1071,23,25,0.2,0.20689655172413793,0.1935483870967742,0.8064516129032258,0.17821174149527183,0.1696808806433751,0.7717166951701362,0.5862623105502153,
33,validation,polygon,0.25,e6e942bde905fbd9291b4f48e04c0f126b32d6105364ceae29c0fb44975fec46,0.3029137484919085,0.5479181985187238,0.6317280453257791,223,130,0,0,,,"P(prediction=benign | direct route, fraud)",pointwise binomial descriptive; not simultaneous or deployment guarantee,undefined / insufficient fraud support,353,1,352,0,346,6,1,0.0,0.0,0.0,1.0,-0.007008733651184125,0.004878048780487805,0.4204545454545454,0.4914772727272727,
33,test,pooled,0.25,e6e942bde905fbd9291b4f48e04c0f126b32d6105364ceae29c0fb44975fec46,0.3029137484919085,0.5479181985187238,0.7689144736842105,2805,843,67,17,0.2537313432835821,0.355939740394408,"P(prediction=benign | direct route, fraud)",pointwise binomial descriptive; not simultaneous or deployment guarantee,supported,3648,161,3487,91,3445,42,70,0.6190476190476191,0.6842105263157895,0.5652173913043478,0.43478260869565216,0.6061932958408367,0.6153910038024826,0.914530812761508,0.7765863268537798,
33,test,ethereum,0.25,e6e942bde905fbd9291b4f48e04c0f126b32d6105364ceae29c0fb44975fec46,0.3029137484919085,0.5479181985187238,0.7741935483870968,1680,490,62,12,0.1935483870967742,0.29464685271454516,"P(prediction=benign | direct route, fraud)",pointwise binomial descriptive; not simultaneous or deployment guarantee,supported,2170,136,2034,85,2011,23,51,0.6967213114754098,0.7870370370370371,0.625,0.375,0.6839736114152514,0.7130155251967923,0.9358045578113251,0.806846116027532,
33,test,bsc,0.25,e6e942bde905fbd9291b4f48e04c0f126b32d6105364ceae29c0fb44975fec46,0.3029137484919085,0.5479181985187238,0.7928888888888889,892,233,5,5,1.0,1.0,"P(prediction=benign | direct route, fraud)",pointwise binomial descriptive; not simultaneous or deployment guarantee,supported,1125,25,1100,6,1087,13,19,0.2727272727272727,0.3157894736842105,0.24,0.76,0.26103156025520663,0.22240843935700097,0.7942909090909092,0.614090909090909,
33,test,polygon,0.25,e6e942bde905fbd9291b4f48e04c0f126b32d6105364ceae29c0fb44975fec46,0.3029137484919085,0.5479181985187238,0.660056657223796,233,120,0,0,,,"P(prediction=benign | direct route, fraud)",pointwise binomial descriptive; not simultaneous or deployment guarantee,undefined / insufficient fraud support,353,0,353,0,347,6,0,0.0,0.0,0.0,0.0,0.0,,,,single-class support
33,validation,pooled,0.3,856fbd463f7d5b62cb4fbd9e809debc38762073f80d88462f20cabcfbd52871b,0.3062090734394992,0.5479181985187238,0.6995614035087719,2552,1096,260,28,0.1076923076923077,0.14466208119770277,"P(prediction=benign | direct route, fraud)",pointwise binomial descriptive; not simultaneous or deployment guarantee,supported,3648,393,3255,322,3177,78,71,0.8121059268600253,0.805,0.8193384223918575,0.1806615776081425,0.7892341332463303,0.8513630228867244,0.9380198012062085,0.8976876443756523,
33,validation,ethereum,0.3,856fbd463f7d5b62cb4fbd9e809debc38762073f80d88462f20cabcfbd52871b,0.3062090734394992,0.5479181985187238,0.6963133640552995,1511,659,251,20,0.0796812749003984,0.11368046777085737,"P(prediction=benign | direct route, fraud)",pointwise binomial descriptive; not simultaneous or deployment guarantee,supported,2170,361,1809,316,1760,49,45,0.8705234159779615,0.8657534246575342,0.8753462603878116,0.12465373961218837,0.8445328885856975,0.9044416197500038,0.9517815661611916,0.9241297360534968,
33,validation,bsc,0.3,856fbd463f7d5b62cb4fbd9e809debc38762073f80d88462f20cabcfbd52871b,0.3062090734394992,0.5479181985187238,0.7475555555555555,841,284,9,8,0.8888888888888888,0.9943169550119519,"P(prediction=benign | direct route, fraud)",pointwise binomial descriptive; not simultaneous or deployment guarantee,supported,1125,31,1094,6,1071,23,25,0.2,0.20689655172413793,0.1935483870967742,0.8064516129032258,0.17821174149527183,0.17173635935583748,0.7812997582119479,0.5862623105502153,
33,validation,polygon,0.3,856fbd463f7d5b62cb4fbd9e809debc38762073f80d88462f20cabcfbd52871b,0.3062090734394992,0.5479181985187238,0.56657223796034,200,153,0,0,,,"P(prediction=benign | direct route, fraud)",pointwise binomial descriptive; not simultaneous or deployment guarantee,undefined / insufficient fraud support,353,1,352,0,346,6,1,0.0,0.0,0.0,1.0,-0.007008733651184125,0.0051813471502590676,0.4545454545454546,0.4914772727272727,
33,test,pooled,0.3,856fbd463f7d5b62cb4fbd9e809debc38762073f80d88462f20cabcfbd52871b,0.3062090734394992,0.5479181985187238,0.7044956140350878,2570,1078,62,14,0.22580645161290322,0.3302694245156404,"P(prediction=benign | direct route, fraud)",pointwise binomial descriptive; not simultaneous or deployment guarantee,supported,3648,161,3487,91,3445,42,70,0.6190476190476191,0.6842105263157895,0.5652173913043478,0.43478260869565216,0.6061932958408367,0.6209679721913117,0.9128368545458108,0.7765863268537798,
33,test,ethereum,0.3,856fbd463f7d5b62cb4fbd9e809debc38762073f80d88462f20cabcfbd52871b,0.3062090734394992,0.5479181985187238,0.708294930875576,1537,633,57,9,0.15789473684210525,0.2593598895364318,"P(prediction=benign | direct route, fraud)",pointwise binomial descriptive; not simultaneous or deployment guarantee,supported,2170,136,2034,85,2011,23,51,0.6967213114754098,0.7870370370370371,0.625,0.375,0.6839736114152514,0.7160202887487922,0.9312279484065012,0.806846116027532,
33,test,bsc,0.3,856fbd463f7d5b62cb4fbd9e809debc38762073f80d88462f20cabcfbd52871b,0.3062090734394992,0.5479181985187238,0.7315555555555555,823,302,5,5,1.0,1.0,"P(prediction=benign | direct route, fraud)",pointwise binomial descriptive; not simultaneous or deployment guarantee,supported,1125,25,1100,6,1087,13,19,0.2727272727272727,0.3157894736842105,0.24,0.76,0.26103156025520663,0.2268439113268925,0.806981818181818,0.614090909090909,
33,test,polygon,0.3,856fbd463f7d5b62cb4fbd9e809debc38762073f80d88462f20cabcfbd52871b,0.3062090734394992,0.5479181985187238,0.5949008498583569,210,143,0,0,,,"P(prediction=benign | direct route, fraud)",pointwise binomial descriptive; not simultaneous or deployment guarantee,undefined / insufficient fraud support,353,0,353,0,347,6,0,0.0,0.0,0.0,0.0,0.0,,,,single-class support
33,validation,pooled,0.35,bee70eebc328485fb3c4344196f7d4b183c7d302dcc3728dcb7108e5f199f76e,0.3097316885373835,0.5479181985187238,0.649671052631579,2370,1278,252,28,0.1111111111111111,0.14915530068222066,"P(prediction=benign | direct route, fraud)",pointwise binomial descriptive; not simultaneous or deployment guarantee,supported,3648,393,3255,322,3177,78,71,0.8121059268600253,0.805,0.8193384223918575,0.1806615776081425,0.7892341332463303,0.8562288949203992,0.9401570494404771,0.8976876443756523,
33,validation,ethereum,0.35,bee70eebc328485fb3c4344196f7d4b183c7d302dcc3728dcb7108e5f199f76e,0.3097316885373835,0.5479181985187238,0.6437788018433179,1397,773,243,20,0.0823045267489712,0.11735093200695117,"P(prediction=benign | direct route, fraud)",pointwise binomial descriptive; not simultaneous or deployment guarantee,supported,2170,361,1809,316,1760,49,45,0.8705234159779615,0.8657534246575342,0.8753462603878116,0.12465373961218837,0.8445328885856975,0.908043685587304,0.9532301557769784,0.9241297360534968,
33,validation,bsc,0.35,bee70eebc328485fb3c4344196f7d4b183c7d302dcc3728dcb7108e5f199f76e,0.3097316885373835,0.5479181985187238,0.704,792,333,9,8,0.8888888888888888,0.9943169550119519,"P(prediction=benign | direct route, fraud)",pointwise binomial descriptive; not simultaneous or deployment guarantee,supported,1125,31,1094,6,1071,23,25,0.2,0.20689655172413793,0.1935483870967742,0.8064516129032258,0.17821174149527183,0.17383367031060068,0.7906764168190128,0.5862623105502153,
33,validation,polygon,0.35,bee70eebc328485fb3c4344196f7d4b183c7d302dcc3728dcb7108e5f199f76e,0.3097316885373835,0.5479181985187238,0.5127478753541076,181,172,0,0,,,"P(prediction=benign | direct route, fraud)",pointwise binomial descriptive; not simultaneous or deployment guarantee,undefined / insufficient fraud support,353,1,352,0,346,6,1,0.0,0.0,0.0,1.0,-0.007008733651184125,0.005494505494505495,0.4857954545454546,0.4914772727272727,
33,test,pooled,0.35,bee70eebc328485fb3c4344196f7d4b183c7d302dcc3728dcb7108e5f199f76e,0.3097316885373835,0.5479181985187238,0.6329495614035088,2309,1339,58,12,0.20689655172413793,0.313556912303952,"P(prediction=benign | direct route, fraud)",pointwise binomial descriptive; not simultaneous or deployment guarantee,supported,3648,161,3487,91,3445,42,70,0.6190476190476191,0.6842105263157895,0.5652173913043478,0.43478260869565216,0.6061932958408367,0.6270744544925896,0.9141531901098491,0.7765863268537798,
33,test,ethereum,0.35,bee70eebc328485fb3c4344196f7d4b183c7d302dcc3728dcb7108e5f199f76e,0.3097316885373835,0.5479181985187238,0.6299539170506913,1367,803,53,7,0.1320754716981132,0.2338074340236229,"P(prediction=benign | direct route, fraud)",pointwise binomial descriptive; not simultaneous or deployment guarantee,supported,2170,136,2034,85,2011,23,51,0.6967213114754098,0.7870370370370371,0.625,0.375,0.6839736114152514,0.7198276274133104,0.9306748510613685,0.806846116027532,
33,test,bsc,0.35,bee70eebc328485fb3c4344196f7d4b183c7d302dcc3728dcb7108e5f199f76e,0.3097316885373835,0.5479181985187238,0.6755555555555556,760,365,5,5,1.0,1.0,"P(prediction=benign | direct route, fraud)",pointwise binomial descriptive; not simultaneous or deployment guarantee,supported,1125,25,1100,6,1087,13,19,0.2727272727272727,0.3157894736842105,0.24,0.76,0.26103156025520663,0.2317802233651269,0.8175272727272727,0.614090909090909,
33,test,polygon,0.35,bee70eebc328485fb3c4344196f7d4b183c7d302dcc3728dcb7108e5f199f76e,0.3097316885373835,0.5479181985187238,0.5155807365439093,182,171,0,0,,,"P(prediction=benign | direct route, fraud)",pointwise binomial descriptive; not simultaneous or deployment guarantee,undefined / insufficient fraud support,353,0,353,0,347,6,0,0.0,0.0,0.0,0.0,0.0,,,,single-class support
33,validation,pooled,0.4,2ceb9235cdd8b4d4b7da3ae9bded186b357b20b6d86faf4f141bacf140d26b10,0.3123167659040728,0.5479181985187238,0.5997807017543859,2188,1460,242,27,0.1115702479338843,0.15056470200921032,"P(prediction=benign | direct route, fraud)",pointwise binomial descriptive; not simultaneous or deployment guarantee,supported,3648,393,3255,322,3177,78,71,0.8121059268600253,0.805,0.8193384223918575,0.1806615776081425,0.7892341332463303,0.8606810779454797,0.9408660780244134,0.8976876443756523,
33,validation,ethereum,0.4,2ceb9235cdd8b4d4b7da3ae9bded186b357b20b6d86faf4f141bacf140d26b10,0.3123167659040728,0.5479181985187238,0.5986175115207373,1299,871,233,19,0.0815450643776824,0.11735843189740813,"P(prediction=benign | direct route, fraud)",pointwise binomial descriptive; not simultaneous or deployment guarantee,supported,2170,361,1809,316,1760,49,45,0.8705234159779615,0.8657534246575342,0.8753462603878116,0.12465373961218837,0.8445328885856975,0.9104874973768894,0.952960650732181,0.9241297360534968,
33,validation,bsc,0.4,2ceb9235cdd8b4d4b7da3ae9bded186b357b20b6d86faf4f141bacf140d26b10,0.3123167659040728,0.5479181985187238,0.648,729,396,9,8,0.8888888888888888,0.9943169550119519,"P(prediction=benign | direct route, fraud)",pointwise binomial descriptive; not simultaneous or deployment guarantee,supported,1125,31,1094,6,1071,23,25,0.2,0.20689655172413793,0.1935483870967742,0.8064516129032258,0.17821174149527183,0.17851055620518508,0.8031786282950995,0.5862623105502153,
33,validation,polygon,0.4,2ceb9235cdd8b4d4b7da3ae9bded186b357b20b6d86faf4f141bacf140d26b10,0.3123167659040728,0.5479181985187238,0.45325779036827196,160,193,0,0,,,"P(prediction=benign | direct route, fraud)",pointwise binomial descriptive; not simultaneous or deployment guarantee,undefined / insufficient fraud support,353,1,352,0,346,6,1,0.0,0.0,0.0,1.0,-0.007008733651184125,0.006024096385542169,0.53125,0.4914772727272727,
33,test,pooled,0.4,2ceb9235cdd8b4d4b7da3ae9bded186b357b20b6d86faf4f141bacf140d26b10,0.3123167659040728,0.5479181985187238,0.5742872807017544,2095,1553,56,12,0.21428571428571427,0.32394562470302046,"P(prediction=benign | direct route, fraud)",pointwise binomial descriptive; not simultaneous or deployment guarantee,supported,3648,161,3487,91,3445,42,70,0.6190476190476191,0.6842105263157895,0.5652173913043478,0.43478260869565216,0.6061932958408367,0.6329130808507318,0.9184726944979311,0.7765863268537798,
33,test,ethereum,0.4,2ceb9235cdd8b4d4b7da3ae9bded186b357b20b6d86faf4f141bacf140d26b10,0.3123167659040728,0.5479181985187238,0.5695852534562212,1236,934,51,7,0.13725490196078433,0.24239914471981838,"P(prediction=benign | direct route, fraud)",pointwise binomial descriptive; not simultaneous or deployment guarantee,supported,2170,136,2034,85,2011,23,51,0.6967213114754098,0.7870370370370371,0.625,0.375,0.6839736114152514,0.7239650653792615,0.9337548441205391,0.806846116027532,
33,test,bsc,0.4,2ceb9235cdd8b4d4b7da3ae9bded186b357b20b6d86faf4f141bacf140d26b10,0.3123167659040728,0.5479181985187238,0.6133333333333333,690,435,5,5,1.0,1.0,"P(prediction=benign | direct route, fraud)",pointwise binomial descriptive; not simultaneous or deployment guarantee,supported,1125,25,1100,6,1087,13,19,0.2727272727272727,0.3157894736842105,0.24,0.76,0.26103156025520663,0.23630003214170792,0.8289454545454544,0.614090909090909,
33,test,polygon,0.4,2ceb9235cdd8b4d4b7da3ae9bded186b357b20b6d86faf4f141bacf140d26b10,0.3123167659040728,0.5479181985187238,0.47875354107648727,169,184,0,0,,,"P(prediction=benign | direct route, fraud)",pointwise binomial descriptive; not simultaneous or deployment guarantee,undefined / insufficient fraud support,353,0,353,0,347,6,0,0.0,0.0,0.0,0.0,0.0,,,,single-class support
33,validation,pooled,0.45,d4b95670a4bea11d9d4b94eceae598082127183bf4164e0e59192ba1f2741d51,0.3149109570150932,0.5479181985187238,0.5496162280701754,2005,1643,222,25,0.11261261261261261,0.1537237176099119,"P(prediction=benign | direct route, fraud)",pointwise binomial descriptive; not simultaneous or deployment guarantee,supported,3648,393,3255,322,3177,78,71,0.8121059268600253,0.805,0.8193384223918575,0.1806615776081425,0.7892341332463303,0.8683680303067431,0.9417752293398686,0.8976876443756523,
33,validation,ethereum,0.45,d4b95670a4bea11d9d4b94eceae598082127183bf4164e0e59192ba1f2741d51,0.3149109570150932,0.5479181985187238,0.5511520737327189,1196,974,213,17,0.07981220657276995,0.11731308658404685,"P(prediction=benign | direct route, fraud)",pointwise binomial descriptive; not simultaneous or deployment guarantee,supported,2170,361,1809,316,1760,49,45,0.8705234159779615,0.8657534246575342,0.8753462603878116,0.12465373961218837,0.8445328885856975,0.9152201357377258,0.9530724340746254,0.9241297360534968,
33,validation,bsc,0.45,d4b95670a4bea11d9d4b94eceae598082127183bf4164e0e59192ba1f2741d51,0.3149109570150932,0.5479181985187238,0.5973333333333334,672,453,9,8,0.8888888888888888,0.9943169550119519,"P(prediction=benign | direct route, fraud)",pointwise binomial descriptive; not simultaneous or deployment guarantee,supported,1125,31,1094,6,1071,23,25,0.2,0.20689655172413793,0.1935483870967742,0.8064516129032258,0.17821174149527183,0.1838672971021981,0.813528336380256,0.5862623105502153,
33,validation,polygon,0.45,d4b95670a4bea11d9d4b94eceae598082127183bf4164e0e59192ba1f2741d51,0.3149109570150932,0.5479181985187238,0.3881019830028329,137,216,0,0,,,"P(prediction=benign | direct route, fraud)",pointwise binomial descriptive; not simultaneous or deployment guarantee,undefined / insufficient fraud support,353,1,352,0,346,6,1,0.0,0.0,0.0,1.0,-0.007008733651184125,0.006578947368421052,0.5710227272727273,0.4914772727272727,
33,test,pooled,0.45,d4b95670a4bea11d9d4b94eceae598082127183bf4164e0e59192ba1f2741d51,0.3149109570150932,0.5479181985187238,0.509046052631579,1857,1791,50,10,0.2,0.31559606142001384,"P(prediction=benign | direct route, fraud)",pointwise binomial descriptive; not simultaneous or deployment guarantee,supported,3648,161,3487,91,3445,42,70,0.6190476190476191,0.6842105263157895,0.5652173913043478,0.43478260869565216,0.6061932958408367,0.6394721391984464,0.9165952686731729,0.7765863268537798,
33,test,ethereum,0.45,d4b95670a4bea11d9d4b94eceae598082127183bf4164e0e59192ba1f2741d51,0.3149109570150932,0.5479181985187238,0.5023041474654378,1090,1080,46,6,0.13043478260869565,0.2412983099097635,"P(prediction=benign | direct route, fraud)",pointwise binomial descriptive; not simultaneous or deployment guarantee,supported,2170,136,2034,85,2011,23,51,0.6967213114754098,0.7870370370370371,0.625,0.375,0.6839736114152514,0.729251588050198,0.9339211348256118,0.806846116027532,
33,test,bsc,0.45,d4b95670a4bea11d9d4b94eceae598082127183bf4164e0e59192ba1f2741d51,0.3149109570150932,0.5479181985187238,0.5422222222222223,610,515,4,4,1.0,1.0,"P(prediction=benign | direct route, fraud)",pointwise binomial descriptive; not simultaneous or deployment guarantee,supported,1125,25,1100,6,1087,13,19,0.2727272727272727,0.3157894736842105,0.24,0.76,0.26103156025520663,0.2360340133904195,0.8175272727272727,0.614090909090909,
33,test,polygon,0.45,d4b95670a4bea11d9d4b94eceae598082127183bf4164e0e59192ba1f2741d51,0.3149109570150932,0.5479181985187238,0.4447592067988669,157,196,0,0,,,"P(prediction=benign | direct route, fraud)",pointwise binomial descriptive; not simultaneous or deployment guarantee,undefined / insufficient fraud support,353,0,353,0,347,6,0,0.0,0.0,0.0,0.0,0.0,,,,single-class support
33,validation,pooled,0.5,8f684ccf487143a51d653c45f737ce32717a505a213f0240027d6d7b320df4b7,0.3171950414260169,0.5479181985187238,0.49972587719298245,1823,1825,204,22,0.10784313725490197,0.1504033152382897,"P(prediction=benign | direct route, fraud)",pointwise binomial descriptive; not simultaneous or deployment guarantee,supported,3648,393,3255,322,3177,78,71,0.8121059268600253,0.805,0.8193384223918575,0.1806615776081425,0.7892341332463303,0.8736546613725896,0.9426054259839042,0.8976876443756523,
33,validation,ethereum,0.5,8f684ccf487143a51d653c45f737ce32717a505a213f0240027d6d7b320df4b7,0.3171950414260169,0.5479181985187238,0.5013824884792627,1088,1082,196,15,0.07653061224489796,0.11539823321032637,"P(prediction=benign | direct route, fraud)",pointwise binomial descriptive; not simultaneous or deployment guarantee,supported,2170,361,1809,316,1760,49,45,0.8705234159779615,0.8657534246575342,0.8753462603878116,0.12465373961218837,0.8445328885856975,0.9187365020159777,0.9536956644907199,0.9241297360534968,
33,validation,bsc,0.5,8f684ccf487143a51d653c45f737ce32717a505a213f0240027d6d7b320df4b7,0.3171950414260169,0.5479181985187238,0.5386666666666666,606,519,8,7,0.875,0.993608849045455,"P(prediction=benign | direct route, fraud)",pointwise binomial descriptive; not simultaneous or deployment guarantee,supported,1125,31,1094,6,1071,23,25,0.2,0.20689655172413793,0.1935483870967742,0.8064516129032258,0.17821174149527183,0.18663448044029118,0.8180102612490416,0.5862623105502153,
33,validation,polygon,0.5,8f684ccf487143a51d653c45f737ce32717a505a213f0240027d6d7b320df4b7,0.3171950414260169,0.5479181985187238,0.3654390934844193,129,224,0,0,,,"P(prediction=benign | direct route, fraud)",pointwise binomial descriptive; not simultaneous or deployment guarantee,undefined / insufficient fraud support,353,1,352,0,346,6,1,0.0,0.0,0.0,1.0,-0.007008733651184125,0.006802721088435374,0.5852272727272727,0.4914772727272727,
33,test,pooled,0.5,8f684ccf487143a51d653c45f737ce32717a505a213f0240027d6d7b320df4b7,0.3171950414260169,0.5479181985187238,0.45422149122807015,1657,1991,47,10,0.2127659574468085,0.3341274580528697,"P(prediction=benign | direct route, fraud)",pointwise binomial descriptive; not simultaneous or deployment guarantee,supported,3648,161,3487,91,3445,42,70,0.6190476190476191,0.6842105263157895,0.5652173913043478,0.43478260869565216,0.6061932958408367,0.6458421358165174,0.9201524028022452,0.7765863268537798,
33,test,ethereum,0.5,8f684ccf487143a51d653c45f737ce32717a505a213f0240027d6d7b320df4b7,0.3171950414260169,0.5479181985187238,0.45161290322580644,980,1190,43,6,0.13953488372093023,0.25694288669509635,"P(prediction=benign | direct route, fraud)",pointwise binomial descriptive; not simultaneous or deployment guarantee,supported,2170,136,2034,85,2011,23,51,0.6967213114754098,0.7870370370370371,0.625,0.375,0.6839736114152514,0.734086658437006,0.9364010353403899,0.806846116027532,
33,test,bsc,0.5,8f684ccf487143a51d653c45f737ce32717a505a213f0240027d6d7b320df4b7,0.3171950414260169,0.5479181985187238,0.4791111111111111,539,586,4,4,1.0,1.0,"P(prediction=benign | direct route, fraud)",pointwise binomial descriptive; not simultaneous or deployment guarantee,supported,1125,25,1100,6,1087,13,19,0.2727272727272727,0.3157894736842105,0.24,0.76,0.26103156025520663,0.23814906734976055,0.8255636363636363,0.614090909090909,
33,test,polygon,0.5,8f684ccf487143a51d653c45f737ce32717a505a213f0240027d6d7b320df4b7,0.3171950414260169,0.5479181985187238,0.3909348441926346,138,215,0,0,,,"P(prediction=benign | direct route, fraud)",pointwise binomial descriptive; not simultaneous or deployment guarantee,undefined / insufficient fraud support,353,0,353,0,347,6,0,0.0,0.0,0.0,0.0,0.0,,,,single-class support
33,validation,pooled,0.55,3aa9ddfe605da37528654e90835feceb977ed88ea53bdb256462eb967cb5d096,0.3197586925565737,0.6693295250658592,0.4498355263157895,1641,2007,199,21,0.10552763819095477,0.14839933028253438,"P(prediction=benign | direct route, fraud)",pointwise binomial descriptive; not simultaneous or deployment guarantee,supported,3648,393,3255,302,3207,48,91,0.8129205921938089,0.8628571428571429,0.7684478371501272,0.23155216284987276,0.7934356032365835,0.874900014600821,0.9426671826080838,0.8768506466856627,
33,validation,ethereum,0.55,3aa9ddfe605da37528654e90835feceb977ed88ea53bdb256462eb967cb5d096,0.3197586925565737,0.6693295250658592,0.4612903225806452,1001,1169,192,15,0.078125,0.11775013936018844,"P(prediction=benign | direct route, fraud)",pointwise binomial descriptive; not simultaneous or deployment guarantee,supported,2170,361,1809,298,1777,32,63,0.8625180897250362,0.9030303030303031,0.8254847645429363,0.1745152354570637,0.8377383492588464,0.9198347969631101,0.9540601088126618,0.9038977167103847,
33,validation,bsc,0.55,3aa9ddfe605da37528654e90835feceb977ed88ea53bdb256462eb967cb5d096,0.3197586925565737,0.6693295250658592,0.4666666666666667,525,600,7,6,0.8571428571428571,0.9926991680209853,"P(prediction=benign | direct route, fraud)",pointwise binomial descriptive; not simultaneous or deployment guarantee,supported,1125,31,1094,4,1082,12,27,0.1702127659574468,0.25,0.12903225806451613,0.8709677419354839,0.16322203811598043,0.18582271560495572,0.815592380727723,0.5590316683375597,
33,validation,polygon,0.55,3aa9ddfe605da37528654e90835feceb977ed88ea53bdb256462eb967cb5d096,0.3197586925565737,0.6693295250658592,0.32577903682719545,115,238,0,0,,,"P(prediction=benign | direct route, fraud)",pointwise binomial descriptive; not simultaneous or deployment guarantee,undefined / insufficient fraud support,353,1,352,0,348,4,1,0.0,0.0,0.0,1.0,-0.00570618634873788,0.007352941176470588,0.6164772727272727,0.4943181818181818,
33,test,pooled,0.55,3aa9ddfe605da37528654e90835feceb977ed88ea53bdb256462eb967cb5d096,0.3197586925565737,0.6693295250658592,0.3854166666666667,1406,2242,38,11,0.2894736842105263,0.4333388431838118,"P(prediction=benign | direct route, fraud)",pointwise binomial descriptive; not simultaneous or deployment guarantee,supported,3648,161,3487,69,3462,25,92,0.5411764705882353,0.7340425531914894,0.42857142857142855,0.5714285714285714,0.546276861692454,0.6607153834006053,0.924521781880169,0.7107009709533368,
33,test,ethereum,0.55,3aa9ddfe605da37528654e90835feceb977ed88ea53bdb256462eb967cb5d096,0.3197586925565737,0.6693295250658592,0.3847926267281106,835,1335,34,7,0.20588235294117646,0.35216121698618397,"P(prediction=benign | direct route, fraud)",pointwise binomial descriptive; not simultaneous or deployment guarantee,supported,2170,136,2034,66,2019,15,70,0.6082949308755761,0.8148148148148148,0.4852941176470588,0.5147058823529411,0.6110657432579809,0.744805216718482,0.9398316848863439,0.7389597431893111,
33,test,bsc,0.55,3aa9ddfe605da37528654e90835feceb977ed88ea53bdb256462eb967cb5d096,0.3197586925565737,0.6693295250658592,0.3982222222222222,448,677,4,4,1.0,1.0,"P(prediction=benign | direct route, fraud)",pointwise binomial descriptive; not simultaneous or deployment guarantee,supported,1125,25,1100,3,1092,8,22,0.16666666666666666,0.2727272727272727,0.12,0.88,0.16887151862792157,0.24141875205131463,0.8346181818181817,0.5563636363636364,
33,test,polygon,0.55,3aa9ddfe605da37528654e90835feceb977ed88ea53bdb256462eb967cb5d096,0.3197586925565737,0.6693295250658592,0.34844192634560905,123,230,0,0,,,"P(prediction=benign | direct route, fraud)",pointwise binomial descriptive; not simultaneous or deployment guarantee,undefined / insufficient fraud support,353,0,353,0,351,2,0,0.0,0.0,0.0,0.0,0.0,,,,single-class support
33,validation,pooled,0.6,643281735097467f4b88056c1fc8f37e4875f30256772f2fcce069613059f440,0.3224610745239671,0.5479181985187238,0.3996710526315789,1458,2190,198,20,0.10101010101010101,0.14338928086751218,"P(prediction=benign | direct route, fraud)",pointwise binomial descriptive; not simultaneous or deployment guarantee,supported,3648,393,3255,322,3178,77,71,0.8131313131313131,0.8070175438596491,0.8193384223918575,0.1806615776081425,0.7904060924620165,0.8753218874858697,0.9433535410388402,0.8978412542066814,
33,validation,ethereum,0.6,643281735097467f4b88056c1fc8f37e4875f30256772f2fcce069613059f440,0.3224610745239671,0.5479181985187238,0.4129032258064516,896,1274,192,15,0.078125,0.11775013936018844,"P(prediction=benign | direct route, fraud)",pointwise binomial descriptive; not simultaneous or deployment guarantee,supported,2170,361,1809,316,1760,49,45,0.8705234159779615,0.8657534246575342,0.8753462603878116,0.12465373961218837,0.8445328885856975,0.9198955190172546,0.9542898006122053,0.9241297360534968,
33,validation,bsc,0.6,643281735097467f4b88056c1fc8f37e4875f30256772f2fcce069613059f440,0.3224610745239671,0.5479181985187238,0.41333333333333333,465,660,6,5,0.8333333333333334,0.9914875553891529,"P(prediction=benign | direct route, fraud)",pointwise binomial descriptive; not simultaneous or deployment guarantee,supported,1125,31,1094,6,1072,22,25,0.2033898305084746,0.21428571428571427,0.1935483870967742,0.8064516129032258,0.18224397641784493,0.18791703356371905,0.8205166008138232,0.5867193489414401,
33,validation,polygon,0.6,643281735097467f4b88056c1fc8f37e4875f30256772f2fcce069613059f440,0.3224610745239671,0.5479181985187238,0.2747875354107649,97,256,0,0,,,"P(prediction=benign | direct route, fraud)",pointwise binomial descriptive; not simultaneous or deployment guarantee,undefined / insufficient fraud support,353,1,352,0,346,6,1,0.0,0.0,0.0,1.0,-0.007008733651184125,0.008403361344537815,0.6647727272727273,0.4914772727272727,
33,test,pooled,0.6,643281735097467f4b88056c1fc8f37e4875f30256772f2fcce069613059f440,0.3224610745239671,0.5479181985187238,0.31853070175438597,1162,2486,38,10,0.2631578947368421,0.4053662523712772,"P(prediction=benign | direct route, fraud)",pointwise binomial descriptive; not simultaneous or deployment guarantee,supported,3648,161,3487,91,3445,42,70,0.6190476190476191,0.6842105263157895,0.5652173913043478,0.43478260869565216,0.6061932958408367,0.6613360779925855,0.927182952831012,0.7765863268537798,
33,test,ethereum,0.6,643281735097467f4b88056c1fc8f37e4875f30256772f2fcce069613059f440,0.3224610745239671,0.5479181985187238,0.3175115207373272,689,1481,34,6,0.17647058823529413,0.31886933930632094,"P(prediction=benign | direct route, fraud)",pointwise binomial descriptive; not simultaneous or deployment guarantee,supported,2170,136,2034,85,2011,23,51,0.6967213114754098,0.7870370370370371,0.625,0.375,0.6839736114152514,0.7453439773030833,0.941913933715079,0.806846116027532,
33,test,bsc,0.6,643281735097467f4b88056c1fc8f37e4875f30256772f2fcce069613059f440,0.3224610745239671,0.5479181985187238,0.32622222222222225,367,758,4,4,1.0,1.0,"P(prediction=benign | direct route, fraud)",pointwise binomial descriptive; not simultaneous or deployment guarantee,supported,1125,25,1100,6,1087,13,19,0.2727272727272727,0.3157894736842105,0.24,0.76,0.26103156025520663,0.2422045035173006,0.8391636363636363,0.614090909090909,
33,test,polygon,0.6,643281735097467f4b88056c1fc8f37e4875f30256772f2fcce069613059f440,0.3224610745239671,0.5479181985187238,0.3002832861189802,106,247,0,0,,,"P(prediction=benign | direct route, fraud)",pointwise binomial descriptive; not simultaneous or deployment guarantee,undefined / insufficient fraud support,353,0,353,0,347,6,0,0.0,0.0,0.0,0.0,0.0,,,,single-class support
33,validation,pooled,0.65,664ea10369a86e2682a14007a58921e858bead55b4e3c0dddfba95d535adac7b,0.3248235109829296,0.5479181985187238,0.34978070175438597,1276,2372,196,18,0.09183673469387756,0.133141848630159,"P(prediction=benign | direct route, fraud)",pointwise binomial descriptive; not simultaneous or deployment guarantee,supported,3648,393,3255,322,3178,77,71,0.8131313131313131,0.8070175438596491,0.8193384223918575,0.1806615776081425,0.7904060924620165,0.8750506103286663,0.9425186540182846,0.8978412542066814,
33,validation,ethereum,0.65,664ea10369a86e2682a14007a58921e858bead55b4e3c0dddfba95d535adac7b,0.3248235109829296,0.5479181985187238,0.37142857142857144,806,1364,191,14,0.07329842931937172,0.11221530457594259,"P(prediction=benign | direct route, fraud)",pointwise binomial descriptive; not simultaneous or deployment guarantee,supported,2170,361,1809,316,1760,49,45,0.8705234159779615,0.8657534246575342,0.8753462603878116,0.12465373961218837,0.8445328885856975,0.9197468278642283,0.953831948291782,0.9241297360534968,
33,validation,bsc,0.65,664ea10369a86e2682a14007a58921e858bead55b4e3c0dddfba95d535adac7b,0.3248235109829296,0.5479181985187238,0.3422222222222222,385,740,5,4,0.8,0.9897937816869885,"P(prediction=benign | direct route, fraud)",pointwise binomial descriptive; not simultaneous or deployment guarantee,supported,1125,31,1094,6,1072,22,25,0.2033898305084746,0.21428571428571427,0.1935483870967742,0.8064516129032258,0.18224397641784493,0.1871165206727708,0.8158282715102907,0.5867193489414401,
33,validation,polygon,0.65,664ea10369a86e2682a14007a58921e858bead55b4e3c0dddfba95d535adac7b,0.3248235109829296,0.5479181985187238,0.24079320113314448,85,268,0,0,,,"P(prediction=benign | direct route, fraud)",pointwise binomial descriptive; not simultaneous or deployment guarantee,undefined / insufficient fraud support,353,1,352,0,346,6,1,0.0,0.0,0.0,1.0,-0.007008733651184125,0.008333333333333333,0.6619318181818181,0.4914772727272727,
33,test,pooled,0.65,664ea10369a86e2682a14007a58921e858bead55b4e3c0dddfba95d535adac7b,0.3248235109829296,0.5479181985187238,0.2593201754385965,946,2702,32,5,0.15625,0.300841694265448,"P(prediction=benign | direct route, fraud)",pointwise binomial descriptive; not simultaneous or deployment guarantee,supported,3648,161,3487,91,3445,42,70,0.6190476190476191,0.6842105263157895,0.5652173913043478,0.43478260869565216,0.6061932958408367,0.664261909974634,0.9287878491005634,0.7765863268537798,
33,test,ethereum,0.65,664ea10369a86e2682a14007a58921e858bead55b4e3c0dddfba95d535adac7b,0.3248235109829296,0.5479181985187238,0.25069124423963135,544,1626,29,2,0.06896551724137931,0.20156058792150391,"P(prediction=benign | direct route, fraud)",pointwise binomial descriptive; not simultaneous or deployment guarantee,supported,2170,136,2034,85,2011,23,51,0.6967213114754098,0.7870370370370371,0.625,0.375,0.6839736114152514,0.7465487082052035,0.9412957660940483,0.806846116027532,
33,test,bsc,0.65,664ea10369a86e2682a14007a58921e858bead55b4e3c0dddfba95d535adac7b,0.3248235109829296,0.5479181985187238,0.2773333333333333,312,813,3,3,1.0,1.0,"P(prediction=benign | direct route, fraud)",pointwise binomial descriptive; not simultaneous or deployment guarantee,supported,1125,25,1100,6,1087,13,19,0.2727272727272727,0.3157894736842105,0.24,0.76,0.26103156025520663,0.24763964976728314,0.8496363636363635,0.614090909090909,
33,test,polygon,0.65,664ea10369a86e2682a14007a58921e858bead55b4e3c0dddfba95d535adac7b,0.3248235109829296,0.5479181985187238,0.254957507082153,90,263,0,0,,,"P(prediction=benign | direct route, fraud)",pointwise binomial descriptive; not simultaneous or deployment guarantee,undefined / insufficient fraud support,353,0,353,0,347,6,0,0.0,0.0,0.0,0.0,0.0,,,,single-class support
33,validation,pooled,0.7,6c0425a49f31f6aa833e99007334d2d067e2106b4847ba57bd6f0946f588b651,0.3267514098062826,0.5479181985187238,0.29989035087719296,1094,2554,194,16,0.08247422680412371,0.12257006483031078,"P(prediction=benign | direct route, fraud)",pointwise binomial descriptive; not simultaneous or deployment guarantee,supported,3648,393,3255,322,3178,77,71,0.8131313131313131,0.8070175438596491,0.8193384223918575,0.1806615776081425,0.7904060924620165,0.8751254696176082,0.9429243715872625,0.8978412542066814,
33,validation,ethereum,0.7,6c0425a49f31f6aa833e99007334d2d067e2106b4847ba57bd6f0946f588b651,0.3267514098062826,0.5479181985187238,0.32211981566820275,699,1471,189,12,0.06349206349206349,0.10084211842490495,"P(prediction=benign | direct route, fraud)",pointwise binomial descriptive; not simultaneous or deployment guarantee,supported,2170,361,1809,316,1760,49,45,0.8705234159779615,0.8657534246575342,0.8753462603878116,0.12465373961218837,0.8445328885856975,0.9199891104830537,0.9544276156919312,0.9241297360534968,
33,validation,bsc,0.7,6c0425a49f31f6aa833e99007334d2d067e2106b4847ba57bd6f0946f588b651,0.3267514098062826,0.5479181985187238,0.2871111111111111,323,802,5,4,0.8,0.9897937816869885,"P(prediction=benign | direct route, fraud)",pointwise binomial descriptive; not simultaneous or deployment guarantee,supported,1125,31,1094,6,1072,22,25,0.2033898305084746,0.21428571428571427,0.1935483870967742,0.8064516129032258,0.18224397641784493,0.18647037672198324,0.812879636728195,0.5867193489414401,
33,validation,polygon,0.7,6c0425a49f31f6aa833e99007334d2d067e2106b4847ba57bd6f0946f588b651,0.3267514098062826,0.5479181985187238,0.20396600566572237,72,281,0,0,,,"P(prediction=benign | direct route, fraud)",pointwise binomial descriptive; not simultaneous or deployment guarantee,undefined / insufficient fraud support,353,1,352,0,346,6,1,0.0,0.0,0.0,1.0,-0.007008733651184125,0.008264462809917356,0.6590909090909092,0.4914772727272727,
33,test,pooled,0.7,6c0425a49f31f6aa833e99007334d2d067e2106b4847ba57bd6f0946f588b651,0.3267514098062826,0.5479181985187238,0.21052631578947367,768,2880,32,5,0.15625,0.300841694265448,"P(prediction=benign | direct route, fraud)",pointwise binomial descriptive; not simultaneous or deployment guarantee,supported,3648,161,3487,91,3445,42,70,0.6190476190476191,0.6842105263157895,0.5652173913043478,0.43478260869565216,0.6061932958408367,0.6639209499847534,0.927496450881446,0.7765863268537798,
33,test,ethereum,0.7,6c0425a49f31f6aa833e99007334d2d067e2106b4847ba57bd6f0946f588b651,0.3267514098062826,0.5479181985187238,0.2,434,1736,29,2,0.06896551724137931,0.20156058792150391,"P(prediction=benign | direct route, fraud)",pointwise binomial descriptive; not simultaneous or deployment guarantee,supported,2170,136,2034,85,2011,23,51,0.6967213114754098,0.7870370370370371,0.625,0.375,0.6839736114152514,0.7460687671159676,0.9395894788593904,0.806846116027532,
33,test,bsc,0.7,6c0425a49f31f6aa833e99007334d2d067e2106b4847ba57bd6f0946f588b651,0.3267514098062826,0.5479181985187238,0.22933333333333333,258,867,3,3,1.0,1.0,"P(prediction=benign | direct route, fraud)",pointwise binomial descriptive; not simultaneous or deployment guarantee,supported,1125,25,1100,6,1087,13,19,0.2727272727272727,0.3157894736842105,0.24,0.76,0.26103156025520663,0.24741863239367845,0.8489090909090908,0.614090909090909,
33,test,polygon,0.7,6c0425a49f31f6aa833e99007334d2d067e2106b4847ba57bd6f0946f588b651,0.3267514098062826,0.5479181985187238,0.21529745042492918,76,277,0,0,,,"P(prediction=benign | direct route, fraud)",pointwise binomial descriptive; not simultaneous or deployment guarantee,undefined / insufficient fraud support,353,0,353,0,347,6,0,0.0,0.0,0.0,0.0,0.0,,,,single-class support
33,validation,pooled,0.75,64a505a8a7bb2f6471acbe9a7a9ee5f14f91b3a42b807b721be9b020b42d7d68,0.3287581825956235,0.5479181985187238,0.24972587719298245,911,2737,189,11,0.0582010582010582,0.09449790625635118,"P(prediction=benign | direct route, fraud)",pointwise binomial descriptive; not simultaneous or deployment guarantee,supported,3648,393,3255,322,3178,77,71,0.8131313131313131,0.8070175438596491,0.8193384223918575,0.1806615776081425,0.7904060924620165,0.8762217104572843,0.9461060103266457,0.8978412542066814,
33,validation,ethereum,0.75,64a505a8a7bb2f6471acbe9a7a9ee5f14f91b3a42b807b721be9b020b42d7d68,0.3287581825956235,0.5479181985187238,0.26866359447004606,583,1587,185,8,0.043243243243243246,0.07667064851084117,"P(prediction=benign | direct route, fraud)",pointwise binomial descriptive; not simultaneous or deployment guarantee,supported,2170,361,1809,316,1760,49,45,0.8705234159779615,0.8657534246575342,0.8753462603878116,0.12465373961218837,0.8445328885856975,0.9213924965784509,0.9577933661945733,0.9241297360534968,
33,validation,bsc,0.75,64a505a8a7bb2f6471acbe9a7a9ee5f14f91b3a42b807b721be9b020b42d7d68,0.3287581825956235,0.5479181985187238,0.23733333333333334,267,858,4,3,0.75,0.9872585449014338,"P(prediction=benign | direct route, fraud)",pointwise binomial descriptive; not simultaneous or deployment guarantee,supported,1125,31,1094,6,1072,22,25,0.2033898305084746,0.21428571428571427,0.1935483870967742,0.8064516129032258,0.18224397641784493,0.1858725367865261,0.8100489473373828,0.5867193489414401,
33,validation,polygon,0.75,64a505a8a7bb2f6471acbe9a7a9ee5f14f91b3a42b807b721be9b020b42d7d68,0.3287581825956235,0.5479181985187238,0.17280453257790368,61,292,0,0,,,"P(prediction=benign | direct route, fraud)",pointwise binomial descriptive; not simultaneous or deployment guarantee,undefined / insufficient fraud support,353,1,352,0,346,6,1,0.0,0.0,0.0,1.0,-0.007008733651184125,0.008264462809917356,0.6590909090909092,0.4914772727272727,
33,test,pooled,0.75,64a505a8a7bb2f6471acbe9a7a9ee5f14f91b3a42b807b721be9b020b42d7d68,0.3287581825956235,0.5479181985187238,0.16365131578947367,597,3051,30,3,0.1,0.23859785729325092,"P(prediction=benign | direct route, fraud)",pointwise binomial descriptive; not simultaneous or deployment guarantee,supported,3648,161,3487,91,3445,42,70,0.6190476190476191,0.6842105263157895,0.5652173913043478,0.43478260869565216,0.6061932958408367,0.6640280519539317,0.9291672529911454,0.7765863268537798,
33,test,ethereum,0.75,64a505a8a7bb2f6471acbe9a7a9ee5f14f91b3a42b807b721be9b020b42d7d68,0.3287581825956235,0.5479181985187238,0.15161290322580645,329,1841,28,1,0.03571428571428571,0.15850717439163578,"P(prediction=benign | direct route, fraud)",pointwise binomial descriptive; not simultaneous or deployment guarantee,supported,2170,136,2034,85,2011,23,51,0.6967213114754098,0.7870370370370371,0.625,0.375,0.6839736114152514,0.7456146163065424,0.9378108913181791,0.806846116027532,
33,test,bsc,0.75,64a505a8a7bb2f6471acbe9a7a9ee5f14f91b3a42b807b721be9b020b42d7d68,0.3287581825956235,0.5479181985187238,0.1831111111111111,206,919,2,2,1.0,1.0,"P(prediction=benign | direct route, fraud)",pointwise binomial descriptive; not simultaneous or deployment guarantee,supported,1125,25,1100,6,1087,13,19,0.2727272727272727,0.3157894736842105,0.24,0.76,0.26103156025520663,0.24913008501827932,0.8693818181818183,0.614090909090909,
33,test,polygon,0.75,64a505a8a7bb2f6471acbe9a7a9ee5f14f91b3a42b807b721be9b020b42d7d68,0.3287581825956235,0.5479181985187238,0.17563739376770537,62,291,0,0,,,"P(prediction=benign | direct route, fraud)",pointwise binomial descriptive; not simultaneous or deployment guarantee,undefined / insufficient fraud support,353,0,353,0,347,6,0,0.0,0.0,0.0,0.0,0.0,,,,single-class support
33,validation,pooled,0.8,18f0364ab5066bf11005fa7a2199028add43ea20715f931f00c82c51f7e168cd,0.3306039459055939,0.5479181985187238,0.19983552631578946,729,2919,187,9,0.0481283422459893,0.08248088766176707,"P(prediction=benign | direct route, fraud)",pointwise binomial descriptive; not simultaneous or deployment guarantee,supported,3648,393,3255,322,3178,77,71,0.8131313131313131,0.8070175438596491,0.8193384223918575,0.1806615776081425,0.7904060924620165,0.8764745453740609,0.9467040333329424,0.8978412542066814,
33,validation,ethereum,0.8,18f0364ab5066bf11005fa7a2199028add43ea20715f931f00c82c51f7e168cd,0.3306039459055939,0.5479181985187238,0.2207373271889401,479,1691,183,6,0.03278688524590164,0.06368297915487944,"P(prediction=benign | direct route, fraud)",pointwise binomial descriptive; not simultaneous or deployment guarantee,supported,2170,361,1809,316,1760,49,45,0.8705234159779615,0.8657534246575342,0.8753462603878116,0.12465373961218837,0.8445328885856975,0.9217972068154728,0.9586891642127926,0.9241297360534968,
33,validation,bsc,0.8,18f0364ab5066bf11005fa7a2199028add43ea20715f931f00c82c51f7e168cd,0.3306039459055939,0.5479181985187238,0.1751111111111111,197,928,4,3,0.75,0.9872585449014338,"P(prediction=benign | direct route, fraud)",pointwise binomial descriptive; not simultaneous or deployment guarantee,supported,1125,31,1094,6,1072,22,25,0.2033898305084746,0.21428571428571427,0.1935483870967742,0.8064516129032258,0.18224397641784493,0.1854040044956504,0.8061272630771953,0.5867193489414401,
33,validation,polygon,0.8,18f0364ab5066bf11005fa7a2199028add43ea20715f931f00c82c51f7e168cd,0.3306039459055939,0.5479181985187238,0.1501416430594901,53,300,0,0,,,"P(prediction=benign | direct route, fraud)",pointwise binomial descriptive; not simultaneous or deployment guarantee,undefined / insufficient fraud support,353,1,352,0,346,6,1,0.0,0.0,0.0,1.0,-0.007008733651184125,0.00819672131147541,0.65625,0.4914772727272727,
33,test,pooled,0.8,18f0364ab5066bf11005fa7a2199028add43ea20715f931f00c82c51f7e168cd,0.3306039459055939,0.5479181985187238,0.12554824561403508,458,3190,28,1,0.03571428571428571,0.15850717439163578,"P(prediction=benign | direct route, fraud)",pointwise binomial descriptive; not simultaneous or deployment guarantee,supported,3648,161,3487,91,3445,42,70,0.6190476190476191,0.6842105263157895,0.5652173913043478,0.43478260869565216,0.6061932958408367,0.6640838691654749,0.9307739304996197,0.7765863268537798,
33,test,ethereum,0.8,18f0364ab5066bf11005fa7a2199028add43ea20715f931f00c82c51f7e168cd,0.3306039459055939,0.5479181985187238,0.11105990783410138,241,1929,27,0,0.0,0.10501923017634426,"P(prediction=benign | direct route, fraud)",pointwise binomial descriptive; not simultaneous or deployment guarantee,supported,2170,136,2034,85,2011,23,51,0.6967213114754098,0.7870370370370371,0.625,0.375,0.6839736114152514,0.7456496165990527,0.9388809358551681,0.806846116027532,
33,test,bsc,0.8,18f0364ab5066bf11005fa7a2199028add43ea20715f931f00c82c51f7e168cd,0.3306039459055939,0.5479181985187238,0.144,162,963,1,1,1.0,1.0,"P(prediction=benign | direct route, fraud)",pointwise binomial descriptive; not simultaneous or deployment guarantee,supported,1125,25,1100,6,1087,13,19,0.2727272727272727,0.3157894736842105,0.24,0.76,0.26103156025520663,0.24910832562414312,0.8717454545454545,0.614090909090909,
33,test,polygon,0.8,18f0364ab5066bf11005fa7a2199028add43ea20715f931f00c82c51f7e168cd,0.3306039459055939,0.5479181985187238,0.1558073654390935,55,298,0,0,,,"P(prediction=benign | direct route, fraud)",pointwise binomial descriptive; not simultaneous or deployment guarantee,undefined / insufficient fraud support,353,0,353,0,347,6,0,0.0,0.0,0.0,0.0,0.0,,,,single-class support
33,validation,pooled,0.85,92c95f13d69d505c69b568cea4043c33105e2fcc146b30662bb845fd549fae06,0.33220994817190747,0.5479181985187238,0.14994517543859648,547,3101,184,6,0.03260869565217391,0.06334242295846756,"P(prediction=benign | direct route, fraud)",pointwise binomial descriptive; not simultaneous or deployment guarantee,supported,3648,393,3255,322,3178,77,71,0.8131313131313131,0.8070175438596491,0.8193384223918575,0.1806615776081425,0.7904060924620165,0.8762679250987818,0.9459582634662663,0.8978412542066814,
33,validation,ethereum,0.85,92c95f13d69d505c69b568cea4043c33105e2fcc146b30662bb845fd549fae06,0.33220994817190747,0.5479181985187238,0.1728110599078341,375,1795,183,6,0.03278688524590164,0.06368297915487944,"P(prediction=benign | direct route, fraud)",pointwise binomial descriptive; not simultaneous or deployment guarantee,supported,2170,361,1809,316,1760,49,45,0.8705234159779615,0.8657534246575342,0.8753462603878116,0.12465373961218837,0.8445328885856975,0.9215419953584323,0.9577765221292736,0.9241297360534968,
33,validation,bsc,0.85,92c95f13d69d505c69b568cea4043c33105e2fcc146b30662bb845fd549fae06,0.33220994817190747,0.5479181985187238,0.11822222222222223,133,992,1,0,0.0,0.95,"P(prediction=benign | direct route, fraud)",pointwise binomial descriptive; not simultaneous or deployment guarantee,supported,1125,31,1094,6,1072,22,25,0.2033898305084746,0.21428571428571427,0.1935483870967742,0.8064516129032258,0.18224397641784493,0.1854124628180043,0.808515657250693,0.5867193489414401,
33,validation,polygon,0.85,92c95f13d69d505c69b568cea4043c33105e2fcc146b30662bb845fd549fae06,0.33220994817190747,0.5479181985187238,0.11048158640226628,39,314,0,0,,,"P(prediction=benign | direct route, fraud)",pointwise binomial descriptive; not simultaneous or deployment guarantee,undefined / insufficient fraud support,353,1,352,0,346,6,1,0.0,0.0,0.0,1.0,-0.007008733651184125,0.00819672131147541,0.65625,0.4914772727272727,
33,test,pooled,0.85,92c95f13d69d505c69b568cea4043c33105e2fcc146b30662bb845fd549fae06,0.33220994817190747,0.5479181985187238,0.09320175438596491,340,3308,28,1,0.03571428571428571,0.15850717439163578,"P(prediction=benign | direct route, fraud)",pointwise binomial descriptive; not simultaneous or deployment guarantee,supported,3648,161,3487,91,3445,42,70,0.6190476190476191,0.6842105263157895,0.5652173913043478,0.43478260869565216,0.6061932958408367,0.6629517133004106,0.9298637174100073,0.7765863268537798,
33,test,ethereum,0.85,92c95f13d69d505c69b568cea4043c33105e2fcc146b30662bb845fd549fae06,0.33220994817190747,0.5479181985187238,0.0815668202764977,177,1993,27,0,0.0,0.10501923017634426,"P(prediction=benign | direct route, fraud)",pointwise binomial descriptive; not simultaneous or deployment guarantee,supported,2170,136,2034,85,2011,23,51,0.6967213114754098,0.7870370370370371,0.625,0.375,0.6839736114152514,0.7454996006717293,0.9379446468853028,0.806846116027532,
33,test,bsc,0.85,92c95f13d69d505c69b568cea4043c33105e2fcc146b30662bb845fd549fae06,0.33220994817190747,0.5479181985187238,0.10222222222222223,115,1010,1,1,1.0,1.0,"P(prediction=benign | direct route, fraud)",pointwise binomial descriptive; not simultaneous or deployment guarantee,supported,1125,25,1100,6,1087,13,19,0.2727272727272727,0.3157894736842105,0.24,0.76,0.26103156025520663,0.2456652087031601,0.8704363636363637,0.614090909090909,
33,test,polygon,0.85,92c95f13d69d505c69b568cea4043c33105e2fcc146b30662bb845fd549fae06,0.33220994817190747,0.5479181985187238,0.1359773371104816,48,305,0,0,,,"P(prediction=benign | direct route, fraud)",pointwise binomial descriptive; not simultaneous or deployment guarantee,undefined / insufficient fraud support,353,0,353,0,347,6,0,0.0,0.0,0.0,0.0,0.0,,,,single-class support
33,validation,pooled,0.9,f89ab226244010d2dfbaf5d412da904b31da1bf74c2de30478eecfa5d320e744,0.3335823238183144,0.5479181985187238,0.09978070175438597,364,3284,178,0,0.0,0.016689124048896803,"P(prediction=benign | direct route, fraud)",pointwise binomial descriptive; not simultaneous or deployment guarantee,supported,3648,393,3255,322,3178,77,71,0.8131313131313131,0.8070175438596491,0.8193384223918575,0.1806615776081425,0.7904060924620165,0.8774289539249609,0.9512365005100784,0.8978412542066814,
33,validation,ethereum,0.9,f89ab226244010d2dfbaf5d412da904b31da1bf74c2de30478eecfa5d320e744,0.3335823238183144,0.5479181985187238,0.12626728110599078,274,1896,177,0,0.0,0.016782617227451294,"P(prediction=benign | direct route, fraud)",pointwise binomial descriptive; not simultaneous or deployment guarantee,supported,2170,361,1809,316,1760,49,45,0.8705234159779615,0.8657534246575342,0.8753462603878116,0.12465373961218837,0.8445328885856975,0.922985923374174,0.9631804045331974,0.9241297360534968,
33,validation,bsc,0.9,f89ab226244010d2dfbaf5d412da904b31da1bf74c2de30478eecfa5d320e744,0.3335823238183144,0.5479181985187238,0.05688888888888889,64,1061,1,0,0.0,0.95,"P(prediction=benign | direct route, fraud)",pointwise binomial descriptive; not simultaneous or deployment guarantee,supported,1125,31,1094,6,1072,22,25,0.2033898305084746,0.21428571428571427,0.1935483870967742,0.8064516129032258,0.18224397641784493,0.18525909791046338,0.8053606180338503,0.5867193489414401,
33,validation,polygon,0.9,f89ab226244010d2dfbaf5d412da904b31da1bf74c2de30478eecfa5d320e744,0.3335823238183144,0.5479181985187238,0.07365439093484419,26,327,0,0,,,"P(prediction=benign | direct route, fraud)",pointwise binomial descriptive; not simultaneous or deployment guarantee,undefined / insufficient fraud support,353,1,352,0,346,6,1,0.0,0.0,0.0,1.0,-0.007008733651184125,0.00819672131147541,0.65625,0.4914772727272727,
33,test,pooled,0.9,f89ab226244010d2dfbaf5d412da904b31da1bf74c2de30478eecfa5d320e744,0.3335823238183144,0.5479181985187238,0.052083333333333336,190,3458,28,1,0.03571428571428571,0.15850717439163578,"P(prediction=benign | direct route, fraud)",pointwise binomial descriptive; not simultaneous or deployment guarantee,supported,3648,161,3487,91,3445,42,70,0.6190476190476191,0.6842105263157895,0.5652173913043478,0.43478260869565216,0.6061932958408367,0.6628931043307472,0.9292848147600582,0.7765863268537798,
33,test,ethereum,0.9,f89ab226244010d2dfbaf5d412da904b31da1bf74c2de30478eecfa5d320e744,0.3335823238183144,0.5479181985187238,0.047004608294930875,102,2068,27,0,0.0,0.10501923017634426,"P(prediction=benign | direct route, fraud)",pointwise binomial descriptive; not simultaneous or deployment guarantee,supported,2170,136,2034,85,2011,23,51,0.6967213114754098,0.7870370370370371,0.625,0.375,0.6839736114152514,0.7454266293566406,0.9373517843715657,0.806846116027532,
33,test,bsc,0.9,f89ab226244010d2dfbaf5d412da904b31da1bf74c2de30478eecfa5d320e744,0.3335823238183144,0.5479181985187238,0.056,63,1062,1,1,1.0,1.0,"P(prediction=benign | direct route, fraud)",pointwise binomial descriptive; not simultaneous or deployment guarantee,supported,1125,25,1100,6,1087,13,19,0.2727272727272727,0.3157894736842105,0.24,0.76,0.26103156025520663,0.24561260073705796,0.8695999999999999,0.614090909090909,
33,test,polygon,0.9,f89ab226244010d2dfbaf5d412da904b31da1bf74c2de30478eecfa5d320e744,0.3335823238183144,0.5479181985187238,0.0708215297450425,25,328,0,0,,,"P(prediction=benign | direct route, fraud)",pointwise binomial descriptive; not simultaneous or deployment guarantee,undefined / insufficient fraud support,353,0,353,0,347,6,0,0.0,0.0,0.0,0.0,0.0,,,,single-class support
33,validation,pooled,0.95,d6e6dc3db53b82ffdd32309980900637666c21a2adc07cce776e1e68188dbff9,0.4960462614287452,0.6693295250658592,0.049890350877192985,182,3466,175,0,0.0,0.01697278163071123,"P(prediction=benign | direct route, fraud)",pointwise binomial descriptive; not simultaneous or deployment guarantee,supported,3648,393,3255,302,3211,44,91,0.8173207036535859,0.8728323699421965,0.7684478371501272,0.23155216284987276,0.7988255935832866,0.8804444387306553,0.9513897194763976,0.8774650860097795,
33,validation,ethereum,0.95,d6e6dc3db53b82ffdd32309980900637666c21a2adc07cce776e1e68188dbff9,0.4960462614287452,0.6693295250658592,0.08387096774193549,182,1988,175,0,0.0,0.01697278163071123,"P(prediction=benign | direct route, fraud)",pointwise binomial descriptive; not simultaneous or deployment guarantee,supported,2170,361,1809,298,1781,28,63,0.8675400291120815,0.9141104294478528,0.8254847645429363,0.1745152354570637,0.8442521658459008,0.9245149807942381,0.9633718143661502,0.9050032999055201,
33,validation,bsc,0.95,d6e6dc3db53b82ffdd32309980900637666c21a2adc07cce776e1e68188dbff9,0.4960462614287452,0.6693295250658592,0.0,0,1125,0,0,,,"P(prediction=benign | direct route, fraud)",pointwise binomial descriptive; not simultaneous or deployment guarantee,undefined / insufficient fraud support,1125,31,1094,4,1082,12,27,0.1702127659574468,0.25,0.12903225806451613,0.8709677419354839,0.16322203811598043,0.1817436298119572,0.8045939729905054,0.5590316683375597,
33,validation,polygon,0.95,d6e6dc3db53b82ffdd32309980900637666c21a2adc07cce776e1e68188dbff9,0.4960462614287452,0.6693295250658592,0.0,0,353,0,0,,,"P(prediction=benign | direct route, fraud)",pointwise binomial descriptive; not simultaneous or deployment guarantee,undefined / insufficient fraud support,353,1,352,0,348,4,1,0.0,0.0,0.0,1.0,-0.00570618634873788,0.00819672131147541,0.65625,0.4943181818181818,
33,test,pooled,0.95,d6e6dc3db53b82ffdd32309980900637666c21a2adc07cce776e1e68188dbff9,0.4960462614287452,0.6693295250658592,0.008771929824561403,32,3616,26,0,0.0,0.1088303557607848,"P(prediction=benign | direct route, fraud)",pointwise binomial descriptive; not simultaneous or deployment guarantee,supported,3648,161,3487,70,3461,26,91,0.5447470817120622,0.7291666666666666,0.43478260869565216,0.5652173913043478,0.5483103987478783,0.6617497982512377,0.9292206901588331,0.7136631712821536,
33,test,ethereum,0.95,d6e6dc3db53b82ffdd32309980900637666c21a2adc07cce776e1e68188dbff9,0.4960462614287452,0.6693295250658592,0.014285714285714285,31,2139,26,0,0.0,0.1088303557607848,"P(prediction=benign | direct route, fraud)",pointwise binomial descriptive; not simultaneous or deployment guarantee,supported,2170,136,2034,67,2019,15,69,0.6146788990825688,0.8170731707317073,0.49264705882352944,0.5073529411764706,0.6168198923233709,0.7447819678981474,0.9373047891723061,0.7426362137775464,
33,test,bsc,0.95,d6e6dc3db53b82ffdd32309980900637666c21a2adc07cce776e1e68188dbff9,0.4960462614287452,0.6693295250658592,0.0008888888888888889,1,1124,0,0,,,"P(prediction=benign | direct route, fraud)",pointwise binomial descriptive; not simultaneous or deployment guarantee,undefined / insufficient fraud support,1125,25,1100,3,1091,9,22,0.16216216216216217,0.25,0.12,0.88,0.16045031276673902,0.24378396907898284,0.8693818181818181,0.5559090909090909,
33,test,polygon,0.95,d6e6dc3db53b82ffdd32309980900637666c21a2adc07cce776e1e68188dbff9,0.4960462614287452,0.6693295250658592,0.0,0,353,0,0,,,"P(prediction=benign | direct route, fraud)",pointwise binomial descriptive; not simultaneous or deployment guarantee,undefined / insufficient fraud support,353,0,353,0,351,2,0,0.0,0.0,0.0,0.0,0.0,,,,single-class support
33,validation,pooled,1.0,693d3d2ced6293e507d4ed82315c958f68cd7818354c0c7261ac15ccfe5ded64,0.6660399467865971,0.6131732194242492,0.0,0,3648,0,0,,,"P(prediction=benign | direct route, fraud)",pointwise binomial descriptive; not simultaneous or deployment guarantee,undefined / insufficient fraud support,3648,393,3255,315,3191,64,78,0.8160621761658031,0.8311345646437994,0.8015267175572519,0.1984732824427481,0.794467781173696,0.8822769184604158,0.9515734258900967,0.890932329592758,
33,validation,ethereum,1.0,693d3d2ced6293e507d4ed82315c958f68cd7818354c0c7261ac15ccfe5ded64,0.6660399467865971,0.6131732194242492,0.0,0,2170,0,0,,,"P(prediction=benign | direct route, fraud)",pointwise binomial descriptive; not simultaneous or deployment guarantee,undefined / insufficient fraud support,2170,361,1809,310,1770,39,51,0.8732394366197183,0.8882521489971347,0.8587257617728532,0.14127423822714683,0.8486277741055491,0.9266640797292064,0.9637561653107194,0.9185834447338561,
33,validation,bsc,1.0,693d3d2ced6293e507d4ed82315c958f68cd7818354c0c7261ac15ccfe5ded64,0.6660399467865971,0.6131732194242492,0.0,0,1125,0,0,,,"P(prediction=benign | direct route, fraud)",pointwise binomial descriptive; not simultaneous or deployment guarantee,undefined / insufficient fraud support,1125,31,1094,5,1075,19,26,0.18181818181818182,0.20833333333333334,0.16129032258064516,0.8387096774193549,0.16304970575454622,0.1817436298119572,0.8045939729905054,0.5719614318570502,
33,validation,polygon,1.0,693d3d2ced6293e507d4ed82315c958f68cd7818354c0c7261ac15ccfe5ded64,0.6660399467865971,0.6131732194242492,0.0,0,353,0,0,,,"P(prediction=benign | direct route, fraud)",pointwise binomial descriptive; not simultaneous or deployment guarantee,undefined / insufficient fraud support,353,1,352,0,346,6,1,0.0,0.0,0.0,1.0,-0.007008733651184125,0.00819672131147541,0.65625,0.4914772727272727,
33,test,pooled,1.0,693d3d2ced6293e507d4ed82315c958f68cd7818354c0c7261ac15ccfe5ded64,0.6660399467865971,0.6131732194242492,0.0005482456140350877,2,3646,2,0,0.0,0.776393202250021,"P(prediction=benign | direct route, fraud)",pointwise binomial descriptive; not simultaneous or deployment guarantee,supported,3648,161,3487,83,3454,33,78,0.5992779783393501,0.7155172413793104,0.515527950310559,0.484472049689441,0.5923865768941632,0.6690638745914768,0.9294326575906607,0.7530321139565412,
33,test,ethereum,1.0,693d3d2ced6293e507d4ed82315c958f68cd7818354c0c7261ac15ccfe5ded64,0.6660399467865971,0.6131732194242492,0.0009216589861751152,2,2168,2,0,0.0,0.776393202250021,"P(prediction=benign | direct route, fraud)",pointwise binomial descriptive; not simultaneous or deployment guarantee,supported,2170,136,2034,79,2014,20,57,0.6723404255319149,0.797979797979798,0.5808823529411765,0.41911764705882354,0.6633016015346657,0.7541445173029483,0.9376915958123663,0.7855247556249638,
33,test,bsc,1.0,693d3d2ced6293e507d4ed82315c958f68cd7818354c0c7261ac15ccfe5ded64,0.6660399467865971,0.6131732194242492,0.0,0,1125,0,0,,,"P(prediction=benign | direct route, fraud)",pointwise binomial descriptive; not simultaneous or deployment guarantee,undefined / insufficient fraud support,1125,25,1100,4,1091,9,21,0.21052631578947367,0.3076923076923077,0.16,0.84,0.20939488229875006,0.24378396907898284,0.8693818181818181,0.5759090909090909,
33,test,polygon,1.0,693d3d2ced6293e507d4ed82315c958f68cd7818354c0c7261ac15ccfe5ded64,0.6660399467865971,0.6131732194242492,0.0,0,353,0,0,,,"P(prediction=benign | direct route, fraud)",pointwise binomial descriptive; not simultaneous or deployment guarantee,undefined / insufficient fraud support,353,0,353,0,349,4,0,0.0,0.0,0.0,0.0,0.0,,,,single-class support
44,validation,pooled,0.0,0fc822f2d6033b4f12ece2eedbd7ce611de65ee286e4d642821590b11449bb14,-1.0,0.2829118024857185,1.0,3648,0,393,62,0.15776081424936386,0.19118791201655028,"P(prediction=benign | direct route, fraud)",pointwise binomial descriptive; not simultaneous or deployment guarantee,supported,3648,393,3255,331,3164,91,62,0.8122699386503067,0.7843601895734598,0.8422391857506362,0.15776081424936386,0.7893294452715781,0.8296300812290628,0.9347498270423659,0.9071410982516621,
44,validation,ethereum,0.0,0fc822f2d6033b4f12ece2eedbd7ce611de65ee286e4d642821590b11449bb14,-1.0,0.2829118024857185,1.0,2170,0,361,43,0.11911357340720222,0.1509024506674019,"P(prediction=benign | direct route, fraud)",pointwise binomial descriptive; not simultaneous or deployment guarantee,supported,2170,361,1809,318,1750,59,43,0.8617886178861789,0.843501326259947,0.8808864265927978,0.11911357340720222,0.8337715159109769,0.8815639010439131,0.9461816800883243,0.9241358611681513,
44,validation,bsc,0.0,0fc822f2d6033b4f12ece2eedbd7ce611de65ee286e4d642821590b11449bb14,-1.0,0.2829118024857185,1.0,1125,0,31,18,0.5806451612903226,0.7311737237767726,"P(prediction=benign | direct route, fraud)",pointwise binomial descriptive; not simultaneous or deployment guarantee,supported,1125,31,1094,13,1068,26,18,0.37142857142857144,0.3333333333333333,0.41935483870967744,0.5806451612903226,0.35398619508554363,0.19300608054691865,0.7901161762104145,0.6977944211829923,
44,validation,polygon,0.0,0fc822f2d6033b4f12ece2eedbd7ce611de65ee286e4d642821590b11449bb14,-1.0,0.2829118024857185,1.0,353,0,1,1,1.0,1.0,"P(prediction=benign | direct route, fraud)",pointwise binomial descriptive; not simultaneous or deployment guarantee,supported,353,1,352,0,346,6,1,0.0,0.0,0.0,1.0,-0.007008733651184125,0.0064516129032258064,0.5625,0.4914772727272727,
44,test,pooled,0.0,0fc822f2d6033b4f12ece2eedbd7ce611de65ee286e4d642821590b11449bb14,-1.0,0.2829118024857185,1.0,3648,0,161,63,0.391304347826087,0.458802296883908,"P(prediction=benign | direct route, fraud)",pointwise binomial descriptive; not simultaneous or deployment guarantee,supported,3648,161,3487,98,3447,40,63,0.6555183946488294,0.7101449275362319,0.6086956521739131,0.391304347826087,0.642959187535828,0.6417319605730268,0.9286578186591902,0.7986122367551527,
44,test,ethereum,0.0,0fc822f2d6033b4f12ece2eedbd7ce611de65ee286e4d642821590b11449bb14,-1.0,0.2829118024857185,1.0,2170,0,136,48,0.35294117647058826,0.4259767325699446,"P(prediction=benign | direct route, fraud)",pointwise binomial descriptive; not simultaneous or deployment guarantee,supported,2170,136,2034,88,2011,23,48,0.7125506072874493,0.7927927927927928,0.6470588235294118,0.35294117647058826,0.6994269393439103,0.7384619043548502,0.9457820001156805,0.8178755277922378,
44,test,bsc,0.0,0fc822f2d6033b4f12ece2eedbd7ce611de65ee286e4d642821590b11449bb14,-1.0,0.2829118024857185,1.0,1125,0,25,15,0.6,0.7644138695987571,"P(prediction=benign | direct route, fraud)",pointwise binomial descriptive; not simultaneous or deployment guarantee,supported,1125,25,1100,10,1087,13,15,0.4166666666666667,0.43478260869565216,0.4,0.6,0.4043401068446133,0.2570425038390815,0.8342909090909091,0.6940909090909091,
44,test,polygon,0.0,0fc822f2d6033b4f12ece2eedbd7ce611de65ee286e4d642821590b11449bb14,-1.0,0.2829118024857185,1.0,353,0,0,0,,,"P(prediction=benign | direct route, fraud)",pointwise binomial descriptive; not simultaneous or deployment guarantee,undefined / insufficient fraud support,353,0,353,0,349,4,0,0.0,0.0,0.0,0.0,0.0,,,,single-class support
44,validation,pooled,0.05,9aae4e84e0a4584cb2e81de2c5579c96f078fe9df3839d2b689e708c38535c91,0.11837003601501322,0.3642219339500557,0.9495614035087719,3464,184,289,52,0.17993079584775087,0.2212365853933905,"P(prediction=benign | direct route, fraud)",pointwise binomial descriptive; not simultaneous or deployment guarantee,supported,3648,393,3255,328,3168,87,65,0.8118811881188119,0.7903614457831325,0.8346055979643766,0.16539440203562342,0.7888426385267507,0.8401865988085845,0.9358184511595001,0.9039387436826491,
44,validation,ethereum,0.05,9aae4e84e0a4584cb2e81de2c5579c96f078fe9df3839d2b689e708c38535c91,0.11837003601501322,0.3642219339500557,0.9350230414746544,2029,141,270,36,0.13333333333333333,0.17224347878057095,"P(prediction=benign | direct route, fraud)",pointwise binomial descriptive; not simultaneous or deployment guarantee,supported,2170,361,1809,318,1753,56,43,0.8653061224489796,0.8502673796791443,0.8808864265927978,0.11911357340720222,0.8380445875413636,0.8882975847802298,0.9472918571194503,0.9249650485645029,
44,validation,bsc,0.05,9aae4e84e0a4584cb2e81de2c5579c96f078fe9df3839d2b689e708c38535c91,0.11837003601501322,0.3642219339500557,0.9706666666666667,1092,33,18,15,0.8333333333333334,0.9529751157074381,"P(prediction=benign | direct route, fraud)",pointwise binomial descriptive; not simultaneous or deployment guarantee,supported,1125,31,1094,10,1069,25,21,0.30303030303030304,0.2857142857142857,0.3225806451612903,0.6774193548387096,0.28259898905804876,0.1989277538524188,0.790528985079908,0.6498643628000236,
44,validation,polygon,0.05,9aae4e84e0a4584cb2e81de2c5579c96f078fe9df3839d2b689e708c38535c91,0.11837003601501322,0.3642219339500557,0.9716713881019831,343,10,1,1,1.0,1.0,"P(prediction=benign | direct route, fraud)",pointwise binomial descriptive; not simultaneous or deployment guarantee,supported,353,1,352,0,346,6,1,0.0,0.0,0.0,1.0,-0.007008733651184125,0.0064516129032258064,0.5625,0.4914772727272727,
44,test,pooled,0.05,9aae4e84e0a4584cb2e81de2c5579c96f078fe9df3839d2b689e708c38535c91,0.11837003601501322,0.3642219339500557,0.9731359649122807,3550,98,106,39,0.36792452830188677,0.4517823932144138,"P(prediction=benign | direct route, fraud)",pointwise binomial descriptive; not simultaneous or deployment guarantee,supported,3648,161,3487,95,3449,38,66,0.6462585034013606,0.7142857142857143,0.5900621118012422,0.40993788819875776,0.6346764069577386,0.6382709585686434,0.9284529761830543,0.7895822460354074,
44,test,ethereum,0.05,9aae4e84e0a4584cb2e81de2c5579c96f078fe9df3839d2b689e708c38535c91,0.11837003601501322,0.3642219339500557,0.9672811059907834,2099,71,88,27,0.3068181818181818,0.3974934829228893,"P(prediction=benign | direct route, fraud)",pointwise binomial descriptive; not simultaneous or deployment guarantee,supported,2170,136,2034,85,2012,22,51,0.6995884773662552,0.794392523364486,0.625,0.375,0.687546119365094,0.7383481416170824,0.945680779686506,0.8070919370698132,
44,test,bsc,0.05,9aae4e84e0a4584cb2e81de2c5579c96f078fe9df3839d2b689e708c38535c91,0.11837003601501322,0.3642219339500557,0.9813333333333333,1104,21,18,12,0.6666666666666666,0.8436563605163471,"P(prediction=benign | direct route, fraud)",pointwise binomial descriptive; not simultaneous or deployment guarantee,supported,1125,25,1100,10,1088,12,15,0.425531914893617,0.45454545454545453,0.4,0.6,0.4142078584167014,0.2503638005763241,0.8339272727272727,0.6945454545454546,
44,test,polygon,0.05,9aae4e84e0a4584cb2e81de2c5579c96f078fe9df3839d2b689e708c38535c91,0.11837003601501322,0.3642219339500557,0.9830028328611898,347,6,0,0,,,"P(prediction=benign | direct route, fraud)",pointwise binomial descriptive; not simultaneous or deployment guarantee,undefined / insufficient fraud support,353,0,353,0,349,4,0,0.0,0.0,0.0,0.0,0.0,,,,single-class support
44,validation,pooled,0.1,bc5c7fb5d2471f3714952440f5f22a6594db8c24930f8d1476bd2f71f1cd4349,0.18590951165118358,0.49354011459540326,0.899671052631579,3282,366,241,41,0.17012448132780084,0.2150053890903445,"P(prediction=benign | direct route, fraud)",pointwise binomial descriptive; not simultaneous or deployment guarantee,supported,3648,393,3255,306,3203,52,87,0.8149134487350199,0.8547486033519553,0.7786259541984732,0.22137404580152673,0.7948000518304523,0.8461081127051822,0.9368800397118544,0.8813252658857189,
44,validation,ethereum,0.1,bc5c7fb5d2471f3714952440f5f22a6594db8c24930f8d1476bd2f71f1cd4349,0.18590951165118358,0.49354011459540326,0.8783410138248848,1906,264,229,29,0.12663755458515283,0.1686320447532253,"P(prediction=benign | direct route, fraud)",pointwise binomial descriptive; not simultaneous or deployment guarantee,supported,2170,361,1809,301,1770,39,60,0.8587731811697575,0.8852941176470588,0.8337950138504155,0.16620498614958448,0.8321281061741375,0.8934140932288007,0.9486485700154199,0.9061180707726373,
44,validation,bsc,0.1,bc5c7fb5d2471f3714952440f5f22a6594db8c24930f8d1476bd2f71f1cd4349,0.18590951165118358,0.49354011459540326,0.936,1053,72,11,11,1.0,1.0,"P(prediction=benign | direct route, fraud)",pointwise binomial descriptive; not simultaneous or deployment guarantee,supported,1125,31,1094,5,1083,11,26,0.2127659574468085,0.3125,0.16129032258064516,0.8387096774193549,0.2090823759982177,0.19887347066968228,0.7892905584714278,0.5756177389868491,
44,validation,polygon,0.1,bc5c7fb5d2471f3714952440f5f22a6594db8c24930f8d1476bd2f71f1cd4349,0.18590951165118358,0.49354011459540326,0.9150141643059491,323,30,1,1,1.0,1.0,"P(prediction=benign | direct route, fraud)",pointwise binomial descriptive; not simultaneous or deployment guarantee,supported,353,1,352,0,350,2,1,0.0,0.0,0.0,1.0,-0.004023371246543897,0.0064516129032258064,0.5625,0.4971590909090909,
44,test,pooled,0.1,bc5c7fb5d2471f3714952440f5f22a6594db8c24930f8d1476bd2f71f1cd4349,0.18590951165118358,0.49354011459540326,0.9391447368421053,3426,222,68,33,0.4852941176470588,0.5912571088810352,"P(prediction=benign | direct route, fraud)",pointwise binomial descriptive; not simultaneous or deployment guarantee,supported,3648,161,3487,74,3461,26,87,0.5670498084291188,0.74,0.45962732919254656,0.5403726708074534,0.5687872754989178,0.6491016057138522,0.928394195298598,0.7260855315306007,
44,test,ethereum,0.1,bc5c7fb5d2471f3714952440f5f22a6594db8c24930f8d1476bd2f71f1cd4349,0.18590951165118358,0.49354011459540326,0.9304147465437788,2019,151,55,22,0.4,0.5198206816406532,"P(prediction=benign | direct route, fraud)",pointwise binomial descriptive; not simultaneous or deployment guarantee,supported,2170,136,2034,68,2019,15,68,0.6210045662100456,0.8192771084337349,0.5,0.5,0.62253164211498,0.7500421691709017,0.9459193706981318,0.7463126843657817,
44,test,bsc,0.1,bc5c7fb5d2471f3714952440f5f22a6594db8c24930f8d1476bd2f71f1cd4349,0.18590951165118358,0.49354011459540326,0.9484444444444444,1067,58,13,11,0.8461538461538461,0.9719466226798241,"P(prediction=benign | direct route, fraud)",pointwise binomial descriptive; not simultaneous or deployment guarantee,supported,1125,25,1100,6,1091,9,19,0.3,0.4,0.24,0.76,0.2979248458239322,0.25000605955241245,0.8326909090909091,0.615909090909091,
44,test,polygon,0.1,bc5c7fb5d2471f3714952440f5f22a6594db8c24930f8d1476bd2f71f1cd4349,0.18590951165118358,0.49354011459540326,0.9631728045325779,340,13,0,0,,,"P(prediction=benign | direct route, fraud)",pointwise binomial descriptive; not simultaneous or deployment guarantee,undefined / insufficient fraud support,353,0,353,0,351,2,0,0.0,0.0,0.0,0.0,0.0,,,,single-class support
44,validation,pooled,0.15,0ae35bb1233f4ad0d4211d46bb305e9f70bc6c15243883e359711e29da84a6a3,0.20844447267107086,0.3642219339500557,0.8495065789473685,3099,549,232,32,0.13793103448275862,0.18080432193243204,"P(prediction=benign | direct route, fraud)",pointwise binomial descriptive; not simultaneous or deployment guarantee,supported,3648,393,3255,328,3169,86,65,0.8128872366790583,0.7922705314009661,0.8346055979643766,0.16539440203562342,0.78997295166605,0.8389696984451125,0.935451038332102,0.9040923535136783,
44,validation,ethereum,0.15,0ae35bb1233f4ad0d4211d46bb305e9f70bc6c15243883e359711e29da84a6a3,0.20844447267107086,0.3642219339500557,0.832258064516129,1806,364,222,22,0.0990990990990991,0.13847875472616647,"P(prediction=benign | direct route, fraud)",pointwise binomial descriptive; not simultaneous or deployment guarantee,supported,2170,361,1809,318,1753,56,43,0.8653061224489796,0.8502673796791443,0.8808864265927978,0.11911357340720222,0.8380445875413636,0.8888139182278678,0.9473163575780684,0.9249650485645029,
44,validation,bsc,0.15,0ae35bb1233f4ad0d4211d46bb305e9f70bc6c15243883e359711e29da84a6a3,0.20844447267107086,0.3642219339500557,0.8826666666666667,993,132,9,9,1.0,1.0,"P(prediction=benign | direct route, fraud)",pointwise binomial descriptive; not simultaneous or deployment guarantee,supported,1125,31,1094,10,1070,24,21,0.3076923076923077,0.29411764705882354,0.3225806451612903,0.6774193548387096,0.2874673232508752,0.1875167045361412,0.7866367871675415,0.6503214011912485,
44,validation,polygon,0.15,0ae35bb1233f4ad0d4211d46bb305e9f70bc6c15243883e359711e29da84a6a3,0.20844447267107086,0.3642219339500557,0.8498583569405099,300,53,1,1,1.0,1.0,"P(prediction=benign | direct route, fraud)",pointwise binomial descriptive; not simultaneous or deployment guarantee,supported,353,1,352,0,346,6,1,0.0,0.0,0.0,1.0,-0.007008733651184125,0.0064516129032258064,0.5625,0.4914772727272727,
44,test,pooled,0.15,0ae35bb1233f4ad0d4211d46bb305e9f70bc6c15243883e359711e29da84a6a3,0.20844447267107086,0.3642219339500557,0.8892543859649122,3244,404,57,22,0.38596491228070173,0.5034315730409522,"P(prediction=benign | direct route, fraud)",pointwise binomial descriptive; not simultaneous or deployment guarantee,supported,3648,161,3487,95,3449,38,66,0.6462585034013606,0.7142857142857143,0.5900621118012422,0.40993788819875776,0.6346764069577386,0.6449366840870838,0.926019803814345,0.7895822460354074,
44,test,ethereum,0.15,0ae35bb1233f4ad0d4211d46bb305e9f70bc6c15243883e359711e29da84a6a3,0.20844447267107086,0.3642219339500557,0.8847926267281107,1920,250,48,15,0.3125,0.4396788376882758,"P(prediction=benign | direct route, fraud)",pointwise binomial descriptive; not simultaneous or deployment guarantee,supported,2170,136,2034,85,2012,22,51,0.6995884773662552,0.794392523364486,0.625,0.375,0.687546119365094,0.7453170058507166,0.9433093296315576,0.8070919370698132,
44,test,bsc,0.15,0ae35bb1233f4ad0d4211d46bb305e9f70bc6c15243883e359711e29da84a6a3,0.20844447267107086,0.3642219339500557,0.8951111111111111,1007,118,9,7,0.7777777777777778,0.9589768324930035,"P(prediction=benign | direct route, fraud)",pointwise binomial descriptive; not simultaneous or deployment guarantee,supported,1125,25,1100,10,1088,12,15,0.425531914893617,0.45454545454545453,0.4,0.6,0.4142078584167014,0.24584897974042724,0.8309454545454545,0.6945454545454546,
44,test,polygon,0.15,0ae35bb1233f4ad0d4211d46bb305e9f70bc6c15243883e359711e29da84a6a3,0.20844447267107086,0.3642219339500557,0.8980169971671388,317,36,0,0,,,"P(prediction=benign | direct route, fraud)",pointwise binomial descriptive; not simultaneous or deployment guarantee,undefined / insufficient fraud support,353,0,353,0,349,4,0,0.0,0.0,0.0,0.0,0.0,,,,single-class support
44,validation,pooled,0.2,c3a9e2067dce27c0dc33f81003ed17b4ecda7a4f5c74d05aed96f0062b6f8386,0.22177152523438448,0.3642219339500557,0.7996162280701754,2917,731,230,31,0.13478260869565217,0.177542531795747,"P(prediction=benign | direct route, fraud)",pointwise binomial descriptive; not simultaneous or deployment guarantee,supported,3648,393,3255,328,3169,86,65,0.8128872366790583,0.7922705314009661,0.8346055979643766,0.16539440203562342,0.78997295166605,0.8394295453063456,0.9358379943950002,0.9040923535136783,
44,validation,ethereum,0.2,c3a9e2067dce27c0dc33f81003ed17b4ecda7a4f5c74d05aed96f0062b6f8386,0.22177152523438448,0.3642219339500557,0.7847926267281106,1703,467,220,21,0.09545454545454546,0.13454446442087867,"P(prediction=benign | direct route, fraud)",pointwise binomial descriptive; not simultaneous or deployment guarantee,supported,2170,361,1809,318,1753,56,43,0.8653061224489796,0.8502673796791443,0.8808864265927978,0.11911357340720222,0.8380445875413636,0.8882719867544362,0.9473240139713867,0.9249650485645029,
44,validation,bsc,0.2,c3a9e2067dce27c0dc33f81003ed17b4ecda7a4f5c74d05aed96f0062b6f8386,0.22177152523438448,0.3642219339500557,0.8311111111111111,935,190,9,9,1.0,1.0,"P(prediction=benign | direct route, fraud)",pointwise binomial descriptive; not simultaneous or deployment guarantee,supported,1125,31,1094,10,1070,24,21,0.3076923076923077,0.29411764705882354,0.3225806451612903,0.6774193548387096,0.2874673232508752,0.19491270266878274,0.7907059031668338,0.6503214011912485,
44,validation,polygon,0.2,c3a9e2067dce27c0dc33f81003ed17b4ecda7a4f5c74d05aed96f0062b6f8386,0.22177152523438448,0.3642219339500557,0.7903682719546742,279,74,1,1,1.0,1.0,"P(prediction=benign | direct route, fraud)",pointwise binomial descriptive; not simultaneous or deployment guarantee,supported,353,1,352,0,346,6,1,0.0,0.0,0.0,1.0,-0.007008733651184125,0.0064516129032258064,0.5625,0.4914772727272727,
44,test,pooled,0.2,c3a9e2067dce27c0dc33f81003ed17b4ecda7a4f5c74d05aed96f0062b6f8386,0.22177152523438448,0.3642219339500557,0.8278508771929824,3020,628,54,19,0.35185185185185186,0.4722681670780637,"P(prediction=benign | direct route, fraud)",pointwise binomial descriptive; not simultaneous or deployment guarantee,supported,3648,161,3487,95,3449,38,66,0.6462585034013606,0.7142857142857143,0.5900621118012422,0.40993788819875776,0.6346764069577386,0.6509229340135464,0.928460101138746,0.7895822460354074,
44,test,ethereum,0.2,c3a9e2067dce27c0dc33f81003ed17b4ecda7a4f5c74d05aed96f0062b6f8386,0.22177152523438448,0.3642219339500557,0.8211981566820277,1782,388,46,13,0.2826086956521739,0.4113200778270719,"P(prediction=benign | direct route, fraud)",pointwise binomial descriptive; not simultaneous or deployment guarantee,supported,2170,136,2034,85,2012,22,51,0.6995884773662552,0.794392523364486,0.625,0.375,0.687546119365094,0.7500576812327672,0.9459229857134593,0.8070919370698132,
44,test,bsc,0.2,c3a9e2067dce27c0dc33f81003ed17b4ecda7a4f5c74d05aed96f0062b6f8386,0.22177152523438448,0.3642219339500557,0.8417777777777777,947,178,8,6,0.75,0.9536107360203888,"P(prediction=benign | direct route, fraud)",pointwise binomial descriptive; not simultaneous or deployment guarantee,supported,1125,25,1100,10,1088,12,15,0.425531914893617,0.45454545454545453,0.4,0.6,0.4142078584167014,0.2533300457904236,0.8321090909090909,0.6945454545454546,
44,test,polygon,0.2,c3a9e2067dce27c0dc33f81003ed17b4ecda7a4f5c74d05aed96f0062b6f8386,0.22177152523438448,0.3642219339500557,0.8243626062322946,291,62,0,0,,,"P(prediction=benign | direct route, fraud)",pointwise binomial descriptive; not simultaneous or deployment guarantee,undefined / insufficient fraud support,353,0,353,0,349,4,0,0.0,0.0,0.0,0.0,0.0,,,,single-class support
44,validation,pooled,0.25,8cf59142b012d17ec1dbe17b1d4fde2b89c969009ff81409da3a12e877253d92,0.23183656624543098,0.3642219339500557,0.7497258771929824,2735,913,228,30,0.13157894736842105,0.17421363271385673,"P(prediction=benign | direct route, fraud)",pointwise binomial descriptive; not simultaneous or deployment guarantee,supported,3648,393,3255,328,3169,86,65,0.8128872366790583,0.7922705314009661,0.8346055979643766,0.16539440203562342,0.78997295166605,0.8398280501752519,0.9359646345610392,0.9040923535136783,
44,validation,ethereum,0.25,8cf59142b012d17ec1dbe17b1d4fde2b89c969009ff81409da3a12e877253d92,0.23183656624543098,0.3642219339500557,0.7341013824884792,1593,577,218,20,0.09174311926605505,0.13051908670176515,"P(prediction=benign | direct route, fraud)",pointwise binomial descriptive; not simultaneous or deployment guarantee,supported,2170,361,1809,318,1753,56,43,0.8653061224489796,0.8502673796791443,0.8808864265927978,0.11911357340720222,0.8380445875413636,0.8886154782483964,0.9474863295097307,0.9249650485645029,
44,validation,bsc,0.25,8cf59142b012d17ec1dbe17b1d4fde2b89c969009ff81409da3a12e877253d92,0.23183656624543098,0.3642219339500557,0.7857777777777778,884,241,9,9,1.0,1.0,"P(prediction=benign | direct route, fraud)",pointwise binomial descriptive; not simultaneous or deployment guarantee,supported,1125,31,1094,10,1070,24,21,0.3076923076923077,0.29411764705882354,0.3225806451612903,0.6774193548387096,0.2874673232508752,0.1953887493967944,0.7908828212537595,0.6503214011912485,
44,validation,polygon,0.25,8cf59142b012d17ec1dbe17b1d4fde2b89c969009ff81409da3a12e877253d92,0.23183656624543098,0.3642219339500557,0.7308781869688386,258,95,1,1,1.0,1.0,"P(prediction=benign | direct route, fraud)",pointwise binomial descriptive; not simultaneous or deployment guarantee,supported,353,1,352,0,346,6,1,0.0,0.0,0.0,1.0,-0.007008733651184125,0.0064516129032258064,0.5625,0.4914772727272727,
44,test,pooled,0.25,8cf59142b012d17ec1dbe17b1d4fde2b89c969009ff81409da3a12e877253d92,0.23183656624543098,0.3642219339500557,0.7691885964912281,2806,842,51,16,0.3137254901960784,0.43672836622251315,"P(prediction=benign | direct route, fraud)",pointwise binomial descriptive; not simultaneous or deployment guarantee,supported,3648,161,3487,95,3449,38,66,0.6462585034013606,0.7142857142857143,0.5900621118012422,0.40993788819875776,0.6346764069577386,0.6494476705616788,0.9290496912222326,0.7895822460354074,
44,test,ethereum,0.25,8cf59142b012d17ec1dbe17b1d4fde2b89c969009ff81409da3a12e877253d92,0.23183656624543098,0.3642219339500557,0.7599078341013825,1649,521,44,11,0.25,0.3797055294287586,"P(prediction=benign | direct route, fraud)",pointwise binomial descriptive; not simultaneous or deployment guarantee,supported,2170,136,2034,85,2012,22,51,0.6995884773662552,0.794392523364486,0.625,0.375,0.687546119365094,0.7485845652242544,0.9477341083926196,0.8070919370698132,
44,test,bsc,0.25,8cf59142b012d17ec1dbe17b1d4fde2b89c969009ff81409da3a12e877253d92,0.23183656624543098,0.3642219339500557,0.7937777777777778,893,232,7,5,0.7142857142857143,0.9466244995297628,"P(prediction=benign | direct route, fraud)",pointwise binomial descriptive; not simultaneous or deployment guarantee,supported,1125,25,1100,10,1088,12,15,0.425531914893617,0.45454545454545453,0.4,0.6,0.4142078584167014,0.2520014151171715,0.8270909090909092,0.6945454545454546,
44,test,polygon,0.25,8cf59142b012d17ec1dbe17b1d4fde2b89c969009ff81409da3a12e877253d92,0.23183656624543098,0.3642219339500557,0.7478753541076487,264,89,0,0,,,"P(prediction=benign | direct route, fraud)",pointwise binomial descriptive; not simultaneous or deployment guarantee,undefined / insufficient fraud support,353,0,353,0,349,4,0,0.0,0.0,0.0,0.0,0.0,,,,single-class support
44,validation,pooled,0.3,f36606dd17dfc75e08cddc8e5d1fa519b3494c99965d069c08f5d7f12a8f81a3,0.23969316511810637,0.3642219339500557,0.6995614035087719,2552,1096,226,30,0.13274336283185842,0.1757166873452166,"P(prediction=benign | direct route, fraud)",pointwise binomial descriptive; not simultaneous or deployment guarantee,supported,3648,393,3255,328,3169,86,65,0.8128872366790583,0.7922705314009661,0.8346055979643766,0.16539440203562342,0.78997295166605,0.8403043349825727,0.9366353584033958,0.9040923535136783,
44,validation,ethereum,0.3,f36606dd17dfc75e08cddc8e5d1fa519b3494c99965d069c08f5d7f12a8f81a3,0.23969316511810637,0.3642219339500557,0.6880184331797236,1493,677,216,20,0.09259259259259259,0.13170127188994585,"P(prediction=benign | direct route, fraud)",pointwise binomial descriptive; not simultaneous or deployment guarantee,supported,2170,361,1809,318,1753,56,43,0.8653061224489796,0.8502673796791443,0.8808864265927978,0.11911357340720222,0.8380445875413636,0.8888787891212784,0.9480804656312162,0.9249650485645029,
44,validation,bsc,0.3,f36606dd17dfc75e08cddc8e5d1fa519b3494c99965d069c08f5d7f12a8f81a3,0.23969316511810637,0.3642219339500557,0.7368888888888889,829,296,9,9,1.0,1.0,"P(prediction=benign | direct route, fraud)",pointwise binomial descriptive; not simultaneous or deployment guarantee,supported,1125,31,1094,10,1070,24,21,0.3076923076923077,0.29411764705882354,0.3225806451612903,0.6774193548387096,0.2874673232508752,0.1953887493967944,0.7908828212537595,0.6503214011912485,
44,validation,polygon,0.3,f36606dd17dfc75e08cddc8e5d1fa519b3494c99965d069c08f5d7f12a8f81a3,0.23969316511810637,0.3642219339500557,0.6515580736543909,230,123,1,1,1.0,1.0,"P(prediction=benign | direct route, fraud)",pointwise binomial descriptive; not simultaneous or deployment guarantee,supported,353,1,352,0,346,6,1,0.0,0.0,0.0,1.0,-0.007008733651184125,0.0070921985815602835,0.6022727272727273,0.4914772727272727,
44,test,pooled,0.3,f36606dd17dfc75e08cddc8e5d1fa519b3494c99965d069c08f5d7f12a8f81a3,0.23969316511810637,0.3642219339500557,0.7094298245614035,2588,1060,49,14,0.2857142857142857,0.4100851463384662,"P(prediction=benign | direct route, fraud)",pointwise binomial descriptive; not simultaneous or deployment guarantee,supported,3648,161,3487,95,3449,38,66,0.6462585034013606,0.7142857142857143,0.5900621118012422,0.40993788819875776,0.6346764069577386,0.6484431360162357,0.9294166264403543,0.7895822460354074,
44,test,ethereum,0.3,f36606dd17dfc75e08cddc8e5d1fa519b3494c99965d069c08f5d7f12a8f81a3,0.23969316511810637,0.3642219339500557,0.6981566820276498,1515,655,42,9,0.21428571428571427,0.3441504003813047,"P(prediction=benign | direct route, fraud)",pointwise binomial descriptive; not simultaneous or deployment guarantee,supported,2170,136,2034,85,2012,22,51,0.6995884773662552,0.794392523364486,0.625,0.375,0.687546119365094,0.7462809788006821,0.9469568800971716,0.8070919370698132,
44,test,bsc,0.3,f36606dd17dfc75e08cddc8e5d1fa519b3494c99965d069c08f5d7f12a8f81a3,0.23969316511810637,0.3642219339500557,0.7351111111111112,827,298,7,5,0.7142857142857143,0.9466244995297628,"P(prediction=benign | direct route, fraud)",pointwise binomial descriptive; not simultaneous or deployment guarantee,supported,1125,25,1100,10,1088,12,15,0.425531914893617,0.45454545454545453,0.4,0.6,0.4142078584167014,0.2536853940468252,0.8323636363636364,0.6945454545454546,
44,test,polygon,0.3,f36606dd17dfc75e08cddc8e5d1fa519b3494c99965d069c08f5d7f12a8f81a3,0.23969316511810637,0.3642219339500557,0.6968838526912181,246,107,0,0,,,"P(prediction=benign | direct route, fraud)",pointwise binomial descriptive; not simultaneous or deployment guarantee,undefined / insufficient fraud support,353,0,353,0,349,4,0,0.0,0.0,0.0,0.0,0.0,,,,single-class support
44,validation,pooled,0.35,40ac60a074d6b3540d058e80dafc6cc674b45943a54fb6328b5d48d4c9474202,0.24699714320138078,0.3642219339500557,0.649671052631579,2370,1278,224,29,0.12946428571428573,0.172302475860739,"P(prediction=benign | direct route, fraud)",pointwise binomial descriptive; not simultaneous or deployment guarantee,supported,3648,393,3255,328,3169,86,65,0.8128872366790583,0.7922705314009661,0.8346055979643766,0.16539440203562342,0.78997295166605,0.8387901826563108,0.936773724510735,0.9040923535136783,
44,validation,ethereum,0.35,40ac60a074d6b3540d058e80dafc6cc674b45943a54fb6328b5d48d4c9474202,0.24699714320138078,0.3642219339500557,0.6423963133640553,1394,776,214,19,0.08878504672897196,0.12755454633449856,"P(prediction=benign | direct route, fraud)",pointwise binomial descriptive; not simultaneous or deployment guarantee,supported,2170,361,1809,318,1753,56,43,0.8653061224489796,0.8502673796791443,0.8808864265927978,0.11911357340720222,0.8380445875413636,0.888370594533089,0.9480498400579437,0.9249650485645029,
44,validation,bsc,0.35,40ac60a074d6b3540d058e80dafc6cc674b45943a54fb6328b5d48d4c9474202,0.24699714320138078,0.3642219339500557,0.6773333333333333,762,363,9,9,1.0,1.0,"P(prediction=benign | direct route, fraud)",pointwise binomial descriptive; not simultaneous or deployment guarantee,supported,1125,31,1094,10,1070,24,21,0.3076923076923077,0.29411764705882354,0.3225806451612903,0.6774193548387096,0.2874673232508752,0.19463732373731515,0.7921507342100608,0.6503214011912485,
44,validation,polygon,0.35,40ac60a074d6b3540d058e80dafc6cc674b45943a54fb6328b5d48d4c9474202,0.24699714320138078,0.3642219339500557,0.6062322946175638,214,139,1,1,1.0,1.0,"P(prediction=benign | direct route, fraud)",pointwise binomial descriptive; not simultaneous or deployment guarantee,supported,353,1,352,0,346,6,1,0.0,0.0,0.0,1.0,-0.007008733651184125,0.008,0.6477272727272727,0.4914772727272727,
44,test,pooled,0.35,40ac60a074d6b3540d058e80dafc6cc674b45943a54fb6328b5d48d4c9474202,0.24699714320138078,0.3642219339500557,0.6417214912280702,2341,1307,47,12,0.2553191489361702,0.38060140042859186,"P(prediction=benign | direct route, fraud)",pointwise binomial descriptive; not simultaneous or deployment guarantee,supported,3648,161,3487,95,3449,38,66,0.6462585034013606,0.7142857142857143,0.5900621118012422,0.40993788819875776,0.6346764069577386,0.6464362372314025,0.929197534052835,0.7895822460354074,
44,test,ethereum,0.35,40ac60a074d6b3540d058e80dafc6cc674b45943a54fb6328b5d48d4c9474202,0.24699714320138078,0.3642219339500557,0.6202764976958526,1346,824,40,7,0.175,0.3037056670034146,"P(prediction=benign | direct route, fraud)",pointwise binomial descriptive; not simultaneous or deployment guarantee,supported,2170,136,2034,85,2012,22,51,0.6995884773662552,0.794392523364486,0.625,0.375,0.687546119365094,0.7454876419466973,0.9457820001156805,0.8070919370698132,
44,test,bsc,0.35,40ac60a074d6b3540d058e80dafc6cc674b45943a54fb6328b5d48d4c9474202,0.24699714320138078,0.3642219339500557,0.6835555555555556,769,356,7,5,0.7142857142857143,0.9466244995297628,"P(prediction=benign | direct route, fraud)",pointwise binomial descriptive; not simultaneous or deployment guarantee,supported,1125,25,1100,10,1088,12,15,0.425531914893617,0.45454545454545453,0.4,0.6,0.4142078584167014,0.2524632795591473,0.8370181818181819,0.6945454545454546,
44,test,polygon,0.35,40ac60a074d6b3540d058e80dafc6cc674b45943a54fb6328b5d48d4c9474202,0.24699714320138078,0.3642219339500557,0.6402266288951841,226,127,0,0,,,"P(prediction=benign | direct route, fraud)",pointwise binomial descriptive; not simultaneous or deployment guarantee,undefined / insufficient fraud support,353,0,353,0,349,4,0,0.0,0.0,0.0,0.0,0.0,,,,single-class support
44,validation,pooled,0.4,104d4b6974f567f9bc8b72a2294106fef25ff3eda673e7641f1379b00b7513ec,0.25303454172928724,0.3642219339500557,0.5997807017543859,2188,1460,220,27,0.12272727272727273,0.165253122937107,"P(prediction=benign | direct route, fraud)",pointwise binomial descriptive; not simultaneous or deployment guarantee,supported,3648,393,3255,328,3169,86,65,0.8128872366790583,0.7922705314009661,0.8346055979643766,0.16539440203562342,0.78997295166605,0.8386490381424698,0.9365329518493765,0.9040923535136783,
44,validation,ethereum,0.4,104d4b6974f567f9bc8b72a2294106fef25ff3eda673e7641f1379b00b7513ec,0.25303454172928724,0.3642219339500557,0.5944700460829493,1290,880,211,18,0.08530805687203792,0.12387897920594992,"P(prediction=benign | direct route, fraud)",pointwise binomial descriptive; not simultaneous or deployment guarantee,supported,2170,361,1809,318,1753,56,43,0.8653061224489796,0.8502673796791443,0.8808864265927978,0.11911357340720222,0.8380445875413636,0.8881403545242706,0.9480406523859619,0.9249650485645029,
44,validation,bsc,0.4,104d4b6974f567f9bc8b72a2294106fef25ff3eda673e7641f1379b00b7513ec,0.25303454172928724,0.3642219339500557,0.6257777777777778,704,421,9,9,1.0,1.0,"P(prediction=benign | direct route, fraud)",pointwise binomial descriptive; not simultaneous or deployment guarantee,supported,1125,31,1094,10,1070,24,21,0.3076923076923077,0.29411764705882354,0.3225806451612903,0.6774193548387096,0.2874673232508752,0.19495670801492346,0.7937724833402134,0.6503214011912485,
44,validation,polygon,0.4,104d4b6974f567f9bc8b72a2294106fef25ff3eda673e7641f1379b00b7513ec,0.25303454172928724,0.3642219339500557,0.5495750708215298,194,159,0,0,,,"P(prediction=benign | direct route, fraud)",pointwise binomial descriptive; not simultaneous or deployment guarantee,undefined / insufficient fraud support,353,1,352,0,346,6,1,0.0,0.0,0.0,1.0,-0.007008733651184125,0.00546448087431694,0.4829545454545454,0.4914772727272727,
44,test,pooled,0.4,104d4b6974f567f9bc8b72a2294106fef25ff3eda673e7641f1379b00b7513ec,0.25303454172928724,0.3642219339500557,0.5819627192982456,2123,1525,45,10,0.2222222222222222,0.34772854218527693,"P(prediction=benign | direct route, fraud)",pointwise binomial descriptive; not simultaneous or deployment guarantee,supported,3648,161,3487,95,3449,38,66,0.6462585034013606,0.7142857142857143,0.5900621118012422,0.40993788819875776,0.6346764069577386,0.6465708577301365,0.9294433450241981,0.7895822460354074,
44,test,ethereum,0.4,104d4b6974f567f9bc8b72a2294106fef25ff3eda673e7641f1379b00b7513ec,0.25303454172928724,0.3642219339500557,0.5576036866359447,1210,960,39,6,0.15384615384615385,0.28123607989900634,"P(prediction=benign | direct route, fraud)",pointwise binomial descriptive; not simultaneous or deployment guarantee,supported,2170,136,2034,85,2012,22,51,0.6995884773662552,0.794392523364486,0.625,0.375,0.687546119365094,0.7456333345473313,0.9459193706981318,0.8070919370698132,
44,test,bsc,0.4,104d4b6974f567f9bc8b72a2294106fef25ff3eda673e7641f1379b00b7513ec,0.25303454172928724,0.3642219339500557,0.624,702,423,6,4,0.6666666666666666,0.9371501082916456,"P(prediction=benign | direct route, fraud)",pointwise binomial descriptive; not simultaneous or deployment guarantee,supported,1125,25,1100,10,1088,12,15,0.425531914893617,0.45454545454545453,0.4,0.6,0.4142078584167014,0.2525587230729362,0.8374181818181818,0.6945454545454546,
44,test,polygon,0.4,104d4b6974f567f9bc8b72a2294106fef25ff3eda673e7641f1379b00b7513ec,0.25303454172928724,0.3642219339500557,0.5977337110481586,211,142,0,0,,,"P(prediction=benign | direct route, fraud)",pointwise binomial descriptive; not simultaneous or deployment guarantee,undefined / insufficient fraud support,353,0,353,0,349,4,0,0.0,0.0,0.0,0.0,0.0,,,,single-class support
44,validation,pooled,0.45,f6e8fa9b703b958813be23517d23530b904269d544b5fc78d9de14b47fc3b35b,0.2583264466677794,0.3642219339500557,0.5496162280701754,2005,1643,216,24,0.1111111111111111,0.15269207548578198,"P(prediction=benign | direct route, fraud)",pointwise binomial descriptive; not simultaneous or deployment guarantee,supported,3648,393,3255,328,3169,86,65,0.8128872366790583,0.7922705314009661,0.8346055979643766,0.16539440203562342,0.78997295166605,0.8380945429834383,0.936025609455799,0.9040923535136783,
44,validation,ethereum,0.45,f6e8fa9b703b958813be23517d23530b904269d544b5fc78d9de14b47fc3b35b,0.2583264466677794,0.3642219339500557,0.5483870967741935,1190,980,208,16,0.07692307692307693,0.11449013844522994,"P(prediction=benign | direct route, fraud)",pointwise binomial descriptive; not simultaneous or deployment guarantee,supported,2170,361,1809,318,1753,56,43,0.8653061224489796,0.8502673796791443,0.8808864265927978,0.11911357340720222,0.8380445875413636,0.8875722407616562,0.9476057692454931,0.9249650485645029,
44,validation,bsc,0.45,f6e8fa9b703b958813be23517d23530b904269d544b5fc78d9de14b47fc3b35b,0.2583264466677794,0.3642219339500557,0.5706666666666667,642,483,8,8,1.0,1.0,"P(prediction=benign | direct route, fraud)",pointwise binomial descriptive; not simultaneous or deployment guarantee,supported,1125,31,1094,10,1070,24,21,0.3076923076923077,0.29411764705882354,0.3225806451612903,0.6774193548387096,0.2874673232508752,0.19439837059068849,0.7907353895146547,0.6503214011912485,
44,validation,polygon,0.45,f6e8fa9b703b958813be23517d23530b904269d544b5fc78d9de14b47fc3b35b,0.2583264466677794,0.3642219339500557,0.49008498583569404,173,180,0,0,,,"P(prediction=benign | direct route, fraud)",pointwise binomial descriptive; not simultaneous or deployment guarantee,undefined / insufficient fraud support,353,1,352,0,346,6,1,0.0,0.0,0.0,1.0,-0.007008733651184125,0.006134969325153374,0.5397727272727273,0.4914772727272727,
44,test,pooled,0.45,f6e8fa9b703b958813be23517d23530b904269d544b5fc78d9de14b47fc3b35b,0.2583264466677794,0.3642219339500557,0.5260416666666666,1919,1729,45,10,0.2222222222222222,0.34772854218527693,"P(prediction=benign | direct route, fraud)",pointwise binomial descriptive; not simultaneous or deployment guarantee,supported,3648,161,3487,95,3449,38,66,0.6462585034013606,0.7142857142857143,0.5900621118012422,0.40993788819875776,0.6346764069577386,0.6467858765094947,0.9303767142198085,0.7895822460354074,
44,test,ethereum,0.45,f6e8fa9b703b958813be23517d23530b904269d544b5fc78d9de14b47fc3b35b,0.2583264466677794,0.3642219339500557,0.5009216589861751,1087,1083,39,6,0.15384615384615385,0.28123607989900634,"P(prediction=benign | direct route, fraud)",pointwise binomial descriptive; not simultaneous or deployment guarantee,supported,2170,136,2034,85,2012,22,51,0.6995884773662552,0.794392523364486,0.625,0.375,0.687546119365094,0.7459147186730928,0.9469677251431546,0.8070919370698132,
44,test,bsc,0.45,f6e8fa9b703b958813be23517d23530b904269d544b5fc78d9de14b47fc3b35b,0.2583264466677794,0.3642219339500557,0.5724444444444444,644,481,6,4,0.6666666666666666,0.9371501082916456,"P(prediction=benign | direct route, fraud)",pointwise binomial descriptive; not simultaneous or deployment guarantee,supported,1125,25,1100,10,1088,12,15,0.425531914893617,0.45454545454545453,0.4,0.6,0.4142078584167014,0.2526951753146516,0.8380727272727273,0.6945454545454546,
44,test,polygon,0.45,f6e8fa9b703b958813be23517d23530b904269d544b5fc78d9de14b47fc3b35b,0.2583264466677794,0.3642219339500557,0.5325779036827195,188,165,0,0,,,"P(prediction=benign | direct route, fraud)",pointwise binomial descriptive; not simultaneous or deployment guarantee,undefined / insufficient fraud support,353,0,353,0,349,4,0,0.0,0.0,0.0,0.0,0.0,,,,single-class support
44,validation,pooled,0.5,4c363e03a1ed1a9aff653d3fcb39e81b7a7ec15c8a937a2016355038fdd5bfd0,0.2632188497167315,0.3642219339500557,0.49972587719298245,1823,1825,214,22,0.102803738317757,0.14353679528741048,"P(prediction=benign | direct route, fraud)",pointwise binomial descriptive; not simultaneous or deployment guarantee,supported,3648,393,3255,328,3169,86,65,0.8128872366790583,0.7922705314009661,0.8346055979643766,0.16539440203562342,0.78997295166605,0.8381312627862734,0.9360834574328788,0.9040923535136783,
44,validation,ethereum,0.5,4c363e03a1ed1a9aff653d3fcb39e81b7a7ec15c8a937a2016355038fdd5bfd0,0.2632188497167315,0.3642219339500557,0.5013824884792627,1088,1082,207,15,0.07246376811594203,0.10938947072435219,"P(prediction=benign | direct route, fraud)",pointwise binomial descriptive; not simultaneous or deployment guarantee,supported,2170,361,1809,318,1753,56,43,0.8653061224489796,0.8502673796791443,0.8808864265927978,0.11911357340720222,0.8380445875413636,0.88759787488619,0.9476440512120835,0.9249650485645029,
44,validation,bsc,0.5,4c363e03a1ed1a9aff653d3fcb39e81b7a7ec15c8a937a2016355038fdd5bfd0,0.2632188497167315,0.3642219339500557,0.5146666666666667,579,546,7,7,1.0,1.0,"P(prediction=benign | direct route, fraud)",pointwise binomial descriptive; not simultaneous or deployment guarantee,supported,1125,31,1094,10,1070,24,21,0.3076923076923077,0.29411764705882354,0.3225806451612903,0.6774193548387096,0.2874673232508752,0.19438267366796655,0.7903225806451613,0.6503214011912485,
44,validation,polygon,0.5,4c363e03a1ed1a9aff653d3fcb39e81b7a7ec15c8a937a2016355038fdd5bfd0,0.2632188497167315,0.3642219339500557,0.44192634560906513,156,197,0,0,,,"P(prediction=benign | direct route, fraud)",pointwise binomial descriptive; not simultaneous or deployment guarantee,undefined / insufficient fraud support,353,1,352,0,346,6,1,0.0,0.0,0.0,1.0,-0.007008733651184125,0.00641025641025641,0.5596590909090908,0.4914772727272727,
44,test,pooled,0.5,4c363e03a1ed1a9aff653d3fcb39e81b7a7ec15c8a937a2016355038fdd5bfd0,0.2632188497167315,0.3642219339500557,0.46573464912280704,1699,1949,43,8,0.18604651162790697,0.3107276162045383,"P(prediction=benign | direct route, fraud)",pointwise binomial descriptive; not simultaneous or deployment guarantee,supported,3648,161,3487,95,3449,38,66,0.6462585034013606,0.7142857142857143,0.5900621118012422,0.40993788819875776,0.6346764069577386,0.6467226878751683,0.9298957797106201,0.7895822460354074,
44,test,ethereum,0.5,4c363e03a1ed1a9aff653d3fcb39e81b7a7ec15c8a937a2016355038fdd5bfd0,0.2632188497167315,0.3642219339500557,0.4368663594470046,948,1222,37,4,0.10810810810810811,0.23054285080233342,"P(prediction=benign | direct route, fraud)",pointwise binomial descriptive; not simultaneous or deployment guarantee,supported,2170,136,2034,85,2012,22,51,0.6995884773662552,0.794392523364486,0.625,0.375,0.687546119365094,0.745811630538468,0.9463423274914686,0.8070919370698132,
44,test,bsc,0.5,4c363e03a1ed1a9aff653d3fcb39e81b7a7ec15c8a937a2016355038fdd5bfd0,0.2632188497167315,0.3642219339500557,0.5111111111111111,575,550,6,4,0.6666666666666666,0.9371501082916456,"P(prediction=benign | direct route, fraud)",pointwise binomial descriptive; not simultaneous or deployment guarantee,supported,1125,25,1100,10,1088,12,15,0.425531914893617,0.45454545454545453,0.4,0.6,0.4142078584167014,0.2526951753146516,0.8380727272727273,0.6945454545454546,
44,test,polygon,0.5,4c363e03a1ed1a9aff653d3fcb39e81b7a7ec15c8a937a2016355038fdd5bfd0,0.2632188497167315,0.3642219339500557,0.4985835694050991,176,177,0,0,,,"P(prediction=benign | direct route, fraud)",pointwise binomial descriptive; not simultaneous or deployment guarantee,undefined / insufficient fraud support,353,0,353,0,349,4,0,0.0,0.0,0.0,0.0,0.0,,,,single-class support
44,validation,pooled,0.55,7f34d59f92afb55f037493861403bca56e869433dbcfb6d02debc6b96370c0d6,0.26798697228957674,0.3642219339500557,0.4498355263157895,1641,2007,214,22,0.102803738317757,0.14353679528741048,"P(prediction=benign | direct route, fraud)",pointwise binomial descriptive; not simultaneous or deployment guarantee,supported,3648,393,3255,328,3169,86,65,0.8128872366790583,0.7922705314009661,0.8346055979643766,0.16539440203562342,0.78997295166605,0.8381606361328489,0.9361882091751583,0.9040923535136783,
44,validation,ethereum,0.55,7f34d59f92afb55f037493861403bca56e869433dbcfb6d02debc6b96370c0d6,0.26798697228957674,0.3642219339500557,0.4557603686635945,989,1181,207,15,0.07246376811594203,0.10938947072435219,"P(prediction=benign | direct route, fraud)",pointwise binomial descriptive; not simultaneous or deployment guarantee,supported,2170,361,1809,318,1753,56,43,0.8653061224489796,0.8502673796791443,0.8808864265927978,0.11911357340720222,0.8380445875413636,0.8876116626865849,0.9476792706213468,0.9249650485645029,
44,validation,bsc,0.55,7f34d59f92afb55f037493861403bca56e869433dbcfb6d02debc6b96370c0d6,0.26798697228957674,0.3642219339500557,0.46044444444444443,518,607,7,7,1.0,1.0,"P(prediction=benign | direct route, fraud)",pointwise binomial descriptive; not simultaneous or deployment guarantee,supported,1125,31,1094,10,1070,24,21,0.3076923076923077,0.29411764705882354,0.3225806451612903,0.6774193548387096,0.2874673232508752,0.19445532766927853,0.7912366574276111,0.6503214011912485,
44,validation,polygon,0.55,7f34d59f92afb55f037493861403bca56e869433dbcfb6d02debc6b96370c0d6,0.26798697228957674,0.3642219339500557,0.37960339943342775,134,219,0,0,,,"P(prediction=benign | direct route, fraud)",pointwise binomial descriptive; not simultaneous or deployment guarantee,undefined / insufficient fraud support,353,1,352,0,346,6,1,0.0,0.0,0.0,1.0,-0.007008733651184125,0.00641025641025641,0.5596590909090908,0.4914772727272727,
44,test,pooled,0.55,7f34d59f92afb55f037493861403bca56e869433dbcfb6d02debc6b96370c0d6,0.26798697228957674,0.3642219339500557,0.40542763157894735,1479,2169,42,7,0.16666666666666666,0.29036775211221694,"P(prediction=benign | direct route, fraud)",pointwise binomial descriptive; not simultaneous or deployment guarantee,supported,3648,161,3487,95,3449,38,66,0.6462585034013606,0.7142857142857143,0.5900621118012422,0.40993788819875776,0.6346764069577386,0.6467655785784264,0.9302253089113603,0.7895822460354074,
44,test,ethereum,0.55,7f34d59f92afb55f037493861403bca56e869433dbcfb6d02debc6b96370c0d6,0.26798697228957674,0.3642219339500557,0.37557603686635943,815,1355,36,3,0.08333333333333333,0.20151993207935265,"P(prediction=benign | direct route, fraud)",pointwise binomial descriptive; not simultaneous or deployment guarantee,supported,2170,136,2034,85,2012,22,51,0.6995884773662552,0.794392523364486,0.625,0.375,0.687546119365094,0.7458664262298439,0.9466604488403031,0.8070919370698132,
44,test,bsc,0.55,7f34d59f92afb55f037493861403bca56e869433dbcfb6d02debc6b96370c0d6,0.26798697228957674,0.3642219339500557,0.448,504,621,6,4,0.6666666666666666,0.9371501082916456,"P(prediction=benign | direct route, fraud)",pointwise binomial descriptive; not simultaneous or deployment guarantee,supported,1125,25,1100,10,1088,12,15,0.425531914893617,0.45454545454545453,0.4,0.6,0.4142078584167014,0.2527287033817077,0.8386181818181819,0.6945454545454546,
44,test,polygon,0.55,7f34d59f92afb55f037493861403bca56e869433dbcfb6d02debc6b96370c0d6,0.26798697228957674,0.3642219339500557,0.45325779036827196,160,193,0,0,,,"P(prediction=benign | direct route, fraud)",pointwise binomial descriptive; not simultaneous or deployment guarantee,undefined / insufficient fraud support,353,0,353,0,349,4,0,0.0,0.0,0.0,0.0,0.0,,,,single-class support
44,validation,pooled,0.6,94524d6e9840c0e28689bb623b63e4ac27d657e0349908a69db5c0cacc3c508b,0.27207093496076235,0.3642219339500557,0.3996710526315789,1458,2190,212,20,0.09433962264150944,0.13413102593657475,"P(prediction=benign | direct route, fraud)",pointwise binomial descriptive; not simultaneous or deployment guarantee,supported,3648,393,3255,328,3169,86,65,0.8128872366790583,0.7922705314009661,0.8346055979643766,0.16539440203562342,0.78997295166605,0.8381486082376582,0.9361389602216985,0.9040923535136783,
44,validation,ethereum,0.6,94524d6e9840c0e28689bb623b63e4ac27d657e0349908a69db5c0cacc3c508b,0.27207093496076235,0.3642219339500557,0.41059907834101383,891,1279,207,15,0.07246376811594203,0.10938947072435219,"P(prediction=benign | direct route, fraud)",pointwise binomial descriptive; not simultaneous or deployment guarantee,supported,2170,361,1809,318,1753,56,43,0.8653061224489796,0.8502673796791443,0.8808864265927978,0.11911357340720222,0.8380445875413636,0.8876116626865849,0.9476792706213468,0.9249650485645029,
44,validation,bsc,0.6,94524d6e9840c0e28689bb623b63e4ac27d657e0349908a69db5c0cacc3c508b,0.27207093496076235,0.3642219339500557,0.39911111111111114,449,676,5,5,1.0,1.0,"P(prediction=benign | direct route, fraud)",pointwise binomial descriptive; not simultaneous or deployment guarantee,supported,1125,31,1094,10,1070,24,21,0.3076923076923077,0.29411764705882354,0.3225806451612903,0.6774193548387096,0.2874673232508752,0.19439723621215116,0.7904405260364451,0.6503214011912485,
44,validation,polygon,0.6,94524d6e9840c0e28689bb623b63e4ac27d657e0349908a69db5c0cacc3c508b,0.27207093496076235,0.3642219339500557,0.3342776203966006,118,235,0,0,,,"P(prediction=benign | direct route, fraud)",pointwise binomial descriptive; not simultaneous or deployment guarantee,undefined / insufficient fraud support,353,1,352,0,346,6,1,0.0,0.0,0.0,1.0,-0.007008733651184125,0.00641025641025641,0.5596590909090908,0.4914772727272727,
44,test,pooled,0.6,94524d6e9840c0e28689bb623b63e4ac27d657e0349908a69db5c0cacc3c508b,0.27207093496076235,0.3642219339500557,0.3451206140350877,1259,2389,40,5,0.125,0.24503051264971193,"P(prediction=benign | direct route, fraud)",pointwise binomial descriptive; not simultaneous or deployment guarantee,supported,3648,161,3487,95,3449,38,66,0.6462585034013606,0.7142857142857143,0.5900621118012422,0.40993788819875776,0.6346764069577386,0.6467582211328654,0.9301576218322893,0.7895822460354074,
44,test,ethereum,0.6,94524d6e9840c0e28689bb623b63e4ac27d657e0349908a69db5c0cacc3c508b,0.27207093496076235,0.3642219339500557,0.3193548387096774,693,1477,35,2,0.05714285714285714,0.16915162947175352,"P(prediction=benign | direct route, fraud)",pointwise binomial descriptive; not simultaneous or deployment guarantee,supported,2170,136,2034,85,2012,22,51,0.6995884773662552,0.794392523364486,0.625,0.375,0.687546119365094,0.7458740351827263,0.946714674070218,0.8070919370698132,
44,test,bsc,0.6,94524d6e9840c0e28689bb623b63e4ac27d657e0349908a69db5c0cacc3c508b,0.27207093496076235,0.3642219339500557,0.37777777777777777,425,700,5,3,0.6,0.923559608587671,"P(prediction=benign | direct route, fraud)",pointwise binomial descriptive; not simultaneous or deployment guarantee,supported,1125,25,1100,10,1088,12,15,0.425531914893617,0.45454545454545453,0.4,0.6,0.4142078584167014,0.2526822034571946,0.8378545454545454,0.6945454545454546,
44,test,polygon,0.6,94524d6e9840c0e28689bb623b63e4ac27d657e0349908a69db5c0cacc3c508b,0.27207093496076235,0.3642219339500557,0.39943342776203966,141,212,0,0,,,"P(prediction=benign | direct route, fraud)",pointwise binomial descriptive; not simultaneous or deployment guarantee,undefined / insufficient fraud support,353,0,353,0,349,4,0,0.0,0.0,0.0,0.0,0.0,,,,single-class support
44,validation,pooled,0.65,27692b242c7b9644f4e57d3a4c5d50c06fa11334e17afcbd7195271696831987,0.27588097519428334,0.3642219339500557,0.34978070175438597,1276,2372,209,17,0.08133971291866028,0.11951118681827087,"P(prediction=benign | direct route, fraud)",pointwise binomial descriptive; not simultaneous or deployment guarantee,supported,3648,393,3255,328,3169,86,65,0.8128872366790583,0.7922705314009661,0.8346055979643766,0.16539440203562342,0.78997295166605,0.838142731995197,0.9361084727743186,0.9040923535136783,
44,validation,ethereum,0.65,27692b242c7b9644f4e57d3a4c5d50c06fa11334e17afcbd7195271696831987,0.27588097519428334,0.3642219339500557,0.36129032258064514,784,1386,205,13,0.06341463414634146,0.09893228772061903,"P(prediction=benign | direct route, fraud)",pointwise binomial descriptive; not simultaneous or deployment guarantee,supported,2170,361,1809,318,1753,56,43,0.8653061224489796,0.8502673796791443,0.8808864265927978,0.11911357340720222,0.8380445875413636,0.8876078353239707,0.9476639578347108,0.9249650485645029,
44,validation,bsc,0.65,27692b242c7b9644f4e57d3a4c5d50c06fa11334e17afcbd7195271696831987,0.27588097519428334,0.3642219339500557,0.3431111111111111,386,739,4,4,1.0,1.0,"P(prediction=benign | direct route, fraud)",pointwise binomial descriptive; not simultaneous or deployment guarantee,supported,1125,31,1094,10,1070,24,21,0.3076923076923077,0.29411764705882354,0.3225806451612903,0.6774193548387096,0.2874673232508752,0.194381531214821,0.7901751489060564,0.6503214011912485,
44,validation,polygon,0.65,27692b242c7b9644f4e57d3a4c5d50c06fa11334e17afcbd7195271696831987,0.27588097519428334,0.3642219339500557,0.3002832861189802,106,247,0,0,,,"P(prediction=benign | direct route, fraud)",pointwise binomial descriptive; not simultaneous or deployment guarantee,undefined / insufficient fraud support,353,1,352,0,346,6,1,0.0,0.0,0.0,1.0,-0.007008733651184125,0.00641025641025641,0.5596590909090908,0.4914772727272727,
44,test,pooled,0.65,27692b242c7b9644f4e57d3a4c5d50c06fa11334e17afcbd7195271696831987,0.27588097519428334,0.3642219339500557,0.28207236842105265,1029,2619,40,5,0.125,0.24503051264971193,"P(prediction=benign | direct route, fraud)",pointwise binomial descriptive; not simultaneous or deployment guarantee,supported,3648,161,3487,95,3449,38,66,0.6462585034013606,0.7142857142857143,0.5900621118012422,0.40993788819875776,0.6346764069577386,0.6463871659900571,0.9301291220095224,0.7895822460354074,
44,test,ethereum,0.65,27692b242c7b9644f4e57d3a4c5d50c06fa11334e17afcbd7195271696831987,0.27588097519428334,0.3642219339500557,0.25622119815668204,556,1614,35,2,0.05714285714285714,0.16915162947175352,"P(prediction=benign | direct route, fraud)",pointwise binomial descriptive; not simultaneous or deployment guarantee,supported,2170,136,2034,85,2012,22,51,0.6995884773662552,0.794392523364486,0.625,0.375,0.687546119365094,0.7453300565643514,0.9466676788709584,0.8070919370698132,
44,test,bsc,0.65,27692b242c7b9644f4e57d3a4c5d50c06fa11334e17afcbd7195271696831987,0.27588097519428334,0.3642219339500557,0.31466666666666665,354,771,5,3,0.6,0.923559608587671,"P(prediction=benign | direct route, fraud)",pointwise binomial descriptive; not simultaneous or deployment guarantee,supported,1125,25,1100,10,1088,12,15,0.425531914893617,0.45454545454545453,0.4,0.6,0.4142078584167014,0.2526822034571946,0.8378545454545454,0.6945454545454546,
44,test,polygon,0.65,27692b242c7b9644f4e57d3a4c5d50c06fa11334e17afcbd7195271696831987,0.27588097519428334,0.3642219339500557,0.3371104815864023,119,234,0,0,,,"P(prediction=benign | direct route, fraud)",pointwise binomial descriptive; not simultaneous or deployment guarantee,undefined / insufficient fraud support,353,0,353,0,349,4,0,0.0,0.0,0.0,0.0,0.0,,,,single-class support
44,validation,pooled,0.7,db50ed86b0b70277e81f5574d6813d25b925fd667be696fc522651cd34ce929a,0.27848603757589174,0.3642219339500557,0.29989035087719296,1094,2554,205,13,0.06341463414634146,0.09893228772061903,"P(prediction=benign | direct route, fraud)",pointwise binomial descriptive; not simultaneous or deployment guarantee,supported,3648,393,3255,328,3169,86,65,0.8128872366790583,0.7922705314009661,0.8346055979643766,0.16539440203562342,0.78997295166605,0.8381319896443603,0.9360490613383989,0.9040923535136783,
44,validation,ethereum,0.7,db50ed86b0b70277e81f5574d6813d25b925fd667be696fc522651cd34ce929a,0.27848603757589174,0.3642219339500557,0.315668202764977,685,1485,201,9,0.04477611940298507,0.07683334576009103,"P(prediction=benign | direct route, fraud)",pointwise binomial descriptive; not simultaneous or deployment guarantee,supported,2170,361,1809,318,1753,56,43,0.8653061224489796,0.8502673796791443,0.8808864265927978,0.11911357340720222,0.8380445875413636,0.8875933094686691,0.9476042379668295,0.9249650485645029,
44,validation,bsc,0.7,db50ed86b0b70277e81f5574d6813d25b925fd667be696fc522651cd34ce929a,0.27848603757589174,0.3642219339500557,0.2817777777777778,317,808,4,4,1.0,1.0,"P(prediction=benign | direct route, fraud)",pointwise binomial descriptive; not simultaneous or deployment guarantee,supported,1125,31,1094,10,1070,24,21,0.3076923076923077,0.29411764705882354,0.3225806451612903,0.6774193548387096,0.2874673232508752,0.194381531214821,0.7901751489060564,0.6503214011912485,
44,validation,polygon,0.7,db50ed86b0b70277e81f5574d6813d25b925fd667be696fc522651cd34ce929a,0.27848603757589174,0.3642219339500557,0.26062322946175637,92,261,0,0,,,"P(prediction=benign | direct route, fraud)",pointwise binomial descriptive; not simultaneous or deployment guarantee,undefined / insufficient fraud support,353,1,352,0,346,6,1,0.0,0.0,0.0,1.0,-0.007008733651184125,0.00641025641025641,0.5596590909090908,0.4914772727272727,
44,test,pooled,0.7,db50ed86b0b70277e81f5574d6813d25b925fd667be696fc522651cd34ce929a,0.27848603757589174,0.3642219339500557,0.2275219298245614,830,2818,40,5,0.125,0.24503051264971193,"P(prediction=benign | direct route, fraud)",pointwise binomial descriptive; not simultaneous or deployment guarantee,supported,3648,161,3487,95,3449,38,66,0.6462585034013606,0.7142857142857143,0.5900621118012422,0.40993788819875776,0.6346764069577386,0.6463871659900571,0.9301291220095224,0.7895822460354074,
44,test,ethereum,0.7,db50ed86b0b70277e81f5574d6813d25b925fd667be696fc522651cd34ce929a,0.27848603757589174,0.3642219339500557,0.19815668202764977,430,1740,35,2,0.05714285714285714,0.16915162947175352,"P(prediction=benign | direct route, fraud)",pointwise binomial descriptive; not simultaneous or deployment guarantee,supported,2170,136,2034,85,2012,22,51,0.6995884773662552,0.794392523364486,0.625,0.375,0.687546119365094,0.7453300565643514,0.9466676788709584,0.8070919370698132,
44,test,bsc,0.7,db50ed86b0b70277e81f5574d6813d25b925fd667be696fc522651cd34ce929a,0.27848603757589174,0.3642219339500557,0.2648888888888889,298,827,5,3,0.6,0.923559608587671,"P(prediction=benign | direct route, fraud)",pointwise binomial descriptive; not simultaneous or deployment guarantee,supported,1125,25,1100,10,1088,12,15,0.425531914893617,0.45454545454545453,0.4,0.6,0.4142078584167014,0.2526822034571946,0.8378545454545454,0.6945454545454546,
44,test,polygon,0.7,db50ed86b0b70277e81f5574d6813d25b925fd667be696fc522651cd34ce929a,0.27848603757589174,0.3642219339500557,0.28895184135977336,102,251,0,0,,,"P(prediction=benign | direct route, fraud)",pointwise binomial descriptive; not simultaneous or deployment guarantee,undefined / insufficient fraud support,353,0,353,0,349,4,0,0.0,0.0,0.0,0.0,0.0,,,,single-class support
44,validation,pooled,0.75,09966517607b0e8ad1dbbbf022becd1194be24f796d78d21a79b11685293986c,0.28044723913122954,0.3642219339500557,0.24972587719298245,911,2737,203,11,0.054187192118226604,0.08809893120204808,"P(prediction=benign | direct route, fraud)",pointwise binomial descriptive; not simultaneous or deployment guarantee,supported,3648,393,3255,328,3169,86,65,0.8128872366790583,0.7922705314009661,0.8346055979643766,0.16539440203562342,0.78997295166605,0.8381320791194343,0.9360498430678189,0.9040923535136783,
44,validation,ethereum,0.75,09966517607b0e8ad1dbbbf022becd1194be24f796d78d21a79b11685293986c,0.28044723913122954,0.3642219339500557,0.2672811059907834,580,1590,200,8,0.04,0.07101416861601978,"P(prediction=benign | direct route, fraud)",pointwise binomial descriptive; not simultaneous or deployment guarantee,supported,2170,361,1809,318,1753,56,43,0.8653061224489796,0.8502673796791443,0.8808864265927978,0.11911357340720222,0.8380445875413636,0.8875920086106865,0.947598112852175,0.9249650485645029,
44,validation,bsc,0.75,09966517607b0e8ad1dbbbf022becd1194be24f796d78d21a79b11685293986c,0.28044723913122954,0.3642219339500557,0.22755555555555557,256,869,3,3,1.0,1.0,"P(prediction=benign | direct route, fraud)",pointwise binomial descriptive; not simultaneous or deployment guarantee,supported,1125,31,1094,10,1070,24,21,0.3076923076923077,0.29411764705882354,0.3225806451612903,0.6774193548387096,0.2874673232508752,0.194381531214821,0.7901751489060564,0.6503214011912485,
44,validation,polygon,0.75,09966517607b0e8ad1dbbbf022becd1194be24f796d78d21a79b11685293986c,0.28044723913122954,0.3642219339500557,0.21246458923512748,75,278,0,0,,,"P(prediction=benign | direct route, fraud)",pointwise binomial descriptive; not simultaneous or deployment guarantee,undefined / insufficient fraud support,353,1,352,0,346,6,1,0.0,0.0,0.0,1.0,-0.007008733651184125,0.00641025641025641,0.5596590909090908,0.4914772727272727,
44,test,pooled,0.75,09966517607b0e8ad1dbbbf022becd1194be24f796d78d21a79b11685293986c,0.28044723913122954,0.3642219339500557,0.18229166666666666,665,2983,37,2,0.05405405405405406,0.16054216738744537,"P(prediction=benign | direct route, fraud)",pointwise binomial descriptive; not simultaneous or deployment guarantee,supported,3648,161,3487,95,3449,38,66,0.6462585034013606,0.7142857142857143,0.5900621118012422,0.40993788819875776,0.6346764069577386,0.6463955980029531,0.930252027495204,0.7895822460354074,
44,test,ethereum,0.75,09966517607b0e8ad1dbbbf022becd1194be24f796d78d21a79b11685293986c,0.28044723913122954,0.3642219339500557,0.15576036866359447,338,1832,33,0,0.0,0.08678118929147494,"P(prediction=benign | direct route, fraud)",pointwise binomial descriptive; not simultaneous or deployment guarantee,supported,2170,136,2034,85,2012,22,51,0.6995884773662552,0.794392523364486,0.625,0.375,0.687546119365094,0.7453477963176797,0.94686650471398,0.8070919370698132,
44,test,bsc,0.75,09966517607b0e8ad1dbbbf022becd1194be24f796d78d21a79b11685293986c,0.28044723913122954,0.3642219339500557,0.21511111111111111,242,883,4,2,0.5,0.9023885371135856,"P(prediction=benign | direct route, fraud)",pointwise binomial descriptive; not simultaneous or deployment guarantee,supported,1125,25,1100,10,1088,12,15,0.425531914893617,0.45454545454545453,0.4,0.6,0.4142078584167014,0.2526808949327266,0.8378181818181818,0.6945454545454546,
44,test,polygon,0.75,09966517607b0e8ad1dbbbf022becd1194be24f796d78d21a79b11685293986c,0.28044723913122954,0.3642219339500557,0.24079320113314448,85,268,0,0,,,"P(prediction=benign | direct route, fraud)",pointwise binomial descriptive; not simultaneous or deployment guarantee,undefined / insufficient fraud support,353,0,353,0,349,4,0,0.0,0.0,0.0,0.0,0.0,,,,single-class support
44,validation,pooled,0.8,d7d6464e05ab597fdc6af47ed071311387eebb1a404c3364cd579c321a29cb1c,0.28184314626059476,0.3642219339500557,0.19983552631578946,729,2919,200,8,0.04,0.07101416861601978,"P(prediction=benign | direct route, fraud)",pointwise binomial descriptive; not simultaneous or deployment guarantee,supported,3648,393,3255,328,3169,86,65,0.8128872366790583,0.7922705314009661,0.8346055979643766,0.16539440203562342,0.78997295166605,0.8381310083707153,0.936042025773619,0.9040923535136783,
44,validation,ethereum,0.8,d7d6464e05ab597fdc6af47ed071311387eebb1a404c3364cd579c321a29cb1c,0.28184314626059476,0.3642219339500557,0.21658986175115208,470,1700,198,6,0.030303030303030304,0.05893038131487404,"P(prediction=benign | direct route, fraud)",pointwise binomial descriptive; not simultaneous or deployment guarantee,supported,2170,361,1809,318,1753,56,43,0.8653061224489796,0.8502673796791443,0.8808864265927978,0.11911357340720222,0.8380445875413636,0.8875911445516735,0.947593519016184,0.9249650485645029,
44,validation,bsc,0.8,d7d6464e05ab597fdc6af47ed071311387eebb1a404c3364cd579c321a29cb1c,0.28184314626059476,0.3642219339500557,0.1768888888888889,199,926,2,2,1.0,1.0,"P(prediction=benign | direct route, fraud)",pointwise binomial descriptive; not simultaneous or deployment guarantee,supported,1125,31,1094,10,1070,24,21,0.3076923076923077,0.29411764705882354,0.3225806451612903,0.6774193548387096,0.2874673232508752,0.19438039780604172,0.7901456625582355,0.6503214011912485,
44,validation,polygon,0.8,d7d6464e05ab597fdc6af47ed071311387eebb1a404c3364cd579c321a29cb1c,0.28184314626059476,0.3642219339500557,0.16997167138810199,60,293,0,0,,,"P(prediction=benign | direct route, fraud)",pointwise binomial descriptive; not simultaneous or deployment guarantee,undefined / insufficient fraud support,353,1,352,0,346,6,1,0.0,0.0,0.0,1.0,-0.007008733651184125,0.00641025641025641,0.5596590909090908,0.4914772727272727,
44,test,pooled,0.8,d7d6464e05ab597fdc6af47ed071311387eebb1a404c3364cd579c321a29cb1c,0.28184314626059476,0.3642219339500557,0.13651315789473684,498,3150,36,1,0.027777777777777776,0.12511620483905223,"P(prediction=benign | direct route, fraud)",pointwise binomial descriptive; not simultaneous or deployment guarantee,supported,3648,161,3487,95,3449,38,66,0.6462585034013606,0.7142857142857143,0.5900621118012422,0.40993788819875776,0.6346764069577386,0.6463994784434983,0.9303161520964291,0.7895822460354074,
44,test,ethereum,0.8,d7d6464e05ab597fdc6af47ed071311387eebb1a404c3364cd579c321a29cb1c,0.28184314626059476,0.3642219339500557,0.11474654377880185,249,1921,33,0,0.0,0.08678118929147494,"P(prediction=benign | direct route, fraud)",pointwise binomial descriptive; not simultaneous or deployment guarantee,supported,2170,136,2034,85,2012,22,51,0.6995884773662552,0.794392523364486,0.625,0.375,0.687546119365094,0.7453475052360145,0.9468628896986523,0.8070919370698132,
44,test,bsc,0.8,d7d6464e05ab597fdc6af47ed071311387eebb1a404c3364cd579c321a29cb1c,0.28184314626059476,0.3642219339500557,0.15911111111111112,179,946,3,1,0.3333333333333333,0.8646496378284161,"P(prediction=benign | direct route, fraud)",pointwise binomial descriptive; not simultaneous or deployment guarantee,supported,1125,25,1100,10,1088,12,15,0.425531914893617,0.45454545454545453,0.4,0.6,0.4142078584167014,0.252701384986513,0.8384363636363636,0.6945454545454546,
44,test,polygon,0.8,d7d6464e05ab597fdc6af47ed071311387eebb1a404c3364cd579c321a29cb1c,0.28184314626059476,0.3642219339500557,0.19830028328611898,70,283,0,0,,,"P(prediction=benign | direct route, fraud)",pointwise binomial descriptive; not simultaneous or deployment guarantee,undefined / insufficient fraud support,353,0,353,0,349,4,0,0.0,0.0,0.0,0.0,0.0,,,,single-class support
44,validation,pooled,0.85,c96f196fbb3912310e9023eb1fe2db71cdb2767d0b1f60a522b4fac135801d47,0.2825972401208497,0.3642219339500557,0.14994517543859648,547,3101,197,5,0.025380710659898477,0.05262171290831168,"P(prediction=benign | direct route, fraud)",pointwise binomial descriptive; not simultaneous or deployment guarantee,supported,3648,393,3255,328,3169,86,65,0.8128872366790583,0.7922705314009661,0.8346055979643766,0.16539440203562342,0.78997295166605,0.8381302464370181,0.9360357719382589,0.9040923535136783,
44,validation,ethereum,0.85,c96f196fbb3912310e9023eb1fe2db71cdb2767d0b1f60a522b4fac135801d47,0.2825972401208497,0.3642219339500557,0.17096774193548386,371,1799,197,5,0.025380710659898477,0.05262171290831168,"P(prediction=benign | direct route, fraud)",pointwise binomial descriptive; not simultaneous or deployment guarantee,supported,2170,361,1809,318,1753,56,43,0.8653061224489796,0.8502673796791443,0.8808864265927978,0.11911357340720222,0.8380445875413636,0.8875911445516735,0.947593519016184,0.9249650485645029,
44,validation,bsc,0.85,c96f196fbb3912310e9023eb1fe2db71cdb2767d0b1f60a522b4fac135801d47,0.2825972401208497,0.3642219339500557,0.11733333333333333,132,993,0,0,,,"P(prediction=benign | direct route, fraud)",pointwise binomial descriptive; not simultaneous or deployment guarantee,undefined / insufficient fraud support,1125,31,1094,10,1070,24,21,0.3076923076923077,0.29411764705882354,0.3225806451612903,0.6774193548387096,0.2874673232508752,0.19437931299085084,0.7901161762104145,0.6503214011912485,
44,validation,polygon,0.85,c96f196fbb3912310e9023eb1fe2db71cdb2767d0b1f60a522b4fac135801d47,0.2825972401208497,0.3642219339500557,0.12464589235127478,44,309,0,0,,,"P(prediction=benign | direct route, fraud)",pointwise binomial descriptive; not simultaneous or deployment guarantee,undefined / insufficient fraud support,353,1,352,0,346,6,1,0.0,0.0,0.0,1.0,-0.007008733651184125,0.00641025641025641,0.5596590909090908,0.4914772727272727,
44,test,pooled,0.85,c96f196fbb3912310e9023eb1fe2db71cdb2767d0b1f60a522b4fac135801d47,0.2825972401208497,0.3642219339500557,0.09649122807017543,352,3296,36,1,0.027777777777777776,0.12511620483905223,"P(prediction=benign | direct route, fraud)",pointwise binomial descriptive; not simultaneous or deployment guarantee,supported,3648,161,3487,95,3449,38,66,0.6462585034013606,0.7142857142857143,0.5900621118012422,0.40993788819875776,0.6346764069577386,0.6463994784434983,0.9303161520964291,0.7895822460354074,
44,test,ethereum,0.85,c96f196fbb3912310e9023eb1fe2db71cdb2767d0b1f60a522b4fac135801d47,0.2825972401208497,0.3642219339500557,0.07834101382488479,170,2000,33,0,0.0,0.08678118929147494,"P(prediction=benign | direct route, fraud)",pointwise binomial descriptive; not simultaneous or deployment guarantee,supported,2170,136,2034,85,2012,22,51,0.6995884773662552,0.794392523364486,0.625,0.375,0.687546119365094,0.7453475052360145,0.9468628896986523,0.8070919370698132,
44,test,bsc,0.85,c96f196fbb3912310e9023eb1fe2db71cdb2767d0b1f60a522b4fac135801d47,0.2825972401208497,0.3642219339500557,0.112,126,999,3,1,0.3333333333333333,0.8646496378284161,"P(prediction=benign | direct route, fraud)",pointwise binomial descriptive; not simultaneous or deployment guarantee,supported,1125,25,1100,10,1088,12,15,0.425531914893617,0.45454545454545453,0.4,0.6,0.4142078584167014,0.252701384986513,0.8384363636363636,0.6945454545454546,
44,test,polygon,0.85,c96f196fbb3912310e9023eb1fe2db71cdb2767d0b1f60a522b4fac135801d47,0.2825972401208497,0.3642219339500557,0.15864022662889518,56,297,0,0,,,"P(prediction=benign | direct route, fraud)",pointwise binomial descriptive; not simultaneous or deployment guarantee,undefined / insufficient fraud support,353,0,353,0,349,4,0,0.0,0.0,0.0,0.0,0.0,,,,single-class support
44,validation,pooled,0.9,7ddd08e55f25601cb358c81b20415cc2b587eccc1a28f7da50e7da94e1523b05,0.28289882123671345,0.3642219339500557,0.09978070175438597,364,3284,192,0,0.0,0.01548167961867405,"P(prediction=benign | direct route, fraud)",pointwise binomial descriptive; not simultaneous or deployment guarantee,supported,3648,393,3255,328,3169,86,65,0.8128872366790583,0.7922705314009661,0.8346055979643766,0.16539440203562342,0.78997295166605,0.8381284867659742,0.9360201373498591,0.9040923535136783,
44,validation,ethereum,0.9,7ddd08e55f25601cb358c81b20415cc2b587eccc1a28f7da50e7da94e1523b05,0.28289882123671345,0.3642219339500557,0.12995391705069123,282,1888,192,0,0.0,0.01548167961867405,"P(prediction=benign | direct route, fraud)",pointwise binomial descriptive; not simultaneous or deployment guarantee,supported,2170,361,1809,318,1753,56,43,0.8653061224489796,0.8502673796791443,0.8808864265927978,0.11911357340720222,0.8380445875413636,0.8875880719498098,0.9475736123935571,0.9249650485645029,
44,validation,bsc,0.9,7ddd08e55f25601cb358c81b20415cc2b587eccc1a28f7da50e7da94e1523b05,0.28289882123671345,0.3642219339500557,0.049777777777777775,56,1069,0,0,,,"P(prediction=benign | direct route, fraud)",pointwise binomial descriptive; not simultaneous or deployment guarantee,undefined / insufficient fraud support,1125,31,1094,10,1070,24,21,0.3076923076923077,0.29411764705882354,0.3225806451612903,0.6774193548387096,0.2874673232508752,0.1943773089828348,0.7900572035147726,0.6503214011912485,
44,validation,polygon,0.9,7ddd08e55f25601cb358c81b20415cc2b587eccc1a28f7da50e7da94e1523b05,0.28289882123671345,0.3642219339500557,0.07365439093484419,26,327,0,0,,,"P(prediction=benign | direct route, fraud)",pointwise binomial descriptive; not simultaneous or deployment guarantee,undefined / insufficient fraud support,353,1,352,0,346,6,1,0.0,0.0,0.0,1.0,-0.007008733651184125,0.00641025641025641,0.5596590909090908,0.4914772727272727,
44,test,pooled,0.9,7ddd08e55f25601cb358c81b20415cc2b587eccc1a28f7da50e7da94e1523b05,0.28289882123671345,0.3642219339500557,0.048793859649122806,178,3470,36,1,0.027777777777777776,0.12511620483905223,"P(prediction=benign | direct route, fraud)",pointwise binomial descriptive; not simultaneous or deployment guarantee,supported,3648,161,3487,95,3449,38,66,0.6462585034013606,0.7142857142857143,0.5900621118012422,0.40993788819875776,0.6346764069577386,0.6463994784434983,0.9303161520964291,0.7895822460354074,
44,test,ethereum,0.9,7ddd08e55f25601cb358c81b20415cc2b587eccc1a28f7da50e7da94e1523b05,0.28289882123671345,0.3642219339500557,0.04009216589861751,87,2083,33,0,0.0,0.08678118929147494,"P(prediction=benign | direct route, fraud)",pointwise binomial descriptive; not simultaneous or deployment guarantee,supported,2170,136,2034,85,2012,22,51,0.6995884773662552,0.794392523364486,0.625,0.375,0.687546119365094,0.7453475052360145,0.9468628896986523,0.8070919370698132,
44,test,bsc,0.9,7ddd08e55f25601cb358c81b20415cc2b587eccc1a28f7da50e7da94e1523b05,0.28289882123671345,0.3642219339500557,0.05333333333333334,60,1065,3,1,0.3333333333333333,0.8646496378284161,"P(prediction=benign | direct route, fraud)",pointwise binomial descriptive; not simultaneous or deployment guarantee,supported,1125,25,1100,10,1088,12,15,0.425531914893617,0.45454545454545453,0.4,0.6,0.4142078584167014,0.252701384986513,0.8384363636363636,0.6945454545454546,
44,test,polygon,0.9,7ddd08e55f25601cb358c81b20415cc2b587eccc1a28f7da50e7da94e1523b05,0.28289882123671345,0.3642219339500557,0.08781869688385269,31,322,0,0,,,"P(prediction=benign | direct route, fraud)",pointwise binomial descriptive; not simultaneous or deployment guarantee,undefined / insufficient fraud support,353,0,353,0,349,4,0,0.0,0.0,0.0,0.0,0.0,,,,single-class support
44,validation,pooled,0.95,40d9a0c95b90570204a2d6b6604ae90c7d50adc516b264d3023fc00452aca381,0.5023652955716149,0.3642219339500557,0.049890350877192985,182,3466,174,0,0.0,0.01706948906935419,"P(prediction=benign | direct route, fraud)",pointwise binomial descriptive; not simultaneous or deployment guarantee,supported,3648,393,3255,328,3169,86,65,0.8128872366790583,0.7922705314009661,0.8346055979643766,0.16539440203562342,0.78997295166605,0.8401771072852443,0.9362304225638379,0.9040923535136783,
44,validation,ethereum,0.95,40d9a0c95b90570204a2d6b6604ae90c7d50adc516b264d3023fc00452aca381,0.5023652955716149,0.3642219339500557,0.08387096774193549,182,1988,174,0,0.0,0.01706948906935419,"P(prediction=benign | direct route, fraud)",pointwise binomial descriptive; not simultaneous or deployment guarantee,supported,2170,361,1809,318,1753,56,43,0.8653061224489796,0.8502673796791443,0.8808864265927978,0.11911357340720222,0.8380445875413636,0.8900549316870796,0.9479824637967443,0.9249650485645029,
44,validation,bsc,0.95,40d9a0c95b90570204a2d6b6604ae90c7d50adc516b264d3023fc00452aca381,0.5023652955716149,0.3642219339500557,0.0,0,1125,0,0,,,"P(prediction=benign | direct route, fraud)",pointwise binomial descriptive; not simultaneous or deployment guarantee,undefined / insufficient fraud support,1125,31,1094,10,1070,24,21,0.3076923076923077,0.29411764705882354,0.3225806451612903,0.6774193548387096,0.2874673232508752,0.1943773089828348,0.7900572035147726,0.6503214011912485,
44,validation,polygon,0.95,40d9a0c95b90570204a2d6b6604ae90c7d50adc516b264d3023fc00452aca381,0.5023652955716149,0.3642219339500557,0.0,0,353,0,0,,,"P(prediction=benign | direct route, fraud)",pointwise binomial descriptive; not simultaneous or deployment guarantee,undefined / insufficient fraud support,353,1,352,0,346,6,1,0.0,0.0,0.0,1.0,-0.007008733651184125,0.00641025641025641,0.5596590909090908,0.4914772727272727,
44,test,pooled,0.95,40d9a0c95b90570204a2d6b6604ae90c7d50adc516b264d3023fc00452aca381,0.5023652955716149,0.3642219339500557,0.00849780701754386,31,3617,26,0,0.0,0.1088303557607848,"P(prediction=benign | direct route, fraud)",pointwise binomial descriptive; not simultaneous or deployment guarantee,supported,3648,161,3487,95,3449,38,66,0.6462585034013606,0.7142857142857143,0.5900621118012422,0.40993788819875776,0.6346764069577386,0.6497065696244804,0.930478244838415,0.7895822460354074,
44,test,ethereum,0.95,40d9a0c95b90570204a2d6b6604ae90c7d50adc516b264d3023fc00452aca381,0.5023652955716149,0.3642219339500557,0.013824884792626729,30,2140,26,0,0.0,0.1088303557607848,"P(prediction=benign | direct route, fraud)",pointwise binomial descriptive; not simultaneous or deployment guarantee,supported,2170,136,2034,85,2012,22,51,0.6995884773662552,0.794392523364486,0.625,0.375,0.687546119365094,0.7451372219524602,0.946855659667997,0.8070919370698132,
44,test,bsc,0.95,40d9a0c95b90570204a2d6b6604ae90c7d50adc516b264d3023fc00452aca381,0.5023652955716149,0.3642219339500557,0.0008888888888888889,1,1124,0,0,,,"P(prediction=benign | direct route, fraud)",pointwise binomial descriptive; not simultaneous or deployment guarantee,undefined / insufficient fraud support,1125,25,1100,10,1088,12,15,0.425531914893617,0.45454545454545453,0.4,0.6,0.4142078584167014,0.2614912968947868,0.8395272727272727,0.6945454545454546,
44,test,polygon,0.95,40d9a0c95b90570204a2d6b6604ae90c7d50adc516b264d3023fc00452aca381,0.5023652955716149,0.3642219339500557,0.0,0,353,0,0,,,"P(prediction=benign | direct route, fraud)",pointwise binomial descriptive; not simultaneous or deployment guarantee,undefined / insufficient fraud support,353,0,353,0,349,4,0,0.0,0.0,0.0,0.0,0.0,,,,single-class support
44,validation,pooled,1.0,497f2ac703a9d252712bbf169eb4a24e8d3faff6c956c2ac29f889abfd906592,0.7169215651926496,0.3642219339500557,0.0,0,3648,0,0,,,"P(prediction=benign | direct route, fraud)",pointwise binomial descriptive; not simultaneous or deployment guarantee,undefined / insufficient fraud support,3648,393,3255,328,3169,86,65,0.8128872366790583,0.7922705314009661,0.8346055979643766,0.16539440203562342,0.78997295166605,0.8401626506822119,0.936229640834418,0.9040923535136783,
44,validation,ethereum,1.0,497f2ac703a9d252712bbf169eb4a24e8d3faff6c956c2ac29f889abfd906592,0.7169215651926496,0.3642219339500557,0.0,0,2170,0,0,,,"P(prediction=benign | direct route, fraud)",pointwise binomial descriptive; not simultaneous or deployment guarantee,undefined / insufficient fraud support,2170,361,1809,318,1753,56,43,0.8653061224489796,0.8502673796791443,0.8808864265927978,0.11911357340720222,0.8380445875413636,0.8900391936123101,0.9479809325180807,0.9249650485645029,
44,validation,bsc,1.0,497f2ac703a9d252712bbf169eb4a24e8d3faff6c956c2ac29f889abfd906592,0.7169215651926496,0.3642219339500557,0.0,0,1125,0,0,,,"P(prediction=benign | direct route, fraud)",pointwise binomial descriptive; not simultaneous or deployment guarantee,undefined / insufficient fraud support,1125,31,1094,10,1070,24,21,0.3076923076923077,0.29411764705882354,0.3225806451612903,0.6774193548387096,0.2874673232508752,0.1943773089828348,0.7900572035147726,0.6503214011912485,
44,validation,polygon,1.0,497f2ac703a9d252712bbf169eb4a24e8d3faff6c956c2ac29f889abfd906592,0.7169215651926496,0.3642219339500557,0.0,0,353,0,0,,,"P(prediction=benign | direct route, fraud)",pointwise binomial descriptive; not simultaneous or deployment guarantee,undefined / insufficient fraud support,353,1,352,0,346,6,1,0.0,0.0,0.0,1.0,-0.007008733651184125,0.00641025641025641,0.5596590909090908,0.4914772727272727,
44,test,pooled,1.0,497f2ac703a9d252712bbf169eb4a24e8d3faff6c956c2ac29f889abfd906592,0.7169215651926496,0.3642219339500557,0.00027412280701754384,1,3647,1,0,0.0,0.95,"P(prediction=benign | direct route, fraud)",pointwise binomial descriptive; not simultaneous or deployment guarantee,supported,3648,161,3487,95,3449,38,66,0.6462585034013606,0.7142857142857143,0.5900621118012422,0.40993788819875776,0.6346764069577386,0.6498756239222163,0.9304800260773379,0.7895822460354074,
44,test,ethereum,1.0,497f2ac703a9d252712bbf169eb4a24e8d3faff6c956c2ac29f889abfd906592,0.7169215651926496,0.3642219339500557,0.0004608294930875576,1,2169,1,0,0.0,0.95,"P(prediction=benign | direct route, fraud)",pointwise binomial descriptive; not simultaneous or deployment guarantee,supported,2170,136,2034,85,2012,22,51,0.6995884773662552,0.794392523364486,0.625,0.375,0.687546119365094,0.7453506944382288,0.9468592746833246,0.8070919370698132,
44,test,bsc,1.0,497f2ac703a9d252712bbf169eb4a24e8d3faff6c956c2ac29f889abfd906592,0.7169215651926496,0.3642219339500557,0.0,0,1125,0,0,,,"P(prediction=benign | direct route, fraud)",pointwise binomial descriptive; not simultaneous or deployment guarantee,undefined / insufficient fraud support,1125,25,1100,10,1088,12,15,0.425531914893617,0.45454545454545453,0.4,0.6,0.4142078584167014,0.2614912968947868,0.8395272727272727,0.6945454545454546,
44,test,polygon,1.0,497f2ac703a9d252712bbf169eb4a24e8d3faff6c956c2ac29f889abfd906592,0.7169215651926496,0.3642219339500557,0.0,0,353,0,0,,,"P(prediction=benign | direct route, fraud)",pointwise binomial descriptive; not simultaneous or deployment guarantee,undefined / insufficient fraud support,353,0,353,0,349,4,0,0.0,0.0,0.0,0.0,0.0,,,,single-class support
55,validation,pooled,0.0,d3f31e543bb63a718d5e5decd6bd36049c60cc1bd6d60b9fd30cfa70378579a4,-1.0,0.2957849813718345,1.0,3648,0,393,72,0.183206106870229,0.21832356767319358,"P(prediction=benign | direct route, fraud)",pointwise binomial descriptive; not simultaneous or deployment guarantee,supported,3648,393,3255,321,3180,75,72,0.8136882129277566,0.8106060606060606,0.816793893129771,0.183206106870229,0.7911047128877969,0.8676033481916311,0.9436021309943989,0.8968762092376965,
55,validation,ethereum,0.0,d3f31e543bb63a718d5e5decd6bd36049c60cc1bd6d60b9fd30cfa70378579a4,-1.0,0.2957849813718345,1.0,2170,0,361,47,0.13019390581717452,0.16299083980113607,"P(prediction=benign | direct route, fraud)",pointwise binomial descriptive; not simultaneous or deployment guarantee,supported,2170,361,1809,314,1764,45,47,0.8722222222222222,0.8746518105849582,0.8698060941828255,0.13019390581717452,0.8468127885366399,0.9158141985662124,0.9563248699561594,0.9224652361461392,
55,validation,bsc,0.0,d3f31e543bb63a718d5e5decd6bd36049c60cc1bd6d60b9fd30cfa70378579a4,-1.0,0.2957849813718345,1.0,1125,0,31,24,0.7741935483870968,0.8889112287407399,"P(prediction=benign | direct route, fraud)",pointwise binomial descriptive; not simultaneous or deployment guarantee,supported,1125,31,1094,7,1070,24,24,0.22580645161290322,0.22580645161290322,0.22580645161290322,0.7741935483870968,0.20386860883410982,0.18010583699108812,0.776935778734446,0.6019343044170549,
55,validation,polygon,0.0,d3f31e543bb63a718d5e5decd6bd36049c60cc1bd6d60b9fd30cfa70378579a4,-1.0,0.2957849813718345,1.0,353,0,1,1,1.0,1.0,"P(prediction=benign | direct route, fraud)",pointwise binomial descriptive; not simultaneous or deployment guarantee,supported,353,1,352,0,346,6,1,0.0,0.0,0.0,1.0,-0.007008733651184125,0.013333333333333334,0.7897727272727273,0.4914772727272727,
55,test,pooled,0.0,d3f31e543bb63a718d5e5decd6bd36049c60cc1bd6d60b9fd30cfa70378579a4,-1.0,0.2957849813718345,1.0,3648,0,161,68,0.422360248447205,0.4901777021944096,"P(prediction=benign | direct route, fraud)",pointwise binomial descriptive; not simultaneous or deployment guarantee,supported,3648,161,3487,93,3448,39,68,0.6348122866894198,0.7045454545454546,0.577639751552795,0.422360248447205,0.62300738917787,0.6654101112539756,0.9338438957832732,0.7832276761778887,
55,test,ethereum,0.0,d3f31e543bb63a718d5e5decd6bd36049c60cc1bd6d60b9fd30cfa70378579a4,-1.0,0.2957849813718345,1.0,2170,0,136,50,0.36764705882352944,0.44103154962880775,"P(prediction=benign | direct route, fraud)",pointwise binomial descriptive; not simultaneous or deployment guarantee,supported,2170,136,2034,86,2013,21,50,0.7078189300411523,0.8037383177570093,0.6323529411764706,0.36764705882352944,0.6963277123151126,0.7704682096129748,0.946186881832379,0.8110142287003297,
55,test,bsc,0.0,d3f31e543bb63a718d5e5decd6bd36049c60cc1bd6d60b9fd30cfa70378579a4,-1.0,0.2957849813718345,1.0,1125,0,25,18,0.72,0.86052469342107,"P(prediction=benign | direct route, fraud)",pointwise binomial descriptive; not simultaneous or deployment guarantee,supported,1125,25,1100,7,1086,14,18,0.30434782608695654,0.3333333333333333,0.28,0.72,0.29108967961957644,0.23170795136654546,0.8574909090909091,0.6336363636363637,
55,test,polygon,0.0,d3f31e543bb63a718d5e5decd6bd36049c60cc1bd6d60b9fd30cfa70378579a4,-1.0,0.2957849813718345,1.0,353,0,0,0,,,"P(prediction=benign | direct route, fraud)",pointwise binomial descriptive; not simultaneous or deployment guarantee,undefined / insufficient fraud support,353,0,353,0,349,4,0,0.0,0.0,0.0,0.0,0.0,,,,single-class support
55,validation,pooled,0.05,b0f53a33116a29ba61ab27e34c52059d234069939ffe997ff94eb769deaa47f0,0.1703960554387989,0.3061341943709202,0.9495614035087719,3464,184,333,40,0.12012012012012012,0.15348112386113938,"P(prediction=benign | direct route, fraud)",pointwise binomial descriptive; not simultaneous or deployment guarantee,supported,3648,393,3255,317,3187,68,76,0.8149100257069408,0.8233766233766234,0.806615776081425,0.19338422391857507,0.7928724956838155,0.8655230977936353,0.9431370019895015,0.8928624195307279,
55,validation,ethereum,0.05,b0f53a33116a29ba61ab27e34c52059d234069939ffe997ff94eb769deaa47f0,0.1703960554387989,0.3061341943709202,0.9460829493087558,2053,117,317,27,0.08517350157728706,0.11554351028945271,"P(prediction=benign | direct route, fraud)",pointwise binomial descriptive; not simultaneous or deployment guarantee,supported,2170,361,1809,311,1766,43,50,0.8699300699300699,0.8785310734463276,0.8614958448753463,0.13850415512465375,0.8443358419027333,0.9144189503495449,0.9559068308809904,0.9188629030899672,
55,validation,bsc,0.05,b0f53a33116a29ba61ab27e34c52059d234069939ffe997ff94eb769deaa47f0,0.1703960554387989,0.3061341943709202,0.9493333333333334,1068,57,15,12,0.8,0.9431531324097532,"P(prediction=benign | direct route, fraud)",pointwise binomial descriptive; not simultaneous or deployment guarantee,supported,1125,31,1094,6,1074,20,25,0.21052631578947367,0.23076923076923078,0.1935483870967742,0.8064516129032258,0.19094301360378732,0.17611686803950743,0.7759922156041752,0.5876334257238899,
55,validation,polygon,0.05,b0f53a33116a29ba61ab27e34c52059d234069939ffe997ff94eb769deaa47f0,0.1703960554387989,0.3061341943709202,0.9716713881019831,343,10,1,1,1.0,1.0,"P(prediction=benign | direct route, fraud)",pointwise binomial descriptive; not simultaneous or deployment guarantee,supported,353,1,352,0,347,5,1,0.0,0.0,0.0,1.0,-0.00638886995893187,0.013333333333333334,0.7897727272727273,0.4928977272727273,
55,test,pooled,0.05,b0f53a33116a29ba61ab27e34c52059d234069939ffe997ff94eb769deaa47f0,0.1703960554387989,0.3061341943709202,0.9640899122807017,3517,131,95,35,0.3684210526315789,0.4573727082111968,"P(prediction=benign | direct route, fraud)",pointwise binomial descriptive; not simultaneous or deployment guarantee,supported,3648,161,3487,82,3456,31,79,0.5985401459854015,0.7256637168141593,0.5093167701863354,0.4906832298136646,0.5932604176084899,0.6714612410396492,0.9341431439223238,0.7502133033610197,
55,test,ethereum,0.05,b0f53a33116a29ba61ab27e34c52059d234069939ffe997ff94eb769deaa47f0,0.1703960554387989,0.3061341943709202,0.96036866359447,2084,86,84,25,0.2976190476190476,0.39020645862449244,"P(prediction=benign | direct route, fraud)",pointwise binomial descriptive; not simultaneous or deployment guarantee,supported,2170,136,2034,77,2015,19,59,0.6637931034482759,0.8020833333333334,0.5661764705882353,0.4338235294117647,0.6563442311552932,0.7704833377113174,0.9461579617097576,0.7784176354907745,
55,test,bsc,0.05,b0f53a33116a29ba61ab27e34c52059d234069939ffe997ff94eb769deaa47f0,0.1703960554387989,0.3061341943709202,0.9697777777777777,1091,34,11,10,0.9090909090909091,0.9953478282678027,"P(prediction=benign | direct route, fraud)",pointwise binomial descriptive; not simultaneous or deployment guarantee,supported,1125,25,1100,5,1090,10,20,0.25,0.3333333333333333,0.2,0.8,0.24534987303147357,0.2545963350587829,0.858690909090909,0.5954545454545455,
55,test,polygon,0.05,b0f53a33116a29ba61ab27e34c52059d234069939ffe997ff94eb769deaa47f0,0.1703960554387989,0.3061341943709202,0.9688385269121813,342,11,0,0,,,"P(prediction=benign | direct route, fraud)",pointwise binomial descriptive; not simultaneous or deployment guarantee,undefined / insufficient fraud support,353,0,353,0,351,2,0,0.0,0.0,0.0,0.0,0.0,,,,single-class support
55,validation,pooled,0.1,c798f6b491d29f15a6f373f57ce1cf0995301cf00005de89c1c2272c5deab23a,0.2124977437772801,0.3061341943709202,0.899671052631579,3282,366,324,36,0.1111111111111111,0.14407735635848773,"P(prediction=benign | direct route, fraud)",pointwise binomial descriptive; not simultaneous or deployment guarantee,supported,3648,393,3255,317,3187,68,76,0.8149100257069408,0.8233766233766234,0.806615776081425,0.19338422391857507,0.7928724956838155,0.8680202355121004,0.9438413401969178,0.8928624195307279,
55,validation,ethereum,0.1,c798f6b491d29f15a6f373f57ce1cf0995301cf00005de89c1c2272c5deab23a,0.2124977437772801,0.3061341943709202,0.8940092165898618,1940,230,311,25,0.08038585209003216,0.11046512704905127,"P(prediction=benign | direct route, fraud)",pointwise binomial descriptive; not simultaneous or deployment guarantee,supported,2170,361,1809,311,1766,43,50,0.8699300699300699,0.8785310734463276,0.8614958448753463,0.13850415512465375,0.8443358419027333,0.9156640152691794,0.9563784647093861,0.9188629030899672,
55,validation,bsc,0.1,c798f6b491d29f15a6f373f57ce1cf0995301cf00005de89c1c2272c5deab23a,0.2124977437772801,0.3061341943709202,0.9093333333333333,1023,102,12,10,0.8333333333333334,0.9695398343408628,"P(prediction=benign | direct route, fraud)",pointwise binomial descriptive; not simultaneous or deployment guarantee,supported,1125,31,1094,6,1074,20,25,0.21052631578947367,0.23076923076923078,0.1935483870967742,0.8064516129032258,0.19094301360378732,0.1836685148285372,0.7784395824733148,0.5876334257238899,
55,validation,polygon,0.1,c798f6b491d29f15a6f373f57ce1cf0995301cf00005de89c1c2272c5deab23a,0.2124977437772801,0.3061341943709202,0.9036827195467422,319,34,1,1,1.0,1.0,"P(prediction=benign | direct route, fraud)",pointwise binomial descriptive; not simultaneous or deployment guarantee,supported,353,1,352,0,347,5,1,0.0,0.0,0.0,1.0,-0.00638886995893187,0.013333333333333334,0.7897727272727273,0.4928977272727273,
55,test,pooled,0.1,c798f6b491d29f15a6f373f57ce1cf0995301cf00005de89c1c2272c5deab23a,0.2124977437772801,0.3061341943709202,0.9369517543859649,3418,230,86,27,0.313953488372093,0.4060964439369862,"P(prediction=benign | direct route, fraud)",pointwise binomial descriptive; not simultaneous or deployment guarantee,supported,3648,161,3487,82,3456,31,79,0.5985401459854015,0.7256637168141593,0.5093167701863354,0.4906832298136646,0.5932604176084899,0.6765026237967445,0.9349803262160964,0.7502133033610197,
55,test,ethereum,0.1,c798f6b491d29f15a6f373f57ce1cf0995301cf00005de89c1c2272c5deab23a,0.2124977437772801,0.3061341943709202,0.9331797235023042,2025,145,76,18,0.23684210526315788,0.3307077039605754,"P(prediction=benign | direct route, fraud)",pointwise binomial descriptive; not simultaneous or deployment guarantee,supported,2170,136,2034,77,2015,19,59,0.6637931034482759,0.8020833333333334,0.5661764705882353,0.4338235294117647,0.6563442311552932,0.7740106678131246,0.9467074440395628,0.7784176354907745,
55,test,bsc,0.1,c798f6b491d29f15a6f373f57ce1cf0995301cf00005de89c1c2272c5deab23a,0.2124977437772801,0.3061341943709202,0.9395555555555556,1057,68,10,9,0.9,0.9948838031081763,"P(prediction=benign | direct route, fraud)",pointwise binomial descriptive; not simultaneous or deployment guarantee,supported,1125,25,1100,5,1090,10,20,0.25,0.3333333333333333,0.2,0.8,0.24534987303147357,0.26462530514137556,0.8612,0.5954545454545455,
55,test,polygon,0.1,c798f6b491d29f15a6f373f57ce1cf0995301cf00005de89c1c2272c5deab23a,0.2124977437772801,0.3061341943709202,0.9518413597733711,336,17,0,0,,,"P(prediction=benign | direct route, fraud)",pointwise binomial descriptive; not simultaneous or deployment guarantee,undefined / insufficient fraud support,353,0,353,0,351,2,0,0.0,0.0,0.0,0.0,0.0,,,,single-class support
55,validation,pooled,0.15,f09decebff58a83a2dbe6d5d650b7e9fa77095b1aa3394ac465cad3b1c589fad,0.23281869683716092,0.3061341943709202,0.8495065789473685,3099,549,315,30,0.09523809523809523,0.12695851182081927,"P(prediction=benign | direct route, fraud)",pointwise binomial descriptive; not simultaneous or deployment guarantee,supported,3648,393,3255,317,3187,68,76,0.8149100257069408,0.8233766233766234,0.806615776081425,0.19338422391857507,0.7928724956838155,0.8676999981296549,0.9437178269485583,0.8928624195307279,
55,validation,ethereum,0.15,f09decebff58a83a2dbe6d5d650b7e9fa77095b1aa3394ac465cad3b1c589fad,0.23281869683716092,0.3061341943709202,0.8391705069124424,1821,349,303,20,0.066006600660066,0.09447191168230942,"P(prediction=benign | direct route, fraud)",pointwise binomial descriptive; not simultaneous or deployment guarantee,supported,2170,361,1809,311,1766,43,50,0.8699300699300699,0.8785310734463276,0.8614958448753463,0.13850415512465375,0.8443358419027333,0.9154879541753657,0.9562927131042234,0.9188629030899672,
55,validation,bsc,0.15,f09decebff58a83a2dbe6d5d650b7e9fa77095b1aa3394ac465cad3b1c589fad,0.23281869683716092,0.3061341943709202,0.8693333333333333,978,147,11,9,0.8181818181818182,0.9666807823157701,"P(prediction=benign | direct route, fraud)",pointwise binomial descriptive; not simultaneous or deployment guarantee,supported,1125,31,1094,6,1074,20,25,0.21052631578947367,0.23076923076923078,0.1935483870967742,0.8064516129032258,0.19094301360378732,0.18228203442477925,0.7780267736038214,0.5876334257238899,
55,validation,polygon,0.15,f09decebff58a83a2dbe6d5d650b7e9fa77095b1aa3394ac465cad3b1c589fad,0.23281869683716092,0.3061341943709202,0.8498583569405099,300,53,1,1,1.0,1.0,"P(prediction=benign | direct route, fraud)",pointwise binomial descriptive; not simultaneous or deployment guarantee,supported,353,1,352,0,347,5,1,0.0,0.0,0.0,1.0,-0.00638886995893187,0.013333333333333334,0.7897727272727273,0.4928977272727273,
55,test,pooled,0.15,f09decebff58a83a2dbe6d5d650b7e9fa77095b1aa3394ac465cad3b1c589fad,0.23281869683716092,0.3061341943709202,0.893640350877193,3260,388,76,18,0.23684210526315788,0.3307077039605754,"P(prediction=benign | direct route, fraud)",pointwise binomial descriptive; not simultaneous or deployment guarantee,supported,3648,161,3487,82,3456,31,79,0.5985401459854015,0.7256637168141593,0.5093167701863354,0.4906832298136646,0.5932604176084899,0.6732367625742182,0.9339507701186484,0.7502133033610197,
55,test,ethereum,0.15,f09decebff58a83a2dbe6d5d650b7e9fa77095b1aa3394ac465cad3b1c589fad,0.23281869683716092,0.3061341943709202,0.8875576036866359,1926,244,71,13,0.18309859154929578,0.2752603732628992,"P(prediction=benign | direct route, fraud)",pointwise binomial descriptive; not simultaneous or deployment guarantee,supported,2170,136,2034,77,2015,19,59,0.6637931034482759,0.8020833333333334,0.5661764705882353,0.4338235294117647,0.6563442311552932,0.7724810768999397,0.9462230319856556,0.7784176354907745,
55,test,bsc,0.15,f09decebff58a83a2dbe6d5d650b7e9fa77095b1aa3394ac465cad3b1c589fad,0.23281869683716092,0.3061341943709202,0.8924444444444445,1004,121,5,5,1.0,1.0,"P(prediction=benign | direct route, fraud)",pointwise binomial descriptive; not simultaneous or deployment guarantee,supported,1125,25,1100,5,1090,10,20,0.25,0.3333333333333333,0.2,0.8,0.24534987303147357,0.2550882522120119,0.8572,0.5954545454545455,
55,test,polygon,0.15,f09decebff58a83a2dbe6d5d650b7e9fa77095b1aa3394ac465cad3b1c589fad,0.23281869683716092,0.3061341943709202,0.9348441926345609,330,23,0,0,,,"P(prediction=benign | direct route, fraud)",pointwise binomial descriptive; not simultaneous or deployment guarantee,undefined / insufficient fraud support,353,0,353,0,351,2,0,0.0,0.0,0.0,0.0,0.0,,,,single-class support
55,validation,pooled,0.2,16d27ef1ba285d12f6a4dbc30ab740efcaacf95a2d3d1984af212e3c8d03b709,0.24640728663203793,0.3061341943709202,0.7996162280701754,2917,731,313,29,0.0926517571884984,0.12417808111916653,"P(prediction=benign | direct route, fraud)",pointwise binomial descriptive; not simultaneous or deployment guarantee,supported,3648,393,3255,317,3187,68,76,0.8149100257069408,0.8233766233766234,0.806615776081425,0.19338422391857507,0.7928724956838155,0.8677576105469866,0.9439867418690369,0.8928624195307279,
55,validation,ethereum,0.2,16d27ef1ba285d12f6a4dbc30ab740efcaacf95a2d3d1984af212e3c8d03b709,0.24640728663203793,0.3061341943709202,0.7884792626728111,1711,459,302,19,0.06291390728476821,0.09095145584607993,"P(prediction=benign | direct route, fraud)",pointwise binomial descriptive; not simultaneous or deployment guarantee,supported,2170,361,1809,311,1766,43,50,0.8699300699300699,0.8785310734463276,0.8614958448753463,0.13850415512465375,0.8443358419027333,0.9155171246733507,0.9564764665438581,0.9188629030899672,
55,validation,bsc,0.2,16d27ef1ba285d12f6a4dbc30ab740efcaacf95a2d3d1984af212e3c8d03b709,0.24640728663203793,0.3061341943709202,0.8204444444444444,923,202,10,9,0.9,0.9948838031081763,"P(prediction=benign | direct route, fraud)",pointwise binomial descriptive; not simultaneous or deployment guarantee,supported,1125,31,1094,6,1074,20,25,0.21052631578947367,0.23076923076923078,0.1935483870967742,0.8064516129032258,0.19094301360378732,0.18120676560757498,0.7779383145603584,0.5876334257238899,
55,validation,polygon,0.2,16d27ef1ba285d12f6a4dbc30ab740efcaacf95a2d3d1984af212e3c8d03b709,0.24640728663203793,0.3061341943709202,0.8016997167138811,283,70,1,1,1.0,1.0,"P(prediction=benign | direct route, fraud)",pointwise binomial descriptive; not simultaneous or deployment guarantee,supported,353,1,352,0,347,5,1,0.0,0.0,0.0,1.0,-0.00638886995893187,0.015151515151515152,0.8153409090909091,0.4928977272727273,
55,test,pooled,0.2,16d27ef1ba285d12f6a4dbc30ab740efcaacf95a2d3d1984af212e3c8d03b709,0.24640728663203793,0.3061341943709202,0.8423793859649122,3073,575,73,15,0.2054794520547945,0.2986220285452276,"P(prediction=benign | direct route, fraud)",pointwise binomial descriptive; not simultaneous or deployment guarantee,supported,3648,161,3487,82,3456,31,79,0.5985401459854015,0.7256637168141593,0.5093167701863354,0.4906832298136646,0.5932604176084899,0.6745722058680498,0.9345047354236767,0.7502133033610197,
55,test,ethereum,0.2,16d27ef1ba285d12f6a4dbc30ab740efcaacf95a2d3d1984af212e3c8d03b709,0.24640728663203793,0.3061341943709202,0.8313364055299539,1804,366,69,11,0.15942028985507245,0.2500552090514733,"P(prediction=benign | direct route, fraud)",pointwise binomial descriptive; not simultaneous or deployment guarantee,supported,2170,136,2034,77,2015,19,59,0.6637931034482759,0.8020833333333334,0.5661764705882353,0.4338235294117647,0.6563442311552932,0.7730518614018529,0.9464399329053155,0.7784176354907745,
55,test,bsc,0.2,16d27ef1ba285d12f6a4dbc30ab740efcaacf95a2d3d1984af212e3c8d03b709,0.24640728663203793,0.3061341943709202,0.8506666666666667,957,168,4,4,1.0,1.0,"P(prediction=benign | direct route, fraud)",pointwise binomial descriptive; not simultaneous or deployment guarantee,supported,1125,25,1100,5,1090,10,20,0.25,0.3333333333333333,0.2,0.8,0.24534987303147357,0.258541682745044,0.8596363636363638,0.5954545454545455,
55,test,polygon,0.2,16d27ef1ba285d12f6a4dbc30ab740efcaacf95a2d3d1984af212e3c8d03b709,0.24640728663203793,0.3061341943709202,0.8838526912181303,312,41,0,0,,,"P(prediction=benign | direct route, fraud)",pointwise binomial descriptive; not simultaneous or deployment guarantee,undefined / insufficient fraud support,353,0,353,0,351,2,0,0.0,0.0,0.0,0.0,0.0,,,,single-class support
55,validation,pooled,0.25,154539dfb401e54a51b2dff53a2a3cd1698040a80a0ef22e76c1853c198a9996,0.2575228310801385,0.3061341943709202,0.7497258771929824,2735,913,309,26,0.08414239482200647,0.11483138617324777,"P(prediction=benign | direct route, fraud)",pointwise binomial descriptive; not simultaneous or deployment guarantee,supported,3648,393,3255,317,3187,68,76,0.8149100257069408,0.8233766233766234,0.806615776081425,0.19338422391857507,0.7928724956838155,0.8676043057478586,0.943962508257017,0.8928624195307279,
55,validation,ethereum,0.25,154539dfb401e54a51b2dff53a2a3cd1698040a80a0ef22e76c1853c198a9996,0.2575228310801385,0.3061341943709202,0.7400921658986175,1606,564,299,17,0.056856187290969896,0.08406497111428726,"P(prediction=benign | direct route, fraud)",pointwise binomial descriptive; not simultaneous or deployment guarantee,supported,2170,361,1809,311,1766,43,50,0.8699300699300699,0.8785310734463276,0.8614958448753463,0.13850415512465375,0.8443358419027333,0.915456742171631,0.9564810603798489,0.9188629030899672,
55,validation,bsc,0.25,154539dfb401e54a51b2dff53a2a3cd1698040a80a0ef22e76c1853c198a9996,0.2575228310801385,0.3061341943709202,0.7697777777777778,866,259,10,9,0.9,0.9948838031081763,"P(prediction=benign | direct route, fraud)",pointwise binomial descriptive; not simultaneous or deployment guarantee,supported,1125,31,1094,6,1074,20,25,0.21052631578947367,0.23076923076923078,0.1935483870967742,0.8064516129032258,0.19094301360378732,0.18157332886289573,0.7788818776906292,0.5876334257238899,
55,validation,polygon,0.25,154539dfb401e54a51b2dff53a2a3cd1698040a80a0ef22e76c1853c198a9996,0.2575228310801385,0.3061341943709202,0.7450424929178471,263,90,0,0,,,"P(prediction=benign | direct route, fraud)",pointwise binomial descriptive; not simultaneous or deployment guarantee,undefined / insufficient fraud support,353,1,352,0,347,5,1,0.0,0.0,0.0,1.0,-0.00638886995893187,0.013157894736842105,0.7869318181818182,0.4928977272727273,
55,test,pooled,0.25,154539dfb401e54a51b2dff53a2a3cd1698040a80a0ef22e76c1853c198a9996,0.2575228310801385,0.3061341943709202,0.7807017543859649,2848,800,71,13,0.18309859154929578,0.2752603732628992,"P(prediction=benign | direct route, fraud)",pointwise binomial descriptive; not simultaneous or deployment guarantee,supported,3648,161,3487,82,3456,31,79,0.5985401459854015,0.7256637168141593,0.5093167701863354,0.4906832298136646,0.5932604176084899,0.6745080357393615,0.9343657987876888,0.7502133033610197,
55,test,ethereum,0.25,154539dfb401e54a51b2dff53a2a3cd1698040a80a0ef22e76c1853c198a9996,0.2575228310801385,0.3061341943709202,0.7654377880184332,1661,509,67,9,0.13432835820895522,0.22270117765672032,"P(prediction=benign | direct route, fraud)",pointwise binomial descriptive; not simultaneous or deployment guarantee,supported,2170,136,2034,77,2015,19,59,0.6637931034482759,0.8020833333333334,0.5661764705882353,0.4338235294117647,0.6563442311552932,0.7728534040886608,0.946176036786396,0.7784176354907745,
55,test,bsc,0.25,154539dfb401e54a51b2dff53a2a3cd1698040a80a0ef22e76c1853c198a9996,0.2575228310801385,0.3061341943709202,0.7937777777777778,893,232,4,4,1.0,1.0,"P(prediction=benign | direct route, fraud)",pointwise binomial descriptive; not simultaneous or deployment guarantee,supported,1125,25,1100,5,1090,10,20,0.25,0.3333333333333333,0.2,0.8,0.24534987303147357,0.258541682745044,0.8596363636363638,0.5954545454545455,
55,test,polygon,0.25,154539dfb401e54a51b2dff53a2a3cd1698040a80a0ef22e76c1853c198a9996,0.2575228310801385,0.3061341943709202,0.8328611898016998,294,59,0,0,,,"P(prediction=benign | direct route, fraud)",pointwise binomial descriptive; not simultaneous or deployment guarantee,undefined / insufficient fraud support,353,0,353,0,351,2,0,0.0,0.0,0.0,0.0,0.0,,,,single-class support
55,validation,pooled,0.3,855f8093f0c8edb49573c9912983f0bd98cb4e2614509118715989de02aae47d,0.2660960138337281,0.3061341943709202,0.6995614035087719,2552,1096,308,25,0.08116883116883117,0.11152316958242119,"P(prediction=benign | direct route, fraud)",pointwise binomial descriptive; not simultaneous or deployment guarantee,supported,3648,393,3255,317,3187,68,76,0.8149100257069408,0.8233766233766234,0.806615776081425,0.19338422391857507,0.7928724956838155,0.8673888249577314,0.9438694824560375,0.8928624195307279,
55,validation,ethereum,0.3,855f8093f0c8edb49573c9912983f0bd98cb4e2614509118715989de02aae47d,0.2660960138337281,0.3061341943709202,0.6903225806451613,1498,672,299,17,0.056856187290969896,0.08406497111428726,"P(prediction=benign | direct route, fraud)",pointwise binomial descriptive; not simultaneous or deployment guarantee,supported,2170,361,1809,311,1766,43,50,0.8699300699300699,0.8785310734463276,0.8614958448753463,0.13850415512465375,0.8443358419027333,0.9154794813416071,0.9565070921171306,0.9188629030899672,
55,validation,bsc,0.3,855f8093f0c8edb49573c9912983f0bd98cb4e2614509118715989de02aae47d,0.2660960138337281,0.3061341943709202,0.7208888888888889,811,314,9,8,0.8888888888888888,0.9943169550119519,"P(prediction=benign | direct route, fraud)",pointwise binomial descriptive; not simultaneous or deployment guarantee,supported,1125,31,1094,6,1074,20,25,0.21052631578947367,0.23076923076923078,0.1935483870967742,0.8064516129032258,0.19094301360378732,0.18110933609465052,0.7776434510821488,0.5876334257238899,
55,validation,polygon,0.3,855f8093f0c8edb49573c9912983f0bd98cb4e2614509118715989de02aae47d,0.2660960138337281,0.3061341943709202,0.6883852691218131,243,110,0,0,,,"P(prediction=benign | direct route, fraud)",pointwise binomial descriptive; not simultaneous or deployment guarantee,undefined / insufficient fraud support,353,1,352,0,347,5,1,0.0,0.0,0.0,1.0,-0.00638886995893187,0.013157894736842105,0.7869318181818182,0.4928977272727273,
55,test,pooled,0.3,855f8093f0c8edb49573c9912983f0bd98cb4e2614509118715989de02aae47d,0.2660960138337281,0.3061341943709202,0.7176535087719298,2618,1030,70,12,0.17142857142857143,0.2629052823464073,"P(prediction=benign | direct route, fraud)",pointwise binomial descriptive; not simultaneous or deployment guarantee,supported,3648,161,3487,82,3456,31,79,0.5985401459854015,0.7256637168141593,0.5093167701863354,0.4906832298136646,0.5932604176084899,0.6746972662213453,0.9346579219710478,0.7502133033610197,
55,test,ethereum,0.3,855f8093f0c8edb49573c9912983f0bd98cb4e2614509118715989de02aae47d,0.2660960138337281,0.3061341943709202,0.6967741935483871,1512,658,66,8,0.12121212121212122,0.2080935045482498,"P(prediction=benign | direct route, fraud)",pointwise binomial descriptive; not simultaneous or deployment guarantee,supported,2170,136,2034,77,2015,19,59,0.6637931034482759,0.8020833333333334,0.5661764705882353,0.4338235294117647,0.6563442311552932,0.7731437429052489,0.9465628434264561,0.7784176354907745,
55,test,bsc,0.3,855f8093f0c8edb49573c9912983f0bd98cb4e2614509118715989de02aae47d,0.2660960138337281,0.3061341943709202,0.7404444444444445,833,292,4,4,1.0,1.0,"P(prediction=benign | direct route, fraud)",pointwise binomial descriptive; not simultaneous or deployment guarantee,supported,1125,25,1100,5,1090,10,20,0.25,0.3333333333333333,0.2,0.8,0.24534987303147357,0.258541682745044,0.8596363636363638,0.5954545454545455,
55,test,polygon,0.3,855f8093f0c8edb49573c9912983f0bd98cb4e2614509118715989de02aae47d,0.2660960138337281,0.3061341943709202,0.773371104815864,273,80,0,0,,,"P(prediction=benign | direct route, fraud)",pointwise binomial descriptive; not simultaneous or deployment guarantee,undefined / insufficient fraud support,353,0,353,0,351,2,0,0.0,0.0,0.0,0.0,0.0,,,,single-class support
55,validation,pooled,0.35,2604de9087c140b13c83cbb83f167b44505135575c299cab95ac8721addc2e97,0.2726505047436266,0.3061341943709202,0.649671052631579,2370,1278,301,23,0.07641196013289037,0.10652029449838539,"P(prediction=benign | direct route, fraud)",pointwise binomial descriptive; not simultaneous or deployment guarantee,supported,3648,393,3255,317,3187,68,76,0.8149100257069408,0.8233766233766234,0.806615776081425,0.19338422391857507,0.7928724956838155,0.8677317750905763,0.9438429036557577,0.8928624195307279,
55,validation,ethereum,0.35,2604de9087c140b13c83cbb83f167b44505135575c299cab95ac8721addc2e97,0.2726505047436266,0.3061341943709202,0.6410138248847926,1391,779,293,16,0.05460750853242321,0.08176041160560543,"P(prediction=benign | direct route, fraud)",pointwise binomial descriptive; not simultaneous or deployment guarantee,supported,2170,361,1809,311,1766,43,50,0.8699300699300699,0.8785310734463276,0.8614958448753463,0.13850415512465375,0.8443358419027333,0.9157381231541019,0.9565239361824304,0.9188629030899672,
55,validation,bsc,0.35,2604de9087c140b13c83cbb83f167b44505135575c299cab95ac8721addc2e97,0.2726505047436266,0.3061341943709202,0.6675555555555556,751,374,8,7,0.875,0.993608849045455,"P(prediction=benign | direct route, fraud)",pointwise binomial descriptive; not simultaneous or deployment guarantee,supported,1125,31,1094,6,1074,20,25,0.21052631578947367,0.23076923076923078,0.1935483870967742,0.8064516129032258,0.19094301360378732,0.18100713587635442,0.7770832104735508,0.5876334257238899,
55,validation,polygon,0.35,2604de9087c140b13c83cbb83f167b44505135575c299cab95ac8721addc2e97,0.2726505047436266,0.3061341943709202,0.6458923512747875,228,125,0,0,,,"P(prediction=benign | direct route, fraud)",pointwise binomial descriptive; not simultaneous or deployment guarantee,undefined / insufficient fraud support,353,1,352,0,347,5,1,0.0,0.0,0.0,1.0,-0.00638886995893187,0.013157894736842105,0.7869318181818182,0.4928977272727273,
55,test,pooled,0.35,2604de9087c140b13c83cbb83f167b44505135575c299cab95ac8721addc2e97,0.2726505047436266,0.3061341943709202,0.6543311403508771,2387,1261,69,11,0.15942028985507245,0.2500552090514733,"P(prediction=benign | direct route, fraud)",pointwise binomial descriptive; not simultaneous or deployment guarantee,supported,3648,161,3487,82,3456,31,79,0.5985401459854015,0.7256637168141593,0.5093167701863354,0.4906832298136646,0.5932604176084899,0.6740554952030426,0.9348930455088733,0.7502133033610197,
55,test,ethereum,0.35,2604de9087c140b13c83cbb83f167b44505135575c299cab95ac8721addc2e97,0.2726505047436266,0.3061341943709202,0.6271889400921659,1361,809,65,7,0.1076923076923077,0.1927780559692274,"P(prediction=benign | direct route, fraud)",pointwise binomial descriptive; not simultaneous or deployment guarantee,supported,2170,136,2034,77,2015,19,59,0.6637931034482759,0.8020833333333334,0.5661764705882353,0.4338235294117647,0.6563442311552932,0.7722229379587753,0.946844814622014,0.7784176354907745,
55,test,bsc,0.35,2604de9087c140b13c83cbb83f167b44505135575c299cab95ac8721addc2e97,0.2726505047436266,0.3061341943709202,0.688,774,351,4,4,1.0,1.0,"P(prediction=benign | direct route, fraud)",pointwise binomial descriptive; not simultaneous or deployment guarantee,supported,1125,25,1100,5,1090,10,20,0.25,0.3333333333333333,0.2,0.8,0.24534987303147357,0.258541682745044,0.8596363636363638,0.5954545454545455,
55,test,polygon,0.35,2604de9087c140b13c83cbb83f167b44505135575c299cab95ac8721addc2e97,0.2726505047436266,0.3061341943709202,0.7138810198300283,252,101,0,0,,,"P(prediction=benign | direct route, fraud)",pointwise binomial descriptive; not simultaneous or deployment guarantee,undefined / insufficient fraud support,353,0,353,0,351,2,0,0.0,0.0,0.0,0.0,0.0,,,,single-class support
55,validation,pooled,0.4,a8ec66251085afa8bf72ea8b83186fbfc6d7cc1ee09c3f0b90da623c3d6f1268,0.27831658148625343,0.3061341943709202,0.5997807017543859,2188,1460,299,22,0.07357859531772576,0.10340056290077042,"P(prediction=benign | direct route, fraud)",pointwise binomial descriptive; not simultaneous or deployment guarantee,supported,3648,393,3255,317,3187,68,76,0.8149100257069408,0.8233766233766234,0.806615776081425,0.19338422391857507,0.7928724956838155,0.8678944923608557,0.9438593199735776,0.8928624195307279,
55,validation,ethereum,0.4,a8ec66251085afa8bf72ea8b83186fbfc6d7cc1ee09c3f0b90da623c3d6f1268,0.27831658148625343,0.3061341943709202,0.5912442396313364,1283,887,291,15,0.05154639175257732,0.07826431664208774,"P(prediction=benign | direct route, fraud)",pointwise binomial descriptive; not simultaneous or deployment guarantee,supported,2170,361,1809,311,1766,43,50,0.8699300699300699,0.8785310734463276,0.8614958448753463,0.13850415512465375,0.8443358419027333,0.9158661361767101,0.9565331238544121,0.9188629030899672,
55,validation,bsc,0.4,a8ec66251085afa8bf72ea8b83186fbfc6d7cc1ee09c3f0b90da623c3d6f1268,0.27831658148625343,0.3061341943709202,0.616,693,432,8,7,0.875,0.993608849045455,"P(prediction=benign | direct route, fraud)",pointwise binomial descriptive; not simultaneous or deployment guarantee,supported,1125,31,1094,6,1074,20,25,0.21052631578947367,0.23076923076923078,0.1935483870967742,0.8064516129032258,0.19094301360378732,0.18104892516301785,0.7773191012561185,0.5876334257238899,
55,validation,polygon,0.4,a8ec66251085afa8bf72ea8b83186fbfc6d7cc1ee09c3f0b90da623c3d6f1268,0.27831658148625343,0.3061341943709202,0.6005665722379604,212,141,0,0,,,"P(prediction=benign | direct route, fraud)",pointwise binomial descriptive; not simultaneous or deployment guarantee,undefined / insufficient fraud support,353,1,352,0,347,5,1,0.0,0.0,0.0,1.0,-0.00638886995893187,0.013157894736842105,0.7869318181818182,0.4928977272727273,
55,test,pooled,0.4,a8ec66251085afa8bf72ea8b83186fbfc6d7cc1ee09c3f0b90da623c3d6f1268,0.27831658148625343,0.3061341943709202,0.5830592105263158,2127,1521,69,11,0.15942028985507245,0.2500552090514733,"P(prediction=benign | direct route, fraud)",pointwise binomial descriptive; not simultaneous or deployment guarantee,supported,3648,161,3487,82,3456,31,79,0.5985401459854015,0.7256637168141593,0.5093167701863354,0.4906832298136646,0.5932604176084899,0.6735679719040626,0.9348805768364128,0.7502133033610197,
55,test,ethereum,0.4,a8ec66251085afa8bf72ea8b83186fbfc6d7cc1ee09c3f0b90da623c3d6f1268,0.27831658148625343,0.3061341943709202,0.5414746543778802,1175,995,65,7,0.1076923076923077,0.1927780559692274,"P(prediction=benign | direct route, fraud)",pointwise binomial descriptive; not simultaneous or deployment guarantee,supported,2170,136,2034,77,2015,19,59,0.6637931034482759,0.8020833333333334,0.5661764705882353,0.4338235294117647,0.6563442311552932,0.7715249986583744,0.9468195095147204,0.7784176354907745,
55,test,bsc,0.4,a8ec66251085afa8bf72ea8b83186fbfc6d7cc1ee09c3f0b90da623c3d6f1268,0.27831658148625343,0.3061341943709202,0.6311111111111111,710,415,4,4,1.0,1.0,"P(prediction=benign | direct route, fraud)",pointwise binomial descriptive; not simultaneous or deployment guarantee,supported,1125,25,1100,5,1090,10,20,0.25,0.3333333333333333,0.2,0.8,0.24534987303147357,0.258541682745044,0.8596363636363638,0.5954545454545455,
55,test,polygon,0.4,a8ec66251085afa8bf72ea8b83186fbfc6d7cc1ee09c3f0b90da623c3d6f1268,0.27831658148625343,0.3061341943709202,0.6855524079320113,242,111,0,0,,,"P(prediction=benign | direct route, fraud)",pointwise binomial descriptive; not simultaneous or deployment guarantee,undefined / insufficient fraud support,353,0,353,0,351,2,0,0.0,0.0,0.0,0.0,0.0,,,,single-class support
55,validation,pooled,0.45,bc2436d187dc9277444effee4a34ef2629b9bc481cb353c920519775c19bba8b,0.2827230156216547,0.3061341943709202,0.5496162280701754,2005,1643,295,18,0.061016949152542375,0.08914162359047145,"P(prediction=benign | direct route, fraud)",pointwise binomial descriptive; not simultaneous or deployment guarantee,supported,3648,393,3255,317,3187,68,76,0.8149100257069408,0.8233766233766234,0.806615776081425,0.19338422391857507,0.7928724956838155,0.8674840287152428,0.943799126808238,0.8928624195307279,
55,validation,ethereum,0.45,bc2436d187dc9277444effee4a34ef2629b9bc481cb353c920519775c19bba8b,0.2827230156216547,0.3061341943709202,0.5423963133640552,1177,993,287,11,0.03832752613240418,0.0626438878725629,"P(prediction=benign | direct route, fraud)",pointwise binomial descriptive; not simultaneous or deployment guarantee,supported,2170,361,1809,311,1766,43,50,0.8699300699300699,0.8785310734463276,0.8614958448753463,0.13850415512465375,0.8443358419027333,0.9158536705207375,0.9565024982811396,0.9188629030899672,
55,validation,bsc,0.45,bc2436d187dc9277444effee4a34ef2629b9bc481cb353c920519775c19bba8b,0.2827230156216547,0.3061341943709202,0.5671111111111111,638,487,8,7,0.875,0.993608849045455,"P(prediction=benign | direct route, fraud)",pointwise binomial descriptive; not simultaneous or deployment guarantee,supported,1125,31,1094,6,1074,20,25,0.21052631578947367,0.23076923076923078,0.1935483870967742,0.8064516129032258,0.19094301360378732,0.18104892516301785,0.7773191012561185,0.5876334257238899,
55,validation,polygon,0.45,bc2436d187dc9277444effee4a34ef2629b9bc481cb353c920519775c19bba8b,0.2827230156216547,0.3061341943709202,0.5382436260623229,190,163,0,0,,,"P(prediction=benign | direct route, fraud)",pointwise binomial descriptive; not simultaneous or deployment guarantee,undefined / insufficient fraud support,353,1,352,0,347,5,1,0.0,0.0,0.0,1.0,-0.00638886995893187,0.013157894736842105,0.7869318181818182,0.4928977272727273,
55,test,pooled,0.45,bc2436d187dc9277444effee4a34ef2629b9bc481cb353c920519775c19bba8b,0.2827230156216547,0.3061341943709202,0.5189144736842105,1893,1755,67,9,0.13432835820895522,0.22270117765672032,"P(prediction=benign | direct route, fraud)",pointwise binomial descriptive; not simultaneous or deployment guarantee,supported,3648,161,3487,82,3456,31,79,0.5985401459854015,0.7256637168141593,0.5093167701863354,0.4906832298136646,0.5932604176084899,0.673580784160276,0.9349482639154838,0.7502133033610197,
55,test,ethereum,0.45,bc2436d187dc9277444effee4a34ef2629b9bc481cb353c920519775c19bba8b,0.2827230156216547,0.3061341943709202,0.46589861751152073,1011,1159,64,6,0.09375,0.17666902232407405,"P(prediction=benign | direct route, fraud)",pointwise binomial descriptive; not simultaneous or deployment guarantee,supported,2170,136,2034,77,2015,19,59,0.6637931034482759,0.8020833333333334,0.5661764705882353,0.4338235294117647,0.6563442311552932,0.7715103232675623,0.9467508242234947,0.7784176354907745,
55,test,bsc,0.45,bc2436d187dc9277444effee4a34ef2629b9bc481cb353c920519775c19bba8b,0.2827230156216547,0.3061341943709202,0.5848888888888889,658,467,3,3,1.0,1.0,"P(prediction=benign | direct route, fraud)",pointwise binomial descriptive; not simultaneous or deployment guarantee,supported,1125,25,1100,5,1090,10,20,0.25,0.3333333333333333,0.2,0.8,0.24534987303147357,0.2586059179962236,0.8601454545454545,0.5954545454545455,
55,test,polygon,0.45,bc2436d187dc9277444effee4a34ef2629b9bc481cb353c920519775c19bba8b,0.2827230156216547,0.3061341943709202,0.6345609065155807,224,129,0,0,,,"P(prediction=benign | direct route, fraud)",pointwise binomial descriptive; not simultaneous or deployment guarantee,undefined / insufficient fraud support,353,0,353,0,351,2,0,0.0,0.0,0.0,0.0,0.0,,,,single-class support
55,validation,pooled,0.5,0359a5d43cee49f1b719572d5a1fe1b3c20a650c00bbd3d526d5bc81f76db870,0.28601688614352383,0.3061341943709202,0.49972587719298245,1823,1825,295,18,0.061016949152542375,0.08914162359047145,"P(prediction=benign | direct route, fraud)",pointwise binomial descriptive; not simultaneous or deployment guarantee,supported,3648,393,3255,317,3187,68,76,0.8149100257069408,0.8233766233766234,0.806615776081425,0.19338422391857507,0.7928724956838155,0.867482919606217,0.9437959998905581,0.8928624195307279,
55,validation,ethereum,0.5,0359a5d43cee49f1b719572d5a1fe1b3c20a650c00bbd3d526d5bc81f76db870,0.28601688614352383,0.3061341943709202,0.4930875576036866,1070,1100,287,11,0.03832752613240418,0.0626438878725629,"P(prediction=benign | direct route, fraud)",pointwise binomial descriptive; not simultaneous or deployment guarantee,supported,2170,361,1809,311,1766,43,50,0.8699300699300699,0.8785310734463276,0.8614958448753463,0.13850415512465375,0.8443358419027333,0.9158517842898161,0.9564979044451487,0.9188629030899672,
55,validation,bsc,0.5,0359a5d43cee49f1b719572d5a1fe1b3c20a650c00bbd3d526d5bc81f76db870,0.28601688614352383,0.3061341943709202,0.5182222222222223,583,542,8,7,0.875,0.993608849045455,"P(prediction=benign | direct route, fraud)",pointwise binomial descriptive; not simultaneous or deployment guarantee,supported,1125,31,1094,6,1074,20,25,0.21052631578947367,0.23076923076923078,0.1935483870967742,0.8064516129032258,0.19094301360378732,0.18104892516301785,0.7773191012561185,0.5876334257238899,
55,validation,polygon,0.5,0359a5d43cee49f1b719572d5a1fe1b3c20a650c00bbd3d526d5bc81f76db870,0.28601688614352383,0.3061341943709202,0.48158640226628896,170,183,0,0,,,"P(prediction=benign | direct route, fraud)",pointwise binomial descriptive; not simultaneous or deployment guarantee,undefined / insufficient fraud support,353,1,352,0,347,5,1,0.0,0.0,0.0,1.0,-0.00638886995893187,0.013157894736842105,0.7869318181818182,0.4928977272727273,
55,test,pooled,0.5,0359a5d43cee49f1b719572d5a1fe1b3c20a650c00bbd3d526d5bc81f76db870,0.28601688614352383,0.3061341943709202,0.4594298245614035,1676,1972,64,6,0.09375,0.17666902232407405,"P(prediction=benign | direct route, fraud)",pointwise binomial descriptive; not simultaneous or deployment guarantee,supported,3648,161,3487,82,3456,31,79,0.5985401459854015,0.7256637168141593,0.5093167701863354,0.4906832298136646,0.5932604176084899,0.6735639909113506,0.9348271396687251,0.7502133033610197,
55,test,ethereum,0.5,0359a5d43cee49f1b719572d5a1fe1b3c20a650c00bbd3d526d5bc81f76db870,0.28601688614352383,0.3061341943709202,0.40184331797235023,872,1298,61,3,0.04918032786885246,0.12223140113067367,"P(prediction=benign | direct route, fraud)",pointwise binomial descriptive; not simultaneous or deployment guarantee,supported,2170,136,2034,77,2015,19,59,0.6637931034482759,0.8020833333333334,0.5661764705882353,0.4338235294117647,0.6563442311552932,0.7714806870738588,0.9465592284111284,0.7784176354907745,
55,test,bsc,0.5,0359a5d43cee49f1b719572d5a1fe1b3c20a650c00bbd3d526d5bc81f76db870,0.28601688614352383,0.3061341943709202,0.5306666666666666,597,528,3,3,1.0,1.0,"P(prediction=benign | direct route, fraud)",pointwise binomial descriptive; not simultaneous or deployment guarantee,supported,1125,25,1100,5,1090,10,20,0.25,0.3333333333333333,0.2,0.8,0.24534987303147357,0.2586059179962236,0.8601454545454545,0.5954545454545455,
55,test,polygon,0.5,0359a5d43cee49f1b719572d5a1fe1b3c20a650c00bbd3d526d5bc81f76db870,0.28601688614352383,0.3061341943709202,0.5864022662889519,207,146,0,0,,,"P(prediction=benign | direct route, fraud)",pointwise binomial descriptive; not simultaneous or deployment guarantee,undefined / insufficient fraud support,353,0,353,0,351,2,0,0.0,0.0,0.0,0.0,0.0,,,,single-class support
55,validation,pooled,0.55,e270016e3d3fe5ba886ab8f82659bdc3f3ac2cdc19dc3bbd7860a1632ef06629,0.2887600946346094,0.3061341943709202,0.4498355263157895,1641,2007,294,18,0.061224489795918366,0.08944023487917013,"P(prediction=benign | direct route, fraud)",pointwise binomial descriptive; not simultaneous or deployment guarantee,supported,3648,393,3255,317,3187,68,76,0.8149100257069408,0.8233766233766234,0.806615776081425,0.19338422391857507,0.7928724956838155,0.8676240194677108,0.9438100710201179,0.8928624195307279,
55,validation,ethereum,0.55,e270016e3d3fe5ba886ab8f82659bdc3f3ac2cdc19dc3bbd7860a1632ef06629,0.2887600946346094,0.3061341943709202,0.44193548387096776,959,1211,286,11,0.038461538461538464,0.0628601248586505,"P(prediction=benign | direct route, fraud)",pointwise binomial descriptive; not simultaneous or deployment guarantee,supported,2170,361,1809,311,1766,43,50,0.8699300699300699,0.8785310734463276,0.8614958448753463,0.13850415512465375,0.8443358419027333,0.9159687349740386,0.9565178110677759,0.9188629030899672,
55,validation,bsc,0.55,e270016e3d3fe5ba886ab8f82659bdc3f3ac2cdc19dc3bbd7860a1632ef06629,0.2887600946346094,0.3061341943709202,0.46755555555555556,526,599,8,7,0.875,0.993608849045455,"P(prediction=benign | direct route, fraud)",pointwise binomial descriptive; not simultaneous or deployment guarantee,supported,1125,31,1094,6,1074,20,25,0.21052631578947367,0.23076923076923078,0.1935483870967742,0.8064516129032258,0.19094301360378732,0.18104892516301785,0.7773191012561185,0.5876334257238899,
55,validation,polygon,0.55,e270016e3d3fe5ba886ab8f82659bdc3f3ac2cdc19dc3bbd7860a1632ef06629,0.2887600946346094,0.3061341943709202,0.44192634560906513,156,197,0,0,,,"P(prediction=benign | direct route, fraud)",pointwise binomial descriptive; not simultaneous or deployment guarantee,undefined / insufficient fraud support,353,1,352,0,347,5,1,0.0,0.0,0.0,1.0,-0.00638886995893187,0.013157894736842105,0.7869318181818182,0.4928977272727273,
55,test,pooled,0.55,e270016e3d3fe5ba886ab8f82659bdc3f3ac2cdc19dc3bbd7860a1632ef06629,0.2887600946346094,0.3061341943709202,0.4018640350877193,1466,2182,64,6,0.09375,0.17666902232407405,"P(prediction=benign | direct route, fraud)",pointwise binomial descriptive; not simultaneous or deployment guarantee,supported,3648,161,3487,82,3456,31,79,0.5985401459854015,0.7256637168141593,0.5093167701863354,0.4906832298136646,0.5932604176084899,0.6735602820556642,0.9347986398459585,0.7502133033610197,
55,test,ethereum,0.55,e270016e3d3fe5ba886ab8f82659bdc3f3ac2cdc19dc3bbd7860a1632ef06629,0.2887600946346094,0.3061341943709202,0.33640552995391704,730,1440,61,3,0.04918032786885246,0.12223140113067367,"P(prediction=benign | direct route, fraud)",pointwise binomial descriptive; not simultaneous or deployment guarantee,supported,2170,136,2034,77,2015,19,59,0.6637931034482759,0.8020833333333334,0.5661764705882353,0.4338235294117647,0.6563442311552932,0.7714727962140516,0.9465050031812133,0.7784176354907745,
55,test,bsc,0.55,e270016e3d3fe5ba886ab8f82659bdc3f3ac2cdc19dc3bbd7860a1632ef06629,0.2887600946346094,0.3061341943709202,0.48444444444444446,545,580,3,3,1.0,1.0,"P(prediction=benign | direct route, fraud)",pointwise binomial descriptive; not simultaneous or deployment guarantee,supported,1125,25,1100,5,1090,10,20,0.25,0.3333333333333333,0.2,0.8,0.24534987303147357,0.2586059179962236,0.8601454545454545,0.5954545454545455,
55,test,polygon,0.55,e270016e3d3fe5ba886ab8f82659bdc3f3ac2cdc19dc3bbd7860a1632ef06629,0.2887600946346094,0.3061341943709202,0.5410764872521246,191,162,0,0,,,"P(prediction=benign | direct route, fraud)",pointwise binomial descriptive; not simultaneous or deployment guarantee,undefined / insufficient fraud support,353,0,353,0,351,2,0,0.0,0.0,0.0,0.0,0.0,,,,single-class support
55,validation,pooled,0.6,bce29cdc1e2e5ef22cbc8f722899488d9eb87fe73963d4eb1cc0a99cbbb7a4bd,0.29101166770134923,0.3061341943709202,0.3996710526315789,1458,2190,293,17,0.05802047781569966,0.08576090697831121,"P(prediction=benign | direct route, fraud)",pointwise binomial descriptive; not simultaneous or deployment guarantee,supported,3648,393,3255,317,3187,68,76,0.8149100257069408,0.8233766233766234,0.806615776081425,0.19338422391857507,0.7928724956838155,0.8676248000880821,0.9438139796672178,0.8928624195307279,
55,validation,ethereum,0.6,bce29cdc1e2e5ef22cbc8f722899488d9eb87fe73963d4eb1cc0a99cbbb7a4bd,0.29101166770134923,0.3061341943709202,0.38894009216589864,844,1326,286,11,0.038461538461538464,0.0628601248586505,"P(prediction=benign | direct route, fraud)",pointwise binomial descriptive; not simultaneous or deployment guarantee,supported,2170,361,1809,311,1766,43,50,0.8699300699300699,0.8785310734463276,0.8614958448753463,0.13850415512465375,0.8443358419027333,0.9159687349740386,0.9565178110677759,0.9188629030899672,
55,validation,bsc,0.6,bce29cdc1e2e5ef22cbc8f722899488d9eb87fe73963d4eb1cc0a99cbbb7a4bd,0.29101166770134923,0.3061341943709202,0.42133333333333334,474,651,7,6,0.8571428571428571,0.9926991680209853,"P(prediction=benign | direct route, fraud)",pointwise binomial descriptive; not simultaneous or deployment guarantee,supported,1125,31,1094,6,1074,20,25,0.21052631578947367,0.23076923076923078,0.1935483870967742,0.8064516129032258,0.19094301360378732,0.18105839611560626,0.7774665329952233,0.5876334257238899,
55,validation,polygon,0.6,bce29cdc1e2e5ef22cbc8f722899488d9eb87fe73963d4eb1cc0a99cbbb7a4bd,0.29101166770134923,0.3061341943709202,0.39660056657223797,140,213,0,0,,,"P(prediction=benign | direct route, fraud)",pointwise binomial descriptive; not simultaneous or deployment guarantee,undefined / insufficient fraud support,353,1,352,0,347,5,1,0.0,0.0,0.0,1.0,-0.00638886995893187,0.013157894736842105,0.7869318181818182,0.4928977272727273,
55,test,pooled,0.6,bce29cdc1e2e5ef22cbc8f722899488d9eb87fe73963d4eb1cc0a99cbbb7a4bd,0.29101166770134923,0.3061341943709202,0.34676535087719296,1265,2383,64,6,0.09375,0.17666902232407405,"P(prediction=benign | direct route, fraud)",pointwise binomial descriptive; not simultaneous or deployment guarantee,supported,3648,161,3487,82,3456,31,79,0.5985401459854015,0.7256637168141593,0.5093167701863354,0.4906832298136646,0.5932604176084899,0.6735602820556642,0.9347986398459585,0.7502133033610197,
55,test,ethereum,0.6,bce29cdc1e2e5ef22cbc8f722899488d9eb87fe73963d4eb1cc0a99cbbb7a4bd,0.29101166770134923,0.3061341943709202,0.27926267281105993,606,1564,61,3,0.04918032786885246,0.12223140113067367,"P(prediction=benign | direct route, fraud)",pointwise binomial descriptive; not simultaneous or deployment guarantee,supported,2170,136,2034,77,2015,19,59,0.6637931034482759,0.8020833333333334,0.5661764705882353,0.4338235294117647,0.6563442311552932,0.7714727962140516,0.9465050031812133,0.7784176354907745,
55,test,bsc,0.6,bce29cdc1e2e5ef22cbc8f722899488d9eb87fe73963d4eb1cc0a99cbbb7a4bd,0.29101166770134923,0.3061341943709202,0.43733333333333335,492,633,3,3,1.0,1.0,"P(prediction=benign | direct route, fraud)",pointwise binomial descriptive; not simultaneous or deployment guarantee,supported,1125,25,1100,5,1090,10,20,0.25,0.3333333333333333,0.2,0.8,0.24534987303147357,0.2586059179962236,0.8601454545454545,0.5954545454545455,
55,test,polygon,0.6,bce29cdc1e2e5ef22cbc8f722899488d9eb87fe73963d4eb1cc0a99cbbb7a4bd,0.29101166770134923,0.3061341943709202,0.4730878186968839,167,186,0,0,,,"P(prediction=benign | direct route, fraud)",pointwise binomial descriptive; not simultaneous or deployment guarantee,undefined / insufficient fraud support,353,0,353,0,351,2,0,0.0,0.0,0.0,0.0,0.0,,,,single-class support
55,validation,pooled,0.65,805e7e1e5427913711f6d0bc0f0796d4cb011640699552365fc8102a4c5e3de0,0.2926243336883754,0.3061341943709202,0.34978070175438597,1276,2372,292,16,0.0547945205479452,0.08203634809586767,"P(prediction=benign | direct route, fraud)",pointwise binomial descriptive; not simultaneous or deployment guarantee,supported,3648,393,3255,317,3187,68,76,0.8149100257069408,0.8233766233766234,0.806615776081425,0.19338422391857507,0.7928724956838155,0.8676270487674141,0.9438264873379377,0.8928624195307279,
55,validation,ethereum,0.65,805e7e1e5427913711f6d0bc0f0796d4cb011640699552365fc8102a4c5e3de0,0.2926243336883754,0.3061341943709202,0.3419354838709677,742,1428,286,11,0.038461538461538464,0.0628601248586505,"P(prediction=benign | direct route, fraud)",pointwise binomial descriptive; not simultaneous or deployment guarantee,supported,2170,361,1809,311,1766,43,50,0.8699300699300699,0.8785310734463276,0.8614958448753463,0.13850415512465375,0.8443358419027333,0.9159687349740386,0.9565178110677759,0.9188629030899672,
55,validation,bsc,0.65,805e7e1e5427913711f6d0bc0f0796d4cb011640699552365fc8102a4c5e3de0,0.2926243336883754,0.3061341943709202,0.3626666666666667,408,717,6,5,0.8333333333333334,0.9914875553891529,"P(prediction=benign | direct route, fraud)",pointwise binomial descriptive; not simultaneous or deployment guarantee,supported,1125,31,1094,6,1074,20,25,0.21052631578947367,0.23076923076923078,0.1935483870967742,0.8064516129032258,0.19094301360378732,0.18107056112890316,0.77767293742997,0.5876334257238899,
55,validation,polygon,0.65,805e7e1e5427913711f6d0bc0f0796d4cb011640699552365fc8102a4c5e3de0,0.2926243336883754,0.3061341943709202,0.35694050991501414,126,227,0,0,,,"P(prediction=benign | direct route, fraud)",pointwise binomial descriptive; not simultaneous or deployment guarantee,undefined / insufficient fraud support,353,1,352,0,347,5,1,0.0,0.0,0.0,1.0,-0.00638886995893187,0.013157894736842105,0.7869318181818182,0.4928977272727273,
55,test,pooled,0.65,805e7e1e5427913711f6d0bc0f0796d4cb011640699552365fc8102a4c5e3de0,0.2926243336883754,0.3061341943709202,0.2891995614035088,1055,2593,64,6,0.09375,0.17666902232407405,"P(prediction=benign | direct route, fraud)",pointwise binomial descriptive; not simultaneous or deployment guarantee,supported,3648,161,3487,82,3456,31,79,0.5985401459854015,0.7256637168141593,0.5093167701863354,0.4906832298136646,0.5932604176084899,0.6735602820556642,0.9347986398459585,0.7502133033610197,
55,test,ethereum,0.65,805e7e1e5427913711f6d0bc0f0796d4cb011640699552365fc8102a4c5e3de0,0.2926243336883754,0.3061341943709202,0.2207373271889401,479,1691,61,3,0.04918032786885246,0.12223140113067367,"P(prediction=benign | direct route, fraud)",pointwise binomial descriptive; not simultaneous or deployment guarantee,supported,2170,136,2034,77,2015,19,59,0.6637931034482759,0.8020833333333334,0.5661764705882353,0.4338235294117647,0.6563442311552932,0.7714727962140516,0.9465050031812133,0.7784176354907745,
55,test,bsc,0.65,805e7e1e5427913711f6d0bc0f0796d4cb011640699552365fc8102a4c5e3de0,0.2926243336883754,0.3061341943709202,0.37244444444444447,419,706,3,3,1.0,1.0,"P(prediction=benign | direct route, fraud)",pointwise binomial descriptive; not simultaneous or deployment guarantee,supported,1125,25,1100,5,1090,10,20,0.25,0.3333333333333333,0.2,0.8,0.24534987303147357,0.2586059179962236,0.8601454545454545,0.5954545454545455,
55,test,polygon,0.65,805e7e1e5427913711f6d0bc0f0796d4cb011640699552365fc8102a4c5e3de0,0.2926243336883754,0.3061341943709202,0.4447592067988669,157,196,0,0,,,"P(prediction=benign | direct route, fraud)",pointwise binomial descriptive; not simultaneous or deployment guarantee,undefined / insufficient fraud support,353,0,353,0,351,2,0,0.0,0.0,0.0,0.0,0.0,,,,single-class support
55,validation,pooled,0.7,cbf78e3e3dea2f156a286e2b0ed53e76c4be0d0c2206535897ab61f5e35175a9,0.29377275690479693,0.3061341943709202,0.29989035087719296,1094,2554,288,12,0.041666666666666664,0.06663578389650661,"P(prediction=benign | direct route, fraud)",pointwise binomial descriptive; not simultaneous or deployment guarantee,supported,3648,393,3255,317,3187,68,76,0.8149100257069408,0.8233766233766234,0.806615776081425,0.19338422391857507,0.7928724956838155,0.8676383425063962,0.9438960612563173,0.8928624195307279,
55,validation,ethereum,0.7,cbf78e3e3dea2f156a286e2b0ed53e76c4be0d0c2206535897ab61f5e35175a9,0.29377275690479693,0.3061341943709202,0.28986175115207374,629,1541,282,7,0.024822695035460994,0.046117132049925326,"P(prediction=benign | direct route, fraud)",pointwise binomial descriptive; not simultaneous or deployment guarantee,supported,2170,361,1809,311,1766,43,50,0.8699300699300699,0.8785310734463276,0.8614958448753463,0.13850415512465375,0.8443358419027333,0.9159833584733893,0.9565897811649662,0.9188629030899672,
55,validation,bsc,0.7,cbf78e3e3dea2f156a286e2b0ed53e76c4be0d0c2206535897ab61f5e35175a9,0.29377275690479693,0.3061341943709202,0.31022222222222223,349,776,6,5,0.8333333333333334,0.9914875553891529,"P(prediction=benign | direct route, fraud)",pointwise binomial descriptive; not simultaneous or deployment guarantee,supported,1125,31,1094,6,1074,20,25,0.21052631578947367,0.23076923076923078,0.1935483870967742,0.8064516129032258,0.19094301360378732,0.18107056112890316,0.77767293742997,0.5876334257238899,
55,validation,polygon,0.7,cbf78e3e3dea2f156a286e2b0ed53e76c4be0d0c2206535897ab61f5e35175a9,0.29377275690479693,0.3061341943709202,0.3286118980169972,116,237,0,0,,,"P(prediction=benign | direct route, fraud)",pointwise binomial descriptive; not simultaneous or deployment guarantee,undefined / insufficient fraud support,353,1,352,0,347,5,1,0.0,0.0,0.0,1.0,-0.00638886995893187,0.013157894736842105,0.7869318181818182,0.4928977272727273,
55,test,pooled,0.7,cbf78e3e3dea2f156a286e2b0ed53e76c4be0d0c2206535897ab61f5e35175a9,0.29377275690479693,0.3061341943709202,0.24479166666666666,893,2755,62,4,0.06451612903225806,0.1415834373278423,"P(prediction=benign | direct route, fraud)",pointwise binomial descriptive; not simultaneous or deployment guarantee,supported,3648,161,3487,82,3456,31,79,0.5985401459854015,0.7256637168141593,0.5093167701863354,0.4906832298136646,0.5932604176084899,0.6735594276757267,0.9347861711734979,0.7502133033610197,
55,test,ethereum,0.7,cbf78e3e3dea2f156a286e2b0ed53e76c4be0d0c2206535897ab61f5e35175a9,0.29377275690479693,0.3061341943709202,0.17972350230414746,390,1780,59,1,0.01694915254237288,0.0778979215188183,"P(prediction=benign | direct route, fraud)",pointwise binomial descriptive; not simultaneous or deployment guarantee,supported,2170,136,2034,77,2015,19,59,0.6637931034482759,0.8020833333333334,0.5661764705882353,0.4338235294117647,0.6563442311552932,0.7714688518537356,0.9464580079819539,0.7784176354907745,
55,test,bsc,0.7,cbf78e3e3dea2f156a286e2b0ed53e76c4be0d0c2206535897ab61f5e35175a9,0.29377275690479693,0.3061341943709202,0.3208888888888889,361,764,3,3,1.0,1.0,"P(prediction=benign | direct route, fraud)",pointwise binomial descriptive; not simultaneous or deployment guarantee,supported,1125,25,1100,5,1090,10,20,0.25,0.3333333333333333,0.2,0.8,0.24534987303147357,0.2586059179962236,0.8601454545454545,0.5954545454545455,
55,test,polygon,0.7,cbf78e3e3dea2f156a286e2b0ed53e76c4be0d0c2206535897ab61f5e35175a9,0.29377275690479693,0.3061341943709202,0.40226628895184136,142,211,0,0,,,"P(prediction=benign | direct route, fraud)",pointwise binomial descriptive; not simultaneous or deployment guarantee,undefined / insufficient fraud support,353,0,353,0,351,2,0,0.0,0.0,0.0,0.0,0.0,,,,single-class support
55,validation,pooled,0.75,b6ca24f2be0ad17df166d6db11c3f27520d220d6064463837ad900a2ba5e2594,0.2946453362360522,0.3061341943709202,0.24972587719298245,911,2737,282,6,0.02127659574468085,0.041560241072560386,"P(prediction=benign | direct route, fraud)",pointwise binomial descriptive; not simultaneous or deployment guarantee,supported,3648,393,3255,317,3187,68,76,0.8149100257069408,0.8233766233766234,0.806615776081425,0.19338422391857507,0.7928724956838155,0.8676478586523791,0.943962508257017,0.8928624195307279,
55,validation,ethereum,0.75,b6ca24f2be0ad17df166d6db11c3f27520d220d6064463837ad900a2ba5e2594,0.2946453362360522,0.3061341943709202,0.24147465437788018,524,1646,276,1,0.0036231884057971015,0.01707177930810642,"P(prediction=benign | direct route, fraud)",pointwise binomial descriptive; not simultaneous or deployment guarantee,supported,2170,361,1809,311,1766,43,50,0.8699300699300699,0.8785310734463276,0.8614958448753463,0.13850415512465375,0.8443358419027333,0.9159927630268183,0.9566418446395293,0.9188629030899672,
55,validation,bsc,0.75,b6ca24f2be0ad17df166d6db11c3f27520d220d6064463837ad900a2ba5e2594,0.2946453362360522,0.3061341943709202,0.25955555555555554,292,833,6,5,0.8333333333333334,0.9914875553891529,"P(prediction=benign | direct route, fraud)",pointwise binomial descriptive; not simultaneous or deployment guarantee,supported,1125,31,1094,6,1074,20,25,0.21052631578947367,0.23076923076923078,0.1935483870967742,0.8064516129032258,0.19094301360378732,0.18107056112890316,0.77767293742997,0.5876334257238899,
55,validation,polygon,0.75,b6ca24f2be0ad17df166d6db11c3f27520d220d6064463837ad900a2ba5e2594,0.2946453362360522,0.3061341943709202,0.26912181303116145,95,258,0,0,,,"P(prediction=benign | direct route, fraud)",pointwise binomial descriptive; not simultaneous or deployment guarantee,undefined / insufficient fraud support,353,1,352,0,347,5,1,0.0,0.0,0.0,1.0,-0.00638886995893187,0.013157894736842105,0.7869318181818182,0.4928977272727273,
55,test,pooled,0.75,b6ca24f2be0ad17df166d6db11c3f27520d220d6064463837ad900a2ba5e2594,0.2946453362360522,0.3061341943709202,0.19462719298245615,710,2938,62,4,0.06451612903225806,0.1415834373278423,"P(prediction=benign | direct route, fraud)",pointwise binomial descriptive; not simultaneous or deployment guarantee,supported,3648,161,3487,82,3456,31,79,0.5985401459854015,0.7256637168141593,0.5093167701863354,0.4906832298136646,0.5932604176084899,0.6735594276757267,0.9347861711734979,0.7502133033610197,
55,test,ethereum,0.75,b6ca24f2be0ad17df166d6db11c3f27520d220d6064463837ad900a2ba5e2594,0.2946453362360522,0.3061341943709202,0.1336405529953917,290,1880,59,1,0.01694915254237288,0.0778979215188183,"P(prediction=benign | direct route, fraud)",pointwise binomial descriptive; not simultaneous or deployment guarantee,supported,2170,136,2034,77,2015,19,59,0.6637931034482759,0.8020833333333334,0.5661764705882353,0.4338235294117647,0.6563442311552932,0.7714688518537356,0.9464580079819539,0.7784176354907745,
55,test,bsc,0.75,b6ca24f2be0ad17df166d6db11c3f27520d220d6064463837ad900a2ba5e2594,0.2946453362360522,0.3061341943709202,0.2604444444444444,293,832,3,3,1.0,1.0,"P(prediction=benign | direct route, fraud)",pointwise binomial descriptive; not simultaneous or deployment guarantee,supported,1125,25,1100,5,1090,10,20,0.25,0.3333333333333333,0.2,0.8,0.24534987303147357,0.2586059179962236,0.8601454545454545,0.5954545454545455,
55,test,polygon,0.75,b6ca24f2be0ad17df166d6db11c3f27520d220d6064463837ad900a2ba5e2594,0.2946453362360522,0.3061341943709202,0.3597733711048159,127,226,0,0,,,"P(prediction=benign | direct route, fraud)",pointwise binomial descriptive; not simultaneous or deployment guarantee,undefined / insufficient fraud support,353,0,353,0,351,2,0,0.0,0.0,0.0,0.0,0.0,,,,single-class support
55,validation,pooled,0.8,cd78c538a21012dd7a5a444fa14e188372d056b2a144994ff795cac82f4f4061,0.2953141744060291,0.3061341943709202,0.19983552631578946,729,2919,281,5,0.017793594306049824,0.037046884927249946,"P(prediction=benign | direct route, fraud)",pointwise binomial descriptive; not simultaneous or deployment guarantee,supported,3648,393,3255,317,3187,68,76,0.8149100257069408,0.8233766233766234,0.806615776081425,0.19338422391857507,0.7928724956838155,0.8676499994927985,0.9439781428454169,0.8928624195307279,
55,validation,ethereum,0.8,cd78c538a21012dd7a5a444fa14e188372d056b2a144994ff795cac82f4f4061,0.2953141744060291,0.3061341943709202,0.19631336405529953,426,1744,275,0,0.0,0.01083445182045476,"P(prediction=benign | direct route, fraud)",pointwise binomial descriptive; not simultaneous or deployment guarantee,supported,2170,361,1809,311,1766,43,50,0.8699300699300699,0.8785310734463276,0.8614958448753463,0.13850415512465375,0.8443358419027333,0.9159946219958659,0.9566525635901746,0.9188629030899672,
55,validation,bsc,0.8,cd78c538a21012dd7a5a444fa14e188372d056b2a144994ff795cac82f4f4061,0.2953141744060291,0.3061341943709202,0.2008888888888889,226,899,6,5,0.8333333333333334,0.9914875553891529,"P(prediction=benign | direct route, fraud)",pointwise binomial descriptive; not simultaneous or deployment guarantee,supported,1125,31,1094,6,1074,20,25,0.21052631578947367,0.23076923076923078,0.1935483870967742,0.8064516129032258,0.19094301360378732,0.18107056112890316,0.77767293742997,0.5876334257238899,
55,validation,polygon,0.8,cd78c538a21012dd7a5a444fa14e188372d056b2a144994ff795cac82f4f4061,0.2953141744060291,0.3061341943709202,0.21813031161473087,77,276,0,0,,,"P(prediction=benign | direct route, fraud)",pointwise binomial descriptive; not simultaneous or deployment guarantee,undefined / insufficient fraud support,353,1,352,0,347,5,1,0.0,0.0,0.0,1.0,-0.00638886995893187,0.013157894736842105,0.7869318181818182,0.4928977272727273,
55,test,pooled,0.8,cd78c538a21012dd7a5a444fa14e188372d056b2a144994ff795cac82f4f4061,0.2953141744060291,0.3061341943709202,0.15953947368421054,582,3066,60,2,0.03333333333333333,0.10123589492416163,"P(prediction=benign | direct route, fraud)",pointwise binomial descriptive; not simultaneous or deployment guarantee,supported,3648,161,3487,82,3456,31,79,0.5985401459854015,0.7256637168141593,0.5093167701863354,0.4906832298136646,0.5932604176084899,0.6735596224823922,0.9347897336513438,0.7502133033610197,
55,test,ethereum,0.8,cd78c538a21012dd7a5a444fa14e188372d056b2a144994ff795cac82f4f4061,0.2953141744060291,0.3061341943709202,0.1064516129032258,231,1939,59,1,0.01694915254237288,0.0778979215188183,"P(prediction=benign | direct route, fraud)",pointwise binomial descriptive; not simultaneous or deployment guarantee,supported,2170,136,2034,77,2015,19,59,0.6637931034482759,0.8020833333333334,0.5661764705882353,0.4338235294117647,0.6563442311552932,0.7714688518537356,0.9464580079819539,0.7784176354907745,
55,test,bsc,0.8,cd78c538a21012dd7a5a444fa14e188372d056b2a144994ff795cac82f4f4061,0.2953141744060291,0.3061341943709202,0.216,243,882,1,1,1.0,1.0,"P(prediction=benign | direct route, fraud)",pointwise binomial descriptive; not simultaneous or deployment guarantee,supported,1125,25,1100,5,1090,10,20,0.25,0.3333333333333333,0.2,0.8,0.24534987303147357,0.25861092648691286,0.860290909090909,0.5954545454545455,
55,test,polygon,0.8,cd78c538a21012dd7a5a444fa14e188372d056b2a144994ff795cac82f4f4061,0.2953141744060291,0.3061341943709202,0.3059490084985836,108,245,0,0,,,"P(prediction=benign | direct route, fraud)",pointwise binomial descriptive; not simultaneous or deployment guarantee,undefined / insufficient fraud support,353,0,353,0,351,2,0,0.0,0.0,0.0,0.0,0.0,,,,single-class support
55,validation,pooled,0.85,29c045013a0237e7681e7319a98d36fca8c8d753ff623b1673bf3d2217d6f1a0,0.2957132218965976,0.3061341943709202,0.14994517543859648,547,3101,279,3,0.010752688172043012,0.027554924838881254,"P(prediction=benign | direct route, fraud)",pointwise binomial descriptive; not simultaneous or deployment guarantee,supported,3648,393,3255,317,3187,68,76,0.8149100257069408,0.8233766233766234,0.806615776081425,0.19338422391857507,0.7928724956838155,0.8676499073478227,0.9439773611159968,0.8928624195307279,
55,validation,ethereum,0.85,29c045013a0237e7681e7319a98d36fca8c8d753ff623b1673bf3d2217d6f1a0,0.2957132218965976,0.3061341943709202,0.16267281105990783,353,1817,275,0,0.0,0.01083445182045476,"P(prediction=benign | direct route, fraud)",pointwise binomial descriptive; not simultaneous or deployment guarantee,supported,2170,361,1809,311,1766,43,50,0.8699300699300699,0.8785310734463276,0.8614958448753463,0.13850415512465375,0.8443358419027333,0.9159946219958659,0.9566525635901746,0.9188629030899672,
55,validation,bsc,0.85,29c045013a0237e7681e7319a98d36fca8c8d753ff623b1673bf3d2217d6f1a0,0.2957132218965976,0.3061341943709202,0.12355555555555556,139,986,4,3,0.75,0.9872585449014338,"P(prediction=benign | direct route, fraud)",pointwise binomial descriptive; not simultaneous or deployment guarantee,supported,1125,31,1094,6,1074,20,25,0.21052631578947367,0.23076923076923078,0.1935483870967742,0.8064516129032258,0.19094301360378732,0.18107252493284381,0.7777319101256119,0.5876334257238899,
55,validation,polygon,0.85,29c045013a0237e7681e7319a98d36fca8c8d753ff623b1673bf3d2217d6f1a0,0.2957132218965976,0.3061341943709202,0.1558073654390935,55,298,0,0,,,"P(prediction=benign | direct route, fraud)",pointwise binomial descriptive; not simultaneous or deployment guarantee,undefined / insufficient fraud support,353,1,352,0,347,5,1,0.0,0.0,0.0,1.0,-0.00638886995893187,0.013157894736842105,0.7869318181818182,0.4928977272727273,
55,test,pooled,0.85,29c045013a0237e7681e7319a98d36fca8c8d753ff623b1673bf3d2217d6f1a0,0.2957132218965976,0.3061341943709202,0.10910087719298246,398,3250,59,1,0.01694915254237288,0.0778979215188183,"P(prediction=benign | direct route, fraud)",pointwise binomial descriptive; not simultaneous or deployment guarantee,supported,3648,161,3487,82,3456,31,79,0.5985401459854015,0.7256637168141593,0.5093167701863354,0.4906832298136646,0.5932604176084899,0.6735593353455928,0.934784389934575,0.7502133033610197,
55,test,ethereum,0.85,29c045013a0237e7681e7319a98d36fca8c8d753ff623b1673bf3d2217d6f1a0,0.2957132218965976,0.3061341943709202,0.07511520737327189,163,2007,58,0,0.0,0.050339338330420105,"P(prediction=benign | direct route, fraud)",pointwise binomial descriptive; not simultaneous or deployment guarantee,supported,2170,136,2034,77,2015,19,59,0.6637931034482759,0.8020833333333334,0.5661764705882353,0.4338235294117647,0.6563442311552932,0.7714683768736669,0.9464507779512985,0.7784176354907745,
55,test,bsc,0.85,29c045013a0237e7681e7319a98d36fca8c8d753ff623b1673bf3d2217d6f1a0,0.2957132218965976,0.3061341943709202,0.14044444444444446,158,967,1,1,1.0,1.0,"P(prediction=benign | direct route, fraud)",pointwise binomial descriptive; not simultaneous or deployment guarantee,supported,1125,25,1100,5,1090,10,20,0.25,0.3333333333333333,0.2,0.8,0.24534987303147357,0.25861092648691286,0.860290909090909,0.5954545454545455,
55,test,polygon,0.85,29c045013a0237e7681e7319a98d36fca8c8d753ff623b1673bf3d2217d6f1a0,0.2957132218965976,0.3061341943709202,0.21813031161473087,77,276,0,0,,,"P(prediction=benign | direct route, fraud)",pointwise binomial descriptive; not simultaneous or deployment guarantee,undefined / insufficient fraud support,353,0,353,0,351,2,0,0.0,0.0,0.0,0.0,0.0,,,,single-class support
55,validation,pooled,0.9,e29855258eb1074aac039bef1741b7e85f224fd5c5d92b5aa1fced2c2655577b,0.2957849679492785,0.3061341943709202,0.09978070175438597,364,3284,276,0,0.0,0.010795409216544632,"P(prediction=benign | direct route, fraud)",pointwise binomial descriptive; not simultaneous or deployment guarantee,supported,3648,393,3255,317,3187,68,76,0.8149100257069408,0.8233766233766234,0.806615776081425,0.19338422391857507,0.7928724956838155,0.8676498263631126,0.943976579386577,0.8928624195307279,
55,validation,ethereum,0.9,e29855258eb1074aac039bef1741b7e85f224fd5c5d92b5aa1fced2c2655577b,0.2957849679492785,0.3061341943709202,0.13732718894009216,298,1872,275,0,0.0,0.01083445182045476,"P(prediction=benign | direct route, fraud)",pointwise binomial descriptive; not simultaneous or deployment guarantee,supported,2170,361,1809,311,1766,43,50,0.8699300699300699,0.8785310734463276,0.8614958448753463,0.13850415512465375,0.8443358419027333,0.9159946219958659,0.9566525635901746,0.9188629030899672,
55,validation,bsc,0.9,e29855258eb1074aac039bef1741b7e85f224fd5c5d92b5aa1fced2c2655577b,0.2957849679492785,0.3061341943709202,0.03822222222222222,43,1082,1,0,0.0,0.95,"P(prediction=benign | direct route, fraud)",pointwise binomial descriptive; not simultaneous or deployment guarantee,supported,1125,31,1094,6,1074,20,25,0.21052631578947367,0.23076923076923078,0.1935483870967742,0.8064516129032258,0.19094301360378732,0.1810716412809864,0.777702423777791,0.5876334257238899,
55,validation,polygon,0.9,e29855258eb1074aac039bef1741b7e85f224fd5c5d92b5aa1fced2c2655577b,0.2957849679492785,0.3061341943709202,0.06515580736543909,23,330,0,0,,,"P(prediction=benign | direct route, fraud)",pointwise binomial descriptive; not simultaneous or deployment guarantee,undefined / insufficient fraud support,353,1,352,0,347,5,1,0.0,0.0,0.0,1.0,-0.00638886995893187,0.013157894736842105,0.7869318181818182,0.4928977272727273,
55,test,pooled,0.9,e29855258eb1074aac039bef1741b7e85f224fd5c5d92b5aa1fced2c2655577b,0.2957849679492785,0.3061341943709202,0.04824561403508772,176,3472,59,1,0.01694915254237288,0.0778979215188183,"P(prediction=benign | direct route, fraud)",pointwise binomial descriptive; not simultaneous or deployment guarantee,supported,3648,161,3487,82,3456,31,79,0.5985401459854015,0.7256637168141593,0.5093167701863354,0.4906832298136646,0.5932604176084899,0.6735593353455928,0.934784389934575,0.7502133033610197,
55,test,ethereum,0.9,e29855258eb1074aac039bef1741b7e85f224fd5c5d92b5aa1fced2c2655577b,0.2957849679492785,0.3061341943709202,0.041474654377880185,90,2080,58,0,0.0,0.050339338330420105,"P(prediction=benign | direct route, fraud)",pointwise binomial descriptive; not simultaneous or deployment guarantee,supported,2170,136,2034,77,2015,19,59,0.6637931034482759,0.8020833333333334,0.5661764705882353,0.4338235294117647,0.6563442311552932,0.7714683768736669,0.9464507779512985,0.7784176354907745,
55,test,bsc,0.9,e29855258eb1074aac039bef1741b7e85f224fd5c5d92b5aa1fced2c2655577b,0.2957849679492785,0.3061341943709202,0.048,54,1071,1,1,1.0,1.0,"P(prediction=benign | direct route, fraud)",pointwise binomial descriptive; not simultaneous or deployment guarantee,supported,1125,25,1100,5,1090,10,20,0.25,0.3333333333333333,0.2,0.8,0.24534987303147357,0.25861092648691286,0.860290909090909,0.5954545454545455,
55,test,polygon,0.9,e29855258eb1074aac039bef1741b7e85f224fd5c5d92b5aa1fced2c2655577b,0.2957849679492785,0.3061341943709202,0.0906515580736544,32,321,0,0,,,"P(prediction=benign | direct route, fraud)",pointwise binomial descriptive; not simultaneous or deployment guarantee,undefined / insufficient fraud support,353,0,353,0,351,2,0,0.0,0.0,0.0,0.0,0.0,,,,single-class support
55,validation,pooled,0.95,edb3aa143b7d4ec6563f7f38f8900e48c280334f04a2c3e8abf6316d9717d0ab,0.45730161939861813,0.3061341943709202,0.049890350877192985,182,3466,174,0,0.0,0.01706948906935419,"P(prediction=benign | direct route, fraud)",pointwise binomial descriptive; not simultaneous or deployment guarantee,supported,3648,393,3255,317,3187,68,76,0.8149100257069408,0.8233766233766234,0.806615776081425,0.19338422391857507,0.7928724956838155,0.8687915000354318,0.9440813311288564,0.8928624195307279,
55,validation,ethereum,0.95,edb3aa143b7d4ec6563f7f38f8900e48c280334f04a2c3e8abf6316d9717d0ab,0.45730161939861813,0.3061341943709202,0.08294930875576037,180,1990,174,0,0.0,0.01706948906935419,"P(prediction=benign | direct route, fraud)",pointwise binomial descriptive; not simultaneous or deployment guarantee,supported,2170,361,1809,311,1766,43,50,0.8699300699300699,0.8785310734463276,0.8614958448753463,0.13850415512465375,0.8443358419027333,0.9145641815962646,0.956464216314549,0.9188629030899672,
55,validation,bsc,0.95,edb3aa143b7d4ec6563f7f38f8900e48c280334f04a2c3e8abf6316d9717d0ab,0.45730161939861813,0.3061341943709202,0.0017777777777777779,2,1123,0,0,,,"P(prediction=benign | direct route, fraud)",pointwise binomial descriptive; not simultaneous or deployment guarantee,undefined / insufficient fraud support,1125,31,1094,6,1074,20,25,0.21052631578947367,0.23076923076923078,0.1935483870967742,0.8064516129032258,0.19094301360378732,0.17823889527935993,0.77767293742997,0.5876334257238899,
55,validation,polygon,0.95,edb3aa143b7d4ec6563f7f38f8900e48c280334f04a2c3e8abf6316d9717d0ab,0.45730161939861813,0.3061341943709202,0.0,0,353,0,0,,,"P(prediction=benign | direct route, fraud)",pointwise binomial descriptive; not simultaneous or deployment guarantee,undefined / insufficient fraud support,353,1,352,0,347,5,1,0.0,0.0,0.0,1.0,-0.00638886995893187,0.013157894736842105,0.7869318181818181,0.4928977272727273,
55,test,pooled,0.95,edb3aa143b7d4ec6563f7f38f8900e48c280334f04a2c3e8abf6316d9717d0ab,0.45730161939861813,0.3061341943709202,0.00849780701754386,31,3617,27,0,0.0,0.10501923017634426,"P(prediction=benign | direct route, fraud)",pointwise binomial descriptive; not simultaneous or deployment guarantee,supported,3648,161,3487,82,3456,31,79,0.5985401459854015,0.7256637168141593,0.5093167701863354,0.4906832298136646,0.5932604176084899,0.6735978382642935,0.934865436305568,0.7502133033610197,
55,test,ethereum,0.95,edb3aa143b7d4ec6563f7f38f8900e48c280334f04a2c3e8abf6316d9717d0ab,0.45730161939861813,0.3061341943709202,0.013824884792626729,30,2140,27,0,0.0,0.10501923017634426,"P(prediction=benign | direct route, fraud)",pointwise binomial descriptive; not simultaneous or deployment guarantee,supported,2170,136,2034,77,2015,19,59,0.6637931034482759,0.8020833333333334,0.5661764705882353,0.4338235294117647,0.6563442311552932,0.7723467410936321,0.9464833130892474,0.7784176354907745,
55,test,bsc,0.95,edb3aa143b7d4ec6563f7f38f8900e48c280334f04a2c3e8abf6316d9717d0ab,0.45730161939861813,0.3061341943709202,0.0008888888888888889,1,1124,0,0,,,"P(prediction=benign | direct route, fraud)",pointwise binomial descriptive; not simultaneous or deployment guarantee,undefined / insufficient fraud support,1125,25,1100,5,1090,10,20,0.25,0.3333333333333333,0.2,0.8,0.24534987303147357,0.2586411552450828,0.8610545454545455,0.5954545454545455,
55,test,polygon,0.95,edb3aa143b7d4ec6563f7f38f8900e48c280334f04a2c3e8abf6316d9717d0ab,0.45730161939861813,0.3061341943709202,0.0,0,353,0,0,,,"P(prediction=benign | direct route, fraud)",pointwise binomial descriptive; not simultaneous or deployment guarantee,undefined / insufficient fraud support,353,0,353,0,351,2,0,0.0,0.0,0.0,0.0,0.0,,,,single-class support
55,validation,pooled,1.0,c20e62ff39a61a582c56a0398647ab5f28647e1ddf994ebd992d1e9d04f0117e,0.7036997415316083,0.3061341943709202,0.0,0,3648,0,0,,,"P(prediction=benign | direct route, fraud)",pointwise binomial descriptive; not simultaneous or deployment guarantee,undefined / insufficient fraud support,3648,393,3255,317,3187,68,76,0.8149100257069408,0.8233766233766234,0.806615776081425,0.19338422391857507,0.7928724956838155,0.8690139628464366,0.9440860215053763,0.8928624195307279,
55,validation,ethereum,1.0,c20e62ff39a61a582c56a0398647ab5f28647e1ddf994ebd992d1e9d04f0117e,0.7036997415316083,0.3061341943709202,0.0,0,2170,0,0,,,"P(prediction=benign | direct route, fraud)",pointwise binomial descriptive; not simultaneous or deployment guarantee,undefined / insufficient fraud support,2170,361,1809,311,1766,43,50,0.8699300699300699,0.8785310734463276,0.8614958448753463,0.13850415512465375,0.8443358419027333,0.9148058894303638,0.9564734039865308,0.9188629030899672,
55,validation,bsc,1.0,c20e62ff39a61a582c56a0398647ab5f28647e1ddf994ebd992d1e9d04f0117e,0.7036997415316083,0.3061341943709202,0.0,0,1125,0,0,,,"P(prediction=benign | direct route, fraud)",pointwise binomial descriptive; not simultaneous or deployment guarantee,undefined / insufficient fraud support,1125,31,1094,6,1074,20,25,0.21052631578947367,0.23076923076923078,0.1935483870967742,0.8064516129032258,0.19094301360378732,0.17823889527935993,0.77767293742997,0.5876334257238899,
55,validation,polygon,1.0,c20e62ff39a61a582c56a0398647ab5f28647e1ddf994ebd992d1e9d04f0117e,0.7036997415316083,0.3061341943709202,0.0,0,353,0,0,,,"P(prediction=benign | direct route, fraud)",pointwise binomial descriptive; not simultaneous or deployment guarantee,undefined / insufficient fraud support,353,1,352,0,347,5,1,0.0,0.0,0.0,1.0,-0.00638886995893187,0.013157894736842105,0.7869318181818181,0.4928977272727273,
55,test,pooled,1.0,c20e62ff39a61a582c56a0398647ab5f28647e1ddf994ebd992d1e9d04f0117e,0.7036997415316083,0.3061341943709202,0.00027412280701754384,1,3647,1,0,0.0,0.95,"P(prediction=benign | direct route, fraud)",pointwise binomial descriptive; not simultaneous or deployment guarantee,supported,3648,161,3487,82,3456,31,79,0.5985401459854015,0.7256637168141593,0.5093167701863354,0.4906832298136646,0.5932604176084899,0.6740370126165114,0.9348707800223368,0.7502133033610197,
55,test,ethereum,1.0,c20e62ff39a61a582c56a0398647ab5f28647e1ddf994ebd992d1e9d04f0117e,0.7036997415316083,0.3061341943709202,0.0004608294930875576,1,2169,1,0,0.0,0.95,"P(prediction=benign | direct route, fraud)",pointwise binomial descriptive; not simultaneous or deployment guarantee,supported,2170,136,2034,77,2015,19,59,0.6637931034482759,0.8020833333333334,0.5661764705882353,0.4338235294117647,0.6563442311552932,0.7725542837881292,0.946486928104575,0.7784176354907745,
55,test,bsc,1.0,c20e62ff39a61a582c56a0398647ab5f28647e1ddf994ebd992d1e9d04f0117e,0.7036997415316083,0.3061341943709202,0.0,0,1125,0,0,,,"P(prediction=benign | direct route, fraud)",pointwise binomial descriptive; not simultaneous or deployment guarantee,undefined / insufficient fraud support,1125,25,1100,5,1090,10,20,0.25,0.3333333333333333,0.2,0.8,0.24534987303147357,0.2586411552450828,0.8610545454545455,0.5954545454545455,
55,test,polygon,1.0,c20e62ff39a61a582c56a0398647ab5f28647e1ddf994ebd992d1e9d04f0117e,0.7036997415316083,0.3061341943709202,0.0,0,353,0,0,,,"P(prediction=benign | direct route, fraud)",pointwise binomial descriptive; not simultaneous or deployment guarantee,undefined / insufficient fraud support,353,0,353,0,351,2,0,0.0,0.0,0.0,0.0,0.0,,,,single-class support
