experiment_id,backbone,chain_scope,method,budget,ap_mean,ap_std,ap_count,f1_mean,f1_std,f1_count,recall_mean,recall_std,recall_count,precision_mean,precision_std,precision_count,mcc_mean,mcc_std,mcc_count,deep_fraction_mean,deep_fraction_std,deep_fraction_count,fp_per_1000_mean,fp_per_1000_std,fp_per_1000_count,alert_rate_mean,alert_rate_std,alert_rate_count,N_mean,N_std,N_count,N_positive_mean,N_positive_std,N_positive_count,tp_mean,tp_std,tp_count,tn_mean,tn_std,tn_count,fp_mean,fp_std,fp_count,fn_mean,fn_std,fn_count
loco_bsc,GIN,bsc,entropy,0.0,0.270340736386743,0.03228816511383883,5,0.30500859649477824,0.11759084402235838,5,0.256,0.15388307249337077,5,0.4706349206349206,0.06309399020429145,5,0.32136950862179686,0.09337305150712663,5,0.0,0.0,5,6.9333333333333345,5.384935548750564,5,0.012622222222222179,0.008695677938770172,5,1125.0,0.0,5,25.0,0.0,5,6.4,3.847076812334269,5,1092.2,6.058052492344373,5,7.8,6.058052492344384,5,18.6,3.847076812334269,5
loco_bsc,GIN,bsc,entropy,0.1,0.2126063880970614,0.05714563118451845,5,0.2213677999935606,0.1161644854731792,5,0.184,0.15126136320951228,5,0.36829818926593116,0.07685777017758376,5,0.2355315517620527,0.10264209824908183,5,0.038577777777777725,0.003053433606634253,5,6.933333333333333,6.203145359064143,5,0.01102222222222218,0.009523978834473859,5,1125.0,0.0,5,25.0,0.0,5,4.6,3.7815340802378077,5,1092.2,6.978538528947157,5,7.8,6.978538528947161,5,20.4,3.7815340802378077,5
loco_bsc,GIN,bsc,entropy,0.25,0.19296649992898307,0.04738874630405981,5,0.3694236181470224,0.06708806697025772,5,0.40800000000000003,0.09959919678390985,5,0.34046949713245594,0.04181590605004209,5,0.35646169497813196,0.06863740791015847,5,0.15804444444444438,0.027508203041418405,5,17.244444444444444,2.2310934040908674,5,0.026311111111111063,0.004244386270689194,5,1125.0,0.0,5,25.0,0.0,5,10.2,2.489979919597747,5,1080.6,2.509980079602212,5,19.4,2.5099800796022262,5,14.8,2.489979919597747,5
loco_bsc,GIN,bsc,entropy,0.5,0.19263044628353054,0.04752464442927523,5,0.3694236181470224,0.06708806697025772,5,0.40800000000000003,0.09959919678390985,5,0.34046949713245594,0.04181590605004209,5,0.35646169497813196,0.06863740791015847,5,0.44657777777777774,0.0299240190078179,5,17.244444444444444,2.2310934040908674,5,0.026311111111111063,0.004244386270689194,5,1125.0,0.0,5,25.0,0.0,5,10.2,2.489979919597747,5,1080.6,2.509980079602212,5,19.4,2.5099800796022262,5,14.8,2.489979919597747,5
loco_bsc,GIN,bsc,entropy,0.75,0.19363710588557365,0.04903437768535025,5,0.3694236181470224,0.06708806697025772,5,0.40800000000000003,0.09959919678390985,5,0.34046949713245594,0.04181590605004209,5,0.35646169497813196,0.06863740791015847,5,0.7507555555555555,0.021134256318201906,5,17.244444444444444,2.2310934040908674,5,0.026311111111111063,0.004244386270689194,5,1125.0,0.0,5,25.0,0.0,5,10.2,2.489979919597747,5,1080.6,2.509980079602212,5,19.4,2.5099800796022262,5,14.8,2.489979919597747,5
loco_bsc,GIN,bsc,entropy,1.0,0.19903941362443608,0.05227557869701195,5,0.3694236181470224,0.06708806697025772,5,0.40800000000000003,0.09959919678390985,5,0.34046949713245594,0.04181590605004209,5,0.35646169497813196,0.06863740791015847,5,1.0,0.0,5,17.244444444444444,2.2310934040908674,5,0.026311111111111063,0.004244386270689194,5,1125.0,0.0,5,25.0,0.0,5,10.2,2.489979919597747,5,1080.6,2.509980079602212,5,19.4,2.5099800796022262,5,14.8,2.489979919597747,5
loco_bsc,GIN,bsc,full,1.0,0.19903941362443608,0.05227557869701195,5,0.3694236181470224,0.06708806697025772,5,0.40800000000000003,0.09959919678390985,5,0.34046949713245594,0.04181590605004209,5,0.35646169497813196,0.06863740791015847,5,1.0,0.0,5,17.244444444444444,2.2310934040908674,5,0.026311111111111063,0.004244386270689194,5,1125.0,0.0,5,25.0,0.0,5,10.2,2.489979919597747,5,1080.6,2.509980079602212,5,19.4,2.5099800796022262,5,14.8,2.489979919597747,5
loco_bsc,GIN,bsc,learned_benefit,0.0,0.270340736386743,0.03228816511383883,5,0.30500859649477824,0.11759084402235838,5,0.256,0.15388307249337077,5,0.4706349206349206,0.06309399020429145,5,0.32136950862179686,0.09337305150712663,5,0.0,0.0,5,6.9333333333333345,5.384935548750564,5,0.012622222222222179,0.008695677938770172,5,1125.0,0.0,5,25.0,0.0,5,6.4,3.847076812334269,5,1092.2,6.058052492344373,5,7.8,6.058052492344384,5,18.6,3.847076812334269,5
loco_bsc,GIN,bsc,learned_benefit,0.1,0.20077298199961988,0.02583947585756547,5,0.04045977011494249,0.036946469616493414,5,0.024,0.021908902300206645,5,0.13,0.12041594578792296,5,0.04757574078339882,0.05077274529422347,5,0.01279999999999994,0.007505717984918966,5,3.022222222222222,0.4868644955601479,5,0.0035555555555555,0.0008888888888889002,5,1125.0,0.0,5,25.0,0.0,5,0.6,0.5477225575051661,5,1096.6,0.5477225575051505,5,3.4,0.5477225575051662,5,24.4,0.547722557505166,5
loco_bsc,GIN,bsc,learned_benefit,0.25,0.20036497437089834,0.05796214246904398,5,0.3686953123999128,0.07236703571199296,5,0.40800000000000003,0.09959919678390985,5,0.33794084930969054,0.051739425425708335,5,0.3553472747873684,0.07449997626563606,5,0.08213333333333331,0.01989205437255021,5,17.422222222222224,1.3480667456091668,5,0.02648888888888884,0.003290089870812755,5,1125.0,0.0,5,25.0,0.0,5,10.2,2.489979919597747,5,1080.4,1.5165750888103184,5,19.6,1.5165750888103104,5,14.8,2.489979919597747,5
loco_bsc,GIN,bsc,learned_benefit,0.5,0.19931493594554378,0.05477150740274857,5,0.36835978835978833,0.06935370741275769,5,0.40800000000000003,0.09959919678390985,5,0.3380979556304797,0.046672527098890124,5,0.35523849394537804,0.07123685616356175,5,0.3166222222222222,0.08688042016131946,5,17.422222222222224,1.9474579822405897,5,0.02648888888888884,0.0038949159644811903,5,1125.0,0.0,5,25.0,0.0,5,10.2,2.489979919597747,5,1080.4,2.1908902300206767,5,19.6,2.1908902300206647,5,14.8,2.489979919597747,5
loco_bsc,GIN,bsc,learned_benefit,0.75,0.19798406285372766,0.0522111739252972,5,0.3694236181470224,0.06708806697025772,5,0.40800000000000003,0.09959919678390985,5,0.34046949713245594,0.04181590605004209,5,0.35646169497813196,0.06863740791015847,5,0.6981333333333334,0.08697177064363408,5,17.244444444444444,2.2310934040908674,5,0.026311111111111063,0.004244386270689194,5,1125.0,0.0,5,25.0,0.0,5,10.2,2.489979919597747,5,1080.6,2.509980079602212,5,19.4,2.5099800796022262,5,14.8,2.489979919597747,5
loco_bsc,GIN,bsc,learned_benefit,1.0,0.19903941362443608,0.05227557869701195,5,0.3694236181470224,0.06708806697025772,5,0.40800000000000003,0.09959919678390985,5,0.34046949713245594,0.04181590605004209,5,0.35646169497813196,0.06863740791015847,5,1.0,0.0,5,17.244444444444444,2.2310934040908674,5,0.026311111111111063,0.004244386270689194,5,1125.0,0.0,5,25.0,0.0,5,10.2,2.489979919597747,5,1080.6,2.509980079602212,5,19.4,2.5099800796022262,5,14.8,2.489979919597747,5
loco_bsc,GIN,bsc,local,0.0,0.270340736386743,0.03228816511383883,5,0.30500859649477824,0.11759084402235838,5,0.256,0.15388307249337077,5,0.4706349206349206,0.06309399020429145,5,0.32136950862179686,0.09337305150712663,5,0.0,0.0,5,6.9333333333333345,5.384935548750564,5,0.012622222222222179,0.008695677938770172,5,1125.0,0.0,5,25.0,0.0,5,6.4,3.847076812334269,5,1092.2,6.058052492344373,5,7.8,6.058052492344384,5,18.6,3.847076812334269,5
loco_bsc,GIN,bsc,margin,0.0,0.270340736386743,0.03228816511383883,5,0.30500859649477824,0.11759084402235838,5,0.256,0.15388307249337077,5,0.4706349206349206,0.06309399020429145,5,0.32136950862179686,0.09337305150712663,5,0.0,0.0,5,6.9333333333333345,5.384935548750564,5,0.012622222222222179,0.008695677938770172,5,1125.0,0.0,5,25.0,0.0,5,6.4,3.847076812334269,5,1092.2,6.058052492344373,5,7.8,6.058052492344384,5,18.6,3.847076812334269,5
loco_bsc,GIN,bsc,margin,0.1,0.21565097251245025,0.061820376236377574,5,0.17788961038961035,0.153690740637207,5,0.152,0.17297398648351725,5,0.2966820276497696,0.19967652066617506,5,0.18901205924082182,0.1541333147386423,5,0.03235555555555552,0.009229047006163497,5,6.222222222222223,6.4712087904715725,5,0.00959999999999996,0.010181561644996511,5,1125.0,0.0,5,25.0,0.0,5,3.8,4.324349662087931,5,1093.0,7.280109889280502,5,7.0,7.280109889280518,5,21.2,4.324349662087931,5
loco_bsc,GIN,bsc,margin,0.25,0.1998699816031379,0.04814538024908105,5,0.3730490538965115,0.06312138305020208,5,0.40800000000000003,0.09959919678390985,5,0.3479408493096905,0.03128013603934888,5,0.3604230485349119,0.06375679700539168,5,0.12995555555555552,0.044218983689344564,5,16.711111111111112,2.6218455473338014,5,0.025777777777777722,0.004745368112013932,5,1125.0,0.0,5,25.0,0.0,5,10.2,2.489979919597747,5,1081.2,2.949576240750509,5,18.8,2.949576240750525,5,14.8,2.489979919597747,5
loco_bsc,GIN,bsc,margin,0.5,0.19527969380979857,0.046341622924786316,5,0.3694236181470224,0.06708806697025772,5,0.40800000000000003,0.09959919678390985,5,0.34046949713245594,0.04181590605004209,5,0.35646169497813196,0.06863740791015847,5,0.40693333333333326,0.06288975264424498,5,17.244444444444444,2.2310934040908674,5,0.026311111111111063,0.004244386270689194,5,1125.0,0.0,5,25.0,0.0,5,10.2,2.489979919597747,5,1080.6,2.509980079602212,5,19.4,2.5099800796022262,5,14.8,2.489979919597747,5
loco_bsc,GIN,bsc,margin,0.75,0.19367220274171315,0.04891583509496708,5,0.3694236181470224,0.06708806697025772,5,0.40800000000000003,0.09959919678390985,5,0.34046949713245594,0.04181590605004209,5,0.35646169497813196,0.06863740791015847,5,0.7498666666666667,0.043703151283388725,5,17.244444444444444,2.2310934040908674,5,0.026311111111111063,0.004244386270689194,5,1125.0,0.0,5,25.0,0.0,5,10.2,2.489979919597747,5,1080.6,2.509980079602212,5,19.4,2.5099800796022262,5,14.8,2.489979919597747,5
loco_bsc,GIN,bsc,margin,1.0,0.19903941362443608,0.05227557869701195,5,0.3694236181470224,0.06708806697025772,5,0.40800000000000003,0.09959919678390985,5,0.34046949713245594,0.04181590605004209,5,0.35646169497813196,0.06863740791015847,5,1.0,0.0,5,17.244444444444444,2.2310934040908674,5,0.026311111111111063,0.004244386270689194,5,1125.0,0.0,5,25.0,0.0,5,10.2,2.489979919597747,5,1080.6,2.509980079602212,5,19.4,2.5099800796022262,5,14.8,2.489979919597747,5
loco_bsc,GIN,bsc,random,0.0,0.270340736386743,0.03228816511383883,5,0.30500859649477824,0.11759084402235838,5,0.256,0.15388307249337077,5,0.4706349206349206,0.06309399020429143,5,0.32136950862179686,0.09337305150712666,5,0.0,0.0,5,6.9333333333333345,5.384935548750563,5,0.012622222222222182,0.008695677938770173,5,1125.0,0.0,5,25.0,0.0,5,6.4,3.847076812334269,5,1092.2,6.058052492344373,5,7.8,6.058052492344384,5,18.6,3.847076812334269,5
loco_bsc,GIN,bsc,random,0.1,0.2644706015933818,0.033654955941173854,5,0.32843904517153655,0.10329856151792888,5,0.288,0.1345279813933807,5,0.4385102153341718,0.050410336388878256,5,0.3332614827729346,0.08302040738670542,5,0.09902222222222219,0.004321255723607029,5,8.533333333333333,4.906366067013251,5,0.014933333333333281,0.007767824318958654,5,1125.0,0.0,5,25.0,0.0,5,7.2,3.363199534834517,5,1090.4,5.519661825390012,5,9.6,5.519661825389909,5,17.8,3.363199534834517,5
loco_bsc,GIN,bsc,random,0.25,0.24480759157507254,0.026375593103198824,5,0.2818522016092617,0.09636722008253991,5,0.24266666666666667,0.11368572665222511,5,0.40327732209311157,0.05340054338877485,5,0.28959245781159254,0.08082232711453681,5,0.2491259259259259,0.00813979369680902,5,8.05925925925926,4.280430474614787,5,0.013451851851851807,0.006650515414703361,5,1125.0,0.0,5,25.0,0.0,5,6.066666666666667,2.842143166305627,5,1090.9333333333334,4.815484283941607,5,9.066666666666666,4.815484283941636,5,18.933333333333334,2.842143166305626,5
loco_bsc,GIN,bsc,random,0.5,0.2207498816849771,0.029992480239037965,5,0.24176819040178418,0.07896686117381231,5,0.21333333333333332,0.107496769977314,5,0.34692869995501574,0.0428485591348314,5,0.24750234262898968,0.06677253896675209,5,0.49825185185185183,0.012491269928114177,5,8.88888888888889,5.204197946740828,5,0.013629629629629585,0.0075220754220954675,5,1125.0,0.0,5,25.0,0.0,5,5.333333333333334,2.6874192494328497,5,1090.0,5.854722690083431,5,10.0,5.854722690083431,5,19.666666666666668,2.687419249432851,5
loco_bsc,GIN,bsc,random,0.75,0.21267481603492447,0.03638616990612394,5,0.22448569334915885,0.06324361889128643,5,0.21333333333333332,0.08273115763993905,5,0.3166085403585403,0.03443168768819138,5,0.23017350663554348,0.05331741771145848,5,0.7487407407407407,0.007260770817684644,5,10.133333333333333,3.7443693438634957,5,0.014874074074074034,0.0055526906193173325,5,1125.0,0.0,5,25.0,0.0,5,5.333333333333334,2.068278940998476,5,1088.6,4.21241551184634,5,11.4,4.212415511846432,5,19.666666666666664,2.0682789409984776,5
loco_bsc,GIN,bsc,random,1.0,0.19903941362443608,0.05227557869701195,5,0.3694236181470224,0.06708806697025774,5,0.40800000000000003,0.09959919678390985,5,0.34046949713245594,0.04181590605004208,5,0.35646169497813196,0.06863740791015846,5,1.0,0.0,5,17.244444444444444,2.2310934040908674,5,0.026311111111111063,0.004244386270689194,5,1125.0,0.0,5,25.0,0.0,5,10.2,2.489979919597747,5,1080.6,2.509980079602212,5,19.4,2.5099800796022262,5,14.8,2.489979919597747,5
loco_bsc,GIN,bsc,threshold_only,0.0,0.270340736386743,0.03228816511383883,5,0.38222847070673155,0.01017192471014404,5,0.512,0.03346640106136306,5,0.30593012250906987,0.015671551468125964,5,0.3778354474668705,0.010600416530542302,5,0.0,0.0,5,25.955555555555556,3.3495899878074264,5,0.03733333333333328,0.004024615616949975,5,1125.0,0.0,5,25.0,0.0,5,12.8,0.8366600265340752,5,1070.8,3.7682887362833433,5,29.2,3.7682887362833544,5,12.2,0.8366600265340752,5
loco_bsc,GIN,pooled,entropy,0.0,0.270340736386743,0.03228816511383883,5,0.30500859649477824,0.11759084402235838,5,0.256,0.15388307249337077,5,0.4706349206349206,0.06309399020429145,5,0.32136950862179686,0.09337305150712663,5,0.0,0.0,5,6.9333333333333345,5.384935548750564,5,0.012622222222222179,0.008695677938770172,5,1125.0,0.0,5,25.0,0.0,5,6.4,3.847076812334269,5,1092.2,6.058052492344373,5,7.8,6.058052492344384,5,18.6,3.847076812334269,5
loco_bsc,GIN,pooled,entropy,0.1,0.2126063880970614,0.05714563118451845,5,0.2213677999935606,0.1161644854731792,5,0.184,0.15126136320951228,5,0.36829818926593116,0.07685777017758376,5,0.2355315517620527,0.10264209824908183,5,0.038577777777777725,0.003053433606634253,5,6.933333333333333,6.203145359064143,5,0.01102222222222218,0.009523978834473859,5,1125.0,0.0,5,25.0,0.0,5,4.6,3.7815340802378077,5,1092.2,6.978538528947157,5,7.8,6.978538528947161,5,20.4,3.7815340802378077,5
loco_bsc,GIN,pooled,entropy,0.25,0.19296649992898307,0.04738874630405981,5,0.3694236181470224,0.06708806697025772,5,0.40800000000000003,0.09959919678390985,5,0.34046949713245594,0.04181590605004209,5,0.35646169497813196,0.06863740791015847,5,0.15804444444444438,0.027508203041418405,5,17.244444444444444,2.2310934040908674,5,0.026311111111111063,0.004244386270689194,5,1125.0,0.0,5,25.0,0.0,5,10.2,2.489979919597747,5,1080.6,2.509980079602212,5,19.4,2.5099800796022262,5,14.8,2.489979919597747,5
loco_bsc,GIN,pooled,entropy,0.5,0.19263044628353054,0.04752464442927523,5,0.3694236181470224,0.06708806697025772,5,0.40800000000000003,0.09959919678390985,5,0.34046949713245594,0.04181590605004209,5,0.35646169497813196,0.06863740791015847,5,0.44657777777777774,0.0299240190078179,5,17.244444444444444,2.2310934040908674,5,0.026311111111111063,0.004244386270689194,5,1125.0,0.0,5,25.0,0.0,5,10.2,2.489979919597747,5,1080.6,2.509980079602212,5,19.4,2.5099800796022262,5,14.8,2.489979919597747,5
loco_bsc,GIN,pooled,entropy,0.75,0.19363710588557365,0.04903437768535025,5,0.3694236181470224,0.06708806697025772,5,0.40800000000000003,0.09959919678390985,5,0.34046949713245594,0.04181590605004209,5,0.35646169497813196,0.06863740791015847,5,0.7507555555555555,0.021134256318201906,5,17.244444444444444,2.2310934040908674,5,0.026311111111111063,0.004244386270689194,5,1125.0,0.0,5,25.0,0.0,5,10.2,2.489979919597747,5,1080.6,2.509980079602212,5,19.4,2.5099800796022262,5,14.8,2.489979919597747,5
loco_bsc,GIN,pooled,entropy,1.0,0.19903941362443608,0.05227557869701195,5,0.3694236181470224,0.06708806697025772,5,0.40800000000000003,0.09959919678390985,5,0.34046949713245594,0.04181590605004209,5,0.35646169497813196,0.06863740791015847,5,1.0,0.0,5,17.244444444444444,2.2310934040908674,5,0.026311111111111063,0.004244386270689194,5,1125.0,0.0,5,25.0,0.0,5,10.2,2.489979919597747,5,1080.6,2.509980079602212,5,19.4,2.5099800796022262,5,14.8,2.489979919597747,5
loco_bsc,GIN,pooled,full,1.0,0.19903941362443608,0.05227557869701195,5,0.3694236181470224,0.06708806697025772,5,0.40800000000000003,0.09959919678390985,5,0.34046949713245594,0.04181590605004209,5,0.35646169497813196,0.06863740791015847,5,1.0,0.0,5,17.244444444444444,2.2310934040908674,5,0.026311111111111063,0.004244386270689194,5,1125.0,0.0,5,25.0,0.0,5,10.2,2.489979919597747,5,1080.6,2.509980079602212,5,19.4,2.5099800796022262,5,14.8,2.489979919597747,5
loco_bsc,GIN,pooled,learned_benefit,0.0,0.270340736386743,0.03228816511383883,5,0.30500859649477824,0.11759084402235838,5,0.256,0.15388307249337077,5,0.4706349206349206,0.06309399020429145,5,0.32136950862179686,0.09337305150712663,5,0.0,0.0,5,6.9333333333333345,5.384935548750564,5,0.012622222222222179,0.008695677938770172,5,1125.0,0.0,5,25.0,0.0,5,6.4,3.847076812334269,5,1092.2,6.058052492344373,5,7.8,6.058052492344384,5,18.6,3.847076812334269,5
loco_bsc,GIN,pooled,learned_benefit,0.1,0.20077298199961988,0.02583947585756547,5,0.04045977011494249,0.036946469616493414,5,0.024,0.021908902300206645,5,0.13,0.12041594578792296,5,0.04757574078339882,0.05077274529422347,5,0.01279999999999994,0.007505717984918966,5,3.022222222222222,0.4868644955601479,5,0.0035555555555555,0.0008888888888889002,5,1125.0,0.0,5,25.0,0.0,5,0.6,0.5477225575051661,5,1096.6,0.5477225575051505,5,3.4,0.5477225575051662,5,24.4,0.547722557505166,5
loco_bsc,GIN,pooled,learned_benefit,0.25,0.20036497437089834,0.05796214246904398,5,0.3686953123999128,0.07236703571199296,5,0.40800000000000003,0.09959919678390985,5,0.33794084930969054,0.051739425425708335,5,0.3553472747873684,0.07449997626563606,5,0.08213333333333331,0.01989205437255021,5,17.422222222222224,1.3480667456091668,5,0.02648888888888884,0.003290089870812755,5,1125.0,0.0,5,25.0,0.0,5,10.2,2.489979919597747,5,1080.4,1.5165750888103184,5,19.6,1.5165750888103104,5,14.8,2.489979919597747,5
loco_bsc,GIN,pooled,learned_benefit,0.5,0.19931493594554378,0.05477150740274857,5,0.36835978835978833,0.06935370741275769,5,0.40800000000000003,0.09959919678390985,5,0.3380979556304797,0.046672527098890124,5,0.35523849394537804,0.07123685616356175,5,0.3166222222222222,0.08688042016131946,5,17.422222222222224,1.9474579822405897,5,0.02648888888888884,0.0038949159644811903,5,1125.0,0.0,5,25.0,0.0,5,10.2,2.489979919597747,5,1080.4,2.1908902300206767,5,19.6,2.1908902300206647,5,14.8,2.489979919597747,5
loco_bsc,GIN,pooled,learned_benefit,0.75,0.19798406285372766,0.0522111739252972,5,0.3694236181470224,0.06708806697025772,5,0.40800000000000003,0.09959919678390985,5,0.34046949713245594,0.04181590605004209,5,0.35646169497813196,0.06863740791015847,5,0.6981333333333334,0.08697177064363408,5,17.244444444444444,2.2310934040908674,5,0.026311111111111063,0.004244386270689194,5,1125.0,0.0,5,25.0,0.0,5,10.2,2.489979919597747,5,1080.6,2.509980079602212,5,19.4,2.5099800796022262,5,14.8,2.489979919597747,5
loco_bsc,GIN,pooled,learned_benefit,1.0,0.19903941362443608,0.05227557869701195,5,0.3694236181470224,0.06708806697025772,5,0.40800000000000003,0.09959919678390985,5,0.34046949713245594,0.04181590605004209,5,0.35646169497813196,0.06863740791015847,5,1.0,0.0,5,17.244444444444444,2.2310934040908674,5,0.026311111111111063,0.004244386270689194,5,1125.0,0.0,5,25.0,0.0,5,10.2,2.489979919597747,5,1080.6,2.509980079602212,5,19.4,2.5099800796022262,5,14.8,2.489979919597747,5
loco_bsc,GIN,pooled,local,0.0,0.270340736386743,0.03228816511383883,5,0.30500859649477824,0.11759084402235838,5,0.256,0.15388307249337077,5,0.4706349206349206,0.06309399020429145,5,0.32136950862179686,0.09337305150712663,5,0.0,0.0,5,6.9333333333333345,5.384935548750564,5,0.012622222222222179,0.008695677938770172,5,1125.0,0.0,5,25.0,0.0,5,6.4,3.847076812334269,5,1092.2,6.058052492344373,5,7.8,6.058052492344384,5,18.6,3.847076812334269,5
loco_bsc,GIN,pooled,margin,0.0,0.270340736386743,0.03228816511383883,5,0.30500859649477824,0.11759084402235838,5,0.256,0.15388307249337077,5,0.4706349206349206,0.06309399020429145,5,0.32136950862179686,0.09337305150712663,5,0.0,0.0,5,6.9333333333333345,5.384935548750564,5,0.012622222222222179,0.008695677938770172,5,1125.0,0.0,5,25.0,0.0,5,6.4,3.847076812334269,5,1092.2,6.058052492344373,5,7.8,6.058052492344384,5,18.6,3.847076812334269,5
loco_bsc,GIN,pooled,margin,0.1,0.21565097251245025,0.061820376236377574,5,0.17788961038961035,0.153690740637207,5,0.152,0.17297398648351725,5,0.2966820276497696,0.19967652066617506,5,0.18901205924082182,0.1541333147386423,5,0.03235555555555552,0.009229047006163497,5,6.222222222222223,6.4712087904715725,5,0.00959999999999996,0.010181561644996511,5,1125.0,0.0,5,25.0,0.0,5,3.8,4.324349662087931,5,1093.0,7.280109889280502,5,7.0,7.280109889280518,5,21.2,4.324349662087931,5
loco_bsc,GIN,pooled,margin,0.25,0.1998699816031379,0.04814538024908105,5,0.3730490538965115,0.06312138305020208,5,0.40800000000000003,0.09959919678390985,5,0.3479408493096905,0.03128013603934888,5,0.3604230485349119,0.06375679700539168,5,0.12995555555555552,0.044218983689344564,5,16.711111111111112,2.6218455473338014,5,0.025777777777777722,0.004745368112013932,5,1125.0,0.0,5,25.0,0.0,5,10.2,2.489979919597747,5,1081.2,2.949576240750509,5,18.8,2.949576240750525,5,14.8,2.489979919597747,5
loco_bsc,GIN,pooled,margin,0.5,0.19527969380979857,0.046341622924786316,5,0.3694236181470224,0.06708806697025772,5,0.40800000000000003,0.09959919678390985,5,0.34046949713245594,0.04181590605004209,5,0.35646169497813196,0.06863740791015847,5,0.40693333333333326,0.06288975264424498,5,17.244444444444444,2.2310934040908674,5,0.026311111111111063,0.004244386270689194,5,1125.0,0.0,5,25.0,0.0,5,10.2,2.489979919597747,5,1080.6,2.509980079602212,5,19.4,2.5099800796022262,5,14.8,2.489979919597747,5
loco_bsc,GIN,pooled,margin,0.75,0.19367220274171315,0.04891583509496708,5,0.3694236181470224,0.06708806697025772,5,0.40800000000000003,0.09959919678390985,5,0.34046949713245594,0.04181590605004209,5,0.35646169497813196,0.06863740791015847,5,0.7498666666666667,0.043703151283388725,5,17.244444444444444,2.2310934040908674,5,0.026311111111111063,0.004244386270689194,5,1125.0,0.0,5,25.0,0.0,5,10.2,2.489979919597747,5,1080.6,2.509980079602212,5,19.4,2.5099800796022262,5,14.8,2.489979919597747,5
loco_bsc,GIN,pooled,margin,1.0,0.19903941362443608,0.05227557869701195,5,0.3694236181470224,0.06708806697025772,5,0.40800000000000003,0.09959919678390985,5,0.34046949713245594,0.04181590605004209,5,0.35646169497813196,0.06863740791015847,5,1.0,0.0,5,17.244444444444444,2.2310934040908674,5,0.026311111111111063,0.004244386270689194,5,1125.0,0.0,5,25.0,0.0,5,10.2,2.489979919597747,5,1080.6,2.509980079602212,5,19.4,2.5099800796022262,5,14.8,2.489979919597747,5
loco_bsc,GIN,pooled,random,0.0,0.270340736386743,0.03228816511383883,5,0.30500859649477824,0.11759084402235838,5,0.256,0.15388307249337077,5,0.4706349206349206,0.06309399020429143,5,0.32136950862179686,0.09337305150712666,5,0.0,0.0,5,6.9333333333333345,5.384935548750563,5,0.012622222222222182,0.008695677938770173,5,1125.0,0.0,5,25.0,0.0,5,6.4,3.847076812334269,5,1092.2,6.058052492344373,5,7.8,6.058052492344384,5,18.6,3.847076812334269,5
loco_bsc,GIN,pooled,random,0.1,0.2644706015933818,0.033654955941173854,5,0.32843904517153655,0.10329856151792888,5,0.288,0.1345279813933807,5,0.4385102153341718,0.050410336388878256,5,0.3332614827729346,0.08302040738670542,5,0.09902222222222219,0.004321255723607029,5,8.533333333333333,4.906366067013251,5,0.014933333333333281,0.007767824318958654,5,1125.0,0.0,5,25.0,0.0,5,7.2,3.363199534834517,5,1090.4,5.519661825390012,5,9.6,5.519661825389909,5,17.8,3.363199534834517,5
loco_bsc,GIN,pooled,random,0.25,0.24480759157507254,0.026375593103198824,5,0.2818522016092617,0.09636722008253991,5,0.24266666666666667,0.11368572665222511,5,0.40327732209311157,0.05340054338877485,5,0.28959245781159254,0.08082232711453681,5,0.2491259259259259,0.00813979369680902,5,8.05925925925926,4.280430474614787,5,0.013451851851851807,0.006650515414703361,5,1125.0,0.0,5,25.0,0.0,5,6.066666666666667,2.842143166305627,5,1090.9333333333334,4.815484283941607,5,9.066666666666666,4.815484283941636,5,18.933333333333334,2.842143166305626,5
loco_bsc,GIN,pooled,random,0.5,0.2207498816849771,0.029992480239037965,5,0.24176819040178418,0.07896686117381231,5,0.21333333333333332,0.107496769977314,5,0.34692869995501574,0.0428485591348314,5,0.24750234262898968,0.06677253896675209,5,0.49825185185185183,0.012491269928114177,5,8.88888888888889,5.204197946740828,5,0.013629629629629585,0.0075220754220954675,5,1125.0,0.0,5,25.0,0.0,5,5.333333333333334,2.6874192494328497,5,1090.0,5.854722690083431,5,10.0,5.854722690083431,5,19.666666666666668,2.687419249432851,5
loco_bsc,GIN,pooled,random,0.75,0.21267481603492447,0.03638616990612394,5,0.22448569334915885,0.06324361889128643,5,0.21333333333333332,0.08273115763993905,5,0.3166085403585403,0.03443168768819138,5,0.23017350663554348,0.05331741771145848,5,0.7487407407407407,0.007260770817684644,5,10.133333333333333,3.7443693438634957,5,0.014874074074074034,0.0055526906193173325,5,1125.0,0.0,5,25.0,0.0,5,5.333333333333334,2.068278940998476,5,1088.6,4.21241551184634,5,11.4,4.212415511846432,5,19.666666666666664,2.0682789409984776,5
loco_bsc,GIN,pooled,random,1.0,0.19903941362443608,0.05227557869701195,5,0.3694236181470224,0.06708806697025774,5,0.40800000000000003,0.09959919678390985,5,0.34046949713245594,0.04181590605004208,5,0.35646169497813196,0.06863740791015846,5,1.0,0.0,5,17.244444444444444,2.2310934040908674,5,0.026311111111111063,0.004244386270689194,5,1125.0,0.0,5,25.0,0.0,5,10.2,2.489979919597747,5,1080.6,2.509980079602212,5,19.4,2.5099800796022262,5,14.8,2.489979919597747,5
loco_bsc,GIN,pooled,threshold_only,0.0,0.270340736386743,0.03228816511383883,5,0.38222847070673155,0.01017192471014404,5,0.512,0.03346640106136306,5,0.30593012250906987,0.015671551468125964,5,0.3778354474668705,0.010600416530542302,5,0.0,0.0,5,25.955555555555556,3.3495899878074264,5,0.03733333333333328,0.004024615616949975,5,1125.0,0.0,5,25.0,0.0,5,12.8,0.8366600265340752,5,1070.8,3.7682887362833433,5,29.2,3.7682887362833544,5,12.2,0.8366600265340752,5
loco_ethereum,GIN,ethereum,entropy,0.0,0.5490982519514052,0.06239072641018593,5,0.5173674909825552,0.06857090247435109,5,0.7823529411764707,0.0489398861538051,5,0.3939608994299762,0.08676013065418939,5,0.5103116023107839,0.05732280741353222,5,0.0,0.0,5,81.38248847926268,32.518043873940215,5,0.13041474654377874,0.03523613320960694,5,2170.0,0.0,5,136.0,0.0,5,106.4,6.655824516917494,5,1857.4,70.56415520645027,5,176.6,70.56415520645025,5,29.6,6.655824516917495,5
loco_ethereum,GIN,ethereum,entropy,0.1,0.5824646296415248,0.036618653514246514,5,0.592799185133795,0.0776307663160756,5,0.7779411764705882,0.03541645464350677,5,0.4889009845839509,0.10153574265390829,5,0.5798361881420367,0.06613905534819575,5,0.16626728110599073,0.03094668199851953,5,56.68202764976959,32.58719519086486,5,0.10543778801843313,0.034740553701425966,5,2170.0,0.0,5,136.0,0.0,5,105.8,4.8166378315169185,5,1911.0,70.71421356417676,5,123.0,70.71421356417676,5,30.2,4.8166378315169185,5
loco_ethereum,GIN,ethereum,entropy,0.25,0.5840723993119926,0.03729491114912151,5,0.5884540976593844,0.07577043607737781,5,0.7691176470588236,0.04013924724692993,5,0.48664154502488505,0.09974550618796232,5,0.5745781287695132,0.06418840165574793,5,0.37953917050691244,0.06191823465090564,5,56.49769585253456,32.56535663557426,5,0.10470046082949303,0.03494929174200911,5,2170.0,0.0,5,136.0,0.0,5,104.6,5.4589376255824735,5,1911.4,70.66682389919617,5,122.6,70.66682389919615,5,31.4,5.458937625582472,5
loco_ethereum,GIN,ethereum,entropy,0.5,0.584227927044596,0.036476158711817655,5,0.5884540976593844,0.07577043607737781,5,0.7691176470588236,0.04013924724692993,5,0.48664154502488505,0.09974550618796232,5,0.5745781287695132,0.06418840165574793,5,0.6532718894009217,0.026345183211736005,5,56.49769585253456,32.56535663557426,5,0.10470046082949303,0.03494929174200911,5,2170.0,0.0,5,136.0,0.0,5,104.6,5.4589376255824735,5,1911.4,70.66682389919617,5,122.6,70.66682389919615,5,31.4,5.458937625582472,5
loco_ethereum,GIN,ethereum,entropy,0.75,0.5845689633134215,0.03621916242728035,5,0.5884540976593844,0.07577043607737781,5,0.7691176470588236,0.04013924724692993,5,0.48664154502488505,0.09974550618796232,5,0.5745781287695132,0.06418840165574793,5,0.847004608294931,0.016872276164997962,5,56.49769585253456,32.56535663557426,5,0.10470046082949303,0.03494929174200911,5,2170.0,0.0,5,136.0,0.0,5,104.6,5.4589376255824735,5,1911.4,70.66682389919617,5,122.6,70.66682389919615,5,31.4,5.458937625582472,5
loco_ethereum,GIN,ethereum,entropy,1.0,0.5844597209649969,0.03634781378681345,5,0.5884540976593844,0.07577043607737781,5,0.7691176470588236,0.04013924724692993,5,0.48664154502488505,0.09974550618796232,5,0.5745781287695132,0.06418840165574793,5,1.0,0.0,5,56.49769585253456,32.56535663557426,5,0.10470046082949303,0.03494929174200911,5,2170.0,0.0,5,136.0,0.0,5,104.6,5.4589376255824735,5,1911.4,70.66682389919617,5,122.6,70.66682389919615,5,31.4,5.458937625582472,5
loco_ethereum,GIN,ethereum,full,1.0,0.5844597209649969,0.03634781378681345,5,0.5884540976593844,0.07577043607737781,5,0.7691176470588236,0.04013924724692993,5,0.48664154502488505,0.09974550618796232,5,0.5745781287695132,0.06418840165574793,5,1.0,0.0,5,56.49769585253456,32.56535663557426,5,0.10470046082949303,0.03494929174200911,5,2170.0,0.0,5,136.0,0.0,5,104.6,5.4589376255824735,5,1911.4,70.66682389919617,5,122.6,70.66682389919615,5,31.4,5.458937625582472,5
loco_ethereum,GIN,ethereum,learned_benefit,0.0,0.5490982519514052,0.06239072641018593,5,0.5173674909825552,0.06857090247435109,5,0.7823529411764707,0.0489398861538051,5,0.3939608994299762,0.08676013065418939,5,0.5103116023107839,0.05732280741353222,5,0.0,0.0,5,81.38248847926268,32.518043873940215,5,0.13041474654377874,0.03523613320960694,5,2170.0,0.0,5,136.0,0.0,5,106.4,6.655824516917494,5,1857.4,70.56415520645027,5,176.6,70.56415520645025,5,29.6,6.655824516917495,5
loco_ethereum,GIN,ethereum,learned_benefit,0.1,0.5832231196976845,0.03528553913455933,5,0.5739729366212918,0.0805840251454175,5,0.8102941176470588,0.030494766696070246,5,0.4526201983894883,0.10007446936960228,5,0.5668565627149905,0.07061973993694219,5,0.5197235023041474,0.4391288465305517,5,67.09677419354838,31.10616146053192,5,0.11788018433179719,0.032516084621222165,5,2170.0,0.0,5,136.0,0.0,5,110.2,4.147288270665545,5,1888.4,67.50037036935427,5,145.6,67.50037036935427,5,25.8,4.147288270665545,5
loco_ethereum,GIN,ethereum,learned_benefit,0.25,0.5835310903290383,0.03702797451417193,5,0.5880557563265736,0.07560460606091914,5,0.7852941176470589,0.046329364711833444,5,0.4795556205263303,0.0979900421784329,5,0.5764204853664843,0.06505078402848063,5,0.6266359447004608,0.35017847662424795,5,58.89400921658986,31.78454298221193,5,0.10811059907834097,0.034015023295074893,5,2170.0,0.0,5,136.0,0.0,5,106.8,6.300793600809346,5,1906.2,68.9724582713999,5,127.8,68.9724582713999,5,29.2,6.300793600809346,5
loco_ethereum,GIN,ethereum,learned_benefit,0.5,0.5845192003748236,0.03653763338074816,5,0.5888253712734783,0.0759340796631118,5,0.7691176470588236,0.04013924724692993,5,0.48717529698720846,0.09997823741868216,5,0.5749360356023214,0.064336195510135,5,0.7853456221198156,0.20320135280320578,5,56.40552995391705,32.61260075824651,5,0.10460829493087553,0.03499726191648306,5,2170.0,0.0,5,136.0,0.0,5,104.6,5.4589376255824735,5,1911.6,70.76934364539491,5,122.4,70.76934364539493,5,31.4,5.458937625582472,5
loco_ethereum,GIN,ethereum,learned_benefit,0.75,0.5845484879036376,0.0362600397564047,5,0.5888253712734783,0.0759340796631118,5,0.7691176470588236,0.04013924724692993,5,0.48717529698720846,0.09997823741868216,5,0.5749360356023214,0.064336195510135,5,0.8834101382488478,0.11233091096279378,5,56.40552995391705,32.61260075824651,5,0.10460829493087553,0.03499726191648306,5,2170.0,0.0,5,136.0,0.0,5,104.6,5.4589376255824735,5,1911.6,70.76934364539491,5,122.4,70.76934364539493,5,31.4,5.458937625582472,5
loco_ethereum,GIN,ethereum,learned_benefit,1.0,0.5844597209649969,0.03634781378681345,5,0.5884540976593844,0.07577043607737781,5,0.7691176470588236,0.04013924724692993,5,0.48664154502488505,0.09974550618796232,5,0.5745781287695132,0.06418840165574793,5,1.0,0.0,5,56.49769585253456,32.56535663557426,5,0.10470046082949303,0.03494929174200911,5,2170.0,0.0,5,136.0,0.0,5,104.6,5.4589376255824735,5,1911.4,70.66682389919617,5,122.6,70.66682389919615,5,31.4,5.458937625582472,5
loco_ethereum,GIN,ethereum,local,0.0,0.5490982519514052,0.06239072641018593,5,0.5173674909825552,0.06857090247435109,5,0.7823529411764707,0.0489398861538051,5,0.3939608994299762,0.08676013065418939,5,0.5103116023107839,0.05732280741353222,5,0.0,0.0,5,81.38248847926268,32.518043873940215,5,0.13041474654377874,0.03523613320960694,5,2170.0,0.0,5,136.0,0.0,5,106.4,6.655824516917494,5,1857.4,70.56415520645027,5,176.6,70.56415520645025,5,29.6,6.655824516917495,5
loco_ethereum,GIN,ethereum,margin,0.0,0.5490982519514052,0.06239072641018593,5,0.5173674909825552,0.06857090247435109,5,0.7823529411764707,0.0489398861538051,5,0.3939608994299762,0.08676013065418939,5,0.5103116023107839,0.05732280741353222,5,0.0,0.0,5,81.38248847926268,32.518043873940215,5,0.13041474654377874,0.03523613320960694,5,2170.0,0.0,5,136.0,0.0,5,106.4,6.655824516917494,5,1857.4,70.56415520645027,5,176.6,70.56415520645025,5,29.6,6.655824516917495,5
loco_ethereum,GIN,ethereum,margin,0.1,0.5349862572467382,0.08987419876252271,5,0.5680348900894158,0.08639185549269643,5,0.7911764705882354,0.046678147788540826,5,0.4561867968004198,0.11640496448060848,5,0.5593896237026039,0.07258196347522246,5,0.16221198156682026,0.04374483280723235,5,67.09677419354838,36.557752106775204,5,0.11668202764976951,0.039396744328103216,5,2170.0,0.0,5,136.0,0.0,5,107.6,6.3482280992415525,5,1888.4,79.3303220717022,5,145.6,79.33032207170218,5,28.4,6.348228099241551,5
loco_ethereum,GIN,ethereum,margin,0.25,0.5554892472218326,0.0987766886153833,5,0.5755118004356501,0.07901801955160415,5,0.7602941176470588,0.05240744023883961,5,0.472668481051821,0.10140179805299616,5,0.5611088936266231,0.07000287217119457,5,0.3763133640552995,0.06073131303133267,5,58.70967741935483,31.973066241701936,5,0.10635944700460824,0.03434246579049906,5,2170.0,0.0,5,136.0,0.0,5,103.4,7.127411872482184,5,1906.6,69.38155374449319,5,127.4,69.38155374449322,5,32.6,7.127411872482185,5
loco_ethereum,GIN,ethereum,margin,0.5,0.5515369781293742,0.09751264551318399,5,0.5457427989453372,0.11729220393077365,5,0.6911764705882353,0.1964075057234277,5,0.472668481051821,0.10140179805299616,5,0.5292572908552643,0.1181660740048606,5,0.6472811059907834,0.035020919169264676,5,53.087557603686626,34.86107345505565,5,0.096405529953917,0.04294797371394739,5,2170.0,0.0,5,136.0,0.0,5,94.0,26.711420778386163,5,1918.8,75.64852939747077,5,115.2,75.64852939747078,5,42.0,26.711420778386163,5
loco_ethereum,GIN,ethereum,margin,0.75,0.5769038768937498,0.0474563572344577,5,0.5856166955405453,0.07555135692883151,5,0.7617647058823529,0.050032428930011766,5,0.4861605445438846,0.09964028309593886,5,0.571048728269385,0.06441424636548337,5,0.843778801843318,0.022356168150409514,5,56.12903225806451,32.73576510575529,5,0.10387096774193542,0.03539488512978801,5,2170.0,0.0,5,136.0,0.0,5,103.6,6.804410334481601,5,1912.2,71.036610279489,5,121.8,71.03661027948898,5,32.4,6.8044103344816,5
loco_ethereum,GIN,ethereum,margin,1.0,0.5844597209649969,0.03634781378681345,5,0.5884540976593844,0.07577043607737781,5,0.7691176470588236,0.04013924724692993,5,0.48664154502488505,0.09974550618796232,5,0.5745781287695132,0.06418840165574793,5,1.0,0.0,5,56.49769585253456,32.56535663557426,5,0.10470046082949303,0.03494929174200911,5,2170.0,0.0,5,136.0,0.0,5,104.6,5.4589376255824735,5,1911.4,70.66682389919617,5,122.6,70.66682389919615,5,31.4,5.458937625582472,5
loco_ethereum,GIN,ethereum,random,0.0,0.5490982519514052,0.06239072641018593,5,0.5173674909825552,0.06857090247435109,5,0.7823529411764707,0.0489398861538051,5,0.3939608994299762,0.08676013065418939,5,0.5103116023107839,0.05732280741353222,5,0.0,0.0,5,81.38248847926268,32.518043873940215,5,0.13041474654377874,0.03523613320960695,5,2170.0,0.0,5,136.0,0.0,5,106.4,6.655824516917494,5,1857.4,70.56415520645027,5,176.6,70.56415520645025,5,29.6,6.655824516917495,5
loco_ethereum,GIN,ethereum,random,0.1,0.5453394344541821,0.06462471009517173,5,0.5230337615884276,0.06916131260233352,5,0.7843137254901962,0.04572244633867067,5,0.4001115371511886,0.08780723061616265,5,0.5158773735017352,0.05733545810719625,5,0.09935483870967739,0.006835551182596122,5,79.7542242703533,32.75968696650996,5,0.1289093701996927,0.03540938178631622,5,2170.0,0.0,5,136.0,0.0,5,106.66666666666667,6.218252702059206,5,1860.9333333333332,71.08852071732672,5,173.06666666666666,71.08852071732663,5,29.333333333333332,6.218252702059211,5
loco_ethereum,GIN,ethereum,random,0.25,0.5519795833870484,0.05552723056814355,5,0.5387309598375495,0.05709181741219443,5,0.7867647058823529,0.03387322294383647,5,0.4172435842739094,0.07264933371806073,5,0.5307573560065986,0.04787213646130143,5,0.2505376344086021,0.012803635122956009,5,74.22427035330261,25.605519419110642,5,0.1235330261136712,0.027494743761220974,5,2170.0,0.0,5,136.0,0.0,5,107.0,4.606758320361749,5,1872.9333333333332,55.563977139470126,5,161.06666666666666,55.5639771394701,5,29.0,4.606758320361751,5
loco_ethereum,GIN,ethereum,random,0.5,0.5551593124438454,0.05048796015953795,5,0.5393638626587098,0.06156380872639692,5,0.7745098039215687,0.06389024704773082,5,0.4287508531312142,0.07927483719838642,5,0.5318760789688535,0.05177173481987688,5,0.5041167434715822,0.007580298869820516,5,71.36712749615975,28.015712873575268,5,0.11990783410138244,0.0309394376660906,5,2170.0,0.0,5,136.0,0.0,5,105.33333333333333,8.689073598491378,5,1879.1333333333332,60.79409693565829,5,154.86666666666665,60.79409693565834,5,30.666666666666668,8.689073598491381,5
loco_ethereum,GIN,ethereum,random,0.75,0.5636297430284188,0.04559892417552867,5,0.5675849781418503,0.07020516050363688,5,0.7421568627450981,0.07292233047701613,5,0.47636056131074067,0.09342936693953008,5,0.553557886519207,0.059670510665762067,5,0.7531490015360983,0.01012718756075363,5,57.88018433179724,31.848286006982146,5,0.10439324116743465,0.03529327523737934,5,2170.0,0.0,5,136.0,0.0,5,100.93333333333334,9.917436944874192,5,1908.4,69.11078063515117,5,125.6,69.11078063515127,5,35.06666666666667,9.917436944874192,5
loco_ethereum,GIN,ethereum,random,1.0,0.5844597209649969,0.03634781378681345,5,0.5884540976593844,0.07577043607737781,5,0.7691176470588236,0.04013924724692993,5,0.48664154502488505,0.09974550618796232,5,0.5745781287695132,0.06418840165574793,5,1.0,0.0,5,56.49769585253456,32.56535663557426,5,0.10470046082949303,0.03494929174200911,5,2170.0,0.0,5,136.0,0.0,5,104.6,5.4589376255824735,5,1911.4,70.66682389919617,5,122.6,70.66682389919615,5,31.4,5.458937625582472,5
loco_ethereum,GIN,ethereum,threshold_only,0.0,0.5490982519514052,0.06239072641018593,5,0.557310744076472,0.06016238288039211,5,0.7029411764705882,0.10315104656911868,5,0.48038443946029297,0.10223797332948815,5,0.5394083930129455,0.048850099615011335,5,0.0,0.0,5,54.3778801843318,34.768966838597116,5,0.09843317972350224,0.04045153835566563,5,2170.0,0.0,5,136.0,0.0,5,95.6,14.028542333400146,5,1916.0,75.44865803975576,5,118.0,75.44865803975576,5,40.4,14.028542333400146,5
loco_ethereum,GIN,pooled,entropy,0.0,0.5490982519514052,0.06239072641018593,5,0.5173674909825552,0.06857090247435109,5,0.7823529411764707,0.0489398861538051,5,0.3939608994299762,0.08676013065418939,5,0.5103116023107839,0.05732280741353222,5,0.0,0.0,5,81.38248847926268,32.518043873940215,5,0.13041474654377874,0.03523613320960694,5,2170.0,0.0,5,136.0,0.0,5,106.4,6.655824516917494,5,1857.4,70.56415520645027,5,176.6,70.56415520645025,5,29.6,6.655824516917495,5
loco_ethereum,GIN,pooled,entropy,0.1,0.5824646296415248,0.036618653514246514,5,0.592799185133795,0.0776307663160756,5,0.7779411764705882,0.03541645464350677,5,0.4889009845839509,0.10153574265390829,5,0.5798361881420367,0.06613905534819575,5,0.16626728110599073,0.03094668199851953,5,56.68202764976959,32.58719519086486,5,0.10543778801843313,0.034740553701425966,5,2170.0,0.0,5,136.0,0.0,5,105.8,4.8166378315169185,5,1911.0,70.71421356417676,5,123.0,70.71421356417676,5,30.2,4.8166378315169185,5
loco_ethereum,GIN,pooled,entropy,0.25,0.5840723993119926,0.03729491114912151,5,0.5884540976593844,0.07577043607737781,5,0.7691176470588236,0.04013924724692993,5,0.48664154502488505,0.09974550618796232,5,0.5745781287695132,0.06418840165574793,5,0.37953917050691244,0.06191823465090564,5,56.49769585253456,32.56535663557426,5,0.10470046082949303,0.03494929174200911,5,2170.0,0.0,5,136.0,0.0,5,104.6,5.4589376255824735,5,1911.4,70.66682389919617,5,122.6,70.66682389919615,5,31.4,5.458937625582472,5
loco_ethereum,GIN,pooled,entropy,0.5,0.584227927044596,0.036476158711817655,5,0.5884540976593844,0.07577043607737781,5,0.7691176470588236,0.04013924724692993,5,0.48664154502488505,0.09974550618796232,5,0.5745781287695132,0.06418840165574793,5,0.6532718894009217,0.026345183211736005,5,56.49769585253456,32.56535663557426,5,0.10470046082949303,0.03494929174200911,5,2170.0,0.0,5,136.0,0.0,5,104.6,5.4589376255824735,5,1911.4,70.66682389919617,5,122.6,70.66682389919615,5,31.4,5.458937625582472,5
loco_ethereum,GIN,pooled,entropy,0.75,0.5845689633134215,0.03621916242728035,5,0.5884540976593844,0.07577043607737781,5,0.7691176470588236,0.04013924724692993,5,0.48664154502488505,0.09974550618796232,5,0.5745781287695132,0.06418840165574793,5,0.847004608294931,0.016872276164997962,5,56.49769585253456,32.56535663557426,5,0.10470046082949303,0.03494929174200911,5,2170.0,0.0,5,136.0,0.0,5,104.6,5.4589376255824735,5,1911.4,70.66682389919617,5,122.6,70.66682389919615,5,31.4,5.458937625582472,5
loco_ethereum,GIN,pooled,entropy,1.0,0.5844597209649969,0.03634781378681345,5,0.5884540976593844,0.07577043607737781,5,0.7691176470588236,0.04013924724692993,5,0.48664154502488505,0.09974550618796232,5,0.5745781287695132,0.06418840165574793,5,1.0,0.0,5,56.49769585253456,32.56535663557426,5,0.10470046082949303,0.03494929174200911,5,2170.0,0.0,5,136.0,0.0,5,104.6,5.4589376255824735,5,1911.4,70.66682389919617,5,122.6,70.66682389919615,5,31.4,5.458937625582472,5
loco_ethereum,GIN,pooled,full,1.0,0.5844597209649969,0.03634781378681345,5,0.5884540976593844,0.07577043607737781,5,0.7691176470588236,0.04013924724692993,5,0.48664154502488505,0.09974550618796232,5,0.5745781287695132,0.06418840165574793,5,1.0,0.0,5,56.49769585253456,32.56535663557426,5,0.10470046082949303,0.03494929174200911,5,2170.0,0.0,5,136.0,0.0,5,104.6,5.4589376255824735,5,1911.4,70.66682389919617,5,122.6,70.66682389919615,5,31.4,5.458937625582472,5
loco_ethereum,GIN,pooled,learned_benefit,0.0,0.5490982519514052,0.06239072641018593,5,0.5173674909825552,0.06857090247435109,5,0.7823529411764707,0.0489398861538051,5,0.3939608994299762,0.08676013065418939,5,0.5103116023107839,0.05732280741353222,5,0.0,0.0,5,81.38248847926268,32.518043873940215,5,0.13041474654377874,0.03523613320960694,5,2170.0,0.0,5,136.0,0.0,5,106.4,6.655824516917494,5,1857.4,70.56415520645027,5,176.6,70.56415520645025,5,29.6,6.655824516917495,5
loco_ethereum,GIN,pooled,learned_benefit,0.1,0.5832231196976845,0.03528553913455933,5,0.5739729366212918,0.0805840251454175,5,0.8102941176470588,0.030494766696070246,5,0.4526201983894883,0.10007446936960228,5,0.5668565627149905,0.07061973993694219,5,0.5197235023041474,0.4391288465305517,5,67.09677419354838,31.10616146053192,5,0.11788018433179719,0.032516084621222165,5,2170.0,0.0,5,136.0,0.0,5,110.2,4.147288270665545,5,1888.4,67.50037036935427,5,145.6,67.50037036935427,5,25.8,4.147288270665545,5
loco_ethereum,GIN,pooled,learned_benefit,0.25,0.5835310903290383,0.03702797451417193,5,0.5880557563265736,0.07560460606091914,5,0.7852941176470589,0.046329364711833444,5,0.4795556205263303,0.0979900421784329,5,0.5764204853664843,0.06505078402848063,5,0.6266359447004608,0.35017847662424795,5,58.89400921658986,31.78454298221193,5,0.10811059907834097,0.034015023295074893,5,2170.0,0.0,5,136.0,0.0,5,106.8,6.300793600809346,5,1906.2,68.9724582713999,5,127.8,68.9724582713999,5,29.2,6.300793600809346,5
loco_ethereum,GIN,pooled,learned_benefit,0.5,0.5845192003748236,0.03653763338074816,5,0.5888253712734783,0.0759340796631118,5,0.7691176470588236,0.04013924724692993,5,0.48717529698720846,0.09997823741868216,5,0.5749360356023214,0.064336195510135,5,0.7853456221198156,0.20320135280320578,5,56.40552995391705,32.61260075824651,5,0.10460829493087553,0.03499726191648306,5,2170.0,0.0,5,136.0,0.0,5,104.6,5.4589376255824735,5,1911.6,70.76934364539491,5,122.4,70.76934364539493,5,31.4,5.458937625582472,5
loco_ethereum,GIN,pooled,learned_benefit,0.75,0.5845484879036376,0.0362600397564047,5,0.5888253712734783,0.0759340796631118,5,0.7691176470588236,0.04013924724692993,5,0.48717529698720846,0.09997823741868216,5,0.5749360356023214,0.064336195510135,5,0.8834101382488478,0.11233091096279378,5,56.40552995391705,32.61260075824651,5,0.10460829493087553,0.03499726191648306,5,2170.0,0.0,5,136.0,0.0,5,104.6,5.4589376255824735,5,1911.6,70.76934364539491,5,122.4,70.76934364539493,5,31.4,5.458937625582472,5
loco_ethereum,GIN,pooled,learned_benefit,1.0,0.5844597209649969,0.03634781378681345,5,0.5884540976593844,0.07577043607737781,5,0.7691176470588236,0.04013924724692993,5,0.48664154502488505,0.09974550618796232,5,0.5745781287695132,0.06418840165574793,5,1.0,0.0,5,56.49769585253456,32.56535663557426,5,0.10470046082949303,0.03494929174200911,5,2170.0,0.0,5,136.0,0.0,5,104.6,5.4589376255824735,5,1911.4,70.66682389919617,5,122.6,70.66682389919615,5,31.4,5.458937625582472,5
loco_ethereum,GIN,pooled,local,0.0,0.5490982519514052,0.06239072641018593,5,0.5173674909825552,0.06857090247435109,5,0.7823529411764707,0.0489398861538051,5,0.3939608994299762,0.08676013065418939,5,0.5103116023107839,0.05732280741353222,5,0.0,0.0,5,81.38248847926268,32.518043873940215,5,0.13041474654377874,0.03523613320960694,5,2170.0,0.0,5,136.0,0.0,5,106.4,6.655824516917494,5,1857.4,70.56415520645027,5,176.6,70.56415520645025,5,29.6,6.655824516917495,5
loco_ethereum,GIN,pooled,margin,0.0,0.5490982519514052,0.06239072641018593,5,0.5173674909825552,0.06857090247435109,5,0.7823529411764707,0.0489398861538051,5,0.3939608994299762,0.08676013065418939,5,0.5103116023107839,0.05732280741353222,5,0.0,0.0,5,81.38248847926268,32.518043873940215,5,0.13041474654377874,0.03523613320960694,5,2170.0,0.0,5,136.0,0.0,5,106.4,6.655824516917494,5,1857.4,70.56415520645027,5,176.6,70.56415520645025,5,29.6,6.655824516917495,5
loco_ethereum,GIN,pooled,margin,0.1,0.5349862572467382,0.08987419876252271,5,0.5680348900894158,0.08639185549269643,5,0.7911764705882354,0.046678147788540826,5,0.4561867968004198,0.11640496448060848,5,0.5593896237026039,0.07258196347522246,5,0.16221198156682026,0.04374483280723235,5,67.09677419354838,36.557752106775204,5,0.11668202764976951,0.039396744328103216,5,2170.0,0.0,5,136.0,0.0,5,107.6,6.3482280992415525,5,1888.4,79.3303220717022,5,145.6,79.33032207170218,5,28.4,6.348228099241551,5
loco_ethereum,GIN,pooled,margin,0.25,0.5554892472218326,0.0987766886153833,5,0.5755118004356501,0.07901801955160415,5,0.7602941176470588,0.05240744023883961,5,0.472668481051821,0.10140179805299616,5,0.5611088936266231,0.07000287217119457,5,0.3763133640552995,0.06073131303133267,5,58.70967741935483,31.973066241701936,5,0.10635944700460824,0.03434246579049906,5,2170.0,0.0,5,136.0,0.0,5,103.4,7.127411872482184,5,1906.6,69.38155374449319,5,127.4,69.38155374449322,5,32.6,7.127411872482185,5
loco_ethereum,GIN,pooled,margin,0.5,0.5515369781293742,0.09751264551318399,5,0.5457427989453372,0.11729220393077365,5,0.6911764705882353,0.1964075057234277,5,0.472668481051821,0.10140179805299616,5,0.5292572908552643,0.1181660740048606,5,0.6472811059907834,0.035020919169264676,5,53.087557603686626,34.86107345505565,5,0.096405529953917,0.04294797371394739,5,2170.0,0.0,5,136.0,0.0,5,94.0,26.711420778386163,5,1918.8,75.64852939747077,5,115.2,75.64852939747078,5,42.0,26.711420778386163,5
loco_ethereum,GIN,pooled,margin,0.75,0.5769038768937498,0.0474563572344577,5,0.5856166955405453,0.07555135692883151,5,0.7617647058823529,0.050032428930011766,5,0.4861605445438846,0.09964028309593886,5,0.571048728269385,0.06441424636548337,5,0.843778801843318,0.022356168150409514,5,56.12903225806451,32.73576510575529,5,0.10387096774193542,0.03539488512978801,5,2170.0,0.0,5,136.0,0.0,5,103.6,6.804410334481601,5,1912.2,71.036610279489,5,121.8,71.03661027948898,5,32.4,6.8044103344816,5
loco_ethereum,GIN,pooled,margin,1.0,0.5844597209649969,0.03634781378681345,5,0.5884540976593844,0.07577043607737781,5,0.7691176470588236,0.04013924724692993,5,0.48664154502488505,0.09974550618796232,5,0.5745781287695132,0.06418840165574793,5,1.0,0.0,5,56.49769585253456,32.56535663557426,5,0.10470046082949303,0.03494929174200911,5,2170.0,0.0,5,136.0,0.0,5,104.6,5.4589376255824735,5,1911.4,70.66682389919617,5,122.6,70.66682389919615,5,31.4,5.458937625582472,5
loco_ethereum,GIN,pooled,random,0.0,0.5490982519514052,0.06239072641018593,5,0.5173674909825552,0.06857090247435109,5,0.7823529411764707,0.0489398861538051,5,0.3939608994299762,0.08676013065418939,5,0.5103116023107839,0.05732280741353222,5,0.0,0.0,5,81.38248847926268,32.518043873940215,5,0.13041474654377874,0.03523613320960695,5,2170.0,0.0,5,136.0,0.0,5,106.4,6.655824516917494,5,1857.4,70.56415520645027,5,176.6,70.56415520645025,5,29.6,6.655824516917495,5
loco_ethereum,GIN,pooled,random,0.1,0.5453394344541821,0.06462471009517173,5,0.5230337615884276,0.06916131260233352,5,0.7843137254901962,0.04572244633867067,5,0.4001115371511886,0.08780723061616265,5,0.5158773735017352,0.05733545810719625,5,0.09935483870967739,0.006835551182596122,5,79.7542242703533,32.75968696650996,5,0.1289093701996927,0.03540938178631622,5,2170.0,0.0,5,136.0,0.0,5,106.66666666666667,6.218252702059206,5,1860.9333333333332,71.08852071732672,5,173.06666666666666,71.08852071732663,5,29.333333333333332,6.218252702059211,5
loco_ethereum,GIN,pooled,random,0.25,0.5519795833870484,0.05552723056814355,5,0.5387309598375495,0.05709181741219443,5,0.7867647058823529,0.03387322294383647,5,0.4172435842739094,0.07264933371806073,5,0.5307573560065986,0.04787213646130143,5,0.2505376344086021,0.012803635122956009,5,74.22427035330261,25.605519419110642,5,0.1235330261136712,0.027494743761220974,5,2170.0,0.0,5,136.0,0.0,5,107.0,4.606758320361749,5,1872.9333333333332,55.563977139470126,5,161.06666666666666,55.5639771394701,5,29.0,4.606758320361751,5
loco_ethereum,GIN,pooled,random,0.5,0.5551593124438454,0.05048796015953795,5,0.5393638626587098,0.06156380872639692,5,0.7745098039215687,0.06389024704773082,5,0.4287508531312142,0.07927483719838642,5,0.5318760789688535,0.05177173481987688,5,0.5041167434715822,0.007580298869820516,5,71.36712749615975,28.015712873575268,5,0.11990783410138244,0.0309394376660906,5,2170.0,0.0,5,136.0,0.0,5,105.33333333333333,8.689073598491378,5,1879.1333333333332,60.79409693565829,5,154.86666666666665,60.79409693565834,5,30.666666666666668,8.689073598491381,5
loco_ethereum,GIN,pooled,random,0.75,0.5636297430284188,0.04559892417552867,5,0.5675849781418503,0.07020516050363688,5,0.7421568627450981,0.07292233047701613,5,0.47636056131074067,0.09342936693953008,5,0.553557886519207,0.059670510665762067,5,0.7531490015360983,0.01012718756075363,5,57.88018433179724,31.848286006982146,5,0.10439324116743465,0.03529327523737934,5,2170.0,0.0,5,136.0,0.0,5,100.93333333333334,9.917436944874192,5,1908.4,69.11078063515117,5,125.6,69.11078063515127,5,35.06666666666667,9.917436944874192,5
loco_ethereum,GIN,pooled,random,1.0,0.5844597209649969,0.03634781378681345,5,0.5884540976593844,0.07577043607737781,5,0.7691176470588236,0.04013924724692993,5,0.48664154502488505,0.09974550618796232,5,0.5745781287695132,0.06418840165574793,5,1.0,0.0,5,56.49769585253456,32.56535663557426,5,0.10470046082949303,0.03494929174200911,5,2170.0,0.0,5,136.0,0.0,5,104.6,5.4589376255824735,5,1911.4,70.66682389919617,5,122.6,70.66682389919615,5,31.4,5.458937625582472,5
loco_ethereum,GIN,pooled,threshold_only,0.0,0.5490982519514052,0.06239072641018593,5,0.557310744076472,0.06016238288039211,5,0.7029411764705882,0.10315104656911868,5,0.48038443946029297,0.10223797332948815,5,0.5394083930129455,0.048850099615011335,5,0.0,0.0,5,54.3778801843318,34.768966838597116,5,0.09843317972350224,0.04045153835566563,5,2170.0,0.0,5,136.0,0.0,5,95.6,14.028542333400146,5,1916.0,75.44865803975576,5,118.0,75.44865803975576,5,40.4,14.028542333400146,5
loco_polygon,GIN,polygon,entropy,0.0,,,0,,,0,,,0,0.0,0.0,5,,,0,0.0,0.0,5,17.56373937677054,6.459917422658006,5,0.01756373937677052,0.006459917422657975,5,353.0,0.0,5,0.0,0.0,5,0.0,0.0,5,346.8,2.2803508501982828,5,6.2,2.280350850198276,5,0.0,0.0,5
loco_polygon,GIN,polygon,entropy,0.1,,,0,,,0,,,0,0.0,0.0,5,,,0,0.03456090651558068,0.005805637827739143,5,27.762039660056654,2.370141718226842,5,0.02776203966005656,0.002370141718226844,5,353.0,0.0,5,0.0,0.0,5,0.0,0.0,5,343.2,0.836660026534073,5,9.8,0.8366600265340753,5,0.0,0.0,5
loco_polygon,GIN,polygon,entropy,0.25,,,0,,,0,,,0,0.0,0.0,5,,,0,0.3308781869688385,0.041022725392001705,5,28.89518413597734,2.3701417182268396,5,0.02889518413597724,0.002370141718226844,5,353.0,0.0,5,0.0,0.0,5,0.0,0.0,5,342.8,0.836660026534073,5,10.2,0.8366600265340758,5,0.0,0.0,5
loco_polygon,GIN,polygon,entropy,0.5,,,0,,,0,,,0,0.0,0.0,5,,,0,0.7903682719546742,0.02129362093253951,5,28.89518413597734,2.3701417182268396,5,0.02889518413597724,0.002370141718226844,5,353.0,0.0,5,0.0,0.0,5,0.0,0.0,5,342.8,0.836660026534073,5,10.2,0.8366600265340758,5,0.0,0.0,5
loco_polygon,GIN,polygon,entropy,0.75,,,0,,,0,,,0,0.0,0.0,5,,,0,0.9473087818696884,0.008161393932514378,5,28.89518413597734,2.3701417182268396,5,0.02889518413597724,0.002370141718226844,5,353.0,0.0,5,0.0,0.0,5,0.0,0.0,5,342.8,0.836660026534073,5,10.2,0.8366600265340758,5,0.0,0.0,5
loco_polygon,GIN,polygon,entropy,1.0,,,0,,,0,,,0,0.0,0.0,5,,,0,1.0,0.0,5,28.89518413597734,2.3701417182268396,5,0.02889518413597724,0.002370141718226844,5,353.0,0.0,5,0.0,0.0,5,0.0,0.0,5,342.8,0.836660026534073,5,10.2,0.8366600265340758,5,0.0,0.0,5
loco_polygon,GIN,polygon,full,1.0,,,0,,,0,,,0,0.0,0.0,5,,,0,1.0,0.0,5,28.89518413597734,2.3701417182268396,5,0.02889518413597724,0.002370141718226844,5,353.0,0.0,5,0.0,0.0,5,0.0,0.0,5,342.8,0.836660026534073,5,10.2,0.8366600265340758,5,0.0,0.0,5
loco_polygon,GIN,polygon,learned_benefit,0.0,,,0,,,0,,,0,0.0,0.0,5,,,0,0.0,0.0,5,17.56373937677054,6.459917422658006,5,0.01756373937677052,0.006459917422657975,5,353.0,0.0,5,0.0,0.0,5,0.0,0.0,5,346.8,2.2803508501982828,5,6.2,2.280350850198276,5,0.0,0.0,5
loco_polygon,GIN,polygon,learned_benefit,0.1,,,0,,,0,,,0,0.0,0.0,5,,,0,0.01416430594900844,0.0020031353574689738,5,16.997167138810198,11.850708591134214,5,0.01699716713881016,0.011850708591134174,5,353.0,0.0,5,0.0,0.0,5,0.0,0.0,5,347.0,4.183300132670372,5,6.0,4.183300132670378,5,0.0,0.0,5
loco_polygon,GIN,polygon,learned_benefit,0.25,,,0,,,0,,,0,0.0,0.0,5,,,0,0.15410764872521243,0.021814870604168177,5,28.89518413597734,2.3701417182268396,5,0.02889518413597724,0.002370141718226844,5,353.0,0.0,5,0.0,0.0,5,0.0,0.0,5,342.8,0.836660026534073,5,10.2,0.8366600265340758,5,0.0,0.0,5
loco_polygon,GIN,polygon,learned_benefit,0.5,,,0,,,0,,,0,0.0,0.0,5,,,0,0.708215297450425,0.040856105104407764,5,28.89518413597734,2.3701417182268396,5,0.02889518413597724,0.002370141718226844,5,353.0,0.0,5,0.0,0.0,5,0.0,0.0,5,342.8,0.836660026534073,5,10.2,0.8366600265340758,5,0.0,0.0,5
loco_polygon,GIN,polygon,learned_benefit,0.75,,,0,,,0,,,0,0.0,0.0,5,,,0,0.8951841359773371,0.032237412681985954,5,28.89518413597734,2.3701417182268396,5,0.02889518413597724,0.002370141718226844,5,353.0,0.0,5,0.0,0.0,5,0.0,0.0,5,342.8,0.836660026534073,5,10.2,0.8366600265340758,5,0.0,0.0,5
loco_polygon,GIN,polygon,learned_benefit,1.0,,,0,,,0,,,0,0.0,0.0,5,,,0,1.0,0.0,5,28.89518413597734,2.3701417182268396,5,0.02889518413597724,0.002370141718226844,5,353.0,0.0,5,0.0,0.0,5,0.0,0.0,5,342.8,0.836660026534073,5,10.2,0.8366600265340758,5,0.0,0.0,5
loco_polygon,GIN,polygon,local,0.0,,,0,,,0,,,0,0.0,0.0,5,,,0,0.0,0.0,5,17.56373937677054,6.459917422658006,5,0.01756373937677052,0.006459917422657975,5,353.0,0.0,5,0.0,0.0,5,0.0,0.0,5,346.8,2.2803508501982828,5,6.2,2.280350850198276,5,0.0,0.0,5
loco_polygon,GIN,polygon,margin,0.0,,,0,,,0,,,0,0.0,0.0,5,,,0,0.0,0.0,5,17.56373937677054,6.459917422658006,5,0.01756373937677052,0.006459917422657975,5,353.0,0.0,5,0.0,0.0,5,0.0,0.0,5,346.8,2.2803508501982828,5,6.2,2.280350850198276,5,0.0,0.0,5
loco_polygon,GIN,polygon,margin,0.1,,,0,,,0,,,0,0.0,0.0,5,,,0,0.03739376770538236,0.00835574005878335,5,27.762039660056654,2.370141718226842,5,0.02776203966005656,0.002370141718226844,5,353.0,0.0,5,0.0,0.0,5,0.0,0.0,5,343.2,0.836660026534073,5,9.8,0.8366600265340753,5,0.0,0.0,5
loco_polygon,GIN,polygon,margin,0.25,,,0,,,0,,,0,0.0,0.0,5,,,0,0.3552407932011331,0.05132875565938438,5,28.89518413597734,2.3701417182268396,5,0.02889518413597724,0.002370141718226844,5,353.0,0.0,5,0.0,0.0,5,0.0,0.0,5,342.8,0.836660026534073,5,10.2,0.8366600265340758,5,0.0,0.0,5
loco_polygon,GIN,polygon,margin,0.5,,,0,,,0,,,0,0.0,0.0,5,,,0,0.8005665722379603,0.030811842336948954,5,28.89518413597734,2.3701417182268396,5,0.02889518413597724,0.002370141718226844,5,353.0,0.0,5,0.0,0.0,5,0.0,0.0,5,342.8,0.836660026534073,5,10.2,0.8366600265340758,5,0.0,0.0,5
loco_polygon,GIN,polygon,margin,0.75,,,0,,,0,,,0,0.0,0.0,5,,,0,0.9541076487252124,0.006459917422658004,5,28.89518413597734,2.3701417182268396,5,0.02889518413597724,0.002370141718226844,5,353.0,0.0,5,0.0,0.0,5,0.0,0.0,5,342.8,0.836660026534073,5,10.2,0.8366600265340758,5,0.0,0.0,5
loco_polygon,GIN,polygon,margin,1.0,,,0,,,0,,,0,0.0,0.0,5,,,0,1.0,0.0,5,28.89518413597734,2.3701417182268396,5,0.02889518413597724,0.002370141718226844,5,353.0,0.0,5,0.0,0.0,5,0.0,0.0,5,342.8,0.836660026534073,5,10.2,0.8366600265340758,5,0.0,0.0,5
loco_polygon,GIN,polygon,random,0.0,,,0,,,0,,,0,0.0,0.0,5,,,0,0.0,0.0,5,17.563739376770535,6.459917422658005,5,0.01756373937677052,0.006459917422657976,5,353.0,0.0,5,0.0,0.0,5,0.0,0.0,5,346.8,2.2803508501982828,5,6.2,2.280350850198276,5,0.0,0.0,5
loco_polygon,GIN,polygon,random,0.1,,,0,,,0,,,0,0.0,0.0,5,,,0,0.09593956562795083,0.010716722159857304,5,17.94145420207743,6.228000924585894,5,0.017941454202077385,0.0062280009245858445,5,353.0,0.0,5,0.0,0.0,5,0.0,0.0,5,346.6666666666667,2.1984843263787903,5,6.333333333333334,2.19848432637882,5,0.0,0.0,5
loco_polygon,GIN,polygon,random,0.25,,,0,,,0,,,0,0.0,0.0,5,,,0,0.2426817752596789,0.009836008808309578,5,20.20774315391879,8.772218441921503,5,0.02020774315391873,0.008772218441921463,5,353.0,0.0,5,0.0,0.0,5,0.0,0.0,5,345.8666666666667,3.096593109998272,5,7.133333333333335,3.0965931099982917,5,0.0,0.0,5
loco_polygon,GIN,polygon,random,0.5,,,0,,,0,,,0,0.0,0.0,5,,,0,0.49367327667610955,0.015319584355560512,5,23.796033994334277,6.919762402478286,5,0.023796033994334213,0.006919762402478256,5,353.0,0.0,5,0.0,0.0,5,0.0,0.0,5,344.6,2.442676128074864,5,8.4,2.4426761280748353,5,0.0,0.0,5
loco_polygon,GIN,polygon,random,0.75,,,0,,,0,,,0,0.0,0.0,5,,,0,0.7406987724268177,0.011974215285474885,5,24.740321057601513,6.756768203965373,5,0.024740321057601433,0.006756768203965342,5,353.0,0.0,5,0.0,0.0,5,0.0,0.0,5,344.26666666666665,2.3851391759997718,5,8.733333333333333,2.3851391759997753,5,0.0,0.0,5
loco_polygon,GIN,polygon,random,1.0,,,0,,,0,,,0,0.0,0.0,5,,,0,1.0,0.0,5,28.89518413597734,2.3701417182268396,5,0.02889518413597724,0.0023701417182268405,5,353.0,0.0,5,0.0,0.0,5,0.0,0.0,5,342.8,0.836660026534073,5,10.2,0.8366600265340758,5,0.0,0.0,5
loco_polygon,GIN,polygon,threshold_only,0.0,,,0,,,0,,,0,0.0,0.0,5,,,0,0.0,0.0,5,27.762039660056654,2.3701417182268414,5,0.02776203966005656,0.0023701417182268444,5,353.0,0.0,5,0.0,0.0,5,0.0,0.0,5,343.2,0.8366600265340751,5,9.8,0.8366600265340756,5,0.0,0.0,5
loco_polygon,GIN,pooled,entropy,0.0,,,0,,,0,,,0,0.0,0.0,5,,,0,0.0,0.0,5,17.56373937677054,6.459917422658006,5,0.01756373937677052,0.006459917422657975,5,353.0,0.0,5,0.0,0.0,5,0.0,0.0,5,346.8,2.2803508501982828,5,6.2,2.280350850198276,5,0.0,0.0,5
loco_polygon,GIN,pooled,entropy,0.1,,,0,,,0,,,0,0.0,0.0,5,,,0,0.03456090651558068,0.005805637827739143,5,27.762039660056654,2.370141718226842,5,0.02776203966005656,0.002370141718226844,5,353.0,0.0,5,0.0,0.0,5,0.0,0.0,5,343.2,0.836660026534073,5,9.8,0.8366600265340753,5,0.0,0.0,5
loco_polygon,GIN,pooled,entropy,0.25,,,0,,,0,,,0,0.0,0.0,5,,,0,0.3308781869688385,0.041022725392001705,5,28.89518413597734,2.3701417182268396,5,0.02889518413597724,0.002370141718226844,5,353.0,0.0,5,0.0,0.0,5,0.0,0.0,5,342.8,0.836660026534073,5,10.2,0.8366600265340758,5,0.0,0.0,5
loco_polygon,GIN,pooled,entropy,0.5,,,0,,,0,,,0,0.0,0.0,5,,,0,0.7903682719546742,0.02129362093253951,5,28.89518413597734,2.3701417182268396,5,0.02889518413597724,0.002370141718226844,5,353.0,0.0,5,0.0,0.0,5,0.0,0.0,5,342.8,0.836660026534073,5,10.2,0.8366600265340758,5,0.0,0.0,5
loco_polygon,GIN,pooled,entropy,0.75,,,0,,,0,,,0,0.0,0.0,5,,,0,0.9473087818696884,0.008161393932514378,5,28.89518413597734,2.3701417182268396,5,0.02889518413597724,0.002370141718226844,5,353.0,0.0,5,0.0,0.0,5,0.0,0.0,5,342.8,0.836660026534073,5,10.2,0.8366600265340758,5,0.0,0.0,5
loco_polygon,GIN,pooled,entropy,1.0,,,0,,,0,,,0,0.0,0.0,5,,,0,1.0,0.0,5,28.89518413597734,2.3701417182268396,5,0.02889518413597724,0.002370141718226844,5,353.0,0.0,5,0.0,0.0,5,0.0,0.0,5,342.8,0.836660026534073,5,10.2,0.8366600265340758,5,0.0,0.0,5
loco_polygon,GIN,pooled,full,1.0,,,0,,,0,,,0,0.0,0.0,5,,,0,1.0,0.0,5,28.89518413597734,2.3701417182268396,5,0.02889518413597724,0.002370141718226844,5,353.0,0.0,5,0.0,0.0,5,0.0,0.0,5,342.8,0.836660026534073,5,10.2,0.8366600265340758,5,0.0,0.0,5
loco_polygon,GIN,pooled,learned_benefit,0.0,,,0,,,0,,,0,0.0,0.0,5,,,0,0.0,0.0,5,17.56373937677054,6.459917422658006,5,0.01756373937677052,0.006459917422657975,5,353.0,0.0,5,0.0,0.0,5,0.0,0.0,5,346.8,2.2803508501982828,5,6.2,2.280350850198276,5,0.0,0.0,5
loco_polygon,GIN,pooled,learned_benefit,0.1,,,0,,,0,,,0,0.0,0.0,5,,,0,0.01416430594900844,0.0020031353574689738,5,16.997167138810198,11.850708591134214,5,0.01699716713881016,0.011850708591134174,5,353.0,0.0,5,0.0,0.0,5,0.0,0.0,5,347.0,4.183300132670372,5,6.0,4.183300132670378,5,0.0,0.0,5
loco_polygon,GIN,pooled,learned_benefit,0.25,,,0,,,0,,,0,0.0,0.0,5,,,0,0.15410764872521243,0.021814870604168177,5,28.89518413597734,2.3701417182268396,5,0.02889518413597724,0.002370141718226844,5,353.0,0.0,5,0.0,0.0,5,0.0,0.0,5,342.8,0.836660026534073,5,10.2,0.8366600265340758,5,0.0,0.0,5
loco_polygon,GIN,pooled,learned_benefit,0.5,,,0,,,0,,,0,0.0,0.0,5,,,0,0.708215297450425,0.040856105104407764,5,28.89518413597734,2.3701417182268396,5,0.02889518413597724,0.002370141718226844,5,353.0,0.0,5,0.0,0.0,5,0.0,0.0,5,342.8,0.836660026534073,5,10.2,0.8366600265340758,5,0.0,0.0,5
loco_polygon,GIN,pooled,learned_benefit,0.75,,,0,,,0,,,0,0.0,0.0,5,,,0,0.8951841359773371,0.032237412681985954,5,28.89518413597734,2.3701417182268396,5,0.02889518413597724,0.002370141718226844,5,353.0,0.0,5,0.0,0.0,5,0.0,0.0,5,342.8,0.836660026534073,5,10.2,0.8366600265340758,5,0.0,0.0,5
loco_polygon,GIN,pooled,learned_benefit,1.0,,,0,,,0,,,0,0.0,0.0,5,,,0,1.0,0.0,5,28.89518413597734,2.3701417182268396,5,0.02889518413597724,0.002370141718226844,5,353.0,0.0,5,0.0,0.0,5,0.0,0.0,5,342.8,0.836660026534073,5,10.2,0.8366600265340758,5,0.0,0.0,5
loco_polygon,GIN,pooled,local,0.0,,,0,,,0,,,0,0.0,0.0,5,,,0,0.0,0.0,5,17.56373937677054,6.459917422658006,5,0.01756373937677052,0.006459917422657975,5,353.0,0.0,5,0.0,0.0,5,0.0,0.0,5,346.8,2.2803508501982828,5,6.2,2.280350850198276,5,0.0,0.0,5
loco_polygon,GIN,pooled,margin,0.0,,,0,,,0,,,0,0.0,0.0,5,,,0,0.0,0.0,5,17.56373937677054,6.459917422658006,5,0.01756373937677052,0.006459917422657975,5,353.0,0.0,5,0.0,0.0,5,0.0,0.0,5,346.8,2.2803508501982828,5,6.2,2.280350850198276,5,0.0,0.0,5
loco_polygon,GIN,pooled,margin,0.1,,,0,,,0,,,0,0.0,0.0,5,,,0,0.03739376770538236,0.00835574005878335,5,27.762039660056654,2.370141718226842,5,0.02776203966005656,0.002370141718226844,5,353.0,0.0,5,0.0,0.0,5,0.0,0.0,5,343.2,0.836660026534073,5,9.8,0.8366600265340753,5,0.0,0.0,5
loco_polygon,GIN,pooled,margin,0.25,,,0,,,0,,,0,0.0,0.0,5,,,0,0.3552407932011331,0.05132875565938438,5,28.89518413597734,2.3701417182268396,5,0.02889518413597724,0.002370141718226844,5,353.0,0.0,5,0.0,0.0,5,0.0,0.0,5,342.8,0.836660026534073,5,10.2,0.8366600265340758,5,0.0,0.0,5
loco_polygon,GIN,pooled,margin,0.5,,,0,,,0,,,0,0.0,0.0,5,,,0,0.8005665722379603,0.030811842336948954,5,28.89518413597734,2.3701417182268396,5,0.02889518413597724,0.002370141718226844,5,353.0,0.0,5,0.0,0.0,5,0.0,0.0,5,342.8,0.836660026534073,5,10.2,0.8366600265340758,5,0.0,0.0,5
loco_polygon,GIN,pooled,margin,0.75,,,0,,,0,,,0,0.0,0.0,5,,,0,0.9541076487252124,0.006459917422658004,5,28.89518413597734,2.3701417182268396,5,0.02889518413597724,0.002370141718226844,5,353.0,0.0,5,0.0,0.0,5,0.0,0.0,5,342.8,0.836660026534073,5,10.2,0.8366600265340758,5,0.0,0.0,5
loco_polygon,GIN,pooled,margin,1.0,,,0,,,0,,,0,0.0,0.0,5,,,0,1.0,0.0,5,28.89518413597734,2.3701417182268396,5,0.02889518413597724,0.002370141718226844,5,353.0,0.0,5,0.0,0.0,5,0.0,0.0,5,342.8,0.836660026534073,5,10.2,0.8366600265340758,5,0.0,0.0,5
loco_polygon,GIN,pooled,random,0.0,,,0,,,0,,,0,0.0,0.0,5,,,0,0.0,0.0,5,17.563739376770535,6.459917422658005,5,0.01756373937677052,0.006459917422657976,5,353.0,0.0,5,0.0,0.0,5,0.0,0.0,5,346.8,2.2803508501982828,5,6.2,2.280350850198276,5,0.0,0.0,5
loco_polygon,GIN,pooled,random,0.1,,,0,,,0,,,0,0.0,0.0,5,,,0,0.09593956562795083,0.010716722159857304,5,17.94145420207743,6.228000924585894,5,0.017941454202077385,0.0062280009245858445,5,353.0,0.0,5,0.0,0.0,5,0.0,0.0,5,346.6666666666667,2.1984843263787903,5,6.333333333333334,2.19848432637882,5,0.0,0.0,5
loco_polygon,GIN,pooled,random,0.25,,,0,,,0,,,0,0.0,0.0,5,,,0,0.2426817752596789,0.009836008808309578,5,20.20774315391879,8.772218441921503,5,0.02020774315391873,0.008772218441921463,5,353.0,0.0,5,0.0,0.0,5,0.0,0.0,5,345.8666666666667,3.096593109998272,5,7.133333333333335,3.0965931099982917,5,0.0,0.0,5
loco_polygon,GIN,pooled,random,0.5,,,0,,,0,,,0,0.0,0.0,5,,,0,0.49367327667610955,0.015319584355560512,5,23.796033994334277,6.919762402478286,5,0.023796033994334213,0.006919762402478256,5,353.0,0.0,5,0.0,0.0,5,0.0,0.0,5,344.6,2.442676128074864,5,8.4,2.4426761280748353,5,0.0,0.0,5
loco_polygon,GIN,pooled,random,0.75,,,0,,,0,,,0,0.0,0.0,5,,,0,0.7406987724268177,0.011974215285474885,5,24.740321057601513,6.756768203965373,5,0.024740321057601433,0.006756768203965342,5,353.0,0.0,5,0.0,0.0,5,0.0,0.0,5,344.26666666666665,2.3851391759997718,5,8.733333333333333,2.3851391759997753,5,0.0,0.0,5
loco_polygon,GIN,pooled,random,1.0,,,0,,,0,,,0,0.0,0.0,5,,,0,1.0,0.0,5,28.89518413597734,2.3701417182268396,5,0.02889518413597724,0.0023701417182268405,5,353.0,0.0,5,0.0,0.0,5,0.0,0.0,5,342.8,0.836660026534073,5,10.2,0.8366600265340758,5,0.0,0.0,5
loco_polygon,GIN,pooled,threshold_only,0.0,,,0,,,0,,,0,0.0,0.0,5,,,0,0.0,0.0,5,27.762039660056654,2.3701417182268414,5,0.02776203966005656,0.0023701417182268444,5,353.0,0.0,5,0.0,0.0,5,0.0,0.0,5,343.2,0.8366600265340751,5,9.8,0.8366600265340756,5,0.0,0.0,5
pooled_snapshot,GATv2,bsc,entropy,0.0,0.0813495834916104,0.0328816652600091,5,0.10394841603588448,0.07480791253555721,5,0.152,0.1213260071048248,5,0.08127591706539072,0.05607686347856588,5,0.08174174614053982,0.08399855626005724,5,0.0,0.0,5,40.71111111111111,15.71851153698312,5,0.04408888888888884,0.015721024689375373,5,1125.0,0.0,5,25.0,0.0,5,3.8,3.0331501776206204,5,1054.2,17.683325479106017,5,45.8,17.683325479106017,5,21.2,3.03315017762062,5
pooled_snapshot,GATv2,bsc,entropy,0.1,0.06206580949669212,0.017657183258553234,5,0.04285714285714284,0.04338301704354427,5,0.032,0.03346640106136302,5,0.07843137254901959,0.08729344819432183,5,0.034860947574158044,0.04839243085219057,5,0.0787555555555555,0.004102393158831755,5,8.71111111111111,4.884846813878785,5,0.00942222222222218,0.005205884609545371,5,1125.0,0.0,5,25.0,0.0,5,0.8,0.8366600265340756,5,1090.2,5.495452665613634,5,9.8,5.495452665613635,5,24.2,0.8366600265340753,5
pooled_snapshot,GATv2,bsc,entropy,0.25,0.0642807325697852,0.016608976845121373,5,0.04154118062919758,0.04249882096680955,5,0.032,0.03346640106136302,5,0.07452380952380952,0.08678073341249185,5,0.03268693447956034,0.047581534731907134,5,0.24746666666666664,0.009461553131189437,5,9.6,6.1068672132685045,5,0.010311111111111059,0.006428332349071837,5,1125.0,0.0,5,25.0,0.0,5,0.8,0.8366600265340756,5,1089.2,6.870225614927063,5,10.8,6.870225614927067,5,24.2,0.8366600265340753,5
pooled_snapshot,GATv2,bsc,entropy,0.5,0.0660436971191414,0.01560208060543081,5,0.04154118062919758,0.04249882096680955,5,0.032,0.03346640106136302,5,0.07452380952380952,0.08678073341249185,5,0.03268693447956034,0.047581534731907134,5,0.5566222222222222,0.021113684053736037,5,9.6,6.1068672132685045,5,0.010311111111111059,0.006428332349071837,5,1125.0,0.0,5,25.0,0.0,5,0.8,0.8366600265340756,5,1089.2,6.870225614927063,5,10.8,6.870225614927067,5,24.2,0.8366600265340753,5
pooled_snapshot,GATv2,bsc,entropy,0.75,0.06543649911150562,0.015614551352408516,5,0.04154118062919758,0.04249882096680955,5,0.032,0.03346640106136302,5,0.07452380952380952,0.08678073341249185,5,0.03268693447956034,0.047581534731907134,5,0.8293333333333333,0.009216196157034543,5,9.6,6.1068672132685045,5,0.010311111111111059,0.006428332349071837,5,1125.0,0.0,5,25.0,0.0,5,0.8,0.8366600265340756,5,1089.2,6.870225614927063,5,10.8,6.870225614927067,5,24.2,0.8366600265340753,5
pooled_snapshot,GATv2,bsc,entropy,1.0,0.06519665802717625,0.015517345638324648,5,0.04154118062919758,0.04249882096680955,5,0.032,0.03346640106136302,5,0.07452380952380952,0.08678073341249185,5,0.03268693447956034,0.047581534731907134,5,1.0,0.0,5,9.6,6.1068672132685045,5,0.010311111111111059,0.006428332349071837,5,1125.0,0.0,5,25.0,0.0,5,0.8,0.8366600265340756,5,1089.2,6.870225614927063,5,10.8,6.870225614927067,5,24.2,0.8366600265340753,5
pooled_snapshot,GATv2,bsc,full,1.0,0.06519665802717625,0.015517345638324648,5,0.04154118062919758,0.04249882096680955,5,0.032,0.03346640106136302,5,0.07452380952380952,0.08678073341249185,5,0.03268693447956034,0.047581534731907134,5,1.0,0.0,5,9.6,6.1068672132685045,5,0.010311111111111059,0.006428332349071837,5,1125.0,0.0,5,25.0,0.0,5,0.8,0.8366600265340756,5,1089.2,6.870225614927063,5,10.8,6.870225614927067,5,24.2,0.8366600265340753,5
pooled_snapshot,GATv2,bsc,learned_benefit,0.0,0.0813495834916104,0.0328816652600091,5,0.10394841603588448,0.07480791253555721,5,0.152,0.1213260071048248,5,0.08127591706539072,0.05607686347856588,5,0.08174174614053982,0.08399855626005724,5,0.0,0.0,5,40.71111111111111,15.71851153698312,5,0.04408888888888884,0.015721024689375373,5,1125.0,0.0,5,25.0,0.0,5,3.8,3.0331501776206204,5,1054.2,17.683325479106017,5,45.8,17.683325479106017,5,21.2,3.03315017762062,5
pooled_snapshot,GATv2,bsc,learned_benefit,0.1,0.07856868317513191,0.023819038839420166,5,0.10463379338646621,0.08705422546590678,5,0.11200000000000002,0.09549869109050658,5,0.10141338193969769,0.08063718450180592,5,0.08357209919872492,0.09007118559418471,5,0.07982222222222216,0.03745693823875921,5,24.177777777777777,9.623017673048432,5,0.026666666666666623,0.009258962958222107,5,1125.0,0.0,5,25.0,0.0,5,2.8,2.3874672772626644,5,1072.8,10.825894882179487,5,27.2,10.825894882179487,5,22.2,2.3874672772626644,5
pooled_snapshot,GATv2,bsc,learned_benefit,0.25,0.07007217611474899,0.010593304836579416,5,0.05219284780260386,0.03548973824860247,5,0.04,0.0282842712474619,5,0.08981203007518797,0.07610210277595368,5,0.042637874423468156,0.04122441801486612,5,0.22595555555555555,0.026964265332811713,5,10.844444444444445,4.54986093940257,5,0.01173333333333328,0.004678292397134487,5,1125.0,0.0,5,25.0,0.0,5,1.0,0.7071067811865476,5,1087.8,5.118593556827868,5,12.2,5.118593556827891,5,24.0,0.7071067811865474,5
pooled_snapshot,GATv2,bsc,learned_benefit,0.5,0.06907766114531858,0.014730671806388292,5,0.04154118062919758,0.04249882096680955,5,0.032,0.03346640106136302,5,0.07452380952380952,0.08678073341249185,5,0.03268693447956034,0.047581534731907134,5,0.5448888888888889,0.02323896259982467,5,9.6,6.1068672132685045,5,0.010311111111111059,0.006428332349071837,5,1125.0,0.0,5,25.0,0.0,5,0.8,0.8366600265340756,5,1089.2,6.870225614927063,5,10.8,6.870225614927067,5,24.2,0.8366600265340753,5
pooled_snapshot,GATv2,bsc,learned_benefit,0.75,0.06560478675897044,0.015323960713802386,5,0.04154118062919758,0.04249882096680955,5,0.032,0.03346640106136302,5,0.07452380952380952,0.08678073341249185,5,0.03268693447956034,0.047581534731907134,5,0.8328888888888889,0.02282731740159337,5,9.6,6.1068672132685045,5,0.010311111111111059,0.006428332349071837,5,1125.0,0.0,5,25.0,0.0,5,0.8,0.8366600265340756,5,1089.2,6.870225614927063,5,10.8,6.870225614927067,5,24.2,0.8366600265340753,5
pooled_snapshot,GATv2,bsc,learned_benefit,1.0,0.06519665802717625,0.015517345638324648,5,0.04154118062919758,0.04249882096680955,5,0.032,0.03346640106136302,5,0.07452380952380952,0.08678073341249185,5,0.03268693447956034,0.047581534731907134,5,1.0,0.0,5,9.6,6.1068672132685045,5,0.010311111111111059,0.006428332349071837,5,1125.0,0.0,5,25.0,0.0,5,0.8,0.8366600265340756,5,1089.2,6.870225614927063,5,10.8,6.870225614927067,5,24.2,0.8366600265340753,5
pooled_snapshot,GATv2,bsc,local,0.0,0.0813495834916104,0.0328816652600091,5,0.10394841603588448,0.07480791253555721,5,0.152,0.1213260071048248,5,0.08127591706539072,0.05607686347856588,5,0.08174174614053982,0.08399855626005724,5,0.0,0.0,5,40.71111111111111,15.71851153698312,5,0.04408888888888884,0.015721024689375373,5,1125.0,0.0,5,25.0,0.0,5,3.8,3.0331501776206204,5,1054.2,17.683325479106017,5,45.8,17.683325479106017,5,21.2,3.03315017762062,5
pooled_snapshot,GATv2,bsc,margin,0.0,0.0813495834916104,0.0328816652600091,5,0.10394841603588448,0.07480791253555721,5,0.152,0.1213260071048248,5,0.08127591706539072,0.05607686347856588,5,0.08174174614053982,0.08399855626005724,5,0.0,0.0,5,40.71111111111111,15.71851153698312,5,0.04408888888888884,0.015721024689375373,5,1125.0,0.0,5,25.0,0.0,5,3.8,3.0331501776206204,5,1054.2,17.683325479106017,5,45.8,17.683325479106017,5,21.2,3.03315017762062,5
pooled_snapshot,GATv2,bsc,margin,0.1,0.06966134946344678,0.020508550216310477,5,0.06267719049874658,0.006403994041223509,5,0.04,0.0,5,0.1637179487179487,0.06671226251414908,5,0.06875440804422224,0.020113797250821012,5,0.08053333333333328,0.0052812269431156906,5,5.511111111111111,3.1677386099920817,5,0.0063999999999999595,0.00316773860999208,5,1125.0,0.0,5,25.0,0.0,5,1.0,0.0,5,1093.8,3.5637059362410866,5,6.2,3.5637059362410923,5,24.0,0.0,5
pooled_snapshot,GATv2,bsc,margin,0.25,0.06866833422160175,0.01956100892869932,5,0.0592516305514475,0.010836069096209282,5,0.04,0.0,5,0.14824175824175823,0.08453463314552952,5,0.061705485252954016,0.02871885392976115,5,0.2597333333333333,0.010875729009196667,5,7.822222222222223,6.391352182132462,5,0.00871111111111106,0.006391352182132453,5,1125.0,0.0,5,25.0,0.0,5,1.0,0.0,5,1091.2,7.190271204899025,5,8.8,7.19027120489902,5,24.0,0.0,5
pooled_snapshot,GATv2,bsc,margin,0.5,0.06862051012992304,0.01709896148999371,5,0.05824912428578334,0.011791399219413055,5,0.04,0.0,5,0.14462184873949577,0.08863995067438785,5,0.05983207742890813,0.03071482014313688,5,0.5907555555555556,0.022457421990716965,5,8.533333333333333,6.95949480215587,5,0.009422222222222179,0.006959494802155869,5,1125.0,0.0,5,25.0,0.0,5,1.0,0.0,5,1090.4,7.829431652425341,5,9.6,7.829431652425353,5,24.0,0.0,5
pooled_snapshot,GATv2,bsc,margin,0.75,0.0666568085524751,0.01600826645072059,5,0.05824912428578334,0.011791399219413055,5,0.04,0.0,5,0.14462184873949577,0.08863995067438785,5,0.05983207742890813,0.03071482014313688,5,0.8579555555555555,0.009926147040102137,5,8.533333333333333,6.95949480215587,5,0.009422222222222179,0.006959494802155869,5,1125.0,0.0,5,25.0,0.0,5,1.0,0.0,5,1090.4,7.829431652425341,5,9.6,7.829431652425353,5,24.0,0.0,5
pooled_snapshot,GATv2,bsc,margin,1.0,0.06519665802717625,0.015517345638324648,5,0.04154118062919758,0.04249882096680955,5,0.032,0.03346640106136302,5,0.07452380952380952,0.08678073341249185,5,0.03268693447956034,0.047581534731907134,5,1.0,0.0,5,9.6,6.1068672132685045,5,0.010311111111111059,0.006428332349071837,5,1125.0,0.0,5,25.0,0.0,5,0.8,0.8366600265340756,5,1089.2,6.870225614927063,5,10.8,6.870225614927067,5,24.2,0.8366600265340753,5
pooled_snapshot,GATv2,bsc,random,0.0,0.0813495834916104,0.03288166526000911,5,0.10394841603588448,0.07480791253555721,5,0.152,0.12132600710482483,5,0.08127591706539072,0.05607686347856588,5,0.08174174614053982,0.08399855626005724,5,0.0,0.0,5,40.71111111111111,15.718511536983122,5,0.044088888888888844,0.015721024689375373,5,1125.0,0.0,5,25.0,0.0,5,3.8,3.0331501776206204,5,1054.2,17.683325479106017,5,45.8,17.683325479106017,5,21.2,3.03315017762062,5
pooled_snapshot,GATv2,bsc,random,0.1,0.07832366970376792,0.03083104622500322,5,0.10338942801084658,0.07486762946084517,5,0.14666666666666667,0.11775681155103797,5,0.08273831439245544,0.05785848700861718,5,0.08112857685957893,0.08340858978628972,5,0.09896296296296292,0.008871588101676967,5,38.992592592592594,15.781220281722415,5,0.0422518518518518,0.01578956263060645,5,1125.0,0.0,5,25.0,0.0,5,3.6666666666666665,2.943920288775949,5,1056.1333333333332,17.753872816937704,5,43.86666666666666,17.75387281693772,5,21.333333333333332,2.943920288775949,5
pooled_snapshot,GATv2,bsc,random,0.25,0.0792292509376688,0.03297958690333436,5,0.10645591075791669,0.07754379935084131,5,0.14666666666666667,0.11775681155103797,5,0.08631234341138758,0.060528991219926206,5,0.084487681933514,0.08534291046436492,5,0.24788148148148145,0.0046876658635492995,5,36.50370370370371,13.338928867027363,5,0.03976296296296291,0.013357016004452864,5,1125.0,0.0,5,25.0,0.0,5,3.6666666666666665,2.943920288775949,5,1058.9333333333334,15.006294975405728,5,41.06666666666667,15.006294975405787,5,21.333333333333332,2.943920288775949,5
pooled_snapshot,GATv2,bsc,random,0.5,0.06897578306389786,0.024573985218214963,5,0.10310799888145698,0.06794239007465848,5,0.13066666666666665,0.08814130069887151,5,0.0886224520743816,0.06006774232080792,5,0.08078570829475609,0.07286032586875363,5,0.4988444444444444,0.0049783068501901406,5,32.71111111111111,13.170362038075934,5,0.03561481481481478,0.013025921187037761,5,1125.0,0.0,5,25.0,0.0,5,3.266666666666667,2.203532517471788,5,1063.2,14.816657292835439,5,36.8,14.816657292835428,5,21.73333333333333,2.203532517471788,5
pooled_snapshot,GATv2,bsc,random,0.75,0.06434338512596885,0.017284298573911294,5,0.0735936803650374,0.06171328247542259,5,0.08,0.06531972647421809,5,0.07098562146388232,0.06096636692487912,5,0.05515542570859737,0.061061451088580805,5,0.7516444444444443,0.007943283175076367,5,18.962962962962962,5.161852263758323,5,0.02074074074074069,0.0061690852781205955,5,1125.0,0.0,5,25.0,0.0,5,2.0,1.632993161855452,5,1078.6666666666665,5.80708379672818,5,21.333333333333336,5.807083796728116,5,23.0,1.6329931618554518,5
pooled_snapshot,GATv2,bsc,random,1.0,0.06519665802717625,0.015517345638324648,5,0.04154118062919758,0.042498820966809556,5,0.032,0.03346640106136302,5,0.07452380952380952,0.08678073341249186,5,0.03268693447956034,0.047581534731907134,5,1.0,0.0,5,9.6,6.1068672132685045,5,0.010311111111111059,0.006428332349071837,5,1125.0,0.0,5,25.0,0.0,5,0.8,0.8366600265340756,5,1089.2,6.870225614927063,5,10.8,6.870225614927067,5,24.2,0.8366600265340753,5
pooled_snapshot,GATv2,bsc,threshold_only,0.0,0.0813495834916104,0.0328816652600091,5,0.054129237902057356,0.030702849355528753,5,0.032,0.017888543819998316,5,0.20555555555555555,0.1464602925162674,5,0.06932419257628236,0.05378782474672108,5,0.0,0.0,5,5.511111111111111,5.348127628974692,5,0.006222222222222179,0.004988876515698611,5,1125.0,0.0,5,25.0,0.0,5,0.8,0.4472135954999579,5,1093.8,6.016643582596533,5,6.2,6.016643582596529,5,24.2,0.44721359549995787,5
pooled_snapshot,GATv2,ethereum,entropy,0.0,0.4485700273497496,0.04499298422526793,5,0.4945753607136612,0.0314230093684876,5,0.49558823529411766,0.04550514249048769,5,0.5052710747303507,0.08110726385881023,5,0.46390451513144243,0.03480200912349092,5,0.0,0.0,5,32.44239631336406,13.865531644491973,5,0.0635023041474654,0.01629734431738371,5,2170.0,0.0,5,136.0,0.0,5,67.4,6.18869937870632,5,1963.6,30.088203668547585,5,70.4,30.08820366854758,5,68.6,6.18869937870632,5
pooled_snapshot,GATv2,ethereum,entropy,0.1,0.5376471905678896,0.02367910907289096,5,0.5257154449214589,0.011425349555869414,5,0.4,0.023018346827203707,5,0.7858620822387097,0.12442347674979846,5,0.538619347062786,0.03460974588204907,5,0.08645161290322578,0.004926782400333312,5,7.741935483870968,5.878060376559759,5,0.03281105990783406,0.007296547820717943,5,2170.0,0.0,5,136.0,0.0,5,54.4,3.1304951684997055,5,2017.2,12.755391017134691,5,16.8,12.755391017134675,5,81.6,3.1304951684997055,5
pooled_snapshot,GATv2,ethereum,entropy,0.25,0.5256681606797703,0.014963638452493357,5,0.5182880652896582,0.017493520364421547,5,0.4,0.027805397648807417,5,0.7614253294928864,0.13720099982850092,5,0.5278356048924071,0.04059812785453301,5,0.2393548387096774,0.012103246019485916,5,9.216589861751151,7.8948579258118965,5,0.03428571428571424,0.009570397917480954,5,2170.0,0.0,5,136.0,0.0,5,54.4,3.7815340802378077,5,2014.0,17.131841699011826,5,20.0,17.131841699011815,5,81.6,3.7815340802378072,5
pooled_snapshot,GATv2,ethereum,entropy,0.5,0.5265188499142328,0.016467355150550558,5,0.516312951720628,0.02136129154019459,5,0.4,0.027805397648807417,5,0.7565089086472621,0.14654462270506702,5,0.5253272074543233,0.045510485853815265,5,0.5206451612903227,0.034091105687758985,5,9.67741935483871,8.84624600020851,5,0.0347465437788018,0.010511560133023295,5,2170.0,0.0,5,136.0,0.0,5,54.4,3.7815340802378077,5,2013.0,19.19635382045248,5,21.0,19.196353820452465,5,81.6,3.7815340802378072,5
pooled_snapshot,GATv2,ethereum,entropy,0.75,0.525492378063726,0.017194466404271348,5,0.516312951720628,0.02136129154019459,5,0.4,0.027805397648807417,5,0.7565089086472621,0.14654462270506702,5,0.5253272074543233,0.045510485853815265,5,0.79963133640553,0.022091956342284693,5,9.67741935483871,8.84624600020851,5,0.0347465437788018,0.010511560133023295,5,2170.0,0.0,5,136.0,0.0,5,54.4,3.7815340802378077,5,2013.0,19.19635382045248,5,21.0,19.196353820452465,5,81.6,3.7815340802378072,5
pooled_snapshot,GATv2,ethereum,entropy,1.0,0.544342667751073,0.014371295374135673,5,0.516312951720628,0.02136129154019459,5,0.4,0.027805397648807417,5,0.7565089086472621,0.14654462270506702,5,0.5253272074543233,0.045510485853815265,5,1.0,0.0,5,9.67741935483871,8.84624600020851,5,0.0347465437788018,0.010511560133023295,5,2170.0,0.0,5,136.0,0.0,5,54.4,3.7815340802378077,5,2013.0,19.19635382045248,5,21.0,19.196353820452465,5,81.6,3.7815340802378072,5
pooled_snapshot,GATv2,ethereum,full,1.0,0.544342667751073,0.014371295374135673,5,0.516312951720628,0.02136129154019459,5,0.4,0.027805397648807417,5,0.7565089086472621,0.14654462270506702,5,0.5253272074543233,0.045510485853815265,5,1.0,0.0,5,9.67741935483871,8.84624600020851,5,0.0347465437788018,0.010511560133023295,5,2170.0,0.0,5,136.0,0.0,5,54.4,3.7815340802378077,5,2013.0,19.19635382045248,5,21.0,19.196353820452465,5,81.6,3.7815340802378072,5
pooled_snapshot,GATv2,ethereum,learned_benefit,0.0,0.4485700273497496,0.04499298422526793,5,0.4945753607136612,0.0314230093684876,5,0.49558823529411766,0.04550514249048769,5,0.5052710747303507,0.08110726385881023,5,0.46390451513144243,0.03480200912349092,5,0.0,0.0,5,32.44239631336406,13.865531644491973,5,0.0635023041474654,0.01629734431738371,5,2170.0,0.0,5,136.0,0.0,5,67.4,6.18869937870632,5,1963.6,30.088203668547585,5,70.4,30.08820366854758,5,68.6,6.18869937870632,5
pooled_snapshot,GATv2,ethereum,learned_benefit,0.1,0.5248061863568418,0.06746684146268109,5,0.514396262396791,0.013671489300330407,5,0.46764705882352936,0.0466781477885408,5,0.584188681742684,0.07125077692769033,5,0.4916583877613528,0.01810548345931432,5,0.07788018433179718,0.02000498992732559,5,22.119815668202765,10.185270094608452,5,0.05142857142857138,0.013016291981656264,5,2170.0,0.0,5,136.0,0.0,5,63.6,6.348228099241551,5,1986.0,22.102036105300343,5,48.0,22.102036105300343,5,72.4,6.348228099241552,5
pooled_snapshot,GATv2,ethereum,learned_benefit,0.25,0.561846664664457,0.010438714013731665,5,0.515563135794161,0.018209050776245152,5,0.4,0.026815562542368342,5,0.744953578915843,0.12214462929294667,5,0.5220560448599847,0.03783302726423871,5,0.21788018433179718,0.02271052649678502,5,9.67741935483871,7.086892395958387,5,0.03474654377880182,0.008631177709451189,5,2170.0,0.0,5,136.0,0.0,5,54.4,3.646916505762094,5,2013.0,15.378556499229678,5,21.0,15.378556499229699,5,81.6,3.6469165057620936,5
pooled_snapshot,GATv2,ethereum,learned_benefit,0.5,0.5446704451060629,0.01447532721824652,5,0.5168526753821133,0.021452724916027247,5,0.4,0.027805397648807417,5,0.7596417407274625,0.14989865567435368,5,0.5264324432157578,0.04637768138907955,5,0.4888479262672811,0.036478955296614185,5,9.5852534562212,8.932249874048546,5,0.0346543778801843,0.010606088645402613,5,2170.0,0.0,5,136.0,0.0,5,54.4,3.7815340802378077,5,2013.2,19.382982226685346,5,20.8,19.382982226685346,5,81.6,3.7815340802378072,5
pooled_snapshot,GATv2,ethereum,learned_benefit,0.75,0.5438601340350188,0.013854184445409238,5,0.516312951720628,0.02136129154019459,5,0.4,0.027805397648807417,5,0.7565089086472621,0.14654462270506702,5,0.5253272074543233,0.045510485853815265,5,0.7771428571428571,0.02037210388612359,5,9.67741935483871,8.84624600020851,5,0.0347465437788018,0.010511560133023295,5,2170.0,0.0,5,136.0,0.0,5,54.4,3.7815340802378077,5,2013.0,19.19635382045248,5,21.0,19.196353820452465,5,81.6,3.7815340802378072,5
pooled_snapshot,GATv2,ethereum,learned_benefit,1.0,0.544342667751073,0.014371295374135673,5,0.516312951720628,0.02136129154019459,5,0.4,0.027805397648807417,5,0.7565089086472621,0.14654462270506702,5,0.5253272074543233,0.045510485853815265,5,1.0,0.0,5,9.67741935483871,8.84624600020851,5,0.0347465437788018,0.010511560133023295,5,2170.0,0.0,5,136.0,0.0,5,54.4,3.7815340802378077,5,2013.0,19.19635382045248,5,21.0,19.196353820452465,5,81.6,3.7815340802378072,5
pooled_snapshot,GATv2,ethereum,local,0.0,0.4485700273497496,0.04499298422526793,5,0.4945753607136612,0.0314230093684876,5,0.49558823529411766,0.04550514249048769,5,0.5052710747303507,0.08110726385881023,5,0.46390451513144243,0.03480200912349092,5,0.0,0.0,5,32.44239631336406,13.865531644491973,5,0.0635023041474654,0.01629734431738371,5,2170.0,0.0,5,136.0,0.0,5,67.4,6.18869937870632,5,1963.6,30.088203668547585,5,70.4,30.08820366854758,5,68.6,6.18869937870632,5
pooled_snapshot,GATv2,ethereum,margin,0.0,0.4485700273497496,0.04499298422526793,5,0.4945753607136612,0.0314230093684876,5,0.49558823529411766,0.04550514249048769,5,0.5052710747303507,0.08110726385881023,5,0.46390451513144243,0.03480200912349092,5,0.0,0.0,5,32.44239631336406,13.865531644491973,5,0.0635023041474654,0.01629734431738371,5,2170.0,0.0,5,136.0,0.0,5,67.4,6.18869937870632,5,1963.6,30.088203668547585,5,70.4,30.08820366854758,5,68.6,6.18869937870632,5
pooled_snapshot,GATv2,ethereum,margin,0.1,0.53567154060679,0.022323501019736302,5,0.5260318977325038,0.011043266973269936,5,0.38088235294117645,0.009587062360592093,5,0.8540476190476192,0.06631283654202577,5,0.5530864738519441,0.021685294952633515,5,0.08543778801843313,0.005996098315879865,5,4.23963133640553,2.290280855260678,5,0.02811059907834098,0.0026870746059194897,5,2170.0,0.0,5,136.0,0.0,5,51.8,1.3038404810405297,5,2024.8,4.9699094559156585,5,9.2,4.969909455915671,5,84.2,1.3038404810405297,5
pooled_snapshot,GATv2,ethereum,margin,0.25,0.525581095386104,0.014100174693338994,5,0.5205250909872694,0.019279783968071854,5,0.39264705882352935,0.027314964148539286,5,0.8024953327384754,0.14936853736424943,5,0.5383629867118936,0.04566901683750542,5,0.2509677419354839,0.01009942293213784,5,7.557603686635945,8.550839947694095,5,0.032165898617511464,0.010239336832674353,5,2170.0,0.0,5,136.0,0.0,5,53.4,3.7148351242013424,5,2017.6,18.55532268649618,5,16.4,18.555322686496186,5,82.6,3.714835124201341,5
pooled_snapshot,GATv2,ethereum,margin,0.5,0.5234803368949351,0.015175145719294228,5,0.5162522531832482,0.021467611395103375,5,0.3941176470588235,0.02681556254236835,5,0.779026770465988,0.15296622342665508,5,0.5300267632727669,0.048104084926432956,5,0.5471889400921659,0.025443046941867716,5,8.663594470046082,9.102986500433834,5,0.03336405529953912,0.010766065849858888,5,2170.0,0.0,5,136.0,0.0,5,53.6,3.646916505762094,5,2015.2,19.753480705941417,5,18.8,19.75348070594142,5,82.4,3.6469165057620936,5
pooled_snapshot,GATv2,ethereum,margin,0.75,0.5229575716023281,0.015535213966432662,5,0.5177201611680765,0.021814938567966787,5,0.39558823529411763,0.026203720119419814,5,0.7796328310720486,0.15307605847163208,5,0.5313145145063565,0.048341754808721195,5,0.827373271889401,0.01894620193649342,5,8.663594470046082,9.102986500433834,5,0.03345622119815664,0.010731491066368646,5,2170.0,0.0,5,136.0,0.0,5,53.8,3.563705936241092,5,2015.2,19.753480705941417,5,18.8,19.75348070594142,5,82.2,3.563705936241093,5
pooled_snapshot,GATv2,ethereum,margin,1.0,0.544342667751073,0.014371295374135673,5,0.516312951720628,0.02136129154019459,5,0.4,0.027805397648807417,5,0.7565089086472621,0.14654462270506702,5,0.5253272074543233,0.045510485853815265,5,1.0,0.0,5,9.67741935483871,8.84624600020851,5,0.0347465437788018,0.010511560133023295,5,2170.0,0.0,5,136.0,0.0,5,54.4,3.7815340802378077,5,2013.0,19.19635382045248,5,21.0,19.196353820452465,5,81.6,3.7815340802378072,5
pooled_snapshot,GATv2,ethereum,random,0.0,0.4485700273497496,0.044992984225267936,5,0.4945753607136611,0.03142300936848763,5,0.49558823529411766,0.04550514249048769,5,0.5052710747303507,0.08110726385881023,5,0.46390451513144243,0.03480200912349093,5,0.0,0.0,5,32.44239631336406,13.865531644491968,5,0.06350230414746541,0.016297344317383715,5,2170.0,0.0,5,136.0,0.0,5,67.4,6.18869937870632,5,1963.6,30.088203668547585,5,70.4,30.08820366854758,5,68.6,6.18869937870632,5
pooled_snapshot,GATv2,ethereum,random,0.1,0.4524938341891939,0.04319165132284527,5,0.4932422998788444,0.029880725250508357,5,0.4911764705882353,0.047891429340009666,5,0.5066441829308196,0.07701750652362116,5,0.4626580658719278,0.033037782907431174,5,0.09861751152073728,0.004563272128268175,5,31.797235023041473,13.014751007430325,5,0.06258064516129028,0.01555658868809431,5,2170.0,0.0,5,136.0,0.0,5,66.8,6.513234390241324,5,1965.0,28.242009686123776,5,69.0,28.242009686123808,5,69.2,6.513234390241324,5
pooled_snapshot,GATv2,ethereum,random,0.25,0.46356856848169875,0.03353734247138596,5,0.4901939897875547,0.026535480396496364,5,0.4862745098039215,0.04494726501206263,5,0.502557683875477,0.06661167966783225,5,0.45878497679860136,0.0303606936910985,5,0.2508141321044547,0.008000550947165987,5,31.428571428571427,10.624982259625085,5,0.061904761904761865,0.012975712567612232,5,2170.0,0.0,5,136.0,0.0,5,66.13333333333333,6.112828041640517,5,1965.8,23.056211503386525,5,68.2,23.05621150338644,5,69.86666666666666,6.112828041640517,5
pooled_snapshot,GATv2,ethereum,random,0.5,0.48846967354456916,0.025383705733708482,5,0.4921175106823318,0.02133939357009221,5,0.48186274509803917,0.04832846095633818,5,0.5104182378428593,0.05788289966409626,5,0.46126391011895135,0.024793940987723844,5,0.5020276497695852,0.006730319692887428,5,29.923195084485407,9.14939664217587,5,0.0601228878648233,0.011845698585851544,5,2170.0,0.0,5,136.0,0.0,5,65.53333333333333,6.572670690061996,5,1969.0666666666668,19.854190713521586,5,64.93333333333332,19.854190713521636,5,70.46666666666667,6.5726706900619885,5
pooled_snapshot,GATv2,ethereum,random,0.75,0.5200123214145929,0.0214631010701415,5,0.47972901541467045,0.027999890338742332,5,0.4073529411764706,0.054238152633330976,5,0.6266145929852371,0.10997427091996065,5,0.47092467458264375,0.029819235227906263,5,0.750937019969278,0.00821173502882286,5,18.12596006144393,9.074688471730832,5,0.043655913978494554,0.01198668605435766,5,2170.0,0.0,5,136.0,0.0,5,55.4,7.376388758133015,5,1994.6666666666667,19.69207398365598,5,39.333333333333336,19.692073983655906,5,80.6,7.376388758133011,5
pooled_snapshot,GATv2,ethereum,random,1.0,0.544342667751073,0.014371295374135673,5,0.516312951720628,0.02136129154019459,5,0.4,0.027805397648807424,5,0.756508908647262,0.14654462270506702,5,0.5253272074543233,0.04551048585381524,5,1.0,0.0,5,9.677419354838708,8.846246000208511,5,0.034746543778801806,0.010511560133023299,5,2170.0,0.0,5,136.0,0.0,5,54.4,3.7815340802378077,5,2013.0,19.19635382045248,5,21.0,19.196353820452465,5,81.6,3.7815340802378072,5
pooled_snapshot,GATv2,ethereum,threshold_only,0.0,0.4485700273497496,0.04499298422526793,5,0.2949295784082896,0.008202320514433968,5,0.18529411764705878,0.008054743492722994,5,0.7466673581658368,0.1319096527403964,5,0.3525063767252347,0.0342388876256416,5,0.0,0.0,5,4.516129032258065,3.7635976016765755,5,0.01612903225806448,0.0041856917337753366,5,2170.0,0.0,5,136.0,0.0,5,25.2,1.0954451150103321,5,2024.2,8.167006795638162,5,9.8,8.167006795638168,5,110.8,1.095445115010332,5
pooled_snapshot,GATv2,polygon,entropy,0.0,,,0,,,0,,,0,0.0,0.0,5,,,0,0.0,0.0,5,37.960339943342774,19.687875755120746,5,0.0379603399433427,0.019687875755120786,5,353.0,0.0,5,0.0,0.0,5,0.0,0.0,5,339.6,6.949820141557618,5,13.4,6.9498201415576215,5,0.0,0.0,5
pooled_snapshot,GATv2,polygon,entropy,0.1,,,0,,,0,,,0,0.0,0.0,5,,,0,0.06288951841359772,0.014774396385728403,5,6.798866855524079,5.8743459924441135,5,0.00679886685552408,0.005874345992444114,5,353.0,0.0,5,0.0,0.0,5,0.0,0.0,5,350.6,2.07364413533278,5,2.4,2.073644135332772,5,0.0,0.0,5
pooled_snapshot,GATv2,polygon,entropy,0.25,,,0,,,0,,,0,0.0,0.0,5,,,0,0.24362606232294612,0.03638876084607688,5,7.365439093484419,5.522263084877601,5,0.00736543909348442,0.005522263084877601,5,353.0,0.0,5,0.0,0.0,5,0.0,0.0,5,350.4,1.9493588689617876,5,2.6,1.9493588689617927,5,0.0,0.0,5
pooled_snapshot,GATv2,polygon,entropy,0.5,,,0,,,0,,,0,0.0,0.0,5,,,0,0.6028328611898017,0.02933071751964823,5,7.365439093484419,5.522263084877601,5,0.00736543909348442,0.005522263084877601,5,353.0,0.0,5,0.0,0.0,5,0.0,0.0,5,350.4,1.9493588689617876,5,2.6,1.9493588689617927,5,0.0,0.0,5
pooled_snapshot,GATv2,polygon,entropy,0.75,,,0,,,0,,,0,0.0,0.0,5,,,0,0.858356940509915,0.03363836285279855,5,7.365439093484419,5.522263084877601,5,0.00736543909348442,0.005522263084877601,5,353.0,0.0,5,0.0,0.0,5,0.0,0.0,5,350.4,1.9493588689617876,5,2.6,1.9493588689617927,5,0.0,0.0,5
pooled_snapshot,GATv2,polygon,entropy,1.0,,,0,,,0,,,0,0.0,0.0,5,,,0,1.0,0.0,5,7.365439093484419,5.522263084877601,5,0.00736543909348442,0.005522263084877601,5,353.0,0.0,5,0.0,0.0,5,0.0,0.0,5,350.4,1.9493588689617876,5,2.6,1.9493588689617927,5,0.0,0.0,5
pooled_snapshot,GATv2,polygon,full,1.0,,,0,,,0,,,0,0.0,0.0,5,,,0,1.0,0.0,5,7.365439093484419,5.522263084877601,5,0.00736543909348442,0.005522263084877601,5,353.0,0.0,5,0.0,0.0,5,0.0,0.0,5,350.4,1.9493588689617876,5,2.6,1.9493588689617927,5,0.0,0.0,5
pooled_snapshot,GATv2,polygon,learned_benefit,0.0,,,0,,,0,,,0,0.0,0.0,5,,,0,0.0,0.0,5,37.960339943342774,19.687875755120746,5,0.0379603399433427,0.019687875755120786,5,353.0,0.0,5,0.0,0.0,5,0.0,0.0,5,339.6,6.949820141557618,5,13.4,6.9498201415576215,5,0.0,0.0,5
pooled_snapshot,GATv2,polygon,learned_benefit,0.1,,,0,,,0,,,0,0.0,0.0,5,,,0,0.09801699716713874,0.06952351579292002,5,21.52974504249292,13.226762073573656,5,0.02152974504249286,0.013226762073573624,5,353.0,0.0,5,0.0,0.0,5,0.0,0.0,5,345.4,4.669047011971502,5,7.6,4.669047011971501,5,0.0,0.0,5
pooled_snapshot,GATv2,polygon,learned_benefit,0.25,,,0,,,0,,,0,0.0,0.0,5,,,0,0.25325779036827195,0.06815371845301109,5,8.498583569405099,4.9066595115265645,5,0.0084985835694051,0.004906659511526565,5,353.0,0.0,5,0.0,0.0,5,0.0,0.0,5,350.0,1.7320508075688783,5,3.0,1.7320508075688772,5,0.0,0.0,5
pooled_snapshot,GATv2,polygon,learned_benefit,0.5,,,0,,,0,,,0,0.0,0.0,5,,,0,0.6050991501416431,0.03391160850231254,5,7.365439093484419,5.522263084877601,5,0.00736543909348442,0.005522263084877601,5,353.0,0.0,5,0.0,0.0,5,0.0,0.0,5,350.4,1.9493588689617876,5,2.6,1.9493588689617927,5,0.0,0.0,5
pooled_snapshot,GATv2,polygon,learned_benefit,0.75,,,0,,,0,,,0,0.0,0.0,5,,,0,0.8662889518413598,0.03348293329652666,5,7.365439093484419,5.522263084877601,5,0.00736543909348442,0.005522263084877601,5,353.0,0.0,5,0.0,0.0,5,0.0,0.0,5,350.4,1.9493588689617876,5,2.6,1.9493588689617927,5,0.0,0.0,5
pooled_snapshot,GATv2,polygon,learned_benefit,1.0,,,0,,,0,,,0,0.0,0.0,5,,,0,1.0,0.0,5,7.365439093484419,5.522263084877601,5,0.00736543909348442,0.005522263084877601,5,353.0,0.0,5,0.0,0.0,5,0.0,0.0,5,350.4,1.9493588689617876,5,2.6,1.9493588689617927,5,0.0,0.0,5
pooled_snapshot,GATv2,polygon,local,0.0,,,0,,,0,,,0,0.0,0.0,5,,,0,0.0,0.0,5,37.960339943342774,19.687875755120746,5,0.0379603399433427,0.019687875755120786,5,353.0,0.0,5,0.0,0.0,5,0.0,0.0,5,339.6,6.949820141557618,5,13.4,6.9498201415576215,5,0.0,0.0,5
pooled_snapshot,GATv2,polygon,margin,0.0,,,0,,,0,,,0,0.0,0.0,5,,,0,0.0,0.0,5,37.960339943342774,19.687875755120746,5,0.0379603399433427,0.019687875755120786,5,353.0,0.0,5,0.0,0.0,5,0.0,0.0,5,339.6,6.949820141557618,5,13.4,6.9498201415576215,5,0.0,0.0,5
pooled_snapshot,GATv2,polygon,margin,0.1,,,0,,,0,,,0,0.0,0.0,5,,,0,0.06912181303116141,0.019687875755120713,5,6.798866855524079,1.551621975935315,5,0.00679886685552408,0.0015516219759353148,5,353.0,0.0,5,0.0,0.0,5,0.0,0.0,5,350.6,0.54772255750517,5,2.4,0.5477225575051661,5,0.0,0.0,5
pooled_snapshot,GATv2,polygon,margin,0.25,,,0,,,0,,,0,0.0,0.0,5,,,0,0.2628895184135977,0.04222768973192998,5,7.365439093484419,1.551621975935315,5,0.00736543909348442,0.001551621975935315,5,353.0,0.0,5,0.0,0.0,5,0.0,0.0,5,350.4,0.5477225575051733,5,2.6,0.5477225575051661,5,0.0,0.0,5
pooled_snapshot,GATv2,polygon,margin,0.5,,,0,,,0,,,0,0.0,0.0,5,,,0,0.6396600566572237,0.03220005039860128,5,7.365439093484419,2.5337880764870135,5,0.00736543909348442,0.0025337880764870146,5,353.0,0.0,5,0.0,0.0,5,0.0,0.0,5,350.4,0.8944271909999183,5,2.6,0.8944271909999159,5,0.0,0.0,5
pooled_snapshot,GATv2,polygon,margin,0.75,,,0,,,0,,,0,0.0,0.0,5,,,0,0.8878186968838527,0.031710335000466126,5,7.365439093484419,2.5337880764870135,5,0.00736543909348442,0.0025337880764870146,5,353.0,0.0,5,0.0,0.0,5,0.0,0.0,5,350.4,0.8944271909999183,5,2.6,0.8944271909999159,5,0.0,0.0,5
pooled_snapshot,GATv2,polygon,margin,1.0,,,0,,,0,,,0,0.0,0.0,5,,,0,1.0,0.0,5,7.365439093484419,5.522263084877601,5,0.00736543909348442,0.005522263084877601,5,353.0,0.0,5,0.0,0.0,5,0.0,0.0,5,350.4,1.9493588689617876,5,2.6,1.9493588689617927,5,0.0,0.0,5
pooled_snapshot,GATv2,polygon,random,0.0,,,0,,,0,,,0,0.0,0.0,5,,,0,0.0,0.0,5,37.960339943342774,19.687875755120746,5,0.0379603399433427,0.019687875755120786,5,353.0,0.0,5,0.0,0.0,5,0.0,0.0,5,339.6,6.949820141557618,5,13.4,6.9498201415576215,5,0.0,0.0,5
pooled_snapshot,GATv2,polygon,random,0.1,,,0,,,0,,,0,0.0,0.0,5,,,0,0.09310670443814911,0.008669974641086327,5,36.63833805476865,19.15995449938314,5,0.03663833805476859,0.01915995449938316,5,353.0,0.0,5,0.0,0.0,5,0.0,0.0,5,340.06666666666666,6.763463938282238,5,12.933333333333334,6.763463938282249,5,0.0,0.0,5
pooled_snapshot,GATv2,polygon,random,0.25,,,0,,,0,,,0,0.0,0.0,5,,,0,0.2428706326723323,0.016936730239676866,5,33.42776203966006,18.366322693618166,5,0.03342776203965997,0.01836632269361818,5,353.0,0.0,5,0.0,0.0,5,0.0,0.0,5,341.2,6.483311910847218,5,11.8,6.483311910847212,5,0.0,0.0,5
pooled_snapshot,GATv2,polygon,random,0.5,,,0,,,0,,,0,0.0,0.0,5,,,0,0.4906515580736544,0.011184919826127305,5,30.783758262511803,17.265224433541086,5,0.030783758262511736,0.017265224433541088,5,353.0,0.0,5,0.0,0.0,5,0.0,0.0,5,342.1333333333333,6.09462422504,5,10.866666666666667,6.094624225040002,5,0.0,0.0,5
pooled_snapshot,GATv2,polygon,random,0.75,,,0,,,0,,,0,0.0,0.0,5,,,0,0.7452313503305005,0.013209897649944145,5,15.486307837582626,6.763363391678937,5,0.015486307837582586,0.006763363391678905,5,353.0,0.0,5,0.0,0.0,5,0.0,0.0,5,347.5333333333333,2.387467277262646,5,5.466666666666667,2.3874672772626644,5,0.0,0.0,5
pooled_snapshot,GATv2,polygon,random,1.0,,,0,,,0,,,0,0.0,0.0,5,,,0,1.0,0.0,5,7.365439093484419,5.522263084877601,5,0.00736543909348442,0.005522263084877601,5,353.0,0.0,5,0.0,0.0,5,0.0,0.0,5,350.4,1.9493588689617876,5,2.6,1.9493588689617927,5,0.0,0.0,5
pooled_snapshot,GATv2,polygon,threshold_only,0.0,,,0,,,0,,,0,0.0,0.0,5,,,0,0.0,0.0,5,8.498583569405099,4.9066595115265645,5,0.0084985835694051,0.004906659511526565,5,353.0,0.0,5,0.0,0.0,5,0.0,0.0,5,350.0,1.7320508075688803,5,3.0,1.7320508075688772,5,0.0,0.0,5
pooled_snapshot,GATv2,pooled,entropy,0.0,0.32887562301148476,0.040103951149372694,5,0.3977676756226816,0.044039963002218394,5,0.44223602484472047,0.044660069595646126,5,0.37094651541322204,0.0748154939367823,5,0.3714396995459887,0.04415297458627976,5,0.0,0.0,5,35.526315789473685,14.702798501633099,5,0.055043859649122784,0.01595738530812007,5,3648.0,0.0,5,161.0,0.0,5,71.2,7.1902712048990205,5,3357.4,53.63580893395756,5,129.6,53.63580893395755,5,89.8,7.1902712048990205,5
pooled_snapshot,GATv2,pooled,entropy,0.1,0.4140140996530232,0.024181579891688152,5,0.451109546430778,0.015756749609917867,5,0.3428571428571428,0.02298975841406426,5,0.6840525696729824,0.13905541425166712,5,0.464780478582213,0.03962944142569487,5,0.08179824561403506,0.0021981162496413575,5,7.949561403508771,5.095293392390653,5,0.02308114035087716,0.006047499532561987,5,3648.0,0.0,5,161.0,0.0,5,55.2,3.701351104664349,5,3458.0,18.58763029544112,5,29.0,18.587630295441105,5,105.8,3.7013511046643486,5
pooled_snapshot,GATv2,pooled,entropy,0.25,0.4086172917556935,0.018260679293396254,5,0.4438008181373661,0.020192888057058204,5,0.3428571428571428,0.02685931467135359,5,0.6602038111507005,0.14908782074116347,5,0.45444776696198064,0.044259423294931474,5,0.24226973684210523,0.0035657045047169135,5,9.155701754385964,6.651645126361009,5,0.024287280701754337,0.0077645012899988895,5,3648.0,0.0,5,161.0,0.0,5,55.2,4.32434966208793,5,3453.6,24.26520142096498,5,33.4,24.26520142096496,5,105.8,4.324349662087931,5
pooled_snapshot,GATv2,pooled,entropy,0.5,0.4113146470694488,0.01733431004976608,5,0.4423940564566317,0.022562382425473846,5,0.3428571428571428,0.02685931467135359,5,0.6567799225112753,0.15476152500225163,5,0.45272237862940745,0.04717590902271277,5,0.5396929824561403,0.025981289657765277,5,9.429824561403509,7.176051325284318,5,0.024561403508771878,0.00828422525416294,5,3648.0,0.0,5,161.0,0.0,5,55.2,4.32434966208793,5,3452.6,26.17823523463721,5,34.4,26.178235234637185,5,105.8,4.324349662087931,5
pooled_snapshot,GATv2,pooled,entropy,0.75,0.41065135225457733,0.017556585038341312,5,0.4423940564566317,0.022562382425473846,5,0.3428571428571428,0.02685931467135359,5,0.6567799225112753,0.15476152500225163,5,0.45272237862940745,0.04717590902271277,5,0.8144736842105263,0.016888501247771148,5,9.429824561403509,7.176051325284318,5,0.024561403508771878,0.00828422525416294,5,3648.0,0.0,5,161.0,0.0,5,55.2,4.32434966208793,5,3452.6,26.17823523463721,5,34.4,26.178235234637185,5,105.8,4.324349662087931,5
pooled_snapshot,GATv2,pooled,entropy,1.0,0.4325890341203288,0.020185595994243185,5,0.4423940564566317,0.022562382425473846,5,0.3428571428571428,0.02685931467135359,5,0.6567799225112753,0.15476152500225163,5,0.45272237862940745,0.04717590902271277,5,1.0,0.0,5,9.429824561403509,7.176051325284318,5,0.024561403508771878,0.00828422525416294,5,3648.0,0.0,5,161.0,0.0,5,55.2,4.32434966208793,5,3452.6,26.17823523463721,5,34.4,26.178235234637185,5,105.8,4.324349662087931,5
pooled_snapshot,GATv2,pooled,full,1.0,0.4325890341203288,0.020185595994243185,5,0.4423940564566317,0.022562382425473846,5,0.3428571428571428,0.02685931467135359,5,0.6567799225112753,0.15476152500225163,5,0.45272237862940745,0.04717590902271277,5,1.0,0.0,5,9.429824561403509,7.176051325284318,5,0.024561403508771878,0.00828422525416294,5,3648.0,0.0,5,161.0,0.0,5,55.2,4.32434966208793,5,3452.6,26.17823523463721,5,34.4,26.178235234637185,5,105.8,4.324349662087931,5
pooled_snapshot,GATv2,pooled,learned_benefit,0.0,0.32887562301148476,0.040103951149372694,5,0.3977676756226816,0.044039963002218394,5,0.44223602484472047,0.044660069595646126,5,0.37094651541322204,0.0748154939367823,5,0.3714396995459887,0.04415297458627976,5,0.0,0.0,5,35.526315789473685,14.702798501633099,5,0.055043859649122784,0.01595738530812007,5,3648.0,0.0,5,161.0,0.0,5,71.2,7.1902712048990205,5,3357.4,53.63580893395756,5,129.6,53.63580893395755,5,89.8,7.1902712048990205,5
pooled_snapshot,GATv2,pooled,learned_benefit,0.1,0.40554296690236075,0.07091959527174237,5,0.42985621761467974,0.029548941435803742,5,0.4124223602484472,0.04426963895951671,5,0.46058247047275264,0.07442470490300818,5,0.408243392018753,0.03259044696893752,5,0.08042763157894735,0.028953130656551244,5,22.697368421052634,9.832949774003701,5,0.040899122807017504,0.011430296535171944,5,3648.0,0.0,5,161.0,0.0,5,66.4,7.127411872482185,5,3404.2,35.87060077556553,5,82.8,35.8706007755655,5,94.6,7.127411872482185,5
pooled_snapshot,GATv2,pooled,learned_benefit,0.25,0.44456086528053246,0.019180138842154585,5,0.4396197955957879,0.020675203393239222,5,0.34409937888198755,0.024688952688635756,5,0.6284003884142146,0.12197515379318458,5,0.4443789895171185,0.039157962477007965,5,0.22379385964912277,0.023660149104027358,5,9.923245614035087,5.521380462967204,5,0.02510964912280696,0.00646255781771004,5,3648.0,0.0,5,161.0,0.0,5,55.4,3.9749213828703587,5,3450.8,20.141995928904418,5,36.2,20.141995928904365,5,105.6,3.9749213828703565,5
pooled_snapshot,GATv2,pooled,learned_benefit,0.5,0.43370680185951177,0.02063048365211159,5,0.4427980478920134,0.022715057077812392,5,0.3428571428571428,0.02685931467135359,5,0.6594240261601383,0.15803624488798246,5,0.4535973237737153,0.048027234337821294,5,0.5173793859649123,0.019462333205955466,5,9.375,7.235492132194232,5,0.02450657894736836,0.008347478328710519,5,3648.0,0.0,5,161.0,0.0,5,55.2,4.32434966208793,5,3452.8,26.395075298244542,5,34.2,26.395075298244556,5,105.8,4.324349662087931,5
pooled_snapshot,GATv2,pooled,learned_benefit,0.75,0.43240324545108005,0.019899574796278522,5,0.4423940564566317,0.022562382425473846,5,0.3428571428571428,0.02685931467135359,5,0.6567799225112753,0.15476152500225163,5,0.45272237862940745,0.04717590902271277,5,0.8029605263157895,0.008723395749731471,5,9.429824561403509,7.176051325284318,5,0.024561403508771878,0.00828422525416294,5,3648.0,0.0,5,161.0,0.0,5,55.2,4.32434966208793,5,3452.6,26.17823523463721,5,34.4,26.178235234637185,5,105.8,4.324349662087931,5
pooled_snapshot,GATv2,pooled,learned_benefit,1.0,0.4325890341203288,0.020185595994243185,5,0.4423940564566317,0.022562382425473846,5,0.3428571428571428,0.02685931467135359,5,0.6567799225112753,0.15476152500225163,5,0.45272237862940745,0.04717590902271277,5,1.0,0.0,5,9.429824561403509,7.176051325284318,5,0.024561403508771878,0.00828422525416294,5,3648.0,0.0,5,161.0,0.0,5,55.2,4.32434966208793,5,3452.6,26.17823523463721,5,34.4,26.178235234637185,5,105.8,4.324349662087931,5
pooled_snapshot,GATv2,pooled,local,0.0,0.32887562301148476,0.040103951149372694,5,0.3977676756226816,0.044039963002218394,5,0.44223602484472047,0.044660069595646126,5,0.37094651541322204,0.0748154939367823,5,0.3714396995459887,0.04415297458627976,5,0.0,0.0,5,35.526315789473685,14.702798501633099,5,0.055043859649122784,0.01595738530812007,5,3648.0,0.0,5,161.0,0.0,5,71.2,7.1902712048990205,5,3357.4,53.63580893395756,5,129.6,53.63580893395755,5,89.8,7.1902712048990205,5
pooled_snapshot,GATv2,pooled,margin,0.0,0.32887562301148476,0.040103951149372694,5,0.3977676756226816,0.044039963002218394,5,0.44223602484472047,0.044660069595646126,5,0.37094651541322204,0.0748154939367823,5,0.3714396995459887,0.04415297458627976,5,0.0,0.0,5,35.526315789473685,14.702798501633099,5,0.055043859649122784,0.01595738530812007,5,3648.0,0.0,5,161.0,0.0,5,71.2,7.1902712048990205,5,3357.4,53.63580893395756,5,129.6,53.63580893395755,5,89.8,7.1902712048990205,5
pooled_snapshot,GATv2,pooled,margin,0.1,0.4128504088976316,0.024234447506413192,5,0.4561726752567658,0.012506868334921198,5,0.32795031055900614,0.008098388080997086,5,0.7536178989139516,0.07072530699468577,5,0.48274972612222217,0.02365734893192012,5,0.08234649122807014,0.004414143308246489,5,4.879385964912281,1.853118835653023,5,0.01935307017543856,0.002029249509136168,5,3648.0,0.0,5,161.0,0.0,5,52.8,1.3038404810405297,5,3469.2,6.760177512462274,5,17.8,6.760177512462229,5,108.2,1.3038404810405297,5
pooled_snapshot,GATv2,pooled,margin,0.25,0.4074807192013531,0.015242915484851129,5,0.44934991727939033,0.021718373589734708,5,0.3378881987577639,0.023073510088207082,5,0.7029739814279288,0.14916793108384457,5,0.46756887989092,0.04662059447167743,5,0.25482456140350873,0.006693874643059584,5,7.620614035087719,6.949432169276642,5,0.022532894736842078,0.007950506598376088,5,3648.0,0.0,5,161.0,0.0,5,54.4,3.7148351242013424,5,3459.2,25.351528553521238,5,27.8,25.351528553521185,5,106.6,3.714835124201341,5
pooled_snapshot,GATv2,pooled,margin,0.5,0.40702917240043995,0.016597879662725048,5,0.44510604651164487,0.024565368193526078,5,0.3391304347826086,0.022651655315292497,5,0.6811863463334051,0.15819585572028574,5,0.4597825200305735,0.050785039852890936,5,0.5695723684210526,0.01726908415642158,5,8.49780701754386,7.301656031725441,5,0.0234649122807017,0.008275149632185312,5,3648.0,0.0,5,161.0,0.0,5,54.6,3.646916505762094,5,3456.0,26.63644120373443,5,31.0,26.636441203734403,5,106.4,3.6469165057620936,5
pooled_snapshot,GATv2,pooled,margin,0.75,0.4062272636053918,0.016627492405875525,5,0.4464266143558179,0.025389532606308905,5,0.34037267080745337,0.022134819479758334,5,0.681909329590635,0.15851755897810993,5,0.46096065501482436,0.05137967043443228,5,0.8426535087719298,0.01528096352211486,5,8.49780701754386,7.301656031725441,5,0.023519736842105222,0.008245129202571493,5,3648.0,0.0,5,161.0,0.0,5,54.8,3.563705936241092,5,3456.0,26.63644120373443,5,31.0,26.636441203734403,5,106.2,3.563705936241093,5
pooled_snapshot,GATv2,pooled,margin,1.0,0.4325890341203288,0.020185595994243185,5,0.4423940564566317,0.022562382425473846,5,0.3428571428571428,0.02685931467135359,5,0.6567799225112753,0.15476152500225163,5,0.45272237862940745,0.04717590902271277,5,1.0,0.0,5,9.429824561403509,7.176051325284318,5,0.024561403508771878,0.00828422525416294,5,3648.0,0.0,5,161.0,0.0,5,55.2,4.32434966208793,5,3452.6,26.17823523463721,5,34.4,26.178235234637185,5,105.8,4.324349662087931,5
pooled_snapshot,GATv2,pooled,random,0.0,0.32887562301148476,0.040103951149372694,5,0.39776767562268167,0.04403996300221841,5,0.4422360248447205,0.044660069595646126,5,0.3709465154132221,0.0748154939367823,5,0.3714396995459887,0.04415297458627976,5,0.0,0.0,5,35.526315789473685,14.702798501633099,5,0.055043859649122784,0.01595738530812007,5,3648.0,0.0,5,161.0,0.0,5,71.2,7.1902712048990205,5,3357.4,53.63580893395756,5,129.6,53.63580893395755,5,89.8,7.1902712048990205,5
pooled_snapshot,GATv2,pooled,random,0.1,0.33565374766386324,0.04312731123884829,5,0.3982898523094735,0.04345951599317339,5,0.43768115942028984,0.04697557863649455,5,0.3754557510432554,0.07594493072378984,5,0.37207639505491097,0.04409513962546912,5,0.09819078947368418,0.005624752411249112,5,34.484649122807014,14.242021646864398,5,0.053801169590643225,0.015593227160023078,5,3648.0,0.0,5,161.0,0.0,5,70.46666666666667,7.56306816047562,5,3361.2,51.95489496776148,5,125.8,51.95489496776132,5,90.53333333333333,7.56306816047562,5
pooled_snapshot,GATv2,pooled,random,0.25,0.3498123829681846,0.03766790939659117,5,0.3995250689261354,0.039839145293072684,5,0.4335403726708075,0.044779885418604906,5,0.3789220951950102,0.0714885055153463,5,0.3729526890662705,0.04151335766059442,5,0.249141081871345,0.00665045256344805,5,33.187134502923975,12.132218352192458,5,0.052320906432748504,0.013421539603802095,5,3648.0,0.0,5,161.0,0.0,5,69.8,7.209561552395386,5,3365.9333333333334,44.25833254879804,5,121.06666666666668,44.25833254879808,5,91.2,7.209561552395386,5
pooled_snapshot,GATv2,pooled,random,0.5,0.3729804727039127,0.032215914788261656,5,0.40399302523479275,0.03242084478343837,5,0.42732919254658386,0.044515864925995074,5,0.391844276022873,0.06826183518912508,5,0.3778436463563675,0.034682203644194304,5,0.4999451754385965,0.0052667576982310315,5,30.866228070175442,11.05843854413237,5,0.049725877192982416,0.012606569831237598,5,3648.0,0.0,5,161.0,0.0,5,68.8,7.1670542530852055,5,3374.4,40.34118380899496,5,112.6,40.341183808994884,5,92.2,7.167054253085203,5
pooled_snapshot,GATv2,pooled,random,0.75,0.40404814287801294,0.025404521495959155,5,0.4032264064894796,0.02889870365992528,5,0.3565217391304348,0.05317727898882979,5,0.505194235242509,0.08967285434615262,5,0.39367431862947183,0.027177073367674307,5,0.7506030701754386,0.006501585846826076,5,18.128654970760234,7.338326650747431,5,0.033863304093567206,0.00928665605617015,5,3648.0,0.0,5,161.0,0.0,5,57.4,8.5615419172016,5,3420.8666666666663,26.770215621926802,5,66.13333333333334,26.77021562192663,5,103.6,8.561541917201591,5
pooled_snapshot,GATv2,pooled,random,1.0,0.4325890341203288,0.02018559599424317,5,0.4423940564566317,0.02256238242547386,5,0.3428571428571428,0.02685931467135359,5,0.6567799225112753,0.1547615250022516,5,0.45272237862940745,0.04717590902271277,5,1.0,0.0,5,9.42982456140351,7.176051325284318,5,0.024561403508771878,0.00828422525416294,5,3648.0,0.0,5,161.0,0.0,5,55.2,4.32434966208793,5,3452.6,26.17823523463721,5,34.4,26.178235234637185,5,105.8,4.324349662087931,5
pooled_snapshot,GATv2,pooled,threshold_only,0.0,0.32887562301148476,0.040103951149372694,5,0.2532385972545007,0.013893607923385362,5,0.1614906832298136,0.004391967585009615,5,0.6194976556821596,0.14981831356508393,5,0.29913514726722673,0.043350391230960905,5,0.0,0.0,5,5.208333333333333,4.224516175280273,5,0.01233552631578942,0.004373096527835503,5,3648.0,0.0,5,161.0,0.0,5,26.0,0.7071067811865476,5,3468.0,15.411035007422411,5,19.0,15.41103500742244,5,135.0,0.7071067811865476,5
pooled_snapshot,GIN,bsc,entropy,0.0,0.27730722026042975,0.016913549060620744,5,0.3099158077881482,0.08113954836586984,5,0.248,0.09121403400793103,5,0.4313852813852813,0.08858474676965766,5,0.3131658839040094,0.079385300910395,5,0.0,0.0,5,7.288888888888889,2.3851391759997753,5,0.01279999999999994,0.0038541303802095686,5,1125.0,0.0,5,25.0,0.0,5,6.2,2.280350850198276,5,1091.8,2.6832815729997295,5,8.2,2.6832815729997477,5,18.8,2.280350850198276,5
pooled_snapshot,GIN,bsc,entropy,0.1,0.1839016916037844,0.033670519793193805,5,0.19811252268602536,0.15093660035953504,5,0.192,0.19266551326067674,5,0.3108189655172414,0.06410114640837569,5,0.20940400188700284,0.12990387910072893,5,0.04871111111111106,0.005083014561954072,5,8.88888888888889,8.525922708111501,5,0.0131555555555555,0.012779613394720455,5,1125.0,0.0,5,25.0,0.0,5,4.8,4.8166378315169185,5,1090.0,9.591663046625438,5,10.0,9.591663046625438,5,20.2,4.8166378315169185,5
pooled_snapshot,GIN,bsc,entropy,0.25,0.1807889586048829,0.04512047757453793,5,0.1921795083319584,0.1485193182329474,5,0.192,0.19266551326067674,5,0.275,0.04074501503251655,5,0.19785624472212068,0.130487539339151,5,0.17759999999999995,0.014489161551626661,5,9.955555555555554,8.853261936347543,5,0.014222222222222181,0.013063945294843617,5,1125.0,0.0,5,25.0,0.0,5,4.8,4.8166378315169185,5,1088.8,9.959919678390978,5,11.2,9.959919678390985,5,20.2,4.8166378315169185,5
pooled_snapshot,GIN,bsc,entropy,0.5,0.17593669185438507,0.04531942558441947,5,0.1921795083319584,0.1485193182329474,5,0.192,0.19266551326067674,5,0.275,0.04074501503251655,5,0.19785624472212068,0.130487539339151,5,0.4888888888888888,0.03239875016641351,5,9.955555555555554,8.853261936347543,5,0.014222222222222181,0.013063945294843617,5,1125.0,0.0,5,25.0,0.0,5,4.8,4.8166378315169185,5,1088.8,9.959919678390978,5,11.2,9.959919678390985,5,20.2,4.8166378315169185,5
pooled_snapshot,GIN,bsc,entropy,0.75,0.17574891650724056,0.04488160874905636,5,0.1921795083319584,0.1485193182329474,5,0.192,0.19266551326067674,5,0.275,0.04074501503251655,5,0.19785624472212068,0.130487539339151,5,0.8072888888888888,0.015155490387608389,5,9.955555555555554,8.853261936347543,5,0.014222222222222181,0.013063945294843617,5,1125.0,0.0,5,25.0,0.0,5,4.8,4.8166378315169185,5,1088.8,9.959919678390978,5,11.2,9.959919678390985,5,20.2,4.8166378315169185,5
pooled_snapshot,GIN,bsc,entropy,1.0,0.17721122193088135,0.04467224008234153,5,0.1921795083319584,0.1485193182329474,5,0.192,0.19266551326067674,5,0.275,0.04074501503251655,5,0.19785624472212068,0.130487539339151,5,1.0,0.0,5,9.955555555555554,8.853261936347543,5,0.014222222222222181,0.013063945294843617,5,1125.0,0.0,5,25.0,0.0,5,4.8,4.8166378315169185,5,1088.8,9.959919678390978,5,11.2,9.959919678390985,5,20.2,4.8166378315169185,5
pooled_snapshot,GIN,bsc,full,1.0,0.17721122193088135,0.04467224008234153,5,0.1921795083319584,0.1485193182329474,5,0.192,0.19266551326067674,5,0.275,0.04074501503251655,5,0.19785624472212068,0.130487539339151,5,1.0,0.0,5,9.955555555555554,8.853261936347543,5,0.014222222222222181,0.013063945294843617,5,1125.0,0.0,5,25.0,0.0,5,4.8,4.8166378315169185,5,1088.8,9.959919678390978,5,11.2,9.959919678390985,5,20.2,4.8166378315169185,5
pooled_snapshot,GIN,bsc,learned_benefit,0.0,0.27730722026042975,0.016913549060620744,5,0.3099158077881482,0.08113954836586984,5,0.248,0.09121403400793103,5,0.4313852813852813,0.08858474676965766,5,0.3131658839040094,0.079385300910395,5,0.0,0.0,5,7.288888888888889,2.3851391759997753,5,0.01279999999999994,0.0038541303802095686,5,1125.0,0.0,5,25.0,0.0,5,6.2,2.280350850198276,5,1091.8,2.6832815729997295,5,8.2,2.6832815729997477,5,18.8,2.280350850198276,5
pooled_snapshot,GIN,bsc,learned_benefit,0.1,0.19127040024724268,0.03842451896751097,5,0.04137931034482758,0.03777396948311489,5,0.024,0.021908902300206645,5,0.15,0.13693063937629152,5,0.052264778854151185,0.05482718236169696,5,0.02542222222222218,0.005428775638969754,5,2.6666666666666665,0.0,5,0.0031999999999999403,0.00048686449556015405,5,1125.0,0.0,5,25.0,0.0,5,0.6,0.5477225575051661,5,1097.0,0.0,5,3.0,0.0,5,24.4,0.547722557505166,5
pooled_snapshot,GIN,bsc,learned_benefit,0.25,0.1815043543686654,0.04134848207151758,5,0.19330732788083055,0.14970929200104047,5,0.192,0.19266551326067674,5,0.27681451612903224,0.0412912873186187,5,0.19895426056268622,0.131587491308902,5,0.11982222222222219,0.01923371525392678,5,9.777777777777779,8.595146491472764,5,0.014044444444444401,0.012825899722970846,5,1125.0,0.0,5,25.0,0.0,5,4.8,4.8166378315169185,5,1089.0,9.669539802906858,5,11.0,9.669539802906858,5,20.2,4.8166378315169185,5
pooled_snapshot,GIN,bsc,learned_benefit,0.5,0.17835781301553666,0.04487786126598826,5,0.1921795083319584,0.1485193182329474,5,0.192,0.19266551326067674,5,0.275,0.04074501503251655,5,0.19785624472212068,0.130487539339151,5,0.42648888888888886,0.034491866996277404,5,9.955555555555554,8.853261936347543,5,0.014222222222222181,0.013063945294843617,5,1125.0,0.0,5,25.0,0.0,5,4.8,4.8166378315169185,5,1088.8,9.959919678390978,5,11.2,9.959919678390985,5,20.2,4.8166378315169185,5
pooled_snapshot,GIN,bsc,learned_benefit,0.75,0.17853057666555613,0.04348357731593611,5,0.1921795083319584,0.1485193182329474,5,0.192,0.19266551326067674,5,0.275,0.04074501503251655,5,0.19785624472212068,0.130487539339151,5,0.7703111111111112,0.024493687773398734,5,9.955555555555554,8.853261936347543,5,0.014222222222222181,0.013063945294843617,5,1125.0,0.0,5,25.0,0.0,5,4.8,4.8166378315169185,5,1088.8,9.959919678390978,5,11.2,9.959919678390985,5,20.2,4.8166378315169185,5
pooled_snapshot,GIN,bsc,learned_benefit,1.0,0.17721122193088135,0.04467224008234153,5,0.1921795083319584,0.1485193182329474,5,0.192,0.19266551326067674,5,0.275,0.04074501503251655,5,0.19785624472212068,0.130487539339151,5,1.0,0.0,5,9.955555555555554,8.853261936347543,5,0.014222222222222181,0.013063945294843617,5,1125.0,0.0,5,25.0,0.0,5,4.8,4.8166378315169185,5,1088.8,9.959919678390978,5,11.2,9.959919678390985,5,20.2,4.8166378315169185,5
pooled_snapshot,GIN,bsc,local,0.0,0.27730722026042975,0.016913549060620744,5,0.3099158077881482,0.08113954836586984,5,0.248,0.09121403400793103,5,0.4313852813852813,0.08858474676965766,5,0.3131658839040094,0.079385300910395,5,0.0,0.0,5,7.288888888888889,2.3851391759997753,5,0.01279999999999994,0.0038541303802095686,5,1125.0,0.0,5,25.0,0.0,5,6.2,2.280350850198276,5,1091.8,2.6832815729997295,5,8.2,2.6832815729997477,5,18.8,2.280350850198276,5
pooled_snapshot,GIN,bsc,margin,0.0,0.27730722026042975,0.016913549060620744,5,0.3099158077881482,0.08113954836586984,5,0.248,0.09121403400793103,5,0.4313852813852813,0.08858474676965766,5,0.3131658839040094,0.079385300910395,5,0.0,0.0,5,7.288888888888889,2.3851391759997753,5,0.01279999999999994,0.0038541303802095686,5,1125.0,0.0,5,25.0,0.0,5,6.2,2.280350850198276,5,1091.8,2.6832815729997295,5,8.2,2.6832815729997477,5,18.8,2.280350850198276,5
pooled_snapshot,GIN,bsc,margin,0.1,0.18046085382351976,0.03859042599045004,5,0.18523895946763458,0.1602976854206058,5,0.184,0.1991983935678197,5,0.2808189655172414,0.04382213350193162,5,0.19361750423180793,0.1400977464826824,5,0.04728888888888884,0.003167738609992076,5,8.88888888888889,8.525922708111501,5,0.012977777777777722,0.0129363112264721,5,1125.0,0.0,5,25.0,0.0,5,4.6,4.979959839195493,5,1090.0,9.591663046625438,5,10.0,9.591663046625438,5,20.4,4.979959839195493,5
pooled_snapshot,GIN,bsc,margin,0.25,0.183470400282965,0.04408303445115774,5,0.18955870571115577,0.15019091086232048,5,0.192,0.19266551326067674,5,0.2583333333333333,0.06395867263753649,5,0.19205157013004115,0.13479232018374077,5,0.16071111111111108,0.017659607254836132,5,10.666666666666666,8.525922708111501,5,0.014933333333333281,0.012670954439968334,5,1125.0,0.0,5,25.0,0.0,5,4.8,4.8166378315169185,5,1088.0,9.591663046625449,5,12.0,9.591663046625438,5,20.2,4.8166378315169185,5
pooled_snapshot,GIN,bsc,margin,0.5,0.1771559693786088,0.04631356374220224,5,0.1921795083319584,0.1485193182329474,5,0.192,0.19266551326067674,5,0.275,0.04074501503251655,5,0.19785624472212068,0.130487539339151,5,0.4688,0.008924373616363477,5,9.955555555555554,8.853261936347543,5,0.014222222222222181,0.013063945294843617,5,1125.0,0.0,5,25.0,0.0,5,4.8,4.8166378315169185,5,1088.8,9.959919678390978,5,11.2,9.959919678390985,5,20.2,4.8166378315169185,5
pooled_snapshot,GIN,bsc,margin,0.75,0.1769091958249864,0.045142019607279676,5,0.1921795083319584,0.1485193182329474,5,0.192,0.19266551326067674,5,0.275,0.04074501503251655,5,0.19785624472212068,0.130487539339151,5,0.8024888888888888,0.01990992059932952,5,9.955555555555554,8.853261936347543,5,0.014222222222222181,0.013063945294843617,5,1125.0,0.0,5,25.0,0.0,5,4.8,4.8166378315169185,5,1088.8,9.959919678390978,5,11.2,9.959919678390985,5,20.2,4.8166378315169185,5
pooled_snapshot,GIN,bsc,margin,1.0,0.17721122193088135,0.04467224008234153,5,0.1921795083319584,0.1485193182329474,5,0.192,0.19266551326067674,5,0.275,0.04074501503251655,5,0.19785624472212068,0.130487539339151,5,1.0,0.0,5,9.955555555555554,8.853261936347543,5,0.014222222222222181,0.013063945294843617,5,1125.0,0.0,5,25.0,0.0,5,4.8,4.8166378315169185,5,1088.8,9.959919678390978,5,11.2,9.959919678390985,5,20.2,4.8166378315169185,5
pooled_snapshot,GIN,bsc,random,0.0,0.27730722026042975,0.016913549060620744,5,0.3099158077881482,0.08113954836586984,5,0.24800000000000005,0.09121403400793106,5,0.4313852813852813,0.08858474676965766,5,0.3131658839040094,0.07938530091039499,5,0.0,0.0,5,7.288888888888889,2.3851391759997753,5,0.01279999999999994,0.0038541303802095686,5,1125.0,0.0,5,25.0,0.0,5,6.2,2.280350850198276,5,1091.8,2.6832815729997295,5,8.2,2.6832815729997477,5,18.8,2.280350850198276,5
pooled_snapshot,GIN,bsc,random,0.1,0.26521584198132053,0.018733525927099957,5,0.3057410074936697,0.07198072241769288,5,0.2773333333333333,0.10215456698334906,5,0.39244583303406827,0.08139910888576751,5,0.3075810619567835,0.07168503314146031,5,0.09896296296296292,0.008871588101676967,5,9.837037037037037,4.097039648579224,5,0.015999999999999952,0.006043282386480345,5,1125.0,0.0,5,25.0,0.0,5,6.9333333333333345,2.553864174583728,5,1088.9333333333334,4.609169604651637,5,11.066666666666666,4.609169604651628,5,18.066666666666666,2.5538641745837247,5
pooled_snapshot,GIN,bsc,random,0.25,0.2553991073339964,0.017884318832658033,5,0.30068256829699375,0.1046476841192775,5,0.2666666666666667,0.13165611772087668,5,0.4038801214888171,0.07347959332449638,5,0.3051058618238228,0.09262971968845352,5,0.24788148148148145,0.0046876658635492995,5,8.948148148148146,4.924226941758157,5,0.01487407407407404,0.007664859332506083,5,1125.0,0.0,5,25.0,0.0,5,6.666666666666667,3.291402943021917,5,1089.9333333333332,5.539755309477826,5,10.066666666666666,5.539755309477927,5,18.333333333333332,3.2914029430219167,5
pooled_snapshot,GIN,bsc,random,0.5,0.22322630644145888,0.0374037916887931,5,0.24063343926284272,0.09794051091370903,5,0.21333333333333332,0.11925695879998878,5,0.3461917079614848,0.036956924576264934,5,0.24659487551617035,0.08585831770623362,5,0.4988444444444444,0.0049783068501901406,5,8.88888888888889,4.542136212372116,5,0.013629629629629585,0.007148052196630993,5,1125.0,0.0,5,25.0,0.0,5,5.333333333333334,2.98142396999972,5,1090.0,5.109903238918562,5,10.0,5.10990323891863,5,19.666666666666668,2.981423969999721,5
pooled_snapshot,GIN,bsc,random,0.75,0.19608223152990317,0.04603914727471692,5,0.23930509967692132,0.12084586534562267,5,0.23199999999999998,0.1755246104934829,5,0.32212180382704825,0.047229215882755304,5,0.24378483560405165,0.10627258419330661,5,0.7516444444444443,0.007943283175076367,5,10.844444444444445,8.08894315542779,5,0.01599999999999996,0.01193121575804497,5,1125.0,0.0,5,25.0,0.0,5,5.8,4.388115262337073,5,1087.8,9.10006104985621,5,12.2,9.100061049856265,5,19.2,4.388115262337072,5
pooled_snapshot,GIN,bsc,random,1.0,0.17721122193088135,0.04467224008234154,5,0.1921795083319584,0.1485193182329474,5,0.192,0.19266551326067674,5,0.275,0.04074501503251655,5,0.19785624472212068,0.130487539339151,5,1.0,0.0,5,9.955555555555554,8.853261936347543,5,0.014222222222222181,0.013063945294843617,5,1125.0,0.0,5,25.0,0.0,5,4.8,4.8166378315169185,5,1088.8,9.959919678390978,5,11.2,9.959919678390985,5,20.2,4.8166378315169185,5
pooled_snapshot,GIN,bsc,threshold_only,0.0,0.27730722026042975,0.016913549060620744,5,0.33116834201579964,0.11940735009391203,5,0.344,0.19308029417835473,5,0.41734262125902993,0.11810864910796041,5,0.3411795344437717,0.09767942160818643,5,0.0,0.0,5,12.8,9.44065283367236,5,0.020444444444444397,0.013655370218433063,5,1125.0,0.0,5,25.0,0.0,5,8.6,4.8270073544588685,5,1085.6,10.62073443788139,5,14.4,10.620734437881403,5,16.4,4.827007354458868,5
pooled_snapshot,GIN,ethereum,entropy,0.0,0.6643469435430829,0.01134998014763488,5,0.5606317359294096,0.018904883647207497,5,0.43088235294117644,0.026815562542368342,5,0.8089327984676821,0.06769050379222748,5,0.571150844624318,0.02321076405366854,5,0.0,0.0,5,6.63594470046083,3.0148252965522815,5,0.03364055299539166,0.004273556910366663,5,2170.0,0.0,5,136.0,0.0,5,58.6,3.6469165057620936,5,2019.6,6.54217089351843,5,14.4,6.54217089351845,5,77.4,3.646916505762095,5
pooled_snapshot,GIN,ethereum,entropy,0.1,0.67357421907977,0.013878552922349654,5,0.601078006163611,0.08006674389547298,5,0.49558823529411755,0.1539383499032462,5,0.8412255284211294,0.11312194027794223,5,0.6165440276316285,0.04920042158264513,5,0.07013824884792624,0.0018832089162859585,5,7.741935483870968,7.9511451829212705,5,0.038801843317972304,0.01759439521242835,5,2170.0,0.0,5,136.0,0.0,5,67.4,20.935615586841482,5,2017.2,17.253985046939178,5,16.8,17.253985046939157,5,68.6,20.935615586841482,5
pooled_snapshot,GIN,ethereum,entropy,0.25,0.6780401937366581,0.009928788191215033,5,0.6066180619627342,0.0764587647137442,5,0.5058823529411764,0.14663541989158693,5,0.8219272828070944,0.10190274796095819,5,0.616826839019842,0.048996247416774226,5,0.1745622119815668,0.0040490106242375675,5,8.47926267281106,7.420642759669653,5,0.040184331797234976,0.016607133865930244,5,2170.0,0.0,5,136.0,0.0,5,68.8,19.942417105255824,5,2015.6,16.102794788483127,5,18.4,16.10279478848315,5,67.2,19.942417105255824,5
pooled_snapshot,GIN,ethereum,entropy,0.5,0.6785353108148467,0.011823771305556311,5,0.6066180619627342,0.0764587647137442,5,0.5058823529411764,0.14663541989158693,5,0.8219272828070944,0.10190274796095819,5,0.616826839019842,0.048996247416774226,5,0.4552995391705069,0.026031768188937522,5,8.47926267281106,7.420642759669653,5,0.040184331797234976,0.016607133865930244,5,2170.0,0.0,5,136.0,0.0,5,68.8,19.942417105255824,5,2015.6,16.102794788483127,5,18.4,16.10279478848315,5,67.2,19.942417105255824,5
pooled_snapshot,GIN,ethereum,entropy,0.75,0.6770722595822393,0.011775155813280733,5,0.6060889779006134,0.07590088700084167,5,0.5058823529411764,0.14663541989158693,5,0.8206959341181186,0.10337081282616038,5,0.6161981920127472,0.04841954019521563,5,0.7676497695852534,0.017768547878777307,5,8.571428571428573,7.520138676815275,5,0.04027649769585248,0.016703400520510392,5,2170.0,0.0,5,136.0,0.0,5,68.8,19.942417105255824,5,2015.4,16.318700928689164,5,18.6,16.318700928689143,5,67.2,19.942417105255824,5
pooled_snapshot,GIN,ethereum,entropy,1.0,0.6963539034879501,0.012901310063222086,5,0.6060889779006134,0.07590088700084167,5,0.5058823529411764,0.14663541989158693,5,0.8206959341181186,0.10337081282616038,5,0.6161981920127472,0.04841954019521563,5,1.0,0.0,5,8.571428571428573,7.520138676815275,5,0.04027649769585248,0.016703400520510392,5,2170.0,0.0,5,136.0,0.0,5,68.8,19.942417105255824,5,2015.4,16.318700928689164,5,18.6,16.318700928689143,5,67.2,19.942417105255824,5
pooled_snapshot,GIN,ethereum,full,1.0,0.6963539034879501,0.012901310063222086,5,0.6060889779006134,0.07590088700084167,5,0.5058823529411764,0.14663541989158693,5,0.8206959341181186,0.10337081282616038,5,0.6161981920127472,0.04841954019521563,5,1.0,0.0,5,8.571428571428573,7.520138676815275,5,0.04027649769585248,0.016703400520510392,5,2170.0,0.0,5,136.0,0.0,5,68.8,19.942417105255824,5,2015.4,16.318700928689164,5,18.6,16.318700928689143,5,67.2,19.942417105255824,5
pooled_snapshot,GIN,ethereum,learned_benefit,0.0,0.6643469435430829,0.01134998014763488,5,0.5606317359294096,0.018904883647207497,5,0.43088235294117644,0.026815562542368342,5,0.8089327984676821,0.06769050379222748,5,0.571150844624318,0.02321076405366854,5,0.0,0.0,5,6.63594470046083,3.0148252965522815,5,0.03364055299539166,0.004273556910366663,5,2170.0,0.0,5,136.0,0.0,5,58.6,3.6469165057620936,5,2019.6,6.54217089351843,5,14.4,6.54217089351845,5,77.4,3.646916505762095,5
pooled_snapshot,GIN,ethereum,learned_benefit,0.1,0.6895355727816602,0.01651984400478568,5,0.5374949701145684,0.00468149466320863,5,0.3794117647058823,0.004027371746361461,5,0.9214821143768512,0.009146858443804484,5,0.5766770118443608,0.0050166332507849,5,0.0506912442396313,0.003990900478269319,5,2.0276497695852536,0.2524067085277262,5,0.02580645161290318,0.00032585565953296557,5,2170.0,0.0,5,136.0,0.0,5,51.6,0.5477225575051664,5,2029.6,0.5477225575052025,5,4.4,0.5477225575051663,5,84.4,0.5477225575051652,5
pooled_snapshot,GIN,ethereum,learned_benefit,0.25,0.6938790505954945,0.015541231554772725,5,0.6066180619627342,0.0764587647137442,5,0.5058823529411764,0.14663541989158693,5,0.8219272828070944,0.10190274796095819,5,0.616826839019842,0.048996247416774226,5,0.1432258064516129,0.016232060669624317,5,8.47926267281106,7.420642759669653,5,0.040184331797234976,0.016607133865930244,5,2170.0,0.0,5,136.0,0.0,5,68.8,19.942417105255824,5,2015.6,16.102794788483127,5,18.4,16.10279478848315,5,67.2,19.942417105255824,5
pooled_snapshot,GIN,ethereum,learned_benefit,0.5,0.7007780112048121,0.01296307651075239,5,0.6066180619627342,0.0764587647137442,5,0.5058823529411764,0.14663541989158693,5,0.8219272828070944,0.10190274796095819,5,0.616826839019842,0.048996247416774226,5,0.45225806451612904,0.0184521791485598,5,8.47926267281106,7.420642759669653,5,0.040184331797234976,0.016607133865930244,5,2170.0,0.0,5,136.0,0.0,5,68.8,19.942417105255824,5,2015.6,16.102794788483127,5,18.4,16.10279478848315,5,67.2,19.942417105255824,5
pooled_snapshot,GIN,ethereum,learned_benefit,0.75,0.6980329989835887,0.012587940305340477,5,0.6060889779006134,0.07590088700084167,5,0.5058823529411764,0.14663541989158693,5,0.8206959341181186,0.10337081282616038,5,0.6161981920127472,0.04841954019521563,5,0.7909677419354839,0.0629876545533606,5,8.571428571428573,7.520138676815275,5,0.04027649769585248,0.016703400520510392,5,2170.0,0.0,5,136.0,0.0,5,68.8,19.942417105255824,5,2015.4,16.318700928689164,5,18.6,16.318700928689143,5,67.2,19.942417105255824,5
pooled_snapshot,GIN,ethereum,learned_benefit,1.0,0.6963539034879501,0.012901310063222086,5,0.6060889779006134,0.07590088700084167,5,0.5058823529411764,0.14663541989158693,5,0.8206959341181186,0.10337081282616038,5,0.6161981920127472,0.04841954019521563,5,1.0,0.0,5,8.571428571428573,7.520138676815275,5,0.04027649769585248,0.016703400520510392,5,2170.0,0.0,5,136.0,0.0,5,68.8,19.942417105255824,5,2015.4,16.318700928689164,5,18.6,16.318700928689143,5,67.2,19.942417105255824,5
pooled_snapshot,GIN,ethereum,local,0.0,0.6643469435430829,0.01134998014763488,5,0.5606317359294096,0.018904883647207497,5,0.43088235294117644,0.026815562542368342,5,0.8089327984676821,0.06769050379222748,5,0.571150844624318,0.02321076405366854,5,0.0,0.0,5,6.63594470046083,3.0148252965522815,5,0.03364055299539166,0.004273556910366663,5,2170.0,0.0,5,136.0,0.0,5,58.6,3.6469165057620936,5,2019.6,6.54217089351843,5,14.4,6.54217089351845,5,77.4,3.646916505762095,5
pooled_snapshot,GIN,ethereum,margin,0.0,0.6643469435430829,0.01134998014763488,5,0.5606317359294096,0.018904883647207497,5,0.43088235294117644,0.026815562542368342,5,0.8089327984676821,0.06769050379222748,5,0.571150844624318,0.02321076405366854,5,0.0,0.0,5,6.63594470046083,3.0148252965522815,5,0.03364055299539166,0.004273556910366663,5,2170.0,0.0,5,136.0,0.0,5,58.6,3.6469165057620936,5,2019.6,6.54217089351843,5,14.4,6.54217089351845,5,77.4,3.646916505762095,5
pooled_snapshot,GIN,ethereum,margin,0.1,0.6740898037313142,0.012225374251672467,5,0.5995667799114521,0.08135118242498642,5,0.49411764705882344,0.1552324130976665,5,0.8409749018547134,0.11287769603453508,5,0.6153126965247129,0.050172659393855644,5,0.07004608294930872,0.00190004867539986,5,7.741935483870968,7.9511451829212705,5,0.0387096774193548,0.017677481823794142,5,2170.0,0.0,5,136.0,0.0,5,67.2,21.111608181282637,5,2017.2,17.253985046939178,5,16.8,17.253985046939157,5,68.8,21.111608181282637,5
pooled_snapshot,GIN,ethereum,margin,0.25,0.688516112627364,0.008049624045550837,5,0.6090905894352616,0.07545167656385503,5,0.5147058823529411,0.14305203278193915,5,0.8052606161404275,0.10629114180223811,5,0.615622637029302,0.049915417692355885,5,0.16580645161290317,0.015292319655804588,5,9.400921658986174,7.246900931173658,5,0.04165898617511516,0.016150742465697792,5,2170.0,0.0,5,136.0,0.0,5,70.0,19.45507645834372,5,2013.6,15.725775020646825,5,20.4,15.725775020646836,5,66.0,19.45507645834372,5
pooled_snapshot,GIN,ethereum,margin,0.5,0.6888044220184896,0.004865491113585962,5,0.6066180619627342,0.0764587647137442,5,0.5058823529411764,0.14663541989158693,5,0.8219272828070944,0.10190274796095819,5,0.616826839019842,0.048996247416774226,5,0.44405529953917044,0.045556439245218266,5,8.47926267281106,7.420642759669653,5,0.040184331797234976,0.016607133865930244,5,2170.0,0.0,5,136.0,0.0,5,68.8,19.942417105255824,5,2015.6,16.102794788483127,5,18.4,16.10279478848315,5,67.2,19.942417105255824,5
pooled_snapshot,GIN,ethereum,margin,0.75,0.6940929036903836,0.013598182887560676,5,0.6060889779006134,0.07590088700084167,5,0.5058823529411764,0.14663541989158693,5,0.8206959341181186,0.10337081282616038,5,0.6161981920127472,0.04841954019521563,5,0.7619354838709678,0.022619640925978655,5,8.571428571428573,7.520138676815275,5,0.04027649769585248,0.016703400520510392,5,2170.0,0.0,5,136.0,0.0,5,68.8,19.942417105255824,5,2015.4,16.318700928689164,5,18.6,16.318700928689143,5,67.2,19.942417105255824,5
pooled_snapshot,GIN,ethereum,margin,1.0,0.6963539034879501,0.012901310063222086,5,0.6060889779006134,0.07590088700084167,5,0.5058823529411764,0.14663541989158693,5,0.8206959341181186,0.10337081282616038,5,0.6161981920127472,0.04841954019521563,5,1.0,0.0,5,8.571428571428573,7.520138676815275,5,0.04027649769585248,0.016703400520510392,5,2170.0,0.0,5,136.0,0.0,5,68.8,19.942417105255824,5,2015.4,16.318700928689164,5,18.6,16.318700928689143,5,67.2,19.942417105255824,5
pooled_snapshot,GIN,ethereum,random,0.0,0.6643469435430829,0.01134998014763488,5,0.5606317359294096,0.018904883647207497,5,0.43088235294117644,0.026815562542368297,5,0.8089327984676823,0.06769050379222748,5,0.571150844624318,0.02321076405366854,5,0.0,0.0,5,6.635944700460828,3.014825296552282,5,0.03364055299539166,0.004273556910366658,5,2170.0,0.0,5,136.0,0.0,5,58.6,3.6469165057620936,5,2019.6,6.54217089351843,5,14.4,6.54217089351845,5,77.4,3.646916505762095,5
pooled_snapshot,GIN,ethereum,random,0.1,0.6650815837367985,0.010490747058499502,5,0.5876753420509386,0.04250187053906176,5,0.48382352941176465,0.07859587527929743,5,0.7841665393353506,0.0716454198561816,5,0.5913008028539053,0.035617079265957335,5,0.09861751152073728,0.004563272128268175,5,9.247311827956988,4.613923853549051,5,0.03956989247311823,0.009225929727410275,5,2170.0,0.0,5,136.0,0.0,5,65.8,10.68903903798445,5,2013.9333333333332,10.012214762201413,5,20.066666666666666,10.01221476220144,5,70.2,10.689039037984456,5
pooled_snapshot,GIN,ethereum,random,0.25,0.6661991187963643,0.009273752034008933,5,0.5900927769775353,0.03886544300271879,5,0.4779411764705882,0.08229967348225893,5,0.8055055231649698,0.08169438801755004,5,0.5968620911484569,0.020895576777322077,5,0.2508141321044547,0.008000550947165987,5,8.202764976958525,5.379196083574561,5,0.03815668202764973,0.01049819528613929,5,2170.0,0.0,5,136.0,0.0,5,65.0,11.192755593587208,5,2016.2,11.672855501356738,5,17.8,11.672855501356793,5,71.0,11.19275559358721,5
pooled_snapshot,GIN,ethereum,random,0.5,0.6747048984647662,0.007510305354390639,5,0.5880684091502462,0.03264721392565081,5,0.4769607843137254,0.07354166564559501,5,0.8060773915150424,0.07172589502634583,5,0.5958271838064236,0.01901345288828343,5,0.5020276497695852,0.006730319692887428,5,8.202764976958525,4.909029900788627,5,0.03809523809523803,0.009473505721123399,5,2170.0,0.0,5,136.0,0.0,5,64.86666666666666,10.001666527800923,5,2016.2,10.652594884711178,5,17.8,10.65259488471132,5,71.13333333333334,10.001666527800928,5
pooled_snapshot,GIN,ethereum,random,0.75,0.6853683990345895,0.009672666160301515,5,0.6045104128846445,0.06466434045505548,5,0.5117647058823529,0.13519773136671012,5,0.7960314815349112,0.09822496157459748,5,0.6100188651532439,0.041782285883106556,5,0.750937019969278,0.00821173502882286,5,9.953917050691244,7.865213363985516,5,0.042027649769585194,0.016293724310249467,5,2170.0,0.0,5,136.0,0.0,5,69.6,18.386891465872583,5,2012.4,17.067512999848567,5,21.6,17.06751299984857,5,66.4,18.386891465872576,5
pooled_snapshot,GIN,ethereum,random,1.0,0.6963539034879501,0.01290131006322211,5,0.6060889779006134,0.07590088700084167,5,0.5058823529411764,0.146635419891587,5,0.8206959341181184,0.10337081282616035,5,0.6161981920127472,0.04841954019521563,5,1.0,0.0,5,8.571428571428573,7.520138676815275,5,0.04027649769585248,0.01670340052051039,5,2170.0,0.0,5,136.0,0.0,5,68.8,19.942417105255824,5,2015.4,16.318700928689164,5,18.6,16.318700928689143,5,67.2,19.942417105255824,5
pooled_snapshot,GIN,ethereum,threshold_only,0.0,0.6643469435430829,0.01134998014763488,5,0.5249744699552281,0.18453240163980747,5,0.46470588235294114,0.24444520900932476,5,0.7387819871634576,0.07839960627493252,5,0.5397067473202334,0.13643439216456618,5,0.0,0.0,5,12.350230414746544,9.137913038116452,5,0.04147465437788014,0.024421789312877647,5,2170.0,0.0,5,136.0,0.0,5,63.2,33.244548425268164,5,2007.2,19.829271292712708,5,26.8,19.8292712927127,5,72.8,33.244548425268164,5
pooled_snapshot,GIN,polygon,entropy,0.0,,,0,,,0,,,0,0.0,0.0,5,,,0,0.0,0.0,5,10.19830028328612,2.5337880764870135,5,0.010198300283286119,0.0025337880764870133,5,353.0,0.0,5,0.0,0.0,5,0.0,0.0,5,349.4,0.8944271909999183,5,3.6,0.8944271909999159,5,0.0,0.0,5
pooled_snapshot,GIN,polygon,entropy,0.1,,,0,,,0,,,0,0.0,0.0,5,,,0,0.03569405099150132,0.00253378807648701,5,12.464589235127479,11.951854453104241,5,0.01246458923512744,0.01195185445310419,5,353.0,0.0,5,0.0,0.0,5,0.0,0.0,5,348.6,4.219004621945805,5,4.4,4.219004621945797,5,0.0,0.0,5
pooled_snapshot,GIN,polygon,entropy,0.25,,,0,,,0,,,0,0.0,0.0,5,,,0,0.26288951841359764,0.06867570714165526,5,14.730878186968841,11.576666709179916,5,0.0147308781869688,0.011576666709179863,5,353.0,0.0,5,0.0,0.0,5,0.0,0.0,5,347.8,4.086563348340515,5,5.2,4.08656334834051,5,0.0,0.0,5
pooled_snapshot,GIN,polygon,entropy,0.5,,,0,,,0,,,0,0.0,0.0,5,,,0,0.7172804532577903,0.05061237718782387,5,15.297450424929178,12.282993421347763,5,0.015297450424929141,0.01228299342134771,5,353.0,0.0,5,0.0,0.0,5,0.0,0.0,5,347.6,4.335896677735766,5,5.4,4.33589667773576,5,0.0,0.0,5
pooled_snapshot,GIN,polygon,entropy,0.75,,,0,,,0,,,0,0.0,0.0,5,,,0,0.8985835694050991,0.020467299567352323,5,15.297450424929178,12.282993421347763,5,0.015297450424929141,0.01228299342134771,5,353.0,0.0,5,0.0,0.0,5,0.0,0.0,5,347.6,4.335896677735766,5,5.4,4.33589667773576,5,0.0,0.0,5
pooled_snapshot,GIN,polygon,entropy,1.0,,,0,,,0,,,0,0.0,0.0,5,,,0,1.0,0.0,5,15.297450424929178,12.282993421347763,5,0.015297450424929141,0.01228299342134771,5,353.0,0.0,5,0.0,0.0,5,0.0,0.0,5,347.6,4.335896677735766,5,5.4,4.33589667773576,5,0.0,0.0,5
pooled_snapshot,GIN,polygon,full,1.0,,,0,,,0,,,0,0.0,0.0,5,,,0,1.0,0.0,5,15.297450424929178,12.282993421347763,5,0.015297450424929141,0.01228299342134771,5,353.0,0.0,5,0.0,0.0,5,0.0,0.0,5,347.6,4.335896677735766,5,5.4,4.33589667773576,5,0.0,0.0,5
pooled_snapshot,GIN,polygon,learned_benefit,0.0,,,0,,,0,,,0,0.0,0.0,5,,,0,0.0,0.0,5,10.19830028328612,2.5337880764870135,5,0.010198300283286119,0.0025337880764870133,5,353.0,0.0,5,0.0,0.0,5,0.0,0.0,5,349.4,0.8944271909999183,5,3.6,0.8944271909999159,5,0.0,0.0,5
pooled_snapshot,GIN,polygon,learned_benefit,0.1,,,0,,,0,,,0,0.0,0.0,5,,,0,0.0203966005665722,0.0036935990964320656,5,3.3994334277620397,1.2668940382435068,5,0.00339943342776204,0.001266894038243507,5,353.0,0.0,5,0.0,0.0,5,0.0,0.0,5,351.8,0.4472135954999611,5,1.2,0.4472135954999579,5,0.0,0.0,5
pooled_snapshot,GIN,polygon,learned_benefit,0.25,,,0,,,0,,,0,0.0,0.0,5,,,0,0.12691218130311613,0.04358373282138729,5,14.730878186968841,11.576666709179916,5,0.0147308781869688,0.011576666709179863,5,353.0,0.0,5,0.0,0.0,5,0.0,0.0,5,347.8,4.086563348340515,5,5.2,4.08656334834051,5,0.0,0.0,5
pooled_snapshot,GIN,polygon,learned_benefit,0.5,,,0,,,0,,,0,0.0,0.0,5,,,0,0.6118980169971671,0.08372530711689319,5,15.297450424929178,12.282993421347763,5,0.015297450424929141,0.01228299342134771,5,353.0,0.0,5,0.0,0.0,5,0.0,0.0,5,347.6,4.335896677735766,5,5.4,4.33589667773576,5,0.0,0.0,5
pooled_snapshot,GIN,polygon,learned_benefit,0.75,,,0,,,0,,,0,0.0,0.0,5,,,0,0.8356940509915013,0.04752963664465303,5,15.297450424929178,12.282993421347763,5,0.015297450424929141,0.01228299342134771,5,353.0,0.0,5,0.0,0.0,5,0.0,0.0,5,347.6,4.335896677735766,5,5.4,4.33589667773576,5,0.0,0.0,5
pooled_snapshot,GIN,polygon,learned_benefit,1.0,,,0,,,0,,,0,0.0,0.0,5,,,0,1.0,0.0,5,15.297450424929178,12.282993421347763,5,0.015297450424929141,0.01228299342134771,5,353.0,0.0,5,0.0,0.0,5,0.0,0.0,5,347.6,4.335896677735766,5,5.4,4.33589667773576,5,0.0,0.0,5
pooled_snapshot,GIN,polygon,local,0.0,,,0,,,0,,,0,0.0,0.0,5,,,0,0.0,0.0,5,10.19830028328612,2.5337880764870135,5,0.010198300283286119,0.0025337880764870133,5,353.0,0.0,5,0.0,0.0,5,0.0,0.0,5,349.4,0.8944271909999183,5,3.6,0.8944271909999159,5,0.0,0.0,5
pooled_snapshot,GIN,polygon,margin,0.0,,,0,,,0,,,0,0.0,0.0,5,,,0,0.0,0.0,5,10.19830028328612,2.5337880764870135,5,0.010198300283286119,0.0025337880764870133,5,353.0,0.0,5,0.0,0.0,5,0.0,0.0,5,349.4,0.8944271909999183,5,3.6,0.8944271909999159,5,0.0,0.0,5
pooled_snapshot,GIN,polygon,margin,0.1,,,0,,,0,,,0,0.0,0.0,5,,,0,0.03569405099150134,0.0032299587113289886,5,12.464589235127479,11.951854453104241,5,0.01246458923512744,0.01195185445310419,5,353.0,0.0,5,0.0,0.0,5,0.0,0.0,5,348.6,4.219004621945805,5,4.4,4.219004621945797,5,0.0,0.0,5
pooled_snapshot,GIN,polygon,margin,0.25,,,0,,,0,,,0,0.0,0.0,5,,,0,0.21529745042492912,0.023954014908339646,5,14.730878186968841,11.576666709179916,5,0.0147308781869688,0.011576666709179863,5,353.0,0.0,5,0.0,0.0,5,0.0,0.0,5,347.8,4.086563348340515,5,5.2,4.08656334834051,5,0.0,0.0,5
pooled_snapshot,GIN,polygon,margin,0.5,,,0,,,0,,,0,0.0,0.0,5,,,0,0.6997167138810199,0.03873879413931258,5,15.297450424929178,12.282993421347763,5,0.015297450424929141,0.01228299342134771,5,353.0,0.0,5,0.0,0.0,5,0.0,0.0,5,347.6,4.335896677735766,5,5.4,4.33589667773576,5,0.0,0.0,5
pooled_snapshot,GIN,polygon,margin,0.75,,,0,,,0,,,0,0.0,0.0,5,,,0,0.8974504249291785,0.019769230960190277,5,15.297450424929178,12.282993421347763,5,0.015297450424929141,0.01228299342134771,5,353.0,0.0,5,0.0,0.0,5,0.0,0.0,5,347.6,4.335896677735766,5,5.4,4.33589667773576,5,0.0,0.0,5
pooled_snapshot,GIN,polygon,margin,1.0,,,0,,,0,,,0,0.0,0.0,5,,,0,1.0,0.0,5,15.297450424929178,12.282993421347763,5,0.015297450424929141,0.01228299342134771,5,353.0,0.0,5,0.0,0.0,5,0.0,0.0,5,347.6,4.335896677735766,5,5.4,4.33589667773576,5,0.0,0.0,5
pooled_snapshot,GIN,polygon,random,0.0,,,0,,,0,,,0,0.0,0.0,5,,,0,0.0,0.0,5,10.19830028328612,2.5337880764870135,5,0.010198300283286119,0.0025337880764870133,5,353.0,0.0,5,0.0,0.0,5,0.0,0.0,5,349.4,0.8944271909999183,5,3.6,0.8944271909999159,5,0.0,0.0,5
pooled_snapshot,GIN,polygon,random,0.1,,,0,,,0,,,0,0.0,0.0,5,,,0,0.09310670443814911,0.008669974641086327,5,13.408876298394713,5.642065815406858,5,0.013408876298394701,0.0056420658154068505,5,353.0,0.0,5,0.0,0.0,5,0.0,0.0,5,348.2666666666667,1.9916492328385964,5,4.7333333333333325,1.9916492328386208,5,0.0,0.0,5
pooled_snapshot,GIN,polygon,random,0.25,,,0,,,0,,,0,0.0,0.0,5,,,0,0.2428706326723323,0.016936730239676866,5,12.653446647780925,6.828964960062151,5,0.012653446647780914,0.006828964960062129,5,353.0,0.0,5,0.0,0.0,5,0.0,0.0,5,348.53333333333336,2.4106246309019297,5,4.466666666666667,2.410624630901939,5,0.0,0.0,5
pooled_snapshot,GIN,polygon,random,0.5,,,0,,,0,,,0,0.0,0.0,5,,,0,0.4906515580736544,0.011184919826127305,5,12.842304060434373,7.022093462730202,5,0.012842304060434346,0.007022093462730167,5,353.0,0.0,5,0.0,0.0,5,0.0,0.0,5,348.46666666666664,2.47879899234373,5,4.533333333333333,2.4787989923437608,5,0.0,0.0,5
pooled_snapshot,GIN,polygon,random,0.75,,,0,,,0,,,0,0.0,0.0,5,,,0,0.7452313503305005,0.013209897649944145,5,15.108593012275733,11.212787617599545,5,0.015108593012275684,0.011212787617599494,5,353.0,0.0,5,0.0,0.0,5,0.0,0.0,5,347.66666666666663,3.9581140290126546,5,5.333333333333333,3.9581140290126386,5,0.0,0.0,5
pooled_snapshot,GIN,polygon,random,1.0,,,0,,,0,,,0,0.0,0.0,5,,,0,1.0,0.0,5,15.297450424929178,12.282993421347763,5,0.015297450424929141,0.01228299342134771,5,353.0,0.0,5,0.0,0.0,5,0.0,0.0,5,347.6,4.335896677735766,5,5.4,4.33589667773576,5,0.0,0.0,5
pooled_snapshot,GIN,polygon,threshold_only,0.0,,,0,,,0,,,0,0.0,0.0,5,,,0,0.0,0.0,5,15.297450424929178,10.71256113381815,5,0.015297450424929141,0.010712561133818105,5,353.0,0.0,5,0.0,0.0,5,0.0,0.0,5,347.6,3.781534080237811,5,5.4,3.7815340802378077,5,0.0,0.0,5
pooled_snapshot,GIN,pooled,degree_MLP,-1.0,0.5342279898981447,0.008587731608561031,5,0.4658365528975115,0.00571294009700772,5,0.3254658385093167,0.005555448391303839,5,0.8216534965440634,0.04931911792615632,5,0.5046411448709277,0.0140647532786814,5,,,0,3.179824561403509,1.1235691629341669,5,0.017543859649122757,0.0013146467991537267,5,3648.0,0.0,5,161.0,0.0,5,52.4,0.8944271909999153,5,3475.4,4.098780306383778,5,11.6,4.09878030638384,5,108.6,0.8944271909999173,5
pooled_snapshot,GIN,pooled,degree_logistic,-1.0,0.505262786955955,0.0,5,0.4622222222222222,0.0,5,0.3229813664596273,0.0,5,0.8125,0.0,5,0.499908098710433,0.0,5,,,0,3.289473684210526,0.0,5,0.0175438596491228,0.0,5,3648.0,0.0,5,161.0,0.0,5,52.0,0.0,5,3475.0,0.0,5,12.0,0.0,5,109.0,0.0,5
pooled_snapshot,GIN,pooled,entropy,0.0,0.5567334079874968,0.011335169310074208,5,0.513941947784436,0.027081922853404862,5,0.4024844720496894,0.035788472772392395,5,0.7188912205680499,0.06944621794779585,5,0.5216517410125716,0.029509004185762567,5,0.0,0.0,5,7.182017543859649,2.6463856109971866,5,0.02494517543859644,0.0037585825660093773,5,3648.0,0.0,5,161.0,0.0,5,64.8,5.761944116355174,5,3460.8,9.654014708917767,5,26.2,9.654014708917737,5,96.2,5.761944116355174,5
pooled_snapshot,GIN,pooled,entropy,0.1,0.5545988684978167,0.017834802330378253,5,0.5335304563152664,0.07389943362636266,5,0.448447204968944,0.15989416274995533,5,0.7590608143839239,0.14018114259062037,5,0.5527123764996643,0.04160607824381748,5,0.060197368421052576,0.0014838123467899316,5,8.552631578947368,8.49648051333136,5,0.02834429824561398,0.015537710161331902,5,3648.0,0.0,5,161.0,0.0,5,72.2,25.742960202742807,5,3455.8,30.99516091263286,5,31.2,30.995160912632798,5,88.8,25.742960202742807,5
pooled_snapshot,GIN,pooled,entropy,0.25,0.5574654874576063,0.018060972468775187,5,0.5350533186247473,0.07057500130382288,5,0.45714285714285713,0.15369376646864205,5,0.7290253585298435,0.12887546482102608,5,0.5478329083905489,0.04278672307255924,5,0.18404605263157892,0.012146146181206935,5,9.539473684210526,8.199434275230566,5,0.029714912280701677,0.014951131344673817,5,3648.0,0.0,5,161.0,0.0,5,73.6,24.744696401451364,5,3452.2,29.91153623604105,5,34.8,29.911536236041105,5,87.4,24.744696401451364,5
pooled_snapshot,GIN,pooled,entropy,0.5,0.5570838874030757,0.01951717171250457,5,0.5346788661731434,0.0699411022556797,5,0.45714285714285713,0.15369376646864205,5,0.7283370468415319,0.12970522514351482,5,0.5474463375677728,0.04204453109752047,5,0.49100877192982456,0.014519972252110562,5,9.594298245614034,8.278327231656522,5,0.0297697368421052,0.0150350799626124,5,3648.0,0.0,5,161.0,0.0,5,73.6,24.744696401451364,5,3452.0,30.199337741082978,5,35.0,30.199337741083,5,87.4,24.744696401451364,5
pooled_snapshot,GIN,pooled,entropy,0.75,0.5560358821858664,0.01932550514679991,5,0.5343128225594362,0.06959950163334429,5,0.45714285714285713,0.15369376646864205,5,0.72759805313084,0.13068872874646575,5,0.5470491338026856,0.04180352494207021,5,0.7925438596491228,0.012094688423188785,5,9.649122807017543,8.347028220687829,5,0.02982456140350872,0.015098419441804482,5,3648.0,0.0,5,161.0,0.0,5,73.6,24.744696401451364,5,3451.8,30.44995894906922,5,35.2,30.449958949069206,5,87.4,24.744696401451364,5
pooled_snapshot,GIN,pooled,entropy,1.0,0.5777504114159457,0.01704935775825964,5,0.5343128225594362,0.06959950163334429,5,0.45714285714285713,0.15369376646864205,5,0.72759805313084,0.13068872874646575,5,0.5470491338026856,0.04180352494207021,5,1.0,0.0,5,9.649122807017543,8.347028220687829,5,0.02982456140350872,0.015098419441804482,5,3648.0,0.0,5,161.0,0.0,5,73.6,24.744696401451364,5,3451.8,30.44995894906922,5,35.2,30.449958949069206,5,87.4,24.744696401451364,5
pooled_snapshot,GIN,pooled,full,1.0,0.5777504114159457,0.01704935775825964,5,0.5343128225594362,0.06959950163334429,5,0.45714285714285713,0.15369376646864205,5,0.72759805313084,0.13068872874646575,5,0.5470491338026856,0.04180352494207021,5,1.0,0.0,5,9.649122807017543,8.347028220687829,5,0.02982456140350872,0.015098419441804482,5,3648.0,0.0,5,161.0,0.0,5,73.6,24.744696401451364,5,3451.8,30.44995894906922,5,35.2,30.449958949069206,5,87.4,24.744696401451364,5
pooled_snapshot,GIN,pooled,knn_mean,-1.0,0.5659053723047591,0.0132668773269277,5,0.5495082030517804,0.0501558472366819,5,0.4683229813664596,0.11525045146892045,5,0.713614090280757,0.10257112711928788,5,0.5542551893128277,0.028606722864773164,5,,,0,9.594298245614034,6.553197964847544,5,0.030263157894736804,0.011619703326086807,5,3648.0,0.0,5,161.0,0.0,5,75.4,18.555322686496183,5,3452.0,23.906066175763804,5,35.0,23.90606617576384,5,85.6,18.555322686496186,5
pooled_snapshot,GIN,pooled,learned_benefit,0.0,0.5567334079874968,0.011335169310074208,5,0.513941947784436,0.027081922853404862,5,0.4024844720496894,0.035788472772392395,5,0.7188912205680499,0.06944621794779585,5,0.5216517410125716,0.029509004185762567,5,0.0,0.0,5,7.182017543859649,2.6463856109971866,5,0.02494517543859644,0.0037585825660093773,5,3648.0,0.0,5,161.0,0.0,5,64.8,5.761944116355174,5,3460.8,9.654014708917767,5,26.2,9.654014708917737,5,96.2,5.761944116355174,5
pooled_snapshot,GIN,pooled,learned_benefit,0.1,0.5765329442221739,0.01972140555428776,5,0.470681339063692,0.0058355133051700625,5,0.324223602484472,0.005196646127540838,5,0.8586911267239137,0.012344108101828266,5,0.5162442589025461,0.005948211564822955,5,0.039967105263157846,0.004190583768946903,5,2.3574561403508776,0.2451828922697138,5,0.016666666666666618,0.0003574124125659199,5,3648.0,0.0,5,161.0,0.0,5,52.2,0.8366600265340753,5,3478.4,0.894427190999954,5,8.6,0.8944271909999161,5,108.8,0.8366600265340762,5
pooled_snapshot,GIN,pooled,learned_benefit,0.25,0.5769401746065477,0.016161092422552353,5,0.5354216571827409,0.07092111471892146,5,0.45714285714285713,0.15369376646864205,5,0.7297737065913037,0.1278820659594933,5,0.548233736745708,0.043038447573107555,5,0.13442982456140345,0.01918624672329579,5,9.484649122807017,8.130872466423936,5,0.029660087719298178,0.014887922330573062,5,3648.0,0.0,5,161.0,0.0,5,73.6,24.744696401451364,5,3452.4,29.66142275751451,5,34.6,29.661422757514515,5,87.4,24.744696401451364,5
pooled_snapshot,GIN,pooled,learned_benefit,0.5,0.5810825934489803,0.016454806419360084,5,0.5346788661731434,0.0699411022556797,5,0.45714285714285713,0.15369376646864205,5,0.7283370468415319,0.12970522514351482,5,0.5474463375677728,0.04204453109752047,5,0.45975877192982456,0.013456330930996777,5,9.594298245614034,8.278327231656522,5,0.0297697368421052,0.0150350799626124,5,3648.0,0.0,5,161.0,0.0,5,73.6,24.744696401451364,5,3452.0,30.199337741082978,5,35.0,30.199337741083,5,87.4,24.744696401451364,5
pooled_snapshot,GIN,pooled,learned_benefit,0.75,0.5795228395488967,0.01604939889067002,5,0.5343128225594362,0.06959950163334429,5,0.45714285714285713,0.15369376646864205,5,0.72759805313084,0.13068872874646575,5,0.5470491338026856,0.04180352494207021,5,0.7889254385964912,0.038827345049932245,5,9.649122807017543,8.347028220687829,5,0.02982456140350872,0.015098419441804482,5,3648.0,0.0,5,161.0,0.0,5,73.6,24.744696401451364,5,3451.8,30.44995894906922,5,35.2,30.449958949069206,5,87.4,24.744696401451364,5
pooled_snapshot,GIN,pooled,learned_benefit,1.0,0.5777504114159457,0.01704935775825964,5,0.5343128225594362,0.06959950163334429,5,0.45714285714285713,0.15369376646864205,5,0.72759805313084,0.13068872874646575,5,0.5470491338026856,0.04180352494207021,5,1.0,0.0,5,9.649122807017543,8.347028220687829,5,0.02982456140350872,0.015098419441804482,5,3648.0,0.0,5,161.0,0.0,5,73.6,24.744696401451364,5,3451.8,30.44995894906922,5,35.2,30.449958949069206,5,87.4,24.744696401451364,5
pooled_snapshot,GIN,pooled,local,0.0,0.5567334079874968,0.011335169310074208,5,0.513941947784436,0.027081922853404862,5,0.4024844720496894,0.035788472772392395,5,0.7188912205680499,0.06944621794779585,5,0.5216517410125716,0.029509004185762567,5,0.0,0.0,5,7.182017543859649,2.6463856109971866,5,0.02494517543859644,0.0037585825660093773,5,3648.0,0.0,5,161.0,0.0,5,64.8,5.761944116355174,5,3460.8,9.654014708917767,5,26.2,9.654014708917737,5,96.2,5.761944116355174,5
pooled_snapshot,GIN,pooled,margin,0.0,0.5567334079874968,0.011335169310074208,5,0.513941947784436,0.027081922853404862,5,0.4024844720496894,0.035788472772392395,5,0.7188912205680499,0.06944621794779585,5,0.5216517410125716,0.029509004185762567,5,0.0,0.0,5,7.182017543859649,2.6463856109971866,5,0.02494517543859644,0.0037585825660093773,5,3648.0,0.0,5,161.0,0.0,5,64.8,5.761944116355174,5,3460.8,9.654014708917767,5,26.2,9.654014708917737,5,96.2,5.761944116355174,5
pooled_snapshot,GIN,pooled,margin,0.1,0.5550471957567044,0.017192788409629477,5,0.5308116660964762,0.07607021996083188,5,0.44596273291925465,0.16205110593621114,5,0.7582281315840279,0.13934489046257914,5,0.5504423048667179,0.04309859001556448,5,0.059703947368420995,0.0012621561878532008,5,8.552631578947368,8.49648051333136,5,0.02823464912280696,0.015637018308061048,5,3648.0,0.0,5,161.0,0.0,5,71.8,26.090228055729984,5,3455.8,30.99516091263286,5,31.2,30.995160912632798,5,89.2,26.090228055729984,5
pooled_snapshot,GIN,pooled,margin,0.25,0.5699724000228381,0.007598389496734432,5,0.5364703382627911,0.06991696150595669,5,0.4645962732919255,0.15018988020414786,5,0.7121755416800266,0.1328397626781244,5,0.5457961518822291,0.04471858401834577,5,0.1690241228070175,0.015729968281078338,5,10.307017543859649,7.96514277600446,5,0.030811403508771863,0.014533162942045022,5,3648.0,0.0,5,161.0,0.0,5,74.8,24.1805707128678,5,3449.4,29.056840846864286,5,37.6,29.056840846864272,5,86.2,24.1805707128678,5
pooled_snapshot,GIN,pooled,margin,0.5,0.5690210656539849,0.006625781887245177,5,0.5346788661731434,0.0699411022556797,5,0.45714285714285713,0.15369376646864205,5,0.7283370468415319,0.12970522514351482,5,0.5474463375677728,0.04204453109752047,5,0.47642543859649117,0.027918166442052555,5,9.594298245614034,8.278327231656522,5,0.0297697368421052,0.0150350799626124,5,3648.0,0.0,5,161.0,0.0,5,73.6,24.744696401451364,5,3452.0,30.199337741082978,5,35.0,30.199337741083,5,87.4,24.744696401451364,5
pooled_snapshot,GIN,pooled,margin,0.75,0.575730868465695,0.01683412229790316,5,0.5343128225594362,0.06959950163334429,5,0.45714285714285713,0.15369376646864205,5,0.72759805313084,0.13068872874646575,5,0.5470491338026856,0.04180352494207021,5,0.7875548245614035,0.016959098789728577,5,9.649122807017543,8.347028220687829,5,0.02982456140350872,0.015098419441804482,5,3648.0,0.0,5,161.0,0.0,5,73.6,24.744696401451364,5,3451.8,30.44995894906922,5,35.2,30.449958949069206,5,87.4,24.744696401451364,5
pooled_snapshot,GIN,pooled,margin,1.0,0.5777504114159457,0.01704935775825964,5,0.5343128225594362,0.06959950163334429,5,0.45714285714285713,0.15369376646864205,5,0.72759805313084,0.13068872874646575,5,0.5470491338026856,0.04180352494207021,5,1.0,0.0,5,9.649122807017543,8.347028220687829,5,0.02982456140350872,0.015098419441804482,5,3648.0,0.0,5,161.0,0.0,5,73.6,24.744696401451364,5,3451.8,30.44995894906922,5,35.2,30.449958949069206,5,87.4,24.744696401451364,5
pooled_snapshot,GIN,pooled,random,0.0,0.5567334079874968,0.011335169310074208,5,0.513941947784436,0.027081922853404862,5,0.4024844720496894,0.035788472772392374,5,0.7188912205680499,0.06944621794779583,5,0.5216517410125716,0.029509004185762567,5,0.0,0.0,5,7.182017543859649,2.6463856109971866,5,0.02494517543859644,0.0037585825660093773,5,3648.0,0.0,5,161.0,0.0,5,64.8,5.761944116355174,5,3460.8,9.654014708917767,5,26.2,9.654014708917737,5,96.2,5.761944116355174,5
pooled_snapshot,GIN,pooled,random,0.1,0.5571046196681978,0.011546441334231845,5,0.5335064898864085,0.04092854160116396,5,0.45175983436853,0.08122699683802391,5,0.6916990613128063,0.07691898084577191,5,0.5362831105202922,0.036982681115605716,5,0.09819078947368418,0.005624752411249112,5,9.831871345029239,4.5027214949823575,5,0.02976973684210521,0.007845799344357472,5,3648.0,0.0,5,161.0,0.0,5,72.73333333333332,13.077546490921847,5,3451.1333333333337,16.42592801369553,5,35.86666666666667,16.425928013695636,5,88.26666666666668,13.077546490921847,5
pooled_snapshot,GIN,pooled,random,0.25,0.5584603938467334,0.009070392917290478,5,0.5362482823321452,0.03943204843689164,5,0.44513457556935815,0.08883411160631444,5,0.7161547849642071,0.08879718840677478,5,0.5424676875637248,0.023307598039775244,5,0.249141081871345,0.00665045256344805,5,8.863304093567251,5.3240705891656495,5,0.02850877192982451,0.009192315042273693,5,3648.0,0.0,5,161.0,0.0,5,71.66666666666667,14.302291968616624,5,3454.6666666666665,19.422209509276275,5,32.333333333333336,19.42220950927629,5,89.33333333333333,14.302291968616622,5
pooled_snapshot,GIN,pooled,random,0.5,0.5639102611020115,0.00815129020046171,5,0.526747611921511,0.032056306318968816,5,0.43602484472049685,0.07960386558390523,5,0.7150204866102543,0.0793754400132177,5,0.5350730131366541,0.017538792148723222,5,0.4999451754385965,0.0052667576982310315,5,8.863304093567251,4.957422524508602,5,0.028106725146198785,0.008451403675993322,5,3648.0,0.0,5,161.0,0.0,5,70.2,12.816222359008739,5,3454.6666666666665,18.084677369407334,5,32.33333333333333,18.084677369407384,5,90.8,12.81622235900874,5
pooled_snapshot,GIN,pooled,random,0.75,0.5698743812519217,0.016225031556696565,5,0.5382956309066838,0.05825259251239863,5,0.4683229813664596,0.14102555559479787,5,0.7033228283163956,0.11217978888925882,5,0.5455128268045888,0.03594608433653853,5,0.7506030701754386,0.006501585846826076,5,10.727339181286549,8.2458886393555,5,0.0313961988304093,0.014444448375017224,5,3648.0,0.0,5,161.0,0.0,5,75.4,22.705114450762455,5,3447.8666666666663,30.0810017563689,5,39.13333333333333,30.081001756368863,5,85.6,22.70511445076246,5
pooled_snapshot,GIN,pooled,random,1.0,0.5777504114159457,0.01704935775825964,5,0.5343128225594362,0.06959950163334429,5,0.45714285714285713,0.15369376646864205,5,0.72759805313084,0.13068872874646575,5,0.5470491338026856,0.04180352494207021,5,1.0,0.0,5,9.649122807017543,8.347028220687829,5,0.02982456140350872,0.015098419441804484,5,3648.0,0.0,5,161.0,0.0,5,73.6,24.744696401451364,5,3451.8,30.44995894906922,5,35.2,30.449958949069206,5,87.4,24.744696401451364,5
pooled_snapshot,GIN,pooled,relational_MLP,-1.0,0.5624507232206712,0.006965474124980457,5,0.5607319942165738,0.039523504578821686,5,0.5490683229813664,0.11347946774270094,5,0.6081269032737391,0.10649723856209907,5,0.5507285744066779,0.022851877091875,5,,,0,17.37938596491228,7.974571215356371,5,0.04161184210526312,0.012932380773558233,5,3648.0,0.0,5,161.0,0.0,5,88.4,18.270194306574847,5,3423.6,29.091235793620044,5,63.4,29.091235793620044,5,72.6,18.270194306574847,5
pooled_snapshot,GIN,pooled,threshold_only,0.0,0.5567334079874968,0.011335169310074208,5,0.4809727141620641,0.16156607758115674,5,0.44596273291925465,0.23595945481905622,5,0.650256249214071,0.09036960220104803,5,0.4947347826720506,0.1183184187868495,5,0.0,0.0,5,12.774122807017545,9.357590663208136,5,0.03245614035087716,0.019754537936940736,5,3648.0,0.0,5,161.0,0.0,5,71.8,37.98947222586805,5,3440.4,34.136490739383284,5,46.6,34.13649073938327,5,89.2,37.98947222586805,5
