experiment_id,run_id,seed,backbone,chain_scope,path,bin,lower,upper,N,N_positive,mean_probability,observed_rate,observed_rate_wilson_low,observed_rate_wilson_high
loco_bsc,selectivestream_r01_20261011,11,GIN,pooled,all,0,0.0,0.1,1082,12,0.02857084756515497,0.011090573012939002,0.006355514652872319,0.01928493091542625
loco_bsc,selectivestream_r01_20261011,11,GIN,pooled,all,1,0.1,0.2,21,6,0.146706234027008,0.2857142857142857,0.1381386295212241,0.49956380716085
loco_bsc,selectivestream_r01_20261011,11,GIN,pooled,all,2,0.2,0.3,10,3,0.24959180928245056,0.3,0.10779126740630399,0.6032218525388472
loco_bsc,selectivestream_r01_20261011,11,GIN,pooled,all,3,0.3,0.4,4,2,0.35141496640988384,0.5,0.1500389891521544,0.8499610108478456
loco_bsc,selectivestream_r01_20261011,11,GIN,pooled,all,4,0.4,0.5,3,0,0.4601856237500876,0.0,0.0,0.561497031755032
loco_bsc,selectivestream_r01_20261011,11,GIN,pooled,all,5,0.5,0.6,1,1,0.5714165776725427,1.0,0.20654931437724644,0.9999999999999999
loco_bsc,selectivestream_r01_20261011,11,GIN,pooled,all,6,0.6,0.7,1,1,0.6834153957714686,1.0,0.20654931437724644,0.9999999999999999
loco_bsc,selectivestream_r01_20261011,11,GIN,pooled,all,7,0.7,0.8,0,0,,,,
loco_bsc,selectivestream_r01_20261011,11,GIN,pooled,all,8,0.8,0.9,0,0,,,,
loco_bsc,selectivestream_r01_20261011,11,GIN,pooled,all,9,0.9,1.0,3,0,0.9569244950784519,0.0,0.0,0.561497031755032
loco_bsc,selectivestream_r01_20261011,11,GIN,pooled,direct,0,0.0,0.1,1016,8,0.027490158081012732,0.007874015748031496,0.003995187567282622,0.015460247048640748
loco_bsc,selectivestream_r01_20261011,11,GIN,pooled,direct,1,0.1,0.2,0,0,,,,
loco_bsc,selectivestream_r01_20261011,11,GIN,pooled,direct,2,0.2,0.3,0,0,,,,
loco_bsc,selectivestream_r01_20261011,11,GIN,pooled,direct,3,0.3,0.4,0,0,,,,
loco_bsc,selectivestream_r01_20261011,11,GIN,pooled,direct,4,0.4,0.5,0,0,,,,
loco_bsc,selectivestream_r01_20261011,11,GIN,pooled,direct,5,0.5,0.6,0,0,,,,
loco_bsc,selectivestream_r01_20261011,11,GIN,pooled,direct,6,0.6,0.7,0,0,,,,
loco_bsc,selectivestream_r01_20261011,11,GIN,pooled,direct,7,0.7,0.8,0,0,,,,
loco_bsc,selectivestream_r01_20261011,11,GIN,pooled,direct,8,0.8,0.9,0,0,,,,
loco_bsc,selectivestream_r01_20261011,11,GIN,pooled,direct,9,0.9,1.0,0,0,,,,
loco_bsc,selectivestream_r01_20261011,11,GIN,pooled,escalated,0,0.0,0.1,66,4,0.045206915987708166,0.06060606060606061,0.02381861483231893,0.14572908678563912
loco_bsc,selectivestream_r01_20261011,11,GIN,pooled,escalated,1,0.1,0.2,21,6,0.146706234027008,0.2857142857142857,0.1381386295212241,0.49956380716085
loco_bsc,selectivestream_r01_20261011,11,GIN,pooled,escalated,2,0.2,0.3,10,3,0.24959180928245056,0.3,0.10779126740630399,0.6032218525388472
loco_bsc,selectivestream_r01_20261011,11,GIN,pooled,escalated,3,0.3,0.4,4,2,0.35141496640988384,0.5,0.1500389891521544,0.8499610108478456
loco_bsc,selectivestream_r01_20261011,11,GIN,pooled,escalated,4,0.4,0.5,3,0,0.4601856237500876,0.0,0.0,0.561497031755032
loco_bsc,selectivestream_r01_20261011,11,GIN,pooled,escalated,5,0.5,0.6,1,1,0.5714165776725427,1.0,0.20654931437724644,0.9999999999999999
loco_bsc,selectivestream_r01_20261011,11,GIN,pooled,escalated,6,0.6,0.7,1,1,0.6834153957714686,1.0,0.20654931437724644,0.9999999999999999
loco_bsc,selectivestream_r01_20261011,11,GIN,pooled,escalated,7,0.7,0.8,0,0,,,,
loco_bsc,selectivestream_r01_20261011,11,GIN,pooled,escalated,8,0.8,0.9,0,0,,,,
loco_bsc,selectivestream_r01_20261011,11,GIN,pooled,escalated,9,0.9,1.0,3,0,0.9569244950784519,0.0,0.0,0.561497031755032
loco_bsc,selectivestream_r01_20261011,11,GIN,bsc,all,0,0.0,0.1,1082,12,0.02857084756515497,0.011090573012939002,0.006355514652872319,0.01928493091542625
loco_bsc,selectivestream_r01_20261011,11,GIN,bsc,all,1,0.1,0.2,21,6,0.146706234027008,0.2857142857142857,0.1381386295212241,0.49956380716085
loco_bsc,selectivestream_r01_20261011,11,GIN,bsc,all,2,0.2,0.3,10,3,0.24959180928245056,0.3,0.10779126740630399,0.6032218525388472
loco_bsc,selectivestream_r01_20261011,11,GIN,bsc,all,3,0.3,0.4,4,2,0.35141496640988384,0.5,0.1500389891521544,0.8499610108478456
loco_bsc,selectivestream_r01_20261011,11,GIN,bsc,all,4,0.4,0.5,3,0,0.4601856237500876,0.0,0.0,0.561497031755032
loco_bsc,selectivestream_r01_20261011,11,GIN,bsc,all,5,0.5,0.6,1,1,0.5714165776725427,1.0,0.20654931437724644,0.9999999999999999
loco_bsc,selectivestream_r01_20261011,11,GIN,bsc,all,6,0.6,0.7,1,1,0.6834153957714686,1.0,0.20654931437724644,0.9999999999999999
loco_bsc,selectivestream_r01_20261011,11,GIN,bsc,all,7,0.7,0.8,0,0,,,,
loco_bsc,selectivestream_r01_20261011,11,GIN,bsc,all,8,0.8,0.9,0,0,,,,
loco_bsc,selectivestream_r01_20261011,11,GIN,bsc,all,9,0.9,1.0,3,0,0.9569244950784519,0.0,0.0,0.561497031755032
loco_bsc,selectivestream_r01_20261011,11,GIN,bsc,direct,0,0.0,0.1,1016,8,0.027490158081012732,0.007874015748031496,0.003995187567282622,0.015460247048640748
loco_bsc,selectivestream_r01_20261011,11,GIN,bsc,direct,1,0.1,0.2,0,0,,,,
loco_bsc,selectivestream_r01_20261011,11,GIN,bsc,direct,2,0.2,0.3,0,0,,,,
loco_bsc,selectivestream_r01_20261011,11,GIN,bsc,direct,3,0.3,0.4,0,0,,,,
loco_bsc,selectivestream_r01_20261011,11,GIN,bsc,direct,4,0.4,0.5,0,0,,,,
loco_bsc,selectivestream_r01_20261011,11,GIN,bsc,direct,5,0.5,0.6,0,0,,,,
loco_bsc,selectivestream_r01_20261011,11,GIN,bsc,direct,6,0.6,0.7,0,0,,,,
loco_bsc,selectivestream_r01_20261011,11,GIN,bsc,direct,7,0.7,0.8,0,0,,,,
loco_bsc,selectivestream_r01_20261011,11,GIN,bsc,direct,8,0.8,0.9,0,0,,,,
loco_bsc,selectivestream_r01_20261011,11,GIN,bsc,direct,9,0.9,1.0,0,0,,,,
loco_bsc,selectivestream_r01_20261011,11,GIN,bsc,escalated,0,0.0,0.1,66,4,0.045206915987708166,0.06060606060606061,0.02381861483231893,0.14572908678563912
loco_bsc,selectivestream_r01_20261011,11,GIN,bsc,escalated,1,0.1,0.2,21,6,0.146706234027008,0.2857142857142857,0.1381386295212241,0.49956380716085
loco_bsc,selectivestream_r01_20261011,11,GIN,bsc,escalated,2,0.2,0.3,10,3,0.24959180928245056,0.3,0.10779126740630399,0.6032218525388472
loco_bsc,selectivestream_r01_20261011,11,GIN,bsc,escalated,3,0.3,0.4,4,2,0.35141496640988384,0.5,0.1500389891521544,0.8499610108478456
loco_bsc,selectivestream_r01_20261011,11,GIN,bsc,escalated,4,0.4,0.5,3,0,0.4601856237500876,0.0,0.0,0.561497031755032
loco_bsc,selectivestream_r01_20261011,11,GIN,bsc,escalated,5,0.5,0.6,1,1,0.5714165776725427,1.0,0.20654931437724644,0.9999999999999999
loco_bsc,selectivestream_r01_20261011,11,GIN,bsc,escalated,6,0.6,0.7,1,1,0.6834153957714686,1.0,0.20654931437724644,0.9999999999999999
loco_bsc,selectivestream_r01_20261011,11,GIN,bsc,escalated,7,0.7,0.8,0,0,,,,
loco_bsc,selectivestream_r01_20261011,11,GIN,bsc,escalated,8,0.8,0.9,0,0,,,,
loco_bsc,selectivestream_r01_20261011,11,GIN,bsc,escalated,9,0.9,1.0,3,0,0.9569244950784519,0.0,0.0,0.561497031755032
loco_bsc,selectivestream_r01_20261011,22,GIN,pooled,all,0,0.0,0.1,1084,13,0.030548952787559924,0.011992619926199263,0.007021804200332203,0.020410004523932095
loco_bsc,selectivestream_r01_20261011,22,GIN,pooled,all,1,0.1,0.2,18,4,0.15635677845602097,0.2222222222222222,0.09000928108601916,0.4521458431621196
loco_bsc,selectivestream_r01_20261011,22,GIN,pooled,all,2,0.2,0.3,7,2,0.24448546829724177,0.2857142857142857,0.08221892400405939,0.6410655481673726
loco_bsc,selectivestream_r01_20261011,22,GIN,pooled,all,3,0.3,0.4,4,1,0.35373501289958387,0.25,0.04558726080970238,0.6993581574175893
loco_bsc,selectivestream_r01_20261011,22,GIN,pooled,all,4,0.4,0.5,2,1,0.4506762938959201,0.5,0.09453120573423457,0.9054687942657654
loco_bsc,selectivestream_r01_20261011,22,GIN,pooled,all,5,0.5,0.6,4,1,0.5505862805748517,0.25,0.04558726080970238,0.6993581574175893
loco_bsc,selectivestream_r01_20261011,22,GIN,pooled,all,6,0.6,0.7,2,2,0.6159143854605691,1.0,0.34238022750666547,1.0
loco_bsc,selectivestream_r01_20261011,22,GIN,pooled,all,7,0.7,0.8,1,1,0.7270466792739845,1.0,0.20654931437724644,0.9999999999999999
loco_bsc,selectivestream_r01_20261011,22,GIN,pooled,all,8,0.8,0.9,1,0,0.8342784883030265,0.0,0.0,0.7934506856227534
loco_bsc,selectivestream_r01_20261011,22,GIN,pooled,all,9,0.9,1.0,2,0,0.9750172846529045,0.0,0.0,0.6576197724933345
loco_bsc,selectivestream_r01_20261011,22,GIN,pooled,direct,0,0.0,0.1,1023,9,0.030152721582225962,0.008797653958944282,0.004635291348554824,0.016635235501596297
loco_bsc,selectivestream_r01_20261011,22,GIN,pooled,direct,1,0.1,0.2,0,0,,,,
loco_bsc,selectivestream_r01_20261011,22,GIN,pooled,direct,2,0.2,0.3,0,0,,,,
loco_bsc,selectivestream_r01_20261011,22,GIN,pooled,direct,3,0.3,0.4,0,0,,,,
loco_bsc,selectivestream_r01_20261011,22,GIN,pooled,direct,4,0.4,0.5,0,0,,,,
loco_bsc,selectivestream_r01_20261011,22,GIN,pooled,direct,5,0.5,0.6,0,0,,,,
loco_bsc,selectivestream_r01_20261011,22,GIN,pooled,direct,6,0.6,0.7,0,0,,,,
loco_bsc,selectivestream_r01_20261011,22,GIN,pooled,direct,7,0.7,0.8,0,0,,,,
loco_bsc,selectivestream_r01_20261011,22,GIN,pooled,direct,8,0.8,0.9,0,0,,,,
loco_bsc,selectivestream_r01_20261011,22,GIN,pooled,direct,9,0.9,1.0,0,0,,,,
loco_bsc,selectivestream_r01_20261011,22,GIN,pooled,escalated,0,0.0,0.1,61,4,0.03719394496881634,0.06557377049180328,0.025793704489567193,0.15682801679895442
loco_bsc,selectivestream_r01_20261011,22,GIN,pooled,escalated,1,0.1,0.2,18,4,0.15635677845602097,0.2222222222222222,0.09000928108601916,0.4521458431621196
loco_bsc,selectivestream_r01_20261011,22,GIN,pooled,escalated,2,0.2,0.3,7,2,0.24448546829724177,0.2857142857142857,0.08221892400405939,0.6410655481673726
loco_bsc,selectivestream_r01_20261011,22,GIN,pooled,escalated,3,0.3,0.4,4,1,0.35373501289958387,0.25,0.04558726080970238,0.6993581574175893
loco_bsc,selectivestream_r01_20261011,22,GIN,pooled,escalated,4,0.4,0.5,2,1,0.4506762938959201,0.5,0.09453120573423457,0.9054687942657654
loco_bsc,selectivestream_r01_20261011,22,GIN,pooled,escalated,5,0.5,0.6,4,1,0.5505862805748517,0.25,0.04558726080970238,0.6993581574175893
loco_bsc,selectivestream_r01_20261011,22,GIN,pooled,escalated,6,0.6,0.7,2,2,0.6159143854605691,1.0,0.34238022750666547,1.0
loco_bsc,selectivestream_r01_20261011,22,GIN,pooled,escalated,7,0.7,0.8,1,1,0.7270466792739845,1.0,0.20654931437724644,0.9999999999999999
loco_bsc,selectivestream_r01_20261011,22,GIN,pooled,escalated,8,0.8,0.9,1,0,0.8342784883030265,0.0,0.0,0.7934506856227534
loco_bsc,selectivestream_r01_20261011,22,GIN,pooled,escalated,9,0.9,1.0,2,0,0.9750172846529045,0.0,0.0,0.6576197724933345
loco_bsc,selectivestream_r01_20261011,22,GIN,bsc,all,0,0.0,0.1,1084,13,0.030548952787559924,0.011992619926199263,0.007021804200332203,0.020410004523932095
loco_bsc,selectivestream_r01_20261011,22,GIN,bsc,all,1,0.1,0.2,18,4,0.15635677845602097,0.2222222222222222,0.09000928108601916,0.4521458431621196
loco_bsc,selectivestream_r01_20261011,22,GIN,bsc,all,2,0.2,0.3,7,2,0.24448546829724177,0.2857142857142857,0.08221892400405939,0.6410655481673726
loco_bsc,selectivestream_r01_20261011,22,GIN,bsc,all,3,0.3,0.4,4,1,0.35373501289958387,0.25,0.04558726080970238,0.6993581574175893
loco_bsc,selectivestream_r01_20261011,22,GIN,bsc,all,4,0.4,0.5,2,1,0.4506762938959201,0.5,0.09453120573423457,0.9054687942657654
loco_bsc,selectivestream_r01_20261011,22,GIN,bsc,all,5,0.5,0.6,4,1,0.5505862805748517,0.25,0.04558726080970238,0.6993581574175893
loco_bsc,selectivestream_r01_20261011,22,GIN,bsc,all,6,0.6,0.7,2,2,0.6159143854605691,1.0,0.34238022750666547,1.0
loco_bsc,selectivestream_r01_20261011,22,GIN,bsc,all,7,0.7,0.8,1,1,0.7270466792739845,1.0,0.20654931437724644,0.9999999999999999
loco_bsc,selectivestream_r01_20261011,22,GIN,bsc,all,8,0.8,0.9,1,0,0.8342784883030265,0.0,0.0,0.7934506856227534
loco_bsc,selectivestream_r01_20261011,22,GIN,bsc,all,9,0.9,1.0,2,0,0.9750172846529045,0.0,0.0,0.6576197724933345
loco_bsc,selectivestream_r01_20261011,22,GIN,bsc,direct,0,0.0,0.1,1023,9,0.030152721582225962,0.008797653958944282,0.004635291348554824,0.016635235501596297
loco_bsc,selectivestream_r01_20261011,22,GIN,bsc,direct,1,0.1,0.2,0,0,,,,
loco_bsc,selectivestream_r01_20261011,22,GIN,bsc,direct,2,0.2,0.3,0,0,,,,
loco_bsc,selectivestream_r01_20261011,22,GIN,bsc,direct,3,0.3,0.4,0,0,,,,
loco_bsc,selectivestream_r01_20261011,22,GIN,bsc,direct,4,0.4,0.5,0,0,,,,
loco_bsc,selectivestream_r01_20261011,22,GIN,bsc,direct,5,0.5,0.6,0,0,,,,
loco_bsc,selectivestream_r01_20261011,22,GIN,bsc,direct,6,0.6,0.7,0,0,,,,
loco_bsc,selectivestream_r01_20261011,22,GIN,bsc,direct,7,0.7,0.8,0,0,,,,
loco_bsc,selectivestream_r01_20261011,22,GIN,bsc,direct,8,0.8,0.9,0,0,,,,
loco_bsc,selectivestream_r01_20261011,22,GIN,bsc,direct,9,0.9,1.0,0,0,,,,
loco_bsc,selectivestream_r01_20261011,22,GIN,bsc,escalated,0,0.0,0.1,61,4,0.03719394496881634,0.06557377049180328,0.025793704489567193,0.15682801679895442
loco_bsc,selectivestream_r01_20261011,22,GIN,bsc,escalated,1,0.1,0.2,18,4,0.15635677845602097,0.2222222222222222,0.09000928108601916,0.4521458431621196
loco_bsc,selectivestream_r01_20261011,22,GIN,bsc,escalated,2,0.2,0.3,7,2,0.24448546829724177,0.2857142857142857,0.08221892400405939,0.6410655481673726
loco_bsc,selectivestream_r01_20261011,22,GIN,bsc,escalated,3,0.3,0.4,4,1,0.35373501289958387,0.25,0.04558726080970238,0.6993581574175893
loco_bsc,selectivestream_r01_20261011,22,GIN,bsc,escalated,4,0.4,0.5,2,1,0.4506762938959201,0.5,0.09453120573423457,0.9054687942657654
loco_bsc,selectivestream_r01_20261011,22,GIN,bsc,escalated,5,0.5,0.6,4,1,0.5505862805748517,0.25,0.04558726080970238,0.6993581574175893
loco_bsc,selectivestream_r01_20261011,22,GIN,bsc,escalated,6,0.6,0.7,2,2,0.6159143854605691,1.0,0.34238022750666547,1.0
loco_bsc,selectivestream_r01_20261011,22,GIN,bsc,escalated,7,0.7,0.8,1,1,0.7270466792739845,1.0,0.20654931437724644,0.9999999999999999
loco_bsc,selectivestream_r01_20261011,22,GIN,bsc,escalated,8,0.8,0.9,1,0,0.8342784883030265,0.0,0.0,0.7934506856227534
loco_bsc,selectivestream_r01_20261011,22,GIN,bsc,escalated,9,0.9,1.0,2,0,0.9750172846529045,0.0,0.0,0.6576197724933345
loco_bsc,selectivestream_r01_20261011,33,GIN,pooled,all,0,0.0,0.1,1076,18,0.030878494625791057,0.016728624535315983,0.010607482816697154,0.02628817301800767
loco_bsc,selectivestream_r01_20261011,33,GIN,pooled,all,1,0.1,0.2,32,2,0.1388478888883542,0.0625,0.01731056703164152,0.20147123144154067
loco_bsc,selectivestream_r01_20261011,33,GIN,pooled,all,2,0.2,0.3,5,2,0.2324771795335602,0.4,0.11762077423265177,0.7692757187239805
loco_bsc,selectivestream_r01_20261011,33,GIN,pooled,all,3,0.3,0.4,3,1,0.3569822718911136,0.3333333333333333,0.061491944720398706,0.7923403991979452
loco_bsc,selectivestream_r01_20261011,33,GIN,pooled,all,4,0.4,0.5,3,1,0.4514696062216428,0.3333333333333333,0.061491944720398706,0.7923403991979452
loco_bsc,selectivestream_r01_20261011,33,GIN,pooled,all,5,0.5,0.6,2,0,0.5603617361112572,0.0,0.0,0.6576197724933345
loco_bsc,selectivestream_r01_20261011,33,GIN,pooled,all,6,0.6,0.7,0,0,,,,
loco_bsc,selectivestream_r01_20261011,33,GIN,pooled,all,7,0.7,0.8,1,1,0.768236479760566,1.0,0.20654931437724644,0.9999999999999999
loco_bsc,selectivestream_r01_20261011,33,GIN,pooled,all,8,0.8,0.9,0,0,,,,
loco_bsc,selectivestream_r01_20261011,33,GIN,pooled,all,9,0.9,1.0,3,0,0.9590277810400311,0.0,0.0,0.561497031755032
loco_bsc,selectivestream_r01_20261011,33,GIN,pooled,direct,0,0.0,0.1,996,10,0.029141778949148166,0.010040160642570281,0.005462640359589847,0.018382598913459253
loco_bsc,selectivestream_r01_20261011,33,GIN,pooled,direct,1,0.1,0.2,0,0,,,,
loco_bsc,selectivestream_r01_20261011,33,GIN,pooled,direct,2,0.2,0.3,0,0,,,,
loco_bsc,selectivestream_r01_20261011,33,GIN,pooled,direct,3,0.3,0.4,0,0,,,,
loco_bsc,selectivestream_r01_20261011,33,GIN,pooled,direct,4,0.4,0.5,0,0,,,,
loco_bsc,selectivestream_r01_20261011,33,GIN,pooled,direct,5,0.5,0.6,0,0,,,,
loco_bsc,selectivestream_r01_20261011,33,GIN,pooled,direct,6,0.6,0.7,0,0,,,,
loco_bsc,selectivestream_r01_20261011,33,GIN,pooled,direct,7,0.7,0.8,0,0,,,,
loco_bsc,selectivestream_r01_20261011,33,GIN,pooled,direct,8,0.8,0.9,0,0,,,,
loco_bsc,selectivestream_r01_20261011,33,GIN,pooled,direct,9,0.9,1.0,0,0,,,,
loco_bsc,selectivestream_r01_20261011,33,GIN,pooled,escalated,0,0.0,0.1,80,8,0.052500604799995076,0.1,0.051547615567381744,0.18510688806103803
loco_bsc,selectivestream_r01_20261011,33,GIN,pooled,escalated,1,0.1,0.2,32,2,0.1388478888883542,0.0625,0.01731056703164152,0.20147123144154067
loco_bsc,selectivestream_r01_20261011,33,GIN,pooled,escalated,2,0.2,0.3,5,2,0.2324771795335602,0.4,0.11762077423265177,0.7692757187239805
loco_bsc,selectivestream_r01_20261011,33,GIN,pooled,escalated,3,0.3,0.4,3,1,0.3569822718911136,0.3333333333333333,0.061491944720398706,0.7923403991979452
loco_bsc,selectivestream_r01_20261011,33,GIN,pooled,escalated,4,0.4,0.5,3,1,0.4514696062216428,0.3333333333333333,0.061491944720398706,0.7923403991979452
loco_bsc,selectivestream_r01_20261011,33,GIN,pooled,escalated,5,0.5,0.6,2,0,0.5603617361112572,0.0,0.0,0.6576197724933345
loco_bsc,selectivestream_r01_20261011,33,GIN,pooled,escalated,6,0.6,0.7,0,0,,,,
loco_bsc,selectivestream_r01_20261011,33,GIN,pooled,escalated,7,0.7,0.8,1,1,0.768236479760566,1.0,0.20654931437724644,0.9999999999999999
loco_bsc,selectivestream_r01_20261011,33,GIN,pooled,escalated,8,0.8,0.9,0,0,,,,
loco_bsc,selectivestream_r01_20261011,33,GIN,pooled,escalated,9,0.9,1.0,3,0,0.9590277810400311,0.0,0.0,0.561497031755032
loco_bsc,selectivestream_r01_20261011,33,GIN,bsc,all,0,0.0,0.1,1076,18,0.030878494625791057,0.016728624535315983,0.010607482816697154,0.02628817301800767
loco_bsc,selectivestream_r01_20261011,33,GIN,bsc,all,1,0.1,0.2,32,2,0.1388478888883542,0.0625,0.01731056703164152,0.20147123144154067
loco_bsc,selectivestream_r01_20261011,33,GIN,bsc,all,2,0.2,0.3,5,2,0.2324771795335602,0.4,0.11762077423265177,0.7692757187239805
loco_bsc,selectivestream_r01_20261011,33,GIN,bsc,all,3,0.3,0.4,3,1,0.3569822718911136,0.3333333333333333,0.061491944720398706,0.7923403991979452
loco_bsc,selectivestream_r01_20261011,33,GIN,bsc,all,4,0.4,0.5,3,1,0.4514696062216428,0.3333333333333333,0.061491944720398706,0.7923403991979452
loco_bsc,selectivestream_r01_20261011,33,GIN,bsc,all,5,0.5,0.6,2,0,0.5603617361112572,0.0,0.0,0.6576197724933345
loco_bsc,selectivestream_r01_20261011,33,GIN,bsc,all,6,0.6,0.7,0,0,,,,
loco_bsc,selectivestream_r01_20261011,33,GIN,bsc,all,7,0.7,0.8,1,1,0.768236479760566,1.0,0.20654931437724644,0.9999999999999999
loco_bsc,selectivestream_r01_20261011,33,GIN,bsc,all,8,0.8,0.9,0,0,,,,
loco_bsc,selectivestream_r01_20261011,33,GIN,bsc,all,9,0.9,1.0,3,0,0.9590277810400311,0.0,0.0,0.561497031755032
loco_bsc,selectivestream_r01_20261011,33,GIN,bsc,direct,0,0.0,0.1,996,10,0.029141778949148166,0.010040160642570281,0.005462640359589847,0.018382598913459253
loco_bsc,selectivestream_r01_20261011,33,GIN,bsc,direct,1,0.1,0.2,0,0,,,,
loco_bsc,selectivestream_r01_20261011,33,GIN,bsc,direct,2,0.2,0.3,0,0,,,,
loco_bsc,selectivestream_r01_20261011,33,GIN,bsc,direct,3,0.3,0.4,0,0,,,,
loco_bsc,selectivestream_r01_20261011,33,GIN,bsc,direct,4,0.4,0.5,0,0,,,,
loco_bsc,selectivestream_r01_20261011,33,GIN,bsc,direct,5,0.5,0.6,0,0,,,,
loco_bsc,selectivestream_r01_20261011,33,GIN,bsc,direct,6,0.6,0.7,0,0,,,,
loco_bsc,selectivestream_r01_20261011,33,GIN,bsc,direct,7,0.7,0.8,0,0,,,,
loco_bsc,selectivestream_r01_20261011,33,GIN,bsc,direct,8,0.8,0.9,0,0,,,,
loco_bsc,selectivestream_r01_20261011,33,GIN,bsc,direct,9,0.9,1.0,0,0,,,,
loco_bsc,selectivestream_r01_20261011,33,GIN,bsc,escalated,0,0.0,0.1,80,8,0.052500604799995076,0.1,0.051547615567381744,0.18510688806103803
loco_bsc,selectivestream_r01_20261011,33,GIN,bsc,escalated,1,0.1,0.2,32,2,0.1388478888883542,0.0625,0.01731056703164152,0.20147123144154067
loco_bsc,selectivestream_r01_20261011,33,GIN,bsc,escalated,2,0.2,0.3,5,2,0.2324771795335602,0.4,0.11762077423265177,0.7692757187239805
loco_bsc,selectivestream_r01_20261011,33,GIN,bsc,escalated,3,0.3,0.4,3,1,0.3569822718911136,0.3333333333333333,0.061491944720398706,0.7923403991979452
loco_bsc,selectivestream_r01_20261011,33,GIN,bsc,escalated,4,0.4,0.5,3,1,0.4514696062216428,0.3333333333333333,0.061491944720398706,0.7923403991979452
loco_bsc,selectivestream_r01_20261011,33,GIN,bsc,escalated,5,0.5,0.6,2,0,0.5603617361112572,0.0,0.0,0.6576197724933345
loco_bsc,selectivestream_r01_20261011,33,GIN,bsc,escalated,6,0.6,0.7,0,0,,,,
loco_bsc,selectivestream_r01_20261011,33,GIN,bsc,escalated,7,0.7,0.8,1,1,0.768236479760566,1.0,0.20654931437724644,0.9999999999999999
loco_bsc,selectivestream_r01_20261011,33,GIN,bsc,escalated,8,0.8,0.9,0,0,,,,
loco_bsc,selectivestream_r01_20261011,33,GIN,bsc,escalated,9,0.9,1.0,3,0,0.9590277810400311,0.0,0.0,0.561497031755032
loco_bsc,selectivestream_r01_20261011,44,GIN,pooled,all,0,0.0,0.1,1056,11,0.024141786497402874,0.010416666666666666,0.00582632801723104,0.01855605352259681
loco_bsc,selectivestream_r01_20261011,44,GIN,pooled,all,1,0.1,0.2,36,3,0.132915040695056,0.08333333333333333,0.02874861133599417,0.2182669124927215
loco_bsc,selectivestream_r01_20261011,44,GIN,pooled,all,2,0.2,0.3,10,6,0.25659253016547046,0.6,0.31267376973366456,0.8318196702937597
loco_bsc,selectivestream_r01_20261011,44,GIN,pooled,all,3,0.3,0.4,12,2,0.3478634552313414,0.16666666666666666,0.04696514218385531,0.4480308622529653
loco_bsc,selectivestream_r01_20261011,44,GIN,pooled,all,4,0.4,0.5,1,0,0.4605341335980613,0.0,0.0,0.7934506856227534
loco_bsc,selectivestream_r01_20261011,44,GIN,pooled,all,5,0.5,0.6,3,1,0.514179783106871,0.3333333333333333,0.061491944720398706,0.7923403991979452
loco_bsc,selectivestream_r01_20261011,44,GIN,pooled,all,6,0.6,0.7,1,0,0.6327218399670947,0.0,0.0,0.7934506856227534
loco_bsc,selectivestream_r01_20261011,44,GIN,pooled,all,7,0.7,0.8,2,1,0.7479434364197648,0.5,0.09453120573423457,0.9054687942657654
loco_bsc,selectivestream_r01_20261011,44,GIN,pooled,all,8,0.8,0.9,1,1,0.884432442691342,1.0,0.20654931437724644,0.9999999999999999
loco_bsc,selectivestream_r01_20261011,44,GIN,pooled,all,9,0.9,1.0,3,0,0.9651402214251025,0.0,0.0,0.561497031755032
loco_bsc,selectivestream_r01_20261011,44,GIN,pooled,direct,0,0.0,0.1,898,8,0.021428576145959347,0.008908685968819599,0.004520947609654479,0.017480102160933673
loco_bsc,selectivestream_r01_20261011,44,GIN,pooled,direct,1,0.1,0.2,0,0,,,,
loco_bsc,selectivestream_r01_20261011,44,GIN,pooled,direct,2,0.2,0.3,0,0,,,,
loco_bsc,selectivestream_r01_20261011,44,GIN,pooled,direct,3,0.3,0.4,0,0,,,,
loco_bsc,selectivestream_r01_20261011,44,GIN,pooled,direct,4,0.4,0.5,0,0,,,,
loco_bsc,selectivestream_r01_20261011,44,GIN,pooled,direct,5,0.5,0.6,0,0,,,,
loco_bsc,selectivestream_r01_20261011,44,GIN,pooled,direct,6,0.6,0.7,0,0,,,,
loco_bsc,selectivestream_r01_20261011,44,GIN,pooled,direct,7,0.7,0.8,2,1,0.7479434364197648,0.5,0.09453120573423457,0.9054687942657654
loco_bsc,selectivestream_r01_20261011,44,GIN,pooled,direct,8,0.8,0.9,1,1,0.884432442691342,1.0,0.20654931437724644,0.9999999999999999
loco_bsc,selectivestream_r01_20261011,44,GIN,pooled,direct,9,0.9,1.0,2,0,0.9826344099295763,0.0,0.0,0.6576197724933345
loco_bsc,selectivestream_r01_20261011,44,GIN,pooled,escalated,0,0.0,0.1,158,3,0.03956243773535404,0.0189873417721519,0.00647808372064794,0.054331173019909404
loco_bsc,selectivestream_r01_20261011,44,GIN,pooled,escalated,1,0.1,0.2,36,3,0.132915040695056,0.08333333333333333,0.02874861133599417,0.2182669124927215
loco_bsc,selectivestream_r01_20261011,44,GIN,pooled,escalated,2,0.2,0.3,10,6,0.25659253016547046,0.6,0.31267376973366456,0.8318196702937597
loco_bsc,selectivestream_r01_20261011,44,GIN,pooled,escalated,3,0.3,0.4,12,2,0.3478634552313414,0.16666666666666666,0.04696514218385531,0.4480308622529653
loco_bsc,selectivestream_r01_20261011,44,GIN,pooled,escalated,4,0.4,0.5,1,0,0.4605341335980613,0.0,0.0,0.7934506856227534
loco_bsc,selectivestream_r01_20261011,44,GIN,pooled,escalated,5,0.5,0.6,3,1,0.514179783106871,0.3333333333333333,0.061491944720398706,0.7923403991979452
loco_bsc,selectivestream_r01_20261011,44,GIN,pooled,escalated,6,0.6,0.7,1,0,0.6327218399670947,0.0,0.0,0.7934506856227534
loco_bsc,selectivestream_r01_20261011,44,GIN,pooled,escalated,7,0.7,0.8,0,0,,,,
loco_bsc,selectivestream_r01_20261011,44,GIN,pooled,escalated,8,0.8,0.9,0,0,,,,
loco_bsc,selectivestream_r01_20261011,44,GIN,pooled,escalated,9,0.9,1.0,1,0,0.9301518444161547,0.0,0.0,0.7934506856227534
loco_bsc,selectivestream_r01_20261011,44,GIN,bsc,all,0,0.0,0.1,1056,11,0.024141786497402874,0.010416666666666666,0.00582632801723104,0.01855605352259681
loco_bsc,selectivestream_r01_20261011,44,GIN,bsc,all,1,0.1,0.2,36,3,0.132915040695056,0.08333333333333333,0.02874861133599417,0.2182669124927215
loco_bsc,selectivestream_r01_20261011,44,GIN,bsc,all,2,0.2,0.3,10,6,0.25659253016547046,0.6,0.31267376973366456,0.8318196702937597
loco_bsc,selectivestream_r01_20261011,44,GIN,bsc,all,3,0.3,0.4,12,2,0.3478634552313414,0.16666666666666666,0.04696514218385531,0.4480308622529653
loco_bsc,selectivestream_r01_20261011,44,GIN,bsc,all,4,0.4,0.5,1,0,0.4605341335980613,0.0,0.0,0.7934506856227534
loco_bsc,selectivestream_r01_20261011,44,GIN,bsc,all,5,0.5,0.6,3,1,0.514179783106871,0.3333333333333333,0.061491944720398706,0.7923403991979452
loco_bsc,selectivestream_r01_20261011,44,GIN,bsc,all,6,0.6,0.7,1,0,0.6327218399670947,0.0,0.0,0.7934506856227534
loco_bsc,selectivestream_r01_20261011,44,GIN,bsc,all,7,0.7,0.8,2,1,0.7479434364197648,0.5,0.09453120573423457,0.9054687942657654
loco_bsc,selectivestream_r01_20261011,44,GIN,bsc,all,8,0.8,0.9,1,1,0.884432442691342,1.0,0.20654931437724644,0.9999999999999999
loco_bsc,selectivestream_r01_20261011,44,GIN,bsc,all,9,0.9,1.0,3,0,0.9651402214251025,0.0,0.0,0.561497031755032
loco_bsc,selectivestream_r01_20261011,44,GIN,bsc,direct,0,0.0,0.1,898,8,0.021428576145959347,0.008908685968819599,0.004520947609654479,0.017480102160933673
loco_bsc,selectivestream_r01_20261011,44,GIN,bsc,direct,1,0.1,0.2,0,0,,,,
loco_bsc,selectivestream_r01_20261011,44,GIN,bsc,direct,2,0.2,0.3,0,0,,,,
loco_bsc,selectivestream_r01_20261011,44,GIN,bsc,direct,3,0.3,0.4,0,0,,,,
loco_bsc,selectivestream_r01_20261011,44,GIN,bsc,direct,4,0.4,0.5,0,0,,,,
loco_bsc,selectivestream_r01_20261011,44,GIN,bsc,direct,5,0.5,0.6,0,0,,,,
loco_bsc,selectivestream_r01_20261011,44,GIN,bsc,direct,6,0.6,0.7,0,0,,,,
loco_bsc,selectivestream_r01_20261011,44,GIN,bsc,direct,7,0.7,0.8,2,1,0.7479434364197648,0.5,0.09453120573423457,0.9054687942657654
loco_bsc,selectivestream_r01_20261011,44,GIN,bsc,direct,8,0.8,0.9,1,1,0.884432442691342,1.0,0.20654931437724644,0.9999999999999999
loco_bsc,selectivestream_r01_20261011,44,GIN,bsc,direct,9,0.9,1.0,2,0,0.9826344099295763,0.0,0.0,0.6576197724933345
loco_bsc,selectivestream_r01_20261011,44,GIN,bsc,escalated,0,0.0,0.1,158,3,0.03956243773535404,0.0189873417721519,0.00647808372064794,0.054331173019909404
loco_bsc,selectivestream_r01_20261011,44,GIN,bsc,escalated,1,0.1,0.2,36,3,0.132915040695056,0.08333333333333333,0.02874861133599417,0.2182669124927215
loco_bsc,selectivestream_r01_20261011,44,GIN,bsc,escalated,2,0.2,0.3,10,6,0.25659253016547046,0.6,0.31267376973366456,0.8318196702937597
loco_bsc,selectivestream_r01_20261011,44,GIN,bsc,escalated,3,0.3,0.4,12,2,0.3478634552313414,0.16666666666666666,0.04696514218385531,0.4480308622529653
loco_bsc,selectivestream_r01_20261011,44,GIN,bsc,escalated,4,0.4,0.5,1,0,0.4605341335980613,0.0,0.0,0.7934506856227534
loco_bsc,selectivestream_r01_20261011,44,GIN,bsc,escalated,5,0.5,0.6,3,1,0.514179783106871,0.3333333333333333,0.061491944720398706,0.7923403991979452
loco_bsc,selectivestream_r01_20261011,44,GIN,bsc,escalated,6,0.6,0.7,1,0,0.6327218399670947,0.0,0.0,0.7934506856227534
loco_bsc,selectivestream_r01_20261011,44,GIN,bsc,escalated,7,0.7,0.8,0,0,,,,
loco_bsc,selectivestream_r01_20261011,44,GIN,bsc,escalated,8,0.8,0.9,0,0,,,,
loco_bsc,selectivestream_r01_20261011,44,GIN,bsc,escalated,9,0.9,1.0,1,0,0.9301518444161547,0.0,0.0,0.7934506856227534
loco_bsc,selectivestream_r01_20261011,55,GIN,pooled,all,0,0.0,0.1,1069,11,0.0309774993457438,0.01028999064546305,0.005755358529819687,0.01833157305567271
loco_bsc,selectivestream_r01_20261011,55,GIN,pooled,all,1,0.1,0.2,25,2,0.13822188550969586,0.08,0.022220401284848285,0.24966108950394714
loco_bsc,selectivestream_r01_20261011,55,GIN,pooled,all,2,0.2,0.3,13,5,0.25094908070642064,0.38461538461538464,0.17709707797762958,0.644771084873337
loco_bsc,selectivestream_r01_20261011,55,GIN,pooled,all,3,0.3,0.4,7,3,0.3386024545004633,0.42857142857142855,0.15821985525147414,0.7495416354723365
loco_bsc,selectivestream_r01_20261011,55,GIN,pooled,all,4,0.4,0.5,6,3,0.4385394962829909,0.5,0.18761630648265576,0.8123836935173443
loco_bsc,selectivestream_r01_20261011,55,GIN,pooled,all,5,0.5,0.6,1,1,0.5805210225505167,1.0,0.20654931437724644,0.9999999999999999
loco_bsc,selectivestream_r01_20261011,55,GIN,pooled,all,6,0.6,0.7,1,0,0.6450436313667995,0.0,0.0,0.7934506856227534
loco_bsc,selectivestream_r01_20261011,55,GIN,pooled,all,7,0.7,0.8,0,0,,,,
loco_bsc,selectivestream_r01_20261011,55,GIN,pooled,all,8,0.8,0.9,1,0,0.8434943212335635,0.0,0.0,0.7934506856227534
loco_bsc,selectivestream_r01_20261011,55,GIN,pooled,all,9,0.9,1.0,2,0,0.9740902144975683,0.0,0.0,0.6576197724933345
loco_bsc,selectivestream_r01_20261011,55,GIN,pooled,direct,0,0.0,0.1,954,6,0.02939165823324486,0.006289308176100629,0.0028855400648609983,0.013653166497494443
loco_bsc,selectivestream_r01_20261011,55,GIN,pooled,direct,1,0.1,0.2,0,0,,,,
loco_bsc,selectivestream_r01_20261011,55,GIN,pooled,direct,2,0.2,0.3,0,0,,,,
loco_bsc,selectivestream_r01_20261011,55,GIN,pooled,direct,3,0.3,0.4,0,0,,,,
loco_bsc,selectivestream_r01_20261011,55,GIN,pooled,direct,4,0.4,0.5,0,0,,,,
loco_bsc,selectivestream_r01_20261011,55,GIN,pooled,direct,5,0.5,0.6,0,0,,,,
loco_bsc,selectivestream_r01_20261011,55,GIN,pooled,direct,6,0.6,0.7,0,0,,,,
loco_bsc,selectivestream_r01_20261011,55,GIN,pooled,direct,7,0.7,0.8,0,0,,,,
loco_bsc,selectivestream_r01_20261011,55,GIN,pooled,direct,8,0.8,0.9,0,0,,,,
loco_bsc,selectivestream_r01_20261011,55,GIN,pooled,direct,9,0.9,1.0,2,0,0.9740902144975683,0.0,0.0,0.6576197724933345
loco_bsc,selectivestream_r01_20261011,55,GIN,pooled,escalated,0,0.0,0.1,115,5,0.04413308561812628,0.043478260869565216,0.018712101106831795,0.09775784934688725
loco_bsc,selectivestream_r01_20261011,55,GIN,pooled,escalated,1,0.1,0.2,25,2,0.13822188550969586,0.08,0.022220401284848285,0.24966108950394714
loco_bsc,selectivestream_r01_20261011,55,GIN,pooled,escalated,2,0.2,0.3,13,5,0.25094908070642064,0.38461538461538464,0.17709707797762958,0.644771084873337
loco_bsc,selectivestream_r01_20261011,55,GIN,pooled,escalated,3,0.3,0.4,7,3,0.3386024545004633,0.42857142857142855,0.15821985525147414,0.7495416354723365
loco_bsc,selectivestream_r01_20261011,55,GIN,pooled,escalated,4,0.4,0.5,6,3,0.4385394962829909,0.5,0.18761630648265576,0.8123836935173443
loco_bsc,selectivestream_r01_20261011,55,GIN,pooled,escalated,5,0.5,0.6,1,1,0.5805210225505167,1.0,0.20654931437724644,0.9999999999999999
loco_bsc,selectivestream_r01_20261011,55,GIN,pooled,escalated,6,0.6,0.7,1,0,0.6450436313667995,0.0,0.0,0.7934506856227534
loco_bsc,selectivestream_r01_20261011,55,GIN,pooled,escalated,7,0.7,0.8,0,0,,,,
loco_bsc,selectivestream_r01_20261011,55,GIN,pooled,escalated,8,0.8,0.9,1,0,0.8434943212335635,0.0,0.0,0.7934506856227534
loco_bsc,selectivestream_r01_20261011,55,GIN,pooled,escalated,9,0.9,1.0,0,0,,,,
loco_bsc,selectivestream_r01_20261011,55,GIN,bsc,all,0,0.0,0.1,1069,11,0.0309774993457438,0.01028999064546305,0.005755358529819687,0.01833157305567271
loco_bsc,selectivestream_r01_20261011,55,GIN,bsc,all,1,0.1,0.2,25,2,0.13822188550969586,0.08,0.022220401284848285,0.24966108950394714
loco_bsc,selectivestream_r01_20261011,55,GIN,bsc,all,2,0.2,0.3,13,5,0.25094908070642064,0.38461538461538464,0.17709707797762958,0.644771084873337
loco_bsc,selectivestream_r01_20261011,55,GIN,bsc,all,3,0.3,0.4,7,3,0.3386024545004633,0.42857142857142855,0.15821985525147414,0.7495416354723365
loco_bsc,selectivestream_r01_20261011,55,GIN,bsc,all,4,0.4,0.5,6,3,0.4385394962829909,0.5,0.18761630648265576,0.8123836935173443
loco_bsc,selectivestream_r01_20261011,55,GIN,bsc,all,5,0.5,0.6,1,1,0.5805210225505167,1.0,0.20654931437724644,0.9999999999999999
loco_bsc,selectivestream_r01_20261011,55,GIN,bsc,all,6,0.6,0.7,1,0,0.6450436313667995,0.0,0.0,0.7934506856227534
loco_bsc,selectivestream_r01_20261011,55,GIN,bsc,all,7,0.7,0.8,0,0,,,,
loco_bsc,selectivestream_r01_20261011,55,GIN,bsc,all,8,0.8,0.9,1,0,0.8434943212335635,0.0,0.0,0.7934506856227534
loco_bsc,selectivestream_r01_20261011,55,GIN,bsc,all,9,0.9,1.0,2,0,0.9740902144975683,0.0,0.0,0.6576197724933345
loco_bsc,selectivestream_r01_20261011,55,GIN,bsc,direct,0,0.0,0.1,954,6,0.02939165823324486,0.006289308176100629,0.0028855400648609983,0.013653166497494443
loco_bsc,selectivestream_r01_20261011,55,GIN,bsc,direct,1,0.1,0.2,0,0,,,,
loco_bsc,selectivestream_r01_20261011,55,GIN,bsc,direct,2,0.2,0.3,0,0,,,,
loco_bsc,selectivestream_r01_20261011,55,GIN,bsc,direct,3,0.3,0.4,0,0,,,,
loco_bsc,selectivestream_r01_20261011,55,GIN,bsc,direct,4,0.4,0.5,0,0,,,,
loco_bsc,selectivestream_r01_20261011,55,GIN,bsc,direct,5,0.5,0.6,0,0,,,,
loco_bsc,selectivestream_r01_20261011,55,GIN,bsc,direct,6,0.6,0.7,0,0,,,,
loco_bsc,selectivestream_r01_20261011,55,GIN,bsc,direct,7,0.7,0.8,0,0,,,,
loco_bsc,selectivestream_r01_20261011,55,GIN,bsc,direct,8,0.8,0.9,0,0,,,,
loco_bsc,selectivestream_r01_20261011,55,GIN,bsc,direct,9,0.9,1.0,2,0,0.9740902144975683,0.0,0.0,0.6576197724933345
loco_bsc,selectivestream_r01_20261011,55,GIN,bsc,escalated,0,0.0,0.1,115,5,0.04413308561812628,0.043478260869565216,0.018712101106831795,0.09775784934688725
loco_bsc,selectivestream_r01_20261011,55,GIN,bsc,escalated,1,0.1,0.2,25,2,0.13822188550969586,0.08,0.022220401284848285,0.24966108950394714
loco_bsc,selectivestream_r01_20261011,55,GIN,bsc,escalated,2,0.2,0.3,13,5,0.25094908070642064,0.38461538461538464,0.17709707797762958,0.644771084873337
loco_bsc,selectivestream_r01_20261011,55,GIN,bsc,escalated,3,0.3,0.4,7,3,0.3386024545004633,0.42857142857142855,0.15821985525147414,0.7495416354723365
loco_bsc,selectivestream_r01_20261011,55,GIN,bsc,escalated,4,0.4,0.5,6,3,0.4385394962829909,0.5,0.18761630648265576,0.8123836935173443
loco_bsc,selectivestream_r01_20261011,55,GIN,bsc,escalated,5,0.5,0.6,1,1,0.5805210225505167,1.0,0.20654931437724644,0.9999999999999999
loco_bsc,selectivestream_r01_20261011,55,GIN,bsc,escalated,6,0.6,0.7,1,0,0.6450436313667995,0.0,0.0,0.7934506856227534
loco_bsc,selectivestream_r01_20261011,55,GIN,bsc,escalated,7,0.7,0.8,0,0,,,,
loco_bsc,selectivestream_r01_20261011,55,GIN,bsc,escalated,8,0.8,0.9,1,0,0.8434943212335635,0.0,0.0,0.7934506856227534
loco_bsc,selectivestream_r01_20261011,55,GIN,bsc,escalated,9,0.9,1.0,0,0,,,,
loco_ethereum,selectivestream_r01_20261011,11,GIN,pooled,all,0,0.0,0.1,2170,136,0.023498294248170237,0.06267281105990784,0.053227644271897016,0.0736636051802767
loco_ethereum,selectivestream_r01_20261011,11,GIN,pooled,all,1,0.1,0.2,0,0,,,,
loco_ethereum,selectivestream_r01_20261011,11,GIN,pooled,all,2,0.2,0.3,0,0,,,,
loco_ethereum,selectivestream_r01_20261011,11,GIN,pooled,all,3,0.3,0.4,0,0,,,,
loco_ethereum,selectivestream_r01_20261011,11,GIN,pooled,all,4,0.4,0.5,0,0,,,,
loco_ethereum,selectivestream_r01_20261011,11,GIN,pooled,all,5,0.5,0.6,0,0,,,,
loco_ethereum,selectivestream_r01_20261011,11,GIN,pooled,all,6,0.6,0.7,0,0,,,,
loco_ethereum,selectivestream_r01_20261011,11,GIN,pooled,all,7,0.7,0.8,0,0,,,,
loco_ethereum,selectivestream_r01_20261011,11,GIN,pooled,all,8,0.8,0.9,0,0,,,,
loco_ethereum,selectivestream_r01_20261011,11,GIN,pooled,all,9,0.9,1.0,0,0,,,,
loco_ethereum,selectivestream_r01_20261011,11,GIN,pooled,direct,0,0.0,0.1,1236,12,0.01741635721034588,0.009708737864077669,0.005562441483418039,0.016893218974311782
loco_ethereum,selectivestream_r01_20261011,11,GIN,pooled,direct,1,0.1,0.2,0,0,,,,
loco_ethereum,selectivestream_r01_20261011,11,GIN,pooled,direct,2,0.2,0.3,0,0,,,,
loco_ethereum,selectivestream_r01_20261011,11,GIN,pooled,direct,3,0.3,0.4,0,0,,,,
loco_ethereum,selectivestream_r01_20261011,11,GIN,pooled,direct,4,0.4,0.5,0,0,,,,
loco_ethereum,selectivestream_r01_20261011,11,GIN,pooled,direct,5,0.5,0.6,0,0,,,,
loco_ethereum,selectivestream_r01_20261011,11,GIN,pooled,direct,6,0.6,0.7,0,0,,,,
loco_ethereum,selectivestream_r01_20261011,11,GIN,pooled,direct,7,0.7,0.8,0,0,,,,
loco_ethereum,selectivestream_r01_20261011,11,GIN,pooled,direct,8,0.8,0.9,0,0,,,,
loco_ethereum,selectivestream_r01_20261011,11,GIN,pooled,direct,9,0.9,1.0,0,0,,,,
loco_ethereum,selectivestream_r01_20261011,11,GIN,pooled,escalated,0,0.0,0.1,934,124,0.03154676767295707,0.13276231263383298,0.11249800662437832,0.1560350769283328
loco_ethereum,selectivestream_r01_20261011,11,GIN,pooled,escalated,1,0.1,0.2,0,0,,,,
loco_ethereum,selectivestream_r01_20261011,11,GIN,pooled,escalated,2,0.2,0.3,0,0,,,,
loco_ethereum,selectivestream_r01_20261011,11,GIN,pooled,escalated,3,0.3,0.4,0,0,,,,
loco_ethereum,selectivestream_r01_20261011,11,GIN,pooled,escalated,4,0.4,0.5,0,0,,,,
loco_ethereum,selectivestream_r01_20261011,11,GIN,pooled,escalated,5,0.5,0.6,0,0,,,,
loco_ethereum,selectivestream_r01_20261011,11,GIN,pooled,escalated,6,0.6,0.7,0,0,,,,
loco_ethereum,selectivestream_r01_20261011,11,GIN,pooled,escalated,7,0.7,0.8,0,0,,,,
loco_ethereum,selectivestream_r01_20261011,11,GIN,pooled,escalated,8,0.8,0.9,0,0,,,,
loco_ethereum,selectivestream_r01_20261011,11,GIN,pooled,escalated,9,0.9,1.0,0,0,,,,
loco_ethereum,selectivestream_r01_20261011,11,GIN,ethereum,all,0,0.0,0.1,2170,136,0.023498294248170237,0.06267281105990784,0.053227644271897016,0.0736636051802767
loco_ethereum,selectivestream_r01_20261011,11,GIN,ethereum,all,1,0.1,0.2,0,0,,,,
loco_ethereum,selectivestream_r01_20261011,11,GIN,ethereum,all,2,0.2,0.3,0,0,,,,
loco_ethereum,selectivestream_r01_20261011,11,GIN,ethereum,all,3,0.3,0.4,0,0,,,,
loco_ethereum,selectivestream_r01_20261011,11,GIN,ethereum,all,4,0.4,0.5,0,0,,,,
loco_ethereum,selectivestream_r01_20261011,11,GIN,ethereum,all,5,0.5,0.6,0,0,,,,
loco_ethereum,selectivestream_r01_20261011,11,GIN,ethereum,all,6,0.6,0.7,0,0,,,,
loco_ethereum,selectivestream_r01_20261011,11,GIN,ethereum,all,7,0.7,0.8,0,0,,,,
loco_ethereum,selectivestream_r01_20261011,11,GIN,ethereum,all,8,0.8,0.9,0,0,,,,
loco_ethereum,selectivestream_r01_20261011,11,GIN,ethereum,all,9,0.9,1.0,0,0,,,,
loco_ethereum,selectivestream_r01_20261011,11,GIN,ethereum,direct,0,0.0,0.1,1236,12,0.01741635721034588,0.009708737864077669,0.005562441483418039,0.016893218974311782
loco_ethereum,selectivestream_r01_20261011,11,GIN,ethereum,direct,1,0.1,0.2,0,0,,,,
loco_ethereum,selectivestream_r01_20261011,11,GIN,ethereum,direct,2,0.2,0.3,0,0,,,,
loco_ethereum,selectivestream_r01_20261011,11,GIN,ethereum,direct,3,0.3,0.4,0,0,,,,
loco_ethereum,selectivestream_r01_20261011,11,GIN,ethereum,direct,4,0.4,0.5,0,0,,,,
loco_ethereum,selectivestream_r01_20261011,11,GIN,ethereum,direct,5,0.5,0.6,0,0,,,,
loco_ethereum,selectivestream_r01_20261011,11,GIN,ethereum,direct,6,0.6,0.7,0,0,,,,
loco_ethereum,selectivestream_r01_20261011,11,GIN,ethereum,direct,7,0.7,0.8,0,0,,,,
loco_ethereum,selectivestream_r01_20261011,11,GIN,ethereum,direct,8,0.8,0.9,0,0,,,,
loco_ethereum,selectivestream_r01_20261011,11,GIN,ethereum,direct,9,0.9,1.0,0,0,,,,
loco_ethereum,selectivestream_r01_20261011,11,GIN,ethereum,escalated,0,0.0,0.1,934,124,0.03154676767295707,0.13276231263383298,0.11249800662437832,0.1560350769283328
loco_ethereum,selectivestream_r01_20261011,11,GIN,ethereum,escalated,1,0.1,0.2,0,0,,,,
loco_ethereum,selectivestream_r01_20261011,11,GIN,ethereum,escalated,2,0.2,0.3,0,0,,,,
loco_ethereum,selectivestream_r01_20261011,11,GIN,ethereum,escalated,3,0.3,0.4,0,0,,,,
loco_ethereum,selectivestream_r01_20261011,11,GIN,ethereum,escalated,4,0.4,0.5,0,0,,,,
loco_ethereum,selectivestream_r01_20261011,11,GIN,ethereum,escalated,5,0.5,0.6,0,0,,,,
loco_ethereum,selectivestream_r01_20261011,11,GIN,ethereum,escalated,6,0.6,0.7,0,0,,,,
loco_ethereum,selectivestream_r01_20261011,11,GIN,ethereum,escalated,7,0.7,0.8,0,0,,,,
loco_ethereum,selectivestream_r01_20261011,11,GIN,ethereum,escalated,8,0.8,0.9,0,0,,,,
loco_ethereum,selectivestream_r01_20261011,11,GIN,ethereum,escalated,9,0.9,1.0,0,0,,,,
loco_ethereum,selectivestream_r01_20261011,22,GIN,pooled,all,0,0.0,0.1,2170,136,0.02371350954497565,0.06267281105990784,0.053227644271897016,0.0736636051802767
loco_ethereum,selectivestream_r01_20261011,22,GIN,pooled,all,1,0.1,0.2,0,0,,,,
loco_ethereum,selectivestream_r01_20261011,22,GIN,pooled,all,2,0.2,0.3,0,0,,,,
loco_ethereum,selectivestream_r01_20261011,22,GIN,pooled,all,3,0.3,0.4,0,0,,,,
loco_ethereum,selectivestream_r01_20261011,22,GIN,pooled,all,4,0.4,0.5,0,0,,,,
loco_ethereum,selectivestream_r01_20261011,22,GIN,pooled,all,5,0.5,0.6,0,0,,,,
loco_ethereum,selectivestream_r01_20261011,22,GIN,pooled,all,6,0.6,0.7,0,0,,,,
loco_ethereum,selectivestream_r01_20261011,22,GIN,pooled,all,7,0.7,0.8,0,0,,,,
loco_ethereum,selectivestream_r01_20261011,22,GIN,pooled,all,8,0.8,0.9,0,0,,,,
loco_ethereum,selectivestream_r01_20261011,22,GIN,pooled,all,9,0.9,1.0,0,0,,,,
loco_ethereum,selectivestream_r01_20261011,22,GIN,pooled,direct,0,0.0,0.1,1511,12,0.02081614426246991,0.007941760423560556,0.004548825790403987,0.013830298083303907
loco_ethereum,selectivestream_r01_20261011,22,GIN,pooled,direct,1,0.1,0.2,0,0,,,,
loco_ethereum,selectivestream_r01_20261011,22,GIN,pooled,direct,2,0.2,0.3,0,0,,,,
loco_ethereum,selectivestream_r01_20261011,22,GIN,pooled,direct,3,0.3,0.4,0,0,,,,
loco_ethereum,selectivestream_r01_20261011,22,GIN,pooled,direct,4,0.4,0.5,0,0,,,,
loco_ethereum,selectivestream_r01_20261011,22,GIN,pooled,direct,5,0.5,0.6,0,0,,,,
loco_ethereum,selectivestream_r01_20261011,22,GIN,pooled,direct,6,0.6,0.7,0,0,,,,
loco_ethereum,selectivestream_r01_20261011,22,GIN,pooled,direct,7,0.7,0.8,0,0,,,,
loco_ethereum,selectivestream_r01_20261011,22,GIN,pooled,direct,8,0.8,0.9,0,0,,,,
loco_ethereum,selectivestream_r01_20261011,22,GIN,pooled,direct,9,0.9,1.0,0,0,,,,
loco_ethereum,selectivestream_r01_20261011,22,GIN,pooled,escalated,0,0.0,0.1,659,124,0.030356785632784707,0.18816388467374812,0.16016226354438384,0.21977996165794755
loco_ethereum,selectivestream_r01_20261011,22,GIN,pooled,escalated,1,0.1,0.2,0,0,,,,
loco_ethereum,selectivestream_r01_20261011,22,GIN,pooled,escalated,2,0.2,0.3,0,0,,,,
loco_ethereum,selectivestream_r01_20261011,22,GIN,pooled,escalated,3,0.3,0.4,0,0,,,,
loco_ethereum,selectivestream_r01_20261011,22,GIN,pooled,escalated,4,0.4,0.5,0,0,,,,
loco_ethereum,selectivestream_r01_20261011,22,GIN,pooled,escalated,5,0.5,0.6,0,0,,,,
loco_ethereum,selectivestream_r01_20261011,22,GIN,pooled,escalated,6,0.6,0.7,0,0,,,,
loco_ethereum,selectivestream_r01_20261011,22,GIN,pooled,escalated,7,0.7,0.8,0,0,,,,
loco_ethereum,selectivestream_r01_20261011,22,GIN,pooled,escalated,8,0.8,0.9,0,0,,,,
loco_ethereum,selectivestream_r01_20261011,22,GIN,pooled,escalated,9,0.9,1.0,0,0,,,,
loco_ethereum,selectivestream_r01_20261011,22,GIN,ethereum,all,0,0.0,0.1,2170,136,0.02371350954497565,0.06267281105990784,0.053227644271897016,0.0736636051802767
loco_ethereum,selectivestream_r01_20261011,22,GIN,ethereum,all,1,0.1,0.2,0,0,,,,
loco_ethereum,selectivestream_r01_20261011,22,GIN,ethereum,all,2,0.2,0.3,0,0,,,,
loco_ethereum,selectivestream_r01_20261011,22,GIN,ethereum,all,3,0.3,0.4,0,0,,,,
loco_ethereum,selectivestream_r01_20261011,22,GIN,ethereum,all,4,0.4,0.5,0,0,,,,
loco_ethereum,selectivestream_r01_20261011,22,GIN,ethereum,all,5,0.5,0.6,0,0,,,,
loco_ethereum,selectivestream_r01_20261011,22,GIN,ethereum,all,6,0.6,0.7,0,0,,,,
loco_ethereum,selectivestream_r01_20261011,22,GIN,ethereum,all,7,0.7,0.8,0,0,,,,
loco_ethereum,selectivestream_r01_20261011,22,GIN,ethereum,all,8,0.8,0.9,0,0,,,,
loco_ethereum,selectivestream_r01_20261011,22,GIN,ethereum,all,9,0.9,1.0,0,0,,,,
loco_ethereum,selectivestream_r01_20261011,22,GIN,ethereum,direct,0,0.0,0.1,1511,12,0.02081614426246991,0.007941760423560556,0.004548825790403987,0.013830298083303907
loco_ethereum,selectivestream_r01_20261011,22,GIN,ethereum,direct,1,0.1,0.2,0,0,,,,
loco_ethereum,selectivestream_r01_20261011,22,GIN,ethereum,direct,2,0.2,0.3,0,0,,,,
loco_ethereum,selectivestream_r01_20261011,22,GIN,ethereum,direct,3,0.3,0.4,0,0,,,,
loco_ethereum,selectivestream_r01_20261011,22,GIN,ethereum,direct,4,0.4,0.5,0,0,,,,
loco_ethereum,selectivestream_r01_20261011,22,GIN,ethereum,direct,5,0.5,0.6,0,0,,,,
loco_ethereum,selectivestream_r01_20261011,22,GIN,ethereum,direct,6,0.6,0.7,0,0,,,,
loco_ethereum,selectivestream_r01_20261011,22,GIN,ethereum,direct,7,0.7,0.8,0,0,,,,
loco_ethereum,selectivestream_r01_20261011,22,GIN,ethereum,direct,8,0.8,0.9,0,0,,,,
loco_ethereum,selectivestream_r01_20261011,22,GIN,ethereum,direct,9,0.9,1.0,0,0,,,,
loco_ethereum,selectivestream_r01_20261011,22,GIN,ethereum,escalated,0,0.0,0.1,659,124,0.030356785632784707,0.18816388467374812,0.16016226354438384,0.21977996165794755
loco_ethereum,selectivestream_r01_20261011,22,GIN,ethereum,escalated,1,0.1,0.2,0,0,,,,
loco_ethereum,selectivestream_r01_20261011,22,GIN,ethereum,escalated,2,0.2,0.3,0,0,,,,
loco_ethereum,selectivestream_r01_20261011,22,GIN,ethereum,escalated,3,0.3,0.4,0,0,,,,
loco_ethereum,selectivestream_r01_20261011,22,GIN,ethereum,escalated,4,0.4,0.5,0,0,,,,
loco_ethereum,selectivestream_r01_20261011,22,GIN,ethereum,escalated,5,0.5,0.6,0,0,,,,
loco_ethereum,selectivestream_r01_20261011,22,GIN,ethereum,escalated,6,0.6,0.7,0,0,,,,
loco_ethereum,selectivestream_r01_20261011,22,GIN,ethereum,escalated,7,0.7,0.8,0,0,,,,
loco_ethereum,selectivestream_r01_20261011,22,GIN,ethereum,escalated,8,0.8,0.9,0,0,,,,
loco_ethereum,selectivestream_r01_20261011,22,GIN,ethereum,escalated,9,0.9,1.0,0,0,,,,
loco_ethereum,selectivestream_r01_20261011,33,GIN,pooled,all,0,0.0,0.1,2166,136,0.025687532391228445,0.06278855032317636,0.0533263942182679,0.0737987732447104
loco_ethereum,selectivestream_r01_20261011,33,GIN,pooled,all,1,0.1,0.2,2,0,0.15267044734766855,0.0,0.0,0.6576197724933345
loco_ethereum,selectivestream_r01_20261011,33,GIN,pooled,all,2,0.2,0.3,0,0,,,,
loco_ethereum,selectivestream_r01_20261011,33,GIN,pooled,all,3,0.3,0.4,0,0,,,,
loco_ethereum,selectivestream_r01_20261011,33,GIN,pooled,all,4,0.4,0.5,0,0,,,,
loco_ethereum,selectivestream_r01_20261011,33,GIN,pooled,all,5,0.5,0.6,0,0,,,,
loco_ethereum,selectivestream_r01_20261011,33,GIN,pooled,all,6,0.6,0.7,1,0,0.6262112465106789,0.0,0.0,0.7934506856227534
loco_ethereum,selectivestream_r01_20261011,33,GIN,pooled,all,7,0.7,0.8,1,0,0.7733939184435213,0.0,0.0,0.7934506856227534
loco_ethereum,selectivestream_r01_20261011,33,GIN,pooled,all,8,0.8,0.9,0,0,,,,
loco_ethereum,selectivestream_r01_20261011,33,GIN,pooled,all,9,0.9,1.0,0,0,,,,
loco_ethereum,selectivestream_r01_20261011,33,GIN,pooled,direct,0,0.0,0.1,1216,14,0.01606476168295682,0.011513157894736841,0.006870406076734411,0.019232542458460712
loco_ethereum,selectivestream_r01_20261011,33,GIN,pooled,direct,1,0.1,0.2,2,0,0.15267044734766855,0.0,0.0,0.6576197724933345
loco_ethereum,selectivestream_r01_20261011,33,GIN,pooled,direct,2,0.2,0.3,0,0,,,,
loco_ethereum,selectivestream_r01_20261011,33,GIN,pooled,direct,3,0.3,0.4,0,0,,,,
loco_ethereum,selectivestream_r01_20261011,33,GIN,pooled,direct,4,0.4,0.5,0,0,,,,
loco_ethereum,selectivestream_r01_20261011,33,GIN,pooled,direct,5,0.5,0.6,0,0,,,,
loco_ethereum,selectivestream_r01_20261011,33,GIN,pooled,direct,6,0.6,0.7,1,0,0.6262112465106789,0.0,0.0,0.7934506856227534
loco_ethereum,selectivestream_r01_20261011,33,GIN,pooled,direct,7,0.7,0.8,1,0,0.7733939184435213,0.0,0.0,0.7934506856227534
loco_ethereum,selectivestream_r01_20261011,33,GIN,pooled,direct,8,0.8,0.9,0,0,,,,
loco_ethereum,selectivestream_r01_20261011,33,GIN,pooled,direct,9,0.9,1.0,0,0,,,,
loco_ethereum,selectivestream_r01_20261011,33,GIN,pooled,escalated,0,0.0,0.1,950,122,0.03800467889781613,0.12842105263157894,0.10863332089163252,0.15120174554290777
loco_ethereum,selectivestream_r01_20261011,33,GIN,pooled,escalated,1,0.1,0.2,0,0,,,,
loco_ethereum,selectivestream_r01_20261011,33,GIN,pooled,escalated,2,0.2,0.3,0,0,,,,
loco_ethereum,selectivestream_r01_20261011,33,GIN,pooled,escalated,3,0.3,0.4,0,0,,,,
loco_ethereum,selectivestream_r01_20261011,33,GIN,pooled,escalated,4,0.4,0.5,0,0,,,,
loco_ethereum,selectivestream_r01_20261011,33,GIN,pooled,escalated,5,0.5,0.6,0,0,,,,
loco_ethereum,selectivestream_r01_20261011,33,GIN,pooled,escalated,6,0.6,0.7,0,0,,,,
loco_ethereum,selectivestream_r01_20261011,33,GIN,pooled,escalated,7,0.7,0.8,0,0,,,,
loco_ethereum,selectivestream_r01_20261011,33,GIN,pooled,escalated,8,0.8,0.9,0,0,,,,
loco_ethereum,selectivestream_r01_20261011,33,GIN,pooled,escalated,9,0.9,1.0,0,0,,,,
loco_ethereum,selectivestream_r01_20261011,33,GIN,ethereum,all,0,0.0,0.1,2166,136,0.025687532391228445,0.06278855032317636,0.0533263942182679,0.0737987732447104
loco_ethereum,selectivestream_r01_20261011,33,GIN,ethereum,all,1,0.1,0.2,2,0,0.15267044734766855,0.0,0.0,0.6576197724933345
loco_ethereum,selectivestream_r01_20261011,33,GIN,ethereum,all,2,0.2,0.3,0,0,,,,
loco_ethereum,selectivestream_r01_20261011,33,GIN,ethereum,all,3,0.3,0.4,0,0,,,,
loco_ethereum,selectivestream_r01_20261011,33,GIN,ethereum,all,4,0.4,0.5,0,0,,,,
loco_ethereum,selectivestream_r01_20261011,33,GIN,ethereum,all,5,0.5,0.6,0,0,,,,
loco_ethereum,selectivestream_r01_20261011,33,GIN,ethereum,all,6,0.6,0.7,1,0,0.6262112465106789,0.0,0.0,0.7934506856227534
loco_ethereum,selectivestream_r01_20261011,33,GIN,ethereum,all,7,0.7,0.8,1,0,0.7733939184435213,0.0,0.0,0.7934506856227534
loco_ethereum,selectivestream_r01_20261011,33,GIN,ethereum,all,8,0.8,0.9,0,0,,,,
loco_ethereum,selectivestream_r01_20261011,33,GIN,ethereum,all,9,0.9,1.0,0,0,,,,
loco_ethereum,selectivestream_r01_20261011,33,GIN,ethereum,direct,0,0.0,0.1,1216,14,0.01606476168295682,0.011513157894736841,0.006870406076734411,0.019232542458460712
loco_ethereum,selectivestream_r01_20261011,33,GIN,ethereum,direct,1,0.1,0.2,2,0,0.15267044734766855,0.0,0.0,0.6576197724933345
loco_ethereum,selectivestream_r01_20261011,33,GIN,ethereum,direct,2,0.2,0.3,0,0,,,,
loco_ethereum,selectivestream_r01_20261011,33,GIN,ethereum,direct,3,0.3,0.4,0,0,,,,
loco_ethereum,selectivestream_r01_20261011,33,GIN,ethereum,direct,4,0.4,0.5,0,0,,,,
loco_ethereum,selectivestream_r01_20261011,33,GIN,ethereum,direct,5,0.5,0.6,0,0,,,,
loco_ethereum,selectivestream_r01_20261011,33,GIN,ethereum,direct,6,0.6,0.7,1,0,0.6262112465106789,0.0,0.0,0.7934506856227534
loco_ethereum,selectivestream_r01_20261011,33,GIN,ethereum,direct,7,0.7,0.8,1,0,0.7733939184435213,0.0,0.0,0.7934506856227534
loco_ethereum,selectivestream_r01_20261011,33,GIN,ethereum,direct,8,0.8,0.9,0,0,,,,
loco_ethereum,selectivestream_r01_20261011,33,GIN,ethereum,direct,9,0.9,1.0,0,0,,,,
loco_ethereum,selectivestream_r01_20261011,33,GIN,ethereum,escalated,0,0.0,0.1,950,122,0.03800467889781613,0.12842105263157894,0.10863332089163252,0.15120174554290777
loco_ethereum,selectivestream_r01_20261011,33,GIN,ethereum,escalated,1,0.1,0.2,0,0,,,,
loco_ethereum,selectivestream_r01_20261011,33,GIN,ethereum,escalated,2,0.2,0.3,0,0,,,,
loco_ethereum,selectivestream_r01_20261011,33,GIN,ethereum,escalated,3,0.3,0.4,0,0,,,,
loco_ethereum,selectivestream_r01_20261011,33,GIN,ethereum,escalated,4,0.4,0.5,0,0,,,,
loco_ethereum,selectivestream_r01_20261011,33,GIN,ethereum,escalated,5,0.5,0.6,0,0,,,,
loco_ethereum,selectivestream_r01_20261011,33,GIN,ethereum,escalated,6,0.6,0.7,0,0,,,,
loco_ethereum,selectivestream_r01_20261011,33,GIN,ethereum,escalated,7,0.7,0.8,0,0,,,,
loco_ethereum,selectivestream_r01_20261011,33,GIN,ethereum,escalated,8,0.8,0.9,0,0,,,,
loco_ethereum,selectivestream_r01_20261011,33,GIN,ethereum,escalated,9,0.9,1.0,0,0,,,,
loco_ethereum,selectivestream_r01_20261011,44,GIN,pooled,all,0,0.0,0.1,2170,136,0.02214723016815812,0.06267281105990784,0.053227644271897016,0.0736636051802767
loco_ethereum,selectivestream_r01_20261011,44,GIN,pooled,all,1,0.1,0.2,0,0,,,,
loco_ethereum,selectivestream_r01_20261011,44,GIN,pooled,all,2,0.2,0.3,0,0,,,,
loco_ethereum,selectivestream_r01_20261011,44,GIN,pooled,all,3,0.3,0.4,0,0,,,,
loco_ethereum,selectivestream_r01_20261011,44,GIN,pooled,all,4,0.4,0.5,0,0,,,,
loco_ethereum,selectivestream_r01_20261011,44,GIN,pooled,all,5,0.5,0.6,0,0,,,,
loco_ethereum,selectivestream_r01_20261011,44,GIN,pooled,all,6,0.6,0.7,0,0,,,,
loco_ethereum,selectivestream_r01_20261011,44,GIN,pooled,all,7,0.7,0.8,0,0,,,,
loco_ethereum,selectivestream_r01_20261011,44,GIN,pooled,all,8,0.8,0.9,0,0,,,,
loco_ethereum,selectivestream_r01_20261011,44,GIN,pooled,all,9,0.9,1.0,0,0,,,,
loco_ethereum,selectivestream_r01_20261011,44,GIN,pooled,direct,0,0.0,0.1,1466,111,0.02225775028887927,0.07571623465211459,0.06325557409615915,0.09039464271150563
loco_ethereum,selectivestream_r01_20261011,44,GIN,pooled,direct,1,0.1,0.2,0,0,,,,
loco_ethereum,selectivestream_r01_20261011,44,GIN,pooled,direct,2,0.2,0.3,0,0,,,,
loco_ethereum,selectivestream_r01_20261011,44,GIN,pooled,direct,3,0.3,0.4,0,0,,,,
loco_ethereum,selectivestream_r01_20261011,44,GIN,pooled,direct,4,0.4,0.5,0,0,,,,
loco_ethereum,selectivestream_r01_20261011,44,GIN,pooled,direct,5,0.5,0.6,0,0,,,,
loco_ethereum,selectivestream_r01_20261011,44,GIN,pooled,direct,6,0.6,0.7,0,0,,,,
loco_ethereum,selectivestream_r01_20261011,44,GIN,pooled,direct,7,0.7,0.8,0,0,,,,
loco_ethereum,selectivestream_r01_20261011,44,GIN,pooled,direct,8,0.8,0.9,0,0,,,,
loco_ethereum,selectivestream_r01_20261011,44,GIN,pooled,direct,9,0.9,1.0,0,0,,,,
loco_ethereum,selectivestream_r01_20261011,44,GIN,pooled,escalated,0,0.0,0.1,704,25,0.021917084575860956,0.03551136363636364,0.02416740930543569,0.05189688185716024
loco_ethereum,selectivestream_r01_20261011,44,GIN,pooled,escalated,1,0.1,0.2,0,0,,,,
loco_ethereum,selectivestream_r01_20261011,44,GIN,pooled,escalated,2,0.2,0.3,0,0,,,,
loco_ethereum,selectivestream_r01_20261011,44,GIN,pooled,escalated,3,0.3,0.4,0,0,,,,
loco_ethereum,selectivestream_r01_20261011,44,GIN,pooled,escalated,4,0.4,0.5,0,0,,,,
loco_ethereum,selectivestream_r01_20261011,44,GIN,pooled,escalated,5,0.5,0.6,0,0,,,,
loco_ethereum,selectivestream_r01_20261011,44,GIN,pooled,escalated,6,0.6,0.7,0,0,,,,
loco_ethereum,selectivestream_r01_20261011,44,GIN,pooled,escalated,7,0.7,0.8,0,0,,,,
loco_ethereum,selectivestream_r01_20261011,44,GIN,pooled,escalated,8,0.8,0.9,0,0,,,,
loco_ethereum,selectivestream_r01_20261011,44,GIN,pooled,escalated,9,0.9,1.0,0,0,,,,
loco_ethereum,selectivestream_r01_20261011,44,GIN,ethereum,all,0,0.0,0.1,2170,136,0.02214723016815812,0.06267281105990784,0.053227644271897016,0.0736636051802767
loco_ethereum,selectivestream_r01_20261011,44,GIN,ethereum,all,1,0.1,0.2,0,0,,,,
loco_ethereum,selectivestream_r01_20261011,44,GIN,ethereum,all,2,0.2,0.3,0,0,,,,
loco_ethereum,selectivestream_r01_20261011,44,GIN,ethereum,all,3,0.3,0.4,0,0,,,,
loco_ethereum,selectivestream_r01_20261011,44,GIN,ethereum,all,4,0.4,0.5,0,0,,,,
loco_ethereum,selectivestream_r01_20261011,44,GIN,ethereum,all,5,0.5,0.6,0,0,,,,
loco_ethereum,selectivestream_r01_20261011,44,GIN,ethereum,all,6,0.6,0.7,0,0,,,,
loco_ethereum,selectivestream_r01_20261011,44,GIN,ethereum,all,7,0.7,0.8,0,0,,,,
loco_ethereum,selectivestream_r01_20261011,44,GIN,ethereum,all,8,0.8,0.9,0,0,,,,
loco_ethereum,selectivestream_r01_20261011,44,GIN,ethereum,all,9,0.9,1.0,0,0,,,,
loco_ethereum,selectivestream_r01_20261011,44,GIN,ethereum,direct,0,0.0,0.1,1466,111,0.02225775028887927,0.07571623465211459,0.06325557409615915,0.09039464271150563
loco_ethereum,selectivestream_r01_20261011,44,GIN,ethereum,direct,1,0.1,0.2,0,0,,,,
loco_ethereum,selectivestream_r01_20261011,44,GIN,ethereum,direct,2,0.2,0.3,0,0,,,,
loco_ethereum,selectivestream_r01_20261011,44,GIN,ethereum,direct,3,0.3,0.4,0,0,,,,
loco_ethereum,selectivestream_r01_20261011,44,GIN,ethereum,direct,4,0.4,0.5,0,0,,,,
loco_ethereum,selectivestream_r01_20261011,44,GIN,ethereum,direct,5,0.5,0.6,0,0,,,,
loco_ethereum,selectivestream_r01_20261011,44,GIN,ethereum,direct,6,0.6,0.7,0,0,,,,
loco_ethereum,selectivestream_r01_20261011,44,GIN,ethereum,direct,7,0.7,0.8,0,0,,,,
loco_ethereum,selectivestream_r01_20261011,44,GIN,ethereum,direct,8,0.8,0.9,0,0,,,,
loco_ethereum,selectivestream_r01_20261011,44,GIN,ethereum,direct,9,0.9,1.0,0,0,,,,
loco_ethereum,selectivestream_r01_20261011,44,GIN,ethereum,escalated,0,0.0,0.1,704,25,0.021917084575860956,0.03551136363636364,0.02416740930543569,0.05189688185716024
loco_ethereum,selectivestream_r01_20261011,44,GIN,ethereum,escalated,1,0.1,0.2,0,0,,,,
loco_ethereum,selectivestream_r01_20261011,44,GIN,ethereum,escalated,2,0.2,0.3,0,0,,,,
loco_ethereum,selectivestream_r01_20261011,44,GIN,ethereum,escalated,3,0.3,0.4,0,0,,,,
loco_ethereum,selectivestream_r01_20261011,44,GIN,ethereum,escalated,4,0.4,0.5,0,0,,,,
loco_ethereum,selectivestream_r01_20261011,44,GIN,ethereum,escalated,5,0.5,0.6,0,0,,,,
loco_ethereum,selectivestream_r01_20261011,44,GIN,ethereum,escalated,6,0.6,0.7,0,0,,,,
loco_ethereum,selectivestream_r01_20261011,44,GIN,ethereum,escalated,7,0.7,0.8,0,0,,,,
loco_ethereum,selectivestream_r01_20261011,44,GIN,ethereum,escalated,8,0.8,0.9,0,0,,,,
loco_ethereum,selectivestream_r01_20261011,44,GIN,ethereum,escalated,9,0.9,1.0,0,0,,,,
loco_ethereum,selectivestream_r01_20261011,55,GIN,pooled,all,0,0.0,0.1,2170,136,0.02432393149202327,0.06267281105990784,0.053227644271897016,0.0736636051802767
loco_ethereum,selectivestream_r01_20261011,55,GIN,pooled,all,1,0.1,0.2,0,0,,,,
loco_ethereum,selectivestream_r01_20261011,55,GIN,pooled,all,2,0.2,0.3,0,0,,,,
loco_ethereum,selectivestream_r01_20261011,55,GIN,pooled,all,3,0.3,0.4,0,0,,,,
loco_ethereum,selectivestream_r01_20261011,55,GIN,pooled,all,4,0.4,0.5,0,0,,,,
loco_ethereum,selectivestream_r01_20261011,55,GIN,pooled,all,5,0.5,0.6,0,0,,,,
loco_ethereum,selectivestream_r01_20261011,55,GIN,pooled,all,6,0.6,0.7,0,0,,,,
loco_ethereum,selectivestream_r01_20261011,55,GIN,pooled,all,7,0.7,0.8,0,0,,,,
loco_ethereum,selectivestream_r01_20261011,55,GIN,pooled,all,8,0.8,0.9,0,0,,,,
loco_ethereum,selectivestream_r01_20261011,55,GIN,pooled,all,9,0.9,1.0,0,0,,,,
loco_ethereum,selectivestream_r01_20261011,55,GIN,pooled,direct,0,0.0,0.1,1334,78,0.020139320701493036,0.05847076461769116,0.04710200509153804,0.07237512560046042
loco_ethereum,selectivestream_r01_20261011,55,GIN,pooled,direct,1,0.1,0.2,0,0,,,,
loco_ethereum,selectivestream_r01_20261011,55,GIN,pooled,direct,2,0.2,0.3,0,0,,,,
loco_ethereum,selectivestream_r01_20261011,55,GIN,pooled,direct,3,0.3,0.4,0,0,,,,
loco_ethereum,selectivestream_r01_20261011,55,GIN,pooled,direct,4,0.4,0.5,0,0,,,,
loco_ethereum,selectivestream_r01_20261011,55,GIN,pooled,direct,5,0.5,0.6,0,0,,,,
loco_ethereum,selectivestream_r01_20261011,55,GIN,pooled,direct,6,0.6,0.7,0,0,,,,
loco_ethereum,selectivestream_r01_20261011,55,GIN,pooled,direct,7,0.7,0.8,0,0,,,,
loco_ethereum,selectivestream_r01_20261011,55,GIN,pooled,direct,8,0.8,0.9,0,0,,,,
loco_ethereum,selectivestream_r01_20261011,55,GIN,pooled,direct,9,0.9,1.0,0,0,,,,
loco_ethereum,selectivestream_r01_20261011,55,GIN,pooled,escalated,0,0.0,0.1,836,58,0.031001288901792802,0.06937799043062201,0.05405025927657571,0.08864507632756961
loco_ethereum,selectivestream_r01_20261011,55,GIN,pooled,escalated,1,0.1,0.2,0,0,,,,
loco_ethereum,selectivestream_r01_20261011,55,GIN,pooled,escalated,2,0.2,0.3,0,0,,,,
loco_ethereum,selectivestream_r01_20261011,55,GIN,pooled,escalated,3,0.3,0.4,0,0,,,,
loco_ethereum,selectivestream_r01_20261011,55,GIN,pooled,escalated,4,0.4,0.5,0,0,,,,
loco_ethereum,selectivestream_r01_20261011,55,GIN,pooled,escalated,5,0.5,0.6,0,0,,,,
loco_ethereum,selectivestream_r01_20261011,55,GIN,pooled,escalated,6,0.6,0.7,0,0,,,,
loco_ethereum,selectivestream_r01_20261011,55,GIN,pooled,escalated,7,0.7,0.8,0,0,,,,
loco_ethereum,selectivestream_r01_20261011,55,GIN,pooled,escalated,8,0.8,0.9,0,0,,,,
loco_ethereum,selectivestream_r01_20261011,55,GIN,pooled,escalated,9,0.9,1.0,0,0,,,,
loco_ethereum,selectivestream_r01_20261011,55,GIN,ethereum,all,0,0.0,0.1,2170,136,0.02432393149202327,0.06267281105990784,0.053227644271897016,0.0736636051802767
loco_ethereum,selectivestream_r01_20261011,55,GIN,ethereum,all,1,0.1,0.2,0,0,,,,
loco_ethereum,selectivestream_r01_20261011,55,GIN,ethereum,all,2,0.2,0.3,0,0,,,,
loco_ethereum,selectivestream_r01_20261011,55,GIN,ethereum,all,3,0.3,0.4,0,0,,,,
loco_ethereum,selectivestream_r01_20261011,55,GIN,ethereum,all,4,0.4,0.5,0,0,,,,
loco_ethereum,selectivestream_r01_20261011,55,GIN,ethereum,all,5,0.5,0.6,0,0,,,,
loco_ethereum,selectivestream_r01_20261011,55,GIN,ethereum,all,6,0.6,0.7,0,0,,,,
loco_ethereum,selectivestream_r01_20261011,55,GIN,ethereum,all,7,0.7,0.8,0,0,,,,
loco_ethereum,selectivestream_r01_20261011,55,GIN,ethereum,all,8,0.8,0.9,0,0,,,,
loco_ethereum,selectivestream_r01_20261011,55,GIN,ethereum,all,9,0.9,1.0,0,0,,,,
loco_ethereum,selectivestream_r01_20261011,55,GIN,ethereum,direct,0,0.0,0.1,1334,78,0.020139320701493036,0.05847076461769116,0.04710200509153804,0.07237512560046042
loco_ethereum,selectivestream_r01_20261011,55,GIN,ethereum,direct,1,0.1,0.2,0,0,,,,
loco_ethereum,selectivestream_r01_20261011,55,GIN,ethereum,direct,2,0.2,0.3,0,0,,,,
loco_ethereum,selectivestream_r01_20261011,55,GIN,ethereum,direct,3,0.3,0.4,0,0,,,,
loco_ethereum,selectivestream_r01_20261011,55,GIN,ethereum,direct,4,0.4,0.5,0,0,,,,
loco_ethereum,selectivestream_r01_20261011,55,GIN,ethereum,direct,5,0.5,0.6,0,0,,,,
loco_ethereum,selectivestream_r01_20261011,55,GIN,ethereum,direct,6,0.6,0.7,0,0,,,,
loco_ethereum,selectivestream_r01_20261011,55,GIN,ethereum,direct,7,0.7,0.8,0,0,,,,
loco_ethereum,selectivestream_r01_20261011,55,GIN,ethereum,direct,8,0.8,0.9,0,0,,,,
loco_ethereum,selectivestream_r01_20261011,55,GIN,ethereum,direct,9,0.9,1.0,0,0,,,,
loco_ethereum,selectivestream_r01_20261011,55,GIN,ethereum,escalated,0,0.0,0.1,836,58,0.031001288901792802,0.06937799043062201,0.05405025927657571,0.08864507632756961
loco_ethereum,selectivestream_r01_20261011,55,GIN,ethereum,escalated,1,0.1,0.2,0,0,,,,
loco_ethereum,selectivestream_r01_20261011,55,GIN,ethereum,escalated,2,0.2,0.3,0,0,,,,
loco_ethereum,selectivestream_r01_20261011,55,GIN,ethereum,escalated,3,0.3,0.4,0,0,,,,
loco_ethereum,selectivestream_r01_20261011,55,GIN,ethereum,escalated,4,0.4,0.5,0,0,,,,
loco_ethereum,selectivestream_r01_20261011,55,GIN,ethereum,escalated,5,0.5,0.6,0,0,,,,
loco_ethereum,selectivestream_r01_20261011,55,GIN,ethereum,escalated,6,0.6,0.7,0,0,,,,
loco_ethereum,selectivestream_r01_20261011,55,GIN,ethereum,escalated,7,0.7,0.8,0,0,,,,
loco_ethereum,selectivestream_r01_20261011,55,GIN,ethereum,escalated,8,0.8,0.9,0,0,,,,
loco_ethereum,selectivestream_r01_20261011,55,GIN,ethereum,escalated,9,0.9,1.0,0,0,,,,
loco_polygon,selectivestream_r01_20261011,11,GIN,pooled,all,0,0.0,0.1,339,0,0.03563653483110883,0.0,0.0,0.011204767456969073
loco_polygon,selectivestream_r01_20261011,11,GIN,pooled,all,1,0.1,0.2,4,0,0.15131897627889185,0.0,0.0,0.48989083645458353
loco_polygon,selectivestream_r01_20261011,11,GIN,pooled,all,2,0.2,0.3,5,0,0.24065577242096897,0.0,5.551115123125783e-17,0.4344824647831612
loco_polygon,selectivestream_r01_20261011,11,GIN,pooled,all,3,0.3,0.4,1,0,0.34923856394335323,0.0,0.0,0.7934506856227534
loco_polygon,selectivestream_r01_20261011,11,GIN,pooled,all,4,0.4,0.5,2,0,0.4133279188638775,0.0,0.0,0.6576197724933345
loco_polygon,selectivestream_r01_20261011,11,GIN,pooled,all,5,0.5,0.6,1,0,0.5599808484354272,0.0,0.0,0.7934506856227534
loco_polygon,selectivestream_r01_20261011,11,GIN,pooled,all,6,0.6,0.7,0,0,,,,
loco_polygon,selectivestream_r01_20261011,11,GIN,pooled,all,7,0.7,0.8,0,0,,,,
loco_polygon,selectivestream_r01_20261011,11,GIN,pooled,all,8,0.8,0.9,0,0,,,,
loco_polygon,selectivestream_r01_20261011,11,GIN,pooled,all,9,0.9,1.0,1,0,0.981951313178755,0.0,0.0,0.7934506856227534
loco_polygon,selectivestream_r01_20261011,11,GIN,pooled,direct,0,0.0,0.1,246,0,0.03378366686929617,0.0,-8.673617379884035e-19,0.015375585936883478
loco_polygon,selectivestream_r01_20261011,11,GIN,pooled,direct,1,0.1,0.2,0,0,,,,
loco_polygon,selectivestream_r01_20261011,11,GIN,pooled,direct,2,0.2,0.3,0,0,,,,
loco_polygon,selectivestream_r01_20261011,11,GIN,pooled,direct,3,0.3,0.4,0,0,,,,
loco_polygon,selectivestream_r01_20261011,11,GIN,pooled,direct,4,0.4,0.5,0,0,,,,
loco_polygon,selectivestream_r01_20261011,11,GIN,pooled,direct,5,0.5,0.6,0,0,,,,
loco_polygon,selectivestream_r01_20261011,11,GIN,pooled,direct,6,0.6,0.7,0,0,,,,
loco_polygon,selectivestream_r01_20261011,11,GIN,pooled,direct,7,0.7,0.8,0,0,,,,
loco_polygon,selectivestream_r01_20261011,11,GIN,pooled,direct,8,0.8,0.9,0,0,,,,
loco_polygon,selectivestream_r01_20261011,11,GIN,pooled,direct,9,0.9,1.0,1,0,0.981951313178755,0.0,0.0,0.7934506856227534
loco_polygon,selectivestream_r01_20261011,11,GIN,pooled,escalated,0,0.0,0.1,93,0,0.040537669439774576,0.0,0.0,0.03966750261173304
loco_polygon,selectivestream_r01_20261011,11,GIN,pooled,escalated,1,0.1,0.2,4,0,0.15131897627889185,0.0,0.0,0.48989083645458353
loco_polygon,selectivestream_r01_20261011,11,GIN,pooled,escalated,2,0.2,0.3,5,0,0.24065577242096897,0.0,5.551115123125783e-17,0.4344824647831612
loco_polygon,selectivestream_r01_20261011,11,GIN,pooled,escalated,3,0.3,0.4,1,0,0.34923856394335323,0.0,0.0,0.7934506856227534
loco_polygon,selectivestream_r01_20261011,11,GIN,pooled,escalated,4,0.4,0.5,2,0,0.4133279188638775,0.0,0.0,0.6576197724933345
loco_polygon,selectivestream_r01_20261011,11,GIN,pooled,escalated,5,0.5,0.6,1,0,0.5599808484354272,0.0,0.0,0.7934506856227534
loco_polygon,selectivestream_r01_20261011,11,GIN,pooled,escalated,6,0.6,0.7,0,0,,,,
loco_polygon,selectivestream_r01_20261011,11,GIN,pooled,escalated,7,0.7,0.8,0,0,,,,
loco_polygon,selectivestream_r01_20261011,11,GIN,pooled,escalated,8,0.8,0.9,0,0,,,,
loco_polygon,selectivestream_r01_20261011,11,GIN,pooled,escalated,9,0.9,1.0,0,0,,,,
loco_polygon,selectivestream_r01_20261011,11,GIN,polygon,all,0,0.0,0.1,339,0,0.03563653483110883,0.0,0.0,0.011204767456969073
loco_polygon,selectivestream_r01_20261011,11,GIN,polygon,all,1,0.1,0.2,4,0,0.15131897627889185,0.0,0.0,0.48989083645458353
loco_polygon,selectivestream_r01_20261011,11,GIN,polygon,all,2,0.2,0.3,5,0,0.24065577242096897,0.0,5.551115123125783e-17,0.4344824647831612
loco_polygon,selectivestream_r01_20261011,11,GIN,polygon,all,3,0.3,0.4,1,0,0.34923856394335323,0.0,0.0,0.7934506856227534
loco_polygon,selectivestream_r01_20261011,11,GIN,polygon,all,4,0.4,0.5,2,0,0.4133279188638775,0.0,0.0,0.6576197724933345
loco_polygon,selectivestream_r01_20261011,11,GIN,polygon,all,5,0.5,0.6,1,0,0.5599808484354272,0.0,0.0,0.7934506856227534
loco_polygon,selectivestream_r01_20261011,11,GIN,polygon,all,6,0.6,0.7,0,0,,,,
loco_polygon,selectivestream_r01_20261011,11,GIN,polygon,all,7,0.7,0.8,0,0,,,,
loco_polygon,selectivestream_r01_20261011,11,GIN,polygon,all,8,0.8,0.9,0,0,,,,
loco_polygon,selectivestream_r01_20261011,11,GIN,polygon,all,9,0.9,1.0,1,0,0.981951313178755,0.0,0.0,0.7934506856227534
loco_polygon,selectivestream_r01_20261011,11,GIN,polygon,direct,0,0.0,0.1,246,0,0.03378366686929617,0.0,-8.673617379884035e-19,0.015375585936883478
loco_polygon,selectivestream_r01_20261011,11,GIN,polygon,direct,1,0.1,0.2,0,0,,,,
loco_polygon,selectivestream_r01_20261011,11,GIN,polygon,direct,2,0.2,0.3,0,0,,,,
loco_polygon,selectivestream_r01_20261011,11,GIN,polygon,direct,3,0.3,0.4,0,0,,,,
loco_polygon,selectivestream_r01_20261011,11,GIN,polygon,direct,4,0.4,0.5,0,0,,,,
loco_polygon,selectivestream_r01_20261011,11,GIN,polygon,direct,5,0.5,0.6,0,0,,,,
loco_polygon,selectivestream_r01_20261011,11,GIN,polygon,direct,6,0.6,0.7,0,0,,,,
loco_polygon,selectivestream_r01_20261011,11,GIN,polygon,direct,7,0.7,0.8,0,0,,,,
loco_polygon,selectivestream_r01_20261011,11,GIN,polygon,direct,8,0.8,0.9,0,0,,,,
loco_polygon,selectivestream_r01_20261011,11,GIN,polygon,direct,9,0.9,1.0,1,0,0.981951313178755,0.0,0.0,0.7934506856227534
loco_polygon,selectivestream_r01_20261011,11,GIN,polygon,escalated,0,0.0,0.1,93,0,0.040537669439774576,0.0,0.0,0.03966750261173304
loco_polygon,selectivestream_r01_20261011,11,GIN,polygon,escalated,1,0.1,0.2,4,0,0.15131897627889185,0.0,0.0,0.48989083645458353
loco_polygon,selectivestream_r01_20261011,11,GIN,polygon,escalated,2,0.2,0.3,5,0,0.24065577242096897,0.0,5.551115123125783e-17,0.4344824647831612
loco_polygon,selectivestream_r01_20261011,11,GIN,polygon,escalated,3,0.3,0.4,1,0,0.34923856394335323,0.0,0.0,0.7934506856227534
loco_polygon,selectivestream_r01_20261011,11,GIN,polygon,escalated,4,0.4,0.5,2,0,0.4133279188638775,0.0,0.0,0.6576197724933345
loco_polygon,selectivestream_r01_20261011,11,GIN,polygon,escalated,5,0.5,0.6,1,0,0.5599808484354272,0.0,0.0,0.7934506856227534
loco_polygon,selectivestream_r01_20261011,11,GIN,polygon,escalated,6,0.6,0.7,0,0,,,,
loco_polygon,selectivestream_r01_20261011,11,GIN,polygon,escalated,7,0.7,0.8,0,0,,,,
loco_polygon,selectivestream_r01_20261011,11,GIN,polygon,escalated,8,0.8,0.9,0,0,,,,
loco_polygon,selectivestream_r01_20261011,11,GIN,polygon,escalated,9,0.9,1.0,0,0,,,,
loco_polygon,selectivestream_r01_20261011,22,GIN,pooled,all,0,0.0,0.1,338,0,0.034620285069744225,0.0,-8.673617379884035e-19,0.011237545129682103
loco_polygon,selectivestream_r01_20261011,22,GIN,pooled,all,1,0.1,0.2,5,0,0.11960364605938448,0.0,5.551115123125783e-17,0.4344824647831612
loco_polygon,selectivestream_r01_20261011,22,GIN,pooled,all,2,0.2,0.3,1,0,0.23626412226471205,0.0,0.0,0.7934506856227534
loco_polygon,selectivestream_r01_20261011,22,GIN,pooled,all,3,0.3,0.4,2,0,0.35431978183179,0.0,0.0,0.6576197724933345
loco_polygon,selectivestream_r01_20261011,22,GIN,pooled,all,4,0.4,0.5,5,0,0.456512085994321,0.0,5.551115123125783e-17,0.4344824647831612
loco_polygon,selectivestream_r01_20261011,22,GIN,pooled,all,5,0.5,0.6,1,0,0.5461097835075888,0.0,0.0,0.7934506856227534
loco_polygon,selectivestream_r01_20261011,22,GIN,pooled,all,6,0.6,0.7,0,0,,,,
loco_polygon,selectivestream_r01_20261011,22,GIN,pooled,all,7,0.7,0.8,0,0,,,,
loco_polygon,selectivestream_r01_20261011,22,GIN,pooled,all,8,0.8,0.9,0,0,,,,
loco_polygon,selectivestream_r01_20261011,22,GIN,pooled,all,9,0.9,1.0,1,0,0.9877801327591054,0.0,0.0,0.7934506856227534
loco_polygon,selectivestream_r01_20261011,22,GIN,pooled,direct,0,0.0,0.1,242,0,0.0331113379608869,0.0,0.0,0.0156257566934457
loco_polygon,selectivestream_r01_20261011,22,GIN,pooled,direct,1,0.1,0.2,0,0,,,,
loco_polygon,selectivestream_r01_20261011,22,GIN,pooled,direct,2,0.2,0.3,0,0,,,,
loco_polygon,selectivestream_r01_20261011,22,GIN,pooled,direct,3,0.3,0.4,0,0,,,,
loco_polygon,selectivestream_r01_20261011,22,GIN,pooled,direct,4,0.4,0.5,0,0,,,,
loco_polygon,selectivestream_r01_20261011,22,GIN,pooled,direct,5,0.5,0.6,0,0,,,,
loco_polygon,selectivestream_r01_20261011,22,GIN,pooled,direct,6,0.6,0.7,0,0,,,,
loco_polygon,selectivestream_r01_20261011,22,GIN,pooled,direct,7,0.7,0.8,0,0,,,,
loco_polygon,selectivestream_r01_20261011,22,GIN,pooled,direct,8,0.8,0.9,0,0,,,,
loco_polygon,selectivestream_r01_20261011,22,GIN,pooled,direct,9,0.9,1.0,1,0,0.9877801327591054,0.0,0.0,0.7934506856227534
loco_polygon,selectivestream_r01_20261011,22,GIN,pooled,escalated,0,0.0,0.1,96,0,0.03842408923998872,0.0,0.0,0.03847558785767364
loco_polygon,selectivestream_r01_20261011,22,GIN,pooled,escalated,1,0.1,0.2,5,0,0.11960364605938448,0.0,5.551115123125783e-17,0.4344824647831612
loco_polygon,selectivestream_r01_20261011,22,GIN,pooled,escalated,2,0.2,0.3,1,0,0.23626412226471205,0.0,0.0,0.7934506856227534
loco_polygon,selectivestream_r01_20261011,22,GIN,pooled,escalated,3,0.3,0.4,2,0,0.35431978183179,0.0,0.0,0.6576197724933345
loco_polygon,selectivestream_r01_20261011,22,GIN,pooled,escalated,4,0.4,0.5,5,0,0.456512085994321,0.0,5.551115123125783e-17,0.4344824647831612
loco_polygon,selectivestream_r01_20261011,22,GIN,pooled,escalated,5,0.5,0.6,1,0,0.5461097835075888,0.0,0.0,0.7934506856227534
loco_polygon,selectivestream_r01_20261011,22,GIN,pooled,escalated,6,0.6,0.7,0,0,,,,
loco_polygon,selectivestream_r01_20261011,22,GIN,pooled,escalated,7,0.7,0.8,0,0,,,,
loco_polygon,selectivestream_r01_20261011,22,GIN,pooled,escalated,8,0.8,0.9,0,0,,,,
loco_polygon,selectivestream_r01_20261011,22,GIN,pooled,escalated,9,0.9,1.0,0,0,,,,
loco_polygon,selectivestream_r01_20261011,22,GIN,polygon,all,0,0.0,0.1,338,0,0.034620285069744225,0.0,-8.673617379884035e-19,0.011237545129682103
loco_polygon,selectivestream_r01_20261011,22,GIN,polygon,all,1,0.1,0.2,5,0,0.11960364605938448,0.0,5.551115123125783e-17,0.4344824647831612
loco_polygon,selectivestream_r01_20261011,22,GIN,polygon,all,2,0.2,0.3,1,0,0.23626412226471205,0.0,0.0,0.7934506856227534
loco_polygon,selectivestream_r01_20261011,22,GIN,polygon,all,3,0.3,0.4,2,0,0.35431978183179,0.0,0.0,0.6576197724933345
loco_polygon,selectivestream_r01_20261011,22,GIN,polygon,all,4,0.4,0.5,5,0,0.456512085994321,0.0,5.551115123125783e-17,0.4344824647831612
loco_polygon,selectivestream_r01_20261011,22,GIN,polygon,all,5,0.5,0.6,1,0,0.5461097835075888,0.0,0.0,0.7934506856227534
loco_polygon,selectivestream_r01_20261011,22,GIN,polygon,all,6,0.6,0.7,0,0,,,,
loco_polygon,selectivestream_r01_20261011,22,GIN,polygon,all,7,0.7,0.8,0,0,,,,
loco_polygon,selectivestream_r01_20261011,22,GIN,polygon,all,8,0.8,0.9,0,0,,,,
loco_polygon,selectivestream_r01_20261011,22,GIN,polygon,all,9,0.9,1.0,1,0,0.9877801327591054,0.0,0.0,0.7934506856227534
loco_polygon,selectivestream_r01_20261011,22,GIN,polygon,direct,0,0.0,0.1,242,0,0.0331113379608869,0.0,0.0,0.0156257566934457
loco_polygon,selectivestream_r01_20261011,22,GIN,polygon,direct,1,0.1,0.2,0,0,,,,
loco_polygon,selectivestream_r01_20261011,22,GIN,polygon,direct,2,0.2,0.3,0,0,,,,
loco_polygon,selectivestream_r01_20261011,22,GIN,polygon,direct,3,0.3,0.4,0,0,,,,
loco_polygon,selectivestream_r01_20261011,22,GIN,polygon,direct,4,0.4,0.5,0,0,,,,
loco_polygon,selectivestream_r01_20261011,22,GIN,polygon,direct,5,0.5,0.6,0,0,,,,
loco_polygon,selectivestream_r01_20261011,22,GIN,polygon,direct,6,0.6,0.7,0,0,,,,
loco_polygon,selectivestream_r01_20261011,22,GIN,polygon,direct,7,0.7,0.8,0,0,,,,
loco_polygon,selectivestream_r01_20261011,22,GIN,polygon,direct,8,0.8,0.9,0,0,,,,
loco_polygon,selectivestream_r01_20261011,22,GIN,polygon,direct,9,0.9,1.0,1,0,0.9877801327591054,0.0,0.0,0.7934506856227534
loco_polygon,selectivestream_r01_20261011,22,GIN,polygon,escalated,0,0.0,0.1,96,0,0.03842408923998872,0.0,0.0,0.03847558785767364
loco_polygon,selectivestream_r01_20261011,22,GIN,polygon,escalated,1,0.1,0.2,5,0,0.11960364605938448,0.0,5.551115123125783e-17,0.4344824647831612
loco_polygon,selectivestream_r01_20261011,22,GIN,polygon,escalated,2,0.2,0.3,1,0,0.23626412226471205,0.0,0.0,0.7934506856227534
loco_polygon,selectivestream_r01_20261011,22,GIN,polygon,escalated,3,0.3,0.4,2,0,0.35431978183179,0.0,0.0,0.6576197724933345
loco_polygon,selectivestream_r01_20261011,22,GIN,polygon,escalated,4,0.4,0.5,5,0,0.456512085994321,0.0,5.551115123125783e-17,0.4344824647831612
loco_polygon,selectivestream_r01_20261011,22,GIN,polygon,escalated,5,0.5,0.6,1,0,0.5461097835075888,0.0,0.0,0.7934506856227534
loco_polygon,selectivestream_r01_20261011,22,GIN,polygon,escalated,6,0.6,0.7,0,0,,,,
loco_polygon,selectivestream_r01_20261011,22,GIN,polygon,escalated,7,0.7,0.8,0,0,,,,
loco_polygon,selectivestream_r01_20261011,22,GIN,polygon,escalated,8,0.8,0.9,0,0,,,,
loco_polygon,selectivestream_r01_20261011,22,GIN,polygon,escalated,9,0.9,1.0,0,0,,,,
loco_polygon,selectivestream_r01_20261011,33,GIN,pooled,all,0,0.0,0.1,339,0,0.03285350393038302,0.0,0.0,0.011204767456969073
loco_polygon,selectivestream_r01_20261011,33,GIN,pooled,all,1,0.1,0.2,4,0,0.11851719455149626,0.0,0.0,0.48989083645458353
loco_polygon,selectivestream_r01_20261011,33,GIN,pooled,all,2,0.2,0.3,0,0,,,,
loco_polygon,selectivestream_r01_20261011,33,GIN,pooled,all,3,0.3,0.4,1,0,0.33066220972767235,0.0,0.0,0.7934506856227534
loco_polygon,selectivestream_r01_20261011,33,GIN,pooled,all,4,0.4,0.5,5,0,0.43467664941215095,0.0,5.551115123125783e-17,0.4344824647831612
loco_polygon,selectivestream_r01_20261011,33,GIN,pooled,all,5,0.5,0.6,2,0,0.5332823358208321,0.0,0.0,0.6576197724933345
loco_polygon,selectivestream_r01_20261011,33,GIN,pooled,all,6,0.6,0.7,0,0,,,,
loco_polygon,selectivestream_r01_20261011,33,GIN,pooled,all,7,0.7,0.8,1,0,0.7830324461197994,0.0,0.0,0.7934506856227534
loco_polygon,selectivestream_r01_20261011,33,GIN,pooled,all,8,0.8,0.9,0,0,,,,
loco_polygon,selectivestream_r01_20261011,33,GIN,pooled,all,9,0.9,1.0,1,0,0.9913026336318801,0.0,0.0,0.7934506856227534
loco_polygon,selectivestream_r01_20261011,33,GIN,pooled,direct,0,0.0,0.1,206,0,0.030140424606083033,0.0,0.0,0.018306481675655798
loco_polygon,selectivestream_r01_20261011,33,GIN,pooled,direct,1,0.1,0.2,0,0,,,,
loco_polygon,selectivestream_r01_20261011,33,GIN,pooled,direct,2,0.2,0.3,0,0,,,,
loco_polygon,selectivestream_r01_20261011,33,GIN,pooled,direct,3,0.3,0.4,0,0,,,,
loco_polygon,selectivestream_r01_20261011,33,GIN,pooled,direct,4,0.4,0.5,0,0,,,,
loco_polygon,selectivestream_r01_20261011,33,GIN,pooled,direct,5,0.5,0.6,0,0,,,,
loco_polygon,selectivestream_r01_20261011,33,GIN,pooled,direct,6,0.6,0.7,0,0,,,,
loco_polygon,selectivestream_r01_20261011,33,GIN,pooled,direct,7,0.7,0.8,1,0,0.7830324461197994,0.0,0.0,0.7934506856227534
loco_polygon,selectivestream_r01_20261011,33,GIN,pooled,direct,8,0.8,0.9,0,0,,,,
loco_polygon,selectivestream_r01_20261011,33,GIN,pooled,direct,9,0.9,1.0,1,0,0.9913026336318801,0.0,0.0,0.7934506856227534
loco_polygon,selectivestream_r01_20261011,33,GIN,pooled,escalated,0,0.0,0.1,133,0,0.03705571701914842,0.0,1.734723475976807e-18,0.028072331688070155
loco_polygon,selectivestream_r01_20261011,33,GIN,pooled,escalated,1,0.1,0.2,4,0,0.11851719455149626,0.0,0.0,0.48989083645458353
loco_polygon,selectivestream_r01_20261011,33,GIN,pooled,escalated,2,0.2,0.3,0,0,,,,
loco_polygon,selectivestream_r01_20261011,33,GIN,pooled,escalated,3,0.3,0.4,1,0,0.33066220972767235,0.0,0.0,0.7934506856227534
loco_polygon,selectivestream_r01_20261011,33,GIN,pooled,escalated,4,0.4,0.5,5,0,0.43467664941215095,0.0,5.551115123125783e-17,0.4344824647831612
loco_polygon,selectivestream_r01_20261011,33,GIN,pooled,escalated,5,0.5,0.6,2,0,0.5332823358208321,0.0,0.0,0.6576197724933345
loco_polygon,selectivestream_r01_20261011,33,GIN,pooled,escalated,6,0.6,0.7,0,0,,,,
loco_polygon,selectivestream_r01_20261011,33,GIN,pooled,escalated,7,0.7,0.8,0,0,,,,
loco_polygon,selectivestream_r01_20261011,33,GIN,pooled,escalated,8,0.8,0.9,0,0,,,,
loco_polygon,selectivestream_r01_20261011,33,GIN,pooled,escalated,9,0.9,1.0,0,0,,,,
loco_polygon,selectivestream_r01_20261011,33,GIN,polygon,all,0,0.0,0.1,339,0,0.03285350393038302,0.0,0.0,0.011204767456969073
loco_polygon,selectivestream_r01_20261011,33,GIN,polygon,all,1,0.1,0.2,4,0,0.11851719455149626,0.0,0.0,0.48989083645458353
loco_polygon,selectivestream_r01_20261011,33,GIN,polygon,all,2,0.2,0.3,0,0,,,,
loco_polygon,selectivestream_r01_20261011,33,GIN,polygon,all,3,0.3,0.4,1,0,0.33066220972767235,0.0,0.0,0.7934506856227534
loco_polygon,selectivestream_r01_20261011,33,GIN,polygon,all,4,0.4,0.5,5,0,0.43467664941215095,0.0,5.551115123125783e-17,0.4344824647831612
loco_polygon,selectivestream_r01_20261011,33,GIN,polygon,all,5,0.5,0.6,2,0,0.5332823358208321,0.0,0.0,0.6576197724933345
loco_polygon,selectivestream_r01_20261011,33,GIN,polygon,all,6,0.6,0.7,0,0,,,,
loco_polygon,selectivestream_r01_20261011,33,GIN,polygon,all,7,0.7,0.8,1,0,0.7830324461197994,0.0,0.0,0.7934506856227534
loco_polygon,selectivestream_r01_20261011,33,GIN,polygon,all,8,0.8,0.9,0,0,,,,
loco_polygon,selectivestream_r01_20261011,33,GIN,polygon,all,9,0.9,1.0,1,0,0.9913026336318801,0.0,0.0,0.7934506856227534
loco_polygon,selectivestream_r01_20261011,33,GIN,polygon,direct,0,0.0,0.1,206,0,0.030140424606083033,0.0,0.0,0.018306481675655798
loco_polygon,selectivestream_r01_20261011,33,GIN,polygon,direct,1,0.1,0.2,0,0,,,,
loco_polygon,selectivestream_r01_20261011,33,GIN,polygon,direct,2,0.2,0.3,0,0,,,,
loco_polygon,selectivestream_r01_20261011,33,GIN,polygon,direct,3,0.3,0.4,0,0,,,,
loco_polygon,selectivestream_r01_20261011,33,GIN,polygon,direct,4,0.4,0.5,0,0,,,,
loco_polygon,selectivestream_r01_20261011,33,GIN,polygon,direct,5,0.5,0.6,0,0,,,,
loco_polygon,selectivestream_r01_20261011,33,GIN,polygon,direct,6,0.6,0.7,0,0,,,,
loco_polygon,selectivestream_r01_20261011,33,GIN,polygon,direct,7,0.7,0.8,1,0,0.7830324461197994,0.0,0.0,0.7934506856227534
loco_polygon,selectivestream_r01_20261011,33,GIN,polygon,direct,8,0.8,0.9,0,0,,,,
loco_polygon,selectivestream_r01_20261011,33,GIN,polygon,direct,9,0.9,1.0,1,0,0.9913026336318801,0.0,0.0,0.7934506856227534
loco_polygon,selectivestream_r01_20261011,33,GIN,polygon,escalated,0,0.0,0.1,133,0,0.03705571701914842,0.0,1.734723475976807e-18,0.028072331688070155
loco_polygon,selectivestream_r01_20261011,33,GIN,polygon,escalated,1,0.1,0.2,4,0,0.11851719455149626,0.0,0.0,0.48989083645458353
loco_polygon,selectivestream_r01_20261011,33,GIN,polygon,escalated,2,0.2,0.3,0,0,,,,
loco_polygon,selectivestream_r01_20261011,33,GIN,polygon,escalated,3,0.3,0.4,1,0,0.33066220972767235,0.0,0.0,0.7934506856227534
loco_polygon,selectivestream_r01_20261011,33,GIN,polygon,escalated,4,0.4,0.5,5,0,0.43467664941215095,0.0,5.551115123125783e-17,0.4344824647831612
loco_polygon,selectivestream_r01_20261011,33,GIN,polygon,escalated,5,0.5,0.6,2,0,0.5332823358208321,0.0,0.0,0.6576197724933345
loco_polygon,selectivestream_r01_20261011,33,GIN,polygon,escalated,6,0.6,0.7,0,0,,,,
loco_polygon,selectivestream_r01_20261011,33,GIN,polygon,escalated,7,0.7,0.8,0,0,,,,
loco_polygon,selectivestream_r01_20261011,33,GIN,polygon,escalated,8,0.8,0.9,0,0,,,,
loco_polygon,selectivestream_r01_20261011,33,GIN,polygon,escalated,9,0.9,1.0,0,0,,,,
loco_polygon,selectivestream_r01_20261011,44,GIN,pooled,all,0,0.0,0.1,339,0,0.035389137489955855,0.0,0.0,0.011204767456969073
loco_polygon,selectivestream_r01_20261011,44,GIN,pooled,all,1,0.1,0.2,5,0,0.13880362818997374,0.0,5.551115123125783e-17,0.4344824647831612
loco_polygon,selectivestream_r01_20261011,44,GIN,pooled,all,2,0.2,0.3,1,0,0.25892153889569175,0.0,0.0,0.7934506856227534
loco_polygon,selectivestream_r01_20261011,44,GIN,pooled,all,3,0.3,0.4,2,0,0.3494259537878682,0.0,0.0,0.6576197724933345
loco_polygon,selectivestream_r01_20261011,44,GIN,pooled,all,4,0.4,0.5,2,0,0.4738630743209217,0.0,0.0,0.6576197724933345
loco_polygon,selectivestream_r01_20261011,44,GIN,pooled,all,5,0.5,0.6,1,0,0.5123130593022082,0.0,0.0,0.7934506856227534
loco_polygon,selectivestream_r01_20261011,44,GIN,pooled,all,6,0.6,0.7,1,0,0.6647606623132157,0.0,0.0,0.7934506856227534
loco_polygon,selectivestream_r01_20261011,44,GIN,pooled,all,7,0.7,0.8,1,0,0.7951227748541289,0.0,0.0,0.7934506856227534
loco_polygon,selectivestream_r01_20261011,44,GIN,pooled,all,8,0.8,0.9,0,0,,,,
loco_polygon,selectivestream_r01_20261011,44,GIN,pooled,all,9,0.9,1.0,1,0,0.9933372478997732,0.0,0.0,0.7934506856227534
loco_polygon,selectivestream_r01_20261011,44,GIN,pooled,direct,0,0.0,0.1,229,0,0.03465999162365386,0.0,0.0,0.01649817365064757
loco_polygon,selectivestream_r01_20261011,44,GIN,pooled,direct,1,0.1,0.2,0,0,,,,
loco_polygon,selectivestream_r01_20261011,44,GIN,pooled,direct,2,0.2,0.3,0,0,,,,
loco_polygon,selectivestream_r01_20261011,44,GIN,pooled,direct,3,0.3,0.4,0,0,,,,
loco_polygon,selectivestream_r01_20261011,44,GIN,pooled,direct,4,0.4,0.5,0,0,,,,
loco_polygon,selectivestream_r01_20261011,44,GIN,pooled,direct,5,0.5,0.6,0,0,,,,
loco_polygon,selectivestream_r01_20261011,44,GIN,pooled,direct,6,0.6,0.7,0,0,,,,
loco_polygon,selectivestream_r01_20261011,44,GIN,pooled,direct,7,0.7,0.8,0,0,,,,
loco_polygon,selectivestream_r01_20261011,44,GIN,pooled,direct,8,0.8,0.9,0,0,,,,
loco_polygon,selectivestream_r01_20261011,44,GIN,pooled,direct,9,0.9,1.0,1,0,0.9933372478997732,0.0,0.0,0.7934506856227534
loco_polygon,selectivestream_r01_20261011,44,GIN,pooled,escalated,0,0.0,0.1,110,0,0.03690708661162092,0.0,0.0,0.033743935298162386
loco_polygon,selectivestream_r01_20261011,44,GIN,pooled,escalated,1,0.1,0.2,5,0,0.13880362818997374,0.0,5.551115123125783e-17,0.4344824647831612
loco_polygon,selectivestream_r01_20261011,44,GIN,pooled,escalated,2,0.2,0.3,1,0,0.25892153889569175,0.0,0.0,0.7934506856227534
loco_polygon,selectivestream_r01_20261011,44,GIN,pooled,escalated,3,0.3,0.4,2,0,0.3494259537878682,0.0,0.0,0.6576197724933345
loco_polygon,selectivestream_r01_20261011,44,GIN,pooled,escalated,4,0.4,0.5,2,0,0.4738630743209217,0.0,0.0,0.6576197724933345
loco_polygon,selectivestream_r01_20261011,44,GIN,pooled,escalated,5,0.5,0.6,1,0,0.5123130593022082,0.0,0.0,0.7934506856227534
loco_polygon,selectivestream_r01_20261011,44,GIN,pooled,escalated,6,0.6,0.7,1,0,0.6647606623132157,0.0,0.0,0.7934506856227534
loco_polygon,selectivestream_r01_20261011,44,GIN,pooled,escalated,7,0.7,0.8,1,0,0.7951227748541289,0.0,0.0,0.7934506856227534
loco_polygon,selectivestream_r01_20261011,44,GIN,pooled,escalated,8,0.8,0.9,0,0,,,,
loco_polygon,selectivestream_r01_20261011,44,GIN,pooled,escalated,9,0.9,1.0,0,0,,,,
loco_polygon,selectivestream_r01_20261011,44,GIN,polygon,all,0,0.0,0.1,339,0,0.035389137489955855,0.0,0.0,0.011204767456969073
loco_polygon,selectivestream_r01_20261011,44,GIN,polygon,all,1,0.1,0.2,5,0,0.13880362818997374,0.0,5.551115123125783e-17,0.4344824647831612
loco_polygon,selectivestream_r01_20261011,44,GIN,polygon,all,2,0.2,0.3,1,0,0.25892153889569175,0.0,0.0,0.7934506856227534
loco_polygon,selectivestream_r01_20261011,44,GIN,polygon,all,3,0.3,0.4,2,0,0.3494259537878682,0.0,0.0,0.6576197724933345
loco_polygon,selectivestream_r01_20261011,44,GIN,polygon,all,4,0.4,0.5,2,0,0.4738630743209217,0.0,0.0,0.6576197724933345
loco_polygon,selectivestream_r01_20261011,44,GIN,polygon,all,5,0.5,0.6,1,0,0.5123130593022082,0.0,0.0,0.7934506856227534
loco_polygon,selectivestream_r01_20261011,44,GIN,polygon,all,6,0.6,0.7,1,0,0.6647606623132157,0.0,0.0,0.7934506856227534
loco_polygon,selectivestream_r01_20261011,44,GIN,polygon,all,7,0.7,0.8,1,0,0.7951227748541289,0.0,0.0,0.7934506856227534
loco_polygon,selectivestream_r01_20261011,44,GIN,polygon,all,8,0.8,0.9,0,0,,,,
loco_polygon,selectivestream_r01_20261011,44,GIN,polygon,all,9,0.9,1.0,1,0,0.9933372478997732,0.0,0.0,0.7934506856227534
loco_polygon,selectivestream_r01_20261011,44,GIN,polygon,direct,0,0.0,0.1,229,0,0.03465999162365386,0.0,0.0,0.01649817365064757
loco_polygon,selectivestream_r01_20261011,44,GIN,polygon,direct,1,0.1,0.2,0,0,,,,
loco_polygon,selectivestream_r01_20261011,44,GIN,polygon,direct,2,0.2,0.3,0,0,,,,
loco_polygon,selectivestream_r01_20261011,44,GIN,polygon,direct,3,0.3,0.4,0,0,,,,
loco_polygon,selectivestream_r01_20261011,44,GIN,polygon,direct,4,0.4,0.5,0,0,,,,
loco_polygon,selectivestream_r01_20261011,44,GIN,polygon,direct,5,0.5,0.6,0,0,,,,
loco_polygon,selectivestream_r01_20261011,44,GIN,polygon,direct,6,0.6,0.7,0,0,,,,
loco_polygon,selectivestream_r01_20261011,44,GIN,polygon,direct,7,0.7,0.8,0,0,,,,
loco_polygon,selectivestream_r01_20261011,44,GIN,polygon,direct,8,0.8,0.9,0,0,,,,
loco_polygon,selectivestream_r01_20261011,44,GIN,polygon,direct,9,0.9,1.0,1,0,0.9933372478997732,0.0,0.0,0.7934506856227534
loco_polygon,selectivestream_r01_20261011,44,GIN,polygon,escalated,0,0.0,0.1,110,0,0.03690708661162092,0.0,0.0,0.033743935298162386
loco_polygon,selectivestream_r01_20261011,44,GIN,polygon,escalated,1,0.1,0.2,5,0,0.13880362818997374,0.0,5.551115123125783e-17,0.4344824647831612
loco_polygon,selectivestream_r01_20261011,44,GIN,polygon,escalated,2,0.2,0.3,1,0,0.25892153889569175,0.0,0.0,0.7934506856227534
loco_polygon,selectivestream_r01_20261011,44,GIN,polygon,escalated,3,0.3,0.4,2,0,0.3494259537878682,0.0,0.0,0.6576197724933345
loco_polygon,selectivestream_r01_20261011,44,GIN,polygon,escalated,4,0.4,0.5,2,0,0.4738630743209217,0.0,0.0,0.6576197724933345
loco_polygon,selectivestream_r01_20261011,44,GIN,polygon,escalated,5,0.5,0.6,1,0,0.5123130593022082,0.0,0.0,0.7934506856227534
loco_polygon,selectivestream_r01_20261011,44,GIN,polygon,escalated,6,0.6,0.7,1,0,0.6647606623132157,0.0,0.0,0.7934506856227534
loco_polygon,selectivestream_r01_20261011,44,GIN,polygon,escalated,7,0.7,0.8,1,0,0.7951227748541289,0.0,0.0,0.7934506856227534
loco_polygon,selectivestream_r01_20261011,44,GIN,polygon,escalated,8,0.8,0.9,0,0,,,,
loco_polygon,selectivestream_r01_20261011,44,GIN,polygon,escalated,9,0.9,1.0,0,0,,,,
loco_polygon,selectivestream_r01_20261011,55,GIN,pooled,all,0,0.0,0.1,334,0,0.042055388220508076,0.0,-8.673617379884035e-19,0.01137059623796122
loco_polygon,selectivestream_r01_20261011,55,GIN,pooled,all,1,0.1,0.2,8,0,0.14272668956232337,0.0,0.0,0.3244075648838681
loco_polygon,selectivestream_r01_20261011,55,GIN,pooled,all,2,0.2,0.3,3,0,0.25496700673381256,0.0,0.0,0.561497031755032
loco_polygon,selectivestream_r01_20261011,55,GIN,pooled,all,3,0.3,0.4,3,0,0.34898410932399376,0.0,0.0,0.561497031755032
loco_polygon,selectivestream_r01_20261011,55,GIN,pooled,all,4,0.4,0.5,1,0,0.43984947842105243,0.0,0.0,0.7934506856227534
loco_polygon,selectivestream_r01_20261011,55,GIN,pooled,all,5,0.5,0.6,1,0,0.5860628900984453,0.0,0.0,0.7934506856227534
loco_polygon,selectivestream_r01_20261011,55,GIN,pooled,all,6,0.6,0.7,0,0,,,,
loco_polygon,selectivestream_r01_20261011,55,GIN,pooled,all,7,0.7,0.8,0,0,,,,
loco_polygon,selectivestream_r01_20261011,55,GIN,pooled,all,8,0.8,0.9,2,0,0.8171373793505468,0.0,0.0,0.6576197724933345
loco_polygon,selectivestream_r01_20261011,55,GIN,pooled,all,9,0.9,1.0,1,0,0.9933005884820758,0.0,0.0,0.7934506856227534
loco_polygon,selectivestream_r01_20261011,55,GIN,pooled,direct,0,0.0,0.1,206,0,0.03783750304547422,0.0,0.0,0.018306481675655798
loco_polygon,selectivestream_r01_20261011,55,GIN,pooled,direct,1,0.1,0.2,0,0,,,,
loco_polygon,selectivestream_r01_20261011,55,GIN,pooled,direct,2,0.2,0.3,0,0,,,,
loco_polygon,selectivestream_r01_20261011,55,GIN,pooled,direct,3,0.3,0.4,0,0,,,,
loco_polygon,selectivestream_r01_20261011,55,GIN,pooled,direct,4,0.4,0.5,0,0,,,,
loco_polygon,selectivestream_r01_20261011,55,GIN,pooled,direct,5,0.5,0.6,1,0,0.5860628900984453,0.0,0.0,0.7934506856227534
loco_polygon,selectivestream_r01_20261011,55,GIN,pooled,direct,6,0.6,0.7,0,0,,,,
loco_polygon,selectivestream_r01_20261011,55,GIN,pooled,direct,7,0.7,0.8,0,0,,,,
loco_polygon,selectivestream_r01_20261011,55,GIN,pooled,direct,8,0.8,0.9,2,0,0.8171373793505468,0.0,0.0,0.6576197724933345
loco_polygon,selectivestream_r01_20261011,55,GIN,pooled,direct,9,0.9,1.0,1,0,0.9933005884820758,0.0,0.0,0.7934506856227534
loco_polygon,selectivestream_r01_20261011,55,GIN,pooled,escalated,0,0.0,0.1,128,0,0.0488435471740782,0.0,0.0,0.02913695627350686
loco_polygon,selectivestream_r01_20261011,55,GIN,pooled,escalated,1,0.1,0.2,8,0,0.14272668956232337,0.0,0.0,0.3244075648838681
loco_polygon,selectivestream_r01_20261011,55,GIN,pooled,escalated,2,0.2,0.3,3,0,0.25496700673381256,0.0,0.0,0.561497031755032
loco_polygon,selectivestream_r01_20261011,55,GIN,pooled,escalated,3,0.3,0.4,3,0,0.34898410932399376,0.0,0.0,0.561497031755032
loco_polygon,selectivestream_r01_20261011,55,GIN,pooled,escalated,4,0.4,0.5,1,0,0.43984947842105243,0.0,0.0,0.7934506856227534
loco_polygon,selectivestream_r01_20261011,55,GIN,pooled,escalated,5,0.5,0.6,0,0,,,,
loco_polygon,selectivestream_r01_20261011,55,GIN,pooled,escalated,6,0.6,0.7,0,0,,,,
loco_polygon,selectivestream_r01_20261011,55,GIN,pooled,escalated,7,0.7,0.8,0,0,,,,
loco_polygon,selectivestream_r01_20261011,55,GIN,pooled,escalated,8,0.8,0.9,0,0,,,,
loco_polygon,selectivestream_r01_20261011,55,GIN,pooled,escalated,9,0.9,1.0,0,0,,,,
loco_polygon,selectivestream_r01_20261011,55,GIN,polygon,all,0,0.0,0.1,334,0,0.042055388220508076,0.0,-8.673617379884035e-19,0.01137059623796122
loco_polygon,selectivestream_r01_20261011,55,GIN,polygon,all,1,0.1,0.2,8,0,0.14272668956232337,0.0,0.0,0.3244075648838681
loco_polygon,selectivestream_r01_20261011,55,GIN,polygon,all,2,0.2,0.3,3,0,0.25496700673381256,0.0,0.0,0.561497031755032
loco_polygon,selectivestream_r01_20261011,55,GIN,polygon,all,3,0.3,0.4,3,0,0.34898410932399376,0.0,0.0,0.561497031755032
loco_polygon,selectivestream_r01_20261011,55,GIN,polygon,all,4,0.4,0.5,1,0,0.43984947842105243,0.0,0.0,0.7934506856227534
loco_polygon,selectivestream_r01_20261011,55,GIN,polygon,all,5,0.5,0.6,1,0,0.5860628900984453,0.0,0.0,0.7934506856227534
loco_polygon,selectivestream_r01_20261011,55,GIN,polygon,all,6,0.6,0.7,0,0,,,,
loco_polygon,selectivestream_r01_20261011,55,GIN,polygon,all,7,0.7,0.8,0,0,,,,
loco_polygon,selectivestream_r01_20261011,55,GIN,polygon,all,8,0.8,0.9,2,0,0.8171373793505468,0.0,0.0,0.6576197724933345
loco_polygon,selectivestream_r01_20261011,55,GIN,polygon,all,9,0.9,1.0,1,0,0.9933005884820758,0.0,0.0,0.7934506856227534
loco_polygon,selectivestream_r01_20261011,55,GIN,polygon,direct,0,0.0,0.1,206,0,0.03783750304547422,0.0,0.0,0.018306481675655798
loco_polygon,selectivestream_r01_20261011,55,GIN,polygon,direct,1,0.1,0.2,0,0,,,,
loco_polygon,selectivestream_r01_20261011,55,GIN,polygon,direct,2,0.2,0.3,0,0,,,,
loco_polygon,selectivestream_r01_20261011,55,GIN,polygon,direct,3,0.3,0.4,0,0,,,,
loco_polygon,selectivestream_r01_20261011,55,GIN,polygon,direct,4,0.4,0.5,0,0,,,,
loco_polygon,selectivestream_r01_20261011,55,GIN,polygon,direct,5,0.5,0.6,1,0,0.5860628900984453,0.0,0.0,0.7934506856227534
loco_polygon,selectivestream_r01_20261011,55,GIN,polygon,direct,6,0.6,0.7,0,0,,,,
loco_polygon,selectivestream_r01_20261011,55,GIN,polygon,direct,7,0.7,0.8,0,0,,,,
loco_polygon,selectivestream_r01_20261011,55,GIN,polygon,direct,8,0.8,0.9,2,0,0.8171373793505468,0.0,0.0,0.6576197724933345
loco_polygon,selectivestream_r01_20261011,55,GIN,polygon,direct,9,0.9,1.0,1,0,0.9933005884820758,0.0,0.0,0.7934506856227534
loco_polygon,selectivestream_r01_20261011,55,GIN,polygon,escalated,0,0.0,0.1,128,0,0.0488435471740782,0.0,0.0,0.02913695627350686
loco_polygon,selectivestream_r01_20261011,55,GIN,polygon,escalated,1,0.1,0.2,8,0,0.14272668956232337,0.0,0.0,0.3244075648838681
loco_polygon,selectivestream_r01_20261011,55,GIN,polygon,escalated,2,0.2,0.3,3,0,0.25496700673381256,0.0,0.0,0.561497031755032
loco_polygon,selectivestream_r01_20261011,55,GIN,polygon,escalated,3,0.3,0.4,3,0,0.34898410932399376,0.0,0.0,0.561497031755032
loco_polygon,selectivestream_r01_20261011,55,GIN,polygon,escalated,4,0.4,0.5,1,0,0.43984947842105243,0.0,0.0,0.7934506856227534
loco_polygon,selectivestream_r01_20261011,55,GIN,polygon,escalated,5,0.5,0.6,0,0,,,,
loco_polygon,selectivestream_r01_20261011,55,GIN,polygon,escalated,6,0.6,0.7,0,0,,,,
loco_polygon,selectivestream_r01_20261011,55,GIN,polygon,escalated,7,0.7,0.8,0,0,,,,
loco_polygon,selectivestream_r01_20261011,55,GIN,polygon,escalated,8,0.8,0.9,0,0,,,,
loco_polygon,selectivestream_r01_20261011,55,GIN,polygon,escalated,9,0.9,1.0,0,0,,,,
pooled_snapshot,selectivestream_r01_20261011,11,GATv2,pooled,all,0,0.0,0.1,3176,64,0.02557098134179249,0.020151133501259445,0.01581255219140412,0.025649093154143984
pooled_snapshot,selectivestream_r01_20261011,11,GATv2,pooled,all,1,0.1,0.2,236,20,0.13931414868767722,0.0847457627118644,0.05552823234707988,0.12726526397446267
pooled_snapshot,selectivestream_r01_20261011,11,GATv2,pooled,all,2,0.2,0.3,74,9,0.24636382046453617,0.12162162162162163,0.06532315657822735,0.21526586566768452
pooled_snapshot,selectivestream_r01_20261011,11,GATv2,pooled,all,3,0.3,0.4,32,7,0.34548001880948587,0.21875,0.11023836252604396,0.38754993649243025
pooled_snapshot,selectivestream_r01_20261011,11,GATv2,pooled,all,4,0.4,0.5,49,8,0.4462099234608743,0.16326530612244897,0.08512698370728987,0.2903633843391643
pooled_snapshot,selectivestream_r01_20261011,11,GATv2,pooled,all,5,0.5,0.6,15,1,0.5594714329284096,0.06666666666666667,0.011866895493268997,0.29816529873779196
pooled_snapshot,selectivestream_r01_20261011,11,GATv2,pooled,all,6,0.6,0.7,38,30,0.6210463919773458,0.7894736842105263,0.6365422052467307,0.8892520815700391
pooled_snapshot,selectivestream_r01_20261011,11,GATv2,pooled,all,7,0.7,0.8,2,1,0.7201268132001541,0.5,0.09453120573423457,0.9054687942657654
pooled_snapshot,selectivestream_r01_20261011,11,GATv2,pooled,all,8,0.8,0.9,4,4,0.8752256169315685,1.0,0.5101091635454165,1.0
pooled_snapshot,selectivestream_r01_20261011,11,GATv2,pooled,all,9,0.9,1.0,22,17,0.9700146739217175,0.7727272727272727,0.5656004682477889,0.8987696001475127
pooled_snapshot,selectivestream_r01_20261011,11,GATv2,pooled,direct,0,0.0,0.1,2601,35,0.020475652292436607,0.013456362937331795,0.009691430941645492,0.018656343764813847
pooled_snapshot,selectivestream_r01_20261011,11,GATv2,pooled,direct,1,0.1,0.2,0,0,,,,
pooled_snapshot,selectivestream_r01_20261011,11,GATv2,pooled,direct,2,0.2,0.3,0,0,,,,
pooled_snapshot,selectivestream_r01_20261011,11,GATv2,pooled,direct,3,0.3,0.4,0,0,,,,
pooled_snapshot,selectivestream_r01_20261011,11,GATv2,pooled,direct,4,0.4,0.5,43,5,0.4454597088308434,0.11627906976744186,0.050704277398042785,0.244791618100817
pooled_snapshot,selectivestream_r01_20261011,11,GATv2,pooled,direct,5,0.5,0.6,13,1,0.553565947545644,0.07692307692307693,0.013710421242557114,0.3331395092109872
pooled_snapshot,selectivestream_r01_20261011,11,GATv2,pooled,direct,6,0.6,0.7,6,3,0.645331031123605,0.5,0.18761630648265576,0.8123836935173443
pooled_snapshot,selectivestream_r01_20261011,11,GATv2,pooled,direct,7,0.7,0.8,1,1,0.7323074218282358,1.0,0.20654931437724644,0.9999999999999999
pooled_snapshot,selectivestream_r01_20261011,11,GATv2,pooled,direct,8,0.8,0.9,4,4,0.8752256169315685,1.0,0.5101091635454165,1.0
pooled_snapshot,selectivestream_r01_20261011,11,GATv2,pooled,direct,9,0.9,1.0,22,17,0.9700146739217175,0.7727272727272727,0.5656004682477889,0.8987696001475127
pooled_snapshot,selectivestream_r01_20261011,11,GATv2,pooled,escalated,0,0.0,0.1,575,29,0.048619591528531035,0.050434782608695654,0.03534266008984212,0.07149394927585015
pooled_snapshot,selectivestream_r01_20261011,11,GATv2,pooled,escalated,1,0.1,0.2,236,20,0.13931414868767722,0.0847457627118644,0.05552823234707988,0.12726526397446267
pooled_snapshot,selectivestream_r01_20261011,11,GATv2,pooled,escalated,2,0.2,0.3,74,9,0.24636382046453617,0.12162162162162163,0.06532315657822735,0.21526586566768452
pooled_snapshot,selectivestream_r01_20261011,11,GATv2,pooled,escalated,3,0.3,0.4,32,7,0.34548001880948587,0.21875,0.11023836252604396,0.38754993649243025
pooled_snapshot,selectivestream_r01_20261011,11,GATv2,pooled,escalated,4,0.4,0.5,6,3,0.451586461642763,0.5,0.18761630648265576,0.8123836935173443
pooled_snapshot,selectivestream_r01_20261011,11,GATv2,pooled,escalated,5,0.5,0.6,2,0,0.5978570879163851,0.0,0.0,0.6576197724933345
pooled_snapshot,selectivestream_r01_20261011,11,GATv2,pooled,escalated,6,0.6,0.7,32,27,0.6164930221374223,0.84375,0.6824585040247012,0.9313557971749414
pooled_snapshot,selectivestream_r01_20261011,11,GATv2,pooled,escalated,7,0.7,0.8,1,0,0.7079462045720726,0.0,0.0,0.7934506856227534
pooled_snapshot,selectivestream_r01_20261011,11,GATv2,pooled,escalated,8,0.8,0.9,0,0,,,,
pooled_snapshot,selectivestream_r01_20261011,11,GATv2,pooled,escalated,9,0.9,1.0,0,0,,,,
pooled_snapshot,selectivestream_r01_20261011,11,GATv2,bsc,all,0,0.0,0.1,981,17,0.026737940688051465,0.017329255861365953,0.01084729983806163,0.027576609392980955
pooled_snapshot,selectivestream_r01_20261011,11,GATv2,bsc,all,1,0.1,0.2,85,4,0.1369334955487886,0.047058823529411764,0.018450260833071143,0.11483727156318518
pooled_snapshot,selectivestream_r01_20261011,11,GATv2,bsc,all,2,0.2,0.3,24,3,0.24138668906570526,0.125,0.043443340801235575,0.31003881270499467
pooled_snapshot,selectivestream_r01_20261011,11,GATv2,bsc,all,3,0.3,0.4,7,0,0.3495453601135771,0.0,0.0,0.35433043506667483
pooled_snapshot,selectivestream_r01_20261011,11,GATv2,bsc,all,4,0.4,0.5,14,0,0.4451211018408797,0.0,0.0,0.2153108027376265
pooled_snapshot,selectivestream_r01_20261011,11,GATv2,bsc,all,5,0.5,0.6,6,0,0.5462066612831763,0.0,0.0,0.39033428790215224
pooled_snapshot,selectivestream_r01_20261011,11,GATv2,bsc,all,6,0.6,0.7,7,1,0.6316733287222158,0.14285714285714285,0.025679624344744578,0.5131278292743089
pooled_snapshot,selectivestream_r01_20261011,11,GATv2,bsc,all,7,0.7,0.8,0,0,,,,
pooled_snapshot,selectivestream_r01_20261011,11,GATv2,bsc,all,8,0.8,0.9,0,0,,,,
pooled_snapshot,selectivestream_r01_20261011,11,GATv2,bsc,all,9,0.9,1.0,1,0,0.9896089184412691,0.0,0.0,0.7934506856227534
pooled_snapshot,selectivestream_r01_20261011,11,GATv2,bsc,direct,0,0.0,0.1,802,10,0.02235398495340868,0.012468827930174564,0.006786695483491112,0.022799097800940568
pooled_snapshot,selectivestream_r01_20261011,11,GATv2,bsc,direct,1,0.1,0.2,0,0,,,,
pooled_snapshot,selectivestream_r01_20261011,11,GATv2,bsc,direct,2,0.2,0.3,0,0,,,,
pooled_snapshot,selectivestream_r01_20261011,11,GATv2,bsc,direct,3,0.3,0.4,0,0,,,,
pooled_snapshot,selectivestream_r01_20261011,11,GATv2,bsc,direct,4,0.4,0.5,14,0,0.4451211018408797,0.0,0.0,0.2153108027376265
pooled_snapshot,selectivestream_r01_20261011,11,GATv2,bsc,direct,5,0.5,0.6,5,0,0.5362807290186213,0.0,5.551115123125783e-17,0.4344824647831612
pooled_snapshot,selectivestream_r01_20261011,11,GATv2,bsc,direct,6,0.6,0.7,4,1,0.6382527729567076,0.25,0.04558726080970238,0.6993581574175893
pooled_snapshot,selectivestream_r01_20261011,11,GATv2,bsc,direct,7,0.7,0.8,0,0,,,,
pooled_snapshot,selectivestream_r01_20261011,11,GATv2,bsc,direct,8,0.8,0.9,0,0,,,,
pooled_snapshot,selectivestream_r01_20261011,11,GATv2,bsc,direct,9,0.9,1.0,1,0,0.9896089184412691,0.0,0.0,0.7934506856227534
pooled_snapshot,selectivestream_r01_20261011,11,GATv2,bsc,escalated,0,0.0,0.1,179,7,0.046380021689076636,0.03910614525139665,0.019069946437377746,0.07850890102844998
pooled_snapshot,selectivestream_r01_20261011,11,GATv2,bsc,escalated,1,0.1,0.2,85,4,0.1369334955487886,0.047058823529411764,0.018450260833071143,0.11483727156318518
pooled_snapshot,selectivestream_r01_20261011,11,GATv2,bsc,escalated,2,0.2,0.3,24,3,0.24138668906570526,0.125,0.043443340801235575,0.31003881270499467
pooled_snapshot,selectivestream_r01_20261011,11,GATv2,bsc,escalated,3,0.3,0.4,7,0,0.3495453601135771,0.0,0.0,0.35433043506667483
pooled_snapshot,selectivestream_r01_20261011,11,GATv2,bsc,escalated,4,0.4,0.5,0,0,,,,
pooled_snapshot,selectivestream_r01_20261011,11,GATv2,bsc,escalated,5,0.5,0.6,1,0,0.5958363226059508,0.0,0.0,0.7934506856227534
pooled_snapshot,selectivestream_r01_20261011,11,GATv2,bsc,escalated,6,0.6,0.7,3,0,0.62290073640956,0.0,0.0,0.561497031755032
pooled_snapshot,selectivestream_r01_20261011,11,GATv2,bsc,escalated,7,0.7,0.8,0,0,,,,
pooled_snapshot,selectivestream_r01_20261011,11,GATv2,bsc,escalated,8,0.8,0.9,0,0,,,,
pooled_snapshot,selectivestream_r01_20261011,11,GATv2,bsc,escalated,9,0.9,1.0,0,0,,,,
pooled_snapshot,selectivestream_r01_20261011,11,GATv2,ethereum,all,0,0.0,0.1,1875,47,0.02450104368671432,0.025066666666666668,0.01890263716977572,0.0331727832236548
pooled_snapshot,selectivestream_r01_20261011,11,GATv2,ethereum,all,1,0.1,0.2,134,16,0.14070780743067257,0.11940298507462686,0.07484831936905514,0.18517111982824022
pooled_snapshot,selectivestream_r01_20261011,11,GATv2,ethereum,all,2,0.2,0.3,44,6,0.25095250848171874,0.13636363636363635,0.06402954497556004,0.2670945304851502
pooled_snapshot,selectivestream_r01_20261011,11,GATv2,ethereum,all,3,0.3,0.4,22,7,0.34130143090255455,0.3181818181818182,0.16360593181356556,0.5268140225895669
pooled_snapshot,selectivestream_r01_20261011,11,GATv2,ethereum,all,4,0.4,0.5,32,8,0.447147368063601,0.25,0.13252400918509277,0.4210655899424398
pooled_snapshot,selectivestream_r01_20261011,11,GATv2,ethereum,all,5,0.5,0.6,7,1,0.5718433554232788,0.14285714285714285,0.025679624344744578,0.5131278292743089
pooled_snapshot,selectivestream_r01_20261011,11,GATv2,ethereum,all,6,0.6,0.7,30,29,0.6185335351700172,0.9666666666666667,0.8332960900859135,0.9940914096183872
pooled_snapshot,selectivestream_r01_20261011,11,GATv2,ethereum,all,7,0.7,0.8,2,1,0.7201268132001541,0.5,0.09453120573423457,0.9054687942657654
pooled_snapshot,selectivestream_r01_20261011,11,GATv2,ethereum,all,8,0.8,0.9,4,4,0.8752256169315685,1.0,0.5101091635454165,1.0
pooled_snapshot,selectivestream_r01_20261011,11,GATv2,ethereum,all,9,0.9,1.0,20,17,0.972514703682722,0.85,0.6395811352592498,0.9476312541037819
pooled_snapshot,selectivestream_r01_20261011,11,GATv2,ethereum,direct,0,0.0,0.1,1561,25,0.019010050546934942,0.016015374759769378,0.010871237514689564,0.023535736122927534
pooled_snapshot,selectivestream_r01_20261011,11,GATv2,ethereum,direct,1,0.1,0.2,0,0,,,,
pooled_snapshot,selectivestream_r01_20261011,11,GATv2,ethereum,direct,2,0.2,0.3,0,0,,,,
pooled_snapshot,selectivestream_r01_20261011,11,GATv2,ethereum,direct,3,0.3,0.4,0,0,,,,
pooled_snapshot,selectivestream_r01_20261011,11,GATv2,ethereum,direct,4,0.4,0.5,26,5,0.4461229618530252,0.19230769230769232,0.08507061148942596,0.37876257119316425
pooled_snapshot,selectivestream_r01_20261011,11,GATv2,ethereum,direct,5,0.5,0.6,6,1,0.5671709391226887,0.16666666666666666,0.030053369748307746,0.5635028221864603
pooled_snapshot,selectivestream_r01_20261011,11,GATv2,ethereum,direct,6,0.6,0.7,2,2,0.6594875474573999,1.0,0.34238022750666547,1.0
pooled_snapshot,selectivestream_r01_20261011,11,GATv2,ethereum,direct,7,0.7,0.8,1,1,0.7323074218282358,1.0,0.20654931437724644,0.9999999999999999
pooled_snapshot,selectivestream_r01_20261011,11,GATv2,ethereum,direct,8,0.8,0.9,4,4,0.8752256169315685,1.0,0.5101091635454165,1.0
pooled_snapshot,selectivestream_r01_20261011,11,GATv2,ethereum,direct,9,0.9,1.0,20,17,0.972514703682722,0.85,0.6395811352592498,0.9476312541037819
pooled_snapshot,selectivestream_r01_20261011,11,GATv2,ethereum,escalated,0,0.0,0.1,314,22,0.051798624231923274,0.07006369426751592,0.04672107109901329,0.10379881072572704
pooled_snapshot,selectivestream_r01_20261011,11,GATv2,ethereum,escalated,1,0.1,0.2,134,16,0.14070780743067257,0.11940298507462686,0.07484831936905514,0.18517111982824022
pooled_snapshot,selectivestream_r01_20261011,11,GATv2,ethereum,escalated,2,0.2,0.3,44,6,0.25095250848171874,0.13636363636363635,0.06402954497556004,0.2670945304851502
pooled_snapshot,selectivestream_r01_20261011,11,GATv2,ethereum,escalated,3,0.3,0.4,22,7,0.34130143090255455,0.3181818181818182,0.16360593181356556,0.5268140225895669
pooled_snapshot,selectivestream_r01_20261011,11,GATv2,ethereum,escalated,4,0.4,0.5,6,3,0.451586461642763,0.5,0.18761630648265576,0.8123836935173443
pooled_snapshot,selectivestream_r01_20261011,11,GATv2,ethereum,escalated,5,0.5,0.6,1,0,0.5998778532268195,0.0,0.0,0.7934506856227534
pooled_snapshot,selectivestream_r01_20261011,11,GATv2,ethereum,escalated,6,0.6,0.7,28,27,0.6156082485780613,0.9642857142857143,0.8228780225664727,0.9936674801509622
pooled_snapshot,selectivestream_r01_20261011,11,GATv2,ethereum,escalated,7,0.7,0.8,1,0,0.7079462045720726,0.0,0.0,0.7934506856227534
pooled_snapshot,selectivestream_r01_20261011,11,GATv2,ethereum,escalated,8,0.8,0.9,0,0,,,,
pooled_snapshot,selectivestream_r01_20261011,11,GATv2,ethereum,escalated,9,0.9,1.0,0,0,,,,
pooled_snapshot,selectivestream_r01_20261011,11,GATv2,polygon,all,0,0.0,0.1,320,0,0.02826268754364102,0.0,8.673617379884035e-19,0.011862158831309092
pooled_snapshot,selectivestream_r01_20261011,11,GATv2,polygon,all,1,0.1,0.2,17,0,0.14023210429027477,0.0,0.0,0.18431813500884353
pooled_snapshot,selectivestream_r01_20261011,11,GATv2,polygon,all,2,0.2,0.3,6,0,0.23262196726718756,0.0,0.0,0.39033428790215224
pooled_snapshot,selectivestream_r01_20261011,11,GATv2,polygon,all,3,0.3,0.4,3,0,0.36663720041743625,0.0,0.0,0.561497031755032
pooled_snapshot,selectivestream_r01_20261011,11,GATv2,polygon,all,4,0.4,0.5,3,0,0.4412916819250978,0.0,0.0,0.561497031755032
pooled_snapshot,selectivestream_r01_20261011,11,GATv2,polygon,all,5,0.5,0.6,2,0,0.5559640191320667,0.0,0.0,0.6576197724933345
pooled_snapshot,selectivestream_r01_20261011,11,GATv2,polygon,all,6,0.6,0.7,1,0,0.6220435389831164,0.0,0.0,0.7934506856227534
pooled_snapshot,selectivestream_r01_20261011,11,GATv2,polygon,all,7,0.7,0.8,0,0,,,,
pooled_snapshot,selectivestream_r01_20261011,11,GATv2,polygon,all,8,0.8,0.9,0,0,,,,
pooled_snapshot,selectivestream_r01_20261011,11,GATv2,polygon,all,9,0.9,1.0,1,0,0.9004198341820724,0.0,0.0,0.7934506856227534
pooled_snapshot,selectivestream_r01_20261011,11,GATv2,polygon,direct,0,0.0,0.1,238,0,0.023758767967346266,0.0,-1.734723475976807e-18,0.015884202979200714
pooled_snapshot,selectivestream_r01_20261011,11,GATv2,polygon,direct,1,0.1,0.2,0,0,,,,
pooled_snapshot,selectivestream_r01_20261011,11,GATv2,polygon,direct,2,0.2,0.3,0,0,,,,
pooled_snapshot,selectivestream_r01_20261011,11,GATv2,polygon,direct,3,0.3,0.4,0,0,,,,
pooled_snapshot,selectivestream_r01_20261011,11,GATv2,polygon,direct,4,0.4,0.5,3,0,0.4412916819250978,0.0,0.0,0.561497031755032
pooled_snapshot,selectivestream_r01_20261011,11,GATv2,polygon,direct,5,0.5,0.6,2,0,0.5559640191320667,0.0,0.0,0.6576197724933345
pooled_snapshot,selectivestream_r01_20261011,11,GATv2,polygon,direct,6,0.6,0.7,0,0,,,,
pooled_snapshot,selectivestream_r01_20261011,11,GATv2,polygon,direct,7,0.7,0.8,0,0,,,,
pooled_snapshot,selectivestream_r01_20261011,11,GATv2,polygon,direct,8,0.8,0.9,0,0,,,,
pooled_snapshot,selectivestream_r01_20261011,11,GATv2,polygon,direct,9,0.9,1.0,1,0,0.9004198341820724,0.0,0.0,0.7934506856227534
pooled_snapshot,selectivestream_r01_20261011,11,GATv2,polygon,escalated,0,0.0,0.1,82,0,0.04133503948459408,0.0,0.0,0.04475062369009796
pooled_snapshot,selectivestream_r01_20261011,11,GATv2,polygon,escalated,1,0.1,0.2,17,0,0.14023210429027477,0.0,0.0,0.18431813500884353
pooled_snapshot,selectivestream_r01_20261011,11,GATv2,polygon,escalated,2,0.2,0.3,6,0,0.23262196726718756,0.0,0.0,0.39033428790215224
pooled_snapshot,selectivestream_r01_20261011,11,GATv2,polygon,escalated,3,0.3,0.4,3,0,0.36663720041743625,0.0,0.0,0.561497031755032
pooled_snapshot,selectivestream_r01_20261011,11,GATv2,polygon,escalated,4,0.4,0.5,0,0,,,,
pooled_snapshot,selectivestream_r01_20261011,11,GATv2,polygon,escalated,5,0.5,0.6,0,0,,,,
pooled_snapshot,selectivestream_r01_20261011,11,GATv2,polygon,escalated,6,0.6,0.7,1,0,0.6220435389831164,0.0,0.0,0.7934506856227534
pooled_snapshot,selectivestream_r01_20261011,11,GATv2,polygon,escalated,7,0.7,0.8,0,0,,,,
pooled_snapshot,selectivestream_r01_20261011,11,GATv2,polygon,escalated,8,0.8,0.9,0,0,,,,
pooled_snapshot,selectivestream_r01_20261011,11,GATv2,polygon,escalated,9,0.9,1.0,0,0,,,,
pooled_snapshot,selectivestream_r01_20261011,22,GATv2,pooled,all,0,0.0,0.1,3242,60,0.0258593403701136,0.01850709438618137,0.014405481946073287,0.023748402152039452
pooled_snapshot,selectivestream_r01_20261011,22,GATv2,pooled,all,1,0.1,0.2,201,26,0.1411603706634587,0.12935323383084577,0.08982471771487388,0.18278346981797422
pooled_snapshot,selectivestream_r01_20261011,22,GATv2,pooled,all,2,0.2,0.3,72,9,0.24458594215738513,0.125,0.0671778422057362,0.22081053724160515
pooled_snapshot,selectivestream_r01_20261011,22,GATv2,pooled,all,3,0.3,0.4,29,7,0.34599665912756394,0.2413793103448276,0.12218422442520316,0.4210760161781081
pooled_snapshot,selectivestream_r01_20261011,22,GATv2,pooled,all,4,0.4,0.5,18,1,0.4394566506502224,0.05555555555555555,0.009875190978303486,0.25757300781871845
pooled_snapshot,selectivestream_r01_20261011,22,GATv2,pooled,all,5,0.5,0.6,13,2,0.5514994107874307,0.15384615384615385,0.043258178358082544,0.42234631019481733
pooled_snapshot,selectivestream_r01_20261011,22,GATv2,pooled,all,6,0.6,0.7,10,4,0.6520049142942423,0.4,0.1681803297062402,0.6873262302663353
pooled_snapshot,selectivestream_r01_20261011,22,GATv2,pooled,all,7,0.7,0.8,32,28,0.7165657762795146,0.875,0.7193169451835029,0.950298656125198
pooled_snapshot,selectivestream_r01_20261011,22,GATv2,pooled,all,8,0.8,0.9,1,1,0.8618902136916403,1.0,0.20654931437724644,0.9999999999999999
pooled_snapshot,selectivestream_r01_20261011,22,GATv2,pooled,all,9,0.9,1.0,30,23,0.9877462574141265,0.7666666666666667,0.5907167384187836,0.8820761185551028
pooled_snapshot,selectivestream_r01_20261011,22,GATv2,pooled,direct,0,0.0,0.1,2687,27,0.022301885729136096,0.010048381094157052,0.0069150568805302496,0.014580620105970436
pooled_snapshot,selectivestream_r01_20261011,22,GATv2,pooled,direct,1,0.1,0.2,0,0,,,,
pooled_snapshot,selectivestream_r01_20261011,22,GATv2,pooled,direct,2,0.2,0.3,0,0,,,,
pooled_snapshot,selectivestream_r01_20261011,22,GATv2,pooled,direct,3,0.3,0.4,0,0,,,,
pooled_snapshot,selectivestream_r01_20261011,22,GATv2,pooled,direct,4,0.4,0.5,0,0,,,,
pooled_snapshot,selectivestream_r01_20261011,22,GATv2,pooled,direct,5,0.5,0.6,4,1,0.5882285113369061,0.25,0.04558726080970238,0.6993581574175893
pooled_snapshot,selectivestream_r01_20261011,22,GATv2,pooled,direct,6,0.6,0.7,7,3,0.6630146167225867,0.42857142857142855,0.15821985525147414,0.7495416354723365
pooled_snapshot,selectivestream_r01_20261011,22,GATv2,pooled,direct,7,0.7,0.8,4,2,0.7156643455718978,0.5,0.1500389891521544,0.8499610108478456
pooled_snapshot,selectivestream_r01_20261011,22,GATv2,pooled,direct,8,0.8,0.9,1,1,0.8618902136916403,1.0,0.20654931437724644,0.9999999999999999
pooled_snapshot,selectivestream_r01_20261011,22,GATv2,pooled,direct,9,0.9,1.0,30,23,0.9877462574141265,0.7666666666666667,0.5907167384187836,0.8820761185551028
pooled_snapshot,selectivestream_r01_20261011,22,GATv2,pooled,escalated,0,0.0,0.1,555,33,0.04308254869499027,0.05945945945945946,0.042648607814518215,0.08232683507420055
pooled_snapshot,selectivestream_r01_20261011,22,GATv2,pooled,escalated,1,0.1,0.2,201,26,0.1411603706634587,0.12935323383084577,0.08982471771487388,0.18278346981797422
pooled_snapshot,selectivestream_r01_20261011,22,GATv2,pooled,escalated,2,0.2,0.3,72,9,0.24458594215738513,0.125,0.0671778422057362,0.22081053724160515
pooled_snapshot,selectivestream_r01_20261011,22,GATv2,pooled,escalated,3,0.3,0.4,29,7,0.34599665912756394,0.2413793103448276,0.12218422442520316,0.4210760161781081
pooled_snapshot,selectivestream_r01_20261011,22,GATv2,pooled,escalated,4,0.4,0.5,18,1,0.4394566506502224,0.05555555555555555,0.009875190978303486,0.25757300781871845
pooled_snapshot,selectivestream_r01_20261011,22,GATv2,pooled,escalated,5,0.5,0.6,9,1,0.5351753660987751,0.1111111111111111,0.019890887638545657,0.43499970557664625
pooled_snapshot,selectivestream_r01_20261011,22,GATv2,pooled,escalated,6,0.6,0.7,3,1,0.6263156086281055,0.3333333333333333,0.061491944720398706,0.7923403991979452
pooled_snapshot,selectivestream_r01_20261011,22,GATv2,pooled,escalated,7,0.7,0.8,28,26,0.7166945520948884,0.9285714285714286,0.7735463743160151,0.9801879358846937
pooled_snapshot,selectivestream_r01_20261011,22,GATv2,pooled,escalated,8,0.8,0.9,0,0,,,,
pooled_snapshot,selectivestream_r01_20261011,22,GATv2,pooled,escalated,9,0.9,1.0,0,0,,,,
pooled_snapshot,selectivestream_r01_20261011,22,GATv2,bsc,all,0,0.0,0.1,1013,18,0.02506008309289313,0.017769002961500493,0.011268865149795356,0.027912718640957037
pooled_snapshot,selectivestream_r01_20261011,22,GATv2,bsc,all,1,0.1,0.2,58,3,0.1418011849710272,0.05172413793103448,0.017746134659410974,0.14139401190842324
pooled_snapshot,selectivestream_r01_20261011,22,GATv2,bsc,all,2,0.2,0.3,28,1,0.2443951902121356,0.03571428571428571,0.006332519849038015,0.17712197743352753
pooled_snapshot,selectivestream_r01_20261011,22,GATv2,bsc,all,3,0.3,0.4,13,1,0.33999404699352104,0.07692307692307693,0.013710421242557114,0.3331395092109872
pooled_snapshot,selectivestream_r01_20261011,22,GATv2,bsc,all,4,0.4,0.5,4,0,0.43576648280327257,0.0,0.0,0.48989083645458353
pooled_snapshot,selectivestream_r01_20261011,22,GATv2,bsc,all,5,0.5,0.6,3,0,0.572135144196391,0.0,0.0,0.561497031755032
pooled_snapshot,selectivestream_r01_20261011,22,GATv2,bsc,all,6,0.6,0.7,2,1,0.6768609476628922,0.5,0.09453120573423457,0.9054687942657654
pooled_snapshot,selectivestream_r01_20261011,22,GATv2,bsc,all,7,0.7,0.8,2,1,0.7058732411045521,0.5,0.09453120573423457,0.9054687942657654
pooled_snapshot,selectivestream_r01_20261011,22,GATv2,bsc,all,8,0.8,0.9,0,0,,,,
pooled_snapshot,selectivestream_r01_20261011,22,GATv2,bsc,all,9,0.9,1.0,2,0,0.9755928895204315,0.0,0.0,0.6576197724933345
pooled_snapshot,selectivestream_r01_20261011,22,GATv2,bsc,direct,0,0.0,0.1,844,8,0.02190968913773684,0.009478672985781991,0.004810659987643734,0.018591662008136486
pooled_snapshot,selectivestream_r01_20261011,22,GATv2,bsc,direct,1,0.1,0.2,0,0,,,,
pooled_snapshot,selectivestream_r01_20261011,22,GATv2,bsc,direct,2,0.2,0.3,0,0,,,,
pooled_snapshot,selectivestream_r01_20261011,22,GATv2,bsc,direct,3,0.3,0.4,0,0,,,,
pooled_snapshot,selectivestream_r01_20261011,22,GATv2,bsc,direct,4,0.4,0.5,0,0,,,,
pooled_snapshot,selectivestream_r01_20261011,22,GATv2,bsc,direct,5,0.5,0.6,1,0,0.5945706876596052,0.0,0.0,0.7934506856227534
pooled_snapshot,selectivestream_r01_20261011,22,GATv2,bsc,direct,6,0.6,0.7,2,1,0.6768609476628922,0.5,0.09453120573423457,0.9054687942657654
pooled_snapshot,selectivestream_r01_20261011,22,GATv2,bsc,direct,7,0.7,0.8,1,1,0.7045108302552824,1.0,0.20654931437724644,0.9999999999999999
pooled_snapshot,selectivestream_r01_20261011,22,GATv2,bsc,direct,8,0.8,0.9,0,0,,,,
pooled_snapshot,selectivestream_r01_20261011,22,GATv2,bsc,direct,9,0.9,1.0,2,0,0.9755928895204315,0.0,0.0,0.6576197724933345
pooled_snapshot,selectivestream_r01_20261011,22,GATv2,bsc,escalated,0,0.0,0.1,169,10,0.04079341148432457,0.05917159763313609,0.03245500078606799,0.10548330975218712
pooled_snapshot,selectivestream_r01_20261011,22,GATv2,bsc,escalated,1,0.1,0.2,58,3,0.1418011849710272,0.05172413793103448,0.017746134659410974,0.14139401190842324
pooled_snapshot,selectivestream_r01_20261011,22,GATv2,bsc,escalated,2,0.2,0.3,28,1,0.2443951902121356,0.03571428571428571,0.006332519849038015,0.17712197743352753
pooled_snapshot,selectivestream_r01_20261011,22,GATv2,bsc,escalated,3,0.3,0.4,13,1,0.33999404699352104,0.07692307692307693,0.013710421242557114,0.3331395092109872
pooled_snapshot,selectivestream_r01_20261011,22,GATv2,bsc,escalated,4,0.4,0.5,4,0,0.43576648280327257,0.0,0.0,0.48989083645458353
pooled_snapshot,selectivestream_r01_20261011,22,GATv2,bsc,escalated,5,0.5,0.6,2,0,0.560917372464784,0.0,0.0,0.6576197724933345
pooled_snapshot,selectivestream_r01_20261011,22,GATv2,bsc,escalated,6,0.6,0.7,0,0,,,,
pooled_snapshot,selectivestream_r01_20261011,22,GATv2,bsc,escalated,7,0.7,0.8,1,0,0.7072356519538217,0.0,0.0,0.7934506856227534
pooled_snapshot,selectivestream_r01_20261011,22,GATv2,bsc,escalated,8,0.8,0.9,0,0,,,,
pooled_snapshot,selectivestream_r01_20261011,22,GATv2,bsc,escalated,9,0.9,1.0,0,0,,,,
pooled_snapshot,selectivestream_r01_20261011,22,GATv2,ethereum,all,0,0.0,0.1,1897,42,0.026245820512474132,0.02214022140221402,0.016421203049668646,0.029790677700865832
pooled_snapshot,selectivestream_r01_20261011,22,GATv2,ethereum,all,1,0.1,0.2,133,23,0.14096087005488364,0.17293233082706766,0.11808736514654763,0.24614040069452073
pooled_snapshot,selectivestream_r01_20261011,22,GATv2,ethereum,all,2,0.2,0.3,37,8,0.24400071013361713,0.21621621621621623,0.11386511993385787,0.3719514839196868
pooled_snapshot,selectivestream_r01_20261011,22,GATv2,ethereum,all,3,0.3,0.4,15,6,0.34844242392500513,0.4,0.19824496141341968,0.6425316987937482
pooled_snapshot,selectivestream_r01_20261011,22,GATv2,ethereum,all,4,0.4,0.5,14,1,0.44051098432077945,0.07142857142857142,0.01272221524789141,0.31468704424150273
pooled_snapshot,selectivestream_r01_20261011,22,GATv2,ethereum,all,5,0.5,0.6,10,2,0.5453086907647426,0.2,0.05668215145437705,0.5098375284633498
pooled_snapshot,selectivestream_r01_20261011,22,GATv2,ethereum,all,6,0.6,0.7,8,3,0.6457909059520799,0.375,0.13684428582360114,0.6942576053973659
pooled_snapshot,selectivestream_r01_20261011,22,GATv2,ethereum,all,7,0.7,0.8,29,27,0.7166525532058607,0.9310344827586207,0.7803541984972486,0.980878733830566
pooled_snapshot,selectivestream_r01_20261011,22,GATv2,ethereum,all,8,0.8,0.9,1,1,0.8618902136916403,1.0,0.20654931437724644,0.9999999999999999
pooled_snapshot,selectivestream_r01_20261011,22,GATv2,ethereum,all,9,0.9,1.0,26,23,0.9913596069172134,0.8846153846153846,0.7102409678828694,0.9599675537638928
pooled_snapshot,selectivestream_r01_20261011,22,GATv2,ethereum,direct,0,0.0,0.1,1564,19,0.0222581759589095,0.012148337595907928,0.007790947451731949,0.018896354753024397
pooled_snapshot,selectivestream_r01_20261011,22,GATv2,ethereum,direct,1,0.1,0.2,0,0,,,,
pooled_snapshot,selectivestream_r01_20261011,22,GATv2,ethereum,direct,2,0.2,0.3,0,0,,,,
pooled_snapshot,selectivestream_r01_20261011,22,GATv2,ethereum,direct,3,0.3,0.4,0,0,,,,
pooled_snapshot,selectivestream_r01_20261011,22,GATv2,ethereum,direct,4,0.4,0.5,0,0,,,,
pooled_snapshot,selectivestream_r01_20261011,22,GATv2,ethereum,direct,5,0.5,0.6,3,1,0.586114452562673,0.3333333333333333,0.061491944720398706,0.7923403991979452
pooled_snapshot,selectivestream_r01_20261011,22,GATv2,ethereum,direct,6,0.6,0.7,5,2,0.6574760843464645,0.4,0.11762077423265177,0.7692757187239805
pooled_snapshot,selectivestream_r01_20261011,22,GATv2,ethereum,direct,7,0.7,0.8,2,1,0.711356118133456,0.5,0.09453120573423457,0.9054687942657654
pooled_snapshot,selectivestream_r01_20261011,22,GATv2,ethereum,direct,8,0.8,0.9,1,1,0.8618902136916403,1.0,0.20654931437724644,0.9999999999999999
pooled_snapshot,selectivestream_r01_20261011,22,GATv2,ethereum,direct,9,0.9,1.0,26,23,0.9913596069172134,0.8846153846153846,0.7102409678828694,0.9599675537638928
pooled_snapshot,selectivestream_r01_20261011,22,GATv2,ethereum,escalated,0,0.0,0.1,333,23,0.04497457751480174,0.06906906906906907,0.04646201412453459,0.10150510071694731
pooled_snapshot,selectivestream_r01_20261011,22,GATv2,ethereum,escalated,1,0.1,0.2,133,23,0.14096087005488364,0.17293233082706766,0.11808736514654763,0.24614040069452073
pooled_snapshot,selectivestream_r01_20261011,22,GATv2,ethereum,escalated,2,0.2,0.3,37,8,0.24400071013361713,0.21621621621621623,0.11386511993385787,0.3719514839196868
pooled_snapshot,selectivestream_r01_20261011,22,GATv2,ethereum,escalated,3,0.3,0.4,15,6,0.34844242392500513,0.4,0.19824496141341968,0.6425316987937482
pooled_snapshot,selectivestream_r01_20261011,22,GATv2,ethereum,escalated,4,0.4,0.5,14,1,0.44051098432077945,0.07142857142857142,0.01272221524789141,0.31468704424150273
pooled_snapshot,selectivestream_r01_20261011,22,GATv2,ethereum,escalated,5,0.5,0.6,7,1,0.5278205071370582,0.14285714285714285,0.025679624344744578,0.5131278292743089
pooled_snapshot,selectivestream_r01_20261011,22,GATv2,ethereum,escalated,6,0.6,0.7,3,1,0.6263156086281055,0.3333333333333333,0.061491944720398706,0.7923403991979452
pooled_snapshot,selectivestream_r01_20261011,22,GATv2,ethereum,escalated,7,0.7,0.8,27,26,0.7170448817297427,0.9629629629629629,0.8171653406642474,0.9934318540192146
pooled_snapshot,selectivestream_r01_20261011,22,GATv2,ethereum,escalated,8,0.8,0.9,0,0,,,,
pooled_snapshot,selectivestream_r01_20261011,22,GATv2,ethereum,escalated,9,0.9,1.0,0,0,,,,
pooled_snapshot,selectivestream_r01_20261011,22,GATv2,polygon,all,0,0.0,0.1,332,0,0.026089746369410013,0.0,-8.673617379884035e-19,0.01143831030922502
pooled_snapshot,selectivestream_r01_20261011,22,GATv2,polygon,all,1,0.1,0.2,10,0,0.14009700577361017,0.0,2.7755575615628914e-17,0.27753279986287815
pooled_snapshot,selectivestream_r01_20261011,22,GATv2,polygon,all,2,0.2,0.3,7,0,0.24844231920687085,0.0,0.0,0.35433043506667483
pooled_snapshot,selectivestream_r01_20261011,22,GATv2,polygon,all,3,0.3,0.4,1,0,0.3873441449085051,0.0,0.0,0.7934506856227534
pooled_snapshot,selectivestream_r01_20261011,22,GATv2,polygon,all,4,0.4,0.5,0,0,,,,
pooled_snapshot,selectivestream_r01_20261011,22,GATv2,polygon,all,5,0.5,0.6,0,0,,,,
pooled_snapshot,selectivestream_r01_20261011,22,GATv2,polygon,all,6,0.6,0.7,0,0,,,,
pooled_snapshot,selectivestream_r01_20261011,22,GATv2,polygon,all,7,0.7,0.8,1,0,0.7354343157653972,0.0,0.0,0.7934506856227534
pooled_snapshot,selectivestream_r01_20261011,22,GATv2,polygon,all,8,0.8,0.9,0,0,,,,
pooled_snapshot,selectivestream_r01_20261011,22,GATv2,polygon,all,9,0.9,1.0,2,0,0.952926081767692,0.0,0.0,0.6576197724933345
pooled_snapshot,selectivestream_r01_20261011,22,GATv2,polygon,direct,0,0.0,0.1,279,0,0.023733340939800552,0.0,0.0,0.013581668107323648
pooled_snapshot,selectivestream_r01_20261011,22,GATv2,polygon,direct,1,0.1,0.2,0,0,,,,
pooled_snapshot,selectivestream_r01_20261011,22,GATv2,polygon,direct,2,0.2,0.3,0,0,,,,
pooled_snapshot,selectivestream_r01_20261011,22,GATv2,polygon,direct,3,0.3,0.4,0,0,,,,
pooled_snapshot,selectivestream_r01_20261011,22,GATv2,polygon,direct,4,0.4,0.5,0,0,,,,
pooled_snapshot,selectivestream_r01_20261011,22,GATv2,polygon,direct,5,0.5,0.6,0,0,,,,
pooled_snapshot,selectivestream_r01_20261011,22,GATv2,polygon,direct,6,0.6,0.7,0,0,,,,
pooled_snapshot,selectivestream_r01_20261011,22,GATv2,polygon,direct,7,0.7,0.8,1,0,0.7354343157653972,0.0,0.0,0.7934506856227534
pooled_snapshot,selectivestream_r01_20261011,22,GATv2,polygon,direct,8,0.8,0.9,0,0,,,,
pooled_snapshot,selectivestream_r01_20261011,22,GATv2,polygon,direct,9,0.9,1.0,2,0,0.952926081767692,0.0,0.0,0.6576197724933345
pooled_snapshot,selectivestream_r01_20261011,22,GATv2,polygon,escalated,0,0.0,0.1,53,0,0.03849422023471263,0.0,0.0,0.0675819885765384
pooled_snapshot,selectivestream_r01_20261011,22,GATv2,polygon,escalated,1,0.1,0.2,10,0,0.14009700577361017,0.0,2.7755575615628914e-17,0.27753279986287815
pooled_snapshot,selectivestream_r01_20261011,22,GATv2,polygon,escalated,2,0.2,0.3,7,0,0.24844231920687085,0.0,0.0,0.35433043506667483
pooled_snapshot,selectivestream_r01_20261011,22,GATv2,polygon,escalated,3,0.3,0.4,1,0,0.3873441449085051,0.0,0.0,0.7934506856227534
pooled_snapshot,selectivestream_r01_20261011,22,GATv2,polygon,escalated,4,0.4,0.5,0,0,,,,
pooled_snapshot,selectivestream_r01_20261011,22,GATv2,polygon,escalated,5,0.5,0.6,0,0,,,,
pooled_snapshot,selectivestream_r01_20261011,22,GATv2,polygon,escalated,6,0.6,0.7,0,0,,,,
pooled_snapshot,selectivestream_r01_20261011,22,GATv2,polygon,escalated,7,0.7,0.8,0,0,,,,
pooled_snapshot,selectivestream_r01_20261011,22,GATv2,polygon,escalated,8,0.8,0.9,0,0,,,,
pooled_snapshot,selectivestream_r01_20261011,22,GATv2,polygon,escalated,9,0.9,1.0,0,0,,,,
pooled_snapshot,selectivestream_r01_20261011,33,GATv2,pooled,all,0,0.0,0.1,3244,74,0.02589259163424936,0.02281134401972873,0.018210120288131106,0.028541379360447268
pooled_snapshot,selectivestream_r01_20261011,33,GATv2,pooled,all,1,0.1,0.2,202,16,0.13850658453911058,0.07920792079207921,0.04934109021753621,0.12478058102418868
pooled_snapshot,selectivestream_r01_20261011,33,GATv2,pooled,all,2,0.2,0.3,71,14,0.23612084668949215,0.19718309859154928,0.12125532301202392,0.3041968170508799
pooled_snapshot,selectivestream_r01_20261011,33,GATv2,pooled,all,3,0.3,0.4,21,1,0.31938232316884224,0.047619047619047616,0.008455987809826732,0.22669360074121875
pooled_snapshot,selectivestream_r01_20261011,33,GATv2,pooled,all,4,0.4,0.5,3,0,0.4487764614020238,0.0,0.0,0.561497031755032
pooled_snapshot,selectivestream_r01_20261011,33,GATv2,pooled,all,5,0.5,0.6,25,3,0.5533379145423073,0.12,0.041668171504404716,0.2995579392092673
pooled_snapshot,selectivestream_r01_20261011,33,GATv2,pooled,all,6,0.6,0.7,18,2,0.6417774461894614,0.1111111111111111,0.031019522645613362,0.3279976513017808
pooled_snapshot,selectivestream_r01_20261011,33,GATv2,pooled,all,7,0.7,0.8,34,28,0.7479133389527811,0.8235294117647058,0.6648626260015774,0.9165103095462751
pooled_snapshot,selectivestream_r01_20261011,33,GATv2,pooled,all,8,0.8,0.9,7,5,0.848665305235275,0.7142857142857143,0.3589344518326274,0.9177810759959406
pooled_snapshot,selectivestream_r01_20261011,33,GATv2,pooled,all,9,0.9,1.0,23,18,0.9741874210572853,0.782608695652174,0.5809651698373658,0.9033602197341358
pooled_snapshot,selectivestream_r01_20261011,33,GATv2,pooled,direct,0,0.0,0.1,2635,31,0.020331836339170736,0.011764705882352941,0.008300524714263412,0.016650371293759233
pooled_snapshot,selectivestream_r01_20261011,33,GATv2,pooled,direct,1,0.1,0.2,0,0,,,,
pooled_snapshot,selectivestream_r01_20261011,33,GATv2,pooled,direct,2,0.2,0.3,0,0,,,,
pooled_snapshot,selectivestream_r01_20261011,33,GATv2,pooled,direct,3,0.3,0.4,0,0,,,,
pooled_snapshot,selectivestream_r01_20261011,33,GATv2,pooled,direct,4,0.4,0.5,0,0,,,,
pooled_snapshot,selectivestream_r01_20261011,33,GATv2,pooled,direct,5,0.5,0.6,19,2,0.5579210318792923,0.10526315789473684,0.029358560298871045,0.31394082711108295
pooled_snapshot,selectivestream_r01_20261011,33,GATv2,pooled,direct,6,0.6,0.7,13,1,0.6435426498214716,0.07692307692307693,0.013710421242557114,0.3331395092109872
pooled_snapshot,selectivestream_r01_20261011,33,GATv2,pooled,direct,7,0.7,0.8,3,2,0.7338785662598242,0.6666666666666666,0.20765960080205476,0.9385080552796012
pooled_snapshot,selectivestream_r01_20261011,33,GATv2,pooled,direct,8,0.8,0.9,6,4,0.8515897184432721,0.6666666666666666,0.29999331513839955,0.9032285888942164
pooled_snapshot,selectivestream_r01_20261011,33,GATv2,pooled,direct,9,0.9,1.0,22,18,0.9758361260665738,0.8181818181818182,0.6148339256287408,0.9269311541657778
pooled_snapshot,selectivestream_r01_20261011,33,GATv2,pooled,escalated,0,0.0,0.1,609,43,0.04995267406862075,0.07060755336617405,0.05283982717219422,0.09375837947260111
pooled_snapshot,selectivestream_r01_20261011,33,GATv2,pooled,escalated,1,0.1,0.2,202,16,0.13850658453911058,0.07920792079207921,0.04934109021753621,0.12478058102418868
pooled_snapshot,selectivestream_r01_20261011,33,GATv2,pooled,escalated,2,0.2,0.3,71,14,0.23612084668949215,0.19718309859154928,0.12125532301202392,0.3041968170508799
pooled_snapshot,selectivestream_r01_20261011,33,GATv2,pooled,escalated,3,0.3,0.4,21,1,0.31938232316884224,0.047619047619047616,0.008455987809826732,0.22669360074121875
pooled_snapshot,selectivestream_r01_20261011,33,GATv2,pooled,escalated,4,0.4,0.5,3,0,0.4487764614020238,0.0,0.0,0.561497031755032
pooled_snapshot,selectivestream_r01_20261011,33,GATv2,pooled,escalated,5,0.5,0.6,6,1,0.5388247096418551,0.16666666666666666,0.030053369748307746,0.5635028221864603
pooled_snapshot,selectivestream_r01_20261011,33,GATv2,pooled,escalated,6,0.6,0.7,5,1,0.6371879167462351,0.2,0.036224108632431695,0.6244653702374652
pooled_snapshot,selectivestream_r01_20261011,33,GATv2,pooled,escalated,7,0.7,0.8,31,26,0.7492715427617769,0.8387096774193549,0.6736564604120726,0.9290737555663454
pooled_snapshot,selectivestream_r01_20261011,33,GATv2,pooled,escalated,8,0.8,0.9,1,1,0.8311188259872924,1.0,0.20654931437724644,0.9999999999999999
pooled_snapshot,selectivestream_r01_20261011,33,GATv2,pooled,escalated,9,0.9,1.0,1,0,0.9379159108529378,0.0,0.0,0.7934506856227534
pooled_snapshot,selectivestream_r01_20261011,33,GATv2,bsc,all,0,0.0,0.1,1015,19,0.026712162891345443,0.0187192118226601,0.012016156797435376,0.029051526951050177
pooled_snapshot,selectivestream_r01_20261011,33,GATv2,bsc,all,1,0.1,0.2,64,3,0.1411215888443175,0.046875,0.01606901678629341,0.12899653740093375
pooled_snapshot,selectivestream_r01_20261011,33,GATv2,bsc,all,2,0.2,0.3,15,1,0.24044444417676086,0.06666666666666667,0.011866895493268997,0.29816529873779196
pooled_snapshot,selectivestream_r01_20261011,33,GATv2,bsc,all,3,0.3,0.4,9,1,0.3215024454002148,0.1111111111111111,0.019890887638545657,0.43499970557664625
pooled_snapshot,selectivestream_r01_20261011,33,GATv2,bsc,all,4,0.4,0.5,1,0,0.47601798471584583,0.0,0.0,0.7934506856227534
pooled_snapshot,selectivestream_r01_20261011,33,GATv2,bsc,all,5,0.5,0.6,9,0,0.5605997954062546,0.0,0.0,0.2991450484195325
pooled_snapshot,selectivestream_r01_20261011,33,GATv2,bsc,all,6,0.6,0.7,8,1,0.6260422999130684,0.125,0.02241749145005756,0.47088818221284356
pooled_snapshot,selectivestream_r01_20261011,33,GATv2,bsc,all,7,0.7,0.8,2,0,0.7367012233667816,0.0,0.0,0.6576197724933345
pooled_snapshot,selectivestream_r01_20261011,33,GATv2,bsc,all,8,0.8,0.9,1,0,0.8323109284749778,0.0,0.0,0.7934506856227534
pooled_snapshot,selectivestream_r01_20261011,33,GATv2,bsc,all,9,0.9,1.0,1,0,0.9914068939373721,0.0,0.0,0.7934506856227534
pooled_snapshot,selectivestream_r01_20261011,33,GATv2,bsc,direct,0,0.0,0.1,805,9,0.021600852354542673,0.011180124223602485,0.0058928701466417635,0.021110516713051575
pooled_snapshot,selectivestream_r01_20261011,33,GATv2,bsc,direct,1,0.1,0.2,0,0,,,,
pooled_snapshot,selectivestream_r01_20261011,33,GATv2,bsc,direct,2,0.2,0.3,0,0,,,,
pooled_snapshot,selectivestream_r01_20261011,33,GATv2,bsc,direct,3,0.3,0.4,0,0,,,,
pooled_snapshot,selectivestream_r01_20261011,33,GATv2,bsc,direct,4,0.4,0.5,0,0,,,,
pooled_snapshot,selectivestream_r01_20261011,33,GATv2,bsc,direct,5,0.5,0.6,6,0,0.5613473042621534,0.0,0.0,0.39033428790215224
pooled_snapshot,selectivestream_r01_20261011,33,GATv2,bsc,direct,6,0.6,0.7,6,1,0.6264287371160506,0.16666666666666666,0.030053369748307746,0.5635028221864603
pooled_snapshot,selectivestream_r01_20261011,33,GATv2,bsc,direct,7,0.7,0.8,0,0,,,,
pooled_snapshot,selectivestream_r01_20261011,33,GATv2,bsc,direct,8,0.8,0.9,1,0,0.8323109284749778,0.0,0.0,0.7934506856227534
pooled_snapshot,selectivestream_r01_20261011,33,GATv2,bsc,direct,9,0.9,1.0,1,0,0.9914068939373721,0.0,0.0,0.7934506856227534
pooled_snapshot,selectivestream_r01_20261011,33,GATv2,bsc,escalated,0,0.0,0.1,210,10,0.04630551994908942,0.047619047619047616,0.026068416466701393,0.08542286755360161
pooled_snapshot,selectivestream_r01_20261011,33,GATv2,bsc,escalated,1,0.1,0.2,64,3,0.1411215888443175,0.046875,0.01606901678629341,0.12899653740093375
pooled_snapshot,selectivestream_r01_20261011,33,GATv2,bsc,escalated,2,0.2,0.3,15,1,0.24044444417676086,0.06666666666666667,0.011866895493268997,0.29816529873779196
pooled_snapshot,selectivestream_r01_20261011,33,GATv2,bsc,escalated,3,0.3,0.4,9,1,0.3215024454002148,0.1111111111111111,0.019890887638545657,0.43499970557664625
pooled_snapshot,selectivestream_r01_20261011,33,GATv2,bsc,escalated,4,0.4,0.5,1,0,0.47601798471584583,0.0,0.0,0.7934506856227534
pooled_snapshot,selectivestream_r01_20261011,33,GATv2,bsc,escalated,5,0.5,0.6,3,0,0.5591047776944572,0.0,0.0,0.561497031755032
pooled_snapshot,selectivestream_r01_20261011,33,GATv2,bsc,escalated,6,0.6,0.7,2,0,0.6248829883041215,0.0,0.0,0.6576197724933345
pooled_snapshot,selectivestream_r01_20261011,33,GATv2,bsc,escalated,7,0.7,0.8,2,0,0.7367012233667816,0.0,0.0,0.6576197724933345
pooled_snapshot,selectivestream_r01_20261011,33,GATv2,bsc,escalated,8,0.8,0.9,0,0,,,,
pooled_snapshot,selectivestream_r01_20261011,33,GATv2,bsc,escalated,9,0.9,1.0,0,0,,,,
pooled_snapshot,selectivestream_r01_20261011,33,GATv2,ethereum,all,0,0.0,0.1,1906,55,0.02554510133843438,0.028856243441762856,0.0222365584069227,0.03737124741115279
pooled_snapshot,selectivestream_r01_20261011,33,GATv2,ethereum,all,1,0.1,0.2,121,13,0.13678020655184392,0.10743801652892562,0.06386968355786543,0.17516516193808732
pooled_snapshot,selectivestream_r01_20261011,33,GATv2,ethereum,all,2,0.2,0.3,48,13,0.23482839004040543,0.2708333333333333,0.16565957627456673,0.409969649822402
pooled_snapshot,selectivestream_r01_20261011,33,GATv2,ethereum,all,3,0.3,0.4,11,0,0.3151278212764168,0.0,0.0,0.25883296696802116
pooled_snapshot,selectivestream_r01_20261011,33,GATv2,ethereum,all,4,0.4,0.5,2,0,0.4351556997451128,0.0,0.0,0.6576197724933345
pooled_snapshot,selectivestream_r01_20261011,33,GATv2,ethereum,all,5,0.5,0.6,15,3,0.5500597714830702,0.2,0.07047549346981746,0.45185448715168625
pooled_snapshot,selectivestream_r01_20261011,33,GATv2,ethereum,all,6,0.6,0.7,8,1,0.6569054568818755,0.125,0.02241749145005756,0.47088818221284356
pooled_snapshot,selectivestream_r01_20261011,33,GATv2,ethereum,all,7,0.7,0.8,32,28,0.7486140961769061,0.875,0.7193169451835029,0.950298656125198
pooled_snapshot,selectivestream_r01_20261011,33,GATv2,ethereum,all,8,0.8,0.9,5,5,0.8440739365614849,1.0,0.5655175352168389,1.0
pooled_snapshot,selectivestream_r01_20261011,33,GATv2,ethereum,all,9,0.9,1.0,22,18,0.973404717744554,0.8181818181818182,0.6148339256287408,0.9269311541657778
pooled_snapshot,selectivestream_r01_20261011,33,GATv2,ethereum,direct,0,0.0,0.1,1565,22,0.019194020069102095,0.014057507987220448,0.009301538511411352,0.021193231085420046
pooled_snapshot,selectivestream_r01_20261011,33,GATv2,ethereum,direct,1,0.1,0.2,0,0,,,,
pooled_snapshot,selectivestream_r01_20261011,33,GATv2,ethereum,direct,2,0.2,0.3,0,0,,,,
pooled_snapshot,selectivestream_r01_20261011,33,GATv2,ethereum,direct,3,0.3,0.4,0,0,,,,
pooled_snapshot,selectivestream_r01_20261011,33,GATv2,ethereum,direct,4,0.4,0.5,0,0,,,,
pooled_snapshot,selectivestream_r01_20261011,33,GATv2,ethereum,direct,5,0.5,0.6,12,2,0.5579385539565244,0.16666666666666666,0.04696514218385531,0.4480308622529653
pooled_snapshot,selectivestream_r01_20261011,33,GATv2,ethereum,direct,6,0.6,0.7,6,0,0.6577802266269758,0.0,0.0,0.39033428790215224
pooled_snapshot,selectivestream_r01_20261011,33,GATv2,ethereum,direct,7,0.7,0.8,3,2,0.7338785662598242,0.6666666666666666,0.20765960080205476,0.9385080552796012
pooled_snapshot,selectivestream_r01_20261011,33,GATv2,ethereum,direct,8,0.8,0.9,4,4,0.8473127142050332,1.0,0.5101091635454165,1.0
pooled_snapshot,selectivestream_r01_20261011,33,GATv2,ethereum,direct,9,0.9,1.0,21,18,0.9750946609298691,0.8571428571428571,0.653639397193797,0.950189875002746
pooled_snapshot,selectivestream_r01_20261011,33,GATv2,ethereum,escalated,0,0.0,0.1,341,33,0.054693025639035595,0.0967741935483871,0.06973996685572273,0.13279211574113564
pooled_snapshot,selectivestream_r01_20261011,33,GATv2,ethereum,escalated,1,0.1,0.2,121,13,0.13678020655184392,0.10743801652892562,0.06386968355786543,0.17516516193808732
pooled_snapshot,selectivestream_r01_20261011,33,GATv2,ethereum,escalated,2,0.2,0.3,48,13,0.23482839004040543,0.2708333333333333,0.16565957627456673,0.409969649822402
pooled_snapshot,selectivestream_r01_20261011,33,GATv2,ethereum,escalated,3,0.3,0.4,11,0,0.3151278212764168,0.0,0.0,0.25883296696802116
pooled_snapshot,selectivestream_r01_20261011,33,GATv2,ethereum,escalated,4,0.4,0.5,2,0,0.4351556997451128,0.0,0.0,0.6576197724933345
pooled_snapshot,selectivestream_r01_20261011,33,GATv2,ethereum,escalated,5,0.5,0.6,3,1,0.5185446415892531,0.3333333333333333,0.061491944720398706,0.7923403991979452
pooled_snapshot,selectivestream_r01_20261011,33,GATv2,ethereum,escalated,6,0.6,0.7,2,1,0.6542811476465751,0.5,0.09453120573423457,0.9054687942657654
pooled_snapshot,selectivestream_r01_20261011,33,GATv2,ethereum,escalated,7,0.7,0.8,29,26,0.7501384613407421,0.896551724137931,0.7361491890922676,0.964185108649322
pooled_snapshot,selectivestream_r01_20261011,33,GATv2,ethereum,escalated,8,0.8,0.9,1,1,0.8311188259872924,1.0,0.20654931437724644,0.9999999999999999
pooled_snapshot,selectivestream_r01_20261011,33,GATv2,ethereum,escalated,9,0.9,1.0,1,0,0.9379159108529378,0.0,0.0,0.7934506856227534
pooled_snapshot,selectivestream_r01_20261011,33,GATv2,polygon,all,0,0.0,0.1,323,0,0.025367674228276713,0.0,0.0,0.011753278897220158
pooled_snapshot,selectivestream_r01_20261011,33,GATv2,polygon,all,1,0.1,0.2,17,0,0.14094961165240566,0.0,0.0,0.18431813500884353
pooled_snapshot,selectivestream_r01_20261011,33,GATv2,polygon,all,2,0.2,0.3,8,0,0.2357688412953836,0.0,0.0,0.3244075648838681
pooled_snapshot,selectivestream_r01_20261011,33,GATv2,polygon,all,3,0.3,0.4,1,0,0.3471007439031693,0.0,0.0,0.7934506856227534
pooled_snapshot,selectivestream_r01_20261011,33,GATv2,polygon,all,4,0.4,0.5,0,0,,,,
pooled_snapshot,selectivestream_r01_20261011,33,GATv2,polygon,all,5,0.5,0.6,1,0,0.5371531326553408,0.0,0.0,0.7934506856227534
pooled_snapshot,selectivestream_r01_20261011,33,GATv2,polygon,all,6,0.6,0.7,2,0,0.6442059885253781,0.0,0.0,0.6576197724933345
pooled_snapshot,selectivestream_r01_20261011,33,GATv2,polygon,all,7,0.7,0.8,0,0,,,,
pooled_snapshot,selectivestream_r01_20261011,33,GATv2,polygon,all,8,0.8,0.9,1,0,0.8879765253645227,0.0,0.0,0.7934506856227534
pooled_snapshot,selectivestream_r01_20261011,33,GATv2,polygon,all,9,0.9,1.0,0,0,,,,
pooled_snapshot,selectivestream_r01_20261011,33,GATv2,polygon,direct,0,0.0,0.1,265,0,0.023196457359106644,0.0,0.0,0.014288937567683737
pooled_snapshot,selectivestream_r01_20261011,33,GATv2,polygon,direct,1,0.1,0.2,0,0,,,,
pooled_snapshot,selectivestream_r01_20261011,33,GATv2,polygon,direct,2,0.2,0.3,0,0,,,,
pooled_snapshot,selectivestream_r01_20261011,33,GATv2,polygon,direct,3,0.3,0.4,0,0,,,,
pooled_snapshot,selectivestream_r01_20261011,33,GATv2,polygon,direct,4,0.4,0.5,0,0,,,,
pooled_snapshot,selectivestream_r01_20261011,33,GATv2,polygon,direct,5,0.5,0.6,1,0,0.5371531326553408,0.0,0.0,0.7934506856227534
pooled_snapshot,selectivestream_r01_20261011,33,GATv2,polygon,direct,6,0.6,0.7,1,0,0.6608006652209741,0.0,0.0,0.7934506856227534
pooled_snapshot,selectivestream_r01_20261011,33,GATv2,polygon,direct,7,0.7,0.8,0,0,,,,
pooled_snapshot,selectivestream_r01_20261011,33,GATv2,polygon,direct,8,0.8,0.9,1,0,0.8879765253645227,0.0,0.0,0.7934506856227534
pooled_snapshot,selectivestream_r01_20261011,33,GATv2,polygon,direct,9,0.9,1.0,0,0,,,,
pooled_snapshot,selectivestream_r01_20261011,33,GATv2,polygon,escalated,0,0.0,0.1,58,0,0.03528788923396756,0.0,0.0,0.0621178557871997
pooled_snapshot,selectivestream_r01_20261011,33,GATv2,polygon,escalated,1,0.1,0.2,17,0,0.14094961165240566,0.0,0.0,0.18431813500884353
pooled_snapshot,selectivestream_r01_20261011,33,GATv2,polygon,escalated,2,0.2,0.3,8,0,0.2357688412953836,0.0,0.0,0.3244075648838681
pooled_snapshot,selectivestream_r01_20261011,33,GATv2,polygon,escalated,3,0.3,0.4,1,0,0.3471007439031693,0.0,0.0,0.7934506856227534
pooled_snapshot,selectivestream_r01_20261011,33,GATv2,polygon,escalated,4,0.4,0.5,0,0,,,,
pooled_snapshot,selectivestream_r01_20261011,33,GATv2,polygon,escalated,5,0.5,0.6,0,0,,,,
pooled_snapshot,selectivestream_r01_20261011,33,GATv2,polygon,escalated,6,0.6,0.7,1,0,0.627611311829782,0.0,0.0,0.7934506856227534
pooled_snapshot,selectivestream_r01_20261011,33,GATv2,polygon,escalated,7,0.7,0.8,0,0,,,,
pooled_snapshot,selectivestream_r01_20261011,33,GATv2,polygon,escalated,8,0.8,0.9,0,0,,,,
pooled_snapshot,selectivestream_r01_20261011,33,GATv2,polygon,escalated,9,0.9,1.0,0,0,,,,
pooled_snapshot,selectivestream_r01_20261011,44,GATv2,pooled,all,0,0.0,0.1,3216,63,0.02166773035326172,0.01958955223880597,0.01534169840232947,0.024983721492179853
pooled_snapshot,selectivestream_r01_20261011,44,GATv2,pooled,all,1,0.1,0.2,152,20,0.14531359290586351,0.13157894736842105,0.08681711524141492,0.19450378070281818
pooled_snapshot,selectivestream_r01_20261011,44,GATv2,pooled,all,2,0.2,0.3,83,11,0.24279912737123968,0.13253012048192772,0.07564306492760031,0.2219274638454149
pooled_snapshot,selectivestream_r01_20261011,44,GATv2,pooled,all,3,0.3,0.4,52,3,0.34633081232020546,0.057692307692307696,0.019814172112271156,0.15642511368960393
pooled_snapshot,selectivestream_r01_20261011,44,GATv2,pooled,all,4,0.4,0.5,35,4,0.43680350566253257,0.11428571428571428,0.04535179333097469,0.25951468646213327
pooled_snapshot,selectivestream_r01_20261011,44,GATv2,pooled,all,5,0.5,0.6,23,5,0.5408102179883878,0.21739130434782608,0.09663978026586414,0.4190348301626341
pooled_snapshot,selectivestream_r01_20261011,44,GATv2,pooled,all,6,0.6,0.7,19,6,0.6518848248070382,0.3157894736842105,0.15364379087792587,0.5398959232467192
pooled_snapshot,selectivestream_r01_20261011,44,GATv2,pooled,all,7,0.7,0.8,32,26,0.7857134164977421,0.8125,0.6469084479862455,0.9111045531043387
pooled_snapshot,selectivestream_r01_20261011,44,GATv2,pooled,all,8,0.8,0.9,9,2,0.8492018931588384,0.2222222222222222,0.06322510711784873,0.5474110308930027
pooled_snapshot,selectivestream_r01_20261011,44,GATv2,pooled,all,9,0.9,1.0,27,21,0.9836111311098614,0.7777777777777778,0.5924307113336797,0.8939276054763976
pooled_snapshot,selectivestream_r01_20261011,44,GATv2,pooled,direct,0,0.0,0.1,2715,26,0.018942041219565123,0.009576427255985266,0.00654360977814333,0.013995086452020567
pooled_snapshot,selectivestream_r01_20261011,44,GATv2,pooled,direct,1,0.1,0.2,0,0,,,,
pooled_snapshot,selectivestream_r01_20261011,44,GATv2,pooled,direct,2,0.2,0.3,0,0,,,,
pooled_snapshot,selectivestream_r01_20261011,44,GATv2,pooled,direct,3,0.3,0.4,0,0,,,,
pooled_snapshot,selectivestream_r01_20261011,44,GATv2,pooled,direct,4,0.4,0.5,0,0,,,,
pooled_snapshot,selectivestream_r01_20261011,44,GATv2,pooled,direct,5,0.5,0.6,0,0,,,,
pooled_snapshot,selectivestream_r01_20261011,44,GATv2,pooled,direct,6,0.6,0.7,3,1,0.6608051936929417,0.3333333333333333,0.061491944720398706,0.7923403991979452
pooled_snapshot,selectivestream_r01_20261011,44,GATv2,pooled,direct,7,0.7,0.8,0,0,,,,
pooled_snapshot,selectivestream_r01_20261011,44,GATv2,pooled,direct,8,0.8,0.9,5,2,0.8416231710343253,0.4,0.11762077423265177,0.7692757187239805
pooled_snapshot,selectivestream_r01_20261011,44,GATv2,pooled,direct,9,0.9,1.0,26,21,0.9864062093152628,0.8076923076923077,0.6212374288068359,0.914929388510574
pooled_snapshot,selectivestream_r01_20261011,44,GATv2,pooled,escalated,0,0.0,0.1,501,37,0.0364386804490427,0.07385229540918163,0.0540521137542528,0.1001377956928259
pooled_snapshot,selectivestream_r01_20261011,44,GATv2,pooled,escalated,1,0.1,0.2,152,20,0.14531359290586351,0.13157894736842105,0.08681711524141492,0.19450378070281818
pooled_snapshot,selectivestream_r01_20261011,44,GATv2,pooled,escalated,2,0.2,0.3,83,11,0.24279912737123968,0.13253012048192772,0.07564306492760031,0.2219274638454149
pooled_snapshot,selectivestream_r01_20261011,44,GATv2,pooled,escalated,3,0.3,0.4,52,3,0.34633081232020546,0.057692307692307696,0.019814172112271156,0.15642511368960393
pooled_snapshot,selectivestream_r01_20261011,44,GATv2,pooled,escalated,4,0.4,0.5,35,4,0.43680350566253257,0.11428571428571428,0.04535179333097469,0.25951468646213327
pooled_snapshot,selectivestream_r01_20261011,44,GATv2,pooled,escalated,5,0.5,0.6,23,5,0.5408102179883878,0.21739130434782608,0.09663978026586414,0.4190348301626341
pooled_snapshot,selectivestream_r01_20261011,44,GATv2,pooled,escalated,6,0.6,0.7,16,5,0.6502122556409313,0.3125,0.14164643854782352,0.555956441652587
pooled_snapshot,selectivestream_r01_20261011,44,GATv2,pooled,escalated,7,0.7,0.8,32,26,0.7857134164977421,0.8125,0.6469084479862455,0.9111045531043387
pooled_snapshot,selectivestream_r01_20261011,44,GATv2,pooled,escalated,8,0.8,0.9,4,0,0.8586752958144799,0.0,0.0,0.48989083645458353
pooled_snapshot,selectivestream_r01_20261011,44,GATv2,pooled,escalated,9,0.9,1.0,1,0,0.9109390977694244,0.0,0.0,0.7934506856227534
pooled_snapshot,selectivestream_r01_20261011,44,GATv2,bsc,all,0,0.0,0.1,1011,21,0.02189688923293502,0.020771513353115726,0.013625423755692381,0.031545630720111566
pooled_snapshot,selectivestream_r01_20261011,44,GATv2,bsc,all,1,0.1,0.2,57,1,0.14315649379516476,0.017543859649122806,0.003103664651408211,0.09290749178567358
pooled_snapshot,selectivestream_r01_20261011,44,GATv2,bsc,all,2,0.2,0.3,27,2,0.23737673966522685,0.07407407407407407,0.02055465406098929,0.23369592683022572
pooled_snapshot,selectivestream_r01_20261011,44,GATv2,bsc,all,3,0.3,0.4,8,0,0.3311309172472129,0.0,0.0,0.3244075648838681
pooled_snapshot,selectivestream_r01_20261011,44,GATv2,bsc,all,4,0.4,0.5,7,0,0.43923563091685447,0.0,0.0,0.35433043506667483
pooled_snapshot,selectivestream_r01_20261011,44,GATv2,bsc,all,5,0.5,0.6,4,0,0.5154668481747252,0.0,0.0,0.48989083645458353
pooled_snapshot,selectivestream_r01_20261011,44,GATv2,bsc,all,6,0.6,0.7,3,1,0.6467607472665947,0.3333333333333333,0.061491944720398706,0.7923403991979452
pooled_snapshot,selectivestream_r01_20261011,44,GATv2,bsc,all,7,0.7,0.8,2,0,0.7118430059279706,0.0,0.0,0.6576197724933345
pooled_snapshot,selectivestream_r01_20261011,44,GATv2,bsc,all,8,0.8,0.9,4,0,0.839886642517063,0.0,0.0,0.48989083645458353
pooled_snapshot,selectivestream_r01_20261011,44,GATv2,bsc,all,9,0.9,1.0,2,0,0.9542959903334116,0.0,0.0,0.6576197724933345
pooled_snapshot,selectivestream_r01_20261011,44,GATv2,bsc,direct,0,0.0,0.1,837,9,0.019189194292484994,0.010752688172043012,0.005667176792337732,0.020308539071301094
pooled_snapshot,selectivestream_r01_20261011,44,GATv2,bsc,direct,1,0.1,0.2,0,0,,,,
pooled_snapshot,selectivestream_r01_20261011,44,GATv2,bsc,direct,2,0.2,0.3,0,0,,,,
pooled_snapshot,selectivestream_r01_20261011,44,GATv2,bsc,direct,3,0.3,0.4,0,0,,,,
pooled_snapshot,selectivestream_r01_20261011,44,GATv2,bsc,direct,4,0.4,0.5,0,0,,,,
pooled_snapshot,selectivestream_r01_20261011,44,GATv2,bsc,direct,5,0.5,0.6,0,0,,,,
pooled_snapshot,selectivestream_r01_20261011,44,GATv2,bsc,direct,6,0.6,0.7,0,0,,,,
pooled_snapshot,selectivestream_r01_20261011,44,GATv2,bsc,direct,7,0.7,0.8,0,0,,,,
pooled_snapshot,selectivestream_r01_20261011,44,GATv2,bsc,direct,8,0.8,0.9,2,0,0.8474387674726056,0.0,0.0,0.6576197724933345
pooled_snapshot,selectivestream_r01_20261011,44,GATv2,bsc,direct,9,0.9,1.0,1,0,0.997652882897399,0.0,0.0,0.7934506856227534
pooled_snapshot,selectivestream_r01_20261011,44,GATv2,bsc,escalated,0,0.0,0.1,174,12,0.03492183558441013,0.06896551724137931,0.03988808810204444,0.11666403987371998
pooled_snapshot,selectivestream_r01_20261011,44,GATv2,bsc,escalated,1,0.1,0.2,57,1,0.14315649379516476,0.017543859649122806,0.003103664651408211,0.09290749178567358
pooled_snapshot,selectivestream_r01_20261011,44,GATv2,bsc,escalated,2,0.2,0.3,27,2,0.23737673966522685,0.07407407407407407,0.02055465406098929,0.23369592683022572
pooled_snapshot,selectivestream_r01_20261011,44,GATv2,bsc,escalated,3,0.3,0.4,8,0,0.3311309172472129,0.0,0.0,0.3244075648838681
pooled_snapshot,selectivestream_r01_20261011,44,GATv2,bsc,escalated,4,0.4,0.5,7,0,0.43923563091685447,0.0,0.0,0.35433043506667483
pooled_snapshot,selectivestream_r01_20261011,44,GATv2,bsc,escalated,5,0.5,0.6,4,0,0.5154668481747252,0.0,0.0,0.48989083645458353
pooled_snapshot,selectivestream_r01_20261011,44,GATv2,bsc,escalated,6,0.6,0.7,3,1,0.6467607472665947,0.3333333333333333,0.061491944720398706,0.7923403991979452
pooled_snapshot,selectivestream_r01_20261011,44,GATv2,bsc,escalated,7,0.7,0.8,2,0,0.7118430059279706,0.0,0.0,0.6576197724933345
pooled_snapshot,selectivestream_r01_20261011,44,GATv2,bsc,escalated,8,0.8,0.9,2,0,0.8323345175615203,0.0,0.0,0.6576197724933345
pooled_snapshot,selectivestream_r01_20261011,44,GATv2,bsc,escalated,9,0.9,1.0,1,0,0.9109390977694244,0.0,0.0,0.7934506856227534
pooled_snapshot,selectivestream_r01_20261011,44,GATv2,ethereum,all,0,0.0,0.1,1875,42,0.021332230921985478,0.0224,0.01661436241947542,0.030138629115973238
pooled_snapshot,selectivestream_r01_20261011,44,GATv2,ethereum,all,1,0.1,0.2,85,19,0.14799675325450504,0.2235294117647059,0.14803257293679867,0.3229351416427344
pooled_snapshot,selectivestream_r01_20261011,44,GATv2,ethereum,all,2,0.2,0.3,53,9,0.2461767326259775,0.16981132075471697,0.09199945379619132,0.29225280281095667
pooled_snapshot,selectivestream_r01_20261011,44,GATv2,ethereum,all,3,0.3,0.4,38,3,0.3471584870731169,0.07894736842105263,0.02721459550698843,0.20799371457770996
pooled_snapshot,selectivestream_r01_20261011,44,GATv2,ethereum,all,4,0.4,0.5,26,4,0.43799822825068235,0.15384615384615385,0.061500337235785074,0.33531199328212896
pooled_snapshot,selectivestream_r01_20261011,44,GATv2,ethereum,all,5,0.5,0.6,19,5,0.5461456642649484,0.2631578947368421,0.11806412346782766,0.48791550897814473
pooled_snapshot,selectivestream_r01_20261011,44,GATv2,ethereum,all,6,0.6,0.7,15,5,0.6530393431330302,0.3333333333333333,0.15176324439715058,0.5828645226147958
pooled_snapshot,selectivestream_r01_20261011,44,GATv2,ethereum,all,7,0.7,0.8,30,26,0.7906381105357269,0.8666666666666667,0.7031867331796424,0.9469034451594514
pooled_snapshot,selectivestream_r01_20261011,44,GATv2,ethereum,all,8,0.8,0.9,5,2,0.8566540936722588,0.4,0.11762077423265177,0.7692757187239805
pooled_snapshot,selectivestream_r01_20261011,44,GATv2,ethereum,all,9,0.9,1.0,24,21,0.9862034061667222,0.875,0.6899611872950053,0.9565566591987644
pooled_snapshot,selectivestream_r01_20261011,44,GATv2,ethereum,direct,0,0.0,0.1,1626,17,0.018297293843390364,0.010455104551045511,0.006537855800887484,0.01668002138336018
pooled_snapshot,selectivestream_r01_20261011,44,GATv2,ethereum,direct,1,0.1,0.2,0,0,,,,
pooled_snapshot,selectivestream_r01_20261011,44,GATv2,ethereum,direct,2,0.2,0.3,0,0,,,,
pooled_snapshot,selectivestream_r01_20261011,44,GATv2,ethereum,direct,3,0.3,0.4,0,0,,,,
pooled_snapshot,selectivestream_r01_20261011,44,GATv2,ethereum,direct,4,0.4,0.5,0,0,,,,
pooled_snapshot,selectivestream_r01_20261011,44,GATv2,ethereum,direct,5,0.5,0.6,0,0,,,,
pooled_snapshot,selectivestream_r01_20261011,44,GATv2,ethereum,direct,6,0.6,0.7,2,1,0.6662381492701692,0.5,0.09453120573423457,0.9054687942657654
pooled_snapshot,selectivestream_r01_20261011,44,GATv2,ethereum,direct,7,0.7,0.8,0,0,,,,
pooled_snapshot,selectivestream_r01_20261011,44,GATv2,ethereum,direct,8,0.8,0.9,3,2,0.8377461067421383,0.6666666666666666,0.20765960080205476,0.9385080552796012
pooled_snapshot,selectivestream_r01_20261011,44,GATv2,ethereum,direct,9,0.9,1.0,24,21,0.9862034061667222,0.875,0.6899611872950053,0.9565566591987644
pooled_snapshot,selectivestream_r01_20261011,44,GATv2,ethereum,escalated,0,0.0,0.1,249,25,0.04115073570028132,0.10040160642570281,0.0689344975672046,0.14401103388092842
pooled_snapshot,selectivestream_r01_20261011,44,GATv2,ethereum,escalated,1,0.1,0.2,85,19,0.14799675325450504,0.2235294117647059,0.14803257293679867,0.3229351416427344
pooled_snapshot,selectivestream_r01_20261011,44,GATv2,ethereum,escalated,2,0.2,0.3,53,9,0.2461767326259775,0.16981132075471697,0.09199945379619132,0.29225280281095667
pooled_snapshot,selectivestream_r01_20261011,44,GATv2,ethereum,escalated,3,0.3,0.4,38,3,0.3471584870731169,0.07894736842105263,0.02721459550698843,0.20799371457770996
pooled_snapshot,selectivestream_r01_20261011,44,GATv2,ethereum,escalated,4,0.4,0.5,26,4,0.43799822825068235,0.15384615384615385,0.061500337235785074,0.33531199328212896
pooled_snapshot,selectivestream_r01_20261011,44,GATv2,ethereum,escalated,5,0.5,0.6,19,5,0.5461456642649484,0.2631578947368421,0.11806412346782766,0.48791550897814473
pooled_snapshot,selectivestream_r01_20261011,44,GATv2,ethereum,escalated,6,0.6,0.7,13,4,0.6510087575734704,0.3076923076923077,0.12680703655710826,0.5763065681945029
pooled_snapshot,selectivestream_r01_20261011,44,GATv2,ethereum,escalated,7,0.7,0.8,30,26,0.7906381105357269,0.8666666666666667,0.7031867331796424,0.9469034451594514
pooled_snapshot,selectivestream_r01_20261011,44,GATv2,ethereum,escalated,8,0.8,0.9,2,0,0.8850160740674393,0.0,0.0,0.6576197724933345
pooled_snapshot,selectivestream_r01_20261011,44,GATv2,ethereum,escalated,9,0.9,1.0,0,0,,,,
pooled_snapshot,selectivestream_r01_20261011,44,GATv2,polygon,all,0,0.0,0.1,330,0,0.02287191764505945,0.0,-8.673617379884035e-19,0.011506835712568459
pooled_snapshot,selectivestream_r01_20261011,44,GATv2,polygon,all,1,0.1,0.2,10,0,0.13480219487339362,0.0,2.7755575615628914e-17,0.27753279986287815
pooled_snapshot,selectivestream_r01_20261011,44,GATv2,polygon,all,2,0.2,0.3,3,0,0.23192959055832052,0.0,0.0,0.561497031755032
pooled_snapshot,selectivestream_r01_20261011,44,GATv2,polygon,all,3,0.3,0.4,6,0,0.36135539898242297,0.0,0.0,0.39033428790215224
pooled_snapshot,selectivestream_r01_20261011,44,GATv2,polygon,all,4,0.4,0.5,2,0,0.41275967362645866,0.0,0.0,0.6576197724933345
pooled_snapshot,selectivestream_r01_20261011,44,GATv2,polygon,all,5,0.5,0.6,0,0,,,,
pooled_snapshot,selectivestream_r01_20261011,44,GATv2,polygon,all,6,0.6,0.7,1,0,0.6499392825384864,0.0,0.0,0.7934506856227534
pooled_snapshot,selectivestream_r01_20261011,44,GATv2,polygon,all,7,0.7,0.8,0,0,,,,
pooled_snapshot,selectivestream_r01_20261011,44,GATv2,polygon,all,8,0.8,0.9,0,0,,,,
pooled_snapshot,selectivestream_r01_20261011,44,GATv2,polygon,all,9,0.9,1.0,1,0,0.9800268112981024,0.0,0.0,0.7934506856227534
pooled_snapshot,selectivestream_r01_20261011,44,GATv2,polygon,direct,0,0.0,0.1,252,0,0.022281295630780306,0.0,0.0,0.015014997328428283
pooled_snapshot,selectivestream_r01_20261011,44,GATv2,polygon,direct,1,0.1,0.2,0,0,,,,
pooled_snapshot,selectivestream_r01_20261011,44,GATv2,polygon,direct,2,0.2,0.3,0,0,,,,
pooled_snapshot,selectivestream_r01_20261011,44,GATv2,polygon,direct,3,0.3,0.4,0,0,,,,
pooled_snapshot,selectivestream_r01_20261011,44,GATv2,polygon,direct,4,0.4,0.5,0,0,,,,
pooled_snapshot,selectivestream_r01_20261011,44,GATv2,polygon,direct,5,0.5,0.6,0,0,,,,
pooled_snapshot,selectivestream_r01_20261011,44,GATv2,polygon,direct,6,0.6,0.7,1,0,0.6499392825384864,0.0,0.0,0.7934506856227534
pooled_snapshot,selectivestream_r01_20261011,44,GATv2,polygon,direct,7,0.7,0.8,0,0,,,,
pooled_snapshot,selectivestream_r01_20261011,44,GATv2,polygon,direct,8,0.8,0.9,0,0,,,,
pooled_snapshot,selectivestream_r01_20261011,44,GATv2,polygon,direct,9,0.9,1.0,1,0,0.9800268112981024,0.0,0.0,0.7934506856227534
pooled_snapshot,selectivestream_r01_20261011,44,GATv2,polygon,escalated,0,0.0,0.1,78,0,0.02478008107580745,0.0,0.0,0.046937809712191816
pooled_snapshot,selectivestream_r01_20261011,44,GATv2,polygon,escalated,1,0.1,0.2,10,0,0.13480219487339362,0.0,2.7755575615628914e-17,0.27753279986287815
pooled_snapshot,selectivestream_r01_20261011,44,GATv2,polygon,escalated,2,0.2,0.3,3,0,0.23192959055832052,0.0,0.0,0.561497031755032
pooled_snapshot,selectivestream_r01_20261011,44,GATv2,polygon,escalated,3,0.3,0.4,6,0,0.36135539898242297,0.0,0.0,0.39033428790215224
pooled_snapshot,selectivestream_r01_20261011,44,GATv2,polygon,escalated,4,0.4,0.5,2,0,0.41275967362645866,0.0,0.0,0.6576197724933345
pooled_snapshot,selectivestream_r01_20261011,44,GATv2,polygon,escalated,5,0.5,0.6,0,0,,,,
pooled_snapshot,selectivestream_r01_20261011,44,GATv2,polygon,escalated,6,0.6,0.7,0,0,,,,
pooled_snapshot,selectivestream_r01_20261011,44,GATv2,polygon,escalated,7,0.7,0.8,0,0,,,,
pooled_snapshot,selectivestream_r01_20261011,44,GATv2,polygon,escalated,8,0.8,0.9,0,0,,,,
pooled_snapshot,selectivestream_r01_20261011,44,GATv2,polygon,escalated,9,0.9,1.0,0,0,,,,
pooled_snapshot,selectivestream_r01_20261011,55,GATv2,pooled,all,0,0.0,0.1,3249,66,0.02916567195872574,0.020313942751615882,0.01599950535410239,0.02576135527817163
pooled_snapshot,selectivestream_r01_20261011,55,GATv2,pooled,all,1,0.1,0.2,151,16,0.13723597942990967,0.10596026490066225,0.06628109838274154,0.16519088007619465
pooled_snapshot,selectivestream_r01_20261011,55,GATv2,pooled,all,2,0.2,0.3,77,9,0.2425753525773939,0.11688311688311688,0.0627256200564949,0.20745083567939426
pooled_snapshot,selectivestream_r01_20261011,55,GATv2,pooled,all,3,0.3,0.4,40,8,0.3472176059774087,0.2,0.10499989725437889,0.34757306346399053
pooled_snapshot,selectivestream_r01_20261011,55,GATv2,pooled,all,4,0.4,0.5,32,5,0.45278060445316803,0.15625,0.0686442028250586,0.3175414959752988
pooled_snapshot,selectivestream_r01_20261011,55,GATv2,pooled,all,5,0.5,0.6,22,2,0.5472865926844594,0.09090909090909091,0.02529542899099607,0.2781494684160517
pooled_snapshot,selectivestream_r01_20261011,55,GATv2,pooled,all,6,0.6,0.7,8,1,0.6462128325431917,0.125,0.02241749145005756,0.47088818221284356
pooled_snapshot,selectivestream_r01_20261011,55,GATv2,pooled,all,7,0.7,0.8,7,2,0.7432121831392252,0.2857142857142857,0.08221892400405939,0.6410655481673726
pooled_snapshot,selectivestream_r01_20261011,55,GATv2,pooled,all,8,0.8,0.9,31,28,0.8168645881734499,0.9032258064516129,0.7510006155660769,0.9665353558368017
pooled_snapshot,selectivestream_r01_20261011,55,GATv2,pooled,all,9,0.9,1.0,31,24,0.9841889234642566,0.7741935483870968,0.6018758161665846,0.8860486443873729
pooled_snapshot,selectivestream_r01_20261011,55,GATv2,pooled,direct,0,0.0,0.1,2659,26,0.02661935926719667,0.009778112072207596,0.006681596398796242,0.014289032038626652
pooled_snapshot,selectivestream_r01_20261011,55,GATv2,pooled,direct,1,0.1,0.2,0,0,,,,
pooled_snapshot,selectivestream_r01_20261011,55,GATv2,pooled,direct,2,0.2,0.3,0,0,,,,
pooled_snapshot,selectivestream_r01_20261011,55,GATv2,pooled,direct,3,0.3,0.4,0,0,,,,
pooled_snapshot,selectivestream_r01_20261011,55,GATv2,pooled,direct,4,0.4,0.5,16,4,0.463353720569753,0.25,0.10182067491213295,0.494983165355081
pooled_snapshot,selectivestream_r01_20261011,55,GATv2,pooled,direct,5,0.5,0.6,8,1,0.5632476540844117,0.125,0.02241749145005756,0.47088818221284356
pooled_snapshot,selectivestream_r01_20261011,55,GATv2,pooled,direct,6,0.6,0.7,3,0,0.6354713150762134,0.0,0.0,0.561497031755032
pooled_snapshot,selectivestream_r01_20261011,55,GATv2,pooled,direct,7,0.7,0.8,1,1,0.7144361128458465,1.0,0.20654931437724644,0.9999999999999999
pooled_snapshot,selectivestream_r01_20261011,55,GATv2,pooled,direct,8,0.8,0.9,4,2,0.8348422408045328,0.5,0.1500389891521544,0.8499610108478456
pooled_snapshot,selectivestream_r01_20261011,55,GATv2,pooled,direct,9,0.9,1.0,31,24,0.9841889234642566,0.7741935483870968,0.6018758161665846,0.8860486443873729
pooled_snapshot,selectivestream_r01_20261011,55,GATv2,pooled,escalated,0,0.0,0.1,590,40,0.04064134220749827,0.06779661016949153,0.05018049650679583,0.09100442343327393
pooled_snapshot,selectivestream_r01_20261011,55,GATv2,pooled,escalated,1,0.1,0.2,151,16,0.13723597942990967,0.10596026490066225,0.06628109838274154,0.16519088007619465
pooled_snapshot,selectivestream_r01_20261011,55,GATv2,pooled,escalated,2,0.2,0.3,77,9,0.2425753525773939,0.11688311688311688,0.0627256200564949,0.20745083567939426
pooled_snapshot,selectivestream_r01_20261011,55,GATv2,pooled,escalated,3,0.3,0.4,40,8,0.3472176059774087,0.2,0.10499989725437889,0.34757306346399053
pooled_snapshot,selectivestream_r01_20261011,55,GATv2,pooled,escalated,4,0.4,0.5,16,1,0.4422074883365831,0.0625,0.011119344764642963,0.28328737570298146
pooled_snapshot,selectivestream_r01_20261011,55,GATv2,pooled,escalated,5,0.5,0.6,14,1,0.538165986170201,0.07142857142857142,0.01272221524789141,0.31468704424150273
pooled_snapshot,selectivestream_r01_20261011,55,GATv2,pooled,escalated,6,0.6,0.7,5,1,0.6526577430233789,0.2,0.036224108632431695,0.6244653702374652
pooled_snapshot,selectivestream_r01_20261011,55,GATv2,pooled,escalated,7,0.7,0.8,6,1,0.7480081948547884,0.16666666666666666,0.030053369748307746,0.5635028221864603
pooled_snapshot,selectivestream_r01_20261011,55,GATv2,pooled,escalated,8,0.8,0.9,27,26,0.8142012322281041,0.9629629629629629,0.8171653406642474,0.9934318540192146
pooled_snapshot,selectivestream_r01_20261011,55,GATv2,pooled,escalated,9,0.9,1.0,0,0,,,,
pooled_snapshot,selectivestream_r01_20261011,55,GATv2,bsc,all,0,0.0,0.1,1001,16,0.029427141221529913,0.015984015984015984,0.009862356300758822,0.025806413639086527
pooled_snapshot,selectivestream_r01_20261011,55,GATv2,bsc,all,1,0.1,0.2,57,2,0.13878071393507208,0.03508771929824561,0.00967566434493318,0.11920781367625473
pooled_snapshot,selectivestream_r01_20261011,55,GATv2,bsc,all,2,0.2,0.3,24,0,0.23561657245355458,0.0,0.0,0.13797620467497365
pooled_snapshot,selectivestream_r01_20261011,55,GATv2,bsc,all,3,0.3,0.4,12,2,0.365946247232873,0.16666666666666666,0.04696514218385531,0.4480308622529653
pooled_snapshot,selectivestream_r01_20261011,55,GATv2,bsc,all,4,0.4,0.5,11,3,0.45731330879173787,0.2727272727272727,0.09746059290025155,0.5656453011761217
pooled_snapshot,selectivestream_r01_20261011,55,GATv2,bsc,all,5,0.5,0.6,9,1,0.5518940943140094,0.1111111111111111,0.019890887638545657,0.43499970557664625
pooled_snapshot,selectivestream_r01_20261011,55,GATv2,bsc,all,6,0.6,0.7,3,0,0.6328236821313143,0.0,0.0,0.561497031755032
pooled_snapshot,selectivestream_r01_20261011,55,GATv2,bsc,all,7,0.7,0.8,3,0,0.737061358810331,0.0,0.0,0.561497031755032
pooled_snapshot,selectivestream_r01_20261011,55,GATv2,bsc,all,8,0.8,0.9,3,1,0.8101227084919391,0.3333333333333333,0.061491944720398706,0.7923403991979452
pooled_snapshot,selectivestream_r01_20261011,55,GATv2,bsc,all,9,0.9,1.0,2,0,0.983953094977458,0.0,0.0,0.6576197724933345
pooled_snapshot,selectivestream_r01_20261011,55,GATv2,bsc,direct,0,0.0,0.1,810,8,0.02677347841765606,0.009876543209876543,0.005012921760501468,0.019367083221605737
pooled_snapshot,selectivestream_r01_20261011,55,GATv2,bsc,direct,1,0.1,0.2,0,0,,,,
pooled_snapshot,selectivestream_r01_20261011,55,GATv2,bsc,direct,2,0.2,0.3,0,0,,,,
pooled_snapshot,selectivestream_r01_20261011,55,GATv2,bsc,direct,3,0.3,0.4,0,0,,,,
pooled_snapshot,selectivestream_r01_20261011,55,GATv2,bsc,direct,4,0.4,0.5,8,3,0.46719171855907615,0.375,0.13684428582360114,0.6942576053973659
pooled_snapshot,selectivestream_r01_20261011,55,GATv2,bsc,direct,5,0.5,0.6,5,1,0.5626217820844487,0.2,0.036224108632431695,0.6244653702374652
pooled_snapshot,selectivestream_r01_20261011,55,GATv2,bsc,direct,6,0.6,0.7,2,0,0.6452142529223115,0.0,0.0,0.6576197724933345
pooled_snapshot,selectivestream_r01_20261011,55,GATv2,bsc,direct,7,0.7,0.8,0,0,,,,
pooled_snapshot,selectivestream_r01_20261011,55,GATv2,bsc,direct,8,0.8,0.9,2,1,0.813098731896993,0.5,0.09453120573423457,0.9054687942657654
pooled_snapshot,selectivestream_r01_20261011,55,GATv2,bsc,direct,9,0.9,1.0,2,0,0.983953094977458,0.0,0.0,0.6576197724933345
pooled_snapshot,selectivestream_r01_20261011,55,GATv2,bsc,escalated,0,0.0,0.1,191,8,0.04068089447356041,0.041884816753926704,0.021374008670398778,0.08045985636421557
pooled_snapshot,selectivestream_r01_20261011,55,GATv2,bsc,escalated,1,0.1,0.2,57,2,0.13878071393507208,0.03508771929824561,0.00967566434493318,0.11920781367625473
pooled_snapshot,selectivestream_r01_20261011,55,GATv2,bsc,escalated,2,0.2,0.3,24,0,0.23561657245355458,0.0,0.0,0.13797620467497365
pooled_snapshot,selectivestream_r01_20261011,55,GATv2,bsc,escalated,3,0.3,0.4,12,2,0.365946247232873,0.16666666666666666,0.04696514218385531,0.4480308622529653
pooled_snapshot,selectivestream_r01_20261011,55,GATv2,bsc,escalated,4,0.4,0.5,3,0,0.4309708827455025,0.0,0.0,0.561497031755032
pooled_snapshot,selectivestream_r01_20261011,55,GATv2,bsc,escalated,5,0.5,0.6,4,0,0.5384844846009603,0.0,0.0,0.48989083645458353
pooled_snapshot,selectivestream_r01_20261011,55,GATv2,bsc,escalated,6,0.6,0.7,1,0,0.60804254054932,0.0,0.0,0.7934506856227534
pooled_snapshot,selectivestream_r01_20261011,55,GATv2,bsc,escalated,7,0.7,0.8,3,0,0.737061358810331,0.0,0.0,0.561497031755032
pooled_snapshot,selectivestream_r01_20261011,55,GATv2,bsc,escalated,8,0.8,0.9,1,0,0.8041706616818314,0.0,0.0,0.7934506856227534
pooled_snapshot,selectivestream_r01_20261011,55,GATv2,bsc,escalated,9,0.9,1.0,0,0,,,,
pooled_snapshot,selectivestream_r01_20261011,55,GATv2,ethereum,all,0,0.0,0.1,1919,50,0.028552973959559688,0.026055237102657634,0.01981922402500831,0.03418494690876247
pooled_snapshot,selectivestream_r01_20261011,55,GATv2,ethereum,all,1,0.1,0.2,83,14,0.1375208881616657,0.1686746987951807,0.10322081202109558,0.26344114015129516
pooled_snapshot,selectivestream_r01_20261011,55,GATv2,ethereum,all,2,0.2,0.3,48,9,0.2435140642108895,0.1875,0.10191390954847819,0.3193986714928429
pooled_snapshot,selectivestream_r01_20261011,55,GATv2,ethereum,all,3,0.3,0.4,26,6,0.34028400789176527,0.23076923076923078,0.11033849405783513,0.4205155407894313
pooled_snapshot,selectivestream_r01_20261011,55,GATv2,ethereum,all,4,0.4,0.5,20,2,0.44951617829651563,0.1,0.027866481213769084,0.3010336452284804
pooled_snapshot,selectivestream_r01_20261011,55,GATv2,ethereum,all,5,0.5,0.6,11,1,0.5467558185877813,0.09090909090909091,0.016232172885885465,0.37735843645158634
pooled_snapshot,selectivestream_r01_20261011,55,GATv2,ethereum,all,6,0.6,0.7,4,1,0.6638115436418935,0.25,0.04558726080970238,0.6993581574175893
pooled_snapshot,selectivestream_r01_20261011,55,GATv2,ethereum,all,7,0.7,0.8,4,2,0.747825301385896,0.5,0.1500389891521544,0.8499610108478456
pooled_snapshot,selectivestream_r01_20261011,55,GATv2,ethereum,all,8,0.8,0.9,27,27,0.8174492226116714,1.0,0.875444970258139,1.0000000000000002
pooled_snapshot,selectivestream_r01_20261011,55,GATv2,ethereum,all,9,0.9,1.0,28,24,0.9839545875414667,0.8571428571428571,0.6851019783647527,0.9430099468025048
pooled_snapshot,selectivestream_r01_20261011,55,GATv2,ethereum,direct,0,0.0,0.1,1599,18,0.025857867387611977,0.01125703564727955,0.0071323868409144285,0.017724381494743455
pooled_snapshot,selectivestream_r01_20261011,55,GATv2,ethereum,direct,1,0.1,0.2,0,0,,,,
pooled_snapshot,selectivestream_r01_20261011,55,GATv2,ethereum,direct,2,0.2,0.3,0,0,,,,
pooled_snapshot,selectivestream_r01_20261011,55,GATv2,ethereum,direct,3,0.3,0.4,0,0,,,,
pooled_snapshot,selectivestream_r01_20261011,55,GATv2,ethereum,direct,4,0.4,0.5,8,1,0.4595157225804299,0.125,0.02241749145005756,0.47088818221284356
pooled_snapshot,selectivestream_r01_20261011,55,GATv2,ethereum,direct,5,0.5,0.6,3,0,0.5642907740843501,0.0,0.0,0.561497031755032
pooled_snapshot,selectivestream_r01_20261011,55,GATv2,ethereum,direct,6,0.6,0.7,0,0,,,,
pooled_snapshot,selectivestream_r01_20261011,55,GATv2,ethereum,direct,7,0.7,0.8,1,1,0.7144361128458465,1.0,0.20654931437724644,0.9999999999999999
pooled_snapshot,selectivestream_r01_20261011,55,GATv2,ethereum,direct,8,0.8,0.9,1,1,0.8918664020381442,1.0,0.20654931437724644,0.9999999999999999
pooled_snapshot,selectivestream_r01_20261011,55,GATv2,ethereum,direct,9,0.9,1.0,28,24,0.9839545875414667,0.8571428571428571,0.6851019783647527,0.9430099468025048
pooled_snapshot,selectivestream_r01_20261011,55,GATv2,ethereum,escalated,0,0.0,0.1,320,32,0.04202008461126091,0.1,0.07172807954679766,0.13776164751824962
pooled_snapshot,selectivestream_r01_20261011,55,GATv2,ethereum,escalated,1,0.1,0.2,83,14,0.1375208881616657,0.1686746987951807,0.10322081202109558,0.26344114015129516
pooled_snapshot,selectivestream_r01_20261011,55,GATv2,ethereum,escalated,2,0.2,0.3,48,9,0.2435140642108895,0.1875,0.10191390954847819,0.3193986714928429
pooled_snapshot,selectivestream_r01_20261011,55,GATv2,ethereum,escalated,3,0.3,0.4,26,6,0.34028400789176527,0.23076923076923078,0.11033849405783513,0.4205155407894313
pooled_snapshot,selectivestream_r01_20261011,55,GATv2,ethereum,escalated,4,0.4,0.5,12,1,0.4428498154405725,0.08333333333333333,0.014865094404917678,0.35387991114110795
pooled_snapshot,selectivestream_r01_20261011,55,GATv2,ethereum,escalated,5,0.5,0.6,8,1,0.540180210276568,0.125,0.02241749145005756,0.47088818221284356
pooled_snapshot,selectivestream_r01_20261011,55,GATv2,ethereum,escalated,6,0.6,0.7,4,1,0.6638115436418935,0.25,0.04558726080970238,0.6993581574175893
pooled_snapshot,selectivestream_r01_20261011,55,GATv2,ethereum,escalated,7,0.7,0.8,3,1,0.7589550308992458,0.3333333333333333,0.061491944720398706,0.7923403991979452
pooled_snapshot,selectivestream_r01_20261011,55,GATv2,ethereum,escalated,8,0.8,0.9,26,26,0.8145870234029609,1.0,0.871271078140791,1.0
pooled_snapshot,selectivestream_r01_20261011,55,GATv2,ethereum,escalated,9,0.9,1.0,0,0,,,,
pooled_snapshot,selectivestream_r01_20261011,55,GATv2,polygon,all,0,0.0,0.1,329,0,0.031943899096515016,0.0,0.0,0.01154140723425731
pooled_snapshot,selectivestream_r01_20261011,55,GATv2,polygon,all,1,0.1,0.2,11,0,0.12708168019990904,0.0,0.0,0.25883296696802116
pooled_snapshot,selectivestream_r01_20261011,55,GATv2,polygon,all,2,0.2,0.3,5,0,0.266965865490265,0.0,5.551115123125783e-17,0.4344824647831612
pooled_snapshot,selectivestream_r01_20261011,55,GATv2,polygon,all,3,0.3,0.4,2,0,0.3249825335579861,0.0,0.0,0.6576197724933345
pooled_snapshot,selectivestream_r01_20261011,55,GATv2,polygon,all,4,0.4,0.5,1,0,0.46820937986195005,0.0,0.0,0.7934506856227534
pooled_snapshot,selectivestream_r01_20261011,55,GATv2,polygon,all,5,0.5,0.6,2,0,0.5294720928832142,0.0,0.0,0.6576197724933345
pooled_snapshot,selectivestream_r01_20261011,55,GATv2,polygon,all,6,0.6,0.7,1,0,0.6159854393840171,0.0,0.0,0.7934506856227534
pooled_snapshot,selectivestream_r01_20261011,55,GATv2,polygon,all,7,0.7,0.8,0,0,,,,
pooled_snapshot,selectivestream_r01_20261011,55,GATv2,polygon,all,8,0.8,0.9,1,0,0.8213050973860012,0.0,0.0,0.7934506856227534
pooled_snapshot,selectivestream_r01_20261011,55,GATv2,polygon,all,9,0.9,1.0,1,0,0.9912219862759698,0.0,0.0,0.7934506856227534
pooled_snapshot,selectivestream_r01_20261011,55,GATv2,polygon,direct,0,0.0,0.1,250,0,0.030990515281531968,0.0,-8.673617379884035e-19,0.015133299495443755
pooled_snapshot,selectivestream_r01_20261011,55,GATv2,polygon,direct,1,0.1,0.2,0,0,,,,
pooled_snapshot,selectivestream_r01_20261011,55,GATv2,polygon,direct,2,0.2,0.3,0,0,,,,
pooled_snapshot,selectivestream_r01_20261011,55,GATv2,polygon,direct,3,0.3,0.4,0,0,,,,
pooled_snapshot,selectivestream_r01_20261011,55,GATv2,polygon,direct,4,0.4,0.5,0,0,,,,
pooled_snapshot,selectivestream_r01_20261011,55,GATv2,polygon,direct,5,0.5,0.6,0,0,,,,
pooled_snapshot,selectivestream_r01_20261011,55,GATv2,polygon,direct,6,0.6,0.7,1,0,0.6159854393840171,0.0,0.0,0.7934506856227534
pooled_snapshot,selectivestream_r01_20261011,55,GATv2,polygon,direct,7,0.7,0.8,0,0,,,,
pooled_snapshot,selectivestream_r01_20261011,55,GATv2,polygon,direct,8,0.8,0.9,1,0,0.8213050973860012,0.0,0.0,0.7934506856227534
pooled_snapshot,selectivestream_r01_20261011,55,GATv2,polygon,direct,9,0.9,1.0,1,0,0.9912219862759698,0.0,0.0,0.7934506856227534
pooled_snapshot,selectivestream_r01_20261011,55,GATv2,polygon,escalated,0,0.0,0.1,79,0,0.03496093648570188,0.0,-3.469446951953614e-18,0.04637121165392022
pooled_snapshot,selectivestream_r01_20261011,55,GATv2,polygon,escalated,1,0.1,0.2,11,0,0.12708168019990904,0.0,0.0,0.25883296696802116
pooled_snapshot,selectivestream_r01_20261011,55,GATv2,polygon,escalated,2,0.2,0.3,5,0,0.266965865490265,0.0,5.551115123125783e-17,0.4344824647831612
pooled_snapshot,selectivestream_r01_20261011,55,GATv2,polygon,escalated,3,0.3,0.4,2,0,0.3249825335579861,0.0,0.0,0.6576197724933345
pooled_snapshot,selectivestream_r01_20261011,55,GATv2,polygon,escalated,4,0.4,0.5,1,0,0.46820937986195005,0.0,0.0,0.7934506856227534
pooled_snapshot,selectivestream_r01_20261011,55,GATv2,polygon,escalated,5,0.5,0.6,2,0,0.5294720928832142,0.0,0.0,0.6576197724933345
pooled_snapshot,selectivestream_r01_20261011,55,GATv2,polygon,escalated,6,0.6,0.7,0,0,,,,
pooled_snapshot,selectivestream_r01_20261011,55,GATv2,polygon,escalated,7,0.7,0.8,0,0,,,,
pooled_snapshot,selectivestream_r01_20261011,55,GATv2,polygon,escalated,8,0.8,0.9,0,0,,,,
pooled_snapshot,selectivestream_r01_20261011,55,GATv2,polygon,escalated,9,0.9,1.0,0,0,,,,
pooled_snapshot,selectivestream_r01_20261011,11,GIN,pooled,all,0,0.0,0.1,3413,55,0.02554937827217869,0.016114854966305305,0.012401940961970656,0.02091580590825895
pooled_snapshot,selectivestream_r01_20261011,11,GIN,pooled,all,1,0.1,0.2,83,23,0.14282750411695116,0.27710843373493976,0.1923192775942032,0.38161694477631425
pooled_snapshot,selectivestream_r01_20261011,11,GIN,pooled,all,2,0.2,0.3,49,15,0.24006491477860195,0.30612244897959184,0.19515491268006818,0.4452789355891024
pooled_snapshot,selectivestream_r01_20261011,11,GIN,pooled,all,3,0.3,0.4,19,6,0.34893060897973305,0.3157894736842105,0.15364379087792587,0.5398959232467192
pooled_snapshot,selectivestream_r01_20261011,11,GIN,pooled,all,4,0.4,0.5,11,5,0.44193827271137814,0.45454545454545453,0.21271271622460242,0.7199084625906723
pooled_snapshot,selectivestream_r01_20261011,11,GIN,pooled,all,5,0.5,0.6,8,2,0.5405540315096669,0.25,0.07147921275211133,0.5907245696898228
pooled_snapshot,selectivestream_r01_20261011,11,GIN,pooled,all,6,0.6,0.7,3,1,0.6184818225428684,0.3333333333333333,0.061491944720398706,0.7923403991979452
pooled_snapshot,selectivestream_r01_20261011,11,GIN,pooled,all,7,0.7,0.8,1,1,0.7021456298112767,1.0,0.20654931437724644,0.9999999999999999
pooled_snapshot,selectivestream_r01_20261011,11,GIN,pooled,all,8,0.8,0.9,2,1,0.8646606669696064,0.5,0.09453120573423457,0.9054687942657654
pooled_snapshot,selectivestream_r01_20261011,11,GIN,pooled,all,9,0.9,1.0,59,52,0.9475422487381243,0.8813559322033898,0.7747635960001866,0.9413241722420957
pooled_snapshot,selectivestream_r01_20261011,11,GIN,pooled,direct,0,0.0,0.1,3111,28,0.02401445653090207,0.00900032144005143,0.0062344127542335115,0.0129773062407199
pooled_snapshot,selectivestream_r01_20261011,11,GIN,pooled,direct,1,0.1,0.2,0,0,,,,
pooled_snapshot,selectivestream_r01_20261011,11,GIN,pooled,direct,2,0.2,0.3,0,0,,,,
pooled_snapshot,selectivestream_r01_20261011,11,GIN,pooled,direct,3,0.3,0.4,0,0,,,,
pooled_snapshot,selectivestream_r01_20261011,11,GIN,pooled,direct,4,0.4,0.5,0,0,,,,
pooled_snapshot,selectivestream_r01_20261011,11,GIN,pooled,direct,5,0.5,0.6,0,0,,,,
pooled_snapshot,selectivestream_r01_20261011,11,GIN,pooled,direct,6,0.6,0.7,0,0,,,,
pooled_snapshot,selectivestream_r01_20261011,11,GIN,pooled,direct,7,0.7,0.8,0,0,,,,
pooled_snapshot,selectivestream_r01_20261011,11,GIN,pooled,direct,8,0.8,0.9,0,0,,,,
pooled_snapshot,selectivestream_r01_20261011,11,GIN,pooled,direct,9,0.9,1.0,0,0,,,,
pooled_snapshot,selectivestream_r01_20261011,11,GIN,pooled,escalated,0,0.0,0.1,302,27,0.04136110521625677,0.08940397350993377,0.06217072348595509,0.12695163763449951
pooled_snapshot,selectivestream_r01_20261011,11,GIN,pooled,escalated,1,0.1,0.2,83,23,0.14282750411695116,0.27710843373493976,0.1923192775942032,0.38161694477631425
pooled_snapshot,selectivestream_r01_20261011,11,GIN,pooled,escalated,2,0.2,0.3,49,15,0.24006491477860195,0.30612244897959184,0.19515491268006818,0.4452789355891024
pooled_snapshot,selectivestream_r01_20261011,11,GIN,pooled,escalated,3,0.3,0.4,19,6,0.34893060897973305,0.3157894736842105,0.15364379087792587,0.5398959232467192
pooled_snapshot,selectivestream_r01_20261011,11,GIN,pooled,escalated,4,0.4,0.5,11,5,0.44193827271137814,0.45454545454545453,0.21271271622460242,0.7199084625906723
pooled_snapshot,selectivestream_r01_20261011,11,GIN,pooled,escalated,5,0.5,0.6,8,2,0.5405540315096669,0.25,0.07147921275211133,0.5907245696898228
pooled_snapshot,selectivestream_r01_20261011,11,GIN,pooled,escalated,6,0.6,0.7,3,1,0.6184818225428684,0.3333333333333333,0.061491944720398706,0.7923403991979452
pooled_snapshot,selectivestream_r01_20261011,11,GIN,pooled,escalated,7,0.7,0.8,1,1,0.7021456298112767,1.0,0.20654931437724644,0.9999999999999999
pooled_snapshot,selectivestream_r01_20261011,11,GIN,pooled,escalated,8,0.8,0.9,2,1,0.8646606669696064,0.5,0.09453120573423457,0.9054687942657654
pooled_snapshot,selectivestream_r01_20261011,11,GIN,pooled,escalated,9,0.9,1.0,59,52,0.9475422487381243,0.8813559322033898,0.7747635960001866,0.9413241722420957
pooled_snapshot,selectivestream_r01_20261011,11,GIN,bsc,all,0,0.0,0.1,1082,19,0.027025266558742017,0.01756007393715342,0.011270232433647644,0.02726343975283979
pooled_snapshot,selectivestream_r01_20261011,11,GIN,bsc,all,1,0.1,0.2,22,3,0.13777353733095613,0.13636363636363635,0.04749003714055383,0.33334987166571084
pooled_snapshot,selectivestream_r01_20261011,11,GIN,bsc,all,2,0.2,0.3,9,1,0.22711162878480895,0.1111111111111111,0.019890887638545657,0.43499970557664625
pooled_snapshot,selectivestream_r01_20261011,11,GIN,bsc,all,3,0.3,0.4,4,0,0.3361683508328251,0.0,0.0,0.48989083645458353
pooled_snapshot,selectivestream_r01_20261011,11,GIN,bsc,all,4,0.4,0.5,2,1,0.4501799434782614,0.5,0.09453120573423457,0.9054687942657654
pooled_snapshot,selectivestream_r01_20261011,11,GIN,bsc,all,5,0.5,0.6,1,0,0.510428667142758,0.0,0.0,0.7934506856227534
pooled_snapshot,selectivestream_r01_20261011,11,GIN,bsc,all,6,0.6,0.7,1,0,0.6125154498107622,0.0,0.0,0.7934506856227534
pooled_snapshot,selectivestream_r01_20261011,11,GIN,bsc,all,7,0.7,0.8,1,1,0.7021456298112767,1.0,0.20654931437724644,0.9999999999999999
pooled_snapshot,selectivestream_r01_20261011,11,GIN,bsc,all,8,0.8,0.9,1,0,0.8641428838026646,0.0,0.0,0.7934506856227534
pooled_snapshot,selectivestream_r01_20261011,11,GIN,bsc,all,9,0.9,1.0,2,0,0.9819220244815667,0.0,0.0,0.6576197724933345
pooled_snapshot,selectivestream_r01_20261011,11,GIN,bsc,direct,0,0.0,0.1,975,8,0.024914333142332695,0.008205128205128205,0.004163420145658665,0.01610692970711408
pooled_snapshot,selectivestream_r01_20261011,11,GIN,bsc,direct,1,0.1,0.2,0,0,,,,
pooled_snapshot,selectivestream_r01_20261011,11,GIN,bsc,direct,2,0.2,0.3,0,0,,,,
pooled_snapshot,selectivestream_r01_20261011,11,GIN,bsc,direct,3,0.3,0.4,0,0,,,,
pooled_snapshot,selectivestream_r01_20261011,11,GIN,bsc,direct,4,0.4,0.5,0,0,,,,
pooled_snapshot,selectivestream_r01_20261011,11,GIN,bsc,direct,5,0.5,0.6,0,0,,,,
pooled_snapshot,selectivestream_r01_20261011,11,GIN,bsc,direct,6,0.6,0.7,0,0,,,,
pooled_snapshot,selectivestream_r01_20261011,11,GIN,bsc,direct,7,0.7,0.8,0,0,,,,
pooled_snapshot,selectivestream_r01_20261011,11,GIN,bsc,direct,8,0.8,0.9,0,0,,,,
pooled_snapshot,selectivestream_r01_20261011,11,GIN,bsc,direct,9,0.9,1.0,0,0,,,,
pooled_snapshot,selectivestream_r01_20261011,11,GIN,bsc,escalated,0,0.0,0.1,107,11,0.046260407502658724,0.102803738317757,0.05837917207602024,0.17475975532204968
pooled_snapshot,selectivestream_r01_20261011,11,GIN,bsc,escalated,1,0.1,0.2,22,3,0.13777353733095613,0.13636363636363635,0.04749003714055383,0.33334987166571084
pooled_snapshot,selectivestream_r01_20261011,11,GIN,bsc,escalated,2,0.2,0.3,9,1,0.22711162878480895,0.1111111111111111,0.019890887638545657,0.43499970557664625
pooled_snapshot,selectivestream_r01_20261011,11,GIN,bsc,escalated,3,0.3,0.4,4,0,0.3361683508328251,0.0,0.0,0.48989083645458353
pooled_snapshot,selectivestream_r01_20261011,11,GIN,bsc,escalated,4,0.4,0.5,2,1,0.4501799434782614,0.5,0.09453120573423457,0.9054687942657654
pooled_snapshot,selectivestream_r01_20261011,11,GIN,bsc,escalated,5,0.5,0.6,1,0,0.510428667142758,0.0,0.0,0.7934506856227534
pooled_snapshot,selectivestream_r01_20261011,11,GIN,bsc,escalated,6,0.6,0.7,1,0,0.6125154498107622,0.0,0.0,0.7934506856227534
pooled_snapshot,selectivestream_r01_20261011,11,GIN,bsc,escalated,7,0.7,0.8,1,1,0.7021456298112767,1.0,0.20654931437724644,0.9999999999999999
pooled_snapshot,selectivestream_r01_20261011,11,GIN,bsc,escalated,8,0.8,0.9,1,0,0.8641428838026646,0.0,0.0,0.7934506856227534
pooled_snapshot,selectivestream_r01_20261011,11,GIN,bsc,escalated,9,0.9,1.0,2,0,0.9819220244815667,0.0,0.0,0.6576197724933345
pooled_snapshot,selectivestream_r01_20261011,11,GIN,ethereum,all,0,0.0,0.1,2000,36,0.023690503658497085,0.018,0.013029991444282343,0.024818042134845376
pooled_snapshot,selectivestream_r01_20261011,11,GIN,ethereum,all,1,0.1,0.2,48,20,0.14660033750830617,0.4166666666666667,0.2884966777841188,0.5571866771602335
pooled_snapshot,selectivestream_r01_20261011,11,GIN,ethereum,all,2,0.2,0.3,35,14,0.24242484400233047,0.4,0.2555072885938093,0.5642729098710706
pooled_snapshot,selectivestream_r01_20261011,11,GIN,ethereum,all,3,0.3,0.4,15,6,0.35233387781890857,0.4,0.19824496141341968,0.6425316987937482
pooled_snapshot,selectivestream_r01_20261011,11,GIN,ethereum,all,4,0.4,0.5,7,4,0.4404182229878154,0.5714285714285714,0.2504583645276634,0.8417801447485258
pooled_snapshot,selectivestream_r01_20261011,11,GIN,ethereum,all,5,0.5,0.6,6,2,0.5425470567754286,0.3333333333333333,0.09677141110578363,0.7000066848616004
pooled_snapshot,selectivestream_r01_20261011,11,GIN,ethereum,all,6,0.6,0.7,2,1,0.6214650089089215,0.5,0.09453120573423457,0.9054687942657654
pooled_snapshot,selectivestream_r01_20261011,11,GIN,ethereum,all,7,0.7,0.8,0,0,,,,
pooled_snapshot,selectivestream_r01_20261011,11,GIN,ethereum,all,8,0.8,0.9,1,1,0.8651784501365484,1.0,0.20654931437724644,0.9999999999999999
pooled_snapshot,selectivestream_r01_20261011,11,GIN,ethereum,all,9,0.9,1.0,56,52,0.9457188552940213,0.9285714285714286,0.830245519391369,0.9718739634211223
pooled_snapshot,selectivestream_r01_20261011,11,GIN,ethereum,direct,0,0.0,0.1,1856,20,0.022513148016630208,0.010775862068965518,0.006986497184432156,0.016586188870482077
pooled_snapshot,selectivestream_r01_20261011,11,GIN,ethereum,direct,1,0.1,0.2,0,0,,,,
pooled_snapshot,selectivestream_r01_20261011,11,GIN,ethereum,direct,2,0.2,0.3,0,0,,,,
pooled_snapshot,selectivestream_r01_20261011,11,GIN,ethereum,direct,3,0.3,0.4,0,0,,,,
pooled_snapshot,selectivestream_r01_20261011,11,GIN,ethereum,direct,4,0.4,0.5,0,0,,,,
pooled_snapshot,selectivestream_r01_20261011,11,GIN,ethereum,direct,5,0.5,0.6,0,0,,,,
pooled_snapshot,selectivestream_r01_20261011,11,GIN,ethereum,direct,6,0.6,0.7,0,0,,,,
pooled_snapshot,selectivestream_r01_20261011,11,GIN,ethereum,direct,7,0.7,0.8,0,0,,,,
pooled_snapshot,selectivestream_r01_20261011,11,GIN,ethereum,direct,8,0.8,0.9,0,0,,,,
pooled_snapshot,selectivestream_r01_20261011,11,GIN,ethereum,direct,9,0.9,1.0,0,0,,,,
pooled_snapshot,selectivestream_r01_20261011,11,GIN,ethereum,escalated,0,0.0,0.1,144,16,0.038865309709225734,0.1111111111111111,0.069559387100969,0.1728723306769474
pooled_snapshot,selectivestream_r01_20261011,11,GIN,ethereum,escalated,1,0.1,0.2,48,20,0.14660033750830617,0.4166666666666667,0.2884966777841188,0.5571866771602335
pooled_snapshot,selectivestream_r01_20261011,11,GIN,ethereum,escalated,2,0.2,0.3,35,14,0.24242484400233047,0.4,0.2555072885938093,0.5642729098710706
pooled_snapshot,selectivestream_r01_20261011,11,GIN,ethereum,escalated,3,0.3,0.4,15,6,0.35233387781890857,0.4,0.19824496141341968,0.6425316987937482
pooled_snapshot,selectivestream_r01_20261011,11,GIN,ethereum,escalated,4,0.4,0.5,7,4,0.4404182229878154,0.5714285714285714,0.2504583645276634,0.8417801447485258
pooled_snapshot,selectivestream_r01_20261011,11,GIN,ethereum,escalated,5,0.5,0.6,6,2,0.5425470567754286,0.3333333333333333,0.09677141110578363,0.7000066848616004
pooled_snapshot,selectivestream_r01_20261011,11,GIN,ethereum,escalated,6,0.6,0.7,2,1,0.6214650089089215,0.5,0.09453120573423457,0.9054687942657654
pooled_snapshot,selectivestream_r01_20261011,11,GIN,ethereum,escalated,7,0.7,0.8,0,0,,,,
pooled_snapshot,selectivestream_r01_20261011,11,GIN,ethereum,escalated,8,0.8,0.9,1,1,0.8651784501365484,1.0,0.20654931437724644,0.9999999999999999
pooled_snapshot,selectivestream_r01_20261011,11,GIN,ethereum,escalated,9,0.9,1.0,56,52,0.9457188552940213,0.9285714285714286,0.830245519391369,0.9718739634211223
pooled_snapshot,selectivestream_r01_20261011,11,GIN,polygon,all,0,0.0,0.1,331,0,0.03195674413713849,0.0,0.0,0.011472470685749215
pooled_snapshot,selectivestream_r01_20261011,11,GIN,polygon,all,1,0.1,0.2,13,0,0.1374499092328628,0.0,0.0,0.22809537235418867
pooled_snapshot,selectivestream_r01_20261011,11,GIN,polygon,all,2,0.2,0.3,5,0,0.2468613250013294,0.0,5.551115123125783e-17,0.4344824647831612
pooled_snapshot,selectivestream_r01_20261011,11,GIN,polygon,all,3,0.3,0.4,0,0,,,,
pooled_snapshot,selectivestream_r01_20261011,11,GIN,polygon,all,4,0.4,0.5,2,0,0.4390167759769646,0.0,0.0,0.6576197724933345
pooled_snapshot,selectivestream_r01_20261011,11,GIN,polygon,all,5,0.5,0.6,1,0,0.558721244282005,0.0,0.0,0.7934506856227534
pooled_snapshot,selectivestream_r01_20261011,11,GIN,polygon,all,6,0.6,0.7,0,0,,,,
pooled_snapshot,selectivestream_r01_20261011,11,GIN,polygon,all,7,0.7,0.8,0,0,,,,
pooled_snapshot,selectivestream_r01_20261011,11,GIN,polygon,all,8,0.8,0.9,0,0,,,,
pooled_snapshot,selectivestream_r01_20261011,11,GIN,polygon,all,9,0.9,1.0,1,0,0.9808927301210099,0.0,0.0,0.7934506856227534
pooled_snapshot,selectivestream_r01_20261011,11,GIN,polygon,direct,0,0.0,0.1,280,0,0.030832488339272438,0.0,0.0,0.013533818620628671
pooled_snapshot,selectivestream_r01_20261011,11,GIN,polygon,direct,1,0.1,0.2,0,0,,,,
pooled_snapshot,selectivestream_r01_20261011,11,GIN,polygon,direct,2,0.2,0.3,0,0,,,,
pooled_snapshot,selectivestream_r01_20261011,11,GIN,polygon,direct,3,0.3,0.4,0,0,,,,
pooled_snapshot,selectivestream_r01_20261011,11,GIN,polygon,direct,4,0.4,0.5,0,0,,,,
pooled_snapshot,selectivestream_r01_20261011,11,GIN,polygon,direct,5,0.5,0.6,0,0,,,,
pooled_snapshot,selectivestream_r01_20261011,11,GIN,polygon,direct,6,0.6,0.7,0,0,,,,
pooled_snapshot,selectivestream_r01_20261011,11,GIN,polygon,direct,7,0.7,0.8,0,0,,,,
pooled_snapshot,selectivestream_r01_20261011,11,GIN,polygon,direct,8,0.8,0.9,0,0,,,,
pooled_snapshot,selectivestream_r01_20261011,11,GIN,polygon,direct,9,0.9,1.0,0,0,,,,
pooled_snapshot,selectivestream_r01_20261011,11,GIN,polygon,escalated,0,0.0,0.1,51,0,0.0381291289097364,0.0,6.938893903907228e-18,0.07004661989852784
pooled_snapshot,selectivestream_r01_20261011,11,GIN,polygon,escalated,1,0.1,0.2,13,0,0.1374499092328628,0.0,0.0,0.22809537235418867
pooled_snapshot,selectivestream_r01_20261011,11,GIN,polygon,escalated,2,0.2,0.3,5,0,0.2468613250013294,0.0,5.551115123125783e-17,0.4344824647831612
pooled_snapshot,selectivestream_r01_20261011,11,GIN,polygon,escalated,3,0.3,0.4,0,0,,,,
pooled_snapshot,selectivestream_r01_20261011,11,GIN,polygon,escalated,4,0.4,0.5,2,0,0.4390167759769646,0.0,0.0,0.6576197724933345
pooled_snapshot,selectivestream_r01_20261011,11,GIN,polygon,escalated,5,0.5,0.6,1,0,0.558721244282005,0.0,0.0,0.7934506856227534
pooled_snapshot,selectivestream_r01_20261011,11,GIN,polygon,escalated,6,0.6,0.7,0,0,,,,
pooled_snapshot,selectivestream_r01_20261011,11,GIN,polygon,escalated,7,0.7,0.8,0,0,,,,
pooled_snapshot,selectivestream_r01_20261011,11,GIN,polygon,escalated,8,0.8,0.9,0,0,,,,
pooled_snapshot,selectivestream_r01_20261011,11,GIN,polygon,escalated,9,0.9,1.0,1,0,0.9808927301210099,0.0,0.0,0.7934506856227534
pooled_snapshot,selectivestream_r01_20261011,22,GIN,pooled,all,0,0.0,0.1,3377,34,0.024576699940450454,0.010068107787977496,0.007213845744172621,0.014035733597460772
pooled_snapshot,selectivestream_r01_20261011,22,GIN,pooled,all,1,0.1,0.2,83,24,0.13992683693594926,0.2891566265060241,0.2026744884917503,0.3942922083452256
pooled_snapshot,selectivestream_r01_20261011,22,GIN,pooled,all,2,0.2,0.3,58,24,0.24941268748096035,0.41379310344827586,0.29628026374083594,0.5420159182914398
pooled_snapshot,selectivestream_r01_20261011,22,GIN,pooled,all,3,0.3,0.4,40,19,0.3482291303784099,0.475,0.32935470112679266,0.6250263789330714
pooled_snapshot,selectivestream_r01_20261011,22,GIN,pooled,all,4,0.4,0.5,15,6,0.43610586859006234,0.4,0.19824496141341968,0.6425316987937482
pooled_snapshot,selectivestream_r01_20261011,22,GIN,pooled,all,5,0.5,0.6,12,1,0.5309218576289435,0.08333333333333333,0.014865094404917678,0.35387991114110795
pooled_snapshot,selectivestream_r01_20261011,22,GIN,pooled,all,6,0.6,0.7,3,1,0.6572738028983905,0.3333333333333333,0.061491944720398706,0.7923403991979452
pooled_snapshot,selectivestream_r01_20261011,22,GIN,pooled,all,7,0.7,0.8,28,27,0.7800299979814589,0.9642857142857143,0.8228780225664727,0.9936674801509622
pooled_snapshot,selectivestream_r01_20261011,22,GIN,pooled,all,8,0.8,0.9,2,2,0.8104308795723869,1.0,0.34238022750666547,1.0
pooled_snapshot,selectivestream_r01_20261011,22,GIN,pooled,all,9,0.9,1.0,30,23,0.9833340436165463,0.7666666666666667,0.5907167384187836,0.8820761185551028
pooled_snapshot,selectivestream_r01_20261011,22,GIN,pooled,direct,0,0.0,0.1,2974,23,0.02145259096471964,0.00773369199731002,0.0051589433509533714,0.011578502046973383
pooled_snapshot,selectivestream_r01_20261011,22,GIN,pooled,direct,1,0.1,0.2,0,0,,,,
pooled_snapshot,selectivestream_r01_20261011,22,GIN,pooled,direct,2,0.2,0.3,0,0,,,,
pooled_snapshot,selectivestream_r01_20261011,22,GIN,pooled,direct,3,0.3,0.4,0,0,,,,
pooled_snapshot,selectivestream_r01_20261011,22,GIN,pooled,direct,4,0.4,0.5,0,0,,,,
pooled_snapshot,selectivestream_r01_20261011,22,GIN,pooled,direct,5,0.5,0.6,0,0,,,,
pooled_snapshot,selectivestream_r01_20261011,22,GIN,pooled,direct,6,0.6,0.7,0,0,,,,
pooled_snapshot,selectivestream_r01_20261011,22,GIN,pooled,direct,7,0.7,0.8,0,0,,,,
pooled_snapshot,selectivestream_r01_20261011,22,GIN,pooled,direct,8,0.8,0.9,0,0,,,,
pooled_snapshot,selectivestream_r01_20261011,22,GIN,pooled,direct,9,0.9,1.0,29,22,0.9847405721552644,0.7586206896551724,0.5789239838218918,0.8778157755747968
pooled_snapshot,selectivestream_r01_20261011,22,GIN,pooled,escalated,0,0.0,0.1,403,11,0.04763153888294037,0.02729528535980149,0.015308315659608426,0.048208954422944664
pooled_snapshot,selectivestream_r01_20261011,22,GIN,pooled,escalated,1,0.1,0.2,83,24,0.13992683693594926,0.2891566265060241,0.2026744884917503,0.3942922083452256
pooled_snapshot,selectivestream_r01_20261011,22,GIN,pooled,escalated,2,0.2,0.3,58,24,0.24941268748096035,0.41379310344827586,0.29628026374083594,0.5420159182914398
pooled_snapshot,selectivestream_r01_20261011,22,GIN,pooled,escalated,3,0.3,0.4,40,19,0.3482291303784099,0.475,0.32935470112679266,0.6250263789330714
pooled_snapshot,selectivestream_r01_20261011,22,GIN,pooled,escalated,4,0.4,0.5,15,6,0.43610586859006234,0.4,0.19824496141341968,0.6425316987937482
pooled_snapshot,selectivestream_r01_20261011,22,GIN,pooled,escalated,5,0.5,0.6,12,1,0.5309218576289435,0.08333333333333333,0.014865094404917678,0.35387991114110795
pooled_snapshot,selectivestream_r01_20261011,22,GIN,pooled,escalated,6,0.6,0.7,3,1,0.6572738028983905,0.3333333333333333,0.061491944720398706,0.7923403991979452
pooled_snapshot,selectivestream_r01_20261011,22,GIN,pooled,escalated,7,0.7,0.8,28,27,0.7800299979814589,0.9642857142857143,0.8228780225664727,0.9936674801509622
pooled_snapshot,selectivestream_r01_20261011,22,GIN,pooled,escalated,8,0.8,0.9,2,2,0.8104308795723869,1.0,0.34238022750666547,1.0
pooled_snapshot,selectivestream_r01_20261011,22,GIN,pooled,escalated,9,0.9,1.0,1,1,0.9425447159937216,1.0,0.20654931437724644,0.9999999999999999
pooled_snapshot,selectivestream_r01_20261011,22,GIN,bsc,all,0,0.0,0.1,1059,9,0.024577161920690517,0.0084985835694051,0.0044774977656240325,0.016072565124215368
pooled_snapshot,selectivestream_r01_20261011,22,GIN,bsc,all,1,0.1,0.2,23,4,0.13027907950556766,0.17391304347826086,0.06978653563062737,0.3713764764022553
pooled_snapshot,selectivestream_r01_20261011,22,GIN,bsc,all,2,0.2,0.3,20,4,0.24576498629688076,0.2,0.08065766257979998,0.41601743225188714
pooled_snapshot,selectivestream_r01_20261011,22,GIN,bsc,all,3,0.3,0.4,12,5,0.35331231736472796,0.4166666666666667,0.19326031365876087,0.6804886874504443
pooled_snapshot,selectivestream_r01_20261011,22,GIN,bsc,all,4,0.4,0.5,4,2,0.4506539255018266,0.5,0.1500389891521544,0.8499610108478456
pooled_snapshot,selectivestream_r01_20261011,22,GIN,bsc,all,5,0.5,0.6,3,0,0.5373854578227024,0.0,0.0,0.561497031755032
pooled_snapshot,selectivestream_r01_20261011,22,GIN,bsc,all,6,0.6,0.7,0,0,,,,
pooled_snapshot,selectivestream_r01_20261011,22,GIN,bsc,all,7,0.7,0.8,2,1,0.7759214595345423,0.5,0.09453120573423457,0.9054687942657654
pooled_snapshot,selectivestream_r01_20261011,22,GIN,bsc,all,8,0.8,0.9,0,0,,,,
pooled_snapshot,selectivestream_r01_20261011,22,GIN,bsc,all,9,0.9,1.0,2,0,0.985704123110763,0.0,0.0,0.6576197724933345
pooled_snapshot,selectivestream_r01_20261011,22,GIN,bsc,direct,0,0.0,0.1,935,7,0.021250665236683657,0.0074866310160427805,0.0036311739096744605,0.015372523309987196
pooled_snapshot,selectivestream_r01_20261011,22,GIN,bsc,direct,1,0.1,0.2,0,0,,,,
pooled_snapshot,selectivestream_r01_20261011,22,GIN,bsc,direct,2,0.2,0.3,0,0,,,,
pooled_snapshot,selectivestream_r01_20261011,22,GIN,bsc,direct,3,0.3,0.4,0,0,,,,
pooled_snapshot,selectivestream_r01_20261011,22,GIN,bsc,direct,4,0.4,0.5,0,0,,,,
pooled_snapshot,selectivestream_r01_20261011,22,GIN,bsc,direct,5,0.5,0.6,0,0,,,,
pooled_snapshot,selectivestream_r01_20261011,22,GIN,bsc,direct,6,0.6,0.7,0,0,,,,
pooled_snapshot,selectivestream_r01_20261011,22,GIN,bsc,direct,7,0.7,0.8,0,0,,,,
pooled_snapshot,selectivestream_r01_20261011,22,GIN,bsc,direct,8,0.8,0.9,0,0,,,,
pooled_snapshot,selectivestream_r01_20261011,22,GIN,bsc,direct,9,0.9,1.0,2,0,0.985704123110763,0.0,0.0,0.6576197724933345
pooled_snapshot,selectivestream_r01_20261011,22,GIN,bsc,escalated,0,0.0,0.1,124,2,0.049660019981548696,0.016129032258064516,0.004434364460542618,0.05690300522398263
pooled_snapshot,selectivestream_r01_20261011,22,GIN,bsc,escalated,1,0.1,0.2,23,4,0.13027907950556766,0.17391304347826086,0.06978653563062737,0.3713764764022553
pooled_snapshot,selectivestream_r01_20261011,22,GIN,bsc,escalated,2,0.2,0.3,20,4,0.24576498629688076,0.2,0.08065766257979998,0.41601743225188714
pooled_snapshot,selectivestream_r01_20261011,22,GIN,bsc,escalated,3,0.3,0.4,12,5,0.35331231736472796,0.4166666666666667,0.19326031365876087,0.6804886874504443
pooled_snapshot,selectivestream_r01_20261011,22,GIN,bsc,escalated,4,0.4,0.5,4,2,0.4506539255018266,0.5,0.1500389891521544,0.8499610108478456
pooled_snapshot,selectivestream_r01_20261011,22,GIN,bsc,escalated,5,0.5,0.6,3,0,0.5373854578227024,0.0,0.0,0.561497031755032
pooled_snapshot,selectivestream_r01_20261011,22,GIN,bsc,escalated,6,0.6,0.7,0,0,,,,
pooled_snapshot,selectivestream_r01_20261011,22,GIN,bsc,escalated,7,0.7,0.8,2,1,0.7759214595345423,0.5,0.09453120573423457,0.9054687942657654
pooled_snapshot,selectivestream_r01_20261011,22,GIN,bsc,escalated,8,0.8,0.9,0,0,,,,
pooled_snapshot,selectivestream_r01_20261011,22,GIN,bsc,escalated,9,0.9,1.0,0,0,,,,
pooled_snapshot,selectivestream_r01_20261011,22,GIN,ethereum,all,0,0.0,0.1,1980,25,0.023783081135090478,0.012626262626262626,0.008566890895910813,0.018573109924870643
pooled_snapshot,selectivestream_r01_20261011,22,GIN,ethereum,all,1,0.1,0.2,56,20,0.14478435071639215,0.35714285714285715,0.24456571707650177,0.48806112198600127
pooled_snapshot,selectivestream_r01_20261011,22,GIN,ethereum,all,2,0.2,0.3,36,20,0.25176617147238217,0.5555555555555556,0.39581061755697705,0.7045873125991942
pooled_snapshot,selectivestream_r01_20261011,22,GIN,ethereum,all,3,0.3,0.4,23,14,0.3465157290672658,0.6086956521739131,0.40785522391382223,0.778423772075217
pooled_snapshot,selectivestream_r01_20261011,22,GIN,ethereum,all,4,0.4,0.5,10,4,0.4315642277169319,0.4,0.1681803297062402,0.6873262302663353
pooled_snapshot,selectivestream_r01_20261011,22,GIN,ethereum,all,5,0.5,0.6,7,1,0.5300886824916535,0.14285714285714285,0.025679624344744578,0.5131278292743089
pooled_snapshot,selectivestream_r01_20261011,22,GIN,ethereum,all,6,0.6,0.7,3,1,0.6572738028983905,0.3333333333333333,0.061491944720398706,0.7923403991979452
pooled_snapshot,selectivestream_r01_20261011,22,GIN,ethereum,all,7,0.7,0.8,26,26,0.7803460394004524,1.0,0.871271078140791,1.0
pooled_snapshot,selectivestream_r01_20261011,22,GIN,ethereum,all,8,0.8,0.9,2,2,0.8104308795723869,1.0,0.34238022750666547,1.0
pooled_snapshot,selectivestream_r01_20261011,22,GIN,ethereum,all,9,0.9,1.0,27,23,0.9829991373732871,0.8518518518518519,0.6752131457218759,0.9408407222375553
pooled_snapshot,selectivestream_r01_20261011,22,GIN,ethereum,direct,0,0.0,0.1,1764,16,0.02087593077659372,0.009070294784580499,0.005590786809494097,0.014683349562781799
pooled_snapshot,selectivestream_r01_20261011,22,GIN,ethereum,direct,1,0.1,0.2,0,0,,,,
pooled_snapshot,selectivestream_r01_20261011,22,GIN,ethereum,direct,2,0.2,0.3,0,0,,,,
pooled_snapshot,selectivestream_r01_20261011,22,GIN,ethereum,direct,3,0.3,0.4,0,0,,,,
pooled_snapshot,selectivestream_r01_20261011,22,GIN,ethereum,direct,4,0.4,0.5,0,0,,,,
pooled_snapshot,selectivestream_r01_20261011,22,GIN,ethereum,direct,5,0.5,0.6,0,0,,,,
pooled_snapshot,selectivestream_r01_20261011,22,GIN,ethereum,direct,6,0.6,0.7,0,0,,,,
pooled_snapshot,selectivestream_r01_20261011,22,GIN,ethereum,direct,7,0.7,0.8,0,0,,,,
pooled_snapshot,selectivestream_r01_20261011,22,GIN,ethereum,direct,8,0.8,0.9,0,0,,,,
pooled_snapshot,selectivestream_r01_20261011,22,GIN,ethereum,direct,9,0.9,1.0,26,22,0.9845550766571166,0.8461538461538461,0.664688006717871,0.9384996627642149
pooled_snapshot,selectivestream_r01_20261011,22,GIN,ethereum,escalated,0,0.0,0.1,216,9,0.047524809062814005,0.041666666666666664,0.022073333531039966,0.07727762118814312
pooled_snapshot,selectivestream_r01_20261011,22,GIN,ethereum,escalated,1,0.1,0.2,56,20,0.14478435071639215,0.35714285714285715,0.24456571707650177,0.48806112198600127
pooled_snapshot,selectivestream_r01_20261011,22,GIN,ethereum,escalated,2,0.2,0.3,36,20,0.25176617147238217,0.5555555555555556,0.39581061755697705,0.7045873125991942
pooled_snapshot,selectivestream_r01_20261011,22,GIN,ethereum,escalated,3,0.3,0.4,23,14,0.3465157290672658,0.6086956521739131,0.40785522391382223,0.778423772075217
pooled_snapshot,selectivestream_r01_20261011,22,GIN,ethereum,escalated,4,0.4,0.5,10,4,0.4315642277169319,0.4,0.1681803297062402,0.6873262302663353
pooled_snapshot,selectivestream_r01_20261011,22,GIN,ethereum,escalated,5,0.5,0.6,7,1,0.5300886824916535,0.14285714285714285,0.025679624344744578,0.5131278292743089
pooled_snapshot,selectivestream_r01_20261011,22,GIN,ethereum,escalated,6,0.6,0.7,3,1,0.6572738028983905,0.3333333333333333,0.061491944720398706,0.7923403991979452
pooled_snapshot,selectivestream_r01_20261011,22,GIN,ethereum,escalated,7,0.7,0.8,26,26,0.7803460394004524,1.0,0.871271078140791,1.0
pooled_snapshot,selectivestream_r01_20261011,22,GIN,ethereum,escalated,8,0.8,0.9,2,2,0.8104308795723869,1.0,0.34238022750666547,1.0
pooled_snapshot,selectivestream_r01_20261011,22,GIN,ethereum,escalated,9,0.9,1.0,1,1,0.9425447159937216,1.0,0.20654931437724644,0.9999999999999999
pooled_snapshot,selectivestream_r01_20261011,22,GIN,polygon,all,0,0.0,0.1,338,0,0.029224262063345496,0.0,-8.673617379884035e-19,0.011237545129682103
pooled_snapshot,selectivestream_r01_20261011,22,GIN,polygon,all,1,0.1,0.2,4,0,0.12739624923444312,0.0,0.0,0.48989083645458353
pooled_snapshot,selectivestream_r01_20261011,22,GIN,polygon,all,2,0.2,0.3,2,0,0.24352698747616486,0.0,0.0,0.6576197724933345
pooled_snapshot,selectivestream_r01_20261011,22,GIN,polygon,all,3,0.3,0.4,5,0,0.3439111276425098,0.0,5.551115123125783e-17,0.4344824647831612
pooled_snapshot,selectivestream_r01_20261011,22,GIN,polygon,all,4,0.4,0.5,1,0,0.4233300496743102,0.0,0.0,0.7934506856227534
pooled_snapshot,selectivestream_r01_20261011,22,GIN,polygon,all,5,0.5,0.6,2,0,0.5241425703188207,0.0,0.0,0.6576197724933345
pooled_snapshot,selectivestream_r01_20261011,22,GIN,polygon,all,6,0.6,0.7,0,0,,,,
pooled_snapshot,selectivestream_r01_20261011,22,GIN,polygon,all,7,0.7,0.8,0,0,,,,
pooled_snapshot,selectivestream_r01_20261011,22,GIN,polygon,all,8,0.8,0.9,0,0,,,,
pooled_snapshot,selectivestream_r01_20261011,22,GIN,polygon,all,9,0.9,1.0,1,0,0.9876363531961128,0.0,0.0,0.7934506856227534
pooled_snapshot,selectivestream_r01_20261011,22,GIN,polygon,direct,0,0.0,0.1,275,0,0.025838151428602452,0.0,0.0,0.013776498075073276
pooled_snapshot,selectivestream_r01_20261011,22,GIN,polygon,direct,1,0.1,0.2,0,0,,,,
pooled_snapshot,selectivestream_r01_20261011,22,GIN,polygon,direct,2,0.2,0.3,0,0,,,,
pooled_snapshot,selectivestream_r01_20261011,22,GIN,polygon,direct,3,0.3,0.4,0,0,,,,
pooled_snapshot,selectivestream_r01_20261011,22,GIN,polygon,direct,4,0.4,0.5,0,0,,,,
pooled_snapshot,selectivestream_r01_20261011,22,GIN,polygon,direct,5,0.5,0.6,0,0,,,,
pooled_snapshot,selectivestream_r01_20261011,22,GIN,polygon,direct,6,0.6,0.7,0,0,,,,
pooled_snapshot,selectivestream_r01_20261011,22,GIN,polygon,direct,7,0.7,0.8,0,0,,,,
pooled_snapshot,selectivestream_r01_20261011,22,GIN,polygon,direct,8,0.8,0.9,0,0,,,,
pooled_snapshot,selectivestream_r01_20261011,22,GIN,polygon,direct,9,0.9,1.0,1,0,0.9876363531961128,0.0,0.0,0.7934506856227534
pooled_snapshot,selectivestream_r01_20261011,22,GIN,polygon,escalated,0,0.0,0.1,63,0,0.044004903722938145,0.0,0.0,0.057471199588848734
pooled_snapshot,selectivestream_r01_20261011,22,GIN,polygon,escalated,1,0.1,0.2,4,0,0.12739624923444312,0.0,0.0,0.48989083645458353
pooled_snapshot,selectivestream_r01_20261011,22,GIN,polygon,escalated,2,0.2,0.3,2,0,0.24352698747616486,0.0,0.0,0.6576197724933345
pooled_snapshot,selectivestream_r01_20261011,22,GIN,polygon,escalated,3,0.3,0.4,5,0,0.3439111276425098,0.0,5.551115123125783e-17,0.4344824647831612
pooled_snapshot,selectivestream_r01_20261011,22,GIN,polygon,escalated,4,0.4,0.5,1,0,0.4233300496743102,0.0,0.0,0.7934506856227534
pooled_snapshot,selectivestream_r01_20261011,22,GIN,polygon,escalated,5,0.5,0.6,2,0,0.5241425703188207,0.0,0.0,0.6576197724933345
pooled_snapshot,selectivestream_r01_20261011,22,GIN,polygon,escalated,6,0.6,0.7,0,0,,,,
pooled_snapshot,selectivestream_r01_20261011,22,GIN,polygon,escalated,7,0.7,0.8,0,0,,,,
pooled_snapshot,selectivestream_r01_20261011,22,GIN,polygon,escalated,8,0.8,0.9,0,0,,,,
pooled_snapshot,selectivestream_r01_20261011,22,GIN,polygon,escalated,9,0.9,1.0,0,0,,,,
pooled_snapshot,selectivestream_r01_20261011,33,GIN,pooled,all,0,0.0,0.1,3353,34,0.02140944313122736,0.010140172979421413,0.007265543273411615,0.01413596159418283
pooled_snapshot,selectivestream_r01_20261011,33,GIN,pooled,all,1,0.1,0.2,88,19,0.1428573692501523,0.2159090909090909,0.14280824694918948,0.31277531365586164
pooled_snapshot,selectivestream_r01_20261011,33,GIN,pooled,all,2,0.2,0.3,87,38,0.24773171480142447,0.4367816091954023,0.33742545788157857,0.5414844567895168
pooled_snapshot,selectivestream_r01_20261011,33,GIN,pooled,all,3,0.3,0.4,40,15,0.3405412632707471,0.375,0.24222979167233583,0.5296756086269848
pooled_snapshot,selectivestream_r01_20261011,33,GIN,pooled,all,4,0.4,0.5,15,2,0.4299001502335871,0.13333333333333333,0.037361259103066535,0.37881982832321587
pooled_snapshot,selectivestream_r01_20261011,33,GIN,pooled,all,5,0.5,0.6,2,0,0.539489090477809,0.0,0.0,0.6576197724933345
pooled_snapshot,selectivestream_r01_20261011,33,GIN,pooled,all,6,0.6,0.7,2,1,0.6348460335131372,0.5,0.09453120573423457,0.9054687942657654
pooled_snapshot,selectivestream_r01_20261011,33,GIN,pooled,all,7,0.7,0.8,1,1,0.7389400169102229,1.0,0.20654931437724644,0.9999999999999999
pooled_snapshot,selectivestream_r01_20261011,33,GIN,pooled,all,8,0.8,0.9,29,28,0.8417547745180038,0.9655172413793104,0.8282447812068028,0.9938867857072371
pooled_snapshot,selectivestream_r01_20261011,33,GIN,pooled,all,9,0.9,1.0,31,23,0.97980972811378,0.7419354838709677,0.5675386419056672,0.8629829409360601
pooled_snapshot,selectivestream_r01_20261011,33,GIN,pooled,direct,0,0.0,0.1,3071,23,0.019913655191676764,0.007489417127971344,0.004995830406562894,0.011213609816026596
pooled_snapshot,selectivestream_r01_20261011,33,GIN,pooled,direct,1,0.1,0.2,0,0,,,,
pooled_snapshot,selectivestream_r01_20261011,33,GIN,pooled,direct,2,0.2,0.3,0,0,,,,
pooled_snapshot,selectivestream_r01_20261011,33,GIN,pooled,direct,3,0.3,0.4,0,0,,,,
pooled_snapshot,selectivestream_r01_20261011,33,GIN,pooled,direct,4,0.4,0.5,0,0,,,,
pooled_snapshot,selectivestream_r01_20261011,33,GIN,pooled,direct,5,0.5,0.6,0,0,,,,
pooled_snapshot,selectivestream_r01_20261011,33,GIN,pooled,direct,6,0.6,0.7,0,0,,,,
pooled_snapshot,selectivestream_r01_20261011,33,GIN,pooled,direct,7,0.7,0.8,0,0,,,,
pooled_snapshot,selectivestream_r01_20261011,33,GIN,pooled,direct,8,0.8,0.9,0,0,,,,
pooled_snapshot,selectivestream_r01_20261011,33,GIN,pooled,direct,9,0.9,1.0,0,0,,,,
pooled_snapshot,selectivestream_r01_20261011,33,GIN,pooled,escalated,0,0.0,0.1,282,11,0.03769867987718436,0.03900709219858156,0.021918209735045595,0.06848665640057003
pooled_snapshot,selectivestream_r01_20261011,33,GIN,pooled,escalated,1,0.1,0.2,88,19,0.1428573692501523,0.2159090909090909,0.14280824694918948,0.31277531365586164
pooled_snapshot,selectivestream_r01_20261011,33,GIN,pooled,escalated,2,0.2,0.3,87,38,0.24773171480142447,0.4367816091954023,0.33742545788157857,0.5414844567895168
pooled_snapshot,selectivestream_r01_20261011,33,GIN,pooled,escalated,3,0.3,0.4,40,15,0.3405412632707471,0.375,0.24222979167233583,0.5296756086269848
pooled_snapshot,selectivestream_r01_20261011,33,GIN,pooled,escalated,4,0.4,0.5,15,2,0.4299001502335871,0.13333333333333333,0.037361259103066535,0.37881982832321587
pooled_snapshot,selectivestream_r01_20261011,33,GIN,pooled,escalated,5,0.5,0.6,2,0,0.539489090477809,0.0,0.0,0.6576197724933345
pooled_snapshot,selectivestream_r01_20261011,33,GIN,pooled,escalated,6,0.6,0.7,2,1,0.6348460335131372,0.5,0.09453120573423457,0.9054687942657654
pooled_snapshot,selectivestream_r01_20261011,33,GIN,pooled,escalated,7,0.7,0.8,1,1,0.7389400169102229,1.0,0.20654931437724644,0.9999999999999999
pooled_snapshot,selectivestream_r01_20261011,33,GIN,pooled,escalated,8,0.8,0.9,29,28,0.8417547745180038,0.9655172413793104,0.8282447812068028,0.9938867857072371
pooled_snapshot,selectivestream_r01_20261011,33,GIN,pooled,escalated,9,0.9,1.0,31,23,0.97980972811378,0.7419354838709677,0.5675386419056672,0.8629829409360601
pooled_snapshot,selectivestream_r01_20261011,33,GIN,bsc,all,0,0.0,0.1,1049,10,0.022178829351383555,0.009532888465204958,0.0051862186255423725,0.017458652186630196
pooled_snapshot,selectivestream_r01_20261011,33,GIN,bsc,all,1,0.1,0.2,28,4,0.14106197629096062,0.14285714285714285,0.05699005319749531,0.3148980216352474
pooled_snapshot,selectivestream_r01_20261011,33,GIN,bsc,all,2,0.2,0.3,27,8,0.24258263301885602,0.2962962962962963,0.1585304046978005,0.4848068296414763
pooled_snapshot,selectivestream_r01_20261011,33,GIN,bsc,all,3,0.3,0.4,14,2,0.33966911398226207,0.14285714285714285,0.04009392127146619,0.39941379496969553
pooled_snapshot,selectivestream_r01_20261011,33,GIN,bsc,all,4,0.4,0.5,2,0,0.4302958824640586,0.0,0.0,0.6576197724933345
pooled_snapshot,selectivestream_r01_20261011,33,GIN,bsc,all,5,0.5,0.6,1,0,0.5355934735303016,0.0,0.0,0.7934506856227534
pooled_snapshot,selectivestream_r01_20261011,33,GIN,bsc,all,6,0.6,0.7,0,0,,,,
pooled_snapshot,selectivestream_r01_20261011,33,GIN,bsc,all,7,0.7,0.8,0,0,,,,
pooled_snapshot,selectivestream_r01_20261011,33,GIN,bsc,all,8,0.8,0.9,2,1,0.8073198522132641,0.5,0.09453120573423457,0.9054687942657654
pooled_snapshot,selectivestream_r01_20261011,33,GIN,bsc,all,9,0.9,1.0,2,0,0.9814546895636393,0.0,0.0,0.6576197724933345
pooled_snapshot,selectivestream_r01_20261011,33,GIN,bsc,direct,0,0.0,0.1,952,6,0.02050584841282166,0.0063025210084033615,0.0028916086527729446,0.013681703453022217
pooled_snapshot,selectivestream_r01_20261011,33,GIN,bsc,direct,1,0.1,0.2,0,0,,,,
pooled_snapshot,selectivestream_r01_20261011,33,GIN,bsc,direct,2,0.2,0.3,0,0,,,,
pooled_snapshot,selectivestream_r01_20261011,33,GIN,bsc,direct,3,0.3,0.4,0,0,,,,
pooled_snapshot,selectivestream_r01_20261011,33,GIN,bsc,direct,4,0.4,0.5,0,0,,,,
pooled_snapshot,selectivestream_r01_20261011,33,GIN,bsc,direct,5,0.5,0.6,0,0,,,,
pooled_snapshot,selectivestream_r01_20261011,33,GIN,bsc,direct,6,0.6,0.7,0,0,,,,
pooled_snapshot,selectivestream_r01_20261011,33,GIN,bsc,direct,7,0.7,0.8,0,0,,,,
pooled_snapshot,selectivestream_r01_20261011,33,GIN,bsc,direct,8,0.8,0.9,0,0,,,,
pooled_snapshot,selectivestream_r01_20261011,33,GIN,bsc,direct,9,0.9,1.0,0,0,,,,
pooled_snapshot,selectivestream_r01_20261011,33,GIN,bsc,escalated,0,0.0,0.1,97,4,0.0385981886659292,0.041237113402061855,0.016151236586163596,0.101275256040735
pooled_snapshot,selectivestream_r01_20261011,33,GIN,bsc,escalated,1,0.1,0.2,28,4,0.14106197629096062,0.14285714285714285,0.05699005319749531,0.3148980216352474
pooled_snapshot,selectivestream_r01_20261011,33,GIN,bsc,escalated,2,0.2,0.3,27,8,0.24258263301885602,0.2962962962962963,0.1585304046978005,0.4848068296414763
pooled_snapshot,selectivestream_r01_20261011,33,GIN,bsc,escalated,3,0.3,0.4,14,2,0.33966911398226207,0.14285714285714285,0.04009392127146619,0.39941379496969553
pooled_snapshot,selectivestream_r01_20261011,33,GIN,bsc,escalated,4,0.4,0.5,2,0,0.4302958824640586,0.0,0.0,0.6576197724933345
pooled_snapshot,selectivestream_r01_20261011,33,GIN,bsc,escalated,5,0.5,0.6,1,0,0.5355934735303016,0.0,0.0,0.7934506856227534
pooled_snapshot,selectivestream_r01_20261011,33,GIN,bsc,escalated,6,0.6,0.7,0,0,,,,
pooled_snapshot,selectivestream_r01_20261011,33,GIN,bsc,escalated,7,0.7,0.8,0,0,,,,
pooled_snapshot,selectivestream_r01_20261011,33,GIN,bsc,escalated,8,0.8,0.9,2,1,0.8073198522132641,0.5,0.09453120573423457,0.9054687942657654
pooled_snapshot,selectivestream_r01_20261011,33,GIN,bsc,escalated,9,0.9,1.0,2,0,0.9814546895636393,0.0,0.0,0.6576197724933345
pooled_snapshot,selectivestream_r01_20261011,33,GIN,ethereum,all,0,0.0,0.1,1969,24,0.01976686568546667,0.01218892839004571,0.008204527110080982,0.018073032391169162
pooled_snapshot,selectivestream_r01_20261011,33,GIN,ethereum,all,1,0.1,0.2,54,15,0.14612973289632966,0.2777777777777778,0.17616827653022593,0.4089044292879487
pooled_snapshot,selectivestream_r01_20261011,33,GIN,ethereum,all,2,0.2,0.3,55,30,0.24748975830349298,0.5454545454545454,0.4152269024186158,0.6697471974798311
pooled_snapshot,selectivestream_r01_20261011,33,GIN,ethereum,all,3,0.3,0.4,24,13,0.33947814351155486,0.5416666666666666,0.3507486535891995,0.721086662687886
pooled_snapshot,selectivestream_r01_20261011,33,GIN,ethereum,all,4,0.4,0.5,10,2,0.4269825887356422,0.2,0.05668215145437705,0.5098375284633498
pooled_snapshot,selectivestream_r01_20261011,33,GIN,ethereum,all,5,0.5,0.6,1,0,0.5433847074253164,0.0,0.0,0.7934506856227534
pooled_snapshot,selectivestream_r01_20261011,33,GIN,ethereum,all,6,0.6,0.7,2,1,0.6348460335131372,0.5,0.09453120573423457,0.9054687942657654
pooled_snapshot,selectivestream_r01_20261011,33,GIN,ethereum,all,7,0.7,0.8,1,1,0.7389400169102229,1.0,0.20654931437724644,0.9999999999999999
pooled_snapshot,selectivestream_r01_20261011,33,GIN,ethereum,all,8,0.8,0.9,27,27,0.8443055095035402,1.0,0.875444970258139,1.0000000000000002
pooled_snapshot,selectivestream_r01_20261011,33,GIN,ethereum,all,9,0.9,1.0,27,23,0.9802210660791706,0.8518518518518519,0.6752131457218759,0.9408407222375553
pooled_snapshot,selectivestream_r01_20261011,33,GIN,ethereum,direct,0,0.0,0.1,1834,17,0.01842317177738796,0.009269356597600873,0.005795377632443175,0.014794787334765705
pooled_snapshot,selectivestream_r01_20261011,33,GIN,ethereum,direct,1,0.1,0.2,0,0,,,,
pooled_snapshot,selectivestream_r01_20261011,33,GIN,ethereum,direct,2,0.2,0.3,0,0,,,,
pooled_snapshot,selectivestream_r01_20261011,33,GIN,ethereum,direct,3,0.3,0.4,0,0,,,,
pooled_snapshot,selectivestream_r01_20261011,33,GIN,ethereum,direct,4,0.4,0.5,0,0,,,,
pooled_snapshot,selectivestream_r01_20261011,33,GIN,ethereum,direct,5,0.5,0.6,0,0,,,,
pooled_snapshot,selectivestream_r01_20261011,33,GIN,ethereum,direct,6,0.6,0.7,0,0,,,,
pooled_snapshot,selectivestream_r01_20261011,33,GIN,ethereum,direct,7,0.7,0.8,0,0,,,,
pooled_snapshot,selectivestream_r01_20261011,33,GIN,ethereum,direct,8,0.8,0.9,0,0,,,,
pooled_snapshot,selectivestream_r01_20261011,33,GIN,ethereum,direct,9,0.9,1.0,0,0,,,,
pooled_snapshot,selectivestream_r01_20261011,33,GIN,ethereum,escalated,0,0.0,0.1,135,7,0.03802119625892115,0.05185185185185185,0.02534117198552964,0.10316121463758395
pooled_snapshot,selectivestream_r01_20261011,33,GIN,ethereum,escalated,1,0.1,0.2,54,15,0.14612973289632966,0.2777777777777778,0.17616827653022593,0.4089044292879487
pooled_snapshot,selectivestream_r01_20261011,33,GIN,ethereum,escalated,2,0.2,0.3,55,30,0.24748975830349298,0.5454545454545454,0.4152269024186158,0.6697471974798311
pooled_snapshot,selectivestream_r01_20261011,33,GIN,ethereum,escalated,3,0.3,0.4,24,13,0.33947814351155486,0.5416666666666666,0.3507486535891995,0.721086662687886
pooled_snapshot,selectivestream_r01_20261011,33,GIN,ethereum,escalated,4,0.4,0.5,10,2,0.4269825887356422,0.2,0.05668215145437705,0.5098375284633498
pooled_snapshot,selectivestream_r01_20261011,33,GIN,ethereum,escalated,5,0.5,0.6,1,0,0.5433847074253164,0.0,0.0,0.7934506856227534
pooled_snapshot,selectivestream_r01_20261011,33,GIN,ethereum,escalated,6,0.6,0.7,2,1,0.6348460335131372,0.5,0.09453120573423457,0.9054687942657654
pooled_snapshot,selectivestream_r01_20261011,33,GIN,ethereum,escalated,7,0.7,0.8,1,1,0.7389400169102229,1.0,0.20654931437724644,0.9999999999999999
pooled_snapshot,selectivestream_r01_20261011,33,GIN,ethereum,escalated,8,0.8,0.9,27,27,0.8443055095035402,1.0,0.875444970258139,1.0000000000000002
pooled_snapshot,selectivestream_r01_20261011,33,GIN,ethereum,escalated,9,0.9,1.0,27,23,0.9802210660791706,0.8518518518518519,0.6752131457218759,0.9408407222375553
pooled_snapshot,selectivestream_r01_20261011,33,GIN,polygon,all,0,0.0,0.1,335,0,0.02865466356632866,0.0,0.0,0.011337038962303352
pooled_snapshot,selectivestream_r01_20261011,33,GIN,polygon,all,1,0.1,0.2,6,0,0.12178459691078392,0.0,0.0,0.39033428790215224
pooled_snapshot,selectivestream_r01_20261011,33,GIN,polygon,all,2,0.2,0.3,5,0,0.2781982779045408,0.0,5.551115123125783e-17,0.4344824647831612
pooled_snapshot,selectivestream_r01_20261011,33,GIN,polygon,all,3,0.3,0.4,2,0,0.35940374540044673,0.0,0.0,0.6576197724933345
pooled_snapshot,selectivestream_r01_20261011,33,GIN,polygon,all,4,0.4,0.5,3,0,0.43936153373975523,0.0,0.0,0.561497031755032
pooled_snapshot,selectivestream_r01_20261011,33,GIN,polygon,all,5,0.5,0.6,0,0,,,,
pooled_snapshot,selectivestream_r01_20261011,33,GIN,polygon,all,6,0.6,0.7,0,0,,,,
pooled_snapshot,selectivestream_r01_20261011,33,GIN,polygon,all,7,0.7,0.8,0,0,,,,
pooled_snapshot,selectivestream_r01_20261011,33,GIN,polygon,all,8,0.8,0.9,0,0,,,,
pooled_snapshot,selectivestream_r01_20261011,33,GIN,polygon,all,9,0.9,1.0,2,0,0.9726117041311482,0.0,0.0,0.6576197724933345
pooled_snapshot,selectivestream_r01_20261011,33,GIN,polygon,direct,0,0.0,0.1,285,0,0.027526913561065264,0.0,0.0,0.013299540988257513
pooled_snapshot,selectivestream_r01_20261011,33,GIN,polygon,direct,1,0.1,0.2,0,0,,,,
pooled_snapshot,selectivestream_r01_20261011,33,GIN,polygon,direct,2,0.2,0.3,0,0,,,,
pooled_snapshot,selectivestream_r01_20261011,33,GIN,polygon,direct,3,0.3,0.4,0,0,,,,
pooled_snapshot,selectivestream_r01_20261011,33,GIN,polygon,direct,4,0.4,0.5,0,0,,,,
pooled_snapshot,selectivestream_r01_20261011,33,GIN,polygon,direct,5,0.5,0.6,0,0,,,,
pooled_snapshot,selectivestream_r01_20261011,33,GIN,polygon,direct,6,0.6,0.7,0,0,,,,
pooled_snapshot,selectivestream_r01_20261011,33,GIN,polygon,direct,7,0.7,0.8,0,0,,,,
pooled_snapshot,selectivestream_r01_20261011,33,GIN,polygon,direct,8,0.8,0.9,0,0,,,,
pooled_snapshot,selectivestream_r01_20261011,33,GIN,polygon,direct,9,0.9,1.0,0,0,,,,
pooled_snapshot,selectivestream_r01_20261011,33,GIN,polygon,escalated,0,0.0,0.1,50,0,0.03508283859633003,0.0,0.0,0.07134759913335506
pooled_snapshot,selectivestream_r01_20261011,33,GIN,polygon,escalated,1,0.1,0.2,6,0,0.12178459691078392,0.0,0.0,0.39033428790215224
pooled_snapshot,selectivestream_r01_20261011,33,GIN,polygon,escalated,2,0.2,0.3,5,0,0.2781982779045408,0.0,5.551115123125783e-17,0.4344824647831612
pooled_snapshot,selectivestream_r01_20261011,33,GIN,polygon,escalated,3,0.3,0.4,2,0,0.35940374540044673,0.0,0.0,0.6576197724933345
pooled_snapshot,selectivestream_r01_20261011,33,GIN,polygon,escalated,4,0.4,0.5,3,0,0.43936153373975523,0.0,0.0,0.561497031755032
pooled_snapshot,selectivestream_r01_20261011,33,GIN,polygon,escalated,5,0.5,0.6,0,0,,,,
pooled_snapshot,selectivestream_r01_20261011,33,GIN,polygon,escalated,6,0.6,0.7,0,0,,,,
pooled_snapshot,selectivestream_r01_20261011,33,GIN,polygon,escalated,7,0.7,0.8,0,0,,,,
pooled_snapshot,selectivestream_r01_20261011,33,GIN,polygon,escalated,8,0.8,0.9,0,0,,,,
pooled_snapshot,selectivestream_r01_20261011,33,GIN,polygon,escalated,9,0.9,1.0,2,0,0.9726117041311482,0.0,0.0,0.6576197724933345
pooled_snapshot,selectivestream_r01_20261011,44,GIN,pooled,all,0,0.0,0.1,3373,31,0.025960336586671486,0.009190631485324638,0.006482349219611333,0.013015592754747144
pooled_snapshot,selectivestream_r01_20261011,44,GIN,pooled,all,1,0.1,0.2,86,23,0.14014350080688756,0.26744186046511625,0.18532084622257977,0.3694504083289271
pooled_snapshot,selectivestream_r01_20261011,44,GIN,pooled,all,2,0.2,0.3,73,35,0.2479134832846935,0.4794520547945205,0.3687745445673415,0.5921840311020719
pooled_snapshot,selectivestream_r01_20261011,44,GIN,pooled,all,3,0.3,0.4,30,14,0.33849712869804016,0.4666666666666667,0.3023238890770015,0.6385770038012628
pooled_snapshot,selectivestream_r01_20261011,44,GIN,pooled,all,4,0.4,0.5,16,5,0.4541726869340533,0.3125,0.14164643854782352,0.555956441652587
pooled_snapshot,selectivestream_r01_20261011,44,GIN,pooled,all,5,0.5,0.6,9,2,0.5370419739726499,0.2222222222222222,0.06322510711784873,0.5474110308930027
pooled_snapshot,selectivestream_r01_20261011,44,GIN,pooled,all,6,0.6,0.7,2,0,0.6669555625073043,0.0,0.0,0.6576197724933345
pooled_snapshot,selectivestream_r01_20261011,44,GIN,pooled,all,7,0.7,0.8,1,1,0.7804159875047866,1.0,0.20654931437724644,0.9999999999999999
pooled_snapshot,selectivestream_r01_20261011,44,GIN,pooled,all,8,0.8,0.9,0,0,,,,
pooled_snapshot,selectivestream_r01_20261011,44,GIN,pooled,all,9,0.9,1.0,58,50,0.9585748768069717,0.8620689655172413,0.7507409056616241,0.9284151298028174
pooled_snapshot,selectivestream_r01_20261011,44,GIN,pooled,direct,0,0.0,0.1,2972,23,0.024525431251702833,0.007738896366083445,0.005162418650550493,0.011586275629838272
pooled_snapshot,selectivestream_r01_20261011,44,GIN,pooled,direct,1,0.1,0.2,0,0,,,,
pooled_snapshot,selectivestream_r01_20261011,44,GIN,pooled,direct,2,0.2,0.3,0,0,,,,
pooled_snapshot,selectivestream_r01_20261011,44,GIN,pooled,direct,3,0.3,0.4,0,0,,,,
pooled_snapshot,selectivestream_r01_20261011,44,GIN,pooled,direct,4,0.4,0.5,0,0,,,,
pooled_snapshot,selectivestream_r01_20261011,44,GIN,pooled,direct,5,0.5,0.6,0,0,,,,
pooled_snapshot,selectivestream_r01_20261011,44,GIN,pooled,direct,6,0.6,0.7,0,0,,,,
pooled_snapshot,selectivestream_r01_20261011,44,GIN,pooled,direct,7,0.7,0.8,0,0,,,,
pooled_snapshot,selectivestream_r01_20261011,44,GIN,pooled,direct,8,0.8,0.9,0,0,,,,
pooled_snapshot,selectivestream_r01_20261011,44,GIN,pooled,direct,9,0.9,1.0,27,20,0.9938679604291747,0.7407407407407407,0.5532142868544745,0.8682962543809256
pooled_snapshot,selectivestream_r01_20261011,44,GIN,pooled,escalated,0,0.0,0.1,401,8,0.036595096326139914,0.0199501246882793,0.010142944254694372,0.03886749770570224
pooled_snapshot,selectivestream_r01_20261011,44,GIN,pooled,escalated,1,0.1,0.2,86,23,0.14014350080688756,0.26744186046511625,0.18532084622257977,0.3694504083289271
pooled_snapshot,selectivestream_r01_20261011,44,GIN,pooled,escalated,2,0.2,0.3,73,35,0.2479134832846935,0.4794520547945205,0.3687745445673415,0.5921840311020719
pooled_snapshot,selectivestream_r01_20261011,44,GIN,pooled,escalated,3,0.3,0.4,30,14,0.33849712869804016,0.4666666666666667,0.3023238890770015,0.6385770038012628
pooled_snapshot,selectivestream_r01_20261011,44,GIN,pooled,escalated,4,0.4,0.5,16,5,0.4541726869340533,0.3125,0.14164643854782352,0.555956441652587
pooled_snapshot,selectivestream_r01_20261011,44,GIN,pooled,escalated,5,0.5,0.6,9,2,0.5370419739726499,0.2222222222222222,0.06322510711784873,0.5474110308930027
pooled_snapshot,selectivestream_r01_20261011,44,GIN,pooled,escalated,6,0.6,0.7,2,0,0.6669555625073043,0.0,0.0,0.6576197724933345
pooled_snapshot,selectivestream_r01_20261011,44,GIN,pooled,escalated,7,0.7,0.8,1,1,0.7804159875047866,1.0,0.20654931437724644,0.9999999999999999
pooled_snapshot,selectivestream_r01_20261011,44,GIN,pooled,escalated,8,0.8,0.9,0,0,,,,
pooled_snapshot,selectivestream_r01_20261011,44,GIN,pooled,escalated,9,0.9,1.0,31,30,0.9278357394586014,0.967741935483871,0.8380589483527563,0.9942827784745831
pooled_snapshot,selectivestream_r01_20261011,44,GIN,bsc,all,0,0.0,0.1,1059,9,0.026061529356825947,0.0084985835694051,0.0044774977656240325,0.016072565124215368
pooled_snapshot,selectivestream_r01_20261011,44,GIN,bsc,all,1,0.1,0.2,26,5,0.1470384428231379,0.19230769230769232,0.08507061148942596,0.37876257119316425
pooled_snapshot,selectivestream_r01_20261011,44,GIN,bsc,all,2,0.2,0.3,21,6,0.24543561445711667,0.2857142857142857,0.1381386295212241,0.49956380716085
pooled_snapshot,selectivestream_r01_20261011,44,GIN,bsc,all,3,0.3,0.4,9,3,0.34306874345418775,0.3333333333333333,0.12058381838691423,0.6457978644195965
pooled_snapshot,selectivestream_r01_20261011,44,GIN,bsc,all,4,0.4,0.5,4,1,0.445734583446282,0.25,0.04558726080970238,0.6993581574175893
pooled_snapshot,selectivestream_r01_20261011,44,GIN,bsc,all,5,0.5,0.6,2,1,0.5703224720707807,0.5,0.09453120573423457,0.9054687942657654
pooled_snapshot,selectivestream_r01_20261011,44,GIN,bsc,all,6,0.6,0.7,1,0,0.636262871348011,0.0,0.0,0.7934506856227534
pooled_snapshot,selectivestream_r01_20261011,44,GIN,bsc,all,7,0.7,0.8,0,0,,,,
pooled_snapshot,selectivestream_r01_20261011,44,GIN,bsc,all,8,0.8,0.9,0,0,,,,
pooled_snapshot,selectivestream_r01_20261011,44,GIN,bsc,all,9,0.9,1.0,3,0,0.9692163517944022,0.0,0.0,0.561497031755032
pooled_snapshot,selectivestream_r01_20261011,44,GIN,bsc,direct,0,0.0,0.1,923,7,0.02441649332783461,0.007583965330444204,0.003678443622794455,0.01557129822992246
pooled_snapshot,selectivestream_r01_20261011,44,GIN,bsc,direct,1,0.1,0.2,0,0,,,,
pooled_snapshot,selectivestream_r01_20261011,44,GIN,bsc,direct,2,0.2,0.3,0,0,,,,
pooled_snapshot,selectivestream_r01_20261011,44,GIN,bsc,direct,3,0.3,0.4,0,0,,,,
pooled_snapshot,selectivestream_r01_20261011,44,GIN,bsc,direct,4,0.4,0.5,0,0,,,,
pooled_snapshot,selectivestream_r01_20261011,44,GIN,bsc,direct,5,0.5,0.6,0,0,,,,
pooled_snapshot,selectivestream_r01_20261011,44,GIN,bsc,direct,6,0.6,0.7,0,0,,,,
pooled_snapshot,selectivestream_r01_20261011,44,GIN,bsc,direct,7,0.7,0.8,0,0,,,,
pooled_snapshot,selectivestream_r01_20261011,44,GIN,bsc,direct,8,0.8,0.9,0,0,,,,
pooled_snapshot,selectivestream_r01_20261011,44,GIN,bsc,direct,9,0.9,1.0,2,0,0.9943910199031263,0.0,0.0,0.6576197724933345
pooled_snapshot,selectivestream_r01_20261011,44,GIN,bsc,escalated,0,0.0,0.1,136,2,0.03722600181828919,0.014705882352941176,0.004042191463735936,0.052031728865916144
pooled_snapshot,selectivestream_r01_20261011,44,GIN,bsc,escalated,1,0.1,0.2,26,5,0.1470384428231379,0.19230769230769232,0.08507061148942596,0.37876257119316425
pooled_snapshot,selectivestream_r01_20261011,44,GIN,bsc,escalated,2,0.2,0.3,21,6,0.24543561445711667,0.2857142857142857,0.1381386295212241,0.49956380716085
pooled_snapshot,selectivestream_r01_20261011,44,GIN,bsc,escalated,3,0.3,0.4,9,3,0.34306874345418775,0.3333333333333333,0.12058381838691423,0.6457978644195965
pooled_snapshot,selectivestream_r01_20261011,44,GIN,bsc,escalated,4,0.4,0.5,4,1,0.445734583446282,0.25,0.04558726080970238,0.6993581574175893
pooled_snapshot,selectivestream_r01_20261011,44,GIN,bsc,escalated,5,0.5,0.6,2,1,0.5703224720707807,0.5,0.09453120573423457,0.9054687942657654
pooled_snapshot,selectivestream_r01_20261011,44,GIN,bsc,escalated,6,0.6,0.7,1,0,0.636262871348011,0.0,0.0,0.7934506856227534
pooled_snapshot,selectivestream_r01_20261011,44,GIN,bsc,escalated,7,0.7,0.8,0,0,,,,
pooled_snapshot,selectivestream_r01_20261011,44,GIN,bsc,escalated,8,0.8,0.9,0,0,,,,
pooled_snapshot,selectivestream_r01_20261011,44,GIN,bsc,escalated,9,0.9,1.0,1,0,0.9188670155769538,0.0,0.0,0.7934506856227534
pooled_snapshot,selectivestream_r01_20261011,44,GIN,ethereum,all,0,0.0,0.1,1978,22,0.025367234893606753,0.011122345803842264,0.007356467604419719,0.016783434509224752
pooled_snapshot,selectivestream_r01_20261011,44,GIN,ethereum,all,1,0.1,0.2,53,18,0.1372427339748283,0.33962264150943394,0.22687039101324435,0.47405213362451315
pooled_snapshot,selectivestream_r01_20261011,44,GIN,ethereum,all,2,0.2,0.3,49,29,0.2480449354313463,0.5918367346938775,0.45247319391847507,0.7178476147961282
pooled_snapshot,selectivestream_r01_20261011,44,GIN,ethereum,all,3,0.3,0.4,19,11,0.3321692734200015,0.5789473684210527,0.3627590353425557,0.7685810871754536
pooled_snapshot,selectivestream_r01_20261011,44,GIN,ethereum,all,4,0.4,0.5,10,4,0.45075353711342087,0.4,0.1681803297062402,0.6873262302663353
pooled_snapshot,selectivestream_r01_20261011,44,GIN,ethereum,all,5,0.5,0.6,5,1,0.5242873089517295,0.2,0.036224108632431695,0.6244653702374652
pooled_snapshot,selectivestream_r01_20261011,44,GIN,ethereum,all,6,0.6,0.7,1,0,0.6976482536665974,0.0,0.0,0.7934506856227534
pooled_snapshot,selectivestream_r01_20261011,44,GIN,ethereum,all,7,0.7,0.8,1,1,0.7804159875047866,1.0,0.20654931437724644,0.9999999999999999
pooled_snapshot,selectivestream_r01_20261011,44,GIN,ethereum,all,8,0.8,0.9,0,0,,,,
pooled_snapshot,selectivestream_r01_20261011,44,GIN,ethereum,all,9,0.9,1.0,54,50,0.957345416209464,0.9259259259259259,0.8244588416140041,0.9708184722344945
pooled_snapshot,selectivestream_r01_20261011,44,GIN,ethereum,direct,0,0.0,0.1,1769,16,0.023817785454255645,0.009044657998869417,0.0055749636453277475,0.014641992948487413
pooled_snapshot,selectivestream_r01_20261011,44,GIN,ethereum,direct,1,0.1,0.2,0,0,,,,
pooled_snapshot,selectivestream_r01_20261011,44,GIN,ethereum,direct,2,0.2,0.3,0,0,,,,
pooled_snapshot,selectivestream_r01_20261011,44,GIN,ethereum,direct,3,0.3,0.4,0,0,,,,
pooled_snapshot,selectivestream_r01_20261011,44,GIN,ethereum,direct,4,0.4,0.5,0,0,,,,
pooled_snapshot,selectivestream_r01_20261011,44,GIN,ethereum,direct,5,0.5,0.6,0,0,,,,
pooled_snapshot,selectivestream_r01_20261011,44,GIN,ethereum,direct,6,0.6,0.7,0,0,,,,
pooled_snapshot,selectivestream_r01_20261011,44,GIN,ethereum,direct,7,0.7,0.8,0,0,,,,
pooled_snapshot,selectivestream_r01_20261011,44,GIN,ethereum,direct,8,0.8,0.9,0,0,,,,
pooled_snapshot,selectivestream_r01_20261011,44,GIN,ethereum,direct,9,0.9,1.0,24,20,0.9938588153196398,0.8333333333333334,0.6414692935030154,0.9332132367136688
pooled_snapshot,selectivestream_r01_20261011,44,GIN,ethereum,escalated,0,0.0,0.1,209,6,0.038481952875482915,0.028708133971291867,0.013222220543706066,0.061206224499227906
pooled_snapshot,selectivestream_r01_20261011,44,GIN,ethereum,escalated,1,0.1,0.2,53,18,0.1372427339748283,0.33962264150943394,0.22687039101324435,0.47405213362451315
pooled_snapshot,selectivestream_r01_20261011,44,GIN,ethereum,escalated,2,0.2,0.3,49,29,0.2480449354313463,0.5918367346938775,0.45247319391847507,0.7178476147961282
pooled_snapshot,selectivestream_r01_20261011,44,GIN,ethereum,escalated,3,0.3,0.4,19,11,0.3321692734200015,0.5789473684210527,0.3627590353425557,0.7685810871754536
pooled_snapshot,selectivestream_r01_20261011,44,GIN,ethereum,escalated,4,0.4,0.5,10,4,0.45075353711342087,0.4,0.1681803297062402,0.6873262302663353
pooled_snapshot,selectivestream_r01_20261011,44,GIN,ethereum,escalated,5,0.5,0.6,5,1,0.5242873089517295,0.2,0.036224108632431695,0.6244653702374652
pooled_snapshot,selectivestream_r01_20261011,44,GIN,ethereum,escalated,6,0.6,0.7,1,0,0.6976482536665974,0.0,0.0,0.7934506856227534
pooled_snapshot,selectivestream_r01_20261011,44,GIN,ethereum,escalated,7,0.7,0.8,1,1,0.7804159875047866,1.0,0.20654931437724644,0.9999999999999999
pooled_snapshot,selectivestream_r01_20261011,44,GIN,ethereum,escalated,8,0.8,0.9,0,0,,,,
pooled_snapshot,selectivestream_r01_20261011,44,GIN,ethereum,escalated,9,0.9,1.0,30,30,0.928134696921323,1.0,0.8864866068260369,1.0
pooled_snapshot,selectivestream_r01_20261011,44,GIN,polygon,all,0,0.0,0.1,336,0,0.029132931840506207,0.0,0.0,0.01130367917447274
pooled_snapshot,selectivestream_r01_20261011,44,GIN,polygon,all,1,0.1,0.2,7,0,0.1364966650464061,0.0,0.0,0.35433043506667483
pooled_snapshot,selectivestream_r01_20261011,44,GIN,polygon,all,2,0.2,0.3,3,0,0.26311151334906896,0.0,0.0,0.561497031755032
pooled_snapshot,selectivestream_r01_20261011,44,GIN,polygon,all,3,0.3,0.4,2,0,0.3780394874367444,0.0,0.0,0.6576197724933345
pooled_snapshot,selectivestream_r01_20261011,44,GIN,polygon,all,4,0.4,0.5,2,0,0.48814464301275895,0.0,0.0,0.6576197724933345
pooled_snapshot,selectivestream_r01_20261011,44,GIN,polygon,all,5,0.5,0.6,2,0,0.5356481384268197,0.0,0.0,0.6576197724933345
pooled_snapshot,selectivestream_r01_20261011,44,GIN,polygon,all,6,0.6,0.7,0,0,,,,
pooled_snapshot,selectivestream_r01_20261011,44,GIN,polygon,all,7,0.7,0.8,0,0,,,,
pooled_snapshot,selectivestream_r01_20261011,44,GIN,polygon,all,8,0.8,0.9,0,0,,,,
pooled_snapshot,selectivestream_r01_20261011,44,GIN,polygon,all,9,0.9,1.0,1,0,0.9930413241101066,0.0,0.0,0.7934506856227534
pooled_snapshot,selectivestream_r01_20261011,44,GIN,polygon,direct,0,0.0,0.1,280,0,0.029355342392468703,0.0,0.0,0.013533818620628671
pooled_snapshot,selectivestream_r01_20261011,44,GIN,polygon,direct,1,0.1,0.2,0,0,,,,
pooled_snapshot,selectivestream_r01_20261011,44,GIN,polygon,direct,2,0.2,0.3,0,0,,,,
pooled_snapshot,selectivestream_r01_20261011,44,GIN,polygon,direct,3,0.3,0.4,0,0,,,,
pooled_snapshot,selectivestream_r01_20261011,44,GIN,polygon,direct,4,0.4,0.5,0,0,,,,
pooled_snapshot,selectivestream_r01_20261011,44,GIN,polygon,direct,5,0.5,0.6,0,0,,,,
pooled_snapshot,selectivestream_r01_20261011,44,GIN,polygon,direct,6,0.6,0.7,0,0,,,,
pooled_snapshot,selectivestream_r01_20261011,44,GIN,polygon,direct,7,0.7,0.8,0,0,,,,
pooled_snapshot,selectivestream_r01_20261011,44,GIN,polygon,direct,8,0.8,0.9,0,0,,,,
pooled_snapshot,selectivestream_r01_20261011,44,GIN,polygon,direct,9,0.9,1.0,1,0,0.9930413241101066,0.0,0.0,0.7934506856227534
pooled_snapshot,selectivestream_r01_20261011,44,GIN,polygon,escalated,0,0.0,0.1,56,0,0.02802087908069371,0.0,0.0,0.0641939367187601
pooled_snapshot,selectivestream_r01_20261011,44,GIN,polygon,escalated,1,0.1,0.2,7,0,0.1364966650464061,0.0,0.0,0.35433043506667483
pooled_snapshot,selectivestream_r01_20261011,44,GIN,polygon,escalated,2,0.2,0.3,3,0,0.26311151334906896,0.0,0.0,0.561497031755032
pooled_snapshot,selectivestream_r01_20261011,44,GIN,polygon,escalated,3,0.3,0.4,2,0,0.3780394874367444,0.0,0.0,0.6576197724933345
pooled_snapshot,selectivestream_r01_20261011,44,GIN,polygon,escalated,4,0.4,0.5,2,0,0.48814464301275895,0.0,0.0,0.6576197724933345
pooled_snapshot,selectivestream_r01_20261011,44,GIN,polygon,escalated,5,0.5,0.6,2,0,0.5356481384268197,0.0,0.0,0.6576197724933345
pooled_snapshot,selectivestream_r01_20261011,44,GIN,polygon,escalated,6,0.6,0.7,0,0,,,,
pooled_snapshot,selectivestream_r01_20261011,44,GIN,polygon,escalated,7,0.7,0.8,0,0,,,,
pooled_snapshot,selectivestream_r01_20261011,44,GIN,polygon,escalated,8,0.8,0.9,0,0,,,,
pooled_snapshot,selectivestream_r01_20261011,44,GIN,polygon,escalated,9,0.9,1.0,0,0,,,,
pooled_snapshot,selectivestream_r01_20261011,55,GIN,pooled,all,0,0.0,0.1,3388,33,0.02198051150966592,0.00974025974025974,0.006944050404712698,0.01364696473223212
pooled_snapshot,selectivestream_r01_20261011,55,GIN,pooled,all,1,0.1,0.2,72,18,0.14307029491189263,0.25,0.16439051225479145,0.3609350740434361
pooled_snapshot,selectivestream_r01_20261011,55,GIN,pooled,all,2,0.2,0.3,63,31,0.25144035766509026,0.49206349206349204,0.3726680881398497,0.6123711372504494
pooled_snapshot,selectivestream_r01_20261011,55,GIN,pooled,all,3,0.3,0.4,40,20,0.33715340688690404,0.5,0.3519952693346575,0.6480047306653425
pooled_snapshot,selectivestream_r01_20261011,55,GIN,pooled,all,4,0.4,0.5,12,4,0.42615428525293514,0.3333333333333333,0.13812009109121645,0.6093779111271937
pooled_snapshot,selectivestream_r01_20261011,55,GIN,pooled,all,5,0.5,0.6,11,2,0.5252025940748888,0.18181818181818182,0.051367689746086714,0.4769805619608358
pooled_snapshot,selectivestream_r01_20261011,55,GIN,pooled,all,6,0.6,0.7,2,1,0.6638309473268162,0.5,0.09453120573423457,0.9054687942657654
pooled_snapshot,selectivestream_r01_20261011,55,GIN,pooled,all,7,0.7,0.8,0,0,,,,
pooled_snapshot,selectivestream_r01_20261011,55,GIN,pooled,all,8,0.8,0.9,29,28,0.8476950584362613,0.9655172413793104,0.8282447812068028,0.9938867857072371
pooled_snapshot,selectivestream_r01_20261011,55,GIN,pooled,all,9,0.9,1.0,31,24,0.9823328404593563,0.7741935483870968,0.6018758161665846,0.8860486443873729
pooled_snapshot,selectivestream_r01_20261011,55,GIN,pooled,direct,0,0.0,0.1,2940,24,0.020472446408618693,0.00816326530612245,0.0054918672245864875,0.01211827229748603
pooled_snapshot,selectivestream_r01_20261011,55,GIN,pooled,direct,1,0.1,0.2,0,0,,,,
pooled_snapshot,selectivestream_r01_20261011,55,GIN,pooled,direct,2,0.2,0.3,0,0,,,,
pooled_snapshot,selectivestream_r01_20261011,55,GIN,pooled,direct,3,0.3,0.4,0,0,,,,
pooled_snapshot,selectivestream_r01_20261011,55,GIN,pooled,direct,4,0.4,0.5,0,0,,,,
pooled_snapshot,selectivestream_r01_20261011,55,GIN,pooled,direct,5,0.5,0.6,0,0,,,,
pooled_snapshot,selectivestream_r01_20261011,55,GIN,pooled,direct,6,0.6,0.7,0,0,,,,
pooled_snapshot,selectivestream_r01_20261011,55,GIN,pooled,direct,7,0.7,0.8,0,0,,,,
pooled_snapshot,selectivestream_r01_20261011,55,GIN,pooled,direct,8,0.8,0.9,2,2,0.8878777150334862,1.0,0.34238022750666547,1.0
pooled_snapshot,selectivestream_r01_20261011,55,GIN,pooled,direct,9,0.9,1.0,31,24,0.9823328404593563,0.7741935483870968,0.6018758161665846,0.8860486443873729
pooled_snapshot,selectivestream_r01_20261011,55,GIN,pooled,escalated,0,0.0,0.1,448,9,0.031877188735288324,0.020089285714285716,0.010604323998919748,0.037734442606739055
pooled_snapshot,selectivestream_r01_20261011,55,GIN,pooled,escalated,1,0.1,0.2,72,18,0.14307029491189263,0.25,0.16439051225479145,0.3609350740434361
pooled_snapshot,selectivestream_r01_20261011,55,GIN,pooled,escalated,2,0.2,0.3,63,31,0.25144035766509026,0.49206349206349204,0.3726680881398497,0.6123711372504494
pooled_snapshot,selectivestream_r01_20261011,55,GIN,pooled,escalated,3,0.3,0.4,40,20,0.33715340688690404,0.5,0.3519952693346575,0.6480047306653425
pooled_snapshot,selectivestream_r01_20261011,55,GIN,pooled,escalated,4,0.4,0.5,12,4,0.42615428525293514,0.3333333333333333,0.13812009109121645,0.6093779111271937
pooled_snapshot,selectivestream_r01_20261011,55,GIN,pooled,escalated,5,0.5,0.6,11,2,0.5252025940748888,0.18181818181818182,0.051367689746086714,0.4769805619608358
pooled_snapshot,selectivestream_r01_20261011,55,GIN,pooled,escalated,6,0.6,0.7,2,1,0.6638309473268162,0.5,0.09453120573423457,0.9054687942657654
pooled_snapshot,selectivestream_r01_20261011,55,GIN,pooled,escalated,7,0.7,0.8,0,0,,,,
pooled_snapshot,selectivestream_r01_20261011,55,GIN,pooled,escalated,8,0.8,0.9,27,26,0.8447185653549854,0.9629629629629629,0.8171653406642474,0.9934318540192146
pooled_snapshot,selectivestream_r01_20261011,55,GIN,pooled,escalated,9,0.9,1.0,0,0,,,,
pooled_snapshot,selectivestream_r01_20261011,55,GIN,bsc,all,0,0.0,0.1,1068,10,0.022326768789991458,0.009363295880149813,0.00509381471544843,0.017149641743985186
pooled_snapshot,selectivestream_r01_20261011,55,GIN,bsc,all,1,0.1,0.2,22,4,0.14575028095235953,0.18181818181818182,0.07306884583422235,0.3851660743712593
pooled_snapshot,selectivestream_r01_20261011,55,GIN,bsc,all,2,0.2,0.3,19,7,0.2660581540577991,0.3684210526315789,0.1914951274513543,0.5896046683519636
pooled_snapshot,selectivestream_r01_20261011,55,GIN,bsc,all,3,0.3,0.4,7,1,0.33719868595597474,0.14285714285714285,0.025679624344744578,0.5131278292743089
pooled_snapshot,selectivestream_r01_20261011,55,GIN,bsc,all,4,0.4,0.5,2,1,0.4209656162572435,0.5,0.09453120573423457,0.9054687942657654
pooled_snapshot,selectivestream_r01_20261011,55,GIN,bsc,all,5,0.5,0.6,3,1,0.5077542150105286,0.3333333333333333,0.061491944720398706,0.7923403991979452
pooled_snapshot,selectivestream_r01_20261011,55,GIN,bsc,all,6,0.6,0.7,0,0,,,,
pooled_snapshot,selectivestream_r01_20261011,55,GIN,bsc,all,7,0.7,0.8,0,0,,,,
pooled_snapshot,selectivestream_r01_20261011,55,GIN,bsc,all,8,0.8,0.9,1,0,0.8008568561460596,0.0,0.0,0.7934506856227534
pooled_snapshot,selectivestream_r01_20261011,55,GIN,bsc,all,9,0.9,1.0,3,1,0.9622461922863236,0.3333333333333333,0.061491944720398706,0.7923403991979452
pooled_snapshot,selectivestream_r01_20261011,55,GIN,bsc,direct,0,0.0,0.1,929,8,0.020258805656013408,0.008611410118406888,0.00436987046769422,0.016900044835789024
pooled_snapshot,selectivestream_r01_20261011,55,GIN,bsc,direct,1,0.1,0.2,0,0,,,,
pooled_snapshot,selectivestream_r01_20261011,55,GIN,bsc,direct,2,0.2,0.3,0,0,,,,
pooled_snapshot,selectivestream_r01_20261011,55,GIN,bsc,direct,3,0.3,0.4,0,0,,,,
pooled_snapshot,selectivestream_r01_20261011,55,GIN,bsc,direct,4,0.4,0.5,0,0,,,,
pooled_snapshot,selectivestream_r01_20261011,55,GIN,bsc,direct,5,0.5,0.6,0,0,,,,
pooled_snapshot,selectivestream_r01_20261011,55,GIN,bsc,direct,6,0.6,0.7,0,0,,,,
pooled_snapshot,selectivestream_r01_20261011,55,GIN,bsc,direct,7,0.7,0.8,0,0,,,,
pooled_snapshot,selectivestream_r01_20261011,55,GIN,bsc,direct,8,0.8,0.9,0,0,,,,
pooled_snapshot,selectivestream_r01_20261011,55,GIN,bsc,direct,9,0.9,1.0,3,1,0.9622461922863236,0.3333333333333333,0.061491944720398706,0.7923403991979452
pooled_snapshot,selectivestream_r01_20261011,55,GIN,bsc,escalated,0,0.0,0.1,139,2,0.03614790369262177,0.014388489208633094,0.0039547524369521435,0.0509414862701668
pooled_snapshot,selectivestream_r01_20261011,55,GIN,bsc,escalated,1,0.1,0.2,22,4,0.14575028095235953,0.18181818181818182,0.07306884583422235,0.3851660743712593
pooled_snapshot,selectivestream_r01_20261011,55,GIN,bsc,escalated,2,0.2,0.3,19,7,0.2660581540577991,0.3684210526315789,0.1914951274513543,0.5896046683519636
pooled_snapshot,selectivestream_r01_20261011,55,GIN,bsc,escalated,3,0.3,0.4,7,1,0.33719868595597474,0.14285714285714285,0.025679624344744578,0.5131278292743089
pooled_snapshot,selectivestream_r01_20261011,55,GIN,bsc,escalated,4,0.4,0.5,2,1,0.4209656162572435,0.5,0.09453120573423457,0.9054687942657654
pooled_snapshot,selectivestream_r01_20261011,55,GIN,bsc,escalated,5,0.5,0.6,3,1,0.5077542150105286,0.3333333333333333,0.061491944720398706,0.7923403991979452
pooled_snapshot,selectivestream_r01_20261011,55,GIN,bsc,escalated,6,0.6,0.7,0,0,,,,
pooled_snapshot,selectivestream_r01_20261011,55,GIN,bsc,escalated,7,0.7,0.8,0,0,,,,
pooled_snapshot,selectivestream_r01_20261011,55,GIN,bsc,escalated,8,0.8,0.9,1,0,0.8008568561460596,0.0,0.0,0.7934506856227534
pooled_snapshot,selectivestream_r01_20261011,55,GIN,bsc,escalated,9,0.9,1.0,0,0,,,,
pooled_snapshot,selectivestream_r01_20261011,55,GIN,ethereum,all,0,0.0,0.1,1980,23,0.021254811483335842,0.011616161616161616,0.007752875842238923,0.01737083482480322
pooled_snapshot,selectivestream_r01_20261011,55,GIN,ethereum,all,1,0.1,0.2,47,14,0.14154572031437807,0.2978723404255319,0.18651250504605096,0.4397767391904567
pooled_snapshot,selectivestream_r01_20261011,55,GIN,ethereum,all,2,0.2,0.3,42,24,0.24628848031465728,0.5714285714285714,0.4220623987810498,0.708823488238136
pooled_snapshot,selectivestream_r01_20261011,55,GIN,ethereum,all,3,0.3,0.4,30,19,0.3387851205391556,0.6333333333333333,0.45513563654795347,0.7812607919389896
pooled_snapshot,selectivestream_r01_20261011,55,GIN,ethereum,all,4,0.4,0.5,7,3,0.4291987891421181,0.42857142857142855,0.15821985525147414,0.7495416354723365
pooled_snapshot,selectivestream_r01_20261011,55,GIN,ethereum,all,5,0.5,0.6,8,1,0.5317457362240239,0.125,0.02241749145005756,0.47088818221284356
pooled_snapshot,selectivestream_r01_20261011,55,GIN,ethereum,all,6,0.6,0.7,1,1,0.6961960817072923,1.0,0.20654931437724644,0.9999999999999999
pooled_snapshot,selectivestream_r01_20261011,55,GIN,ethereum,all,7,0.7,0.8,0,0,,,,
pooled_snapshot,selectivestream_r01_20261011,55,GIN,ethereum,all,8,0.8,0.9,28,28,0.8493678513751971,1.0,0.8793566952341603,1.0
pooled_snapshot,selectivestream_r01_20261011,55,GIN,ethereum,all,9,0.9,1.0,27,23,0.9842965385335783,0.8518518518518519,0.6752131457218759,0.9408407222375553
pooled_snapshot,selectivestream_r01_20261011,55,GIN,ethereum,direct,0,0.0,0.1,1749,16,0.01992849227522208,0.009148084619782733,0.0056387998537356186,0.014808833125466011
pooled_snapshot,selectivestream_r01_20261011,55,GIN,ethereum,direct,1,0.1,0.2,0,0,,,,
pooled_snapshot,selectivestream_r01_20261011,55,GIN,ethereum,direct,2,0.2,0.3,0,0,,,,
pooled_snapshot,selectivestream_r01_20261011,55,GIN,ethereum,direct,3,0.3,0.4,0,0,,,,
pooled_snapshot,selectivestream_r01_20261011,55,GIN,ethereum,direct,4,0.4,0.5,0,0,,,,
pooled_snapshot,selectivestream_r01_20261011,55,GIN,ethereum,direct,5,0.5,0.6,0,0,,,,
pooled_snapshot,selectivestream_r01_20261011,55,GIN,ethereum,direct,6,0.6,0.7,0,0,,,,
pooled_snapshot,selectivestream_r01_20261011,55,GIN,ethereum,direct,7,0.7,0.8,0,0,,,,
pooled_snapshot,selectivestream_r01_20261011,55,GIN,ethereum,direct,8,0.8,0.9,2,2,0.8878777150334862,1.0,0.34238022750666547,1.0
pooled_snapshot,selectivestream_r01_20261011,55,GIN,ethereum,direct,9,0.9,1.0,27,23,0.9842965385335783,0.8518518518518519,0.6752131457218759,0.9408407222375553
pooled_snapshot,selectivestream_r01_20261011,55,GIN,ethereum,escalated,0,0.0,0.1,231,7,0.03129694263048287,0.030303030303030304,0.014754800857786094,0.06121755474879452
pooled_snapshot,selectivestream_r01_20261011,55,GIN,ethereum,escalated,1,0.1,0.2,47,14,0.14154572031437807,0.2978723404255319,0.18651250504605096,0.4397767391904567
pooled_snapshot,selectivestream_r01_20261011,55,GIN,ethereum,escalated,2,0.2,0.3,42,24,0.24628848031465728,0.5714285714285714,0.4220623987810498,0.708823488238136
pooled_snapshot,selectivestream_r01_20261011,55,GIN,ethereum,escalated,3,0.3,0.4,30,19,0.3387851205391556,0.6333333333333333,0.45513563654795347,0.7812607919389896
pooled_snapshot,selectivestream_r01_20261011,55,GIN,ethereum,escalated,4,0.4,0.5,7,3,0.4291987891421181,0.42857142857142855,0.15821985525147414,0.7495416354723365
pooled_snapshot,selectivestream_r01_20261011,55,GIN,ethereum,escalated,5,0.5,0.6,8,1,0.5317457362240239,0.125,0.02241749145005756,0.47088818221284356
pooled_snapshot,selectivestream_r01_20261011,55,GIN,ethereum,escalated,6,0.6,0.7,1,1,0.6961960817072923,1.0,0.20654931437724644,0.9999999999999999
pooled_snapshot,selectivestream_r01_20261011,55,GIN,ethereum,escalated,7,0.7,0.8,0,0,,,,
pooled_snapshot,selectivestream_r01_20261011,55,GIN,ethereum,escalated,8,0.8,0.9,26,26,0.8464055541707134,1.0,0.871271078140791,1.0
pooled_snapshot,selectivestream_r01_20261011,55,GIN,ethereum,escalated,9,0.9,1.0,0,0,,,,
pooled_snapshot,selectivestream_r01_20261011,55,GIN,polygon,all,0,0.0,0.1,340,0,0.025118991735389073,0.0,0.0,0.011172180439989216
pooled_snapshot,selectivestream_r01_20261011,55,GIN,polygon,all,1,0.1,0.2,3,0,0.14730206597619713,0.0,0.0,0.561497031755032
pooled_snapshot,selectivestream_r01_20261011,55,GIN,polygon,all,2,0.2,0.3,2,0,0.22076071629345156,0.0,0.0,0.6576197724933345
pooled_snapshot,selectivestream_r01_20261011,55,GIN,polygon,all,3,0.3,0.4,3,0,0.3207306192032234,0.0,0.0,0.561497031755032
pooled_snapshot,selectivestream_r01_20261011,55,GIN,polygon,all,4,0.4,0.5,3,0,0.4225095555086358,0.0,0.0,0.561497031755032
pooled_snapshot,selectivestream_r01_20261011,55,GIN,polygon,all,5,0.5,0.6,0,0,,,,
pooled_snapshot,selectivestream_r01_20261011,55,GIN,polygon,all,6,0.6,0.7,1,0,0.6314658129463403,0.0,0.0,0.7934506856227534
pooled_snapshot,selectivestream_r01_20261011,55,GIN,polygon,all,7,0.7,0.8,0,0,,,,
pooled_snapshot,selectivestream_r01_20261011,55,GIN,polygon,all,8,0.8,0.9,0,0,,,,
pooled_snapshot,selectivestream_r01_20261011,55,GIN,polygon,all,9,0.9,1.0,1,0,0.9895729369744578,0.0,0.0,0.7934506856227534
pooled_snapshot,selectivestream_r01_20261011,55,GIN,polygon,direct,0,0.0,0.1,262,0,0.024861179379920183,0.0,0.0,0.01445018710676321
pooled_snapshot,selectivestream_r01_20261011,55,GIN,polygon,direct,1,0.1,0.2,0,0,,,,
pooled_snapshot,selectivestream_r01_20261011,55,GIN,polygon,direct,2,0.2,0.3,0,0,,,,
pooled_snapshot,selectivestream_r01_20261011,55,GIN,polygon,direct,3,0.3,0.4,0,0,,,,
pooled_snapshot,selectivestream_r01_20261011,55,GIN,polygon,direct,4,0.4,0.5,0,0,,,,
pooled_snapshot,selectivestream_r01_20261011,55,GIN,polygon,direct,5,0.5,0.6,0,0,,,,
pooled_snapshot,selectivestream_r01_20261011,55,GIN,polygon,direct,6,0.6,0.7,0,0,,,,
pooled_snapshot,selectivestream_r01_20261011,55,GIN,polygon,direct,7,0.7,0.8,0,0,,,,
pooled_snapshot,selectivestream_r01_20261011,55,GIN,polygon,direct,8,0.8,0.9,0,0,,,,
pooled_snapshot,selectivestream_r01_20261011,55,GIN,polygon,direct,9,0.9,1.0,1,0,0.9895729369744578,0.0,0.0,0.7934506856227534
pooled_snapshot,selectivestream_r01_20261011,55,GIN,polygon,escalated,0,0.0,0.1,78,0,0.02598497682683588,0.0,0.0,0.046937809712191816
pooled_snapshot,selectivestream_r01_20261011,55,GIN,polygon,escalated,1,0.1,0.2,3,0,0.14730206597619713,0.0,0.0,0.561497031755032
pooled_snapshot,selectivestream_r01_20261011,55,GIN,polygon,escalated,2,0.2,0.3,2,0,0.22076071629345156,0.0,0.0,0.6576197724933345
pooled_snapshot,selectivestream_r01_20261011,55,GIN,polygon,escalated,3,0.3,0.4,3,0,0.3207306192032234,0.0,0.0,0.561497031755032
pooled_snapshot,selectivestream_r01_20261011,55,GIN,polygon,escalated,4,0.4,0.5,3,0,0.4225095555086358,0.0,0.0,0.561497031755032
pooled_snapshot,selectivestream_r01_20261011,55,GIN,polygon,escalated,5,0.5,0.6,0,0,,,,
pooled_snapshot,selectivestream_r01_20261011,55,GIN,polygon,escalated,6,0.6,0.7,1,0,0.6314658129463403,0.0,0.0,0.7934506856227534
pooled_snapshot,selectivestream_r01_20261011,55,GIN,polygon,escalated,7,0.7,0.8,0,0,,,,
pooled_snapshot,selectivestream_r01_20261011,55,GIN,polygon,escalated,8,0.8,0.9,0,0,,,,
pooled_snapshot,selectivestream_r01_20261011,55,GIN,polygon,escalated,9,0.9,1.0,0,0,,,,
